date,actual,Hybrid
2018-12-01 00:00:00,3.35,3.535393
2018-12-01 00:15:00,3.89,3.80468
2018-12-01 00:30:00,3.85,3.8724122
2018-12-01 00:45:00,3.89,3.8355377
2018-12-01 01:00:00,3.89,3.4552917
2018-12-01 01:15:00,4.03,3.675681
2018-12-01 01:30:00,3.89,3.6312528
2018-12-01 01:45:00,3.92,3.6468682
2018-12-01 02:00:00,3.92,3.7619245
2018-12-01 02:15:00,3.96,3.818187
2018-12-01 02:30:00,4.03,3.7799845
2018-12-01 02:45:00,4.14,3.7849798
2018-12-01 03:00:00,5.08,3.7149527
2018-12-01 03:15:00,4.72,3.7508254
2018-12-01 03:30:00,3.96,3.7325091
2018-12-01 03:45:00,3.92,3.8217013
2018-12-01 04:00:00,3.35,4.0343056
2018-12-01 04:15:00,3.28,4.0277653
2018-12-01 04:30:00,3.35,3.670347
2018-12-01 04:45:00,3.24,3.6508982
2018-12-01 05:00:00,3.31,3.3077161
2018-12-01 05:15:00,3.31,3.2493165
2018-12-01 05:30:00,3.28,3.2842247
2018-12-01 05:45:00,3.28,3.3211615
2018-12-01 06:00:00,3.2,3.3468726
2018-12-01 06:15:00,3.46,3.3508751
2018-12-01 06:30:00,4.03,3.3527448
2018-12-01 06:45:00,3.89,3.3827646
2018-12-01 07:00:00,3.89,3.3653877
2018-12-01 07:15:00,4.46,3.4159257
2018-12-01 07:30:00,3.67,3.5452259
2018-12-01 07:45:00,3.46,3.5457463
2018-12-01 08:00:00,3.46,3.7498405
2018-12-01 08:15:00,3.71,27.79194
2018-12-01 08:30:00,4.72,31.940254
2018-12-01 08:45:00,4.46,33.30871
2018-12-01 09:00:00,5.22,32.768017
2018-12-01 09:15:00,28.58,15.482637
2018-12-01 09:30:00,30.56,13.40459
2018-12-01 09:45:00,28.08,13.536411
2018-12-01 10:00:00,28.58,10.182699
2018-12-01 10:15:00,28.73,38.247345
2018-12-01 10:30:00,29.56,39.890602
2018-12-01 10:45:00,30.06,31.395329
2018-12-01 11:00:00,29.2,33.65922
2018-12-01 11:15:00,27.94,35.326794
2018-12-01 11:30:00,27.94,37.34719
2018-12-01 11:45:00,25.63,37.402508
2018-12-01 12:00:00,3.64,32.94817
2018-12-01 12:15:00,3.85,6.0390596
2018-12-01 12:30:00,3.71,5.772148
2018-12-01 12:45:00,3.74,5.6015973
2018-12-01 13:00:00,3.71,4.479125
2018-12-01 13:15:00,11.3,15.320734
2018-12-01 13:30:00,27.29,34.06565
2018-12-01 13:45:00,26.86,36.0416
2018-12-01 14:00:00,25.31,11.195249
2018-12-01 14:15:00,26.21,37.540936
2018-12-01 14:30:00,26.28,34.75818
2018-12-01 14:45:00,18.68,32.054554
2018-12-01 15:00:00,5.18,30.736284
2018-12-01 15:15:00,5.08,30.860643
2018-12-01 15:30:00,4.75,31.826223
2018-12-01 15:45:00,4.75,21.300726
2018-12-01 16:00:00,4.72,8.272025
2018-12-01 16:15:00,4.64,8.321389
2018-12-01 16:30:00,4.72,5.874133
2018-12-01 16:45:00,4.68,5.25996
2018-12-01 17:00:00,4.64,4.7302656
2018-12-01 17:15:00,4.79,4.776798
2018-12-01 17:30:00,4.75,4.3325253
2018-12-01 17:45:00,4.72,4.3256702
2018-12-01 18:00:00,4.68,4.2589254
2018-12-01 18:15:00,5.76,4.2840886
2018-12-01 18:30:00,5.4,4.3219233
2018-12-01 18:45:00,4.79,4.5669436
2018-12-01 19:00:00,4.79,4.2512326
2018-12-01 19:15:00,4.79,4.542098
2018-12-01 19:30:00,4.79,4.395381
2018-12-01 19:45:00,4.9,4.6729164
2018-12-01 20:00:00,4.75,4.7439404
2018-12-01 20:15:00,4.79,4.205958
2018-12-01 20:30:00,4.75,4.475335
2018-12-01 20:45:00,4.82,4.436253
2018-12-01 21:00:00,4.82,4.571366
2018-12-01 21:15:00,4.75,4.4936557
2018-12-01 21:30:00,4.79,4.1882086
2018-12-01 21:45:00,4.79,4.1545906
2018-12-01 22:00:00,4.9,4.0260415
2018-12-01 22:15:00,5.76,4.03768
2018-12-01 22:30:00,4.61,3.9933946
2018-12-01 22:45:00,3.42,4.0200405
2018-12-01 23:00:00,3.42,3.8107688
2018-12-01 23:15:00,3.28,3.815906
2018-12-01 23:30:00,3.38,3.6546
2018-12-01 23:45:00,3.31,3.1770246
2018-12-02 00:00:00,4.36,3.2120433
2018-12-02 00:15:00,3.35,3.1243546
2018-12-02 00:30:00,3.35,3.253081
2018-12-02 00:45:00,3.38,3.203731
2018-12-02 01:00:00,3.89,3.1723783
2018-12-02 01:15:00,4.46,3.1087985
2018-12-02 01:30:00,4.43,3.2091746
2018-12-02 01:45:00,4.14,3.2086825
2018-12-02 02:00:00,3.46,3.3861396
2018-12-02 02:15:00,3.38,3.34234
2018-12-02 02:30:00,3.38,3.3006558
2018-12-02 02:45:00,3.38,3.4214785
2018-12-02 03:00:00,4.32,3.2775655
2018-12-02 03:15:00,4.64,3.2369308
2018-12-02 03:30:00,3.82,3.1995032
2018-12-02 03:45:00,3.46,3.2527025
2018-12-02 04:00:00,3.42,3.2309833
2018-12-02 04:15:00,3.46,3.3126457
2018-12-02 04:30:00,4.32,3.294501
2018-12-02 04:45:00,4.5,3.253001
2018-12-02 05:00:00,4.54,3.273567
2018-12-02 05:15:00,4.39,3.2946897
2018-12-02 05:30:00,3.35,3.467799
2018-12-02 05:45:00,3.46,3.3823102
2018-12-02 06:00:00,3.35,3.475481
2018-12-02 06:15:00,3.42,3.6781354
2018-12-02 06:30:00,3.42,3.2800438
2018-12-02 06:45:00,3.38,3.2651734
2018-12-02 07:00:00,3.46,3.1866438
2018-12-02 07:15:00,3.38,3.252764
2018-12-02 07:30:00,3.46,3.2662907
2018-12-02 07:45:00,3.46,3.3736773
2018-12-02 08:00:00,3.49,3.4090226
2018-12-02 08:15:00,4.57,3.5491297
2018-12-02 08:30:00,4.54,4.2055864
2018-12-02 08:45:00,5.54,4.3050647
2018-12-02 09:00:00,4.75,6.275056
2018-12-02 09:15:00,3.74,4.238154
2018-12-02 09:30:00,3.71,3.8655117
2018-12-02 09:45:00,3.6,4.7345943
2018-12-02 10:00:00,3.56,4.252562
2018-12-02 10:15:00,3.6,3.906256
2018-12-02 10:30:00,3.64,4.0367637
2018-12-02 10:45:00,3.64,3.7332826
2018-12-02 11:00:00,3.64,3.6999407
2018-12-02 11:15:00,3.64,3.631559
2018-12-02 11:30:00,3.56,3.6797955
2018-12-02 11:45:00,3.64,3.6847634
2018-12-02 12:00:00,4.03,3.588218
2018-12-02 12:15:00,4.86,3.813791
2018-12-02 12:30:00,4.75,3.6635041
2018-12-02 12:45:00,5.36,3.7948675
2018-12-02 13:00:00,4.9,3.72976
2018-12-02 13:15:00,3.78,3.9688187
2018-12-02 13:30:00,3.64,4.369832
2018-12-02 13:45:00,3.6,4.581329
2018-12-02 14:00:00,3.6,4.5906696
2018-12-02 14:15:00,3.6,4.04388
2018-12-02 14:30:00,3.56,3.8024101
2018-12-02 14:45:00,3.56,3.7800968
2018-12-02 15:00:00,3.64,3.7331884
2018-12-02 15:15:00,3.6,3.6444454
2018-12-02 15:30:00,3.56,3.6259558
2018-12-02 15:45:00,3.85,3.5773408
2018-12-02 16:00:00,4.68,3.6154
2018-12-02 16:15:00,4.72,3.766004
2018-12-02 16:30:00,4.72,3.7695396
2018-12-02 16:45:00,3.89,3.834143
2018-12-02 17:00:00,3.53,4.0701394
2018-12-02 17:15:00,3.6,3.8409374
2018-12-02 17:30:00,3.6,3.6909053
2018-12-02 17:45:00,3.74,3.6287007
2018-12-02 18:00:00,4.72,3.5645032
2018-12-02 18:15:00,3.89,3.566157
2018-12-02 18:30:00,3.53,3.5811818
2018-12-02 18:45:00,3.53,3.6963937
2018-12-02 19:00:00,3.56,3.4377112
2018-12-02 19:15:00,3.67,3.5192869
2018-12-02 19:30:00,3.56,3.317091
2018-12-02 19:45:00,4.39,3.3913038
2018-12-02 20:00:00,4.72,3.5937219
2018-12-02 20:15:00,4.68,3.7084217
2018-12-02 20:30:00,4.75,3.6974742
2018-12-02 20:45:00,3.71,3.5682716
2018-12-02 21:00:00,3.53,4.030741
2018-12-02 21:15:00,3.6,4.022974
2018-12-02 21:30:00,3.6,3.7434618
2018-12-02 21:45:00,3.6,3.5890179
2018-12-02 22:00:00,3.56,3.4756691
2018-12-02 22:15:00,4.07,3.409734
2018-12-02 22:30:00,4.32,3.3965592
2018-12-02 22:45:00,3.35,3.331644
2018-12-02 23:00:00,3.31,3.3195713
2018-12-02 23:15:00,3.31,3.232442
2018-12-02 23:30:00,3.28,3.1838865
2018-12-02 23:45:00,3.35,3.0742383
2018-12-03 00:00:00,4.57,5.279783
2018-12-03 00:15:00,4.43,3.2983954
2018-12-03 00:30:00,4.36,3.359717
2018-12-03 00:45:00,4.21,3.3409674
2018-12-03 01:00:00,3.35,3.4592464
2018-12-03 01:15:00,3.38,3.3481243
2018-12-03 01:30:00,3.35,3.4162462
2018-12-03 01:45:00,3.42,3.6854146
2018-12-03 02:00:00,3.49,3.4475038
2018-12-03 02:15:00,3.42,3.3357606
2018-12-03 02:30:00,3.38,3.3085408
2018-12-03 02:45:00,4.36,3.3341432
2018-12-03 03:00:00,4.14,3.3645244
2018-12-03 03:15:00,3.42,3.3639014
2018-12-03 03:30:00,3.38,3.3730197
2018-12-03 03:45:00,3.35,3.4041452
2018-12-03 04:00:00,3.35,3.4045794
2018-12-03 04:15:00,4.1,3.3368125
2018-12-03 04:30:00,4.43,3.2386448
2018-12-03 04:45:00,4.5,3.2436304
2018-12-03 05:00:00,3.78,3.37212
2018-12-03 05:15:00,3.31,3.2460825
2018-12-03 05:30:00,3.38,3.2080724
2018-12-03 05:45:00,3.31,3.2597563
2018-12-03 06:00:00,3.31,3.4079547
2018-12-03 06:15:00,3.35,3.2448678
2018-12-03 06:30:00,3.31,3.2410855
2018-12-03 06:45:00,3.24,3.3237658
2018-12-03 07:00:00,3.24,3.3758101
2018-12-03 07:15:00,4.21,3.4934795
2018-12-03 07:30:00,5.76,3.9719193
2018-12-03 07:45:00,5.98,4.6469674
2018-12-03 08:00:00,5.58,4.8516836
2018-12-03 08:15:00,34.99,43.47605
2018-12-03 08:30:00,56.84,67.33761
2018-12-03 08:45:00,61.06,69.27671
2018-12-03 09:00:00,57.89,72.68099
2018-12-03 09:15:00,70.49,69.75406
2018-12-03 09:30:00,50.11,62.333992
2018-12-03 09:45:00,66.38,64.75747
2018-12-03 10:00:00,56.88,57.8692
2018-12-03 10:15:00,47.09,64.71134
2018-12-03 10:30:00,55.8,63.621994
2018-12-03 10:45:00,66.89,66.84444
2018-12-03 11:00:00,62.89,68.03532
2018-12-03 11:15:00,63.79,59.860073
2018-12-03 11:30:00,58.1,65.80384
2018-12-03 11:45:00,54.5,61.793064
2018-12-03 12:00:00,35.35,63.307503
2018-12-03 12:15:00,6.34,8.004949
2018-12-03 12:30:00,5.76,6.297041
2018-12-03 12:45:00,6.3,6.049875
2018-12-03 13:00:00,6.19,6.4510813
2018-12-03 13:15:00,35.35,46.70898
2018-12-03 13:30:00,51.95,60.991142
2018-12-03 13:45:00,48.46,64.28475
2018-12-03 14:00:00,65.02,60.716053
2018-12-03 14:15:00,69.91,57.629787
2018-12-03 14:30:00,55.12,56.787037
2018-12-03 14:45:00,56.84,56.551617
2018-12-03 15:00:00,54.22,59.38541
2018-12-03 15:15:00,49.97,61.659897
2018-12-03 15:30:00,48.17,61.706623
2018-12-03 15:45:00,49.86,60.046455
2018-12-03 16:00:00,58.75,60.093857
2018-12-03 16:15:00,65.7,56.91606
2018-12-03 16:30:00,51.88,55.536
2018-12-03 16:45:00,57.2,54.96001
2018-12-03 17:00:00,76.03,54.70452
2018-12-03 17:15:00,72.18,58.46632
2018-12-03 17:30:00,61.42,55.072277
2018-12-03 17:45:00,36.61,32.931763
2018-12-03 18:00:00,29.56,30.74794
2018-12-03 18:15:00,34.13,43.36192
2018-12-03 18:30:00,42.26,57.418297
2018-12-03 18:45:00,56.81,58.742058
2018-12-03 19:00:00,43.02,56.202377
2018-12-03 19:15:00,47.74,52.037098
2018-12-03 19:30:00,39.17,45.536865
2018-12-03 19:45:00,43.67,52.124165
2018-12-03 20:00:00,50.44,46.448666
2018-12-03 20:15:00,46.22,50.610847
2018-12-03 20:30:00,45.36,44.760063
2018-12-03 20:45:00,50.11,38.09636
2018-12-03 21:00:00,25.45,23.520185
2018-12-03 21:15:00,8.6,7.4396167
2018-12-03 21:30:00,6.19,6.152256
2018-12-03 21:45:00,5.62,5.729503
2018-12-03 22:00:00,4.93,5.278334
2018-12-03 22:15:00,4.72,4.9782395
2018-12-03 22:30:00,4.75,4.8117437
2018-12-03 22:45:00,4.68,4.54737
2018-12-03 23:00:00,4.68,4.387669
2018-12-03 23:15:00,4.61,4.28632
2018-12-03 23:30:00,4.57,4.3033776
2018-12-03 23:45:00,4.61,4.2917466
2018-12-04 00:00:00,3.89,5.5842
2018-12-04 00:15:00,4.61,4.5021772
2018-12-04 00:30:00,4.57,4.42024
2018-12-04 00:45:00,4.61,4.3702083
2018-12-04 01:00:00,4.64,3.9595919
2018-12-04 01:15:00,5.04,4.347226
2018-12-04 01:30:00,5.8,4.3308024
2018-12-04 01:45:00,4.68,4.2874837
2018-12-04 02:00:00,3.6,4.166805
2018-12-04 02:15:00,3.56,4.3473225
2018-12-04 02:30:00,3.64,4.5648565
2018-12-04 02:45:00,3.67,4.362889
2018-12-04 03:00:00,3.64,3.8681023
2018-12-04 03:15:00,3.64,3.8366988
2018-12-04 03:30:00,3.71,3.5938044
2018-12-04 03:45:00,3.67,3.7100148
2018-12-04 04:00:00,3.71,3.6074955
2018-12-04 04:15:00,3.67,3.7200825
2018-12-04 04:30:00,3.6,3.704278
2018-12-04 04:45:00,4.36,3.6974752
2018-12-04 05:00:00,4.64,3.679728
2018-12-04 05:15:00,4.72,3.6916022
2018-12-04 05:30:00,5.44,3.6452525
2018-12-04 05:45:00,4.43,3.5257096
2018-12-04 06:00:00,3.64,3.647895
2018-12-04 06:15:00,3.56,3.7684102
2018-12-04 06:30:00,3.67,3.9809434
2018-12-04 06:45:00,3.64,3.989896
2018-12-04 07:00:00,3.56,3.686201
2018-12-04 07:15:00,3.56,3.7454953
2018-12-04 07:30:00,3.82,4.116659
2018-12-04 07:45:00,4.54,4.893939
2018-12-04 08:00:00,5.94,5.336765
2018-12-04 08:15:00,28.4,40.74492
2018-12-04 08:30:00,55.04,58.29815
2018-12-04 08:45:00,61.13,64.98402
2018-12-04 09:00:00,82.33,69.531136
2018-12-04 09:15:00,82.37,66.88177
2018-12-04 09:30:00,64.08,67.57915
2018-12-04 09:45:00,59.36,68.44726
2018-12-04 10:00:00,52.16,78.329315
2018-12-04 10:15:00,56.95,78.15942
2018-12-04 10:30:00,53.42,68.20138
2018-12-04 10:45:00,58.86,64.48957
2018-12-04 11:00:00,59.98,62.353977
2018-12-04 11:15:00,61.24,61.814
2018-12-04 11:30:00,84.1,59.442158
2018-12-04 11:45:00,63.86,59.422745
2018-12-04 12:00:00,49.86,58.731018
2018-12-04 12:15:00,6.91,7.77032
2018-12-04 12:30:00,7.38,6.2746463
2018-12-04 12:45:00,6.62,6.428835
2018-12-04 13:00:00,6.55,6.3945136
2018-12-04 13:15:00,32.51,57.255604
2018-12-04 13:30:00,57.28,72.49423
2018-12-04 13:45:00,55.51,60.994263
2018-12-04 14:00:00,56.12,60.60603
2018-12-04 14:15:00,58.82,58.65858
2018-12-04 14:30:00,52.88,62.383545
2018-12-04 14:45:00,53.46,60.962086
2018-12-04 15:00:00,62.96,59.65305
2018-12-04 15:15:00,64.62,60.184002
2018-12-04 15:30:00,60.01,59.237698
2018-12-04 15:45:00,55.66,56.75518
2018-12-04 16:00:00,53.82,59.36819
2018-12-04 16:15:00,71.86,60.589947
2018-12-04 16:30:00,60.73,61.318886
2018-12-04 16:45:00,68.22,61.604656
2018-12-04 17:00:00,80.46,62.237118
2018-12-04 17:15:00,61.52,67.94649
2018-12-04 17:30:00,71.1,61.31051
2018-12-04 17:45:00,35.21,38.467735
2018-12-04 18:00:00,30.31,31.82662
2018-12-04 18:15:00,43.56,43.134136
2018-12-04 18:30:00,40.97,65.072205
2018-12-04 18:45:00,38.56,61.11943
2018-12-04 19:00:00,41.65,60.542984
2018-12-04 19:15:00,49.07,54.23712
2018-12-04 19:30:00,40.46,49.14724
2018-12-04 19:45:00,48.64,43.46696
2018-12-04 20:00:00,49.75,41.70731
2018-12-04 20:15:00,48.89,48.17847
2018-12-04 20:30:00,37.84,44.591362
2018-12-04 20:45:00,30.67,44.841423
2018-12-04 21:00:00,5.08,17.001627
2018-12-04 21:15:00,5.69,7.864296
2018-12-04 21:30:00,5.44,6.346856
2018-12-04 21:45:00,5.4,5.8100166
2018-12-04 22:00:00,5.44,4.6036787
2018-12-04 22:15:00,5.26,4.659883
2018-12-04 22:30:00,4.64,4.5654216
2018-12-04 22:45:00,3.92,4.643993
2018-12-04 23:00:00,3.96,4.5791183
2018-12-04 23:15:00,3.92,4.5890718
2018-12-04 23:30:00,3.85,4.257739
2018-12-04 23:45:00,3.89,3.9718988
2018-12-05 00:00:00,3.96,5.90128
2018-12-05 00:15:00,3.89,4.1319146
2018-12-05 00:30:00,3.92,3.996916
2018-12-05 00:45:00,3.89,3.9446383
2018-12-05 01:00:00,3.96,3.9660048
2018-12-05 01:15:00,3.78,3.9795823
2018-12-05 01:30:00,3.85,3.9876997
2018-12-05 01:45:00,3.82,3.9568458
2018-12-05 02:00:00,3.82,3.901981
2018-12-05 02:15:00,3.85,3.842871
2018-12-05 02:30:00,4.64,3.9002912
2018-12-05 02:45:00,4.86,3.882227
2018-12-05 03:00:00,3.82,3.969939
2018-12-05 03:15:00,3.49,4.0662255
2018-12-05 03:30:00,3.13,4.0690203
2018-12-05 03:45:00,3.2,3.8955748
2018-12-05 04:00:00,3.13,3.6666372
2018-12-05 04:15:00,3.1,3.4635837
2018-12-05 04:30:00,3.17,3.223535
2018-12-05 04:45:00,3.06,3.4474962
2018-12-05 05:00:00,3.17,3.3957002
2018-12-05 05:15:00,3.06,3.4287345
2018-12-05 05:30:00,3.1,3.4551609
2018-12-05 05:45:00,3.02,3.418704
2018-12-05 06:00:00,3.1,3.4136615
2018-12-05 06:15:00,3.02,3.4081643
2018-12-05 06:30:00,4.61,3.4265153
2018-12-05 06:45:00,4.9,3.453821
2018-12-05 07:00:00,3.85,3.4999175
2018-12-05 07:15:00,3.49,3.614257
2018-12-05 07:30:00,3.2,4.064516
2018-12-05 07:45:00,4.32,4.8712673
2018-12-05 08:00:00,4.72,5.42027
2018-12-05 08:15:00,27.65,41.046066
2018-12-05 08:30:00,61.56,63.31833
2018-12-05 08:45:00,57.71,64.83385
2018-12-05 09:00:00,57.82,66.5748
2018-12-05 09:15:00,68.08,61.312634
2018-12-05 09:30:00,64.08,61.55742
2018-12-05 09:45:00,64.76,61.252438
2018-12-05 10:00:00,62.68,58.36607
2018-12-05 10:15:00,49.28,61.476814
2018-12-05 10:30:00,56.52,61.54072
2018-12-05 10:45:00,59.04,60.916
2018-12-05 11:00:00,66.85,62.572033
2018-12-05 11:15:00,68.83,61.89234
2018-12-05 11:30:00,60.3,60.330437
2018-12-05 11:45:00,53.21,61.74476
2018-12-05 12:00:00,40.97,57.275696
2018-12-05 12:15:00,10.69,7.7413793
2018-12-05 12:30:00,9.43,5.946326
2018-12-05 12:45:00,10.33,5.7620254
2018-12-05 13:00:00,26.68,6.6717806
2018-12-05 13:15:00,43.34,42.731388
2018-12-05 13:30:00,46.51,55.57378
2018-12-05 13:45:00,50.44,55.76347
2018-12-05 14:00:00,63.4,52.937027
2018-12-05 14:15:00,54.36,56.18157
2018-12-05 14:30:00,61.52,54.896404
2018-12-05 14:45:00,58.93,54.358578
2018-12-05 15:00:00,85.46,58.79715
2018-12-05 15:15:00,109.3,56.164608
2018-12-05 15:30:00,87.16,59.015232
2018-12-05 15:45:00,96.01,59.043488
2018-12-05 16:00:00,105.91,73.856316
2018-12-05 16:15:00,68.18,82.010124
2018-12-05 16:30:00,64.91,81.922386
2018-12-05 16:45:00,56.05,84.620575
2018-12-05 17:00:00,62.96,90.34459
2018-12-05 17:15:00,47.12,70.64343
2018-12-05 17:30:00,44.57,63.348278
2018-12-05 17:45:00,44.24,36.70278
2018-12-05 18:00:00,27.32,32.747356
2018-12-05 18:15:00,5.87,36.237823
2018-12-05 18:30:00,5.36,41.756733
2018-12-05 18:45:00,5.47,44.67318
2018-12-05 19:00:00,5.58,35.921623
2018-12-05 19:15:00,5.58,6.9413233
2018-12-05 19:30:00,5.47,5.5897565
2018-12-05 19:45:00,5.44,5.6843967
2018-12-05 20:00:00,5.44,6.0224953
2018-12-05 20:15:00,5.44,5.0106483
2018-12-05 20:30:00,5.51,4.9191713
2018-12-05 20:45:00,5.44,5.1278753
2018-12-05 21:00:00,4.82,5.068959
2018-12-05 21:15:00,4.28,5.026796
2018-12-05 21:30:00,4.25,4.5397453
2018-12-05 21:45:00,4.28,4.582112
2018-12-05 22:00:00,4.36,4.210247
2018-12-05 22:15:00,4.03,4.0734253
2018-12-05 22:30:00,4.0,3.9977221
2018-12-05 22:45:00,4.03,3.9554288
2018-12-05 23:00:00,4.0,4.0124836
2018-12-05 23:15:00,4.0,3.8677695
2018-12-05 23:30:00,3.92,3.829666
2018-12-05 23:45:00,4.0,3.8073466
2018-12-06 00:00:00,4.0,3.913722
2018-12-06 00:15:00,3.96,3.8351612
2018-12-06 00:30:00,4.79,3.828796
2018-12-06 00:45:00,5.18,3.826928
2018-12-06 01:00:00,4.03,3.8252776
2018-12-06 01:15:00,3.92,3.822131
2018-12-06 01:30:00,4.0,3.9075146
2018-12-06 01:45:00,3.92,3.974268
2018-12-06 02:00:00,4.07,3.7961218
2018-12-06 02:15:00,3.46,3.7275224
2018-12-06 02:30:00,3.28,3.7970562
2018-12-06 02:45:00,3.38,3.856991
2018-12-06 03:00:00,3.31,3.8014295
2018-12-06 03:15:00,3.35,3.5465257
2018-12-06 03:30:00,3.35,3.2637937
2018-12-06 03:45:00,3.38,3.3107545
2018-12-06 04:00:00,3.42,3.335525
2018-12-06 04:15:00,3.31,3.4031513
2018-12-06 04:30:00,4.61,3.3805914
2018-12-06 04:45:00,5.04,3.3210158
2018-12-06 05:00:00,4.07,3.3842885
2018-12-06 05:15:00,3.71,3.3330812
2018-12-06 05:30:00,3.31,3.4363382
2018-12-06 05:45:00,3.31,3.6143801
2018-12-06 06:00:00,3.38,3.5113657
2018-12-06 06:15:00,3.31,3.3465333
2018-12-06 06:30:00,3.28,3.305179
2018-12-06 06:45:00,3.31,3.3569338
2018-12-06 07:00:00,3.24,3.3902202
2018-12-06 07:15:00,3.28,3.3879313
2018-12-06 07:30:00,3.46,3.9729972
2018-12-06 07:45:00,4.21,4.766382
2018-12-06 08:00:00,6.44,4.8587418
2018-12-06 08:15:00,32.29,45.911533
2018-12-06 08:30:00,64.98,64.88523
2018-12-06 08:45:00,60.84,69.46497
2018-12-06 09:00:00,59.87,76.75675
2018-12-06 09:15:00,67.0,65.28245
2018-12-06 09:30:00,71.17,62.83556
2018-12-06 09:45:00,76.86,62.12301
2018-12-06 10:00:00,66.67,61.112415
2018-12-06 10:15:00,63.18,61.41057
2018-12-06 10:30:00,68.87,66.767555
2018-12-06 10:45:00,71.06,70.64456
2018-12-06 11:00:00,62.78,67.4992
2018-12-06 11:15:00,60.88,67.51053
2018-12-06 11:30:00,74.45,67.66281
2018-12-06 11:45:00,67.82,69.4838
2018-12-06 12:00:00,69.26,59.82071
2018-12-06 12:15:00,9.94,9.467651
2018-12-06 12:30:00,6.88,6.773267
2018-12-06 12:45:00,7.02,6.9116898
2018-12-06 13:00:00,6.95,7.459066
2018-12-06 13:15:00,35.78,43.875324
2018-12-06 13:30:00,61.78,72.79593
2018-12-06 13:45:00,60.8,63.96964
2018-12-06 14:00:00,71.78,67.22247
2018-12-06 14:15:00,72.11,57.0603
2018-12-06 14:30:00,68.22,60.878544
2018-12-06 14:45:00,73.44,60.770367
2018-12-06 15:00:00,56.88,70.27389
2018-12-06 15:15:00,50.29,69.38496
2018-12-06 15:30:00,48.78,65.76539
2018-12-06 15:45:00,48.96,69.73622
2018-12-06 16:00:00,49.97,63.22267
2018-12-06 16:15:00,62.28,62.19494
2018-12-06 16:30:00,47.95,58.891094
2018-12-06 16:45:00,57.35,53.845707
2018-12-06 17:00:00,47.77,54.131306
2018-12-06 17:15:00,48.6,55.13807
2018-12-06 17:30:00,57.46,50.259445
2018-12-06 17:45:00,31.86,30.51317
2018-12-06 18:00:00,31.61,31.67449
2018-12-06 18:15:00,36.61,40.6107
2018-12-06 18:30:00,40.07,47.003143
2018-12-06 18:45:00,37.87,47.608017
2018-12-06 19:00:00,47.23,47.639454
2018-12-06 19:15:00,53.03,45.755196
2018-12-06 19:30:00,38.63,43.779293
2018-12-06 19:45:00,37.51,39.810036
2018-12-06 20:00:00,38.3,43.171467
2018-12-06 20:15:00,54.36,46.42122
2018-12-06 20:30:00,38.84,42.471012
2018-12-06 20:45:00,27.72,38.32172
2018-12-06 21:00:00,8.86,15.715636
2018-12-06 21:15:00,5.51,6.7352743
2018-12-06 21:30:00,5.58,6.004656
2018-12-06 21:45:00,5.62,5.51082
2018-12-06 22:00:00,5.54,4.7532578
2018-12-06 22:15:00,5.26,4.4655066
2018-12-06 22:30:00,5.22,4.516176
2018-12-06 22:45:00,5.26,4.4660764
2018-12-06 23:00:00,4.18,4.4370418
2018-12-06 23:15:00,3.96,4.25194
2018-12-06 23:30:00,4.0,4.2035947
2018-12-06 23:45:00,4.0,4.2858496
2018-12-07 00:00:00,4.03,6.1400766
2018-12-07 00:15:00,3.96,3.9071577
2018-12-07 00:30:00,4.03,3.9219878
2018-12-07 00:45:00,4.03,3.9961193
2018-12-07 01:00:00,4.0,3.9378088
2018-12-07 01:15:00,4.03,3.8964972
2018-12-07 01:30:00,4.03,3.9599574
2018-12-07 01:45:00,4.03,3.8463693
2018-12-07 02:00:00,4.1,3.7310116
2018-12-07 02:15:00,4.0,3.7989314
2018-12-07 02:30:00,4.72,3.8401048
2018-12-07 02:45:00,4.79,3.873223
2018-12-07 03:00:00,4.14,3.9119704
2018-12-07 03:15:00,4.07,3.7622354
2018-12-07 03:30:00,4.03,3.7812045
2018-12-07 03:45:00,4.0,3.7194297
2018-12-07 04:00:00,3.42,3.6794462
2018-12-07 04:15:00,3.49,3.7121527
2018-12-07 04:30:00,3.46,3.8072782
2018-12-07 04:45:00,3.38,3.9563155
2018-12-07 05:00:00,3.42,3.443153
2018-12-07 05:15:00,3.42,3.4676747
2018-12-07 05:30:00,3.74,3.4655244
2018-12-07 05:45:00,4.07,3.4221509
2018-12-07 06:00:00,3.49,3.4500742
2018-12-07 06:15:00,3.42,3.3905544
2018-12-07 06:30:00,3.64,3.3547869
2018-12-07 06:45:00,4.1,3.4359872
2018-12-07 07:00:00,4.0,3.3970633
2018-12-07 07:15:00,4.0,3.3932517
2018-12-07 07:30:00,3.82,3.8711743
2018-12-07 07:45:00,4.54,4.5847764
2018-12-07 08:00:00,4.79,4.620689
2018-12-07 08:15:00,47.66,33.34293
2018-12-07 08:30:00,60.19,56.187115
2018-12-07 08:45:00,60.19,61.082367
2018-12-07 09:00:00,53.32,63.632507
2018-12-07 09:15:00,58.86,67.29153
2018-12-07 09:30:00,49.5,62.71
2018-12-07 09:45:00,48.42,61.43916
2018-12-07 10:00:00,62.78,57.48309
2018-12-07 10:15:00,48.02,58.050503
2018-12-07 10:30:00,46.22,56.709248
2018-12-07 10:45:00,57.46,55.609184
2018-12-07 11:00:00,48.78,60.247147
2018-12-07 11:15:00,47.02,55.34944
2018-12-07 11:30:00,58.0,54.846733
2018-12-07 11:45:00,51.48,58.606014
2018-12-07 12:00:00,44.28,51.018723
2018-12-07 12:15:00,26.6,6.8792386
2018-12-07 12:30:00,12.49,5.90337
2018-12-07 12:45:00,9.79,5.90979
2018-12-07 13:00:00,10.76,5.8519287
2018-12-07 13:15:00,44.06,36.59851
2018-12-07 13:30:00,49.82,51.35002
2018-12-07 13:45:00,54.36,51.519367
2018-12-07 14:00:00,55.98,54.795956
2018-12-07 14:15:00,56.48,56.141598
2018-12-07 14:30:00,47.41,55.394344
2018-12-07 14:45:00,47.95,55.678963
2018-12-07 15:00:00,58.86,55.814125
2018-12-07 15:15:00,50.08,56.44811
2018-12-07 15:30:00,51.88,53.072193
2018-12-07 15:45:00,53.82,52.839943
2018-12-07 16:00:00,49.9,57.440456
2018-12-07 16:15:00,57.1,58.199043
2018-12-07 16:30:00,50.33,54.524185
2018-12-07 16:45:00,68.54,55.474846
2018-12-07 17:00:00,60.12,56.072414
2018-12-07 17:15:00,72.11,56.647736
2018-12-07 17:30:00,46.33,53.403095
2018-12-07 17:45:00,34.16,32.265614
2018-12-07 18:00:00,30.35,31.160984
2018-12-07 18:15:00,42.48,44.050533
2018-12-07 18:30:00,52.85,51.322884
2018-12-07 18:45:00,58.97,50.331448
2018-12-07 19:00:00,57.17,51.314823
2018-12-07 19:15:00,44.39,50.758106
2018-12-07 19:30:00,47.84,51.439804
2018-12-07 19:45:00,54.07,52.3
2018-12-07 20:00:00,43.38,48.343544
2018-12-07 20:15:00,57.64,50.706787
2018-12-07 20:30:00,41.72,48.286865
2018-12-07 20:45:00,31.9,42.280914
2018-12-07 21:00:00,19.69,11.308571
2018-12-07 21:15:00,5.62,6.6503744
2018-12-07 21:30:00,5.62,5.51349
2018-12-07 21:45:00,5.15,5.139734
2018-12-07 22:00:00,4.28,4.756105
2018-12-07 22:15:00,4.0,4.6192102
2018-12-07 22:30:00,4.07,4.5332565
2018-12-07 22:45:00,4.03,4.3895774
2018-12-07 23:00:00,4.0,4.0408006
2018-12-07 23:15:00,3.96,3.8178115
2018-12-07 23:30:00,4.03,3.9203024
2018-12-07 23:45:00,4.0,3.9222355
2018-12-08 00:00:00,3.78,3.607881
2018-12-08 00:15:00,4.0,3.8309538
2018-12-08 00:30:00,3.96,3.9517996
2018-12-08 00:45:00,4.0,3.8656344
2018-12-08 01:00:00,4.0,3.8523288
2018-12-08 01:15:00,5.15,3.8545735
2018-12-08 01:30:00,4.79,3.8663054
2018-12-08 01:45:00,3.96,3.7944267
2018-12-08 02:00:00,3.96,3.745558
2018-12-08 02:15:00,4.1,4.0259743
2018-12-08 02:30:00,4.0,3.9522655
2018-12-08 02:45:00,4.0,3.8867157
2018-12-08 03:00:00,4.0,3.8858566
2018-12-08 03:15:00,3.96,3.9401815
2018-12-08 03:30:00,3.64,3.7537034
2018-12-08 03:45:00,3.38,3.6540978
2018-12-08 04:00:00,3.31,3.5505488
2018-12-08 04:15:00,3.35,3.6471372
2018-12-08 04:30:00,3.35,3.67091
2018-12-08 04:45:00,3.42,3.431672
2018-12-08 05:00:00,3.49,3.2988486
2018-12-08 05:15:00,4.0,3.3780525
2018-12-08 05:30:00,3.53,3.3445814
2018-12-08 05:45:00,3.35,3.3551836
2018-12-08 06:00:00,3.38,3.3238065
2018-12-08 06:15:00,4.03,3.346802
2018-12-08 06:30:00,4.03,3.4308813
2018-12-08 06:45:00,4.0,3.3800452
2018-12-08 07:00:00,3.78,3.3802032
2018-12-08 07:15:00,3.35,3.586415
2018-12-08 07:30:00,3.31,3.5411232
2018-12-08 07:45:00,3.53,3.7820528
2018-12-08 08:00:00,3.67,3.9353452
2018-12-08 08:15:00,29.23,21.183378
2018-12-08 08:30:00,38.16,31.650085
2018-12-08 08:45:00,33.08,32.00305
2018-12-08 09:00:00,51.52,34.64077
2018-12-08 09:15:00,47.77,40.704227
2018-12-08 09:30:00,42.05,43.49253
2018-12-08 09:45:00,32.4,40.158768
2018-12-08 10:00:00,31.43,47.773575
2018-12-08 10:15:00,31.57,46.316113
2018-12-08 10:30:00,31.43,44.426086
2018-12-08 10:45:00,47.66,39.60179
2018-12-08 11:00:00,49.28,39.68353
2018-12-08 11:15:00,38.16,40.4529
2018-12-08 11:30:00,44.14,37.810783
2018-12-08 11:45:00,38.27,44.959476
2018-12-08 12:00:00,22.46,39.262444
2018-12-08 12:15:00,3.92,6.305
2018-12-08 12:30:00,4.57,6.061082
2018-12-08 12:45:00,5.36,5.9854517
2018-12-08 13:00:00,6.08,7.515565
2018-12-08 13:15:00,34.09,16.635746
2018-12-08 13:30:00,55.69,38.396107
2018-12-08 13:45:00,40.61,39.060646
2018-12-08 14:00:00,50.51,37.802864
2018-12-08 14:15:00,37.98,41.65823
2018-12-08 14:30:00,48.89,49.734715
2018-12-08 14:45:00,37.73,42.96134
2018-12-08 15:00:00,40.03,45.17003
2018-12-08 15:15:00,43.67,41.29275
2018-12-08 15:30:00,46.15,48.901283
2018-12-08 15:45:00,49.68,41.682434
2018-12-08 16:00:00,49.32,42.302982
2018-12-08 16:15:00,49.46,43.229637
2018-12-08 16:30:00,49.54,43.84876
2018-12-08 16:45:00,34.63,41.30636
2018-12-08 17:00:00,27.0,22.488749
2018-12-08 17:15:00,9.9,13.4871025
2018-12-08 17:30:00,5.22,34.071278
2018-12-08 17:45:00,5.29,6.4674106
2018-12-08 18:00:00,5.22,7.7157636
2018-12-08 18:15:00,5.18,5.377911
2018-12-08 18:30:00,5.15,4.676991
2018-12-08 18:45:00,5.33,4.6808786
2018-12-08 19:00:00,5.15,4.708002
2018-12-08 19:15:00,4.1,5.342704
2018-12-08 19:30:00,4.14,5.5025177
2018-12-08 19:45:00,4.1,5.31545
2018-12-08 20:00:00,4.14,5.3074017
2018-12-08 20:15:00,4.1,4.0653543
2018-12-08 20:30:00,4.03,4.08886
2018-12-08 20:45:00,4.14,4.069488
2018-12-08 21:00:00,4.1,4.222888
2018-12-08 21:15:00,4.14,4.2344184
2018-12-08 21:30:00,4.1,4.176768
2018-12-08 21:45:00,4.14,4.2164593
2018-12-08 22:00:00,4.1,4.0301785
2018-12-08 22:15:00,3.82,4.005722
2018-12-08 22:30:00,3.89,3.9492745
2018-12-08 22:45:00,5.0,3.888657
2018-12-08 23:00:00,4.75,3.853714
2018-12-08 23:15:00,3.82,3.723688
2018-12-08 23:30:00,3.71,3.592478
2018-12-08 23:45:00,3.82,3.931436
2018-12-09 00:00:00,3.17,3.9293287
2018-12-09 00:15:00,3.74,3.6401777
2018-12-09 00:30:00,3.74,3.7505124
2018-12-09 00:45:00,3.82,3.6486313
2018-12-09 01:00:00,3.85,3.3229315
2018-12-09 01:15:00,3.78,3.530814
2018-12-09 01:30:00,3.82,3.5148938
2018-12-09 01:45:00,3.78,3.5182085
2018-12-09 02:00:00,3.78,3.4634778
2018-12-09 02:15:00,3.17,3.5476832
2018-12-09 02:30:00,3.13,3.6040134
2018-12-09 02:45:00,3.35,3.6488876
2018-12-09 03:00:00,3.67,3.6804204
2018-12-09 03:15:00,3.02,3.219667
2018-12-09 03:30:00,3.13,3.1825738
2018-12-09 03:45:00,3.06,3.1250205
2018-12-09 04:00:00,3.06,3.129004
2018-12-09 04:15:00,3.06,3.0693152
2018-12-09 04:30:00,3.2,3.1207457
2018-12-09 04:45:00,3.78,3.1537971
2018-12-09 05:00:00,3.78,3.214168
2018-12-09 05:15:00,3.74,3.2270396
2018-12-09 05:30:00,3.74,3.0947895
2018-12-09 05:45:00,3.13,3.0592515
2018-12-09 06:00:00,3.74,3.0887766
2018-12-09 06:15:00,3.56,3.2419987
2018-12-09 06:30:00,3.1,3.6146538
2018-12-09 06:45:00,2.95,3.0846128
2018-12-09 07:00:00,3.06,3.4151738
2018-12-09 07:15:00,3.02,3.2956305
2018-12-09 07:30:00,2.95,3.1235015
2018-12-09 07:45:00,3.02,3.097861
2018-12-09 08:00:00,2.99,3.191028
2018-12-09 08:15:00,3.13,3.6311426
2018-12-09 08:30:00,3.74,3.899744
2018-12-09 08:45:00,3.82,3.820351
2018-12-09 09:00:00,3.96,3.8196983
2018-12-09 09:15:00,4.03,3.3145273
2018-12-09 09:30:00,3.35,3.2046325
2018-12-09 09:45:00,3.31,3.2509327
2018-12-09 10:00:00,3.89,3.411674
2018-12-09 10:15:00,4.03,4.049383
2018-12-09 10:30:00,3.31,3.540504
2018-12-09 10:45:00,3.35,3.3903666
2018-12-09 11:00:00,3.42,3.7018964
2018-12-09 11:15:00,3.35,3.6683328
2018-12-09 11:30:00,3.31,3.4040494
2018-12-09 11:45:00,3.38,3.3443859
2018-12-09 12:00:00,3.89,3.286622
2018-12-09 12:15:00,4.18,3.254944
2018-12-09 12:30:00,4.1,3.273974
2018-12-09 12:45:00,4.1,3.3384228
2018-12-09 13:00:00,3.6,3.2525995
2018-12-09 13:15:00,3.42,3.4968386
2018-12-09 13:30:00,3.42,3.9268727
2018-12-09 13:45:00,3.35,4.2615147
2018-12-09 14:00:00,3.92,3.9225645
2018-12-09 14:15:00,3.78,3.7133212
2018-12-09 14:30:00,3.42,3.6076732
2018-12-09 14:45:00,3.38,3.365474
2018-12-09 15:00:00,3.46,3.595979
2018-12-09 15:15:00,3.42,3.4739938
2018-12-09 15:30:00,3.53,3.4107072
2018-12-09 15:45:00,4.07,3.399142
2018-12-09 16:00:00,4.03,3.3524065
2018-12-09 16:15:00,4.14,3.3576086
2018-12-09 16:30:00,4.0,3.3603795
2018-12-09 16:45:00,3.31,3.462592
2018-12-09 17:00:00,3.35,3.4379313
2018-12-09 17:15:00,3.49,3.4644785
2018-12-09 17:30:00,4.1,3.827835
2018-12-09 17:45:00,3.64,3.2750716
2018-12-09 18:00:00,3.24,3.2168176
2018-12-09 18:15:00,3.28,3.2400622
2018-12-09 18:30:00,3.31,3.3559234
2018-12-09 18:45:00,3.42,3.3055336
2018-12-09 19:00:00,3.64,3.182549
2018-12-09 19:15:00,4.07,3.23651
2018-12-09 19:30:00,4.03,3.1710403
2018-12-09 19:45:00,4.03,3.282391
2018-12-09 20:00:00,4.0,3.206076
2018-12-09 20:15:00,3.31,3.3188357
2018-12-09 20:30:00,3.31,3.3463914
2018-12-09 20:45:00,3.35,3.4767652
2018-12-09 21:00:00,3.35,3.827444
2018-12-09 21:15:00,3.67,3.2968764
2018-12-09 21:30:00,4.14,3.2696376
2018-12-09 21:45:00,3.38,3.2329464
2018-12-09 22:00:00,3.28,3.298863
2018-12-09 22:15:00,3.13,3.1678796
2018-12-09 22:30:00,3.17,3.1666825
2018-12-09 22:45:00,3.78,3.0866337
2018-12-09 23:00:00,3.78,3.0099175
2018-12-09 23:15:00,3.74,2.9645941
2018-12-09 23:30:00,3.74,3.0378134
2018-12-09 23:45:00,3.46,2.9961076
2018-12-10 00:00:00,5.36,3.432447
2018-12-10 00:15:00,3.06,3.3261309
2018-12-10 00:30:00,3.02,3.6200144
2018-12-10 00:45:00,3.31,3.5197492
2018-12-10 01:00:00,3.85,3.5897431
2018-12-10 01:15:00,3.42,3.1101277
2018-12-10 01:30:00,3.1,3.06709
2018-12-10 01:45:00,3.1,3.1560788
2018-12-10 02:00:00,3.17,3.186529
2018-12-10 02:15:00,3.31,3.0190656
2018-12-10 02:30:00,3.82,3.0487485
2018-12-10 02:45:00,3.78,3.1677134
2018-12-10 03:00:00,3.82,3.1616862
2018-12-10 03:15:00,3.74,3.0994654
2018-12-10 03:30:00,3.1,3.0193176
2018-12-10 03:45:00,3.2,3.1304502
2018-12-10 04:00:00,3.1,3.2170625
2018-12-10 04:15:00,3.13,3.410527
2018-12-10 04:30:00,3.17,3.2154946
2018-12-10 04:45:00,3.49,3.2351887
2018-12-10 05:00:00,3.74,3.1229215
2018-12-10 05:15:00,3.13,3.1493597
2018-12-10 05:30:00,3.1,3.1618493
2018-12-10 05:45:00,3.82,3.0549004
2018-12-10 06:00:00,3.82,3.0565453
2018-12-10 06:15:00,3.85,3.073206
2018-12-10 06:30:00,3.82,3.064019
2018-12-10 06:45:00,3.46,3.1415906
2018-12-10 07:00:00,3.06,3.2146537
2018-12-10 07:15:00,3.13,3.3260605
2018-12-10 07:30:00,3.56,3.7319028
2018-12-10 07:45:00,5.87,4.1466136
2018-12-10 08:00:00,6.8,4.2040076
2018-12-10 08:15:00,33.48,26.821232
2018-12-10 08:30:00,61.06,59.71114
2018-12-10 08:45:00,58.36,63.905567
2018-12-10 09:00:00,68.62,70.284805
2018-12-10 09:15:00,69.23,68.99011
2018-12-10 09:30:00,70.78,62.68905
2018-12-10 09:45:00,61.74,58.234524
2018-12-10 10:00:00,72.0,62.953888
2018-12-10 10:15:00,56.2,61.118637
2018-12-10 10:30:00,56.02,66.42153
2018-12-10 10:45:00,63.9,63.50583
2018-12-10 11:00:00,68.47,69.21936
2018-12-10 11:15:00,61.56,65.62082
2018-12-10 11:30:00,70.31,64.78409
2018-12-10 11:45:00,62.42,64.38623
2018-12-10 12:00:00,44.75,60.651966
2018-12-10 12:15:00,9.11,7.81652
2018-12-10 12:30:00,10.33,6.378595
2018-12-10 12:45:00,11.45,6.0715585
2018-12-10 13:00:00,11.09,6.320724
2018-12-10 13:15:00,42.66,36.010777
2018-12-10 13:30:00,72.9,60.367428
2018-12-10 13:45:00,71.03,56.14115
2018-12-10 14:00:00,67.32,57.742462
2018-12-10 14:15:00,64.22,57.136303
2018-12-10 14:30:00,69.91,68.59463
2018-12-10 14:45:00,51.23,68.252846
2018-12-10 15:00:00,58.39,64.26232
2018-12-10 15:15:00,69.62,62.361416
2018-12-10 15:30:00,66.71,64.84206
2018-12-10 15:45:00,65.99,60.10216
2018-12-10 16:00:00,64.98,60.166946
2018-12-10 16:15:00,64.55,63.00809
2018-12-10 16:30:00,63.72,63.17788
2018-12-10 16:45:00,66.53,63.874187
2018-12-10 17:00:00,62.57,62.09995
2018-12-10 17:15:00,63.72,59.977146
2018-12-10 17:30:00,58.64,58.215614
2018-12-10 17:45:00,60.12,31.701529
2018-12-10 18:00:00,24.73,30.506096
2018-12-10 18:15:00,5.47,37.75696
2018-12-10 18:30:00,4.5,50.479847
2018-12-10 18:45:00,4.46,56.3108
2018-12-10 19:00:00,4.46,40.20908
2018-12-10 19:15:00,4.75,9.411913
2018-12-10 19:30:00,5.69,6.231336
2018-12-10 19:45:00,5.62,5.319748
2018-12-10 20:00:00,4.46,5.715837
2018-12-10 20:15:00,4.46,5.0330205
2018-12-10 20:30:00,4.5,4.9818687
2018-12-10 20:45:00,4.43,5.1996427
2018-12-10 21:00:00,4.46,4.2537446
2018-12-10 21:15:00,4.5,4.2064233
2018-12-10 21:30:00,4.57,4.1174994
2018-12-10 21:45:00,4.54,4.2138333
2018-12-10 22:00:00,4.46,4.0206695
2018-12-10 22:15:00,4.28,3.966263
2018-12-10 22:30:00,4.25,4.02234
2018-12-10 22:45:00,4.32,3.9966655
2018-12-10 23:00:00,4.18,3.98069
2018-12-10 23:15:00,4.18,3.8962111
2018-12-10 23:30:00,4.21,3.876584
2018-12-10 23:45:00,4.28,3.9746032
2018-12-11 00:00:00,4.18,4.358738
2018-12-11 00:15:00,4.86,4.0813065
2018-12-11 00:30:00,4.21,4.0709248
2018-12-11 00:45:00,4.18,4.0878477
2018-12-11 01:00:00,4.21,4.100579
2018-12-11 01:15:00,4.32,3.949939
2018-12-11 01:30:00,4.25,3.9742208
2018-12-11 01:45:00,4.18,3.9230392
2018-12-11 02:00:00,4.21,3.825275
2018-12-11 02:15:00,4.28,3.9097292
2018-12-11 02:30:00,4.25,4.002195
2018-12-11 02:45:00,4.21,4.0006256
2018-12-11 03:00:00,3.56,3.9442449
2018-12-11 03:15:00,3.56,3.922237
2018-12-11 03:30:00,3.53,3.8231244
2018-12-11 03:45:00,3.53,3.773875
2018-12-11 04:00:00,3.85,3.5459607
2018-12-11 04:15:00,4.18,3.5021152
2018-12-11 04:30:00,3.49,3.5185785
2018-12-11 04:45:00,3.56,3.5565712
2018-12-11 05:00:00,3.56,3.5712147
2018-12-11 05:15:00,3.74,3.4502113
2018-12-11 05:30:00,4.18,3.4666955
2018-12-11 05:45:00,4.25,3.4378998
2018-12-11 06:00:00,4.28,3.441753
2018-12-11 06:15:00,3.56,3.6104414
2018-12-11 06:30:00,3.53,3.3846562
2018-12-11 06:45:00,3.6,3.4603596
2018-12-11 07:00:00,3.49,3.4834878
2018-12-11 07:15:00,4.1,3.5001893
2018-12-11 07:30:00,4.07,3.6739311
2018-12-11 07:45:00,4.86,4.284513
2018-12-11 08:00:00,14.83,4.445387
2018-12-11 08:15:00,44.21,35.31091
2018-12-11 08:30:00,54.04,61.951607
2018-12-11 08:45:00,61.74,63.824284
2018-12-11 09:00:00,69.48,67.026436
2018-12-11 09:15:00,75.38,68.90732
2018-12-11 09:30:00,71.82,67.90084
2018-12-11 09:45:00,71.24,67.752594
2018-12-11 10:00:00,54.86,66.78162
2018-12-11 10:15:00,66.13,67.10982
2018-12-11 10:30:00,73.08,70.74906
2018-12-11 10:45:00,77.51,71.06066
2018-12-11 11:00:00,72.54,67.07223
2018-12-11 11:15:00,63.83,69.026794
2018-12-11 11:30:00,67.07,69.5324
2018-12-11 11:45:00,84.24,73.64139
2018-12-11 12:00:00,72.79,67.90654
2018-12-11 12:15:00,7.96,9.031145
2018-12-11 12:30:00,5.8,7.3015895
2018-12-11 12:45:00,6.98,6.759104
2018-12-11 13:00:00,6.95,9.566843
2018-12-11 13:15:00,38.45,44.40487
2018-12-11 13:30:00,59.36,80.567215
2018-12-11 13:45:00,66.02,79.59004
2018-12-11 14:00:00,80.28,72.722336
2018-12-11 14:15:00,75.53,61.228046
2018-12-11 14:30:00,72.0,67.37924
2018-12-11 14:45:00,72.61,70.96767
2018-12-11 15:00:00,78.55,79.74048
2018-12-11 15:15:00,73.98,74.29381
2018-12-11 15:30:00,76.79,70.5595
2018-12-11 15:45:00,80.46,70.47187
2018-12-11 16:00:00,68.11,75.31565
2018-12-11 16:15:00,71.68,70.063545
2018-12-11 16:30:00,69.8,72.7302
2018-12-11 16:45:00,75.46,80.81094
2018-12-11 17:00:00,70.27,69.37388
2018-12-11 17:15:00,78.48,73.156784
2018-12-11 17:30:00,66.78,66.08149
2018-12-11 17:45:00,32.11,48.64386
2018-12-11 18:00:00,31.25,33.74818
2018-12-11 18:15:00,36.4,46.897987
2018-12-11 18:30:00,39.56,61.672134
2018-12-11 18:45:00,51.44,59.682373
2018-12-11 19:00:00,51.52,61.20415
2018-12-11 19:15:00,53.57,55.28505
2018-12-11 19:30:00,52.81,43.08789
2018-12-11 19:45:00,52.38,52.933506
2018-12-11 20:00:00,53.21,51.33769
2018-12-11 20:15:00,51.91,55.133205
2018-12-11 20:30:00,53.46,44.943596
2018-12-11 20:45:00,32.36,36.895317
2018-12-11 21:00:00,28.37,29.229078
2018-12-11 21:15:00,6.77,15.334285
2018-12-11 21:30:00,5.69,9.005972
2018-12-11 21:45:00,5.8,7.3797436
2018-12-11 22:00:00,5.69,5.940654
2018-12-11 22:15:00,5.47,4.5079217
2018-12-11 22:30:00,5.44,4.3676443
2018-12-11 22:45:00,4.97,4.5778275
2018-12-11 23:00:00,4.36,4.4357157
2018-12-11 23:15:00,4.25,4.393298
2018-12-11 23:30:00,4.21,4.2984233
2018-12-11 23:45:00,4.14,4.332043
2018-12-12 00:00:00,4.21,9.895622
2018-12-12 00:15:00,4.21,4.554276
2018-12-12 00:30:00,4.14,4.2266045
2018-12-12 00:45:00,4.14,4.2953515
2018-12-12 01:00:00,4.14,4.2697077
2018-12-12 01:15:00,4.21,4.2142687
2018-12-12 01:30:00,4.18,4.2855296
2018-12-12 01:45:00,4.75,4.213382
2018-12-12 02:00:00,5.33,4.249836
2018-12-12 02:15:00,4.25,4.1019607
2018-12-12 02:30:00,4.25,4.264377
2018-12-12 02:45:00,4.18,4.2337303
2018-12-12 03:00:00,4.21,4.1459465
2018-12-12 03:15:00,4.18,3.8799038
2018-12-12 03:30:00,4.18,3.74301
2018-12-12 03:45:00,4.25,3.7894318
2018-12-12 04:00:00,4.18,3.8593886
2018-12-12 04:15:00,4.03,3.910577
2018-12-12 04:30:00,3.46,3.9616303
2018-12-12 04:45:00,3.46,3.968659
2018-12-12 05:00:00,3.53,4.0355887
2018-12-12 05:15:00,3.46,3.8469534
2018-12-12 05:30:00,3.49,3.448154
2018-12-12 05:45:00,4.0,3.4486108
2018-12-12 06:00:00,4.25,3.419244
2018-12-12 06:15:00,3.85,3.5062535
2018-12-12 06:30:00,3.42,3.5132582
2018-12-12 06:45:00,3.42,3.5055695
2018-12-12 07:00:00,3.96,3.5364323
2018-12-12 07:15:00,4.1,3.497968
2018-12-12 07:30:00,4.32,3.7832484
2018-12-12 07:45:00,5.83,4.5850654
2018-12-12 08:00:00,5.8,5.484688
2018-12-12 08:15:00,36.86,34.59635
2018-12-12 08:30:00,60.37,65.683815
2018-12-12 08:45:00,66.46,69.73082
2018-12-12 09:00:00,69.05,73.48356
2018-12-12 09:15:00,63.86,70.06837
2018-12-12 09:30:00,65.59,65.63667
2018-12-12 09:45:00,60.98,67.21686
2018-12-12 10:00:00,65.74,68.90528
2018-12-12 10:15:00,57.17,62.377945
2018-12-12 10:30:00,64.55,63.86161
2018-12-12 10:45:00,53.42,61.80742
2018-12-12 11:00:00,65.88,63.036766
2018-12-12 11:15:00,57.71,63.25724
2018-12-12 11:30:00,59.76,62.998104
2018-12-12 11:45:00,79.85,62.226063
2018-12-12 12:00:00,49.64,61.128273
2018-12-12 12:15:00,27.97,9.174646
2018-12-12 12:30:00,29.74,6.8617554
2018-12-12 12:45:00,29.56,6.784736
2018-12-12 13:00:00,29.3,6.887375
2018-12-12 13:15:00,58.86,42.127323
2018-12-12 13:30:00,61.78,55.378227
2018-12-12 13:45:00,77.0,59.44393
2018-12-12 14:00:00,65.56,52.775524
2018-12-12 14:15:00,86.51,57.066128
2018-12-12 14:30:00,60.44,60.855774
2018-12-12 14:45:00,64.8,68.550766
2018-12-12 15:00:00,72.18,63.127228
2018-12-12 15:15:00,69.08,78.60002
2018-12-12 15:30:00,66.17,62.134937
2018-12-12 15:45:00,61.67,64.07997
2018-12-12 16:00:00,70.6,67.577194
2018-12-12 16:15:00,68.36,65.1219
2018-12-12 16:30:00,75.1,63.09121
2018-12-12 16:45:00,66.13,61.927185
2018-12-12 17:00:00,70.7,65.83101
2018-12-12 17:15:00,60.7,62.863728
2018-12-12 17:30:00,57.92,64.033005
2018-12-12 17:45:00,32.9,35.771225
2018-12-12 18:00:00,30.53,32.52058
2018-12-12 18:15:00,49.9,38.32065
2018-12-12 18:30:00,67.25,45.981308
2018-12-12 18:45:00,69.37,50.533558
2018-12-12 19:00:00,65.99,51.554214
2018-12-12 19:15:00,66.02,51.88147
2018-12-12 19:30:00,60.19,60.44491
2018-12-12 19:45:00,58.54,62.54718
2018-12-12 20:00:00,61.85,60.024216
2018-12-12 20:15:00,67.07,62.98062
2018-12-12 20:30:00,58.82,51.675865
2018-12-12 20:45:00,53.35,37.382908
2018-12-12 21:00:00,30.35,32.66926
2018-12-12 21:15:00,12.2,17.277424
2018-12-12 21:30:00,5.8,11.617219
2018-12-12 21:45:00,5.76,11.453922
2018-12-12 22:00:00,5.65,13.632652
2018-12-12 22:15:00,5.04,4.762984
2018-12-12 22:30:00,4.25,4.693383
2018-12-12 22:45:00,4.25,4.5014734
2018-12-12 23:00:00,4.21,4.6725893
2018-12-12 23:15:00,4.14,4.3846083
2018-12-12 23:30:00,4.1,4.0614514
2018-12-12 23:45:00,4.1,4.097206
2018-12-13 00:00:00,5.26,6.413569
2018-12-13 00:15:00,4.1,4.266078
2018-12-13 00:30:00,4.18,4.238148
2018-12-13 00:45:00,4.21,4.2503786
2018-12-13 01:00:00,4.14,4.2909555
2018-12-13 01:15:00,4.28,4.1125927
2018-12-13 01:30:00,4.18,4.1654563
2018-12-13 01:45:00,4.25,4.1390657
2018-12-13 02:00:00,5.36,4.2885695
2018-12-13 02:15:00,4.79,4.2059875
2018-12-13 02:30:00,4.25,4.194035
2018-12-13 02:45:00,4.18,4.19893
2018-12-13 03:00:00,4.21,4.12111
2018-12-13 03:15:00,4.18,3.948502
2018-12-13 03:30:00,4.21,3.8564448
2018-12-13 03:45:00,4.21,3.7729445
2018-12-13 04:00:00,4.21,3.8018603
2018-12-13 04:15:00,4.18,3.9491324
2018-12-13 04:30:00,4.21,3.9929762
2018-12-13 04:45:00,4.21,4.1188464
2018-12-13 05:00:00,4.18,4.1050825
2018-12-13 05:15:00,3.67,4.078628
2018-12-13 05:30:00,3.42,4.074232
2018-12-13 05:45:00,3.89,4.1023006
2018-12-13 06:00:00,4.32,4.052859
2018-12-13 06:15:00,3.46,3.6523411
2018-12-13 06:30:00,3.38,3.489562
2018-12-13 06:45:00,3.38,3.6363351
2018-12-13 07:00:00,3.42,3.6179845
2018-12-13 07:15:00,3.42,3.4921818
2018-12-13 07:30:00,3.71,3.9832673
2018-12-13 07:45:00,5.69,4.436521
2018-12-13 08:00:00,6.23,5.0774965
2018-12-13 08:15:00,35.57,37.606884
2018-12-13 08:30:00,72.86,63.665314
2018-12-13 08:45:00,61.74,69.53293
2018-12-13 09:00:00,76.36,72.58064
2018-12-13 09:15:00,63.11,66.80665
2018-12-13 09:30:00,65.66,72.28606
2018-12-13 09:45:00,72.07,63.375053
2018-12-13 10:00:00,56.84,71.797455
2018-12-13 10:15:00,69.3,62.78839
2018-12-13 10:30:00,65.66,64.861534
2018-12-13 10:45:00,85.43,66.74174
2018-12-13 11:00:00,53.17,61.297672
2018-12-13 11:15:00,55.4,63.89762
2018-12-13 11:30:00,60.08,63.768257
2018-12-13 11:45:00,58.0,77.93103
2018-12-13 12:00:00,51.3,58.887016
2018-12-13 12:15:00,11.38,10.497427
2018-12-13 12:30:00,10.91,9.158895
2018-12-13 12:45:00,30.1,7.127097
2018-12-13 13:00:00,36.4,6.757093
2018-12-13 13:15:00,41.69,40.790367
2018-12-13 13:30:00,56.92,57.702545
2018-12-13 13:45:00,46.66,55.600235
2018-12-13 14:00:00,52.52,55.65328
2018-12-13 14:15:00,58.25,54.818676
2018-12-13 14:30:00,72.61,56.353996
2018-12-13 14:45:00,66.24,53.3254
2018-12-13 15:00:00,73.08,55.09916
2018-12-13 15:15:00,60.52,55.358032
2018-12-13 15:30:00,59.87,60.811916
2018-12-13 15:45:00,63.5,61.82046
2018-12-13 16:00:00,60.52,66.65525
2018-12-13 16:15:00,88.92,62.49405
2018-12-13 16:30:00,105.37,61.29723
2018-12-13 16:45:00,102.89,61.690205
2018-12-13 17:00:00,77.83,62.889263
2018-12-13 17:15:00,67.18,79.6374
2018-12-13 17:30:00,70.13,81.64596
2018-12-13 17:45:00,31.72,42.909126
2018-12-13 18:00:00,31.5,32.5131
2018-12-13 18:15:00,54.79,52.6922
2018-12-13 18:30:00,77.04,66.02335
2018-12-13 18:45:00,79.63,65.240814
2018-12-13 19:00:00,80.46,56.18922
2018-12-13 19:15:00,71.89,56.983757
2018-12-13 19:30:00,78.52,72.66878
2018-12-13 19:45:00,52.31,79.506546
2018-12-13 20:00:00,61.16,77.880745
2018-12-13 20:15:00,61.6,69.82681
2018-12-13 20:30:00,49.68,75.06733
2018-12-13 20:45:00,41.54,49.159668
2018-12-13 21:00:00,20.16,41.832085
2018-12-13 21:15:00,6.16,12.305766
2018-12-13 21:30:00,5.69,7.0647902
2018-12-13 21:45:00,5.69,6.4571066
2018-12-13 22:00:00,5.65,4.8447695
2018-12-13 22:15:00,5.47,4.7619963
2018-12-13 22:30:00,5.4,4.5787864
2018-12-13 22:45:00,5.36,4.608541
2018-12-13 23:00:00,5.36,4.718256
2018-12-13 23:15:00,5.26,4.5172377
2018-12-13 23:30:00,5.22,4.5403557
2018-12-13 23:45:00,5.18,4.574038
2018-12-14 00:00:00,4.1,6.9254513
2018-12-14 00:15:00,5.33,4.6613636
2018-12-14 00:30:00,5.29,4.6744523
2018-12-14 00:45:00,5.26,4.7101593
2018-12-14 01:00:00,5.29,4.3891807
2018-12-14 01:15:00,5.26,4.5841985
2018-12-14 01:30:00,5.36,4.539642
2018-12-14 01:45:00,5.33,4.4539356
2018-12-14 02:00:00,4.79,4.4790683
2018-12-14 02:15:00,4.14,4.571122
2018-12-14 02:30:00,4.18,4.610147
2018-12-14 02:45:00,4.21,4.689184
2018-12-14 03:00:00,4.18,4.45756
2018-12-14 03:15:00,4.25,4.147225
2018-12-14 03:30:00,4.18,4.0313168
2018-12-14 03:45:00,4.14,4.0116596
2018-12-14 04:00:00,4.28,4.0365825
2018-12-14 04:15:00,4.18,4.0704966
2018-12-14 04:30:00,4.18,3.979179
2018-12-14 04:45:00,4.1,4.048973
2018-12-14 05:00:00,4.46,4.0173135
2018-12-14 05:15:00,5.4,4.0205536
2018-12-14 05:30:00,4.5,4.100408
2018-12-14 05:45:00,4.18,4.153897
2018-12-14 06:00:00,4.14,4.109318
2018-12-14 06:15:00,4.14,4.0897617
2018-12-14 06:30:00,3.49,3.9224315
2018-12-14 06:45:00,3.42,3.9787004
2018-12-14 07:00:00,3.35,3.9430237
2018-12-14 07:15:00,3.35,4.179617
2018-12-14 07:30:00,4.25,3.954227
2018-12-14 07:45:00,6.52,4.463458
2018-12-14 08:00:00,7.38,4.357536
2018-12-14 08:15:00,36.22,44.87347
2018-12-14 08:30:00,94.18,67.36966
2018-12-14 08:45:00,97.88,75.10266
2018-12-14 09:00:00,134.5,75.07333
2018-12-14 09:15:00,93.67,67.16378
2018-12-14 09:30:00,109.26,96.82416
2018-12-14 09:45:00,128.34,95.952545
2018-12-14 10:00:00,81.47,85.39132
2018-12-14 10:15:00,109.69,96.08278
2018-12-14 10:30:00,120.67,93.164406
2018-12-14 10:45:00,92.81,101.53535
2018-12-14 11:00:00,91.58,87.52736
2018-12-14 11:15:00,104.9,97.69237
2018-12-14 11:30:00,124.2,98.51369
2018-12-14 11:45:00,88.85,89.269905
2018-12-14 12:00:00,132.01,93.089584
2018-12-14 12:15:00,13.61,10.130764
2018-12-14 12:30:00,9.86,8.829224
2018-12-14 12:45:00,9.61,10.526537
2018-12-14 13:00:00,9.43,34.900227
2018-12-14 13:15:00,86.98,56.58715
2018-12-14 13:30:00,74.66,91.45537
2018-12-14 13:45:00,116.42,94.235374
2018-12-14 14:00:00,107.57,87.00039
2018-12-14 14:15:00,103.82,81.653244
2018-12-14 14:30:00,114.73,73.914
2018-12-14 14:45:00,84.74,84.88072
2018-12-14 15:00:00,109.4,92.08738
2018-12-14 15:15:00,125.21,91.21878
2018-12-14 15:30:00,89.35,91.97209
2018-12-14 15:45:00,122.26,87.09388
2018-12-14 16:00:00,114.66,94.994804
2018-12-14 16:15:00,96.8,94.28581
2018-12-14 16:30:00,118.12,90.976906
2018-12-14 16:45:00,133.2,89.56978
2018-12-14 17:00:00,102.64,94.41314
2018-12-14 17:15:00,63.94,94.01477
2018-12-14 17:30:00,62.64,93.95133
2018-12-14 17:45:00,37.94,55.286312
2018-12-14 18:00:00,32.62,40.327698
2018-12-14 18:15:00,29.63,52.164043
2018-12-14 18:30:00,26.57,65.17943
2018-12-14 18:45:00,26.35,65.59507
2018-12-14 19:00:00,26.32,63.708546
2018-12-14 19:15:00,26.39,56.856266
2018-12-14 19:30:00,26.64,39.437405
2018-12-14 19:45:00,28.44,36.77863
2018-12-14 20:00:00,30.46,34.924606
2018-12-14 20:15:00,29.88,35.736332
2018-12-14 20:30:00,30.06,34.892944
2018-12-14 20:45:00,31.93,34.151405
2018-12-14 21:00:00,28.66,11.914721
2018-12-14 21:15:00,5.76,6.1367097
2018-12-14 21:30:00,5.8,5.543953
2018-12-14 21:45:00,5.72,5.3902535
2018-12-14 22:00:00,5.69,5.611898
2018-12-14 22:15:00,5.4,4.5282536
2018-12-14 22:30:00,5.33,4.666722
2018-12-14 22:45:00,5.33,4.4998093
2018-12-14 23:00:00,5.33,4.5263863
2018-12-14 23:15:00,4.86,4.5122046
2018-12-14 23:30:00,4.03,4.4765024
2018-12-14 23:45:00,4.03,4.5155926
2018-12-15 00:00:00,3.28,4.31241
2018-12-15 00:15:00,4.14,4.4082727
2018-12-15 00:30:00,4.1,4.191137
2018-12-15 00:45:00,4.07,4.162921
2018-12-15 01:00:00,4.14,3.6694293
2018-12-15 01:15:00,4.14,4.023486
2018-12-15 01:30:00,4.14,3.9436464
2018-12-15 01:45:00,4.14,3.8886476
2018-12-15 02:00:00,4.1,3.849272
2018-12-15 02:15:00,4.1,4.208602
2018-12-15 02:30:00,4.21,4.2165375
2018-12-15 02:45:00,4.1,4.2905483
2018-12-15 03:00:00,4.18,4.0906734
2018-12-15 03:15:00,4.82,4.1099744
2018-12-15 03:30:00,5.26,4.0688133
2018-12-15 03:45:00,4.18,3.981524
2018-12-15 04:00:00,4.14,4.066465
2018-12-15 04:15:00,4.14,4.1886406
2018-12-15 04:30:00,3.82,4.071596
2018-12-15 04:45:00,3.46,3.8933887
2018-12-15 05:00:00,3.49,3.8656425
2018-12-15 05:15:00,3.42,3.9083116
2018-12-15 05:30:00,3.42,3.839099
2018-12-15 05:45:00,3.42,3.5378637
2018-12-15 06:00:00,3.38,3.6039252
2018-12-15 06:15:00,3.46,3.403383
2018-12-15 06:30:00,3.42,3.508399
2018-12-15 06:45:00,3.49,3.4903195
2018-12-15 07:00:00,4.57,3.408411
2018-12-15 07:15:00,4.43,3.4717464
2018-12-15 07:30:00,4.1,3.5530043
2018-12-15 07:45:00,4.07,3.996091
2018-12-15 08:00:00,3.64,5.115775
2018-12-15 08:15:00,3.35,32.853706
2018-12-15 08:30:00,3.35,55.482185
2018-12-15 08:45:00,3.38,50.770683
2018-12-15 09:00:00,3.49,62.643833
2018-12-15 09:15:00,3.56,22.490715
2018-12-15 09:30:00,3.38,10.689435
2018-12-15 09:45:00,3.42,9.561349
2018-12-15 10:00:00,3.35,7.978471
2018-12-15 10:15:00,3.35,5.8046937
2018-12-15 10:30:00,3.35,4.6688643
2018-12-15 10:45:00,4.97,4.4372096
2018-12-15 11:00:00,5.36,4.918859
2018-12-15 11:15:00,4.28,5.506039
2018-12-15 11:30:00,4.18,5.628166
2018-12-15 11:45:00,3.35,6.9083033
2018-12-15 12:00:00,3.38,5.1627183
2018-12-15 12:15:00,3.42,3.5127556
2018-12-15 12:30:00,3.42,3.5363872
2018-12-15 12:45:00,3.42,3.5562131
2018-12-15 13:00:00,3.38,3.505314
2018-12-15 13:15:00,3.31,3.6798127
2018-12-15 13:30:00,3.35,3.9660223
2018-12-15 13:45:00,3.38,4.1118546
2018-12-15 14:00:00,3.31,4.1589103
2018-12-15 14:15:00,3.82,3.759133
2018-12-15 14:30:00,4.1,3.7277715
2018-12-15 14:45:00,4.07,3.7851412
2018-12-15 15:00:00,4.21,3.960957
2018-12-15 15:15:00,3.74,4.834647
2018-12-15 15:30:00,3.74,6.0367746
2018-12-15 15:45:00,3.96,5.645483
2018-12-15 16:00:00,3.28,5.7366447
2018-12-15 16:15:00,3.35,6.559916
2018-12-15 16:30:00,3.28,5.2815695
2018-12-15 16:45:00,3.24,4.1043243
2018-12-15 17:00:00,3.28,3.431686
2018-12-15 17:15:00,3.28,3.4565825
2018-12-15 17:30:00,3.35,3.2918077
2018-12-15 17:45:00,4.18,3.3223293
2018-12-15 18:00:00,4.1,3.3102026
2018-12-15 18:15:00,4.1,3.331459
2018-12-15 18:30:00,4.1,3.3484042
2018-12-15 18:45:00,4.03,3.3977406
2018-12-15 19:00:00,4.28,3.3981636
2018-12-15 19:15:00,3.49,3.44306
2018-12-15 19:30:00,3.38,3.7764797
2018-12-15 19:45:00,3.35,4.192675
2018-12-15 20:00:00,3.38,4.1684847
2018-12-15 20:15:00,3.46,3.5111403
2018-12-15 20:30:00,3.42,3.3954957
2018-12-15 20:45:00,3.35,3.3750365
2018-12-15 21:00:00,3.38,3.329558
2018-12-15 21:15:00,3.96,3.365657
2018-12-15 21:30:00,4.28,3.378456
2018-12-15 21:45:00,4.25,3.3829234
2018-12-15 22:00:00,4.18,3.4056976
2018-12-15 22:15:00,3.74,3.215553
2018-12-15 22:30:00,3.31,3.2804067
2018-12-15 22:45:00,4.07,3.2900896
2018-12-15 23:00:00,3.56,3.4981446
2018-12-15 23:15:00,3.17,3.5578747
2018-12-15 23:30:00,3.24,3.1945438
2018-12-15 23:45:00,3.2,3.5300035
2018-12-16 00:00:00,4.21,3.5228279
2018-12-16 00:15:00,3.24,3.206341
2018-12-16 00:30:00,3.28,3.235924
2018-12-16 00:45:00,3.28,3.143869
2018-12-16 01:00:00,3.85,3.2941077
2018-12-16 01:15:00,4.18,3.1880996
2018-12-16 01:30:00,4.07,3.1996875
2018-12-16 01:45:00,4.07,3.2315836
2018-12-16 02:00:00,3.92,3.2939987
2018-12-16 02:15:00,3.28,3.2850728
2018-12-16 02:30:00,3.42,3.320162
2018-12-16 02:45:00,3.53,3.521647
2018-12-16 03:00:00,4.14,3.7174633
2018-12-16 03:15:00,3.56,3.2115602
2018-12-16 03:30:00,3.35,3.326434
2018-12-16 03:45:00,3.38,3.3063788
2018-12-16 04:00:00,3.42,3.5264475
2018-12-16 04:15:00,3.42,3.2983782
2018-12-16 04:30:00,3.42,3.2041273
2018-12-16 04:45:00,3.38,3.25794
2018-12-16 05:00:00,4.07,3.3128185
2018-12-16 05:15:00,4.14,3.3090484
2018-12-16 05:30:00,4.07,3.3453994
2018-12-16 05:45:00,4.07,3.3182895
2018-12-16 06:00:00,3.53,3.3168337
2018-12-16 06:15:00,3.31,3.3119328
2018-12-16 06:30:00,3.35,3.1974423
2018-12-16 06:45:00,3.64,3.3848479
2018-12-16 07:00:00,4.07,3.377492
2018-12-16 07:15:00,3.38,3.224219
2018-12-16 07:30:00,3.28,3.2803905
2018-12-16 07:45:00,3.89,3.3941214
2018-12-16 08:00:00,3.96,3.3775344
2018-12-16 08:15:00,39.35,3.6011357
2018-12-16 08:30:00,63.54,3.788156
2018-12-16 08:45:00,65.02,4.0722814
2018-12-16 09:00:00,63.79,5.068037
2018-12-16 09:15:00,61.7,51.739384
2018-12-16 09:30:00,64.8,61.785397
2018-12-16 09:45:00,51.16,60.476513
2018-12-16 10:00:00,55.01,56.33995
2018-12-16 10:15:00,61.81,56.626286
2018-12-16 10:30:00,72.18,59.37494
2018-12-16 10:45:00,54.86,50.624344
2018-12-16 11:00:00,66.78,50.791477
2018-12-16 11:15:00,69.95,57.669224
2018-12-16 11:30:00,53.35,66.523735
2018-12-16 11:45:00,55.51,52.06323
2018-12-16 12:00:00,11.81,48.818775
2018-12-16 12:15:00,5.65,5.6964355
2018-12-16 12:30:00,5.54,5.083523
2018-12-16 12:45:00,5.44,5.1575904
2018-12-16 13:00:00,5.33,7.7060843
2018-12-16 13:15:00,36.47,27.426476
2018-12-16 13:30:00,63.72,42.70258
2018-12-16 13:45:00,64.8,44.41276
2018-12-16 14:00:00,61.85,30.882242
2018-12-16 14:15:00,57.89,41.113045
2018-12-16 14:30:00,54.36,60.996037
2018-12-16 14:45:00,47.38,60.356945
2018-12-16 15:00:00,43.49,58.166775
2018-12-16 15:15:00,45.4,51.125393
2018-12-16 15:30:00,60.55,54.531757
2018-12-16 15:45:00,48.42,50.41431
2018-12-16 16:00:00,63.22,49.918102
2018-12-16 16:15:00,62.64,51.05919
2018-12-16 16:30:00,66.02,58.298435
2018-12-16 16:45:00,35.42,46.682034
2018-12-16 17:00:00,9.11,27.834747
2018-12-16 17:15:00,8.06,19.621212
2018-12-16 17:30:00,7.74,16.13534
2018-12-16 17:45:00,7.85,6.2501736
2018-12-16 18:00:00,6.73,4.464569
2018-12-16 18:15:00,5.22,4.4882293
2018-12-16 18:30:00,5.69,4.434974
2018-12-16 18:45:00,5.72,4.509412
2018-12-16 19:00:00,5.69,4.6316757
2018-12-16 19:15:00,5.72,4.3691516
2018-12-16 19:30:00,5.44,4.586687
2018-12-16 19:45:00,4.46,4.6373734
2018-12-16 20:00:00,4.5,4.703567
2018-12-16 20:15:00,4.46,4.727053
2018-12-16 20:30:00,4.5,4.605404
2018-12-16 20:45:00,4.54,4.04686
2018-12-16 21:00:00,4.46,4.0745544
2018-12-16 21:15:00,4.5,4.118654
2018-12-16 21:30:00,4.5,4.2097397
2018-12-16 21:45:00,4.57,4.168051
2018-12-16 22:00:00,4.57,4.0656505
2018-12-16 22:15:00,4.25,3.8862736
2018-12-16 22:30:00,4.25,3.8473575
2018-12-16 22:45:00,4.18,3.9906645
2018-12-16 23:00:00,5.44,3.9314778
2018-12-16 23:15:00,4.82,3.8232527
2018-12-16 23:30:00,4.14,3.812894
2018-12-16 23:45:00,4.18,3.8128128
2018-12-17 00:00:00,4.57,4.271188
2018-12-17 00:15:00,4.25,3.9609973
2018-12-17 00:30:00,4.18,3.887439
2018-12-17 00:45:00,4.21,4.068794
2018-12-17 01:00:00,4.21,4.3019443
2018-12-17 01:15:00,4.21,4.1528
2018-12-17 01:30:00,4.36,4.112845
2018-12-17 01:45:00,4.28,4.1112375
2018-12-17 02:00:00,4.28,4.246033
2018-12-17 02:15:00,4.28,4.185673
2018-12-17 02:30:00,3.71,4.230115
2018-12-17 02:45:00,4.32,4.2333636
2018-12-17 03:00:00,3.82,4.2157393
2018-12-17 03:15:00,3.53,4.259035
2018-12-17 03:30:00,3.53,3.8191564
2018-12-17 03:45:00,3.53,4.02002
2018-12-17 04:00:00,3.6,3.812007
2018-12-17 04:15:00,3.53,3.5258195
2018-12-17 04:30:00,3.53,3.3850758
2018-12-17 04:45:00,4.1,3.5552864
2018-12-17 05:00:00,4.25,3.5356867
2018-12-17 05:15:00,4.28,3.4534285
2018-12-17 05:30:00,4.25,3.438723
2018-12-17 05:45:00,3.64,3.4757223
2018-12-17 06:00:00,3.49,3.5057487
2018-12-17 06:15:00,3.46,3.4388392
2018-12-17 06:30:00,4.32,3.7049313
2018-12-17 06:45:00,3.6,3.5958745
2018-12-17 07:00:00,3.42,3.4542968
2018-12-17 07:15:00,3.49,3.5480156
2018-12-17 07:30:00,4.36,4.3314743
2018-12-17 07:45:00,6.19,4.720412
2018-12-17 08:00:00,6.3,4.733604
2018-12-17 08:15:00,6.48,36.48134
2018-12-17 08:30:00,53.35,64.2728
2018-12-17 08:45:00,46.94,68.875786
2018-12-17 09:00:00,52.06,75.204285
2018-12-17 09:15:00,54.83,68.48632
2018-12-17 09:30:00,56.12,68.856674
2018-12-17 09:45:00,58.0,63.948593
2018-12-17 10:00:00,50.08,63.4466
2018-12-17 10:15:00,46.04,58.227978
2018-12-17 10:30:00,49.54,59.96853
2018-12-17 10:45:00,54.14,55.728256
2018-12-17 11:00:00,53.78,54.77098
2018-12-17 11:15:00,52.67,56.680187
2018-12-17 11:30:00,55.84,56.966038
2018-12-17 11:45:00,49.64,60.142593
2018-12-17 12:00:00,54.5,58.51828
2018-12-17 12:15:00,11.12,15.283524
2018-12-17 12:30:00,7.06,11.909639
2018-12-17 12:45:00,7.13,12.244665
2018-12-17 13:00:00,8.21,31.955545
2018-12-17 13:15:00,33.26,50.653263
2018-12-17 13:30:00,56.99,59.814606
2018-12-17 13:45:00,56.59,60.805096
2018-12-17 14:00:00,55.08,63.85427
2018-12-17 14:15:00,51.05,58.78727
2018-12-17 14:30:00,47.95,60.706417
2018-12-17 14:45:00,57.82,60.77253
2018-12-17 15:00:00,59.11,55.121796
2018-12-17 15:15:00,60.62,57.142204
2018-12-17 15:30:00,53.6,55.817177
2018-12-17 15:45:00,60.44,59.778503
2018-12-17 16:00:00,67.5,60.211365
2018-12-17 16:15:00,85.86,62.724785
2018-12-17 16:30:00,82.33,61.610245
2018-12-17 16:45:00,59.8,64.63705
2018-12-17 17:00:00,60.37,65.39438
2018-12-17 17:15:00,56.38,82.43521
2018-12-17 17:30:00,52.99,74.080376
2018-12-17 17:45:00,35.35,37.4318
2018-12-17 18:00:00,31.32,30.989761
2018-12-17 18:15:00,16.09,35.83907
2018-12-17 18:30:00,6.37,49.004692
2018-12-17 18:45:00,5.8,49.533825
2018-12-17 19:00:00,5.54,48.587807
2018-12-17 19:15:00,5.54,17.927961
2018-12-17 19:30:00,5.62,8.158239
2018-12-17 19:45:00,5.54,7.558811
2018-12-17 20:00:00,5.62,6.1613765
2018-12-17 20:15:00,5.54,5.7464933
2018-12-17 20:30:00,4.75,5.382212
2018-12-17 20:45:00,4.46,5.2509823
2018-12-17 21:00:00,4.46,5.3015065
2018-12-17 21:15:00,4.43,5.0043945
2018-12-17 21:30:00,4.43,4.4509525
2018-12-17 21:45:00,4.46,4.295692
2018-12-17 22:00:00,4.46,4.1817074
2018-12-17 22:15:00,4.14,4.146505
2018-12-17 22:30:00,4.18,4.1136084
2018-12-17 22:45:00,4.21,4.1306877
2018-12-17 23:00:00,4.18,4.121278
2018-12-17 23:15:00,4.14,4.030473
2018-12-17 23:30:00,4.07,4.063629
2018-12-17 23:45:00,4.07,4.1203165
2018-12-18 00:00:00,4.14,4.3112407
2018-12-18 00:15:00,5.22,4.2809606
2018-12-18 00:30:00,4.68,4.136308
2018-12-18 00:45:00,4.14,4.073178
2018-12-18 01:00:00,4.1,4.1423807
2018-12-18 01:15:00,4.18,4.155392
2018-12-18 01:30:00,4.07,4.036913
2018-12-18 01:45:00,4.18,4.032047
2018-12-18 02:00:00,4.1,4.003596
2018-12-18 02:15:00,4.18,4.075094
2018-12-18 02:30:00,4.14,4.056352
2018-12-18 02:45:00,4.21,4.1585364
2018-12-18 03:00:00,4.18,4.068622
2018-12-18 03:15:00,3.6,4.093577
2018-12-18 03:30:00,3.42,4.060326
2018-12-18 03:45:00,3.42,4.098012
2018-12-18 04:00:00,3.38,4.201099
2018-12-18 04:15:00,3.42,3.7707186
2018-12-18 04:30:00,3.71,3.445987
2018-12-18 04:45:00,4.18,3.4449005
2018-12-18 05:00:00,3.53,3.4242435
2018-12-18 05:15:00,3.46,3.4336028
2018-12-18 05:30:00,3.38,3.3984606
2018-12-18 05:45:00,4.03,3.442118
2018-12-18 06:00:00,4.14,3.4218256
2018-12-18 06:15:00,3.6,3.3752937
2018-12-18 06:30:00,3.38,3.3284748
2018-12-18 06:45:00,3.35,3.6438398
2018-12-18 07:00:00,3.31,3.5611353
2018-12-18 07:15:00,3.28,3.4691186
2018-12-18 07:30:00,3.42,3.875565
2018-12-18 07:45:00,5.58,4.3852277
2018-12-18 08:00:00,7.27,4.869619
2018-12-18 08:15:00,38.38,35.85222
2018-12-18 08:30:00,72.86,60.066635
2018-12-18 08:45:00,66.42,66.563736
2018-12-18 09:00:00,81.4,71.09409
2018-12-18 09:15:00,66.28,64.506004
2018-12-18 09:30:00,78.3,71.66833
2018-12-18 09:45:00,77.72,67.05819
2018-12-18 10:00:00,74.59,74.258095
2018-12-18 10:15:00,63.04,65.76082
2018-12-18 10:30:00,58.68,72.74353
2018-12-18 10:45:00,62.96,71.873634
2018-12-18 11:00:00,68.36,66.44826
2018-12-18 11:15:00,60.05,65.05195
2018-12-18 11:30:00,58.82,63.853043
2018-12-18 11:45:00,64.73,60.913715
2018-12-18 12:00:00,67.54,58.637768
2018-12-18 12:15:00,8.14,10.166858
2018-12-18 12:30:00,8.64,6.8879805
2018-12-18 12:45:00,8.78,6.8162417
2018-12-18 13:00:00,9.4,9.806588
2018-12-18 13:15:00,52.45,47.09898
2018-12-18 13:30:00,67.46,62.17364
2018-12-18 13:45:00,62.53,61.69817
2018-12-18 14:00:00,62.46,61.276676
2018-12-18 14:15:00,67.18,61.60969
2018-12-18 14:30:00,113.51,64.63475
2018-12-18 14:45:00,99.5,59.21551
2018-12-18 15:00:00,68.0,61.03316
2018-12-18 15:15:00,120.82,62.094955
2018-12-18 15:30:00,79.45,86.14667
2018-12-18 15:45:00,117.68,90.40305
2018-12-18 16:00:00,114.08,72.154655
2018-12-18 16:15:00,106.27,97.6431
2018-12-18 16:30:00,93.28,85.040054
2018-12-18 16:45:00,127.58,91.855
2018-12-18 17:00:00,94.61,94.250496
2018-12-18 17:15:00,101.02,100.18787
2018-12-18 17:30:00,112.14,96.43471
2018-12-18 17:45:00,68.08,56.19368
2018-12-18 18:00:00,15.95,35.279587
2018-12-18 18:15:00,7.16,55.849182
2018-12-18 18:30:00,5.58,91.49627
2018-12-18 18:45:00,5.65,73.0329
2018-12-18 19:00:00,5.0,23.776594
2018-12-18 19:15:00,4.5,17.760637
2018-12-18 19:30:00,4.39,8.100764
2018-12-18 19:45:00,4.43,6.2403736
2018-12-18 20:00:00,4.39,6.6347666
2018-12-18 20:15:00,4.43,4.778467
2018-12-18 20:30:00,4.36,4.5821333
2018-12-18 20:45:00,4.39,4.69148
2018-12-18 21:00:00,4.43,4.665995
2018-12-18 21:15:00,4.39,4.588859
2018-12-18 21:30:00,4.46,4.508808
2018-12-18 21:45:00,4.39,4.507999
2018-12-18 22:00:00,4.39,4.403026
2018-12-18 22:15:00,4.25,4.2436123
2018-12-18 22:30:00,5.18,4.2028384
2018-12-18 22:45:00,5.15,4.1429205
2018-12-18 23:00:00,4.14,4.1471524
2018-12-18 23:15:00,4.14,4.1209507
2018-12-18 23:30:00,4.14,4.1607394
2018-12-18 23:45:00,4.1,4.2149835
2018-12-19 00:00:00,3.92,4.461902
2018-12-19 00:15:00,4.14,4.1005335
2018-12-19 00:30:00,4.14,4.215346
2018-12-19 00:45:00,4.14,4.208289
2018-12-19 01:00:00,4.21,4.0788445
2018-12-19 01:15:00,4.14,4.2025404
2018-12-19 01:30:00,4.14,4.1997933
2018-12-19 01:45:00,4.18,4.1959743
2018-12-19 02:00:00,4.18,4.2293334
2018-12-19 02:15:00,4.93,4.242634
2018-12-19 02:30:00,5.26,4.239128
2018-12-19 02:45:00,4.14,4.2755384
2018-12-19 03:00:00,4.14,4.192766
2018-12-19 03:15:00,4.1,4.294163
2018-12-19 03:30:00,4.25,4.2665763
2018-12-19 03:45:00,3.82,4.1188464
2018-12-19 04:00:00,3.49,4.121683
2018-12-19 04:15:00,3.42,4.106527
2018-12-19 04:30:00,3.42,4.0201197
2018-12-19 04:45:00,3.49,3.912577
2018-12-19 05:00:00,3.38,3.5964615
2018-12-19 05:15:00,3.42,3.45839
2018-12-19 05:30:00,3.38,3.3910878
2018-12-19 05:45:00,3.42,3.5367255
2018-12-19 06:00:00,3.42,3.5524082
2018-12-19 06:15:00,4.07,3.4776638
2018-12-19 06:30:00,4.18,3.430377
2018-12-19 06:45:00,3.96,3.3810554
2018-12-19 07:00:00,4.1,3.5003288
2018-12-19 07:15:00,4.1,3.5433807
2018-12-19 07:30:00,4.07,3.999055
2018-12-19 07:45:00,5.76,4.908069
2018-12-19 08:00:00,6.23,5.517192
2018-12-19 08:15:00,36.14,37.529354
2018-12-19 08:30:00,70.81,74.139565
2018-12-19 08:45:00,59.54,78.910286
2018-12-19 09:00:00,63.86,83.2399
2018-12-19 09:15:00,77.4,73.64776
2018-12-19 09:30:00,65.23,75.27179
2018-12-19 09:45:00,69.3,65.34674
2018-12-19 10:00:00,61.13,65.28754
2018-12-19 10:15:00,61.16,72.47014
2018-12-19 10:30:00,70.42,65.75602
2018-12-19 10:45:00,63.68,65.763115
2018-12-19 11:00:00,83.09,64.142944
2018-12-19 11:15:00,140.8,62.512794
2018-12-19 11:30:00,110.88,65.75722
2018-12-19 11:45:00,115.13,61.613163
2018-12-19 12:00:00,101.99,74.42368
2018-12-19 12:15:00,12.13,11.22925
2018-12-19 12:30:00,6.66,8.780706
2018-12-19 12:45:00,6.8,8.488285
2018-12-19 13:00:00,6.98,15.207903
2018-12-19 13:15:00,62.42,56.459347
2018-12-19 13:30:00,116.46,89.25227
2018-12-19 13:45:00,89.86,97.80246
2018-12-19 14:00:00,98.03,95.63626
2018-12-19 14:15:00,149.18,77.47094
2018-12-19 14:30:00,116.64,84.588905
2018-12-19 14:45:00,105.48,87.0577
2018-12-19 15:00:00,145.22,89.94402
2018-12-19 15:15:00,101.38,84.76716
2018-12-19 15:30:00,130.46,90.064285
2018-12-19 15:45:00,115.24,86.65842
2018-12-19 16:00:00,125.21,94.92209
2018-12-19 16:15:00,133.56,92.44352
2018-12-19 16:30:00,81.65,91.91572
2018-12-19 16:45:00,62.68,90.91162
2018-12-19 17:00:00,125.5,91.95005
2018-12-19 17:15:00,68.0,97.79969
2018-12-19 17:30:00,40.5,89.297035
2018-12-19 17:45:00,31.68,45.355698
2018-12-19 18:00:00,26.82,45.936016
2018-12-19 18:15:00,5.98,47.670685
2018-12-19 18:30:00,5.47,61.641933
2018-12-19 18:45:00,5.54,69.331795
2018-12-19 19:00:00,5.44,53.70808
2018-12-19 19:15:00,5.47,12.387564
2018-12-19 19:30:00,5.47,7.944253
2018-12-19 19:45:00,5.4,7.402905
2018-12-19 20:00:00,5.33,7.7444153
2018-12-19 20:15:00,5.36,6.986728
2018-12-19 20:30:00,5.33,6.8886414
2018-12-19 20:45:00,5.44,7.002399
2018-12-19 21:00:00,5.4,6.3032074
2018-12-19 21:15:00,5.4,6.3162355
2018-12-19 21:30:00,5.04,5.4256067
2018-12-19 21:45:00,4.25,5.3592916
2018-12-19 22:00:00,4.39,5.314263
2018-12-19 22:15:00,4.03,5.1847367
2018-12-19 22:30:00,4.03,5.097555
2018-12-19 22:45:00,3.96,4.7652926
2018-12-19 23:00:00,4.07,4.837299
2018-12-19 23:15:00,4.03,4.756082
2018-12-19 23:30:00,3.92,4.7939377
2018-12-19 23:45:00,3.96,4.6433086
2018-12-20 00:00:00,3.89,4.0878606
2018-12-20 00:15:00,4.03,4.761867
2018-12-20 00:30:00,4.03,4.62521
2018-12-20 00:45:00,4.0,4.633042
2018-12-20 01:00:00,4.0,4.6980658
2018-12-20 01:15:00,4.0,4.696839
2018-12-20 01:30:00,4.1,4.6962023
2018-12-20 01:45:00,4.0,4.6574416
2018-12-20 02:00:00,4.07,4.6931667
2018-12-20 02:15:00,4.43,4.579747
2018-12-20 02:30:00,5.18,4.669448
2018-12-20 02:45:00,4.1,4.387205
2018-12-20 03:00:00,4.0,4.483064
2018-12-20 03:15:00,4.1,4.4838514
2018-12-20 03:30:00,4.03,5.7985497
2018-12-20 03:45:00,4.1,4.442073
2018-12-20 04:00:00,3.31,4.326091
2018-12-20 04:15:00,3.35,4.4802213
2018-12-20 04:30:00,3.46,4.360342
2018-12-20 04:45:00,3.38,4.5964723
2018-12-20 05:00:00,3.35,4.009822
2018-12-20 05:15:00,3.35,4.075136
2018-12-20 05:30:00,3.38,4.0110054
2018-12-20 05:45:00,3.38,4.061281
2018-12-20 06:00:00,3.92,4.0884485
2018-12-20 06:15:00,3.67,4.0327797
2018-12-20 06:30:00,3.35,3.9714885
2018-12-20 06:45:00,4.0,3.9027762
2018-12-20 07:00:00,4.03,4.053562
2018-12-20 07:15:00,3.96,4.136732
2018-12-20 07:30:00,4.18,4.5752487
2018-12-20 07:45:00,4.79,5.328345
2018-12-20 08:00:00,5.87,6.6106873
2018-12-20 08:15:00,39.49,41.82276
2018-12-20 08:30:00,79.85,78.7451
2018-12-20 08:45:00,66.96,81.5194
2018-12-20 09:00:00,63.14,82.21088
2018-12-20 09:15:00,64.12,72.51247
2018-12-20 09:30:00,64.37,80.40968
2018-12-20 09:45:00,83.16,69.279785
2018-12-20 10:00:00,71.14,65.481735
2018-12-20 10:15:00,58.72,63.75102
2018-12-20 10:30:00,68.72,62.35678
2018-12-20 10:45:00,75.53,78.4343
2018-12-20 11:00:00,77.51,71.20496
2018-12-20 11:15:00,64.4,63.348015
2018-12-20 11:30:00,63.0,69.3589
2018-12-20 11:45:00,71.46,72.714
2018-12-20 12:00:00,71.06,74.134476
2018-12-20 12:15:00,16.96,14.185966
2018-12-20 12:30:00,7.67,9.346794
2018-12-20 12:45:00,7.49,9.353268
2018-12-20 13:00:00,6.66,10.302546
2018-12-20 13:15:00,42.7,54.829933
2018-12-20 13:30:00,63.07,67.64383
2018-12-20 13:45:00,71.5,74.0715
2018-12-20 14:00:00,76.9,78.13143
2018-12-20 14:15:00,63.5,62.99265
2018-12-20 14:30:00,78.41,61.93149
2018-12-20 14:45:00,73.4,70.5907
2018-12-20 15:00:00,64.44,70.25409
2018-12-20 15:15:00,60.26,62.914635
2018-12-20 15:30:00,58.9,73.53987
2018-12-20 15:45:00,60.59,69.9752
2018-12-20 16:00:00,56.92,60.92912
2018-12-20 16:15:00,60.08,62.81421
2018-12-20 16:30:00,58.68,62.438847
2018-12-20 16:45:00,57.56,60.03717
2018-12-20 17:00:00,46.51,57.32769
2018-12-20 17:15:00,58.07,64.126724
2018-12-20 17:30:00,41.22,62.55195
2018-12-20 17:45:00,41.51,36.701153
2018-12-20 18:00:00,24.8,31.936249
2018-12-20 18:15:00,5.44,44.162853
2018-12-20 18:30:00,5.18,44.32821
2018-12-20 18:45:00,5.29,43.306046
2018-12-20 19:00:00,5.29,28.172558
2018-12-20 19:15:00,5.29,6.148973
2018-12-20 19:30:00,4.18,5.5003023
2018-12-20 19:45:00,4.07,5.5483747
2018-12-20 20:00:00,4.1,5.616484
2018-12-20 20:15:00,4.07,5.2011847
2018-12-20 20:30:00,4.18,4.4207726
2018-12-20 20:45:00,4.1,4.3755093
2018-12-20 21:00:00,4.1,4.202317
2018-12-20 21:15:00,4.14,4.1662602
2018-12-20 21:30:00,4.14,4.2074933
2018-12-20 21:45:00,4.21,4.1886935
2018-12-20 22:00:00,4.18,4.0578923
2018-12-20 22:15:00,3.85,4.0139694
2018-12-20 22:30:00,3.85,4.048437
2018-12-20 22:45:00,4.64,4.0835795
2018-12-20 23:00:00,5.04,4.138056
2018-12-20 23:15:00,4.07,3.87003
2018-12-20 23:30:00,3.82,3.7434814
2018-12-20 23:45:00,3.85,4.0231476
2018-12-21 00:00:00,3.92,4.1007466
2018-12-21 00:15:00,3.89,4.0052314
2018-12-21 00:30:00,3.85,3.8438547
2018-12-21 00:45:00,3.89,3.9228137
2018-12-21 01:00:00,3.89,3.9396904
2018-12-21 01:15:00,3.96,3.9448159
2018-12-21 01:30:00,3.89,3.886339
2018-12-21 01:45:00,3.89,3.8947587
2018-12-21 02:00:00,3.89,3.8337634
2018-12-21 02:15:00,3.92,3.7840595
2018-12-21 02:30:00,3.92,3.8097897
2018-12-21 02:45:00,3.92,3.759949
2018-12-21 03:00:00,3.96,3.7478178
2018-12-21 03:15:00,4.79,3.859296
2018-12-21 03:30:00,4.5,3.811075
2018-12-21 03:45:00,3.24,3.7045197
2018-12-21 04:00:00,3.28,3.6043606
2018-12-21 04:15:00,3.24,3.873586
2018-12-21 04:30:00,3.24,3.8131435
2018-12-21 04:45:00,3.28,3.3501167
2018-12-21 05:00:00,3.28,3.3188555
2018-12-21 05:15:00,3.28,3.3026068
2018-12-21 05:30:00,3.2,3.3768685
2018-12-21 05:45:00,3.24,3.3523567
2018-12-21 06:00:00,3.2,3.353126
2018-12-21 06:15:00,3.67,3.3887482
2018-12-21 06:30:00,3.96,3.347456
2018-12-21 06:45:00,3.92,3.3360026
2018-12-21 07:00:00,3.89,3.3245702
2018-12-21 07:15:00,3.67,3.2894886
2018-12-21 07:30:00,3.17,3.8760872
2018-12-21 07:45:00,5.44,4.0969834
2018-12-21 08:00:00,6.77,4.8626904
2018-12-21 08:15:00,28.8,33.83483
2018-12-21 08:30:00,54.22,63.685616
2018-12-21 08:45:00,56.41,64.994576
2018-12-21 09:00:00,56.74,67.03626
2018-12-21 09:15:00,43.78,61.15511
2018-12-21 09:30:00,47.52,64.64704
2018-12-21 09:45:00,56.2,59.51178
2018-12-21 10:00:00,51.59,56.77763
2018-12-21 10:15:00,66.64,53.699486
2018-12-21 10:30:00,53.14,56.447815
2018-12-21 10:45:00,58.54,55.140972
2018-12-21 11:00:00,73.12,55.072765
2018-12-21 11:15:00,67.79,54.6488
2018-12-21 11:30:00,65.59,60.517918
2018-12-21 11:45:00,57.85,60.062214
2018-12-21 12:00:00,58.9,61.657158
2018-12-21 12:15:00,7.42,12.08544
2018-12-21 12:30:00,8.35,7.2755446
2018-12-21 12:45:00,7.67,6.887785
2018-12-21 13:00:00,7.2,7.0558786
2018-12-21 13:15:00,39.74,44.258595
2018-12-21 13:30:00,58.03,59.56062
2018-12-21 13:45:00,63.97,57.7304
2018-12-21 14:00:00,56.34,58.395657
2018-12-21 14:15:00,69.62,51.547615
2018-12-21 14:30:00,60.34,56.058155
2018-12-21 14:45:00,57.74,60.463505
2018-12-21 15:00:00,68.04,56.39396
2018-12-21 15:15:00,67.68,60.999046
2018-12-21 15:30:00,58.32,58.556297
2018-12-21 15:45:00,65.48,59.861183
2018-12-21 16:00:00,63.0,62.172817
2018-12-21 16:15:00,69.73,62.588062
2018-12-21 16:30:00,59.69,59.28316
2018-12-21 16:45:00,63.32,59.880882
2018-12-21 17:00:00,62.32,58.49247
2018-12-21 17:15:00,52.78,59.921764
2018-12-21 17:30:00,45.86,54.682457
2018-12-21 17:45:00,30.78,33.774532
2018-12-21 18:00:00,8.21,28.753494
2018-12-21 18:15:00,5.51,30.50384
2018-12-21 18:30:00,5.4,33.943974
2018-12-21 18:45:00,5.62,32.463078
2018-12-21 19:00:00,5.54,5.415859
2018-12-21 19:15:00,5.54,4.9077225
2018-12-21 19:30:00,5.51,5.04603
2018-12-21 19:45:00,5.47,5.066207
2018-12-21 20:00:00,5.54,4.9880757
2018-12-21 20:15:00,5.47,4.854932
2018-12-21 20:30:00,5.44,4.8252177
2018-12-21 20:45:00,5.47,4.9950457
2018-12-21 21:00:00,5.44,4.9998584
2018-12-21 21:15:00,5.54,4.9746704
2018-12-21 21:30:00,5.4,4.4687643
2018-12-21 21:45:00,5.44,4.411802
2018-12-21 22:00:00,5.44,4.4500313
2018-12-21 22:15:00,5.18,4.284038
2018-12-21 22:30:00,5.26,4.216149
2018-12-21 22:45:00,5.15,4.254526
2018-12-21 23:00:00,5.15,4.267273
2018-12-21 23:15:00,5.11,4.2447376
2018-12-21 23:30:00,4.57,4.1739235
2018-12-21 23:45:00,4.0,4.243341
2018-12-22 00:00:00,3.31,3.9822917
2018-12-22 00:15:00,4.0,4.3148417
2018-12-22 00:30:00,4.0,4.0749145
2018-12-22 00:45:00,4.0,3.8615594
2018-12-22 01:00:00,4.1,3.4702184
2018-12-22 01:15:00,3.96,3.6859705
2018-12-22 01:30:00,4.03,3.6853049
2018-12-22 01:45:00,4.03,3.6296327
2018-12-22 02:00:00,3.96,3.5349958
2018-12-22 02:15:00,4.07,3.7985306
2018-12-22 02:30:00,4.07,3.823869
2018-12-22 02:45:00,3.67,3.8552496
2018-12-22 03:00:00,3.31,3.7909524
2018-12-22 03:15:00,3.82,3.7617571
2018-12-22 03:30:00,4.07,3.851055
2018-12-22 03:45:00,3.42,3.5839026
2018-12-22 04:00:00,3.38,3.2274172
2018-12-22 04:15:00,3.31,3.5342455
2018-12-22 04:30:00,3.38,3.5339036
2018-12-22 04:45:00,3.35,3.3041165
2018-12-22 05:00:00,3.38,3.2369153
2018-12-22 05:15:00,3.42,3.2118866
2018-12-22 05:30:00,3.96,3.2772179
2018-12-22 05:45:00,4.07,3.264491
2018-12-22 06:00:00,4.07,3.2591677
2018-12-22 06:15:00,4.0,3.3126655
2018-12-22 06:30:00,3.38,3.294446
2018-12-22 06:45:00,3.35,3.3850906
2018-12-22 07:00:00,3.35,3.4424107
2018-12-22 07:15:00,3.31,3.7032287
2018-12-22 07:30:00,3.85,3.5151002
2018-12-22 07:45:00,4.03,3.5989118
2018-12-22 08:00:00,3.35,3.4893625
2018-12-22 08:15:00,3.31,16.023098
2018-12-22 08:30:00,3.24,38.00718
2018-12-22 08:45:00,3.38,35.305916
2018-12-22 09:00:00,3.82,33.663593
2018-12-22 09:15:00,4.28,4.7976737
2018-12-22 09:30:00,4.28,4.233631
2018-12-22 09:45:00,4.32,4.5179396
2018-12-22 10:00:00,4.21,4.0788484
2018-12-22 10:15:00,3.6,4.1861496
2018-12-22 10:30:00,3.6,4.1043816
2018-12-22 10:45:00,3.6,3.9433918
2018-12-22 11:00:00,3.6,4.588702
2018-12-22 11:15:00,3.6,3.8793957
2018-12-22 11:30:00,3.6,3.8327231
2018-12-22 11:45:00,3.6,3.9729226
2018-12-22 12:00:00,3.6,3.808422
2018-12-22 12:15:00,3.71,3.8461401
2018-12-22 12:30:00,4.39,3.8819835
2018-12-22 12:45:00,4.1,3.9462347
2018-12-22 13:00:00,3.71,3.980242
2018-12-22 13:15:00,4.28,3.9948435
2018-12-22 13:30:00,4.25,3.9597404
2018-12-22 13:45:00,4.25,4.2590446
2018-12-22 14:00:00,4.21,4.257
2018-12-22 14:15:00,3.67,4.356818
2018-12-22 14:30:00,3.46,4.3967957
2018-12-22 14:45:00,3.49,4.408791
2018-12-22 15:00:00,3.53,4.655182
2018-12-22 15:15:00,3.56,4.4525456
2018-12-22 15:30:00,3.53,3.8222253
2018-12-22 15:45:00,3.56,3.7851484
2018-12-22 16:00:00,3.56,3.6875072
2018-12-22 16:15:00,3.49,4.0394096
2018-12-22 16:30:00,3.53,3.596567
2018-12-22 16:45:00,3.56,3.617994
2018-12-22 17:00:00,4.68,3.7687573
2018-12-22 17:15:00,5.44,3.5310874
2018-12-22 17:30:00,4.46,3.558911
2018-12-22 17:45:00,4.28,3.6659126
2018-12-22 18:00:00,4.07,3.5771155
2018-12-22 18:15:00,3.6,3.8630965
2018-12-22 18:30:00,3.67,3.653396
2018-12-22 18:45:00,3.67,3.7899642
2018-12-22 19:00:00,3.71,3.991074
2018-12-22 19:15:00,3.74,3.777705
2018-12-22 19:30:00,3.71,3.678856
2018-12-22 19:45:00,3.74,3.6853776
2018-12-22 20:00:00,3.67,3.8148012
2018-12-22 20:15:00,3.67,3.7489364
2018-12-22 20:30:00,3.67,3.749041
2018-12-22 20:45:00,3.67,3.8112955
2018-12-22 21:00:00,4.18,3.7599936
2018-12-22 21:15:00,4.61,3.7407036
2018-12-22 21:30:00,5.51,3.7223141
2018-12-22 21:45:00,4.43,3.7302232
2018-12-22 22:00:00,4.1,3.6557379
2018-12-22 22:15:00,3.46,3.6930397
2018-12-22 22:30:00,3.38,3.6667502
2018-12-22 22:45:00,3.42,3.6940846
2018-12-22 23:00:00,3.38,3.761531
2018-12-22 23:15:00,3.35,3.2897582
2018-12-22 23:30:00,3.31,3.164662
2018-12-22 23:45:00,3.31,3.233984
2018-12-23 00:00:00,3.78,3.3553927
2018-12-23 00:15:00,3.31,3.2299497
2018-12-23 00:30:00,3.35,3.2468646
2018-12-23 00:45:00,3.42,3.2393818
2018-12-23 01:00:00,4.93,3.234429
2018-12-23 01:15:00,4.93,3.2092512
2018-12-23 01:30:00,4.14,3.2067618
2018-12-23 01:45:00,4.07,3.2411425
2018-12-23 02:00:00,3.49,3.6208553
2018-12-23 02:15:00,3.46,3.6039498
2018-12-23 02:30:00,3.49,3.4699657
2018-12-23 02:45:00,3.42,3.4729033
2018-12-23 03:00:00,3.42,3.5266874
2018-12-23 03:15:00,3.46,3.402552
2018-12-23 03:30:00,3.42,3.336111
2018-12-23 03:45:00,3.53,3.279182
2018-12-23 04:00:00,3.46,3.287861
2018-12-23 04:15:00,3.42,3.3397338
2018-12-23 04:30:00,3.6,3.3265097
2018-12-23 04:45:00,4.14,3.3097794
2018-12-23 05:00:00,5.18,3.3597155
2018-12-23 05:15:00,4.64,3.353516
2018-12-23 05:30:00,4.1,3.4251728
2018-12-23 05:45:00,3.49,3.3872764
2018-12-23 06:00:00,3.38,3.3500342
2018-12-23 06:15:00,3.35,3.3269103
2018-12-23 06:30:00,3.46,3.4888651
2018-12-23 06:45:00,3.38,3.3920443
2018-12-23 07:00:00,3.38,3.27003
2018-12-23 07:15:00,3.38,3.2660444
2018-12-23 07:30:00,3.38,3.2313707
2018-12-23 07:45:00,3.42,3.424609
2018-12-23 08:00:00,3.49,3.4241867
2018-12-23 08:15:00,4.07,3.5397563
2018-12-23 08:30:00,4.97,5.030259
2018-12-23 08:45:00,4.82,3.5650516
2018-12-23 09:00:00,4.28,4.244132
2018-12-23 09:15:00,3.92,3.6829035
2018-12-23 09:30:00,3.71,4.096337
2018-12-23 09:45:00,3.64,4.1516123
2018-12-23 10:00:00,3.64,3.9956737
2018-12-23 10:15:00,3.67,4.20495
2018-12-23 10:30:00,3.71,4.0944123
2018-12-23 10:45:00,3.71,3.8753011
2018-12-23 11:00:00,3.74,3.7733204
2018-12-23 11:15:00,3.78,3.6866782
2018-12-23 11:30:00,3.71,3.7485518
2018-12-23 11:45:00,3.74,3.7605784
2018-12-23 12:00:00,3.96,3.8109348
2018-12-23 12:15:00,4.86,3.8456745
2018-12-23 12:30:00,5.54,3.8373027
2018-12-23 12:45:00,4.54,3.8530881
2018-12-23 13:00:00,4.36,3.847393
2018-12-23 13:15:00,3.67,4.229185
2018-12-23 13:30:00,3.67,4.67548
2018-12-23 13:45:00,3.67,4.190835
2018-12-23 14:00:00,3.67,4.2219267
2018-12-23 14:15:00,3.71,3.9234936
2018-12-23 14:30:00,3.67,3.9726355
2018-12-23 14:45:00,3.67,3.8367376
2018-12-23 15:00:00,3.67,4.0652804
2018-12-23 15:15:00,3.64,3.8897648
2018-12-23 15:30:00,3.67,3.8507965
2018-12-23 15:45:00,3.74,3.879878
2018-12-23 16:00:00,4.36,3.8923383
2018-12-23 16:15:00,4.36,3.9857519
2018-12-23 16:30:00,5.0,3.8852434
2018-12-23 16:45:00,5.33,3.768267
2018-12-23 17:00:00,3.6,3.7833226
2018-12-23 17:15:00,3.56,3.8345041
2018-12-23 17:30:00,3.6,4.010812
2018-12-23 17:45:00,3.67,3.9567437
2018-12-23 18:00:00,3.49,3.5716112
2018-12-23 18:15:00,3.49,3.5702505
2018-12-23 18:30:00,3.49,3.4662037
2018-12-23 18:45:00,3.64,3.740084
2018-12-23 19:00:00,3.64,3.5964465
2018-12-23 19:15:00,4.03,3.5109022
2018-12-23 19:30:00,4.25,3.5221596
2018-12-23 19:45:00,4.28,3.6409225
2018-12-23 20:00:00,4.25,3.5885158
2018-12-23 20:15:00,4.0,3.4698162
2018-12-23 20:30:00,3.49,3.4929433
2018-12-23 20:45:00,4.21,3.6858158
2018-12-23 21:00:00,4.14,3.9961338
2018-12-23 21:15:00,3.49,3.996242
2018-12-23 21:30:00,3.42,3.4589012
2018-12-23 21:45:00,3.46,3.8546174
2018-12-23 22:00:00,3.53,3.801487
2018-12-23 22:15:00,3.2,3.3507779
2018-12-23 22:30:00,3.2,3.2706647
2018-12-23 22:45:00,3.2,3.261974
2018-12-23 23:00:00,3.96,3.2421076
2018-12-23 23:15:00,4.0,3.1055717
2018-12-23 23:30:00,4.0,3.1559856
2018-12-23 23:45:00,4.0,3.157771
2018-12-24 00:00:00,3.78,3.4956129
2018-12-24 00:15:00,3.35,3.3199077
2018-12-24 00:30:00,3.38,3.3744106
2018-12-24 00:45:00,3.38,3.564304
2018-12-24 01:00:00,3.96,3.7719579
2018-12-24 01:15:00,3.89,3.3715694
2018-12-24 01:30:00,3.38,3.3333762
2018-12-24 01:45:00,3.35,3.3056805
2018-12-24 02:00:00,3.49,3.4540575
2018-12-24 02:15:00,3.38,3.3832223
2018-12-24 02:30:00,3.42,3.3139615
2018-12-24 02:45:00,4.0,3.2879975
2018-12-24 03:00:00,4.07,3.303571
2018-12-24 03:15:00,4.14,3.3428361
2018-12-24 03:30:00,4.1,3.3173194
2018-12-24 03:45:00,3.96,3.339964
2018-12-24 04:00:00,3.35,3.3249187
2018-12-24 04:15:00,3.38,3.262027
2018-12-24 04:30:00,3.64,3.4637616
2018-12-24 04:45:00,4.07,3.6659827
2018-12-24 05:00:00,3.42,3.334983
2018-12-24 05:15:00,3.31,3.2971299
2018-12-24 05:30:00,3.35,3.4069278
2018-12-24 05:45:00,3.35,3.4031692
2018-12-24 06:00:00,3.35,3.3560834
2018-12-24 06:15:00,3.38,3.2746751
2018-12-24 06:30:00,3.6,3.2539012
2018-12-24 06:45:00,4.03,3.2783961
2018-12-24 07:00:00,4.0,3.2752583
2018-12-24 07:15:00,3.96,3.4162178
2018-12-24 07:30:00,4.54,3.9215477
2018-12-24 07:45:00,5.36,4.340563
2018-12-24 08:00:00,6.52,4.7639103
2018-12-24 08:15:00,21.89,36.069458
2018-12-24 08:30:00,59.62,67.42914
2018-12-24 08:45:00,64.58,66.33239
2018-12-24 09:00:00,67.18,76.90164
2018-12-24 09:15:00,69.44,63.897247
2018-12-24 09:30:00,65.38,65.26839
2018-12-24 09:45:00,67.0,64.17431
2018-12-24 10:00:00,56.27,62.90685
2018-12-24 10:15:00,54.18,63.80869
2018-12-24 10:30:00,58.39,64.53915
2018-12-24 10:45:00,54.86,64.09069
2018-12-24 11:00:00,54.18,63.76565
2018-12-24 11:15:00,55.55,70.5297
2018-12-24 11:30:00,53.21,65.05061
2018-12-24 11:45:00,53.03,61.787216
2018-12-24 12:00:00,40.64,58.175186
2018-12-24 12:15:00,6.91,8.421374
2018-12-24 12:30:00,6.91,6.429529
2018-12-24 12:45:00,6.48,6.433547
2018-12-24 13:00:00,6.12,7.0409994
2018-12-24 13:15:00,34.49,42.063164
2018-12-24 13:30:00,46.98,58.860737
2018-12-24 13:45:00,38.2,59.55036
2018-12-24 14:00:00,37.84,59.904068
2018-12-24 14:15:00,43.45,65.67103
2018-12-24 14:30:00,63.9,63.4628
2018-12-24 14:45:00,38.48,59.011917
2018-12-24 15:00:00,38.12,59.97296
2018-12-24 15:15:00,45.25,55.885468
2018-12-24 15:30:00,51.12,62.75324
2018-12-24 15:45:00,45.72,58.15277
2018-12-24 16:00:00,51.7,58.26747
2018-12-24 16:15:00,47.2,58.954304
2018-12-24 16:30:00,69.55,56.77213
2018-12-24 16:45:00,44.82,56.309425
2018-12-24 17:00:00,40.86,52.964108
2018-12-24 17:15:00,33.66,53.29354
2018-12-24 17:30:00,9.86,58.725483
2018-12-24 17:45:00,6.73,37.48082
2018-12-24 18:00:00,5.29,34.698174
2018-12-24 18:15:00,5.22,33.82844
2018-12-24 18:30:00,5.18,4.9104815
2018-12-24 18:45:00,5.33,5.031582
2018-12-24 19:00:00,5.04,4.578072
2018-12-24 19:15:00,4.14,4.6307898
2018-12-24 19:30:00,4.18,4.6871552
2018-12-24 19:45:00,4.1,4.8345118
2018-12-24 20:00:00,4.18,4.827773
2018-12-24 20:15:00,4.1,4.0423203
2018-12-24 20:30:00,4.14,4.0231166
2018-12-24 20:45:00,4.21,3.9912217
2018-12-24 21:00:00,4.18,4.1085424
2018-12-24 21:15:00,4.18,4.0131574
2018-12-24 21:30:00,4.14,4.0232043
2018-12-24 21:45:00,4.18,4.027588
2018-12-24 22:00:00,5.4,3.977436
2018-12-24 22:15:00,4.5,3.9546723
2018-12-24 22:30:00,3.92,3.9074152
2018-12-24 22:45:00,3.89,3.9544086
2018-12-24 23:00:00,3.85,3.8726454
2018-12-24 23:15:00,3.85,3.8329585
2018-12-24 23:30:00,3.82,3.6873028
2018-12-24 23:45:00,3.85,3.7834785
2018-12-25 00:00:00,3.13,4.4160457
2018-12-25 00:15:00,3.85,3.8563983
2018-12-25 00:30:00,3.92,3.805301
2018-12-25 00:45:00,3.89,3.7812498
2018-12-25 01:00:00,3.85,3.316332
2018-12-25 01:15:00,3.56,3.5278463
2018-12-25 01:30:00,3.2,3.5798268
2018-12-25 01:45:00,3.92,3.5643246
2018-12-25 02:00:00,3.64,3.5470316
2018-12-25 02:15:00,3.17,3.625884
2018-12-25 02:30:00,3.17,3.2123055
2018-12-25 02:45:00,3.2,3.4908414
2018-12-25 03:00:00,3.24,3.481011
2018-12-25 03:15:00,3.2,3.1797132
2018-12-25 03:30:00,3.2,3.188834
2018-12-25 03:45:00,3.28,3.139983
2018-12-25 04:00:00,3.96,3.2225022
2018-12-25 04:15:00,3.96,3.2337947
2018-12-25 04:30:00,3.92,3.2606518
2018-12-25 04:45:00,3.89,3.3052268
2018-12-25 05:00:00,3.35,3.1693847
2018-12-25 05:15:00,3.24,3.299653
2018-12-25 05:30:00,3.35,3.3132737
2018-12-25 05:45:00,3.96,3.6127846
2018-12-25 06:00:00,3.71,3.3457797
2018-12-25 06:15:00,3.17,3.189223
2018-12-25 06:30:00,3.2,3.1928036
2018-12-25 06:45:00,3.2,3.3060415
2018-12-25 07:00:00,3.17,3.3460073
2018-12-25 07:15:00,3.24,3.0972848
2018-12-25 07:30:00,3.85,3.4045591
2018-12-25 07:45:00,3.92,4.2197075
2018-12-25 08:00:00,3.89,4.2473063
2018-12-25 08:15:00,3.89,31.809593
2018-12-25 08:30:00,3.49,60.027298
2018-12-25 08:45:00,3.24,61.21243
2018-12-25 09:00:00,3.38,63.93309
2018-12-25 09:15:00,3.49,24.208136
2018-12-25 09:30:00,3.46,9.4144745
2018-12-25 09:45:00,3.82,13.173922
2018-12-25 10:00:00,3.96,7.4437537
2018-12-25 10:15:00,3.42,6.9077487
2018-12-25 10:30:00,3.53,4.8914094
2018-12-25 10:45:00,3.46,7.0782824
2018-12-25 11:00:00,3.46,5.091122
2018-12-25 11:15:00,3.78,4.1448593
2018-12-25 11:30:00,4.18,3.9862018
2018-12-25 11:45:00,4.28,3.860177
2018-12-25 12:00:00,4.18,3.5414743
2018-12-25 12:15:00,4.07,4.0351276
2018-12-25 12:30:00,3.56,4.1686397
2018-12-25 12:45:00,3.53,4.056693
2018-12-25 13:00:00,3.53,4.398738
2018-12-25 13:15:00,5.04,6.162884
2018-12-25 13:30:00,4.07,4.7731056
2018-12-25 13:45:00,3.42,6.1644454
2018-12-25 14:00:00,3.42,6.833494
2018-12-25 14:15:00,3.49,26.847656
2018-12-25 14:30:00,3.46,9.042177
2018-12-25 14:45:00,3.53,4.566278
2018-12-25 15:00:00,4.14,6.1091166
2018-12-25 15:15:00,4.14,4.393248
2018-12-25 15:30:00,4.14,3.741615
2018-12-25 15:45:00,4.1,3.6701179
2018-12-25 16:00:00,3.67,4.2643704
2018-12-25 16:15:00,3.46,4.377679
2018-12-25 16:30:00,3.42,4.142167
2018-12-25 16:45:00,3.46,4.0092797
2018-12-25 17:00:00,3.42,3.776484
2018-12-25 17:15:00,3.46,3.5427008
2018-12-25 17:30:00,4.0,3.4685876
2018-12-25 17:45:00,4.0,3.4869754
2018-12-25 18:00:00,3.38,3.5340242
2018-12-25 18:15:00,3.38,3.450155
2018-12-25 18:30:00,3.74,3.340608
2018-12-25 18:45:00,4.1,3.4039416
2018-12-25 19:00:00,4.18,3.2831523
2018-12-25 19:15:00,4.1,3.3026862
2018-12-25 19:30:00,4.18,3.5539453
2018-12-25 19:45:00,3.64,3.6471446
2018-12-25 20:00:00,3.46,3.4380243
2018-12-25 20:15:00,3.46,3.5943005
2018-12-25 20:30:00,3.38,3.937568
2018-12-25 20:45:00,3.42,3.5792742
2018-12-25 21:00:00,3.42,3.4863644
2018-12-25 21:15:00,3.42,3.4261086
2018-12-25 21:30:00,4.03,3.3723636
2018-12-25 21:45:00,4.14,3.3968163
2018-12-25 22:00:00,3.49,3.409521
2018-12-25 22:15:00,3.2,3.3665388
2018-12-25 22:30:00,3.85,3.218251
2018-12-25 22:45:00,3.89,3.2448406
2018-12-25 23:00:00,3.89,3.2025626
2018-12-25 23:15:00,3.85,3.0389693
2018-12-25 23:30:00,3.64,3.35286
2018-12-25 23:45:00,3.31,3.404441
2018-12-26 00:00:00,3.67,3.516588
2018-12-26 00:15:00,3.24,3.5759337
2018-12-26 00:30:00,3.24,3.5944107
2018-12-26 00:45:00,3.2,3.2551482
2018-12-26 01:00:00,3.31,3.4883215
2018-12-26 01:15:00,3.24,3.2483916
2018-12-26 01:30:00,3.28,3.202555
2018-12-26 01:45:00,3.24,3.1893668
2018-12-26 02:00:00,3.24,3.2710998
2018-12-26 02:15:00,3.78,3.3261695
2018-12-26 02:30:00,3.96,3.3302557
2018-12-26 02:45:00,4.97,3.3113096
2018-12-26 03:00:00,4.36,3.3451223
2018-12-26 03:15:00,3.71,3.204787
2018-12-26 03:30:00,3.28,3.26469
2018-12-26 03:45:00,3.31,3.5146177
2018-12-26 04:00:00,3.28,3.358623
2018-12-26 04:15:00,3.28,3.3313904
2018-12-26 04:30:00,3.2,3.1560826
2018-12-26 04:45:00,3.24,3.1949615
2018-12-26 05:00:00,3.28,3.1530347
2018-12-26 05:15:00,3.2,3.28511
2018-12-26 05:30:00,3.24,3.2171407
2018-12-26 05:45:00,3.2,3.2703514
2018-12-26 06:00:00,4.79,3.2621808
2018-12-26 06:15:00,4.86,3.3260276
2018-12-26 06:30:00,3.92,3.352832
2018-12-26 06:45:00,3.82,3.383569
2018-12-26 07:00:00,3.35,3.4514275
2018-12-26 07:15:00,3.17,3.6399086
2018-12-26 07:30:00,3.42,3.5433953
2018-12-26 07:45:00,4.82,4.318386
2018-12-26 08:00:00,5.0,4.5241957
2018-12-26 08:15:00,34.52,8.615934
2018-12-26 08:30:00,48.06,27.990479
2018-12-26 08:45:00,78.23,45.59075
2018-12-26 09:00:00,51.08,48.988567
2018-12-26 09:15:00,70.99,66.1872
2018-12-26 09:30:00,65.74,62.391068
2018-12-26 09:45:00,52.96,77.0886
2018-12-26 10:00:00,55.44,61.040855
2018-12-26 10:15:00,52.06,69.84159
2018-12-26 10:30:00,57.64,65.239105
2018-12-26 10:45:00,62.21,63.10486
2018-12-26 11:00:00,45.58,61.007008
2018-12-26 11:15:00,54.58,71.656654
2018-12-26 11:30:00,55.15,60.20073
2018-12-26 11:45:00,58.64,62.548653
2018-12-26 12:00:00,31.28,56.752705
2018-12-26 12:15:00,6.77,7.110523
2018-12-26 12:30:00,7.09,5.9692655
2018-12-26 12:45:00,6.95,5.9918575
2018-12-26 13:00:00,6.41,5.851703
2018-12-26 13:15:00,20.66,42.81945
2018-12-26 13:30:00,59.9,57.83259
2018-12-26 13:45:00,55.3,58.59793
2018-12-26 14:00:00,51.41,58.001724
2018-12-26 14:15:00,57.02,69.85209
2018-12-26 14:30:00,43.06,68.23524
2018-12-26 14:45:00,41.4,59.07932
2018-12-26 15:00:00,52.92,64.18529
2018-12-26 15:15:00,53.42,56.547314
2018-12-26 15:30:00,40.68,57.19193
2018-12-26 15:45:00,40.64,54.02145
2018-12-26 16:00:00,41.47,56.58076
2018-12-26 16:15:00,56.2,56.72895
2018-12-26 16:30:00,59.04,51.864178
2018-12-26 16:45:00,54.68,50.882774
2018-12-26 17:00:00,57.67,51.60397
2018-12-26 17:15:00,54.79,53.59031
2018-12-26 17:30:00,34.42,50.263878
2018-12-26 17:45:00,9.5,35.344055
2018-12-26 18:00:00,5.22,33.771294
2018-12-26 18:15:00,5.04,32.21071
2018-12-26 18:30:00,5.04,33.52361
2018-12-26 18:45:00,5.08,5.0814266
2018-12-26 19:00:00,5.08,4.674407
2018-12-26 19:15:00,4.68,4.650342
2018-12-26 19:30:00,3.92,4.770902
2018-12-26 19:45:00,3.89,4.7848263
2018-12-26 20:00:00,3.85,4.7132325
2018-12-26 20:15:00,3.89,4.5376415
2018-12-26 20:30:00,3.89,3.907406
2018-12-26 20:45:00,3.96,3.8551373
2018-12-26 21:00:00,3.89,3.8740277
2018-12-26 21:15:00,3.96,3.8043602
2018-12-26 21:30:00,4.0,3.837838
2018-12-26 21:45:00,3.96,3.7801933
2018-12-26 22:00:00,4.07,3.6654394
2018-12-26 22:15:00,4.0,3.7073338
2018-12-26 22:30:00,4.9,3.6881897
2018-12-26 22:45:00,4.1,3.7312992
2018-12-26 23:00:00,3.71,3.7251058
2018-12-26 23:15:00,3.74,3.635018
2018-12-26 23:30:00,3.64,3.737801
2018-12-26 23:45:00,3.67,3.7417836
2018-12-27 00:00:00,3.74,3.781466
2018-12-27 00:15:00,3.64,3.6625
2018-12-27 00:30:00,3.74,3.6245456
2018-12-27 00:45:00,3.71,3.6982613
2018-12-27 01:00:00,3.71,3.5978084
2018-12-27 01:15:00,3.67,3.5936992
2018-12-27 01:30:00,3.67,3.6155415
2018-12-27 01:45:00,3.78,3.6333745
2018-12-27 02:00:00,4.18,3.6177483
2018-12-27 02:15:00,4.86,3.6098258
2018-12-27 02:30:00,4.21,3.6594768
2018-12-27 02:45:00,3.71,3.6314206
2018-12-27 03:00:00,3.78,3.5237627
2018-12-27 03:15:00,3.67,3.618568
2018-12-27 03:30:00,3.71,3.655216
2018-12-27 03:45:00,3.24,3.502923
2018-12-27 04:00:00,3.02,3.5669048
2018-12-27 04:15:00,2.99,3.5401278
2018-12-27 04:30:00,2.99,3.5545635
2018-12-27 04:45:00,2.95,3.206408
2018-12-27 05:00:00,2.95,3.0775802
2018-12-27 05:15:00,2.95,3.0553262
2018-12-27 05:30:00,2.95,3.0464044
2018-12-27 05:45:00,2.95,3.0986257
2018-12-27 06:00:00,3.42,3.2258542
2018-12-27 06:15:00,3.74,3.1975818
2018-12-27 06:30:00,4.86,3.0875006
2018-12-27 06:45:00,4.21,3.2925422
2018-12-27 07:00:00,3.6,3.142953
2018-12-27 07:15:00,2.88,3.1505537
2018-12-27 07:30:00,3.2,3.5834274
2018-12-27 07:45:00,4.9,4.0906153
2018-12-27 08:00:00,5.65,4.3914175
2018-12-27 08:15:00,32.0,34.65372
2018-12-27 08:30:00,52.63,58.78999
2018-12-27 08:45:00,73.66,62.477173
2018-12-27 09:00:00,63.47,62.540398
2018-12-27 09:15:00,56.77,61.02367
2018-12-27 09:30:00,53.93,60.9736
2018-12-27 09:45:00,59.4,71.6881
2018-12-27 10:00:00,76.03,61.806526
2018-12-27 10:15:00,47.81,60.3383
2018-12-27 10:30:00,45.83,60.74318
2018-12-27 10:45:00,52.63,58.34489
2018-12-27 11:00:00,68.69,66.629654
2018-12-27 11:15:00,51.16,58.96975
2018-12-27 11:30:00,51.52,57.377823
2018-12-27 11:45:00,54.83,56.853016
2018-12-27 12:00:00,59.62,51.889065
2018-12-27 12:15:00,13.54,7.63369
2018-12-27 12:30:00,6.62,6.5037465
2018-12-27 12:45:00,6.59,6.02769
2018-12-27 13:00:00,17.82,6.1117964
2018-12-27 13:15:00,40.57,41.78654
2018-12-27 13:30:00,43.7,55.825054
2018-12-27 13:45:00,46.84,55.325127
2018-12-27 14:00:00,53.32,54.619076
2018-12-27 14:15:00,55.01,56.075443
2018-12-27 14:30:00,61.74,55.05588
2018-12-27 14:45:00,54.14,53.660492
2018-12-27 15:00:00,53.5,51.53604
2018-12-27 15:15:00,44.75,52.757515
2018-12-27 15:30:00,42.95,56.452343
2018-12-27 15:45:00,60.84,54.771366
2018-12-27 16:00:00,63.04,55.915653
2018-12-27 16:15:00,59.58,55.535004
2018-12-27 16:30:00,63.22,53.58781
2018-12-27 16:45:00,45.79,57.570576
2018-12-27 17:00:00,41.58,57.095814
2018-12-27 17:15:00,54.58,58.81993
2018-12-27 17:30:00,36.72,56.788296
2018-12-27 17:45:00,29.38,39.82309
2018-12-27 18:00:00,28.48,31.36313
2018-12-27 18:15:00,48.56,37.919273
2018-12-27 18:30:00,53.82,35.605576
2018-12-27 18:45:00,53.5,34.097584
2018-12-27 19:00:00,53.14,30.846636
2018-12-27 19:15:00,51.01,38.13872
2018-12-27 19:30:00,47.99,41.688038
2018-12-27 19:45:00,49.18,40.245754
2018-12-27 20:00:00,50.33,38.15311
2018-12-27 20:15:00,50.04,37.150127
2018-12-27 20:30:00,40.93,38.256813
2018-12-27 20:45:00,14.51,36.909927
2018-12-27 21:00:00,8.35,26.749498
2018-12-27 21:15:00,5.26,10.088365
2018-12-27 21:30:00,5.26,6.7921076
2018-12-27 21:45:00,5.26,4.2912135
2018-12-27 22:00:00,4.5,4.247446
2018-12-27 22:15:00,3.89,4.056891
2018-12-27 22:30:00,3.85,4.066743
2018-12-27 22:45:00,3.82,4.0136766
2018-12-27 23:00:00,3.82,3.8348794
2018-12-27 23:15:00,3.82,3.6893346
2018-12-27 23:30:00,3.78,3.663841
2018-12-27 23:45:00,3.74,3.6148288
2018-12-28 00:00:00,4.82,3.791182
2018-12-28 00:15:00,3.74,3.7251267
2018-12-28 00:30:00,3.78,3.6889505
2018-12-28 00:45:00,3.85,3.673562
2018-12-28 01:00:00,4.14,3.669042
2018-12-28 01:15:00,4.9,3.5946333
2018-12-28 01:30:00,4.14,3.5710795
2018-12-28 01:45:00,3.82,3.5671883
2018-12-28 02:00:00,3.85,3.7453504
2018-12-28 02:15:00,3.82,3.692312
2018-12-28 02:30:00,3.82,3.6556857
2018-12-28 02:45:00,3.82,3.622012
2018-12-28 03:00:00,3.82,3.6746328
2018-12-28 03:15:00,3.89,3.7115843
2018-12-28 03:30:00,3.89,3.7506976
2018-12-28 03:45:00,3.85,3.528834
2018-12-28 04:00:00,3.82,3.4311314
2018-12-28 04:15:00,4.07,3.5230238
2018-12-28 04:30:00,5.04,3.5493593
2018-12-28 04:45:00,4.1,3.6069322
2018-12-28 05:00:00,3.82,3.648351
2018-12-28 05:15:00,3.89,3.6108873
2018-12-28 05:30:00,3.38,3.6908798
2018-12-28 05:45:00,3.17,3.560272
2018-12-28 06:00:00,3.06,3.4782653
2018-12-28 06:15:00,3.06,3.6437366
2018-12-28 06:30:00,3.1,3.3885047
2018-12-28 06:45:00,3.06,3.2633226
2018-12-28 07:00:00,3.1,3.1391048
2018-12-28 07:15:00,3.38,3.116244
2018-12-28 07:30:00,4.97,3.4808607
2018-12-28 07:45:00,6.7,4.453529
2018-12-28 08:00:00,6.16,4.4946537
2018-12-28 08:15:00,35.75,29.302046
2018-12-28 08:30:00,57.78,56.129967
2018-12-28 08:45:00,57.74,63.287785
2018-12-28 09:00:00,66.46,61.345024
2018-12-28 09:15:00,66.82,55.97348
2018-12-28 09:30:00,59.9,59.659107
2018-12-28 09:45:00,63.32,58.188026
2018-12-28 10:00:00,57.17,60.91419
2018-12-28 10:15:00,55.91,60.349327
2018-12-28 10:30:00,62.42,58.379944
2018-12-28 10:45:00,59.72,60.408413
2018-12-28 11:00:00,62.71,58.83556
2018-12-28 11:15:00,57.82,57.658688
2018-12-28 11:30:00,64.94,58.62465
2018-12-28 11:45:00,58.97,59.666786
2018-12-28 12:00:00,47.05,54.587868
2018-12-28 12:15:00,10.01,7.050095
2018-12-28 12:30:00,7.81,6.297914
2018-12-28 12:45:00,7.27,5.889321
2018-12-28 13:00:00,7.31,5.903137
2018-12-28 13:15:00,42.55,38.048855
2018-12-28 13:30:00,56.12,51.51958
2018-12-28 13:45:00,45.0,50.17082
2018-12-28 14:00:00,45.22,51.532066
2018-12-28 14:15:00,42.62,52.785664
2018-12-28 14:30:00,34.2,52.266308
2018-12-28 14:45:00,42.8,50.406006
2018-12-28 15:00:00,48.02,48.93943
2018-12-28 15:15:00,44.6,49.792084
2018-12-28 15:30:00,35.78,48.14455
2018-12-28 15:45:00,32.62,45.925915
2018-12-28 16:00:00,31.39,47.856438
2018-12-28 16:15:00,30.06,48.426437
2018-12-28 16:30:00,30.13,48.094414
2018-12-28 16:45:00,23.58,48.250877
2018-12-28 17:00:00,8.57,42.80873
2018-12-28 17:15:00,9.58,39.867302
2018-12-28 17:30:00,9.14,36.226894
2018-12-28 17:45:00,5.47,20.945923
2018-12-28 18:00:00,5.08,5.1607466
2018-12-28 18:15:00,5.08,5.56071
2018-12-28 18:30:00,5.11,5.5388308
2018-12-28 18:45:00,5.15,5.121844
2018-12-28 19:00:00,5.15,5.039707
2018-12-28 19:15:00,5.15,4.955459
2018-12-28 19:30:00,5.18,5.397615
2018-12-28 19:45:00,5.22,5.2658286
2018-12-28 20:00:00,5.15,5.2459507
2018-12-28 20:15:00,5.15,4.5962763
2018-12-28 20:30:00,5.18,4.4710894
2018-12-28 20:45:00,5.26,4.7460775
2018-12-28 21:00:00,5.18,4.737947
2018-12-28 21:15:00,5.15,4.7286787
2018-12-28 21:30:00,5.26,4.248815
2018-12-28 21:45:00,5.26,4.2083054
2018-12-28 22:00:00,5.22,4.208091
2018-12-28 22:15:00,4.97,4.065999
2018-12-28 22:30:00,4.97,4.0073023
2018-12-28 22:45:00,4.93,4.046751
2018-12-28 23:00:00,5.04,4.0498476
2018-12-28 23:15:00,4.86,4.026773
2018-12-28 23:30:00,4.86,4.017237
2018-12-28 23:45:00,4.86,4.0313196
2018-12-29 00:00:00,4.28,4.704298
2018-12-29 00:15:00,4.9,4.0777664
2018-12-29 00:30:00,4.82,4.016609
2018-12-29 00:45:00,3.85,3.9951794
2018-12-29 01:00:00,3.74,3.8452342
2018-12-29 01:15:00,3.82,3.9627295
2018-12-29 01:30:00,3.78,3.9110408
2018-12-29 01:45:00,3.67,3.72405
2018-12-29 02:00:00,3.74,3.6777937
2018-12-29 02:15:00,3.71,3.6903324
2018-12-29 02:30:00,3.82,3.6973479
2018-12-29 02:45:00,3.78,3.6172287
2018-12-29 03:00:00,3.71,3.5843942
2018-12-29 03:15:00,3.74,3.554594
2018-12-29 03:30:00,3.78,3.5812764
2018-12-29 03:45:00,3.78,3.4747238
2018-12-29 04:00:00,3.74,3.4870775
2018-12-29 04:15:00,3.02,3.5341983
2018-12-29 04:30:00,3.74,3.6424537
2018-12-29 04:45:00,3.6,3.625033
2018-12-29 05:00:00,3.06,3.6561363
2018-12-29 05:15:00,3.02,2.9770815
2018-12-29 05:30:00,3.02,3.3700614
2018-12-29 05:45:00,2.99,3.3012576
2018-12-29 06:00:00,3.06,3.055544
2018-12-29 06:15:00,3.06,3.0418339
2018-12-29 06:30:00,3.67,3.015192
2018-12-29 06:45:00,3.74,3.0420785
2018-12-29 07:00:00,3.71,3.0474164
2018-12-29 07:15:00,3.67,3.0827682
2018-12-29 07:30:00,3.38,3.134404
2018-12-29 07:45:00,3.02,3.25335
2018-12-29 08:00:00,2.92,3.2666562
2018-12-29 08:15:00,2.95,14.033369
2018-12-29 08:30:00,3.13,33.065018
2018-12-29 08:45:00,3.78,24.624134
2018-12-29 09:00:00,3.24,17.824797
2018-12-29 09:15:00,3.17,3.5158489
2018-12-29 09:30:00,3.2,3.4007027
2018-12-29 09:45:00,3.31,3.4423618
2018-12-29 10:00:00,4.03,3.2588947
2018-12-29 10:15:00,4.03,3.2335827
2018-12-29 10:30:00,4.03,3.2416327
2018-12-29 10:45:00,4.03,3.3458982
2018-12-29 11:00:00,6.19,3.301849
2018-12-29 11:15:00,26.17,3.4338458
2018-12-29 11:30:00,9.36,3.4016602
2018-12-29 11:45:00,3.64,4.160388
2018-12-29 12:00:00,4.14,4.5629206
2018-12-29 12:15:00,3.78,13.603202
2018-12-29 12:30:00,3.46,4.2038455
2018-12-29 12:45:00,3.42,3.7522235
2018-12-29 13:00:00,3.42,4.0127773
2018-12-29 13:15:00,4.1,4.517027
2018-12-29 13:30:00,4.14,5.2099166
2018-12-29 13:45:00,4.07,3.486212
2018-12-29 14:00:00,4.03,3.4767659
2018-12-29 14:15:00,3.92,4.043146
2018-12-29 14:30:00,3.31,3.507294
2018-12-29 14:45:00,3.35,3.548241
2018-12-29 15:00:00,3.31,3.7887404
2018-12-29 15:15:00,3.31,4.0795846
2018-12-29 15:30:00,3.31,3.5240016
2018-12-29 15:45:00,3.35,3.531853
2018-12-29 16:00:00,3.49,3.2403872
2018-12-29 16:15:00,4.1,3.2955341
2018-12-29 16:30:00,3.71,3.2750857
2018-12-29 16:45:00,3.67,3.2878857
2018-12-29 17:00:00,4.1,3.2986672
2018-12-29 17:15:00,4.07,3.268171
2018-12-29 17:30:00,4.07,3.2876256
2018-12-29 17:45:00,4.1,3.2584906
2018-12-29 18:00:00,3.56,3.3291848
2018-12-29 18:15:00,3.31,3.5649586
2018-12-29 18:30:00,3.24,3.5534363
2018-12-29 18:45:00,3.35,3.9253435
2018-12-29 19:00:00,3.31,3.6118917
2018-12-29 19:15:00,3.35,3.3059342
2018-12-29 19:30:00,3.35,3.2929487
2018-12-29 19:45:00,3.31,3.2017264
2018-12-29 20:00:00,3.71,3.2716496
2018-12-29 20:15:00,4.36,3.2864032
2018-12-29 20:30:00,4.28,3.2851527
2018-12-29 20:45:00,4.14,3.285101
2018-12-29 21:00:00,4.1,3.2194228
2018-12-29 21:15:00,4.07,3.3359778
2018-12-29 21:30:00,3.85,3.326809
2018-12-29 21:45:00,3.46,3.3309054
2018-12-29 22:00:00,3.31,3.7328165
2018-12-29 22:15:00,3.13,3.6594768
2018-12-29 22:30:00,3.13,3.618372
2018-12-29 22:45:00,3.13,3.3183773
2018-12-29 23:00:00,3.17,3.0722303
2018-12-29 23:15:00,3.06,2.9823675
2018-12-29 23:30:00,2.99,3.0002418
2018-12-29 23:45:00,3.42,3.0302522
2018-12-30 00:00:00,3.1,3.1706533
2018-12-30 00:15:00,3.92,3.0827081
2018-12-30 00:30:00,3.82,3.113611
2018-12-30 00:45:00,3.74,3.044608
2018-12-30 01:00:00,3.78,3.1464124
2018-12-30 01:15:00,3.42,3.0670288
2018-12-30 01:30:00,3.17,3.2093
2018-12-30 01:45:00,3.02,3.332718
2018-12-30 02:00:00,3.1,3.420802
2018-12-30 02:15:00,3.06,3.3435628
2018-12-30 02:30:00,3.1,3.1011348
2018-12-30 02:45:00,3.13,3.0495946
2018-12-30 03:00:00,3.1,3.0748923
2018-12-30 03:15:00,3.13,3.1132426
2018-12-30 03:30:00,3.6,3.1260383
2018-12-30 03:45:00,4.86,3.1385972
2018-12-30 04:00:00,3.85,3.1552005
2018-12-30 04:15:00,3.82,3.142354
2018-12-30 04:30:00,3.82,3.0813577
2018-12-30 04:45:00,3.46,3.2940755
2018-12-30 05:00:00,3.17,3.1876187
2018-12-30 05:15:00,3.13,3.2035975
2018-12-30 05:30:00,3.1,3.2872758
2018-12-30 05:45:00,3.1,3.390948
2018-12-30 06:00:00,3.1,3.047746
2018-12-30 06:15:00,3.13,3.0538058
2018-12-30 06:30:00,3.13,3.058165
2018-12-30 06:45:00,3.1,3.1046987
2018-12-30 07:00:00,3.82,3.122887
2018-12-30 07:15:00,4.36,3.1302977
2018-12-30 07:30:00,4.97,3.141205
2018-12-30 07:45:00,3.96,3.2186627
2018-12-30 08:00:00,3.46,3.0924404
2018-12-30 08:15:00,3.06,3.4909873
2018-12-30 08:30:00,3.06,3.957732
2018-12-30 08:45:00,3.17,3.64874
2018-12-30 09:00:00,3.28,3.6227713
2018-12-30 09:15:00,3.35,3.4392972
2018-12-30 09:30:00,3.38,3.2544336
2018-12-30 09:45:00,3.35,3.2883592
2018-12-30 10:00:00,3.46,3.284787
2018-12-30 10:15:00,3.38,3.245715
2018-12-30 10:30:00,4.0,3.2809558
2018-12-30 10:45:00,4.1,3.307905
2018-12-30 11:00:00,4.1,3.2848055
2018-12-30 11:15:00,4.28,3.2655716
2018-12-30 11:30:00,4.61,3.2410648
2018-12-30 11:45:00,3.56,3.3438227
2018-12-30 12:00:00,3.42,3.4432445
2018-12-30 12:15:00,3.46,3.6293292
2018-12-30 12:30:00,3.46,3.8164344
2018-12-30 12:45:00,3.31,3.590198
2018-12-30 13:00:00,3.28,3.4004948
2018-12-30 13:15:00,3.2,3.5210915
2018-12-30 13:30:00,3.24,3.3911128
2018-12-30 13:45:00,3.24,3.2948458
2018-12-30 14:00:00,4.03,3.2767422
2018-12-30 14:15:00,4.0,3.268355
2018-12-30 14:30:00,4.03,3.3069806
2018-12-30 14:45:00,4.82,3.3071332
2018-12-30 15:00:00,4.1,3.2312748
2018-12-30 15:15:00,3.31,3.3777537
2018-12-30 15:30:00,3.24,3.4304717
2018-12-30 15:45:00,3.24,3.8300245
2018-12-30 16:00:00,3.35,3.8065255
2018-12-30 16:15:00,3.31,3.3979251
2018-12-30 16:30:00,3.35,3.381719
2018-12-30 16:45:00,3.24,3.2432806
2018-12-30 17:00:00,3.24,3.2778971
2018-12-30 17:15:00,3.42,3.2755003
2018-12-30 17:30:00,4.0,3.2867217
2018-12-30 17:45:00,4.75,3.2677891
2018-12-30 18:00:00,4.68,3.2585104
2018-12-30 18:15:00,3.89,3.1893806
2018-12-30 18:30:00,3.53,3.1075985
2018-12-30 18:45:00,3.2,3.3624012
2018-12-30 19:00:00,3.28,3.456559
2018-12-30 19:15:00,3.24,3.444523
2018-12-30 19:30:00,3.24,3.4773748
2018-12-30 19:45:00,3.2,3.2145133
2018-12-30 20:00:00,3.24,3.2406533
2018-12-30 20:15:00,3.31,3.2226088
2018-12-30 20:30:00,3.24,3.2714152
2018-12-30 20:45:00,3.78,3.333688
2018-12-30 21:00:00,4.32,3.3385386
2018-12-30 21:15:00,4.07,3.2569757
2018-12-30 21:30:00,4.07,3.2573593
2018-12-30 21:45:00,4.03,3.1201982
2018-12-30 22:00:00,4.0,3.1810312
2018-12-30 22:15:00,3.2,3.136146
2018-12-30 22:30:00,2.99,3.1900072
2018-12-30 22:45:00,3.1,3.4678853
2018-12-30 23:00:00,3.02,3.590979
2018-12-30 23:15:00,2.95,3.029872
2018-12-30 23:30:00,2.99,3.0849168
2018-12-30 23:45:00,2.92,3.0442238
2018-12-31 00:00:00,3.67,3.3786504
2018-12-31 00:15:00,3.64,3.128436
2018-12-31 00:30:00,3.31,3.1250088
2018-12-31 00:45:00,3.49,3.076868
2018-12-31 01:00:00,3.71,3.051807
2018-12-31 01:15:00,3.78,3.024281
2018-12-31 01:30:00,3.71,2.9954624
2018-12-31 01:45:00,3.67,3.0927289
2018-12-31 02:00:00,3.02,3.272944
2018-12-31 02:15:00,2.99,3.3532786
2018-12-31 02:30:00,3.06,3.3331876
2018-12-31 02:45:00,3.02,3.4981432
2018-12-31 03:00:00,3.06,3.2158098
2018-12-31 03:15:00,3.02,3.0708544
2018-12-31 03:30:00,3.46,3.0795286
2018-12-31 03:45:00,3.74,3.2368543
2018-12-31 04:00:00,3.06,3.1152127
2018-12-31 04:15:00,3.74,3.1431355
2018-12-31 04:30:00,3.74,3.111822
2018-12-31 04:45:00,3.78,3.0406332
2018-12-31 05:00:00,3.78,3.008136
2018-12-31 05:15:00,3.56,3.0911336
2018-12-31 05:30:00,2.99,3.2221453
2018-12-31 05:45:00,3.02,3.3254554
2018-12-31 06:00:00,2.95,3.5240858
2018-12-31 06:15:00,3.02,3.4988813
2018-12-31 06:30:00,2.99,3.0834522
2018-12-31 06:45:00,3.02,3.133301
2018-12-31 07:00:00,3.74,3.148898
2018-12-31 07:15:00,3.17,3.3693738
2018-12-31 07:30:00,2.95,4.032495
2018-12-31 07:45:00,3.56,4.3041687
2018-12-31 08:00:00,3.64,4.213074
2018-12-31 08:15:00,3.6,30.289486
2018-12-31 08:30:00,3.74,54.772446
2018-12-31 08:45:00,3.74,65.7723
2018-12-31 09:00:00,3.06,64.78768
2018-12-31 09:15:00,3.17,11.511942
2018-12-31 09:30:00,3.13,8.219408
2018-12-31 09:45:00,3.17,9.026976
2018-12-31 10:00:00,3.24,12.881026
2018-12-31 10:15:00,3.2,6.294034
2018-12-31 10:30:00,4.03,5.7560024
2018-12-31 10:45:00,3.67,5.133528
2018-12-31 11:00:00,3.35,4.782013
2018-12-31 11:15:00,3.35,3.8844056
2018-12-31 11:30:00,3.82,6.900155
2018-12-31 11:45:00,4.0,4.599642
2018-12-31 12:00:00,4.07,4.2714686
2018-12-31 12:15:00,4.03,3.9931343
2018-12-31 12:30:00,4.1,3.9714615
2018-12-31 12:45:00,3.35,3.8984764
2018-12-31 13:00:00,3.35,3.7526236
2018-12-31 13:15:00,3.35,6.161017
2018-12-31 13:30:00,3.31,7.3371124
2018-12-31 13:45:00,3.31,6.2191086
2018-12-31 14:00:00,3.35,6.7197876
2018-12-31 14:15:00,3.35,6.7080364
2018-12-31 14:30:00,3.56,4.1037827
2018-12-31 14:45:00,4.07,3.775876
2018-12-31 15:00:00,3.53,3.7269173
2018-12-31 15:15:00,3.42,3.711628
2018-12-31 15:30:00,4.07,4.1367936
2018-12-31 15:45:00,4.07,5.151449
2018-12-31 16:00:00,4.03,4.0988064
2018-12-31 16:15:00,4.07,4.4049416
2018-12-31 16:30:00,3.92,4.723171
2018-12-31 16:45:00,3.31,4.501078
2018-12-31 17:00:00,3.31,4.04555
2018-12-31 17:15:00,3.35,3.8745673
2018-12-31 17:30:00,3.31,4.165526
2018-12-31 17:45:00,3.46,3.3948643
2018-12-31 18:00:00,3.42,3.363364
2018-12-31 18:15:00,3.35,3.3362906
2018-12-31 18:30:00,3.82,3.3958652
2018-12-31 18:45:00,4.14,3.4242716
2018-12-31 19:00:00,3.49,3.4219244
2018-12-31 19:15:00,3.96,3.4160182
2018-12-31 19:30:00,4.14,3.406592
2018-12-31 19:45:00,4.21,3.4490335
2018-12-31 20:00:00,4.14,3.4680183
2018-12-31 20:15:00,4.18,3.5492156
2018-12-31 20:30:00,3.38,3.7262883
2018-12-31 20:45:00,3.42,3.7855926
2018-12-31 21:00:00,3.42,3.6544938
2018-12-31 21:15:00,3.42,4.00009
2018-12-31 21:30:00,3.49,3.3445992
2018-12-31 21:45:00,3.42,3.396986
2018-12-31 22:00:00,3.42,3.426767
2018-12-31 22:15:00,3.24,3.3451283
2018-12-31 22:30:00,3.67,3.2592745
2018-12-31 22:45:00,3.82,3.2279782
2018-12-31 23:00:00,3.85,3.2400584
2018-12-31 23:15:00,3.74,3.1415448
2018-12-31 23:30:00,3.78,3.138812
2018-12-31 23:45:00,3.78,3.154444
