date,actual,Hybrid
2018-12-01 00:00:00,3.35,3.6033418
2018-12-01 00:15:00,3.89,3.6756375
2018-12-01 00:30:00,3.85,3.8103318
2018-12-01 00:45:00,3.89,3.907664
2018-12-01 01:00:00,3.89,3.488411
2018-12-01 01:15:00,4.03,3.6935008
2018-12-01 01:30:00,3.89,3.6957858
2018-12-01 01:45:00,3.92,3.6733758
2018-12-01 02:00:00,3.92,3.7307847
2018-12-01 02:15:00,3.96,3.9203913
2018-12-01 02:30:00,4.03,3.8674645
2018-12-01 02:45:00,4.14,3.8699653
2018-12-01 03:00:00,5.08,3.799482
2018-12-01 03:15:00,4.72,3.6912303
2018-12-01 03:30:00,3.96,3.810147
2018-12-01 03:45:00,3.92,3.7927654
2018-12-01 04:00:00,3.35,3.941168
2018-12-01 04:15:00,3.28,3.9002683
2018-12-01 04:30:00,3.35,3.6103954
2018-12-01 04:45:00,3.24,3.612447
2018-12-01 05:00:00,3.31,3.2683225
2018-12-01 05:15:00,3.31,3.2729795
2018-12-01 05:30:00,3.28,3.3245318
2018-12-01 05:45:00,3.28,3.3744912
2018-12-01 06:00:00,3.2,3.4003723
2018-12-01 06:15:00,3.46,3.3780801
2018-12-01 06:30:00,4.03,3.3870924
2018-12-01 06:45:00,3.89,3.4009182
2018-12-01 07:00:00,3.89,3.3729727
2018-12-01 07:15:00,4.46,3.4058745
2018-12-01 07:30:00,3.67,3.4365916
2018-12-01 07:45:00,3.46,3.5627024
2018-12-01 08:00:00,3.46,3.6634955
2018-12-01 08:15:00,3.71,25.313568
2018-12-01 08:30:00,4.72,32.72537
2018-12-01 08:45:00,4.46,34.10909
2018-12-01 09:00:00,5.22,33.642563
2018-12-01 09:15:00,28.58,8.78514
2018-12-01 09:30:00,30.56,11.417843
2018-12-01 09:45:00,28.08,11.1021385
2018-12-01 10:00:00,28.58,11.210098
2018-12-01 10:15:00,28.73,42.81897
2018-12-01 10:30:00,29.56,43.303726
2018-12-01 10:45:00,30.06,37.70096
2018-12-01 11:00:00,29.2,36.918983
2018-12-01 11:15:00,27.94,34.57402
2018-12-01 11:30:00,27.94,37.44602
2018-12-01 11:45:00,25.63,38.798546
2018-12-01 12:00:00,3.64,30.105583
2018-12-01 12:15:00,3.85,5.4850907
2018-12-01 12:30:00,3.71,5.687014
2018-12-01 12:45:00,3.74,5.351442
2018-12-01 13:00:00,3.71,4.179214
2018-12-01 13:15:00,11.3,14.209662
2018-12-01 13:30:00,27.29,36.906773
2018-12-01 13:45:00,26.86,32.52693
2018-12-01 14:00:00,25.31,7.580516
2018-12-01 14:15:00,26.21,37.03669
2018-12-01 14:30:00,26.28,36.226616
2018-12-01 14:45:00,18.68,32.35882
2018-12-01 15:00:00,5.18,31.230598
2018-12-01 15:15:00,5.08,31.85583
2018-12-01 15:30:00,4.75,30.168772
2018-12-01 15:45:00,4.75,23.717178
2018-12-01 16:00:00,4.72,9.260789
2018-12-01 16:15:00,4.64,7.635763
2018-12-01 16:30:00,4.72,5.6039405
2018-12-01 16:45:00,4.68,5.0854354
2018-12-01 17:00:00,4.64,4.5550876
2018-12-01 17:15:00,4.79,4.2372026
2018-12-01 17:30:00,4.75,4.1076903
2018-12-01 17:45:00,4.72,4.0828753
2018-12-01 18:00:00,4.68,4.0775537
2018-12-01 18:15:00,5.76,4.0435743
2018-12-01 18:30:00,5.4,4.084953
2018-12-01 18:45:00,4.79,4.104402
2018-12-01 19:00:00,4.79,4.0465083
2018-12-01 19:15:00,4.79,4.1689467
2018-12-01 19:30:00,4.79,4.1705155
2018-12-01 19:45:00,4.9,4.219207
2018-12-01 20:00:00,4.75,4.1439066
2018-12-01 20:15:00,4.79,4.1463795
2018-12-01 20:30:00,4.75,4.314888
2018-12-01 20:45:00,4.82,4.2807455
2018-12-01 21:00:00,4.82,4.443166
2018-12-01 21:15:00,4.75,4.339307
2018-12-01 21:30:00,4.79,4.1023126
2018-12-01 21:45:00,4.79,4.0764647
2018-12-01 22:00:00,4.9,4.005104
2018-12-01 22:15:00,5.76,4.0250077
2018-12-01 22:30:00,4.61,3.9454496
2018-12-01 22:45:00,3.42,3.942707
2018-12-01 23:00:00,3.42,3.7295868
2018-12-01 23:15:00,3.28,3.8552132
2018-12-01 23:30:00,3.38,3.544325
2018-12-01 23:45:00,3.31,3.212529
2018-12-02 00:00:00,4.36,3.2813678
2018-12-02 00:15:00,3.35,3.1742477
2018-12-02 00:30:00,3.35,3.2402139
2018-12-02 00:45:00,3.38,3.160881
2018-12-02 01:00:00,3.89,3.1406343
2018-12-02 01:15:00,4.46,3.1044378
2018-12-02 01:30:00,4.43,3.2065878
2018-12-02 01:45:00,4.14,3.2200503
2018-12-02 02:00:00,3.46,3.3349173
2018-12-02 02:15:00,3.38,3.3171563
2018-12-02 02:30:00,3.38,3.3171098
2018-12-02 02:45:00,3.38,3.4359639
2018-12-02 03:00:00,4.32,3.3295062
2018-12-02 03:15:00,4.64,3.2128322
2018-12-02 03:30:00,3.82,3.1818905
2018-12-02 03:45:00,3.46,3.2614653
2018-12-02 04:00:00,3.42,3.1916404
2018-12-02 04:15:00,3.46,3.4014595
2018-12-02 04:30:00,4.32,3.226955
2018-12-02 04:45:00,4.5,3.1794722
2018-12-02 05:00:00,4.54,3.2069204
2018-12-02 05:15:00,4.39,3.2556212
2018-12-02 05:30:00,3.35,3.3993645
2018-12-02 05:45:00,3.46,3.307945
2018-12-02 06:00:00,3.35,3.4600718
2018-12-02 06:15:00,3.42,3.6193132
2018-12-02 06:30:00,3.42,3.2016003
2018-12-02 06:45:00,3.38,3.2137804
2018-12-02 07:00:00,3.46,3.1116714
2018-12-02 07:15:00,3.38,3.3307078
2018-12-02 07:30:00,3.46,3.310104
2018-12-02 07:45:00,3.46,3.32129
2018-12-02 08:00:00,3.49,3.3606966
2018-12-02 08:15:00,4.57,3.349554
2018-12-02 08:30:00,4.54,3.8679059
2018-12-02 08:45:00,5.54,3.9004905
2018-12-02 09:00:00,4.75,4.8564463
2018-12-02 09:15:00,3.74,4.6487412
2018-12-02 09:30:00,3.71,4.163157
2018-12-02 09:45:00,3.6,5.5080585
2018-12-02 10:00:00,3.56,5.2538133
2018-12-02 10:15:00,3.6,4.2413297
2018-12-02 10:30:00,3.64,4.425464
2018-12-02 10:45:00,3.64,4.193795
2018-12-02 11:00:00,3.64,3.9973707
2018-12-02 11:15:00,3.64,3.809011
2018-12-02 11:30:00,3.56,3.7818103
2018-12-02 11:45:00,3.64,3.7149749
2018-12-02 12:00:00,4.03,3.5728154
2018-12-02 12:15:00,4.86,3.7585611
2018-12-02 12:30:00,4.75,3.7425876
2018-12-02 12:45:00,5.36,3.7922604
2018-12-02 13:00:00,4.9,3.7735188
2018-12-02 13:15:00,3.78,4.1333694
2018-12-02 13:30:00,3.64,4.545526
2018-12-02 13:45:00,3.6,5.1662183
2018-12-02 14:00:00,3.6,5.528116
2018-12-02 14:15:00,3.6,4.412346
2018-12-02 14:30:00,3.56,4.117286
2018-12-02 14:45:00,3.56,3.788627
2018-12-02 15:00:00,3.64,3.9555604
2018-12-02 15:15:00,3.6,3.8130863
2018-12-02 15:30:00,3.56,3.7355871
2018-12-02 15:45:00,3.85,3.6581967
2018-12-02 16:00:00,4.68,3.637362
2018-12-02 16:15:00,4.72,3.8148887
2018-12-02 16:30:00,4.72,3.8234954
2018-12-02 16:45:00,3.89,3.7269278
2018-12-02 17:00:00,3.53,3.992667
2018-12-02 17:15:00,3.6,3.5919507
2018-12-02 17:30:00,3.6,3.5541687
2018-12-02 17:45:00,3.74,3.5041595
2018-12-02 18:00:00,4.72,3.6154578
2018-12-02 18:15:00,3.89,3.5567396
2018-12-02 18:30:00,3.53,3.5818708
2018-12-02 18:45:00,3.53,3.7408528
2018-12-02 19:00:00,3.56,3.3911388
2018-12-02 19:15:00,3.67,3.4736626
2018-12-02 19:30:00,3.56,3.3565624
2018-12-02 19:45:00,4.39,3.517626
2018-12-02 20:00:00,4.72,3.6155894
2018-12-02 20:15:00,4.68,3.7948759
2018-12-02 20:30:00,4.75,3.7117167
2018-12-02 20:45:00,3.71,3.5641475
2018-12-02 21:00:00,3.53,3.9596474
2018-12-02 21:15:00,3.6,3.8482394
2018-12-02 21:30:00,3.6,3.614699
2018-12-02 21:45:00,3.6,3.5694933
2018-12-02 22:00:00,3.56,3.5651937
2018-12-02 22:15:00,4.07,3.5009508
2018-12-02 22:30:00,4.32,3.454361
2018-12-02 22:45:00,3.35,3.3781946
2018-12-02 23:00:00,3.31,3.3424425
2018-12-02 23:15:00,3.31,3.1592019
2018-12-02 23:30:00,3.28,3.1711996
2018-12-02 23:45:00,3.35,3.100399
2018-12-03 00:00:00,4.57,3.972012
2018-12-03 00:15:00,4.43,3.257456
2018-12-03 00:30:00,4.36,3.3281672
2018-12-03 00:45:00,4.21,3.3024442
2018-12-03 01:00:00,3.35,3.3764184
2018-12-03 01:15:00,3.38,3.3244758
2018-12-03 01:30:00,3.35,3.3946598
2018-12-03 01:45:00,3.42,3.6733289
2018-12-03 02:00:00,3.49,3.4410186
2018-12-03 02:15:00,3.42,3.390175
2018-12-03 02:30:00,3.38,3.3571184
2018-12-03 02:45:00,4.36,3.3042996
2018-12-03 03:00:00,4.14,3.332993
2018-12-03 03:15:00,3.42,3.3447297
2018-12-03 03:30:00,3.38,3.3390133
2018-12-03 03:45:00,3.35,3.297769
2018-12-03 04:00:00,3.35,3.3605568
2018-12-03 04:15:00,4.1,3.3027937
2018-12-03 04:30:00,4.43,3.255766
2018-12-03 04:45:00,4.5,3.2386107
2018-12-03 05:00:00,3.78,3.3798358
2018-12-03 05:15:00,3.31,3.1409683
2018-12-03 05:30:00,3.38,3.1321237
2018-12-03 05:45:00,3.31,3.180876
2018-12-03 06:00:00,3.31,3.3734505
2018-12-03 06:15:00,3.35,3.2444491
2018-12-03 06:30:00,3.31,3.1720796
2018-12-03 06:45:00,3.24,3.2804556
2018-12-03 07:00:00,3.24,3.436073
2018-12-03 07:15:00,4.21,3.5501173
2018-12-03 07:30:00,5.76,3.8439522
2018-12-03 07:45:00,5.98,4.4713564
2018-12-03 08:00:00,5.58,4.6636615
2018-12-03 08:15:00,34.99,39.97356
2018-12-03 08:30:00,56.84,66.86992
2018-12-03 08:45:00,61.06,67.004875
2018-12-03 09:00:00,57.89,70.61236
2018-12-03 09:15:00,70.49,65.28933
2018-12-03 09:30:00,50.11,62.597187
2018-12-03 09:45:00,66.38,65.92089
2018-12-03 10:00:00,56.88,58.955246
2018-12-03 10:15:00,47.09,65.047356
2018-12-03 10:30:00,55.8,64.74771
2018-12-03 10:45:00,66.89,67.68433
2018-12-03 11:00:00,62.89,66.92126
2018-12-03 11:15:00,63.79,60.51253
2018-12-03 11:30:00,58.1,65.93463
2018-12-03 11:45:00,54.5,61.699596
2018-12-03 12:00:00,35.35,59.811924
2018-12-03 12:15:00,6.34,7.4779644
2018-12-03 12:30:00,5.76,6.5295873
2018-12-03 12:45:00,6.3,6.255784
2018-12-03 13:00:00,6.19,6.6528263
2018-12-03 13:15:00,35.35,45.36823
2018-12-03 13:30:00,51.95,63.092678
2018-12-03 13:45:00,48.46,65.47664
2018-12-03 14:00:00,65.02,63.98532
2018-12-03 14:15:00,69.91,60.052547
2018-12-03 14:30:00,55.12,56.56099
2018-12-03 14:45:00,56.84,58.103745
2018-12-03 15:00:00,54.22,59.070515
2018-12-03 15:15:00,49.97,60.662838
2018-12-03 15:30:00,48.17,61.51728
2018-12-03 15:45:00,49.86,58.271027
2018-12-03 16:00:00,58.75,58.67624
2018-12-03 16:15:00,65.7,55.95433
2018-12-03 16:30:00,51.88,54.424187
2018-12-03 16:45:00,57.2,54.85476
2018-12-03 17:00:00,76.03,56.868298
2018-12-03 17:15:00,72.18,60.22612
2018-12-03 17:30:00,61.42,52.778194
2018-12-03 17:45:00,36.61,31.186453
2018-12-03 18:00:00,29.56,31.021835
2018-12-03 18:15:00,34.13,42.482758
2018-12-03 18:30:00,42.26,56.356056
2018-12-03 18:45:00,56.81,57.669235
2018-12-03 19:00:00,43.02,58.22598
2018-12-03 19:15:00,47.74,50.951313
2018-12-03 19:30:00,39.17,46.088593
2018-12-03 19:45:00,43.67,53.491924
2018-12-03 20:00:00,50.44,44.713005
2018-12-03 20:15:00,46.22,50.418938
2018-12-03 20:30:00,45.36,46.020992
2018-12-03 20:45:00,50.11,36.760773
2018-12-03 21:00:00,25.45,25.090405
2018-12-03 21:15:00,8.6,7.6725984
2018-12-03 21:30:00,6.19,5.809733
2018-12-03 21:45:00,5.62,5.6341014
2018-12-03 22:00:00,4.93,4.977364
2018-12-03 22:15:00,4.72,4.7545295
2018-12-03 22:30:00,4.75,4.632882
2018-12-03 22:45:00,4.68,4.36229
2018-12-03 23:00:00,4.68,4.180143
2018-12-03 23:15:00,4.61,4.177796
2018-12-03 23:30:00,4.57,4.150529
2018-12-03 23:45:00,4.61,4.2001667
2018-12-04 00:00:00,3.89,4.807814
2018-12-04 00:15:00,4.61,4.341152
2018-12-04 00:30:00,4.57,4.3455696
2018-12-04 00:45:00,4.61,4.3277965
2018-12-04 01:00:00,4.64,3.9333687
2018-12-04 01:15:00,5.04,4.2791348
2018-12-04 01:30:00,5.8,4.346648
2018-12-04 01:45:00,4.68,4.174686
2018-12-04 02:00:00,3.6,4.143749
2018-12-04 02:15:00,3.56,4.2930455
2018-12-04 02:30:00,3.64,4.6657786
2018-12-04 02:45:00,3.67,4.4119463
2018-12-04 03:00:00,3.64,3.8591378
2018-12-04 03:15:00,3.64,3.7272732
2018-12-04 03:30:00,3.71,3.4960206
2018-12-04 03:45:00,3.67,3.6585417
2018-12-04 04:00:00,3.71,3.6064043
2018-12-04 04:15:00,3.67,3.657779
2018-12-04 04:30:00,3.6,3.6643844
2018-12-04 04:45:00,4.36,3.6691756
2018-12-04 05:00:00,4.64,3.664017
2018-12-04 05:15:00,4.72,3.6573505
2018-12-04 05:30:00,5.44,3.633349
2018-12-04 05:45:00,4.43,3.4419777
2018-12-04 06:00:00,3.64,3.7618139
2018-12-04 06:15:00,3.56,3.8492725
2018-12-04 06:30:00,3.67,3.8233976
2018-12-04 06:45:00,3.64,3.959752
2018-12-04 07:00:00,3.56,3.6341982
2018-12-04 07:15:00,3.56,3.631164
2018-12-04 07:30:00,3.82,4.034955
2018-12-04 07:45:00,4.54,4.644123
2018-12-04 08:00:00,5.94,5.0565004
2018-12-04 08:15:00,28.4,39.981026
2018-12-04 08:30:00,55.04,57.960068
2018-12-04 08:45:00,61.13,62.9365
2018-12-04 09:00:00,82.33,68.798706
2018-12-04 09:15:00,82.37,64.691
2018-12-04 09:30:00,64.08,65.660614
2018-12-04 09:45:00,59.36,69.987366
2018-12-04 10:00:00,52.16,76.35384
2018-12-04 10:15:00,56.95,75.073944
2018-12-04 10:30:00,53.42,69.65589
2018-12-04 10:45:00,58.86,65.63133
2018-12-04 11:00:00,59.98,64.81086
2018-12-04 11:15:00,61.24,61.065933
2018-12-04 11:30:00,84.1,60.08048
2018-12-04 11:45:00,63.86,59.27528
2018-12-04 12:00:00,49.86,59.810875
2018-12-04 12:15:00,6.91,7.16048
2018-12-04 12:30:00,7.38,6.3201504
2018-12-04 12:45:00,6.62,6.557589
2018-12-04 13:00:00,6.55,6.515211
2018-12-04 13:15:00,32.51,49.485237
2018-12-04 13:30:00,57.28,75.49941
2018-12-04 13:45:00,55.51,62.09562
2018-12-04 14:00:00,56.12,60.51752
2018-12-04 14:15:00,58.82,57.70198
2018-12-04 14:30:00,52.88,59.200718
2018-12-04 14:45:00,53.46,59.60656
2018-12-04 15:00:00,62.96,56.528595
2018-12-04 15:15:00,64.62,55.80791
2018-12-04 15:30:00,60.01,57.387745
2018-12-04 15:45:00,55.66,56.666687
2018-12-04 16:00:00,53.82,59.567245
2018-12-04 16:15:00,71.86,60.39836
2018-12-04 16:30:00,60.73,60.93503
2018-12-04 16:45:00,68.22,59.44403
2018-12-04 17:00:00,80.46,60.100235
2018-12-04 17:15:00,61.52,65.31728
2018-12-04 17:30:00,71.1,59.257618
2018-12-04 17:45:00,35.21,34.30421
2018-12-04 18:00:00,30.31,31.625227
2018-12-04 18:15:00,43.56,44.449707
2018-12-04 18:30:00,40.97,63.091785
2018-12-04 18:45:00,38.56,58.957195
2018-12-04 19:00:00,41.65,60.07626
2018-12-04 19:15:00,49.07,50.687405
2018-12-04 19:30:00,40.46,45.517273
2018-12-04 19:45:00,48.64,42.299118
2018-12-04 20:00:00,49.75,39.72767
2018-12-04 20:15:00,48.89,49.020878
2018-12-04 20:30:00,37.84,43.31767
2018-12-04 20:45:00,30.67,41.229614
2018-12-04 21:00:00,5.08,19.199142
2018-12-04 21:15:00,5.69,8.761915
2018-12-04 21:30:00,5.44,6.125744
2018-12-04 21:45:00,5.4,6.0739417
2018-12-04 22:00:00,5.44,4.687072
2018-12-04 22:15:00,5.26,4.7911954
2018-12-04 22:30:00,4.64,4.6200924
2018-12-04 22:45:00,3.92,4.7093563
2018-12-04 23:00:00,3.96,4.730834
2018-12-04 23:15:00,3.92,4.7102575
2018-12-04 23:30:00,3.85,4.4326253
2018-12-04 23:45:00,3.89,3.9798872
2018-12-05 00:00:00,3.96,5.116984
2018-12-05 00:15:00,3.89,3.8813396
2018-12-05 00:30:00,3.92,3.957669
2018-12-05 00:45:00,3.89,3.9408379
2018-12-05 01:00:00,3.96,3.9662197
2018-12-05 01:15:00,3.78,3.9654028
2018-12-05 01:30:00,3.85,4.0266533
2018-12-05 01:45:00,3.82,3.9572535
2018-12-05 02:00:00,3.82,3.8635867
2018-12-05 02:15:00,3.85,3.8277187
2018-12-05 02:30:00,4.64,3.815778
2018-12-05 02:45:00,4.86,3.8196075
2018-12-05 03:00:00,3.82,3.8810797
2018-12-05 03:15:00,3.49,3.8237712
2018-12-05 03:30:00,3.13,4.0184126
2018-12-05 03:45:00,3.2,3.9360836
2018-12-05 04:00:00,3.13,3.7262888
2018-12-05 04:15:00,3.1,3.5550685
2018-12-05 04:30:00,3.17,3.253831
2018-12-05 04:45:00,3.06,3.7219524
2018-12-05 05:00:00,3.17,3.6303897
2018-12-05 05:15:00,3.06,3.6363285
2018-12-05 05:30:00,3.1,3.634977
2018-12-05 05:45:00,3.02,3.6412997
2018-12-05 06:00:00,3.1,3.546838
2018-12-05 06:15:00,3.02,3.560199
2018-12-05 06:30:00,4.61,3.5515146
2018-12-05 06:45:00,4.9,3.7078042
2018-12-05 07:00:00,3.85,3.6987054
2018-12-05 07:15:00,3.49,3.9529352
2018-12-05 07:30:00,3.2,4.054783
2018-12-05 07:45:00,4.32,4.267969
2018-12-05 08:00:00,4.72,4.994305
2018-12-05 08:15:00,27.65,38.934696
2018-12-05 08:30:00,61.56,63.079033
2018-12-05 08:45:00,57.71,64.16308
2018-12-05 09:00:00,57.82,68.00161
2018-12-05 09:15:00,68.08,61.231068
2018-12-05 09:30:00,64.08,64.81494
2018-12-05 09:45:00,64.76,59.382862
2018-12-05 10:00:00,62.68,57.091053
2018-12-05 10:15:00,49.28,61.13846
2018-12-05 10:30:00,56.52,61.10196
2018-12-05 10:45:00,59.04,62.30341
2018-12-05 11:00:00,66.85,61.639378
2018-12-05 11:15:00,68.83,61.48725
2018-12-05 11:30:00,60.3,60.961433
2018-12-05 11:45:00,53.21,60.78135
2018-12-05 12:00:00,40.97,55.57452
2018-12-05 12:15:00,10.69,7.1514297
2018-12-05 12:30:00,9.43,5.8910036
2018-12-05 12:45:00,10.33,5.8614583
2018-12-05 13:00:00,26.68,6.072836
2018-12-05 13:15:00,43.34,41.95924
2018-12-05 13:30:00,46.51,57.574097
2018-12-05 13:45:00,50.44,56.219025
2018-12-05 14:00:00,63.4,53.306396
2018-12-05 14:15:00,54.36,55.149323
2018-12-05 14:30:00,61.52,54.82513
2018-12-05 14:45:00,58.93,53.978363
2018-12-05 15:00:00,85.46,59.08779
2018-12-05 15:15:00,109.3,54.789135
2018-12-05 15:30:00,87.16,60.74762
2018-12-05 15:45:00,96.01,57.966393
2018-12-05 16:00:00,105.91,73.08868
2018-12-05 16:15:00,68.18,81.48636
2018-12-05 16:30:00,64.91,83.02187
2018-12-05 16:45:00,56.05,86.247536
2018-12-05 17:00:00,62.96,89.32367
2018-12-05 17:15:00,47.12,71.30785
2018-12-05 17:30:00,44.57,66.28432
2018-12-05 17:45:00,44.24,38.8139
2018-12-05 18:00:00,27.32,34.793644
2018-12-05 18:15:00,5.87,32.190907
2018-12-05 18:30:00,5.36,38.625896
2018-12-05 18:45:00,5.47,41.680546
2018-12-05 19:00:00,5.58,35.99397
2018-12-05 19:15:00,5.58,5.6420937
2018-12-05 19:30:00,5.47,5.0672565
2018-12-05 19:45:00,5.44,4.8431215
2018-12-05 20:00:00,5.44,4.9466286
2018-12-05 20:15:00,5.44,4.833899
2018-12-05 20:30:00,5.51,4.901827
2018-12-05 20:45:00,5.44,4.9838567
2018-12-05 21:00:00,4.82,4.894114
2018-12-05 21:15:00,4.28,4.9134207
2018-12-05 21:30:00,4.25,4.575446
2018-12-05 21:45:00,4.28,4.6322346
2018-12-05 22:00:00,4.36,4.079409
2018-12-05 22:15:00,4.03,3.948529
2018-12-05 22:30:00,4.0,3.9043329
2018-12-05 22:45:00,4.03,3.873874
2018-12-05 23:00:00,4.0,3.936801
2018-12-05 23:15:00,4.0,3.9262292
2018-12-05 23:30:00,3.92,3.8622975
2018-12-05 23:45:00,4.0,3.7924094
2018-12-06 00:00:00,4.0,3.8697712
2018-12-06 00:15:00,3.96,3.8389535
2018-12-06 00:30:00,4.79,3.8176064
2018-12-06 00:45:00,5.18,3.8628845
2018-12-06 01:00:00,4.03,3.859187
2018-12-06 01:15:00,3.92,3.826712
2018-12-06 01:30:00,4.0,3.9258633
2018-12-06 01:45:00,3.92,3.9266086
2018-12-06 02:00:00,4.07,3.8127472
2018-12-06 02:15:00,3.46,3.685959
2018-12-06 02:30:00,3.28,3.8850677
2018-12-06 02:45:00,3.38,3.8411243
2018-12-06 03:00:00,3.31,3.8709273
2018-12-06 03:15:00,3.35,3.4703927
2018-12-06 03:30:00,3.35,3.2654889
2018-12-06 03:45:00,3.38,3.2115462
2018-12-06 04:00:00,3.42,3.2114847
2018-12-06 04:15:00,3.31,3.3119638
2018-12-06 04:30:00,4.61,3.3032463
2018-12-06 04:45:00,5.04,3.2719908
2018-12-06 05:00:00,4.07,3.2652774
2018-12-06 05:15:00,3.71,3.2535048
2018-12-06 05:30:00,3.31,3.3908913
2018-12-06 05:45:00,3.31,3.5076966
2018-12-06 06:00:00,3.38,3.4996834
2018-12-06 06:15:00,3.31,3.3860693
2018-12-06 06:30:00,3.28,3.2682645
2018-12-06 06:45:00,3.31,3.3341494
2018-12-06 07:00:00,3.24,3.3557515
2018-12-06 07:15:00,3.28,3.3219597
2018-12-06 07:30:00,3.46,3.7312024
2018-12-06 07:45:00,4.21,4.430371
2018-12-06 08:00:00,6.44,4.6421127
2018-12-06 08:15:00,32.29,43.615227
2018-12-06 08:30:00,64.98,68.23603
2018-12-06 08:45:00,60.84,71.9854
2018-12-06 09:00:00,59.87,74.60866
2018-12-06 09:15:00,67.0,66.26117
2018-12-06 09:30:00,71.17,70.457306
2018-12-06 09:45:00,76.86,65.120415
2018-12-06 10:00:00,66.67,61.71545
2018-12-06 10:15:00,63.18,63.017372
2018-12-06 10:30:00,68.87,66.84576
2018-12-06 10:45:00,71.06,70.17316
2018-12-06 11:00:00,62.78,65.682465
2018-12-06 11:15:00,60.88,66.50796
2018-12-06 11:30:00,74.45,66.22669
2018-12-06 11:45:00,67.82,68.20253
2018-12-06 12:00:00,69.26,57.053295
2018-12-06 12:15:00,9.94,7.8307724
2018-12-06 12:30:00,6.88,6.9465017
2018-12-06 12:45:00,7.02,7.23231
2018-12-06 13:00:00,6.95,7.7261295
2018-12-06 13:15:00,35.78,40.987453
2018-12-06 13:30:00,61.78,70.907745
2018-12-06 13:45:00,60.8,60.070946
2018-12-06 14:00:00,71.78,67.21882
2018-12-06 14:15:00,72.11,58.207283
2018-12-06 14:30:00,68.22,62.521267
2018-12-06 14:45:00,73.44,61.47574
2018-12-06 15:00:00,56.88,69.77829
2018-12-06 15:15:00,50.29,67.6449
2018-12-06 15:30:00,48.78,65.57658
2018-12-06 15:45:00,48.96,69.96073
2018-12-06 16:00:00,49.97,61.686615
2018-12-06 16:15:00,62.28,60.060005
2018-12-06 16:30:00,47.95,58.09052
2018-12-06 16:45:00,57.35,54.32695
2018-12-06 17:00:00,47.77,52.18624
2018-12-06 17:15:00,48.6,56.52214
2018-12-06 17:30:00,57.46,49.7297
2018-12-06 17:45:00,31.86,33.33823
2018-12-06 18:00:00,31.61,31.093407
2018-12-06 18:15:00,36.61,38.51581
2018-12-06 18:30:00,40.07,46.478176
2018-12-06 18:45:00,37.87,47.20268
2018-12-06 19:00:00,47.23,47.28544
2018-12-06 19:15:00,53.03,44.41015
2018-12-06 19:30:00,38.63,44.599476
2018-12-06 19:45:00,37.51,39.384594
2018-12-06 20:00:00,38.3,44.540188
2018-12-06 20:15:00,54.36,46.729355
2018-12-06 20:30:00,38.84,41.415054
2018-12-06 20:45:00,27.72,35.712284
2018-12-06 21:00:00,8.86,14.325584
2018-12-06 21:15:00,5.51,6.596459
2018-12-06 21:30:00,5.58,5.43863
2018-12-06 21:45:00,5.62,5.2376704
2018-12-06 22:00:00,5.54,4.6698256
2018-12-06 22:15:00,5.26,4.3095255
2018-12-06 22:30:00,5.22,4.303151
2018-12-06 22:45:00,5.26,4.2120566
2018-12-06 23:00:00,4.18,4.3073764
2018-12-06 23:15:00,3.96,4.244714
2018-12-06 23:30:00,4.0,4.1438217
2018-12-06 23:45:00,4.0,4.24924
2018-12-07 00:00:00,4.03,5.462229
2018-12-07 00:15:00,3.96,3.8135047
2018-12-07 00:30:00,4.03,3.9685273
2018-12-07 00:45:00,4.03,3.9575171
2018-12-07 01:00:00,4.0,3.9754698
2018-12-07 01:15:00,4.03,3.8815587
2018-12-07 01:30:00,4.03,3.9827254
2018-12-07 01:45:00,4.03,3.9600968
2018-12-07 02:00:00,4.1,3.8930962
2018-12-07 02:15:00,4.0,3.8475997
2018-12-07 02:30:00,4.72,3.8494663
2018-12-07 02:45:00,4.79,3.8967834
2018-12-07 03:00:00,4.14,3.8574207
2018-12-07 03:15:00,4.07,3.7806468
2018-12-07 03:30:00,4.03,3.8398623
2018-12-07 03:45:00,4.0,3.7697957
2018-12-07 04:00:00,3.42,3.647362
2018-12-07 04:15:00,3.49,3.6400716
2018-12-07 04:30:00,3.46,3.83676
2018-12-07 04:45:00,3.38,3.982269
2018-12-07 05:00:00,3.42,3.4346085
2018-12-07 05:15:00,3.42,3.4058588
2018-12-07 05:30:00,3.74,3.3987021
2018-12-07 05:45:00,4.07,3.4571505
2018-12-07 06:00:00,3.49,3.455635
2018-12-07 06:15:00,3.42,3.4430397
2018-12-07 06:30:00,3.64,3.340657
2018-12-07 06:45:00,4.1,3.3938186
2018-12-07 07:00:00,4.0,3.3924327
2018-12-07 07:15:00,4.0,3.380146
2018-12-07 07:30:00,3.82,3.859751
2018-12-07 07:45:00,4.54,4.497901
2018-12-07 08:00:00,4.79,4.383528
2018-12-07 08:15:00,47.66,33.92166
2018-12-07 08:30:00,60.19,57.755592
2018-12-07 08:45:00,60.19,59.80839
2018-12-07 09:00:00,53.32,61.057156
2018-12-07 09:15:00,58.86,68.489
2018-12-07 09:30:00,49.5,65.85189
2018-12-07 09:45:00,48.42,63.718906
2018-12-07 10:00:00,62.78,56.327213
2018-12-07 10:15:00,48.02,56.400105
2018-12-07 10:30:00,46.22,56.043312
2018-12-07 10:45:00,57.46,54.757057
2018-12-07 11:00:00,48.78,59.252975
2018-12-07 11:15:00,47.02,57.890167
2018-12-07 11:30:00,58.0,55.156578
2018-12-07 11:45:00,51.48,56.811245
2018-12-07 12:00:00,44.28,50.027233
2018-12-07 12:15:00,26.6,6.7094846
2018-12-07 12:30:00,12.49,6.4388614
2018-12-07 12:45:00,9.79,6.1945505
2018-12-07 13:00:00,10.76,6.1521325
2018-12-07 13:15:00,44.06,34.92095
2018-12-07 13:30:00,49.82,54.61308
2018-12-07 13:45:00,54.36,51.470963
2018-12-07 14:00:00,55.98,54.969395
2018-12-07 14:15:00,56.48,55.940258
2018-12-07 14:30:00,47.41,55.60341
2018-12-07 14:45:00,47.95,56.340153
2018-12-07 15:00:00,58.86,54.74685
2018-12-07 15:15:00,50.08,56.344517
2018-12-07 15:30:00,51.88,54.30717
2018-12-07 15:45:00,53.82,55.054245
2018-12-07 16:00:00,49.9,59.25845
2018-12-07 16:15:00,57.1,58.73009
2018-12-07 16:30:00,50.33,56.52271
2018-12-07 16:45:00,68.54,56.730114
2018-12-07 17:00:00,60.12,57.183224
2018-12-07 17:15:00,72.11,56.73182
2018-12-07 17:30:00,46.33,54.213898
2018-12-07 17:45:00,34.16,32.0858
2018-12-07 18:00:00,30.35,32.41493
2018-12-07 18:15:00,42.48,43.01798
2018-12-07 18:30:00,52.85,48.00843
2018-12-07 18:45:00,58.97,47.490284
2018-12-07 19:00:00,57.17,50.670395
2018-12-07 19:15:00,44.39,50.14689
2018-12-07 19:30:00,47.84,49.720047
2018-12-07 19:45:00,54.07,49.30708
2018-12-07 20:00:00,43.38,46.17895
2018-12-07 20:15:00,57.64,49.14256
2018-12-07 20:30:00,41.72,46.870083
2018-12-07 20:45:00,31.9,37.27992
2018-12-07 21:00:00,19.69,12.104017
2018-12-07 21:15:00,5.62,7.754509
2018-12-07 21:30:00,5.62,5.716516
2018-12-07 21:45:00,5.15,5.323863
2018-12-07 22:00:00,4.28,4.6538672
2018-12-07 22:15:00,4.0,4.5112557
2018-12-07 22:30:00,4.07,4.5172033
2018-12-07 22:45:00,4.03,4.295197
2018-12-07 23:00:00,4.0,3.934845
2018-12-07 23:15:00,3.96,3.845993
2018-12-07 23:30:00,4.03,3.859333
2018-12-07 23:45:00,4.0,3.8825693
2018-12-08 00:00:00,3.78,3.7801409
2018-12-08 00:15:00,4.0,3.8335173
2018-12-08 00:30:00,3.96,3.9169211
2018-12-08 00:45:00,4.0,3.92569
2018-12-08 01:00:00,4.0,3.8240418
2018-12-08 01:15:00,5.15,3.9271274
2018-12-08 01:30:00,4.79,3.8031008
2018-12-08 01:45:00,3.96,3.9060874
2018-12-08 02:00:00,3.96,3.7512696
2018-12-08 02:15:00,4.1,3.8000274
2018-12-08 02:30:00,4.0,3.7924633
2018-12-08 02:45:00,4.0,3.7355773
2018-12-08 03:00:00,4.0,3.7815487
2018-12-08 03:15:00,3.96,3.8521535
2018-12-08 03:30:00,3.64,3.7533245
2018-12-08 03:45:00,3.38,3.7135682
2018-12-08 04:00:00,3.31,3.5918918
2018-12-08 04:15:00,3.35,3.6144805
2018-12-08 04:30:00,3.35,3.5413973
2018-12-08 04:45:00,3.42,3.4553478
2018-12-08 05:00:00,3.49,3.3201642
2018-12-08 05:15:00,4.0,3.3094084
2018-12-08 05:30:00,3.53,3.3384624
2018-12-08 05:45:00,3.35,3.2987263
2018-12-08 06:00:00,3.38,3.3016045
2018-12-08 06:15:00,4.03,3.2864943
2018-12-08 06:30:00,4.03,3.3572538
2018-12-08 06:45:00,4.0,3.3009543
2018-12-08 07:00:00,3.78,3.2957487
2018-12-08 07:15:00,3.35,3.60803
2018-12-08 07:30:00,3.31,3.6539114
2018-12-08 07:45:00,3.53,3.855077
2018-12-08 08:00:00,3.67,3.980524
2018-12-08 08:15:00,29.23,20.486803
2018-12-08 08:30:00,38.16,30.954613
2018-12-08 08:45:00,33.08,28.796473
2018-12-08 09:00:00,51.52,34.583416
2018-12-08 09:15:00,47.77,43.56673
2018-12-08 09:30:00,42.05,43.63753
2018-12-08 09:45:00,32.4,41.56655
2018-12-08 10:00:00,31.43,48.805035
2018-12-08 10:15:00,31.57,45.850185
2018-12-08 10:30:00,31.43,42.709312
2018-12-08 10:45:00,47.66,38.3423
2018-12-08 11:00:00,49.28,38.538532
2018-12-08 11:15:00,38.16,40.39383
2018-12-08 11:30:00,44.14,38.258633
2018-12-08 11:45:00,38.27,46.17716
2018-12-08 12:00:00,22.46,40.190475
2018-12-08 12:15:00,3.92,6.0150385
2018-12-08 12:30:00,4.57,5.8737087
2018-12-08 12:45:00,5.36,5.900228
2018-12-08 13:00:00,6.08,8.22431
2018-12-08 13:15:00,34.09,22.397419
2018-12-08 13:30:00,55.69,38.285515
2018-12-08 13:45:00,40.61,37.740746
2018-12-08 14:00:00,50.51,36.05548
2018-12-08 14:15:00,37.98,42.65793
2018-12-08 14:30:00,48.89,50.662853
2018-12-08 14:45:00,37.73,44.541454
2018-12-08 15:00:00,40.03,47.90077
2018-12-08 15:15:00,43.67,40.748238
2018-12-08 15:30:00,46.15,48.12139
2018-12-08 15:45:00,49.68,40.80393
2018-12-08 16:00:00,49.32,42.620754
2018-12-08 16:15:00,49.46,43.512127
2018-12-08 16:30:00,49.54,43.016926
2018-12-08 16:45:00,34.63,43.300114
2018-12-08 17:00:00,27.0,25.336708
2018-12-08 17:15:00,9.9,13.415823
2018-12-08 17:30:00,5.22,32.873734
2018-12-08 17:45:00,5.29,5.27979
2018-12-08 18:00:00,5.22,6.4393673
2018-12-08 18:15:00,5.18,4.9858465
2018-12-08 18:30:00,5.15,4.46109
2018-12-08 18:45:00,5.33,4.421343
2018-12-08 19:00:00,5.15,4.4882693
2018-12-08 19:15:00,4.1,4.8451204
2018-12-08 19:30:00,4.14,4.813368
2018-12-08 19:45:00,4.1,4.8392215
2018-12-08 20:00:00,4.14,4.7166657
2018-12-08 20:15:00,4.1,4.0131154
2018-12-08 20:30:00,4.03,3.953452
2018-12-08 20:45:00,4.14,4.099167
2018-12-08 21:00:00,4.1,4.0891514
2018-12-08 21:15:00,4.14,4.1228228
2018-12-08 21:30:00,4.1,4.1054034
2018-12-08 21:45:00,4.14,4.0865064
2018-12-08 22:00:00,4.1,3.9234538
2018-12-08 22:15:00,3.82,3.8367121
2018-12-08 22:30:00,3.89,3.7948275
2018-12-08 22:45:00,5.0,3.6777883
2018-12-08 23:00:00,4.75,3.6721637
2018-12-08 23:15:00,3.82,3.5625482
2018-12-08 23:30:00,3.71,3.567888
2018-12-08 23:45:00,3.82,3.7248845
2018-12-09 00:00:00,3.17,3.7077334
2018-12-09 00:15:00,3.74,3.516951
2018-12-09 00:30:00,3.74,3.6147091
2018-12-09 00:45:00,3.82,3.6052427
2018-12-09 01:00:00,3.85,3.3648603
2018-12-09 01:15:00,3.78,3.4688113
2018-12-09 01:30:00,3.82,3.4604857
2018-12-09 01:45:00,3.78,3.4778705
2018-12-09 02:00:00,3.78,3.5155218
2018-12-09 02:15:00,3.17,3.5737166
2018-12-09 02:30:00,3.13,3.584762
2018-12-09 02:45:00,3.35,3.6114497
2018-12-09 03:00:00,3.67,3.7211936
2018-12-09 03:15:00,3.02,3.1523895
2018-12-09 03:30:00,3.13,3.1365912
2018-12-09 03:45:00,3.06,3.0982628
2018-12-09 04:00:00,3.06,3.1106944
2018-12-09 04:15:00,3.06,3.043424
2018-12-09 04:30:00,3.2,3.1274674
2018-12-09 04:45:00,3.78,3.18235
2018-12-09 05:00:00,3.78,3.214225
2018-12-09 05:15:00,3.74,3.2362723
2018-12-09 05:30:00,3.74,3.0681686
2018-12-09 05:45:00,3.13,3.0313678
2018-12-09 06:00:00,3.74,3.0188441
2018-12-09 06:15:00,3.56,3.2839713
2018-12-09 06:30:00,3.1,3.5741677
2018-12-09 06:45:00,2.95,3.1170893
2018-12-09 07:00:00,3.06,3.469922
2018-12-09 07:15:00,3.02,3.2480931
2018-12-09 07:30:00,2.95,3.1835284
2018-12-09 07:45:00,3.02,3.154345
2018-12-09 08:00:00,2.99,3.1785963
2018-12-09 08:15:00,3.13,3.7245858
2018-12-09 08:30:00,3.74,4.054623
2018-12-09 08:45:00,3.82,4.011992
2018-12-09 09:00:00,3.96,4.0110598
2018-12-09 09:15:00,4.03,3.5123672
2018-12-09 09:30:00,3.35,3.2972264
2018-12-09 09:45:00,3.31,3.5634725
2018-12-09 10:00:00,3.89,3.8204129
2018-12-09 10:15:00,4.03,4.093516
2018-12-09 10:30:00,3.31,3.6465774
2018-12-09 10:45:00,3.35,3.5462005
2018-12-09 11:00:00,3.42,3.8437104
2018-12-09 11:15:00,3.35,3.7208383
2018-12-09 11:30:00,3.31,3.3085907
2018-12-09 11:45:00,3.38,3.3358982
2018-12-09 12:00:00,3.89,3.3513708
2018-12-09 12:15:00,4.18,3.3411267
2018-12-09 12:30:00,4.1,3.3582392
2018-12-09 12:45:00,4.1,3.3663125
2018-12-09 13:00:00,3.6,3.316315
2018-12-09 13:15:00,3.42,3.660458
2018-12-09 13:30:00,3.42,4.290231
2018-12-09 13:45:00,3.35,5.543742
2018-12-09 14:00:00,3.92,4.7233753
2018-12-09 14:15:00,3.78,4.4643536
2018-12-09 14:30:00,3.42,4.1198335
2018-12-09 14:45:00,3.38,3.7101066
2018-12-09 15:00:00,3.46,3.5817564
2018-12-09 15:15:00,3.42,3.591035
2018-12-09 15:30:00,3.53,3.4556181
2018-12-09 15:45:00,4.07,3.3989801
2018-12-09 16:00:00,4.03,3.430036
2018-12-09 16:15:00,4.14,3.4497337
2018-12-09 16:30:00,4.0,3.4112203
2018-12-09 16:45:00,3.31,3.4409132
2018-12-09 17:00:00,3.35,3.4947727
2018-12-09 17:15:00,3.49,3.4657397
2018-12-09 17:30:00,4.1,3.8351119
2018-12-09 17:45:00,3.64,3.3029764
2018-12-09 18:00:00,3.24,3.298918
2018-12-09 18:15:00,3.28,3.243695
2018-12-09 18:30:00,3.31,3.5223622
2018-12-09 18:45:00,3.42,3.3427896
2018-12-09 19:00:00,3.64,3.249339
2018-12-09 19:15:00,4.07,3.2749524
2018-12-09 19:30:00,4.03,3.2218454
2018-12-09 19:45:00,4.03,3.324938
2018-12-09 20:00:00,4.0,3.2346923
2018-12-09 20:15:00,3.31,3.3395414
2018-12-09 20:30:00,3.31,3.3706539
2018-12-09 20:45:00,3.35,3.5340552
2018-12-09 21:00:00,3.35,3.7617433
2018-12-09 21:15:00,3.67,3.3241844
2018-12-09 21:30:00,4.14,3.275662
2018-12-09 21:45:00,3.38,3.2416568
2018-12-09 22:00:00,3.28,3.2924855
2018-12-09 22:15:00,3.13,3.2041616
2018-12-09 22:30:00,3.17,3.2158756
2018-12-09 22:45:00,3.78,3.1410072
2018-12-09 23:00:00,3.78,3.0826774
2018-12-09 23:15:00,3.74,2.9387991
2018-12-09 23:30:00,3.74,3.0194385
2018-12-09 23:45:00,3.46,3.011191
2018-12-10 00:00:00,5.36,3.3806927
2018-12-10 00:15:00,3.06,3.2903001
2018-12-10 00:30:00,3.02,3.4835064
2018-12-10 00:45:00,3.31,3.5373085
2018-12-10 01:00:00,3.85,3.4988508
2018-12-10 01:15:00,3.42,3.2737558
2018-12-10 01:30:00,3.1,3.1823058
2018-12-10 01:45:00,3.1,3.1924639
2018-12-10 02:00:00,3.17,3.1207466
2018-12-10 02:15:00,3.31,3.0338411
2018-12-10 02:30:00,3.82,3.0454407
2018-12-10 02:45:00,3.78,3.2331388
2018-12-10 03:00:00,3.82,3.2141464
2018-12-10 03:15:00,3.74,3.1010575
2018-12-10 03:30:00,3.1,3.0308647
2018-12-10 03:45:00,3.2,3.1218138
2018-12-10 04:00:00,3.1,3.2496703
2018-12-10 04:15:00,3.13,3.4136198
2018-12-10 04:30:00,3.17,3.141806
2018-12-10 04:45:00,3.49,3.3305395
2018-12-10 05:00:00,3.74,3.1260648
2018-12-10 05:15:00,3.13,3.1052604
2018-12-10 05:30:00,3.1,3.118204
2018-12-10 05:45:00,3.82,3.0281796
2018-12-10 06:00:00,3.82,3.0469236
2018-12-10 06:15:00,3.85,3.0400848
2018-12-10 06:30:00,3.82,3.0327551
2018-12-10 06:45:00,3.46,3.1567783
2018-12-10 07:00:00,3.06,3.1695085
2018-12-10 07:15:00,3.13,3.3578362
2018-12-10 07:30:00,3.56,3.9583547
2018-12-10 07:45:00,5.87,4.345151
2018-12-10 08:00:00,6.8,4.142721
2018-12-10 08:15:00,33.48,24.225487
2018-12-10 08:30:00,61.06,57.695683
2018-12-10 08:45:00,58.36,64.60408
2018-12-10 09:00:00,68.62,65.86782
2018-12-10 09:15:00,69.23,63.732887
2018-12-10 09:30:00,70.78,63.18543
2018-12-10 09:45:00,61.74,61.523125
2018-12-10 10:00:00,72.0,63.618923
2018-12-10 10:15:00,56.2,60.58561
2018-12-10 10:30:00,56.02,66.58555
2018-12-10 10:45:00,63.9,65.53164
2018-12-10 11:00:00,68.47,70.03487
2018-12-10 11:15:00,61.56,65.14847
2018-12-10 11:30:00,70.31,65.97818
2018-12-10 11:45:00,62.42,64.134834
2018-12-10 12:00:00,44.75,57.795937
2018-12-10 12:15:00,9.11,7.4200306
2018-12-10 12:30:00,10.33,6.294727
2018-12-10 12:45:00,11.45,6.193163
2018-12-10 13:00:00,11.09,7.0005603
2018-12-10 13:15:00,42.66,35.797184
2018-12-10 13:30:00,72.9,59.29997
2018-12-10 13:45:00,71.03,58.260765
2018-12-10 14:00:00,67.32,56.294548
2018-12-10 14:15:00,64.22,58.75574
2018-12-10 14:30:00,69.91,70.33702
2018-12-10 14:45:00,51.23,71.03395
2018-12-10 15:00:00,58.39,63.354767
2018-12-10 15:15:00,69.62,63.997677
2018-12-10 15:30:00,66.71,63.998955
2018-12-10 15:45:00,65.99,59.311337
2018-12-10 16:00:00,64.98,59.317
2018-12-10 16:15:00,64.55,61.204037
2018-12-10 16:30:00,63.72,62.37936
2018-12-10 16:45:00,66.53,63.23935
2018-12-10 17:00:00,62.57,62.81301
2018-12-10 17:15:00,63.72,61.64911
2018-12-10 17:30:00,58.64,57.01489
2018-12-10 17:45:00,60.12,33.179142
2018-12-10 18:00:00,24.73,32.224964
2018-12-10 18:15:00,5.47,40.61484
2018-12-10 18:30:00,4.5,48.65928
2018-12-10 18:45:00,4.46,56.23699
2018-12-10 19:00:00,4.46,39.152863
2018-12-10 19:15:00,4.75,8.917091
2018-12-10 19:30:00,5.69,5.893552
2018-12-10 19:45:00,5.62,5.0877056
2018-12-10 20:00:00,4.46,5.1109405
2018-12-10 20:15:00,4.46,5.452066
2018-12-10 20:30:00,4.5,4.869826
2018-12-10 20:45:00,4.43,5.1493335
2018-12-10 21:00:00,4.46,4.1076584
2018-12-10 21:15:00,4.5,4.06682
2018-12-10 21:30:00,4.57,3.991341
2018-12-10 21:45:00,4.54,4.1271496
2018-12-10 22:00:00,4.46,4.0430856
2018-12-10 22:15:00,4.28,3.9930203
2018-12-10 22:30:00,4.25,3.983937
2018-12-10 22:45:00,4.32,3.9977813
2018-12-10 23:00:00,4.18,3.945291
2018-12-10 23:15:00,4.18,3.90975
2018-12-10 23:30:00,4.21,3.9054356
2018-12-10 23:45:00,4.28,3.9574866
2018-12-11 00:00:00,4.18,4.066751
2018-12-11 00:15:00,4.86,4.06856
2018-12-11 00:30:00,4.21,4.0543313
2018-12-11 00:45:00,4.18,4.067657
2018-12-11 01:00:00,4.21,4.06022
2018-12-11 01:15:00,4.32,3.9248283
2018-12-11 01:30:00,4.25,4.038921
2018-12-11 01:45:00,4.18,3.955302
2018-12-11 02:00:00,4.21,3.9040864
2018-12-11 02:15:00,4.28,4.0202136
2018-12-11 02:30:00,4.25,3.996934
2018-12-11 02:45:00,4.21,3.9942513
2018-12-11 03:00:00,3.56,3.952733
2018-12-11 03:15:00,3.56,3.992357
2018-12-11 03:30:00,3.53,3.910973
2018-12-11 03:45:00,3.53,3.889454
2018-12-11 04:00:00,3.85,3.5588613
2018-12-11 04:15:00,4.18,3.521027
2018-12-11 04:30:00,3.49,3.4998982
2018-12-11 04:45:00,3.56,3.4789872
2018-12-11 05:00:00,3.56,3.5461042
2018-12-11 05:15:00,3.74,3.5106163
2018-12-11 05:30:00,4.18,3.450471
2018-12-11 05:45:00,4.25,3.4668026
2018-12-11 06:00:00,4.28,3.4675136
2018-12-11 06:15:00,3.56,3.6372952
2018-12-11 06:30:00,3.53,3.550253
2018-12-11 06:45:00,3.6,3.5432286
2018-12-11 07:00:00,3.49,3.615365
2018-12-11 07:15:00,4.1,3.6334548
2018-12-11 07:30:00,4.07,3.805906
2018-12-11 07:45:00,4.86,4.2662673
2018-12-11 08:00:00,14.83,4.484253
2018-12-11 08:15:00,44.21,35.690334
2018-12-11 08:30:00,54.04,64.009315
2018-12-11 08:45:00,61.74,64.049225
2018-12-11 09:00:00,69.48,66.787704
2018-12-11 09:15:00,75.38,66.35334
2018-12-11 09:30:00,71.82,66.68179
2018-12-11 09:45:00,71.24,66.49743
2018-12-11 10:00:00,54.86,63.42143
2018-12-11 10:15:00,66.13,65.2769
2018-12-11 10:30:00,73.08,69.21266
2018-12-11 10:45:00,77.51,70.56544
2018-12-11 11:00:00,72.54,64.62713
2018-12-11 11:15:00,63.83,67.65181
2018-12-11 11:30:00,67.07,67.812386
2018-12-11 11:45:00,84.24,72.6833
2018-12-11 12:00:00,72.79,67.898415
2018-12-11 12:15:00,7.96,8.437449
2018-12-11 12:30:00,5.8,7.339544
2018-12-11 12:45:00,6.98,7.652344
2018-12-11 13:00:00,6.95,9.65454
2018-12-11 13:15:00,38.45,46.21562
2018-12-11 13:30:00,59.36,79.41545
2018-12-11 13:45:00,66.02,81.155365
2018-12-11 14:00:00,80.28,67.64198
2018-12-11 14:15:00,75.53,60.29684
2018-12-11 14:30:00,72.0,66.49671
2018-12-11 14:45:00,72.61,69.01219
2018-12-11 15:00:00,78.55,76.88524
2018-12-11 15:15:00,73.98,72.037895
2018-12-11 15:30:00,76.79,71.42658
2018-12-11 15:45:00,80.46,70.661255
2018-12-11 16:00:00,68.11,73.29096
2018-12-11 16:15:00,71.68,68.89656
2018-12-11 16:30:00,69.8,74.43533
2018-12-11 16:45:00,75.46,79.67929
2018-12-11 17:00:00,70.27,67.00336
2018-12-11 17:15:00,78.48,70.85637
2018-12-11 17:30:00,66.78,61.245678
2018-12-11 17:45:00,32.11,47.0301
2018-12-11 18:00:00,31.25,32.179634
2018-12-11 18:15:00,36.4,42.12736
2018-12-11 18:30:00,39.56,57.200844
2018-12-11 18:45:00,51.44,55.573936
2018-12-11 19:00:00,51.52,56.66444
2018-12-11 19:15:00,53.57,53.262096
2018-12-11 19:30:00,52.81,43.89615
2018-12-11 19:45:00,52.38,51.422733
2018-12-11 20:00:00,53.21,50.923313
2018-12-11 20:15:00,51.91,51.81576
2018-12-11 20:30:00,53.46,44.821335
2018-12-11 20:45:00,32.36,34.623463
2018-12-11 21:00:00,28.37,31.157988
2018-12-11 21:15:00,6.77,31.90016
2018-12-11 21:30:00,5.69,17.030367
2018-12-11 21:45:00,5.8,10.438551
2018-12-11 22:00:00,5.69,7.6303177
2018-12-11 22:15:00,5.47,4.535473
2018-12-11 22:30:00,5.44,4.27909
2018-12-11 22:45:00,4.97,4.2933965
2018-12-11 23:00:00,4.36,4.3210244
2018-12-11 23:15:00,4.25,4.37631
2018-12-11 23:30:00,4.21,4.378636
2018-12-11 23:45:00,4.14,4.3215504
2018-12-12 00:00:00,4.21,6.384195
2018-12-12 00:15:00,4.21,4.5493875
2018-12-12 00:30:00,4.14,4.187872
2018-12-12 00:45:00,4.14,4.2029448
2018-12-12 01:00:00,4.14,4.229473
2018-12-12 01:15:00,4.21,4.2296443
2018-12-12 01:30:00,4.18,4.2322884
2018-12-12 01:45:00,4.75,4.239635
2018-12-12 02:00:00,5.33,4.2204084
2018-12-12 02:15:00,4.25,4.114302
2018-12-12 02:30:00,4.25,4.1882873
2018-12-12 02:45:00,4.18,4.2416983
2018-12-12 03:00:00,4.21,4.078894
2018-12-12 03:15:00,4.18,3.8027914
2018-12-12 03:30:00,4.18,3.6604636
2018-12-12 03:45:00,4.25,3.6596644
2018-12-12 04:00:00,4.18,3.7003276
2018-12-12 04:15:00,4.03,3.79457
2018-12-12 04:30:00,3.46,3.79405
2018-12-12 04:45:00,3.46,3.9447136
2018-12-12 05:00:00,3.53,3.9149995
2018-12-12 05:15:00,3.46,3.9103549
2018-12-12 05:30:00,3.49,3.3945305
2018-12-12 05:45:00,4.0,3.3934433
2018-12-12 06:00:00,4.25,3.4337132
2018-12-12 06:15:00,3.85,3.3950114
2018-12-12 06:30:00,3.42,3.5363007
2018-12-12 06:45:00,3.42,3.459138
2018-12-12 07:00:00,3.96,3.4162064
2018-12-12 07:15:00,4.1,3.5109944
2018-12-12 07:30:00,4.32,3.7620347
2018-12-12 07:45:00,5.83,4.452675
2018-12-12 08:00:00,5.8,5.4507947
2018-12-12 08:15:00,36.86,36.20475
2018-12-12 08:30:00,60.37,67.84367
2018-12-12 08:45:00,66.46,68.68172
2018-12-12 09:00:00,69.05,70.50927
2018-12-12 09:15:00,63.86,68.20682
2018-12-12 09:30:00,65.59,69.260796
2018-12-12 09:45:00,60.98,68.797035
2018-12-12 10:00:00,65.74,67.02142
2018-12-12 10:15:00,57.17,61.32486
2018-12-12 10:30:00,64.55,63.812057
2018-12-12 10:45:00,53.42,60.841373
2018-12-12 11:00:00,65.88,62.99975
2018-12-12 11:15:00,57.71,61.662155
2018-12-12 11:30:00,59.76,61.971233
2018-12-12 11:45:00,79.85,60.057888
2018-12-12 12:00:00,49.64,59.234215
2018-12-12 12:15:00,27.97,8.155988
2018-12-12 12:30:00,29.74,6.920564
2018-12-12 12:45:00,29.56,7.133076
2018-12-12 13:00:00,29.3,6.9422636
2018-12-12 13:15:00,58.86,44.39803
2018-12-12 13:30:00,61.78,56.252903
2018-12-12 13:45:00,77.0,61.405617
2018-12-12 14:00:00,65.56,54.7842
2018-12-12 14:15:00,86.51,57.66013
2018-12-12 14:30:00,60.44,62.25773
2018-12-12 14:45:00,64.8,69.85487
2018-12-12 15:00:00,72.18,61.274845
2018-12-12 15:15:00,69.08,78.44901
2018-12-12 15:30:00,66.17,62.352303
2018-12-12 15:45:00,61.67,64.033615
2018-12-12 16:00:00,70.6,69.02235
2018-12-12 16:15:00,68.36,64.46075
2018-12-12 16:30:00,75.1,61.872147
2018-12-12 16:45:00,66.13,61.47441
2018-12-12 17:00:00,70.7,65.4573
2018-12-12 17:15:00,60.7,61.912613
2018-12-12 17:30:00,57.92,61.568874
2018-12-12 17:45:00,32.9,35.91818
2018-12-12 18:00:00,30.53,32.148727
2018-12-12 18:15:00,49.9,36.937313
2018-12-12 18:30:00,67.25,43.891907
2018-12-12 18:45:00,69.37,52.58742
2018-12-12 19:00:00,65.99,52.918915
2018-12-12 19:15:00,66.02,50.99621
2018-12-12 19:30:00,60.19,60.59259
2018-12-12 19:45:00,58.54,62.841007
2018-12-12 20:00:00,61.85,56.063923
2018-12-12 20:15:00,67.07,59.374363
2018-12-12 20:30:00,58.82,51.918777
2018-12-12 20:45:00,53.35,35.43841
2018-12-12 21:00:00,30.35,32.900494
2018-12-12 21:15:00,12.2,26.45372
2018-12-12 21:30:00,5.8,21.117826
2018-12-12 21:45:00,5.76,17.349472
2018-12-12 22:00:00,5.65,15.127875
2018-12-12 22:15:00,5.04,4.6461186
2018-12-12 22:30:00,4.25,4.524046
2018-12-12 22:45:00,4.25,4.284802
2018-12-12 23:00:00,4.21,4.31348
2018-12-12 23:15:00,4.14,4.169927
2018-12-12 23:30:00,4.1,3.9907818
2018-12-12 23:45:00,4.1,3.9829402
2018-12-13 00:00:00,5.26,5.3403606
2018-12-13 00:15:00,4.1,4.1813464
2018-12-13 00:30:00,4.18,4.1708093
2018-12-13 00:45:00,4.21,4.1344743
2018-12-13 01:00:00,4.14,4.0864916
2018-12-13 01:15:00,4.28,4.0307784
2018-12-13 01:30:00,4.18,4.040273
2018-12-13 01:45:00,4.25,4.024724
2018-12-13 02:00:00,5.36,4.178496
2018-12-13 02:15:00,4.79,4.0684657
2018-12-13 02:30:00,4.25,4.046418
2018-12-13 02:45:00,4.18,4.08174
2018-12-13 03:00:00,4.21,4.067802
2018-12-13 03:15:00,4.18,4.024936
2018-12-13 03:30:00,4.21,3.8494618
2018-12-13 03:45:00,4.21,3.8294678
2018-12-13 04:00:00,4.21,3.7582626
2018-12-13 04:15:00,4.18,3.825119
2018-12-13 04:30:00,4.21,3.8534405
2018-12-13 04:45:00,4.21,3.9880843
2018-12-13 05:00:00,4.18,3.9214401
2018-12-13 05:15:00,3.67,3.9288518
2018-12-13 05:30:00,3.42,3.9629083
2018-12-13 05:45:00,3.89,4.008147
2018-12-13 06:00:00,4.32,3.9792576
2018-12-13 06:15:00,3.46,3.553533
2018-12-13 06:30:00,3.38,3.3664463
2018-12-13 06:45:00,3.38,3.5641496
2018-12-13 07:00:00,3.42,3.5988944
2018-12-13 07:15:00,3.42,3.427639
2018-12-13 07:30:00,3.71,3.806057
2018-12-13 07:45:00,5.69,4.321178
2018-12-13 08:00:00,6.23,5.012565
2018-12-13 08:15:00,35.57,35.86072
2018-12-13 08:30:00,72.86,67.5264
2018-12-13 08:45:00,61.74,70.85521
2018-12-13 09:00:00,76.36,70.935936
2018-12-13 09:15:00,63.11,67.34275
2018-12-13 09:30:00,65.66,74.680954
2018-12-13 09:45:00,72.07,63.939842
2018-12-13 10:00:00,56.84,71.9972
2018-12-13 10:15:00,69.3,62.7371
2018-12-13 10:30:00,65.66,63.755756
2018-12-13 10:45:00,85.43,67.77452
2018-12-13 11:00:00,53.17,61.389683
2018-12-13 11:15:00,55.4,64.68588
2018-12-13 11:30:00,60.08,63.30702
2018-12-13 11:45:00,58.0,79.13525
2018-12-13 12:00:00,51.3,54.649796
2018-12-13 12:15:00,11.38,11.526449
2018-12-13 12:30:00,10.91,11.2792015
2018-12-13 12:45:00,30.1,7.800119
2018-12-13 13:00:00,36.4,7.4084415
2018-12-13 13:15:00,41.69,38.646393
2018-12-13 13:30:00,56.92,58.80317
2018-12-13 13:45:00,46.66,58.00283
2018-12-13 14:00:00,52.52,57.573288
2018-12-13 14:15:00,58.25,55.902874
2018-12-13 14:30:00,72.61,56.902195
2018-12-13 14:45:00,66.24,53.929043
2018-12-13 15:00:00,73.08,54.160637
2018-12-13 15:15:00,60.52,53.664833
2018-12-13 15:30:00,59.87,61.72605
2018-12-13 15:45:00,63.5,61.275826
2018-12-13 16:00:00,60.52,65.54451
2018-12-13 16:15:00,88.92,63.514503
2018-12-13 16:30:00,105.37,59.47213
2018-12-13 16:45:00,102.89,62.116795
2018-12-13 17:00:00,77.83,61.364307
2018-12-13 17:15:00,67.18,76.53367
2018-12-13 17:30:00,70.13,82.91887
2018-12-13 17:45:00,31.72,39.713963
2018-12-13 18:00:00,31.5,32.814285
2018-12-13 18:15:00,54.79,53.53417
2018-12-13 18:30:00,77.04,66.843025
2018-12-13 18:45:00,79.63,61.47044
2018-12-13 19:00:00,80.46,58.788486
2018-12-13 19:15:00,71.89,57.237514
2018-12-13 19:30:00,78.52,69.29052
2018-12-13 19:45:00,52.31,73.892
2018-12-13 20:00:00,61.16,73.34436
2018-12-13 20:15:00,61.6,70.67025
2018-12-13 20:30:00,49.68,70.50627
2018-12-13 20:45:00,41.54,45.941895
2018-12-13 21:00:00,20.16,45.859722
2018-12-13 21:15:00,6.16,14.064558
2018-12-13 21:30:00,5.69,8.124445
2018-12-13 21:45:00,5.69,7.2954435
2018-12-13 22:00:00,5.65,4.726801
2018-12-13 22:15:00,5.47,4.6615915
2018-12-13 22:30:00,5.4,4.4293556
2018-12-13 22:45:00,5.36,4.3745213
2018-12-13 23:00:00,5.36,4.3912435
2018-12-13 23:15:00,5.26,4.3700056
2018-12-13 23:30:00,5.22,4.3857317
2018-12-13 23:45:00,5.18,4.4505334
2018-12-14 00:00:00,4.1,6.248481
2018-12-14 00:15:00,5.33,4.5710864
2018-12-14 00:30:00,5.29,4.511148
2018-12-14 00:45:00,5.26,4.560984
2018-12-14 01:00:00,5.29,4.4517965
2018-12-14 01:15:00,5.26,4.4337516
2018-12-14 01:30:00,5.36,4.4662485
2018-12-14 01:45:00,5.33,4.4218707
2018-12-14 02:00:00,4.79,4.523333
2018-12-14 02:15:00,4.14,4.679084
2018-12-14 02:30:00,4.18,4.5859084
2018-12-14 02:45:00,4.21,4.7678943
2018-12-14 03:00:00,4.18,4.491566
2018-12-14 03:15:00,4.25,4.112072
2018-12-14 03:30:00,4.18,4.054281
2018-12-14 03:45:00,4.14,3.9940019
2018-12-14 04:00:00,4.28,4.038326
2018-12-14 04:15:00,4.18,4.0812774
2018-12-14 04:30:00,4.18,3.9261904
2018-12-14 04:45:00,4.1,4.055449
2018-12-14 05:00:00,4.46,4.0281024
2018-12-14 05:15:00,5.4,4.0222187
2018-12-14 05:30:00,4.5,4.096422
2018-12-14 05:45:00,4.18,4.1426573
2018-12-14 06:00:00,4.14,4.059575
2018-12-14 06:15:00,4.14,3.9274712
2018-12-14 06:30:00,3.49,3.91226
2018-12-14 06:45:00,3.42,3.9170582
2018-12-14 07:00:00,3.35,3.9180386
2018-12-14 07:15:00,3.35,4.104688
2018-12-14 07:30:00,4.25,3.9340737
2018-12-14 07:45:00,6.52,4.367292
2018-12-14 08:00:00,7.38,4.3547573
2018-12-14 08:15:00,36.22,43.136715
2018-12-14 08:30:00,94.18,71.994606
2018-12-14 08:45:00,97.88,73.18434
2018-12-14 09:00:00,134.5,74.68644
2018-12-14 09:15:00,93.67,68.75231
2018-12-14 09:30:00,109.26,96.89469
2018-12-14 09:45:00,128.34,93.86085
2018-12-14 10:00:00,81.47,94.32189
2018-12-14 10:15:00,109.69,96.52153
2018-12-14 10:30:00,120.67,94.19053
2018-12-14 10:45:00,92.81,96.65264
2018-12-14 11:00:00,91.58,86.22154
2018-12-14 11:15:00,104.9,96.60123
2018-12-14 11:30:00,124.2,94.53374
2018-12-14 11:45:00,88.85,91.600716
2018-12-14 12:00:00,132.01,88.71923
2018-12-14 12:15:00,13.61,9.200302
2018-12-14 12:30:00,9.86,8.878185
2018-12-14 12:45:00,9.61,12.24515
2018-12-14 13:00:00,9.43,43.375885
2018-12-14 13:15:00,86.98,58.171257
2018-12-14 13:30:00,74.66,94.82667
2018-12-14 13:45:00,116.42,94.703354
2018-12-14 14:00:00,107.57,90.589066
2018-12-14 14:15:00,103.82,79.55105
2018-12-14 14:30:00,114.73,74.23916
2018-12-14 14:45:00,84.74,87.900764
2018-12-14 15:00:00,109.4,89.9975
2018-12-14 15:15:00,125.21,92.96888
2018-12-14 15:30:00,89.35,94.677246
2018-12-14 15:45:00,122.26,89.68698
2018-12-14 16:00:00,114.66,97.605484
2018-12-14 16:15:00,96.8,94.71583
2018-12-14 16:30:00,118.12,88.31413
2018-12-14 16:45:00,133.2,95.71906
2018-12-14 17:00:00,102.64,93.930824
2018-12-14 17:15:00,63.94,95.75096
2018-12-14 17:30:00,62.64,97.07404
2018-12-14 17:45:00,37.94,59.85232
2018-12-14 18:00:00,32.62,44.769524
2018-12-14 18:15:00,29.63,54.920147
2018-12-14 18:30:00,26.57,64.39049
2018-12-14 18:45:00,26.35,65.82954
2018-12-14 19:00:00,26.32,63.717155
2018-12-14 19:15:00,26.39,56.61034
2018-12-14 19:30:00,26.64,44.535927
2018-12-14 19:45:00,28.44,43.408615
2018-12-14 20:00:00,30.46,40.64765
2018-12-14 20:15:00,29.88,36.952496
2018-12-14 20:30:00,30.06,37.847984
2018-12-14 20:45:00,31.93,38.88954
2018-12-14 21:00:00,28.66,20.50539
2018-12-14 21:15:00,5.76,6.86384
2018-12-14 21:30:00,5.8,5.992529
2018-12-14 21:45:00,5.72,5.803257
2018-12-14 22:00:00,5.69,5.558444
2018-12-14 22:15:00,5.4,4.540038
2018-12-14 22:30:00,5.33,4.5132074
2018-12-14 22:45:00,5.33,4.425922
2018-12-14 23:00:00,5.33,4.654048
2018-12-14 23:15:00,4.86,4.565762
2018-12-14 23:30:00,4.03,4.570692
2018-12-14 23:45:00,4.03,4.5503006
2018-12-15 00:00:00,3.28,4.0522566
2018-12-15 00:15:00,4.14,4.2987347
2018-12-15 00:30:00,4.1,4.0555387
2018-12-15 00:45:00,4.07,4.011062
2018-12-15 01:00:00,4.14,3.65811
2018-12-15 01:15:00,4.14,3.947425
2018-12-15 01:30:00,4.14,3.9090064
2018-12-15 01:45:00,4.14,3.9027054
2018-12-15 02:00:00,4.1,3.8983817
2018-12-15 02:15:00,4.1,4.0808067
2018-12-15 02:30:00,4.21,4.0727296
2018-12-15 02:45:00,4.1,4.0832524
2018-12-15 03:00:00,4.18,4.0985637
2018-12-15 03:15:00,4.82,4.0209517
2018-12-15 03:30:00,5.26,4.0461183
2018-12-15 03:45:00,4.18,3.9337344
2018-12-15 04:00:00,4.14,4.0453353
2018-12-15 04:15:00,4.14,4.1452785
2018-12-15 04:30:00,3.82,4.118032
2018-12-15 04:45:00,3.46,3.8259227
2018-12-15 05:00:00,3.49,3.8548079
2018-12-15 05:15:00,3.42,3.8488822
2018-12-15 05:30:00,3.42,3.743427
2018-12-15 05:45:00,3.42,3.5417223
2018-12-15 06:00:00,3.38,3.6324985
2018-12-15 06:15:00,3.46,3.4211373
2018-12-15 06:30:00,3.42,3.4309442
2018-12-15 06:45:00,3.49,3.4233258
2018-12-15 07:00:00,4.57,3.3266234
2018-12-15 07:15:00,4.43,3.4350626
2018-12-15 07:30:00,4.1,3.5913165
2018-12-15 07:45:00,4.07,3.907655
2018-12-15 08:00:00,3.64,5.1239457
2018-12-15 08:15:00,3.35,33.008236
2018-12-15 08:30:00,3.35,58.158478
2018-12-15 08:45:00,3.38,59.53697
2018-12-15 09:00:00,3.49,66.5535
2018-12-15 09:15:00,3.56,55.936172
2018-12-15 09:30:00,3.38,36.890175
2018-12-15 09:45:00,3.42,29.057632
2018-12-15 10:00:00,3.35,20.525635
2018-12-15 10:15:00,3.35,17.508318
2018-12-15 10:30:00,3.35,12.7295
2018-12-15 10:45:00,4.97,8.789921
2018-12-15 11:00:00,5.36,8.667654
2018-12-15 11:15:00,4.28,7.275132
2018-12-15 11:30:00,4.18,8.781509
2018-12-15 11:45:00,3.35,10.6795845
2018-12-15 12:00:00,3.38,5.6815276
2018-12-15 12:15:00,3.42,4.212564
2018-12-15 12:30:00,3.42,4.360572
2018-12-15 12:45:00,3.42,4.299701
2018-12-15 13:00:00,3.38,4.3192534
2018-12-15 13:15:00,3.31,4.473243
2018-12-15 13:30:00,3.35,6.2625036
2018-12-15 13:45:00,3.38,6.8738375
2018-12-15 14:00:00,3.31,8.261413
2018-12-15 14:15:00,3.82,7.3322477
2018-12-15 14:30:00,4.1,6.981553
2018-12-15 14:45:00,4.07,5.9444795
2018-12-15 15:00:00,4.21,4.951028
2018-12-15 15:15:00,3.74,7.994956
2018-12-15 15:30:00,3.74,11.018023
2018-12-15 15:45:00,3.96,7.186323
2018-12-15 16:00:00,3.28,6.814489
2018-12-15 16:15:00,3.35,6.1068125
2018-12-15 16:30:00,3.28,4.8907604
2018-12-15 16:45:00,3.24,4.302684
2018-12-15 17:00:00,3.28,3.8030872
2018-12-15 17:15:00,3.28,3.5635757
2018-12-15 17:30:00,3.35,3.2888033
2018-12-15 17:45:00,4.18,3.3647356
2018-12-15 18:00:00,4.1,3.3857775
2018-12-15 18:15:00,4.1,3.407319
2018-12-15 18:30:00,4.1,3.3966167
2018-12-15 18:45:00,4.03,3.3891435
2018-12-15 19:00:00,4.28,3.5938516
2018-12-15 19:15:00,3.49,3.633498
2018-12-15 19:30:00,3.38,3.9674497
2018-12-15 19:45:00,3.35,4.2018833
2018-12-15 20:00:00,3.38,4.3676786
2018-12-15 20:15:00,3.46,3.6733947
2018-12-15 20:30:00,3.42,3.5241807
2018-12-15 20:45:00,3.35,3.6559627
2018-12-15 21:00:00,3.38,3.414762
2018-12-15 21:15:00,3.96,3.3925724
2018-12-15 21:30:00,4.28,3.40688
2018-12-15 21:45:00,4.25,3.4080184
2018-12-15 22:00:00,4.18,3.4035478
2018-12-15 22:15:00,3.74,3.2733862
2018-12-15 22:30:00,3.31,3.4063382
2018-12-15 22:45:00,4.07,3.433691
2018-12-15 23:00:00,3.56,3.6052856
2018-12-15 23:15:00,3.17,3.5380676
2018-12-15 23:30:00,3.24,3.3533382
2018-12-15 23:45:00,3.2,3.5731716
2018-12-16 00:00:00,4.21,3.4911551
2018-12-16 00:15:00,3.24,3.204724
2018-12-16 00:30:00,3.28,3.2230706
2018-12-16 00:45:00,3.28,3.1668072
2018-12-16 01:00:00,3.85,3.1373103
2018-12-16 01:15:00,4.18,3.1897833
2018-12-16 01:30:00,4.07,3.1672132
2018-12-16 01:45:00,4.07,3.2323935
2018-12-16 02:00:00,3.92,3.129293
2018-12-16 02:15:00,3.28,3.3467724
2018-12-16 02:30:00,3.42,3.3895805
2018-12-16 02:45:00,3.53,3.5523865
2018-12-16 03:00:00,4.14,3.7237947
2018-12-16 03:15:00,3.56,3.1979036
2018-12-16 03:30:00,3.35,3.365844
2018-12-16 03:45:00,3.38,3.283996
2018-12-16 04:00:00,3.42,3.5470037
2018-12-16 04:15:00,3.42,3.3236268
2018-12-16 04:30:00,3.42,3.2213368
2018-12-16 04:45:00,3.38,3.227995
2018-12-16 05:00:00,4.07,3.2756429
2018-12-16 05:15:00,4.14,3.2785366
2018-12-16 05:30:00,4.07,3.2862504
2018-12-16 05:45:00,4.07,3.30047
2018-12-16 06:00:00,3.53,3.3684697
2018-12-16 06:15:00,3.31,3.2990863
2018-12-16 06:30:00,3.35,3.2768037
2018-12-16 06:45:00,3.64,3.4221716
2018-12-16 07:00:00,4.07,3.3785286
2018-12-16 07:15:00,3.38,3.2104979
2018-12-16 07:30:00,3.28,3.291314
2018-12-16 07:45:00,3.89,3.2904224
2018-12-16 08:00:00,3.96,3.4705195
2018-12-16 08:15:00,39.35,3.4719274
2018-12-16 08:30:00,63.54,3.6298015
2018-12-16 08:45:00,65.02,4.013421
2018-12-16 09:00:00,63.79,5.0027237
2018-12-16 09:15:00,61.7,44.21616
2018-12-16 09:30:00,64.8,62.41812
2018-12-16 09:45:00,51.16,62.922768
2018-12-16 10:00:00,55.01,54.076584
2018-12-16 10:15:00,61.81,60.23083
2018-12-16 10:30:00,72.18,61.262234
2018-12-16 10:45:00,54.86,53.505314
2018-12-16 11:00:00,66.78,50.74099
2018-12-16 11:15:00,69.95,58.49232
2018-12-16 11:30:00,53.35,66.97194
2018-12-16 11:45:00,55.51,54.910095
2018-12-16 12:00:00,11.81,53.654755
2018-12-16 12:15:00,5.65,5.543186
2018-12-16 12:30:00,5.54,5.264548
2018-12-16 12:45:00,5.44,5.144909
2018-12-16 13:00:00,5.33,8.655977
2018-12-16 13:15:00,36.47,31.501268
2018-12-16 13:30:00,63.72,40.663147
2018-12-16 13:45:00,64.8,42.231205
2018-12-16 14:00:00,61.85,32.917023
2018-12-16 14:15:00,57.89,40.410717
2018-12-16 14:30:00,54.36,62.054066
2018-12-16 14:45:00,47.38,57.727493
2018-12-16 15:00:00,43.49,58.46934
2018-12-16 15:15:00,45.4,51.873444
2018-12-16 15:30:00,60.55,52.09829
2018-12-16 15:45:00,48.42,53.628517
2018-12-16 16:00:00,63.22,49.6001
2018-12-16 16:15:00,62.64,51.384773
2018-12-16 16:30:00,66.02,57.83144
2018-12-16 16:45:00,35.42,51.81715
2018-12-16 17:00:00,9.11,31.531178
2018-12-16 17:15:00,8.06,22.755665
2018-12-16 17:30:00,7.74,16.65248
2018-12-16 17:45:00,7.85,6.477766
2018-12-16 18:00:00,6.73,4.5727806
2018-12-16 18:15:00,5.22,4.4531636
2018-12-16 18:30:00,5.69,4.29167
2018-12-16 18:45:00,5.72,4.386354
2018-12-16 19:00:00,5.69,4.5456724
2018-12-16 19:15:00,5.72,4.223187
2018-12-16 19:30:00,5.44,4.4975996
2018-12-16 19:45:00,4.46,4.595159
2018-12-16 20:00:00,4.5,4.6014585
2018-12-16 20:15:00,4.46,4.6832886
2018-12-16 20:30:00,4.5,4.6113014
2018-12-16 20:45:00,4.54,3.993729
2018-12-16 21:00:00,4.46,4.0631566
2018-12-16 21:15:00,4.5,4.033656
2018-12-16 21:30:00,4.5,4.1211133
2018-12-16 21:45:00,4.57,4.0939207
2018-12-16 22:00:00,4.57,4.0456057
2018-12-16 22:15:00,4.25,3.9255283
2018-12-16 22:30:00,4.25,3.9169543
2018-12-16 22:45:00,4.18,3.9792118
2018-12-16 23:00:00,5.44,3.959092
2018-12-16 23:15:00,4.82,3.8247232
2018-12-16 23:30:00,4.14,3.825277
2018-12-16 23:45:00,4.18,3.8062484
2018-12-17 00:00:00,4.57,4.180684
2018-12-17 00:15:00,4.25,3.7917514
2018-12-17 00:30:00,4.18,3.7780542
2018-12-17 00:45:00,4.21,3.9007976
2018-12-17 01:00:00,4.21,4.18528
2018-12-17 01:15:00,4.21,4.086781
2018-12-17 01:30:00,4.36,4.00045
2018-12-17 01:45:00,4.28,4.0122895
2018-12-17 02:00:00,4.28,4.1104083
2018-12-17 02:15:00,4.28,4.0775065
2018-12-17 02:30:00,3.71,4.115676
2018-12-17 02:45:00,4.32,4.1169977
2018-12-17 03:00:00,3.82,4.120071
2018-12-17 03:15:00,3.53,4.109166
2018-12-17 03:30:00,3.53,3.7462974
2018-12-17 03:45:00,3.53,3.9106863
2018-12-17 04:00:00,3.6,3.6814373
2018-12-17 04:15:00,3.53,3.5566292
2018-12-17 04:30:00,3.53,3.3947978
2018-12-17 04:45:00,4.1,3.5114827
2018-12-17 05:00:00,4.25,3.4857605
2018-12-17 05:15:00,4.28,3.465053
2018-12-17 05:30:00,4.25,3.4076333
2018-12-17 05:45:00,3.64,3.5205398
2018-12-17 06:00:00,3.49,3.5448194
2018-12-17 06:15:00,3.46,3.4765003
2018-12-17 06:30:00,4.32,3.674174
2018-12-17 06:45:00,3.6,3.496075
2018-12-17 07:00:00,3.42,3.4032779
2018-12-17 07:15:00,3.49,3.4931066
2018-12-17 07:30:00,4.36,4.300881
2018-12-17 07:45:00,6.19,4.5688224
2018-12-17 08:00:00,6.3,4.7772937
2018-12-17 08:15:00,6.48,34.460487
2018-12-17 08:30:00,53.35,64.298485
2018-12-17 08:45:00,46.94,69.16372
2018-12-17 09:00:00,52.06,72.673195
2018-12-17 09:15:00,54.83,67.55649
2018-12-17 09:30:00,56.12,68.74168
2018-12-17 09:45:00,58.0,63.472298
2018-12-17 10:00:00,50.08,62.52794
2018-12-17 10:15:00,46.04,58.9106
2018-12-17 10:30:00,49.54,59.69791
2018-12-17 10:45:00,54.14,54.577076
2018-12-17 11:00:00,53.78,56.994545
2018-12-17 11:15:00,52.67,57.224327
2018-12-17 11:30:00,55.84,57.780304
2018-12-17 11:45:00,49.64,59.107204
2018-12-17 12:00:00,54.5,54.55329
2018-12-17 12:15:00,11.12,13.141085
2018-12-17 12:30:00,7.06,10.795646
2018-12-17 12:45:00,7.13,14.528131
2018-12-17 13:00:00,8.21,31.199984
2018-12-17 13:15:00,33.26,47.92145
2018-12-17 13:30:00,56.99,58.022568
2018-12-17 13:45:00,56.59,59.44086
2018-12-17 14:00:00,55.08,62.36419
2018-12-17 14:15:00,51.05,56.90636
2018-12-17 14:30:00,47.95,58.944683
2018-12-17 14:45:00,57.82,58.609226
2018-12-17 15:00:00,59.11,55.134724
2018-12-17 15:15:00,60.62,53.127697
2018-12-17 15:30:00,53.6,53.115326
2018-12-17 15:45:00,60.44,55.22331
2018-12-17 16:00:00,67.5,56.631214
2018-12-17 16:15:00,85.86,58.986988
2018-12-17 16:30:00,82.33,57.274162
2018-12-17 16:45:00,59.8,60.416805
2018-12-17 17:00:00,60.37,59.250305
2018-12-17 17:15:00,56.38,76.83728
2018-12-17 17:30:00,52.99,70.794914
2018-12-17 17:45:00,35.35,35.606464
2018-12-17 18:00:00,31.32,32.659454
2018-12-17 18:15:00,16.09,35.724186
2018-12-17 18:30:00,6.37,49.009876
2018-12-17 18:45:00,5.8,50.47216
2018-12-17 19:00:00,5.54,47.616356
2018-12-17 19:15:00,5.54,19.042276
2018-12-17 19:30:00,5.62,7.872031
2018-12-17 19:45:00,5.54,6.261505
2018-12-17 20:00:00,5.62,6.0386586
2018-12-17 20:15:00,5.54,5.946883
2018-12-17 20:30:00,4.75,5.4166784
2018-12-17 20:45:00,4.46,5.211278
2018-12-17 21:00:00,4.46,5.0520935
2018-12-17 21:15:00,4.43,4.936406
2018-12-17 21:30:00,4.43,4.3258977
2018-12-17 21:45:00,4.46,4.1640363
2018-12-17 22:00:00,4.46,4.139155
2018-12-17 22:15:00,4.14,4.204532
2018-12-17 22:30:00,4.18,4.1941
2018-12-17 22:45:00,4.21,4.1897483
2018-12-17 23:00:00,4.18,4.184593
2018-12-17 23:15:00,4.14,4.036113
2018-12-17 23:30:00,4.07,4.017618
2018-12-17 23:45:00,4.07,4.0396595
2018-12-18 00:00:00,4.14,4.1718593
2018-12-18 00:15:00,5.22,4.1910634
2018-12-18 00:30:00,4.68,4.1294494
2018-12-18 00:45:00,4.14,4.058533
2018-12-18 01:00:00,4.1,4.0915246
2018-12-18 01:15:00,4.18,4.0828447
2018-12-18 01:30:00,4.07,4.0123334
2018-12-18 01:45:00,4.18,3.965493
2018-12-18 02:00:00,4.1,4.0323815
2018-12-18 02:15:00,4.18,4.0369544
2018-12-18 02:30:00,4.14,4.039199
2018-12-18 02:45:00,4.21,4.096978
2018-12-18 03:00:00,4.18,4.0517697
2018-12-18 03:15:00,3.6,4.0344386
2018-12-18 03:30:00,3.42,3.982539
2018-12-18 03:45:00,3.42,4.07984
2018-12-18 04:00:00,3.38,4.073997
2018-12-18 04:15:00,3.42,3.6591582
2018-12-18 04:30:00,3.71,3.3635836
2018-12-18 04:45:00,4.18,3.3792691
2018-12-18 05:00:00,3.53,3.3341994
2018-12-18 05:15:00,3.46,3.402827
2018-12-18 05:30:00,3.38,3.4319944
2018-12-18 05:45:00,4.03,3.5010786
2018-12-18 06:00:00,4.14,3.440607
2018-12-18 06:15:00,3.6,3.3278189
2018-12-18 06:30:00,3.38,3.2414355
2018-12-18 06:45:00,3.35,3.5312989
2018-12-18 07:00:00,3.31,3.5335567
2018-12-18 07:15:00,3.28,3.4135323
2018-12-18 07:30:00,3.42,3.8527315
2018-12-18 07:45:00,5.58,4.2913427
2018-12-18 08:00:00,7.27,4.680987
2018-12-18 08:15:00,38.38,35.378326
2018-12-18 08:30:00,72.86,60.20123
2018-12-18 08:45:00,66.42,67.649704
2018-12-18 09:00:00,81.4,70.94909
2018-12-18 09:15:00,66.28,64.06486
2018-12-18 09:30:00,78.3,76.4175
2018-12-18 09:45:00,77.72,67.606316
2018-12-18 10:00:00,74.59,72.55009
2018-12-18 10:15:00,63.04,64.92603
2018-12-18 10:30:00,58.68,71.35754
2018-12-18 10:45:00,62.96,70.42839
2018-12-18 11:00:00,68.36,67.16319
2018-12-18 11:15:00,60.05,65.01546
2018-12-18 11:30:00,58.82,61.966507
2018-12-18 11:45:00,64.73,61.984047
2018-12-18 12:00:00,67.54,57.112694
2018-12-18 12:15:00,8.14,9.415674
2018-12-18 12:30:00,8.64,6.950652
2018-12-18 12:45:00,8.78,7.1073675
2018-12-18 13:00:00,9.4,10.610535
2018-12-18 13:15:00,52.45,42.416416
2018-12-18 13:30:00,67.46,62.107395
2018-12-18 13:45:00,62.53,61.047844
2018-12-18 14:00:00,62.46,62.995266
2018-12-18 14:15:00,67.18,60.605995
2018-12-18 14:30:00,113.51,66.58141
2018-12-18 14:45:00,99.5,59.726734
2018-12-18 15:00:00,68.0,61.535664
2018-12-18 15:15:00,120.82,62.17296
2018-12-18 15:30:00,79.45,85.27311
2018-12-18 15:45:00,117.68,90.61146
2018-12-18 16:00:00,114.08,73.52066
2018-12-18 16:15:00,106.27,94.97172
2018-12-18 16:30:00,93.28,80.54984
2018-12-18 16:45:00,127.58,93.15477
2018-12-18 17:00:00,94.61,94.48662
2018-12-18 17:15:00,101.02,96.47556
2018-12-18 17:30:00,112.14,92.85547
2018-12-18 17:45:00,68.08,59.002304
2018-12-18 18:00:00,15.95,36.25139
2018-12-18 18:15:00,7.16,56.444614
2018-12-18 18:30:00,5.58,91.21233
2018-12-18 18:45:00,5.65,74.476326
2018-12-18 19:00:00,5.0,29.150053
2018-12-18 19:15:00,4.5,17.125551
2018-12-18 19:30:00,4.39,6.5736723
2018-12-18 19:45:00,4.43,5.715203
2018-12-18 20:00:00,4.39,6.0639954
2018-12-18 20:15:00,4.43,5.2424603
2018-12-18 20:30:00,4.36,4.51586
2018-12-18 20:45:00,4.39,4.627332
2018-12-18 21:00:00,4.43,4.430308
2018-12-18 21:15:00,4.39,4.5443482
2018-12-18 21:30:00,4.46,4.421361
2018-12-18 21:45:00,4.39,4.435846
2018-12-18 22:00:00,4.39,4.4977155
2018-12-18 22:15:00,4.25,4.329677
2018-12-18 22:30:00,5.18,4.2881722
2018-12-18 22:45:00,5.15,4.191751
2018-12-18 23:00:00,4.14,4.209978
2018-12-18 23:15:00,4.14,4.0957665
2018-12-18 23:30:00,4.14,4.230887
2018-12-18 23:45:00,4.1,4.2276816
2018-12-19 00:00:00,3.92,4.1313014
2018-12-19 00:15:00,4.14,3.9724457
2018-12-19 00:30:00,4.14,4.1267385
2018-12-19 00:45:00,4.14,4.2119794
2018-12-19 01:00:00,4.21,3.9959564
2018-12-19 01:15:00,4.14,4.1380844
2018-12-19 01:30:00,4.14,4.1251607
2018-12-19 01:45:00,4.18,4.1410055
2018-12-19 02:00:00,4.18,4.2794023
2018-12-19 02:15:00,4.93,4.2327175
2018-12-19 02:30:00,5.26,4.2502646
2018-12-19 02:45:00,4.14,4.2277904
2018-12-19 03:00:00,4.14,4.209264
2018-12-19 03:15:00,4.1,4.3125973
2018-12-19 03:30:00,4.25,4.2127743
2018-12-19 03:45:00,3.82,4.00839
2018-12-19 04:00:00,3.49,3.9942179
2018-12-19 04:15:00,3.42,4.004145
2018-12-19 04:30:00,3.42,4.014121
2018-12-19 04:45:00,3.49,3.8575225
2018-12-19 05:00:00,3.38,3.600833
2018-12-19 05:15:00,3.42,3.4114475
2018-12-19 05:30:00,3.38,3.3831663
2018-12-19 05:45:00,3.42,3.5325086
2018-12-19 06:00:00,3.42,3.5870597
2018-12-19 06:15:00,4.07,3.4168518
2018-12-19 06:30:00,4.18,3.3392448
2018-12-19 06:45:00,3.96,3.3410418
2018-12-19 07:00:00,4.1,3.3772328
2018-12-19 07:15:00,4.1,3.465266
2018-12-19 07:30:00,4.07,4.028739
2018-12-19 07:45:00,5.76,4.616984
2018-12-19 08:00:00,6.23,5.5783377
2018-12-19 08:15:00,36.14,40.214508
2018-12-19 08:30:00,70.81,74.551765
2018-12-19 08:45:00,59.54,76.99018
2018-12-19 09:00:00,63.86,79.4638
2018-12-19 09:15:00,77.4,71.8281
2018-12-19 09:30:00,65.23,76.51269
2018-12-19 09:45:00,69.3,66.613335
2018-12-19 10:00:00,61.13,64.88066
2018-12-19 10:15:00,61.16,69.662735
2018-12-19 10:30:00,70.42,65.08001
2018-12-19 10:45:00,63.68,66.87378
2018-12-19 11:00:00,83.09,63.796093
2018-12-19 11:15:00,140.8,62.83889
2018-12-19 11:30:00,110.88,65.24221
2018-12-19 11:45:00,115.13,62.91345
2018-12-19 12:00:00,101.99,71.147575
2018-12-19 12:15:00,12.13,12.143668
2018-12-19 12:30:00,6.66,8.309035
2018-12-19 12:45:00,6.8,8.404222
2018-12-19 13:00:00,6.98,18.389893
2018-12-19 13:15:00,62.42,62.39195
2018-12-19 13:30:00,116.46,90.396355
2018-12-19 13:45:00,89.86,100.707016
2018-12-19 14:00:00,98.03,95.000725
2018-12-19 14:15:00,149.18,81.681404
2018-12-19 14:30:00,116.64,84.97877
2018-12-19 14:45:00,105.48,83.28384
2018-12-19 15:00:00,145.22,90.77235
2018-12-19 15:15:00,101.38,93.2221
2018-12-19 15:30:00,130.46,91.57711
2018-12-19 15:45:00,115.24,92.626076
2018-12-19 16:00:00,125.21,95.142204
2018-12-19 16:15:00,133.56,93.20136
2018-12-19 16:30:00,81.65,92.8715
2018-12-19 16:45:00,62.68,94.466095
2018-12-19 17:00:00,125.5,101.71995
2018-12-19 17:15:00,68.0,96.64596
2018-12-19 17:30:00,40.5,83.04972
2018-12-19 17:45:00,31.68,48.402325
2018-12-19 18:00:00,26.82,45.67047
2018-12-19 18:15:00,5.98,50.338097
2018-12-19 18:30:00,5.47,62.299675
2018-12-19 18:45:00,5.54,70.388596
2018-12-19 19:00:00,5.44,55.975494
2018-12-19 19:15:00,5.47,8.856695
2018-12-19 19:30:00,5.47,6.6251435
2018-12-19 19:45:00,5.4,6.48611
2018-12-19 20:00:00,5.33,6.614892
2018-12-19 20:15:00,5.36,6.0618615
2018-12-19 20:30:00,5.33,6.037924
2018-12-19 20:45:00,5.44,5.9366775
2018-12-19 21:00:00,5.4,5.639419
2018-12-19 21:15:00,5.4,5.731338
2018-12-19 21:30:00,5.04,5.340789
2018-12-19 21:45:00,4.25,5.2902794
2018-12-19 22:00:00,4.39,5.209272
2018-12-19 22:15:00,4.03,5.142406
2018-12-19 22:30:00,4.03,5.1388116
2018-12-19 22:45:00,3.96,4.601794
2018-12-19 23:00:00,4.07,4.6676645
2018-12-19 23:15:00,4.03,4.5668883
2018-12-19 23:30:00,3.92,4.640383
2018-12-19 23:45:00,3.96,4.356393
2018-12-20 00:00:00,3.89,4.2109885
2018-12-20 00:15:00,4.03,4.7217026
2018-12-20 00:30:00,4.03,4.5098715
2018-12-20 00:45:00,4.0,4.449175
2018-12-20 01:00:00,4.0,4.4294486
2018-12-20 01:15:00,4.0,4.6139793
2018-12-20 01:30:00,4.1,4.612395
2018-12-20 01:45:00,4.0,4.5631013
2018-12-20 02:00:00,4.07,4.5524774
2018-12-20 02:15:00,4.43,4.5355597
2018-12-20 02:30:00,5.18,4.6455293
2018-12-20 02:45:00,4.1,4.47514
2018-12-20 03:00:00,4.0,4.430072
2018-12-20 03:15:00,4.1,4.528463
2018-12-20 03:30:00,4.03,4.862792
2018-12-20 03:45:00,4.1,4.282642
2018-12-20 04:00:00,3.31,4.347125
2018-12-20 04:15:00,3.35,4.364457
2018-12-20 04:30:00,3.46,4.3359256
2018-12-20 04:45:00,3.38,4.479644
2018-12-20 05:00:00,3.35,3.807369
2018-12-20 05:15:00,3.35,3.7873814
2018-12-20 05:30:00,3.38,3.7188814
2018-12-20 05:45:00,3.38,3.6892614
2018-12-20 06:00:00,3.92,3.732295
2018-12-20 06:15:00,3.67,3.5891335
2018-12-20 06:30:00,3.35,3.6311665
2018-12-20 06:45:00,4.0,3.5388422
2018-12-20 07:00:00,4.03,3.8229926
2018-12-20 07:15:00,3.96,3.796198
2018-12-20 07:30:00,4.18,4.2243776
2018-12-20 07:45:00,4.79,5.3494954
2018-12-20 08:00:00,5.87,6.524725
2018-12-20 08:15:00,39.49,42.327026
2018-12-20 08:30:00,79.85,79.70305
2018-12-20 08:45:00,66.96,78.6776
2018-12-20 09:00:00,63.14,77.444336
2018-12-20 09:15:00,64.12,71.80211
2018-12-20 09:30:00,64.37,78.97417
2018-12-20 09:45:00,83.16,69.05379
2018-12-20 10:00:00,71.14,65.530235
2018-12-20 10:15:00,58.72,62.390858
2018-12-20 10:30:00,68.72,63.93543
2018-12-20 10:45:00,75.53,75.20897
2018-12-20 11:00:00,77.51,70.85078
2018-12-20 11:15:00,64.4,62.930172
2018-12-20 11:30:00,63.0,68.90969
2018-12-20 11:45:00,71.46,67.266335
2018-12-20 12:00:00,71.06,65.57115
2018-12-20 12:15:00,16.96,13.554428
2018-12-20 12:30:00,7.67,8.645031
2018-12-20 12:45:00,7.49,8.979037
2018-12-20 13:00:00,6.66,11.04754
2018-12-20 13:15:00,42.7,52.70424
2018-12-20 13:30:00,63.07,68.1694
2018-12-20 13:45:00,71.5,75.82064
2018-12-20 14:00:00,76.9,74.89061
2018-12-20 14:15:00,63.5,60.717354
2018-12-20 14:30:00,78.41,64.82205
2018-12-20 14:45:00,73.4,70.87783
2018-12-20 15:00:00,64.44,68.657585
2018-12-20 15:15:00,60.26,62.946762
2018-12-20 15:30:00,58.9,70.34993
2018-12-20 15:45:00,60.59,69.46801
2018-12-20 16:00:00,56.92,62.104465
2018-12-20 16:15:00,60.08,62.51422
2018-12-20 16:30:00,58.68,59.76567
2018-12-20 16:45:00,57.56,58.352474
2018-12-20 17:00:00,46.51,58.11261
2018-12-20 17:15:00,58.07,61.99079
2018-12-20 17:30:00,41.22,58.775635
2018-12-20 17:45:00,41.51,35.083263
2018-12-20 18:00:00,24.8,32.704483
2018-12-20 18:15:00,5.44,42.930893
2018-12-20 18:30:00,5.18,45.252514
2018-12-20 18:45:00,5.29,44.713684
2018-12-20 19:00:00,5.29,35.22129
2018-12-20 19:15:00,5.29,6.5776196
2018-12-20 19:30:00,4.18,5.90508
2018-12-20 19:45:00,4.07,5.5853705
2018-12-20 20:00:00,4.1,5.5833306
2018-12-20 20:15:00,4.07,5.308888
2018-12-20 20:30:00,4.18,4.4378843
2018-12-20 20:45:00,4.1,4.409867
2018-12-20 21:00:00,4.1,4.2218404
2018-12-20 21:15:00,4.14,4.209075
2018-12-20 21:30:00,4.14,4.1837587
2018-12-20 21:45:00,4.21,4.1719556
2018-12-20 22:00:00,4.18,4.0425434
2018-12-20 22:15:00,3.85,3.9826872
2018-12-20 22:30:00,3.85,3.9597201
2018-12-20 22:45:00,4.64,4.0917287
2018-12-20 23:00:00,5.04,4.095843
2018-12-20 23:15:00,4.07,3.7252586
2018-12-20 23:30:00,3.82,3.6863768
2018-12-20 23:45:00,3.85,3.9447753
2018-12-21 00:00:00,3.92,3.9321632
2018-12-21 00:15:00,3.89,3.9865248
2018-12-21 00:30:00,3.85,3.8161213
2018-12-21 00:45:00,3.89,3.8826637
2018-12-21 01:00:00,3.89,3.9165566
2018-12-21 01:15:00,3.96,3.8682044
2018-12-21 01:30:00,3.89,3.8398352
2018-12-21 01:45:00,3.89,3.906299
2018-12-21 02:00:00,3.89,3.8534808
2018-12-21 02:15:00,3.92,3.8426764
2018-12-21 02:30:00,3.92,3.8863797
2018-12-21 02:45:00,3.92,3.865306
2018-12-21 03:00:00,3.96,3.8491364
2018-12-21 03:15:00,4.79,3.8400207
2018-12-21 03:30:00,4.5,3.8187618
2018-12-21 03:45:00,3.24,3.7688591
2018-12-21 04:00:00,3.28,3.6858654
2018-12-21 04:15:00,3.24,4.0169406
2018-12-21 04:30:00,3.24,3.886861
2018-12-21 04:45:00,3.28,3.29596
2018-12-21 05:00:00,3.28,3.2740927
2018-12-21 05:15:00,3.28,3.2787836
2018-12-21 05:30:00,3.2,3.3151405
2018-12-21 05:45:00,3.24,3.3564801
2018-12-21 06:00:00,3.2,3.3177724
2018-12-21 06:15:00,3.67,3.3672037
2018-12-21 06:30:00,3.96,3.2437365
2018-12-21 06:45:00,3.92,3.27541
2018-12-21 07:00:00,3.89,3.3399324
2018-12-21 07:15:00,3.67,3.2010372
2018-12-21 07:30:00,3.17,3.714976
2018-12-21 07:45:00,5.44,3.9535384
2018-12-21 08:00:00,6.77,4.297234
2018-12-21 08:15:00,28.8,35.372875
2018-12-21 08:30:00,54.22,62.5808
2018-12-21 08:45:00,56.41,66.13566
2018-12-21 09:00:00,56.74,69.336334
2018-12-21 09:15:00,43.78,62.459785
2018-12-21 09:30:00,47.52,62.2288
2018-12-21 09:45:00,56.2,60.26284
2018-12-21 10:00:00,51.59,55.90149
2018-12-21 10:15:00,66.64,54.47564
2018-12-21 10:30:00,53.14,56.608166
2018-12-21 10:45:00,58.54,55.230663
2018-12-21 11:00:00,73.12,55.074787
2018-12-21 11:15:00,67.79,58.788673
2018-12-21 11:30:00,65.59,59.638393
2018-12-21 11:45:00,57.85,60.4671
2018-12-21 12:00:00,58.9,63.349968
2018-12-21 12:15:00,7.42,10.8991585
2018-12-21 12:30:00,8.35,6.930361
2018-12-21 12:45:00,7.67,6.4731445
2018-12-21 13:00:00,7.2,6.789558
2018-12-21 13:15:00,39.74,43.32086
2018-12-21 13:30:00,58.03,60.190147
2018-12-21 13:45:00,63.97,59.236702
2018-12-21 14:00:00,56.34,60.958817
2018-12-21 14:15:00,69.62,54.749413
2018-12-21 14:30:00,60.34,56.05136
2018-12-21 14:45:00,57.74,62.73241
2018-12-21 15:00:00,68.04,56.801594
2018-12-21 15:15:00,67.68,62.558647
2018-12-21 15:30:00,58.32,61.19746
2018-12-21 15:45:00,65.48,60.28016
2018-12-21 16:00:00,63.0,60.544205
2018-12-21 16:15:00,69.73,62.24397
2018-12-21 16:30:00,59.69,59.83487
2018-12-21 16:45:00,63.32,61.988556
2018-12-21 17:00:00,62.32,62.30166
2018-12-21 17:15:00,52.78,60.104404
2018-12-21 17:30:00,45.86,56.50683
2018-12-21 17:45:00,30.78,37.177784
2018-12-21 18:00:00,8.21,31.449596
2018-12-21 18:15:00,5.51,29.04995
2018-12-21 18:30:00,5.4,30.679312
2018-12-21 18:45:00,5.62,28.612595
2018-12-21 19:00:00,5.54,6.1445627
2018-12-21 19:15:00,5.54,4.855406
2018-12-21 19:30:00,5.51,4.6794944
2018-12-21 19:45:00,5.47,4.7616863
2018-12-21 20:00:00,5.54,4.759629
2018-12-21 20:15:00,5.47,4.7358613
2018-12-21 20:30:00,5.44,4.758799
2018-12-21 20:45:00,5.47,4.8154774
2018-12-21 21:00:00,5.44,4.822654
2018-12-21 21:15:00,5.54,4.845119
2018-12-21 21:30:00,5.4,4.5291348
2018-12-21 21:45:00,5.44,4.4867287
2018-12-21 22:00:00,5.44,4.483373
2018-12-21 22:15:00,5.18,4.4060388
2018-12-21 22:30:00,5.26,4.3847804
2018-12-21 22:45:00,5.15,4.4640784
2018-12-21 23:00:00,5.15,4.448564
2018-12-21 23:15:00,5.11,4.209675
2018-12-21 23:30:00,4.57,4.1439548
2018-12-21 23:45:00,4.0,4.104108
2018-12-22 00:00:00,3.31,4.02164
2018-12-22 00:15:00,4.0,4.207385
2018-12-22 00:30:00,4.0,3.8742967
2018-12-22 00:45:00,4.0,3.7760086
2018-12-22 01:00:00,4.1,3.4522479
2018-12-22 01:15:00,3.96,3.625693
2018-12-22 01:30:00,4.03,3.610067
2018-12-22 01:45:00,4.03,3.592145
2018-12-22 02:00:00,3.96,3.6347244
2018-12-22 02:15:00,4.07,3.763418
2018-12-22 02:30:00,4.07,3.8268576
2018-12-22 02:45:00,3.67,3.8546069
2018-12-22 03:00:00,3.31,3.741566
2018-12-22 03:15:00,3.82,3.7965617
2018-12-22 03:30:00,4.07,3.8463016
2018-12-22 03:45:00,3.42,3.5920782
2018-12-22 04:00:00,3.38,3.2468321
2018-12-22 04:15:00,3.31,3.4667456
2018-12-22 04:30:00,3.38,3.4928672
2018-12-22 04:45:00,3.35,3.3347158
2018-12-22 05:00:00,3.38,3.253649
2018-12-22 05:15:00,3.42,3.1777465
2018-12-22 05:30:00,3.96,3.2192006
2018-12-22 05:45:00,4.07,3.2495995
2018-12-22 06:00:00,4.07,3.2471056
2018-12-22 06:15:00,4.0,3.2640433
2018-12-22 06:30:00,3.38,3.2257502
2018-12-22 06:45:00,3.35,3.3474507
2018-12-22 07:00:00,3.35,3.4689043
2018-12-22 07:15:00,3.31,3.7726421
2018-12-22 07:30:00,3.85,3.4604583
2018-12-22 07:45:00,4.03,3.5729651
2018-12-22 08:00:00,3.35,3.4129047
2018-12-22 08:15:00,3.31,14.699643
2018-12-22 08:30:00,3.24,41.148357
2018-12-22 08:45:00,3.38,36.702766
2018-12-22 09:00:00,3.82,37.044727
2018-12-22 09:15:00,4.28,5.7651644
2018-12-22 09:30:00,4.28,6.221896
2018-12-22 09:45:00,4.32,9.520994
2018-12-22 10:00:00,4.21,6.3784976
2018-12-22 10:15:00,3.6,6.6923175
2018-12-22 10:30:00,3.6,6.7740765
2018-12-22 10:45:00,3.6,4.399744
2018-12-22 11:00:00,3.6,5.395481
2018-12-22 11:15:00,3.6,4.317321
2018-12-22 11:30:00,3.6,4.222634
2018-12-22 11:45:00,3.6,4.5434113
2018-12-22 12:00:00,3.6,3.8417504
2018-12-22 12:15:00,3.71,3.8309364
2018-12-22 12:30:00,4.39,3.824958
2018-12-22 12:45:00,4.1,3.8371706
2018-12-22 13:00:00,3.71,3.9019766
2018-12-22 13:15:00,4.28,4.1126328
2018-12-22 13:30:00,4.25,5.405237
2018-12-22 13:45:00,4.25,7.0110593
2018-12-22 14:00:00,4.21,6.1371527
2018-12-22 14:15:00,3.67,7.7844167
2018-12-22 14:30:00,3.46,6.024143
2018-12-22 14:45:00,3.49,6.096014
2018-12-22 15:00:00,3.53,4.849903
2018-12-22 15:15:00,3.56,4.442921
2018-12-22 15:30:00,3.53,4.0651736
2018-12-22 15:45:00,3.56,4.096537
2018-12-22 16:00:00,3.56,3.7549407
2018-12-22 16:15:00,3.49,4.0075645
2018-12-22 16:30:00,3.53,3.6840348
2018-12-22 16:45:00,3.56,3.6530073
2018-12-22 17:00:00,4.68,3.58165
2018-12-22 17:15:00,5.44,3.5666516
2018-12-22 17:30:00,4.46,3.589049
2018-12-22 17:45:00,4.28,3.5655901
2018-12-22 18:00:00,4.07,3.585937
2018-12-22 18:15:00,3.6,3.6439989
2018-12-22 18:30:00,3.67,3.6487074
2018-12-22 18:45:00,3.67,3.7027261
2018-12-22 19:00:00,3.71,4.0380945
2018-12-22 19:15:00,3.74,3.790849
2018-12-22 19:30:00,3.71,3.8239312
2018-12-22 19:45:00,3.74,3.7810628
2018-12-22 20:00:00,3.67,3.868439
2018-12-22 20:15:00,3.67,3.8009808
2018-12-22 20:30:00,3.67,3.7899144
2018-12-22 20:45:00,3.67,3.7979946
2018-12-22 21:00:00,4.18,3.734163
2018-12-22 21:15:00,4.61,3.8337367
2018-12-22 21:30:00,5.51,3.866036
2018-12-22 21:45:00,4.43,3.7958858
2018-12-22 22:00:00,4.1,3.5349216
2018-12-22 22:15:00,3.46,3.5374942
2018-12-22 22:30:00,3.38,3.4595358
2018-12-22 22:45:00,3.42,3.5590863
2018-12-22 23:00:00,3.38,3.6813955
2018-12-22 23:15:00,3.35,3.3622928
2018-12-22 23:30:00,3.31,3.2802393
2018-12-22 23:45:00,3.31,3.3747923
2018-12-23 00:00:00,3.78,3.321867
2018-12-23 00:15:00,3.31,3.2418902
2018-12-23 00:30:00,3.35,3.2213907
2018-12-23 00:45:00,3.42,3.222729
2018-12-23 01:00:00,4.93,3.174785
2018-12-23 01:15:00,4.93,3.1667159
2018-12-23 01:30:00,4.14,3.1548388
2018-12-23 01:45:00,4.07,3.199216
2018-12-23 02:00:00,3.49,3.5313165
2018-12-23 02:15:00,3.46,3.467644
2018-12-23 02:30:00,3.49,3.466153
2018-12-23 02:45:00,3.42,3.5406206
2018-12-23 03:00:00,3.42,3.4820764
2018-12-23 03:15:00,3.46,3.3696597
2018-12-23 03:30:00,3.42,3.4836824
2018-12-23 03:45:00,3.53,3.256087
2018-12-23 04:00:00,3.46,3.2546766
2018-12-23 04:15:00,3.42,3.2619257
2018-12-23 04:30:00,3.6,3.269634
2018-12-23 04:45:00,4.14,3.2746668
2018-12-23 05:00:00,5.18,3.3422034
2018-12-23 05:15:00,4.64,3.3512485
2018-12-23 05:30:00,4.1,3.3770447
2018-12-23 05:45:00,3.49,3.3415086
2018-12-23 06:00:00,3.38,3.3971214
2018-12-23 06:15:00,3.35,3.3361194
2018-12-23 06:30:00,3.46,3.4642441
2018-12-23 06:45:00,3.38,3.3658807
2018-12-23 07:00:00,3.38,3.233863
2018-12-23 07:15:00,3.38,3.243621
2018-12-23 07:30:00,3.38,3.2906547
2018-12-23 07:45:00,3.42,3.4042983
2018-12-23 08:00:00,3.49,3.414301
2018-12-23 08:15:00,4.07,3.8443227
2018-12-23 08:30:00,4.97,3.8841054
2018-12-23 08:45:00,4.82,3.461391
2018-12-23 09:00:00,4.28,3.8085754
2018-12-23 09:15:00,3.92,3.8030572
2018-12-23 09:30:00,3.71,4.5016575
2018-12-23 09:45:00,3.64,4.6366277
2018-12-23 10:00:00,3.64,4.296059
2018-12-23 10:15:00,3.67,4.1551595
2018-12-23 10:30:00,3.71,4.137048
2018-12-23 10:45:00,3.71,3.7586524
2018-12-23 11:00:00,3.74,3.7750592
2018-12-23 11:15:00,3.78,3.79849
2018-12-23 11:30:00,3.71,3.7902625
2018-12-23 11:45:00,3.74,3.7830405
2018-12-23 12:00:00,3.96,3.8532887
2018-12-23 12:15:00,4.86,3.9705894
2018-12-23 12:30:00,5.54,3.8627884
2018-12-23 12:45:00,4.54,3.8738127
2018-12-23 13:00:00,4.36,3.8790925
2018-12-23 13:15:00,3.67,4.2661443
2018-12-23 13:30:00,3.67,5.045145
2018-12-23 13:45:00,3.67,4.6388345
2018-12-23 14:00:00,3.67,5.041953
2018-12-23 14:15:00,3.71,4.5306334
2018-12-23 14:30:00,3.67,4.080587
2018-12-23 14:45:00,3.67,3.9112606
2018-12-23 15:00:00,3.67,4.061384
2018-12-23 15:15:00,3.64,4.014227
2018-12-23 15:30:00,3.67,3.9399683
2018-12-23 15:45:00,3.74,3.9967618
2018-12-23 16:00:00,4.36,3.9826162
2018-12-23 16:15:00,4.36,3.992059
2018-12-23 16:30:00,5.0,3.9148672
2018-12-23 16:45:00,5.33,3.8853142
2018-12-23 17:00:00,3.6,3.603422
2018-12-23 17:15:00,3.56,3.6377835
2018-12-23 17:30:00,3.6,3.781164
2018-12-23 17:45:00,3.67,3.942761
2018-12-23 18:00:00,3.49,3.7235212
2018-12-23 18:15:00,3.49,3.6209064
2018-12-23 18:30:00,3.49,3.5172365
2018-12-23 18:45:00,3.64,3.7916622
2018-12-23 19:00:00,3.64,3.6780224
2018-12-23 19:15:00,4.03,3.656698
2018-12-23 19:30:00,4.25,3.582
2018-12-23 19:45:00,4.28,3.6414635
2018-12-23 20:00:00,4.25,3.6875505
2018-12-23 20:15:00,4.0,3.552905
2018-12-23 20:30:00,3.49,3.5469825
2018-12-23 20:45:00,4.21,3.6294699
2018-12-23 21:00:00,4.14,3.990365
2018-12-23 21:15:00,3.49,3.9905276
2018-12-23 21:30:00,3.42,3.6586218
2018-12-23 21:45:00,3.46,3.911755
2018-12-23 22:00:00,3.53,3.8089378
2018-12-23 22:15:00,3.2,3.3865318
2018-12-23 22:30:00,3.2,3.307224
2018-12-23 22:45:00,3.2,3.3334725
2018-12-23 23:00:00,3.96,3.2773237
2018-12-23 23:15:00,4.0,3.1378973
2018-12-23 23:30:00,4.0,3.0841393
2018-12-23 23:45:00,4.0,3.1093018
2018-12-24 00:00:00,3.78,3.4538074
2018-12-24 00:15:00,3.35,3.2804081
2018-12-24 00:30:00,3.38,3.3517823
2018-12-24 00:45:00,3.38,3.6235633
2018-12-24 01:00:00,3.96,3.7629838
2018-12-24 01:15:00,3.89,3.3592615
2018-12-24 01:30:00,3.38,3.3736308
2018-12-24 01:45:00,3.35,3.373142
2018-12-24 02:00:00,3.49,3.3704445
2018-12-24 02:15:00,3.38,3.355262
2018-12-24 02:30:00,3.42,3.3100708
2018-12-24 02:45:00,4.0,3.3476632
2018-12-24 03:00:00,4.07,3.277257
2018-12-24 03:15:00,4.14,3.307557
2018-12-24 03:30:00,4.1,3.243487
2018-12-24 03:45:00,3.96,3.2762995
2018-12-24 04:00:00,3.35,3.2929015
2018-12-24 04:15:00,3.38,3.2506762
2018-12-24 04:30:00,3.64,3.537982
2018-12-24 04:45:00,4.07,3.7462163
2018-12-24 05:00:00,3.42,3.3086398
2018-12-24 05:15:00,3.31,3.2791958
2018-12-24 05:30:00,3.35,3.4308918
2018-12-24 05:45:00,3.35,3.5963688
2018-12-24 06:00:00,3.35,3.239537
2018-12-24 06:15:00,3.38,3.223952
2018-12-24 06:30:00,3.6,3.1337788
2018-12-24 06:45:00,4.03,3.2508295
2018-12-24 07:00:00,4.0,3.2512367
2018-12-24 07:15:00,3.96,3.3127058
2018-12-24 07:30:00,4.54,3.854117
2018-12-24 07:45:00,5.36,4.110798
2018-12-24 08:00:00,6.52,4.4099617
2018-12-24 08:15:00,21.89,35.77268
2018-12-24 08:30:00,59.62,70.54474
2018-12-24 08:45:00,64.58,69.95014
2018-12-24 09:00:00,67.18,72.08638
2018-12-24 09:15:00,69.44,61.73778
2018-12-24 09:30:00,65.38,65.63541
2018-12-24 09:45:00,67.0,64.61826
2018-12-24 10:00:00,56.27,65.35001
2018-12-24 10:15:00,54.18,65.45939
2018-12-24 10:30:00,58.39,66.00152
2018-12-24 10:45:00,54.86,66.79228
2018-12-24 11:00:00,54.18,64.45906
2018-12-24 11:15:00,55.55,69.600845
2018-12-24 11:30:00,53.21,64.16664
2018-12-24 11:45:00,53.03,63.468063
2018-12-24 12:00:00,40.64,55.86799
2018-12-24 12:15:00,6.91,7.8442364
2018-12-24 12:30:00,6.91,6.7186894
2018-12-24 12:45:00,6.48,6.7603545
2018-12-24 13:00:00,6.12,6.835992
2018-12-24 13:15:00,34.49,42.54975
2018-12-24 13:30:00,46.98,62.591915
2018-12-24 13:45:00,38.2,63.32228
2018-12-24 14:00:00,37.84,65.675575
2018-12-24 14:15:00,43.45,63.42675
2018-12-24 14:30:00,63.9,62.743023
2018-12-24 14:45:00,38.48,59.73597
2018-12-24 15:00:00,38.12,57.305264
2018-12-24 15:15:00,45.25,55.338516
2018-12-24 15:30:00,51.12,59.6515
2018-12-24 15:45:00,45.72,56.548557
2018-12-24 16:00:00,51.7,54.695244
2018-12-24 16:15:00,47.2,57.633755
2018-12-24 16:30:00,69.55,53.64227
2018-12-24 16:45:00,44.82,54.204018
2018-12-24 17:00:00,40.86,54.740772
2018-12-24 17:15:00,33.66,54.943596
2018-12-24 17:30:00,9.86,55.778442
2018-12-24 17:45:00,6.73,35.68385
2018-12-24 18:00:00,5.29,35.854065
2018-12-24 18:15:00,5.22,28.23407
2018-12-24 18:30:00,5.18,5.939868
2018-12-24 18:45:00,5.33,4.9513397
2018-12-24 19:00:00,5.04,4.393888
2018-12-24 19:15:00,4.14,4.3082585
2018-12-24 19:30:00,4.18,4.375307
2018-12-24 19:45:00,4.1,4.7980304
2018-12-24 20:00:00,4.18,4.6700263
2018-12-24 20:15:00,4.1,3.9125252
2018-12-24 20:30:00,4.14,3.8821032
2018-12-24 20:45:00,4.21,3.9260657
2018-12-24 21:00:00,4.18,4.059511
2018-12-24 21:15:00,4.18,4.0329523
2018-12-24 21:30:00,4.14,4.0847263
2018-12-24 21:45:00,4.18,4.0564976
2018-12-24 22:00:00,5.4,4.005909
2018-12-24 22:15:00,4.5,3.9599757
2018-12-24 22:30:00,3.92,3.9427805
2018-12-24 22:45:00,3.89,3.9609299
2018-12-24 23:00:00,3.85,3.7796965
2018-12-24 23:15:00,3.85,3.7370446
2018-12-24 23:30:00,3.82,3.6079624
2018-12-24 23:45:00,3.85,3.609705
2018-12-25 00:00:00,3.13,4.2722745
2018-12-25 00:15:00,3.85,3.7878764
2018-12-25 00:30:00,3.92,3.7746584
2018-12-25 00:45:00,3.89,3.7975419
2018-12-25 01:00:00,3.85,3.3346648
2018-12-25 01:15:00,3.56,3.5928814
2018-12-25 01:30:00,3.2,3.556187
2018-12-25 01:45:00,3.92,3.598039
2018-12-25 02:00:00,3.64,3.5281909
2018-12-25 02:15:00,3.17,3.570943
2018-12-25 02:30:00,3.17,3.1703892
2018-12-25 02:45:00,3.2,3.597802
2018-12-25 03:00:00,3.24,3.506874
2018-12-25 03:15:00,3.2,3.1632018
2018-12-25 03:30:00,3.2,3.1764433
2018-12-25 03:45:00,3.28,3.0855546
2018-12-25 04:00:00,3.96,3.1759126
2018-12-25 04:15:00,3.96,3.1900542
2018-12-25 04:30:00,3.92,3.197496
2018-12-25 04:45:00,3.89,3.2981055
2018-12-25 05:00:00,3.35,3.0822134
2018-12-25 05:15:00,3.24,3.2895021
2018-12-25 05:30:00,3.35,3.327265
2018-12-25 05:45:00,3.96,3.5566466
2018-12-25 06:00:00,3.71,3.2806494
2018-12-25 06:15:00,3.17,3.1998942
2018-12-25 06:30:00,3.2,3.120243
2018-12-25 06:45:00,3.2,3.2140453
2018-12-25 07:00:00,3.17,3.35989
2018-12-25 07:15:00,3.24,3.0671546
2018-12-25 07:30:00,3.85,3.4279444
2018-12-25 07:45:00,3.92,4.1166887
2018-12-25 08:00:00,3.89,4.3232903
2018-12-25 08:15:00,3.89,35.87535
2018-12-25 08:30:00,3.49,61.991444
2018-12-25 08:45:00,3.24,59.281017
2018-12-25 09:00:00,3.38,63.977745
2018-12-25 09:15:00,3.49,35.78338
2018-12-25 09:30:00,3.46,20.598234
2018-12-25 09:45:00,3.82,27.525547
2018-12-25 10:00:00,3.96,16.51213
2018-12-25 10:15:00,3.42,8.695138
2018-12-25 10:30:00,3.53,5.2600665
2018-12-25 10:45:00,3.46,6.483083
2018-12-25 11:00:00,3.46,5.4107637
2018-12-25 11:15:00,3.78,4.7428465
2018-12-25 11:30:00,4.18,4.195424
2018-12-25 11:45:00,4.28,4.2451115
2018-12-25 12:00:00,4.18,4.234177
2018-12-25 12:15:00,4.07,3.781133
2018-12-25 12:30:00,3.56,3.7712007
2018-12-25 12:45:00,3.53,3.872255
2018-12-25 13:00:00,3.53,4.0250607
2018-12-25 13:15:00,5.04,8.782137
2018-12-25 13:30:00,4.07,9.741794
2018-12-25 13:45:00,3.42,12.000101
2018-12-25 14:00:00,3.42,17.769995
2018-12-25 14:15:00,3.49,55.968723
2018-12-25 14:30:00,3.46,27.49074
2018-12-25 14:45:00,3.53,11.148419
2018-12-25 15:00:00,4.14,12.068001
2018-12-25 15:15:00,4.14,6.950002
2018-12-25 15:30:00,4.14,5.1262493
2018-12-25 15:45:00,4.1,4.3015556
2018-12-25 16:00:00,3.67,5.8101196
2018-12-25 16:15:00,3.46,5.6900616
2018-12-25 16:30:00,3.42,4.3836985
2018-12-25 16:45:00,3.46,4.1389117
2018-12-25 17:00:00,3.42,3.9121704
2018-12-25 17:15:00,3.46,3.726288
2018-12-25 17:30:00,4.0,3.5262802
2018-12-25 17:45:00,4.0,3.4787233
2018-12-25 18:00:00,3.38,3.5219524
2018-12-25 18:15:00,3.38,3.4549205
2018-12-25 18:30:00,3.74,3.3108754
2018-12-25 18:45:00,4.1,3.4321024
2018-12-25 19:00:00,4.18,3.3378825
2018-12-25 19:15:00,4.1,3.3654897
2018-12-25 19:30:00,4.18,3.5886543
2018-12-25 19:45:00,3.64,3.670372
2018-12-25 20:00:00,3.46,3.4053006
2018-12-25 20:15:00,3.46,3.5443397
2018-12-25 20:30:00,3.38,3.9082887
2018-12-25 20:45:00,3.42,3.603505
2018-12-25 21:00:00,3.42,3.4630582
2018-12-25 21:15:00,3.42,3.4659934
2018-12-25 21:30:00,4.03,3.4134505
2018-12-25 21:45:00,4.14,3.472975
2018-12-25 22:00:00,3.49,3.4923906
2018-12-25 22:15:00,3.2,3.3974228
2018-12-25 22:30:00,3.85,3.1928184
2018-12-25 22:45:00,3.89,3.2611413
2018-12-25 23:00:00,3.89,3.2010622
2018-12-25 23:15:00,3.85,3.0255573
2018-12-25 23:30:00,3.64,3.3467433
2018-12-25 23:45:00,3.31,3.3480546
2018-12-26 00:00:00,3.67,3.452413
2018-12-26 00:15:00,3.24,3.472998
2018-12-26 00:30:00,3.24,3.5776525
2018-12-26 00:45:00,3.2,3.247401
2018-12-26 01:00:00,3.31,3.5065963
2018-12-26 01:15:00,3.24,3.2657738
2018-12-26 01:30:00,3.28,3.1943133
2018-12-26 01:45:00,3.24,3.2412617
2018-12-26 02:00:00,3.24,3.2908742
2018-12-26 02:15:00,3.78,3.3348355
2018-12-26 02:30:00,3.96,3.3598406
2018-12-26 02:45:00,4.97,3.3211453
2018-12-26 03:00:00,4.36,3.296379
2018-12-26 03:15:00,3.71,3.1899998
2018-12-26 03:30:00,3.28,3.178951
2018-12-26 03:45:00,3.31,3.5392902
2018-12-26 04:00:00,3.28,3.4141545
2018-12-26 04:15:00,3.28,3.443372
2018-12-26 04:30:00,3.2,3.1968925
2018-12-26 04:45:00,3.24,3.24176
2018-12-26 05:00:00,3.28,3.0935845
2018-12-26 05:15:00,3.2,3.2210834
2018-12-26 05:30:00,3.24,3.190372
2018-12-26 05:45:00,3.2,3.1941466
2018-12-26 06:00:00,4.79,3.18542
2018-12-26 06:15:00,4.86,3.2800765
2018-12-26 06:30:00,3.92,3.3063147
2018-12-26 06:45:00,3.82,3.3119028
2018-12-26 07:00:00,3.35,3.3381305
2018-12-26 07:15:00,3.17,3.4436018
2018-12-26 07:30:00,3.42,3.6291575
2018-12-26 07:45:00,4.82,4.114256
2018-12-26 08:00:00,5.0,4.130412
2018-12-26 08:15:00,34.52,9.410704
2018-12-26 08:30:00,48.06,35.855995
2018-12-26 08:45:00,78.23,54.09856
2018-12-26 09:00:00,51.08,51.86242
2018-12-26 09:15:00,70.99,62.335304
2018-12-26 09:30:00,65.74,58.728504
2018-12-26 09:45:00,52.96,74.98382
2018-12-26 10:00:00,55.44,59.035892
2018-12-26 10:15:00,52.06,68.35053
2018-12-26 10:30:00,57.64,64.509674
2018-12-26 10:45:00,62.21,62.691334
2018-12-26 11:00:00,45.58,61.904102
2018-12-26 11:15:00,54.58,72.17127
2018-12-26 11:30:00,55.15,59.083843
2018-12-26 11:45:00,58.64,62.343197
2018-12-26 12:00:00,31.28,52.20328
2018-12-26 12:15:00,6.77,6.5875025
2018-12-26 12:30:00,7.09,5.7338133
2018-12-26 12:45:00,6.95,5.694094
2018-12-26 13:00:00,6.41,5.679728
2018-12-26 13:15:00,20.66,45.134003
2018-12-26 13:30:00,59.9,54.56704
2018-12-26 13:45:00,55.3,58.730408
2018-12-26 14:00:00,51.41,55.338963
2018-12-26 14:15:00,57.02,64.53526
2018-12-26 14:30:00,43.06,66.18714
2018-12-26 14:45:00,41.4,56.533794
2018-12-26 15:00:00,52.92,62.917725
2018-12-26 15:15:00,53.42,57.570972
2018-12-26 15:30:00,40.68,57.68596
2018-12-26 15:45:00,40.64,51.274338
2018-12-26 16:00:00,41.47,57.682724
2018-12-26 16:15:00,56.2,57.8547
2018-12-26 16:30:00,59.04,52.0359
2018-12-26 16:45:00,54.68,48.92709
2018-12-26 17:00:00,57.67,48.452114
2018-12-26 17:15:00,54.79,50.76221
2018-12-26 17:30:00,34.42,46.73738
2018-12-26 17:45:00,9.5,33.649254
2018-12-26 18:00:00,5.22,36.266907
2018-12-26 18:15:00,5.04,35.470715
2018-12-26 18:30:00,5.04,29.534004
2018-12-26 18:45:00,5.08,5.1006494
2018-12-26 19:00:00,5.08,4.6234746
2018-12-26 19:15:00,4.68,4.3902974
2018-12-26 19:30:00,3.92,4.350599
2018-12-26 19:45:00,3.89,4.6325455
2018-12-26 20:00:00,3.85,4.6144953
2018-12-26 20:15:00,3.89,4.41665
2018-12-26 20:30:00,3.89,3.7761896
2018-12-26 20:45:00,3.96,3.808452
2018-12-26 21:00:00,3.89,3.7724993
2018-12-26 21:15:00,3.96,3.8527775
2018-12-26 21:30:00,4.0,3.8677776
2018-12-26 21:45:00,3.96,3.865216
2018-12-26 22:00:00,4.07,3.7735221
2018-12-26 22:15:00,4.0,3.6362379
2018-12-26 22:30:00,4.9,3.6602058
2018-12-26 22:45:00,4.1,3.625086
2018-12-26 23:00:00,3.71,3.721727
2018-12-26 23:15:00,3.74,3.6973631
2018-12-26 23:30:00,3.64,3.6958694
2018-12-26 23:45:00,3.67,3.7435517
2018-12-27 00:00:00,3.74,3.6976962
2018-12-27 00:15:00,3.64,3.6563876
2018-12-27 00:30:00,3.74,3.6334949
2018-12-27 00:45:00,3.71,3.7121992
2018-12-27 01:00:00,3.71,3.6537716
2018-12-27 01:15:00,3.67,3.6654341
2018-12-27 01:30:00,3.67,3.607892
2018-12-27 01:45:00,3.78,3.6827269
2018-12-27 02:00:00,4.18,3.6200292
2018-12-27 02:15:00,4.86,3.5947156
2018-12-27 02:30:00,4.21,3.668562
2018-12-27 02:45:00,3.71,3.6612914
2018-12-27 03:00:00,3.78,3.5079756
2018-12-27 03:15:00,3.67,3.6417515
2018-12-27 03:30:00,3.71,3.6772246
2018-12-27 03:45:00,3.24,3.5651653
2018-12-27 04:00:00,3.02,3.5762644
2018-12-27 04:15:00,2.99,3.50587
2018-12-27 04:30:00,2.99,3.573562
2018-12-27 04:45:00,2.95,3.2121546
2018-12-27 05:00:00,2.95,3.0508254
2018-12-27 05:15:00,2.95,3.0292509
2018-12-27 05:30:00,2.95,3.0270855
2018-12-27 05:45:00,2.95,3.1348197
2018-12-27 06:00:00,3.42,3.2816792
2018-12-27 06:15:00,3.74,3.2472281
2018-12-27 06:30:00,4.86,3.1338851
2018-12-27 06:45:00,4.21,3.2207668
2018-12-27 07:00:00,3.6,3.0864754
2018-12-27 07:15:00,2.88,3.128754
2018-12-27 07:30:00,3.2,3.5857272
2018-12-27 07:45:00,4.9,4.2341843
2018-12-27 08:00:00,5.65,4.448064
2018-12-27 08:15:00,32.0,37.729897
2018-12-27 08:30:00,52.63,59.57566
2018-12-27 08:45:00,73.66,66.16124
2018-12-27 09:00:00,63.47,67.54776
2018-12-27 09:15:00,56.77,64.730736
2018-12-27 09:30:00,53.93,63.65906
2018-12-27 09:45:00,59.4,71.221565
2018-12-27 10:00:00,76.03,65.44248
2018-12-27 10:15:00,47.81,61.82722
2018-12-27 10:30:00,45.83,61.717533
2018-12-27 10:45:00,52.63,61.1121
2018-12-27 11:00:00,68.69,64.89809
2018-12-27 11:15:00,51.16,61.91625
2018-12-27 11:30:00,51.52,59.42705
2018-12-27 11:45:00,54.83,58.033916
2018-12-27 12:00:00,59.62,51.581318
2018-12-27 12:15:00,13.54,9.04628
2018-12-27 12:30:00,6.62,7.737692
2018-12-27 12:45:00,6.59,6.8140793
2018-12-27 13:00:00,17.82,6.617107
2018-12-27 13:15:00,40.57,41.54406
2018-12-27 13:30:00,43.7,58.565475
2018-12-27 13:45:00,46.84,57.766975
2018-12-27 14:00:00,53.32,57.873524
2018-12-27 14:15:00,55.01,59.135666
2018-12-27 14:30:00,61.74,56.831314
2018-12-27 14:45:00,54.14,55.92707
2018-12-27 15:00:00,53.5,52.49694
2018-12-27 15:15:00,44.75,53.77289
2018-12-27 15:30:00,42.95,57.375595
2018-12-27 15:45:00,60.84,55.735535
2018-12-27 16:00:00,63.04,57.11364
2018-12-27 16:15:00,59.58,54.769825
2018-12-27 16:30:00,63.22,54.655384
2018-12-27 16:45:00,45.79,59.14076
2018-12-27 17:00:00,41.58,59.34355
2018-12-27 17:15:00,54.58,58.981007
2018-12-27 17:30:00,36.72,48.85851
2018-12-27 17:45:00,29.38,36.969837
2018-12-27 18:00:00,28.48,32.793674
2018-12-27 18:15:00,48.56,42.20664
2018-12-27 18:30:00,53.82,30.50688
2018-12-27 18:45:00,53.5,34.39175
2018-12-27 19:00:00,53.14,29.119997
2018-12-27 19:15:00,51.01,36.22958
2018-12-27 19:30:00,47.99,37.811848
2018-12-27 19:45:00,49.18,39.799484
2018-12-27 20:00:00,50.33,42.076107
2018-12-27 20:15:00,50.04,43.379086
2018-12-27 20:30:00,40.93,42.009037
2018-12-27 20:45:00,14.51,37.545055
2018-12-27 21:00:00,8.35,25.492134
2018-12-27 21:15:00,5.26,11.983957
2018-12-27 21:30:00,5.26,6.1716385
2018-12-27 21:45:00,5.26,4.3133974
2018-12-27 22:00:00,4.5,4.1803956
2018-12-27 22:15:00,3.89,4.0190315
2018-12-27 22:30:00,3.85,4.0033712
2018-12-27 22:45:00,3.82,3.9776642
2018-12-27 23:00:00,3.82,3.8573265
2018-12-27 23:15:00,3.82,3.6350267
2018-12-27 23:30:00,3.78,3.6845028
2018-12-27 23:45:00,3.74,3.6005642
2018-12-28 00:00:00,4.82,3.7493663
2018-12-28 00:15:00,3.74,3.7602987
2018-12-28 00:30:00,3.78,3.7512186
2018-12-28 00:45:00,3.85,3.6911364
2018-12-28 01:00:00,4.14,3.66077
2018-12-28 01:15:00,4.9,3.5834396
2018-12-28 01:30:00,4.14,3.5900168
2018-12-28 01:45:00,3.82,3.6127162
2018-12-28 02:00:00,3.85,3.749916
2018-12-28 02:15:00,3.82,3.7333229
2018-12-28 02:30:00,3.82,3.7880194
2018-12-28 02:45:00,3.82,3.6731598
2018-12-28 03:00:00,3.82,3.718194
2018-12-28 03:15:00,3.89,3.712721
2018-12-28 03:30:00,3.89,3.6948817
2018-12-28 03:45:00,3.85,3.5462875
2018-12-28 04:00:00,3.82,3.5681236
2018-12-28 04:15:00,4.07,3.534845
2018-12-28 04:30:00,5.04,3.5446887
2018-12-28 04:45:00,4.1,3.629397
2018-12-28 05:00:00,3.82,3.6137338
2018-12-28 05:15:00,3.89,3.7050033
2018-12-28 05:30:00,3.38,3.7126684
2018-12-28 05:45:00,3.17,3.6478946
2018-12-28 06:00:00,3.06,3.5138137
2018-12-28 06:15:00,3.06,3.6092849
2018-12-28 06:30:00,3.1,3.3382533
2018-12-28 06:45:00,3.06,3.1988266
2018-12-28 07:00:00,3.1,3.1165204
2018-12-28 07:15:00,3.38,3.1338034
2018-12-28 07:30:00,4.97,3.4185169
2018-12-28 07:45:00,6.7,4.505161
2018-12-28 08:00:00,6.16,4.5973706
2018-12-28 08:15:00,35.75,29.911707
2018-12-28 08:30:00,57.78,59.301945
2018-12-28 08:45:00,57.74,63.380787
2018-12-28 09:00:00,66.46,60.70386
2018-12-28 09:15:00,66.82,58.88271
2018-12-28 09:30:00,59.9,59.53236
2018-12-28 09:45:00,63.32,57.435024
2018-12-28 10:00:00,57.17,60.312298
2018-12-28 10:15:00,55.91,59.547752
2018-12-28 10:30:00,62.42,59.324387
2018-12-28 10:45:00,59.72,59.52805
2018-12-28 11:00:00,62.71,58.195312
2018-12-28 11:15:00,57.82,58.698135
2018-12-28 11:30:00,64.94,58.705677
2018-12-28 11:45:00,58.97,59.10803
2018-12-28 12:00:00,47.05,52.347797
2018-12-28 12:15:00,10.01,6.955598
2018-12-28 12:30:00,7.81,6.542945
2018-12-28 12:45:00,7.27,6.03231
2018-12-28 13:00:00,7.31,6.059611
2018-12-28 13:15:00,42.55,35.282383
2018-12-28 13:30:00,56.12,49.913113
2018-12-28 13:45:00,45.0,49.856686
2018-12-28 14:00:00,45.22,49.63546
2018-12-28 14:15:00,42.62,52.66846
2018-12-28 14:30:00,34.2,52.05537
2018-12-28 14:45:00,42.8,50.940098
2018-12-28 15:00:00,48.02,47.9695
2018-12-28 15:15:00,44.6,48.485737
2018-12-28 15:30:00,35.78,47.3383
2018-12-28 15:45:00,32.62,44.061382
2018-12-28 16:00:00,31.39,47.21746
2018-12-28 16:15:00,30.06,48.52017
2018-12-28 16:30:00,30.13,48.392975
2018-12-28 16:45:00,23.58,47.157925
2018-12-28 17:00:00,8.57,44.06519
2018-12-28 17:15:00,9.58,42.135612
2018-12-28 17:30:00,9.14,34.33129
2018-12-28 17:45:00,5.47,11.227698
2018-12-28 18:00:00,5.08,5.591278
2018-12-28 18:15:00,5.08,5.5725193
2018-12-28 18:30:00,5.11,5.3293457
2018-12-28 18:45:00,5.15,4.524544
2018-12-28 19:00:00,5.15,4.5941315
2018-12-28 19:15:00,5.15,4.571537
2018-12-28 19:30:00,5.18,5.1882973
2018-12-28 19:45:00,5.22,4.917859
2018-12-28 20:00:00,5.15,4.873159
2018-12-28 20:15:00,5.15,4.6277533
2018-12-28 20:30:00,5.18,4.520459
2018-12-28 20:45:00,5.26,4.6385326
2018-12-28 21:00:00,5.18,4.61716
2018-12-28 21:15:00,5.15,4.652691
2018-12-28 21:30:00,5.26,4.34728
2018-12-28 21:45:00,5.26,4.385356
2018-12-28 22:00:00,5.22,4.257894
2018-12-28 22:15:00,4.97,4.156556
2018-12-28 22:30:00,4.97,4.197728
2018-12-28 22:45:00,4.93,4.189355
2018-12-28 23:00:00,5.04,4.117311
2018-12-28 23:15:00,4.86,4.03141
2018-12-28 23:30:00,4.86,3.9943693
2018-12-28 23:45:00,4.86,3.959879
2018-12-29 00:00:00,4.28,4.557412
2018-12-29 00:15:00,4.9,3.949022
2018-12-29 00:30:00,4.82,3.9297986
2018-12-29 00:45:00,3.85,3.9283028
2018-12-29 01:00:00,3.74,3.8579834
2018-12-29 01:15:00,3.82,3.8188093
2018-12-29 01:30:00,3.78,3.8765576
2018-12-29 01:45:00,3.67,3.8060808
2018-12-29 02:00:00,3.74,3.7445495
2018-12-29 02:15:00,3.71,3.6346042
2018-12-29 02:30:00,3.82,3.6720226
2018-12-29 02:45:00,3.78,3.6522136
2018-12-29 03:00:00,3.71,3.579649
2018-12-29 03:15:00,3.74,3.5617366
2018-12-29 03:30:00,3.78,3.5592275
2018-12-29 03:45:00,3.78,3.519938
2018-12-29 04:00:00,3.74,3.535318
2018-12-29 04:15:00,3.02,3.5703447
2018-12-29 04:30:00,3.74,3.602881
2018-12-29 04:45:00,3.6,3.6043708
2018-12-29 05:00:00,3.06,3.622739
2018-12-29 05:15:00,3.02,3.0144796
2018-12-29 05:30:00,3.02,3.4138145
2018-12-29 05:45:00,2.99,3.2647064
2018-12-29 06:00:00,3.06,3.0536444
2018-12-29 06:15:00,3.06,3.0325272
2018-12-29 06:30:00,3.67,3.0100992
2018-12-29 06:45:00,3.74,3.108306
2018-12-29 07:00:00,3.71,3.0750844
2018-12-29 07:15:00,3.67,3.0921946
2018-12-29 07:30:00,3.38,3.2013192
2018-12-29 07:45:00,3.02,3.270241
2018-12-29 08:00:00,2.92,3.375247
2018-12-29 08:15:00,2.95,18.345846
2018-12-29 08:30:00,3.13,29.65642
2018-12-29 08:45:00,3.78,21.46566
2018-12-29 09:00:00,3.24,17.515123
2018-12-29 09:15:00,3.17,3.857491
2018-12-29 09:30:00,3.2,3.6357265
2018-12-29 09:45:00,3.31,4.3200736
2018-12-29 10:00:00,4.03,3.4587474
2018-12-29 10:15:00,4.03,3.370687
2018-12-29 10:30:00,4.03,3.267487
2018-12-29 10:45:00,4.03,3.3753362
2018-12-29 11:00:00,6.19,3.3814633
2018-12-29 11:15:00,26.17,3.4929774
2018-12-29 11:30:00,9.36,3.5521066
2018-12-29 11:45:00,3.64,3.7837281
2018-12-29 12:00:00,4.14,4.672424
2018-12-29 12:15:00,3.78,5.928406
2018-12-29 12:30:00,3.46,4.4599285
2018-12-29 12:45:00,3.42,3.7175117
2018-12-29 13:00:00,3.42,4.130001
2018-12-29 13:15:00,4.1,7.652972
2018-12-29 13:30:00,4.14,14.798278
2018-12-29 13:45:00,4.07,3.894589
2018-12-29 14:00:00,4.03,4.0181017
2018-12-29 14:15:00,3.92,6.890359
2018-12-29 14:30:00,3.31,3.9099755
2018-12-29 14:45:00,3.35,3.7311187
2018-12-29 15:00:00,3.31,4.0549097
2018-12-29 15:15:00,3.31,4.148776
2018-12-29 15:30:00,3.31,3.5195782
2018-12-29 15:45:00,3.35,3.5174077
2018-12-29 16:00:00,3.49,3.3032055
2018-12-29 16:15:00,4.1,3.3185353
2018-12-29 16:30:00,3.71,3.329813
2018-12-29 16:45:00,3.67,3.3305554
2018-12-29 17:00:00,4.1,3.3277612
2018-12-29 17:15:00,4.07,3.3459496
2018-12-29 17:30:00,4.07,3.2813547
2018-12-29 17:45:00,4.1,3.271466
2018-12-29 18:00:00,3.56,3.433857
2018-12-29 18:15:00,3.31,3.6063323
2018-12-29 18:30:00,3.24,3.5296898
2018-12-29 18:45:00,3.35,3.821879
2018-12-29 19:00:00,3.31,3.5982122
2018-12-29 19:15:00,3.35,3.3703554
2018-12-29 19:30:00,3.35,3.2845016
2018-12-29 19:45:00,3.31,3.2316728
2018-12-29 20:00:00,3.71,3.2907562
2018-12-29 20:15:00,4.36,3.2966695
2018-12-29 20:30:00,4.28,3.3061192
2018-12-29 20:45:00,4.14,3.2981267
2018-12-29 21:00:00,4.1,3.223866
2018-12-29 21:15:00,4.07,3.331885
2018-12-29 21:30:00,3.85,3.3408096
2018-12-29 21:45:00,3.46,3.4427047
2018-12-29 22:00:00,3.31,3.7159748
2018-12-29 22:15:00,3.13,3.6601033
2018-12-29 22:30:00,3.13,3.4898255
2018-12-29 22:45:00,3.13,3.2705152
2018-12-29 23:00:00,3.17,3.115569
2018-12-29 23:15:00,3.06,2.9956994
2018-12-29 23:30:00,2.99,3.0010529
2018-12-29 23:45:00,3.42,3.0531244
2018-12-30 00:00:00,3.1,3.2063706
2018-12-30 00:15:00,3.92,2.9836848
2018-12-30 00:30:00,3.82,3.0198421
2018-12-30 00:45:00,3.74,3.0161207
2018-12-30 01:00:00,3.78,3.0917299
2018-12-30 01:15:00,3.42,3.0382469
2018-12-30 01:30:00,3.17,3.231036
2018-12-30 01:45:00,3.02,3.350628
2018-12-30 02:00:00,3.1,3.419751
2018-12-30 02:15:00,3.06,3.3372874
2018-12-30 02:30:00,3.1,3.0775769
2018-12-30 02:45:00,3.13,3.0358062
2018-12-30 03:00:00,3.1,3.0733519
2018-12-30 03:15:00,3.13,3.0998
2018-12-30 03:30:00,3.6,3.1092064
2018-12-30 03:45:00,4.86,3.1050153
2018-12-30 04:00:00,3.85,3.1281526
2018-12-30 04:15:00,3.82,3.124628
2018-12-30 04:30:00,3.82,3.0482156
2018-12-30 04:45:00,3.46,3.2340581
2018-12-30 05:00:00,3.17,3.247817
2018-12-30 05:15:00,3.13,3.2797961
2018-12-30 05:30:00,3.1,3.3894553
2018-12-30 05:45:00,3.1,3.4081686
2018-12-30 06:00:00,3.1,3.0635004
2018-12-30 06:15:00,3.13,3.0498178
2018-12-30 06:30:00,3.13,3.0349824
2018-12-30 06:45:00,3.1,3.1376288
2018-12-30 07:00:00,3.82,3.1143792
2018-12-30 07:15:00,4.36,3.133737
2018-12-30 07:30:00,4.97,3.1914704
2018-12-30 07:45:00,3.96,3.2864134
2018-12-30 08:00:00,3.46,3.1638007
2018-12-30 08:15:00,3.06,3.5659113
2018-12-30 08:30:00,3.06,4.3428044
2018-12-30 08:45:00,3.17,3.9532804
2018-12-30 09:00:00,3.28,3.9126227
2018-12-30 09:15:00,3.35,3.5844154
2018-12-30 09:30:00,3.38,3.2928915
2018-12-30 09:45:00,3.35,3.2811291
2018-12-30 10:00:00,3.46,3.2891922
2018-12-30 10:15:00,3.38,3.283022
2018-12-30 10:30:00,4.0,3.3355021
2018-12-30 10:45:00,4.1,3.3293543
2018-12-30 11:00:00,4.1,3.3445168
2018-12-30 11:15:00,4.28,3.273023
2018-12-30 11:30:00,4.61,3.2662785
2018-12-30 11:45:00,3.56,3.5124063
2018-12-30 12:00:00,3.42,3.6541426
2018-12-30 12:15:00,3.46,3.7544885
2018-12-30 12:30:00,3.46,3.9467735
2018-12-30 12:45:00,3.31,3.6560256
2018-12-30 13:00:00,3.28,3.491324
2018-12-30 13:15:00,3.2,3.6725361
2018-12-30 13:30:00,3.24,3.4441657
2018-12-30 13:45:00,3.24,3.3626068
2018-12-30 14:00:00,4.03,3.2854536
2018-12-30 14:15:00,4.0,3.272292
2018-12-30 14:30:00,4.03,3.3039045
2018-12-30 14:45:00,4.82,3.3175662
2018-12-30 15:00:00,4.1,3.2079155
2018-12-30 15:15:00,3.31,3.490448
2018-12-30 15:30:00,3.24,3.560161
2018-12-30 15:45:00,3.24,4.011966
2018-12-30 16:00:00,3.35,4.116351
2018-12-30 16:15:00,3.31,3.5233977
2018-12-30 16:30:00,3.35,3.3878675
2018-12-30 16:45:00,3.24,3.3040154
2018-12-30 17:00:00,3.24,3.3302274
2018-12-30 17:15:00,3.42,3.3188794
2018-12-30 17:30:00,4.0,3.3196843
2018-12-30 17:45:00,4.75,3.2996125
2018-12-30 18:00:00,4.68,3.281986
2018-12-30 18:15:00,3.89,3.233258
2018-12-30 18:30:00,3.53,3.1250272
2018-12-30 18:45:00,3.2,3.2783644
2018-12-30 19:00:00,3.28,3.5576673
2018-12-30 19:15:00,3.24,3.5630112
2018-12-30 19:30:00,3.24,3.575399
2018-12-30 19:45:00,3.2,3.1764433
2018-12-30 20:00:00,3.24,3.2706637
2018-12-30 20:15:00,3.31,3.227923
2018-12-30 20:30:00,3.24,3.287304
2018-12-30 20:45:00,3.78,3.3231275
2018-12-30 21:00:00,4.32,3.3181717
2018-12-30 21:15:00,4.07,3.2537699
2018-12-30 21:30:00,4.07,3.2512329
2018-12-30 21:45:00,4.03,3.1090202
2018-12-30 22:00:00,4.0,3.2426298
2018-12-30 22:15:00,3.2,3.1942146
2018-12-30 22:30:00,2.99,3.2483177
2018-12-30 22:45:00,3.1,3.4342344
2018-12-30 23:00:00,3.02,3.4792435
2018-12-30 23:15:00,2.95,2.9877617
2018-12-30 23:30:00,2.99,2.9688745
2018-12-30 23:45:00,2.92,2.9942353
2018-12-31 00:00:00,3.67,3.427982
2018-12-31 00:15:00,3.64,3.0604815
2018-12-31 00:30:00,3.31,3.127929
2018-12-31 00:45:00,3.49,3.0682144
2018-12-31 01:00:00,3.71,3.0856144
2018-12-31 01:15:00,3.78,3.0727339
2018-12-31 01:30:00,3.71,3.0100505
2018-12-31 01:45:00,3.67,3.1179645
2018-12-31 02:00:00,3.02,3.265054
2018-12-31 02:15:00,2.99,3.3541355
2018-12-31 02:30:00,3.06,3.3580382
2018-12-31 02:45:00,3.02,3.5093117
2018-12-31 03:00:00,3.06,3.0875878
2018-12-31 03:15:00,3.02,3.1595404
2018-12-31 03:30:00,3.46,3.1603003
2018-12-31 03:45:00,3.74,3.20736
2018-12-31 04:00:00,3.06,3.1250393
2018-12-31 04:15:00,3.74,3.1382952
2018-12-31 04:30:00,3.74,3.0897968
2018-12-31 04:45:00,3.78,3.1790044
2018-12-31 05:00:00,3.78,3.0088744
2018-12-31 05:15:00,3.56,3.0870936
2018-12-31 05:30:00,2.99,3.2260373
2018-12-31 05:45:00,3.02,3.3859046
2018-12-31 06:00:00,2.95,3.4906943
2018-12-31 06:15:00,3.02,3.5015042
2018-12-31 06:30:00,2.99,3.0785267
2018-12-31 06:45:00,3.02,3.173812
2018-12-31 07:00:00,3.74,3.1754527
2018-12-31 07:15:00,3.17,3.4203336
2018-12-31 07:30:00,2.95,3.9824533
2018-12-31 07:45:00,3.56,4.2534056
2018-12-31 08:00:00,3.64,4.2150726
2018-12-31 08:15:00,3.6,30.113993
2018-12-31 08:30:00,3.74,48.446186
2018-12-31 08:45:00,3.74,64.02751
2018-12-31 09:00:00,3.06,65.10639
2018-12-31 09:15:00,3.17,26.946339
2018-12-31 09:30:00,3.13,16.920101
2018-12-31 09:45:00,3.17,23.239464
2018-12-31 10:00:00,3.24,20.280787
2018-12-31 10:15:00,3.2,6.9244504
2018-12-31 10:30:00,4.03,6.8807716
2018-12-31 10:45:00,3.67,5.387204
2018-12-31 11:00:00,3.35,6.0811872
2018-12-31 11:15:00,3.35,4.4706154
2018-12-31 11:30:00,3.82,11.13839
2018-12-31 11:45:00,4.0,4.6113725
2018-12-31 12:00:00,4.07,4.478835
2018-12-31 12:15:00,4.03,3.6655056
2018-12-31 12:30:00,4.1,3.7622175
2018-12-31 12:45:00,3.35,3.7742429
2018-12-31 13:00:00,3.35,3.8305311
2018-12-31 13:15:00,3.35,7.1528378
2018-12-31 13:30:00,3.31,13.267581
2018-12-31 13:45:00,3.31,7.52104
2018-12-31 14:00:00,3.35,9.199072
2018-12-31 14:15:00,3.35,10.510524
2018-12-31 14:30:00,3.56,7.274658
2018-12-31 14:45:00,4.07,4.2103
2018-12-31 15:00:00,3.53,4.3137054
2018-12-31 15:15:00,3.42,4.3723135
2018-12-31 15:30:00,4.07,4.8232822
2018-12-31 15:45:00,4.07,5.9254875
2018-12-31 16:00:00,4.03,4.201319
2018-12-31 16:15:00,4.07,4.269587
2018-12-31 16:30:00,3.92,4.6322284
2018-12-31 16:45:00,3.31,4.4194884
2018-12-31 17:00:00,3.31,4.2850075
2018-12-31 17:15:00,3.35,4.1769915
2018-12-31 17:30:00,3.31,4.167359
2018-12-31 17:45:00,3.46,3.2880626
2018-12-31 18:00:00,3.42,3.2923262
2018-12-31 18:15:00,3.35,3.3194053
2018-12-31 18:30:00,3.82,3.4362829
2018-12-31 18:45:00,4.14,3.4577
2018-12-31 19:00:00,3.49,3.485564
2018-12-31 19:15:00,3.96,3.4950907
2018-12-31 19:30:00,4.14,3.4108105
2018-12-31 19:45:00,4.21,3.4153676
2018-12-31 20:00:00,4.14,3.3568752
2018-12-31 20:15:00,4.18,3.4348066
2018-12-31 20:30:00,3.38,3.5897813
2018-12-31 20:45:00,3.42,3.6772108
2018-12-31 21:00:00,3.42,3.741633
2018-12-31 21:15:00,3.42,3.9940104
2018-12-31 21:30:00,3.49,3.3502798
2018-12-31 21:45:00,3.42,3.4080207
2018-12-31 22:00:00,3.42,3.4332788
2018-12-31 22:15:00,3.24,3.3347235
2018-12-31 22:30:00,3.67,3.301068
2018-12-31 22:45:00,3.82,3.255172
2018-12-31 23:00:00,3.85,3.2209895
2018-12-31 23:15:00,3.74,3.0624723
2018-12-31 23:30:00,3.78,3.0865223
2018-12-31 23:45:00,3.78,3.133352
