date,actual,Hybrid
2018-12-01 00:00:00,3.35,3.823601
2018-12-01 00:15:00,3.89,3.3846574
2018-12-01 00:30:00,3.85,3.8548014
2018-12-01 00:45:00,3.89,3.7734
2018-12-01 01:00:00,3.89,3.6394033
2018-12-01 01:15:00,4.03,3.8790154
2018-12-01 01:30:00,3.89,3.9054306
2018-12-01 01:45:00,3.92,3.8962913
2018-12-01 02:00:00,3.92,3.802725
2018-12-01 02:15:00,3.96,3.8862276
2018-12-01 02:30:00,4.03,3.9040837
2018-12-01 02:45:00,4.14,3.9659019
2018-12-01 03:00:00,5.08,4.0350385
2018-12-01 03:15:00,4.72,4.4597015
2018-12-01 03:30:00,3.96,4.223645
2018-12-01 03:45:00,3.92,3.9511693
2018-12-01 04:00:00,3.35,3.9346483
2018-12-01 04:15:00,3.28,3.3958642
2018-12-01 04:30:00,3.35,3.3021116
2018-12-01 04:45:00,3.24,3.379226
2018-12-01 05:00:00,3.31,3.256732
2018-12-01 05:15:00,3.31,3.3000746
2018-12-01 05:30:00,3.28,3.302868
2018-12-01 05:45:00,3.28,3.3066335
2018-12-01 06:00:00,3.2,3.3259187
2018-12-01 06:15:00,3.46,3.2420576
2018-12-01 06:30:00,4.03,3.5315151
2018-12-01 06:45:00,3.89,3.5316324
2018-12-01 07:00:00,3.89,3.5558527
2018-12-01 07:15:00,4.46,3.5717556
2018-12-01 07:30:00,3.67,4.28914
2018-12-01 07:45:00,3.46,3.71236
2018-12-01 08:00:00,3.46,3.5380366
2018-12-01 08:15:00,3.71,13.869206
2018-12-01 08:30:00,4.72,3.8841898
2018-12-01 08:45:00,4.46,4.8674936
2018-12-01 09:00:00,5.22,4.5184917
2018-12-01 09:15:00,28.58,6.3295603
2018-12-01 09:30:00,30.56,33.28321
2018-12-01 09:45:00,28.08,31.943499
2018-12-01 10:00:00,28.58,27.375952
2018-12-01 10:15:00,28.73,29.275953
2018-12-01 10:30:00,29.56,29.12306
2018-12-01 10:45:00,30.06,29.663883
2018-12-01 11:00:00,29.2,29.44755
2018-12-01 11:15:00,27.94,30.05791
2018-12-01 11:30:00,27.94,27.034302
2018-12-01 11:45:00,25.63,26.556454
2018-12-01 12:00:00,3.64,19.799688
2018-12-01 12:15:00,3.85,3.7613447
2018-12-01 12:30:00,3.71,3.9328701
2018-12-01 12:45:00,3.74,3.8582695
2018-12-01 13:00:00,3.71,3.8636153
2018-12-01 13:15:00,11.3,5.412086
2018-12-01 13:30:00,27.29,28.902147
2018-12-01 13:45:00,26.86,33.96163
2018-12-01 14:00:00,25.31,26.352726
2018-12-01 14:15:00,26.21,24.917875
2018-12-01 14:30:00,26.28,25.447655
2018-12-01 14:45:00,18.68,25.080584
2018-12-01 15:00:00,5.18,16.963182
2018-12-01 15:15:00,5.08,6.5039196
2018-12-01 15:30:00,4.75,6.6403174
2018-12-01 15:45:00,4.75,5.4720063
2018-12-01 16:00:00,4.72,4.873432
2018-12-01 16:15:00,4.64,4.722543
2018-12-01 16:30:00,4.72,4.636898
2018-12-01 16:45:00,4.68,4.71605
2018-12-01 17:00:00,4.64,4.684731
2018-12-01 17:15:00,4.79,4.5168815
2018-12-01 17:30:00,4.75,4.5511107
2018-12-01 17:45:00,4.72,4.582759
2018-12-01 18:00:00,4.68,4.5802894
2018-12-01 18:15:00,5.76,4.5707865
2018-12-01 18:30:00,5.4,4.9802485
2018-12-01 18:45:00,4.79,4.793503
2018-12-01 19:00:00,4.79,4.610374
2018-12-01 19:15:00,4.79,4.649602
2018-12-01 19:30:00,4.79,4.6344466
2018-12-01 19:45:00,4.9,4.7730103
2018-12-01 20:00:00,4.75,4.8258767
2018-12-01 20:15:00,4.79,4.7127557
2018-12-01 20:30:00,4.75,4.6611085
2018-12-01 20:45:00,4.82,4.6447825
2018-12-01 21:00:00,4.82,4.720787
2018-12-01 21:15:00,4.75,4.6827846
2018-12-01 21:30:00,4.79,4.599789
2018-12-01 21:45:00,4.79,4.575863
2018-12-01 22:00:00,4.9,4.5515976
2018-12-01 22:15:00,5.76,4.5947285
2018-12-01 22:30:00,4.61,4.972148
2018-12-01 22:45:00,3.42,4.3278894
2018-12-01 23:00:00,3.42,3.4138863
2018-12-01 23:15:00,3.28,3.3785062
2018-12-01 23:30:00,3.38,3.2894857
2018-12-01 23:45:00,3.31,3.3826427
2018-12-02 00:00:00,4.36,3.3534546
2018-12-02 00:15:00,3.35,3.6161768
2018-12-02 00:30:00,3.35,3.2976139
2018-12-02 00:45:00,3.38,3.3079395
2018-12-02 01:00:00,3.89,3.2622173
2018-12-02 01:15:00,4.46,3.399875
2018-12-02 01:30:00,4.43,3.8729496
2018-12-02 01:45:00,4.14,3.6337411
2018-12-02 02:00:00,3.46,3.9815428
2018-12-02 02:15:00,3.38,3.5289907
2018-12-02 02:30:00,3.38,3.3528929
2018-12-02 02:45:00,3.38,3.351513
2018-12-02 03:00:00,4.32,3.3305209
2018-12-02 03:15:00,4.64,3.7975771
2018-12-02 03:30:00,3.82,3.9395418
2018-12-02 03:45:00,3.46,3.6133378
2018-12-02 04:00:00,3.42,3.5103514
2018-12-02 04:15:00,3.46,3.4460657
2018-12-02 04:30:00,4.32,3.3787293
2018-12-02 04:45:00,4.5,3.7967305
2018-12-02 05:00:00,4.54,3.9003134
2018-12-02 05:15:00,4.39,4.050337
2018-12-02 05:30:00,3.35,4.123936
2018-12-02 05:45:00,3.46,3.474007
2018-12-02 06:00:00,3.35,3.541766
2018-12-02 06:15:00,3.42,3.3260143
2018-12-02 06:30:00,3.42,3.4867525
2018-12-02 06:45:00,3.38,3.4110825
2018-12-02 07:00:00,3.46,3.3449426
2018-12-02 07:15:00,3.38,3.4437125
2018-12-02 07:30:00,3.46,3.4771652
2018-12-02 07:45:00,3.46,3.5722342
2018-12-02 08:00:00,3.49,3.5132506
2018-12-02 08:15:00,4.57,3.9166024
2018-12-02 08:30:00,4.54,4.413921
2018-12-02 08:45:00,5.54,4.1055856
2018-12-02 09:00:00,4.75,4.9630256
2018-12-02 09:15:00,3.74,4.627849
2018-12-02 09:30:00,3.71,3.664132
2018-12-02 09:45:00,3.6,3.9658298
2018-12-02 10:00:00,3.56,3.7209525
2018-12-02 10:15:00,3.6,3.6274214
2018-12-02 10:30:00,3.64,3.6521535
2018-12-02 10:45:00,3.64,3.655658
2018-12-02 11:00:00,3.64,3.6754243
2018-12-02 11:15:00,3.64,3.582691
2018-12-02 11:30:00,3.56,3.6022768
2018-12-02 11:45:00,3.64,3.5691075
2018-12-02 12:00:00,4.03,3.6327488
2018-12-02 12:15:00,4.86,3.8390517
2018-12-02 12:30:00,4.75,4.180562
2018-12-02 12:45:00,5.36,3.9793553
2018-12-02 13:00:00,4.9,4.5760384
2018-12-02 13:15:00,3.78,4.551709
2018-12-02 13:30:00,3.64,3.729297
2018-12-02 13:45:00,3.6,3.773849
2018-12-02 14:00:00,3.6,3.755595
2018-12-02 14:15:00,3.6,3.732052
2018-12-02 14:30:00,3.56,3.6752026
2018-12-02 14:45:00,3.56,3.6502109
2018-12-02 15:00:00,3.64,3.6385345
2018-12-02 15:15:00,3.6,3.611207
2018-12-02 15:30:00,3.56,3.6038222
2018-12-02 15:45:00,3.85,3.5980797
2018-12-02 16:00:00,4.68,3.7905838
2018-12-02 16:15:00,4.72,4.087646
2018-12-02 16:30:00,4.72,3.9215012
2018-12-02 16:45:00,3.89,3.9684386
2018-12-02 17:00:00,3.53,3.7511497
2018-12-02 17:15:00,3.6,3.563267
2018-12-02 17:30:00,3.6,3.5299597
2018-12-02 17:45:00,3.74,3.6047847
2018-12-02 18:00:00,4.72,3.7466922
2018-12-02 18:15:00,3.89,4.0258636
2018-12-02 18:30:00,3.53,3.6684685
2018-12-02 18:45:00,3.53,3.5847297
2018-12-02 19:00:00,3.56,3.5170865
2018-12-02 19:15:00,3.67,3.592521
2018-12-02 19:30:00,3.56,3.6307309
2018-12-02 19:45:00,4.39,3.5924249
2018-12-02 20:00:00,4.72,4.0182295
2018-12-02 20:15:00,4.68,3.8931475
2018-12-02 20:30:00,4.75,3.8261688
2018-12-02 20:45:00,3.71,4.379386
2018-12-02 21:00:00,3.53,3.6075256
2018-12-02 21:15:00,3.6,3.5805488
2018-12-02 21:30:00,3.6,3.52308
2018-12-02 21:45:00,3.6,3.6373727
2018-12-02 22:00:00,3.56,3.6288118
2018-12-02 22:15:00,4.07,3.5627673
2018-12-02 22:30:00,4.32,3.73075
2018-12-02 22:45:00,3.35,3.6379094
2018-12-02 23:00:00,3.31,3.230283
2018-12-02 23:15:00,3.31,3.2649717
2018-12-02 23:30:00,3.28,3.2986724
2018-12-02 23:45:00,3.35,3.2768667
2018-12-03 00:00:00,4.57,4.3244596
2018-12-03 00:15:00,4.43,3.5971901
2018-12-03 00:30:00,4.36,3.5030997
2018-12-03 00:45:00,4.21,3.6672816
2018-12-03 01:00:00,3.35,4.0697927
2018-12-03 01:15:00,3.38,3.3980048
2018-12-03 01:30:00,3.35,3.3495016
2018-12-03 01:45:00,3.42,3.3610952
2018-12-03 02:00:00,3.49,3.4221187
2018-12-03 02:15:00,3.42,3.4039555
2018-12-03 02:30:00,3.38,3.417506
2018-12-03 02:45:00,4.36,3.3766031
2018-12-03 03:00:00,4.14,3.7988086
2018-12-03 03:15:00,3.42,3.486388
2018-12-03 03:30:00,3.38,3.3616338
2018-12-03 03:45:00,3.35,3.4101803
2018-12-03 04:00:00,3.35,3.3642738
2018-12-03 04:15:00,4.1,3.3773608
2018-12-03 04:30:00,4.43,3.5883646
2018-12-03 04:45:00,4.5,3.838865
2018-12-03 05:00:00,3.78,3.9989362
2018-12-03 05:15:00,3.31,3.5774019
2018-12-03 05:30:00,3.38,3.3862438
2018-12-03 05:45:00,3.31,3.3886566
2018-12-03 06:00:00,3.31,3.2998066
2018-12-03 06:15:00,3.35,3.318173
2018-12-03 06:30:00,3.31,3.376269
2018-12-03 06:45:00,3.24,3.3112216
2018-12-03 07:00:00,3.24,3.289692
2018-12-03 07:15:00,4.21,3.2958875
2018-12-03 07:30:00,5.76,4.4339113
2018-12-03 07:45:00,5.98,6.3577366
2018-12-03 08:00:00,5.58,6.798003
2018-12-03 08:15:00,34.99,43.491474
2018-12-03 08:30:00,56.84,61.79796
2018-12-03 08:45:00,61.06,59.879635
2018-12-03 09:00:00,57.89,63.014217
2018-12-03 09:15:00,70.49,59.532516
2018-12-03 09:30:00,50.11,61.74755
2018-12-03 09:45:00,66.38,57.70612
2018-12-03 10:00:00,56.88,58.320995
2018-12-03 10:15:00,47.09,60.78065
2018-12-03 10:30:00,55.8,58.147438
2018-12-03 10:45:00,66.89,62.910484
2018-12-03 11:00:00,62.89,63.061367
2018-12-03 11:15:00,63.79,59.780933
2018-12-03 11:30:00,58.1,64.5715
2018-12-03 11:45:00,54.5,59.322388
2018-12-03 12:00:00,35.35,55.33166
2018-12-03 12:15:00,6.34,7.3881273
2018-12-03 12:30:00,5.76,6.172014
2018-12-03 12:45:00,6.3,6.1958814
2018-12-03 13:00:00,6.19,6.3445654
2018-12-03 13:15:00,35.35,43.221504
2018-12-03 13:30:00,51.95,57.830082
2018-12-03 13:45:00,48.46,58.761158
2018-12-03 14:00:00,65.02,53.679615
2018-12-03 14:15:00,69.91,57.104008
2018-12-03 14:30:00,55.12,59.28043
2018-12-03 14:45:00,56.84,59.592068
2018-12-03 15:00:00,54.22,58.806866
2018-12-03 15:15:00,49.97,56.656086
2018-12-03 15:30:00,48.17,54.693195
2018-12-03 15:45:00,49.86,53.43926
2018-12-03 16:00:00,58.75,53.60019
2018-12-03 16:15:00,65.7,55.80408
2018-12-03 16:30:00,51.88,56.867172
2018-12-03 16:45:00,57.2,53.267033
2018-12-03 17:00:00,76.03,55.830055
2018-12-03 17:15:00,72.18,63.426533
2018-12-03 17:30:00,61.42,63.835106
2018-12-03 17:45:00,36.61,32.84919
2018-12-03 18:00:00,29.56,31.921646
2018-12-03 18:15:00,34.13,40.851734
2018-12-03 18:30:00,42.26,44.204388
2018-12-03 18:45:00,56.81,44.844788
2018-12-03 19:00:00,43.02,55.843815
2018-12-03 19:15:00,47.74,46.715607
2018-12-03 19:30:00,39.17,50.919727
2018-12-03 19:45:00,43.67,43.266838
2018-12-03 20:00:00,50.44,42.860348
2018-12-03 20:15:00,46.22,50.20073
2018-12-03 20:30:00,45.36,48.568993
2018-12-03 20:45:00,50.11,43.349396
2018-12-03 21:00:00,25.45,30.066095
2018-12-03 21:15:00,8.6,6.480313
2018-12-03 21:30:00,6.19,5.438048
2018-12-03 21:45:00,5.62,5.6701474
2018-12-03 22:00:00,4.93,5.373211
2018-12-03 22:15:00,4.72,4.7297993
2018-12-03 22:30:00,4.75,4.534907
2018-12-03 22:45:00,4.68,4.661656
2018-12-03 23:00:00,4.68,4.6829324
2018-12-03 23:15:00,4.61,4.66639
2018-12-03 23:30:00,4.57,4.5621357
2018-12-03 23:45:00,4.61,4.509117
2018-12-04 00:00:00,3.89,5.9244885
2018-12-04 00:15:00,4.61,3.9674408
2018-12-04 00:30:00,4.57,4.4738693
2018-12-04 00:45:00,4.61,4.3807096
2018-12-04 01:00:00,4.64,4.165982
2018-12-04 01:15:00,5.04,4.583938
2018-12-04 01:30:00,5.8,4.598715
2018-12-04 01:45:00,4.68,5.3838024
2018-12-04 02:00:00,3.6,4.6294336
2018-12-04 02:15:00,3.56,3.7446628
2018-12-04 02:30:00,3.64,3.7350283
2018-12-04 02:45:00,3.67,3.7440274
2018-12-04 03:00:00,3.64,3.7540467
2018-12-04 03:15:00,3.64,3.7274776
2018-12-04 03:30:00,3.71,3.6952188
2018-12-04 03:45:00,3.67,3.7665577
2018-12-04 04:00:00,3.71,3.6684055
2018-12-04 04:15:00,3.67,3.70173
2018-12-04 04:30:00,3.6,3.6815217
2018-12-04 04:45:00,4.36,3.6601672
2018-12-04 05:00:00,4.64,3.9719326
2018-12-04 05:15:00,4.72,3.9828742
2018-12-04 05:30:00,5.44,4.0280166
2018-12-04 05:45:00,4.43,5.0339704
2018-12-04 06:00:00,3.64,4.056979
2018-12-04 06:15:00,3.56,3.633758
2018-12-04 06:30:00,3.67,3.6399248
2018-12-04 06:45:00,3.64,3.8413053
2018-12-04 07:00:00,3.56,3.7120736
2018-12-04 07:15:00,3.56,3.6733897
2018-12-04 07:30:00,3.82,4.0238757
2018-12-04 07:45:00,4.54,4.2530723
2018-12-04 08:00:00,5.94,4.7191234
2018-12-04 08:15:00,28.4,39.323837
2018-12-04 08:30:00,55.04,53.475258
2018-12-04 08:45:00,61.13,61.906666
2018-12-04 09:00:00,82.33,62.89294
2018-12-04 09:15:00,82.37,76.71924
2018-12-04 09:30:00,64.08,76.96692
2018-12-04 09:45:00,59.36,69.451584
2018-12-04 10:00:00,52.16,61.43954
2018-12-04 10:15:00,56.95,56.57023
2018-12-04 10:30:00,53.42,57.16496
2018-12-04 10:45:00,58.86,57.353577
2018-12-04 11:00:00,59.98,58.56524
2018-12-04 11:15:00,61.24,58.192608
2018-12-04 11:30:00,84.1,60.115772
2018-12-04 11:45:00,63.86,74.32034
2018-12-04 12:00:00,49.86,62.816586
2018-12-04 12:15:00,6.91,7.11279
2018-12-04 12:30:00,7.38,6.18227
2018-12-04 12:45:00,6.62,6.9768195
2018-12-04 13:00:00,6.55,6.6588516
2018-12-04 13:15:00,32.51,43.119347
2018-12-04 13:30:00,57.28,66.4934
2018-12-04 13:45:00,55.51,61.259224
2018-12-04 14:00:00,56.12,58.124847
2018-12-04 14:15:00,58.82,56.75563
2018-12-04 14:30:00,52.88,56.377308
2018-12-04 14:45:00,53.46,57.634598
2018-12-04 15:00:00,62.96,57.063873
2018-12-04 15:15:00,64.62,57.89253
2018-12-04 15:30:00,60.01,57.864487
2018-12-04 15:45:00,55.66,57.185272
2018-12-04 16:00:00,53.82,57.832554
2018-12-04 16:15:00,71.86,55.43135
2018-12-04 16:30:00,60.73,61.557796
2018-12-04 16:45:00,68.22,59.861378
2018-12-04 17:00:00,80.46,60.265526
2018-12-04 17:15:00,61.52,73.28801
2018-12-04 17:30:00,71.1,62.448685
2018-12-04 17:45:00,35.21,38.135757
2018-12-04 18:00:00,30.31,32.631935
2018-12-04 18:15:00,43.56,44.859474
2018-12-04 18:30:00,40.97,54.385452
2018-12-04 18:45:00,38.56,43.70725
2018-12-04 19:00:00,41.65,42.634754
2018-12-04 19:15:00,49.07,41.49148
2018-12-04 19:30:00,40.46,51.701897
2018-12-04 19:45:00,48.64,44.027145
2018-12-04 20:00:00,49.75,48.11464
2018-12-04 20:15:00,48.89,50.4375
2018-12-04 20:30:00,37.84,48.654003
2018-12-04 20:45:00,30.67,38.36522
2018-12-04 21:00:00,5.08,15.30178
2018-12-04 21:15:00,5.69,4.8476443
2018-12-04 21:30:00,5.44,5.2659526
2018-12-04 21:45:00,5.4,5.311616
2018-12-04 22:00:00,5.44,5.2822404
2018-12-04 22:15:00,5.26,5.088255
2018-12-04 22:30:00,4.64,5.0780835
2018-12-04 22:45:00,3.92,4.5090156
2018-12-04 23:00:00,3.96,3.9287064
2018-12-04 23:15:00,3.92,3.9559264
2018-12-04 23:30:00,3.85,3.9219635
2018-12-04 23:45:00,3.89,3.8008823
2018-12-05 00:00:00,3.96,4.8438764
2018-12-05 00:15:00,3.89,4.045638
2018-12-05 00:30:00,3.92,3.8838122
2018-12-05 00:45:00,3.89,3.9210906
2018-12-05 01:00:00,3.96,3.8805442
2018-12-05 01:15:00,3.78,3.9171944
2018-12-05 01:30:00,3.85,3.8518512
2018-12-05 01:45:00,3.82,3.8878548
2018-12-05 02:00:00,3.82,3.8240259
2018-12-05 02:15:00,3.85,3.8587854
2018-12-05 02:30:00,4.64,3.850532
2018-12-05 02:45:00,4.86,4.3581223
2018-12-05 03:00:00,3.82,4.3009634
2018-12-05 03:15:00,3.49,3.6874788
2018-12-05 03:30:00,3.13,3.5816956
2018-12-05 03:45:00,3.2,3.1262596
2018-12-05 04:00:00,3.13,3.2319248
2018-12-05 04:15:00,3.1,3.1954844
2018-12-05 04:30:00,3.17,3.2035737
2018-12-05 04:45:00,3.06,3.2685037
2018-12-05 05:00:00,3.17,3.1339166
2018-12-05 05:15:00,3.06,3.305465
2018-12-05 05:30:00,3.1,3.1607525
2018-12-05 05:45:00,3.02,3.2075205
2018-12-05 06:00:00,3.1,3.0924187
2018-12-05 06:15:00,3.02,3.1922948
2018-12-05 06:30:00,4.61,3.0755053
2018-12-05 06:45:00,4.9,4.1032605
2018-12-05 07:00:00,3.85,4.127759
2018-12-05 07:15:00,3.49,3.6725733
2018-12-05 07:30:00,3.2,3.7359874
2018-12-05 07:45:00,4.32,3.5836568
2018-12-05 08:00:00,4.72,4.734392
2018-12-05 08:15:00,27.65,40.15413
2018-12-05 08:30:00,61.56,52.7612
2018-12-05 08:45:00,57.71,64.985016
2018-12-05 09:00:00,57.82,61.19905
2018-12-05 09:15:00,68.08,58.383602
2018-12-05 09:30:00,64.08,60.529064
2018-12-05 09:45:00,64.76,63.68801
2018-12-05 10:00:00,62.68,60.51392
2018-12-05 10:15:00,49.28,60.615444
2018-12-05 10:30:00,56.52,56.08244
2018-12-05 10:45:00,59.04,57.195465
2018-12-05 11:00:00,66.85,58.34631
2018-12-05 11:15:00,68.83,59.32423
2018-12-05 11:30:00,60.3,62.179325
2018-12-05 11:45:00,53.21,59.3974
2018-12-05 12:00:00,40.97,52.478893
2018-12-05 12:15:00,10.69,7.002328
2018-12-05 12:30:00,9.43,5.9265084
2018-12-05 12:45:00,10.33,7.5191507
2018-12-05 13:00:00,26.68,7.680051
2018-12-05 13:15:00,43.34,55.28541
2018-12-05 13:30:00,46.51,49.693623
2018-12-05 13:45:00,50.44,52.187115
2018-12-05 14:00:00,63.4,52.023132
2018-12-05 14:15:00,54.36,57.248417
2018-12-05 14:30:00,61.52,54.743313
2018-12-05 14:45:00,58.93,56.833157
2018-12-05 15:00:00,85.46,57.305943
2018-12-05 15:15:00,109.3,73.56448
2018-12-05 15:30:00,87.16,89.23167
2018-12-05 15:45:00,96.01,98.59473
2018-12-05 16:00:00,105.91,92.27055
2018-12-05 16:15:00,68.18,91.409195
2018-12-05 16:30:00,64.91,85.668365
2018-12-05 16:45:00,56.05,68.51888
2018-12-05 17:00:00,62.96,59.551517
2018-12-05 17:15:00,47.12,60.11222
2018-12-05 17:30:00,44.57,51.47922
2018-12-05 17:45:00,44.24,36.173523
2018-12-05 18:00:00,27.32,34.653564
2018-12-05 18:15:00,5.87,23.51654
2018-12-05 18:30:00,5.36,5.293295
2018-12-05 18:45:00,5.47,5.174553
2018-12-05 19:00:00,5.58,5.43523
2018-12-05 19:15:00,5.58,5.4518642
2018-12-05 19:30:00,5.47,5.443421
2018-12-05 19:45:00,5.44,5.300862
2018-12-05 20:00:00,5.44,5.2637334
2018-12-05 20:15:00,5.44,5.2630825
2018-12-05 20:30:00,5.51,5.27305
2018-12-05 20:45:00,5.44,5.261992
2018-12-05 21:00:00,4.82,5.250557
2018-12-05 21:15:00,4.28,4.694996
2018-12-05 21:30:00,4.25,4.108354
2018-12-05 21:45:00,4.28,4.130142
2018-12-05 22:00:00,4.36,4.143961
2018-12-05 22:15:00,4.03,4.1908035
2018-12-05 22:30:00,4.0,3.9765565
2018-12-05 22:45:00,4.03,4.029421
2018-12-05 23:00:00,4.0,3.9777064
2018-12-05 23:15:00,4.0,3.9310365
2018-12-05 23:30:00,3.92,3.953559
2018-12-05 23:45:00,4.0,3.913465
2018-12-06 00:00:00,4.0,3.8845062
2018-12-06 00:15:00,3.96,4.013714
2018-12-06 00:30:00,4.79,3.956963
2018-12-06 00:45:00,5.18,4.4510975
2018-12-06 01:00:00,4.03,4.4919133
2018-12-06 01:15:00,3.92,3.9210393
2018-12-06 01:30:00,4.0,3.8658247
2018-12-06 01:45:00,3.92,4.029115
2018-12-06 02:00:00,4.07,3.949911
2018-12-06 02:15:00,3.46,3.987215
2018-12-06 02:30:00,3.28,3.4734337
2018-12-06 02:45:00,3.38,3.2975368
2018-12-06 03:00:00,3.31,3.3993397
2018-12-06 03:15:00,3.35,3.318173
2018-12-06 03:30:00,3.35,3.3882082
2018-12-06 03:45:00,3.38,3.3634882
2018-12-06 04:00:00,3.42,3.3977416
2018-12-06 04:15:00,3.31,3.4355257
2018-12-06 04:30:00,4.61,3.2929182
2018-12-06 04:45:00,5.04,3.9375882
2018-12-06 05:00:00,4.07,4.0565934
2018-12-06 05:15:00,3.71,3.6023588
2018-12-06 05:30:00,3.31,3.60734
2018-12-06 05:45:00,3.31,3.3088315
2018-12-06 06:00:00,3.38,3.317036
2018-12-06 06:15:00,3.31,3.3718705
2018-12-06 06:30:00,3.28,3.2727368
2018-12-06 06:45:00,3.31,3.3247783
2018-12-06 07:00:00,3.24,3.3352914
2018-12-06 07:15:00,3.28,3.2853734
2018-12-06 07:30:00,3.46,3.6936278
2018-12-06 07:45:00,4.21,4.1151047
2018-12-06 08:00:00,6.44,4.5136294
2018-12-06 08:15:00,32.29,39.899376
2018-12-06 08:30:00,64.98,60.3334
2018-12-06 08:45:00,60.84,64.26725
2018-12-06 09:00:00,59.87,63.182102
2018-12-06 09:15:00,67.0,58.754845
2018-12-06 09:30:00,71.17,62.18095
2018-12-06 09:45:00,76.86,64.9423
2018-12-06 10:00:00,66.67,73.2416
2018-12-06 10:15:00,63.18,67.41468
2018-12-06 10:30:00,68.87,63.153984
2018-12-06 10:45:00,71.06,64.35763
2018-12-06 11:00:00,62.78,68.772354
2018-12-06 11:15:00,60.88,64.16122
2018-12-06 11:30:00,74.45,60.36812
2018-12-06 11:45:00,67.82,66.2823
2018-12-06 12:00:00,69.26,63.379227
2018-12-06 12:15:00,9.94,14.202748
2018-12-06 12:30:00,6.88,6.5458555
2018-12-06 12:45:00,7.02,6.9935203
2018-12-06 13:00:00,6.95,7.295746
2018-12-06 13:15:00,35.78,42.166473
2018-12-06 13:30:00,61.78,65.79418
2018-12-06 13:45:00,60.8,61.62038
2018-12-06 14:00:00,71.78,60.338387
2018-12-06 14:15:00,72.11,62.611588
2018-12-06 14:30:00,68.22,66.08252
2018-12-06 14:45:00,73.44,66.52941
2018-12-06 15:00:00,56.88,70.94633
2018-12-06 15:15:00,50.29,59.93077
2018-12-06 15:30:00,48.78,55.172356
2018-12-06 15:45:00,48.96,55.09473
2018-12-06 16:00:00,49.97,53.336285
2018-12-06 16:15:00,62.28,52.97686
2018-12-06 16:30:00,47.95,56.494503
2018-12-06 16:45:00,57.35,51.867493
2018-12-06 17:00:00,47.77,55.631065
2018-12-06 17:15:00,48.6,51.909832
2018-12-06 17:30:00,57.46,50.86287
2018-12-06 17:45:00,31.86,32.008766
2018-12-06 18:00:00,31.61,30.676788
2018-12-06 18:15:00,36.61,40.18274
2018-12-06 18:30:00,40.07,45.655678
2018-12-06 18:45:00,37.87,41.83671
2018-12-06 19:00:00,47.23,39.360012
2018-12-06 19:15:00,53.03,47.194725
2018-12-06 19:30:00,38.63,51.476517
2018-12-06 19:45:00,37.51,42.06124
2018-12-06 20:00:00,38.3,39.60282
2018-12-06 20:15:00,54.36,40.997616
2018-12-06 20:30:00,38.84,49.62582
2018-12-06 20:45:00,27.72,35.77516
2018-12-06 21:00:00,8.86,8.539855
2018-12-06 21:15:00,5.51,5.607536
2018-12-06 21:30:00,5.58,5.3120975
2018-12-06 21:45:00,5.62,5.362116
2018-12-06 22:00:00,5.54,5.3202395
2018-12-06 22:15:00,5.26,5.09253
2018-12-06 22:30:00,5.22,5.0058355
2018-12-06 22:45:00,5.26,5.109478
2018-12-06 23:00:00,4.18,5.048087
2018-12-06 23:15:00,3.96,4.0270834
2018-12-06 23:30:00,4.0,3.9299421
2018-12-06 23:45:00,4.0,4.013957
2018-12-07 00:00:00,4.03,4.37313
2018-12-07 00:15:00,3.96,4.0262876
2018-12-07 00:30:00,4.03,3.9388676
2018-12-07 00:45:00,4.03,3.9943476
2018-12-07 01:00:00,4.0,4.030288
2018-12-07 01:15:00,4.03,4.029966
2018-12-07 01:30:00,4.03,4.013405
2018-12-07 01:45:00,4.03,4.02447
2018-12-07 02:00:00,4.1,3.98587
2018-12-07 02:15:00,4.0,3.995955
2018-12-07 02:30:00,4.72,4.0066133
2018-12-07 02:45:00,4.79,4.497737
2018-12-07 03:00:00,4.14,4.306219
2018-12-07 03:15:00,4.07,3.995334
2018-12-07 03:30:00,4.03,4.0142794
2018-12-07 03:45:00,4.0,4.035181
2018-12-07 04:00:00,3.42,4.0428724
2018-12-07 04:15:00,3.49,3.4403129
2018-12-07 04:30:00,3.46,3.4817185
2018-12-07 04:45:00,3.38,3.469957
2018-12-07 05:00:00,3.42,3.3794494
2018-12-07 05:15:00,3.42,3.4152884
2018-12-07 05:30:00,3.74,3.4110885
2018-12-07 05:45:00,4.07,3.5750382
2018-12-07 06:00:00,3.49,3.6428328
2018-12-07 06:15:00,3.42,3.3887718
2018-12-07 06:30:00,3.64,3.4299893
2018-12-07 06:45:00,4.1,3.5416288
2018-12-07 07:00:00,4.0,3.7548287
2018-12-07 07:15:00,4.0,3.5732367
2018-12-07 07:30:00,3.82,4.013396
2018-12-07 07:45:00,4.54,4.1867657
2018-12-07 08:00:00,4.79,4.690226
2018-12-07 08:15:00,47.66,33.44144
2018-12-07 08:30:00,60.19,71.31501
2018-12-07 08:45:00,60.19,60.530453
2018-12-07 09:00:00,53.32,62.31533
2018-12-07 09:15:00,58.86,56.647343
2018-12-07 09:30:00,49.5,59.259754
2018-12-07 09:45:00,48.42,53.601803
2018-12-07 10:00:00,62.78,52.093353
2018-12-07 10:15:00,48.02,55.9499
2018-12-07 10:30:00,46.22,52.27451
2018-12-07 10:45:00,57.46,52.182945
2018-12-07 11:00:00,48.78,56.56623
2018-12-07 11:15:00,47.02,52.723835
2018-12-07 11:30:00,58.0,51.84694
2018-12-07 11:45:00,51.48,56.34802
2018-12-07 12:00:00,44.28,46.274597
2018-12-07 12:15:00,26.6,7.234842
2018-12-07 12:30:00,12.49,6.689739
2018-12-07 12:45:00,9.79,6.896389
2018-12-07 13:00:00,10.76,7.826531
2018-12-07 13:15:00,44.06,45.58969
2018-12-07 13:30:00,49.82,53.88003
2018-12-07 13:45:00,54.36,52.57784
2018-12-07 14:00:00,55.98,55.19454
2018-12-07 14:15:00,56.48,55.03039
2018-12-07 14:30:00,47.41,55.27259
2018-12-07 14:45:00,47.95,51.28952
2018-12-07 15:00:00,58.86,51.773094
2018-12-07 15:15:00,50.08,55.118343
2018-12-07 15:30:00,51.88,51.63097
2018-12-07 15:45:00,53.82,53.121616
2018-12-07 16:00:00,49.9,55.352974
2018-12-07 16:15:00,57.1,52.298626
2018-12-07 16:30:00,50.33,54.469303
2018-12-07 16:45:00,68.54,53.375595
2018-12-07 17:00:00,60.12,55.492855
2018-12-07 17:15:00,72.11,55.926228
2018-12-07 17:30:00,46.33,58.800327
2018-12-07 17:45:00,34.16,30.212114
2018-12-07 18:00:00,30.35,31.865284
2018-12-07 18:15:00,42.48,41.46278
2018-12-07 18:30:00,52.85,48.419563
2018-12-07 18:45:00,58.97,52.38113
2018-12-07 19:00:00,57.17,54.981285
2018-12-07 19:15:00,44.39,56.3449
2018-12-07 19:30:00,47.84,47.09625
2018-12-07 19:45:00,54.07,49.193592
2018-12-07 20:00:00,43.38,50.427902
2018-12-07 20:15:00,57.64,46.454098
2018-12-07 20:30:00,41.72,51.10368
2018-12-07 20:45:00,31.9,38.164036
2018-12-07 21:00:00,19.69,10.641546
2018-12-07 21:15:00,5.62,5.892314
2018-12-07 21:30:00,5.62,5.3182154
2018-12-07 21:45:00,5.15,5.3727064
2018-12-07 22:00:00,4.28,5.086629
2018-12-07 22:15:00,4.0,4.140304
2018-12-07 22:30:00,4.07,3.9611866
2018-12-07 22:45:00,4.03,4.0188837
2018-12-07 23:00:00,4.0,3.997401
2018-12-07 23:15:00,3.96,3.9507618
2018-12-07 23:30:00,4.03,3.9136474
2018-12-07 23:45:00,4.0,3.9920232
2018-12-08 00:00:00,3.78,3.8095582
2018-12-08 00:15:00,4.0,3.8160584
2018-12-08 00:30:00,3.96,3.9834607
2018-12-08 00:45:00,4.0,3.8965626
2018-12-08 01:00:00,4.0,3.8693285
2018-12-08 01:15:00,5.15,4.030632
2018-12-08 01:30:00,4.79,4.647151
2018-12-08 01:45:00,3.96,4.2133007
2018-12-08 02:00:00,3.96,3.8415124
2018-12-08 02:15:00,4.1,4.0038576
2018-12-08 02:30:00,4.0,4.0705385
2018-12-08 02:45:00,4.0,4.0221725
2018-12-08 03:00:00,4.0,4.017033
2018-12-08 03:15:00,3.96,3.999228
2018-12-08 03:30:00,3.64,3.9599006
2018-12-08 03:45:00,3.38,3.7468548
2018-12-08 04:00:00,3.31,3.4039547
2018-12-08 04:15:00,3.35,3.3078818
2018-12-08 04:30:00,3.35,3.3491683
2018-12-08 04:45:00,3.42,3.3493161
2018-12-08 05:00:00,3.49,3.406925
2018-12-08 05:15:00,4.0,3.3839142
2018-12-08 05:30:00,3.53,3.5924482
2018-12-08 05:45:00,3.35,3.44296
2018-12-08 06:00:00,3.38,3.38645
2018-12-08 06:15:00,4.03,3.3776972
2018-12-08 06:30:00,4.03,3.6775067
2018-12-08 06:45:00,4.0,3.5706844
2018-12-08 07:00:00,3.78,3.5806873
2018-12-08 07:15:00,3.35,3.8534632
2018-12-08 07:30:00,3.31,3.3878365
2018-12-08 07:45:00,3.53,3.4628463
2018-12-08 08:00:00,3.67,3.7226744
2018-12-08 08:15:00,29.23,16.388876
2018-12-08 08:30:00,38.16,38.55743
2018-12-08 08:45:00,33.08,42.151684
2018-12-08 09:00:00,51.52,35.420242
2018-12-08 09:15:00,47.77,47.81909
2018-12-08 09:30:00,42.05,46.15992
2018-12-08 09:45:00,32.4,42.99087
2018-12-08 10:00:00,31.43,34.628834
2018-12-08 10:15:00,31.57,34.50042
2018-12-08 10:30:00,31.43,32.134846
2018-12-08 10:45:00,47.66,33.012253
2018-12-08 11:00:00,49.28,48.612938
2018-12-08 11:15:00,38.16,46.472378
2018-12-08 11:30:00,44.14,40.723034
2018-12-08 11:45:00,38.27,43.92696
2018-12-08 12:00:00,22.46,33.388565
2018-12-08 12:15:00,3.92,5.415138
2018-12-08 12:30:00,4.57,4.049837
2018-12-08 12:45:00,5.36,4.6627283
2018-12-08 13:00:00,6.08,5.3685484
2018-12-08 13:15:00,34.09,24.265186
2018-12-08 13:30:00,55.69,42.456047
2018-12-08 13:45:00,40.61,51.72959
2018-12-08 14:00:00,50.51,40.264732
2018-12-08 14:15:00,37.98,46.890892
2018-12-08 14:30:00,48.89,41.615715
2018-12-08 14:45:00,37.73,45.76041
2018-12-08 15:00:00,40.03,41.671932
2018-12-08 15:15:00,43.67,40.773415
2018-12-08 15:30:00,46.15,43.340275
2018-12-08 15:45:00,49.68,45.74754
2018-12-08 16:00:00,49.32,46.362705
2018-12-08 16:15:00,49.46,47.578926
2018-12-08 16:30:00,49.54,47.17334
2018-12-08 16:45:00,34.63,49.291332
2018-12-08 17:00:00,27.0,26.078072
2018-12-08 17:15:00,9.9,8.052266
2018-12-08 17:30:00,5.22,5.7066894
2018-12-08 17:45:00,5.29,4.995829
2018-12-08 18:00:00,5.22,5.008327
2018-12-08 18:15:00,5.18,4.9663734
2018-12-08 18:30:00,5.15,5.1136146
2018-12-08 18:45:00,5.33,5.0886025
2018-12-08 19:00:00,5.15,5.2407975
2018-12-08 19:15:00,4.1,5.2128587
2018-12-08 19:30:00,4.14,4.0633793
2018-12-08 19:45:00,4.1,4.226715
2018-12-08 20:00:00,4.14,4.0865164
2018-12-08 20:15:00,4.1,4.1197014
2018-12-08 20:30:00,4.03,4.074713
2018-12-08 20:45:00,4.14,4.083413
2018-12-08 21:00:00,4.1,4.1275053
2018-12-08 21:15:00,4.14,4.073373
2018-12-08 21:30:00,4.1,4.114928
2018-12-08 21:45:00,4.14,4.077644
2018-12-08 22:00:00,4.1,4.055009
2018-12-08 22:15:00,3.82,3.9468231
2018-12-08 22:30:00,3.89,3.763377
2018-12-08 22:45:00,5.0,3.9446132
2018-12-08 23:00:00,4.75,4.4602194
2018-12-08 23:15:00,3.82,4.066531
2018-12-08 23:30:00,3.71,3.7108705
2018-12-08 23:45:00,3.82,3.816087
2018-12-09 00:00:00,3.17,3.7154484
2018-12-09 00:15:00,3.74,3.2921312
2018-12-09 00:30:00,3.74,3.6778393
2018-12-09 00:45:00,3.82,3.7213566
2018-12-09 01:00:00,3.85,3.6259255
2018-12-09 01:15:00,3.78,3.8106813
2018-12-09 01:30:00,3.82,3.7430046
2018-12-09 01:45:00,3.78,3.8102505
2018-12-09 02:00:00,3.78,3.7649736
2018-12-09 02:15:00,3.17,3.7486491
2018-12-09 02:30:00,3.13,3.2119584
2018-12-09 02:45:00,3.35,3.1515725
2018-12-09 03:00:00,3.67,3.350343
2018-12-09 03:15:00,3.02,3.3664129
2018-12-09 03:30:00,3.13,3.0544782
2018-12-09 03:45:00,3.06,3.1555176
2018-12-09 04:00:00,3.06,3.061657
2018-12-09 04:15:00,3.06,3.0841491
2018-12-09 04:30:00,3.2,3.1078877
2018-12-09 04:45:00,3.78,3.390151
2018-12-09 05:00:00,3.78,3.401322
2018-12-09 05:15:00,3.74,3.3437624
2018-12-09 05:30:00,3.74,3.426777
2018-12-09 05:45:00,3.13,3.735036
2018-12-09 06:00:00,3.74,3.114345
2018-12-09 06:15:00,3.56,3.4831715
2018-12-09 06:30:00,3.1,3.4220874
2018-12-09 06:45:00,2.95,3.1002805
2018-12-09 07:00:00,3.06,2.9836833
2018-12-09 07:15:00,3.02,3.0610049
2018-12-09 07:30:00,2.95,3.050591
2018-12-09 07:45:00,3.02,3.0233612
2018-12-09 08:00:00,2.99,3.0497546
2018-12-09 08:15:00,3.13,3.1071544
2018-12-09 08:30:00,3.74,3.3072193
2018-12-09 08:45:00,3.82,3.5951304
2018-12-09 09:00:00,3.96,3.6037033
2018-12-09 09:15:00,4.03,3.722925
2018-12-09 09:30:00,3.35,3.8428352
2018-12-09 09:45:00,3.31,3.3617995
2018-12-09 10:00:00,3.89,3.36682
2018-12-09 10:15:00,4.03,3.6311405
2018-12-09 10:30:00,3.31,3.5911915
2018-12-09 10:45:00,3.35,3.2525485
2018-12-09 11:00:00,3.42,3.3272676
2018-12-09 11:15:00,3.35,3.3607383
2018-12-09 11:30:00,3.31,3.3215234
2018-12-09 11:45:00,3.38,3.2990682
2018-12-09 12:00:00,3.89,3.4141078
2018-12-09 12:15:00,4.18,3.5201595
2018-12-09 12:30:00,4.1,3.7122002
2018-12-09 12:45:00,4.1,3.6884007
2018-12-09 13:00:00,3.6,3.9714074
2018-12-09 13:15:00,3.42,3.6286433
2018-12-09 13:30:00,3.42,3.477702
2018-12-09 13:45:00,3.35,3.41514
2018-12-09 14:00:00,3.92,3.3844213
2018-12-09 14:15:00,3.78,3.6997476
2018-12-09 14:30:00,3.42,3.6271765
2018-12-09 14:45:00,3.38,3.3313975
2018-12-09 15:00:00,3.46,3.3560338
2018-12-09 15:15:00,3.42,3.449534
2018-12-09 15:30:00,3.53,3.4440632
2018-12-09 15:45:00,4.07,3.518602
2018-12-09 16:00:00,4.03,3.8045287
2018-12-09 16:15:00,4.14,3.5937183
2018-12-09 16:30:00,4.0,3.7523286
2018-12-09 16:45:00,3.31,3.981859
2018-12-09 17:00:00,3.35,3.3511078
2018-12-09 17:15:00,3.49,3.359128
2018-12-09 17:30:00,4.1,3.3889298
2018-12-09 17:45:00,3.64,3.6606283
2018-12-09 18:00:00,3.24,3.4709456
2018-12-09 18:15:00,3.28,3.198318
2018-12-09 18:30:00,3.31,3.2924705
2018-12-09 18:45:00,3.42,3.3427696
2018-12-09 19:00:00,3.64,3.4512908
2018-12-09 19:15:00,4.07,3.4793477
2018-12-09 19:30:00,4.03,3.625725
2018-12-09 19:45:00,4.03,3.5664275
2018-12-09 20:00:00,4.0,3.6907303
2018-12-09 20:15:00,3.31,3.84467
2018-12-09 20:30:00,3.31,3.292961
2018-12-09 20:45:00,3.35,3.3416884
2018-12-09 21:00:00,3.35,3.3327007
2018-12-09 21:15:00,3.67,3.3271518
2018-12-09 21:30:00,4.14,3.4517136
2018-12-09 21:45:00,3.38,3.6640146
2018-12-09 22:00:00,3.28,3.2830322
2018-12-09 22:15:00,3.13,3.2402818
2018-12-09 22:30:00,3.17,3.0698357
2018-12-09 22:45:00,3.78,3.1543317
2018-12-09 23:00:00,3.78,3.4160197
2018-12-09 23:15:00,3.74,3.3215463
2018-12-09 23:30:00,3.74,3.421463
2018-12-09 23:45:00,3.46,3.5951698
2018-12-10 00:00:00,5.36,3.6839473
2018-12-10 00:15:00,3.06,4.062394
2018-12-10 00:30:00,3.02,3.1762655
2018-12-10 00:45:00,3.31,3.1212382
2018-12-10 01:00:00,3.85,3.37549
2018-12-10 01:15:00,3.42,3.4203165
2018-12-10 01:30:00,3.1,3.1447365
2018-12-10 01:45:00,3.1,3.0756676
2018-12-10 02:00:00,3.17,3.1197994
2018-12-10 02:15:00,3.31,3.1737735
2018-12-10 02:30:00,3.82,3.2676766
2018-12-10 02:45:00,3.78,3.4542396
2018-12-10 03:00:00,3.82,3.4773054
2018-12-10 03:15:00,3.74,3.464882
2018-12-10 03:30:00,3.1,3.7054496
2018-12-10 03:45:00,3.2,3.0743933
2018-12-10 04:00:00,3.1,3.2046747
2018-12-10 04:15:00,3.13,3.1075635
2018-12-10 04:30:00,3.17,3.152271
2018-12-10 04:45:00,3.49,3.2226937
2018-12-10 05:00:00,3.74,3.4756622
2018-12-10 05:15:00,3.13,3.3612018
2018-12-10 05:30:00,3.1,3.0826483
2018-12-10 05:45:00,3.82,3.1098096
2018-12-10 06:00:00,3.82,3.4771085
2018-12-10 06:15:00,3.85,3.3771605
2018-12-10 06:30:00,3.82,3.432598
2018-12-10 06:45:00,3.46,3.7110703
2018-12-10 07:00:00,3.06,3.4305704
2018-12-10 07:15:00,3.13,3.1162834
2018-12-10 07:30:00,3.56,3.357933
2018-12-10 07:45:00,5.87,3.943793
2018-12-10 08:00:00,6.8,6.1781735
2018-12-10 08:15:00,33.48,36.585476
2018-12-10 08:30:00,61.06,57.282993
2018-12-10 08:45:00,58.36,59.008053
2018-12-10 09:00:00,68.62,62.045994
2018-12-10 09:15:00,69.23,60.16302
2018-12-10 09:30:00,70.78,62.152653
2018-12-10 09:45:00,61.74,64.98874
2018-12-10 10:00:00,72.0,64.610565
2018-12-10 10:15:00,56.2,62.32514
2018-12-10 10:30:00,56.02,59.02168
2018-12-10 10:45:00,63.9,58.362137
2018-12-10 11:00:00,68.47,60.28707
2018-12-10 11:15:00,61.56,61.859776
2018-12-10 11:30:00,70.31,61.599804
2018-12-10 11:45:00,62.42,62.963535
2018-12-10 12:00:00,44.75,58.997272
2018-12-10 12:15:00,9.11,6.725333
2018-12-10 12:30:00,10.33,5.8852973
2018-12-10 12:45:00,11.45,7.2919602
2018-12-10 13:00:00,11.09,7.514378
2018-12-10 13:15:00,42.66,42.93753
2018-12-10 13:30:00,72.9,57.86298
2018-12-10 13:45:00,71.03,63.39146
2018-12-10 14:00:00,67.32,65.673256
2018-12-10 14:15:00,64.22,64.6239
2018-12-10 14:30:00,69.91,62.78851
2018-12-10 14:45:00,51.23,64.94335
2018-12-10 15:00:00,58.39,55.641155
2018-12-10 15:15:00,69.62,57.441826
2018-12-10 15:30:00,66.71,60.06712
2018-12-10 15:45:00,65.99,60.674515
2018-12-10 16:00:00,64.98,62.271095
2018-12-10 16:15:00,64.55,62.056793
2018-12-10 16:30:00,63.72,59.870598
2018-12-10 16:45:00,66.53,59.751366
2018-12-10 17:00:00,62.57,59.457462
2018-12-10 17:15:00,63.72,59.231907
2018-12-10 17:30:00,58.64,58.19617
2018-12-10 17:45:00,60.12,33.482502
2018-12-10 18:00:00,24.73,39.91319
2018-12-10 18:15:00,5.47,25.904667
2018-12-10 18:30:00,4.5,5.390812
2018-12-10 18:45:00,4.46,4.473571
2018-12-10 19:00:00,4.46,4.499254
2018-12-10 19:15:00,4.75,4.5527287
2018-12-10 19:30:00,5.69,4.7940598
2018-12-10 19:45:00,5.62,5.6878176
2018-12-10 20:00:00,4.46,5.3084025
2018-12-10 20:15:00,4.46,4.4165525
2018-12-10 20:30:00,4.5,4.3284483
2018-12-10 20:45:00,4.43,4.30112
2018-12-10 21:00:00,4.46,4.3160872
2018-12-10 21:15:00,4.5,4.379135
2018-12-10 21:30:00,4.57,4.3814
2018-12-10 21:45:00,4.54,4.517851
2018-12-10 22:00:00,4.46,4.355349
2018-12-10 22:15:00,4.28,4.3331532
2018-12-10 22:30:00,4.25,4.129804
2018-12-10 22:45:00,4.32,4.163289
2018-12-10 23:00:00,4.18,4.1798043
2018-12-10 23:15:00,4.18,4.1325345
2018-12-10 23:30:00,4.21,4.051407
2018-12-10 23:45:00,4.28,4.184753
2018-12-11 00:00:00,4.18,4.1383977
2018-12-11 00:15:00,4.86,4.1781697
2018-12-11 00:30:00,4.21,4.455249
2018-12-11 00:45:00,4.18,4.02641
2018-12-11 01:00:00,4.21,4.1309557
2018-12-11 01:15:00,4.32,4.091464
2018-12-11 01:30:00,4.25,4.1603518
2018-12-11 01:45:00,4.18,4.1871657
2018-12-11 02:00:00,4.21,4.123216
2018-12-11 02:15:00,4.28,4.1312423
2018-12-11 02:30:00,4.25,4.131734
2018-12-11 02:45:00,4.21,4.1650743
2018-12-11 03:00:00,3.56,4.1383276
2018-12-11 03:15:00,3.56,3.699879
2018-12-11 03:30:00,3.53,3.622933
2018-12-11 03:45:00,3.53,3.5575821
2018-12-11 04:00:00,3.85,3.5531242
2018-12-11 04:15:00,4.18,3.7335076
2018-12-11 04:30:00,3.49,3.7587905
2018-12-11 04:45:00,3.56,3.4663024
2018-12-11 05:00:00,3.56,3.5350769
2018-12-11 05:15:00,3.74,3.5278103
2018-12-11 05:30:00,4.18,3.641599
2018-12-11 05:45:00,4.25,3.7408965
2018-12-11 06:00:00,4.28,3.7707875
2018-12-11 06:15:00,3.56,3.9269834
2018-12-11 06:30:00,3.53,3.5634515
2018-12-11 06:45:00,3.6,3.5560787
2018-12-11 07:00:00,3.49,3.5509098
2018-12-11 07:15:00,4.1,3.4635324
2018-12-11 07:30:00,4.07,4.356517
2018-12-11 07:45:00,4.86,4.3447695
2018-12-11 08:00:00,14.83,5.283485
2018-12-11 08:15:00,44.21,39.434723
2018-12-11 08:30:00,54.04,62.842476
2018-12-11 08:45:00,61.74,58.802235
2018-12-11 09:00:00,69.48,63.416573
2018-12-11 09:15:00,75.38,59.556656
2018-12-11 09:30:00,71.82,66.74975
2018-12-11 09:45:00,71.24,69.37524
2018-12-11 10:00:00,54.86,68.02825
2018-12-11 10:15:00,66.13,58.470745
2018-12-11 10:30:00,73.08,59.967
2018-12-11 10:45:00,77.51,62.608246
2018-12-11 11:00:00,72.54,73.21732
2018-12-11 11:15:00,63.83,70.60328
2018-12-11 11:30:00,67.07,67.49047
2018-12-11 11:45:00,84.24,62.518375
2018-12-11 12:00:00,72.79,73.092705
2018-12-11 12:15:00,7.96,10.642874
2018-12-11 12:30:00,5.8,7.049037
2018-12-11 12:45:00,6.98,6.4079275
2018-12-11 13:00:00,6.95,7.557571
2018-12-11 13:15:00,38.45,43.57407
2018-12-11 13:30:00,59.36,62.980053
2018-12-11 13:45:00,66.02,57.64627
2018-12-11 14:00:00,80.28,63.211433
2018-12-11 14:15:00,75.53,76.46464
2018-12-11 14:30:00,72.0,71.843254
2018-12-11 14:45:00,72.61,71.18017
2018-12-11 15:00:00,78.55,70.57862
2018-12-11 15:15:00,73.98,76.19416
2018-12-11 15:30:00,76.79,72.092255
2018-12-11 15:45:00,80.46,74.28691
2018-12-11 16:00:00,68.11,76.02612
2018-12-11 16:15:00,71.68,68.98797
2018-12-11 16:30:00,69.8,68.36571
2018-12-11 16:45:00,75.46,67.862366
2018-12-11 17:00:00,70.27,70.207275
2018-12-11 17:15:00,78.48,69.30475
2018-12-11 17:30:00,66.78,72.216606
2018-12-11 17:45:00,32.11,41.329685
2018-12-11 18:00:00,31.25,31.346445
2018-12-11 18:15:00,36.4,47.032463
2018-12-11 18:30:00,39.56,46.513573
2018-12-11 18:45:00,51.44,41.95094
2018-12-11 19:00:00,51.52,50.252632
2018-12-11 19:15:00,53.57,50.705475
2018-12-11 19:30:00,52.81,52.64559
2018-12-11 19:45:00,52.38,52.019035
2018-12-11 20:00:00,53.21,51.116943
2018-12-11 20:15:00,51.91,52.33743
2018-12-11 20:30:00,53.46,48.45131
2018-12-11 20:45:00,32.36,45.38814
2018-12-11 21:00:00,28.37,18.288904
2018-12-11 21:15:00,6.77,9.2792225
2018-12-11 21:30:00,5.69,5.4551344
2018-12-11 21:45:00,5.8,5.363579
2018-12-11 22:00:00,5.69,5.3681736
2018-12-11 22:15:00,5.47,5.368469
2018-12-11 22:30:00,5.44,5.0657535
2018-12-11 22:45:00,4.97,5.22842
2018-12-11 23:00:00,4.36,4.8740215
2018-12-11 23:15:00,4.25,4.120043
2018-12-11 23:30:00,4.21,4.075332
2018-12-11 23:45:00,4.14,4.163539
2018-12-12 00:00:00,4.21,7.1804113
2018-12-12 00:15:00,4.21,4.428681
2018-12-12 00:30:00,4.14,4.1908965
2018-12-12 00:45:00,4.14,4.128287
2018-12-12 01:00:00,4.14,4.137181
2018-12-12 01:15:00,4.21,4.0866957
2018-12-12 01:30:00,4.18,4.1824083
2018-12-12 01:45:00,4.75,4.130088
2018-12-12 02:00:00,5.33,4.471816
2018-12-12 02:15:00,4.25,4.7393475
2018-12-12 02:30:00,4.25,4.0378423
2018-12-12 02:45:00,4.18,4.181114
2018-12-12 03:00:00,4.21,4.094895
2018-12-12 03:15:00,4.18,4.1221666
2018-12-12 03:30:00,4.18,4.0987062
2018-12-12 03:45:00,4.25,4.101407
2018-12-12 04:00:00,4.18,4.10444
2018-12-12 04:15:00,4.03,4.1017666
2018-12-12 04:30:00,3.46,4.0651455
2018-12-12 04:45:00,3.46,3.500211
2018-12-12 05:00:00,3.53,3.5021613
2018-12-12 05:15:00,3.46,3.5192738
2018-12-12 05:30:00,3.49,3.4599528
2018-12-12 05:45:00,4.0,3.428843
2018-12-12 06:00:00,4.25,3.808998
2018-12-12 06:15:00,3.85,3.7634587
2018-12-12 06:30:00,3.42,3.600168
2018-12-12 06:45:00,3.42,3.5005774
2018-12-12 07:00:00,3.96,3.4820275
2018-12-12 07:15:00,4.1,3.8141503
2018-12-12 07:30:00,4.32,4.0648823
2018-12-12 07:45:00,5.83,4.60993
2018-12-12 08:00:00,5.8,6.613894
2018-12-12 08:15:00,36.86,37.392464
2018-12-12 08:30:00,60.37,62.114063
2018-12-12 08:45:00,66.46,60.61179
2018-12-12 09:00:00,69.05,66.032036
2018-12-12 09:15:00,63.86,63.37582
2018-12-12 09:30:00,65.59,64.149506
2018-12-12 09:45:00,60.98,63.9202
2018-12-12 10:00:00,65.74,60.591156
2018-12-12 10:15:00,57.17,60.138634
2018-12-12 10:30:00,64.55,59.323803
2018-12-12 10:45:00,53.42,61.076515
2018-12-12 11:00:00,65.88,58.426308
2018-12-12 11:15:00,57.71,60.316956
2018-12-12 11:30:00,59.76,59.375713
2018-12-12 11:45:00,79.85,57.146297
2018-12-12 12:00:00,49.64,66.28527
2018-12-12 12:15:00,27.97,8.837012
2018-12-12 12:30:00,29.74,9.884411
2018-12-12 12:45:00,29.56,24.53435
2018-12-12 13:00:00,29.3,26.606487
2018-12-12 13:15:00,58.86,37.28132
2018-12-12 13:30:00,61.78,57.446716
2018-12-12 13:45:00,77.0,59.667572
2018-12-12 14:00:00,65.56,71.864365
2018-12-12 14:15:00,86.51,65.03336
2018-12-12 14:30:00,60.44,78.328865
2018-12-12 14:45:00,64.8,64.06346
2018-12-12 15:00:00,72.18,64.582115
2018-12-12 15:15:00,69.08,66.69773
2018-12-12 15:30:00,66.17,64.87535
2018-12-12 15:45:00,61.67,65.23924
2018-12-12 16:00:00,70.6,59.962227
2018-12-12 16:15:00,68.36,65.32353
2018-12-12 16:30:00,75.1,64.1051
2018-12-12 16:45:00,66.13,69.027725
2018-12-12 17:00:00,70.7,65.83625
2018-12-12 17:15:00,60.7,65.48818
2018-12-12 17:30:00,57.92,59.81502
2018-12-12 17:45:00,32.9,34.800377
2018-12-12 18:00:00,30.53,30.486609
2018-12-12 18:15:00,49.9,37.170235
2018-12-12 18:30:00,67.25,57.090477
2018-12-12 18:45:00,69.37,58.302147
2018-12-12 19:00:00,65.99,60.619152
2018-12-12 19:15:00,66.02,59.45494
2018-12-12 19:30:00,60.19,58.871067
2018-12-12 19:45:00,58.54,56.891926
2018-12-12 20:00:00,61.85,55.82596
2018-12-12 20:15:00,67.07,55.670956
2018-12-12 20:30:00,58.82,56.89971
2018-12-12 20:45:00,53.35,49.554005
2018-12-12 21:00:00,30.35,29.668003
2018-12-12 21:15:00,12.2,14.085312
2018-12-12 21:30:00,5.8,5.326443
2018-12-12 21:45:00,5.76,5.373784
2018-12-12 22:00:00,5.65,5.3839192
2018-12-12 22:15:00,5.04,5.249728
2018-12-12 22:30:00,4.25,4.7207537
2018-12-12 22:45:00,4.25,4.2028575
2018-12-12 23:00:00,4.21,4.171156
2018-12-12 23:15:00,4.14,4.107274
2018-12-12 23:30:00,4.1,4.0979342
2018-12-12 23:45:00,4.1,4.1181226
2018-12-13 00:00:00,5.26,5.4466534
2018-12-13 00:15:00,4.1,4.4693832
2018-12-13 00:30:00,4.18,4.0007324
2018-12-13 00:45:00,4.21,4.153063
2018-12-13 01:00:00,4.14,4.1803036
2018-12-13 01:15:00,4.28,4.12719
2018-12-13 01:30:00,4.18,4.2106357
2018-12-13 01:45:00,4.25,4.204237
2018-12-13 02:00:00,5.36,4.1890626
2018-12-13 02:15:00,4.79,4.8300486
2018-12-13 02:30:00,4.25,4.368554
2018-12-13 02:45:00,4.18,4.057634
2018-12-13 03:00:00,4.21,4.093194
2018-12-13 03:15:00,4.18,4.097533
2018-12-13 03:30:00,4.21,4.0877113
2018-12-13 03:45:00,4.21,4.1251388
2018-12-13 04:00:00,4.21,4.120699
2018-12-13 04:15:00,4.18,4.1318126
2018-12-13 04:30:00,4.21,4.1051655
2018-12-13 04:45:00,4.21,4.153791
2018-12-13 05:00:00,4.18,4.129342
2018-12-13 05:15:00,3.67,4.098124
2018-12-13 05:30:00,3.42,3.8348987
2018-12-13 05:45:00,3.89,3.497558
2018-12-13 06:00:00,4.32,3.8344913
2018-12-13 06:15:00,3.46,3.8341484
2018-12-13 06:30:00,3.38,3.4803035
2018-12-13 06:45:00,3.38,3.4191704
2018-12-13 07:00:00,3.42,3.3667834
2018-12-13 07:15:00,3.42,3.4133978
2018-12-13 07:30:00,3.71,3.8515851
2018-12-13 07:45:00,5.69,4.1621113
2018-12-13 08:00:00,6.23,6.5086274
2018-12-13 08:15:00,35.57,37.76881
2018-12-13 08:30:00,72.86,60.469
2018-12-13 08:45:00,61.74,72.11465
2018-12-13 09:00:00,76.36,67.810524
2018-12-13 09:15:00,63.11,76.49978
2018-12-13 09:30:00,65.66,68.57874
2018-12-13 09:45:00,72.07,64.15378
2018-12-13 10:00:00,56.84,67.48177
2018-12-13 10:15:00,69.3,58.38393
2018-12-13 10:30:00,65.66,62.82157
2018-12-13 10:45:00,85.43,62.98114
2018-12-13 11:00:00,53.17,75.82986
2018-12-13 11:15:00,55.4,59.822548
2018-12-13 11:30:00,60.08,58.18924
2018-12-13 11:45:00,58.0,57.091682
2018-12-13 12:00:00,51.3,50.31167
2018-12-13 12:15:00,11.38,10.156567
2018-12-13 12:30:00,10.91,6.567823
2018-12-13 12:45:00,30.1,8.016346
2018-12-13 13:00:00,36.4,33.790745
2018-12-13 13:15:00,41.69,44.366337
2018-12-13 13:30:00,56.92,45.485847
2018-12-13 13:45:00,46.66,55.01695
2018-12-13 14:00:00,52.52,50.680084
2018-12-13 14:15:00,58.25,53.90844
2018-12-13 14:30:00,72.61,56.633575
2018-12-13 14:45:00,66.24,62.06215
2018-12-13 15:00:00,73.08,63.451824
2018-12-13 15:15:00,60.52,66.016846
2018-12-13 15:30:00,59.87,61.63013
2018-12-13 15:45:00,63.5,58.329998
2018-12-13 16:00:00,60.52,59.79386
2018-12-13 16:15:00,88.92,58.72334
2018-12-13 16:30:00,105.37,77.50851
2018-12-13 16:45:00,102.89,88.41254
2018-12-13 17:00:00,77.83,98.34832
2018-12-13 17:15:00,67.18,96.43595
2018-12-13 17:30:00,70.13,69.94996
2018-12-13 17:45:00,31.72,39.783768
2018-12-13 18:00:00,31.5,30.717772
2018-12-13 18:15:00,54.79,43.72695
2018-12-13 18:30:00,77.04,62.507885
2018-12-13 18:45:00,79.63,77.518814
2018-12-13 19:00:00,80.46,84.03519
2018-12-13 19:15:00,71.89,82.350784
2018-12-13 19:30:00,78.52,71.37592
2018-12-13 19:45:00,52.31,78.365746
2018-12-13 20:00:00,61.16,59.8499
2018-12-13 20:15:00,61.6,59.222534
2018-12-13 20:30:00,49.68,58.22362
2018-12-13 20:45:00,41.54,42.293118
2018-12-13 21:00:00,20.16,28.145876
2018-12-13 21:15:00,6.16,5.993265
2018-12-13 21:30:00,5.69,5.5638533
2018-12-13 21:45:00,5.69,5.430133
2018-12-13 22:00:00,5.65,5.5158367
2018-12-13 22:15:00,5.47,5.365729
2018-12-13 22:30:00,5.4,5.110085
2018-12-13 22:45:00,5.36,5.211617
2018-12-13 23:00:00,5.36,5.1793146
2018-12-13 23:15:00,5.26,5.0382624
2018-12-13 23:30:00,5.22,5.022035
2018-12-13 23:45:00,5.18,5.0207977
2018-12-14 00:00:00,4.1,7.058694
2018-12-14 00:15:00,5.33,4.3570976
2018-12-14 00:30:00,5.29,5.1170087
2018-12-14 00:45:00,5.26,4.8594484
2018-12-14 01:00:00,5.29,4.7596607
2018-12-14 01:15:00,5.26,5.0390534
2018-12-14 01:30:00,5.36,5.0324163
2018-12-14 01:45:00,5.33,5.0512967
2018-12-14 02:00:00,4.79,5.088462
2018-12-14 02:15:00,4.14,4.5898275
2018-12-14 02:30:00,4.18,4.1278267
2018-12-14 02:45:00,4.21,4.194402
2018-12-14 03:00:00,4.18,4.2025366
2018-12-14 03:15:00,4.25,4.1494513
2018-12-14 03:30:00,4.18,4.108628
2018-12-14 03:45:00,4.14,4.0976024
2018-12-14 04:00:00,4.28,4.0812263
2018-12-14 04:15:00,4.18,4.1855702
2018-12-14 04:30:00,4.18,4.1288886
2018-12-14 04:45:00,4.1,4.108177
2018-12-14 05:00:00,4.46,4.0873904
2018-12-14 05:15:00,5.4,4.2242584
2018-12-14 05:30:00,4.5,4.865197
2018-12-14 05:45:00,4.18,4.08292
2018-12-14 06:00:00,4.14,4.030125
2018-12-14 06:15:00,4.14,4.091874
2018-12-14 06:30:00,3.49,4.0823426
2018-12-14 06:45:00,3.42,3.570142
2018-12-14 07:00:00,3.35,3.4758184
2018-12-14 07:15:00,3.35,3.4018025
2018-12-14 07:30:00,4.25,3.6692977
2018-12-14 07:45:00,6.52,4.5346413
2018-12-14 08:00:00,7.38,6.9657016
2018-12-14 08:15:00,36.22,42.636593
2018-12-14 08:30:00,94.18,60.70938
2018-12-14 08:45:00,97.88,94.975296
2018-12-14 09:00:00,134.5,99.29026
2018-12-14 09:15:00,93.67,103.98921
2018-12-14 09:30:00,109.26,109.79027
2018-12-14 09:45:00,128.34,97.97893
2018-12-14 10:00:00,81.47,99.41393
2018-12-14 10:15:00,109.69,106.11108
2018-12-14 10:30:00,120.67,92.23011
2018-12-14 10:45:00,92.81,95.10994
2018-12-14 11:00:00,91.58,105.12632
2018-12-14 11:15:00,104.9,96.12955
2018-12-14 11:30:00,124.2,94.60297
2018-12-14 11:45:00,88.85,99.341576
2018-12-14 12:00:00,132.01,101.94193
2018-12-14 12:15:00,13.61,14.550886
2018-12-14 12:30:00,9.86,7.5009627
2018-12-14 12:45:00,9.61,8.954162
2018-12-14 13:00:00,9.43,10.620886
2018-12-14 13:15:00,86.98,59.211353
2018-12-14 13:30:00,74.66,102.27461
2018-12-14 13:45:00,116.42,84.56448
2018-12-14 14:00:00,107.57,103.17171
2018-12-14 14:15:00,103.82,104.752426
2018-12-14 14:30:00,114.73,102.41303
2018-12-14 14:45:00,84.74,94.75438
2018-12-14 15:00:00,109.4,101.65696
2018-12-14 15:15:00,125.21,94.6318
2018-12-14 15:30:00,89.35,97.94582
2018-12-14 15:45:00,122.26,104.946915
2018-12-14 16:00:00,114.66,92.33705
2018-12-14 16:15:00,96.8,103.520836
2018-12-14 16:30:00,118.12,98.05101
2018-12-14 16:45:00,133.2,91.77649
2018-12-14 17:00:00,102.64,99.80022
2018-12-14 17:15:00,63.94,100.178444
2018-12-14 17:30:00,62.64,68.6525
2018-12-14 17:45:00,37.94,44.11097
2018-12-14 18:00:00,32.62,30.754103
2018-12-14 18:15:00,29.63,42.924366
2018-12-14 18:30:00,26.57,38.570026
2018-12-14 18:45:00,26.35,30.621374
2018-12-14 19:00:00,26.32,32.350376
2018-12-14 19:15:00,26.39,29.226505
2018-12-14 19:30:00,26.64,30.1404
2018-12-14 19:45:00,28.44,27.298923
2018-12-14 20:00:00,30.46,27.501034
2018-12-14 20:15:00,29.88,29.389578
2018-12-14 20:30:00,30.06,29.32907
2018-12-14 20:45:00,31.93,29.690344
2018-12-14 21:00:00,28.66,23.578564
2018-12-14 21:15:00,5.76,19.943968
2018-12-14 21:30:00,5.8,5.4129276
2018-12-14 21:45:00,5.72,5.4517527
2018-12-14 22:00:00,5.69,5.41874
2018-12-14 22:15:00,5.4,5.5305
2018-12-14 22:30:00,5.33,5.1577106
2018-12-14 22:45:00,5.33,5.2717776
2018-12-14 23:00:00,5.33,5.209312
2018-12-14 23:15:00,4.86,5.0584164
2018-12-14 23:30:00,4.03,4.6264515
2018-12-14 23:45:00,4.03,4.053682
2018-12-15 00:00:00,3.28,4.166239
2018-12-15 00:15:00,4.14,4.0271316
2018-12-15 00:30:00,4.1,4.070099
2018-12-15 00:45:00,4.07,3.9277592
2018-12-15 01:00:00,4.14,3.685756
2018-12-15 01:15:00,4.14,4.1070523
2018-12-15 01:30:00,4.14,4.1044445
2018-12-15 01:45:00,4.14,4.1424513
2018-12-15 02:00:00,4.1,4.0975404
2018-12-15 02:15:00,4.1,4.1342335
2018-12-15 02:30:00,4.21,4.0675693
2018-12-15 02:45:00,4.1,4.1977057
2018-12-15 03:00:00,4.18,4.0538926
2018-12-15 03:15:00,4.82,4.194039
2018-12-15 03:30:00,5.26,4.5402327
2018-12-15 03:45:00,4.18,4.585483
2018-12-15 04:00:00,4.14,3.9871304
2018-12-15 04:15:00,4.14,4.15832
2018-12-15 04:30:00,3.82,4.0859814
2018-12-15 04:45:00,3.46,3.9268456
2018-12-15 05:00:00,3.49,3.5246847
2018-12-15 05:15:00,3.42,3.4938622
2018-12-15 05:30:00,3.42,3.4027689
2018-12-15 05:45:00,3.42,3.4494233
2018-12-15 06:00:00,3.38,3.4383564
2018-12-15 06:15:00,3.46,3.3763096
2018-12-15 06:30:00,3.42,3.4205282
2018-12-15 06:45:00,3.49,3.4334772
2018-12-15 07:00:00,4.57,3.4035742
2018-12-15 07:15:00,4.43,4.078275
2018-12-15 07:30:00,4.1,3.9045827
2018-12-15 07:45:00,4.07,3.9958925
2018-12-15 08:00:00,3.64,4.117954
2018-12-15 08:15:00,3.35,32.822086
2018-12-15 08:30:00,3.35,4.819333
2018-12-15 08:45:00,3.38,3.8610175
2018-12-15 09:00:00,3.49,3.8866081
2018-12-15 09:15:00,3.56,4.0540924
2018-12-15 09:30:00,3.38,3.7123144
2018-12-15 09:45:00,3.42,3.5430355
2018-12-15 10:00:00,3.35,3.6458008
2018-12-15 10:15:00,3.35,3.80446
2018-12-15 10:30:00,3.35,3.5879986
2018-12-15 10:45:00,4.97,3.5009472
2018-12-15 11:00:00,5.36,5.606778
2018-12-15 11:15:00,4.28,6.4559555
2018-12-15 11:30:00,4.18,4.327774
2018-12-15 11:45:00,3.35,4.3147373
2018-12-15 12:00:00,3.38,4.0318494
2018-12-15 12:15:00,3.42,3.3973813
2018-12-15 12:30:00,3.42,3.445283
2018-12-15 12:45:00,3.42,3.4648938
2018-12-15 13:00:00,3.38,3.4775681
2018-12-15 13:15:00,3.31,3.4923236
2018-12-15 13:30:00,3.35,3.3879147
2018-12-15 13:45:00,3.38,3.6120565
2018-12-15 14:00:00,3.31,3.4880002
2018-12-15 14:15:00,3.82,3.343148
2018-12-15 14:30:00,4.1,3.5907981
2018-12-15 14:45:00,4.07,3.781673
2018-12-15 15:00:00,4.21,3.720848
2018-12-15 15:15:00,3.74,4.3027887
2018-12-15 15:30:00,3.74,3.839105
2018-12-15 15:45:00,3.96,3.7743695
2018-12-15 16:00:00,3.28,3.8405063
2018-12-15 16:15:00,3.35,3.3266923
2018-12-15 16:30:00,3.28,3.2896528
2018-12-15 16:45:00,3.24,3.3062685
2018-12-15 17:00:00,3.28,3.3453045
2018-12-15 17:15:00,3.28,3.3265955
2018-12-15 17:30:00,3.35,3.3413377
2018-12-15 17:45:00,4.18,3.3712714
2018-12-15 18:00:00,4.1,3.6149755
2018-12-15 18:15:00,4.1,3.4821727
2018-12-15 18:30:00,4.1,3.5718088
2018-12-15 18:45:00,4.03,4.057188
2018-12-15 19:00:00,4.28,4.0149984
2018-12-15 19:15:00,3.49,4.0962963
2018-12-15 19:30:00,3.38,3.450652
2018-12-15 19:45:00,3.35,3.413975
2018-12-15 20:00:00,3.38,3.3586755
2018-12-15 20:15:00,3.46,3.3857553
2018-12-15 20:30:00,3.42,3.4259572
2018-12-15 20:45:00,3.35,3.404599
2018-12-15 21:00:00,3.38,3.374829
2018-12-15 21:15:00,3.96,3.3928342
2018-12-15 21:30:00,4.28,3.612102
2018-12-15 21:45:00,4.25,3.638059
2018-12-15 22:00:00,4.18,3.584261
2018-12-15 22:15:00,3.74,3.895187
2018-12-15 22:30:00,3.31,3.580302
2018-12-15 22:45:00,4.07,3.3138525
2018-12-15 23:00:00,3.56,3.7702549
2018-12-15 23:15:00,3.17,3.5109832
2018-12-15 23:30:00,3.24,3.1804402
2018-12-15 23:45:00,3.2,3.2547998
2018-12-16 00:00:00,4.21,3.2703176
2018-12-16 00:15:00,3.24,3.4071717
2018-12-16 00:30:00,3.28,3.2651231
2018-12-16 00:45:00,3.28,3.281401
2018-12-16 01:00:00,3.85,3.301787
2018-12-16 01:15:00,4.18,3.4518118
2018-12-16 01:30:00,4.07,3.5768883
2018-12-16 01:45:00,4.07,3.5706105
2018-12-16 02:00:00,3.92,3.9562037
2018-12-16 02:15:00,3.28,3.8648803
2018-12-16 02:30:00,3.42,3.2919683
2018-12-16 02:45:00,3.53,3.4264536
2018-12-16 03:00:00,4.14,3.4796946
2018-12-16 03:15:00,3.56,3.6961079
2018-12-16 03:30:00,3.35,3.526947
2018-12-16 03:45:00,3.38,3.3130298
2018-12-16 04:00:00,3.42,3.348314
2018-12-16 04:15:00,3.42,3.4169736
2018-12-16 04:30:00,3.42,3.3946464
2018-12-16 04:45:00,3.38,3.4387217
2018-12-16 05:00:00,4.07,3.368957
2018-12-16 05:15:00,4.14,3.5789056
2018-12-16 05:30:00,4.07,3.5504625
2018-12-16 05:45:00,4.07,3.5078087
2018-12-16 06:00:00,3.53,3.970426
2018-12-16 06:15:00,3.31,3.5044377
2018-12-16 06:30:00,3.35,3.3449752
2018-12-16 06:45:00,3.64,3.313973
2018-12-16 07:00:00,4.07,3.5335135
2018-12-16 07:15:00,3.38,3.7181103
2018-12-16 07:30:00,3.28,3.3592176
2018-12-16 07:45:00,3.89,3.3747087
2018-12-16 08:00:00,3.96,3.7642303
2018-12-16 08:15:00,39.35,3.8807275
2018-12-16 08:30:00,63.54,69.01069
2018-12-16 08:45:00,65.02,62.909847
2018-12-16 09:00:00,63.79,71.88151
2018-12-16 09:15:00,61.7,62.621574
2018-12-16 09:30:00,64.8,64.09122
2018-12-16 09:45:00,51.16,64.68643
2018-12-16 10:00:00,55.01,49.626255
2018-12-16 10:15:00,61.81,55.36095
2018-12-16 10:30:00,72.18,58.42963
2018-12-16 10:45:00,54.86,57.614227
2018-12-16 11:00:00,66.78,57.043644
2018-12-16 11:15:00,69.95,58.19339
2018-12-16 11:30:00,53.35,62.718643
2018-12-16 11:45:00,55.51,56.32406
2018-12-16 12:00:00,11.81,57.232216
2018-12-16 12:15:00,5.65,6.082356
2018-12-16 12:30:00,5.54,5.355907
2018-12-16 12:45:00,5.44,5.4865236
2018-12-16 13:00:00,5.33,5.536289
2018-12-16 13:15:00,36.47,24.571861
2018-12-16 13:30:00,63.72,52.956676
2018-12-16 13:45:00,64.8,60.378326
2018-12-16 14:00:00,61.85,62.928238
2018-12-16 14:15:00,57.89,58.791416
2018-12-16 14:30:00,54.36,59.35785
2018-12-16 14:45:00,47.38,55.86872
2018-12-16 15:00:00,43.49,47.81972
2018-12-16 15:15:00,45.4,45.431732
2018-12-16 15:30:00,60.55,48.06397
2018-12-16 15:45:00,48.42,54.472675
2018-12-16 16:00:00,63.22,48.736645
2018-12-16 16:15:00,62.64,55.38286
2018-12-16 16:30:00,66.02,58.481155
2018-12-16 16:45:00,35.42,61.389565
2018-12-16 17:00:00,9.11,22.078255
2018-12-16 17:15:00,8.06,4.7723813
2018-12-16 17:30:00,7.74,5.0863223
2018-12-16 17:45:00,7.85,5.7272987
2018-12-16 18:00:00,6.73,6.429985
2018-12-16 18:15:00,5.22,5.6859155
2018-12-16 18:30:00,5.69,4.68396
2018-12-16 18:45:00,5.72,5.133601
2018-12-16 19:00:00,5.69,5.223615
2018-12-16 19:15:00,5.72,5.420915
2018-12-16 19:30:00,5.44,5.558123
2018-12-16 19:45:00,4.46,5.3229885
2018-12-16 20:00:00,4.5,4.3260655
2018-12-16 20:15:00,4.46,4.303233
2018-12-16 20:30:00,4.5,4.257014
2018-12-16 20:45:00,4.54,4.3906927
2018-12-16 21:00:00,4.46,4.4158554
2018-12-16 21:15:00,4.5,4.3654556
2018-12-16 21:30:00,4.5,4.4065843
2018-12-16 21:45:00,4.57,4.4189334
2018-12-16 22:00:00,4.57,4.466848
2018-12-16 22:15:00,4.25,4.4486074
2018-12-16 22:30:00,4.25,4.09859
2018-12-16 22:45:00,4.18,4.160721
2018-12-16 23:00:00,5.44,4.1238985
2018-12-16 23:15:00,4.82,4.864653
2018-12-16 23:30:00,4.14,4.349644
2018-12-16 23:45:00,4.18,3.9937415
2018-12-17 00:00:00,4.57,4.6494007
2018-12-17 00:15:00,4.25,4.280128
2018-12-17 00:30:00,4.18,4.048298
2018-12-17 00:45:00,4.21,4.143169
2018-12-17 01:00:00,4.21,4.1941566
2018-12-17 01:15:00,4.21,4.2143965
2018-12-17 01:30:00,4.36,4.2065454
2018-12-17 01:45:00,4.28,4.2370386
2018-12-17 02:00:00,4.28,4.236987
2018-12-17 02:15:00,4.28,4.234848
2018-12-17 02:30:00,3.71,4.2439265
2018-12-17 02:45:00,4.32,3.8063855
2018-12-17 03:00:00,3.82,4.317542
2018-12-17 03:15:00,3.53,3.7405624
2018-12-17 03:30:00,3.53,3.560804
2018-12-17 03:45:00,3.53,3.5977194
2018-12-17 04:00:00,3.6,3.5984335
2018-12-17 04:15:00,3.53,3.5740492
2018-12-17 04:30:00,3.53,3.5441508
2018-12-17 04:45:00,4.1,3.5907037
2018-12-17 05:00:00,4.25,3.8156993
2018-12-17 05:15:00,4.28,3.6815395
2018-12-17 05:30:00,4.25,3.72143
2018-12-17 05:45:00,3.64,4.1415563
2018-12-17 06:00:00,3.49,3.6807706
2018-12-17 06:15:00,3.46,3.4930034
2018-12-17 06:30:00,4.32,3.4719954
2018-12-17 06:45:00,3.6,3.984156
2018-12-17 07:00:00,3.42,3.5525942
2018-12-17 07:15:00,3.49,3.4711955
2018-12-17 07:30:00,4.36,3.8120232
2018-12-17 07:45:00,6.19,4.5560026
2018-12-17 08:00:00,6.3,6.9518147
2018-12-17 08:15:00,6.48,38.929344
2018-12-17 08:30:00,53.35,27.665148
2018-12-17 08:45:00,46.94,77.62301
2018-12-17 09:00:00,52.06,57.68978
2018-12-17 09:15:00,54.83,59.69449
2018-12-17 09:30:00,56.12,58.864777
2018-12-17 09:45:00,58.0,58.849106
2018-12-17 10:00:00,50.08,58.403362
2018-12-17 10:15:00,46.04,55.479504
2018-12-17 10:30:00,49.54,53.842674
2018-12-17 10:45:00,54.14,53.422268
2018-12-17 11:00:00,53.78,55.575195
2018-12-17 11:15:00,52.67,56.220245
2018-12-17 11:30:00,55.84,55.4567
2018-12-17 11:45:00,49.64,56.661983
2018-12-17 12:00:00,54.5,50.737873
2018-12-17 12:15:00,11.12,12.6015625
2018-12-17 12:30:00,7.06,7.2754374
2018-12-17 12:45:00,7.13,7.5089493
2018-12-17 13:00:00,8.21,7.817508
2018-12-17 13:15:00,33.26,40.636772
2018-12-17 13:30:00,56.99,57.95796
2018-12-17 13:45:00,56.59,56.47577
2018-12-17 14:00:00,55.08,57.30843
2018-12-17 14:15:00,51.05,55.250957
2018-12-17 14:30:00,47.95,53.639942
2018-12-17 14:45:00,57.82,52.55055
2018-12-17 15:00:00,59.11,54.721233
2018-12-17 15:15:00,60.62,55.609383
2018-12-17 15:30:00,53.6,56.918358
2018-12-17 15:45:00,60.44,57.0274
2018-12-17 16:00:00,67.5,57.54399
2018-12-17 16:15:00,85.86,60.43622
2018-12-17 16:30:00,82.33,75.4102
2018-12-17 16:45:00,59.8,81.10706
2018-12-17 17:00:00,60.37,61.41864
2018-12-17 17:15:00,56.38,60.653973
2018-12-17 17:30:00,52.99,57.0263
2018-12-17 17:45:00,35.35,35.717644
2018-12-17 18:00:00,31.32,32.180706
2018-12-17 18:15:00,16.09,35.033974
2018-12-17 18:30:00,6.37,6.698337
2018-12-17 18:45:00,5.8,5.811517
2018-12-17 19:00:00,5.54,5.740717
2018-12-17 19:15:00,5.54,5.7338834
2018-12-17 19:30:00,5.62,5.6221385
2018-12-17 19:45:00,5.54,5.4561
2018-12-17 20:00:00,5.62,5.316388
2018-12-17 20:15:00,5.54,5.32923
2018-12-17 20:30:00,4.75,5.3012714
2018-12-17 20:45:00,4.46,4.6851234
2018-12-17 21:00:00,4.46,4.2618675
2018-12-17 21:15:00,4.43,4.263542
2018-12-17 21:30:00,4.43,4.255019
2018-12-17 21:45:00,4.46,4.3040237
2018-12-17 22:00:00,4.46,4.3592567
2018-12-17 22:15:00,4.14,4.297296
2018-12-17 22:30:00,4.18,4.03745
2018-12-17 22:45:00,4.21,4.1187963
2018-12-17 23:00:00,4.18,4.1436234
2018-12-17 23:15:00,4.14,4.067352
2018-12-17 23:30:00,4.07,4.0740323
2018-12-17 23:45:00,4.07,4.0493455
2018-12-18 00:00:00,4.14,4.320322
2018-12-18 00:15:00,5.22,4.1067266
2018-12-18 00:30:00,4.68,4.631311
2018-12-18 00:45:00,4.14,4.175616
2018-12-18 01:00:00,4.1,4.0574665
2018-12-18 01:15:00,4.18,4.058467
2018-12-18 01:30:00,4.07,4.172987
2018-12-18 01:45:00,4.18,4.0656667
2018-12-18 02:00:00,4.1,4.118636
2018-12-18 02:15:00,4.18,4.0309253
2018-12-18 02:30:00,4.14,4.108791
2018-12-18 02:45:00,4.21,4.1301274
2018-12-18 03:00:00,4.18,4.177706
2018-12-18 03:15:00,3.6,4.1463003
2018-12-18 03:30:00,3.42,3.7084372
2018-12-18 03:45:00,3.42,3.501275
2018-12-18 04:00:00,3.38,3.4330125
2018-12-18 04:15:00,3.42,3.430883
2018-12-18 04:30:00,3.71,3.4161146
2018-12-18 04:45:00,4.18,3.5798643
2018-12-18 05:00:00,3.53,3.816438
2018-12-18 05:15:00,3.46,3.4868522
2018-12-18 05:30:00,3.38,3.5311394
2018-12-18 05:45:00,4.03,3.4130356
2018-12-18 06:00:00,4.14,3.7001076
2018-12-18 06:15:00,3.6,3.6742778
2018-12-18 06:30:00,3.38,3.502598
2018-12-18 06:45:00,3.35,3.4198568
2018-12-18 07:00:00,3.31,3.3829415
2018-12-18 07:15:00,3.28,3.3484914
2018-12-18 07:30:00,3.42,3.7172658
2018-12-18 07:45:00,5.58,4.1156225
2018-12-18 08:00:00,7.27,6.5288215
2018-12-18 08:15:00,38.38,40.707443
2018-12-18 08:30:00,72.86,62.869495
2018-12-18 08:45:00,66.42,71.98293
2018-12-18 09:00:00,81.4,70.34541
2018-12-18 09:15:00,66.28,77.39574
2018-12-18 09:30:00,78.3,69.68012
2018-12-18 09:45:00,77.72,75.949036
2018-12-18 10:00:00,74.59,76.64853
2018-12-18 10:15:00,63.04,71.87337
2018-12-18 10:30:00,58.68,65.52619
2018-12-18 10:45:00,62.96,58.267822
2018-12-18 11:00:00,68.36,60.44313
2018-12-18 11:15:00,60.05,61.717587
2018-12-18 11:30:00,58.82,60.30991
2018-12-18 11:45:00,64.73,59.454666
2018-12-18 12:00:00,67.54,59.93197
2018-12-18 12:15:00,8.14,15.058708
2018-12-18 12:30:00,8.64,6.289866
2018-12-18 12:45:00,8.78,7.8343034
2018-12-18 13:00:00,9.4,8.7364855
2018-12-18 13:15:00,52.45,41.850536
2018-12-18 13:30:00,67.46,69.73944
2018-12-18 13:45:00,62.53,65.88288
2018-12-18 14:00:00,62.46,62.580296
2018-12-18 14:15:00,67.18,58.62739
2018-12-18 14:30:00,113.51,62.04045
2018-12-18 14:45:00,99.5,91.57401
2018-12-18 15:00:00,68.0,101.698204
2018-12-18 15:15:00,120.82,82.62226
2018-12-18 15:30:00,79.45,100.77694
2018-12-18 15:45:00,117.68,99.772934
2018-12-18 16:00:00,114.08,94.65962
2018-12-18 16:15:00,106.27,99.71806
2018-12-18 16:30:00,93.28,103.963104
2018-12-18 16:45:00,127.58,99.67337
2018-12-18 17:00:00,94.61,93.20463
2018-12-18 17:15:00,101.02,104.93074
2018-12-18 17:30:00,112.14,96.743164
2018-12-18 17:45:00,68.08,60.583508
2018-12-18 18:00:00,15.95,35.627464
2018-12-18 18:15:00,7.16,6.919472
2018-12-18 18:30:00,5.58,5.977453
2018-12-18 18:45:00,5.65,5.828031
2018-12-18 19:00:00,5.0,5.816664
2018-12-18 19:15:00,4.5,5.232077
2018-12-18 19:30:00,4.39,4.5732336
2018-12-18 19:45:00,4.43,4.492519
2018-12-18 20:00:00,4.39,4.2387295
2018-12-18 20:15:00,4.43,4.3816504
2018-12-18 20:30:00,4.36,4.359233
2018-12-18 20:45:00,4.39,4.3612647
2018-12-18 21:00:00,4.43,4.3466067
2018-12-18 21:15:00,4.39,4.347212
2018-12-18 21:30:00,4.46,4.33354
2018-12-18 21:45:00,4.39,4.4284596
2018-12-18 22:00:00,4.39,4.3150473
2018-12-18 22:15:00,4.25,4.2513022
2018-12-18 22:30:00,5.18,4.1393437
2018-12-18 22:45:00,5.15,4.78041
2018-12-18 23:00:00,4.14,4.7497826
2018-12-18 23:15:00,4.14,4.003634
2018-12-18 23:30:00,4.14,4.113215
2018-12-18 23:45:00,4.1,4.148
2018-12-19 00:00:00,3.92,4.0153646
2018-12-19 00:15:00,4.14,3.9978752
2018-12-19 00:30:00,4.14,4.1092386
2018-12-19 00:45:00,4.14,4.0949855
2018-12-19 01:00:00,4.21,4.100898
2018-12-19 01:15:00,4.14,4.185696
2018-12-19 01:30:00,4.14,4.134058
2018-12-19 01:45:00,4.18,4.1638083
2018-12-19 02:00:00,4.18,4.1928525
2018-12-19 02:15:00,4.93,4.1627927
2018-12-19 02:30:00,5.26,4.505762
2018-12-19 02:45:00,4.14,4.7521753
2018-12-19 03:00:00,4.14,4.038998
2018-12-19 03:15:00,4.1,4.1452875
2018-12-19 03:30:00,4.25,4.0476255
2018-12-19 03:45:00,3.82,4.2279816
2018-12-19 04:00:00,3.49,3.887769
2018-12-19 04:15:00,3.42,3.518801
2018-12-19 04:30:00,3.42,3.4442546
2018-12-19 04:45:00,3.49,3.417973
2018-12-19 05:00:00,3.38,3.480644
2018-12-19 05:15:00,3.42,3.3620162
2018-12-19 05:30:00,3.38,3.4271202
2018-12-19 05:45:00,3.42,3.442563
2018-12-19 06:00:00,3.42,3.4662962
2018-12-19 06:15:00,4.07,3.432051
2018-12-19 06:30:00,4.18,3.5822082
2018-12-19 06:45:00,3.96,3.683069
2018-12-19 07:00:00,4.1,3.62949
2018-12-19 07:15:00,4.1,3.925925
2018-12-19 07:30:00,4.07,4.310188
2018-12-19 07:45:00,5.76,4.3682413
2018-12-19 08:00:00,6.23,6.2812486
2018-12-19 08:15:00,36.14,46.238792
2018-12-19 08:30:00,70.81,62.33016
2018-12-19 08:45:00,59.54,73.425446
2018-12-19 09:00:00,63.86,64.29126
2018-12-19 09:15:00,77.4,61.982788
2018-12-19 09:30:00,65.23,78.16387
2018-12-19 09:45:00,69.3,67.0578
2018-12-19 10:00:00,61.13,66.26662
2018-12-19 10:15:00,61.16,61.86547
2018-12-19 10:30:00,70.42,59.61768
2018-12-19 10:45:00,63.68,65.65854
2018-12-19 11:00:00,83.09,64.17915
2018-12-19 11:15:00,140.8,78.52301
2018-12-19 11:30:00,110.88,90.37655
2018-12-19 11:45:00,115.13,99.426254
2018-12-19 12:00:00,101.99,101.39983
2018-12-19 12:15:00,12.13,14.902609
2018-12-19 12:30:00,6.66,7.836748
2018-12-19 12:45:00,6.8,7.1164384
2018-12-19 13:00:00,6.98,7.4784136
2018-12-19 13:15:00,62.42,60.40321
2018-12-19 13:30:00,116.46,92.44227
2018-12-19 13:45:00,89.86,107.29593
2018-12-19 14:00:00,98.03,108.013306
2018-12-19 14:15:00,149.18,98.96686
2018-12-19 14:30:00,116.64,90.85819
2018-12-19 14:45:00,105.48,103.00585
2018-12-19 15:00:00,145.22,108.2655
2018-12-19 15:15:00,101.38,97.61548
2018-12-19 15:30:00,130.46,104.72292
2018-12-19 15:45:00,115.24,97.49599
2018-12-19 16:00:00,125.21,106.38596
2018-12-19 16:15:00,133.56,101.65525
2018-12-19 16:30:00,81.65,110.79082
2018-12-19 16:45:00,62.68,98.525246
2018-12-19 17:00:00,125.5,73.22467
2018-12-19 17:15:00,68.0,104.284454
2018-12-19 17:30:00,40.5,78.08917
2018-12-19 17:45:00,31.68,38.80918
2018-12-19 18:00:00,26.82,38.64699
2018-12-19 18:15:00,5.98,34.428978
2018-12-19 18:30:00,5.47,5.711491
2018-12-19 18:45:00,5.54,5.326934
2018-12-19 19:00:00,5.44,5.599841
2018-12-19 19:15:00,5.47,5.536789
2018-12-19 19:30:00,5.47,5.317238
2018-12-19 19:45:00,5.4,5.2232013
2018-12-19 20:00:00,5.33,5.300171
2018-12-19 20:15:00,5.36,5.2650714
2018-12-19 20:30:00,5.33,5.2662807
2018-12-19 20:45:00,5.44,5.26167
2018-12-19 21:00:00,5.4,5.263919
2018-12-19 21:15:00,5.4,5.2764044
2018-12-19 21:30:00,5.04,5.2196183
2018-12-19 21:45:00,4.25,4.933858
2018-12-19 22:00:00,4.39,4.2158375
2018-12-19 22:15:00,4.03,4.2083697
2018-12-19 22:30:00,4.03,3.9919434
2018-12-19 22:45:00,3.96,4.0966105
2018-12-19 23:00:00,4.07,4.0090714
2018-12-19 23:15:00,4.03,4.0014076
2018-12-19 23:30:00,3.92,4.017188
2018-12-19 23:45:00,3.96,4.002506
2018-12-20 00:00:00,3.89,4.717081
2018-12-20 00:15:00,4.03,3.9278276
2018-12-20 00:30:00,4.03,3.9909682
2018-12-20 00:45:00,4.0,4.059647
2018-12-20 01:00:00,4.0,4.0159297
2018-12-20 01:15:00,4.0,4.043522
2018-12-20 01:30:00,4.1,4.0871167
2018-12-20 01:45:00,4.0,4.039868
2018-12-20 02:00:00,4.07,4.1003494
2018-12-20 02:15:00,4.43,4.0240192
2018-12-20 02:30:00,5.18,4.23897
2018-12-20 02:45:00,4.1,4.6561213
2018-12-20 03:00:00,4.0,4.0303006
2018-12-20 03:15:00,4.1,4.1051483
2018-12-20 03:30:00,4.03,4.081793
2018-12-20 03:45:00,4.1,4.0675745
2018-12-20 04:00:00,3.31,4.1034603
2018-12-20 04:15:00,3.35,3.4295826
2018-12-20 04:30:00,3.46,3.4229512
2018-12-20 04:45:00,3.38,3.571949
2018-12-20 05:00:00,3.35,3.4459007
2018-12-20 05:15:00,3.35,3.4260163
2018-12-20 05:30:00,3.38,3.4115672
2018-12-20 05:45:00,3.38,3.4713738
2018-12-20 06:00:00,3.92,3.4845822
2018-12-20 06:15:00,3.67,3.5996914
2018-12-20 06:30:00,3.35,3.6004684
2018-12-20 06:45:00,4.0,3.4165401
2018-12-20 07:00:00,4.03,3.9159045
2018-12-20 07:15:00,3.96,3.7874336
2018-12-20 07:30:00,4.18,4.221962
2018-12-20 07:45:00,4.79,4.4797354
2018-12-20 08:00:00,5.87,5.29172
2018-12-20 08:15:00,39.49,46.428886
2018-12-20 08:30:00,79.85,68.80035
2018-12-20 08:45:00,66.96,96.76023
2018-12-20 09:00:00,63.14,80.12665
2018-12-20 09:15:00,64.12,65.66455
2018-12-20 09:30:00,64.37,65.0316
2018-12-20 09:45:00,83.16,64.26065
2018-12-20 10:00:00,71.14,81.28265
2018-12-20 10:15:00,58.72,71.64419
2018-12-20 10:30:00,68.72,61.972004
2018-12-20 10:45:00,75.53,64.54823
2018-12-20 11:00:00,77.51,71.43234
2018-12-20 11:15:00,64.4,78.991394
2018-12-20 11:30:00,63.0,67.85808
2018-12-20 11:45:00,71.46,62.383194
2018-12-20 12:00:00,71.06,66.08768
2018-12-20 12:15:00,16.96,12.2580185
2018-12-20 12:30:00,7.67,7.0022693
2018-12-20 12:45:00,7.49,7.39649
2018-12-20 13:00:00,6.66,8.2987795
2018-12-20 13:15:00,42.7,53.381435
2018-12-20 13:30:00,63.07,70.74518
2018-12-20 13:45:00,71.5,64.77227
2018-12-20 14:00:00,76.9,71.39245
2018-12-20 14:15:00,63.5,73.144875
2018-12-20 14:30:00,78.41,67.069565
2018-12-20 14:45:00,73.4,80.383415
2018-12-20 15:00:00,64.44,70.63101
2018-12-20 15:15:00,60.26,67.39989
2018-12-20 15:30:00,58.9,59.51652
2018-12-20 15:45:00,60.59,59.19655
2018-12-20 16:00:00,56.92,58.956528
2018-12-20 16:15:00,60.08,57.76427
2018-12-20 16:30:00,58.68,59.528496
2018-12-20 16:45:00,57.56,58.721886
2018-12-20 17:00:00,46.51,55.524796
2018-12-20 17:15:00,58.07,52.70305
2018-12-20 17:30:00,41.22,57.376274
2018-12-20 17:45:00,41.51,33.41512
2018-12-20 18:00:00,24.8,33.933666
2018-12-20 18:15:00,5.44,10.328552
2018-12-20 18:30:00,5.18,5.5653453
2018-12-20 18:45:00,5.29,5.208119
2018-12-20 19:00:00,5.29,5.3145914
2018-12-20 19:15:00,5.29,5.347836
2018-12-20 19:30:00,4.18,5.386461
2018-12-20 19:45:00,4.07,4.2745523
2018-12-20 20:00:00,4.1,4.0880327
2018-12-20 20:15:00,4.07,4.107055
2018-12-20 20:30:00,4.18,4.0886145
2018-12-20 20:45:00,4.1,4.1699452
2018-12-20 21:00:00,4.1,4.097755
2018-12-20 21:15:00,4.14,4.047702
2018-12-20 21:30:00,4.14,4.1205945
2018-12-20 21:45:00,4.21,4.133071
2018-12-20 22:00:00,4.18,4.168347
2018-12-20 22:15:00,3.85,4.074094
2018-12-20 22:30:00,3.85,3.7884436
2018-12-20 22:45:00,4.64,3.7874587
2018-12-20 23:00:00,5.04,4.3847322
2018-12-20 23:15:00,4.07,4.2110972
2018-12-20 23:30:00,3.82,3.8593192
2018-12-20 23:45:00,3.85,3.825467
2018-12-21 00:00:00,3.92,3.756507
2018-12-21 00:15:00,3.89,3.91726
2018-12-21 00:30:00,3.85,3.9120395
2018-12-21 00:45:00,3.89,3.8418977
2018-12-21 01:00:00,3.89,3.8722668
2018-12-21 01:15:00,3.96,3.8730564
2018-12-21 01:30:00,3.89,3.88979
2018-12-21 01:45:00,3.89,3.9051285
2018-12-21 02:00:00,3.89,3.8762393
2018-12-21 02:15:00,3.92,3.880478
2018-12-21 02:30:00,3.92,3.8836415
2018-12-21 02:45:00,3.92,3.8975747
2018-12-21 03:00:00,3.96,3.8915641
2018-12-21 03:15:00,4.79,3.882577
2018-12-21 03:30:00,4.5,4.4827704
2018-12-21 03:45:00,3.24,4.0466437
2018-12-21 04:00:00,3.28,3.3923044
2018-12-21 04:15:00,3.24,3.3419878
2018-12-21 04:30:00,3.24,3.2654943
2018-12-21 04:45:00,3.28,3.3096385
2018-12-21 05:00:00,3.28,3.3139536
2018-12-21 05:15:00,3.28,3.3194647
2018-12-21 05:30:00,3.2,3.3089995
2018-12-21 05:45:00,3.24,3.2872236
2018-12-21 06:00:00,3.2,3.2916903
2018-12-21 06:15:00,3.67,3.246112
2018-12-21 06:30:00,3.96,3.4297676
2018-12-21 06:45:00,3.92,3.5685728
2018-12-21 07:00:00,3.89,3.5857222
2018-12-21 07:15:00,3.67,3.7198584
2018-12-21 07:30:00,3.17,3.8884778
2018-12-21 07:45:00,5.44,3.5016308
2018-12-21 08:00:00,6.77,5.9295683
2018-12-21 08:15:00,28.8,36.985485
2018-12-21 08:30:00,54.22,53.81756
2018-12-21 08:45:00,56.41,60.774544
2018-12-21 09:00:00,56.74,59.5744
2018-12-21 09:15:00,43.78,58.240906
2018-12-21 09:30:00,47.52,48.220886
2018-12-21 09:45:00,56.2,51.239414
2018-12-21 10:00:00,51.59,55.55595
2018-12-21 10:15:00,66.64,51.414536
2018-12-21 10:30:00,53.14,58.896896
2018-12-21 10:45:00,58.54,55.75048
2018-12-21 11:00:00,73.12,56.423008
2018-12-21 11:15:00,67.79,58.332554
2018-12-21 11:30:00,65.59,64.864044
2018-12-21 11:45:00,57.85,63.552094
2018-12-21 12:00:00,58.9,57.68137
2018-12-21 12:15:00,7.42,9.635631
2018-12-21 12:30:00,8.35,6.217984
2018-12-21 12:45:00,7.67,7.0917635
2018-12-21 13:00:00,7.2,7.1377907
2018-12-21 13:15:00,39.74,49.395947
2018-12-21 13:30:00,58.03,59.269657
2018-12-21 13:45:00,63.97,57.603626
2018-12-21 14:00:00,56.34,62.542236
2018-12-21 14:15:00,69.62,53.522316
2018-12-21 14:30:00,60.34,61.52799
2018-12-21 14:45:00,57.74,60.8822
2018-12-21 15:00:00,68.04,55.69507
2018-12-21 15:15:00,67.68,61.161163
2018-12-21 15:30:00,58.32,62.176918
2018-12-21 15:45:00,65.48,60.255875
2018-12-21 16:00:00,63.0,59.76852
2018-12-21 16:15:00,69.73,60.417168
2018-12-21 16:30:00,59.69,61.0404
2018-12-21 16:45:00,63.32,61.24919
2018-12-21 17:00:00,62.32,58.518223
2018-12-21 17:15:00,52.78,59.567112
2018-12-21 17:30:00,45.86,54.68794
2018-12-21 17:45:00,30.78,36.932255
2018-12-21 18:00:00,8.21,29.580837
2018-12-21 18:15:00,5.51,5.688353
2018-12-21 18:30:00,5.4,5.047659
2018-12-21 18:45:00,5.62,5.1179504
2018-12-21 19:00:00,5.54,5.4838862
2018-12-21 19:15:00,5.54,5.4168444
2018-12-21 19:30:00,5.51,5.3754086
2018-12-21 19:45:00,5.47,5.246927
2018-12-21 20:00:00,5.54,5.246518
2018-12-21 20:15:00,5.47,5.2518463
2018-12-21 20:30:00,5.44,5.2598248
2018-12-21 20:45:00,5.47,5.188593
2018-12-21 21:00:00,5.44,5.262878
2018-12-21 21:15:00,5.54,5.248724
2018-12-21 21:30:00,5.4,5.162851
2018-12-21 21:45:00,5.44,5.1264253
2018-12-21 22:00:00,5.44,5.1488514
2018-12-21 22:15:00,5.18,5.0969076
2018-12-21 22:30:00,5.26,5.063249
2018-12-21 22:45:00,5.15,5.0103397
2018-12-21 23:00:00,5.15,5.0551333
2018-12-21 23:15:00,5.11,5.072243
2018-12-21 23:30:00,4.57,4.9780946
2018-12-21 23:45:00,4.0,4.387012
2018-12-22 00:00:00,3.31,4.047667
2018-12-22 00:15:00,4.0,3.4721947
2018-12-22 00:30:00,4.0,3.9187307
2018-12-22 00:45:00,4.0,3.8622463
2018-12-22 01:00:00,4.1,3.6606953
2018-12-22 01:15:00,3.96,4.000779
2018-12-22 01:30:00,4.03,3.9707737
2018-12-22 01:45:00,4.03,4.024957
2018-12-22 02:00:00,3.96,3.9331632
2018-12-22 02:15:00,4.07,3.961427
2018-12-22 02:30:00,4.07,3.994167
2018-12-22 02:45:00,3.67,4.003192
2018-12-22 03:00:00,3.31,3.723272
2018-12-22 03:15:00,3.82,3.339936
2018-12-22 03:30:00,4.07,3.7125213
2018-12-22 03:45:00,3.42,3.8140173
2018-12-22 04:00:00,3.38,3.3728101
2018-12-22 04:15:00,3.31,3.3690872
2018-12-22 04:30:00,3.38,3.3157725
2018-12-22 04:45:00,3.35,3.4006069
2018-12-22 05:00:00,3.38,3.3431954
2018-12-22 05:15:00,3.42,3.3769715
2018-12-22 05:30:00,3.96,3.3781598
2018-12-22 05:45:00,4.07,3.5037408
2018-12-22 06:00:00,4.07,3.5083656
2018-12-22 06:15:00,4.0,3.5794535
2018-12-22 06:30:00,3.38,3.9057245
2018-12-22 06:45:00,3.35,3.39423
2018-12-22 07:00:00,3.35,3.3662546
2018-12-22 07:15:00,3.31,3.4293518
2018-12-22 07:30:00,3.85,3.3882883
2018-12-22 07:45:00,4.03,4.059473
2018-12-22 08:00:00,3.35,4.0513597
2018-12-22 08:15:00,3.31,24.213942
2018-12-22 08:30:00,3.24,3.7759736
2018-12-22 08:45:00,3.38,3.3608294
2018-12-22 09:00:00,3.82,3.5077496
2018-12-22 09:15:00,4.28,3.6888447
2018-12-22 09:30:00,4.28,4.3701863
2018-12-22 09:45:00,4.32,3.9941213
2018-12-22 10:00:00,4.21,4.340409
2018-12-22 10:15:00,3.6,4.428189
2018-12-22 10:30:00,3.6,3.7459714
2018-12-22 10:45:00,3.6,3.6897326
2018-12-22 11:00:00,3.6,3.6707978
2018-12-22 11:15:00,3.6,3.6300406
2018-12-22 11:30:00,3.6,3.6793187
2018-12-22 11:45:00,3.6,3.679883
2018-12-22 12:00:00,3.6,3.611339
2018-12-22 12:15:00,3.71,3.673043
2018-12-22 12:30:00,4.39,3.6979625
2018-12-22 12:45:00,4.1,4.08502
2018-12-22 13:00:00,3.71,3.6937194
2018-12-22 13:15:00,4.28,3.8401656
2018-12-22 13:30:00,4.25,4.3656044
2018-12-22 13:45:00,4.25,4.0929403
2018-12-22 14:00:00,4.21,4.0568705
2018-12-22 14:15:00,3.67,4.2154217
2018-12-22 14:30:00,3.46,3.8874235
2018-12-22 14:45:00,3.49,3.6466045
2018-12-22 15:00:00,3.53,3.520675
2018-12-22 15:15:00,3.56,3.5817626
2018-12-22 15:30:00,3.53,3.5958965
2018-12-22 15:45:00,3.56,3.6032321
2018-12-22 16:00:00,3.56,3.569337
2018-12-22 16:15:00,3.49,3.6244283
2018-12-22 16:30:00,3.53,3.5042644
2018-12-22 16:45:00,3.56,3.5635943
2018-12-22 17:00:00,4.68,3.5763304
2018-12-22 17:15:00,5.44,3.969765
2018-12-22 17:30:00,4.46,4.2039876
2018-12-22 17:45:00,4.28,3.8201573
2018-12-22 18:00:00,4.07,3.932037
2018-12-22 18:15:00,3.6,3.7791378
2018-12-22 18:30:00,3.67,3.615895
2018-12-22 18:45:00,3.67,3.6716373
2018-12-22 19:00:00,3.71,3.7468145
2018-12-22 19:15:00,3.74,3.7851706
2018-12-22 19:30:00,3.71,3.7987418
2018-12-22 19:45:00,3.74,3.7747831
2018-12-22 20:00:00,3.67,3.797184
2018-12-22 20:15:00,3.67,3.6886237
2018-12-22 20:30:00,3.67,3.6843138
2018-12-22 20:45:00,3.67,3.6849554
2018-12-22 21:00:00,4.18,3.6874385
2018-12-22 21:15:00,4.61,3.891745
2018-12-22 21:30:00,5.51,3.92534
2018-12-22 21:45:00,4.43,4.2693334
2018-12-22 22:00:00,4.1,3.8771787
2018-12-22 22:15:00,3.46,3.7530675
2018-12-22 22:30:00,3.38,3.4045258
2018-12-22 22:45:00,3.42,3.3700056
2018-12-22 23:00:00,3.38,3.4087305
2018-12-22 23:15:00,3.35,3.3026035
2018-12-22 23:30:00,3.31,3.320479
2018-12-22 23:45:00,3.31,3.2953637
2018-12-23 00:00:00,3.78,3.364298
2018-12-23 00:15:00,3.31,3.4109662
2018-12-23 00:30:00,3.35,3.2816231
2018-12-23 00:45:00,3.42,3.3199775
2018-12-23 01:00:00,4.93,3.3765786
2018-12-23 01:15:00,4.93,4.181247
2018-12-23 01:30:00,4.14,4.0785418
2018-12-23 01:45:00,4.07,3.6631944
2018-12-23 02:00:00,3.49,3.8831482
2018-12-23 02:15:00,3.46,3.469199
2018-12-23 02:30:00,3.49,3.4476862
2018-12-23 02:45:00,3.42,3.4428341
2018-12-23 03:00:00,3.42,3.4470637
2018-12-23 03:15:00,3.46,3.3909953
2018-12-23 03:30:00,3.42,3.3953998
2018-12-23 03:45:00,3.53,3.407135
2018-12-23 04:00:00,3.46,3.4884725
2018-12-23 04:15:00,3.42,3.45996
2018-12-23 04:30:00,3.6,3.4279847
2018-12-23 04:45:00,4.14,3.5219462
2018-12-23 05:00:00,5.18,3.675307
2018-12-23 05:15:00,4.64,4.276362
2018-12-23 05:30:00,4.1,3.8297513
2018-12-23 05:45:00,3.49,3.813444
2018-12-23 06:00:00,3.38,3.4876304
2018-12-23 06:15:00,3.35,3.3514962
2018-12-23 06:30:00,3.46,3.3528445
2018-12-23 06:45:00,3.38,3.460997
2018-12-23 07:00:00,3.38,3.3662941
2018-12-23 07:15:00,3.38,3.3535166
2018-12-23 07:30:00,3.38,3.4426064
2018-12-23 07:45:00,3.42,3.576929
2018-12-23 08:00:00,3.49,3.5794704
2018-12-23 08:15:00,4.07,4.2437625
2018-12-23 08:30:00,4.97,3.8843575
2018-12-23 08:45:00,4.82,4.857572
2018-12-23 09:00:00,4.28,4.348727
2018-12-23 09:15:00,3.92,4.065438
2018-12-23 09:30:00,3.71,3.835695
2018-12-23 09:45:00,3.64,3.8325055
2018-12-23 10:00:00,3.64,3.7215157
2018-12-23 10:15:00,3.67,3.8302443
2018-12-23 10:30:00,3.71,3.8249443
2018-12-23 10:45:00,3.71,3.8455842
2018-12-23 11:00:00,3.74,3.8105123
2018-12-23 11:15:00,3.78,3.8062487
2018-12-23 11:30:00,3.71,3.783319
2018-12-23 11:45:00,3.74,3.7711587
2018-12-23 12:00:00,3.96,3.7816222
2018-12-23 12:15:00,4.86,3.864247
2018-12-23 12:30:00,5.54,4.242841
2018-12-23 12:45:00,4.54,4.7230926
2018-12-23 13:00:00,4.36,4.0772214
2018-12-23 13:15:00,3.67,4.135983
2018-12-23 13:30:00,3.67,3.7243605
2018-12-23 13:45:00,3.67,3.793394
2018-12-23 14:00:00,3.67,3.8660352
2018-12-23 14:15:00,3.71,3.8209343
2018-12-23 14:30:00,3.67,3.8153255
2018-12-23 14:45:00,3.67,3.8092
2018-12-23 15:00:00,3.67,3.8048055
2018-12-23 15:15:00,3.64,3.7706606
2018-12-23 15:30:00,3.67,3.6915157
2018-12-23 15:45:00,3.74,3.74364
2018-12-23 16:00:00,4.36,3.7648127
2018-12-23 16:15:00,4.36,3.9976366
2018-12-23 16:30:00,5.0,3.8763669
2018-12-23 16:45:00,5.33,4.0669093
2018-12-23 17:00:00,3.6,4.6982145
2018-12-23 17:15:00,3.56,3.4849637
2018-12-23 17:30:00,3.6,3.5985723
2018-12-23 17:45:00,3.67,3.553449
2018-12-23 18:00:00,3.49,3.6974277
2018-12-23 18:15:00,3.49,3.5010977
2018-12-23 18:30:00,3.49,3.5229576
2018-12-23 18:45:00,3.64,3.5837727
2018-12-23 19:00:00,3.64,3.6100652
2018-12-23 19:15:00,4.03,3.649384
2018-12-23 19:30:00,4.25,3.7767773
2018-12-23 19:45:00,4.28,3.769663
2018-12-23 20:00:00,4.25,3.7342334
2018-12-23 20:15:00,4.0,4.0515876
2018-12-23 20:30:00,3.49,3.9698532
2018-12-23 20:45:00,4.21,3.5048883
2018-12-23 21:00:00,4.14,3.996912
2018-12-23 21:15:00,3.49,3.9955556
2018-12-23 21:30:00,3.42,3.491702
2018-12-23 21:45:00,3.46,3.4680803
2018-12-23 22:00:00,3.53,3.4816682
2018-12-23 22:15:00,3.2,3.4119282
2018-12-23 22:30:00,3.2,3.1677475
2018-12-23 22:45:00,3.2,3.2042413
2018-12-23 23:00:00,3.96,3.2013946
2018-12-23 23:15:00,4.0,3.4615297
2018-12-23 23:30:00,4.0,3.396667
2018-12-23 23:45:00,4.0,3.447672
2018-12-24 00:00:00,3.78,4.0344257
2018-12-24 00:15:00,3.35,3.7584147
2018-12-24 00:30:00,3.38,3.3786676
2018-12-24 00:45:00,3.38,3.4027
2018-12-24 01:00:00,3.96,3.3458714
2018-12-24 01:15:00,3.89,3.5767934
2018-12-24 01:30:00,3.38,3.6169875
2018-12-24 01:45:00,3.35,3.3632984
2018-12-24 02:00:00,3.49,3.3397229
2018-12-24 02:15:00,3.38,3.398072
2018-12-24 02:30:00,3.42,3.36475
2018-12-24 02:45:00,4.0,3.445343
2018-12-24 03:00:00,4.07,3.7580929
2018-12-24 03:15:00,4.14,3.607158
2018-12-24 03:30:00,4.1,3.6127243
2018-12-24 03:45:00,3.96,3.9680028
2018-12-24 04:00:00,3.35,3.893113
2018-12-24 04:15:00,3.38,3.3223753
2018-12-24 04:30:00,3.64,3.3876343
2018-12-24 04:45:00,4.07,3.6566162
2018-12-24 05:00:00,3.42,3.6212804
2018-12-24 05:15:00,3.31,3.3472764
2018-12-24 05:30:00,3.35,3.313769
2018-12-24 05:45:00,3.35,3.345915
2018-12-24 06:00:00,3.35,3.365242
2018-12-24 06:15:00,3.38,3.351587
2018-12-24 06:30:00,3.6,3.3867478
2018-12-24 06:45:00,4.03,3.510638
2018-12-24 07:00:00,4.0,3.6023533
2018-12-24 07:15:00,3.96,3.6117637
2018-12-24 07:30:00,4.54,4.008822
2018-12-24 07:45:00,5.36,4.6949935
2018-12-24 08:00:00,6.52,5.430411
2018-12-24 08:15:00,21.89,33.814617
2018-12-24 08:30:00,59.62,55.490368
2018-12-24 08:45:00,64.58,65.94803
2018-12-24 09:00:00,67.18,64.65494
2018-12-24 09:15:00,69.44,59.701103
2018-12-24 09:30:00,65.38,63.302998
2018-12-24 09:45:00,67.0,64.936386
2018-12-24 10:00:00,56.27,63.0407
2018-12-24 10:15:00,54.18,59.38358
2018-12-24 10:30:00,58.39,58.007515
2018-12-24 10:45:00,54.86,58.11957
2018-12-24 11:00:00,54.18,58.925735
2018-12-24 11:15:00,55.55,63.51878
2018-12-24 11:30:00,53.21,58.027527
2018-12-24 11:45:00,53.03,58.255215
2018-12-24 12:00:00,40.64,53.98274
2018-12-24 12:15:00,6.91,8.819257
2018-12-24 12:30:00,6.91,6.2454863
2018-12-24 12:45:00,6.48,7.0164194
2018-12-24 13:00:00,6.12,6.81374
2018-12-24 13:15:00,34.49,38.851868
2018-12-24 13:30:00,46.98,57.590714
2018-12-24 13:45:00,38.2,53.22233
2018-12-24 14:00:00,37.84,41.80388
2018-12-24 14:15:00,43.45,43.554527
2018-12-24 14:30:00,63.9,47.54406
2018-12-24 14:45:00,38.48,55.72216
2018-12-24 15:00:00,38.12,42.714798
2018-12-24 15:15:00,45.25,43.89643
2018-12-24 15:30:00,51.12,54.219856
2018-12-24 15:45:00,45.72,52.620556
2018-12-24 16:00:00,51.7,48.872917
2018-12-24 16:15:00,47.2,51.365757
2018-12-24 16:30:00,69.55,53.527443
2018-12-24 16:45:00,44.82,55.292038
2018-12-24 17:00:00,40.86,53.47455
2018-12-24 17:15:00,33.66,45.65612
2018-12-24 17:30:00,9.86,39.550568
2018-12-24 17:45:00,6.73,7.7796383
2018-12-24 18:00:00,5.29,6.658092
2018-12-24 18:15:00,5.22,5.316297
2018-12-24 18:30:00,5.18,4.9484005
2018-12-24 18:45:00,5.33,4.9854355
2018-12-24 19:00:00,5.04,5.3071847
2018-12-24 19:15:00,4.14,5.1941757
2018-12-24 19:30:00,4.18,4.2904115
2018-12-24 19:45:00,4.1,4.3096166
2018-12-24 20:00:00,4.18,4.0979757
2018-12-24 20:15:00,4.1,4.16853
2018-12-24 20:30:00,4.14,4.056835
2018-12-24 20:45:00,4.21,4.104078
2018-12-24 21:00:00,4.18,4.2021937
2018-12-24 21:15:00,4.18,4.1619964
2018-12-24 21:30:00,4.14,4.158979
2018-12-24 21:45:00,4.18,4.153316
2018-12-24 22:00:00,5.4,4.1078634
2018-12-24 22:15:00,4.5,4.8013396
2018-12-24 22:30:00,3.92,4.0583205
2018-12-24 22:45:00,3.89,3.8523083
2018-12-24 23:00:00,3.85,3.9242926
2018-12-24 23:15:00,3.85,3.7539892
2018-12-24 23:30:00,3.82,3.7630918
2018-12-24 23:45:00,3.85,3.7885227
2018-12-25 00:00:00,3.13,4.085879
2018-12-25 00:15:00,3.85,3.3204525
2018-12-25 00:30:00,3.92,3.7255344
2018-12-25 00:45:00,3.89,3.7325418
2018-12-25 01:00:00,3.85,3.6058838
2018-12-25 01:15:00,3.56,3.8026528
2018-12-25 01:30:00,3.2,3.5824113
2018-12-25 01:45:00,3.92,3.1994708
2018-12-25 02:00:00,3.64,3.5944004
2018-12-25 02:15:00,3.17,3.618416
2018-12-25 02:30:00,3.17,3.1512039
2018-12-25 02:45:00,3.2,3.1889567
2018-12-25 03:00:00,3.24,3.2213714
2018-12-25 03:15:00,3.2,3.251998
2018-12-25 03:30:00,3.2,3.2144969
2018-12-25 03:45:00,3.28,3.2220793
2018-12-25 04:00:00,3.96,3.3078613
2018-12-25 04:15:00,3.96,3.4188364
2018-12-25 04:30:00,3.92,3.481903
2018-12-25 04:45:00,3.89,3.5251698
2018-12-25 05:00:00,3.35,3.794448
2018-12-25 05:15:00,3.24,3.3279216
2018-12-25 05:30:00,3.35,3.2751052
2018-12-25 05:45:00,3.96,3.359509
2018-12-25 06:00:00,3.71,3.484137
2018-12-25 06:15:00,3.17,3.4795544
2018-12-25 06:30:00,3.2,3.1497245
2018-12-25 06:45:00,3.2,3.2187564
2018-12-25 07:00:00,3.17,3.1976507
2018-12-25 07:15:00,3.24,3.1764212
2018-12-25 07:30:00,3.85,3.5198123
2018-12-25 07:45:00,3.92,4.4211597
2018-12-25 08:00:00,3.89,4.2684236
2018-12-25 08:15:00,3.89,34.854317
2018-12-25 08:30:00,3.49,5.0467935
2018-12-25 08:45:00,3.24,3.715533
2018-12-25 09:00:00,3.38,3.524655
2018-12-25 09:15:00,3.49,3.7374573
2018-12-25 09:30:00,3.46,3.5203588
2018-12-25 09:45:00,3.82,3.5084295
2018-12-25 10:00:00,3.96,3.7834525
2018-12-25 10:15:00,3.42,4.0137086
2018-12-25 10:30:00,3.53,3.5349007
2018-12-25 10:45:00,3.46,3.5888414
2018-12-25 11:00:00,3.46,3.5011957
2018-12-25 11:15:00,3.78,3.4321115
2018-12-25 11:30:00,4.18,3.7125607
2018-12-25 11:45:00,4.28,4.036421
2018-12-25 12:00:00,4.18,4.0693617
2018-12-25 12:15:00,4.07,4.125285
2018-12-25 12:30:00,3.56,4.2058296
2018-12-25 12:45:00,3.53,3.7458622
2018-12-25 13:00:00,3.53,3.683676
2018-12-25 13:15:00,5.04,4.6763887
2018-12-25 13:30:00,4.07,6.1082706
2018-12-25 13:45:00,3.42,4.0127616
2018-12-25 14:00:00,3.42,3.7737503
2018-12-25 14:15:00,3.49,3.92503
2018-12-25 14:30:00,3.46,3.485908
2018-12-25 14:45:00,3.53,3.5149524
2018-12-25 15:00:00,4.14,3.6018217
2018-12-25 15:15:00,4.14,4.257606
2018-12-25 15:30:00,4.14,4.00704
2018-12-25 15:45:00,4.1,3.989024
2018-12-25 16:00:00,3.67,4.0572944
2018-12-25 16:15:00,3.46,3.7436495
2018-12-25 16:30:00,3.42,3.496339
2018-12-25 16:45:00,3.46,3.525717
2018-12-25 17:00:00,3.42,3.6085753
2018-12-25 17:15:00,3.46,3.501448
2018-12-25 17:30:00,4.0,3.4754415
2018-12-25 17:45:00,4.0,3.8680382
2018-12-25 18:00:00,3.38,3.5972242
2018-12-25 18:15:00,3.38,3.3042796
2018-12-25 18:30:00,3.74,3.3807955
2018-12-25 18:45:00,4.1,3.610977
2018-12-25 19:00:00,4.18,3.616277
2018-12-25 19:15:00,4.1,3.6229875
2018-12-25 19:30:00,4.18,3.8836942
2018-12-25 19:45:00,3.64,4.0765963
2018-12-25 20:00:00,3.46,3.5599527
2018-12-25 20:15:00,3.46,3.4466848
2018-12-25 20:30:00,3.38,3.4574199
2018-12-25 20:45:00,3.42,3.4089007
2018-12-25 21:00:00,3.42,3.423723
2018-12-25 21:15:00,3.42,3.4159472
2018-12-25 21:30:00,4.03,3.3986328
2018-12-25 21:45:00,4.14,3.6597948
2018-12-25 22:00:00,3.49,3.5513253
2018-12-25 22:15:00,3.2,3.3176289
2018-12-25 22:30:00,3.85,3.1176124
2018-12-25 22:45:00,3.89,3.6042387
2018-12-25 23:00:00,3.89,3.4569323
2018-12-25 23:15:00,3.85,3.409458
2018-12-25 23:30:00,3.64,3.7069952
2018-12-25 23:45:00,3.31,3.6527932
2018-12-26 00:00:00,3.67,3.3661175
2018-12-26 00:15:00,3.24,3.5672703
2018-12-26 00:30:00,3.24,3.3121376
2018-12-26 00:45:00,3.2,3.274999
2018-12-26 01:00:00,3.31,3.22802
2018-12-26 01:15:00,3.24,3.3131716
2018-12-26 01:30:00,3.28,3.266108
2018-12-26 01:45:00,3.24,3.3032951
2018-12-26 02:00:00,3.24,3.292367
2018-12-26 02:15:00,3.78,3.2785723
2018-12-26 02:30:00,3.96,3.4415464
2018-12-26 02:45:00,4.97,3.5574794
2018-12-26 03:00:00,4.36,4.2365165
2018-12-26 03:15:00,3.71,3.7216642
2018-12-26 03:30:00,3.28,3.55618
2018-12-26 03:45:00,3.31,3.3643754
2018-12-26 04:00:00,3.28,3.3112254
2018-12-26 04:15:00,3.28,3.2670732
2018-12-26 04:30:00,3.2,3.2927032
2018-12-26 04:45:00,3.24,3.2317898
2018-12-26 05:00:00,3.28,3.2517402
2018-12-26 05:15:00,3.2,3.277551
2018-12-26 05:30:00,3.24,3.2194917
2018-12-26 05:45:00,3.2,3.2495148
2018-12-26 06:00:00,4.79,3.2167187
2018-12-26 06:15:00,4.86,3.9797184
2018-12-26 06:30:00,3.92,3.8427513
2018-12-26 06:45:00,3.82,3.6191883
2018-12-26 07:00:00,3.35,3.6562798
2018-12-26 07:15:00,3.17,3.3352628
2018-12-26 07:30:00,3.42,3.4315286
2018-12-26 07:45:00,4.82,3.9506135
2018-12-26 08:00:00,5.0,5.152108
2018-12-26 08:15:00,34.52,11.423659
2018-12-26 08:30:00,48.06,61.254387
2018-12-26 08:45:00,78.23,55.77286
2018-12-26 09:00:00,51.08,79.11381
2018-12-26 09:15:00,70.99,59.189003
2018-12-26 09:30:00,65.74,63.820362
2018-12-26 09:45:00,52.96,67.65509
2018-12-26 10:00:00,55.44,57.78578
2018-12-26 10:15:00,52.06,58.19222
2018-12-26 10:30:00,57.64,56.49785
2018-12-26 10:45:00,62.21,57.159397
2018-12-26 11:00:00,45.58,60.034946
2018-12-26 11:15:00,54.58,55.843124
2018-12-26 11:30:00,55.15,56.71291
2018-12-26 11:45:00,58.64,57.39838
2018-12-26 12:00:00,31.28,49.41042
2018-12-26 12:15:00,6.77,6.537839
2018-12-26 12:30:00,7.09,6.0547886
2018-12-26 12:45:00,6.95,6.764284
2018-12-26 13:00:00,6.41,6.815513
2018-12-26 13:15:00,20.66,41.015305
2018-12-26 13:30:00,59.9,52.857044
2018-12-26 13:45:00,55.3,64.04954
2018-12-26 14:00:00,51.41,57.04834
2018-12-26 14:15:00,57.02,56.261074
2018-12-26 14:30:00,43.06,59.18194
2018-12-26 14:45:00,41.4,46.448524
2018-12-26 15:00:00,52.92,43.555305
2018-12-26 15:15:00,53.42,50.88969
2018-12-26 15:30:00,40.68,53.466106
2018-12-26 15:45:00,40.64,44.198406
2018-12-26 16:00:00,41.47,45.445908
2018-12-26 16:15:00,56.2,47.235027
2018-12-26 16:30:00,59.04,53.457607
2018-12-26 16:45:00,54.68,55.703304
2018-12-26 17:00:00,57.67,56.75805
2018-12-26 17:15:00,54.79,55.611717
2018-12-26 17:30:00,34.42,53.28571
2018-12-26 17:45:00,9.5,30.326567
2018-12-26 18:00:00,5.22,7.5664644
2018-12-26 18:15:00,5.04,5.1695538
2018-12-26 18:30:00,5.04,4.502618
2018-12-26 18:45:00,5.08,4.6465673
2018-12-26 19:00:00,5.08,5.1488776
2018-12-26 19:15:00,4.68,5.112142
2018-12-26 19:30:00,3.92,4.6934633
2018-12-26 19:45:00,3.89,3.9222157
2018-12-26 20:00:00,3.85,3.9305544
2018-12-26 20:15:00,3.89,3.8384159
2018-12-26 20:30:00,3.89,3.8760078
2018-12-26 20:45:00,3.96,3.8806367
2018-12-26 21:00:00,3.89,3.888796
2018-12-26 21:15:00,3.96,3.8751702
2018-12-26 21:30:00,4.0,3.8889632
2018-12-26 21:45:00,3.96,3.9582987
2018-12-26 22:00:00,4.07,3.839777
2018-12-26 22:15:00,4.0,3.905305
2018-12-26 22:30:00,4.9,3.9051225
2018-12-26 22:45:00,4.1,4.3903995
2018-12-26 23:00:00,3.71,3.9666138
2018-12-26 23:15:00,3.74,3.7499971
2018-12-26 23:30:00,3.64,3.7687066
2018-12-26 23:45:00,3.67,3.6812754
2018-12-27 00:00:00,3.74,3.6852314
2018-12-27 00:15:00,3.64,3.7648528
2018-12-27 00:30:00,3.74,3.7329872
2018-12-27 00:45:00,3.71,3.7794614
2018-12-27 01:00:00,3.71,3.72504
2018-12-27 01:15:00,3.67,3.6947854
2018-12-27 01:30:00,3.67,3.6643188
2018-12-27 01:45:00,3.78,3.6764297
2018-12-27 02:00:00,4.18,3.7327504
2018-12-27 02:15:00,4.86,3.7967649
2018-12-27 02:30:00,4.21,4.0577526
2018-12-27 02:45:00,3.71,3.8057406
2018-12-27 03:00:00,3.78,3.6895773
2018-12-27 03:15:00,3.67,3.7022252
2018-12-27 03:30:00,3.71,3.5969472
2018-12-27 03:45:00,3.24,3.728471
2018-12-27 04:00:00,3.02,3.28355
2018-12-27 04:15:00,2.99,3.049853
2018-12-27 04:30:00,2.99,2.995719
2018-12-27 04:45:00,2.95,3.005559
2018-12-27 05:00:00,2.95,2.9986222
2018-12-27 05:15:00,2.95,2.994759
2018-12-27 05:30:00,2.95,2.9963808
2018-12-27 05:45:00,2.95,3.0085368
2018-12-27 06:00:00,3.42,3.0734189
2018-12-27 06:15:00,3.74,3.5128734
2018-12-27 06:30:00,4.86,3.3510458
2018-12-27 06:45:00,4.21,4.056372
2018-12-27 07:00:00,3.6,3.5969203
2018-12-27 07:15:00,2.88,3.5623643
2018-12-27 07:30:00,3.2,3.1832201
2018-12-27 07:45:00,4.9,3.56925
2018-12-27 08:00:00,5.65,4.8238244
2018-12-27 08:15:00,32.0,35.008335
2018-12-27 08:30:00,52.63,55.556007
2018-12-27 08:45:00,73.66,57.751137
2018-12-27 09:00:00,63.47,68.9151
2018-12-27 09:15:00,56.77,64.108925
2018-12-27 09:30:00,53.93,58.08973
2018-12-27 09:45:00,59.4,59.495792
2018-12-27 10:00:00,76.03,57.53931
2018-12-27 10:15:00,47.81,63.086327
2018-12-27 10:30:00,45.83,55.43449
2018-12-27 10:45:00,52.63,54.715313
2018-12-27 11:00:00,68.69,54.75645
2018-12-27 11:15:00,51.16,58.529068
2018-12-27 11:30:00,51.52,54.19363
2018-12-27 11:45:00,54.83,53.677055
2018-12-27 12:00:00,59.62,48.22875
2018-12-27 12:15:00,13.54,8.684441
2018-12-27 12:30:00,6.62,6.040308
2018-12-27 12:45:00,6.59,6.706412
2018-12-27 13:00:00,17.82,6.463675
2018-12-27 13:15:00,40.57,44.958557
2018-12-27 13:30:00,43.7,46.987797
2018-12-27 13:45:00,46.84,47.917706
2018-12-27 14:00:00,53.32,50.812958
2018-12-27 14:15:00,55.01,52.89306
2018-12-27 14:30:00,61.74,55.640778
2018-12-27 14:45:00,54.14,57.96897
2018-12-27 15:00:00,53.5,53.041916
2018-12-27 15:15:00,44.75,54.05154
2018-12-27 15:30:00,42.95,49.047222
2018-12-27 15:45:00,60.84,46.169846
2018-12-27 16:00:00,63.04,55.257515
2018-12-27 16:15:00,59.58,57.875927
2018-12-27 16:30:00,63.22,56.127964
2018-12-27 16:45:00,45.79,58.65861
2018-12-27 17:00:00,41.58,51.77354
2018-12-27 17:15:00,54.58,45.08997
2018-12-27 17:30:00,36.72,50.232857
2018-12-27 17:45:00,29.38,34.013206
2018-12-27 18:00:00,28.48,30.335238
2018-12-27 18:15:00,48.56,29.173635
2018-12-27 18:30:00,53.82,49.300415
2018-12-27 18:45:00,53.5,46.130665
2018-12-27 19:00:00,53.14,44.87037
2018-12-27 19:15:00,51.01,48.384068
2018-12-27 19:30:00,47.99,47.23877
2018-12-27 19:45:00,49.18,46.311863
2018-12-27 20:00:00,50.33,45.386757
2018-12-27 20:15:00,50.04,46.185528
2018-12-27 20:30:00,40.93,49.335243
2018-12-27 20:45:00,14.51,36.428352
2018-12-27 21:00:00,8.35,6.426124
2018-12-27 21:15:00,5.26,5.3902783
2018-12-27 21:30:00,5.26,4.765103
2018-12-27 21:45:00,5.26,4.8718185
2018-12-27 22:00:00,4.5,4.88608
2018-12-27 22:15:00,3.89,4.087052
2018-12-27 22:30:00,3.85,3.7547572
2018-12-27 22:45:00,3.82,3.7605672
2018-12-27 23:00:00,3.82,3.7269619
2018-12-27 23:15:00,3.82,3.728757
2018-12-27 23:30:00,3.78,3.7480657
2018-12-27 23:45:00,3.74,3.7603614
2018-12-28 00:00:00,4.82,3.6857607
2018-12-28 00:15:00,3.74,3.9947715
2018-12-28 00:30:00,3.78,3.7296298
2018-12-28 00:45:00,3.85,3.7550597
2018-12-28 01:00:00,4.14,3.737853
2018-12-28 01:15:00,4.9,3.8182366
2018-12-28 01:30:00,4.14,4.0830803
2018-12-28 01:45:00,3.82,3.8088732
2018-12-28 02:00:00,3.85,3.8229172
2018-12-28 02:15:00,3.82,3.661513
2018-12-28 02:30:00,3.82,3.7130303
2018-12-28 02:45:00,3.82,3.81547
2018-12-28 03:00:00,3.82,3.7963843
2018-12-28 03:15:00,3.89,3.7784276
2018-12-28 03:30:00,3.89,3.847027
2018-12-28 03:45:00,3.85,3.8517234
2018-12-28 04:00:00,3.82,3.809127
2018-12-28 04:15:00,4.07,3.7960236
2018-12-28 04:30:00,5.04,3.8936827
2018-12-28 04:45:00,4.1,4.3964205
2018-12-28 05:00:00,3.82,3.876267
2018-12-28 05:15:00,3.89,3.7644062
2018-12-28 05:30:00,3.38,3.902332
2018-12-28 05:45:00,3.17,3.3169892
2018-12-28 06:00:00,3.06,3.1644166
2018-12-28 06:15:00,3.06,3.0789046
2018-12-28 06:30:00,3.1,3.0909717
2018-12-28 06:45:00,3.06,3.1670694
2018-12-28 07:00:00,3.1,3.092032
2018-12-28 07:15:00,3.38,3.1030185
2018-12-28 07:30:00,4.97,3.829168
2018-12-28 07:45:00,6.7,5.2353873
2018-12-28 08:00:00,6.16,6.9157057
2018-12-28 08:15:00,35.75,32.569973
2018-12-28 08:30:00,57.78,57.134308
2018-12-28 08:45:00,57.74,59.257927
2018-12-28 09:00:00,66.46,60.27943
2018-12-28 09:15:00,66.82,59.65648
2018-12-28 09:30:00,59.9,61.552628
2018-12-28 09:45:00,63.32,58.990986
2018-12-28 10:00:00,57.17,61.17649
2018-12-28 10:15:00,55.91,56.964546
2018-12-28 10:30:00,62.42,55.59726
2018-12-28 10:45:00,59.72,57.899555
2018-12-28 11:00:00,62.71,56.56082
2018-12-28 11:15:00,57.82,59.34269
2018-12-28 11:30:00,64.94,57.86259
2018-12-28 11:45:00,58.97,58.913322
2018-12-28 12:00:00,47.05,54.556774
2018-12-28 12:15:00,10.01,7.5103054
2018-12-28 12:30:00,7.81,6.0344625
2018-12-28 12:45:00,7.27,6.927377
2018-12-28 13:00:00,7.31,7.1150002
2018-12-28 13:15:00,42.55,37.8484
2018-12-28 13:30:00,56.12,62.854797
2018-12-28 13:45:00,45.0,54.501663
2018-12-28 14:00:00,45.22,49.321514
2018-12-28 14:15:00,42.62,48.454308
2018-12-28 14:30:00,34.2,44.558346
2018-12-28 14:45:00,42.8,38.932133
2018-12-28 15:00:00,48.02,44.47351
2018-12-28 15:15:00,44.6,48.613865
2018-12-28 15:30:00,35.78,47.92806
2018-12-28 15:45:00,32.62,40.805386
2018-12-28 16:00:00,31.39,37.626453
2018-12-28 16:15:00,30.06,37.684124
2018-12-28 16:30:00,30.13,33.22306
2018-12-28 16:45:00,23.58,31.75936
2018-12-28 17:00:00,8.57,13.991966
2018-12-28 17:15:00,9.58,6.5906987
2018-12-28 17:30:00,9.14,6.4913807
2018-12-28 17:45:00,5.47,6.887643
2018-12-28 18:00:00,5.08,5.396054
2018-12-28 18:15:00,5.08,4.58843
2018-12-28 18:30:00,5.11,4.5897675
2018-12-28 18:45:00,5.15,5.0561833
2018-12-28 19:00:00,5.15,5.224086
2018-12-28 19:15:00,5.15,5.2375
2018-12-28 19:30:00,5.18,5.193681
2018-12-28 19:45:00,5.22,5.1811976
2018-12-28 20:00:00,5.15,5.1509542
2018-12-28 20:15:00,5.15,5.1451135
2018-12-28 20:30:00,5.18,5.2056932
2018-12-28 20:45:00,5.26,5.160595
2018-12-28 21:00:00,5.18,5.125511
2018-12-28 21:15:00,5.15,5.1230483
2018-12-28 21:30:00,5.26,5.0471535
2018-12-28 21:45:00,5.26,5.0556264
2018-12-28 22:00:00,5.22,5.0802712
2018-12-28 22:15:00,4.97,4.8728476
2018-12-28 22:30:00,4.97,4.764263
2018-12-28 22:45:00,4.93,4.826076
2018-12-28 23:00:00,5.04,4.875698
2018-12-28 23:15:00,4.86,4.8558435
2018-12-28 23:30:00,4.86,4.6731524
2018-12-28 23:45:00,4.86,4.6947823
2018-12-29 00:00:00,4.28,10.7126465
2018-12-29 00:15:00,4.9,3.926927
2018-12-29 00:30:00,4.82,4.365794
2018-12-29 00:45:00,3.85,4.3740187
2018-12-29 01:00:00,3.74,3.754054
2018-12-29 01:15:00,3.82,3.7450008
2018-12-29 01:30:00,3.78,3.7504346
2018-12-29 01:45:00,3.67,3.8098006
2018-12-29 02:00:00,3.74,3.7171047
2018-12-29 02:15:00,3.71,3.7661068
2018-12-29 02:30:00,3.82,3.743356
2018-12-29 02:45:00,3.78,3.7955399
2018-12-29 03:00:00,3.71,3.7338839
2018-12-29 03:15:00,3.74,3.73781
2018-12-29 03:30:00,3.78,3.7151387
2018-12-29 03:45:00,3.78,3.736358
2018-12-29 04:00:00,3.74,3.717586
2018-12-29 04:15:00,3.02,3.7209513
2018-12-29 04:30:00,3.74,3.061894
2018-12-29 04:45:00,3.6,3.576305
2018-12-29 05:00:00,3.06,3.4442363
2018-12-29 05:15:00,3.02,3.0670583
2018-12-29 05:30:00,3.02,3.0498576
2018-12-29 05:45:00,2.99,3.0352216
2018-12-29 06:00:00,3.06,3.0185988
2018-12-29 06:15:00,3.06,3.097431
2018-12-29 06:30:00,3.67,3.07406
2018-12-29 06:45:00,3.74,3.3657448
2018-12-29 07:00:00,3.71,3.3729646
2018-12-29 07:15:00,3.67,3.3247423
2018-12-29 07:30:00,3.38,3.7355223
2018-12-29 07:45:00,3.02,3.4384544
2018-12-29 08:00:00,2.92,3.140237
2018-12-29 08:15:00,2.95,4.6856937
2018-12-29 08:30:00,3.13,3.0652986
2018-12-29 08:45:00,3.78,3.3119645
2018-12-29 09:00:00,3.24,3.6015096
2018-12-29 09:15:00,3.17,3.1105528
2018-12-29 09:30:00,3.2,3.1546636
2018-12-29 09:45:00,3.31,3.1796577
2018-12-29 10:00:00,4.03,3.2824442
2018-12-29 10:15:00,4.03,3.6503406
2018-12-29 10:30:00,4.03,3.570898
2018-12-29 10:45:00,4.03,3.6890976
2018-12-29 11:00:00,6.19,3.9810095
2018-12-29 11:15:00,26.17,5.8593044
2018-12-29 11:30:00,9.36,30.273052
2018-12-29 11:45:00,3.64,6.945355
2018-12-29 12:00:00,4.14,3.7909205
2018-12-29 12:15:00,3.78,4.1704836
2018-12-29 12:30:00,3.46,3.8767157
2018-12-29 12:45:00,3.42,3.4749644
2018-12-29 13:00:00,3.42,3.4715374
2018-12-29 13:15:00,4.1,3.9060998
2018-12-29 13:30:00,4.14,4.073956
2018-12-29 13:45:00,4.07,3.7192817
2018-12-29 14:00:00,4.03,3.770002
2018-12-29 14:15:00,3.92,4.0433903
2018-12-29 14:30:00,3.31,3.922108
2018-12-29 14:45:00,3.35,3.3561966
2018-12-29 15:00:00,3.31,3.3741422
2018-12-29 15:15:00,3.31,3.2931743
2018-12-29 15:30:00,3.31,3.3413265
2018-12-29 15:45:00,3.35,3.3395028
2018-12-29 16:00:00,3.49,3.3833766
2018-12-29 16:15:00,4.1,3.4040883
2018-12-29 16:30:00,3.71,3.7393475
2018-12-29 16:45:00,3.67,3.450011
2018-12-29 17:00:00,4.1,3.5415626
2018-12-29 17:15:00,4.07,3.8866699
2018-12-29 17:30:00,4.07,3.6858559
2018-12-29 17:45:00,4.1,3.728791
2018-12-29 18:00:00,3.56,3.895214
2018-12-29 18:15:00,3.31,3.5638974
2018-12-29 18:30:00,3.24,3.3226998
2018-12-29 18:45:00,3.35,3.3113825
2018-12-29 19:00:00,3.31,3.3931696
2018-12-29 19:15:00,3.35,3.310614
2018-12-29 19:30:00,3.35,3.3616393
2018-12-29 19:45:00,3.31,3.352343
2018-12-29 20:00:00,3.71,3.3074143
2018-12-29 20:15:00,4.36,3.5475674
2018-12-29 20:30:00,4.28,3.6852853
2018-12-29 20:45:00,4.14,3.4753006
2018-12-29 21:00:00,4.1,3.7578146
2018-12-29 21:15:00,4.07,3.9969425
2018-12-29 21:30:00,3.85,3.9983132
2018-12-29 21:45:00,3.46,3.7131512
2018-12-29 22:00:00,3.31,3.4396555
2018-12-29 22:15:00,3.13,3.271076
2018-12-29 22:30:00,3.13,3.0697634
2018-12-29 22:45:00,3.13,3.1154833
2018-12-29 23:00:00,3.17,3.1126883
2018-12-29 23:15:00,3.06,3.1378343
2018-12-29 23:30:00,2.99,3.032758
2018-12-29 23:45:00,3.42,3.0300746
2018-12-30 00:00:00,3.1,3.493445
2018-12-30 00:15:00,3.92,3.1815653
2018-12-30 00:30:00,3.82,3.474158
2018-12-30 00:45:00,3.74,3.4894686
2018-12-30 01:00:00,3.78,3.473705
2018-12-30 01:15:00,3.42,3.6863198
2018-12-30 01:30:00,3.17,3.3712473
2018-12-30 01:45:00,3.02,3.1547809
2018-12-30 02:00:00,3.1,3.0426335
2018-12-30 02:15:00,3.06,3.1389961
2018-12-30 02:30:00,3.1,3.0769355
2018-12-30 02:45:00,3.13,3.099574
2018-12-30 03:00:00,3.1,3.1348383
2018-12-30 03:15:00,3.13,3.1059554
2018-12-30 03:30:00,3.6,3.1460357
2018-12-30 03:45:00,4.86,3.3605292
2018-12-30 04:00:00,3.85,3.9264772
2018-12-30 04:15:00,3.82,3.3466752
2018-12-30 04:30:00,3.82,3.5048084
2018-12-30 04:45:00,3.46,3.6648958
2018-12-30 05:00:00,3.17,3.408312
2018-12-30 05:15:00,3.13,3.1394536
2018-12-30 05:30:00,3.1,3.125074
2018-12-30 05:45:00,3.1,3.1048543
2018-12-30 06:00:00,3.1,3.1036978
2018-12-30 06:15:00,3.13,3.1136127
2018-12-30 06:30:00,3.13,3.1347315
2018-12-30 06:45:00,3.1,3.136693
2018-12-30 07:00:00,3.82,3.1215248
2018-12-30 07:15:00,4.36,3.5746477
2018-12-30 07:30:00,4.97,3.8703473
2018-12-30 07:45:00,3.96,4.7306786
2018-12-30 08:00:00,3.46,3.9226482
2018-12-30 08:15:00,3.06,3.6349041
2018-12-30 08:30:00,3.06,3.1821585
2018-12-30 08:45:00,3.17,3.162493
2018-12-30 09:00:00,3.28,3.2853792
2018-12-30 09:15:00,3.35,3.3348591
2018-12-30 09:30:00,3.38,3.4332976
2018-12-30 09:45:00,3.35,3.4781837
2018-12-30 10:00:00,3.46,3.3794186
2018-12-30 10:15:00,3.38,3.4628816
2018-12-30 10:30:00,4.0,3.39458
2018-12-30 10:45:00,4.1,3.6109416
2018-12-30 11:00:00,4.1,3.659408
2018-12-30 11:15:00,4.28,3.690304
2018-12-30 11:30:00,4.61,4.0585046
2018-12-30 11:45:00,3.56,4.1867023
2018-12-30 12:00:00,3.42,3.559109
2018-12-30 12:15:00,3.46,3.3919785
2018-12-30 12:30:00,3.46,3.478857
2018-12-30 12:45:00,3.31,3.481948
2018-12-30 13:00:00,3.28,3.3617823
2018-12-30 13:15:00,3.2,3.3609545
2018-12-30 13:30:00,3.24,3.3035014
2018-12-30 13:45:00,3.24,3.2974648
2018-12-30 14:00:00,4.03,3.301757
2018-12-30 14:15:00,4.0,3.6593726
2018-12-30 14:30:00,4.03,3.5734036
2018-12-30 14:45:00,4.82,3.6333106
2018-12-30 15:00:00,4.1,4.349512
2018-12-30 15:15:00,3.31,3.851055
2018-12-30 15:30:00,3.24,3.407369
2018-12-30 15:45:00,3.24,3.3012235
2018-12-30 16:00:00,3.35,3.2821927
2018-12-30 16:15:00,3.31,3.4252071
2018-12-30 16:30:00,3.35,3.3728821
2018-12-30 16:45:00,3.24,3.4061584
2018-12-30 17:00:00,3.24,3.2601187
2018-12-30 17:15:00,3.42,3.2738488
2018-12-30 17:30:00,4.0,3.4399176
2018-12-30 17:45:00,4.75,3.4495616
2018-12-30 18:00:00,4.68,4.1705036
2018-12-30 18:15:00,3.89,3.750314
2018-12-30 18:30:00,3.53,3.6024663
2018-12-30 18:45:00,3.2,3.5491025
2018-12-30 19:00:00,3.28,3.1981032
2018-12-30 19:15:00,3.24,3.3117232
2018-12-30 19:30:00,3.24,3.3141692
2018-12-30 19:45:00,3.2,3.2954202
2018-12-30 20:00:00,3.24,3.246977
2018-12-30 20:15:00,3.31,3.279129
2018-12-30 20:30:00,3.24,3.2882314
2018-12-30 20:45:00,3.78,3.292849
2018-12-30 21:00:00,4.32,3.4754345
2018-12-30 21:15:00,4.07,3.6360376
2018-12-30 21:30:00,4.07,3.3860672
2018-12-30 21:45:00,4.03,3.7920177
2018-12-30 22:00:00,4.0,3.8146498
2018-12-30 22:15:00,3.2,3.6879005
2018-12-30 22:30:00,2.99,3.0993361
2018-12-30 22:45:00,3.1,2.973238
2018-12-30 23:00:00,3.02,3.0846605
2018-12-30 23:15:00,2.95,3.0184338
2018-12-30 23:30:00,2.99,2.9875438
2018-12-30 23:45:00,2.92,3.0654535
2018-12-31 00:00:00,3.67,3.5747368
2018-12-31 00:15:00,3.64,3.1874342
2018-12-31 00:30:00,3.31,3.209796
2018-12-31 00:45:00,3.49,3.1211212
2018-12-31 01:00:00,3.71,3.4101288
2018-12-31 01:15:00,3.78,3.5583398
2018-12-31 01:30:00,3.71,3.4420528
2018-12-31 01:45:00,3.67,3.5712063
2018-12-31 02:00:00,3.02,3.65351
2018-12-31 02:15:00,2.99,3.0434883
2018-12-31 02:30:00,3.06,2.99799
2018-12-31 02:45:00,3.02,3.0677705
2018-12-31 03:00:00,3.06,3.0552711
2018-12-31 03:15:00,3.02,3.0824134
2018-12-31 03:30:00,3.46,3.060763
2018-12-31 03:45:00,3.74,3.5494692
2018-12-31 04:00:00,3.06,3.363946
2018-12-31 04:15:00,3.74,3.0373197
2018-12-31 04:30:00,3.74,3.464816
2018-12-31 04:45:00,3.78,3.4957929
2018-12-31 05:00:00,3.78,3.384377
2018-12-31 05:15:00,3.56,3.6914294
2018-12-31 05:30:00,2.99,3.4990501
2018-12-31 05:45:00,3.02,2.9948385
2018-12-31 06:00:00,2.95,3.0403352
2018-12-31 06:15:00,3.02,2.9588265
2018-12-31 06:30:00,2.99,3.0482318
2018-12-31 06:45:00,3.02,3.0220294
2018-12-31 07:00:00,3.74,3.0573072
2018-12-31 07:15:00,3.17,3.5848572
2018-12-31 07:30:00,2.95,3.2804518
2018-12-31 07:45:00,3.56,3.3287466
2018-12-31 08:00:00,3.64,3.7976077
2018-12-31 08:15:00,3.6,12.629035
2018-12-31 08:30:00,3.74,4.649802
2018-12-31 08:45:00,3.74,3.8802772
2018-12-31 09:00:00,3.06,4.3721185
2018-12-31 09:15:00,3.17,3.4259589
2018-12-31 09:30:00,3.13,3.384053
2018-12-31 09:45:00,3.17,3.2862687
2018-12-31 10:00:00,3.24,3.5508707
2018-12-31 10:15:00,3.2,3.9894605
2018-12-31 10:30:00,4.03,3.536262
2018-12-31 10:45:00,3.67,3.9085667
2018-12-31 11:00:00,3.35,3.7647626
2018-12-31 11:15:00,3.35,4.099496
2018-12-31 11:30:00,3.82,3.4341862
2018-12-31 11:45:00,4.0,3.619849
2018-12-31 12:00:00,4.07,3.8292422
2018-12-31 12:15:00,4.03,3.620125
2018-12-31 12:30:00,4.1,3.9881637
2018-12-31 12:45:00,3.35,3.9293165
2018-12-31 13:00:00,3.35,3.4144492
2018-12-31 13:15:00,3.35,4.7215185
2018-12-31 13:30:00,3.31,3.7369542
2018-12-31 13:45:00,3.31,3.5904896
2018-12-31 14:00:00,3.35,4.063738
2018-12-31 14:15:00,3.35,4.0051837
2018-12-31 14:30:00,3.56,3.5267355
2018-12-31 14:45:00,4.07,3.5869508
2018-12-31 15:00:00,3.53,3.9102373
2018-12-31 15:15:00,3.42,3.705467
2018-12-31 15:30:00,4.07,3.6297016
2018-12-31 15:45:00,4.07,3.9570723
2018-12-31 16:00:00,4.03,3.7262287
2018-12-31 16:15:00,4.07,3.662546
2018-12-31 16:30:00,3.92,3.9606607
2018-12-31 16:45:00,3.31,3.9316092
2018-12-31 17:00:00,3.31,3.3346586
2018-12-31 17:15:00,3.35,3.335594
2018-12-31 17:30:00,3.31,3.3138516
2018-12-31 17:45:00,3.46,3.3145306
2018-12-31 18:00:00,3.42,3.4587767
2018-12-31 18:15:00,3.35,3.338668
2018-12-31 18:30:00,3.82,3.340914
2018-12-31 18:45:00,4.14,3.6094363
2018-12-31 19:00:00,3.49,3.6527994
2018-12-31 19:15:00,3.96,3.392081
2018-12-31 19:30:00,4.14,3.668202
2018-12-31 19:45:00,4.21,3.6926532
2018-12-31 20:00:00,4.14,3.610071
2018-12-31 20:15:00,4.18,3.9073627
2018-12-31 20:30:00,3.38,4.0664396
2018-12-31 20:45:00,3.42,3.3983653
2018-12-31 21:00:00,3.42,3.4496706
2018-12-31 21:15:00,3.42,3.404542
2018-12-31 21:30:00,3.49,3.3924909
2018-12-31 21:45:00,3.42,3.414643
2018-12-31 22:00:00,3.42,3.4073987
2018-12-31 22:15:00,3.24,3.3367093
2018-12-31 22:30:00,3.67,3.1709602
2018-12-31 22:45:00,3.82,3.5000737
2018-12-31 23:00:00,3.85,3.4279892
2018-12-31 23:15:00,3.74,3.3961852
2018-12-31 23:30:00,3.78,3.5923922
2018-12-31 23:45:00,3.78,3.6216593
