date,actual,Hybrid
2018-12-01 00:00:00,3.35,3.7139347
2018-12-01 00:15:00,3.89,3.4412344
2018-12-01 00:30:00,3.85,3.8981798
2018-12-01 00:45:00,3.89,3.8073416
2018-12-01 01:00:00,3.89,3.6350558
2018-12-01 01:15:00,4.03,3.9324992
2018-12-01 01:30:00,3.89,4.002382
2018-12-01 01:45:00,3.92,3.9031148
2018-12-01 02:00:00,3.92,3.839281
2018-12-01 02:15:00,3.96,3.932443
2018-12-01 02:30:00,4.03,4.0078034
2018-12-01 02:45:00,4.14,4.045995
2018-12-01 03:00:00,5.08,4.0928717
2018-12-01 03:15:00,4.72,4.468932
2018-12-01 03:30:00,3.96,4.176726
2018-12-01 03:45:00,3.92,3.9743934
2018-12-01 04:00:00,3.35,3.944966
2018-12-01 04:15:00,3.28,3.3555133
2018-12-01 04:30:00,3.35,3.3243716
2018-12-01 04:45:00,3.24,3.3676503
2018-12-01 05:00:00,3.31,3.246221
2018-12-01 05:15:00,3.31,3.3068142
2018-12-01 05:30:00,3.28,3.3142483
2018-12-01 05:45:00,3.28,3.2963219
2018-12-01 06:00:00,3.2,3.3187919
2018-12-01 06:15:00,3.46,3.2446756
2018-12-01 06:30:00,4.03,3.5043557
2018-12-01 06:45:00,3.89,3.5877745
2018-12-01 07:00:00,3.89,3.4873972
2018-12-01 07:15:00,4.46,3.666234
2018-12-01 07:30:00,3.67,4.1142244
2018-12-01 07:45:00,3.46,3.7760725
2018-12-01 08:00:00,3.46,3.594732
2018-12-01 08:15:00,3.71,12.378573
2018-12-01 08:30:00,4.72,3.8316777
2018-12-01 08:45:00,4.46,4.903296
2018-12-01 09:00:00,5.22,4.35538
2018-12-01 09:15:00,28.58,5.8695917
2018-12-01 09:30:00,30.56,33.541924
2018-12-01 09:45:00,28.08,29.990288
2018-12-01 10:00:00,28.58,27.484274
2018-12-01 10:15:00,28.73,27.647293
2018-12-01 10:30:00,29.56,28.850338
2018-12-01 10:45:00,30.06,32.193363
2018-12-01 11:00:00,29.2,31.669159
2018-12-01 11:15:00,27.94,29.87976
2018-12-01 11:30:00,27.94,27.467978
2018-12-01 11:45:00,25.63,26.738874
2018-12-01 12:00:00,3.64,18.260262
2018-12-01 12:15:00,3.85,3.676329
2018-12-01 12:30:00,3.71,4.0042243
2018-12-01 12:45:00,3.74,3.9599261
2018-12-01 13:00:00,3.71,4.2785187
2018-12-01 13:15:00,11.3,5.2021203
2018-12-01 13:30:00,27.29,27.012964
2018-12-01 13:45:00,26.86,31.953047
2018-12-01 14:00:00,25.31,25.85736
2018-12-01 14:15:00,26.21,23.607595
2018-12-01 14:30:00,26.28,24.80141
2018-12-01 14:45:00,18.68,25.034971
2018-12-01 15:00:00,5.18,10.713919
2018-12-01 15:15:00,5.08,6.4312496
2018-12-01 15:30:00,4.75,6.085575
2018-12-01 15:45:00,4.75,5.7546215
2018-12-01 16:00:00,4.72,5.246966
2018-12-01 16:15:00,4.64,4.7376432
2018-12-01 16:30:00,4.72,4.6184425
2018-12-01 16:45:00,4.68,4.7254615
2018-12-01 17:00:00,4.64,4.6665964
2018-12-01 17:15:00,4.79,4.592284
2018-12-01 17:30:00,4.75,4.661807
2018-12-01 17:45:00,4.72,4.632529
2018-12-01 18:00:00,4.68,4.6874137
2018-12-01 18:15:00,5.76,4.5264616
2018-12-01 18:30:00,5.4,5.1224895
2018-12-01 18:45:00,4.79,4.8907814
2018-12-01 19:00:00,4.79,4.516621
2018-12-01 19:15:00,4.79,4.5720344
2018-12-01 19:30:00,4.79,4.617906
2018-12-01 19:45:00,4.9,4.7900567
2018-12-01 20:00:00,4.75,4.766609
2018-12-01 20:15:00,4.79,4.7250996
2018-12-01 20:30:00,4.75,4.7253156
2018-12-01 20:45:00,4.82,4.682275
2018-12-01 21:00:00,4.82,4.751781
2018-12-01 21:15:00,4.75,4.737087
2018-12-01 21:30:00,4.79,4.7040567
2018-12-01 21:45:00,4.79,4.7195125
2018-12-01 22:00:00,4.9,4.695527
2018-12-01 22:15:00,5.76,4.658222
2018-12-01 22:30:00,4.61,5.2545233
2018-12-01 22:45:00,3.42,4.251856
2018-12-01 23:00:00,3.42,3.4279916
2018-12-01 23:15:00,3.28,3.4182332
2018-12-01 23:30:00,3.38,3.2385023
2018-12-01 23:45:00,3.31,3.3568888
2018-12-02 00:00:00,4.36,3.4166744
2018-12-02 00:15:00,3.35,3.510264
2018-12-02 00:30:00,3.35,3.346285
2018-12-02 00:45:00,3.38,3.3288867
2018-12-02 01:00:00,3.89,3.356007
2018-12-02 01:15:00,4.46,3.4756963
2018-12-02 01:30:00,4.43,3.7267814
2018-12-02 01:45:00,4.14,3.681662
2018-12-02 02:00:00,3.46,3.9596004
2018-12-02 02:15:00,3.38,3.4322994
2018-12-02 02:30:00,3.38,3.3809793
2018-12-02 02:45:00,3.38,3.3577814
2018-12-02 03:00:00,4.32,3.3566756
2018-12-02 03:15:00,4.64,3.8829823
2018-12-02 03:30:00,3.82,3.8088422
2018-12-02 03:45:00,3.46,3.6183472
2018-12-02 04:00:00,3.42,3.4505668
2018-12-02 04:15:00,3.46,3.4335096
2018-12-02 04:30:00,4.32,3.4131036
2018-12-02 04:45:00,4.5,3.8256958
2018-12-02 05:00:00,4.54,3.8894625
2018-12-02 05:15:00,4.39,3.911665
2018-12-02 05:30:00,3.35,4.1850853
2018-12-02 05:45:00,3.46,3.3204353
2018-12-02 06:00:00,3.35,3.518867
2018-12-02 06:15:00,3.42,3.368885
2018-12-02 06:30:00,3.42,3.402936
2018-12-02 06:45:00,3.38,3.4006715
2018-12-02 07:00:00,3.46,3.3124752
2018-12-02 07:15:00,3.38,3.381688
2018-12-02 07:30:00,3.46,3.474381
2018-12-02 07:45:00,3.46,3.561091
2018-12-02 08:00:00,3.49,3.5625405
2018-12-02 08:15:00,4.57,3.769515
2018-12-02 08:30:00,4.54,4.435266
2018-12-02 08:45:00,5.54,4.0063615
2018-12-02 09:00:00,4.75,4.998705
2018-12-02 09:15:00,3.74,4.7112594
2018-12-02 09:30:00,3.71,3.8358285
2018-12-02 09:45:00,3.6,4.0333266
2018-12-02 10:00:00,3.56,3.7119133
2018-12-02 10:15:00,3.6,3.7296953
2018-12-02 10:30:00,3.64,3.7011778
2018-12-02 10:45:00,3.64,3.826223
2018-12-02 11:00:00,3.64,3.7295685
2018-12-02 11:15:00,3.64,3.6488042
2018-12-02 11:30:00,3.56,3.672794
2018-12-02 11:45:00,3.64,3.5727246
2018-12-02 12:00:00,4.03,3.649476
2018-12-02 12:15:00,4.86,3.8958123
2018-12-02 12:30:00,4.75,4.170985
2018-12-02 12:45:00,5.36,4.0418024
2018-12-02 13:00:00,4.9,4.7411633
2018-12-02 13:15:00,3.78,4.8025823
2018-12-02 13:30:00,3.64,3.7860212
2018-12-02 13:45:00,3.6,3.746521
2018-12-02 14:00:00,3.6,3.7485204
2018-12-02 14:15:00,3.6,3.7584505
2018-12-02 14:30:00,3.56,3.7373285
2018-12-02 14:45:00,3.56,3.6843414
2018-12-02 15:00:00,3.64,3.6052713
2018-12-02 15:15:00,3.6,3.656993
2018-12-02 15:30:00,3.56,3.6569707
2018-12-02 15:45:00,3.85,3.638763
2018-12-02 16:00:00,4.68,3.8984413
2018-12-02 16:15:00,4.72,4.0842853
2018-12-02 16:30:00,4.72,3.81431
2018-12-02 16:45:00,3.89,4.004752
2018-12-02 17:00:00,3.53,3.8030946
2018-12-02 17:15:00,3.6,3.5149026
2018-12-02 17:30:00,3.6,3.5557826
2018-12-02 17:45:00,3.74,3.6275516
2018-12-02 18:00:00,4.72,3.7689428
2018-12-02 18:15:00,3.89,4.076641
2018-12-02 18:30:00,3.53,3.645886
2018-12-02 18:45:00,3.53,3.6071563
2018-12-02 19:00:00,3.56,3.5285056
2018-12-02 19:15:00,3.67,3.537063
2018-12-02 19:30:00,3.56,3.6313028
2018-12-02 19:45:00,4.39,3.5641005
2018-12-02 20:00:00,4.72,3.998165
2018-12-02 20:15:00,4.68,3.7852871
2018-12-02 20:30:00,4.75,3.8489714
2018-12-02 20:45:00,3.71,4.3757634
2018-12-02 21:00:00,3.53,3.6137605
2018-12-02 21:15:00,3.6,3.5262697
2018-12-02 21:30:00,3.6,3.5624774
2018-12-02 21:45:00,3.6,3.6737292
2018-12-02 22:00:00,3.56,3.6390948
2018-12-02 22:15:00,4.07,3.5342963
2018-12-02 22:30:00,4.32,3.7971983
2018-12-02 22:45:00,3.35,3.73674
2018-12-02 23:00:00,3.31,3.2970057
2018-12-02 23:15:00,3.31,3.3096056
2018-12-02 23:30:00,3.28,3.287814
2018-12-02 23:45:00,3.35,3.309956
2018-12-03 00:00:00,4.57,4.7629347
2018-12-03 00:15:00,4.43,3.538673
2018-12-03 00:30:00,4.36,3.458164
2018-12-03 00:45:00,4.21,3.5068572
2018-12-03 01:00:00,3.35,4.1493206
2018-12-03 01:15:00,3.38,3.3141053
2018-12-03 01:30:00,3.35,3.3918126
2018-12-03 01:45:00,3.42,3.3543093
2018-12-03 02:00:00,3.49,3.4266803
2018-12-03 02:15:00,3.42,3.4338791
2018-12-03 02:30:00,3.38,3.3995028
2018-12-03 02:45:00,4.36,3.38726
2018-12-03 03:00:00,4.14,3.8173301
2018-12-03 03:15:00,3.42,3.5674212
2018-12-03 03:30:00,3.38,3.3558602
2018-12-03 03:45:00,3.35,3.4632888
2018-12-03 04:00:00,3.35,3.3778374
2018-12-03 04:15:00,4.1,3.375358
2018-12-03 04:30:00,4.43,3.73777
2018-12-03 04:45:00,4.5,3.7753148
2018-12-03 05:00:00,3.78,3.768504
2018-12-03 05:15:00,3.31,3.6561594
2018-12-03 05:30:00,3.38,3.297826
2018-12-03 05:45:00,3.31,3.4246755
2018-12-03 06:00:00,3.31,3.3058288
2018-12-03 06:15:00,3.35,3.3146567
2018-12-03 06:30:00,3.31,3.3581717
2018-12-03 06:45:00,3.24,3.3115838
2018-12-03 07:00:00,3.24,3.2809649
2018-12-03 07:15:00,4.21,3.304883
2018-12-03 07:30:00,5.76,4.650668
2018-12-03 07:45:00,5.98,6.4291635
2018-12-03 08:00:00,5.58,6.750762
2018-12-03 08:15:00,34.99,34.605682
2018-12-03 08:30:00,56.84,59.506435
2018-12-03 08:45:00,61.06,60.670395
2018-12-03 09:00:00,57.89,62.202675
2018-12-03 09:15:00,70.49,59.57359
2018-12-03 09:30:00,50.11,61.292324
2018-12-03 09:45:00,66.38,57.883575
2018-12-03 10:00:00,56.88,59.279213
2018-12-03 10:15:00,47.09,59.176956
2018-12-03 10:30:00,55.8,57.90241
2018-12-03 10:45:00,66.89,62.76914
2018-12-03 11:00:00,62.89,62.444004
2018-12-03 11:15:00,63.79,58.8677
2018-12-03 11:30:00,58.1,63.225628
2018-12-03 11:45:00,54.5,57.61444
2018-12-03 12:00:00,35.35,51.99854
2018-12-03 12:15:00,6.34,7.3286695
2018-12-03 12:30:00,5.76,6.2177563
2018-12-03 12:45:00,6.3,6.293026
2018-12-03 13:00:00,6.19,6.3315153
2018-12-03 13:15:00,35.35,43.544052
2018-12-03 13:30:00,51.95,60.731655
2018-12-03 13:45:00,48.46,59.167305
2018-12-03 14:00:00,65.02,53.12415
2018-12-03 14:15:00,69.91,56.11758
2018-12-03 14:30:00,55.12,57.911278
2018-12-03 14:45:00,56.84,59.0609
2018-12-03 15:00:00,54.22,59.629307
2018-12-03 15:15:00,49.97,57.338993
2018-12-03 15:30:00,48.17,54.337334
2018-12-03 15:45:00,49.86,55.054558
2018-12-03 16:00:00,58.75,53.845695
2018-12-03 16:15:00,65.7,56.976093
2018-12-03 16:30:00,51.88,57.23185
2018-12-03 16:45:00,57.2,53.357136
2018-12-03 17:00:00,76.03,57.117714
2018-12-03 17:15:00,72.18,60.547935
2018-12-03 17:30:00,61.42,63.339237
2018-12-03 17:45:00,36.61,33.54433
2018-12-03 18:00:00,29.56,31.509474
2018-12-03 18:15:00,34.13,42.03421
2018-12-03 18:30:00,42.26,45.02959
2018-12-03 18:45:00,56.81,44.98477
2018-12-03 19:00:00,43.02,56.370735
2018-12-03 19:15:00,47.74,47.96599
2018-12-03 19:30:00,39.17,51.077713
2018-12-03 19:45:00,43.67,45.03186
2018-12-03 20:00:00,50.44,45.78344
2018-12-03 20:15:00,46.22,50.72551
2018-12-03 20:30:00,45.36,48.780056
2018-12-03 20:45:00,50.11,42.83906
2018-12-03 21:00:00,25.45,35.489162
2018-12-03 21:15:00,8.6,6.1506805
2018-12-03 21:30:00,6.19,5.350412
2018-12-03 21:45:00,5.62,5.457606
2018-12-03 22:00:00,4.93,5.374515
2018-12-03 22:15:00,4.72,4.7929034
2018-12-03 22:30:00,4.75,4.5734873
2018-12-03 22:45:00,4.68,4.677634
2018-12-03 23:00:00,4.68,4.6824937
2018-12-03 23:15:00,4.61,4.68962
2018-12-03 23:30:00,4.57,4.604751
2018-12-03 23:45:00,4.61,4.5401077
2018-12-04 00:00:00,3.89,6.82327
2018-12-04 00:15:00,4.61,4.00279
2018-12-04 00:30:00,4.57,4.4453783
2018-12-04 00:45:00,4.61,4.3830066
2018-12-04 01:00:00,4.64,4.076661
2018-12-04 01:15:00,5.04,4.614847
2018-12-04 01:30:00,5.8,4.671124
2018-12-04 01:45:00,4.68,5.271378
2018-12-04 02:00:00,3.6,4.5012503
2018-12-04 02:15:00,3.56,3.6845627
2018-12-04 02:30:00,3.64,3.6583512
2018-12-04 02:45:00,3.67,3.739738
2018-12-04 03:00:00,3.64,3.7171159
2018-12-04 03:15:00,3.64,3.701577
2018-12-04 03:30:00,3.71,3.679378
2018-12-04 03:45:00,3.67,3.7343268
2018-12-04 04:00:00,3.71,3.659778
2018-12-04 04:15:00,3.67,3.711215
2018-12-04 04:30:00,3.6,3.6801221
2018-12-04 04:45:00,4.36,3.6196187
2018-12-04 05:00:00,4.64,3.9391363
2018-12-04 05:15:00,4.72,3.8109095
2018-12-04 05:30:00,5.44,3.900551
2018-12-04 05:45:00,4.43,4.815909
2018-12-04 06:00:00,3.64,4.1457467
2018-12-04 06:15:00,3.56,3.6000764
2018-12-04 06:30:00,3.67,3.5709636
2018-12-04 06:45:00,3.64,3.7363572
2018-12-04 07:00:00,3.56,3.6805274
2018-12-04 07:15:00,3.56,3.6491528
2018-12-04 07:30:00,3.82,3.9231474
2018-12-04 07:45:00,4.54,4.3787875
2018-12-04 08:00:00,5.94,4.675347
2018-12-04 08:15:00,28.4,36.298206
2018-12-04 08:30:00,55.04,51.20481
2018-12-04 08:45:00,61.13,64.33368
2018-12-04 09:00:00,82.33,61.197414
2018-12-04 09:15:00,82.37,75.96856
2018-12-04 09:30:00,64.08,77.779686
2018-12-04 09:45:00,59.36,68.384445
2018-12-04 10:00:00,52.16,61.81057
2018-12-04 10:15:00,56.95,55.40064
2018-12-04 10:30:00,53.42,59.800297
2018-12-04 10:45:00,58.86,57.571896
2018-12-04 11:00:00,59.98,59.00557
2018-12-04 11:15:00,61.24,59.025974
2018-12-04 11:30:00,84.1,60.2234
2018-12-04 11:45:00,63.86,75.58002
2018-12-04 12:00:00,49.86,63.062313
2018-12-04 12:15:00,6.91,7.523116
2018-12-04 12:30:00,7.38,6.112378
2018-12-04 12:45:00,6.62,7.0817027
2018-12-04 13:00:00,6.55,6.8872304
2018-12-04 13:15:00,32.51,43.5508
2018-12-04 13:30:00,57.28,67.99851
2018-12-04 13:45:00,55.51,59.646507
2018-12-04 14:00:00,56.12,57.77002
2018-12-04 14:15:00,58.82,56.475132
2018-12-04 14:30:00,52.88,58.24578
2018-12-04 14:45:00,53.46,58.400745
2018-12-04 15:00:00,62.96,57.017853
2018-12-04 15:15:00,64.62,57.81995
2018-12-04 15:30:00,60.01,59.086517
2018-12-04 15:45:00,55.66,57.295074
2018-12-04 16:00:00,53.82,57.842514
2018-12-04 16:15:00,71.86,56.200245
2018-12-04 16:30:00,60.73,61.90367
2018-12-04 16:45:00,68.22,62.846245
2018-12-04 17:00:00,80.46,61.28661
2018-12-04 17:15:00,61.52,74.85281
2018-12-04 17:30:00,71.1,64.70912
2018-12-04 17:45:00,35.21,38.505188
2018-12-04 18:00:00,30.31,32.205334
2018-12-04 18:15:00,43.56,42.822544
2018-12-04 18:30:00,40.97,54.96974
2018-12-04 18:45:00,38.56,44.485714
2018-12-04 19:00:00,41.65,43.69707
2018-12-04 19:15:00,49.07,40.914528
2018-12-04 19:30:00,40.46,50.970654
2018-12-04 19:45:00,48.64,44.0977
2018-12-04 20:00:00,49.75,49.041714
2018-12-04 20:15:00,48.89,50.02335
2018-12-04 20:30:00,37.84,48.9605
2018-12-04 20:45:00,30.67,38.736893
2018-12-04 21:00:00,5.08,20.84891
2018-12-04 21:15:00,5.69,5.1346183
2018-12-04 21:30:00,5.44,5.3737288
2018-12-04 21:45:00,5.4,5.390944
2018-12-04 22:00:00,5.44,5.3794074
2018-12-04 22:15:00,5.26,5.069227
2018-12-04 22:30:00,4.64,5.0725074
2018-12-04 22:45:00,3.92,4.4540243
2018-12-04 23:00:00,3.96,3.9023292
2018-12-04 23:15:00,3.92,3.9842262
2018-12-04 23:30:00,3.85,3.8673935
2018-12-04 23:45:00,3.89,3.8506782
2018-12-05 00:00:00,3.96,5.3349733
2018-12-05 00:15:00,3.89,4.2400627
2018-12-05 00:30:00,3.92,3.9493816
2018-12-05 00:45:00,3.89,3.932565
2018-12-05 01:00:00,3.96,3.8981686
2018-12-05 01:15:00,3.78,3.9750757
2018-12-05 01:30:00,3.85,3.846661
2018-12-05 01:45:00,3.82,3.8967469
2018-12-05 02:00:00,3.82,3.88335
2018-12-05 02:15:00,3.85,3.8570316
2018-12-05 02:30:00,4.64,3.9019747
2018-12-05 02:45:00,4.86,4.1701217
2018-12-05 03:00:00,3.82,4.1184587
2018-12-05 03:15:00,3.49,3.7408855
2018-12-05 03:30:00,3.13,3.5304985
2018-12-05 03:45:00,3.2,3.1138644
2018-12-05 04:00:00,3.13,3.2411613
2018-12-05 04:15:00,3.1,3.1930525
2018-12-05 04:30:00,3.17,3.1454835
2018-12-05 04:45:00,3.06,3.1933577
2018-12-05 05:00:00,3.17,3.107203
2018-12-05 05:15:00,3.06,3.2557962
2018-12-05 05:30:00,3.1,3.111636
2018-12-05 05:45:00,3.02,3.130181
2018-12-05 06:00:00,3.1,3.082059
2018-12-05 06:15:00,3.02,3.1414998
2018-12-05 06:30:00,4.61,3.0777795
2018-12-05 06:45:00,4.9,4.014204
2018-12-05 07:00:00,3.85,4.3037677
2018-12-05 07:15:00,3.49,3.735702
2018-12-05 07:30:00,3.2,3.6903791
2018-12-05 07:45:00,4.32,3.5390382
2018-12-05 08:00:00,4.72,4.4794846
2018-12-05 08:15:00,27.65,37.321224
2018-12-05 08:30:00,61.56,49.967846
2018-12-05 08:45:00,57.71,63.015003
2018-12-05 09:00:00,57.82,59.734493
2018-12-05 09:15:00,68.08,58.504715
2018-12-05 09:30:00,64.08,61.765205
2018-12-05 09:45:00,64.76,62.259064
2018-12-05 10:00:00,62.68,62.384525
2018-12-05 10:15:00,49.28,59.91996
2018-12-05 10:30:00,56.52,54.93607
2018-12-05 10:45:00,59.04,57.47413
2018-12-05 11:00:00,66.85,58.61179
2018-12-05 11:15:00,68.83,59.931454
2018-12-05 11:30:00,60.3,64.07326
2018-12-05 11:45:00,53.21,58.81119
2018-12-05 12:00:00,40.97,50.21248
2018-12-05 12:15:00,10.69,6.3485947
2018-12-05 12:30:00,9.43,5.840597
2018-12-05 12:45:00,10.33,7.5273976
2018-12-05 13:00:00,26.68,8.034984
2018-12-05 13:15:00,43.34,54.58478
2018-12-05 13:30:00,46.51,49.944763
2018-12-05 13:45:00,50.44,51.12061
2018-12-05 14:00:00,63.4,51.460674
2018-12-05 14:15:00,54.36,55.646675
2018-12-05 14:30:00,61.52,54.815266
2018-12-05 14:45:00,58.93,56.95204
2018-12-05 15:00:00,85.46,57.939526
2018-12-05 15:15:00,109.3,74.89444
2018-12-05 15:30:00,87.16,88.53032
2018-12-05 15:45:00,96.01,99.128624
2018-12-05 16:00:00,105.91,92.34323
2018-12-05 16:15:00,68.18,91.40235
2018-12-05 16:30:00,64.91,85.16453
2018-12-05 16:45:00,56.05,68.53898
2018-12-05 17:00:00,62.96,61.51409
2018-12-05 17:15:00,47.12,59.363945
2018-12-05 17:30:00,44.57,51.426647
2018-12-05 17:45:00,44.24,36.954662
2018-12-05 18:00:00,27.32,36.330917
2018-12-05 18:15:00,5.87,16.576035
2018-12-05 18:30:00,5.36,5.2776256
2018-12-05 18:45:00,5.47,5.153606
2018-12-05 19:00:00,5.58,5.459351
2018-12-05 19:15:00,5.58,5.478566
2018-12-05 19:30:00,5.47,5.258638
2018-12-05 19:45:00,5.44,5.2560215
2018-12-05 20:00:00,5.44,5.3068185
2018-12-05 20:15:00,5.44,5.2975984
2018-12-05 20:30:00,5.51,5.265468
2018-12-05 20:45:00,5.44,5.301891
2018-12-05 21:00:00,4.82,5.31432
2018-12-05 21:15:00,4.28,4.7410283
2018-12-05 21:30:00,4.25,4.1091137
2018-12-05 21:45:00,4.28,4.126131
2018-12-05 22:00:00,4.36,4.1202016
2018-12-05 22:15:00,4.03,4.113387
2018-12-05 22:30:00,4.0,3.9533648
2018-12-05 22:45:00,4.03,3.99092
2018-12-05 23:00:00,4.0,3.964458
2018-12-05 23:15:00,4.0,3.931341
2018-12-05 23:30:00,3.92,3.9311156
2018-12-05 23:45:00,4.0,3.842153
2018-12-06 00:00:00,4.0,3.8385103
2018-12-06 00:15:00,3.96,4.0149717
2018-12-06 00:30:00,4.79,4.022293
2018-12-06 00:45:00,5.18,4.334332
2018-12-06 01:00:00,4.03,4.449699
2018-12-06 01:15:00,3.92,3.9732983
2018-12-06 01:30:00,4.0,3.874764
2018-12-06 01:45:00,3.92,4.0048146
2018-12-06 02:00:00,4.07,3.9208665
2018-12-06 02:15:00,3.46,4.0271554
2018-12-06 02:30:00,3.28,3.4939137
2018-12-06 02:45:00,3.38,3.2953467
2018-12-06 03:00:00,3.31,3.370382
2018-12-06 03:15:00,3.35,3.3319361
2018-12-06 03:30:00,3.35,3.350908
2018-12-06 03:45:00,3.38,3.3679733
2018-12-06 04:00:00,3.42,3.3460462
2018-12-06 04:15:00,3.31,3.4232607
2018-12-06 04:30:00,4.61,3.3263547
2018-12-06 04:45:00,5.04,4.0537806
2018-12-06 05:00:00,4.07,4.019238
2018-12-06 05:15:00,3.71,3.4874644
2018-12-06 05:30:00,3.31,3.610457
2018-12-06 05:45:00,3.31,3.260464
2018-12-06 06:00:00,3.38,3.3546038
2018-12-06 06:15:00,3.31,3.3655658
2018-12-06 06:30:00,3.28,3.2950928
2018-12-06 06:45:00,3.31,3.2963204
2018-12-06 07:00:00,3.24,3.324101
2018-12-06 07:15:00,3.28,3.2767215
2018-12-06 07:30:00,3.46,3.6054964
2018-12-06 07:45:00,4.21,4.211342
2018-12-06 08:00:00,6.44,4.7150583
2018-12-06 08:15:00,32.29,39.926086
2018-12-06 08:30:00,64.98,58.469482
2018-12-06 08:45:00,60.84,67.108574
2018-12-06 09:00:00,59.87,62.356537
2018-12-06 09:15:00,67.0,59.3799
2018-12-06 09:30:00,71.17,63.59442
2018-12-06 09:45:00,76.86,66.327934
2018-12-06 10:00:00,66.67,74.14193
2018-12-06 10:15:00,63.18,66.871895
2018-12-06 10:30:00,68.87,62.907166
2018-12-06 10:45:00,71.06,63.748383
2018-12-06 11:00:00,62.78,69.15113
2018-12-06 11:15:00,60.88,65.51093
2018-12-06 11:30:00,74.45,60.362144
2018-12-06 11:45:00,67.82,64.48093
2018-12-06 12:00:00,69.26,64.898224
2018-12-06 12:15:00,9.94,14.048521
2018-12-06 12:30:00,6.88,6.544079
2018-12-06 12:45:00,7.02,7.062295
2018-12-06 13:00:00,6.95,7.702185
2018-12-06 13:15:00,35.78,40.6819
2018-12-06 13:30:00,61.78,64.92687
2018-12-06 13:45:00,60.8,62.03679
2018-12-06 14:00:00,71.78,60.514774
2018-12-06 14:15:00,72.11,64.11861
2018-12-06 14:30:00,68.22,69.92503
2018-12-06 14:45:00,73.44,66.58461
2018-12-06 15:00:00,56.88,69.43833
2018-12-06 15:15:00,50.29,60.525925
2018-12-06 15:30:00,48.78,55.342804
2018-12-06 15:45:00,48.96,54.743816
2018-12-06 16:00:00,49.97,54.85858
2018-12-06 16:15:00,62.28,53.370125
2018-12-06 16:30:00,47.95,57.052162
2018-12-06 16:45:00,57.35,52.166096
2018-12-06 17:00:00,47.77,56.22678
2018-12-06 17:15:00,48.6,52.06225
2018-12-06 17:30:00,57.46,50.902653
2018-12-06 17:45:00,31.86,29.883633
2018-12-06 18:00:00,31.61,29.992466
2018-12-06 18:15:00,36.61,38.6493
2018-12-06 18:30:00,40.07,46.224022
2018-12-06 18:45:00,37.87,42.586563
2018-12-06 19:00:00,47.23,40.892227
2018-12-06 19:15:00,53.03,48.536884
2018-12-06 19:30:00,38.63,51.29041
2018-12-06 19:45:00,37.51,42.35619
2018-12-06 20:00:00,38.3,40.17311
2018-12-06 20:15:00,54.36,42.263897
2018-12-06 20:30:00,38.84,49.978664
2018-12-06 20:45:00,27.72,34.750572
2018-12-06 21:00:00,8.86,9.840101
2018-12-06 21:15:00,5.51,5.5691957
2018-12-06 21:30:00,5.58,5.3490973
2018-12-06 21:45:00,5.62,5.3178344
2018-12-06 22:00:00,5.54,5.2946863
2018-12-06 22:15:00,5.26,5.0712547
2018-12-06 22:30:00,5.22,5.024139
2018-12-06 22:45:00,5.26,5.030047
2018-12-06 23:00:00,4.18,5.0258446
2018-12-06 23:15:00,3.96,4.10257
2018-12-06 23:30:00,4.0,3.9607444
2018-12-06 23:45:00,4.0,3.9338708
2018-12-07 00:00:00,4.03,4.486318
2018-12-07 00:15:00,3.96,4.04659
2018-12-07 00:30:00,4.03,4.031856
2018-12-07 00:45:00,4.03,4.030785
2018-12-07 01:00:00,4.0,4.0228305
2018-12-07 01:15:00,4.03,4.0315247
2018-12-07 01:30:00,4.03,4.028529
2018-12-07 01:45:00,4.03,4.029263
2018-12-07 02:00:00,4.1,4.0324774
2018-12-07 02:15:00,4.0,4.0628257
2018-12-07 02:30:00,4.72,4.017198
2018-12-07 02:45:00,4.79,4.314837
2018-12-07 03:00:00,4.14,4.223749
2018-12-07 03:15:00,4.07,3.9873624
2018-12-07 03:30:00,4.03,3.9640365
2018-12-07 03:45:00,4.0,3.9854326
2018-12-07 04:00:00,3.42,3.934338
2018-12-07 04:15:00,3.49,3.4859297
2018-12-07 04:30:00,3.46,3.4818316
2018-12-07 04:45:00,3.38,3.46618
2018-12-07 05:00:00,3.42,3.3590171
2018-12-07 05:15:00,3.42,3.4409783
2018-12-07 05:30:00,3.74,3.4347937
2018-12-07 05:45:00,4.07,3.6828218
2018-12-07 06:00:00,3.49,3.785618
2018-12-07 06:15:00,3.42,3.3986247
2018-12-07 06:30:00,3.64,3.4600146
2018-12-07 06:45:00,4.1,3.5684915
2018-12-07 07:00:00,4.0,3.7461522
2018-12-07 07:15:00,4.0,3.757825
2018-12-07 07:30:00,3.82,4.097116
2018-12-07 07:45:00,4.54,4.2706065
2018-12-07 08:00:00,4.79,4.4689445
2018-12-07 08:15:00,47.66,33.08552
2018-12-07 08:30:00,60.19,73.1203
2018-12-07 08:45:00,60.19,61.912445
2018-12-07 09:00:00,53.32,61.277626
2018-12-07 09:15:00,58.86,56.939377
2018-12-07 09:30:00,49.5,60.34522
2018-12-07 09:45:00,48.42,56.25518
2018-12-07 10:00:00,62.78,53.3875
2018-12-07 10:15:00,48.02,56.40563
2018-12-07 10:30:00,46.22,52.266296
2018-12-07 10:45:00,57.46,52.31836
2018-12-07 11:00:00,48.78,58.520336
2018-12-07 11:15:00,47.02,53.006435
2018-12-07 11:30:00,58.0,52.243637
2018-12-07 11:45:00,51.48,56.86352
2018-12-07 12:00:00,44.28,47.76868
2018-12-07 12:15:00,26.6,7.2566023
2018-12-07 12:30:00,12.49,8.559954
2018-12-07 12:45:00,9.79,6.690604
2018-12-07 13:00:00,10.76,7.8678575
2018-12-07 13:15:00,44.06,43.232273
2018-12-07 13:30:00,49.82,57.170944
2018-12-07 13:45:00,54.36,52.42081
2018-12-07 14:00:00,55.98,55.90993
2018-12-07 14:15:00,56.48,55.14898
2018-12-07 14:30:00,47.41,56.225792
2018-12-07 14:45:00,47.95,51.700882
2018-12-07 15:00:00,58.86,50.929317
2018-12-07 15:15:00,50.08,57.248028
2018-12-07 15:30:00,51.88,50.844654
2018-12-07 15:45:00,53.82,53.21968
2018-12-07 16:00:00,49.9,56.93179
2018-12-07 16:15:00,57.1,53.639782
2018-12-07 16:30:00,50.33,55.09811
2018-12-07 16:45:00,68.54,53.541954
2018-12-07 17:00:00,60.12,55.774117
2018-12-07 17:15:00,72.11,57.602337
2018-12-07 17:30:00,46.33,56.562473
2018-12-07 17:45:00,34.16,31.42401
2018-12-07 18:00:00,30.35,30.765873
2018-12-07 18:15:00,42.48,40.60533
2018-12-07 18:30:00,52.85,48.78033
2018-12-07 18:45:00,58.97,51.729282
2018-12-07 19:00:00,57.17,54.93611
2018-12-07 19:15:00,44.39,55.951733
2018-12-07 19:30:00,47.84,48.347412
2018-12-07 19:45:00,54.07,49.417274
2018-12-07 20:00:00,43.38,51.726295
2018-12-07 20:15:00,57.64,47.33918
2018-12-07 20:30:00,41.72,51.051373
2018-12-07 20:45:00,31.9,36.99459
2018-12-07 21:00:00,19.69,11.368266
2018-12-07 21:15:00,5.62,5.5025663
2018-12-07 21:30:00,5.62,5.4205565
2018-12-07 21:45:00,5.15,5.297421
2018-12-07 22:00:00,4.28,4.9827347
2018-12-07 22:15:00,4.0,4.0813456
2018-12-07 22:30:00,4.07,3.8966124
2018-12-07 22:45:00,4.03,4.020747
2018-12-07 23:00:00,4.0,3.9614797
2018-12-07 23:15:00,3.96,3.9297047
2018-12-07 23:30:00,4.03,3.947422
2018-12-07 23:45:00,4.0,3.9687285
2018-12-08 00:00:00,3.78,3.661329
2018-12-08 00:15:00,4.0,3.8488493
2018-12-08 00:30:00,3.96,4.0640063
2018-12-08 00:45:00,4.0,4.015288
2018-12-08 01:00:00,4.0,3.9223382
2018-12-08 01:15:00,5.15,4.0263815
2018-12-08 01:30:00,4.79,4.595235
2018-12-08 01:45:00,3.96,4.165108
2018-12-08 02:00:00,3.96,3.8527174
2018-12-08 02:15:00,4.1,4.04285
2018-12-08 02:30:00,4.0,4.1100154
2018-12-08 02:45:00,4.0,4.031289
2018-12-08 03:00:00,4.0,4.0354486
2018-12-08 03:15:00,3.96,4.0237594
2018-12-08 03:30:00,3.64,4.0184555
2018-12-08 03:45:00,3.38,3.7342732
2018-12-08 04:00:00,3.31,3.4199867
2018-12-08 04:15:00,3.35,3.322497
2018-12-08 04:30:00,3.35,3.376247
2018-12-08 04:45:00,3.42,3.3477678
2018-12-08 05:00:00,3.49,3.4062717
2018-12-08 05:15:00,4.0,3.4280384
2018-12-08 05:30:00,3.53,3.6342742
2018-12-08 05:45:00,3.35,3.4416482
2018-12-08 06:00:00,3.38,3.345699
2018-12-08 06:15:00,4.03,3.3844123
2018-12-08 06:30:00,4.03,3.785441
2018-12-08 06:45:00,4.0,3.5296805
2018-12-08 07:00:00,3.78,3.6856627
2018-12-08 07:15:00,3.35,3.8388329
2018-12-08 07:30:00,3.31,3.3548317
2018-12-08 07:45:00,3.53,3.4768937
2018-12-08 08:00:00,3.67,3.6689146
2018-12-08 08:15:00,29.23,20.851933
2018-12-08 08:30:00,38.16,36.195606
2018-12-08 08:45:00,33.08,41.12147
2018-12-08 09:00:00,51.52,34.770847
2018-12-08 09:15:00,47.77,49.896763
2018-12-08 09:30:00,42.05,46.774895
2018-12-08 09:45:00,32.4,41.957726
2018-12-08 10:00:00,31.43,33.836655
2018-12-08 10:15:00,31.57,34.24061
2018-12-08 10:30:00,31.43,33.088203
2018-12-08 10:45:00,47.66,33.42346
2018-12-08 11:00:00,49.28,49.62257
2018-12-08 11:15:00,38.16,48.076336
2018-12-08 11:30:00,44.14,40.345997
2018-12-08 11:45:00,38.27,44.659706
2018-12-08 12:00:00,22.46,33.603996
2018-12-08 12:15:00,3.92,5.0001225
2018-12-08 12:30:00,4.57,4.1021886
2018-12-08 12:45:00,5.36,4.678827
2018-12-08 13:00:00,6.08,5.377137
2018-12-08 13:15:00,34.09,26.561192
2018-12-08 13:30:00,55.69,44.99091
2018-12-08 13:45:00,40.61,49.96045
2018-12-08 14:00:00,50.51,39.253956
2018-12-08 14:15:00,37.98,48.20132
2018-12-08 14:30:00,48.89,41.502476
2018-12-08 14:45:00,37.73,46.37069
2018-12-08 15:00:00,40.03,39.476128
2018-12-08 15:15:00,43.67,40.817757
2018-12-08 15:30:00,46.15,45.21233
2018-12-08 15:45:00,49.68,46.003544
2018-12-08 16:00:00,49.32,47.389538
2018-12-08 16:15:00,49.46,48.729317
2018-12-08 16:30:00,49.54,48.969555
2018-12-08 16:45:00,34.63,48.744965
2018-12-08 17:00:00,27.0,27.178755
2018-12-08 17:15:00,9.9,7.160186
2018-12-08 17:30:00,5.22,5.2961564
2018-12-08 17:45:00,5.29,5.147548
2018-12-08 18:00:00,5.22,5.0403004
2018-12-08 18:15:00,5.18,5.1304092
2018-12-08 18:30:00,5.15,4.899718
2018-12-08 18:45:00,5.33,5.004213
2018-12-08 19:00:00,5.15,5.1300025
2018-12-08 19:15:00,4.1,5.0937214
2018-12-08 19:30:00,4.14,4.0228
2018-12-08 19:45:00,4.1,4.1478553
2018-12-08 20:00:00,4.14,4.0789056
2018-12-08 20:15:00,4.1,4.0856996
2018-12-08 20:30:00,4.03,4.0840364
2018-12-08 20:45:00,4.14,4.03836
2018-12-08 21:00:00,4.1,4.086478
2018-12-08 21:15:00,4.14,4.1009088
2018-12-08 21:30:00,4.1,4.098515
2018-12-08 21:45:00,4.14,4.109152
2018-12-08 22:00:00,4.1,4.080073
2018-12-08 22:15:00,3.82,3.9742217
2018-12-08 22:30:00,3.89,3.7456827
2018-12-08 22:45:00,5.0,3.8912141
2018-12-08 23:00:00,4.75,4.409378
2018-12-08 23:15:00,3.82,3.8628235
2018-12-08 23:30:00,3.71,3.7043712
2018-12-08 23:45:00,3.82,3.7814586
2018-12-09 00:00:00,3.17,3.7379212
2018-12-09 00:15:00,3.74,3.3031063
2018-12-09 00:30:00,3.74,3.628547
2018-12-09 00:45:00,3.82,3.7261431
2018-12-09 01:00:00,3.85,3.5328434
2018-12-09 01:15:00,3.78,3.819837
2018-12-09 01:30:00,3.82,3.7601814
2018-12-09 01:45:00,3.78,3.8223016
2018-12-09 02:00:00,3.78,3.7688575
2018-12-09 02:15:00,3.17,3.753399
2018-12-09 02:30:00,3.13,3.191259
2018-12-09 02:45:00,3.35,3.1565263
2018-12-09 03:00:00,3.67,3.3789098
2018-12-09 03:15:00,3.02,3.4024274
2018-12-09 03:30:00,3.13,3.038834
2018-12-09 03:45:00,3.06,3.1781178
2018-12-09 04:00:00,3.06,3.0709
2018-12-09 04:15:00,3.06,3.0921223
2018-12-09 04:30:00,3.2,3.0972147
2018-12-09 04:45:00,3.78,3.3519523
2018-12-09 05:00:00,3.78,3.4206126
2018-12-09 05:15:00,3.74,3.3536994
2018-12-09 05:30:00,3.74,3.3493776
2018-12-09 05:45:00,3.13,3.681563
2018-12-09 06:00:00,3.74,3.1152244
2018-12-09 06:15:00,3.56,3.4975426
2018-12-09 06:30:00,3.1,3.438681
2018-12-09 06:45:00,2.95,3.085258
2018-12-09 07:00:00,3.06,2.9829655
2018-12-09 07:15:00,3.02,3.085333
2018-12-09 07:30:00,2.95,3.0448282
2018-12-09 07:45:00,3.02,2.9961433
2018-12-09 08:00:00,2.99,3.0467696
2018-12-09 08:15:00,3.13,3.080651
2018-12-09 08:30:00,3.74,3.3190272
2018-12-09 08:45:00,3.82,3.6505325
2018-12-09 09:00:00,3.96,3.5070484
2018-12-09 09:15:00,4.03,3.5928073
2018-12-09 09:30:00,3.35,3.8650494
2018-12-09 09:45:00,3.31,3.3002846
2018-12-09 10:00:00,3.89,3.3465722
2018-12-09 10:15:00,4.03,3.72968
2018-12-09 10:30:00,3.31,3.4451172
2018-12-09 10:45:00,3.35,3.2395067
2018-12-09 11:00:00,3.42,3.3103461
2018-12-09 11:15:00,3.35,3.387095
2018-12-09 11:30:00,3.31,3.346379
2018-12-09 11:45:00,3.38,3.3389306
2018-12-09 12:00:00,3.89,3.387854
2018-12-09 12:15:00,4.18,3.5991888
2018-12-09 12:30:00,4.1,3.699257
2018-12-09 12:45:00,4.1,3.6693716
2018-12-09 13:00:00,3.6,3.9859304
2018-12-09 13:15:00,3.42,3.6152768
2018-12-09 13:30:00,3.42,3.502968
2018-12-09 13:45:00,3.35,3.4977095
2018-12-09 14:00:00,3.92,3.402098
2018-12-09 14:15:00,3.78,3.7398143
2018-12-09 14:30:00,3.42,3.6823022
2018-12-09 14:45:00,3.38,3.3514435
2018-12-09 15:00:00,3.46,3.369619
2018-12-09 15:15:00,3.42,3.5114942
2018-12-09 15:30:00,3.53,3.4392836
2018-12-09 15:45:00,4.07,3.540874
2018-12-09 16:00:00,4.03,3.8736267
2018-12-09 16:15:00,4.14,3.6160846
2018-12-09 16:30:00,4.0,3.760083
2018-12-09 16:45:00,3.31,3.96823
2018-12-09 17:00:00,3.35,3.2619617
2018-12-09 17:15:00,3.49,3.3549004
2018-12-09 17:30:00,4.1,3.4423013
2018-12-09 17:45:00,3.64,3.543274
2018-12-09 18:00:00,3.24,3.5061796
2018-12-09 18:15:00,3.28,3.2243476
2018-12-09 18:30:00,3.31,3.2914944
2018-12-09 18:45:00,3.42,3.358824
2018-12-09 19:00:00,3.64,3.4157205
2018-12-09 19:15:00,4.07,3.4737759
2018-12-09 19:30:00,4.03,3.6317608
2018-12-09 19:45:00,4.03,3.559673
2018-12-09 20:00:00,4.0,3.7224848
2018-12-09 20:15:00,3.31,3.8453755
2018-12-09 20:30:00,3.31,3.2895277
2018-12-09 20:45:00,3.35,3.3442485
2018-12-09 21:00:00,3.35,3.339352
2018-12-09 21:15:00,3.67,3.3405786
2018-12-09 21:30:00,4.14,3.4472203
2018-12-09 21:45:00,3.38,3.675238
2018-12-09 22:00:00,3.28,3.3560174
2018-12-09 22:15:00,3.13,3.2134688
2018-12-09 22:30:00,3.17,3.0746193
2018-12-09 22:45:00,3.78,3.1561134
2018-12-09 23:00:00,3.78,3.4242473
2018-12-09 23:15:00,3.74,3.3564942
2018-12-09 23:30:00,3.74,3.3931997
2018-12-09 23:45:00,3.46,3.618366
2018-12-10 00:00:00,5.36,3.7514935
2018-12-10 00:15:00,3.06,3.904876
2018-12-10 00:30:00,3.02,3.1442213
2018-12-10 00:45:00,3.31,3.084725
2018-12-10 01:00:00,3.85,3.3598042
2018-12-10 01:15:00,3.42,3.4581602
2018-12-10 01:30:00,3.1,3.1810331
2018-12-10 01:45:00,3.1,3.0929627
2018-12-10 02:00:00,3.17,3.1216142
2018-12-10 02:15:00,3.31,3.1836054
2018-12-10 02:30:00,3.82,3.3868861
2018-12-10 02:45:00,3.78,3.4748895
2018-12-10 03:00:00,3.82,3.420106
2018-12-10 03:15:00,3.74,3.4288652
2018-12-10 03:30:00,3.1,3.6224995
2018-12-10 03:45:00,3.2,3.1036074
2018-12-10 04:00:00,3.1,3.21915
2018-12-10 04:15:00,3.13,3.1138866
2018-12-10 04:30:00,3.17,3.142927
2018-12-10 04:45:00,3.49,3.1659613
2018-12-10 05:00:00,3.74,3.480276
2018-12-10 05:15:00,3.13,3.3856835
2018-12-10 05:30:00,3.1,3.0882118
2018-12-10 05:45:00,3.82,3.1012495
2018-12-10 06:00:00,3.82,3.495742
2018-12-10 06:15:00,3.85,3.3735404
2018-12-10 06:30:00,3.82,3.3831255
2018-12-10 06:45:00,3.46,3.7208934
2018-12-10 07:00:00,3.06,3.445764
2018-12-10 07:15:00,3.13,3.0945423
2018-12-10 07:30:00,3.56,3.3750005
2018-12-10 07:45:00,5.87,3.9683883
2018-12-10 08:00:00,6.8,6.4864416
2018-12-10 08:15:00,33.48,28.773727
2018-12-10 08:30:00,61.06,61.512596
2018-12-10 08:45:00,58.36,62.04004
2018-12-10 09:00:00,68.62,61.243607
2018-12-10 09:15:00,69.23,60.60297
2018-12-10 09:30:00,70.78,63.660366
2018-12-10 09:45:00,61.74,65.35534
2018-12-10 10:00:00,72.0,65.03796
2018-12-10 10:15:00,56.2,62.224693
2018-12-10 10:30:00,56.02,59.311455
2018-12-10 10:45:00,63.9,58.478134
2018-12-10 11:00:00,68.47,59.85151
2018-12-10 11:15:00,61.56,60.642353
2018-12-10 11:30:00,70.31,60.56221
2018-12-10 11:45:00,62.42,61.304466
2018-12-10 12:00:00,44.75,56.336536
2018-12-10 12:15:00,9.11,6.4020424
2018-12-10 12:30:00,10.33,5.8077703
2018-12-10 12:45:00,11.45,7.615172
2018-12-10 13:00:00,11.09,8.466493
2018-12-10 13:15:00,42.66,44.15115
2018-12-10 13:30:00,72.9,57.753647
2018-12-10 13:45:00,71.03,63.269913
2018-12-10 14:00:00,67.32,68.08465
2018-12-10 14:15:00,64.22,66.199776
2018-12-10 14:30:00,69.91,63.0773
2018-12-10 14:45:00,51.23,64.4132
2018-12-10 15:00:00,58.39,55.3894
2018-12-10 15:15:00,69.62,58.553425
2018-12-10 15:30:00,66.71,60.32642
2018-12-10 15:45:00,65.99,59.62598
2018-12-10 16:00:00,64.98,62.08052
2018-12-10 16:15:00,64.55,63.153736
2018-12-10 16:30:00,63.72,61.110043
2018-12-10 16:45:00,66.53,61.31768
2018-12-10 17:00:00,62.57,60.750954
2018-12-10 17:15:00,63.72,59.69814
2018-12-10 17:30:00,58.64,57.496914
2018-12-10 17:45:00,60.12,32.267586
2018-12-10 18:00:00,24.73,39.566525
2018-12-10 18:15:00,5.47,26.38197
2018-12-10 18:30:00,4.5,5.110411
2018-12-10 18:45:00,4.46,4.2223806
2018-12-10 19:00:00,4.46,4.3143315
2018-12-10 19:15:00,4.75,4.3330493
2018-12-10 19:30:00,5.69,4.662002
2018-12-10 19:45:00,5.62,5.4221644
2018-12-10 20:00:00,4.46,5.1859136
2018-12-10 20:15:00,4.46,4.3663187
2018-12-10 20:30:00,4.5,4.2336965
2018-12-10 20:45:00,4.43,4.24496
2018-12-10 21:00:00,4.46,4.3440704
2018-12-10 21:15:00,4.5,4.410593
2018-12-10 21:30:00,4.57,4.405665
2018-12-10 21:45:00,4.54,4.484921
2018-12-10 22:00:00,4.46,4.3919744
2018-12-10 22:15:00,4.28,4.3058906
2018-12-10 22:30:00,4.25,4.1546454
2018-12-10 22:45:00,4.32,4.1709957
2018-12-10 23:00:00,4.18,4.172588
2018-12-10 23:15:00,4.18,4.0876904
2018-12-10 23:30:00,4.21,4.0875626
2018-12-10 23:45:00,4.28,4.1408176
2018-12-11 00:00:00,4.18,4.1217647
2018-12-11 00:15:00,4.86,4.161091
2018-12-11 00:30:00,4.21,4.3735585
2018-12-11 00:45:00,4.18,4.0419126
2018-12-11 01:00:00,4.21,4.0411315
2018-12-11 01:15:00,4.32,4.1247196
2018-12-11 01:30:00,4.25,4.2053814
2018-12-11 01:45:00,4.18,4.162608
2018-12-11 02:00:00,4.21,4.1812196
2018-12-11 02:15:00,4.28,4.17284
2018-12-11 02:30:00,4.25,4.2050333
2018-12-11 02:45:00,4.21,4.176103
2018-12-11 03:00:00,3.56,4.155035
2018-12-11 03:15:00,3.56,3.6223
2018-12-11 03:30:00,3.53,3.5666642
2018-12-11 03:45:00,3.53,3.5340278
2018-12-11 04:00:00,3.85,3.5275385
2018-12-11 04:15:00,4.18,3.7700474
2018-12-11 04:30:00,3.49,3.8442042
2018-12-11 04:45:00,3.56,3.518526
2018-12-11 05:00:00,3.56,3.5553777
2018-12-11 05:15:00,3.74,3.5341377
2018-12-11 05:30:00,4.18,3.6577854
2018-12-11 05:45:00,4.25,3.850092
2018-12-11 06:00:00,4.28,3.8554566
2018-12-11 06:15:00,3.56,3.846435
2018-12-11 06:30:00,3.53,3.5293303
2018-12-11 06:45:00,3.6,3.5582395
2018-12-11 07:00:00,3.49,3.5658803
2018-12-11 07:15:00,4.1,3.5166812
2018-12-11 07:30:00,4.07,4.223674
2018-12-11 07:45:00,4.86,4.4915686
2018-12-11 08:00:00,14.83,5.242053
2018-12-11 08:15:00,44.21,34.659763
2018-12-11 08:30:00,54.04,57.365982
2018-12-11 08:45:00,61.74,58.37608
2018-12-11 09:00:00,69.48,62.19257
2018-12-11 09:15:00,75.38,58.07464
2018-12-11 09:30:00,71.82,63.790913
2018-12-11 09:45:00,71.24,68.67142
2018-12-11 10:00:00,54.86,69.68864
2018-12-11 10:15:00,66.13,58.105827
2018-12-11 10:30:00,73.08,60.475357
2018-12-11 10:45:00,77.51,61.38562
2018-12-11 11:00:00,72.54,73.53651
2018-12-11 11:15:00,63.83,70.34031
2018-12-11 11:30:00,67.07,66.33123
2018-12-11 11:45:00,84.24,60.907463
2018-12-11 12:00:00,72.79,70.68706
2018-12-11 12:15:00,7.96,14.219358
2018-12-11 12:30:00,5.8,6.64438
2018-12-11 12:45:00,6.98,6.405613
2018-12-11 13:00:00,6.95,7.740889
2018-12-11 13:15:00,38.45,44.731594
2018-12-11 13:30:00,59.36,62.679665
2018-12-11 13:45:00,66.02,58.16367
2018-12-11 14:00:00,80.28,63.91328
2018-12-11 14:15:00,75.53,75.30474
2018-12-11 14:30:00,72.0,70.93402
2018-12-11 14:45:00,72.61,71.941475
2018-12-11 15:00:00,78.55,71.95082
2018-12-11 15:15:00,73.98,77.91145
2018-12-11 15:30:00,76.79,71.36836
2018-12-11 15:45:00,80.46,73.97205
2018-12-11 16:00:00,68.11,77.532845
2018-12-11 16:15:00,71.68,70.99571
2018-12-11 16:30:00,69.8,68.49038
2018-12-11 16:45:00,75.46,68.606995
2018-12-11 17:00:00,70.27,68.1969
2018-12-11 17:15:00,78.48,68.872345
2018-12-11 17:30:00,66.78,75.1817
2018-12-11 17:45:00,32.11,39.135056
2018-12-11 18:00:00,31.25,31.017744
2018-12-11 18:15:00,36.4,47.528038
2018-12-11 18:30:00,39.56,46.267323
2018-12-11 18:45:00,51.44,41.94793
2018-12-11 19:00:00,51.52,50.493877
2018-12-11 19:15:00,53.57,50.0862
2018-12-11 19:30:00,52.81,49.928753
2018-12-11 19:45:00,52.38,52.058773
2018-12-11 20:00:00,53.21,52.04451
2018-12-11 20:15:00,51.91,53.09564
2018-12-11 20:30:00,53.46,51.03779
2018-12-11 20:45:00,32.36,45.94019
2018-12-11 21:00:00,28.37,20.660513
2018-12-11 21:15:00,6.77,10.5264
2018-12-11 21:30:00,5.69,5.3185825
2018-12-11 21:45:00,5.8,5.4593725
2018-12-11 22:00:00,5.69,5.4686475
2018-12-11 22:15:00,5.47,5.3755865
2018-12-11 22:30:00,5.44,4.9362173
2018-12-11 22:45:00,4.97,5.0459757
2018-12-11 23:00:00,4.36,4.818712
2018-12-11 23:15:00,4.25,4.1324415
2018-12-11 23:30:00,4.21,4.0446506
2018-12-11 23:45:00,4.14,4.1325707
2018-12-12 00:00:00,4.21,9.299
2018-12-12 00:15:00,4.21,4.4633493
2018-12-12 00:30:00,4.14,4.1887507
2018-12-12 00:45:00,4.14,4.1279655
2018-12-12 01:00:00,4.14,4.111801
2018-12-12 01:15:00,4.21,4.1432424
2018-12-12 01:30:00,4.18,4.1809125
2018-12-12 01:45:00,4.75,4.15488
2018-12-12 02:00:00,5.33,4.318371
2018-12-12 02:15:00,4.25,4.645066
2018-12-12 02:30:00,4.25,4.051137
2018-12-12 02:45:00,4.18,4.2045627
2018-12-12 03:00:00,4.21,4.134385
2018-12-12 03:15:00,4.18,4.1424603
2018-12-12 03:30:00,4.18,4.0566044
2018-12-12 03:45:00,4.25,4.0370526
2018-12-12 04:00:00,4.18,4.0617723
2018-12-12 04:15:00,4.03,4.0202694
2018-12-12 04:30:00,3.46,4.0009937
2018-12-12 04:45:00,3.46,3.5021782
2018-12-12 05:00:00,3.53,3.4852102
2018-12-12 05:15:00,3.46,3.5026345
2018-12-12 05:30:00,3.49,3.4480655
2018-12-12 05:45:00,4.0,3.4618502
2018-12-12 06:00:00,4.25,3.8761947
2018-12-12 06:15:00,3.85,3.865934
2018-12-12 06:30:00,3.42,3.5952108
2018-12-12 06:45:00,3.42,3.4568262
2018-12-12 07:00:00,3.96,3.4883816
2018-12-12 07:15:00,4.1,3.8501897
2018-12-12 07:30:00,4.32,4.120509
2018-12-12 07:45:00,5.83,4.7940245
2018-12-12 08:00:00,5.8,6.582233
2018-12-12 08:15:00,36.86,34.69426
2018-12-12 08:30:00,60.37,60.821186
2018-12-12 08:45:00,66.46,60.6384
2018-12-12 09:00:00,69.05,66.76652
2018-12-12 09:15:00,63.86,64.58725
2018-12-12 09:30:00,65.59,63.306503
2018-12-12 09:45:00,60.98,63.797623
2018-12-12 10:00:00,65.74,60.813347
2018-12-12 10:15:00,57.17,61.687172
2018-12-12 10:30:00,64.55,58.796406
2018-12-12 10:45:00,53.42,61.952156
2018-12-12 11:00:00,65.88,57.55506
2018-12-12 11:15:00,57.71,60.785507
2018-12-12 11:30:00,59.76,59.768406
2018-12-12 11:45:00,79.85,58.23228
2018-12-12 12:00:00,49.64,67.40067
2018-12-12 12:15:00,27.97,8.711155
2018-12-12 12:30:00,29.74,9.12123
2018-12-12 12:45:00,29.56,27.643229
2018-12-12 13:00:00,29.3,27.690031
2018-12-12 13:15:00,58.86,38.30987
2018-12-12 13:30:00,61.78,59.789406
2018-12-12 13:45:00,77.0,60.87613
2018-12-12 14:00:00,65.56,70.8018
2018-12-12 14:15:00,86.51,66.62055
2018-12-12 14:30:00,60.44,79.42861
2018-12-12 14:45:00,64.8,66.301636
2018-12-12 15:00:00,72.18,63.06043
2018-12-12 15:15:00,69.08,65.26742
2018-12-12 15:30:00,66.17,66.6677
2018-12-12 15:45:00,61.67,64.232254
2018-12-12 16:00:00,70.6,61.70227
2018-12-12 16:15:00,68.36,65.3574
2018-12-12 16:30:00,75.1,66.7346
2018-12-12 16:45:00,66.13,68.706436
2018-12-12 17:00:00,70.7,66.33021
2018-12-12 17:15:00,60.7,65.30168
2018-12-12 17:30:00,57.92,60.777664
2018-12-12 17:45:00,32.9,35.369144
2018-12-12 18:00:00,30.53,29.881445
2018-12-12 18:15:00,49.9,37.18175
2018-12-12 18:30:00,67.25,58.206734
2018-12-12 18:45:00,69.37,59.65969
2018-12-12 19:00:00,65.99,61.15802
2018-12-12 19:15:00,66.02,58.437946
2018-12-12 19:30:00,60.19,59.747356
2018-12-12 19:45:00,58.54,56.443172
2018-12-12 20:00:00,61.85,56.090965
2018-12-12 20:15:00,67.07,56.833412
2018-12-12 20:30:00,58.82,56.23193
2018-12-12 20:45:00,53.35,49.6895
2018-12-12 21:00:00,30.35,36.307938
2018-12-12 21:15:00,12.2,17.552773
2018-12-12 21:30:00,5.8,5.108094
2018-12-12 21:45:00,5.76,5.53961
2018-12-12 22:00:00,5.65,5.5357466
2018-12-12 22:15:00,5.04,5.5421023
2018-12-12 22:30:00,4.25,4.731719
2018-12-12 22:45:00,4.25,4.1377563
2018-12-12 23:00:00,4.21,4.14983
2018-12-12 23:15:00,4.14,4.074961
2018-12-12 23:30:00,4.1,4.043038
2018-12-12 23:45:00,4.1,4.0959134
2018-12-13 00:00:00,5.26,5.6932554
2018-12-13 00:15:00,4.1,4.525445
2018-12-13 00:30:00,4.18,4.031211
2018-12-13 00:45:00,4.21,4.143974
2018-12-13 01:00:00,4.14,4.2182827
2018-12-13 01:15:00,4.28,4.1263843
2018-12-13 01:30:00,4.18,4.1897936
2018-12-13 01:45:00,4.25,4.15664
2018-12-13 02:00:00,5.36,4.165122
2018-12-13 02:15:00,4.79,4.693418
2018-12-13 02:30:00,4.25,4.2081175
2018-12-13 02:45:00,4.18,4.03632
2018-12-13 03:00:00,4.21,4.1440144
2018-12-13 03:15:00,4.18,4.0905313
2018-12-13 03:30:00,4.21,4.1081514
2018-12-13 03:45:00,4.21,4.0703387
2018-12-13 04:00:00,4.21,4.059313
2018-12-13 04:15:00,4.18,4.0972753
2018-12-13 04:30:00,4.21,4.088125
2018-12-13 04:45:00,4.21,4.1233673
2018-12-13 05:00:00,4.18,4.1460524
2018-12-13 05:15:00,3.67,4.1439137
2018-12-13 05:30:00,3.42,3.7560232
2018-12-13 05:45:00,3.89,3.5011015
2018-12-13 06:00:00,4.32,3.950274
2018-12-13 06:15:00,3.46,3.9369798
2018-12-13 06:30:00,3.38,3.4658225
2018-12-13 06:45:00,3.38,3.4168143
2018-12-13 07:00:00,3.42,3.4232597
2018-12-13 07:15:00,3.42,3.4156005
2018-12-13 07:30:00,3.71,3.8426125
2018-12-13 07:45:00,5.69,4.29625
2018-12-13 08:00:00,6.23,6.472362
2018-12-13 08:15:00,35.57,36.251392
2018-12-13 08:30:00,72.86,62.29118
2018-12-13 08:45:00,61.74,75.20716
2018-12-13 09:00:00,76.36,69.24467
2018-12-13 09:15:00,63.11,75.09295
2018-12-13 09:30:00,65.66,68.29313
2018-12-13 09:45:00,72.07,64.50531
2018-12-13 10:00:00,56.84,67.40174
2018-12-13 10:15:00,69.3,58.598263
2018-12-13 10:30:00,65.66,63.968185
2018-12-13 10:45:00,85.43,63.816578
2018-12-13 11:00:00,53.17,77.45442
2018-12-13 11:15:00,55.4,60.20328
2018-12-13 11:30:00,60.08,59.63315
2018-12-13 11:45:00,58.0,57.087254
2018-12-13 12:00:00,51.3,52.911964
2018-12-13 12:15:00,11.38,9.582467
2018-12-13 12:30:00,10.91,6.4678507
2018-12-13 12:45:00,30.1,8.208391
2018-12-13 13:00:00,36.4,33.508526
2018-12-13 13:15:00,41.69,46.534004
2018-12-13 13:30:00,56.92,45.31606
2018-12-13 13:45:00,46.66,56.078506
2018-12-13 14:00:00,52.52,50.913948
2018-12-13 14:15:00,58.25,53.86144
2018-12-13 14:30:00,72.61,57.346706
2018-12-13 14:45:00,66.24,61.26935
2018-12-13 15:00:00,73.08,64.610504
2018-12-13 15:15:00,60.52,66.66252
2018-12-13 15:30:00,59.87,62.323753
2018-12-13 15:45:00,63.5,59.26968
2018-12-13 16:00:00,60.52,61.267
2018-12-13 16:15:00,88.92,59.23585
2018-12-13 16:30:00,105.37,79.23483
2018-12-13 16:45:00,102.89,86.47429
2018-12-13 17:00:00,77.83,98.468414
2018-12-13 17:15:00,67.18,95.95648
2018-12-13 17:30:00,70.13,71.13459
2018-12-13 17:45:00,31.72,39.10075
2018-12-13 18:00:00,31.5,30.915548
2018-12-13 18:15:00,54.79,47.694996
2018-12-13 18:30:00,77.04,60.919334
2018-12-13 18:45:00,79.63,74.75617
2018-12-13 19:00:00,80.46,81.755005
2018-12-13 19:15:00,71.89,79.42957
2018-12-13 19:30:00,78.52,73.717964
2018-12-13 19:45:00,52.31,77.76454
2018-12-13 20:00:00,61.16,60.37111
2018-12-13 20:15:00,61.6,59.366165
2018-12-13 20:30:00,49.68,58.98861
2018-12-13 20:45:00,41.54,43.425335
2018-12-13 21:00:00,20.16,30.786362
2018-12-13 21:15:00,6.16,5.906588
2018-12-13 21:30:00,5.69,5.505174
2018-12-13 21:45:00,5.69,5.530773
2018-12-13 22:00:00,5.65,5.6183486
2018-12-13 22:15:00,5.47,5.577332
2018-12-13 22:30:00,5.4,5.0122533
2018-12-13 22:45:00,5.36,5.0705147
2018-12-13 23:00:00,5.36,5.0341864
2018-12-13 23:15:00,5.26,4.9975753
2018-12-13 23:30:00,5.22,5.0107746
2018-12-13 23:45:00,5.18,5.0108147
2018-12-14 00:00:00,4.1,8.131058
2018-12-14 00:15:00,5.33,4.4663982
2018-12-14 00:30:00,5.29,5.092662
2018-12-14 00:45:00,5.26,4.9287777
2018-12-14 01:00:00,5.29,4.5908585
2018-12-14 01:15:00,5.26,5.1067934
2018-12-14 01:30:00,5.36,5.0816717
2018-12-14 01:45:00,5.33,5.1004257
2018-12-14 02:00:00,4.79,5.0812345
2018-12-14 02:15:00,4.14,4.7107353
2018-12-14 02:30:00,4.18,4.1093245
2018-12-14 02:45:00,4.21,4.240865
2018-12-14 03:00:00,4.18,4.203995
2018-12-14 03:15:00,4.25,4.1472354
2018-12-14 03:30:00,4.18,4.1310697
2018-12-14 03:45:00,4.14,4.1329193
2018-12-14 04:00:00,4.28,4.0937104
2018-12-14 04:15:00,4.18,4.1505466
2018-12-14 04:30:00,4.18,4.0788536
2018-12-14 04:45:00,4.1,4.1186814
2018-12-14 05:00:00,4.46,4.078562
2018-12-14 05:15:00,5.4,4.253703
2018-12-14 05:30:00,4.5,4.7872667
2018-12-14 05:45:00,4.18,4.1078014
2018-12-14 06:00:00,4.14,4.085136
2018-12-14 06:15:00,4.14,4.1342683
2018-12-14 06:30:00,3.49,4.1584306
2018-12-14 06:45:00,3.42,3.5569706
2018-12-14 07:00:00,3.35,3.48194
2018-12-14 07:15:00,3.35,3.4121423
2018-12-14 07:30:00,4.25,3.702313
2018-12-14 07:45:00,6.52,4.603587
2018-12-14 08:00:00,7.38,7.003347
2018-12-14 08:15:00,36.22,38.33999
2018-12-14 08:30:00,94.18,61.881767
2018-12-14 08:45:00,97.88,93.38541
2018-12-14 09:00:00,134.5,98.13474
2018-12-14 09:15:00,93.67,108.02167
2018-12-14 09:30:00,109.26,108.8677
2018-12-14 09:45:00,128.34,99.864006
2018-12-14 10:00:00,81.47,100.23239
2018-12-14 10:15:00,109.69,109.019424
2018-12-14 10:30:00,120.67,94.74917
2018-12-14 10:45:00,92.81,97.84077
2018-12-14 11:00:00,91.58,104.36169
2018-12-14 11:15:00,104.9,93.31726
2018-12-14 11:30:00,124.2,93.71082
2018-12-14 11:45:00,88.85,101.53168
2018-12-14 12:00:00,132.01,99.794525
2018-12-14 12:15:00,13.61,10.307087
2018-12-14 12:30:00,9.86,7.186927
2018-12-14 12:45:00,9.61,9.11456
2018-12-14 13:00:00,9.43,10.634548
2018-12-14 13:15:00,86.98,57.965786
2018-12-14 13:30:00,74.66,101.33838
2018-12-14 13:45:00,116.42,88.05942
2018-12-14 14:00:00,107.57,100.5089
2018-12-14 14:15:00,103.82,103.466286
2018-12-14 14:30:00,114.73,103.071556
2018-12-14 14:45:00,84.74,94.06572
2018-12-14 15:00:00,109.4,103.16894
2018-12-14 15:15:00,125.21,95.43523
2018-12-14 15:30:00,89.35,96.017815
2018-12-14 15:45:00,122.26,105.930435
2018-12-14 16:00:00,114.66,94.81997
2018-12-14 16:15:00,96.8,100.18003
2018-12-14 16:30:00,118.12,96.29332
2018-12-14 16:45:00,133.2,92.97718
2018-12-14 17:00:00,102.64,100.72923
2018-12-14 17:15:00,63.94,100.177864
2018-12-14 17:30:00,62.64,71.158104
2018-12-14 17:45:00,37.94,43.537148
2018-12-14 18:00:00,32.62,30.50368
2018-12-14 18:15:00,29.63,43.27186
2018-12-14 18:30:00,26.57,39.134968
2018-12-14 18:45:00,26.35,33.074196
2018-12-14 19:00:00,26.32,36.202103
2018-12-14 19:15:00,26.39,30.121227
2018-12-14 19:30:00,26.64,29.110006
2018-12-14 19:45:00,28.44,29.791529
2018-12-14 20:00:00,30.46,29.26553
2018-12-14 20:15:00,29.88,31.23695
2018-12-14 20:30:00,30.06,30.871561
2018-12-14 20:45:00,31.93,35.776447
2018-12-14 21:00:00,28.66,27.816656
2018-12-14 21:15:00,5.76,22.244406
2018-12-14 21:30:00,5.8,5.452653
2018-12-14 21:45:00,5.72,5.5918913
2018-12-14 22:00:00,5.69,5.551092
2018-12-14 22:15:00,5.4,5.3965645
2018-12-14 22:30:00,5.33,5.0541
2018-12-14 22:45:00,5.33,5.157681
2018-12-14 23:00:00,5.33,5.109176
2018-12-14 23:15:00,4.86,5.0874953
2018-12-14 23:30:00,4.03,4.7718434
2018-12-14 23:45:00,4.03,3.989711
2018-12-15 00:00:00,3.28,3.9508936
2018-12-15 00:15:00,4.14,3.704791
2018-12-15 00:30:00,4.1,4.0952463
2018-12-15 00:45:00,4.07,4.0466866
2018-12-15 01:00:00,4.14,3.6003416
2018-12-15 01:15:00,4.14,4.0872297
2018-12-15 01:30:00,4.14,4.0916595
2018-12-15 01:45:00,4.14,4.0914187
2018-12-15 02:00:00,4.1,4.061564
2018-12-15 02:15:00,4.1,4.0760036
2018-12-15 02:30:00,4.21,4.079772
2018-12-15 02:45:00,4.1,4.1149087
2018-12-15 03:00:00,4.18,4.067396
2018-12-15 03:15:00,4.82,4.14958
2018-12-15 03:30:00,5.26,4.415647
2018-12-15 03:45:00,4.18,4.552816
2018-12-15 04:00:00,4.14,4.003648
2018-12-15 04:15:00,4.14,4.0482197
2018-12-15 04:30:00,3.82,4.0790825
2018-12-15 04:45:00,3.46,3.8454075
2018-12-15 05:00:00,3.49,3.5172167
2018-12-15 05:15:00,3.42,3.5001423
2018-12-15 05:30:00,3.42,3.4782684
2018-12-15 05:45:00,3.42,3.438279
2018-12-15 06:00:00,3.38,3.433077
2018-12-15 06:15:00,3.46,3.3697252
2018-12-15 06:30:00,3.42,3.4363978
2018-12-15 06:45:00,3.49,3.4192674
2018-12-15 07:00:00,4.57,3.4016163
2018-12-15 07:15:00,4.43,3.9918277
2018-12-15 07:30:00,4.1,3.852265
2018-12-15 07:45:00,4.07,3.914019
2018-12-15 08:00:00,3.64,4.163703
2018-12-15 08:15:00,3.35,31.284512
2018-12-15 08:30:00,3.35,3.9516492
2018-12-15 08:45:00,3.38,3.5982704
2018-12-15 09:00:00,3.49,3.6517162
2018-12-15 09:15:00,3.56,3.8445735
2018-12-15 09:30:00,3.38,3.7711203
2018-12-15 09:45:00,3.42,3.584083
2018-12-15 10:00:00,3.35,3.7362168
2018-12-15 10:15:00,3.35,3.7508984
2018-12-15 10:30:00,3.35,3.6159213
2018-12-15 10:45:00,4.97,3.6024108
2018-12-15 11:00:00,5.36,4.9972196
2018-12-15 11:15:00,4.28,5.9851747
2018-12-15 11:30:00,4.18,4.2964864
2018-12-15 11:45:00,3.35,4.655704
2018-12-15 12:00:00,3.38,3.5185106
2018-12-15 12:15:00,3.42,3.4725246
2018-12-15 12:30:00,3.42,3.5535693
2018-12-15 12:45:00,3.42,3.562326
2018-12-15 13:00:00,3.38,3.576489
2018-12-15 13:15:00,3.31,3.5962715
2018-12-15 13:30:00,3.35,3.5305421
2018-12-15 13:45:00,3.38,3.5710962
2018-12-15 14:00:00,3.31,3.5844471
2018-12-15 14:15:00,3.82,3.4860337
2018-12-15 14:30:00,4.1,3.865563
2018-12-15 14:45:00,4.07,3.7986474
2018-12-15 15:00:00,4.21,3.7476277
2018-12-15 15:15:00,3.74,4.1222973
2018-12-15 15:30:00,3.74,3.8538337
2018-12-15 15:45:00,3.96,3.879694
2018-12-15 16:00:00,3.28,4.062406
2018-12-15 16:15:00,3.35,3.3625612
2018-12-15 16:30:00,3.28,3.443252
2018-12-15 16:45:00,3.24,3.4542797
2018-12-15 17:00:00,3.28,3.3441162
2018-12-15 17:15:00,3.28,3.331848
2018-12-15 17:30:00,3.35,3.357767
2018-12-15 17:45:00,4.18,3.3697023
2018-12-15 18:00:00,4.1,3.5361803
2018-12-15 18:15:00,4.1,3.3668513
2018-12-15 18:30:00,4.1,3.4863448
2018-12-15 18:45:00,4.03,4.0903897
2018-12-15 19:00:00,4.28,4.002089
2018-12-15 19:15:00,3.49,4.0436435
2018-12-15 19:30:00,3.38,3.4862187
2018-12-15 19:45:00,3.35,3.4355412
2018-12-15 20:00:00,3.38,3.3977244
2018-12-15 20:15:00,3.46,3.3819926
2018-12-15 20:30:00,3.42,3.4231548
2018-12-15 20:45:00,3.35,3.3926575
2018-12-15 21:00:00,3.38,3.370792
2018-12-15 21:15:00,3.96,3.3993926
2018-12-15 21:30:00,4.28,3.6726744
2018-12-15 21:45:00,4.25,3.4949582
2018-12-15 22:00:00,4.18,3.5429585
2018-12-15 22:15:00,3.74,3.9859037
2018-12-15 22:30:00,3.31,3.6205575
2018-12-15 22:45:00,4.07,3.26988
2018-12-15 23:00:00,3.56,3.8389535
2018-12-15 23:15:00,3.17,3.5531027
2018-12-15 23:30:00,3.24,3.1620219
2018-12-15 23:45:00,3.2,3.2465236
2018-12-16 00:00:00,4.21,3.3278768
2018-12-16 00:15:00,3.24,3.3221629
2018-12-16 00:30:00,3.28,3.2795765
2018-12-16 00:45:00,3.28,3.2871466
2018-12-16 01:00:00,3.85,3.2896855
2018-12-16 01:15:00,4.18,3.4732773
2018-12-16 01:30:00,4.07,3.5249877
2018-12-16 01:45:00,4.07,3.49469
2018-12-16 02:00:00,3.92,3.9818552
2018-12-16 02:15:00,3.28,3.7662537
2018-12-16 02:30:00,3.42,3.2318146
2018-12-16 02:45:00,3.53,3.3972106
2018-12-16 03:00:00,4.14,3.4655693
2018-12-16 03:15:00,3.56,3.656139
2018-12-16 03:30:00,3.35,3.5068035
2018-12-16 03:45:00,3.38,3.300098
2018-12-16 04:00:00,3.42,3.347241
2018-12-16 04:15:00,3.42,3.385781
2018-12-16 04:30:00,3.42,3.3951843
2018-12-16 04:45:00,3.38,3.4303305
2018-12-16 05:00:00,4.07,3.365457
2018-12-16 05:15:00,4.14,3.7708685
2018-12-16 05:30:00,4.07,3.6533623
2018-12-16 05:45:00,4.07,3.6414158
2018-12-16 06:00:00,3.53,3.9397066
2018-12-16 06:15:00,3.31,3.509566
2018-12-16 06:30:00,3.35,3.3231876
2018-12-16 06:45:00,3.64,3.3336768
2018-12-16 07:00:00,4.07,3.5514104
2018-12-16 07:15:00,3.38,3.8540769
2018-12-16 07:30:00,3.28,3.3874595
2018-12-16 07:45:00,3.89,3.3590503
2018-12-16 08:00:00,3.96,3.7725222
2018-12-16 08:15:00,39.35,3.7683578
2018-12-16 08:30:00,63.54,61.125896
2018-12-16 08:45:00,65.02,63.970646
2018-12-16 09:00:00,63.79,67.851036
2018-12-16 09:15:00,61.7,59.345272
2018-12-16 09:30:00,64.8,62.18512
2018-12-16 09:45:00,51.16,64.45166
2018-12-16 10:00:00,55.01,51.394978
2018-12-16 10:15:00,61.81,56.899494
2018-12-16 10:30:00,72.18,59.422443
2018-12-16 10:45:00,54.86,55.301117
2018-12-16 11:00:00,66.78,58.48613
2018-12-16 11:15:00,69.95,60.39618
2018-12-16 11:30:00,53.35,62.88474
2018-12-16 11:45:00,55.51,55.776318
2018-12-16 12:00:00,11.81,58.966335
2018-12-16 12:15:00,5.65,5.538039
2018-12-16 12:30:00,5.54,5.536807
2018-12-16 12:45:00,5.44,5.3691072
2018-12-16 13:00:00,5.33,5.4782543
2018-12-16 13:15:00,36.47,29.41574
2018-12-16 13:30:00,63.72,50.245304
2018-12-16 13:45:00,64.8,62.42072
2018-12-16 14:00:00,61.85,63.72523
2018-12-16 14:15:00,57.89,60.357704
2018-12-16 14:30:00,54.36,60.285145
2018-12-16 14:45:00,47.38,56.500374
2018-12-16 15:00:00,43.49,48.763504
2018-12-16 15:15:00,45.4,47.00662
2018-12-16 15:30:00,60.55,47.470562
2018-12-16 15:45:00,48.42,54.371277
2018-12-16 16:00:00,63.22,49.74196
2018-12-16 16:15:00,62.64,57.495216
2018-12-16 16:30:00,66.02,60.352657
2018-12-16 16:45:00,35.42,63.553288
2018-12-16 17:00:00,9.11,20.452377
2018-12-16 17:15:00,8.06,5.0160537
2018-12-16 17:30:00,7.74,5.5255346
2018-12-16 17:45:00,7.85,5.8955708
2018-12-16 18:00:00,6.73,7.311385
2018-12-16 18:15:00,5.22,5.886486
2018-12-16 18:30:00,5.69,4.770633
2018-12-16 18:45:00,5.72,5.2863173
2018-12-16 19:00:00,5.69,5.377318
2018-12-16 19:15:00,5.72,5.602763
2018-12-16 19:30:00,5.44,5.4178743
2018-12-16 19:45:00,4.46,5.153578
2018-12-16 20:00:00,4.5,4.2117105
2018-12-16 20:15:00,4.46,4.1510615
2018-12-16 20:30:00,4.5,4.136356
2018-12-16 20:45:00,4.54,4.3658113
2018-12-16 21:00:00,4.46,4.3744316
2018-12-16 21:15:00,4.5,4.3949556
2018-12-16 21:30:00,4.5,4.396657
2018-12-16 21:45:00,4.57,4.390306
2018-12-16 22:00:00,4.57,4.40822
2018-12-16 22:15:00,4.25,4.327793
2018-12-16 22:30:00,4.25,4.1036677
2018-12-16 22:45:00,4.18,4.117123
2018-12-16 23:00:00,5.44,4.135742
2018-12-16 23:15:00,4.82,4.704113
2018-12-16 23:30:00,4.14,4.12819
2018-12-16 23:45:00,4.18,3.967
2018-12-17 00:00:00,4.57,4.7760878
2018-12-17 00:15:00,4.25,4.29078
2018-12-17 00:30:00,4.18,4.133922
2018-12-17 00:45:00,4.21,4.1291103
2018-12-17 01:00:00,4.21,4.199582
2018-12-17 01:15:00,4.21,4.1564407
2018-12-17 01:30:00,4.36,4.1498933
2018-12-17 01:45:00,4.28,4.2173624
2018-12-17 02:00:00,4.28,4.21697
2018-12-17 02:15:00,4.28,4.1845193
2018-12-17 02:30:00,3.71,4.2502246
2018-12-17 02:45:00,4.32,3.7846544
2018-12-17 03:00:00,3.82,4.2508755
2018-12-17 03:15:00,3.53,3.808486
2018-12-17 03:30:00,3.53,3.544334
2018-12-17 03:45:00,3.53,3.5439153
2018-12-17 04:00:00,3.6,3.4825683
2018-12-17 04:15:00,3.53,3.611717
2018-12-17 04:30:00,3.53,3.5153098
2018-12-17 04:45:00,4.1,3.5020504
2018-12-17 05:00:00,4.25,3.979137
2018-12-17 05:15:00,4.28,3.7720995
2018-12-17 05:30:00,4.25,3.7246125
2018-12-17 05:45:00,3.64,4.0963225
2018-12-17 06:00:00,3.49,3.6354284
2018-12-17 06:15:00,3.46,3.5298538
2018-12-17 06:30:00,4.32,3.522058
2018-12-17 06:45:00,3.6,4.0124407
2018-12-17 07:00:00,3.42,3.6054316
2018-12-17 07:15:00,3.49,3.4789956
2018-12-17 07:30:00,4.36,3.8986971
2018-12-17 07:45:00,6.19,4.746898
2018-12-17 08:00:00,6.3,6.8513536
2018-12-17 08:15:00,6.48,34.22787
2018-12-17 08:30:00,53.35,23.394741
2018-12-17 08:45:00,46.94,81.731514
2018-12-17 09:00:00,52.06,56.02854
2018-12-17 09:15:00,54.83,56.22362
2018-12-17 09:30:00,56.12,58.79812
2018-12-17 09:45:00,58.0,58.060886
2018-12-17 10:00:00,50.08,59.116646
2018-12-17 10:15:00,46.04,52.258476
2018-12-17 10:30:00,49.54,54.00765
2018-12-17 10:45:00,54.14,53.17045
2018-12-17 11:00:00,53.78,56.93836
2018-12-17 11:15:00,52.67,55.065872
2018-12-17 11:30:00,55.84,57.55481
2018-12-17 11:45:00,49.64,57.223747
2018-12-17 12:00:00,54.5,51.25089
2018-12-17 12:15:00,11.12,15.080009
2018-12-17 12:30:00,7.06,7.1272974
2018-12-17 12:45:00,7.13,7.4477806
2018-12-17 13:00:00,8.21,7.958408
2018-12-17 13:15:00,33.26,39.042377
2018-12-17 13:30:00,56.99,57.896698
2018-12-17 13:45:00,56.59,57.3149
2018-12-17 14:00:00,55.08,57.35993
2018-12-17 14:15:00,51.05,55.759804
2018-12-17 14:30:00,47.95,53.399597
2018-12-17 14:45:00,57.82,52.249187
2018-12-17 15:00:00,59.11,56.802853
2018-12-17 15:15:00,60.62,56.091694
2018-12-17 15:30:00,53.6,56.687866
2018-12-17 15:45:00,60.44,57.45618
2018-12-17 16:00:00,67.5,58.165615
2018-12-17 16:15:00,85.86,58.503452
2018-12-17 16:30:00,82.33,75.89291
2018-12-17 16:45:00,59.8,80.56797
2018-12-17 17:00:00,60.37,62.130684
2018-12-17 17:15:00,56.38,60.489555
2018-12-17 17:30:00,52.99,57.337093
2018-12-17 17:45:00,35.35,34.681286
2018-12-17 18:00:00,31.32,30.934921
2018-12-17 18:15:00,16.09,35.119946
2018-12-17 18:30:00,6.37,6.619573
2018-12-17 18:45:00,5.8,5.6342425
2018-12-17 19:00:00,5.54,5.71715
2018-12-17 19:15:00,5.54,5.5682406
2018-12-17 19:30:00,5.62,5.3882065
2018-12-17 19:45:00,5.54,5.3354063
2018-12-17 20:00:00,5.62,5.3475556
2018-12-17 20:15:00,5.54,5.374254
2018-12-17 20:30:00,4.75,5.324326
2018-12-17 20:45:00,4.46,4.71359
2018-12-17 21:00:00,4.46,4.2205005
2018-12-17 21:15:00,4.43,4.216693
2018-12-17 21:30:00,4.43,4.313403
2018-12-17 21:45:00,4.46,4.3372393
2018-12-17 22:00:00,4.46,4.3601294
2018-12-17 22:15:00,4.14,4.2850766
2018-12-17 22:30:00,4.18,4.074328
2018-12-17 22:45:00,4.21,4.1767144
2018-12-17 23:00:00,4.18,4.163643
2018-12-17 23:15:00,4.14,4.070567
2018-12-17 23:30:00,4.07,4.056144
2018-12-17 23:45:00,4.07,4.015955
2018-12-18 00:00:00,4.14,4.741774
2018-12-18 00:15:00,5.22,4.097319
2018-12-18 00:30:00,4.68,4.592016
2018-12-18 00:45:00,4.14,4.158071
2018-12-18 01:00:00,4.1,4.059164
2018-12-18 01:15:00,4.18,4.129389
2018-12-18 01:30:00,4.07,4.202522
2018-12-18 01:45:00,4.18,4.020447
2018-12-18 02:00:00,4.1,4.104891
2018-12-18 02:15:00,4.18,4.069947
2018-12-18 02:30:00,4.14,4.1030264
2018-12-18 02:45:00,4.21,4.095673
2018-12-18 03:00:00,4.18,4.1826005
2018-12-18 03:15:00,3.6,4.166157
2018-12-18 03:30:00,3.42,3.7095418
2018-12-18 03:45:00,3.42,3.532547
2018-12-18 04:00:00,3.38,3.455194
2018-12-18 04:15:00,3.42,3.415809
2018-12-18 04:30:00,3.71,3.4237912
2018-12-18 04:45:00,4.18,3.6470604
2018-12-18 05:00:00,3.53,4.0152545
2018-12-18 05:15:00,3.46,3.4973917
2018-12-18 05:30:00,3.38,3.5169723
2018-12-18 05:45:00,4.03,3.436514
2018-12-18 06:00:00,4.14,3.7998004
2018-12-18 06:15:00,3.6,3.7344987
2018-12-18 06:30:00,3.38,3.486298
2018-12-18 06:45:00,3.35,3.4437873
2018-12-18 07:00:00,3.31,3.405379
2018-12-18 07:15:00,3.28,3.3351157
2018-12-18 07:30:00,3.42,3.7290416
2018-12-18 07:45:00,5.58,4.1819353
2018-12-18 08:00:00,7.27,6.79603
2018-12-18 08:15:00,38.38,35.579266
2018-12-18 08:30:00,72.86,61.207954
2018-12-18 08:45:00,66.42,74.50891
2018-12-18 09:00:00,81.4,71.36069
2018-12-18 09:15:00,66.28,76.681725
2018-12-18 09:30:00,78.3,70.10897
2018-12-18 09:45:00,77.72,77.710884
2018-12-18 10:00:00,74.59,78.74008
2018-12-18 10:15:00,63.04,72.10551
2018-12-18 10:30:00,58.68,64.95631
2018-12-18 10:45:00,62.96,58.2948
2018-12-18 11:00:00,68.36,60.04088
2018-12-18 11:15:00,60.05,62.624798
2018-12-18 11:30:00,58.82,59.307487
2018-12-18 11:45:00,64.73,58.98046
2018-12-18 12:00:00,67.54,59.33116
2018-12-18 12:15:00,8.14,15.238637
2018-12-18 12:30:00,8.64,6.399414
2018-12-18 12:45:00,8.78,8.157826
2018-12-18 13:00:00,9.4,9.086456
2018-12-18 13:15:00,52.45,42.146996
2018-12-18 13:30:00,67.46,66.374344
2018-12-18 13:45:00,62.53,63.73295
2018-12-18 14:00:00,62.46,62.024868
2018-12-18 14:15:00,67.18,57.790993
2018-12-18 14:30:00,113.51,61.433483
2018-12-18 14:45:00,99.5,90.3227
2018-12-18 15:00:00,68.0,97.95074
2018-12-18 15:15:00,120.82,83.34486
2018-12-18 15:30:00,79.45,102.36342
2018-12-18 15:45:00,117.68,102.25758
2018-12-18 16:00:00,114.08,95.4552
2018-12-18 16:15:00,106.27,100.04307
2018-12-18 16:30:00,93.28,102.906746
2018-12-18 16:45:00,127.58,101.05084
2018-12-18 17:00:00,94.61,96.35927
2018-12-18 17:15:00,101.02,102.38442
2018-12-18 17:30:00,112.14,97.60011
2018-12-18 17:45:00,68.08,57.18716
2018-12-18 18:00:00,15.95,38.466095
2018-12-18 18:15:00,7.16,7.458685
2018-12-18 18:30:00,5.58,5.7047253
2018-12-18 18:45:00,5.65,5.332707
2018-12-18 19:00:00,5.0,5.8941364
2018-12-18 19:15:00,4.5,5.1246963
2018-12-18 19:30:00,4.39,4.401409
2018-12-18 19:45:00,4.43,4.2712655
2018-12-18 20:00:00,4.39,4.227666
2018-12-18 20:15:00,4.43,4.388804
2018-12-18 20:30:00,4.36,4.3829794
2018-12-18 20:45:00,4.39,4.3613296
2018-12-18 21:00:00,4.43,4.339386
2018-12-18 21:15:00,4.39,4.397469
2018-12-18 21:30:00,4.46,4.3227572
2018-12-18 21:45:00,4.39,4.4492216
2018-12-18 22:00:00,4.39,4.3486643
2018-12-18 22:15:00,4.25,4.2599916
2018-12-18 22:30:00,5.18,4.1855245
2018-12-18 22:45:00,5.15,4.5812163
2018-12-18 23:00:00,4.14,4.555202
2018-12-18 23:15:00,4.14,4.0054264
2018-12-18 23:30:00,4.14,4.1272144
2018-12-18 23:45:00,4.1,4.1099215
2018-12-19 00:00:00,3.92,4.0446167
2018-12-19 00:15:00,4.14,3.965962
2018-12-19 00:30:00,4.14,4.1293
2018-12-19 00:45:00,4.14,4.086886
2018-12-19 01:00:00,4.21,4.082885
2018-12-19 01:15:00,4.14,4.1681657
2018-12-19 01:30:00,4.14,4.139309
2018-12-19 01:45:00,4.18,4.151784
2018-12-19 02:00:00,4.18,4.171771
2018-12-19 02:15:00,4.93,4.166106
2018-12-19 02:30:00,5.26,4.362097
2018-12-19 02:45:00,4.14,4.5779247
2018-12-19 03:00:00,4.14,4.059737
2018-12-19 03:15:00,4.1,4.1714973
2018-12-19 03:30:00,4.25,4.1176414
2018-12-19 03:45:00,3.82,4.181893
2018-12-19 04:00:00,3.49,3.8635585
2018-12-19 04:15:00,3.42,3.5309935
2018-12-19 04:30:00,3.42,3.4610977
2018-12-19 04:45:00,3.49,3.4535277
2018-12-19 05:00:00,3.38,3.4939492
2018-12-19 05:15:00,3.42,3.3717062
2018-12-19 05:30:00,3.38,3.4449677
2018-12-19 05:45:00,3.42,3.4010842
2018-12-19 06:00:00,3.42,3.426355
2018-12-19 06:15:00,4.07,3.430984
2018-12-19 06:30:00,4.18,3.7073276
2018-12-19 06:45:00,3.96,3.786509
2018-12-19 07:00:00,4.1,3.7519329
2018-12-19 07:15:00,4.1,3.9737952
2018-12-19 07:30:00,4.07,4.342027
2018-12-19 07:45:00,5.76,4.4168296
2018-12-19 08:00:00,6.23,6.4287114
2018-12-19 08:15:00,36.14,45.044693
2018-12-19 08:30:00,70.81,64.60852
2018-12-19 08:45:00,59.54,73.322556
2018-12-19 09:00:00,63.86,64.2547
2018-12-19 09:15:00,77.4,62.80198
2018-12-19 09:30:00,65.23,78.9591
2018-12-19 09:45:00,69.3,68.71176
2018-12-19 10:00:00,61.13,66.64003
2018-12-19 10:15:00,61.16,59.76366
2018-12-19 10:30:00,70.42,59.240223
2018-12-19 10:45:00,63.68,64.83095
2018-12-19 11:00:00,83.09,64.536194
2018-12-19 11:15:00,140.8,77.355965
2018-12-19 11:30:00,110.88,97.71148
2018-12-19 11:45:00,115.13,103.05731
2018-12-19 12:00:00,101.99,101.150925
2018-12-19 12:15:00,12.13,20.042107
2018-12-19 12:30:00,6.66,7.7947736
2018-12-19 12:45:00,6.8,7.6357503
2018-12-19 13:00:00,6.98,7.4872565
2018-12-19 13:15:00,62.42,59.888535
2018-12-19 13:30:00,116.46,91.50974
2018-12-19 13:45:00,89.86,107.05429
2018-12-19 14:00:00,98.03,105.2889
2018-12-19 14:15:00,149.18,97.311035
2018-12-19 14:30:00,116.64,89.74079
2018-12-19 14:45:00,105.48,101.966866
2018-12-19 15:00:00,145.22,106.56895
2018-12-19 15:15:00,101.38,94.7743
2018-12-19 15:30:00,130.46,102.46131
2018-12-19 15:45:00,115.24,100.45568
2018-12-19 16:00:00,125.21,107.72247
2018-12-19 16:15:00,133.56,100.39466
2018-12-19 16:30:00,81.65,109.55277
2018-12-19 16:45:00,62.68,99.10954
2018-12-19 17:00:00,125.5,74.10772
2018-12-19 17:15:00,68.0,107.8693
2018-12-19 17:30:00,40.5,73.566574
2018-12-19 17:45:00,31.68,37.222668
2018-12-19 18:00:00,26.82,41.748005
2018-12-19 18:15:00,5.98,37.71906
2018-12-19 18:30:00,5.47,5.5863934
2018-12-19 18:45:00,5.54,5.4190297
2018-12-19 19:00:00,5.44,5.5990252
2018-12-19 19:15:00,5.47,5.574828
2018-12-19 19:30:00,5.47,5.2178125
2018-12-19 19:45:00,5.4,5.2112083
2018-12-19 20:00:00,5.33,5.2819214
2018-12-19 20:15:00,5.36,5.2524037
2018-12-19 20:30:00,5.33,5.1869044
2018-12-19 20:45:00,5.44,5.2323236
2018-12-19 21:00:00,5.4,5.2889853
2018-12-19 21:15:00,5.4,5.3189917
2018-12-19 21:30:00,5.04,5.1987743
2018-12-19 21:45:00,4.25,5.0032477
2018-12-19 22:00:00,4.39,4.2463474
2018-12-19 22:15:00,4.03,4.1465917
2018-12-19 22:30:00,4.03,3.9339125
2018-12-19 22:45:00,3.96,4.057277
2018-12-19 23:00:00,4.07,4.014692
2018-12-19 23:15:00,4.03,3.9782476
2018-12-19 23:30:00,3.92,3.9898577
2018-12-19 23:45:00,3.96,3.9563632
2018-12-20 00:00:00,3.89,4.584231
2018-12-20 00:15:00,4.03,3.9930875
2018-12-20 00:30:00,4.03,4.0844393
2018-12-20 00:45:00,4.0,4.083853
2018-12-20 01:00:00,4.0,4.0277805
2018-12-20 01:15:00,4.0,4.0395055
2018-12-20 01:30:00,4.1,4.042095
2018-12-20 01:45:00,4.0,4.1005397
2018-12-20 02:00:00,4.07,4.041916
2018-12-20 02:15:00,4.43,4.0988145
2018-12-20 02:30:00,5.18,4.330852
2018-12-20 02:45:00,4.1,4.510246
2018-12-20 03:00:00,4.0,4.0119925
2018-12-20 03:15:00,4.1,4.1141047
2018-12-20 03:30:00,4.03,4.184114
2018-12-20 03:45:00,4.1,4.103042
2018-12-20 04:00:00,3.31,4.1603165
2018-12-20 04:15:00,3.35,3.3946123
2018-12-20 04:30:00,3.46,3.44794
2018-12-20 04:45:00,3.38,3.5498376
2018-12-20 05:00:00,3.35,3.4233825
2018-12-20 05:15:00,3.35,3.470991
2018-12-20 05:30:00,3.38,3.4262524
2018-12-20 05:45:00,3.38,3.4336345
2018-12-20 06:00:00,3.92,3.4410286
2018-12-20 06:15:00,3.67,3.6050956
2018-12-20 06:30:00,3.35,3.565012
2018-12-20 06:45:00,4.0,3.3145382
2018-12-20 07:00:00,4.03,3.9783673
2018-12-20 07:15:00,3.96,3.8713868
2018-12-20 07:30:00,4.18,4.3492227
2018-12-20 07:45:00,4.79,4.688474
2018-12-20 08:00:00,5.87,5.6338186
2018-12-20 08:15:00,39.49,45.26896
2018-12-20 08:30:00,79.85,67.33131
2018-12-20 08:45:00,66.96,94.71963
2018-12-20 09:00:00,63.14,77.72327
2018-12-20 09:15:00,64.12,64.09566
2018-12-20 09:30:00,64.37,62.987
2018-12-20 09:45:00,83.16,63.13212
2018-12-20 10:00:00,71.14,79.45239
2018-12-20 10:15:00,58.72,72.247086
2018-12-20 10:30:00,68.72,60.191277
2018-12-20 10:45:00,75.53,64.08857
2018-12-20 11:00:00,77.51,69.622444
2018-12-20 11:15:00,64.4,78.6651
2018-12-20 11:30:00,63.0,65.77338
2018-12-20 11:45:00,71.46,62.06252
2018-12-20 12:00:00,71.06,63.65226
2018-12-20 12:15:00,16.96,14.199085
2018-12-20 12:30:00,7.67,7.3115716
2018-12-20 12:45:00,7.49,7.483292
2018-12-20 13:00:00,6.66,8.605248
2018-12-20 13:15:00,42.7,54.980087
2018-12-20 13:30:00,63.07,65.948296
2018-12-20 13:45:00,71.5,65.92098
2018-12-20 14:00:00,76.9,72.948425
2018-12-20 14:15:00,63.5,77.23708
2018-12-20 14:30:00,78.41,67.25971
2018-12-20 14:45:00,73.4,79.22063
2018-12-20 15:00:00,64.44,72.89429
2018-12-20 15:15:00,60.26,68.312546
2018-12-20 15:30:00,58.9,58.27347
2018-12-20 15:45:00,60.59,59.316425
2018-12-20 16:00:00,56.92,59.081055
2018-12-20 16:15:00,60.08,60.508896
2018-12-20 16:30:00,58.68,59.530552
2018-12-20 16:45:00,57.56,58.391376
2018-12-20 17:00:00,46.51,56.533504
2018-12-20 17:15:00,58.07,51.99748
2018-12-20 17:30:00,41.22,57.055096
2018-12-20 17:45:00,41.51,31.43097
2018-12-20 18:00:00,24.8,33.184578
2018-12-20 18:15:00,5.44,13.853002
2018-12-20 18:30:00,5.18,5.555461
2018-12-20 18:45:00,5.29,5.1154356
2018-12-20 19:00:00,5.29,5.3118825
2018-12-20 19:15:00,5.29,5.2371135
2018-12-20 19:30:00,4.18,5.1894436
2018-12-20 19:45:00,4.07,4.199959
2018-12-20 20:00:00,4.1,4.081314
2018-12-20 20:15:00,4.07,4.0994086
2018-12-20 20:30:00,4.18,4.031211
2018-12-20 20:45:00,4.1,4.145476
2018-12-20 21:00:00,4.1,4.1222467
2018-12-20 21:15:00,4.14,4.1111755
2018-12-20 21:30:00,4.14,4.1182227
2018-12-20 21:45:00,4.21,4.128172
2018-12-20 22:00:00,4.18,4.1723776
2018-12-20 22:15:00,3.85,4.049098
2018-12-20 22:30:00,3.85,3.772328
2018-12-20 22:45:00,4.64,3.8466768
2018-12-20 23:00:00,5.04,4.1998167
2018-12-20 23:15:00,4.07,4.1255765
2018-12-20 23:30:00,3.82,3.87914
2018-12-20 23:45:00,3.85,3.825138
2018-12-21 00:00:00,3.92,3.712818
2018-12-21 00:15:00,3.89,3.9615679
2018-12-21 00:30:00,3.85,3.8854547
2018-12-21 00:45:00,3.89,3.8822415
2018-12-21 01:00:00,3.89,3.9285939
2018-12-21 01:15:00,3.96,3.9429836
2018-12-21 01:30:00,3.89,3.9813182
2018-12-21 01:45:00,3.89,3.9516459
2018-12-21 02:00:00,3.89,3.933904
2018-12-21 02:15:00,3.92,3.9284086
2018-12-21 02:30:00,3.92,3.9304376
2018-12-21 02:45:00,3.92,3.9440706
2018-12-21 03:00:00,3.96,3.9496706
2018-12-21 03:15:00,4.79,4.0001216
2018-12-21 03:30:00,4.5,4.393935
2018-12-21 03:45:00,3.24,4.0523095
2018-12-21 04:00:00,3.28,3.2571769
2018-12-21 04:15:00,3.24,3.3141098
2018-12-21 04:30:00,3.24,3.2592967
2018-12-21 04:45:00,3.28,3.2731538
2018-12-21 05:00:00,3.28,3.2974994
2018-12-21 05:15:00,3.28,3.323662
2018-12-21 05:30:00,3.2,3.3167217
2018-12-21 05:45:00,3.24,3.2371876
2018-12-21 06:00:00,3.2,3.2738888
2018-12-21 06:15:00,3.67,3.2443957
2018-12-21 06:30:00,3.96,3.4724483
2018-12-21 06:45:00,3.92,3.5190148
2018-12-21 07:00:00,3.89,3.5800893
2018-12-21 07:15:00,3.67,3.7744827
2018-12-21 07:30:00,3.17,3.9173946
2018-12-21 07:45:00,5.44,3.4534059
2018-12-21 08:00:00,6.77,5.6340094
2018-12-21 08:15:00,28.8,36.72203
2018-12-21 08:30:00,54.22,56.88234
2018-12-21 08:45:00,56.41,62.498417
2018-12-21 09:00:00,56.74,59.0693
2018-12-21 09:15:00,43.78,57.897896
2018-12-21 09:30:00,47.52,50.292366
2018-12-21 09:45:00,56.2,51.444565
2018-12-21 10:00:00,51.59,56.073185
2018-12-21 10:15:00,66.64,50.838154
2018-12-21 10:30:00,53.14,59.067326
2018-12-21 10:45:00,58.54,55.510273
2018-12-21 11:00:00,73.12,57.650185
2018-12-21 11:15:00,67.79,59.230244
2018-12-21 11:30:00,65.59,66.94023
2018-12-21 11:45:00,57.85,63.422123
2018-12-21 12:00:00,58.9,58.454403
2018-12-21 12:15:00,7.42,9.10608
2018-12-21 12:30:00,8.35,6.237741
2018-12-21 12:45:00,7.67,7.3673244
2018-12-21 13:00:00,7.2,7.3564353
2018-12-21 13:15:00,39.74,47.45465
2018-12-21 13:30:00,58.03,60.901
2018-12-21 13:45:00,63.97,58.109947
2018-12-21 14:00:00,56.34,62.710915
2018-12-21 14:15:00,69.62,58.080227
2018-12-21 14:30:00,60.34,61.8388
2018-12-21 14:45:00,57.74,61.540047
2018-12-21 15:00:00,68.04,59.50494
2018-12-21 15:15:00,67.68,61.721004
2018-12-21 15:30:00,58.32,62.879204
2018-12-21 15:45:00,65.48,60.424847
2018-12-21 16:00:00,63.0,62.207497
2018-12-21 16:15:00,69.73,61.62937
2018-12-21 16:30:00,59.69,62.182713
2018-12-21 16:45:00,63.32,59.334778
2018-12-21 17:00:00,62.32,59.610027
2018-12-21 17:15:00,52.78,59.037655
2018-12-21 17:30:00,45.86,54.16005
2018-12-21 17:45:00,30.78,35.959057
2018-12-21 18:00:00,8.21,29.605425
2018-12-21 18:15:00,5.51,6.6781454
2018-12-21 18:30:00,5.4,5.196479
2018-12-21 18:45:00,5.62,5.300696
2018-12-21 19:00:00,5.54,5.5488377
2018-12-21 19:15:00,5.54,5.2779136
2018-12-21 19:30:00,5.51,5.2073603
2018-12-21 19:45:00,5.47,5.1968412
2018-12-21 20:00:00,5.54,5.2436953
2018-12-21 20:15:00,5.47,5.2544208
2018-12-21 20:30:00,5.44,5.189232
2018-12-21 20:45:00,5.47,5.191478
2018-12-21 21:00:00,5.44,5.238869
2018-12-21 21:15:00,5.54,5.2516637
2018-12-21 21:30:00,5.4,5.1510687
2018-12-21 21:45:00,5.44,5.161871
2018-12-21 22:00:00,5.44,5.17858
2018-12-21 22:15:00,5.18,5.050019
2018-12-21 22:30:00,5.26,4.9446774
2018-12-21 22:45:00,5.15,5.046545
2018-12-21 23:00:00,5.15,5.085356
2018-12-21 23:15:00,5.11,4.9619145
2018-12-21 23:30:00,4.57,4.956258
2018-12-21 23:45:00,4.0,4.347313
2018-12-22 00:00:00,3.31,3.9221165
2018-12-22 00:15:00,4.0,3.5014176
2018-12-22 00:30:00,4.0,3.9894643
2018-12-22 00:45:00,4.0,3.9427888
2018-12-22 01:00:00,4.1,3.5252101
2018-12-22 01:15:00,3.96,4.0617843
2018-12-22 01:30:00,4.03,4.0108256
2018-12-22 01:45:00,4.03,4.019156
2018-12-22 02:00:00,3.96,3.933279
2018-12-22 02:15:00,4.07,4.0032334
2018-12-22 02:30:00,4.07,4.004097
2018-12-22 02:45:00,3.67,4.015104
2018-12-22 03:00:00,3.31,3.734601
2018-12-22 03:15:00,3.82,3.322639
2018-12-22 03:30:00,4.07,3.7605786
2018-12-22 03:45:00,3.42,3.8874404
2018-12-22 04:00:00,3.38,3.3824923
2018-12-22 04:15:00,3.31,3.379291
2018-12-22 04:30:00,3.38,3.3216093
2018-12-22 04:45:00,3.35,3.3583348
2018-12-22 05:00:00,3.38,3.334977
2018-12-22 05:15:00,3.42,3.336913
2018-12-22 05:30:00,3.96,3.3959606
2018-12-22 05:45:00,4.07,3.4759908
2018-12-22 06:00:00,4.07,3.5931551
2018-12-22 06:15:00,4.0,3.705847
2018-12-22 06:30:00,3.38,3.8972495
2018-12-22 06:45:00,3.35,3.3334637
2018-12-22 07:00:00,3.35,3.4253516
2018-12-22 07:15:00,3.31,3.348523
2018-12-22 07:30:00,3.85,3.4755886
2018-12-22 07:45:00,4.03,3.9514654
2018-12-22 08:00:00,3.35,3.8838274
2018-12-22 08:15:00,3.31,20.117191
2018-12-22 08:30:00,3.24,3.6293902
2018-12-22 08:45:00,3.38,3.4247475
2018-12-22 09:00:00,3.82,3.5367517
2018-12-22 09:15:00,4.28,3.7813344
2018-12-22 09:30:00,4.28,4.5994606
2018-12-22 09:45:00,4.32,4.1668944
2018-12-22 10:00:00,4.21,4.517896
2018-12-22 10:15:00,3.6,4.724882
2018-12-22 10:30:00,3.6,3.6705148
2018-12-22 10:45:00,3.6,3.6770644
2018-12-22 11:00:00,3.6,3.6982827
2018-12-22 11:15:00,3.6,3.7097428
2018-12-22 11:30:00,3.6,3.7397041
2018-12-22 11:45:00,3.6,3.709534
2018-12-22 12:00:00,3.6,3.6606193
2018-12-22 12:15:00,3.71,3.689573
2018-12-22 12:30:00,4.39,3.7557313
2018-12-22 12:45:00,4.1,4.0903525
2018-12-22 13:00:00,3.71,3.7866454
2018-12-22 13:15:00,4.28,3.6969275
2018-12-22 13:30:00,4.25,4.2822776
2018-12-22 13:45:00,4.25,4.0667253
2018-12-22 14:00:00,4.21,3.973507
2018-12-22 14:15:00,3.67,4.2676196
2018-12-22 14:30:00,3.46,3.7903152
2018-12-22 14:45:00,3.49,3.5875895
2018-12-22 15:00:00,3.53,3.5562713
2018-12-22 15:15:00,3.56,3.6032405
2018-12-22 15:30:00,3.53,3.591971
2018-12-22 15:45:00,3.56,3.5559723
2018-12-22 16:00:00,3.56,3.57749
2018-12-22 16:15:00,3.49,3.6100426
2018-12-22 16:30:00,3.53,3.5087335
2018-12-22 16:45:00,3.56,3.5596204
2018-12-22 17:00:00,4.68,3.5554948
2018-12-22 17:15:00,5.44,4.162152
2018-12-22 17:30:00,4.46,4.253656
2018-12-22 17:45:00,4.28,3.8372262
2018-12-22 18:00:00,4.07,4.006984
2018-12-22 18:15:00,3.6,3.9066515
2018-12-22 18:30:00,3.67,3.58592
2018-12-22 18:45:00,3.67,3.7224953
2018-12-22 19:00:00,3.71,3.7801993
2018-12-22 19:15:00,3.74,3.755002
2018-12-22 19:30:00,3.71,3.810568
2018-12-22 19:45:00,3.74,3.763864
2018-12-22 20:00:00,3.67,3.8260705
2018-12-22 20:15:00,3.67,3.6769226
2018-12-22 20:30:00,3.67,3.6631672
2018-12-22 20:45:00,3.67,3.6639452
2018-12-22 21:00:00,4.18,3.6676545
2018-12-22 21:15:00,4.61,3.8556921
2018-12-22 21:30:00,5.51,3.9015613
2018-12-22 21:45:00,4.43,4.419335
2018-12-22 22:00:00,4.1,3.9079628
2018-12-22 22:15:00,3.46,3.8668869
2018-12-22 22:30:00,3.38,3.4070122
2018-12-22 22:45:00,3.42,3.4130447
2018-12-22 23:00:00,3.38,3.4248981
2018-12-22 23:15:00,3.35,3.3334692
2018-12-22 23:30:00,3.31,3.320469
2018-12-22 23:45:00,3.31,3.3138323
2018-12-23 00:00:00,3.78,3.4053621
2018-12-23 00:15:00,3.31,3.4002907
2018-12-23 00:30:00,3.35,3.3042805
2018-12-23 00:45:00,3.42,3.3363564
2018-12-23 01:00:00,4.93,3.4343
2018-12-23 01:15:00,4.93,4.0292397
2018-12-23 01:30:00,4.14,3.7915878
2018-12-23 01:45:00,4.07,3.7059424
2018-12-23 02:00:00,3.49,3.985682
2018-12-23 02:15:00,3.46,3.4167993
2018-12-23 02:30:00,3.49,3.4657056
2018-12-23 02:45:00,3.42,3.5136333
2018-12-23 03:00:00,3.42,3.458674
2018-12-23 03:15:00,3.46,3.4372873
2018-12-23 03:30:00,3.42,3.4139261
2018-12-23 03:45:00,3.53,3.4239783
2018-12-23 04:00:00,3.46,3.496008
2018-12-23 04:15:00,3.42,3.4630334
2018-12-23 04:30:00,3.6,3.4486039
2018-12-23 04:45:00,4.14,3.5387514
2018-12-23 05:00:00,5.18,3.7646563
2018-12-23 05:15:00,4.64,4.3377976
2018-12-23 05:30:00,4.1,3.8978956
2018-12-23 05:45:00,3.49,3.8919008
2018-12-23 06:00:00,3.38,3.4955473
2018-12-23 06:15:00,3.35,3.4077055
2018-12-23 06:30:00,3.46,3.3546114
2018-12-23 06:45:00,3.38,3.4581375
2018-12-23 07:00:00,3.38,3.3778393
2018-12-23 07:15:00,3.38,3.3366702
2018-12-23 07:30:00,3.38,3.4797595
2018-12-23 07:45:00,3.42,3.5505624
2018-12-23 08:00:00,3.49,3.5550199
2018-12-23 08:15:00,4.07,3.9640155
2018-12-23 08:30:00,4.97,3.7542229
2018-12-23 08:45:00,4.82,4.948802
2018-12-23 09:00:00,4.28,4.451142
2018-12-23 09:15:00,3.92,4.142754
2018-12-23 09:30:00,3.71,3.9460068
2018-12-23 09:45:00,3.64,3.841981
2018-12-23 10:00:00,3.64,3.7130206
2018-12-23 10:15:00,3.67,3.809814
2018-12-23 10:30:00,3.71,3.775067
2018-12-23 10:45:00,3.71,3.781323
2018-12-23 11:00:00,3.74,3.7544491
2018-12-23 11:15:00,3.78,3.7809563
2018-12-23 11:30:00,3.71,3.814907
2018-12-23 11:45:00,3.74,3.7035167
2018-12-23 12:00:00,3.96,3.7727604
2018-12-23 12:15:00,4.86,3.8509529
2018-12-23 12:30:00,5.54,4.1820827
2018-12-23 12:45:00,4.54,4.642373
2018-12-23 13:00:00,4.36,4.130716
2018-12-23 13:15:00,3.67,4.2248435
2018-12-23 13:30:00,3.67,3.7581804
2018-12-23 13:45:00,3.67,3.7581341
2018-12-23 14:00:00,3.67,3.8653114
2018-12-23 14:15:00,3.71,3.7549317
2018-12-23 14:30:00,3.67,3.789279
2018-12-23 14:45:00,3.67,3.7400737
2018-12-23 15:00:00,3.67,3.7383971
2018-12-23 15:15:00,3.64,3.7207937
2018-12-23 15:30:00,3.67,3.678982
2018-12-23 15:45:00,3.74,3.7151186
2018-12-23 16:00:00,4.36,3.7998924
2018-12-23 16:15:00,4.36,3.978532
2018-12-23 16:30:00,5.0,3.7899787
2018-12-23 16:45:00,5.33,4.193019
2018-12-23 17:00:00,3.6,4.7517185
2018-12-23 17:15:00,3.56,3.5036843
2018-12-23 17:30:00,3.6,3.5887215
2018-12-23 17:45:00,3.67,3.6268182
2018-12-23 18:00:00,3.49,3.7147422
2018-12-23 18:15:00,3.49,3.4497619
2018-12-23 18:30:00,3.49,3.534363
2018-12-23 18:45:00,3.64,3.5815575
2018-12-23 19:00:00,3.64,3.6147156
2018-12-23 19:15:00,4.03,3.634007
2018-12-23 19:30:00,4.25,3.8292208
2018-12-23 19:45:00,4.28,3.8560078
2018-12-23 20:00:00,4.25,3.8065903
2018-12-23 20:15:00,4.0,4.115956
2018-12-23 20:30:00,3.49,4.007926
2018-12-23 20:45:00,4.21,3.5823524
2018-12-23 21:00:00,4.14,4.1182647
2018-12-23 21:15:00,3.49,4.0382338
2018-12-23 21:30:00,3.42,3.5184655
2018-12-23 21:45:00,3.46,3.502388
2018-12-23 22:00:00,3.53,3.4810398
2018-12-23 22:15:00,3.2,3.409163
2018-12-23 22:30:00,3.2,3.163653
2018-12-23 22:45:00,3.2,3.2203841
2018-12-23 23:00:00,3.96,3.2306116
2018-12-23 23:15:00,4.0,3.4872096
2018-12-23 23:30:00,4.0,3.3597603
2018-12-23 23:45:00,4.0,3.3290663
2018-12-24 00:00:00,3.78,4.0427094
2018-12-24 00:15:00,3.35,3.7660797
2018-12-24 00:30:00,3.38,3.3572907
2018-12-24 00:45:00,3.38,3.3889737
2018-12-24 01:00:00,3.96,3.3845441
2018-12-24 01:15:00,3.89,3.575921
2018-12-24 01:30:00,3.38,3.6587045
2018-12-24 01:45:00,3.35,3.3925393
2018-12-24 02:00:00,3.49,3.3754158
2018-12-24 02:15:00,3.38,3.4463892
2018-12-24 02:30:00,3.42,3.3823078
2018-12-24 02:45:00,4.0,3.432105
2018-12-24 03:00:00,4.07,3.8074245
2018-12-24 03:15:00,4.14,3.6780264
2018-12-24 03:30:00,4.1,3.669385
2018-12-24 03:45:00,3.96,3.9764287
2018-12-24 04:00:00,3.35,3.845899
2018-12-24 04:15:00,3.38,3.3050575
2018-12-24 04:30:00,3.64,3.405013
2018-12-24 04:45:00,4.07,3.6572661
2018-12-24 05:00:00,3.42,3.7445424
2018-12-24 05:15:00,3.31,3.4208138
2018-12-24 05:30:00,3.35,3.350768
2018-12-24 05:45:00,3.35,3.3949742
2018-12-24 06:00:00,3.35,3.3277724
2018-12-24 06:15:00,3.38,3.326342
2018-12-24 06:30:00,3.6,3.3884926
2018-12-24 06:45:00,4.03,3.5388482
2018-12-24 07:00:00,4.0,3.6109977
2018-12-24 07:15:00,3.96,3.7321882
2018-12-24 07:30:00,4.54,4.034671
2018-12-24 07:45:00,5.36,4.7187166
2018-12-24 08:00:00,6.52,5.563536
2018-12-24 08:15:00,21.89,31.730127
2018-12-24 08:30:00,59.62,53.96082
2018-12-24 08:45:00,64.58,62.967724
2018-12-24 09:00:00,67.18,65.71979
2018-12-24 09:15:00,69.44,61.459637
2018-12-24 09:30:00,65.38,64.05543
2018-12-24 09:45:00,67.0,64.19756
2018-12-24 10:00:00,56.27,62.87689
2018-12-24 10:15:00,54.18,57.553543
2018-12-24 10:30:00,58.39,57.147224
2018-12-24 10:45:00,54.86,57.389294
2018-12-24 11:00:00,54.18,58.634445
2018-12-24 11:15:00,55.55,61.796326
2018-12-24 11:30:00,53.21,58.383137
2018-12-24 11:45:00,53.03,57.548138
2018-12-24 12:00:00,40.64,52.698055
2018-12-24 12:15:00,6.91,8.47559
2018-12-24 12:30:00,6.91,6.390907
2018-12-24 12:45:00,6.48,7.02999
2018-12-24 13:00:00,6.12,6.6182547
2018-12-24 13:15:00,34.49,37.377693
2018-12-24 13:30:00,46.98,60.3075
2018-12-24 13:45:00,38.2,53.357334
2018-12-24 14:00:00,37.84,42.133274
2018-12-24 14:15:00,43.45,44.10549
2018-12-24 14:30:00,63.9,47.7957
2018-12-24 14:45:00,38.48,55.051895
2018-12-24 15:00:00,38.12,45.096817
2018-12-24 15:15:00,45.25,44.059498
2018-12-24 15:30:00,51.12,53.21178
2018-12-24 15:45:00,45.72,51.68837
2018-12-24 16:00:00,51.7,48.680298
2018-12-24 16:15:00,47.2,49.9405
2018-12-24 16:30:00,69.55,51.976387
2018-12-24 16:45:00,44.82,55.981045
2018-12-24 17:00:00,40.86,51.512306
2018-12-24 17:15:00,33.66,45.21
2018-12-24 17:30:00,9.86,39.278152
2018-12-24 17:45:00,6.73,7.2505875
2018-12-24 18:00:00,5.29,6.858745
2018-12-24 18:15:00,5.22,5.3342795
2018-12-24 18:30:00,5.18,5.0106516
2018-12-24 18:45:00,5.33,4.8474894
2018-12-24 19:00:00,5.04,5.182249
2018-12-24 19:15:00,4.14,5.094299
2018-12-24 19:30:00,4.18,4.0700126
2018-12-24 19:45:00,4.1,4.188293
2018-12-24 20:00:00,4.18,4.1183047
2018-12-24 20:15:00,4.1,4.187784
2018-12-24 20:30:00,4.14,4.138042
2018-12-24 20:45:00,4.21,4.1132827
2018-12-24 21:00:00,4.18,4.1932087
2018-12-24 21:15:00,4.18,4.194756
2018-12-24 21:30:00,4.14,4.181239
2018-12-24 21:45:00,4.18,4.1477737
2018-12-24 22:00:00,5.4,4.132613
2018-12-24 22:15:00,4.5,4.6319413
2018-12-24 22:30:00,3.92,3.9634035
2018-12-24 22:45:00,3.89,3.8393283
2018-12-24 23:00:00,3.85,3.9362295
2018-12-24 23:15:00,3.85,3.8029037
2018-12-24 23:30:00,3.82,3.7948523
2018-12-24 23:45:00,3.85,3.8176985
2018-12-25 00:00:00,3.13,4.0983458
2018-12-25 00:15:00,3.85,3.3967545
2018-12-25 00:30:00,3.92,3.8176613
2018-12-25 00:45:00,3.89,3.8430498
2018-12-25 01:00:00,3.85,3.480254
2018-12-25 01:15:00,3.56,3.8632562
2018-12-25 01:30:00,3.2,3.5760705
2018-12-25 01:45:00,3.92,3.2066984
2018-12-25 02:00:00,3.64,3.7112553
2018-12-25 02:15:00,3.17,3.5921867
2018-12-25 02:30:00,3.17,3.150866
2018-12-25 02:45:00,3.2,3.204777
2018-12-25 03:00:00,3.24,3.2257938
2018-12-25 03:15:00,3.2,3.2679517
2018-12-25 03:30:00,3.2,3.224448
2018-12-25 03:45:00,3.28,3.22169
2018-12-25 04:00:00,3.96,3.3142529
2018-12-25 04:15:00,3.96,3.4485931
2018-12-25 04:30:00,3.92,3.387168
2018-12-25 04:45:00,3.89,3.4430563
2018-12-25 05:00:00,3.35,3.8261073
2018-12-25 05:15:00,3.24,3.301776
2018-12-25 05:30:00,3.35,3.2717566
2018-12-25 05:45:00,3.96,3.3675418
2018-12-25 06:00:00,3.71,3.65198
2018-12-25 06:15:00,3.17,3.366391
2018-12-25 06:30:00,3.2,3.1467762
2018-12-25 06:45:00,3.2,3.2457893
2018-12-25 07:00:00,3.17,3.229375
2018-12-25 07:15:00,3.24,3.1978302
2018-12-25 07:30:00,3.85,3.551604
2018-12-25 07:45:00,3.92,4.363656
2018-12-25 08:00:00,3.89,4.066968
2018-12-25 08:15:00,3.89,33.09124
2018-12-25 08:30:00,3.49,4.589683
2018-12-25 08:45:00,3.24,3.7122276
2018-12-25 09:00:00,3.38,3.520361
2018-12-25 09:15:00,3.49,3.7555723
2018-12-25 09:30:00,3.46,3.6234572
2018-12-25 09:45:00,3.82,3.5568259
2018-12-25 10:00:00,3.96,3.8509479
2018-12-25 10:15:00,3.42,3.9865828
2018-12-25 10:30:00,3.53,3.4735472
2018-12-25 10:45:00,3.46,3.7184377
2018-12-25 11:00:00,3.46,3.6411915
2018-12-25 11:15:00,3.78,3.4590752
2018-12-25 11:30:00,4.18,3.7877681
2018-12-25 11:45:00,4.28,4.0379333
2018-12-25 12:00:00,4.18,4.0800767
2018-12-25 12:15:00,4.07,3.952087
2018-12-25 12:30:00,3.56,4.0958652
2018-12-25 12:45:00,3.53,3.657362
2018-12-25 13:00:00,3.53,3.6342094
2018-12-25 13:15:00,5.04,3.9017963
2018-12-25 13:30:00,4.07,5.3310857
2018-12-25 13:45:00,3.42,3.9831467
2018-12-25 14:00:00,3.42,3.5671697
2018-12-25 14:15:00,3.49,3.6135209
2018-12-25 14:30:00,3.46,3.455567
2018-12-25 14:45:00,3.53,3.4698865
2018-12-25 15:00:00,4.14,3.5392869
2018-12-25 15:15:00,4.14,4.171024
2018-12-25 15:30:00,4.14,3.9761212
2018-12-25 15:45:00,4.1,3.9618268
2018-12-25 16:00:00,3.67,4.143349
2018-12-25 16:15:00,3.46,3.7176366
2018-12-25 16:30:00,3.42,3.4411874
2018-12-25 16:45:00,3.46,3.4969358
2018-12-25 17:00:00,3.42,3.5656056
2018-12-25 17:15:00,3.46,3.5017
2018-12-25 17:30:00,4.0,3.489125
2018-12-25 17:45:00,4.0,3.8524551
2018-12-25 18:00:00,3.38,3.6659997
2018-12-25 18:15:00,3.38,3.347096
2018-12-25 18:30:00,3.74,3.4313884
2018-12-25 18:45:00,4.1,3.7382414
2018-12-25 19:00:00,4.18,3.682998
2018-12-25 19:15:00,4.1,3.6212232
2018-12-25 19:30:00,4.18,3.9369533
2018-12-25 19:45:00,3.64,4.174762
2018-12-25 20:00:00,3.46,3.6110828
2018-12-25 20:15:00,3.46,3.4870443
2018-12-25 20:30:00,3.38,3.5026827
2018-12-25 20:45:00,3.42,3.4099565
2018-12-25 21:00:00,3.42,3.4252114
2018-12-25 21:15:00,3.42,3.4430544
2018-12-25 21:30:00,4.03,3.4271114
2018-12-25 21:45:00,4.14,3.7080762
2018-12-25 22:00:00,3.49,3.63573
2018-12-25 22:15:00,3.2,3.3407207
2018-12-25 22:30:00,3.85,3.1463413
2018-12-25 22:45:00,3.89,3.6055994
2018-12-25 23:00:00,3.89,3.5004234
2018-12-25 23:15:00,3.85,3.398425
2018-12-25 23:30:00,3.64,3.7414093
2018-12-25 23:45:00,3.31,3.690499
2018-12-26 00:00:00,3.67,3.2881413
2018-12-26 00:15:00,3.24,3.4899638
2018-12-26 00:30:00,3.24,3.2978873
2018-12-26 00:45:00,3.2,3.3173492
2018-12-26 01:00:00,3.31,3.245907
2018-12-26 01:15:00,3.24,3.3476698
2018-12-26 01:30:00,3.28,3.2857177
2018-12-26 01:45:00,3.24,3.3227863
2018-12-26 02:00:00,3.24,3.295657
2018-12-26 02:15:00,3.78,3.299195
2018-12-26 02:30:00,3.96,3.4419384
2018-12-26 02:45:00,4.97,3.4268196
2018-12-26 03:00:00,4.36,3.9842355
2018-12-26 03:15:00,3.71,3.677648
2018-12-26 03:30:00,3.28,3.5880811
2018-12-26 03:45:00,3.31,3.2771566
2018-12-26 04:00:00,3.28,3.3143609
2018-12-26 04:15:00,3.28,3.282111
2018-12-26 04:30:00,3.2,3.2970936
2018-12-26 04:45:00,3.24,3.2223718
2018-12-26 05:00:00,3.28,3.2604084
2018-12-26 05:15:00,3.2,3.2767186
2018-12-26 05:30:00,3.24,3.2210722
2018-12-26 05:45:00,3.2,3.2650192
2018-12-26 06:00:00,4.79,3.2196298
2018-12-26 06:15:00,4.86,4.4432983
2018-12-26 06:30:00,3.92,4.124589
2018-12-26 06:45:00,3.82,3.430459
2018-12-26 07:00:00,3.35,3.7510433
2018-12-26 07:15:00,3.17,3.4039536
2018-12-26 07:30:00,3.42,3.4284358
2018-12-26 07:45:00,4.82,3.9305346
2018-12-26 08:00:00,5.0,5.489505
2018-12-26 08:15:00,34.52,11.85997
2018-12-26 08:30:00,48.06,60.539265
2018-12-26 08:45:00,78.23,56.681675
2018-12-26 09:00:00,51.08,81.66347
2018-12-26 09:15:00,70.99,56.720814
2018-12-26 09:30:00,65.74,64.406006
2018-12-26 09:45:00,52.96,67.40636
2018-12-26 10:00:00,55.44,57.651707
2018-12-26 10:15:00,52.06,57.599823
2018-12-26 10:30:00,57.64,56.62621
2018-12-26 10:45:00,62.21,57.00865
2018-12-26 11:00:00,45.58,60.456207
2018-12-26 11:15:00,54.58,54.07042
2018-12-26 11:30:00,55.15,57.045162
2018-12-26 11:45:00,58.64,57.99901
2018-12-26 12:00:00,31.28,49.74925
2018-12-26 12:15:00,6.77,6.0348454
2018-12-26 12:30:00,7.09,6.1415787
2018-12-26 12:45:00,6.95,6.8983107
2018-12-26 13:00:00,6.41,6.913034
2018-12-26 13:15:00,20.66,40.986538
2018-12-26 13:30:00,59.9,54.51308
2018-12-26 13:45:00,55.3,63.956825
2018-12-26 14:00:00,51.41,58.05294
2018-12-26 14:15:00,57.02,57.667538
2018-12-26 14:30:00,43.06,59.647156
2018-12-26 14:45:00,41.4,47.10861
2018-12-26 15:00:00,52.92,44.47131
2018-12-26 15:15:00,53.42,51.52281
2018-12-26 15:30:00,40.68,53.60103
2018-12-26 15:45:00,40.64,44.590385
2018-12-26 16:00:00,41.47,45.829586
2018-12-26 16:15:00,56.2,45.132717
2018-12-26 16:30:00,59.04,53.800194
2018-12-26 16:45:00,54.68,54.56393
2018-12-26 17:00:00,57.67,54.780697
2018-12-26 17:15:00,54.79,56.867535
2018-12-26 17:30:00,34.42,52.516777
2018-12-26 17:45:00,9.5,28.082268
2018-12-26 18:00:00,5.22,9.481625
2018-12-26 18:15:00,5.04,5.266661
2018-12-26 18:30:00,5.04,4.7409472
2018-12-26 18:45:00,5.08,4.825721
2018-12-26 19:00:00,5.08,5.1037693
2018-12-26 19:15:00,4.68,5.030559
2018-12-26 19:30:00,3.92,4.5915036
2018-12-26 19:45:00,3.89,3.8456388
2018-12-26 20:00:00,3.85,3.8649397
2018-12-26 20:15:00,3.89,3.7798777
2018-12-26 20:30:00,3.89,3.9076376
2018-12-26 20:45:00,3.96,3.921979
2018-12-26 21:00:00,3.89,3.981671
2018-12-26 21:15:00,3.96,3.912254
2018-12-26 21:30:00,4.0,3.993738
2018-12-26 21:45:00,3.96,4.014502
2018-12-26 22:00:00,4.07,3.9744582
2018-12-26 22:15:00,4.0,3.8698936
2018-12-26 22:30:00,4.9,3.8689995
2018-12-26 22:45:00,4.1,4.3014216
2018-12-26 23:00:00,3.71,3.9521694
2018-12-26 23:15:00,3.74,3.7158198
2018-12-26 23:30:00,3.64,3.713003
2018-12-26 23:45:00,3.67,3.677255
2018-12-27 00:00:00,3.74,3.6391187
2018-12-27 00:15:00,3.64,3.7853901
2018-12-27 00:30:00,3.74,3.718738
2018-12-27 00:45:00,3.71,3.7845492
2018-12-27 01:00:00,3.71,3.7048762
2018-12-27 01:15:00,3.67,3.7006056
2018-12-27 01:30:00,3.67,3.6617768
2018-12-27 01:45:00,3.78,3.6751397
2018-12-27 02:00:00,4.18,3.7658467
2018-12-27 02:15:00,4.86,3.8410575
2018-12-27 02:30:00,4.21,3.957461
2018-12-27 02:45:00,3.71,3.7879539
2018-12-27 03:00:00,3.78,3.6505663
2018-12-27 03:15:00,3.67,3.745115
2018-12-27 03:30:00,3.71,3.6303504
2018-12-27 03:45:00,3.24,3.7237744
2018-12-27 04:00:00,3.02,3.270913
2018-12-27 04:15:00,2.99,3.0832245
2018-12-27 04:30:00,2.99,2.999187
2018-12-27 04:45:00,2.95,3.0209699
2018-12-27 05:00:00,2.95,2.9899766
2018-12-27 05:15:00,2.95,2.9860446
2018-12-27 05:30:00,2.95,2.9870946
2018-12-27 05:45:00,2.95,3.0107665
2018-12-27 06:00:00,3.42,3.0523632
2018-12-27 06:15:00,3.74,3.537852
2018-12-27 06:30:00,4.86,3.3439305
2018-12-27 06:45:00,4.21,4.0876894
2018-12-27 07:00:00,3.6,3.6930716
2018-12-27 07:15:00,2.88,3.5374417
2018-12-27 07:30:00,3.2,3.2631931
2018-12-27 07:45:00,4.9,3.654384
2018-12-27 08:00:00,5.65,4.7668514
2018-12-27 08:15:00,32.0,32.82817
2018-12-27 08:30:00,52.63,57.802166
2018-12-27 08:45:00,73.66,58.036053
2018-12-27 09:00:00,63.47,68.1897
2018-12-27 09:15:00,56.77,66.44379
2018-12-27 09:30:00,53.93,59.20689
2018-12-27 09:45:00,59.4,59.01753
2018-12-27 10:00:00,76.03,59.453136
2018-12-27 10:15:00,47.81,60.44553
2018-12-27 10:30:00,45.83,55.1234
2018-12-27 10:45:00,52.63,53.779922
2018-12-27 11:00:00,68.69,56.781406
2018-12-27 11:15:00,51.16,57.84068
2018-12-27 11:30:00,51.52,54.128185
2018-12-27 11:45:00,54.83,54.096222
2018-12-27 12:00:00,59.62,47.594864
2018-12-27 12:15:00,13.54,7.7670984
2018-12-27 12:30:00,6.62,5.8607826
2018-12-27 12:45:00,6.59,6.205601
2018-12-27 13:00:00,17.82,6.354636
2018-12-27 13:15:00,40.57,45.082104
2018-12-27 13:30:00,43.7,47.124557
2018-12-27 13:45:00,46.84,48.899464
2018-12-27 14:00:00,53.32,50.065453
2018-12-27 14:15:00,55.01,53.11126
2018-12-27 14:30:00,61.74,54.821568
2018-12-27 14:45:00,54.14,56.7899
2018-12-27 15:00:00,53.5,54.655464
2018-12-27 15:15:00,44.75,55.391422
2018-12-27 15:30:00,42.95,49.72316
2018-12-27 15:45:00,60.84,46.315937
2018-12-27 16:00:00,63.04,55.86133
2018-12-27 16:15:00,59.58,58.5168
2018-12-27 16:30:00,63.22,56.559177
2018-12-27 16:45:00,45.79,58.53734
2018-12-27 17:00:00,41.58,51.5326
2018-12-27 17:15:00,54.58,45.718052
2018-12-27 17:30:00,36.72,49.618904
2018-12-27 17:45:00,29.38,29.137028
2018-12-27 18:00:00,28.48,32.114353
2018-12-27 18:15:00,48.56,27.311256
2018-12-27 18:30:00,53.82,47.617336
2018-12-27 18:45:00,53.5,43.964252
2018-12-27 19:00:00,53.14,42.16318
2018-12-27 19:15:00,51.01,47.9986
2018-12-27 19:30:00,47.99,48.234844
2018-12-27 19:45:00,49.18,46.175823
2018-12-27 20:00:00,50.33,44.144596
2018-12-27 20:15:00,50.04,44.57462
2018-12-27 20:30:00,40.93,47.092632
2018-12-27 20:45:00,14.51,35.541386
2018-12-27 21:00:00,8.35,6.5695148
2018-12-27 21:15:00,5.26,5.611957
2018-12-27 21:30:00,5.26,4.85875
2018-12-27 21:45:00,5.26,4.9645658
2018-12-27 22:00:00,4.5,4.965173
2018-12-27 22:15:00,3.89,4.0731254
2018-12-27 22:30:00,3.85,3.7595615
2018-12-27 22:45:00,3.82,3.771055
2018-12-27 23:00:00,3.82,3.7336671
2018-12-27 23:15:00,3.82,3.7781076
2018-12-27 23:30:00,3.78,3.7862003
2018-12-27 23:45:00,3.74,3.7533407
2018-12-28 00:00:00,4.82,3.6908736
2018-12-28 00:15:00,3.74,3.9616935
2018-12-28 00:30:00,3.78,3.7148516
2018-12-28 00:45:00,3.85,3.72031
2018-12-28 01:00:00,4.14,3.7870464
2018-12-28 01:15:00,4.9,3.8613384
2018-12-28 01:30:00,4.14,4.0013885
2018-12-28 01:45:00,3.82,3.838671
2018-12-28 02:00:00,3.85,3.8512168
2018-12-28 02:15:00,3.82,3.733986
2018-12-28 02:30:00,3.82,3.732721
2018-12-28 02:45:00,3.82,3.848537
2018-12-28 03:00:00,3.82,3.8730323
2018-12-28 03:15:00,3.89,3.8108423
2018-12-28 03:30:00,3.89,3.8522391
2018-12-28 03:45:00,3.85,3.763342
2018-12-28 04:00:00,3.82,3.7733903
2018-12-28 04:15:00,4.07,3.7831268
2018-12-28 04:30:00,5.04,3.8718657
2018-12-28 04:45:00,4.1,4.39428
2018-12-28 05:00:00,3.82,3.7626274
2018-12-28 05:15:00,3.89,3.7304506
2018-12-28 05:30:00,3.38,3.8307528
2018-12-28 05:45:00,3.17,3.379798
2018-12-28 06:00:00,3.06,3.1601727
2018-12-28 06:15:00,3.06,3.0653713
2018-12-28 06:30:00,3.1,3.0643163
2018-12-28 06:45:00,3.06,3.116885
2018-12-28 07:00:00,3.1,3.0632114
2018-12-28 07:15:00,3.38,3.117253
2018-12-28 07:30:00,4.97,3.7787383
2018-12-28 07:45:00,6.7,5.494057
2018-12-28 08:00:00,6.16,7.242376
2018-12-28 08:15:00,35.75,31.86389
2018-12-28 08:30:00,57.78,60.141808
2018-12-28 08:45:00,57.74,60.15161
2018-12-28 09:00:00,66.46,59.451008
2018-12-28 09:15:00,66.82,59.788937
2018-12-28 09:30:00,59.9,62.359257
2018-12-28 09:45:00,63.32,59.77957
2018-12-28 10:00:00,57.17,61.26783
2018-12-28 10:15:00,55.91,56.415447
2018-12-28 10:30:00,62.42,57.426796
2018-12-28 10:45:00,59.72,57.791325
2018-12-28 11:00:00,62.71,57.23569
2018-12-28 11:15:00,57.82,58.86914
2018-12-28 11:30:00,64.94,57.922764
2018-12-28 11:45:00,58.97,58.87417
2018-12-28 12:00:00,47.05,51.541042
2018-12-28 12:15:00,10.01,7.170366
2018-12-28 12:30:00,7.81,5.9348054
2018-12-28 12:45:00,7.27,7.144576
2018-12-28 13:00:00,7.31,7.162623
2018-12-28 13:15:00,42.55,35.08123
2018-12-28 13:30:00,56.12,60.791897
2018-12-28 13:45:00,45.0,55.685375
2018-12-28 14:00:00,45.22,49.53488
2018-12-28 14:15:00,42.62,49.66522
2018-12-28 14:30:00,34.2,45.660862
2018-12-28 14:45:00,42.8,37.9757
2018-12-28 15:00:00,48.02,46.19102
2018-12-28 15:15:00,44.6,49.52705
2018-12-28 15:30:00,35.78,49.547356
2018-12-28 15:45:00,32.62,39.928406
2018-12-28 16:00:00,31.39,38.734055
2018-12-28 16:15:00,30.06,37.19289
2018-12-28 16:30:00,30.13,32.492573
2018-12-28 16:45:00,23.58,32.0536
2018-12-28 17:00:00,8.57,16.890205
2018-12-28 17:15:00,9.58,7.0768895
2018-12-28 17:30:00,9.14,6.4612575
2018-12-28 17:45:00,5.47,7.3856335
2018-12-28 18:00:00,5.08,5.697253
2018-12-28 18:15:00,5.08,4.8929005
2018-12-28 18:30:00,5.11,4.6586804
2018-12-28 18:45:00,5.15,5.0406647
2018-12-28 19:00:00,5.15,5.126844
2018-12-28 19:15:00,5.15,5.109599
2018-12-28 19:30:00,5.18,5.0501914
2018-12-28 19:45:00,5.22,5.063511
2018-12-28 20:00:00,5.15,5.108289
2018-12-28 20:15:00,5.15,5.046727
2018-12-28 20:30:00,5.18,5.024291
2018-12-28 20:45:00,5.26,5.074764
2018-12-28 21:00:00,5.18,5.1033306
2018-12-28 21:15:00,5.15,5.044507
2018-12-28 21:30:00,5.26,4.9622445
2018-12-28 21:45:00,5.26,5.0683303
2018-12-28 22:00:00,5.22,5.0270443
2018-12-28 22:15:00,4.97,4.908668
2018-12-28 22:30:00,4.97,4.766949
2018-12-28 22:45:00,4.93,4.833915
2018-12-28 23:00:00,5.04,4.8262253
2018-12-28 23:15:00,4.86,4.8624287
2018-12-28 23:30:00,4.86,4.749522
2018-12-28 23:45:00,4.86,4.6237874
2018-12-29 00:00:00,4.28,11.59173
2018-12-29 00:15:00,4.9,4.1325283
2018-12-29 00:30:00,4.82,4.593827
2018-12-29 00:45:00,3.85,4.5939245
2018-12-29 01:00:00,3.74,3.8063455
2018-12-29 01:15:00,3.82,3.7995703
2018-12-29 01:30:00,3.78,3.7825503
2018-12-29 01:45:00,3.67,3.8655944
2018-12-29 02:00:00,3.74,3.7028196
2018-12-29 02:15:00,3.71,3.769469
2018-12-29 02:30:00,3.82,3.739099
2018-12-29 02:45:00,3.78,3.8484213
2018-12-29 03:00:00,3.71,3.7491078
2018-12-29 03:15:00,3.74,3.7326665
2018-12-29 03:30:00,3.78,3.746886
2018-12-29 03:45:00,3.78,3.721752
2018-12-29 04:00:00,3.74,3.7201066
2018-12-29 04:15:00,3.02,3.6978278
2018-12-29 04:30:00,3.74,3.084246
2018-12-29 04:45:00,3.6,3.576571
2018-12-29 05:00:00,3.06,3.4849153
2018-12-29 05:15:00,3.02,3.066031
2018-12-29 05:30:00,3.02,3.059538
2018-12-29 05:45:00,2.99,3.0494542
2018-12-29 06:00:00,3.06,3.0211627
2018-12-29 06:15:00,3.06,3.0804067
2018-12-29 06:30:00,3.67,3.0752952
2018-12-29 06:45:00,3.74,3.389338
2018-12-29 07:00:00,3.71,3.2912924
2018-12-29 07:15:00,3.67,3.357627
2018-12-29 07:30:00,3.38,3.710477
2018-12-29 07:45:00,3.02,3.445074
2018-12-29 08:00:00,2.92,3.0631325
2018-12-29 08:15:00,2.95,7.871216
2018-12-29 08:30:00,3.13,3.0969267
2018-12-29 08:45:00,3.78,3.356977
2018-12-29 09:00:00,3.24,3.6319187
2018-12-29 09:15:00,3.17,3.1521962
2018-12-29 09:30:00,3.2,3.2139885
2018-12-29 09:45:00,3.31,3.2400253
2018-12-29 10:00:00,4.03,3.3528209
2018-12-29 10:15:00,4.03,3.6674771
2018-12-29 10:30:00,4.03,3.4323387
2018-12-29 10:45:00,4.03,3.5194592
2018-12-29 11:00:00,6.19,4.084042
2018-12-29 11:15:00,26.17,5.669744
2018-12-29 11:30:00,9.36,31.140612
2018-12-29 11:45:00,3.64,6.412206
2018-12-29 12:00:00,4.14,3.9562407
2018-12-29 12:15:00,3.78,4.0523705
2018-12-29 12:30:00,3.46,3.9195387
2018-12-29 12:45:00,3.42,3.5194094
2018-12-29 13:00:00,3.42,3.4640408
2018-12-29 13:15:00,4.1,5.066564
2018-12-29 13:30:00,4.14,4.24912
2018-12-29 13:45:00,4.07,3.7194057
2018-12-29 14:00:00,4.03,3.7968602
2018-12-29 14:15:00,3.92,4.0085716
2018-12-29 14:30:00,3.31,3.9103208
2018-12-29 14:45:00,3.35,3.2897575
2018-12-29 15:00:00,3.31,3.3600657
2018-12-29 15:15:00,3.31,3.3563545
2018-12-29 15:30:00,3.31,3.3792057
2018-12-29 15:45:00,3.35,3.3703551
2018-12-29 16:00:00,3.49,3.4048638
2018-12-29 16:15:00,4.1,3.4785864
2018-12-29 16:30:00,3.71,3.6253793
2018-12-29 16:45:00,3.67,3.4679985
2018-12-29 17:00:00,4.1,3.56409
2018-12-29 17:15:00,4.07,3.8865514
2018-12-29 17:30:00,4.07,3.6618829
2018-12-29 17:45:00,4.1,3.7099097
2018-12-29 18:00:00,3.56,3.978743
2018-12-29 18:15:00,3.31,3.5400927
2018-12-29 18:30:00,3.24,3.2864604
2018-12-29 18:45:00,3.35,3.3106294
2018-12-29 19:00:00,3.31,3.3685215
2018-12-29 19:15:00,3.35,3.3051915
2018-12-29 19:30:00,3.35,3.3781512
2018-12-29 19:45:00,3.31,3.3503165
2018-12-29 20:00:00,3.71,3.3143764
2018-12-29 20:15:00,4.36,3.5568912
2018-12-29 20:30:00,4.28,3.4721966
2018-12-29 20:45:00,4.14,3.390142
2018-12-29 21:00:00,4.1,3.7296278
2018-12-29 21:15:00,4.07,4.023956
2018-12-29 21:30:00,3.85,3.9465868
2018-12-29 21:45:00,3.46,3.7213573
2018-12-29 22:00:00,3.31,3.4740653
2018-12-29 22:15:00,3.13,3.2269263
2018-12-29 22:30:00,3.13,3.0627146
2018-12-29 22:45:00,3.13,3.1152692
2018-12-29 23:00:00,3.17,3.1009517
2018-12-29 23:15:00,3.06,3.1252809
2018-12-29 23:30:00,2.99,3.022192
2018-12-29 23:45:00,3.42,3.0222526
2018-12-30 00:00:00,3.1,3.5291424
2018-12-30 00:15:00,3.92,3.2228668
2018-12-30 00:30:00,3.82,3.400146
2018-12-30 00:45:00,3.74,3.5154984
2018-12-30 01:00:00,3.78,3.3945262
2018-12-30 01:15:00,3.42,3.7208056
2018-12-30 01:30:00,3.17,3.3726707
2018-12-30 01:45:00,3.02,3.17218
2018-12-30 02:00:00,3.1,3.0436983
2018-12-30 02:15:00,3.06,3.0873642
2018-12-30 02:30:00,3.1,3.0759358
2018-12-30 02:45:00,3.13,3.0984263
2018-12-30 03:00:00,3.1,3.1413152
2018-12-30 03:15:00,3.13,3.100705
2018-12-30 03:30:00,3.6,3.1594524
2018-12-30 03:45:00,4.86,3.389702
2018-12-30 04:00:00,3.85,3.8911762
2018-12-30 04:15:00,3.82,3.310292
2018-12-30 04:30:00,3.82,3.5338912
2018-12-30 04:45:00,3.46,3.6250556
2018-12-30 05:00:00,3.17,3.3853528
2018-12-30 05:15:00,3.13,3.1234837
2018-12-30 05:30:00,3.1,3.1234684
2018-12-30 05:45:00,3.1,3.073779
2018-12-30 06:00:00,3.1,3.0932593
2018-12-30 06:15:00,3.13,3.096987
2018-12-30 06:30:00,3.13,3.141501
2018-12-30 06:45:00,3.1,3.1357267
2018-12-30 07:00:00,3.82,3.117805
2018-12-30 07:15:00,4.36,3.472226
2018-12-30 07:30:00,4.97,3.9764874
2018-12-30 07:45:00,3.96,4.8558235
2018-12-30 08:00:00,3.46,3.84435
2018-12-30 08:15:00,3.06,3.588627
2018-12-30 08:30:00,3.06,3.1521537
2018-12-30 08:45:00,3.17,3.1042817
2018-12-30 09:00:00,3.28,3.276369
2018-12-30 09:15:00,3.35,3.3583848
2018-12-30 09:30:00,3.38,3.4755428
2018-12-30 09:45:00,3.35,3.4635422
2018-12-30 10:00:00,3.46,3.4053035
2018-12-30 10:15:00,3.38,3.4713042
2018-12-30 10:30:00,4.0,3.3886592
2018-12-30 10:45:00,4.1,3.5550368
2018-12-30 11:00:00,4.1,3.747474
2018-12-30 11:15:00,4.28,3.623119
2018-12-30 11:30:00,4.61,4.1018887
2018-12-30 11:45:00,3.56,4.1298423
2018-12-30 12:00:00,3.42,3.5331368
2018-12-30 12:15:00,3.46,3.3811963
2018-12-30 12:30:00,3.46,3.4728274
2018-12-30 12:45:00,3.31,3.514777
2018-12-30 13:00:00,3.28,3.3493104
2018-12-30 13:15:00,3.2,3.3646092
2018-12-30 13:30:00,3.24,3.27382
2018-12-30 13:45:00,3.24,3.3019814
2018-12-30 14:00:00,4.03,3.3052628
2018-12-30 14:15:00,4.0,3.7296834
2018-12-30 14:30:00,4.03,3.5665932
2018-12-30 14:45:00,4.82,3.6753213
2018-12-30 15:00:00,4.1,4.2942686
2018-12-30 15:15:00,3.31,3.9220803
2018-12-30 15:30:00,3.24,3.333965
2018-12-30 15:45:00,3.24,3.330474
2018-12-30 16:00:00,3.35,3.260509
2018-12-30 16:15:00,3.31,3.4358196
2018-12-30 16:30:00,3.35,3.365447
2018-12-30 16:45:00,3.24,3.394546
2018-12-30 17:00:00,3.24,3.2427926
2018-12-30 17:15:00,3.42,3.2798624
2018-12-30 17:30:00,4.0,3.4401925
2018-12-30 17:45:00,4.75,3.4471786
2018-12-30 18:00:00,4.68,3.7608464
2018-12-30 18:15:00,3.89,3.6371965
2018-12-30 18:30:00,3.53,3.6513479
2018-12-30 18:45:00,3.2,3.498326
2018-12-30 19:00:00,3.28,3.2032554
2018-12-30 19:15:00,3.24,3.3279302
2018-12-30 19:30:00,3.24,3.306299
2018-12-30 19:45:00,3.2,3.2804022
2018-12-30 20:00:00,3.24,3.2299457
2018-12-30 20:15:00,3.31,3.2733681
2018-12-30 20:30:00,3.24,3.299909
2018-12-30 20:45:00,3.78,3.290463
2018-12-30 21:00:00,4.32,3.463666
2018-12-30 21:15:00,4.07,3.4590428
2018-12-30 21:30:00,4.07,3.3771584
2018-12-30 21:45:00,4.03,3.6817923
2018-12-30 22:00:00,4.0,3.8253894
2018-12-30 22:15:00,3.2,3.72436
2018-12-30 22:30:00,2.99,3.1212726
2018-12-30 22:45:00,3.1,2.9680774
2018-12-30 23:00:00,3.02,3.1095045
2018-12-30 23:15:00,2.95,3.018259
2018-12-30 23:30:00,2.99,2.97205
2018-12-30 23:45:00,2.92,3.0777438
2018-12-31 00:00:00,3.67,3.7320957
2018-12-31 00:15:00,3.64,3.231738
2018-12-31 00:30:00,3.31,3.2335043
2018-12-31 00:45:00,3.49,3.1846797
2018-12-31 01:00:00,3.71,3.4163163
2018-12-31 01:15:00,3.78,3.5140674
2018-12-31 01:30:00,3.71,3.3878114
2018-12-31 01:45:00,3.67,3.527502
2018-12-31 02:00:00,3.02,3.6494627
2018-12-31 02:15:00,2.99,3.0451872
2018-12-31 02:30:00,3.06,2.9852684
2018-12-31 02:45:00,3.02,3.0586014
2018-12-31 03:00:00,3.06,3.043189
2018-12-31 03:15:00,3.02,3.0779989
2018-12-31 03:30:00,3.46,3.0511236
2018-12-31 03:45:00,3.74,3.467456
2018-12-31 04:00:00,3.06,3.3710878
2018-12-31 04:15:00,3.74,3.056193
2018-12-31 04:30:00,3.74,3.5260267
2018-12-31 04:45:00,3.78,3.5109901
2018-12-31 05:00:00,3.78,3.335242
2018-12-31 05:15:00,3.56,3.645511
2018-12-31 05:30:00,2.99,3.5104628
2018-12-31 05:45:00,3.02,3.001694
2018-12-31 06:00:00,2.95,3.039082
2018-12-31 06:15:00,3.02,2.9540904
2018-12-31 06:30:00,2.99,3.0323834
2018-12-31 06:45:00,3.02,3.0115974
2018-12-31 07:00:00,3.74,3.0221097
2018-12-31 07:15:00,3.17,3.6843011
2018-12-31 07:30:00,2.95,3.305992
2018-12-31 07:45:00,3.56,3.382633
2018-12-31 08:00:00,3.64,3.7779622
2018-12-31 08:15:00,3.6,14.217122
2018-12-31 08:30:00,3.74,4.2641473
2018-12-31 08:45:00,3.74,4.005165
2018-12-31 09:00:00,3.06,4.181702
2018-12-31 09:15:00,3.17,3.2298267
2018-12-31 09:30:00,3.13,3.2844322
2018-12-31 09:45:00,3.17,3.2244496
2018-12-31 10:00:00,3.24,3.4344745
2018-12-31 10:15:00,3.2,4.1037555
2018-12-31 10:30:00,4.03,3.6367993
2018-12-31 10:45:00,3.67,3.8089569
2018-12-31 11:00:00,3.35,3.5930355
2018-12-31 11:15:00,3.35,4.3031006
2018-12-31 11:30:00,3.82,3.471487
2018-12-31 11:45:00,4.0,3.7610345
2018-12-31 12:00:00,4.07,3.7764025
2018-12-31 12:15:00,4.03,3.592283
2018-12-31 12:30:00,4.1,3.9498093
2018-12-31 12:45:00,3.35,4.045071
2018-12-31 13:00:00,3.35,3.37189
2018-12-31 13:15:00,3.35,4.587141
2018-12-31 13:30:00,3.31,3.744328
2018-12-31 13:45:00,3.31,3.927248
2018-12-31 14:00:00,3.35,4.4962816
2018-12-31 14:15:00,3.35,3.9625254
2018-12-31 14:30:00,3.56,3.646602
2018-12-31 14:45:00,4.07,3.6945484
2018-12-31 15:00:00,3.53,3.9336739
2018-12-31 15:15:00,3.42,3.5562937
2018-12-31 15:30:00,4.07,3.679338
2018-12-31 15:45:00,4.07,4.063162
2018-12-31 16:00:00,4.03,3.8421626
2018-12-31 16:15:00,4.07,3.708774
2018-12-31 16:30:00,3.92,3.9238777
2018-12-31 16:45:00,3.31,3.9563167
2018-12-31 17:00:00,3.31,3.309625
2018-12-31 17:15:00,3.35,3.3409283
2018-12-31 17:30:00,3.31,3.3432677
2018-12-31 17:45:00,3.46,3.3686802
2018-12-31 18:00:00,3.42,3.5536318
2018-12-31 18:15:00,3.35,3.3550901
2018-12-31 18:30:00,3.82,3.358005
2018-12-31 18:45:00,4.14,3.643074
2018-12-31 19:00:00,3.49,3.6278834
2018-12-31 19:15:00,3.96,3.3497207
2018-12-31 19:30:00,4.14,3.657284
2018-12-31 19:45:00,4.21,3.7654014
2018-12-31 20:00:00,4.14,3.6852932
2018-12-31 20:15:00,4.18,3.8822389
2018-12-31 20:30:00,3.38,4.0484605
2018-12-31 20:45:00,3.42,3.440537
2018-12-31 21:00:00,3.42,3.4923656
2018-12-31 21:15:00,3.42,3.4365814
2018-12-31 21:30:00,3.49,3.398409
2018-12-31 21:45:00,3.42,3.427291
2018-12-31 22:00:00,3.42,3.4244618
2018-12-31 22:15:00,3.24,3.3115695
2018-12-31 22:30:00,3.67,3.1810925
2018-12-31 22:45:00,3.82,3.5131624
2018-12-31 23:00:00,3.85,3.4882972
2018-12-31 23:15:00,3.74,3.3775108
2018-12-31 23:30:00,3.78,3.6001525
2018-12-31 23:45:00,3.78,3.6477962
