date,actual,Hybrid
2018-12-01 00:00:00,3.35,3.57583
2018-12-01 00:15:00,3.89,3.6945412
2018-12-01 00:30:00,3.85,3.9582021
2018-12-01 00:45:00,3.89,3.9621534
2018-12-01 01:00:00,3.89,3.9423194
2018-12-01 01:15:00,4.03,3.9658322
2018-12-01 01:30:00,3.89,3.9908094
2018-12-01 01:45:00,3.92,3.7402942
2018-12-01 02:00:00,3.92,3.994416
2018-12-01 02:15:00,3.96,3.9149787
2018-12-01 02:30:00,4.03,3.94025
2018-12-01 02:45:00,4.14,3.9421344
2018-12-01 03:00:00,5.08,3.8628216
2018-12-01 03:15:00,4.72,3.6361601
2018-12-01 03:30:00,3.96,3.6365457
2018-12-01 03:45:00,3.92,3.6723204
2018-12-01 04:00:00,3.35,3.7750201
2018-12-01 04:15:00,3.28,3.7012289
2018-12-01 04:30:00,3.35,3.6460254
2018-12-01 04:45:00,3.24,3.623893
2018-12-01 05:00:00,3.31,3.5206378
2018-12-01 05:15:00,3.31,3.4921513
2018-12-01 05:30:00,3.28,3.4720304
2018-12-01 05:45:00,3.28,3.5662966
2018-12-01 06:00:00,3.2,3.5096304
2018-12-01 06:15:00,3.46,3.4593449
2018-12-01 06:30:00,4.03,3.5306644
2018-12-01 06:45:00,3.89,3.4687614
2018-12-01 07:00:00,3.89,3.4496965
2018-12-01 07:15:00,4.46,3.5550454
2018-12-01 07:30:00,3.67,3.7456195
2018-12-01 07:45:00,3.46,4.1219945
2018-12-01 08:00:00,3.46,3.8876913
2018-12-01 08:15:00,3.71,29.724346
2018-12-01 08:30:00,4.72,56.441677
2018-12-01 08:45:00,4.46,60.09301
2018-12-01 09:00:00,5.22,63.12181
2018-12-01 09:15:00,28.58,70.31202
2018-12-01 09:30:00,30.56,66.472435
2018-12-01 09:45:00,28.08,67.36358
2018-12-01 10:00:00,28.58,58.234615
2018-12-01 10:15:00,28.73,60.941364
2018-12-01 10:30:00,29.56,59.46258
2018-12-01 10:45:00,30.06,65.46307
2018-12-01 11:00:00,29.2,60.72796
2018-12-01 11:15:00,27.94,61.93673
2018-12-01 11:30:00,27.94,58.440506
2018-12-01 11:45:00,25.63,56.69156
2018-12-01 12:00:00,3.64,49.19009
2018-12-01 12:15:00,3.85,5.2855163
2018-12-01 12:30:00,3.71,5.136294
2018-12-01 12:45:00,3.74,4.850649
2018-12-01 13:00:00,3.71,5.0118394
2018-12-01 13:15:00,11.3,41.592827
2018-12-01 13:30:00,27.29,53.30526
2018-12-01 13:45:00,26.86,52.39615
2018-12-01 14:00:00,25.31,45.513958
2018-12-01 14:15:00,26.21,48.21358
2018-12-01 14:30:00,26.28,50.241634
2018-12-01 14:45:00,18.68,48.86093
2018-12-01 15:00:00,5.18,46.053394
2018-12-01 15:15:00,5.08,47.132587
2018-12-01 15:30:00,4.75,45.914642
2018-12-01 15:45:00,4.75,49.429974
2018-12-01 16:00:00,4.72,48.328598
2018-12-01 16:15:00,4.64,48.45872
2018-12-01 16:30:00,4.72,46.00108
2018-12-01 16:45:00,4.68,43.56632
2018-12-01 17:00:00,4.64,25.20249
2018-12-01 17:15:00,4.79,14.444172
2018-12-01 17:30:00,4.75,11.410362
2018-12-01 17:45:00,4.72,6.358469
2018-12-01 18:00:00,4.68,7.0926795
2018-12-01 18:15:00,5.76,7.038311
2018-12-01 18:30:00,5.4,6.187129
2018-12-01 18:45:00,4.79,5.5551414
2018-12-01 19:00:00,4.79,5.69748
2018-12-01 19:15:00,4.79,5.65631
2018-12-01 19:30:00,4.79,6.003339
2018-12-01 19:45:00,4.9,6.460472
2018-12-01 20:00:00,4.75,4.889897
2018-12-01 20:15:00,4.79,4.481923
2018-12-01 20:30:00,4.75,4.4698124
2018-12-01 20:45:00,4.82,4.0178194
2018-12-01 21:00:00,4.82,3.9008176
2018-12-01 21:15:00,4.75,3.8403382
2018-12-01 21:30:00,4.79,3.7890792
2018-12-01 21:45:00,4.79,3.7026682
2018-12-01 22:00:00,4.9,3.6801581
2018-12-01 22:15:00,5.76,4.156494
2018-12-01 22:30:00,4.61,3.8041887
2018-12-01 22:45:00,3.42,3.6438043
2018-12-01 23:00:00,3.42,3.627309
2018-12-01 23:15:00,3.28,3.3747668
2018-12-01 23:30:00,3.38,3.3538916
2018-12-01 23:45:00,3.31,3.3669422
2018-12-02 00:00:00,4.36,3.4336417
2018-12-02 00:15:00,3.35,3.4393492
2018-12-02 00:30:00,3.35,3.450443
2018-12-02 00:45:00,3.38,3.416797
2018-12-02 01:00:00,3.89,3.4566722
2018-12-02 01:15:00,4.46,3.4082255
2018-12-02 01:30:00,4.43,3.433259
2018-12-02 01:45:00,4.14,3.5053935
2018-12-02 02:00:00,3.46,3.5307221
2018-12-02 02:15:00,3.38,3.4832633
2018-12-02 02:30:00,3.38,3.4598217
2018-12-02 02:45:00,3.38,3.4212108
2018-12-02 03:00:00,4.32,3.4532628
2018-12-02 03:15:00,4.64,3.4424295
2018-12-02 03:30:00,3.82,3.3877628
2018-12-02 03:45:00,3.46,3.3986475
2018-12-02 04:00:00,3.42,3.4259155
2018-12-02 04:15:00,3.46,3.4102516
2018-12-02 04:30:00,4.32,3.3737614
2018-12-02 04:45:00,4.5,3.3664453
2018-12-02 05:00:00,4.54,3.3508708
2018-12-02 05:15:00,4.39,3.343989
2018-12-02 05:30:00,3.35,3.5064862
2018-12-02 05:45:00,3.46,3.6102216
2018-12-02 06:00:00,3.35,3.5159714
2018-12-02 06:15:00,3.42,3.286216
2018-12-02 06:30:00,3.42,3.2938046
2018-12-02 06:45:00,3.38,3.294647
2018-12-02 07:00:00,3.46,3.3312325
2018-12-02 07:15:00,3.38,3.318622
2018-12-02 07:30:00,3.46,3.3234644
2018-12-02 07:45:00,3.46,3.5687537
2018-12-02 08:00:00,3.49,3.612764
2018-12-02 08:15:00,4.57,4.4394493
2018-12-02 08:30:00,4.54,4.710739
2018-12-02 08:45:00,5.54,4.7878523
2018-12-02 09:00:00,4.75,5.320733
2018-12-02 09:15:00,3.74,5.3601627
2018-12-02 09:30:00,3.71,4.7811747
2018-12-02 09:45:00,3.6,5.4955597
2018-12-02 10:00:00,3.56,4.5247564
2018-12-02 10:15:00,3.6,4.687237
2018-12-02 10:30:00,3.64,4.4232216
2018-12-02 10:45:00,3.64,6.0581675
2018-12-02 11:00:00,3.64,5.2848806
2018-12-02 11:15:00,3.64,5.1714444
2018-12-02 11:30:00,3.56,4.803813
2018-12-02 11:45:00,3.64,5.5307026
2018-12-02 12:00:00,4.03,3.8095615
2018-12-02 12:15:00,4.86,3.6262538
2018-12-02 12:30:00,4.75,3.606747
2018-12-02 12:45:00,5.36,3.6202211
2018-12-02 13:00:00,4.9,3.7903643
2018-12-02 13:15:00,3.78,3.9389346
2018-12-02 13:30:00,3.64,3.9688356
2018-12-02 13:45:00,3.6,4.263378
2018-12-02 14:00:00,3.6,4.0609202
2018-12-02 14:15:00,3.6,4.370429
2018-12-02 14:30:00,3.56,4.1420245
2018-12-02 14:45:00,3.56,4.1576037
2018-12-02 15:00:00,3.64,3.8162215
2018-12-02 15:15:00,3.6,3.7255244
2018-12-02 15:30:00,3.56,3.7221723
2018-12-02 15:45:00,3.85,3.6708703
2018-12-02 16:00:00,4.68,3.6741157
2018-12-02 16:15:00,4.72,3.5538878
2018-12-02 16:30:00,4.72,3.8705604
2018-12-02 16:45:00,3.89,3.780512
2018-12-02 17:00:00,3.53,3.6072805
2018-12-02 17:15:00,3.6,3.6325488
2018-12-02 17:30:00,3.6,3.5249045
2018-12-02 17:45:00,3.74,3.5607576
2018-12-02 18:00:00,4.72,3.6009393
2018-12-02 18:15:00,3.89,3.4641364
2018-12-02 18:30:00,3.53,3.4951758
2018-12-02 18:45:00,3.53,3.6808302
2018-12-02 19:00:00,3.56,3.563305
2018-12-02 19:15:00,3.67,3.7395313
2018-12-02 19:30:00,3.56,3.6095045
2018-12-02 19:45:00,4.39,3.7543337
2018-12-02 20:00:00,4.72,3.7359855
2018-12-02 20:15:00,4.68,3.854467
2018-12-02 20:30:00,4.75,3.9607544
2018-12-02 20:45:00,3.71,3.9766681
2018-12-02 21:00:00,3.53,3.741619
2018-12-02 21:15:00,3.6,3.6508505
2018-12-02 21:30:00,3.6,3.63486
2018-12-02 21:45:00,3.6,3.6186237
2018-12-02 22:00:00,3.56,3.684966
2018-12-02 22:15:00,4.07,3.926332
2018-12-02 22:30:00,4.32,3.545023
2018-12-02 22:45:00,3.35,3.554968
2018-12-02 23:00:00,3.31,3.5887916
2018-12-02 23:15:00,3.31,3.4713435
2018-12-02 23:30:00,3.28,3.4333637
2018-12-02 23:45:00,3.35,3.4257026
2018-12-03 00:00:00,4.57,4.6925154
2018-12-03 00:15:00,4.43,3.7065318
2018-12-03 00:30:00,4.36,3.8396852
2018-12-03 00:45:00,4.21,3.770239
2018-12-03 01:00:00,3.35,3.7340765
2018-12-03 01:15:00,3.38,3.719521
2018-12-03 01:30:00,3.35,3.7525115
2018-12-03 01:45:00,3.42,3.6877284
2018-12-03 02:00:00,3.49,3.966548
2018-12-03 02:15:00,3.42,3.6269689
2018-12-03 02:30:00,3.38,3.5914319
2018-12-03 02:45:00,4.36,3.4718187
2018-12-03 03:00:00,4.14,3.650505
2018-12-03 03:15:00,3.42,3.8037949
2018-12-03 03:30:00,3.38,3.6303418
2018-12-03 03:45:00,3.35,3.6022677
2018-12-03 04:00:00,3.35,3.713341
2018-12-03 04:15:00,4.1,3.6094992
2018-12-03 04:30:00,4.43,3.543013
2018-12-03 04:45:00,4.5,3.422013
2018-12-03 05:00:00,3.78,3.5054371
2018-12-03 05:15:00,3.31,3.4681902
2018-12-03 05:30:00,3.38,3.4416282
2018-12-03 05:45:00,3.31,3.412735
2018-12-03 06:00:00,3.31,3.4381056
2018-12-03 06:15:00,3.35,3.5370326
2018-12-03 06:30:00,3.31,3.469098
2018-12-03 06:45:00,3.24,3.4195492
2018-12-03 07:00:00,3.24,3.4598305
2018-12-03 07:15:00,4.21,3.481206
2018-12-03 07:30:00,5.76,3.8837798
2018-12-03 07:45:00,5.98,5.0875187
2018-12-03 08:00:00,5.58,5.443444
2018-12-03 08:15:00,34.99,44.7255
2018-12-03 08:30:00,56.84,70.956276
2018-12-03 08:45:00,61.06,70.07712
2018-12-03 09:00:00,57.89,73.68668
2018-12-03 09:15:00,70.49,72.63566
2018-12-03 09:30:00,50.11,75.06416
2018-12-03 09:45:00,66.38,85.3814
2018-12-03 10:00:00,56.88,71.8174
2018-12-03 10:15:00,47.09,73.55954
2018-12-03 10:30:00,55.8,78.0668
2018-12-03 10:45:00,66.89,81.80736
2018-12-03 11:00:00,62.89,80.12523
2018-12-03 11:15:00,63.79,78.828186
2018-12-03 11:30:00,58.1,75.3294
2018-12-03 11:45:00,54.5,73.20163
2018-12-03 12:00:00,35.35,70.47765
2018-12-03 12:15:00,6.34,8.21569
2018-12-03 12:30:00,5.76,6.7923703
2018-12-03 12:45:00,6.3,6.8080297
2018-12-03 13:00:00,6.19,7.021226
2018-12-03 13:15:00,35.35,54.337368
2018-12-03 13:30:00,51.95,75.635414
2018-12-03 13:45:00,48.46,80.88755
2018-12-03 14:00:00,65.02,74.42125
2018-12-03 14:15:00,69.91,75.18466
2018-12-03 14:30:00,55.12,70.97377
2018-12-03 14:45:00,56.84,70.53051
2018-12-03 15:00:00,54.22,69.510376
2018-12-03 15:15:00,49.97,67.800415
2018-12-03 15:30:00,48.17,67.3623
2018-12-03 15:45:00,49.86,69.378586
2018-12-03 16:00:00,58.75,68.43342
2018-12-03 16:15:00,65.7,68.48508
2018-12-03 16:30:00,51.88,67.47484
2018-12-03 16:45:00,57.2,68.04201
2018-12-03 17:00:00,76.03,66.50441
2018-12-03 17:15:00,72.18,66.863205
2018-12-03 17:30:00,61.42,59.148857
2018-12-03 17:45:00,36.61,36.19091
2018-12-03 18:00:00,29.56,36.142002
2018-12-03 18:15:00,34.13,47.70386
2018-12-03 18:30:00,42.26,56.079002
2018-12-03 18:45:00,56.81,55.140545
2018-12-03 19:00:00,43.02,58.00025
2018-12-03 19:15:00,47.74,51.24432
2018-12-03 19:30:00,39.17,54.21069
2018-12-03 19:45:00,43.67,55.463444
2018-12-03 20:00:00,50.44,49.807144
2018-12-03 20:15:00,46.22,57.221275
2018-12-03 20:30:00,45.36,54.399017
2018-12-03 20:45:00,50.11,47.108418
2018-12-03 21:00:00,25.45,36.49335
2018-12-03 21:15:00,8.6,8.175604
2018-12-03 21:30:00,6.19,5.4217167
2018-12-03 21:45:00,5.62,4.769745
2018-12-03 22:00:00,4.93,4.6144
2018-12-03 22:15:00,4.72,4.6932716
2018-12-03 22:30:00,4.75,5.359627
2018-12-03 22:45:00,4.68,4.6333528
2018-12-03 23:00:00,4.68,4.708832
2018-12-03 23:15:00,4.61,4.2623897
2018-12-03 23:30:00,4.57,4.1295433
2018-12-03 23:45:00,4.61,4.117118
2018-12-04 00:00:00,3.89,6.268965
2018-12-04 00:15:00,4.61,5.278694
2018-12-04 00:30:00,4.57,5.5821214
2018-12-04 00:45:00,4.61,5.169425
2018-12-04 01:00:00,4.64,4.4585094
2018-12-04 01:15:00,5.04,4.47749
2018-12-04 01:30:00,5.8,4.6399093
2018-12-04 01:45:00,4.68,4.099266
2018-12-04 02:00:00,3.6,4.1896863
2018-12-04 02:15:00,3.56,4.149681
2018-12-04 02:30:00,3.64,4.1643543
2018-12-04 02:45:00,3.67,4.4010525
2018-12-04 03:00:00,3.64,4.5099735
2018-12-04 03:15:00,3.64,4.124411
2018-12-04 03:30:00,3.71,4.129629
2018-12-04 03:45:00,3.67,3.9431705
2018-12-04 04:00:00,3.71,3.8644357
2018-12-04 04:15:00,3.67,4.0081325
2018-12-04 04:30:00,3.6,3.973414
2018-12-04 04:45:00,4.36,3.9952445
2018-12-04 05:00:00,4.64,4.024923
2018-12-04 05:15:00,4.72,3.7973447
2018-12-04 05:30:00,5.44,3.8037117
2018-12-04 05:45:00,4.43,3.7030637
2018-12-04 06:00:00,3.64,4.247206
2018-12-04 06:15:00,3.56,4.0558066
2018-12-04 06:30:00,3.67,4.0135717
2018-12-04 06:45:00,3.64,3.837827
2018-12-04 07:00:00,3.56,3.883872
2018-12-04 07:15:00,3.56,3.9998689
2018-12-04 07:30:00,3.82,5.000515
2018-12-04 07:45:00,4.54,7.4952374
2018-12-04 08:00:00,5.94,8.848484
2018-12-04 08:15:00,28.4,46.12353
2018-12-04 08:30:00,55.04,71.58969
2018-12-04 08:45:00,61.13,73.522545
2018-12-04 09:00:00,82.33,75.76457
2018-12-04 09:15:00,82.37,83.339676
2018-12-04 09:30:00,64.08,75.936356
2018-12-04 09:45:00,59.36,78.75638
2018-12-04 10:00:00,52.16,74.283844
2018-12-04 10:15:00,56.95,68.976166
2018-12-04 10:30:00,53.42,69.1626
2018-12-04 10:45:00,58.86,69.31588
2018-12-04 11:00:00,59.98,71.76536
2018-12-04 11:15:00,61.24,75.95002
2018-12-04 11:30:00,84.1,73.994484
2018-12-04 11:45:00,63.86,73.904106
2018-12-04 12:00:00,49.86,63.975384
2018-12-04 12:15:00,6.91,7.510723
2018-12-04 12:30:00,7.38,5.7554
2018-12-04 12:45:00,6.62,6.4590564
2018-12-04 13:00:00,6.55,6.7118273
2018-12-04 13:15:00,32.51,57.07153
2018-12-04 13:30:00,57.28,70.03234
2018-12-04 13:45:00,55.51,69.67122
2018-12-04 14:00:00,56.12,68.88329
2018-12-04 14:15:00,58.82,70.81232
2018-12-04 14:30:00,52.88,70.44536
2018-12-04 14:45:00,53.46,70.47445
2018-12-04 15:00:00,62.96,68.814835
2018-12-04 15:15:00,64.62,66.89071
2018-12-04 15:30:00,60.01,63.527683
2018-12-04 15:45:00,55.66,62.361374
2018-12-04 16:00:00,53.82,64.71078
2018-12-04 16:15:00,71.86,64.951866
2018-12-04 16:30:00,60.73,63.658325
2018-12-04 16:45:00,68.22,66.1043
2018-12-04 17:00:00,80.46,72.22203
2018-12-04 17:15:00,61.52,75.080986
2018-12-04 17:30:00,71.1,71.58333
2018-12-04 17:45:00,35.21,37.09437
2018-12-04 18:00:00,30.31,32.195724
2018-12-04 18:15:00,43.56,41.61148
2018-12-04 18:30:00,40.97,56.47398
2018-12-04 18:45:00,38.56,56.41586
2018-12-04 19:00:00,41.65,57.954983
2018-12-04 19:15:00,49.07,50.410423
2018-12-04 19:30:00,40.46,51.146576
2018-12-04 19:45:00,48.64,52.86071
2018-12-04 20:00:00,49.75,45.97941
2018-12-04 20:15:00,48.89,51.525257
2018-12-04 20:30:00,37.84,49.14533
2018-12-04 20:45:00,30.67,49.38476
2018-12-04 21:00:00,5.08,18.351357
2018-12-04 21:15:00,5.69,7.127512
2018-12-04 21:30:00,5.44,6.0139446
2018-12-04 21:45:00,5.4,5.927294
2018-12-04 22:00:00,5.44,5.4717
2018-12-04 22:15:00,5.26,5.61534
2018-12-04 22:30:00,4.64,5.3483734
2018-12-04 22:45:00,3.92,5.3364806
2018-12-04 23:00:00,3.96,5.328501
2018-12-04 23:15:00,3.92,5.1091967
2018-12-04 23:30:00,3.85,5.096076
2018-12-04 23:45:00,3.89,4.9029055
2018-12-05 00:00:00,3.96,5.6099143
2018-12-05 00:15:00,3.89,4.8382363
2018-12-05 00:30:00,3.92,4.803651
2018-12-05 00:45:00,3.89,4.741413
2018-12-05 01:00:00,3.96,4.811949
2018-12-05 01:15:00,3.78,5.0343633
2018-12-05 01:30:00,3.85,5.2441936
2018-12-05 01:45:00,3.82,4.6319375
2018-12-05 02:00:00,3.82,4.6795726
2018-12-05 02:15:00,3.85,4.652728
2018-12-05 02:30:00,4.64,4.4483957
2018-12-05 02:45:00,4.86,4.3412614
2018-12-05 03:00:00,3.82,4.3281474
2018-12-05 03:15:00,3.49,4.529202
2018-12-05 03:30:00,3.13,4.339211
2018-12-05 03:45:00,3.2,4.1992345
2018-12-05 04:00:00,3.13,4.3212376
2018-12-05 04:15:00,3.1,4.1446476
2018-12-05 04:30:00,3.17,4.085249
2018-12-05 04:45:00,3.06,4.1869617
2018-12-05 05:00:00,3.17,4.199941
2018-12-05 05:15:00,3.06,4.2344127
2018-12-05 05:30:00,3.1,4.164607
2018-12-05 05:45:00,3.02,4.1518636
2018-12-05 06:00:00,3.1,4.2676144
2018-12-05 06:15:00,3.02,4.3365865
2018-12-05 06:30:00,4.61,4.100433
2018-12-05 06:45:00,4.9,3.9779596
2018-12-05 07:00:00,3.85,3.9747338
2018-12-05 07:15:00,3.49,4.0403523
2018-12-05 07:30:00,3.2,4.328684
2018-12-05 07:45:00,4.32,5.342954
2018-12-05 08:00:00,4.72,6.396307
2018-12-05 08:15:00,27.65,40.562527
2018-12-05 08:30:00,61.56,68.396576
2018-12-05 08:45:00,57.71,71.32896
2018-12-05 09:00:00,57.82,80.8608
2018-12-05 09:15:00,68.08,79.99292
2018-12-05 09:30:00,64.08,78.61953
2018-12-05 09:45:00,64.76,79.969666
2018-12-05 10:00:00,62.68,78.74942
2018-12-05 10:15:00,49.28,72.81217
2018-12-05 10:30:00,56.52,75.66474
2018-12-05 10:45:00,59.04,72.03653
2018-12-05 11:00:00,66.85,71.6819
2018-12-05 11:15:00,68.83,74.50084
2018-12-05 11:30:00,60.3,68.51508
2018-12-05 11:45:00,53.21,67.2433
2018-12-05 12:00:00,40.97,59.3555
2018-12-05 12:15:00,10.69,7.7047095
2018-12-05 12:30:00,9.43,6.728966
2018-12-05 12:45:00,10.33,6.608308
2018-12-05 13:00:00,26.68,6.871073
2018-12-05 13:15:00,43.34,47.68101
2018-12-05 13:30:00,46.51,65.418564
2018-12-05 13:45:00,50.44,62.48666
2018-12-05 14:00:00,63.4,64.05419
2018-12-05 14:15:00,54.36,65.71734
2018-12-05 14:30:00,61.52,62.05332
2018-12-05 14:45:00,58.93,64.7421
2018-12-05 15:00:00,85.46,66.274765
2018-12-05 15:15:00,109.3,67.999886
2018-12-05 15:30:00,87.16,65.1484
2018-12-05 15:45:00,96.01,63.293934
2018-12-05 16:00:00,105.91,62.84552
2018-12-05 16:15:00,68.18,71.89695
2018-12-05 16:30:00,64.91,68.61684
2018-12-05 16:45:00,56.05,67.56443
2018-12-05 17:00:00,62.96,70.359024
2018-12-05 17:15:00,47.12,66.437675
2018-12-05 17:30:00,44.57,66.15603
2018-12-05 17:45:00,44.24,33.70826
2018-12-05 18:00:00,27.32,33.637505
2018-12-05 18:15:00,5.87,46.24185
2018-12-05 18:30:00,5.36,48.74364
2018-12-05 18:45:00,5.47,53.504654
2018-12-05 19:00:00,5.58,51.47526
2018-12-05 19:15:00,5.58,48.185146
2018-12-05 19:30:00,5.47,48.84281
2018-12-05 19:45:00,5.44,51.602043
2018-12-05 20:00:00,5.44,41.73006
2018-12-05 20:15:00,5.44,48.088764
2018-12-05 20:30:00,5.51,44.165962
2018-12-05 20:45:00,5.44,39.74236
2018-12-05 21:00:00,4.82,11.748989
2018-12-05 21:15:00,4.28,6.0462046
2018-12-05 21:30:00,4.25,4.942655
2018-12-05 21:45:00,4.28,4.750613
2018-12-05 22:00:00,4.36,4.941031
2018-12-05 22:15:00,4.03,4.7413363
2018-12-05 22:30:00,4.0,4.818176
2018-12-05 22:45:00,4.03,4.652338
2018-12-05 23:00:00,4.0,4.5845413
2018-12-05 23:15:00,4.0,4.573699
2018-12-05 23:30:00,3.92,4.6959133
2018-12-05 23:45:00,4.0,4.418496
2018-12-06 00:00:00,4.0,4.3118544
2018-12-06 00:15:00,3.96,4.146473
2018-12-06 00:30:00,4.79,4.1925635
2018-12-06 00:45:00,5.18,4.1696777
2018-12-06 01:00:00,4.03,4.1353784
2018-12-06 01:15:00,3.92,4.1323676
2018-12-06 01:30:00,4.0,4.0011272
2018-12-06 01:45:00,3.92,4.115744
2018-12-06 02:00:00,4.07,3.9967775
2018-12-06 02:15:00,3.46,3.9978724
2018-12-06 02:30:00,3.28,4.215984
2018-12-06 02:45:00,3.38,4.3026767
2018-12-06 03:00:00,3.31,4.2881894
2018-12-06 03:15:00,3.35,4.096646
2018-12-06 03:30:00,3.35,3.5817516
2018-12-06 03:45:00,3.38,3.3676867
2018-12-06 04:00:00,3.42,3.3755493
2018-12-06 04:15:00,3.31,3.4139118
2018-12-06 04:30:00,4.61,3.3946624
2018-12-06 04:45:00,5.04,3.3525424
2018-12-06 05:00:00,4.07,3.3373103
2018-12-06 05:15:00,3.71,3.3369353
2018-12-06 05:30:00,3.31,3.2885473
2018-12-06 05:45:00,3.31,3.3544328
2018-12-06 06:00:00,3.38,3.34971
2018-12-06 06:15:00,3.31,3.2433686
2018-12-06 06:30:00,3.28,3.3677423
2018-12-06 06:45:00,3.31,3.540174
2018-12-06 07:00:00,3.24,3.554675
2018-12-06 07:15:00,3.28,3.4602854
2018-12-06 07:30:00,3.46,3.7108455
2018-12-06 07:45:00,4.21,4.332651
2018-12-06 08:00:00,6.44,4.4691534
2018-12-06 08:15:00,32.29,38.940018
2018-12-06 08:30:00,64.98,65.6471
2018-12-06 08:45:00,60.84,66.28486
2018-12-06 09:00:00,59.87,69.05004
2018-12-06 09:15:00,67.0,67.59102
2018-12-06 09:30:00,71.17,68.15345
2018-12-06 09:45:00,76.86,71.29014
2018-12-06 10:00:00,66.67,68.62088
2018-12-06 10:15:00,63.18,64.535576
2018-12-06 10:30:00,68.87,69.44934
2018-12-06 10:45:00,71.06,65.16972
2018-12-06 11:00:00,62.78,65.714134
2018-12-06 11:15:00,60.88,69.29246
2018-12-06 11:30:00,74.45,71.07086
2018-12-06 11:45:00,67.82,69.19035
2018-12-06 12:00:00,69.26,53.167202
2018-12-06 12:15:00,9.94,8.520153
2018-12-06 12:30:00,6.88,7.1188145
2018-12-06 12:45:00,7.02,7.4087443
2018-12-06 13:00:00,6.95,9.695233
2018-12-06 13:15:00,35.78,46.908607
2018-12-06 13:30:00,61.78,64.85838
2018-12-06 13:45:00,60.8,64.69765
2018-12-06 14:00:00,71.78,66.258606
2018-12-06 14:15:00,72.11,65.01348
2018-12-06 14:30:00,68.22,64.13313
2018-12-06 14:45:00,73.44,65.42996
2018-12-06 15:00:00,56.88,67.914856
2018-12-06 15:15:00,50.29,65.58116
2018-12-06 15:30:00,48.78,63.31973
2018-12-06 15:45:00,48.96,62.927708
2018-12-06 16:00:00,49.97,64.04339
2018-12-06 16:15:00,62.28,64.51838
2018-12-06 16:30:00,47.95,63.15033
2018-12-06 16:45:00,57.35,62.947296
2018-12-06 17:00:00,47.77,62.91964
2018-12-06 17:15:00,48.6,58.20148
2018-12-06 17:30:00,57.46,57.338257
2018-12-06 17:45:00,31.86,35.796032
2018-12-06 18:00:00,31.61,33.179684
2018-12-06 18:15:00,36.61,45.092133
2018-12-06 18:30:00,40.07,47.035557
2018-12-06 18:45:00,37.87,48.75043
2018-12-06 19:00:00,47.23,52.092983
2018-12-06 19:15:00,53.03,52.39496
2018-12-06 19:30:00,38.63,56.152744
2018-12-06 19:45:00,37.51,56.24144
2018-12-06 20:00:00,38.3,53.284485
2018-12-06 20:15:00,54.36,60.300526
2018-12-06 20:30:00,38.84,50.806053
2018-12-06 20:45:00,27.72,48.574356
2018-12-06 21:00:00,8.86,28.609365
2018-12-06 21:15:00,5.51,8.690798
2018-12-06 21:30:00,5.58,7.1811233
2018-12-06 21:45:00,5.62,6.526001
2018-12-06 22:00:00,5.54,9.1187
2018-12-06 22:15:00,5.26,7.096429
2018-12-06 22:30:00,5.22,7.1563816
2018-12-06 22:45:00,5.26,5.327088
2018-12-06 23:00:00,4.18,5.768909
2018-12-06 23:15:00,3.96,4.018027
2018-12-06 23:30:00,4.0,3.9987195
2018-12-06 23:45:00,4.0,3.9546287
2018-12-07 00:00:00,4.03,4.184265
2018-12-07 00:15:00,3.96,3.8564785
2018-12-07 00:30:00,4.03,4.16202
2018-12-07 00:45:00,4.03,3.9979858
2018-12-07 01:00:00,4.0,4.0437765
2018-12-07 01:15:00,4.03,3.9858136
2018-12-07 01:30:00,4.03,3.8445792
2018-12-07 01:45:00,4.03,3.726629
2018-12-07 02:00:00,4.1,3.6449108
2018-12-07 02:15:00,4.0,3.6052365
2018-12-07 02:30:00,4.72,3.5912635
2018-12-07 02:45:00,4.79,3.5771177
2018-12-07 03:00:00,4.14,3.5280838
2018-12-07 03:15:00,4.07,3.5176692
2018-12-07 03:30:00,4.03,3.4570382
2018-12-07 03:45:00,4.0,3.4160857
2018-12-07 04:00:00,3.42,3.4331467
2018-12-07 04:15:00,3.49,3.4627497
2018-12-07 04:30:00,3.46,3.5140111
2018-12-07 04:45:00,3.38,3.675349
2018-12-07 05:00:00,3.42,3.506397
2018-12-07 05:15:00,3.42,3.4062116
2018-12-07 05:30:00,3.74,3.4319484
2018-12-07 05:45:00,4.07,3.343446
2018-12-07 06:00:00,3.49,3.4304426
2018-12-07 06:15:00,3.42,3.4055145
2018-12-07 06:30:00,3.64,3.5927548
2018-12-07 06:45:00,4.1,3.5802152
2018-12-07 07:00:00,4.0,3.4688642
2018-12-07 07:15:00,4.0,3.5784492
2018-12-07 07:30:00,3.82,3.8631637
2018-12-07 07:45:00,4.54,4.616475
2018-12-07 08:00:00,4.79,5.417424
2018-12-07 08:15:00,47.66,32.625027
2018-12-07 08:30:00,60.19,68.681404
2018-12-07 08:45:00,60.19,67.416016
2018-12-07 09:00:00,53.32,70.21503
2018-12-07 09:15:00,58.86,72.01927
2018-12-07 09:30:00,49.5,72.1456
2018-12-07 09:45:00,48.42,71.80973
2018-12-07 10:00:00,62.78,70.685196
2018-12-07 10:15:00,48.02,64.38332
2018-12-07 10:30:00,46.22,69.72434
2018-12-07 10:45:00,57.46,69.52752
2018-12-07 11:00:00,48.78,70.551994
2018-12-07 11:15:00,47.02,70.67142
2018-12-07 11:30:00,58.0,70.28589
2018-12-07 11:45:00,51.48,70.03588
2018-12-07 12:00:00,44.28,58.81902
2018-12-07 12:15:00,26.6,8.464784
2018-12-07 12:30:00,12.49,6.8058167
2018-12-07 12:45:00,9.79,6.7791967
2018-12-07 13:00:00,10.76,7.9779778
2018-12-07 13:15:00,44.06,45.920624
2018-12-07 13:30:00,49.82,65.64046
2018-12-07 13:45:00,54.36,62.99654
2018-12-07 14:00:00,55.98,68.22058
2018-12-07 14:15:00,56.48,68.96687
2018-12-07 14:30:00,47.41,68.59291
2018-12-07 14:45:00,47.95,68.77218
2018-12-07 15:00:00,58.86,67.82173
2018-12-07 15:15:00,50.08,64.25497
2018-12-07 15:30:00,51.88,60.154404
2018-12-07 15:45:00,53.82,57.736206
2018-12-07 16:00:00,49.9,65.73218
2018-12-07 16:15:00,57.1,67.96777
2018-12-07 16:30:00,50.33,65.659256
2018-12-07 16:45:00,68.54,66.2394
2018-12-07 17:00:00,60.12,66.51253
2018-12-07 17:15:00,72.11,63.05857
2018-12-07 17:30:00,46.33,61.544403
2018-12-07 17:45:00,34.16,31.141748
2018-12-07 18:00:00,30.35,30.893034
2018-12-07 18:15:00,42.48,44.770416
2018-12-07 18:30:00,52.85,47.092705
2018-12-07 18:45:00,58.97,49.536865
2018-12-07 19:00:00,57.17,50.728065
2018-12-07 19:15:00,44.39,52.169807
2018-12-07 19:30:00,47.84,49.734
2018-12-07 19:45:00,54.07,46.177025
2018-12-07 20:00:00,43.38,48.28288
2018-12-07 20:15:00,57.64,52.907433
2018-12-07 20:30:00,41.72,46.907692
2018-12-07 20:45:00,31.9,42.516335
2018-12-07 21:00:00,19.69,8.646398
2018-12-07 21:15:00,5.62,6.42546
2018-12-07 21:30:00,5.62,5.7714577
2018-12-07 21:45:00,5.15,5.419636
2018-12-07 22:00:00,4.28,5.344242
2018-12-07 22:15:00,4.0,4.8551893
2018-12-07 22:30:00,4.07,4.9475527
2018-12-07 22:45:00,4.03,4.8478136
2018-12-07 23:00:00,4.0,5.182667
2018-12-07 23:15:00,3.96,4.4223905
2018-12-07 23:30:00,4.03,4.2676687
2018-12-07 23:45:00,4.0,4.189991
2018-12-08 00:00:00,3.78,3.685926
2018-12-08 00:15:00,4.0,4.111125
2018-12-08 00:30:00,3.96,4.1479783
2018-12-08 00:45:00,4.0,4.1135464
2018-12-08 01:00:00,4.0,4.102579
2018-12-08 01:15:00,5.15,4.112162
2018-12-08 01:30:00,4.79,4.1022873
2018-12-08 01:45:00,3.96,4.0698557
2018-12-08 02:00:00,3.96,3.967328
2018-12-08 02:15:00,4.1,3.9008434
2018-12-08 02:30:00,4.0,4.0628223
2018-12-08 02:45:00,4.0,4.1633725
2018-12-08 03:00:00,4.0,4.1430984
2018-12-08 03:15:00,3.96,4.0144506
2018-12-08 03:30:00,3.64,3.8965445
2018-12-08 03:45:00,3.38,3.9155474
2018-12-08 04:00:00,3.31,3.499002
2018-12-08 04:15:00,3.35,3.47614
2018-12-08 04:30:00,3.35,3.4941428
2018-12-08 04:45:00,3.42,3.5678332
2018-12-08 05:00:00,3.49,3.4836342
2018-12-08 05:15:00,4.0,3.4767838
2018-12-08 05:30:00,3.53,3.44539
2018-12-08 05:45:00,3.35,3.3932886
2018-12-08 06:00:00,3.38,3.4128828
2018-12-08 06:15:00,4.03,3.450153
2018-12-08 06:30:00,4.03,3.768991
2018-12-08 06:45:00,4.0,3.7651348
2018-12-08 07:00:00,3.78,3.6331625
2018-12-08 07:15:00,3.35,3.8069336
2018-12-08 07:30:00,3.31,3.8102539
2018-12-08 07:45:00,3.53,3.8194406
2018-12-08 08:00:00,3.67,3.9070706
2018-12-08 08:15:00,29.23,33.865738
2018-12-08 08:30:00,38.16,51.481792
2018-12-08 08:45:00,33.08,52.203182
2018-12-08 09:00:00,51.52,47.920624
2018-12-08 09:15:00,47.77,53.411957
2018-12-08 09:30:00,42.05,52.427784
2018-12-08 09:45:00,32.4,53.584385
2018-12-08 10:00:00,31.43,53.87676
2018-12-08 10:15:00,31.57,49.33837
2018-12-08 10:30:00,31.43,49.78645
2018-12-08 10:45:00,47.66,48.266495
2018-12-08 11:00:00,49.28,49.256275
2018-12-08 11:15:00,38.16,48.79461
2018-12-08 11:30:00,44.14,48.339706
2018-12-08 11:45:00,38.27,48.4311
2018-12-08 12:00:00,22.46,43.87855
2018-12-08 12:15:00,3.92,5.5482993
2018-12-08 12:30:00,4.57,5.2435203
2018-12-08 12:45:00,5.36,5.145921
2018-12-08 13:00:00,6.08,5.5272737
2018-12-08 13:15:00,34.09,24.924393
2018-12-08 13:30:00,55.69,49.698875
2018-12-08 13:45:00,40.61,49.6454
2018-12-08 14:00:00,50.51,47.608295
2018-12-08 14:15:00,37.98,47.85177
2018-12-08 14:30:00,48.89,47.48594
2018-12-08 14:45:00,37.73,45.190605
2018-12-08 15:00:00,40.03,46.13544
2018-12-08 15:15:00,43.67,46.86816
2018-12-08 15:30:00,46.15,48.675667
2018-12-08 15:45:00,49.68,47.52982
2018-12-08 16:00:00,49.32,48.413013
2018-12-08 16:15:00,49.46,48.537167
2018-12-08 16:30:00,49.54,47.177475
2018-12-08 16:45:00,34.63,47.45483
2018-12-08 17:00:00,27.0,34.546864
2018-12-08 17:15:00,9.9,7.8904905
2018-12-08 17:30:00,5.22,7.7530966
2018-12-08 17:45:00,5.29,5.87278
2018-12-08 18:00:00,5.22,5.540634
2018-12-08 18:15:00,5.18,5.579039
2018-12-08 18:30:00,5.15,5.383229
2018-12-08 18:45:00,5.33,5.2251415
2018-12-08 19:00:00,5.15,5.2601495
2018-12-08 19:15:00,4.1,5.1501055
2018-12-08 19:30:00,4.14,4.9923267
2018-12-08 19:45:00,4.1,4.8580155
2018-12-08 20:00:00,4.14,4.9502754
2018-12-08 20:15:00,4.1,4.62949
2018-12-08 20:30:00,4.03,4.47329
2018-12-08 20:45:00,4.14,4.354079
2018-12-08 21:00:00,4.1,4.8216605
2018-12-08 21:15:00,4.14,4.4701066
2018-12-08 21:30:00,4.1,4.4180117
2018-12-08 21:45:00,4.14,4.2723684
2018-12-08 22:00:00,4.1,4.1829505
2018-12-08 22:15:00,3.82,4.415114
2018-12-08 22:30:00,3.89,4.1158957
2018-12-08 22:45:00,5.0,3.6676226
2018-12-08 23:00:00,4.75,3.6726775
2018-12-08 23:15:00,3.82,3.3982534
2018-12-08 23:30:00,3.71,3.3862035
2018-12-08 23:45:00,3.82,3.3935668
2018-12-09 00:00:00,3.17,3.7608197
2018-12-09 00:15:00,3.74,3.4155083
2018-12-09 00:30:00,3.74,3.4243677
2018-12-09 00:45:00,3.82,3.3773007
2018-12-09 01:00:00,3.85,3.796611
2018-12-09 01:15:00,3.78,3.7892773
2018-12-09 01:30:00,3.82,3.7952664
2018-12-09 01:45:00,3.78,3.827475
2018-12-09 02:00:00,3.78,3.4451492
2018-12-09 02:15:00,3.17,3.2648025
2018-12-09 02:30:00,3.13,3.3322167
2018-12-09 02:45:00,3.35,3.4103518
2018-12-09 03:00:00,3.67,3.81464
2018-12-09 03:15:00,3.02,3.7502215
2018-12-09 03:30:00,3.13,3.546998
2018-12-09 03:45:00,3.06,3.3348536
2018-12-09 04:00:00,3.06,3.3055508
2018-12-09 04:15:00,3.06,3.2972233
2018-12-09 04:30:00,3.2,3.544484
2018-12-09 04:45:00,3.78,3.614463
2018-12-09 05:00:00,3.78,3.5144796
2018-12-09 05:15:00,3.74,3.626568
2018-12-09 05:30:00,3.74,3.2523708
2018-12-09 05:45:00,3.13,3.3336709
2018-12-09 06:00:00,3.74,3.1736572
2018-12-09 06:15:00,3.56,3.2947996
2018-12-09 06:30:00,3.1,3.3295345
2018-12-09 06:45:00,2.95,3.2611275
2018-12-09 07:00:00,3.06,3.2974074
2018-12-09 07:15:00,3.02,3.2107189
2018-12-09 07:30:00,2.95,3.3656552
2018-12-09 07:45:00,3.02,3.4106216
2018-12-09 08:00:00,2.99,3.3859205
2018-12-09 08:15:00,3.13,11.390123
2018-12-09 08:30:00,3.74,20.99675
2018-12-09 08:45:00,3.82,21.466097
2018-12-09 09:00:00,3.96,34.635193
2018-12-09 09:15:00,4.03,4.892457
2018-12-09 09:30:00,3.35,4.568284
2018-12-09 09:45:00,3.31,4.6014667
2018-12-09 10:00:00,3.89,4.023649
2018-12-09 10:15:00,4.03,3.9670858
2018-12-09 10:30:00,3.31,4.078932
2018-12-09 10:45:00,3.35,4.1434817
2018-12-09 11:00:00,3.42,4.103295
2018-12-09 11:15:00,3.35,3.9805434
2018-12-09 11:30:00,3.31,4.05856
2018-12-09 11:45:00,3.38,3.8976145
2018-12-09 12:00:00,3.89,3.992046
2018-12-09 12:15:00,4.18,4.0343513
2018-12-09 12:30:00,4.1,4.0190496
2018-12-09 12:45:00,4.1,3.979669
2018-12-09 13:00:00,3.6,4.227253
2018-12-09 13:15:00,3.42,3.95923
2018-12-09 13:30:00,3.42,4.1174893
2018-12-09 13:45:00,3.35,3.9699366
2018-12-09 14:00:00,3.92,4.027139
2018-12-09 14:15:00,3.78,3.9643223
2018-12-09 14:30:00,3.42,4.000636
2018-12-09 14:45:00,3.38,3.994882
2018-12-09 15:00:00,3.46,3.9905825
2018-12-09 15:15:00,3.42,3.9619975
2018-12-09 15:30:00,3.53,4.0123158
2018-12-09 15:45:00,4.07,4.019588
2018-12-09 16:00:00,4.03,4.0209994
2018-12-09 16:15:00,4.14,4.0792046
2018-12-09 16:30:00,4.0,4.025901
2018-12-09 16:45:00,3.31,3.8762462
2018-12-09 17:00:00,3.35,3.8169463
2018-12-09 17:15:00,3.49,3.799226
2018-12-09 17:30:00,4.1,3.794607
2018-12-09 17:45:00,3.64,3.8511074
2018-12-09 18:00:00,3.24,4.042812
2018-12-09 18:15:00,3.28,3.8742058
2018-12-09 18:30:00,3.31,3.8594358
2018-12-09 18:45:00,3.42,3.8356087
2018-12-09 19:00:00,3.64,3.912107
2018-12-09 19:15:00,4.07,4.03647
2018-12-09 19:30:00,4.03,3.9851048
2018-12-09 19:45:00,4.03,4.006914
2018-12-09 20:00:00,4.0,4.0592413
2018-12-09 20:15:00,3.31,4.074353
2018-12-09 20:30:00,3.31,4.0896716
2018-12-09 20:45:00,3.35,3.9710019
2018-12-09 21:00:00,3.35,3.8873873
2018-12-09 21:15:00,3.67,3.8955188
2018-12-09 21:30:00,4.14,3.8296154
2018-12-09 21:45:00,3.38,3.908642
2018-12-09 22:00:00,3.28,3.7457151
2018-12-09 22:15:00,3.13,3.7741938
2018-12-09 22:30:00,3.17,3.7621877
2018-12-09 22:45:00,3.78,3.420701
2018-12-09 23:00:00,3.78,3.3951123
2018-12-09 23:15:00,3.74,3.38891
2018-12-09 23:30:00,3.74,3.4750528
2018-12-09 23:45:00,3.46,3.363269
2018-12-10 00:00:00,5.36,3.830747
2018-12-10 00:15:00,3.06,3.6439252
2018-12-10 00:30:00,3.02,3.6909273
2018-12-10 00:45:00,3.31,3.6638877
2018-12-10 01:00:00,3.85,3.4380057
2018-12-10 01:15:00,3.42,3.4209201
2018-12-10 01:30:00,3.1,3.422077
2018-12-10 01:45:00,3.1,3.4003863
2018-12-10 02:00:00,3.17,3.3420951
2018-12-10 02:15:00,3.31,3.3501174
2018-12-10 02:30:00,3.82,3.284227
2018-12-10 02:45:00,3.78,3.504995
2018-12-10 03:00:00,3.82,3.4450684
2018-12-10 03:15:00,3.74,3.241328
2018-12-10 03:30:00,3.1,3.1528955
2018-12-10 03:45:00,3.2,3.1750798
2018-12-10 04:00:00,3.1,3.1284537
2018-12-10 04:15:00,3.13,3.435617
2018-12-10 04:30:00,3.17,3.4439495
2018-12-10 04:45:00,3.49,3.3912358
2018-12-10 05:00:00,3.74,3.348101
2018-12-10 05:15:00,3.13,3.138471
2018-12-10 05:30:00,3.1,3.1683784
2018-12-10 05:45:00,3.82,3.058745
2018-12-10 06:00:00,3.82,3.1146877
2018-12-10 06:15:00,3.85,3.0687108
2018-12-10 06:30:00,3.82,3.0917163
2018-12-10 06:45:00,3.46,3.079318
2018-12-10 07:00:00,3.06,3.0648615
2018-12-10 07:15:00,3.13,3.4279804
2018-12-10 07:30:00,3.56,3.7781656
2018-12-10 07:45:00,5.87,4.4465914
2018-12-10 08:00:00,6.8,4.45044
2018-12-10 08:15:00,33.48,29.537565
2018-12-10 08:30:00,61.06,65.55379
2018-12-10 08:45:00,58.36,64.276855
2018-12-10 09:00:00,68.62,65.925285
2018-12-10 09:15:00,69.23,65.99384
2018-12-10 09:30:00,70.78,66.07699
2018-12-10 09:45:00,61.74,70.02806
2018-12-10 10:00:00,72.0,68.014305
2018-12-10 10:15:00,56.2,61.712734
2018-12-10 10:30:00,56.02,67.2886
2018-12-10 10:45:00,63.9,68.935005
2018-12-10 11:00:00,68.47,67.02149
2018-12-10 11:15:00,61.56,71.40847
2018-12-10 11:30:00,70.31,71.85982
2018-12-10 11:45:00,62.42,68.822136
2018-12-10 12:00:00,44.75,48.42591
2018-12-10 12:15:00,9.11,9.469608
2018-12-10 12:30:00,10.33,7.2333107
2018-12-10 12:45:00,11.45,6.6076317
2018-12-10 13:00:00,11.09,8.106294
2018-12-10 13:15:00,42.66,40.642765
2018-12-10 13:30:00,72.9,65.56819
2018-12-10 13:45:00,71.03,64.89699
2018-12-10 14:00:00,67.32,65.63787
2018-12-10 14:15:00,64.22,67.10006
2018-12-10 14:30:00,69.91,65.350746
2018-12-10 14:45:00,51.23,65.69332
2018-12-10 15:00:00,58.39,67.839615
2018-12-10 15:15:00,69.62,64.894844
2018-12-10 15:30:00,66.71,65.86521
2018-12-10 15:45:00,65.99,66.88379
2018-12-10 16:00:00,64.98,68.0035
2018-12-10 16:15:00,64.55,68.60328
2018-12-10 16:30:00,63.72,66.82297
2018-12-10 16:45:00,66.53,68.658806
2018-12-10 17:00:00,62.57,69.384186
2018-12-10 17:15:00,63.72,68.32674
2018-12-10 17:30:00,58.64,60.697536
2018-12-10 17:45:00,60.12,35.590992
2018-12-10 18:00:00,24.73,32.752735
2018-12-10 18:15:00,5.47,41.513763
2018-12-10 18:30:00,4.5,49.82245
2018-12-10 18:45:00,4.46,50.283398
2018-12-10 19:00:00,4.46,50.59696
2018-12-10 19:15:00,4.75,55.972748
2018-12-10 19:30:00,5.69,48.863987
2018-12-10 19:45:00,5.62,47.979134
2018-12-10 20:00:00,4.46,50.88569
2018-12-10 20:15:00,4.46,56.970043
2018-12-10 20:30:00,4.5,46.613533
2018-12-10 20:45:00,4.43,44.85606
2018-12-10 21:00:00,4.46,21.99195
2018-12-10 21:15:00,4.5,5.6998396
2018-12-10 21:30:00,4.57,5.1126165
2018-12-10 21:45:00,4.54,4.8131647
2018-12-10 22:00:00,4.46,4.6892033
2018-12-10 22:15:00,4.28,4.6064897
2018-12-10 22:30:00,4.25,4.3127084
2018-12-10 22:45:00,4.32,4.3002076
2018-12-10 23:00:00,4.18,4.4500566
2018-12-10 23:15:00,4.18,4.124951
2018-12-10 23:30:00,4.21,4.0261884
2018-12-10 23:45:00,4.28,4.1039515
2018-12-11 00:00:00,4.18,5.743347
2018-12-11 00:15:00,4.86,4.368073
2018-12-11 00:30:00,4.21,4.299325
2018-12-11 00:45:00,4.18,4.313586
2018-12-11 01:00:00,4.21,4.130443
2018-12-11 01:15:00,4.32,4.04896
2018-12-11 01:30:00,4.25,4.1771984
2018-12-11 01:45:00,4.18,3.9984908
2018-12-11 02:00:00,4.21,3.8123384
2018-12-11 02:15:00,4.28,3.8757443
2018-12-11 02:30:00,4.25,3.8719242
2018-12-11 02:45:00,4.21,3.8800318
2018-12-11 03:00:00,3.56,3.8116784
2018-12-11 03:15:00,3.56,3.8422852
2018-12-11 03:30:00,3.53,3.7641473
2018-12-11 03:45:00,3.53,3.77923
2018-12-11 04:00:00,3.85,3.4235873
2018-12-11 04:15:00,4.18,3.4316018
2018-12-11 04:30:00,3.49,3.678379
2018-12-11 04:45:00,3.56,3.6681733
2018-12-11 05:00:00,3.56,3.7033143
2018-12-11 05:15:00,3.74,3.7042542
2018-12-11 05:30:00,4.18,3.7911143
2018-12-11 05:45:00,4.25,3.6416519
2018-12-11 06:00:00,4.28,3.5913205
2018-12-11 06:15:00,3.56,3.6876655
2018-12-11 06:30:00,3.53,3.6801744
2018-12-11 06:45:00,3.6,3.6568253
2018-12-11 07:00:00,3.49,3.5927444
2018-12-11 07:15:00,4.1,3.472241
2018-12-11 07:30:00,4.07,3.7030227
2018-12-11 07:45:00,4.86,5.1420765
2018-12-11 08:00:00,14.83,8.749264
2018-12-11 08:15:00,44.21,36.39579
2018-12-11 08:30:00,54.04,70.469666
2018-12-11 08:45:00,61.74,67.89218
2018-12-11 09:00:00,69.48,72.68743
2018-12-11 09:15:00,75.38,71.583595
2018-12-11 09:30:00,71.82,76.68227
2018-12-11 09:45:00,71.24,74.6481
2018-12-11 10:00:00,54.86,71.34924
2018-12-11 10:15:00,66.13,65.36547
2018-12-11 10:30:00,73.08,70.17479
2018-12-11 10:45:00,77.51,70.455154
2018-12-11 11:00:00,72.54,74.40042
2018-12-11 11:15:00,63.83,73.9122
2018-12-11 11:30:00,67.07,72.04607
2018-12-11 11:45:00,84.24,72.87447
2018-12-11 12:00:00,72.79,68.97811
2018-12-11 12:15:00,7.96,8.812541
2018-12-11 12:30:00,5.8,7.508006
2018-12-11 12:45:00,6.98,7.2328053
2018-12-11 13:00:00,6.95,8.706907
2018-12-11 13:15:00,38.45,39.354465
2018-12-11 13:30:00,59.36,70.74321
2018-12-11 13:45:00,66.02,70.76795
2018-12-11 14:00:00,80.28,67.19177
2018-12-11 14:15:00,75.53,67.17035
2018-12-11 14:30:00,72.0,70.457695
2018-12-11 14:45:00,72.61,67.52707
2018-12-11 15:00:00,78.55,67.40589
2018-12-11 15:15:00,73.98,68.28152
2018-12-11 15:30:00,76.79,66.7219
2018-12-11 15:45:00,80.46,62.46611
2018-12-11 16:00:00,68.11,63.186466
2018-12-11 16:15:00,71.68,63.217304
2018-12-11 16:30:00,69.8,64.26796
2018-12-11 16:45:00,75.46,68.85167
2018-12-11 17:00:00,70.27,67.195076
2018-12-11 17:15:00,78.48,71.354996
2018-12-11 17:30:00,66.78,58.224213
2018-12-11 17:45:00,32.11,41.561653
2018-12-11 18:00:00,31.25,31.632519
2018-12-11 18:15:00,36.4,50.497993
2018-12-11 18:30:00,39.56,48.18353
2018-12-11 18:45:00,51.44,48.65688
2018-12-11 19:00:00,51.52,52.632698
2018-12-11 19:15:00,53.57,48.056026
2018-12-11 19:30:00,52.81,49.540493
2018-12-11 19:45:00,52.38,48.20502
2018-12-11 20:00:00,53.21,47.04341
2018-12-11 20:15:00,51.91,51.10911
2018-12-11 20:30:00,53.46,49.638176
2018-12-11 20:45:00,32.36,36.08211
2018-12-11 21:00:00,28.37,14.097651
2018-12-11 21:15:00,6.77,6.150092
2018-12-11 21:30:00,5.69,4.976527
2018-12-11 21:45:00,5.8,4.755207
2018-12-11 22:00:00,5.69,4.8895745
2018-12-11 22:15:00,5.47,4.694805
2018-12-11 22:30:00,5.44,5.14573
2018-12-11 22:45:00,4.97,4.2601433
2018-12-11 23:00:00,4.36,4.4954205
2018-12-11 23:15:00,4.25,3.8522744
2018-12-11 23:30:00,4.21,3.82776
2018-12-11 23:45:00,4.14,3.9200618
2018-12-12 00:00:00,4.21,4.43191
2018-12-12 00:15:00,4.21,4.5030103
2018-12-12 00:30:00,4.14,4.1429014
2018-12-12 00:45:00,4.14,4.0090475
2018-12-12 01:00:00,4.14,4.1461678
2018-12-12 01:15:00,4.21,4.030392
2018-12-12 01:30:00,4.18,4.0864487
2018-12-12 01:45:00,4.75,3.8457277
2018-12-12 02:00:00,5.33,3.8334262
2018-12-12 02:15:00,4.25,3.7288818
2018-12-12 02:30:00,4.25,3.7784812
2018-12-12 02:45:00,4.18,3.6997204
2018-12-12 03:00:00,4.21,3.6006026
2018-12-12 03:15:00,4.18,3.5240383
2018-12-12 03:30:00,4.18,3.4641562
2018-12-12 03:45:00,4.25,3.3689146
2018-12-12 04:00:00,4.18,3.401707
2018-12-12 04:15:00,4.03,3.510529
2018-12-12 04:30:00,3.46,3.4156268
2018-12-12 04:45:00,3.46,3.311394
2018-12-12 05:00:00,3.53,3.2283368
2018-12-12 05:15:00,3.46,3.3078794
2018-12-12 05:30:00,3.49,3.440366
2018-12-12 05:45:00,4.0,3.4178522
2018-12-12 06:00:00,4.25,3.4618335
2018-12-12 06:15:00,3.85,3.270363
2018-12-12 06:30:00,3.42,3.4613152
2018-12-12 06:45:00,3.42,3.5006824
2018-12-12 07:00:00,3.96,3.3016446
2018-12-12 07:15:00,4.1,3.4690435
2018-12-12 07:30:00,4.32,3.8275733
2018-12-12 07:45:00,5.83,5.0277987
2018-12-12 08:00:00,5.8,5.9876356
2018-12-12 08:15:00,36.86,38.726353
2018-12-12 08:30:00,60.37,69.1907
2018-12-12 08:45:00,66.46,65.72737
2018-12-12 09:00:00,69.05,70.14684
2018-12-12 09:15:00,63.86,68.97417
2018-12-12 09:30:00,65.59,71.33841
2018-12-12 09:45:00,60.98,73.0024
2018-12-12 10:00:00,65.74,68.76835
2018-12-12 10:15:00,57.17,63.258377
2018-12-12 10:30:00,64.55,66.94629
2018-12-12 10:45:00,53.42,75.50448
2018-12-12 11:00:00,65.88,77.70242
2018-12-12 11:15:00,57.71,76.90739
2018-12-12 11:30:00,59.76,77.25734
2018-12-12 11:45:00,79.85,72.107635
2018-12-12 12:00:00,49.64,60.904068
2018-12-12 12:15:00,27.97,9.955788
2018-12-12 12:30:00,29.74,7.168054
2018-12-12 12:45:00,29.56,7.1215105
2018-12-12 13:00:00,29.3,8.043952
2018-12-12 13:15:00,58.86,47.709045
2018-12-12 13:30:00,61.78,66.888695
2018-12-12 13:45:00,77.0,66.96106
2018-12-12 14:00:00,65.56,69.44643
2018-12-12 14:15:00,86.51,68.2663
2018-12-12 14:30:00,60.44,68.7655
2018-12-12 14:45:00,64.8,68.98224
2018-12-12 15:00:00,72.18,67.64225
2018-12-12 15:15:00,69.08,71.72485
2018-12-12 15:30:00,66.17,67.60707
2018-12-12 15:45:00,61.67,69.5615
2018-12-12 16:00:00,70.6,69.99687
2018-12-12 16:15:00,68.36,67.55778
2018-12-12 16:30:00,75.1,67.73799
2018-12-12 16:45:00,66.13,68.33745
2018-12-12 17:00:00,70.7,69.352516
2018-12-12 17:15:00,60.7,67.953255
2018-12-12 17:30:00,57.92,62.867687
2018-12-12 17:45:00,32.9,42.98375
2018-12-12 18:00:00,30.53,38.479816
2018-12-12 18:15:00,49.9,41.483192
2018-12-12 18:30:00,67.25,46.85118
2018-12-12 18:45:00,69.37,55.080193
2018-12-12 19:00:00,65.99,54.644733
2018-12-12 19:15:00,66.02,52.71383
2018-12-12 19:30:00,60.19,46.673565
2018-12-12 19:45:00,58.54,47.87872
2018-12-12 20:00:00,61.85,47.767624
2018-12-12 20:15:00,67.07,53.344963
2018-12-12 20:30:00,58.82,44.120056
2018-12-12 20:45:00,53.35,23.012802
2018-12-12 21:00:00,30.35,10.065189
2018-12-12 21:15:00,12.2,8.92915
2018-12-12 21:30:00,5.8,7.178157
2018-12-12 21:45:00,5.76,6.0457997
2018-12-12 22:00:00,5.65,5.838487
2018-12-12 22:15:00,5.04,5.8754787
2018-12-12 22:30:00,4.25,5.7587843
2018-12-12 22:45:00,4.25,5.196883
2018-12-12 23:00:00,4.21,5.7823544
2018-12-12 23:15:00,4.14,5.228835
2018-12-12 23:30:00,4.1,5.133975
2018-12-12 23:45:00,4.1,4.8717175
2018-12-13 00:00:00,5.26,5.070287
2018-12-13 00:15:00,4.1,4.4862366
2018-12-13 00:30:00,4.18,4.5676875
2018-12-13 00:45:00,4.21,4.5325494
2018-12-13 01:00:00,4.14,4.396179
2018-12-13 01:15:00,4.28,4.397132
2018-12-13 01:30:00,4.18,4.430402
2018-12-13 01:45:00,4.25,4.4115496
2018-12-13 02:00:00,5.36,4.6131067
2018-12-13 02:15:00,4.79,4.157534
2018-12-13 02:30:00,4.25,3.9621577
2018-12-13 02:45:00,4.18,4.037449
2018-12-13 03:00:00,4.21,4.106438
2018-12-13 03:15:00,4.18,4.083277
2018-12-13 03:30:00,4.21,4.546451
2018-12-13 03:45:00,4.21,4.6207085
2018-12-13 04:00:00,4.21,4.238784
2018-12-13 04:15:00,4.18,3.78586
2018-12-13 04:30:00,4.21,3.8735352
2018-12-13 04:45:00,4.21,3.8686674
2018-12-13 05:00:00,4.18,3.7012196
2018-12-13 05:15:00,3.67,3.699905
2018-12-13 05:30:00,3.42,3.5010579
2018-12-13 05:45:00,3.89,3.6054175
2018-12-13 06:00:00,4.32,3.5769777
2018-12-13 06:15:00,3.46,3.5166874
2018-12-13 06:30:00,3.38,3.4498508
2018-12-13 06:45:00,3.38,3.4434083
2018-12-13 07:00:00,3.42,3.4876165
2018-12-13 07:15:00,3.42,3.5895643
2018-12-13 07:30:00,3.71,4.1271577
2018-12-13 07:45:00,5.69,5.414434
2018-12-13 08:00:00,6.23,6.2229595
2018-12-13 08:15:00,35.57,34.589268
2018-12-13 08:30:00,72.86,67.91171
2018-12-13 08:45:00,61.74,67.57622
2018-12-13 09:00:00,76.36,69.94632
2018-12-13 09:15:00,63.11,71.95954
2018-12-13 09:30:00,65.66,69.94838
2018-12-13 09:45:00,72.07,70.21644
2018-12-13 10:00:00,56.84,69.18395
2018-12-13 10:15:00,69.3,68.31094
2018-12-13 10:30:00,65.66,67.94994
2018-12-13 10:45:00,85.43,68.99756
2018-12-13 11:00:00,53.17,68.05254
2018-12-13 11:15:00,55.4,68.49941
2018-12-13 11:30:00,60.08,69.17533
2018-12-13 11:45:00,58.0,73.69035
2018-12-13 12:00:00,51.3,62.69109
2018-12-13 12:15:00,11.38,11.663812
2018-12-13 12:30:00,10.91,8.205472
2018-12-13 12:45:00,30.1,9.013469
2018-12-13 13:00:00,36.4,9.845064
2018-12-13 13:15:00,41.69,46.20914
2018-12-13 13:30:00,56.92,64.39046
2018-12-13 13:45:00,46.66,65.75536
2018-12-13 14:00:00,52.52,67.45797
2018-12-13 14:15:00,58.25,69.47298
2018-12-13 14:30:00,72.61,66.52012
2018-12-13 14:45:00,66.24,66.09268
2018-12-13 15:00:00,73.08,69.27936
2018-12-13 15:15:00,60.52,65.60763
2018-12-13 15:30:00,59.87,66.33616
2018-12-13 15:45:00,63.5,66.42701
2018-12-13 16:00:00,60.52,65.74229
2018-12-13 16:15:00,88.92,66.487885
2018-12-13 16:30:00,105.37,64.827774
2018-12-13 16:45:00,102.89,66.68517
2018-12-13 17:00:00,77.83,66.013374
2018-12-13 17:15:00,67.18,66.5848
2018-12-13 17:30:00,70.13,63.535038
2018-12-13 17:45:00,31.72,33.213436
2018-12-13 18:00:00,31.5,32.737858
2018-12-13 18:15:00,54.79,45.014957
2018-12-13 18:30:00,77.04,53.404495
2018-12-13 18:45:00,79.63,54.954334
2018-12-13 19:00:00,80.46,56.68378
2018-12-13 19:15:00,71.89,56.879395
2018-12-13 19:30:00,78.52,55.01696
2018-12-13 19:45:00,52.31,54.0285
2018-12-13 20:00:00,61.16,56.626484
2018-12-13 20:15:00,61.6,61.719532
2018-12-13 20:30:00,49.68,56.309834
2018-12-13 20:45:00,41.54,45.52182
2018-12-13 21:00:00,20.16,29.564005
2018-12-13 21:15:00,6.16,6.5635552
2018-12-13 21:30:00,5.69,5.444532
2018-12-13 21:45:00,5.69,5.234261
2018-12-13 22:00:00,5.65,5.042466
2018-12-13 22:15:00,5.47,4.7325597
2018-12-13 22:30:00,5.4,4.656804
2018-12-13 22:45:00,5.36,4.73587
2018-12-13 23:00:00,5.36,5.059633
2018-12-13 23:15:00,5.26,4.350514
2018-12-13 23:30:00,5.22,4.288868
2018-12-13 23:45:00,5.18,4.2421093
2018-12-14 00:00:00,4.1,4.419118
2018-12-14 00:15:00,5.33,4.242546
2018-12-14 00:30:00,5.29,4.2418065
2018-12-14 00:45:00,5.26,4.238977
2018-12-14 01:00:00,5.29,4.222165
2018-12-14 01:15:00,5.26,4.285671
2018-12-14 01:30:00,5.36,4.2805457
2018-12-14 01:45:00,5.33,4.224985
2018-12-14 02:00:00,4.79,4.307345
2018-12-14 02:15:00,4.14,4.210779
2018-12-14 02:30:00,4.18,4.199062
2018-12-14 02:45:00,4.21,4.1777215
2018-12-14 03:00:00,4.18,4.1271777
2018-12-14 03:15:00,4.25,4.1019316
2018-12-14 03:30:00,4.18,4.066529
2018-12-14 03:45:00,4.14,4.102266
2018-12-14 04:00:00,4.28,3.8759744
2018-12-14 04:15:00,4.18,3.847877
2018-12-14 04:30:00,4.18,3.742219
2018-12-14 04:45:00,4.1,3.578638
2018-12-14 05:00:00,4.46,3.6405518
2018-12-14 05:15:00,5.4,3.4686518
2018-12-14 05:30:00,4.5,3.4839804
2018-12-14 05:45:00,4.18,3.7255442
2018-12-14 06:00:00,4.14,3.5515423
2018-12-14 06:15:00,4.14,3.4161928
2018-12-14 06:30:00,3.49,3.4780898
2018-12-14 06:45:00,3.42,3.5686214
2018-12-14 07:00:00,3.35,3.5898037
2018-12-14 07:15:00,3.35,3.5776079
2018-12-14 07:30:00,4.25,3.955259
2018-12-14 07:45:00,6.52,5.0540776
2018-12-14 08:00:00,7.38,5.3291817
2018-12-14 08:15:00,36.22,39.235504
2018-12-14 08:30:00,94.18,68.17426
2018-12-14 08:45:00,97.88,67.23646
2018-12-14 09:00:00,134.5,70.696144
2018-12-14 09:15:00,93.67,68.90135
2018-12-14 09:30:00,109.26,69.07964
2018-12-14 09:45:00,128.34,71.22783
2018-12-14 10:00:00,81.47,68.806595
2018-12-14 10:15:00,109.69,68.254234
2018-12-14 10:30:00,120.67,65.79849
2018-12-14 10:45:00,92.81,68.730385
2018-12-14 11:00:00,91.58,67.01084
2018-12-14 11:15:00,104.9,66.881134
2018-12-14 11:30:00,124.2,67.39982
2018-12-14 11:45:00,88.85,67.02445
2018-12-14 12:00:00,132.01,56.04162
2018-12-14 12:15:00,13.61,8.652661
2018-12-14 12:30:00,9.86,12.382447
2018-12-14 12:45:00,9.61,10.536317
2018-12-14 13:00:00,9.43,20.548124
2018-12-14 13:15:00,86.98,50.593884
2018-12-14 13:30:00,74.66,63.48906
2018-12-14 13:45:00,116.42,63.91675
2018-12-14 14:00:00,107.57,63.42401
2018-12-14 14:15:00,103.82,62.594013
2018-12-14 14:30:00,114.73,64.37026
2018-12-14 14:45:00,84.74,64.24962
2018-12-14 15:00:00,109.4,65.30287
2018-12-14 15:15:00,125.21,63.162533
2018-12-14 15:30:00,89.35,62.469704
2018-12-14 15:45:00,122.26,63.416687
2018-12-14 16:00:00,114.66,63.027878
2018-12-14 16:15:00,96.8,66.789154
2018-12-14 16:30:00,118.12,65.668625
2018-12-14 16:45:00,133.2,66.202675
2018-12-14 17:00:00,102.64,63.052578
2018-12-14 17:15:00,63.94,62.63466
2018-12-14 17:30:00,62.64,62.53145
2018-12-14 17:45:00,37.94,33.88674
2018-12-14 18:00:00,32.62,31.241388
2018-12-14 18:15:00,29.63,43.009293
2018-12-14 18:30:00,26.57,49.406487
2018-12-14 18:45:00,26.35,61.04237
2018-12-14 19:00:00,26.32,61.032192
2018-12-14 19:15:00,26.39,62.142616
2018-12-14 19:30:00,26.64,60.81016
2018-12-14 19:45:00,28.44,59.382187
2018-12-14 20:00:00,30.46,57.901688
2018-12-14 20:15:00,29.88,59.575733
2018-12-14 20:30:00,30.06,54.392143
2018-12-14 20:45:00,31.93,44.745823
2018-12-14 21:00:00,28.66,26.142292
2018-12-14 21:15:00,5.76,6.026467
2018-12-14 21:30:00,5.8,5.1629763
2018-12-14 21:45:00,5.72,5.1066914
2018-12-14 22:00:00,5.69,5.0382605
2018-12-14 22:15:00,5.4,4.955155
2018-12-14 22:30:00,5.33,5.0762687
2018-12-14 22:45:00,5.33,4.913947
2018-12-14 23:00:00,5.33,5.1320677
2018-12-14 23:15:00,4.86,4.5090523
2018-12-14 23:30:00,4.03,4.599916
2018-12-14 23:45:00,4.03,4.4222984
2018-12-15 00:00:00,3.28,4.017883
2018-12-15 00:15:00,4.14,4.1766443
2018-12-15 00:30:00,4.1,4.1524377
2018-12-15 00:45:00,4.07,4.101182
2018-12-15 01:00:00,4.14,4.133565
2018-12-15 01:15:00,4.14,4.11841
2018-12-15 01:30:00,4.14,4.217558
2018-12-15 01:45:00,4.14,4.0700502
2018-12-15 02:00:00,4.1,4.033626
2018-12-15 02:15:00,4.1,4.03726
2018-12-15 02:30:00,4.21,4.066154
2018-12-15 02:45:00,4.1,3.9891264
2018-12-15 03:00:00,4.18,4.004233
2018-12-15 03:15:00,4.82,4.0199122
2018-12-15 03:30:00,5.26,3.9075484
2018-12-15 03:45:00,4.18,3.63789
2018-12-15 04:00:00,4.14,3.667928
2018-12-15 04:15:00,4.14,3.6100378
2018-12-15 04:30:00,3.82,3.5170848
2018-12-15 04:45:00,3.46,3.532609
2018-12-15 05:00:00,3.49,3.5590343
2018-12-15 05:15:00,3.42,3.8229878
2018-12-15 05:30:00,3.42,3.8187833
2018-12-15 05:45:00,3.42,3.591802
2018-12-15 06:00:00,3.38,3.5874925
2018-12-15 06:15:00,3.46,3.8221717
2018-12-15 06:30:00,3.42,3.5620995
2018-12-15 06:45:00,3.49,3.5690858
2018-12-15 07:00:00,4.57,3.498236
2018-12-15 07:15:00,4.43,3.4196508
2018-12-15 07:30:00,4.1,3.4945827
2018-12-15 07:45:00,4.07,4.4186225
2018-12-15 08:00:00,3.64,4.6975827
2018-12-15 08:15:00,3.35,21.698872
2018-12-15 08:30:00,3.35,47.93766
2018-12-15 08:45:00,3.38,47.849136
2018-12-15 09:00:00,3.49,79.85227
2018-12-15 09:15:00,3.56,13.0578
2018-12-15 09:30:00,3.38,11.843056
2018-12-15 09:45:00,3.42,9.734664
2018-12-15 10:00:00,3.35,5.369638
2018-12-15 10:15:00,3.35,5.650958
2018-12-15 10:30:00,3.35,6.0645285
2018-12-15 10:45:00,4.97,7.5452204
2018-12-15 11:00:00,5.36,6.7395573
2018-12-15 11:15:00,4.28,5.8266115
2018-12-15 11:30:00,4.18,7.749945
2018-12-15 11:45:00,3.35,5.264445
2018-12-15 12:00:00,3.38,5.6858373
2018-12-15 12:15:00,3.42,5.2567244
2018-12-15 12:30:00,3.42,4.599799
2018-12-15 12:45:00,3.42,4.1458006
2018-12-15 13:00:00,3.38,4.537295
2018-12-15 13:15:00,3.31,4.7420774
2018-12-15 13:30:00,3.35,5.0043316
2018-12-15 13:45:00,3.38,5.2187176
2018-12-15 14:00:00,3.31,5.5866146
2018-12-15 14:15:00,3.82,5.0908537
2018-12-15 14:30:00,4.1,5.855725
2018-12-15 14:45:00,4.07,4.9917483
2018-12-15 15:00:00,4.21,5.9573207
2018-12-15 15:15:00,3.74,6.321645
2018-12-15 15:30:00,3.74,5.716708
2018-12-15 15:45:00,3.96,6.435644
2018-12-15 16:00:00,3.28,6.1872416
2018-12-15 16:15:00,3.35,7.780463
2018-12-15 16:30:00,3.28,6.93672
2018-12-15 16:45:00,3.24,5.0298657
2018-12-15 17:00:00,3.28,4.7360225
2018-12-15 17:15:00,3.28,4.6974006
2018-12-15 17:30:00,3.35,4.3320413
2018-12-15 17:45:00,4.18,4.079395
2018-12-15 18:00:00,4.1,4.1709924
2018-12-15 18:15:00,4.1,4.3149204
2018-12-15 18:30:00,4.1,4.151925
2018-12-15 18:45:00,4.03,4.214292
2018-12-15 19:00:00,4.28,4.2368016
2018-12-15 19:15:00,3.49,4.158544
2018-12-15 19:30:00,3.38,4.180873
2018-12-15 19:45:00,3.35,4.0853434
2018-12-15 20:00:00,3.38,4.0809126
2018-12-15 20:15:00,3.46,4.0818186
2018-12-15 20:30:00,3.42,4.0630436
2018-12-15 20:45:00,3.35,4.078512
2018-12-15 21:00:00,3.38,4.402206
2018-12-15 21:15:00,3.96,4.2295966
2018-12-15 21:30:00,4.28,4.2700524
2018-12-15 21:45:00,4.25,4.2990603
2018-12-15 22:00:00,4.18,4.269229
2018-12-15 22:15:00,3.74,4.0586576
2018-12-15 22:30:00,3.31,3.8268306
2018-12-15 22:45:00,4.07,3.9133704
2018-12-15 23:00:00,3.56,3.8012414
2018-12-15 23:15:00,3.17,3.806559
2018-12-15 23:30:00,3.24,3.8408551
2018-12-15 23:45:00,3.2,3.8608885
2018-12-16 00:00:00,4.21,3.4911187
2018-12-16 00:15:00,3.24,3.7100394
2018-12-16 00:30:00,3.28,3.6970716
2018-12-16 00:45:00,3.28,3.7038703
2018-12-16 01:00:00,3.85,3.8114314
2018-12-16 01:15:00,4.18,3.848282
2018-12-16 01:30:00,4.07,3.8415403
2018-12-16 01:45:00,4.07,3.8479512
2018-12-16 02:00:00,3.92,3.8538215
2018-12-16 02:15:00,3.28,3.567523
2018-12-16 02:30:00,3.42,3.571614
2018-12-16 02:45:00,3.53,3.575232
2018-12-16 03:00:00,4.14,3.7950442
2018-12-16 03:15:00,3.56,3.5116196
2018-12-16 03:30:00,3.35,3.4929407
2018-12-16 03:45:00,3.38,3.526516
2018-12-16 04:00:00,3.42,3.537475
2018-12-16 04:15:00,3.42,3.4782114
2018-12-16 04:30:00,3.42,3.3929074
2018-12-16 04:45:00,3.38,3.5379837
2018-12-16 05:00:00,4.07,3.5928895
2018-12-16 05:15:00,4.14,3.561475
2018-12-16 05:30:00,4.07,3.5315897
2018-12-16 05:45:00,4.07,3.4677835
2018-12-16 06:00:00,3.53,3.5467818
2018-12-16 06:15:00,3.31,3.464069
2018-12-16 06:30:00,3.35,3.3540466
2018-12-16 06:45:00,3.64,3.3693821
2018-12-16 07:00:00,4.07,3.4384928
2018-12-16 07:15:00,3.38,3.4176326
2018-12-16 07:30:00,3.28,3.455588
2018-12-16 07:45:00,3.89,3.6923454
2018-12-16 08:00:00,3.96,3.643689
2018-12-16 08:15:00,39.35,3.8718114
2018-12-16 08:30:00,63.54,4.3007855
2018-12-16 08:45:00,65.02,4.03353
2018-12-16 09:00:00,63.79,4.540508
2018-12-16 09:15:00,61.7,7.1390543
2018-12-16 09:30:00,64.8,13.166838
2018-12-16 09:45:00,51.16,13.5191345
2018-12-16 10:00:00,55.01,8.3145275
2018-12-16 10:15:00,61.81,10.505445
2018-12-16 10:30:00,72.18,17.267948
2018-12-16 10:45:00,54.86,9.342849
2018-12-16 11:00:00,66.78,9.3216305
2018-12-16 11:15:00,69.95,11.777407
2018-12-16 11:30:00,53.35,17.229383
2018-12-16 11:45:00,55.51,8.845322
2018-12-16 12:00:00,11.81,9.81271
2018-12-16 12:15:00,5.65,4.7241015
2018-12-16 12:30:00,5.54,4.5592923
2018-12-16 12:45:00,5.44,4.5454555
2018-12-16 13:00:00,5.33,4.5349216
2018-12-16 13:15:00,36.47,6.51665
2018-12-16 13:30:00,63.72,8.792961
2018-12-16 13:45:00,64.8,25.365164
2018-12-16 14:00:00,61.85,19.819553
2018-12-16 14:15:00,57.89,19.900873
2018-12-16 14:30:00,54.36,32.551105
2018-12-16 14:45:00,47.38,21.629967
2018-12-16 15:00:00,43.49,30.797634
2018-12-16 15:15:00,45.4,21.736958
2018-12-16 15:30:00,60.55,16.585789
2018-12-16 15:45:00,48.42,19.415571
2018-12-16 16:00:00,63.22,15.229155
2018-12-16 16:15:00,62.64,10.291437
2018-12-16 16:30:00,66.02,13.842871
2018-12-16 16:45:00,35.42,13.040392
2018-12-16 17:00:00,9.11,16.083126
2018-12-16 17:15:00,8.06,7.5437655
2018-12-16 17:30:00,7.74,9.245736
2018-12-16 17:45:00,7.85,22.311266
2018-12-16 18:00:00,6.73,11.941919
2018-12-16 18:15:00,5.22,17.212439
2018-12-16 18:30:00,5.69,19.85698
2018-12-16 18:45:00,5.72,16.037441
2018-12-16 19:00:00,5.69,19.846033
2018-12-16 19:15:00,5.72,11.871878
2018-12-16 19:30:00,5.44,8.39759
2018-12-16 19:45:00,4.46,7.6945896
2018-12-16 20:00:00,4.5,7.781307
2018-12-16 20:15:00,4.46,14.282512
2018-12-16 20:30:00,4.5,12.850726
2018-12-16 20:45:00,4.54,13.218533
2018-12-16 21:00:00,4.46,11.476041
2018-12-16 21:15:00,4.5,4.5226355
2018-12-16 21:30:00,4.5,4.520978
2018-12-16 21:45:00,4.57,4.581693
2018-12-16 22:00:00,4.57,4.3414407
2018-12-16 22:15:00,4.25,3.6981752
2018-12-16 22:30:00,4.25,3.5173585
2018-12-16 22:45:00,4.18,4.1808643
2018-12-16 23:00:00,5.44,3.919907
2018-12-16 23:15:00,4.82,3.3510985
2018-12-16 23:30:00,4.14,3.4043624
2018-12-16 23:45:00,4.18,3.3397987
2018-12-17 00:00:00,4.57,4.495341
2018-12-17 00:15:00,4.25,3.5697136
2018-12-17 00:30:00,4.18,3.5614858
2018-12-17 00:45:00,4.21,3.634218
2018-12-17 01:00:00,4.21,3.7702835
2018-12-17 01:15:00,4.21,3.6579707
2018-12-17 01:30:00,4.36,3.5545452
2018-12-17 01:45:00,4.28,3.5171878
2018-12-17 02:00:00,4.28,3.5230334
2018-12-17 02:15:00,4.28,3.5525122
2018-12-17 02:30:00,3.71,3.6372774
2018-12-17 02:45:00,4.32,3.6100578
2018-12-17 03:00:00,3.82,3.7410305
2018-12-17 03:15:00,3.53,3.716168
2018-12-17 03:30:00,3.53,3.4793322
2018-12-17 03:45:00,3.53,3.5457451
2018-12-17 04:00:00,3.6,3.408626
2018-12-17 04:15:00,3.53,3.4337833
2018-12-17 04:30:00,3.53,3.3296714
2018-12-17 04:45:00,4.1,3.402293
2018-12-17 05:00:00,4.25,3.4484851
2018-12-17 05:15:00,4.28,3.3323758
2018-12-17 05:30:00,4.25,3.2320335
2018-12-17 05:45:00,3.64,3.5487292
2018-12-17 06:00:00,3.49,3.5336993
2018-12-17 06:15:00,3.46,3.444804
2018-12-17 06:30:00,4.32,3.3518226
2018-12-17 06:45:00,3.6,3.3499615
2018-12-17 07:00:00,3.42,3.2396467
2018-12-17 07:15:00,3.49,3.2557535
2018-12-17 07:30:00,4.36,3.9447682
2018-12-17 07:45:00,6.19,5.0657377
2018-12-17 08:00:00,6.3,5.574978
2018-12-17 08:15:00,6.48,37.43309
2018-12-17 08:30:00,53.35,76.073524
2018-12-17 08:45:00,46.94,76.12291
2018-12-17 09:00:00,52.06,77.655266
2018-12-17 09:15:00,54.83,80.50814
2018-12-17 09:30:00,56.12,78.39817
2018-12-17 09:45:00,58.0,75.56188
2018-12-17 10:00:00,50.08,72.64333
2018-12-17 10:15:00,46.04,71.33168
2018-12-17 10:30:00,49.54,73.232475
2018-12-17 10:45:00,54.14,68.443474
2018-12-17 11:00:00,53.78,68.49729
2018-12-17 11:15:00,52.67,72.33829
2018-12-17 11:30:00,55.84,69.315704
2018-12-17 11:45:00,49.64,72.87389
2018-12-17 12:00:00,54.5,65.882416
2018-12-17 12:15:00,11.12,9.755817
2018-12-17 12:30:00,7.06,8.460653
2018-12-17 12:45:00,7.13,8.510715
2018-12-17 13:00:00,8.21,11.213722
2018-12-17 13:15:00,33.26,62.239346
2018-12-17 13:30:00,56.99,74.50674
2018-12-17 13:45:00,56.59,69.28323
2018-12-17 14:00:00,55.08,67.91495
2018-12-17 14:15:00,51.05,68.0725
2018-12-17 14:30:00,47.95,65.97982
2018-12-17 14:45:00,57.82,63.877426
2018-12-17 15:00:00,59.11,64.30923
2018-12-17 15:15:00,60.62,66.65172
2018-12-17 15:30:00,53.6,63.350758
2018-12-17 15:45:00,60.44,63.373173
2018-12-17 16:00:00,67.5,66.28151
2018-12-17 16:15:00,85.86,66.48876
2018-12-17 16:30:00,82.33,66.168526
2018-12-17 16:45:00,59.8,63.147163
2018-12-17 17:00:00,60.37,63.873905
2018-12-17 17:15:00,56.38,68.591805
2018-12-17 17:30:00,52.99,63.730858
2018-12-17 17:45:00,35.35,34.75759
2018-12-17 18:00:00,31.32,30.912392
2018-12-17 18:15:00,16.09,38.65393
2018-12-17 18:30:00,6.37,52.929745
2018-12-17 18:45:00,5.8,52.93797
2018-12-17 19:00:00,5.54,54.27004
2018-12-17 19:15:00,5.54,58.020267
2018-12-17 19:30:00,5.62,53.874104
2018-12-17 19:45:00,5.54,51.78146
2018-12-17 20:00:00,5.62,53.00813
2018-12-17 20:15:00,5.54,52.03842
2018-12-17 20:30:00,4.75,52.500633
2018-12-17 20:45:00,4.46,40.4321
2018-12-17 21:00:00,4.46,30.235727
2018-12-17 21:15:00,4.43,6.19158
2018-12-17 21:30:00,4.43,4.7012167
2018-12-17 21:45:00,4.46,4.532337
2018-12-17 22:00:00,4.46,4.4834228
2018-12-17 22:15:00,4.14,4.3932548
2018-12-17 22:30:00,4.18,4.5339336
2018-12-17 22:45:00,4.21,4.1851115
2018-12-17 23:00:00,4.18,4.324644
2018-12-17 23:15:00,4.14,4.3573165
2018-12-17 23:30:00,4.07,4.2455807
2018-12-17 23:45:00,4.07,4.2736573
2018-12-18 00:00:00,4.14,4.5926986
2018-12-18 00:15:00,5.22,4.726843
2018-12-18 00:30:00,4.68,4.549221
2018-12-18 00:45:00,4.14,4.493313
2018-12-18 01:00:00,4.1,4.3799205
2018-12-18 01:15:00,4.18,4.3208313
2018-12-18 01:30:00,4.07,4.369321
2018-12-18 01:45:00,4.18,4.29609
2018-12-18 02:00:00,4.1,4.2748747
2018-12-18 02:15:00,4.18,4.401394
2018-12-18 02:30:00,4.14,4.25116
2018-12-18 02:45:00,4.21,4.26655
2018-12-18 03:00:00,4.18,4.074937
2018-12-18 03:15:00,3.6,4.000845
2018-12-18 03:30:00,3.42,4.0120234
2018-12-18 03:45:00,3.42,3.9790618
2018-12-18 04:00:00,3.38,4.081198
2018-12-18 04:15:00,3.42,3.9810445
2018-12-18 04:30:00,3.71,3.6365604
2018-12-18 04:45:00,4.18,3.7336378
2018-12-18 05:00:00,3.53,3.9415607
2018-12-18 05:15:00,3.46,3.903495
2018-12-18 05:30:00,3.38,4.0852294
2018-12-18 05:45:00,4.03,4.0036817
2018-12-18 06:00:00,4.14,3.8332841
2018-12-18 06:15:00,3.6,3.5734086
2018-12-18 06:30:00,3.38,3.7372184
2018-12-18 06:45:00,3.35,3.7011628
2018-12-18 07:00:00,3.31,3.5735295
2018-12-18 07:15:00,3.28,3.7678385
2018-12-18 07:30:00,3.42,4.180469
2018-12-18 07:45:00,5.58,5.5931177
2018-12-18 08:00:00,7.27,7.0347853
2018-12-18 08:15:00,38.38,26.269587
2018-12-18 08:30:00,72.86,65.21324
2018-12-18 08:45:00,66.42,66.9543
2018-12-18 09:00:00,81.4,67.52532
2018-12-18 09:15:00,66.28,64.36575
2018-12-18 09:30:00,78.3,66.80255
2018-12-18 09:45:00,77.72,68.53767
2018-12-18 10:00:00,74.59,66.24365
2018-12-18 10:15:00,63.04,66.79916
2018-12-18 10:30:00,58.68,67.25219
2018-12-18 10:45:00,62.96,63.726974
2018-12-18 11:00:00,68.36,62.01437
2018-12-18 11:15:00,60.05,65.67134
2018-12-18 11:30:00,58.82,66.34989
2018-12-18 11:45:00,64.73,62.662468
2018-12-18 12:00:00,67.54,61.748154
2018-12-18 12:15:00,8.14,12.7638645
2018-12-18 12:30:00,8.64,8.764116
2018-12-18 12:45:00,8.78,7.833497
2018-12-18 13:00:00,9.4,18.33504
2018-12-18 13:15:00,52.45,46.6781
2018-12-18 13:30:00,67.46,64.444336
2018-12-18 13:45:00,62.53,64.33389
2018-12-18 14:00:00,62.46,63.560875
2018-12-18 14:15:00,67.18,63.1189
2018-12-18 14:30:00,113.51,64.07903
2018-12-18 14:45:00,99.5,60.72163
2018-12-18 15:00:00,68.0,61.92401
2018-12-18 15:15:00,120.82,63.030766
2018-12-18 15:30:00,79.45,62.702724
2018-12-18 15:45:00,117.68,62.877186
2018-12-18 16:00:00,114.08,65.211845
2018-12-18 16:15:00,106.27,61.82905
2018-12-18 16:30:00,93.28,62.567833
2018-12-18 16:45:00,127.58,61.350033
2018-12-18 17:00:00,94.61,65.01142
2018-12-18 17:15:00,101.02,64.1727
2018-12-18 17:30:00,112.14,59.962105
2018-12-18 17:45:00,68.08,33.429028
2018-12-18 18:00:00,15.95,29.748116
2018-12-18 18:15:00,7.16,38.577507
2018-12-18 18:30:00,5.58,50.95241
2018-12-18 18:45:00,5.65,48.25155
2018-12-18 19:00:00,5.0,49.862473
2018-12-18 19:15:00,4.5,48.66773
2018-12-18 19:30:00,4.39,49.97268
2018-12-18 19:45:00,4.43,49.902966
2018-12-18 20:00:00,4.39,49.243336
2018-12-18 20:15:00,4.43,48.83321
2018-12-18 20:30:00,4.36,46.565334
2018-12-18 20:45:00,4.39,40.467613
2018-12-18 21:00:00,4.43,29.360783
2018-12-18 21:15:00,4.39,7.4732513
2018-12-18 21:30:00,4.46,5.151838
2018-12-18 21:45:00,4.39,5.013729
2018-12-18 22:00:00,4.39,4.922996
2018-12-18 22:15:00,4.25,4.798779
2018-12-18 22:30:00,5.18,4.746985
2018-12-18 22:45:00,5.15,4.629244
2018-12-18 23:00:00,4.14,4.792191
2018-12-18 23:15:00,4.14,4.4323716
2018-12-18 23:30:00,4.14,4.3138404
2018-12-18 23:45:00,4.1,4.282573
2018-12-19 00:00:00,3.92,5.019906
2018-12-19 00:15:00,4.14,4.8363843
2018-12-19 00:30:00,4.14,4.7235317
2018-12-19 00:45:00,4.14,4.5727744
2018-12-19 01:00:00,4.21,4.697322
2018-12-19 01:15:00,4.14,4.7067323
2018-12-19 01:30:00,4.14,4.602904
2018-12-19 01:45:00,4.18,4.4726567
2018-12-19 02:00:00,4.18,4.5068398
2018-12-19 02:15:00,4.93,4.4413342
2018-12-19 02:30:00,5.26,4.455634
2018-12-19 02:45:00,4.14,4.4456553
2018-12-19 03:00:00,4.14,4.464739
2018-12-19 03:15:00,4.1,4.2306128
2018-12-19 03:30:00,4.25,4.0446024
2018-12-19 03:45:00,3.82,3.945823
2018-12-19 04:00:00,3.49,3.9211662
2018-12-19 04:15:00,3.42,3.8207266
2018-12-19 04:30:00,3.42,3.6471877
2018-12-19 04:45:00,3.49,3.7126868
2018-12-19 05:00:00,3.38,3.882621
2018-12-19 05:15:00,3.42,3.6988358
2018-12-19 05:30:00,3.38,3.5660121
2018-12-19 05:45:00,3.42,3.8349943
2018-12-19 06:00:00,3.42,4.0694237
2018-12-19 06:15:00,4.07,3.6904073
2018-12-19 06:30:00,4.18,3.5866663
2018-12-19 06:45:00,3.96,3.4554956
2018-12-19 07:00:00,4.1,3.6814852
2018-12-19 07:15:00,4.1,3.666396
2018-12-19 07:30:00,4.07,4.0899134
2018-12-19 07:45:00,5.76,5.6541815
2018-12-19 08:00:00,6.23,6.3396716
2018-12-19 08:15:00,36.14,39.077034
2018-12-19 08:30:00,70.81,70.22713
2018-12-19 08:45:00,59.54,70.07991
2018-12-19 09:00:00,63.86,75.57469
2018-12-19 09:15:00,77.4,73.37417
2018-12-19 09:30:00,65.23,78.75374
2018-12-19 09:45:00,69.3,80.73275
2018-12-19 10:00:00,61.13,75.908905
2018-12-19 10:15:00,61.16,75.40716
2018-12-19 10:30:00,70.42,73.92277
2018-12-19 10:45:00,63.68,69.09218
2018-12-19 11:00:00,83.09,70.75564
2018-12-19 11:15:00,140.8,71.19944
2018-12-19 11:30:00,110.88,72.113945
2018-12-19 11:45:00,115.13,66.96033
2018-12-19 12:00:00,101.99,69.30972
2018-12-19 12:15:00,12.13,11.238051
2018-12-19 12:30:00,6.66,9.209846
2018-12-19 12:45:00,6.8,8.353499
2018-12-19 13:00:00,6.98,14.845052
2018-12-19 13:15:00,62.42,53.676823
2018-12-19 13:30:00,116.46,69.192345
2018-12-19 13:45:00,89.86,68.026764
2018-12-19 14:00:00,98.03,68.75395
2018-12-19 14:15:00,149.18,68.497696
2018-12-19 14:30:00,116.64,72.523964
2018-12-19 14:45:00,105.48,69.80931
2018-12-19 15:00:00,145.22,70.04542
2018-12-19 15:15:00,101.38,69.26513
2018-12-19 15:30:00,130.46,69.33198
2018-12-19 15:45:00,115.24,68.917046
2018-12-19 16:00:00,125.21,66.51107
2018-12-19 16:15:00,133.56,66.21476
2018-12-19 16:30:00,81.65,63.060616
2018-12-19 16:45:00,62.68,62.125755
2018-12-19 17:00:00,125.5,66.09169
2018-12-19 17:15:00,68.0,68.00752
2018-12-19 17:30:00,40.5,64.45228
2018-12-19 17:45:00,31.68,43.346508
2018-12-19 18:00:00,26.82,35.41875
2018-12-19 18:15:00,5.98,43.717667
2018-12-19 18:30:00,5.47,31.483006
2018-12-19 18:45:00,5.54,31.423912
2018-12-19 19:00:00,5.44,31.344303
2018-12-19 19:15:00,5.47,28.052256
2018-12-19 19:30:00,5.47,31.735662
2018-12-19 19:45:00,5.4,32.083908
2018-12-19 20:00:00,5.33,34.094215
2018-12-19 20:15:00,5.36,23.2973
2018-12-19 20:30:00,5.33,35.9927
2018-12-19 20:45:00,5.44,28.254686
2018-12-19 21:00:00,5.4,9.213434
2018-12-19 21:15:00,5.4,5.966998
2018-12-19 21:30:00,5.04,4.875804
2018-12-19 21:45:00,4.25,4.700807
2018-12-19 22:00:00,4.39,4.726897
2018-12-19 22:15:00,4.03,4.5964546
2018-12-19 22:30:00,4.03,5.3572464
2018-12-19 22:45:00,3.96,5.084855
2018-12-19 23:00:00,4.07,4.7812247
2018-12-19 23:15:00,4.03,4.619821
2018-12-19 23:30:00,3.92,4.6663036
2018-12-19 23:45:00,3.96,4.6779165
2018-12-20 00:00:00,3.89,4.6630645
2018-12-20 00:15:00,4.03,4.117336
2018-12-20 00:30:00,4.03,4.151655
2018-12-20 00:45:00,4.0,4.1788163
2018-12-20 01:00:00,4.0,4.1990347
2018-12-20 01:15:00,4.0,4.173592
2018-12-20 01:30:00,4.1,4.152268
2018-12-20 01:45:00,4.0,4.1337004
2018-12-20 02:00:00,4.07,4.147986
2018-12-20 02:15:00,4.43,4.1756735
2018-12-20 02:30:00,5.18,4.2994866
2018-12-20 02:45:00,4.1,4.161202
2018-12-20 03:00:00,4.0,4.1758204
2018-12-20 03:15:00,4.1,4.1484447
2018-12-20 03:30:00,4.03,4.129179
2018-12-20 03:45:00,4.1,3.9102342
2018-12-20 04:00:00,3.31,3.814699
2018-12-20 04:15:00,3.35,3.6940055
2018-12-20 04:30:00,3.46,3.6391196
2018-12-20 04:45:00,3.38,3.6620765
2018-12-20 05:00:00,3.35,3.7230062
2018-12-20 05:15:00,3.35,3.6516013
2018-12-20 05:30:00,3.38,3.5572066
2018-12-20 05:45:00,3.38,3.5600412
2018-12-20 06:00:00,3.92,3.6009064
2018-12-20 06:15:00,3.67,3.3589938
2018-12-20 06:30:00,3.35,3.4564166
2018-12-20 06:45:00,4.0,3.3758748
2018-12-20 07:00:00,4.03,3.499926
2018-12-20 07:15:00,3.96,3.5019233
2018-12-20 07:30:00,4.18,4.1218123
2018-12-20 07:45:00,4.79,5.3506074
2018-12-20 08:00:00,5.87,6.076472
2018-12-20 08:15:00,39.49,37.025574
2018-12-20 08:30:00,79.85,67.95594
2018-12-20 08:45:00,66.96,68.99072
2018-12-20 09:00:00,63.14,67.95124
2018-12-20 09:15:00,64.12,70.44496
2018-12-20 09:30:00,64.37,71.02318
2018-12-20 09:45:00,83.16,69.65849
2018-12-20 10:00:00,71.14,71.71913
2018-12-20 10:15:00,58.72,70.506615
2018-12-20 10:30:00,68.72,69.710526
2018-12-20 10:45:00,75.53,67.03004
2018-12-20 11:00:00,77.51,71.17471
2018-12-20 11:15:00,64.4,71.42112
2018-12-20 11:30:00,63.0,70.07203
2018-12-20 11:45:00,71.46,67.73147
2018-12-20 12:00:00,71.06,67.32573
2018-12-20 12:15:00,16.96,14.920762
2018-12-20 12:30:00,7.67,8.160147
2018-12-20 12:45:00,7.49,7.4671707
2018-12-20 13:00:00,6.66,8.514806
2018-12-20 13:15:00,42.7,54.74522
2018-12-20 13:30:00,63.07,69.02041
2018-12-20 13:45:00,71.5,67.58679
2018-12-20 14:00:00,76.9,68.121925
2018-12-20 14:15:00,63.5,67.84652
2018-12-20 14:30:00,78.41,69.19711
2018-12-20 14:45:00,73.4,71.95595
2018-12-20 15:00:00,64.44,70.80803
2018-12-20 15:15:00,60.26,71.797806
2018-12-20 15:30:00,58.9,67.4698
2018-12-20 15:45:00,60.59,69.96521
2018-12-20 16:00:00,56.92,69.727104
2018-12-20 16:15:00,60.08,72.80472
2018-12-20 16:30:00,58.68,71.82473
2018-12-20 16:45:00,57.56,75.87242
2018-12-20 17:00:00,46.51,69.59806
2018-12-20 17:15:00,58.07,71.24991
2018-12-20 17:30:00,41.22,69.083305
2018-12-20 17:45:00,41.51,38.323883
2018-12-20 18:00:00,24.8,40.52268
2018-12-20 18:15:00,5.44,45.103664
2018-12-20 18:30:00,5.18,48.584286
2018-12-20 18:45:00,5.29,49.334793
2018-12-20 19:00:00,5.29,50.92613
2018-12-20 19:15:00,5.29,50.452824
2018-12-20 19:30:00,4.18,54.384632
2018-12-20 19:45:00,4.07,49.203613
2018-12-20 20:00:00,4.1,48.560055
2018-12-20 20:15:00,4.07,48.031296
2018-12-20 20:30:00,4.18,45.642273
2018-12-20 20:45:00,4.1,33.203148
2018-12-20 21:00:00,4.1,11.049753
2018-12-20 21:15:00,4.14,5.9682565
2018-12-20 21:30:00,4.14,4.7642574
2018-12-20 21:45:00,4.21,4.660122
2018-12-20 22:00:00,4.18,4.740468
2018-12-20 22:15:00,3.85,4.62318
2018-12-20 22:30:00,3.85,4.5675635
2018-12-20 22:45:00,4.64,4.563694
2018-12-20 23:00:00,5.04,4.484061
2018-12-20 23:15:00,4.07,4.1474504
2018-12-20 23:30:00,3.82,4.1067715
2018-12-20 23:45:00,3.85,4.101782
2018-12-21 00:00:00,3.92,4.084776
2018-12-21 00:15:00,3.89,3.9564795
2018-12-21 00:30:00,3.85,3.966024
2018-12-21 00:45:00,3.89,4.031627
2018-12-21 01:00:00,3.89,4.0056663
2018-12-21 01:15:00,3.96,4.026849
2018-12-21 01:30:00,3.89,4.032575
2018-12-21 01:45:00,3.89,4.0319753
2018-12-21 02:00:00,3.89,4.0195475
2018-12-21 02:15:00,3.92,4.02771
2018-12-21 02:30:00,3.92,4.0838265
2018-12-21 02:45:00,3.92,4.072154
2018-12-21 03:00:00,3.96,4.0651445
2018-12-21 03:15:00,4.79,3.995025
2018-12-21 03:30:00,4.5,3.9528809
2018-12-21 03:45:00,3.24,3.8745475
2018-12-21 04:00:00,3.28,3.6281133
2018-12-21 04:15:00,3.24,3.6098385
2018-12-21 04:30:00,3.24,3.5143135
2018-12-21 04:45:00,3.28,3.5275953
2018-12-21 05:00:00,3.28,3.5319157
2018-12-21 05:15:00,3.28,3.5584314
2018-12-21 05:30:00,3.2,3.589316
2018-12-21 05:45:00,3.24,3.4772801
2018-12-21 06:00:00,3.2,3.524991
2018-12-21 06:15:00,3.67,3.4776876
2018-12-21 06:30:00,3.96,3.4424093
2018-12-21 06:45:00,3.92,3.4313016
2018-12-21 07:00:00,3.89,3.5795493
2018-12-21 07:15:00,3.67,3.4646761
2018-12-21 07:30:00,3.17,4.0813737
2018-12-21 07:45:00,5.44,5.0715647
2018-12-21 08:00:00,6.77,5.893374
2018-12-21 08:15:00,28.8,38.600727
2018-12-21 08:30:00,54.22,66.03193
2018-12-21 08:45:00,56.41,64.549255
2018-12-21 09:00:00,56.74,72.91039
2018-12-21 09:15:00,43.78,69.07729
2018-12-21 09:30:00,47.52,75.964745
2018-12-21 09:45:00,56.2,75.89365
2018-12-21 10:00:00,51.59,73.80067
2018-12-21 10:15:00,66.64,70.94739
2018-12-21 10:30:00,53.14,77.48478
2018-12-21 10:45:00,58.54,69.25174
2018-12-21 11:00:00,73.12,68.19144
2018-12-21 11:15:00,67.79,70.13161
2018-12-21 11:30:00,65.59,73.36615
2018-12-21 11:45:00,57.85,68.18254
2018-12-21 12:00:00,58.9,69.93049
2018-12-21 12:15:00,7.42,16.971786
2018-12-21 12:30:00,8.35,7.4839687
2018-12-21 12:45:00,7.67,7.215176
2018-12-21 13:00:00,7.2,7.2132645
2018-12-21 13:15:00,39.74,53.233795
2018-12-21 13:30:00,58.03,68.67246
2018-12-21 13:45:00,63.97,74.25469
2018-12-21 14:00:00,56.34,71.2531
2018-12-21 14:15:00,69.62,62.78523
2018-12-21 14:30:00,60.34,69.514206
2018-12-21 14:45:00,57.74,66.86584
2018-12-21 15:00:00,68.04,59.213295
2018-12-21 15:15:00,67.68,63.913834
2018-12-21 15:30:00,58.32,62.171406
2018-12-21 15:45:00,65.48,65.20966
2018-12-21 16:00:00,63.0,63.71746
2018-12-21 16:15:00,69.73,60.303867
2018-12-21 16:30:00,59.69,66.80133
2018-12-21 16:45:00,63.32,63.847755
2018-12-21 17:00:00,62.32,63.65648
2018-12-21 17:15:00,52.78,63.107635
2018-12-21 17:30:00,45.86,51.84459
2018-12-21 17:45:00,30.78,38.489964
2018-12-21 18:00:00,8.21,32.575077
2018-12-21 18:15:00,5.51,28.329327
2018-12-21 18:30:00,5.4,24.469734
2018-12-21 18:45:00,5.62,20.76691
2018-12-21 19:00:00,5.54,21.731195
2018-12-21 19:15:00,5.54,22.960827
2018-12-21 19:30:00,5.51,21.252707
2018-12-21 19:45:00,5.47,16.37225
2018-12-21 20:00:00,5.54,17.199612
2018-12-21 20:15:00,5.47,20.491653
2018-12-21 20:30:00,5.44,20.743359
2018-12-21 20:45:00,5.47,17.247263
2018-12-21 21:00:00,5.44,12.452177
2018-12-21 21:15:00,5.54,6.6624174
2018-12-21 21:30:00,5.4,5.599126
2018-12-21 21:45:00,5.44,5.3604884
2018-12-21 22:00:00,5.44,5.007536
2018-12-21 22:15:00,5.18,4.7851524
2018-12-21 22:30:00,5.26,4.551519
2018-12-21 22:45:00,5.15,4.5302753
2018-12-21 23:00:00,5.15,4.773794
2018-12-21 23:15:00,5.11,4.3207784
2018-12-21 23:30:00,4.57,4.2025814
2018-12-21 23:45:00,4.0,4.201809
2018-12-22 00:00:00,3.31,3.597715
2018-12-22 00:15:00,4.0,4.046377
2018-12-22 00:30:00,4.0,4.0581846
2018-12-22 00:45:00,4.0,4.0030785
2018-12-22 01:00:00,4.1,4.029879
2018-12-22 01:15:00,3.96,4.030493
2018-12-22 01:30:00,4.03,4.066515
2018-12-22 01:45:00,4.03,4.06263
2018-12-22 02:00:00,3.96,4.0378523
2018-12-22 02:15:00,4.07,3.977882
2018-12-22 02:30:00,4.07,3.9570942
2018-12-22 02:45:00,3.67,3.9700856
2018-12-22 03:00:00,3.31,3.957402
2018-12-22 03:15:00,3.82,4.0656366
2018-12-22 03:30:00,4.07,4.074553
2018-12-22 03:45:00,3.42,3.793938
2018-12-22 04:00:00,3.38,3.622244
2018-12-22 04:15:00,3.31,3.5513196
2018-12-22 04:30:00,3.38,3.479727
2018-12-22 04:45:00,3.35,3.4592583
2018-12-22 05:00:00,3.38,3.4922073
2018-12-22 05:15:00,3.42,3.4961872
2018-12-22 05:30:00,3.96,3.482363
2018-12-22 05:45:00,4.07,3.4325807
2018-12-22 06:00:00,4.07,3.3507946
2018-12-22 06:15:00,4.0,3.3677917
2018-12-22 06:30:00,3.38,3.481774
2018-12-22 06:45:00,3.35,3.43444
2018-12-22 07:00:00,3.35,3.856278
2018-12-22 07:15:00,3.31,3.7371333
2018-12-22 07:30:00,3.85,3.3427236
2018-12-22 07:45:00,4.03,3.5464044
2018-12-22 08:00:00,3.35,3.694178
2018-12-22 08:15:00,3.31,27.609777
2018-12-22 08:30:00,3.24,59.70357
2018-12-22 08:45:00,3.38,61.001945
2018-12-22 09:00:00,3.82,63.560246
2018-12-22 09:15:00,4.28,8.483748
2018-12-22 09:30:00,4.28,12.903991
2018-12-22 09:45:00,4.32,7.6635766
2018-12-22 10:00:00,4.21,4.299869
2018-12-22 10:15:00,3.6,4.3868427
2018-12-22 10:30:00,3.6,4.725215
2018-12-22 10:45:00,3.6,4.7142315
2018-12-22 11:00:00,3.6,5.1650763
2018-12-22 11:15:00,3.6,4.561206
2018-12-22 11:30:00,3.6,4.6291585
2018-12-22 11:45:00,3.6,5.1454725
2018-12-22 12:00:00,3.6,3.852879
2018-12-22 12:15:00,3.71,3.532514
2018-12-22 12:30:00,4.39,3.5428083
2018-12-22 12:45:00,4.1,3.521304
2018-12-22 13:00:00,3.71,3.480297
2018-12-22 13:15:00,4.28,4.0763364
2018-12-22 13:30:00,4.25,4.6707916
2018-12-22 13:45:00,4.25,5.092798
2018-12-22 14:00:00,4.21,5.173607
2018-12-22 14:15:00,3.67,4.338503
2018-12-22 14:30:00,3.46,4.3647223
2018-12-22 14:45:00,3.49,4.507155
2018-12-22 15:00:00,3.53,4.230973
2018-12-22 15:15:00,3.56,4.623207
2018-12-22 15:30:00,3.53,4.6255293
2018-12-22 15:45:00,3.56,4.9627137
2018-12-22 16:00:00,3.56,5.064934
2018-12-22 16:15:00,3.49,5.184443
2018-12-22 16:30:00,3.53,5.284196
2018-12-22 16:45:00,3.56,4.023994
2018-12-22 17:00:00,4.68,3.668032
2018-12-22 17:15:00,5.44,3.4893796
2018-12-22 17:30:00,4.46,3.5633202
2018-12-22 17:45:00,4.28,3.374487
2018-12-22 18:00:00,4.07,3.4119425
2018-12-22 18:15:00,3.6,3.5739946
2018-12-22 18:30:00,3.67,3.5510037
2018-12-22 18:45:00,3.67,3.7183366
2018-12-22 19:00:00,3.71,3.6773467
2018-12-22 19:15:00,3.74,3.6542804
2018-12-22 19:30:00,3.71,3.5905786
2018-12-22 19:45:00,3.74,3.549159
2018-12-22 20:00:00,3.67,3.599045
2018-12-22 20:15:00,3.67,3.6089587
2018-12-22 20:30:00,3.67,3.5548573
2018-12-22 20:45:00,3.67,3.5368016
2018-12-22 21:00:00,4.18,3.5170028
2018-12-22 21:15:00,4.61,3.7100956
2018-12-22 21:30:00,5.51,3.5812087
2018-12-22 21:45:00,4.43,3.5623903
2018-12-22 22:00:00,4.1,3.4887009
2018-12-22 22:15:00,3.46,3.4247742
2018-12-22 22:30:00,3.38,3.2602832
2018-12-22 22:45:00,3.42,3.4147112
2018-12-22 23:00:00,3.38,3.416677
2018-12-22 23:15:00,3.35,3.2011645
2018-12-22 23:30:00,3.31,3.2662237
2018-12-22 23:45:00,3.31,3.2633283
2018-12-23 00:00:00,3.78,3.2933564
2018-12-23 00:15:00,3.31,3.2187808
2018-12-23 00:30:00,3.35,3.2167823
2018-12-23 00:45:00,3.42,3.216148
2018-12-23 01:00:00,4.93,3.260525
2018-12-23 01:15:00,4.93,3.2598517
2018-12-23 01:30:00,4.14,3.263575
2018-12-23 01:45:00,4.07,3.2616477
2018-12-23 02:00:00,3.49,3.2522748
2018-12-23 02:15:00,3.46,3.2283216
2018-12-23 02:30:00,3.49,3.233618
2018-12-23 02:45:00,3.42,3.240439
2018-12-23 03:00:00,3.42,3.2193778
2018-12-23 03:15:00,3.46,3.1835911
2018-12-23 03:30:00,3.42,3.1601949
2018-12-23 03:45:00,3.53,3.1468694
2018-12-23 04:00:00,3.46,3.1914425
2018-12-23 04:15:00,3.42,3.1588986
2018-12-23 04:30:00,3.6,3.1741347
2018-12-23 04:45:00,4.14,3.1312718
2018-12-23 05:00:00,5.18,3.1925235
2018-12-23 05:15:00,4.64,3.1516314
2018-12-23 05:30:00,4.1,3.1433508
2018-12-23 05:45:00,3.49,3.0979693
2018-12-23 06:00:00,3.38,3.1422193
2018-12-23 06:15:00,3.35,3.1714945
2018-12-23 06:30:00,3.46,3.08489
2018-12-23 06:45:00,3.38,3.0945725
2018-12-23 07:00:00,3.38,3.116439
2018-12-23 07:15:00,3.38,3.091112
2018-12-23 07:30:00,3.38,3.3968737
2018-12-23 07:45:00,3.42,3.8349767
2018-12-23 08:00:00,3.49,3.8724575
2018-12-23 08:15:00,4.07,4.155963
2018-12-23 08:30:00,4.97,4.129643
2018-12-23 08:45:00,4.82,4.1544433
2018-12-23 09:00:00,4.28,4.130282
2018-12-23 09:15:00,3.92,4.229027
2018-12-23 09:30:00,3.71,4.263295
2018-12-23 09:45:00,3.64,4.1919456
2018-12-23 10:00:00,3.64,4.191456
2018-12-23 10:15:00,3.67,4.175377
2018-12-23 10:30:00,3.71,4.1103697
2018-12-23 10:45:00,3.71,4.0699096
2018-12-23 11:00:00,3.74,4.2399426
2018-12-23 11:15:00,3.78,4.192267
2018-12-23 11:30:00,3.71,4.270392
2018-12-23 11:45:00,3.74,4.1862364
2018-12-23 12:00:00,3.96,4.129348
2018-12-23 12:15:00,4.86,3.9776773
2018-12-23 12:30:00,5.54,3.9799778
2018-12-23 12:45:00,4.54,3.974105
2018-12-23 13:00:00,4.36,3.94251
2018-12-23 13:15:00,3.67,4.3565507
2018-12-23 13:30:00,3.67,4.317179
2018-12-23 13:45:00,3.67,4.28106
2018-12-23 14:00:00,3.67,4.3613663
2018-12-23 14:15:00,3.71,4.2310085
2018-12-23 14:30:00,3.67,4.2304435
2018-12-23 14:45:00,3.67,4.1918035
2018-12-23 15:00:00,3.67,4.1194024
2018-12-23 15:15:00,3.64,4.133857
2018-12-23 15:30:00,3.67,4.1066136
2018-12-23 15:45:00,3.74,4.1638393
2018-12-23 16:00:00,4.36,4.1250134
2018-12-23 16:15:00,4.36,4.2315316
2018-12-23 16:30:00,5.0,4.1732283
2018-12-23 16:45:00,5.33,4.1682053
2018-12-23 17:00:00,3.6,4.275222
2018-12-23 17:15:00,3.56,4.445092
2018-12-23 17:30:00,3.6,4.5288167
2018-12-23 17:45:00,3.67,4.397005
2018-12-23 18:00:00,3.49,4.2711277
2018-12-23 18:15:00,3.49,4.109254
2018-12-23 18:30:00,3.49,3.9691367
2018-12-23 18:45:00,3.64,3.9265976
2018-12-23 19:00:00,3.64,3.9185233
2018-12-23 19:15:00,4.03,3.939895
2018-12-23 19:30:00,4.25,3.9162605
2018-12-23 19:45:00,4.28,3.8167665
2018-12-23 20:00:00,4.25,3.8435683
2018-12-23 20:15:00,4.0,3.8347352
2018-12-23 20:30:00,3.49,3.8340466
2018-12-23 20:45:00,4.21,3.7842176
2018-12-23 21:00:00,4.14,3.8540745
2018-12-23 21:15:00,3.49,3.9786
2018-12-23 21:30:00,3.42,4.263562
2018-12-23 21:45:00,3.46,3.9928753
2018-12-23 22:00:00,3.53,3.9638042
2018-12-23 22:15:00,3.2,3.956911
2018-12-23 22:30:00,3.2,3.7323105
2018-12-23 22:45:00,3.2,3.672713
2018-12-23 23:00:00,3.96,3.6729965
2018-12-23 23:15:00,4.0,3.6822557
2018-12-23 23:30:00,4.0,3.6861992
2018-12-23 23:45:00,4.0,3.7807
2018-12-24 00:00:00,3.78,4.2904553
2018-12-24 00:15:00,3.35,3.9421537
2018-12-24 00:30:00,3.38,3.968952
2018-12-24 00:45:00,3.38,3.9194555
2018-12-24 01:00:00,3.96,4.114399
2018-12-24 01:15:00,3.89,4.170547
2018-12-24 01:30:00,3.38,4.129266
2018-12-24 01:45:00,3.35,4.0641994
2018-12-24 02:00:00,3.49,3.9530246
2018-12-24 02:15:00,3.38,3.8976223
2018-12-24 02:30:00,3.42,3.9544225
2018-12-24 02:45:00,4.0,3.9601943
2018-12-24 03:00:00,4.07,3.9640987
2018-12-24 03:15:00,4.14,3.8814917
2018-12-24 03:30:00,4.1,3.9010372
2018-12-24 03:45:00,3.96,3.64206
2018-12-24 04:00:00,3.35,3.5913033
2018-12-24 04:15:00,3.38,3.548235
2018-12-24 04:30:00,3.64,3.5771034
2018-12-24 04:45:00,4.07,3.6130495
2018-12-24 05:00:00,3.42,3.804531
2018-12-24 05:15:00,3.31,3.9267473
2018-12-24 05:30:00,3.35,3.6855414
2018-12-24 05:45:00,3.35,3.5984561
2018-12-24 06:00:00,3.35,3.3099163
2018-12-24 06:15:00,3.38,3.3078988
2018-12-24 06:30:00,3.6,3.623099
2018-12-24 06:45:00,4.03,3.4512525
2018-12-24 07:00:00,4.0,3.3971684
2018-12-24 07:15:00,3.96,3.431368
2018-12-24 07:30:00,4.54,3.9856682
2018-12-24 07:45:00,5.36,5.4954147
2018-12-24 08:00:00,6.52,5.9391575
2018-12-24 08:15:00,21.89,24.102596
2018-12-24 08:30:00,59.62,65.93064
2018-12-24 08:45:00,64.58,71.95889
2018-12-24 09:00:00,67.18,76.00381
2018-12-24 09:15:00,69.44,73.012115
2018-12-24 09:30:00,65.38,73.041176
2018-12-24 09:45:00,67.0,72.876686
2018-12-24 10:00:00,56.27,69.6389
2018-12-24 10:15:00,54.18,72.79858
2018-12-24 10:30:00,58.39,73.251686
2018-12-24 10:45:00,54.86,72.25816
2018-12-24 11:00:00,54.18,72.54583
2018-12-24 11:15:00,55.55,77.94895
2018-12-24 11:30:00,53.21,71.89716
2018-12-24 11:45:00,53.03,69.63345
2018-12-24 12:00:00,40.64,65.89932
2018-12-24 12:15:00,6.91,11.415371
2018-12-24 12:30:00,6.91,7.9507976
2018-12-24 12:45:00,6.48,7.596594
2018-12-24 13:00:00,6.12,7.67511
2018-12-24 13:15:00,34.49,44.552994
2018-12-24 13:30:00,46.98,69.74519
2018-12-24 13:45:00,38.2,69.276306
2018-12-24 14:00:00,37.84,68.38493
2018-12-24 14:15:00,43.45,75.966415
2018-12-24 14:30:00,63.9,71.62476
2018-12-24 14:45:00,38.48,70.45692
2018-12-24 15:00:00,38.12,73.172745
2018-12-24 15:15:00,45.25,73.36731
2018-12-24 15:30:00,51.12,73.0582
2018-12-24 15:45:00,45.72,69.603035
2018-12-24 16:00:00,51.7,70.78254
2018-12-24 16:15:00,47.2,72.96251
2018-12-24 16:30:00,69.55,68.33843
2018-12-24 16:45:00,44.82,68.35954
2018-12-24 17:00:00,40.86,67.431206
2018-12-24 17:15:00,33.66,65.076256
2018-12-24 17:30:00,9.86,52.570854
2018-12-24 17:45:00,6.73,37.10084
2018-12-24 18:00:00,5.29,35.53702
2018-12-24 18:15:00,5.22,22.84297
2018-12-24 18:30:00,5.18,8.422192
2018-12-24 18:45:00,5.33,8.218325
2018-12-24 19:00:00,5.04,8.0224695
2018-12-24 19:15:00,4.14,8.9643345
2018-12-24 19:30:00,4.18,12.236549
2018-12-24 19:45:00,4.1,10.428983
2018-12-24 20:00:00,4.18,13.427198
2018-12-24 20:15:00,4.1,10.681717
2018-12-24 20:30:00,4.14,7.3446712
2018-12-24 20:45:00,4.21,10.649051
2018-12-24 21:00:00,4.18,8.299248
2018-12-24 21:15:00,4.18,4.950057
2018-12-24 21:30:00,4.14,4.358978
2018-12-24 21:45:00,4.18,4.234557
2018-12-24 22:00:00,5.4,4.3903904
2018-12-24 22:15:00,4.5,4.267684
2018-12-24 22:30:00,3.92,4.2229714
2018-12-24 22:45:00,3.89,4.181562
2018-12-24 23:00:00,3.85,4.4073434
2018-12-24 23:15:00,3.85,4.1725163
2018-12-24 23:30:00,3.82,4.194547
2018-12-24 23:45:00,3.85,4.1987333
2018-12-25 00:00:00,3.13,4.286686
2018-12-25 00:15:00,3.85,4.2153826
2018-12-25 00:30:00,3.92,4.1482735
2018-12-25 00:45:00,3.89,3.9701707
2018-12-25 01:00:00,3.85,4.0458198
2018-12-25 01:15:00,3.56,4.04385
2018-12-25 01:30:00,3.2,3.9149458
2018-12-25 01:45:00,3.92,3.8961215
2018-12-25 02:00:00,3.64,3.9220095
2018-12-25 02:15:00,3.17,4.05117
2018-12-25 02:30:00,3.17,4.078106
2018-12-25 02:45:00,3.2,4.026629
2018-12-25 03:00:00,3.24,4.1410866
2018-12-25 03:15:00,3.2,4.1322994
2018-12-25 03:30:00,3.2,3.9201038
2018-12-25 03:45:00,3.28,3.6360307
2018-12-25 04:00:00,3.96,3.519359
2018-12-25 04:15:00,3.96,3.5455089
2018-12-25 04:30:00,3.92,3.6226585
2018-12-25 04:45:00,3.89,3.6554224
2018-12-25 05:00:00,3.35,3.5797977
2018-12-25 05:15:00,3.24,3.494954
2018-12-25 05:30:00,3.35,3.4092438
2018-12-25 05:45:00,3.96,3.6318994
2018-12-25 06:00:00,3.71,3.6250563
2018-12-25 06:15:00,3.17,3.6306312
2018-12-25 06:30:00,3.2,3.4501848
2018-12-25 06:45:00,3.2,3.5283828
2018-12-25 07:00:00,3.17,3.527323
2018-12-25 07:15:00,3.24,3.4758844
2018-12-25 07:30:00,3.85,3.9481883
2018-12-25 07:45:00,3.92,5.401808
2018-12-25 08:00:00,3.89,9.148591
2018-12-25 08:15:00,3.89,37.04138
2018-12-25 08:30:00,3.49,73.46626
2018-12-25 08:45:00,3.24,70.66072
2018-12-25 09:00:00,3.38,77.61046
2018-12-25 09:15:00,3.49,43.69541
2018-12-25 09:30:00,3.46,47.94016
2018-12-25 09:45:00,3.82,46.79865
2018-12-25 10:00:00,3.96,22.485518
2018-12-25 10:15:00,3.42,24.237177
2018-12-25 10:30:00,3.53,23.594358
2018-12-25 10:45:00,3.46,22.826374
2018-12-25 11:00:00,3.46,20.357903
2018-12-25 11:15:00,3.78,22.720943
2018-12-25 11:30:00,4.18,21.650066
2018-12-25 11:45:00,4.28,19.331097
2018-12-25 12:00:00,4.18,12.648291
2018-12-25 12:15:00,4.07,6.512195
2018-12-25 12:30:00,3.56,6.075424
2018-12-25 12:45:00,3.53,6.011595
2018-12-25 13:00:00,3.53,5.901513
2018-12-25 13:15:00,5.04,9.65774
2018-12-25 13:30:00,4.07,10.737121
2018-12-25 13:45:00,3.42,7.5667877
2018-12-25 14:00:00,3.42,7.784313
2018-12-25 14:15:00,3.49,9.696955
2018-12-25 14:30:00,3.46,10.213446
2018-12-25 14:45:00,3.53,9.108206
2018-12-25 15:00:00,4.14,10.008282
2018-12-25 15:15:00,4.14,12.065445
2018-12-25 15:30:00,4.14,13.050074
2018-12-25 15:45:00,4.1,12.367221
2018-12-25 16:00:00,3.67,15.664539
2018-12-25 16:15:00,3.46,13.2290535
2018-12-25 16:30:00,3.42,12.818685
2018-12-25 16:45:00,3.46,11.797114
2018-12-25 17:00:00,3.42,11.126711
2018-12-25 17:15:00,3.46,7.3547487
2018-12-25 17:30:00,4.0,7.637723
2018-12-25 17:45:00,4.0,6.529792
2018-12-25 18:00:00,3.38,7.283725
2018-12-25 18:15:00,3.38,6.936952
2018-12-25 18:30:00,3.74,5.6143894
2018-12-25 18:45:00,4.1,5.1303506
2018-12-25 19:00:00,4.18,5.7927947
2018-12-25 19:15:00,4.1,5.4368334
2018-12-25 19:30:00,4.18,5.3263855
2018-12-25 19:45:00,3.64,4.7023377
2018-12-25 20:00:00,3.46,5.120017
2018-12-25 20:15:00,3.46,4.8527117
2018-12-25 20:30:00,3.38,4.940839
2018-12-25 20:45:00,3.42,4.775749
2018-12-25 21:00:00,3.42,4.794383
2018-12-25 21:15:00,3.42,4.5660257
2018-12-25 21:30:00,4.03,4.2643304
2018-12-25 21:45:00,4.14,4.15598
2018-12-25 22:00:00,3.49,4.366778
2018-12-25 22:15:00,3.2,4.201935
2018-12-25 22:30:00,3.85,4.1778054
2018-12-25 22:45:00,3.89,4.1904793
2018-12-25 23:00:00,3.89,4.0441055
2018-12-25 23:15:00,3.85,4.106796
2018-12-25 23:30:00,3.64,4.0396776
2018-12-25 23:45:00,3.31,3.908476
2018-12-26 00:00:00,3.67,3.755955
2018-12-26 00:15:00,3.24,3.8444061
2018-12-26 00:30:00,3.24,3.858236
2018-12-26 00:45:00,3.2,3.815794
2018-12-26 01:00:00,3.31,3.911264
2018-12-26 01:15:00,3.24,3.704049
2018-12-26 01:30:00,3.28,3.6667392
2018-12-26 01:45:00,3.24,3.6860719
2018-12-26 02:00:00,3.24,3.5636268
2018-12-26 02:15:00,3.78,3.5570765
2018-12-26 02:30:00,3.96,3.553287
2018-12-26 02:45:00,4.97,3.436128
2018-12-26 03:00:00,4.36,3.4555073
2018-12-26 03:15:00,3.71,3.4967506
2018-12-26 03:30:00,3.28,3.497197
2018-12-26 03:45:00,3.31,3.404937
2018-12-26 04:00:00,3.28,3.4924405
2018-12-26 04:15:00,3.28,3.5070136
2018-12-26 04:30:00,3.2,3.7277968
2018-12-26 04:45:00,3.24,3.8810215
2018-12-26 05:00:00,3.28,3.3770938
2018-12-26 05:15:00,3.2,3.296291
2018-12-26 05:30:00,3.24,3.2633982
2018-12-26 05:45:00,3.2,3.2990234
2018-12-26 06:00:00,4.79,3.3375812
2018-12-26 06:15:00,4.86,3.298648
2018-12-26 06:30:00,3.92,3.289563
2018-12-26 06:45:00,3.82,3.2944126
2018-12-26 07:00:00,3.35,3.287974
2018-12-26 07:15:00,3.17,3.3455489
2018-12-26 07:30:00,3.42,3.6495733
2018-12-26 07:45:00,4.82,4.433982
2018-12-26 08:00:00,5.0,4.809934
2018-12-26 08:15:00,34.52,16.559973
2018-12-26 08:30:00,48.06,66.77659
2018-12-26 08:45:00,78.23,75.13934
2018-12-26 09:00:00,51.08,69.6786
2018-12-26 09:15:00,70.99,71.65675
2018-12-26 09:30:00,65.74,75.8776
2018-12-26 09:45:00,52.96,78.43094
2018-12-26 10:00:00,55.44,74.49015
2018-12-26 10:15:00,52.06,72.98063
2018-12-26 10:30:00,57.64,76.29287
2018-12-26 10:45:00,62.21,75.55132
2018-12-26 11:00:00,45.58,74.98787
2018-12-26 11:15:00,54.58,78.907394
2018-12-26 11:30:00,55.15,79.0793
2018-12-26 11:45:00,58.64,81.02444
2018-12-26 12:00:00,31.28,70.56787
2018-12-26 12:15:00,6.77,8.33918
2018-12-26 12:30:00,7.09,6.5284367
2018-12-26 12:45:00,6.95,6.260072
2018-12-26 13:00:00,6.41,5.789372
2018-12-26 13:15:00,20.66,61.919456
2018-12-26 13:30:00,59.9,78.23788
2018-12-26 13:45:00,55.3,72.3426
2018-12-26 14:00:00,51.41,72.27447
2018-12-26 14:15:00,57.02,82.23358
2018-12-26 14:30:00,43.06,78.86629
2018-12-26 14:45:00,41.4,72.41445
2018-12-26 15:00:00,52.92,78.77218
2018-12-26 15:15:00,53.42,77.15763
2018-12-26 15:30:00,40.68,81.443954
2018-12-26 15:45:00,40.64,75.187874
2018-12-26 16:00:00,41.47,82.09797
2018-12-26 16:15:00,56.2,81.36476
2018-12-26 16:30:00,59.04,82.81441
2018-12-26 16:45:00,54.68,73.7587
2018-12-26 17:00:00,57.67,71.746796
2018-12-26 17:15:00,54.79,65.12696
2018-12-26 17:30:00,34.42,55.41688
2018-12-26 17:45:00,9.5,50.83253
2018-12-26 18:00:00,5.22,39.14532
2018-12-26 18:15:00,5.04,15.074041
2018-12-26 18:30:00,5.04,12.039183
2018-12-26 18:45:00,5.08,11.770686
2018-12-26 19:00:00,5.08,20.432848
2018-12-26 19:15:00,4.68,18.959408
2018-12-26 19:30:00,3.92,20.96621
2018-12-26 19:45:00,3.89,13.864327
2018-12-26 20:00:00,3.85,10.98481
2018-12-26 20:15:00,3.89,8.467005
2018-12-26 20:30:00,3.89,7.6303673
2018-12-26 20:45:00,3.96,6.471006
2018-12-26 21:00:00,3.89,5.704546
2018-12-26 21:15:00,3.96,4.9419837
2018-12-26 21:30:00,4.0,4.7142563
2018-12-26 21:45:00,3.96,5.263689
2018-12-26 22:00:00,4.07,4.5841775
2018-12-26 22:15:00,4.0,4.662342
2018-12-26 22:30:00,4.9,4.4276834
2018-12-26 22:45:00,4.1,4.378783
2018-12-26 23:00:00,3.71,4.388822
2018-12-26 23:15:00,3.74,4.111151
2018-12-26 23:30:00,3.64,4.0197706
2018-12-26 23:45:00,3.67,3.839798
2018-12-27 00:00:00,3.74,3.9377038
2018-12-27 00:15:00,3.64,3.7868237
2018-12-27 00:30:00,3.74,3.748324
2018-12-27 00:45:00,3.71,3.7199063
2018-12-27 01:00:00,3.71,3.7690783
2018-12-27 01:15:00,3.67,3.8656926
2018-12-27 01:30:00,3.67,3.8089333
2018-12-27 01:45:00,3.78,3.708465
2018-12-27 02:00:00,4.18,3.6437452
2018-12-27 02:15:00,4.86,3.7312427
2018-12-27 02:30:00,4.21,3.8327932
2018-12-27 02:45:00,3.71,3.8087022
2018-12-27 03:00:00,3.78,3.852872
2018-12-27 03:15:00,3.67,3.8027608
2018-12-27 03:30:00,3.71,3.781859
2018-12-27 03:45:00,3.24,3.5935493
2018-12-27 04:00:00,3.02,3.4020784
2018-12-27 04:15:00,2.99,3.411515
2018-12-27 04:30:00,2.99,3.376249
2018-12-27 04:45:00,2.95,3.4182658
2018-12-27 05:00:00,2.95,3.4874249
2018-12-27 05:15:00,2.95,3.4051862
2018-12-27 05:30:00,2.95,3.4003372
2018-12-27 05:45:00,2.95,3.4487886
2018-12-27 06:00:00,3.42,3.5779934
2018-12-27 06:15:00,3.74,3.7656486
2018-12-27 06:30:00,4.86,3.464939
2018-12-27 06:45:00,4.21,3.5082014
2018-12-27 07:00:00,3.6,3.4988995
2018-12-27 07:15:00,2.88,3.3455706
2018-12-27 07:30:00,3.2,3.6488664
2018-12-27 07:45:00,4.9,4.5706763
2018-12-27 08:00:00,5.65,4.8619947
2018-12-27 08:15:00,32.0,44.648083
2018-12-27 08:30:00,52.63,81.4794
2018-12-27 08:45:00,73.66,85.22951
2018-12-27 09:00:00,63.47,91.431114
2018-12-27 09:15:00,56.77,95.25498
2018-12-27 09:30:00,53.93,92.11889
2018-12-27 09:45:00,59.4,86.91176
2018-12-27 10:00:00,76.03,84.468025
2018-12-27 10:15:00,47.81,81.67094
2018-12-27 10:30:00,45.83,83.877846
2018-12-27 10:45:00,52.63,81.47531
2018-12-27 11:00:00,68.69,83.12341
2018-12-27 11:15:00,51.16,83.10831
2018-12-27 11:30:00,51.52,78.27324
2018-12-27 11:45:00,54.83,78.885086
2018-12-27 12:00:00,59.62,63.41662
2018-12-27 12:15:00,13.54,10.3291
2018-12-27 12:30:00,6.62,9.698076
2018-12-27 12:45:00,6.59,8.65689
2018-12-27 13:00:00,17.82,7.8546515
2018-12-27 13:15:00,40.57,51.815613
2018-12-27 13:30:00,43.7,72.94777
2018-12-27 13:45:00,46.84,75.49814
2018-12-27 14:00:00,53.32,73.68072
2018-12-27 14:15:00,55.01,78.899216
2018-12-27 14:30:00,61.74,71.03558
2018-12-27 14:45:00,54.14,67.92561
2018-12-27 15:00:00,53.5,60.18599
2018-12-27 15:15:00,44.75,62.546898
2018-12-27 15:30:00,42.95,57.05309
2018-12-27 15:45:00,60.84,58.050274
2018-12-27 16:00:00,63.04,63.392395
2018-12-27 16:15:00,59.58,69.30241
2018-12-27 16:30:00,63.22,72.3963
2018-12-27 16:45:00,45.79,71.01989
2018-12-27 17:00:00,41.58,70.10592
2018-12-27 17:15:00,54.58,68.01935
2018-12-27 17:30:00,36.72,48.42368
2018-12-27 17:45:00,29.38,38.885017
2018-12-27 18:00:00,28.48,31.437038
2018-12-27 18:15:00,48.56,28.636658
2018-12-27 18:30:00,53.82,24.112576
2018-12-27 18:45:00,53.5,23.31978
2018-12-27 19:00:00,53.14,26.499275
2018-12-27 19:15:00,51.01,25.703007
2018-12-27 19:30:00,47.99,26.600098
2018-12-27 19:45:00,49.18,28.000488
2018-12-27 20:00:00,50.33,26.335018
2018-12-27 20:15:00,50.04,31.52686
2018-12-27 20:30:00,40.93,29.48733
2018-12-27 20:45:00,14.51,27.242691
2018-12-27 21:00:00,8.35,18.620892
2018-12-27 21:15:00,5.26,9.451469
2018-12-27 21:30:00,5.26,6.810584
2018-12-27 21:45:00,5.26,5.5022483
2018-12-27 22:00:00,4.5,5.0304527
2018-12-27 22:15:00,3.89,4.964358
2018-12-27 22:30:00,3.85,4.8214903
2018-12-27 22:45:00,3.82,4.300576
2018-12-27 23:00:00,3.82,4.166525
2018-12-27 23:15:00,3.82,3.7072837
2018-12-27 23:30:00,3.78,3.730674
2018-12-27 23:45:00,3.74,3.6791863
2018-12-28 00:00:00,4.82,3.8825512
2018-12-28 00:15:00,3.74,3.7190433
2018-12-28 00:30:00,3.78,3.7171674
2018-12-28 00:45:00,3.85,3.7063358
2018-12-28 01:00:00,4.14,3.6609533
2018-12-28 01:15:00,4.9,3.658048
2018-12-28 01:30:00,4.14,3.660933
2018-12-28 01:45:00,3.82,3.6023974
2018-12-28 02:00:00,3.85,3.608034
2018-12-28 02:15:00,3.82,3.5906515
2018-12-28 02:30:00,3.82,3.6958027
2018-12-28 02:45:00,3.82,3.565679
2018-12-28 03:00:00,3.82,3.592809
2018-12-28 03:15:00,3.89,3.5242207
2018-12-28 03:30:00,3.89,3.4940526
2018-12-28 03:45:00,3.85,3.3274548
2018-12-28 04:00:00,3.82,3.2533927
2018-12-28 04:15:00,4.07,3.1754837
2018-12-28 04:30:00,5.04,3.2692082
2018-12-28 04:45:00,4.1,3.230738
2018-12-28 05:00:00,3.82,3.2255101
2018-12-28 05:15:00,3.89,3.1510859
2018-12-28 05:30:00,3.38,3.21685
2018-12-28 05:45:00,3.17,3.2168503
2018-12-28 06:00:00,3.06,3.193867
2018-12-28 06:15:00,3.06,3.2462873
2018-12-28 06:30:00,3.1,3.3462875
2018-12-28 06:45:00,3.06,3.2590158
2018-12-28 07:00:00,3.1,3.2239063
2018-12-28 07:15:00,3.38,3.2336588
2018-12-28 07:30:00,4.97,3.527229
2018-12-28 07:45:00,6.7,4.4203463
2018-12-28 08:00:00,6.16,4.6047897
2018-12-28 08:15:00,35.75,29.26352
2018-12-28 08:30:00,57.78,55.952816
2018-12-28 08:45:00,57.74,61.647686
2018-12-28 09:00:00,66.46,59.86809
2018-12-28 09:15:00,66.82,60.240063
2018-12-28 09:30:00,59.9,59.37682
2018-12-28 09:45:00,63.32,62.588665
2018-12-28 10:00:00,57.17,64.49017
2018-12-28 10:15:00,55.91,57.921764
2018-12-28 10:30:00,62.42,55.461403
2018-12-28 10:45:00,59.72,57.902374
2018-12-28 11:00:00,62.71,58.26142
2018-12-28 11:15:00,57.82,57.70552
2018-12-28 11:30:00,64.94,60.8013
2018-12-28 11:45:00,58.97,59.837143
2018-12-28 12:00:00,47.05,47.787174
2018-12-28 12:15:00,10.01,7.023074
2018-12-28 12:30:00,7.81,6.1266527
2018-12-28 12:45:00,7.27,6.011578
2018-12-28 13:00:00,7.31,6.402074
2018-12-28 13:15:00,42.55,41.02602
2018-12-28 13:30:00,56.12,55.190834
2018-12-28 13:45:00,45.0,53.05535
2018-12-28 14:00:00,45.22,50.94351
2018-12-28 14:15:00,42.62,55.269794
2018-12-28 14:30:00,34.2,55.569546
2018-12-28 14:45:00,42.8,52.22785
2018-12-28 15:00:00,48.02,52.5285
2018-12-28 15:15:00,44.6,53.759964
2018-12-28 15:30:00,35.78,50.05845
2018-12-28 15:45:00,32.62,50.91217
2018-12-28 16:00:00,31.39,51.11583
2018-12-28 16:15:00,30.06,55.385147
2018-12-28 16:30:00,30.13,58.283302
2018-12-28 16:45:00,23.58,55.08379
2018-12-28 17:00:00,8.57,50.528908
2018-12-28 17:15:00,9.58,48.289772
2018-12-28 17:30:00,9.14,43.674343
2018-12-28 17:45:00,5.47,30.571869
2018-12-28 18:00:00,5.08,24.49013
2018-12-28 18:15:00,5.08,37.57959
2018-12-28 18:30:00,5.11,43.40136
2018-12-28 18:45:00,5.15,42.503323
2018-12-28 19:00:00,5.15,44.177086
2018-12-28 19:15:00,5.15,46.642986
2018-12-28 19:30:00,5.18,40.460648
2018-12-28 19:45:00,5.22,42.58434
2018-12-28 20:00:00,5.15,39.505592
2018-12-28 20:15:00,5.15,33.254498
2018-12-28 20:30:00,5.18,21.418667
2018-12-28 20:45:00,5.26,6.322109
2018-12-28 21:00:00,5.18,5.639192
2018-12-28 21:15:00,5.15,5.6271286
2018-12-28 21:30:00,5.26,4.8209233
2018-12-28 21:45:00,5.26,4.7797294
2018-12-28 22:00:00,5.22,4.7004066
2018-12-28 22:15:00,4.97,4.6625285
2018-12-28 22:30:00,4.97,4.5612173
2018-12-28 22:45:00,4.93,4.14047
2018-12-28 23:00:00,5.04,4.0611
2018-12-28 23:15:00,4.86,3.7269094
2018-12-28 23:30:00,4.86,3.7486086
2018-12-28 23:45:00,4.86,3.6754556
2018-12-29 00:00:00,4.28,3.2116148
2018-12-29 00:15:00,4.9,3.5347972
2018-12-29 00:30:00,4.82,3.4913714
2018-12-29 00:45:00,3.85,3.4505072
2018-12-29 01:00:00,3.74,3.4755986
2018-12-29 01:15:00,3.82,3.4758883
2018-12-29 01:30:00,3.78,3.49403
2018-12-29 01:45:00,3.67,3.4255934
2018-12-29 02:00:00,3.74,3.4194872
2018-12-29 02:15:00,3.71,3.359228
2018-12-29 02:30:00,3.82,3.365893
2018-12-29 02:45:00,3.78,3.3238811
2018-12-29 03:00:00,3.71,3.1880424
2018-12-29 03:15:00,3.74,3.3225083
2018-12-29 03:30:00,3.78,3.3094437
2018-12-29 03:45:00,3.78,3.2659862
2018-12-29 04:00:00,3.74,3.2040873
2018-12-29 04:15:00,3.02,3.1730568
2018-12-29 04:30:00,3.74,3.2092626
2018-12-29 04:45:00,3.6,3.1140294
2018-12-29 05:00:00,3.06,3.1435935
2018-12-29 05:15:00,3.02,3.1026099
2018-12-29 05:30:00,3.02,3.1745589
2018-12-29 05:45:00,2.99,3.159409
2018-12-29 06:00:00,3.06,3.1702328
2018-12-29 06:15:00,3.06,3.1734066
2018-12-29 06:30:00,3.67,3.139789
2018-12-29 06:45:00,3.74,3.1272259
2018-12-29 07:00:00,3.71,3.1093645
2018-12-29 07:15:00,3.67,3.1131275
2018-12-29 07:30:00,3.38,3.5204055
2018-12-29 07:45:00,3.02,3.7543268
2018-12-29 08:00:00,2.92,3.683526
2018-12-29 08:15:00,2.95,23.153175
2018-12-29 08:30:00,3.13,60.142845
2018-12-29 08:45:00,3.78,57.740948
2018-12-29 09:00:00,3.24,60.241837
2018-12-29 09:15:00,3.17,4.48648
2018-12-29 09:30:00,3.2,5.3587894
2018-12-29 09:45:00,3.31,5.2956185
2018-12-29 10:00:00,4.03,3.9831116
2018-12-29 10:15:00,4.03,4.2914343
2018-12-29 10:30:00,4.03,4.4869456
2018-12-29 10:45:00,4.03,5.4423194
2018-12-29 11:00:00,6.19,4.482267
2018-12-29 11:15:00,26.17,4.6038513
2018-12-29 11:30:00,9.36,4.9734464
2018-12-29 11:45:00,3.64,4.64021
2018-12-29 12:00:00,4.14,3.5634694
2018-12-29 12:15:00,3.78,3.483497
2018-12-29 12:30:00,3.46,3.4709733
2018-12-29 12:45:00,3.42,3.4462028
2018-12-29 13:00:00,3.42,3.452606
2018-12-29 13:15:00,4.1,3.5022235
2018-12-29 13:30:00,4.14,3.7923613
2018-12-29 13:45:00,4.07,3.721044
2018-12-29 14:00:00,4.03,3.5596051
2018-12-29 14:15:00,3.92,3.5999174
2018-12-29 14:30:00,3.31,3.5219028
2018-12-29 14:45:00,3.35,3.5425167
2018-12-29 15:00:00,3.31,3.6123059
2018-12-29 15:15:00,3.31,3.6025817
2018-12-29 15:30:00,3.31,3.6382506
2018-12-29 15:45:00,3.35,3.7053523
2018-12-29 16:00:00,3.49,3.624347
2018-12-29 16:15:00,4.1,3.6524208
2018-12-29 16:30:00,3.71,3.6456351
2018-12-29 16:45:00,3.67,3.4507012
2018-12-29 17:00:00,4.1,3.3883367
2018-12-29 17:15:00,4.07,3.3116748
2018-12-29 17:30:00,4.07,3.2736921
2018-12-29 17:45:00,4.1,3.3684828
2018-12-29 18:00:00,3.56,3.4365275
2018-12-29 18:15:00,3.31,3.3635547
2018-12-29 18:30:00,3.24,3.332525
2018-12-29 18:45:00,3.35,3.4070718
2018-12-29 19:00:00,3.31,3.4334955
2018-12-29 19:15:00,3.35,3.4752927
2018-12-29 19:30:00,3.35,3.4261847
2018-12-29 19:45:00,3.31,3.4182634
2018-12-29 20:00:00,3.71,3.389723
2018-12-29 20:15:00,4.36,3.4147322
2018-12-29 20:30:00,4.28,3.4547887
2018-12-29 20:45:00,4.14,3.4671457
2018-12-29 21:00:00,4.1,3.4781969
2018-12-29 21:15:00,4.07,3.5395334
2018-12-29 21:30:00,3.85,3.518864
2018-12-29 21:45:00,3.46,3.5177758
2018-12-29 22:00:00,3.31,3.3975008
2018-12-29 22:15:00,3.13,3.2244356
2018-12-29 22:30:00,3.13,3.16573
2018-12-29 22:45:00,3.13,3.2072225
2018-12-29 23:00:00,3.17,3.1331556
2018-12-29 23:15:00,3.06,3.1708074
2018-12-29 23:30:00,2.99,3.175015
2018-12-29 23:45:00,3.42,3.162018
2018-12-30 00:00:00,3.1,3.27686
2018-12-30 00:15:00,3.92,3.2034242
2018-12-30 00:30:00,3.82,3.2212574
2018-12-30 00:45:00,3.74,3.2459784
2018-12-30 01:00:00,3.78,3.2745922
2018-12-30 01:15:00,3.42,3.2024415
2018-12-30 01:30:00,3.17,3.1753411
2018-12-30 01:45:00,3.02,3.1726713
2018-12-30 02:00:00,3.1,3.1244466
2018-12-30 02:15:00,3.06,3.1485038
2018-12-30 02:30:00,3.1,3.1419127
2018-12-30 02:45:00,3.13,3.1574676
2018-12-30 03:00:00,3.1,3.152214
2018-12-30 03:15:00,3.13,3.1289515
2018-12-30 03:30:00,3.6,3.1560829
2018-12-30 03:45:00,4.86,3.1556032
2018-12-30 04:00:00,3.85,3.1560922
2018-12-30 04:15:00,3.82,3.1719196
2018-12-30 04:30:00,3.82,3.1586587
2018-12-30 04:45:00,3.46,3.1332507
2018-12-30 05:00:00,3.17,3.1740978
2018-12-30 05:15:00,3.13,3.061178
2018-12-30 05:30:00,3.1,3.0789983
2018-12-30 05:45:00,3.1,2.95187
2018-12-30 06:00:00,3.1,3.0008242
2018-12-30 06:15:00,3.13,3.0020542
2018-12-30 06:30:00,3.13,2.986676
2018-12-30 06:45:00,3.1,2.9787495
2018-12-30 07:00:00,3.82,2.9701617
2018-12-30 07:15:00,4.36,3.0057042
2018-12-30 07:30:00,4.97,3.0185187
2018-12-30 07:45:00,3.96,3.1468766
2018-12-30 08:00:00,3.46,3.0990705
2018-12-30 08:15:00,3.06,3.1913123
2018-12-30 08:30:00,3.06,3.8899434
2018-12-30 08:45:00,3.17,4.1537776
2018-12-30 09:00:00,3.28,3.9694014
2018-12-30 09:15:00,3.35,3.2727091
2018-12-30 09:30:00,3.38,3.29319
2018-12-30 09:45:00,3.35,3.284329
2018-12-30 10:00:00,3.46,3.122204
2018-12-30 10:15:00,3.38,3.185493
2018-12-30 10:30:00,4.0,3.2041168
2018-12-30 10:45:00,4.1,3.244453
2018-12-30 11:00:00,4.1,3.6523914
2018-12-30 11:15:00,4.28,4.155307
2018-12-30 11:30:00,4.61,4.299082
2018-12-30 11:45:00,3.56,3.3158312
2018-12-30 12:00:00,3.42,3.5827854
2018-12-30 12:15:00,3.46,3.2863233
2018-12-30 12:30:00,3.46,3.205815
2018-12-30 12:45:00,3.31,3.2180715
2018-12-30 13:00:00,3.28,3.213413
2018-12-30 13:15:00,3.2,3.1570823
2018-12-30 13:30:00,3.24,3.2013016
2018-12-30 13:45:00,3.24,3.2561815
2018-12-30 14:00:00,4.03,3.2749617
2018-12-30 14:15:00,4.0,3.229293
2018-12-30 14:30:00,4.03,3.297074
2018-12-30 14:45:00,4.82,3.280375
2018-12-30 15:00:00,4.1,3.2615871
2018-12-30 15:15:00,3.31,3.32932
2018-12-30 15:30:00,3.24,3.306443
2018-12-30 15:45:00,3.24,3.3128133
2018-12-30 16:00:00,3.35,3.359238
2018-12-30 16:15:00,3.31,3.3219671
2018-12-30 16:30:00,3.35,3.3348415
2018-12-30 16:45:00,3.24,3.3467236
2018-12-30 17:00:00,3.24,3.2308033
2018-12-30 17:15:00,3.42,3.2078302
2018-12-30 17:30:00,4.0,3.2241623
2018-12-30 17:45:00,4.75,3.3348
2018-12-30 18:00:00,4.68,3.097224
2018-12-30 18:15:00,3.89,3.1342673
2018-12-30 18:30:00,3.53,3.103775
2018-12-30 18:45:00,3.2,3.224508
2018-12-30 19:00:00,3.28,3.2391906
2018-12-30 19:15:00,3.24,3.3114202
2018-12-30 19:30:00,3.24,3.3161216
2018-12-30 19:45:00,3.2,3.3158748
2018-12-30 20:00:00,3.24,3.332096
2018-12-30 20:15:00,3.31,3.3930817
2018-12-30 20:30:00,3.24,3.175585
2018-12-30 20:45:00,3.78,3.4509199
2018-12-30 21:00:00,4.32,3.4661481
2018-12-30 21:15:00,4.07,3.2095227
2018-12-30 21:30:00,4.07,3.159992
2018-12-30 21:45:00,4.03,3.1182706
2018-12-30 22:00:00,4.0,3.1982296
2018-12-30 22:15:00,3.2,3.0419865
2018-12-30 22:30:00,2.99,3.0041971
2018-12-30 22:45:00,3.1,2.9907327
2018-12-30 23:00:00,3.02,3.1525214
2018-12-30 23:15:00,2.95,3.1687448
2018-12-30 23:30:00,2.99,3.1525927
2018-12-30 23:45:00,2.92,3.1871424
2018-12-31 00:00:00,3.67,3.7911513
2018-12-31 00:15:00,3.64,3.4207952
2018-12-31 00:30:00,3.31,3.4489214
2018-12-31 00:45:00,3.49,3.478413
2018-12-31 01:00:00,3.71,3.696018
2018-12-31 01:15:00,3.78,3.6979437
2018-12-31 01:30:00,3.71,3.3392792
2018-12-31 01:45:00,3.67,3.2728052
2018-12-31 02:00:00,3.02,3.3902202
2018-12-31 02:15:00,2.99,3.3396587
2018-12-31 02:30:00,3.06,3.3935003
2018-12-31 02:45:00,3.02,3.6296008
2018-12-31 03:00:00,3.06,3.6344914
2018-12-31 03:15:00,3.02,3.6297803
2018-12-31 03:30:00,3.46,3.5584216
2018-12-31 03:45:00,3.74,3.7187712
2018-12-31 04:00:00,3.06,3.4515202
2018-12-31 04:15:00,3.74,3.3854077
2018-12-31 04:30:00,3.74,3.4958732
2018-12-31 04:45:00,3.78,3.451853
2018-12-31 05:00:00,3.78,3.108524
2018-12-31 05:15:00,3.56,3.0366995
2018-12-31 05:30:00,2.99,3.1067536
2018-12-31 05:45:00,3.02,3.0531287
2018-12-31 06:00:00,2.95,3.2294068
2018-12-31 06:15:00,3.02,3.1435096
2018-12-31 06:30:00,2.99,3.3918622
2018-12-31 06:45:00,3.02,3.4817412
2018-12-31 07:00:00,3.74,3.429574
2018-12-31 07:15:00,3.17,3.4750412
2018-12-31 07:30:00,2.95,4.012215
2018-12-31 07:45:00,3.56,4.691219
2018-12-31 08:00:00,3.64,4.922529
2018-12-31 08:15:00,3.6,20.999311
2018-12-31 08:30:00,3.74,59.249725
2018-12-31 08:45:00,3.74,70.29398
2018-12-31 09:00:00,3.06,70.765785
2018-12-31 09:15:00,3.17,11.462626
2018-12-31 09:30:00,3.13,9.721592
2018-12-31 09:45:00,3.17,9.173054
2018-12-31 10:00:00,3.24,9.978799
2018-12-31 10:15:00,3.2,7.1892834
2018-12-31 10:30:00,4.03,6.8771076
2018-12-31 10:45:00,3.67,8.607693
2018-12-31 11:00:00,3.35,9.766627
2018-12-31 11:15:00,3.35,10.718864
2018-12-31 11:30:00,3.82,11.521332
2018-12-31 11:45:00,4.0,8.215772
2018-12-31 12:00:00,4.07,6.6992726
2018-12-31 12:15:00,4.03,5.441872
2018-12-31 12:30:00,4.1,5.012609
2018-12-31 12:45:00,3.35,5.043362
2018-12-31 13:00:00,3.35,5.0295434
2018-12-31 13:15:00,3.35,5.428127
2018-12-31 13:30:00,3.31,6.500906
2018-12-31 13:45:00,3.31,5.6393085
2018-12-31 14:00:00,3.35,5.6479473
2018-12-31 14:15:00,3.35,5.692828
2018-12-31 14:30:00,3.56,5.618446
2018-12-31 14:45:00,4.07,5.7405457
2018-12-31 15:00:00,3.53,5.4207788
2018-12-31 15:15:00,3.42,5.7847614
2018-12-31 15:30:00,4.07,6.8993993
2018-12-31 15:45:00,4.07,5.7420053
2018-12-31 16:00:00,4.03,6.704071
2018-12-31 16:15:00,4.07,7.7241917
2018-12-31 16:30:00,3.92,8.240549
2018-12-31 16:45:00,3.31,6.8217087
2018-12-31 17:00:00,3.31,5.841988
2018-12-31 17:15:00,3.35,5.291156
2018-12-31 17:30:00,3.31,4.9997087
2018-12-31 17:45:00,3.46,5.541359
2018-12-31 18:00:00,3.42,5.677182
2018-12-31 18:15:00,3.35,4.712836
2018-12-31 18:30:00,3.82,4.605094
2018-12-31 18:45:00,4.14,4.4496803
2018-12-31 19:00:00,3.49,4.5325418
2018-12-31 19:15:00,3.96,4.4173007
2018-12-31 19:30:00,4.14,4.3158784
2018-12-31 19:45:00,4.21,4.402967
2018-12-31 20:00:00,4.14,4.425901
2018-12-31 20:15:00,4.18,4.411012
2018-12-31 20:30:00,3.38,4.407943
2018-12-31 20:45:00,3.42,4.17632
2018-12-31 21:00:00,3.42,4.4375553
2018-12-31 21:15:00,3.42,4.3103333
2018-12-31 21:30:00,3.49,3.97639
2018-12-31 21:45:00,3.42,4.020887
2018-12-31 22:00:00,3.42,4.034665
2018-12-31 22:15:00,3.24,3.9381099
2018-12-31 22:30:00,3.67,3.9249592
2018-12-31 22:45:00,3.82,3.927801
2018-12-31 23:00:00,3.85,3.9257007
2018-12-31 23:15:00,3.74,4.0683603
2018-12-31 23:30:00,3.78,4.0534663
2018-12-31 23:45:00,3.78,4.0328264
