date,actual,Hybrid
2018-12-01 00:00:00,3.35,3.4742186
2018-12-01 00:15:00,3.89,3.7836199
2018-12-01 00:30:00,3.85,3.9466248
2018-12-01 00:45:00,3.89,3.9909563
2018-12-01 01:00:00,3.89,3.9925375
2018-12-01 01:15:00,4.03,3.9993868
2018-12-01 01:30:00,3.89,4.0539784
2018-12-01 01:45:00,3.92,3.8864522
2018-12-01 02:00:00,3.92,4.046016
2018-12-01 02:15:00,3.96,3.9640636
2018-12-01 02:30:00,4.03,3.948062
2018-12-01 02:45:00,4.14,3.9549806
2018-12-01 03:00:00,5.08,3.804796
2018-12-01 03:15:00,4.72,3.649364
2018-12-01 03:30:00,3.96,3.6480765
2018-12-01 03:45:00,3.92,3.6252043
2018-12-01 04:00:00,3.35,3.608019
2018-12-01 04:15:00,3.28,3.597108
2018-12-01 04:30:00,3.35,3.5774577
2018-12-01 04:45:00,3.24,3.5821514
2018-12-01 05:00:00,3.31,3.441203
2018-12-01 05:15:00,3.31,3.451919
2018-12-01 05:30:00,3.28,3.4317706
2018-12-01 05:45:00,3.28,3.5927691
2018-12-01 06:00:00,3.2,3.440629
2018-12-01 06:15:00,3.46,3.5352805
2018-12-01 06:30:00,4.03,3.5133526
2018-12-01 06:45:00,3.89,3.4887898
2018-12-01 07:00:00,3.89,3.3543522
2018-12-01 07:15:00,4.46,3.5259767
2018-12-01 07:30:00,3.67,3.7745454
2018-12-01 07:45:00,3.46,4.148667
2018-12-01 08:00:00,3.46,3.9958844
2018-12-01 08:15:00,3.71,38.789402
2018-12-01 08:30:00,4.72,66.56412
2018-12-01 08:45:00,4.46,67.469955
2018-12-01 09:00:00,5.22,66.29665
2018-12-01 09:15:00,28.58,66.14424
2018-12-01 09:30:00,30.56,66.363464
2018-12-01 09:45:00,28.08,63.633373
2018-12-01 10:00:00,28.58,56.587708
2018-12-01 10:15:00,28.73,60.802746
2018-12-01 10:30:00,29.56,62.78711
2018-12-01 10:45:00,30.06,64.95033
2018-12-01 11:00:00,29.2,59.446136
2018-12-01 11:15:00,27.94,61.342625
2018-12-01 11:30:00,27.94,57.557976
2018-12-01 11:45:00,25.63,56.68013
2018-12-01 12:00:00,3.64,52.424362
2018-12-01 12:15:00,3.85,5.443333
2018-12-01 12:30:00,3.71,4.855715
2018-12-01 12:45:00,3.74,4.468487
2018-12-01 13:00:00,3.71,4.8228827
2018-12-01 13:15:00,11.3,42.453506
2018-12-01 13:30:00,27.29,52.578323
2018-12-01 13:45:00,26.86,53.439743
2018-12-01 14:00:00,25.31,49.3242
2018-12-01 14:15:00,26.21,51.854336
2018-12-01 14:30:00,26.28,53.420174
2018-12-01 14:45:00,18.68,50.578392
2018-12-01 15:00:00,5.18,50.12811
2018-12-01 15:15:00,5.08,53.772842
2018-12-01 15:30:00,4.75,50.61115
2018-12-01 15:45:00,4.75,46.41055
2018-12-01 16:00:00,4.72,44.534153
2018-12-01 16:15:00,4.64,50.354572
2018-12-01 16:30:00,4.72,47.579727
2018-12-01 16:45:00,4.68,43.325005
2018-12-01 17:00:00,4.64,33.78277
2018-12-01 17:15:00,4.79,10.0598545
2018-12-01 17:30:00,4.75,9.3047695
2018-12-01 17:45:00,4.72,5.278089
2018-12-01 18:00:00,4.68,4.863649
2018-12-01 18:15:00,5.76,5.174599
2018-12-01 18:30:00,5.4,4.967898
2018-12-01 18:45:00,4.79,4.9681826
2018-12-01 19:00:00,4.79,5.296768
2018-12-01 19:15:00,4.79,5.10841
2018-12-01 19:30:00,4.79,5.8437915
2018-12-01 19:45:00,4.9,5.58475
2018-12-01 20:00:00,4.75,4.5271535
2018-12-01 20:15:00,4.79,4.523937
2018-12-01 20:30:00,4.75,4.666669
2018-12-01 20:45:00,4.82,3.8992014
2018-12-01 21:00:00,4.82,3.9626794
2018-12-01 21:15:00,4.75,3.7067657
2018-12-01 21:30:00,4.79,3.689141
2018-12-01 21:45:00,4.79,3.7361543
2018-12-01 22:00:00,4.9,3.8904197
2018-12-01 22:15:00,5.76,4.170748
2018-12-01 22:30:00,4.61,3.8598948
2018-12-01 22:45:00,3.42,3.7234085
2018-12-01 23:00:00,3.42,3.1762412
2018-12-01 23:15:00,3.28,3.1664746
2018-12-01 23:30:00,3.38,3.1321666
2018-12-01 23:45:00,3.31,3.1164205
2018-12-02 00:00:00,4.36,3.1546328
2018-12-02 00:15:00,3.35,3.34874
2018-12-02 00:30:00,3.35,3.3080454
2018-12-02 00:45:00,3.38,3.1737776
2018-12-02 01:00:00,3.89,3.1785784
2018-12-02 01:15:00,4.46,3.1896
2018-12-02 01:30:00,4.43,3.4206762
2018-12-02 01:45:00,4.14,3.6346471
2018-12-02 02:00:00,3.46,3.6334162
2018-12-02 02:15:00,3.38,3.3766751
2018-12-02 02:30:00,3.38,3.2485948
2018-12-02 02:45:00,3.38,3.2523587
2018-12-02 03:00:00,4.32,3.331083
2018-12-02 03:15:00,4.64,3.1775532
2018-12-02 03:30:00,3.82,3.119547
2018-12-02 03:45:00,3.46,3.152586
2018-12-02 04:00:00,3.42,3.1467474
2018-12-02 04:15:00,3.46,3.1703167
2018-12-02 04:30:00,4.32,3.1538231
2018-12-02 04:45:00,4.5,3.230529
2018-12-02 05:00:00,4.54,3.2289402
2018-12-02 05:15:00,4.39,3.2294261
2018-12-02 05:30:00,3.35,3.3915055
2018-12-02 05:45:00,3.46,3.4374576
2018-12-02 06:00:00,3.35,3.3442903
2018-12-02 06:15:00,3.42,3.1433265
2018-12-02 06:30:00,3.42,3.1634202
2018-12-02 06:45:00,3.38,3.1605263
2018-12-02 07:00:00,3.46,3.1598806
2018-12-02 07:15:00,3.38,3.15499
2018-12-02 07:30:00,3.46,3.1597228
2018-12-02 07:45:00,3.46,3.4668615
2018-12-02 08:00:00,3.49,3.4843168
2018-12-02 08:15:00,4.57,3.518925
2018-12-02 08:30:00,4.54,4.870265
2018-12-02 08:45:00,5.54,4.7589345
2018-12-02 09:00:00,4.75,4.9518504
2018-12-02 09:15:00,3.74,18.811806
2018-12-02 09:30:00,3.71,18.687057
2018-12-02 09:45:00,3.6,38.15124
2018-12-02 10:00:00,3.56,37.98324
2018-12-02 10:15:00,3.6,37.63753
2018-12-02 10:30:00,3.64,38.478367
2018-12-02 10:45:00,3.64,48.199295
2018-12-02 11:00:00,3.64,46.286877
2018-12-02 11:15:00,3.64,42.520737
2018-12-02 11:30:00,3.56,45.221783
2018-12-02 11:45:00,3.64,36.409187
2018-12-02 12:00:00,4.03,5.636566
2018-12-02 12:15:00,4.86,3.8437793
2018-12-02 12:30:00,4.75,3.724176
2018-12-02 12:45:00,5.36,3.5883336
2018-12-02 13:00:00,4.9,3.743087
2018-12-02 13:15:00,3.78,16.839415
2018-12-02 13:30:00,3.64,37.691822
2018-12-02 13:45:00,3.6,44.59995
2018-12-02 14:00:00,3.6,39.3891
2018-12-02 14:15:00,3.6,44.300922
2018-12-02 14:30:00,3.56,43.557198
2018-12-02 14:45:00,3.56,44.23925
2018-12-02 15:00:00,3.64,15.211196
2018-12-02 15:15:00,3.6,15.604897
2018-12-02 15:30:00,3.56,14.472815
2018-12-02 15:45:00,3.85,9.982402
2018-12-02 16:00:00,4.68,6.645258
2018-12-02 16:15:00,4.72,7.221672
2018-12-02 16:30:00,4.72,5.2059417
2018-12-02 16:45:00,3.89,4.7012157
2018-12-02 17:00:00,3.53,4.8487644
2018-12-02 17:15:00,3.6,4.3372793
2018-12-02 17:30:00,3.6,4.297082
2018-12-02 17:45:00,3.74,3.9880376
2018-12-02 18:00:00,4.72,3.9775786
2018-12-02 18:15:00,3.89,4.5509853
2018-12-02 18:30:00,3.53,4.8617387
2018-12-02 18:45:00,3.53,4.6547146
2018-12-02 19:00:00,3.56,4.911758
2018-12-02 19:15:00,3.67,5.3817053
2018-12-02 19:30:00,3.56,7.8112245
2018-12-02 19:45:00,4.39,12.860379
2018-12-02 20:00:00,4.72,13.79892
2018-12-02 20:15:00,4.68,12.410013
2018-12-02 20:30:00,4.75,18.205042
2018-12-02 20:45:00,3.71,9.790287
2018-12-02 21:00:00,3.53,8.186974
2018-12-02 21:15:00,3.6,6.6858845
2018-12-02 21:30:00,3.6,5.0623636
2018-12-02 21:45:00,3.6,5.0553064
2018-12-02 22:00:00,3.56,5.086702
2018-12-02 22:15:00,4.07,7.8417025
2018-12-02 22:30:00,4.32,4.6291113
2018-12-02 22:45:00,3.35,3.7117364
2018-12-02 23:00:00,3.31,3.448936
2018-12-02 23:15:00,3.31,3.1790369
2018-12-02 23:30:00,3.28,3.171364
2018-12-02 23:45:00,3.35,3.1738906
2018-12-03 00:00:00,4.57,5.345258
2018-12-03 00:15:00,4.43,3.7105305
2018-12-03 00:30:00,4.36,4.0167437
2018-12-03 00:45:00,4.21,3.9328356
2018-12-03 01:00:00,3.35,4.028662
2018-12-03 01:15:00,3.38,3.6600034
2018-12-03 01:30:00,3.35,3.9871602
2018-12-03 01:45:00,3.42,3.8414636
2018-12-03 02:00:00,3.49,4.3545604
2018-12-03 02:15:00,3.42,3.6665483
2018-12-03 02:30:00,3.38,3.4917514
2018-12-03 02:45:00,4.36,3.4425478
2018-12-03 03:00:00,4.14,3.6068745
2018-12-03 03:15:00,3.42,3.8566327
2018-12-03 03:30:00,3.38,3.7824275
2018-12-03 03:45:00,3.35,3.9913988
2018-12-03 04:00:00,3.35,3.8118954
2018-12-03 04:15:00,4.1,3.6947033
2018-12-03 04:30:00,4.43,3.5000246
2018-12-03 04:45:00,4.5,3.3473158
2018-12-03 05:00:00,3.78,3.363146
2018-12-03 05:15:00,3.31,3.3590498
2018-12-03 05:30:00,3.38,3.3099794
2018-12-03 05:45:00,3.31,3.2999516
2018-12-03 06:00:00,3.31,3.391536
2018-12-03 06:15:00,3.35,3.374925
2018-12-03 06:30:00,3.31,3.3528073
2018-12-03 06:45:00,3.24,3.3021553
2018-12-03 07:00:00,3.24,3.2856092
2018-12-03 07:15:00,4.21,3.4326408
2018-12-03 07:30:00,5.76,4.198653
2018-12-03 07:45:00,5.98,4.915139
2018-12-03 08:00:00,5.58,5.289222
2018-12-03 08:15:00,34.99,43.685158
2018-12-03 08:30:00,56.84,63.90403
2018-12-03 08:45:00,61.06,68.38689
2018-12-03 09:00:00,57.89,70.34042
2018-12-03 09:15:00,70.49,72.09709
2018-12-03 09:30:00,50.11,73.25129
2018-12-03 09:45:00,66.38,76.98909
2018-12-03 10:00:00,56.88,70.54742
2018-12-03 10:15:00,47.09,69.32323
2018-12-03 10:30:00,55.8,72.81321
2018-12-03 10:45:00,66.89,73.16896
2018-12-03 11:00:00,62.89,68.65922
2018-12-03 11:15:00,63.79,73.29853
2018-12-03 11:30:00,58.1,69.66713
2018-12-03 11:45:00,54.5,70.913475
2018-12-03 12:00:00,35.35,67.32788
2018-12-03 12:15:00,6.34,10.031681
2018-12-03 12:30:00,5.76,7.373074
2018-12-03 12:45:00,6.3,7.507801
2018-12-03 13:00:00,6.19,8.384358
2018-12-03 13:15:00,35.35,58.013885
2018-12-03 13:30:00,51.95,74.420906
2018-12-03 13:45:00,48.46,71.8388
2018-12-03 14:00:00,65.02,71.19376
2018-12-03 14:15:00,69.91,68.84244
2018-12-03 14:30:00,55.12,67.93237
2018-12-03 14:45:00,56.84,74.60246
2018-12-03 15:00:00,54.22,70.31286
2018-12-03 15:15:00,49.97,70.70236
2018-12-03 15:30:00,48.17,68.84628
2018-12-03 15:45:00,49.86,67.92453
2018-12-03 16:00:00,58.75,66.92037
2018-12-03 16:15:00,65.7,67.38126
2018-12-03 16:30:00,51.88,65.9419
2018-12-03 16:45:00,57.2,66.22496
2018-12-03 17:00:00,76.03,68.1272
2018-12-03 17:15:00,72.18,67.506035
2018-12-03 17:30:00,61.42,63.262806
2018-12-03 17:45:00,36.61,33.986263
2018-12-03 18:00:00,29.56,34.477074
2018-12-03 18:15:00,34.13,47.36698
2018-12-03 18:30:00,42.26,60.711933
2018-12-03 18:45:00,56.81,58.162136
2018-12-03 19:00:00,43.02,61.724033
2018-12-03 19:15:00,47.74,55.216553
2018-12-03 19:30:00,39.17,58.032024
2018-12-03 19:45:00,43.67,56.584675
2018-12-03 20:00:00,50.44,49.250126
2018-12-03 20:15:00,46.22,59.140648
2018-12-03 20:30:00,45.36,57.95933
2018-12-03 20:45:00,50.11,46.57175
2018-12-03 21:00:00,25.45,39.350357
2018-12-03 21:15:00,8.6,27.793825
2018-12-03 21:30:00,6.19,6.8901243
2018-12-03 21:45:00,5.62,5.7838044
2018-12-03 22:00:00,4.93,6.0886183
2018-12-03 22:15:00,4.72,6.197792
2018-12-03 22:30:00,4.75,11.266416
2018-12-03 22:45:00,4.68,7.906159
2018-12-03 23:00:00,4.68,5.2655287
2018-12-03 23:15:00,4.61,5.04941
2018-12-03 23:30:00,4.57,4.57673
2018-12-03 23:45:00,4.61,4.6243773
2018-12-04 00:00:00,3.89,7.9501057
2018-12-04 00:15:00,4.61,7.5080557
2018-12-04 00:30:00,4.57,7.682723
2018-12-04 00:45:00,4.61,7.1634684
2018-12-04 01:00:00,4.64,6.0229053
2018-12-04 01:15:00,5.04,5.5702853
2018-12-04 01:30:00,5.8,5.070633
2018-12-04 01:45:00,4.68,4.5154757
2018-12-04 02:00:00,3.6,4.4879446
2018-12-04 02:15:00,3.56,4.4731264
2018-12-04 02:30:00,3.64,4.4254656
2018-12-04 02:45:00,3.67,5.0275097
2018-12-04 03:00:00,3.64,6.873182
2018-12-04 03:15:00,3.64,5.143286
2018-12-04 03:30:00,3.71,4.9734693
2018-12-04 03:45:00,3.67,4.234688
2018-12-04 04:00:00,3.71,3.9656856
2018-12-04 04:15:00,3.67,4.1616225
2018-12-04 04:30:00,3.6,4.3759623
2018-12-04 04:45:00,4.36,4.463
2018-12-04 05:00:00,4.64,4.362818
2018-12-04 05:15:00,4.72,4.161996
2018-12-04 05:30:00,5.44,4.053927
2018-12-04 05:45:00,4.43,3.9053879
2018-12-04 06:00:00,3.64,4.3046117
2018-12-04 06:15:00,3.56,4.0942945
2018-12-04 06:30:00,3.67,4.1662517
2018-12-04 06:45:00,3.64,3.8354943
2018-12-04 07:00:00,3.56,3.8914037
2018-12-04 07:15:00,3.56,3.9939544
2018-12-04 07:30:00,3.82,4.85715
2018-12-04 07:45:00,4.54,6.2923703
2018-12-04 08:00:00,5.94,8.606553
2018-12-04 08:15:00,28.4,42.07303
2018-12-04 08:30:00,55.04,64.99526
2018-12-04 08:45:00,61.13,66.46583
2018-12-04 09:00:00,82.33,66.56398
2018-12-04 09:15:00,82.37,73.42524
2018-12-04 09:30:00,64.08,74.140144
2018-12-04 09:45:00,59.36,74.91305
2018-12-04 10:00:00,52.16,74.97309
2018-12-04 10:15:00,56.95,67.67449
2018-12-04 10:30:00,53.42,69.48644
2018-12-04 10:45:00,58.86,68.12467
2018-12-04 11:00:00,59.98,70.39407
2018-12-04 11:15:00,61.24,75.511566
2018-12-04 11:30:00,84.1,79.031494
2018-12-04 11:45:00,63.86,75.93077
2018-12-04 12:00:00,49.86,61.711792
2018-12-04 12:15:00,6.91,7.9386415
2018-12-04 12:30:00,7.38,6.201374
2018-12-04 12:45:00,6.62,6.472274
2018-12-04 13:00:00,6.55,7.3491535
2018-12-04 13:15:00,32.51,53.401142
2018-12-04 13:30:00,57.28,70.449715
2018-12-04 13:45:00,55.51,68.2134
2018-12-04 14:00:00,56.12,68.08256
2018-12-04 14:15:00,58.82,68.016426
2018-12-04 14:30:00,52.88,71.7645
2018-12-04 14:45:00,53.46,70.43918
2018-12-04 15:00:00,62.96,70.93285
2018-12-04 15:15:00,64.62,65.32874
2018-12-04 15:30:00,60.01,63.9535
2018-12-04 15:45:00,55.66,59.93955
2018-12-04 16:00:00,53.82,63.7454
2018-12-04 16:15:00,71.86,63.55967
2018-12-04 16:30:00,60.73,61.894447
2018-12-04 16:45:00,68.22,65.02816
2018-12-04 17:00:00,80.46,73.23157
2018-12-04 17:15:00,61.52,74.85164
2018-12-04 17:30:00,71.1,71.046906
2018-12-04 17:45:00,35.21,42.36549
2018-12-04 18:00:00,30.31,31.84785
2018-12-04 18:15:00,43.56,44.16576
2018-12-04 18:30:00,40.97,57.51486
2018-12-04 18:45:00,38.56,58.380653
2018-12-04 19:00:00,41.65,59.916653
2018-12-04 19:15:00,49.07,51.782883
2018-12-04 19:30:00,40.46,54.31772
2018-12-04 19:45:00,48.64,53.192554
2018-12-04 20:00:00,49.75,47.226448
2018-12-04 20:15:00,48.89,50.842392
2018-12-04 20:30:00,37.84,50.381916
2018-12-04 20:45:00,30.67,49.38893
2018-12-04 21:00:00,5.08,30.135607
2018-12-04 21:15:00,5.69,7.5947437
2018-12-04 21:30:00,5.44,6.4302373
2018-12-04 21:45:00,5.4,6.0381603
2018-12-04 22:00:00,5.44,6.0187874
2018-12-04 22:15:00,5.26,5.7867713
2018-12-04 22:30:00,4.64,5.596023
2018-12-04 22:45:00,3.92,5.660502
2018-12-04 23:00:00,3.96,5.5641203
2018-12-04 23:15:00,3.92,5.524597
2018-12-04 23:30:00,3.85,5.672626
2018-12-04 23:45:00,3.89,5.519488
2018-12-05 00:00:00,3.96,6.721966
2018-12-05 00:15:00,3.89,5.3294854
2018-12-05 00:30:00,3.92,5.3474565
2018-12-05 00:45:00,3.89,5.3888206
2018-12-05 01:00:00,3.96,5.4494677
2018-12-05 01:15:00,3.78,5.6457453
2018-12-05 01:30:00,3.85,5.6922135
2018-12-05 01:45:00,3.82,5.3493733
2018-12-05 02:00:00,3.82,4.931769
2018-12-05 02:15:00,3.85,4.8816676
2018-12-05 02:30:00,4.64,4.594912
2018-12-05 02:45:00,4.86,4.561915
2018-12-05 03:00:00,3.82,4.685841
2018-12-05 03:15:00,3.49,4.8612165
2018-12-05 03:30:00,3.13,4.5412927
2018-12-05 03:45:00,3.2,4.42866
2018-12-05 04:00:00,3.13,4.5054007
2018-12-05 04:15:00,3.1,4.3111577
2018-12-05 04:30:00,3.17,4.1659107
2018-12-05 04:45:00,3.06,4.5957885
2018-12-05 05:00:00,3.17,4.3826017
2018-12-05 05:15:00,3.06,4.4256496
2018-12-05 05:30:00,3.1,4.427313
2018-12-05 05:45:00,3.02,4.329932
2018-12-05 06:00:00,3.1,4.1897388
2018-12-05 06:15:00,3.02,4.104955
2018-12-05 06:30:00,4.61,4.081697
2018-12-05 06:45:00,4.9,3.9207442
2018-12-05 07:00:00,3.85,3.9438922
2018-12-05 07:15:00,3.49,4.009238
2018-12-05 07:30:00,3.2,4.4018397
2018-12-05 07:45:00,4.32,5.326462
2018-12-05 08:00:00,4.72,6.178703
2018-12-05 08:15:00,27.65,41.171875
2018-12-05 08:30:00,61.56,65.87038
2018-12-05 08:45:00,57.71,68.80767
2018-12-05 09:00:00,57.82,81.213646
2018-12-05 09:15:00,68.08,83.33119
2018-12-05 09:30:00,64.08,83.06826
2018-12-05 09:45:00,64.76,82.3579
2018-12-05 10:00:00,62.68,80.653694
2018-12-05 10:15:00,49.28,74.0968
2018-12-05 10:30:00,56.52,77.671906
2018-12-05 10:45:00,59.04,75.90297
2018-12-05 11:00:00,66.85,77.470505
2018-12-05 11:15:00,68.83,80.949135
2018-12-05 11:30:00,60.3,72.13965
2018-12-05 11:45:00,53.21,70.834145
2018-12-05 12:00:00,40.97,60.75269
2018-12-05 12:15:00,10.69,8.333745
2018-12-05 12:30:00,9.43,7.2473493
2018-12-05 12:45:00,10.33,6.8984284
2018-12-05 13:00:00,26.68,7.2545476
2018-12-05 13:15:00,43.34,48.338207
2018-12-05 13:30:00,46.51,66.42092
2018-12-05 13:45:00,50.44,62.77684
2018-12-05 14:00:00,63.4,67.993195
2018-12-05 14:15:00,54.36,67.74226
2018-12-05 14:30:00,61.52,65.89919
2018-12-05 14:45:00,58.93,66.00553
2018-12-05 15:00:00,85.46,67.185585
2018-12-05 15:15:00,109.3,69.271355
2018-12-05 15:30:00,87.16,65.655685
2018-12-05 15:45:00,96.01,66.051056
2018-12-05 16:00:00,105.91,65.327965
2018-12-05 16:15:00,68.18,70.95624
2018-12-05 16:30:00,64.91,69.58477
2018-12-05 16:45:00,56.05,71.055084
2018-12-05 17:00:00,62.96,73.7922
2018-12-05 17:15:00,47.12,70.42201
2018-12-05 17:30:00,44.57,69.797676
2018-12-05 17:45:00,44.24,40.17465
2018-12-05 18:00:00,27.32,33.418285
2018-12-05 18:15:00,5.87,42.984623
2018-12-05 18:30:00,5.36,48.412865
2018-12-05 18:45:00,5.47,51.72856
2018-12-05 19:00:00,5.58,52.951733
2018-12-05 19:15:00,5.58,44.834774
2018-12-05 19:30:00,5.47,46.65705
2018-12-05 19:45:00,5.44,48.82994
2018-12-05 20:00:00,5.44,41.55272
2018-12-05 20:15:00,5.44,46.554543
2018-12-05 20:30:00,5.51,44.6486
2018-12-05 20:45:00,5.44,34.10044
2018-12-05 21:00:00,4.82,17.278603
2018-12-05 21:15:00,4.28,6.312417
2018-12-05 21:30:00,4.25,5.344475
2018-12-05 21:45:00,4.28,5.476096
2018-12-05 22:00:00,4.36,5.421673
2018-12-05 22:15:00,4.03,5.245995
2018-12-05 22:30:00,4.0,5.10394
2018-12-05 22:45:00,4.03,4.7218313
2018-12-05 23:00:00,4.0,4.5163183
2018-12-05 23:15:00,4.0,4.3015404
2018-12-05 23:30:00,3.92,4.5022163
2018-12-05 23:45:00,4.0,4.383109
2018-12-06 00:00:00,4.0,4.5861006
2018-12-06 00:15:00,3.96,4.219636
2018-12-06 00:30:00,4.79,4.3841496
2018-12-06 00:45:00,5.18,4.3668566
2018-12-06 01:00:00,4.03,4.3203464
2018-12-06 01:15:00,3.92,4.161858
2018-12-06 01:30:00,4.0,4.181832
2018-12-06 01:45:00,3.92,4.2916784
2018-12-06 02:00:00,4.07,4.168966
2018-12-06 02:15:00,3.46,4.0609193
2018-12-06 02:30:00,3.28,4.2683864
2018-12-06 02:45:00,3.38,4.495427
2018-12-06 03:00:00,3.31,4.479334
2018-12-06 03:15:00,3.35,3.9010596
2018-12-06 03:30:00,3.35,3.5265548
2018-12-06 03:45:00,3.38,3.3919492
2018-12-06 04:00:00,3.42,3.3591976
2018-12-06 04:15:00,3.31,3.3831584
2018-12-06 04:30:00,4.61,3.3693445
2018-12-06 04:45:00,5.04,3.373203
2018-12-06 05:00:00,4.07,3.3549042
2018-12-06 05:15:00,3.71,3.3710911
2018-12-06 05:30:00,3.31,3.324857
2018-12-06 05:45:00,3.31,3.381955
2018-12-06 06:00:00,3.38,3.3480022
2018-12-06 06:15:00,3.31,3.2472637
2018-12-06 06:30:00,3.28,3.3467813
2018-12-06 06:45:00,3.31,3.4323993
2018-12-06 07:00:00,3.24,3.447172
2018-12-06 07:15:00,3.28,3.32404
2018-12-06 07:30:00,3.46,3.6723585
2018-12-06 07:45:00,4.21,4.58675
2018-12-06 08:00:00,6.44,5.5344653
2018-12-06 08:15:00,32.29,36.656315
2018-12-06 08:30:00,64.98,64.70576
2018-12-06 08:45:00,60.84,68.34709
2018-12-06 09:00:00,59.87,68.20818
2018-12-06 09:15:00,67.0,69.019394
2018-12-06 09:30:00,71.17,69.46357
2018-12-06 09:45:00,76.86,69.03171
2018-12-06 10:00:00,66.67,68.1876
2018-12-06 10:15:00,63.18,61.924217
2018-12-06 10:30:00,68.87,66.60737
2018-12-06 10:45:00,71.06,64.36146
2018-12-06 11:00:00,62.78,67.31193
2018-12-06 11:15:00,60.88,68.95743
2018-12-06 11:30:00,74.45,67.254906
2018-12-06 11:45:00,67.82,66.10445
2018-12-06 12:00:00,69.26,50.711975
2018-12-06 12:15:00,9.94,8.832983
2018-12-06 12:30:00,6.88,7.198862
2018-12-06 12:45:00,7.02,6.78004
2018-12-06 13:00:00,6.95,8.259313
2018-12-06 13:15:00,35.78,41.586845
2018-12-06 13:30:00,61.78,60.821728
2018-12-06 13:45:00,60.8,61.198547
2018-12-06 14:00:00,71.78,64.797966
2018-12-06 14:15:00,72.11,64.25016
2018-12-06 14:30:00,68.22,62.55357
2018-12-06 14:45:00,73.44,63.424683
2018-12-06 15:00:00,56.88,67.095146
2018-12-06 15:15:00,50.29,66.29562
2018-12-06 15:30:00,48.78,65.03652
2018-12-06 15:45:00,48.96,64.91568
2018-12-06 16:00:00,49.97,67.78309
2018-12-06 16:15:00,62.28,65.35283
2018-12-06 16:30:00,47.95,63.47521
2018-12-06 16:45:00,57.35,63.623928
2018-12-06 17:00:00,47.77,61.853477
2018-12-06 17:15:00,48.6,56.275875
2018-12-06 17:30:00,57.46,57.349323
2018-12-06 17:45:00,31.86,37.21904
2018-12-06 18:00:00,31.61,31.541195
2018-12-06 18:15:00,36.61,38.415756
2018-12-06 18:30:00,40.07,44.8338
2018-12-06 18:45:00,37.87,47.261635
2018-12-06 19:00:00,47.23,51.7433
2018-12-06 19:15:00,53.03,45.647152
2018-12-06 19:30:00,38.63,51.341923
2018-12-06 19:45:00,37.51,54.295708
2018-12-06 20:00:00,38.3,47.148495
2018-12-06 20:15:00,54.36,57.32286
2018-12-06 20:30:00,38.84,50.250095
2018-12-06 20:45:00,27.72,46.062508
2018-12-06 21:00:00,8.86,35.105545
2018-12-06 21:15:00,5.51,10.272758
2018-12-06 21:30:00,5.58,6.7209473
2018-12-06 21:45:00,5.62,5.952878
2018-12-06 22:00:00,5.54,6.2071276
2018-12-06 22:15:00,5.26,5.5450926
2018-12-06 22:30:00,5.22,5.3521256
2018-12-06 22:45:00,5.26,4.824055
2018-12-06 23:00:00,4.18,4.954842
2018-12-06 23:15:00,3.96,4.958785
2018-12-06 23:30:00,4.0,4.7885237
2018-12-06 23:45:00,4.0,4.82329
2018-12-07 00:00:00,4.03,5.858885
2018-12-07 00:15:00,3.96,4.3901787
2018-12-07 00:30:00,4.03,4.607344
2018-12-07 00:45:00,4.03,4.8670797
2018-12-07 01:00:00,4.0,4.707241
2018-12-07 01:15:00,4.03,4.3552866
2018-12-07 01:30:00,4.03,4.2208967
2018-12-07 01:45:00,4.03,4.092887
2018-12-07 02:00:00,4.1,3.9579906
2018-12-07 02:15:00,4.0,3.783111
2018-12-07 02:30:00,4.72,3.698598
2018-12-07 02:45:00,4.79,3.7288458
2018-12-07 03:00:00,4.14,3.5841486
2018-12-07 03:15:00,4.07,3.5725741
2018-12-07 03:30:00,4.03,3.504959
2018-12-07 03:45:00,4.0,3.4769006
2018-12-07 04:00:00,3.42,3.4346073
2018-12-07 04:15:00,3.49,3.48323
2018-12-07 04:30:00,3.46,3.5805547
2018-12-07 04:45:00,3.38,3.9143534
2018-12-07 05:00:00,3.42,3.6311634
2018-12-07 05:15:00,3.42,3.5187778
2018-12-07 05:30:00,3.74,3.4729764
2018-12-07 05:45:00,4.07,3.359006
2018-12-07 06:00:00,3.49,3.3966312
2018-12-07 06:15:00,3.42,3.2395852
2018-12-07 06:30:00,3.64,3.5410957
2018-12-07 06:45:00,4.1,3.5922067
2018-12-07 07:00:00,4.0,3.556149
2018-12-07 07:15:00,4.0,3.5776668
2018-12-07 07:30:00,3.82,3.737433
2018-12-07 07:45:00,4.54,4.690631
2018-12-07 08:00:00,4.79,5.5339036
2018-12-07 08:15:00,47.66,33.30855
2018-12-07 08:30:00,60.19,68.48657
2018-12-07 08:45:00,60.19,67.53654
2018-12-07 09:00:00,53.32,69.501724
2018-12-07 09:15:00,58.86,72.08099
2018-12-07 09:30:00,49.5,71.94863
2018-12-07 09:45:00,48.42,71.784355
2018-12-07 10:00:00,62.78,71.615555
2018-12-07 10:15:00,48.02,62.32586
2018-12-07 10:30:00,46.22,68.11432
2018-12-07 10:45:00,57.46,69.175674
2018-12-07 11:00:00,48.78,69.508995
2018-12-07 11:15:00,47.02,68.542984
2018-12-07 11:30:00,58.0,68.140816
2018-12-07 11:45:00,51.48,67.83586
2018-12-07 12:00:00,44.28,53.586292
2018-12-07 12:15:00,26.6,10.020111
2018-12-07 12:30:00,12.49,6.7138996
2018-12-07 12:45:00,9.79,6.7170544
2018-12-07 13:00:00,10.76,6.994321
2018-12-07 13:15:00,44.06,37.727577
2018-12-07 13:30:00,49.82,63.057953
2018-12-07 13:45:00,54.36,60.698376
2018-12-07 14:00:00,55.98,68.37882
2018-12-07 14:15:00,56.48,69.684975
2018-12-07 14:30:00,47.41,69.62814
2018-12-07 14:45:00,47.95,72.30539
2018-12-07 15:00:00,58.86,68.91205
2018-12-07 15:15:00,50.08,65.19513
2018-12-07 15:30:00,51.88,59.213543
2018-12-07 15:45:00,53.82,58.00097
2018-12-07 16:00:00,49.9,65.66662
2018-12-07 16:15:00,57.1,67.09966
2018-12-07 16:30:00,50.33,61.328114
2018-12-07 16:45:00,68.54,65.71551
2018-12-07 17:00:00,60.12,66.0871
2018-12-07 17:15:00,72.11,58.870636
2018-12-07 17:30:00,46.33,59.98848
2018-12-07 17:45:00,34.16,33.243732
2018-12-07 18:00:00,30.35,31.093924
2018-12-07 18:15:00,42.48,40.537037
2018-12-07 18:30:00,52.85,46.46236
2018-12-07 18:45:00,58.97,51.470116
2018-12-07 19:00:00,57.17,52.607815
2018-12-07 19:15:00,44.39,52.449345
2018-12-07 19:30:00,47.84,51.3085
2018-12-07 19:45:00,54.07,46.033405
2018-12-07 20:00:00,43.38,46.95088
2018-12-07 20:15:00,57.64,54.350883
2018-12-07 20:30:00,41.72,47.31213
2018-12-07 20:45:00,31.9,42.84809
2018-12-07 21:00:00,19.69,14.300027
2018-12-07 21:15:00,5.62,8.140694
2018-12-07 21:30:00,5.62,7.0244913
2018-12-07 21:45:00,5.15,6.4203997
2018-12-07 22:00:00,4.28,6.009227
2018-12-07 22:15:00,4.0,5.9487553
2018-12-07 22:30:00,4.07,5.760065
2018-12-07 22:45:00,4.03,5.293106
2018-12-07 23:00:00,4.0,4.9412255
2018-12-07 23:15:00,3.96,4.968043
2018-12-07 23:30:00,4.03,4.7095447
2018-12-07 23:45:00,4.0,4.4174943
2018-12-08 00:00:00,3.78,3.6104198
2018-12-08 00:15:00,4.0,4.0497184
2018-12-08 00:30:00,3.96,4.027401
2018-12-08 00:45:00,4.0,4.0749636
2018-12-08 01:00:00,4.0,4.0782623
2018-12-08 01:15:00,5.15,4.1158705
2018-12-08 01:30:00,4.79,4.095695
2018-12-08 01:45:00,3.96,4.1276712
2018-12-08 02:00:00,3.96,3.981548
2018-12-08 02:15:00,4.1,3.8437836
2018-12-08 02:30:00,4.0,3.9742165
2018-12-08 02:45:00,4.0,4.1543894
2018-12-08 03:00:00,4.0,4.161821
2018-12-08 03:15:00,3.96,3.996747
2018-12-08 03:30:00,3.64,3.8179631
2018-12-08 03:45:00,3.38,3.8196254
2018-12-08 04:00:00,3.31,3.5088227
2018-12-08 04:15:00,3.35,3.448648
2018-12-08 04:30:00,3.35,3.4595344
2018-12-08 04:45:00,3.42,3.6078773
2018-12-08 05:00:00,3.49,3.470677
2018-12-08 05:15:00,4.0,3.461702
2018-12-08 05:30:00,3.53,3.4817631
2018-12-08 05:45:00,3.35,3.451164
2018-12-08 06:00:00,3.38,3.4682584
2018-12-08 06:15:00,4.03,3.5055203
2018-12-08 06:30:00,4.03,3.7138853
2018-12-08 06:45:00,4.0,3.7607892
2018-12-08 07:00:00,3.78,3.6240711
2018-12-08 07:15:00,3.35,3.7724652
2018-12-08 07:30:00,3.31,3.740551
2018-12-08 07:45:00,3.53,3.780353
2018-12-08 08:00:00,3.67,4.2933745
2018-12-08 08:15:00,29.23,35.66277
2018-12-08 08:30:00,38.16,51.919918
2018-12-08 08:45:00,33.08,52.18185
2018-12-08 09:00:00,51.52,53.56602
2018-12-08 09:15:00,47.77,49.807434
2018-12-08 09:30:00,42.05,49.137672
2018-12-08 09:45:00,32.4,47.28888
2018-12-08 10:00:00,31.43,49.838154
2018-12-08 10:15:00,31.57,48.360767
2018-12-08 10:30:00,31.43,50.55147
2018-12-08 10:45:00,47.66,48.04692
2018-12-08 11:00:00,49.28,45.36815
2018-12-08 11:15:00,38.16,45.543457
2018-12-08 11:30:00,44.14,45.60808
2018-12-08 11:45:00,38.27,46.924656
2018-12-08 12:00:00,22.46,36.820442
2018-12-08 12:15:00,3.92,5.263354
2018-12-08 12:30:00,4.57,4.9212694
2018-12-08 12:45:00,5.36,4.865959
2018-12-08 13:00:00,6.08,4.9895
2018-12-08 13:15:00,34.09,25.91986
2018-12-08 13:30:00,55.69,46.311676
2018-12-08 13:45:00,40.61,46.57071
2018-12-08 14:00:00,50.51,44.830784
2018-12-08 14:15:00,37.98,45.960068
2018-12-08 14:30:00,48.89,47.731388
2018-12-08 14:45:00,37.73,45.535206
2018-12-08 15:00:00,40.03,46.394268
2018-12-08 15:15:00,43.67,49.417465
2018-12-08 15:30:00,46.15,50.323074
2018-12-08 15:45:00,49.68,48.93206
2018-12-08 16:00:00,49.32,49.442135
2018-12-08 16:15:00,49.46,47.153706
2018-12-08 16:30:00,49.54,50.056484
2018-12-08 16:45:00,34.63,42.364452
2018-12-08 17:00:00,27.0,31.282206
2018-12-08 17:15:00,9.9,7.032369
2018-12-08 17:30:00,5.22,6.665072
2018-12-08 17:45:00,5.29,4.764263
2018-12-08 18:00:00,5.22,4.5176034
2018-12-08 18:15:00,5.18,4.4733067
2018-12-08 18:30:00,5.15,4.3228784
2018-12-08 18:45:00,5.33,4.3428392
2018-12-08 19:00:00,5.15,4.4479136
2018-12-08 19:15:00,4.1,4.3674064
2018-12-08 19:30:00,4.14,4.3736167
2018-12-08 19:45:00,4.1,4.29299
2018-12-08 20:00:00,4.14,4.290201
2018-12-08 20:15:00,4.1,4.4335203
2018-12-08 20:30:00,4.03,4.2505574
2018-12-08 20:45:00,4.14,4.2384357
2018-12-08 21:00:00,4.1,4.431981
2018-12-08 21:15:00,4.14,4.270375
2018-12-08 21:30:00,4.1,4.277783
2018-12-08 21:45:00,4.14,4.245828
2018-12-08 22:00:00,4.1,4.188359
2018-12-08 22:15:00,3.82,4.1335735
2018-12-08 22:30:00,3.89,4.033077
2018-12-08 22:45:00,5.0,3.5651038
2018-12-08 23:00:00,4.75,3.4990904
2018-12-08 23:15:00,3.82,3.3552458
2018-12-08 23:30:00,3.71,3.3644462
2018-12-08 23:45:00,3.82,3.3049893
2018-12-09 00:00:00,3.17,3.642899
2018-12-09 00:15:00,3.74,3.3038864
2018-12-09 00:30:00,3.74,3.2911398
2018-12-09 00:45:00,3.82,3.3889906
2018-12-09 01:00:00,3.85,3.7622
2018-12-09 01:15:00,3.78,3.7731743
2018-12-09 01:30:00,3.82,3.8578818
2018-12-09 01:45:00,3.78,3.822677
2018-12-09 02:00:00,3.78,3.504452
2018-12-09 02:15:00,3.17,3.330284
2018-12-09 02:30:00,3.13,3.3332748
2018-12-09 02:45:00,3.35,3.3906171
2018-12-09 03:00:00,3.67,3.7701628
2018-12-09 03:15:00,3.02,3.6975722
2018-12-09 03:30:00,3.13,3.448105
2018-12-09 03:45:00,3.06,3.3235269
2018-12-09 04:00:00,3.06,3.2787948
2018-12-09 04:15:00,3.06,3.2839653
2018-12-09 04:30:00,3.2,3.3882983
2018-12-09 04:45:00,3.78,3.4707372
2018-12-09 05:00:00,3.78,3.3974938
2018-12-09 05:15:00,3.74,3.5626447
2018-12-09 05:30:00,3.74,3.297687
2018-12-09 05:45:00,3.13,3.2744615
2018-12-09 06:00:00,3.74,3.2688622
2018-12-09 06:15:00,3.56,3.3099809
2018-12-09 06:30:00,3.1,3.2837913
2018-12-09 06:45:00,2.95,3.2966628
2018-12-09 07:00:00,3.06,3.358277
2018-12-09 07:15:00,3.02,3.2864559
2018-12-09 07:30:00,2.95,3.255912
2018-12-09 07:45:00,3.02,3.4396222
2018-12-09 08:00:00,2.99,3.5439425
2018-12-09 08:15:00,3.13,6.1202297
2018-12-09 08:30:00,3.74,15.1143875
2018-12-09 08:45:00,3.82,14.428484
2018-12-09 09:00:00,3.96,17.059933
2018-12-09 09:15:00,4.03,25.325375
2018-12-09 09:30:00,3.35,23.025238
2018-12-09 09:45:00,3.31,20.60978
2018-12-09 10:00:00,3.89,21.476774
2018-12-09 10:15:00,4.03,18.587358
2018-12-09 10:30:00,3.31,15.300955
2018-12-09 10:45:00,3.35,21.298412
2018-12-09 11:00:00,3.42,16.038013
2018-12-09 11:15:00,3.35,12.266314
2018-12-09 11:30:00,3.31,19.765297
2018-12-09 11:45:00,3.38,9.567707
2018-12-09 12:00:00,3.89,4.796644
2018-12-09 12:15:00,4.18,4.1024723
2018-12-09 12:30:00,4.1,4.1230993
2018-12-09 12:45:00,4.1,4.1602316
2018-12-09 13:00:00,3.6,4.1739774
2018-12-09 13:15:00,3.42,6.996376
2018-12-09 13:30:00,3.42,23.553097
2018-12-09 13:45:00,3.35,30.23193
2018-12-09 14:00:00,3.92,26.972107
2018-12-09 14:15:00,3.78,21.458237
2018-12-09 14:30:00,3.42,25.188353
2018-12-09 14:45:00,3.38,21.152391
2018-12-09 15:00:00,3.46,24.022192
2018-12-09 15:15:00,3.42,24.521976
2018-12-09 15:30:00,3.53,25.493694
2018-12-09 15:45:00,4.07,22.988464
2018-12-09 16:00:00,4.03,12.933723
2018-12-09 16:15:00,4.14,13.500883
2018-12-09 16:30:00,4.0,10.039972
2018-12-09 16:45:00,3.31,8.758067
2018-12-09 17:00:00,3.35,5.3445597
2018-12-09 17:15:00,3.49,5.833216
2018-12-09 17:30:00,4.1,4.396844
2018-12-09 17:45:00,3.64,4.183262
2018-12-09 18:00:00,3.24,4.368681
2018-12-09 18:15:00,3.28,4.0916376
2018-12-09 18:30:00,3.31,4.078548
2018-12-09 18:45:00,3.42,4.336033
2018-12-09 19:00:00,3.64,4.4114633
2018-12-09 19:15:00,4.07,4.157619
2018-12-09 19:30:00,4.03,4.2407517
2018-12-09 19:45:00,4.03,4.1403604
2018-12-09 20:00:00,4.0,4.1160603
2018-12-09 20:15:00,3.31,4.38935
2018-12-09 20:30:00,3.31,4.234642
2018-12-09 20:45:00,3.35,4.490344
2018-12-09 21:00:00,3.35,4.3197594
2018-12-09 21:15:00,3.67,4.858122
2018-12-09 21:30:00,4.14,4.1789756
2018-12-09 21:45:00,3.38,4.11437
2018-12-09 22:00:00,3.28,3.9030716
2018-12-09 22:15:00,3.13,3.8477435
2018-12-09 22:30:00,3.17,3.842087
2018-12-09 22:45:00,3.78,3.4509523
2018-12-09 23:00:00,3.78,3.34624
2018-12-09 23:15:00,3.74,3.3269382
2018-12-09 23:30:00,3.74,3.319222
2018-12-09 23:45:00,3.46,3.33262
2018-12-10 00:00:00,5.36,4.1420183
2018-12-10 00:15:00,3.06,3.6989589
2018-12-10 00:30:00,3.02,3.6801481
2018-12-10 00:45:00,3.31,3.7962303
2018-12-10 01:00:00,3.85,3.5540545
2018-12-10 01:15:00,3.42,3.5310223
2018-12-10 01:30:00,3.1,3.4778445
2018-12-10 01:45:00,3.1,3.5729158
2018-12-10 02:00:00,3.17,3.513817
2018-12-10 02:15:00,3.31,3.4008706
2018-12-10 02:30:00,3.82,3.3701792
2018-12-10 02:45:00,3.78,3.5372415
2018-12-10 03:00:00,3.82,3.395333
2018-12-10 03:15:00,3.74,3.2722228
2018-12-10 03:30:00,3.1,3.206644
2018-12-10 03:45:00,3.2,3.1956422
2018-12-10 04:00:00,3.1,3.1329026
2018-12-10 04:15:00,3.13,3.3519702
2018-12-10 04:30:00,3.17,3.4218836
2018-12-10 04:45:00,3.49,3.3238738
2018-12-10 05:00:00,3.74,3.2527814
2018-12-10 05:15:00,3.13,3.2525232
2018-12-10 05:30:00,3.1,3.3030176
2018-12-10 05:45:00,3.82,3.0770223
2018-12-10 06:00:00,3.82,3.195148
2018-12-10 06:15:00,3.85,3.1952455
2018-12-10 06:30:00,3.82,3.0654092
2018-12-10 06:45:00,3.46,3.0400944
2018-12-10 07:00:00,3.06,3.0379121
2018-12-10 07:15:00,3.13,3.4413874
2018-12-10 07:30:00,3.56,3.9772694
2018-12-10 07:45:00,5.87,4.6359086
2018-12-10 08:00:00,6.8,4.6412535
2018-12-10 08:15:00,33.48,27.207447
2018-12-10 08:30:00,61.06,65.701256
2018-12-10 08:45:00,58.36,68.31499
2018-12-10 09:00:00,68.62,64.45892
2018-12-10 09:15:00,69.23,67.94186
2018-12-10 09:30:00,70.78,66.596405
2018-12-10 09:45:00,61.74,67.968445
2018-12-10 10:00:00,72.0,66.182884
2018-12-10 10:15:00,56.2,60.22179
2018-12-10 10:30:00,56.02,65.67976
2018-12-10 10:45:00,63.9,66.65534
2018-12-10 11:00:00,68.47,67.791336
2018-12-10 11:15:00,61.56,69.23692
2018-12-10 11:30:00,70.31,70.85924
2018-12-10 11:45:00,62.42,68.62322
2018-12-10 12:00:00,44.75,46.25971
2018-12-10 12:15:00,9.11,10.227277
2018-12-10 12:30:00,10.33,7.39276
2018-12-10 12:45:00,11.45,6.9354
2018-12-10 13:00:00,11.09,8.72885
2018-12-10 13:15:00,42.66,34.28156
2018-12-10 13:30:00,72.9,66.08465
2018-12-10 13:45:00,71.03,68.85227
2018-12-10 14:00:00,67.32,68.44037
2018-12-10 14:15:00,64.22,68.21565
2018-12-10 14:30:00,69.91,67.41608
2018-12-10 14:45:00,51.23,67.863335
2018-12-10 15:00:00,58.39,70.92099
2018-12-10 15:15:00,69.62,70.20006
2018-12-10 15:30:00,66.71,69.064354
2018-12-10 15:45:00,65.99,65.16097
2018-12-10 16:00:00,64.98,63.89014
2018-12-10 16:15:00,64.55,68.7634
2018-12-10 16:30:00,63.72,66.6056
2018-12-10 16:45:00,66.53,68.424095
2018-12-10 17:00:00,62.57,67.538345
2018-12-10 17:15:00,63.72,66.44876
2018-12-10 17:30:00,58.64,57.77097
2018-12-10 17:45:00,60.12,34.920662
2018-12-10 18:00:00,24.73,33.426983
2018-12-10 18:15:00,5.47,39.68303
2018-12-10 18:30:00,4.5,49.539875
2018-12-10 18:45:00,4.46,51.116177
2018-12-10 19:00:00,4.46,51.42065
2018-12-10 19:15:00,4.75,50.83662
2018-12-10 19:30:00,5.69,44.461838
2018-12-10 19:45:00,5.62,46.06534
2018-12-10 20:00:00,4.46,45.439926
2018-12-10 20:15:00,4.46,55.240475
2018-12-10 20:30:00,4.5,46.92584
2018-12-10 20:45:00,4.43,43.595776
2018-12-10 21:00:00,4.46,31.712387
2018-12-10 21:15:00,4.5,7.7740955
2018-12-10 21:30:00,4.57,5.389698
2018-12-10 21:45:00,4.54,4.839402
2018-12-10 22:00:00,4.46,4.672356
2018-12-10 22:15:00,4.28,4.6573625
2018-12-10 22:30:00,4.25,4.3696856
2018-12-10 22:45:00,4.32,4.376479
2018-12-10 23:00:00,4.18,4.3848033
2018-12-10 23:15:00,4.18,4.4070015
2018-12-10 23:30:00,4.21,4.3219194
2018-12-10 23:45:00,4.28,4.361363
2018-12-11 00:00:00,4.18,6.1437416
2018-12-11 00:15:00,4.86,4.5583553
2018-12-11 00:30:00,4.21,4.456311
2018-12-11 00:45:00,4.18,4.4292912
2018-12-11 01:00:00,4.21,4.230982
2018-12-11 01:15:00,4.32,4.168369
2018-12-11 01:30:00,4.25,4.266392
2018-12-11 01:45:00,4.18,4.06514
2018-12-11 02:00:00,4.21,3.9641943
2018-12-11 02:15:00,4.28,3.9541206
2018-12-11 02:30:00,4.25,3.948919
2018-12-11 02:45:00,4.21,3.9824495
2018-12-11 03:00:00,3.56,3.7884314
2018-12-11 03:15:00,3.56,3.7839715
2018-12-11 03:30:00,3.53,3.710601
2018-12-11 03:45:00,3.53,3.6245549
2018-12-11 04:00:00,3.85,3.3711622
2018-12-11 04:15:00,4.18,3.3494544
2018-12-11 04:30:00,3.49,3.6990654
2018-12-11 04:45:00,3.56,3.7825618
2018-12-11 05:00:00,3.56,3.733888
2018-12-11 05:15:00,3.74,3.7236183
2018-12-11 05:30:00,4.18,3.836337
2018-12-11 05:45:00,4.25,3.5813925
2018-12-11 06:00:00,4.28,3.5200992
2018-12-11 06:15:00,3.56,3.6590645
2018-12-11 06:30:00,3.53,3.7013974
2018-12-11 06:45:00,3.6,3.8150141
2018-12-11 07:00:00,3.49,3.6315844
2018-12-11 07:15:00,4.1,3.491287
2018-12-11 07:30:00,4.07,3.9478285
2018-12-11 07:45:00,4.86,4.9953785
2018-12-11 08:00:00,14.83,7.6978354
2018-12-11 08:15:00,44.21,36.042007
2018-12-11 08:30:00,54.04,64.74239
2018-12-11 08:45:00,61.74,62.96777
2018-12-11 09:00:00,69.48,68.265755
2018-12-11 09:15:00,75.38,67.76524
2018-12-11 09:30:00,71.82,73.25428
2018-12-11 09:45:00,71.24,75.70226
2018-12-11 10:00:00,54.86,69.673805
2018-12-11 10:15:00,66.13,67.29361
2018-12-11 10:30:00,73.08,73.20789
2018-12-11 10:45:00,77.51,73.42047
2018-12-11 11:00:00,72.54,76.55254
2018-12-11 11:15:00,63.83,76.11184
2018-12-11 11:30:00,67.07,74.22053
2018-12-11 11:45:00,84.24,74.53656
2018-12-11 12:00:00,72.79,65.77297
2018-12-11 12:15:00,7.96,9.34028
2018-12-11 12:30:00,5.8,7.84736
2018-12-11 12:45:00,6.98,7.2513165
2018-12-11 13:00:00,6.95,9.369789
2018-12-11 13:15:00,38.45,40.87963
2018-12-11 13:30:00,59.36,69.085655
2018-12-11 13:45:00,66.02,69.44588
2018-12-11 14:00:00,80.28,66.93886
2018-12-11 14:15:00,75.53,67.15279
2018-12-11 14:30:00,72.0,73.799736
2018-12-11 14:45:00,72.61,71.19812
2018-12-11 15:00:00,78.55,70.32695
2018-12-11 15:15:00,73.98,70.14253
2018-12-11 15:30:00,76.79,71.02179
2018-12-11 15:45:00,80.46,63.468803
2018-12-11 16:00:00,68.11,61.926952
2018-12-11 16:15:00,71.68,62.75659
2018-12-11 16:30:00,69.8,64.890305
2018-12-11 16:45:00,75.46,68.84697
2018-12-11 17:00:00,70.27,65.92863
2018-12-11 17:15:00,78.48,70.42842
2018-12-11 17:30:00,66.78,57.455837
2018-12-11 17:45:00,32.11,45.585308
2018-12-11 18:00:00,31.25,31.53622
2018-12-11 18:15:00,36.4,43.273632
2018-12-11 18:30:00,39.56,43.054657
2018-12-11 18:45:00,51.44,44.03752
2018-12-11 19:00:00,51.52,45.6242
2018-12-11 19:15:00,53.57,45.63883
2018-12-11 19:30:00,52.81,38.891167
2018-12-11 19:45:00,52.38,43.952324
2018-12-11 20:00:00,53.21,42.41709
2018-12-11 20:15:00,51.91,49.35643
2018-12-11 20:30:00,53.46,45.20663
2018-12-11 20:45:00,32.36,29.712856
2018-12-11 21:00:00,28.37,13.163077
2018-12-11 21:15:00,6.77,5.7290535
2018-12-11 21:30:00,5.69,5.0971665
2018-12-11 21:45:00,5.8,4.982538
2018-12-11 22:00:00,5.69,4.925826
2018-12-11 22:15:00,5.47,4.654946
2018-12-11 22:30:00,5.44,4.6162195
2018-12-11 22:45:00,4.97,4.3202806
2018-12-11 23:00:00,4.36,4.2564673
2018-12-11 23:15:00,4.25,4.151954
2018-12-11 23:30:00,4.21,4.1454415
2018-12-11 23:45:00,4.14,4.3324313
2018-12-12 00:00:00,4.21,4.407513
2018-12-12 00:15:00,4.21,4.3855157
2018-12-12 00:30:00,4.14,4.1901164
2018-12-12 00:45:00,4.14,4.2125583
2018-12-12 01:00:00,4.14,4.2319326
2018-12-12 01:15:00,4.21,4.010547
2018-12-12 01:30:00,4.18,4.059205
2018-12-12 01:45:00,4.75,4.049401
2018-12-12 02:00:00,5.33,4.020931
2018-12-12 02:15:00,4.25,3.8631577
2018-12-12 02:30:00,4.25,4.131032
2018-12-12 02:45:00,4.18,4.0666313
2018-12-12 03:00:00,4.21,3.6807323
2018-12-12 03:15:00,4.18,3.627205
2018-12-12 03:30:00,4.18,3.4440558
2018-12-12 03:45:00,4.25,3.5026512
2018-12-12 04:00:00,4.18,3.4019496
2018-12-12 04:15:00,4.03,3.5768237
2018-12-12 04:30:00,3.46,3.508539
2018-12-12 04:45:00,3.46,3.4068694
2018-12-12 05:00:00,3.53,3.3240376
2018-12-12 05:15:00,3.46,3.3308036
2018-12-12 05:30:00,3.49,3.4689946
2018-12-12 05:45:00,4.0,3.566355
2018-12-12 06:00:00,4.25,3.5631905
2018-12-12 06:15:00,3.85,3.3104982
2018-12-12 06:30:00,3.42,3.444867
2018-12-12 06:45:00,3.42,3.4015987
2018-12-12 07:00:00,3.96,3.3983305
2018-12-12 07:15:00,4.1,3.54115
2018-12-12 07:30:00,4.32,3.8447742
2018-12-12 07:45:00,5.83,5.1835794
2018-12-12 08:00:00,5.8,5.743102
2018-12-12 08:15:00,36.86,34.92869
2018-12-12 08:30:00,60.37,64.67391
2018-12-12 08:45:00,66.46,63.770245
2018-12-12 09:00:00,69.05,70.63108
2018-12-12 09:15:00,63.86,69.03735
2018-12-12 09:30:00,65.59,70.0269
2018-12-12 09:45:00,60.98,71.08316
2018-12-12 10:00:00,65.74,67.45503
2018-12-12 10:15:00,57.17,65.28827
2018-12-12 10:30:00,64.55,68.37599
2018-12-12 10:45:00,53.42,76.67991
2018-12-12 11:00:00,65.88,78.43487
2018-12-12 11:15:00,57.71,77.655556
2018-12-12 11:30:00,59.76,77.2859
2018-12-12 11:45:00,79.85,75.81222
2018-12-12 12:00:00,49.64,62.637974
2018-12-12 12:15:00,27.97,9.619926
2018-12-12 12:30:00,29.74,7.468637
2018-12-12 12:45:00,29.56,7.4428983
2018-12-12 13:00:00,29.3,7.504344
2018-12-12 13:15:00,58.86,41.698124
2018-12-12 13:30:00,61.78,67.85738
2018-12-12 13:45:00,77.0,70.71201
2018-12-12 14:00:00,65.56,73.09935
2018-12-12 14:15:00,86.51,75.2098
2018-12-12 14:30:00,60.44,75.767
2018-12-12 14:45:00,64.8,77.885
2018-12-12 15:00:00,72.18,75.03559
2018-12-12 15:15:00,69.08,77.138054
2018-12-12 15:30:00,66.17,74.05958
2018-12-12 15:45:00,61.67,76.44767
2018-12-12 16:00:00,70.6,75.37537
2018-12-12 16:15:00,68.36,76.610886
2018-12-12 16:30:00,75.1,76.68371
2018-12-12 16:45:00,66.13,77.430695
2018-12-12 17:00:00,70.7,76.117325
2018-12-12 17:15:00,60.7,72.28768
2018-12-12 17:30:00,57.92,67.359985
2018-12-12 17:45:00,32.9,44.93765
2018-12-12 18:00:00,30.53,32.92525
2018-12-12 18:15:00,49.9,42.626247
2018-12-12 18:30:00,67.25,49.220432
2018-12-12 18:45:00,69.37,54.638973
2018-12-12 19:00:00,65.99,53.903324
2018-12-12 19:15:00,66.02,49.5198
2018-12-12 19:30:00,60.19,51.083904
2018-12-12 19:45:00,58.54,51.595333
2018-12-12 20:00:00,61.85,51.504944
2018-12-12 20:15:00,67.07,56.06664
2018-12-12 20:30:00,58.82,51.66331
2018-12-12 20:45:00,53.35,24.736547
2018-12-12 21:00:00,30.35,10.606421
2018-12-12 21:15:00,12.2,8.169148
2018-12-12 21:30:00,5.8,6.562698
2018-12-12 21:45:00,5.76,6.2779183
2018-12-12 22:00:00,5.65,6.0374074
2018-12-12 22:15:00,5.04,6.369783
2018-12-12 22:30:00,4.25,6.19158
2018-12-12 22:45:00,4.25,5.6813383
2018-12-12 23:00:00,4.21,6.08533
2018-12-12 23:15:00,4.14,5.742836
2018-12-12 23:30:00,4.1,5.554975
2018-12-12 23:45:00,4.1,5.121539
2018-12-13 00:00:00,5.26,5.12097
2018-12-13 00:15:00,4.1,4.479128
2018-12-13 00:30:00,4.18,4.6984677
2018-12-13 00:45:00,4.21,4.660458
2018-12-13 01:00:00,4.14,4.6221223
2018-12-13 01:15:00,4.28,4.447271
2018-12-13 01:30:00,4.18,4.562976
2018-12-13 01:45:00,4.25,4.860979
2018-12-13 02:00:00,5.36,5.078376
2018-12-13 02:15:00,4.79,4.6479316
2018-12-13 02:30:00,4.25,4.243492
2018-12-13 02:45:00,4.18,4.499883
2018-12-13 03:00:00,4.21,3.9980087
2018-12-13 03:15:00,4.18,4.1703587
2018-12-13 03:30:00,4.21,4.6231947
2018-12-13 03:45:00,4.21,4.4194922
2018-12-13 04:00:00,4.21,3.9988003
2018-12-13 04:15:00,4.18,3.8163967
2018-12-13 04:30:00,4.21,3.5356145
2018-12-13 04:45:00,4.21,3.5098605
2018-12-13 05:00:00,4.18,3.538041
2018-12-13 05:15:00,3.67,3.475006
2018-12-13 05:30:00,3.42,3.5127149
2018-12-13 05:45:00,3.89,3.5556948
2018-12-13 06:00:00,4.32,3.625372
2018-12-13 06:15:00,3.46,3.5227056
2018-12-13 06:30:00,3.38,3.451254
2018-12-13 06:45:00,3.38,3.4180238
2018-12-13 07:00:00,3.42,3.4856098
2018-12-13 07:15:00,3.42,3.6423254
2018-12-13 07:30:00,3.71,3.9854681
2018-12-13 07:45:00,5.69,5.485468
2018-12-13 08:00:00,6.23,6.2127047
2018-12-13 08:15:00,35.57,35.628967
2018-12-13 08:30:00,72.86,69.31305
2018-12-13 08:45:00,61.74,71.62486
2018-12-13 09:00:00,76.36,73.455345
2018-12-13 09:15:00,63.11,72.31765
2018-12-13 09:30:00,65.66,73.21331
2018-12-13 09:45:00,72.07,71.546715
2018-12-13 10:00:00,56.84,72.51793
2018-12-13 10:15:00,69.3,70.81001
2018-12-13 10:30:00,65.66,72.35166
2018-12-13 10:45:00,85.43,72.64155
2018-12-13 11:00:00,53.17,70.361374
2018-12-13 11:15:00,55.4,70.50775
2018-12-13 11:30:00,60.08,69.830666
2018-12-13 11:45:00,58.0,75.248924
2018-12-13 12:00:00,51.3,59.904167
2018-12-13 12:15:00,11.38,15.712328
2018-12-13 12:30:00,10.91,8.813087
2018-12-13 12:45:00,30.1,8.518805
2018-12-13 13:00:00,36.4,9.014254
2018-12-13 13:15:00,41.69,51.486893
2018-12-13 13:30:00,56.92,65.77646
2018-12-13 13:45:00,46.66,70.6197
2018-12-13 14:00:00,52.52,67.641014
2018-12-13 14:15:00,58.25,71.2612
2018-12-13 14:30:00,72.61,68.832054
2018-12-13 14:45:00,66.24,68.0666
2018-12-13 15:00:00,73.08,69.132416
2018-12-13 15:15:00,60.52,65.34938
2018-12-13 15:30:00,59.87,66.16444
2018-12-13 15:45:00,63.5,65.37938
2018-12-13 16:00:00,60.52,68.46449
2018-12-13 16:15:00,88.92,67.00771
2018-12-13 16:30:00,105.37,65.47622
2018-12-13 16:45:00,102.89,66.92591
2018-12-13 17:00:00,77.83,67.88983
2018-12-13 17:15:00,67.18,65.47822
2018-12-13 17:30:00,70.13,64.83482
2018-12-13 17:45:00,31.72,32.512676
2018-12-13 18:00:00,31.5,29.539381
2018-12-13 18:15:00,54.79,43.603462
2018-12-13 18:30:00,77.04,52.09422
2018-12-13 18:45:00,79.63,55.454845
2018-12-13 19:00:00,80.46,54.68718
2018-12-13 19:15:00,71.89,55.521114
2018-12-13 19:30:00,78.52,57.101395
2018-12-13 19:45:00,52.31,53.9808
2018-12-13 20:00:00,61.16,57.582302
2018-12-13 20:15:00,61.6,59.823032
2018-12-13 20:30:00,49.68,56.73105
2018-12-13 20:45:00,41.54,47.663322
2018-12-13 21:00:00,20.16,34.704483
2018-12-13 21:15:00,6.16,8.230759
2018-12-13 21:30:00,5.69,5.641055
2018-12-13 21:45:00,5.69,5.3939753
2018-12-13 22:00:00,5.65,5.360386
2018-12-13 22:15:00,5.47,4.9717975
2018-12-13 22:30:00,5.4,4.765668
2018-12-13 22:45:00,5.36,4.7049937
2018-12-13 23:00:00,5.36,4.7002506
2018-12-13 23:15:00,5.26,4.3931365
2018-12-13 23:30:00,5.22,4.5592103
2018-12-13 23:45:00,5.18,4.4698205
2018-12-14 00:00:00,4.1,4.784768
2018-12-14 00:15:00,5.33,4.3594127
2018-12-14 00:30:00,5.29,4.576546
2018-12-14 00:45:00,5.26,4.612052
2018-12-14 01:00:00,5.29,4.3975825
2018-12-14 01:15:00,5.26,4.450675
2018-12-14 01:30:00,5.36,4.4678383
2018-12-14 01:45:00,5.33,4.4272976
2018-12-14 02:00:00,4.79,4.5446544
2018-12-14 02:15:00,4.14,4.4869018
2018-12-14 02:30:00,4.18,4.564047
2018-12-14 02:45:00,4.21,4.5263453
2018-12-14 03:00:00,4.18,4.420431
2018-12-14 03:15:00,4.25,4.2904315
2018-12-14 03:30:00,4.18,4.2680097
2018-12-14 03:45:00,4.14,4.2140107
2018-12-14 04:00:00,4.28,3.9077098
2018-12-14 04:15:00,4.18,3.8406448
2018-12-14 04:30:00,4.18,3.6980922
2018-12-14 04:45:00,4.1,3.6607904
2018-12-14 05:00:00,4.46,3.6265476
2018-12-14 05:15:00,5.4,3.49197
2018-12-14 05:30:00,4.5,3.4320285
2018-12-14 05:45:00,4.18,3.7883146
2018-12-14 06:00:00,4.14,3.4925807
2018-12-14 06:15:00,4.14,3.395427
2018-12-14 06:30:00,3.49,3.3550317
2018-12-14 06:45:00,3.42,3.397714
2018-12-14 07:00:00,3.35,3.4976556
2018-12-14 07:15:00,3.35,3.483918
2018-12-14 07:30:00,4.25,3.7886074
2018-12-14 07:45:00,6.52,5.078226
2018-12-14 08:00:00,7.38,5.438941
2018-12-14 08:15:00,36.22,36.475815
2018-12-14 08:30:00,94.18,67.49813
2018-12-14 08:45:00,97.88,69.572044
2018-12-14 09:00:00,134.5,69.860664
2018-12-14 09:15:00,93.67,69.60581
2018-12-14 09:30:00,109.26,70.04995
2018-12-14 09:45:00,128.34,71.369774
2018-12-14 10:00:00,81.47,70.04035
2018-12-14 10:15:00,109.69,67.003365
2018-12-14 10:30:00,120.67,68.71355
2018-12-14 10:45:00,92.81,70.948555
2018-12-14 11:00:00,91.58,69.85446
2018-12-14 11:15:00,104.9,65.303406
2018-12-14 11:30:00,124.2,66.44557
2018-12-14 11:45:00,88.85,67.970406
2018-12-14 12:00:00,132.01,53.185635
2018-12-14 12:15:00,13.61,8.600315
2018-12-14 12:30:00,9.86,7.626219
2018-12-14 12:45:00,9.61,13.499331
2018-12-14 13:00:00,9.43,26.408167
2018-12-14 13:15:00,86.98,47.46007
2018-12-14 13:30:00,74.66,63.525993
2018-12-14 13:45:00,116.42,64.78612
2018-12-14 14:00:00,107.57,62.857056
2018-12-14 14:15:00,103.82,61.21916
2018-12-14 14:30:00,114.73,66.63943
2018-12-14 14:45:00,84.74,69.71243
2018-12-14 15:00:00,109.4,67.45494
2018-12-14 15:15:00,125.21,65.28303
2018-12-14 15:30:00,89.35,64.99933
2018-12-14 15:45:00,122.26,65.5009
2018-12-14 16:00:00,114.66,63.907677
2018-12-14 16:15:00,96.8,67.70151
2018-12-14 16:30:00,118.12,64.70063
2018-12-14 16:45:00,133.2,64.89529
2018-12-14 17:00:00,102.64,63.848537
2018-12-14 17:15:00,63.94,64.42234
2018-12-14 17:30:00,62.64,62.792442
2018-12-14 17:45:00,37.94,30.821558
2018-12-14 18:00:00,32.62,29.398638
2018-12-14 18:15:00,29.63,41.49458
2018-12-14 18:30:00,26.57,50.123047
2018-12-14 18:45:00,26.35,60.52095
2018-12-14 19:00:00,26.32,59.64365
2018-12-14 19:15:00,26.39,57.99264
2018-12-14 19:30:00,26.64,58.051853
2018-12-14 19:45:00,28.44,57.353622
2018-12-14 20:00:00,30.46,54.449512
2018-12-14 20:15:00,29.88,57.72897
2018-12-14 20:30:00,30.06,53.31608
2018-12-14 20:45:00,31.93,47.522926
2018-12-14 21:00:00,28.66,33.46549
2018-12-14 21:15:00,5.76,5.997213
2018-12-14 21:30:00,5.8,5.2778025
2018-12-14 21:45:00,5.72,5.3940043
2018-12-14 22:00:00,5.69,5.2747154
2018-12-14 22:15:00,5.4,5.1353626
2018-12-14 22:30:00,5.33,5.0013137
2018-12-14 22:45:00,5.33,5.0690837
2018-12-14 23:00:00,5.33,4.9924297
2018-12-14 23:15:00,4.86,4.917001
2018-12-14 23:30:00,4.03,4.888972
2018-12-14 23:45:00,4.03,4.8822327
2018-12-15 00:00:00,3.28,4.054055
2018-12-15 00:15:00,4.14,4.157789
2018-12-15 00:30:00,4.1,4.094794
2018-12-15 00:45:00,4.07,4.157314
2018-12-15 01:00:00,4.14,4.2239614
2018-12-15 01:15:00,4.14,4.2070966
2018-12-15 01:30:00,4.14,4.271506
2018-12-15 01:45:00,4.14,4.261158
2018-12-15 02:00:00,4.1,4.120344
2018-12-15 02:15:00,4.1,4.0868435
2018-12-15 02:30:00,4.21,4.072548
2018-12-15 02:45:00,4.1,4.0653462
2018-12-15 03:00:00,4.18,4.0626445
2018-12-15 03:15:00,4.82,4.0013084
2018-12-15 03:30:00,5.26,3.8470292
2018-12-15 03:45:00,4.18,3.57815
2018-12-15 04:00:00,4.14,3.468329
2018-12-15 04:15:00,4.14,3.5271442
2018-12-15 04:30:00,3.82,3.4790509
2018-12-15 04:45:00,3.46,3.5376475
2018-12-15 05:00:00,3.49,3.6213036
2018-12-15 05:15:00,3.42,3.8723392
2018-12-15 05:30:00,3.42,3.7424538
2018-12-15 05:45:00,3.42,3.5489416
2018-12-15 06:00:00,3.38,3.6897082
2018-12-15 06:15:00,3.46,3.9394267
2018-12-15 06:30:00,3.42,3.5696976
2018-12-15 06:45:00,3.49,3.6078312
2018-12-15 07:00:00,4.57,3.5357516
2018-12-15 07:15:00,4.43,3.4741445
2018-12-15 07:30:00,4.1,3.4146252
2018-12-15 07:45:00,4.07,4.2071795
2018-12-15 08:00:00,3.64,4.5696373
2018-12-15 08:15:00,3.35,26.555738
2018-12-15 08:30:00,3.35,54.07175
2018-12-15 08:45:00,3.38,50.352783
2018-12-15 09:00:00,3.49,79.31486
2018-12-15 09:15:00,3.56,71.33689
2018-12-15 09:30:00,3.38,57.844208
2018-12-15 09:45:00,3.42,44.00866
2018-12-15 10:00:00,3.35,49.39183
2018-12-15 10:15:00,3.35,44.681686
2018-12-15 10:30:00,3.35,41.928513
2018-12-15 10:45:00,4.97,66.5324
2018-12-15 11:00:00,5.36,67.01739
2018-12-15 11:15:00,4.28,42.298344
2018-12-15 11:30:00,4.18,59.56915
2018-12-15 11:45:00,3.35,43.710014
2018-12-15 12:00:00,3.38,34.30317
2018-12-15 12:15:00,3.42,6.4477806
2018-12-15 12:30:00,3.42,5.5630245
2018-12-15 12:45:00,3.42,5.4497967
2018-12-15 13:00:00,3.38,6.264928
2018-12-15 13:15:00,3.31,39.729614
2018-12-15 13:30:00,3.35,70.81987
2018-12-15 13:45:00,3.38,54.158398
2018-12-15 14:00:00,3.31,65.76672
2018-12-15 14:15:00,3.82,46.474148
2018-12-15 14:30:00,4.1,63.598103
2018-12-15 14:45:00,4.07,50.48362
2018-12-15 15:00:00,4.21,49.73293
2018-12-15 15:15:00,3.74,59.957993
2018-12-15 15:30:00,3.74,68.422386
2018-12-15 15:45:00,3.96,64.64848
2018-12-15 16:00:00,3.28,66.368065
2018-12-15 16:15:00,3.35,68.19808
2018-12-15 16:30:00,3.28,64.04046
2018-12-15 16:45:00,3.24,45.843945
2018-12-15 17:00:00,3.28,31.108637
2018-12-15 17:15:00,3.28,7.5688295
2018-12-15 17:30:00,3.35,6.9373827
2018-12-15 17:45:00,4.18,6.1575527
2018-12-15 18:00:00,4.1,5.499628
2018-12-15 18:15:00,4.1,5.3108563
2018-12-15 18:30:00,4.1,5.3548727
2018-12-15 18:45:00,4.03,5.234136
2018-12-15 19:00:00,4.28,5.3797107
2018-12-15 19:15:00,3.49,5.490449
2018-12-15 19:30:00,3.38,5.6449146
2018-12-15 19:45:00,3.35,5.160834
2018-12-15 20:00:00,3.38,5.084366
2018-12-15 20:15:00,3.46,5.16699
2018-12-15 20:30:00,3.42,5.036302
2018-12-15 20:45:00,3.35,4.925633
2018-12-15 21:00:00,3.38,4.964303
2018-12-15 21:15:00,3.96,4.6818075
2018-12-15 21:30:00,4.28,4.624645
2018-12-15 21:45:00,4.25,4.6018004
2018-12-15 22:00:00,4.18,4.7345333
2018-12-15 22:15:00,3.74,4.5785656
2018-12-15 22:30:00,3.31,4.3344517
2018-12-15 22:45:00,4.07,4.4413753
2018-12-15 23:00:00,3.56,4.2980375
2018-12-15 23:15:00,3.17,4.0769362
2018-12-15 23:30:00,3.24,3.986889
2018-12-15 23:45:00,3.2,3.9944882
2018-12-16 00:00:00,4.21,3.3161664
2018-12-16 00:15:00,3.24,3.8547184
2018-12-16 00:30:00,3.28,3.8631055
2018-12-16 00:45:00,3.28,3.9107716
2018-12-16 01:00:00,3.85,3.938447
2018-12-16 01:15:00,4.18,3.9278731
2018-12-16 01:30:00,4.07,3.928076
2018-12-16 01:45:00,4.07,3.947843
2018-12-16 02:00:00,3.92,3.9294035
2018-12-16 02:15:00,3.28,3.36536
2018-12-16 02:30:00,3.42,3.3718996
2018-12-16 02:45:00,3.53,3.399494
2018-12-16 03:00:00,4.14,3.7870693
2018-12-16 03:15:00,3.56,3.3240633
2018-12-16 03:30:00,3.35,3.3668814
2018-12-16 03:45:00,3.38,3.3970194
2018-12-16 04:00:00,3.42,3.3909914
2018-12-16 04:15:00,3.42,3.385123
2018-12-16 04:30:00,3.42,3.3284273
2018-12-16 04:45:00,3.38,3.4487922
2018-12-16 05:00:00,4.07,3.4320087
2018-12-16 05:15:00,4.14,3.398323
2018-12-16 05:30:00,4.07,3.4128752
2018-12-16 05:45:00,4.07,3.271657
2018-12-16 06:00:00,3.53,3.497353
2018-12-16 06:15:00,3.31,3.3520522
2018-12-16 06:30:00,3.35,3.2531488
2018-12-16 06:45:00,3.64,3.2134018
2018-12-16 07:00:00,4.07,3.2348008
2018-12-16 07:15:00,3.38,3.235218
2018-12-16 07:30:00,3.28,3.353042
2018-12-16 07:45:00,3.89,3.564041
2018-12-16 08:00:00,3.96,3.6035762
2018-12-16 08:15:00,39.35,3.7007186
2018-12-16 08:30:00,63.54,4.30844
2018-12-16 08:45:00,65.02,4.408004
2018-12-16 09:00:00,63.79,4.8523045
2018-12-16 09:15:00,61.7,4.151393
2018-12-16 09:30:00,64.8,4.9471517
2018-12-16 09:45:00,51.16,5.7156477
2018-12-16 10:00:00,55.01,4.274119
2018-12-16 10:15:00,61.81,4.4567394
2018-12-16 10:30:00,72.18,6.058719
2018-12-16 10:45:00,54.86,8.039898
2018-12-16 11:00:00,66.78,9.046111
2018-12-16 11:15:00,69.95,7.2520638
2018-12-16 11:30:00,53.35,6.501067
2018-12-16 11:45:00,55.51,4.7867746
2018-12-16 12:00:00,11.81,4.544073
2018-12-16 12:15:00,5.65,3.597814
2018-12-16 12:30:00,5.54,3.6208766
2018-12-16 12:45:00,5.44,3.629847
2018-12-16 13:00:00,5.33,3.731651
2018-12-16 13:15:00,36.47,4.731338
2018-12-16 13:30:00,63.72,4.6982965
2018-12-16 13:45:00,64.8,6.1420975
2018-12-16 14:00:00,61.85,5.0930147
2018-12-16 14:15:00,57.89,5.282962
2018-12-16 14:30:00,54.36,7.17713
2018-12-16 14:45:00,47.38,8.558856
2018-12-16 15:00:00,43.49,8.798809
2018-12-16 15:15:00,45.4,6.2919807
2018-12-16 15:30:00,60.55,6.0516386
2018-12-16 15:45:00,48.42,5.7453604
2018-12-16 16:00:00,63.22,4.634095
2018-12-16 16:15:00,62.64,3.8812752
2018-12-16 16:30:00,66.02,4.3252068
2018-12-16 16:45:00,35.42,4.498347
2018-12-16 17:00:00,9.11,4.709567
2018-12-16 17:15:00,8.06,3.742546
2018-12-16 17:30:00,7.74,3.6087887
2018-12-16 17:45:00,7.85,4.1107287
2018-12-16 18:00:00,6.73,4.176859
2018-12-16 18:15:00,5.22,6.163148
2018-12-16 18:30:00,5.69,9.396334
2018-12-16 18:45:00,5.72,6.1501403
2018-12-16 19:00:00,5.69,8.951027
2018-12-16 19:15:00,5.72,4.427967
2018-12-16 19:30:00,5.44,3.7990441
2018-12-16 19:45:00,4.46,3.6098514
2018-12-16 20:00:00,4.5,3.7598944
2018-12-16 20:15:00,4.46,4.399658
2018-12-16 20:30:00,4.5,4.3646154
2018-12-16 20:45:00,4.54,4.1022553
2018-12-16 21:00:00,4.46,3.9546478
2018-12-16 21:15:00,4.5,4.13566
2018-12-16 21:30:00,4.5,4.218586
2018-12-16 21:45:00,4.57,4.35397
2018-12-16 22:00:00,4.57,4.160546
2018-12-16 22:15:00,4.25,3.6606624
2018-12-16 22:30:00,4.25,3.3468933
2018-12-16 22:45:00,4.18,3.9081528
2018-12-16 23:00:00,5.44,3.8117805
2018-12-16 23:15:00,4.82,3.4710433
2018-12-16 23:30:00,4.14,3.4943528
2018-12-16 23:45:00,4.18,3.4734008
2018-12-17 00:00:00,4.57,5.2995872
2018-12-17 00:15:00,4.25,3.632672
2018-12-17 00:30:00,4.18,3.6479945
2018-12-17 00:45:00,4.21,3.7810054
2018-12-17 01:00:00,4.21,3.912387
2018-12-17 01:15:00,4.21,3.7139244
2018-12-17 01:30:00,4.36,3.6270814
2018-12-17 01:45:00,4.28,3.6188161
2018-12-17 02:00:00,4.28,3.5538483
2018-12-17 02:15:00,4.28,3.634871
2018-12-17 02:30:00,3.71,3.7791286
2018-12-17 02:45:00,4.32,3.7499816
2018-12-17 03:00:00,3.82,3.7110906
2018-12-17 03:15:00,3.53,3.6805227
2018-12-17 03:30:00,3.53,3.5502675
2018-12-17 03:45:00,3.53,3.5322816
2018-12-17 04:00:00,3.6,3.4654152
2018-12-17 04:15:00,3.53,3.44843
2018-12-17 04:30:00,3.53,3.333387
2018-12-17 04:45:00,4.1,3.4397862
2018-12-17 05:00:00,4.25,3.4629295
2018-12-17 05:15:00,4.28,3.3925145
2018-12-17 05:30:00,4.25,3.2782297
2018-12-17 05:45:00,3.64,3.5970466
2018-12-17 06:00:00,3.49,3.6329737
2018-12-17 06:15:00,3.46,3.605873
2018-12-17 06:30:00,4.32,3.4847493
2018-12-17 06:45:00,3.6,3.2998977
2018-12-17 07:00:00,3.42,3.205868
2018-12-17 07:15:00,3.49,3.3491943
2018-12-17 07:30:00,4.36,4.2038307
2018-12-17 07:45:00,6.19,4.848143
2018-12-17 08:00:00,6.3,6.493369
2018-12-17 08:15:00,6.48,39.267124
2018-12-17 08:30:00,53.35,69.88417
2018-12-17 08:45:00,46.94,71.04006
2018-12-17 09:00:00,52.06,72.262726
2018-12-17 09:15:00,54.83,74.29094
2018-12-17 09:30:00,56.12,74.68979
2018-12-17 09:45:00,58.0,75.23347
2018-12-17 10:00:00,50.08,72.36945
2018-12-17 10:15:00,46.04,70.213715
2018-12-17 10:30:00,49.54,77.93179
2018-12-17 10:45:00,54.14,66.64739
2018-12-17 11:00:00,53.78,67.72505
2018-12-17 11:15:00,52.67,70.29302
2018-12-17 11:30:00,55.84,68.7031
2018-12-17 11:45:00,49.64,74.95293
2018-12-17 12:00:00,54.5,64.83914
2018-12-17 12:15:00,11.12,13.95908
2018-12-17 12:30:00,7.06,10.268191
2018-12-17 12:45:00,7.13,12.936832
2018-12-17 13:00:00,8.21,21.460287
2018-12-17 13:15:00,33.26,55.758007
2018-12-17 13:30:00,56.99,71.92224
2018-12-17 13:45:00,56.59,70.49877
2018-12-17 14:00:00,55.08,67.20547
2018-12-17 14:15:00,51.05,64.84767
2018-12-17 14:30:00,47.95,63.67251
2018-12-17 14:45:00,57.82,62.020397
2018-12-17 15:00:00,59.11,61.9946
2018-12-17 15:15:00,60.62,62.55505
2018-12-17 15:30:00,53.6,59.056355
2018-12-17 15:45:00,60.44,60.764668
2018-12-17 16:00:00,67.5,64.33501
2018-12-17 16:15:00,85.86,64.86856
2018-12-17 16:30:00,82.33,68.41274
2018-12-17 16:45:00,59.8,65.512596
2018-12-17 17:00:00,60.37,64.086494
2018-12-17 17:15:00,56.38,66.07922
2018-12-17 17:30:00,52.99,60.945896
2018-12-17 17:45:00,35.35,30.696148
2018-12-17 18:00:00,31.32,28.372393
2018-12-17 18:15:00,16.09,36.6636
2018-12-17 18:30:00,6.37,47.247932
2018-12-17 18:45:00,5.8,46.858353
2018-12-17 19:00:00,5.54,47.31721
2018-12-17 19:15:00,5.54,48.95799
2018-12-17 19:30:00,5.62,48.478542
2018-12-17 19:45:00,5.54,46.126675
2018-12-17 20:00:00,5.62,45.860992
2018-12-17 20:15:00,5.54,46.23089
2018-12-17 20:30:00,4.75,46.866886
2018-12-17 20:45:00,4.46,42.443752
2018-12-17 21:00:00,4.46,31.843693
2018-12-17 21:15:00,4.43,6.4923143
2018-12-17 21:30:00,4.43,4.873933
2018-12-17 21:45:00,4.46,4.636841
2018-12-17 22:00:00,4.46,4.5668406
2018-12-17 22:15:00,4.14,4.6071916
2018-12-17 22:30:00,4.18,4.330926
2018-12-17 22:45:00,4.21,4.273288
2018-12-17 23:00:00,4.18,4.3850694
2018-12-17 23:15:00,4.14,4.504616
2018-12-17 23:30:00,4.07,4.2888427
2018-12-17 23:45:00,4.07,4.309494
2018-12-18 00:00:00,4.14,4.553762
2018-12-18 00:15:00,5.22,4.525777
2018-12-18 00:30:00,4.68,4.368407
2018-12-18 00:45:00,4.14,4.354015
2018-12-18 01:00:00,4.1,4.3144975
2018-12-18 01:15:00,4.18,4.286813
2018-12-18 01:30:00,4.07,4.300709
2018-12-18 01:45:00,4.18,4.297615
2018-12-18 02:00:00,4.1,4.2923923
2018-12-18 02:15:00,4.18,4.2948756
2018-12-18 02:30:00,4.14,4.22177
2018-12-18 02:45:00,4.21,4.33496
2018-12-18 03:00:00,4.18,4.1261635
2018-12-18 03:15:00,3.6,3.848564
2018-12-18 03:30:00,3.42,3.840016
2018-12-18 03:45:00,3.42,3.8273363
2018-12-18 04:00:00,3.38,3.8547645
2018-12-18 04:15:00,3.42,3.8478212
2018-12-18 04:30:00,3.71,3.5024688
2018-12-18 04:45:00,4.18,3.756391
2018-12-18 05:00:00,3.53,3.832336
2018-12-18 05:15:00,3.46,3.8222506
2018-12-18 05:30:00,3.38,4.1170993
2018-12-18 05:45:00,4.03,3.9026253
2018-12-18 06:00:00,4.14,3.7856288
2018-12-18 06:15:00,3.6,3.558621
2018-12-18 06:30:00,3.38,3.5774324
2018-12-18 06:45:00,3.35,3.477282
2018-12-18 07:00:00,3.31,3.5559754
2018-12-18 07:15:00,3.28,3.7038465
2018-12-18 07:30:00,3.42,4.2637925
2018-12-18 07:45:00,5.58,5.4459605
2018-12-18 08:00:00,7.27,6.1589446
2018-12-18 08:15:00,38.38,31.745832
2018-12-18 08:30:00,72.86,61.269405
2018-12-18 08:45:00,66.42,62.83412
2018-12-18 09:00:00,81.4,64.76033
2018-12-18 09:15:00,66.28,63.020653
2018-12-18 09:30:00,78.3,63.51711
2018-12-18 09:45:00,77.72,65.56443
2018-12-18 10:00:00,74.59,64.75976
2018-12-18 10:15:00,63.04,61.412754
2018-12-18 10:30:00,58.68,63.46605
2018-12-18 10:45:00,62.96,59.37461
2018-12-18 11:00:00,68.36,61.753838
2018-12-18 11:15:00,60.05,60.125366
2018-12-18 11:30:00,58.82,62.176807
2018-12-18 11:45:00,64.73,59.97466
2018-12-18 12:00:00,67.54,56.130722
2018-12-18 12:15:00,8.14,9.969752
2018-12-18 12:30:00,8.64,7.7256513
2018-12-18 12:45:00,8.78,9.4086485
2018-12-18 13:00:00,9.4,13.265879
2018-12-18 13:15:00,52.45,46.69392
2018-12-18 13:30:00,67.46,62.063942
2018-12-18 13:45:00,62.53,62.36224
2018-12-18 14:00:00,62.46,61.513992
2018-12-18 14:15:00,67.18,61.60813
2018-12-18 14:30:00,113.51,61.932865
2018-12-18 14:45:00,99.5,60.287525
2018-12-18 15:00:00,68.0,61.879597
2018-12-18 15:15:00,120.82,62.249653
2018-12-18 15:30:00,79.45,61.28821
2018-12-18 15:45:00,117.68,62.524235
2018-12-18 16:00:00,114.08,66.27729
2018-12-18 16:15:00,106.27,64.531265
2018-12-18 16:30:00,93.28,66.274414
2018-12-18 16:45:00,127.58,65.213326
2018-12-18 17:00:00,94.61,65.49322
2018-12-18 17:15:00,101.02,67.41405
2018-12-18 17:30:00,112.14,62.02323
2018-12-18 17:45:00,68.08,35.399952
2018-12-18 18:00:00,15.95,30.56794
2018-12-18 18:15:00,7.16,39.350075
2018-12-18 18:30:00,5.58,49.54688
2018-12-18 18:45:00,5.65,48.182167
2018-12-18 19:00:00,5.0,50.17391
2018-12-18 19:15:00,4.5,48.595325
2018-12-18 19:30:00,4.39,49.226994
2018-12-18 19:45:00,4.43,49.266697
2018-12-18 20:00:00,4.39,48.970596
2018-12-18 20:15:00,4.43,49.461563
2018-12-18 20:30:00,4.36,48.3464
2018-12-18 20:45:00,4.39,41.145424
2018-12-18 21:00:00,4.43,31.95818
2018-12-18 21:15:00,4.39,10.212566
2018-12-18 21:30:00,4.46,5.875018
2018-12-18 21:45:00,4.39,5.7343416
2018-12-18 22:00:00,4.39,5.419582
2018-12-18 22:15:00,4.25,5.2356167
2018-12-18 22:30:00,5.18,4.885401
2018-12-18 22:45:00,5.15,4.739653
2018-12-18 23:00:00,4.14,4.489571
2018-12-18 23:15:00,4.14,4.4443564
2018-12-18 23:30:00,4.14,4.394389
2018-12-18 23:45:00,4.1,4.3918214
2018-12-19 00:00:00,3.92,4.8776083
2018-12-19 00:15:00,4.14,4.610234
2018-12-19 00:30:00,4.14,4.7371674
2018-12-19 00:45:00,4.14,4.6134205
2018-12-19 01:00:00,4.21,4.5823
2018-12-19 01:15:00,4.14,4.5758758
2018-12-19 01:30:00,4.14,4.4540772
2018-12-19 01:45:00,4.18,4.6264095
2018-12-19 02:00:00,4.18,4.484503
2018-12-19 02:15:00,4.93,4.457333
2018-12-19 02:30:00,5.26,4.573734
2018-12-19 02:45:00,4.14,4.532746
2018-12-19 03:00:00,4.14,4.55951
2018-12-19 03:15:00,4.1,4.121171
2018-12-19 03:30:00,4.25,3.8570888
2018-12-19 03:45:00,3.82,3.8092055
2018-12-19 04:00:00,3.49,3.7336185
2018-12-19 04:15:00,3.42,3.7072544
2018-12-19 04:30:00,3.42,3.6394
2018-12-19 04:45:00,3.49,3.7813861
2018-12-19 05:00:00,3.38,3.7106683
2018-12-19 05:15:00,3.42,3.4996338
2018-12-19 05:30:00,3.38,3.4356675
2018-12-19 05:45:00,3.42,3.9620826
2018-12-19 06:00:00,3.42,4.084829
2018-12-19 06:15:00,4.07,3.5332522
2018-12-19 06:30:00,4.18,3.3980389
2018-12-19 06:45:00,3.96,3.360914
2018-12-19 07:00:00,4.1,3.53323
2018-12-19 07:15:00,4.1,3.5499966
2018-12-19 07:30:00,4.07,4.0389166
2018-12-19 07:45:00,5.76,5.513732
2018-12-19 08:00:00,6.23,6.4923224
2018-12-19 08:15:00,36.14,41.079376
2018-12-19 08:30:00,70.81,70.70321
2018-12-19 08:45:00,59.54,70.243935
2018-12-19 09:00:00,63.86,74.095024
2018-12-19 09:15:00,77.4,74.706604
2018-12-19 09:30:00,65.23,75.597984
2018-12-19 09:45:00,69.3,76.16708
2018-12-19 10:00:00,61.13,76.77301
2018-12-19 10:15:00,61.16,74.15999
2018-12-19 10:30:00,70.42,72.26445
2018-12-19 10:45:00,63.68,70.34847
2018-12-19 11:00:00,83.09,73.84888
2018-12-19 11:15:00,140.8,71.7141
2018-12-19 11:30:00,110.88,70.83994
2018-12-19 11:45:00,115.13,70.47404
2018-12-19 12:00:00,101.99,67.47399
2018-12-19 12:15:00,12.13,9.239127
2018-12-19 12:30:00,6.66,8.093134
2018-12-19 12:45:00,6.8,7.865505
2018-12-19 13:00:00,6.98,12.605618
2018-12-19 13:15:00,62.42,53.71423
2018-12-19 13:30:00,116.46,68.362526
2018-12-19 13:45:00,89.86,67.11259
2018-12-19 14:00:00,98.03,69.32951
2018-12-19 14:15:00,149.18,70.46154
2018-12-19 14:30:00,116.64,72.952484
2018-12-19 14:45:00,105.48,70.361435
2018-12-19 15:00:00,145.22,69.88397
2018-12-19 15:15:00,101.38,73.04346
2018-12-19 15:30:00,130.46,71.62806
2018-12-19 15:45:00,115.24,73.19139
2018-12-19 16:00:00,125.21,70.22135
2018-12-19 16:15:00,133.56,68.95636
2018-12-19 16:30:00,81.65,66.45067
2018-12-19 16:45:00,62.68,66.17138
2018-12-19 17:00:00,125.5,68.47748
2018-12-19 17:15:00,68.0,73.00829
2018-12-19 17:30:00,40.5,70.429146
2018-12-19 17:45:00,31.68,42.124218
2018-12-19 18:00:00,26.82,29.795073
2018-12-19 18:15:00,5.98,39.847397
2018-12-19 18:30:00,5.47,36.41296
2018-12-19 18:45:00,5.54,37.81071
2018-12-19 19:00:00,5.44,41.139786
2018-12-19 19:15:00,5.47,41.85984
2018-12-19 19:30:00,5.47,43.85288
2018-12-19 19:45:00,5.4,42.17032
2018-12-19 20:00:00,5.33,44.971306
2018-12-19 20:15:00,5.36,45.130604
2018-12-19 20:30:00,5.33,48.36338
2018-12-19 20:45:00,5.44,42.110348
2018-12-19 21:00:00,5.4,29.698843
2018-12-19 21:15:00,5.4,7.199765
2018-12-19 21:30:00,5.04,5.6661835
2018-12-19 21:45:00,4.25,5.339367
2018-12-19 22:00:00,4.39,5.2173595
2018-12-19 22:15:00,4.03,4.975331
2018-12-19 22:30:00,4.03,5.2366447
2018-12-19 22:45:00,3.96,5.4021263
2018-12-19 23:00:00,4.07,5.015941
2018-12-19 23:15:00,4.03,5.068022
2018-12-19 23:30:00,3.92,4.6581473
2018-12-19 23:45:00,3.96,5.0641556
2018-12-20 00:00:00,3.89,5.403689
2018-12-20 00:15:00,4.03,4.3932233
2018-12-20 00:30:00,4.03,4.3908525
2018-12-20 00:45:00,4.0,4.4895597
2018-12-20 01:00:00,4.0,4.5656376
2018-12-20 01:15:00,4.0,4.5553718
2018-12-20 01:30:00,4.1,4.475713
2018-12-20 01:45:00,4.0,4.498533
2018-12-20 02:00:00,4.07,4.4778757
2018-12-20 02:15:00,4.43,4.5062323
2018-12-20 02:30:00,5.18,4.503924
2018-12-20 02:45:00,4.1,4.5681977
2018-12-20 03:00:00,4.0,4.6283255
2018-12-20 03:15:00,4.1,4.3689213
2018-12-20 03:30:00,4.03,4.3604846
2018-12-20 03:45:00,4.1,4.0693603
2018-12-20 04:00:00,3.31,3.7497113
2018-12-20 04:15:00,3.35,3.6725507
2018-12-20 04:30:00,3.46,3.6450663
2018-12-20 04:45:00,3.38,3.6807113
2018-12-20 05:00:00,3.35,3.6831765
2018-12-20 05:15:00,3.35,3.5413997
2018-12-20 05:30:00,3.38,3.5167816
2018-12-20 05:45:00,3.38,3.645728
2018-12-20 06:00:00,3.92,3.5400527
2018-12-20 06:15:00,3.67,3.5196862
2018-12-20 06:30:00,3.35,3.5667107
2018-12-20 06:45:00,4.0,3.557797
2018-12-20 07:00:00,4.03,3.552834
2018-12-20 07:15:00,3.96,3.5410676
2018-12-20 07:30:00,4.18,4.439656
2018-12-20 07:45:00,4.79,5.1904073
2018-12-20 08:00:00,5.87,5.8614225
2018-12-20 08:15:00,39.49,37.64387
2018-12-20 08:30:00,79.85,65.61013
2018-12-20 08:45:00,66.96,67.36982
2018-12-20 09:00:00,63.14,66.643486
2018-12-20 09:15:00,64.12,69.47796
2018-12-20 09:30:00,64.37,69.60215
2018-12-20 09:45:00,83.16,69.564896
2018-12-20 10:00:00,71.14,69.54873
2018-12-20 10:15:00,58.72,66.0498
2018-12-20 10:30:00,68.72,65.27525
2018-12-20 10:45:00,75.53,63.624508
2018-12-20 11:00:00,77.51,65.889084
2018-12-20 11:15:00,64.4,72.9174
2018-12-20 11:30:00,63.0,67.53938
2018-12-20 11:45:00,71.46,68.58955
2018-12-20 12:00:00,71.06,68.72859
2018-12-20 12:15:00,16.96,15.991252
2018-12-20 12:30:00,7.67,7.904736
2018-12-20 12:45:00,7.49,7.4093127
2018-12-20 13:00:00,6.66,7.356702
2018-12-20 13:15:00,42.7,54.9619
2018-12-20 13:30:00,63.07,66.01134
2018-12-20 13:45:00,71.5,67.31275
2018-12-20 14:00:00,76.9,68.235374
2018-12-20 14:15:00,63.5,68.89384
2018-12-20 14:30:00,78.41,71.24033
2018-12-20 14:45:00,73.4,72.55241
2018-12-20 15:00:00,64.44,71.01669
2018-12-20 15:15:00,60.26,70.47195
2018-12-20 15:30:00,58.9,67.64496
2018-12-20 15:45:00,60.59,69.433655
2018-12-20 16:00:00,56.92,70.59621
2018-12-20 16:15:00,60.08,72.28577
2018-12-20 16:30:00,58.68,71.227615
2018-12-20 16:45:00,57.56,74.12873
2018-12-20 17:00:00,46.51,68.10057
2018-12-20 17:15:00,58.07,72.686325
2018-12-20 17:30:00,41.22,68.5027
2018-12-20 17:45:00,41.51,35.36819
2018-12-20 18:00:00,24.8,34.37771
2018-12-20 18:15:00,5.44,38.129276
2018-12-20 18:30:00,5.18,45.7267
2018-12-20 18:45:00,5.29,46.626194
2018-12-20 19:00:00,5.29,48.83727
2018-12-20 19:15:00,5.29,50.579296
2018-12-20 19:30:00,4.18,51.951134
2018-12-20 19:45:00,4.07,38.461487
2018-12-20 20:00:00,4.1,46.54229
2018-12-20 20:15:00,4.07,46.45581
2018-12-20 20:30:00,4.18,37.58677
2018-12-20 20:45:00,4.1,25.031078
2018-12-20 21:00:00,4.1,15.574636
2018-12-20 21:15:00,4.14,5.800451
2018-12-20 21:30:00,4.14,5.190187
2018-12-20 21:45:00,4.21,4.817534
2018-12-20 22:00:00,4.18,4.784494
2018-12-20 22:15:00,3.85,4.5624127
2018-12-20 22:30:00,3.85,4.522807
2018-12-20 22:45:00,4.64,4.5083537
2018-12-20 23:00:00,5.04,4.409492
2018-12-20 23:15:00,4.07,4.37494
2018-12-20 23:30:00,3.82,4.2584534
2018-12-20 23:45:00,3.85,4.2723756
2018-12-21 00:00:00,3.92,4.352629
2018-12-21 00:15:00,3.89,4.20466
2018-12-21 00:30:00,3.85,4.1911488
2018-12-21 00:45:00,3.89,4.233617
2018-12-21 01:00:00,3.89,4.2683916
2018-12-21 01:15:00,3.96,4.2571645
2018-12-21 01:30:00,3.89,4.24692
2018-12-21 01:45:00,3.89,4.2682543
2018-12-21 02:00:00,3.89,4.337478
2018-12-21 02:15:00,3.92,4.3004823
2018-12-21 02:30:00,3.92,4.3552113
2018-12-21 02:45:00,3.92,4.3507576
2018-12-21 03:00:00,3.96,4.3783627
2018-12-21 03:15:00,4.79,4.27023
2018-12-21 03:30:00,4.5,4.2155786
2018-12-21 03:45:00,3.24,4.0479407
2018-12-21 04:00:00,3.28,3.6906126
2018-12-21 04:15:00,3.24,3.6788805
2018-12-21 04:30:00,3.24,3.6088657
2018-12-21 04:45:00,3.28,3.6625347
2018-12-21 05:00:00,3.28,3.5968995
2018-12-21 05:15:00,3.28,3.632112
2018-12-21 05:30:00,3.2,3.603053
2018-12-21 05:45:00,3.24,3.631334
2018-12-21 06:00:00,3.2,3.814372
2018-12-21 06:15:00,3.67,3.6301036
2018-12-21 06:30:00,3.96,3.4373844
2018-12-21 06:45:00,3.92,3.536361
2018-12-21 07:00:00,3.89,3.6419935
2018-12-21 07:15:00,3.67,3.50669
2018-12-21 07:30:00,3.17,4.404513
2018-12-21 07:45:00,5.44,5.0401864
2018-12-21 08:00:00,6.77,5.600864
2018-12-21 08:15:00,28.8,35.538223
2018-12-21 08:30:00,54.22,64.75318
2018-12-21 08:45:00,56.41,66.41929
2018-12-21 09:00:00,56.74,73.86974
2018-12-21 09:15:00,43.78,69.389
2018-12-21 09:30:00,47.52,72.80334
2018-12-21 09:45:00,56.2,71.87847
2018-12-21 10:00:00,51.59,71.83698
2018-12-21 10:15:00,66.64,69.935555
2018-12-21 10:30:00,53.14,69.6925
2018-12-21 10:45:00,58.54,69.593605
2018-12-21 11:00:00,73.12,67.97411
2018-12-21 11:15:00,67.79,69.31976
2018-12-21 11:30:00,65.59,69.644585
2018-12-21 11:45:00,57.85,67.7159
2018-12-21 12:00:00,58.9,63.66045
2018-12-21 12:15:00,7.42,14.104379
2018-12-21 12:30:00,8.35,7.343993
2018-12-21 12:45:00,7.67,7.141593
2018-12-21 13:00:00,7.2,6.9071965
2018-12-21 13:15:00,39.74,49.461113
2018-12-21 13:30:00,58.03,68.694046
2018-12-21 13:45:00,63.97,68.09426
2018-12-21 14:00:00,56.34,69.20259
2018-12-21 14:15:00,69.62,64.071106
2018-12-21 14:30:00,60.34,67.28378
2018-12-21 14:45:00,57.74,66.42594
2018-12-21 15:00:00,68.04,61.524654
2018-12-21 15:15:00,67.68,66.18304
2018-12-21 15:30:00,58.32,63.874897
2018-12-21 15:45:00,65.48,66.11064
2018-12-21 16:00:00,63.0,67.77154
2018-12-21 16:15:00,69.73,69.34618
2018-12-21 16:30:00,59.69,67.02603
2018-12-21 16:45:00,63.32,66.1577
2018-12-21 17:00:00,62.32,63.947422
2018-12-21 17:15:00,52.78,65.287155
2018-12-21 17:30:00,45.86,57.5742
2018-12-21 17:45:00,30.78,40.90599
2018-12-21 18:00:00,8.21,33.731705
2018-12-21 18:15:00,5.51,20.213903
2018-12-21 18:30:00,5.4,23.099087
2018-12-21 18:45:00,5.62,24.215618
2018-12-21 19:00:00,5.54,26.420542
2018-12-21 19:15:00,5.54,27.997166
2018-12-21 19:30:00,5.51,25.307451
2018-12-21 19:45:00,5.47,23.154118
2018-12-21 20:00:00,5.54,22.036636
2018-12-21 20:15:00,5.47,26.202105
2018-12-21 20:30:00,5.44,27.401129
2018-12-21 20:45:00,5.47,24.733746
2018-12-21 21:00:00,5.44,20.90919
2018-12-21 21:15:00,5.54,6.3506284
2018-12-21 21:30:00,5.4,5.593877
2018-12-21 21:45:00,5.44,5.46826
2018-12-21 22:00:00,5.44,5.0952086
2018-12-21 22:15:00,5.18,4.837152
2018-12-21 22:30:00,5.26,4.598138
2018-12-21 22:45:00,5.15,4.635544
2018-12-21 23:00:00,5.15,4.800013
2018-12-21 23:15:00,5.11,4.8121166
2018-12-21 23:30:00,4.57,4.9741416
2018-12-21 23:45:00,4.0,4.9647694
2018-12-22 00:00:00,3.31,3.4974077
2018-12-22 00:15:00,4.0,3.9251862
2018-12-22 00:30:00,4.0,3.9350204
2018-12-22 00:45:00,4.0,3.9518087
2018-12-22 01:00:00,4.1,3.9211657
2018-12-22 01:15:00,3.96,3.9579577
2018-12-22 01:30:00,4.03,3.9375558
2018-12-22 01:45:00,4.03,3.9918706
2018-12-22 02:00:00,3.96,3.9723234
2018-12-22 02:15:00,4.07,3.97715
2018-12-22 02:30:00,4.07,3.9805088
2018-12-22 02:45:00,3.67,3.969483
2018-12-22 03:00:00,3.31,3.971078
2018-12-22 03:15:00,3.82,4.0011525
2018-12-22 03:30:00,4.07,3.9940069
2018-12-22 03:45:00,3.42,3.6413996
2018-12-22 04:00:00,3.38,3.5905788
2018-12-22 04:15:00,3.31,3.4797132
2018-12-22 04:30:00,3.38,3.433739
2018-12-22 04:45:00,3.35,3.3923566
2018-12-22 05:00:00,3.38,3.399009
2018-12-22 05:15:00,3.42,3.4435403
2018-12-22 05:30:00,3.96,3.4499135
2018-12-22 05:45:00,4.07,3.4488647
2018-12-22 06:00:00,4.07,3.3848286
2018-12-22 06:15:00,4.0,3.3700345
2018-12-22 06:30:00,3.38,3.472935
2018-12-22 06:45:00,3.35,3.4256928
2018-12-22 07:00:00,3.35,3.927009
2018-12-22 07:15:00,3.31,3.6450825
2018-12-22 07:30:00,3.85,3.5039706
2018-12-22 07:45:00,4.03,3.7971232
2018-12-22 08:00:00,3.35,4.287525
2018-12-22 08:15:00,3.31,28.36996
2018-12-22 08:30:00,3.24,55.74084
2018-12-22 08:45:00,3.38,57.71699
2018-12-22 09:00:00,3.82,58.87761
2018-12-22 09:15:00,4.28,54.91509
2018-12-22 09:30:00,4.28,54.671215
2018-12-22 09:45:00,4.32,57.18797
2018-12-22 10:00:00,4.21,55.673717
2018-12-22 10:15:00,3.6,57.149914
2018-12-22 10:30:00,3.6,57.4876
2018-12-22 10:45:00,3.6,53.812294
2018-12-22 11:00:00,3.6,56.19742
2018-12-22 11:15:00,3.6,61.749172
2018-12-22 11:30:00,3.6,60.252934
2018-12-22 11:45:00,3.6,62.063652
2018-12-22 12:00:00,3.6,57.195118
2018-12-22 12:15:00,3.71,7.2123847
2018-12-22 12:30:00,4.39,5.1847305
2018-12-22 12:45:00,4.1,5.007807
2018-12-22 13:00:00,3.71,5.0874734
2018-12-22 13:15:00,4.28,39.08391
2018-12-22 13:30:00,4.25,59.5758
2018-12-22 13:45:00,4.25,54.248238
2018-12-22 14:00:00,4.21,56.11855
2018-12-22 14:15:00,3.67,64.109604
2018-12-22 14:30:00,3.46,53.624992
2018-12-22 14:45:00,3.49,53.032043
2018-12-22 15:00:00,3.53,56.33785
2018-12-22 15:15:00,3.56,55.847244
2018-12-22 15:30:00,3.53,53.022533
2018-12-22 15:45:00,3.56,52.635387
2018-12-22 16:00:00,3.56,51.210938
2018-12-22 16:15:00,3.49,55.003033
2018-12-22 16:30:00,3.53,51.499874
2018-12-22 16:45:00,3.56,49.734356
2018-12-22 17:00:00,4.68,37.80167
2018-12-22 17:15:00,5.44,9.599186
2018-12-22 17:30:00,4.46,7.8617415
2018-12-22 17:45:00,4.28,5.675985
2018-12-22 18:00:00,4.07,4.6224246
2018-12-22 18:15:00,3.6,4.2755394
2018-12-22 18:30:00,3.67,4.113422
2018-12-22 18:45:00,3.67,4.196656
2018-12-22 19:00:00,3.71,4.277721
2018-12-22 19:15:00,3.74,4.2154775
2018-12-22 19:30:00,3.71,4.241177
2018-12-22 19:45:00,3.74,3.926559
2018-12-22 20:00:00,3.67,4.0842276
2018-12-22 20:15:00,3.67,4.165436
2018-12-22 20:30:00,3.67,4.09983
2018-12-22 20:45:00,3.67,3.8145115
2018-12-22 21:00:00,4.18,3.8881083
2018-12-22 21:15:00,4.61,4.032911
2018-12-22 21:30:00,5.51,4.0774994
2018-12-22 21:45:00,4.43,4.0915217
2018-12-22 22:00:00,4.1,4.0809865
2018-12-22 22:15:00,3.46,3.8388295
2018-12-22 22:30:00,3.38,3.4298415
2018-12-22 22:45:00,3.42,3.7114253
2018-12-22 23:00:00,3.38,3.5042892
2018-12-22 23:15:00,3.35,3.2345116
2018-12-22 23:30:00,3.31,3.240204
2018-12-22 23:45:00,3.31,3.219425
2018-12-23 00:00:00,3.78,3.3372128
2018-12-23 00:15:00,3.31,3.1587436
2018-12-23 00:30:00,3.35,3.168476
2018-12-23 00:45:00,3.42,3.1656306
2018-12-23 01:00:00,4.93,3.28812
2018-12-23 01:15:00,4.93,3.3295407
2018-12-23 01:30:00,4.14,3.3151293
2018-12-23 01:45:00,4.07,3.3262851
2018-12-23 02:00:00,3.49,3.3084254
2018-12-23 02:15:00,3.46,3.1928978
2018-12-23 02:30:00,3.49,3.2506638
2018-12-23 02:45:00,3.42,3.2195172
2018-12-23 03:00:00,3.42,3.1094058
2018-12-23 03:15:00,3.46,3.116038
2018-12-23 03:30:00,3.42,3.1171196
2018-12-23 03:45:00,3.53,3.1475708
2018-12-23 04:00:00,3.46,3.1235337
2018-12-23 04:15:00,3.42,3.088257
2018-12-23 04:30:00,3.6,3.137906
2018-12-23 04:45:00,4.14,3.151404
2018-12-23 05:00:00,5.18,3.151943
2018-12-23 05:15:00,4.64,3.1623235
2018-12-23 05:30:00,4.1,3.1371315
2018-12-23 05:45:00,3.49,3.0976737
2018-12-23 06:00:00,3.38,3.1107976
2018-12-23 06:15:00,3.35,3.0775301
2018-12-23 06:30:00,3.46,3.0523844
2018-12-23 06:45:00,3.38,3.0137174
2018-12-23 07:00:00,3.38,3.0913727
2018-12-23 07:15:00,3.38,3.125063
2018-12-23 07:30:00,3.38,3.2212026
2018-12-23 07:45:00,3.42,3.8578439
2018-12-23 08:00:00,3.49,3.5059025
2018-12-23 08:15:00,4.07,3.2811506
2018-12-23 08:30:00,4.97,3.6210942
2018-12-23 08:45:00,4.82,3.7419848
2018-12-23 09:00:00,4.28,4.1423826
2018-12-23 09:15:00,3.92,4.1804724
2018-12-23 09:30:00,3.71,4.36644
2018-12-23 09:45:00,3.64,4.2878647
2018-12-23 10:00:00,3.64,4.3078537
2018-12-23 10:15:00,3.67,4.1666665
2018-12-23 10:30:00,3.71,4.1439753
2018-12-23 10:45:00,3.71,4.0419335
2018-12-23 11:00:00,3.74,3.954849
2018-12-23 11:15:00,3.78,3.8907104
2018-12-23 11:30:00,3.71,3.9444118
2018-12-23 11:45:00,3.74,4.0342784
2018-12-23 12:00:00,3.96,3.714789
2018-12-23 12:15:00,4.86,3.9730797
2018-12-23 12:30:00,5.54,4.126977
2018-12-23 12:45:00,4.54,4.1598973
2018-12-23 13:00:00,4.36,3.984712
2018-12-23 13:15:00,3.67,4.2677283
2018-12-23 13:30:00,3.67,4.647308
2018-12-23 13:45:00,3.67,4.7359962
2018-12-23 14:00:00,3.67,4.797985
2018-12-23 14:15:00,3.71,4.2815475
2018-12-23 14:30:00,3.67,3.9690435
2018-12-23 14:45:00,3.67,3.8769028
2018-12-23 15:00:00,3.67,3.859806
2018-12-23 15:15:00,3.64,3.8091488
2018-12-23 15:30:00,3.67,3.9067504
2018-12-23 15:45:00,3.74,3.8269901
2018-12-23 16:00:00,4.36,3.913662
2018-12-23 16:15:00,4.36,3.834985
2018-12-23 16:30:00,5.0,4.0917144
2018-12-23 16:45:00,5.33,3.8355215
2018-12-23 17:00:00,3.6,4.1175213
2018-12-23 17:15:00,3.56,6.333792
2018-12-23 17:30:00,3.6,5.7890644
2018-12-23 17:45:00,3.67,5.9147863
2018-12-23 18:00:00,3.49,5.724106
2018-12-23 18:15:00,3.49,5.36096
2018-12-23 18:30:00,3.49,4.1040845
2018-12-23 18:45:00,3.64,3.9533498
2018-12-23 19:00:00,3.64,3.9751678
2018-12-23 19:15:00,4.03,3.987146
2018-12-23 19:30:00,4.25,4.0586233
2018-12-23 19:45:00,4.28,3.8645232
2018-12-23 20:00:00,4.25,3.818661
2018-12-23 20:15:00,4.0,3.853743
2018-12-23 20:30:00,3.49,3.856618
2018-12-23 20:45:00,4.21,3.860339
2018-12-23 21:00:00,4.14,4.127965
2018-12-23 21:15:00,3.49,4.3362722
2018-12-23 21:30:00,3.42,4.716588
2018-12-23 21:45:00,3.46,4.561502
2018-12-23 22:00:00,3.53,4.3671904
2018-12-23 22:15:00,3.2,4.019912
2018-12-23 22:30:00,3.2,3.8343627
2018-12-23 22:45:00,3.2,3.7849712
2018-12-23 23:00:00,3.96,3.6213806
2018-12-23 23:15:00,4.0,3.5486014
2018-12-23 23:30:00,4.0,3.5793903
2018-12-23 23:45:00,4.0,3.5829344
2018-12-24 00:00:00,3.78,4.9338937
2018-12-24 00:15:00,3.35,4.083372
2018-12-24 00:30:00,3.38,3.959041
2018-12-24 00:45:00,3.38,3.9392276
2018-12-24 01:00:00,3.96,4.0724382
2018-12-24 01:15:00,3.89,4.2869096
2018-12-24 01:30:00,3.38,4.1318316
2018-12-24 01:45:00,3.35,4.1632853
2018-12-24 02:00:00,3.49,4.0670476
2018-12-24 02:15:00,3.38,4.0307236
2018-12-24 02:30:00,3.42,4.091538
2018-12-24 02:45:00,4.0,3.887304
2018-12-24 03:00:00,4.07,3.8729746
2018-12-24 03:15:00,4.14,3.7297442
2018-12-24 03:30:00,4.1,3.816741
2018-12-24 03:45:00,3.96,3.628726
2018-12-24 04:00:00,3.35,3.5779037
2018-12-24 04:15:00,3.38,3.5382411
2018-12-24 04:30:00,3.64,3.5309315
2018-12-24 04:45:00,4.07,3.8252325
2018-12-24 05:00:00,3.42,3.9786165
2018-12-24 05:15:00,3.31,3.9423134
2018-12-24 05:30:00,3.35,3.7028878
2018-12-24 05:45:00,3.35,3.7711613
2018-12-24 06:00:00,3.35,3.5778553
2018-12-24 06:15:00,3.38,3.4830358
2018-12-24 06:30:00,3.6,3.7353036
2018-12-24 06:45:00,4.03,3.653562
2018-12-24 07:00:00,4.0,3.594082
2018-12-24 07:15:00,3.96,3.6156774
2018-12-24 07:30:00,4.54,4.211564
2018-12-24 07:45:00,5.36,5.0722423
2018-12-24 08:00:00,6.52,5.4615088
2018-12-24 08:15:00,21.89,31.26335
2018-12-24 08:30:00,59.62,68.13295
2018-12-24 08:45:00,64.58,73.80929
2018-12-24 09:00:00,67.18,74.017296
2018-12-24 09:15:00,69.44,71.51608
2018-12-24 09:30:00,65.38,72.46162
2018-12-24 09:45:00,67.0,74.31587
2018-12-24 10:00:00,56.27,68.6824
2018-12-24 10:15:00,54.18,71.77411
2018-12-24 10:30:00,58.39,70.89278
2018-12-24 10:45:00,54.86,71.19109
2018-12-24 11:00:00,54.18,73.06721
2018-12-24 11:15:00,55.55,75.9573
2018-12-24 11:30:00,53.21,72.447845
2018-12-24 11:45:00,53.03,73.07975
2018-12-24 12:00:00,40.64,64.67949
2018-12-24 12:15:00,6.91,19.219465
2018-12-24 12:30:00,6.91,9.255759
2018-12-24 12:45:00,6.48,10.223127
2018-12-24 13:00:00,6.12,11.167904
2018-12-24 13:15:00,34.49,49.749027
2018-12-24 13:30:00,46.98,71.59488
2018-12-24 13:45:00,38.2,69.257324
2018-12-24 14:00:00,37.84,74.44694
2018-12-24 14:15:00,43.45,79.16673
2018-12-24 14:30:00,63.9,72.76535
2018-12-24 14:45:00,38.48,74.84117
2018-12-24 15:00:00,38.12,76.84527
2018-12-24 15:15:00,45.25,75.95371
2018-12-24 15:30:00,51.12,77.100174
2018-12-24 15:45:00,45.72,69.97054
2018-12-24 16:00:00,51.7,70.1868
2018-12-24 16:15:00,47.2,68.54036
2018-12-24 16:30:00,69.55,67.702126
2018-12-24 16:45:00,44.82,70.14882
2018-12-24 17:00:00,40.86,68.88235
2018-12-24 17:15:00,33.66,66.410934
2018-12-24 17:30:00,9.86,55.734486
2018-12-24 17:45:00,6.73,37.81996
2018-12-24 18:00:00,5.29,34.794594
2018-12-24 18:15:00,5.22,35.38456
2018-12-24 18:30:00,5.18,17.610329
2018-12-24 18:45:00,5.33,16.598593
2018-12-24 19:00:00,5.04,17.298193
2018-12-24 19:15:00,4.14,19.81354
2018-12-24 19:30:00,4.18,23.489296
2018-12-24 19:45:00,4.1,22.835283
2018-12-24 20:00:00,4.18,24.206573
2018-12-24 20:15:00,4.1,24.124714
2018-12-24 20:30:00,4.14,18.12537
2018-12-24 20:45:00,4.21,17.905867
2018-12-24 21:00:00,4.18,11.202181
2018-12-24 21:15:00,4.18,5.2633705
2018-12-24 21:30:00,4.14,4.7592063
2018-12-24 21:45:00,4.18,4.4120326
2018-12-24 22:00:00,5.4,4.3735023
2018-12-24 22:15:00,4.5,4.361802
2018-12-24 22:30:00,3.92,4.3154135
2018-12-24 22:45:00,3.89,4.256928
2018-12-24 23:00:00,3.85,4.2642374
2018-12-24 23:15:00,3.85,4.160263
2018-12-24 23:30:00,3.82,4.2990346
2018-12-24 23:45:00,3.85,4.2820196
2018-12-25 00:00:00,3.13,4.539432
2018-12-25 00:15:00,3.85,4.3804517
2018-12-25 00:30:00,3.92,4.3045263
2018-12-25 00:45:00,3.89,4.1451163
2018-12-25 01:00:00,3.85,4.137314
2018-12-25 01:15:00,3.56,4.096752
2018-12-25 01:30:00,3.2,4.0833545
2018-12-25 01:45:00,3.92,4.0963435
2018-12-25 02:00:00,3.64,4.1568403
2018-12-25 02:15:00,3.17,4.066123
2018-12-25 02:30:00,3.17,4.07609
2018-12-25 02:45:00,3.2,4.0911894
2018-12-25 03:00:00,3.24,4.078692
2018-12-25 03:15:00,3.2,4.1017776
2018-12-25 03:30:00,3.2,3.9130092
2018-12-25 03:45:00,3.28,3.8478003
2018-12-25 04:00:00,3.96,3.6320634
2018-12-25 04:15:00,3.96,3.5818057
2018-12-25 04:30:00,3.92,3.7235827
2018-12-25 04:45:00,3.89,3.884256
2018-12-25 05:00:00,3.35,3.8572118
2018-12-25 05:15:00,3.24,3.7258928
2018-12-25 05:30:00,3.35,3.6116736
2018-12-25 05:45:00,3.96,3.8256383
2018-12-25 06:00:00,3.71,3.780869
2018-12-25 06:15:00,3.17,3.6745305
2018-12-25 06:30:00,3.2,3.5369391
2018-12-25 06:45:00,3.2,3.5172753
2018-12-25 07:00:00,3.17,3.5790262
2018-12-25 07:15:00,3.24,3.626424
2018-12-25 07:30:00,3.85,3.9971638
2018-12-25 07:45:00,3.92,5.463816
2018-12-25 08:00:00,3.89,11.524238
2018-12-25 08:15:00,3.89,39.52048
2018-12-25 08:30:00,3.49,65.33163
2018-12-25 08:45:00,3.24,65.52706
2018-12-25 09:00:00,3.38,69.26032
2018-12-25 09:15:00,3.49,73.8647
2018-12-25 09:30:00,3.46,75.41572
2018-12-25 09:45:00,3.82,77.7669
2018-12-25 10:00:00,3.96,75.76512
2018-12-25 10:15:00,3.42,76.90697
2018-12-25 10:30:00,3.53,74.72221
2018-12-25 10:45:00,3.46,67.60901
2018-12-25 11:00:00,3.46,68.13705
2018-12-25 11:15:00,3.78,68.864174
2018-12-25 11:30:00,4.18,70.13899
2018-12-25 11:45:00,4.28,66.126076
2018-12-25 12:00:00,4.18,62.89011
2018-12-25 12:15:00,4.07,9.452848
2018-12-25 12:30:00,3.56,8.014
2018-12-25 12:45:00,3.53,7.8668823
2018-12-25 13:00:00,3.53,8.385952
2018-12-25 13:15:00,5.04,57.92166
2018-12-25 13:30:00,4.07,70.75787
2018-12-25 13:45:00,3.42,69.18007
2018-12-25 14:00:00,3.42,69.89652
2018-12-25 14:15:00,3.49,67.45167
2018-12-25 14:30:00,3.46,67.38413
2018-12-25 14:45:00,3.53,66.06415
2018-12-25 15:00:00,4.14,67.02903
2018-12-25 15:15:00,4.14,65.44817
2018-12-25 15:30:00,4.14,64.745316
2018-12-25 15:45:00,4.1,62.237762
2018-12-25 16:00:00,3.67,62.54627
2018-12-25 16:15:00,3.46,64.27813
2018-12-25 16:30:00,3.42,64.31306
2018-12-25 16:45:00,3.46,65.52247
2018-12-25 17:00:00,3.42,61.217285
2018-12-25 17:15:00,3.46,63.930443
2018-12-25 17:30:00,4.0,55.013195
2018-12-25 17:45:00,4.0,39.7494
2018-12-25 18:00:00,3.38,27.877306
2018-12-25 18:15:00,3.38,26.16096
2018-12-25 18:30:00,3.74,18.366922
2018-12-25 18:45:00,4.1,17.28908
2018-12-25 19:00:00,4.18,19.78426
2018-12-25 19:15:00,4.1,15.473665
2018-12-25 19:30:00,4.18,13.096181
2018-12-25 19:45:00,3.64,11.435633
2018-12-25 20:00:00,3.46,13.302595
2018-12-25 20:15:00,3.46,12.732231
2018-12-25 20:30:00,3.38,13.406228
2018-12-25 20:45:00,3.42,11.631342
2018-12-25 21:00:00,3.42,9.606043
2018-12-25 21:15:00,3.42,5.9214354
2018-12-25 21:30:00,4.03,5.0174065
2018-12-25 21:45:00,4.14,4.7758346
2018-12-25 22:00:00,3.49,5.1627154
2018-12-25 22:15:00,3.2,4.9789248
2018-12-25 22:30:00,3.85,4.695489
2018-12-25 22:45:00,3.89,4.6582136
2018-12-25 23:00:00,3.89,4.2628946
2018-12-25 23:15:00,3.85,4.1513705
2018-12-25 23:30:00,3.64,4.098901
2018-12-25 23:45:00,3.31,4.14635
2018-12-26 00:00:00,3.67,3.8682592
2018-12-26 00:15:00,3.24,3.7839298
2018-12-26 00:30:00,3.24,3.826741
2018-12-26 00:45:00,3.2,3.7459865
2018-12-26 01:00:00,3.31,3.923827
2018-12-26 01:15:00,3.24,3.744215
2018-12-26 01:30:00,3.28,3.7192452
2018-12-26 01:45:00,3.24,3.8043277
2018-12-26 02:00:00,3.24,3.6652062
2018-12-26 02:15:00,3.78,3.6500301
2018-12-26 02:30:00,3.96,3.616515
2018-12-26 02:45:00,4.97,3.622601
2018-12-26 03:00:00,4.36,3.4861698
2018-12-26 03:15:00,3.71,3.4316294
2018-12-26 03:30:00,3.28,3.4626663
2018-12-26 03:45:00,3.31,3.36102
2018-12-26 04:00:00,3.28,3.4919703
2018-12-26 04:15:00,3.28,3.447095
2018-12-26 04:30:00,3.2,3.5279758
2018-12-26 04:45:00,3.24,3.5624661
2018-12-26 05:00:00,3.28,3.3450851
2018-12-26 05:15:00,3.2,3.244913
2018-12-26 05:30:00,3.24,3.3117297
2018-12-26 05:45:00,3.2,3.320278
2018-12-26 06:00:00,4.79,3.3259733
2018-12-26 06:15:00,4.86,3.2797427
2018-12-26 06:30:00,3.92,3.231148
2018-12-26 06:45:00,3.82,3.355391
2018-12-26 07:00:00,3.35,3.3741672
2018-12-26 07:15:00,3.17,3.3187566
2018-12-26 07:30:00,3.42,3.6885931
2018-12-26 07:45:00,4.82,4.727198
2018-12-26 08:00:00,5.0,5.2257876
2018-12-26 08:15:00,34.52,33.618584
2018-12-26 08:30:00,48.06,72.35786
2018-12-26 08:45:00,78.23,76.97573
2018-12-26 09:00:00,51.08,75.67736
2018-12-26 09:15:00,70.99,71.49642
2018-12-26 09:30:00,65.74,73.83964
2018-12-26 09:45:00,52.96,76.019775
2018-12-26 10:00:00,55.44,71.08705
2018-12-26 10:15:00,52.06,72.31228
2018-12-26 10:30:00,57.64,71.007286
2018-12-26 10:45:00,62.21,72.06026
2018-12-26 11:00:00,45.58,77.12
2018-12-26 11:15:00,54.58,86.469925
2018-12-26 11:30:00,55.15,76.89284
2018-12-26 11:45:00,58.64,79.184326
2018-12-26 12:00:00,31.28,63.012203
2018-12-26 12:15:00,6.77,7.3088117
2018-12-26 12:30:00,7.09,5.8652964
2018-12-26 12:45:00,6.95,5.622792
2018-12-26 13:00:00,6.41,5.223749
2018-12-26 13:15:00,20.66,56.057606
2018-12-26 13:30:00,59.9,76.13276
2018-12-26 13:45:00,55.3,65.237
2018-12-26 14:00:00,51.41,66.03435
2018-12-26 14:15:00,57.02,78.01623
2018-12-26 14:30:00,43.06,77.60607
2018-12-26 14:45:00,41.4,69.27696
2018-12-26 15:00:00,52.92,73.419876
2018-12-26 15:15:00,53.42,71.60793
2018-12-26 15:30:00,40.68,79.2124
2018-12-26 15:45:00,40.64,71.19669
2018-12-26 16:00:00,41.47,83.316055
2018-12-26 16:15:00,56.2,82.48236
2018-12-26 16:30:00,59.04,82.09698
2018-12-26 16:45:00,54.68,72.36201
2018-12-26 17:00:00,57.67,72.338196
2018-12-26 17:15:00,54.79,62.33996
2018-12-26 17:30:00,34.42,50.563705
2018-12-26 17:45:00,9.5,41.19066
2018-12-26 18:00:00,5.22,20.501717
2018-12-26 18:15:00,5.04,11.604122
2018-12-26 18:30:00,5.04,8.507048
2018-12-26 18:45:00,5.08,12.312157
2018-12-26 19:00:00,5.08,21.561852
2018-12-26 19:15:00,4.68,17.512182
2018-12-26 19:30:00,3.92,16.663572
2018-12-26 19:45:00,3.89,14.093554
2018-12-26 20:00:00,3.85,14.234005
2018-12-26 20:15:00,3.89,8.00069
2018-12-26 20:30:00,3.89,7.886917
2018-12-26 20:45:00,3.96,6.9931927
2018-12-26 21:00:00,3.89,6.3234873
2018-12-26 21:15:00,3.96,4.870245
2018-12-26 21:30:00,4.0,4.612303
2018-12-26 21:45:00,3.96,4.748594
2018-12-26 22:00:00,4.07,4.697072
2018-12-26 22:15:00,4.0,4.466528
2018-12-26 22:30:00,4.9,4.3306937
2018-12-26 22:45:00,4.1,4.269121
2018-12-26 23:00:00,3.71,4.2764735
2018-12-26 23:15:00,3.74,4.414841
2018-12-26 23:30:00,3.64,4.7459035
2018-12-26 23:45:00,3.67,4.1942215
2018-12-27 00:00:00,3.74,4.1551986
2018-12-27 00:15:00,3.64,4.076984
2018-12-27 00:30:00,3.74,4.042545
2018-12-27 00:45:00,3.71,4.0321608
2018-12-27 01:00:00,3.71,3.908505
2018-12-27 01:15:00,3.67,3.8885682
2018-12-27 01:30:00,3.67,3.8647094
2018-12-27 01:45:00,3.78,3.8514273
2018-12-27 02:00:00,4.18,3.8062055
2018-12-27 02:15:00,4.86,3.859826
2018-12-27 02:30:00,4.21,3.8453019
2018-12-27 02:45:00,3.71,4.0069675
2018-12-27 03:00:00,3.78,3.9857519
2018-12-27 03:15:00,3.67,3.8434033
2018-12-27 03:30:00,3.71,3.7614188
2018-12-27 03:45:00,3.24,3.6027458
2018-12-27 04:00:00,3.02,3.438498
2018-12-27 04:15:00,2.99,3.35622
2018-12-27 04:30:00,2.99,3.4789035
2018-12-27 04:45:00,2.95,3.4979305
2018-12-27 05:00:00,2.95,3.4895475
2018-12-27 05:15:00,2.95,3.4531658
2018-12-27 05:30:00,2.95,3.4163988
2018-12-27 05:45:00,2.95,3.461875
2018-12-27 06:00:00,3.42,3.5370324
2018-12-27 06:15:00,3.74,3.5499132
2018-12-27 06:30:00,4.86,3.348508
2018-12-27 06:45:00,4.21,3.5972786
2018-12-27 07:00:00,3.6,3.641346
2018-12-27 07:15:00,2.88,3.498845
2018-12-27 07:30:00,3.2,3.8191965
2018-12-27 07:45:00,4.9,4.614734
2018-12-27 08:00:00,5.65,5.0236273
2018-12-27 08:15:00,32.0,39.48388
2018-12-27 08:30:00,52.63,68.99084
2018-12-27 08:45:00,73.66,83.11092
2018-12-27 09:00:00,63.47,78.967926
2018-12-27 09:15:00,56.77,81.829895
2018-12-27 09:30:00,53.93,84.847626
2018-12-27 09:45:00,59.4,80.39564
2018-12-27 10:00:00,76.03,79.028656
2018-12-27 10:15:00,47.81,76.21084
2018-12-27 10:30:00,45.83,77.586586
2018-12-27 10:45:00,52.63,72.512215
2018-12-27 11:00:00,68.69,70.802414
2018-12-27 11:15:00,51.16,71.591866
2018-12-27 11:30:00,51.52,69.389305
2018-12-27 11:45:00,54.83,68.46042
2018-12-27 12:00:00,59.62,54.16149
2018-12-27 12:15:00,13.54,9.887329
2018-12-27 12:30:00,6.62,9.280834
2018-12-27 12:45:00,6.59,8.910053
2018-12-27 13:00:00,17.82,8.321551
2018-12-27 13:15:00,40.57,47.302216
2018-12-27 13:30:00,43.7,65.436584
2018-12-27 13:45:00,46.84,68.360435
2018-12-27 14:00:00,53.32,64.96569
2018-12-27 14:15:00,55.01,74.24496
2018-12-27 14:30:00,61.74,65.26737
2018-12-27 14:45:00,54.14,63.570316
2018-12-27 15:00:00,53.5,56.363922
2018-12-27 15:15:00,44.75,60.11126
2018-12-27 15:30:00,42.95,55.011364
2018-12-27 15:45:00,60.84,56.873356
2018-12-27 16:00:00,63.04,61.034176
2018-12-27 16:15:00,59.58,67.550705
2018-12-27 16:30:00,63.22,69.82451
2018-12-27 16:45:00,45.79,69.24493
2018-12-27 17:00:00,41.58,66.74547
2018-12-27 17:15:00,54.58,69.36364
2018-12-27 17:30:00,36.72,44.24425
2018-12-27 17:45:00,29.38,31.643814
2018-12-27 18:00:00,28.48,24.583805
2018-12-27 18:15:00,48.56,18.15522
2018-12-27 18:30:00,53.82,20.242847
2018-12-27 18:45:00,53.5,23.601868
2018-12-27 19:00:00,53.14,25.12048
2018-12-27 19:15:00,51.01,19.42377
2018-12-27 19:30:00,47.99,20.636545
2018-12-27 19:45:00,49.18,20.702972
2018-12-27 20:00:00,50.33,21.31992
2018-12-27 20:15:00,50.04,20.726103
2018-12-27 20:30:00,40.93,23.143045
2018-12-27 20:45:00,14.51,19.26112
2018-12-27 21:00:00,8.35,14.019751
2018-12-27 21:15:00,5.26,6.4345407
2018-12-27 21:30:00,5.26,5.2648997
2018-12-27 21:45:00,5.26,4.834861
2018-12-27 22:00:00,4.5,4.584366
2018-12-27 22:15:00,3.89,4.287777
2018-12-27 22:30:00,3.85,4.3840504
2018-12-27 22:45:00,3.82,4.2508116
2018-12-27 23:00:00,3.82,4.135639
2018-12-27 23:15:00,3.82,4.0763416
2018-12-27 23:30:00,3.78,4.0237374
2018-12-27 23:45:00,3.74,3.850214
2018-12-28 00:00:00,4.82,3.9120057
2018-12-28 00:15:00,3.74,3.7783482
2018-12-28 00:30:00,3.78,3.74874
2018-12-28 00:45:00,3.85,3.752281
2018-12-28 01:00:00,4.14,3.720914
2018-12-28 01:15:00,4.9,3.671102
2018-12-28 01:30:00,4.14,3.6647575
2018-12-28 01:45:00,3.82,3.6673446
2018-12-28 02:00:00,3.85,3.7212481
2018-12-28 02:15:00,3.82,3.7432232
2018-12-28 02:30:00,3.82,3.8618703
2018-12-28 02:45:00,3.82,3.6804233
2018-12-28 03:00:00,3.82,3.6514792
2018-12-28 03:15:00,3.89,3.5267904
2018-12-28 03:30:00,3.89,3.4871652
2018-12-28 03:45:00,3.85,3.3698444
2018-12-28 04:00:00,3.82,3.2553
2018-12-28 04:15:00,4.07,3.2242272
2018-12-28 04:30:00,5.04,3.2137673
2018-12-28 04:45:00,4.1,3.214038
2018-12-28 05:00:00,3.82,3.1978545
2018-12-28 05:15:00,3.89,3.0899901
2018-12-28 05:30:00,3.38,3.1517828
2018-12-28 05:45:00,3.17,3.190135
2018-12-28 06:00:00,3.06,3.204453
2018-12-28 06:15:00,3.06,3.2468088
2018-12-28 06:30:00,3.1,3.3329928
2018-12-28 06:45:00,3.06,3.3356552
2018-12-28 07:00:00,3.1,3.304146
2018-12-28 07:15:00,3.38,3.304031
2018-12-28 07:30:00,4.97,3.5731661
2018-12-28 07:45:00,6.7,4.460295
2018-12-28 08:00:00,6.16,5.033076
2018-12-28 08:15:00,35.75,30.949863
2018-12-28 08:30:00,57.78,57.56451
2018-12-28 08:45:00,57.74,62.226734
2018-12-28 09:00:00,66.46,60.17297
2018-12-28 09:15:00,66.82,56.16634
2018-12-28 09:30:00,59.9,58.27314
2018-12-28 09:45:00,63.32,60.521263
2018-12-28 10:00:00,57.17,63.145836
2018-12-28 10:15:00,55.91,55.391525
2018-12-28 10:30:00,62.42,53.11032
2018-12-28 10:45:00,59.72,58.22771
2018-12-28 11:00:00,62.71,54.936653
2018-12-28 11:15:00,57.82,58.806095
2018-12-28 11:30:00,64.94,57.9094
2018-12-28 11:45:00,58.97,58.71998
2018-12-28 12:00:00,47.05,44.45984
2018-12-28 12:15:00,10.01,7.37917
2018-12-28 12:30:00,7.81,6.0890245
2018-12-28 12:45:00,7.27,5.848135
2018-12-28 13:00:00,7.31,6.2179356
2018-12-28 13:15:00,42.55,39.250187
2018-12-28 13:30:00,56.12,52.321648
2018-12-28 13:45:00,45.0,48.5638
2018-12-28 14:00:00,45.22,49.42943
2018-12-28 14:15:00,42.62,51.849136
2018-12-28 14:30:00,34.2,53.903313
2018-12-28 14:45:00,42.8,50.056633
2018-12-28 15:00:00,48.02,50.37776
2018-12-28 15:15:00,44.6,52.128002
2018-12-28 15:30:00,35.78,47.34546
2018-12-28 15:45:00,32.62,48.137737
2018-12-28 16:00:00,31.39,51.67203
2018-12-28 16:15:00,30.06,53.424053
2018-12-28 16:30:00,30.13,59.179638
2018-12-28 16:45:00,23.58,52.66552
2018-12-28 17:00:00,8.57,48.216167
2018-12-28 17:15:00,9.58,48.625504
2018-12-28 17:30:00,9.14,41.4679
2018-12-28 17:45:00,5.47,27.73166
2018-12-28 18:00:00,5.08,26.95319
2018-12-28 18:15:00,5.08,38.613068
2018-12-28 18:30:00,5.11,43.833572
2018-12-28 18:45:00,5.15,42.834747
2018-12-28 19:00:00,5.15,44.92455
2018-12-28 19:15:00,5.15,46.466187
2018-12-28 19:30:00,5.18,40.027622
2018-12-28 19:45:00,5.22,40.24433
2018-12-28 20:00:00,5.15,40.671406
2018-12-28 20:15:00,5.15,40.64041
2018-12-28 20:30:00,5.18,30.839157
2018-12-28 20:45:00,5.26,19.080605
2018-12-28 21:00:00,5.18,10.352104
2018-12-28 21:15:00,5.15,6.3347893
2018-12-28 21:30:00,5.26,5.7854333
2018-12-28 21:45:00,5.26,5.5555024
2018-12-28 22:00:00,5.22,5.271904
2018-12-28 22:15:00,4.97,4.8995843
2018-12-28 22:30:00,4.97,4.617928
2018-12-28 22:45:00,4.93,4.2963696
2018-12-28 23:00:00,5.04,3.8786538
2018-12-28 23:15:00,4.86,3.9897678
2018-12-28 23:30:00,4.86,4.2867312
2018-12-28 23:45:00,4.86,3.909667
2018-12-29 00:00:00,4.28,3.2680573
2018-12-29 00:15:00,4.9,3.6750593
2018-12-29 00:30:00,4.82,3.634307
2018-12-29 00:45:00,3.85,3.6245627
2018-12-29 01:00:00,3.74,3.6047463
2018-12-29 01:15:00,3.82,3.613968
2018-12-29 01:30:00,3.78,3.6447635
2018-12-29 01:45:00,3.67,3.673696
2018-12-29 02:00:00,3.74,3.5580213
2018-12-29 02:15:00,3.71,3.4984994
2018-12-29 02:30:00,3.82,3.48768
2018-12-29 02:45:00,3.78,3.486486
2018-12-29 03:00:00,3.71,3.271062
2018-12-29 03:15:00,3.74,3.4335113
2018-12-29 03:30:00,3.78,3.454836
2018-12-29 03:45:00,3.78,3.3696282
2018-12-29 04:00:00,3.74,3.312766
2018-12-29 04:15:00,3.02,3.2820997
2018-12-29 04:30:00,3.74,3.2791467
2018-12-29 04:45:00,3.6,3.2353032
2018-12-29 05:00:00,3.06,3.2291923
2018-12-29 05:15:00,3.02,3.2808483
2018-12-29 05:30:00,3.02,3.2858207
2018-12-29 05:45:00,2.99,3.2814968
2018-12-29 06:00:00,3.06,3.1630542
2018-12-29 06:15:00,3.06,3.1834838
2018-12-29 06:30:00,3.67,3.1477587
2018-12-29 06:45:00,3.74,3.1586933
2018-12-29 07:00:00,3.71,3.1661634
2018-12-29 07:15:00,3.67,3.2652783
2018-12-29 07:30:00,3.38,3.513088
2018-12-29 07:45:00,3.02,3.9471383
2018-12-29 08:00:00,2.92,4.0789075
2018-12-29 08:15:00,2.95,25.698051
2018-12-29 08:30:00,3.13,51.231426
2018-12-29 08:45:00,3.78,53.740524
2018-12-29 09:00:00,3.24,53.008923
2018-12-29 09:15:00,3.17,50.921795
2018-12-29 09:30:00,3.2,47.68411
2018-12-29 09:45:00,3.31,48.130863
2018-12-29 10:00:00,4.03,52.518196
2018-12-29 10:15:00,4.03,53.102222
2018-12-29 10:30:00,4.03,54.836365
2018-12-29 10:45:00,4.03,53.16426
2018-12-29 11:00:00,6.19,53.424446
2018-12-29 11:15:00,26.17,55.58496
2018-12-29 11:30:00,9.36,53.986633
2018-12-29 11:45:00,3.64,55.99828
2018-12-29 12:00:00,4.14,46.225536
2018-12-29 12:15:00,3.78,5.8242497
2018-12-29 12:30:00,3.46,4.773496
2018-12-29 12:45:00,3.42,4.7902083
2018-12-29 13:00:00,3.42,4.9149747
2018-12-29 13:15:00,4.1,40.028748
2018-12-29 13:30:00,4.14,51.26091
2018-12-29 13:45:00,4.07,49.81632
2018-12-29 14:00:00,4.03,46.232677
2018-12-29 14:15:00,3.92,48.48893
2018-12-29 14:30:00,3.31,43.939095
2018-12-29 14:45:00,3.35,44.65607
2018-12-29 15:00:00,3.31,46.759594
2018-12-29 15:15:00,3.31,45.45185
2018-12-29 15:30:00,3.31,40.57894
2018-12-29 15:45:00,3.35,46.623585
2018-12-29 16:00:00,3.49,44.94252
2018-12-29 16:15:00,4.1,45.82873
2018-12-29 16:30:00,3.71,47.865513
2018-12-29 16:45:00,3.67,38.981766
2018-12-29 17:00:00,4.1,20.455713
2018-12-29 17:15:00,4.07,10.725053
2018-12-29 17:30:00,4.07,4.831827
2018-12-29 17:45:00,4.1,4.460251
2018-12-29 18:00:00,3.56,4.4154816
2018-12-29 18:15:00,3.31,4.552497
2018-12-29 18:30:00,3.24,4.142554
2018-12-29 18:45:00,3.35,4.248696
2018-12-29 19:00:00,3.31,4.4182076
2018-12-29 19:15:00,3.35,4.4791384
2018-12-29 19:30:00,3.35,4.521964
2018-12-29 19:45:00,3.31,4.244202
2018-12-29 20:00:00,3.71,4.2100906
2018-12-29 20:15:00,4.36,4.277197
2018-12-29 20:30:00,4.28,4.020465
2018-12-29 20:45:00,4.14,4.4181647
2018-12-29 21:00:00,4.1,4.267131
2018-12-29 21:15:00,4.07,3.9477255
2018-12-29 21:30:00,3.85,3.9130743
2018-12-29 21:45:00,3.46,3.8851595
2018-12-29 22:00:00,3.31,3.8377085
2018-12-29 22:15:00,3.13,3.6444237
2018-12-29 22:30:00,3.13,3.453637
2018-12-29 22:45:00,3.13,3.517035
2018-12-29 23:00:00,3.17,3.346571
2018-12-29 23:15:00,3.06,3.2703905
2018-12-29 23:30:00,2.99,3.2706046
2018-12-29 23:45:00,3.42,3.2490518
2018-12-30 00:00:00,3.1,3.3031998
2018-12-30 00:15:00,3.92,3.2242963
2018-12-30 00:30:00,3.82,3.226485
2018-12-30 00:45:00,3.74,3.2504761
2018-12-30 01:00:00,3.78,3.357987
2018-12-30 01:15:00,3.42,3.2933838
2018-12-30 01:30:00,3.17,3.2969227
2018-12-30 01:45:00,3.02,3.315842
2018-12-30 02:00:00,3.1,3.2174456
2018-12-30 02:15:00,3.06,3.2232156
2018-12-30 02:30:00,3.1,3.2350118
2018-12-30 02:45:00,3.13,3.218613
2018-12-30 03:00:00,3.1,3.1791418
2018-12-30 03:15:00,3.13,3.119805
2018-12-30 03:30:00,3.6,3.141602
2018-12-30 03:45:00,4.86,3.184011
2018-12-30 04:00:00,3.85,3.1356525
2018-12-30 04:15:00,3.82,3.1184168
2018-12-30 04:30:00,3.82,3.1084173
2018-12-30 04:45:00,3.46,3.1244316
2018-12-30 05:00:00,3.17,3.1406493
2018-12-30 05:15:00,3.13,3.0922701
2018-12-30 05:30:00,3.1,3.0512092
2018-12-30 05:45:00,3.1,3.0165925
2018-12-30 06:00:00,3.1,3.0562332
2018-12-30 06:15:00,3.13,3.0324366
2018-12-30 06:30:00,3.13,3.0124507
2018-12-30 06:45:00,3.1,3.0275245
2018-12-30 07:00:00,3.82,3.0951226
2018-12-30 07:15:00,4.36,3.1105
2018-12-30 07:30:00,4.97,3.0510743
2018-12-30 07:45:00,3.96,3.1759856
2018-12-30 08:00:00,3.46,3.1460397
2018-12-30 08:15:00,3.06,3.252771
2018-12-30 08:30:00,3.06,4.921878
2018-12-30 08:45:00,3.17,5.5376644
2018-12-30 09:00:00,3.28,4.7208953
2018-12-30 09:15:00,3.35,5.062322
2018-12-30 09:30:00,3.38,5.391495
2018-12-30 09:45:00,3.35,5.3606563
2018-12-30 10:00:00,3.46,5.6041307
2018-12-30 10:15:00,3.38,6.498598
2018-12-30 10:30:00,4.0,7.81503
2018-12-30 10:45:00,4.1,9.327213
2018-12-30 11:00:00,4.1,10.961519
2018-12-30 11:15:00,4.28,44.658226
2018-12-30 11:30:00,4.61,41.283176
2018-12-30 11:45:00,3.56,6.6311865
2018-12-30 12:00:00,3.42,6.206226
2018-12-30 12:15:00,3.46,3.8419242
2018-12-30 12:30:00,3.46,3.3983157
2018-12-30 12:45:00,3.31,3.3659534
2018-12-30 13:00:00,3.28,3.3723898
2018-12-30 13:15:00,3.2,4.535182
2018-12-30 13:30:00,3.24,6.6535077
2018-12-30 13:45:00,3.24,8.891691
2018-12-30 14:00:00,4.03,9.41814
2018-12-30 14:15:00,4.0,6.988101
2018-12-30 14:30:00,4.03,5.252595
2018-12-30 14:45:00,4.82,3.9701939
2018-12-30 15:00:00,4.1,4.296551
2018-12-30 15:15:00,3.31,4.343445
2018-12-30 15:30:00,3.24,4.096229
2018-12-30 15:45:00,3.24,4.117229
2018-12-30 16:00:00,3.35,3.3736458
2018-12-30 16:15:00,3.31,3.6362448
2018-12-30 16:30:00,3.35,3.4957988
2018-12-30 16:45:00,3.24,3.4158523
2018-12-30 17:00:00,3.24,4.0202613
2018-12-30 17:15:00,3.42,3.7692153
2018-12-30 17:30:00,4.0,3.6389732
2018-12-30 17:45:00,4.75,3.9607673
2018-12-30 18:00:00,4.68,3.4881074
2018-12-30 18:15:00,3.89,3.2650058
2018-12-30 18:30:00,3.53,3.246521
2018-12-30 18:45:00,3.2,3.2642722
2018-12-30 19:00:00,3.28,3.298648
2018-12-30 19:15:00,3.24,3.3195503
2018-12-30 19:30:00,3.24,3.3459487
2018-12-30 19:45:00,3.2,3.3440907
2018-12-30 20:00:00,3.24,3.3477879
2018-12-30 20:15:00,3.31,3.56022
2018-12-30 20:30:00,3.24,3.7934756
2018-12-30 20:45:00,3.78,4.595045
2018-12-30 21:00:00,4.32,3.9765995
2018-12-30 21:15:00,4.07,3.5164742
2018-12-30 21:30:00,4.07,3.349789
2018-12-30 21:45:00,4.03,3.4214056
2018-12-30 22:00:00,4.0,3.4770343
2018-12-30 22:15:00,3.2,3.1381345
2018-12-30 22:30:00,2.99,3.0893304
2018-12-30 22:45:00,3.1,3.0903473
2018-12-30 23:00:00,3.02,3.2747128
2018-12-30 23:15:00,2.95,3.2449117
2018-12-30 23:30:00,2.99,3.2388844
2018-12-30 23:45:00,2.92,3.2722383
2018-12-31 00:00:00,3.67,3.923955
2018-12-31 00:15:00,3.64,3.3938122
2018-12-31 00:30:00,3.31,3.5523162
2018-12-31 00:45:00,3.49,3.4949465
2018-12-31 01:00:00,3.71,3.7031035
2018-12-31 01:15:00,3.78,3.796294
2018-12-31 01:30:00,3.71,3.5583818
2018-12-31 01:45:00,3.67,3.3554616
2018-12-31 02:00:00,3.02,3.6047506
2018-12-31 02:15:00,2.99,3.4617622
2018-12-31 02:30:00,3.06,3.484262
2018-12-31 02:45:00,3.02,3.6788259
2018-12-31 03:00:00,3.06,3.6146162
2018-12-31 03:15:00,3.02,3.5967233
2018-12-31 03:30:00,3.46,3.5263555
2018-12-31 03:45:00,3.74,3.5245128
2018-12-31 04:00:00,3.06,3.3677742
2018-12-31 04:15:00,3.74,3.4625142
2018-12-31 04:30:00,3.74,3.53911
2018-12-31 04:45:00,3.78,3.661905
2018-12-31 05:00:00,3.78,3.2731924
2018-12-31 05:15:00,3.56,3.153019
2018-12-31 05:30:00,2.99,3.1277213
2018-12-31 05:45:00,3.02,3.198185
2018-12-31 06:00:00,2.95,3.2813108
2018-12-31 06:15:00,3.02,3.247212
2018-12-31 06:30:00,2.99,3.5283012
2018-12-31 06:45:00,3.02,3.5341444
2018-12-31 07:00:00,3.74,3.443779
2018-12-31 07:15:00,3.17,3.4686801
2018-12-31 07:30:00,2.95,3.9291317
2018-12-31 07:45:00,3.56,4.890068
2018-12-31 08:00:00,3.64,5.08225
2018-12-31 08:15:00,3.6,31.342745
2018-12-31 08:30:00,3.74,69.18979
2018-12-31 08:45:00,3.74,72.633385
2018-12-31 09:00:00,3.06,72.61163
2018-12-31 09:15:00,3.17,75.08013
2018-12-31 09:30:00,3.13,72.64004
2018-12-31 09:45:00,3.17,71.52327
2018-12-31 10:00:00,3.24,70.41616
2018-12-31 10:15:00,3.2,65.260185
2018-12-31 10:30:00,4.03,61.007435
2018-12-31 10:45:00,3.67,63.529175
2018-12-31 11:00:00,3.35,60.257618
2018-12-31 11:15:00,3.35,66.390686
2018-12-31 11:30:00,3.82,64.126976
2018-12-31 11:45:00,4.0,68.247246
2018-12-31 12:00:00,4.07,48.53502
2018-12-31 12:15:00,4.03,9.409066
2018-12-31 12:30:00,4.1,6.412752
2018-12-31 12:45:00,3.35,6.3773546
2018-12-31 13:00:00,3.35,7.094775
2018-12-31 13:15:00,3.35,38.08661
2018-12-31 13:30:00,3.31,65.066185
2018-12-31 13:45:00,3.31,56.867775
2018-12-31 14:00:00,3.35,48.4516
2018-12-31 14:15:00,3.35,54.00791
2018-12-31 14:30:00,3.56,58.916313
2018-12-31 14:45:00,4.07,53.57791
2018-12-31 15:00:00,3.53,54.328213
2018-12-31 15:15:00,3.42,61.524582
2018-12-31 15:30:00,4.07,57.540882
2018-12-31 15:45:00,4.07,60.95717
2018-12-31 16:00:00,4.03,60.94866
2018-12-31 16:15:00,4.07,55.96129
2018-12-31 16:30:00,3.92,56.680363
2018-12-31 16:45:00,3.31,58.593746
2018-12-31 17:00:00,3.31,52.29143
2018-12-31 17:15:00,3.35,47.094933
2018-12-31 17:30:00,3.31,31.538996
2018-12-31 17:45:00,3.46,29.079523
2018-12-31 18:00:00,3.42,29.424488
2018-12-31 18:15:00,3.35,41.08538
2018-12-31 18:30:00,3.82,46.861206
2018-12-31 18:45:00,4.14,47.48683
2018-12-31 19:00:00,3.49,46.255318
2018-12-31 19:15:00,3.96,49.053684
2018-12-31 19:30:00,4.14,50.464855
2018-12-31 19:45:00,4.21,50.88355
2018-12-31 20:00:00,4.14,50.34854
2018-12-31 20:15:00,4.18,48.262726
2018-12-31 20:30:00,3.38,40.490913
2018-12-31 20:45:00,3.42,33.221718
2018-12-31 21:00:00,3.42,25.435225
2018-12-31 21:15:00,3.42,5.9309673
2018-12-31 21:30:00,3.49,4.98736
2018-12-31 21:45:00,3.42,4.8906727
2018-12-31 22:00:00,3.42,4.840717
2018-12-31 22:15:00,3.24,4.637502
2018-12-31 22:30:00,3.67,4.4156785
2018-12-31 22:45:00,3.82,4.2941313
2018-12-31 23:00:00,3.85,4.149912
2018-12-31 23:15:00,3.74,4.0878854
2018-12-31 23:30:00,3.78,4.050871
2018-12-31 23:45:00,3.78,4.0141025
