date,actual,LSTM
2018-12-01 00:00:00,3.35,2.2034757
2018-12-01 00:15:00,3.89,2.1043918
2018-12-01 00:30:00,3.85,2.0327322
2018-12-01 00:45:00,3.89,2.0273707
2018-12-01 01:00:00,3.89,2.0380483
2018-12-01 01:15:00,4.03,2.125125
2018-12-01 01:30:00,3.89,2.185478
2018-12-01 01:45:00,3.92,2.1429012
2018-12-01 02:00:00,3.92,2.162284
2018-12-01 02:15:00,3.96,2.1759422
2018-12-01 02:30:00,4.03,2.179812
2018-12-01 02:45:00,4.14,2.1718671
2018-12-01 03:00:00,5.08,2.1772783
2018-12-01 03:15:00,4.72,2.1495245
2018-12-01 03:30:00,3.96,2.1497831
2018-12-01 03:45:00,3.92,2.162973
2018-12-01 04:00:00,3.35,2.0799003
2018-12-01 04:15:00,3.28,2.093318
2018-12-01 04:30:00,3.35,2.117861
2018-12-01 04:45:00,3.24,2.1452458
2018-12-01 05:00:00,3.31,2.1171026
2018-12-01 05:15:00,3.31,2.1564825
2018-12-01 05:30:00,3.28,2.2745018
2018-12-01 05:45:00,3.28,2.4293826
2018-12-01 06:00:00,3.2,2.5006852
2018-12-01 06:15:00,3.46,2.2519097
2018-12-01 06:30:00,4.03,2.1258266
2018-12-01 06:45:00,3.89,2.0755897
2018-12-01 07:00:00,3.89,2.1002123
2018-12-01 07:15:00,4.46,2.0920365
2018-12-01 07:30:00,3.67,2.1682694
2018-12-01 07:45:00,3.46,2.356084
2018-12-01 08:00:00,3.46,2.4618783
2018-12-01 08:15:00,3.71,4.195968
2018-12-01 08:30:00,4.72,18.1225
2018-12-01 08:45:00,4.46,22.584576
2018-12-01 09:00:00,5.22,17.425953
2018-12-01 09:15:00,28.58,34.93506
2018-12-01 09:30:00,30.56,25.979685
2018-12-01 09:45:00,28.08,23.432194
2018-12-01 10:00:00,28.58,22.50487
2018-12-01 10:15:00,28.73,23.930555
2018-12-01 10:30:00,29.56,25.209394
2018-12-01 10:45:00,30.06,25.7061
2018-12-01 11:00:00,29.2,23.838673
2018-12-01 11:15:00,27.94,25.20308
2018-12-01 11:30:00,27.94,21.398645
2018-12-01 11:45:00,25.63,18.080572
2018-12-01 12:00:00,3.64,20.416546
2018-12-01 12:15:00,3.85,2.3072586
2018-12-01 12:30:00,3.71,2.9765048
2018-12-01 12:45:00,3.74,2.739894
2018-12-01 13:00:00,3.71,2.7076235
2018-12-01 13:15:00,11.3,3.432747
2018-12-01 13:30:00,27.29,11.47109
2018-12-01 13:45:00,26.86,9.801778
2018-12-01 14:00:00,25.31,9.5273285
2018-12-01 14:15:00,26.21,10.427796
2018-12-01 14:30:00,26.28,10.584083
2018-12-01 14:45:00,18.68,10.776982
2018-12-01 15:00:00,5.18,9.470921
2018-12-01 15:15:00,5.08,10.800304
2018-12-01 15:30:00,4.75,9.734747
2018-12-01 15:45:00,4.75,9.563697
2018-12-01 16:00:00,4.72,9.676166
2018-12-01 16:15:00,4.64,11.83668
2018-12-01 16:30:00,4.72,8.890317
2018-12-01 16:45:00,4.68,8.922466
2018-12-01 17:00:00,4.64,10.058315
2018-12-01 17:15:00,4.79,16.782923
2018-12-01 17:30:00,4.75,17.450089
2018-12-01 17:45:00,4.72,11.407598
2018-12-01 18:00:00,4.68,10.647007
2018-12-01 18:15:00,5.76,12.246089
2018-12-01 18:30:00,5.4,16.3408
2018-12-01 18:45:00,4.79,16.359756
2018-12-01 19:00:00,4.79,19.710083
2018-12-01 19:15:00,4.79,16.804276
2018-12-01 19:30:00,4.79,19.299044
2018-12-01 19:45:00,4.9,15.9268465
2018-12-01 20:00:00,4.75,13.108924
2018-12-01 20:15:00,4.79,5.1778755
2018-12-01 20:30:00,4.75,4.942241
2018-12-01 20:45:00,4.82,2.5949268
2018-12-01 21:00:00,4.82,2.1327775
2018-12-01 21:15:00,4.75,2.2308211
2018-12-01 21:30:00,4.79,2.5178857
2018-12-01 21:45:00,4.79,2.5862386
2018-12-01 22:00:00,4.9,2.5148678
2018-12-01 22:15:00,5.76,7.9357133
2018-12-01 22:30:00,4.61,7.63205
2018-12-01 22:45:00,3.42,7.2602687
2018-12-01 23:00:00,3.42,6.6166697
2018-12-01 23:15:00,3.28,1.9929013
2018-12-01 23:30:00,3.38,1.8648014
2018-12-01 23:45:00,3.31,1.7456496
2018-12-02 00:00:00,4.36,1.9685667
2018-12-02 00:15:00,3.35,1.9282651
2018-12-02 00:30:00,3.35,1.906527
2018-12-02 00:45:00,3.38,1.9075075
2018-12-02 01:00:00,3.89,1.9482462
2018-12-02 01:15:00,4.46,1.9694211
2018-12-02 01:30:00,4.43,2.000338
2018-12-02 01:45:00,4.14,2.0291905
2018-12-02 02:00:00,3.46,1.9983534
2018-12-02 02:15:00,3.38,2.024626
2018-12-02 02:30:00,3.38,2.0665777
2018-12-02 02:45:00,3.38,2.113181
2018-12-02 03:00:00,4.32,2.1918519
2018-12-02 03:15:00,4.64,2.2165463
2018-12-02 03:30:00,3.82,2.2000873
2018-12-02 03:45:00,3.46,2.2192852
2018-12-02 04:00:00,3.42,2.2268925
2018-12-02 04:15:00,3.46,2.2302606
2018-12-02 04:30:00,4.32,2.2734885
2018-12-02 04:45:00,4.5,2.3220136
2018-12-02 05:00:00,4.54,2.3231354
2018-12-02 05:15:00,4.39,2.375656
2018-12-02 05:30:00,3.35,2.4348543
2018-12-02 05:45:00,3.46,2.5084796
2018-12-02 06:00:00,3.35,2.4740624
2018-12-02 06:15:00,3.42,2.5336158
2018-12-02 06:30:00,3.42,2.5831356
2018-12-02 06:45:00,3.38,2.4973018
2018-12-02 07:00:00,3.46,2.4530263
2018-12-02 07:15:00,3.38,2.424204
2018-12-02 07:30:00,3.46,2.314703
2018-12-02 07:45:00,3.46,2.252381
2018-12-02 08:00:00,3.49,2.26267
2018-12-02 08:15:00,4.57,2.2862735
2018-12-02 08:30:00,4.54,2.3188248
2018-12-02 08:45:00,5.54,2.2782173
2018-12-02 09:00:00,4.75,2.3449645
2018-12-02 09:15:00,3.74,2.8740058
2018-12-02 09:30:00,3.71,3.788375
2018-12-02 09:45:00,3.6,5.703941
2018-12-02 10:00:00,3.56,4.403585
2018-12-02 10:15:00,3.6,2.840817
2018-12-02 10:30:00,3.64,2.0231824
2018-12-02 10:45:00,3.64,2.1565714
2018-12-02 11:00:00,3.64,2.505103
2018-12-02 11:15:00,3.64,2.5656056
2018-12-02 11:30:00,3.56,2.5447023
2018-12-02 11:45:00,3.64,2.4978476
2018-12-02 12:00:00,4.03,2.1169715
2018-12-02 12:15:00,4.86,2.040172
2018-12-02 12:30:00,4.75,2.045997
2018-12-02 12:45:00,5.36,2.1279824
2018-12-02 13:00:00,4.9,2.2721722
2018-12-02 13:15:00,3.78,2.5335345
2018-12-02 13:30:00,3.64,2.689786
2018-12-02 13:45:00,3.6,2.4032366
2018-12-02 14:00:00,3.6,2.4070878
2018-12-02 14:15:00,3.6,2.3064108
2018-12-02 14:30:00,3.56,2.1577158
2018-12-02 14:45:00,3.56,2.3310716
2018-12-02 15:00:00,3.64,2.4622014
2018-12-02 15:15:00,3.6,2.6002192
2018-12-02 15:30:00,3.56,2.560129
2018-12-02 15:45:00,3.85,2.3378797
2018-12-02 16:00:00,4.68,2.3172312
2018-12-02 16:15:00,4.72,2.361655
2018-12-02 16:30:00,4.72,2.530009
2018-12-02 16:45:00,3.89,2.6260164
2018-12-02 17:00:00,3.53,2.6941876
2018-12-02 17:15:00,3.6,2.736426
2018-12-02 17:30:00,3.6,2.7194514
2018-12-02 17:45:00,3.74,2.6718833
2018-12-02 18:00:00,4.72,2.625156
2018-12-02 18:15:00,3.89,2.5983548
2018-12-02 18:30:00,3.53,2.5363152
2018-12-02 18:45:00,3.53,2.4560874
2018-12-02 19:00:00,3.56,2.4132824
2018-12-02 19:15:00,3.67,2.3570983
2018-12-02 19:30:00,3.56,2.3098207
2018-12-02 19:45:00,4.39,2.283646
2018-12-02 20:00:00,4.72,2.2668204
2018-12-02 20:15:00,4.68,2.22916
2018-12-02 20:30:00,4.75,2.1943464
2018-12-02 20:45:00,3.71,2.1767464
2018-12-02 21:00:00,3.53,2.1606758
2018-12-02 21:15:00,3.6,2.121524
2018-12-02 21:30:00,3.6,2.1009045
2018-12-02 21:45:00,3.6,2.0823007
2018-12-02 22:00:00,3.56,2.058696
2018-12-02 22:15:00,4.07,2.0750675
2018-12-02 22:30:00,4.32,2.0169277
2018-12-02 22:45:00,3.35,1.9360445
2018-12-02 23:00:00,3.31,1.9010478
2018-12-02 23:15:00,3.31,1.8881949
2018-12-02 23:30:00,3.28,1.8910275
2018-12-02 23:45:00,3.35,1.8889453
2018-12-03 00:00:00,4.57,1.9400067
2018-12-03 00:15:00,4.43,1.789036
2018-12-03 00:30:00,4.36,1.7208377
2018-12-03 00:45:00,4.21,1.6970763
2018-12-03 01:00:00,3.35,1.8145611
2018-12-03 01:15:00,3.38,1.9743836
2018-12-03 01:30:00,3.35,2.0002947
2018-12-03 01:45:00,3.42,1.905729
2018-12-03 02:00:00,3.49,1.6957152
2018-12-03 02:15:00,3.42,1.5933707
2018-12-03 02:30:00,3.38,1.5603576
2018-12-03 02:45:00,4.36,1.5278511
2018-12-03 03:00:00,4.14,1.7629454
2018-12-03 03:15:00,3.42,1.8594279
2018-12-03 03:30:00,3.38,1.669508
2018-12-03 03:45:00,3.35,1.5003777
2018-12-03 04:00:00,3.35,1.4970868
2018-12-03 04:15:00,4.1,1.4924101
2018-12-03 04:30:00,4.43,1.68327
2018-12-03 04:45:00,4.5,1.7818168
2018-12-03 05:00:00,3.78,1.8753557
2018-12-03 05:15:00,3.31,1.8486158
2018-12-03 05:30:00,3.38,1.6333106
2018-12-03 05:45:00,3.31,1.5897305
2018-12-03 06:00:00,3.31,1.5764471
2018-12-03 06:15:00,3.35,1.5611147
2018-12-03 06:30:00,3.31,1.5492302
2018-12-03 06:45:00,3.24,1.5556642
2018-12-03 07:00:00,3.24,1.6653497
2018-12-03 07:15:00,4.21,1.7231116
2018-12-03 07:30:00,5.76,1.8159413
2018-12-03 07:45:00,5.98,1.8922621
2018-12-03 08:00:00,5.58,2.0037227
2018-12-03 08:15:00,34.99,2.3328855
2018-12-03 08:30:00,56.84,2.5416455
2018-12-03 08:45:00,61.06,2.9587228
2018-12-03 09:00:00,57.89,2.9683497
2018-12-03 09:15:00,70.49,40.787354
2018-12-03 09:30:00,50.11,41.17847
2018-12-03 09:45:00,66.38,40.536457
2018-12-03 10:00:00,56.88,38.12725
2018-12-03 10:15:00,47.09,49.376244
2018-12-03 10:30:00,55.8,46.950153
2018-12-03 10:45:00,66.89,44.76609
2018-12-03 11:00:00,62.89,43.02158
2018-12-03 11:15:00,63.79,42.25706
2018-12-03 11:30:00,58.1,42.174145
2018-12-03 11:45:00,54.5,42.571815
2018-12-03 12:00:00,35.35,43.84962
2018-12-03 12:15:00,6.34,30.770136
2018-12-03 12:30:00,5.76,33.68161
2018-12-03 12:45:00,6.3,37.323997
2018-12-03 13:00:00,6.19,40.026558
2018-12-03 13:15:00,35.35,41.951176
2018-12-03 13:30:00,51.95,43.262005
2018-12-03 13:45:00,48.46,43.440353
2018-12-03 14:00:00,65.02,41.35168
2018-12-03 14:15:00,69.91,39.054768
2018-12-03 14:30:00,55.12,37.086575
2018-12-03 14:45:00,56.84,35.06351
2018-12-03 15:00:00,54.22,32.821415
2018-12-03 15:15:00,49.97,31.521318
2018-12-03 15:30:00,48.17,30.765665
2018-12-03 15:45:00,49.86,30.85936
2018-12-03 16:00:00,58.75,31.650345
2018-12-03 16:15:00,65.7,33.425068
2018-12-03 16:30:00,51.88,35.175674
2018-12-03 16:45:00,57.2,35.723034
2018-12-03 17:00:00,76.03,34.728844
2018-12-03 17:15:00,72.18,48.192493
2018-12-03 17:30:00,61.42,47.157654
2018-12-03 17:45:00,36.61,46.111885
2018-12-03 18:00:00,29.56,45.434357
2018-12-03 18:15:00,34.13,44.41503
2018-12-03 18:30:00,42.26,42.778587
2018-12-03 18:45:00,56.81,40.862175
2018-12-03 19:00:00,43.02,38.57448
2018-12-03 19:15:00,47.74,36.6788
2018-12-03 19:30:00,39.17,34.824635
2018-12-03 19:45:00,43.67,33.84153
2018-12-03 20:00:00,50.44,33.266037
2018-12-03 20:15:00,46.22,20.546925
2018-12-03 20:30:00,45.36,21.034344
2018-12-03 20:45:00,50.11,20.205639
2018-12-03 21:00:00,25.45,17.592585
2018-12-03 21:15:00,8.6,15.889868
2018-12-03 21:30:00,6.19,13.87684
2018-12-03 21:45:00,5.62,11.511709
2018-12-03 22:00:00,4.93,7.7089167
2018-12-03 22:15:00,4.72,19.869783
2018-12-03 22:30:00,4.75,18.24783
2018-12-03 22:45:00,4.68,16.198767
2018-12-03 23:00:00,4.68,14.074866
2018-12-03 23:15:00,4.61,1.7980068
2018-12-03 23:30:00,4.57,1.7847955
2018-12-03 23:45:00,4.61,1.7411859
2018-12-04 00:00:00,3.89,2.4589772
2018-12-04 00:15:00,4.61,2.5357935
2018-12-04 00:30:00,4.57,2.4478142
2018-12-04 00:45:00,4.61,2.2758133
2018-12-04 01:00:00,4.64,2.096226
2018-12-04 01:15:00,5.04,1.9616947
2018-12-04 01:30:00,5.8,1.8579599
2018-12-04 01:45:00,4.68,1.7602303
2018-12-04 02:00:00,3.6,1.755968
2018-12-04 02:15:00,3.56,1.6323378
2018-12-04 02:30:00,3.64,1.5518076
2018-12-04 02:45:00,3.67,1.7829938
2018-12-04 03:00:00,3.64,1.879972
2018-12-04 03:15:00,3.64,1.754911
2018-12-04 03:30:00,3.71,1.7489742
2018-12-04 03:45:00,3.67,1.770205
2018-12-04 04:00:00,3.71,1.8657167
2018-12-04 04:15:00,3.67,2.0630043
2018-12-04 04:30:00,3.6,2.132737
2018-12-04 04:45:00,4.36,2.0941532
2018-12-04 05:00:00,4.64,1.9929019
2018-12-04 05:15:00,4.72,1.7860475
2018-12-04 05:30:00,5.44,1.6953783
2018-12-04 05:45:00,4.43,1.6021152
2018-12-04 06:00:00,3.64,1.5602899
2018-12-04 06:15:00,3.56,1.5003685
2018-12-04 06:30:00,3.67,1.466115
2018-12-04 06:45:00,3.64,1.4767137
2018-12-04 07:00:00,3.56,1.508288
2018-12-04 07:15:00,3.56,1.8742404
2018-12-04 07:30:00,3.82,2.4513912
2018-12-04 07:45:00,4.54,2.6795692
2018-12-04 08:00:00,5.94,2.663577
2018-12-04 08:15:00,28.4,28.705557
2018-12-04 08:30:00,55.04,50.018307
2018-12-04 08:45:00,61.13,53.098392
2018-12-04 09:00:00,82.33,42.37274
2018-12-04 09:15:00,82.37,62.087986
2018-12-04 09:30:00,64.08,49.981365
2018-12-04 09:45:00,59.36,51.52004
2018-12-04 10:00:00,52.16,47.99022
2018-12-04 10:15:00,56.95,46.4693
2018-12-04 10:30:00,53.42,48.078396
2018-12-04 10:45:00,58.86,49.76284
2018-12-04 11:00:00,59.98,49.39983
2018-12-04 11:15:00,61.24,50.07073
2018-12-04 11:30:00,84.1,48.094852
2018-12-04 11:45:00,63.86,45.126175
2018-12-04 12:00:00,49.86,31.250443
2018-12-04 12:15:00,6.91,3.501543
2018-12-04 12:30:00,7.38,2.9201207
2018-12-04 12:45:00,6.62,3.7201867
2018-12-04 13:00:00,6.55,5.004645
2018-12-04 13:15:00,32.51,20.897404
2018-12-04 13:30:00,57.28,41.90592
2018-12-04 13:45:00,55.51,39.665276
2018-12-04 14:00:00,56.12,41.799328
2018-12-04 14:15:00,58.82,41.564896
2018-12-04 14:30:00,52.88,39.42576
2018-12-04 14:45:00,53.46,39.709034
2018-12-04 15:00:00,62.96,40.08328
2018-12-04 15:15:00,64.62,40.256454
2018-12-04 15:30:00,60.01,40.615627
2018-12-04 15:45:00,55.66,41.24597
2018-12-04 16:00:00,53.82,42.51227
2018-12-04 16:15:00,71.86,43.050648
2018-12-04 16:30:00,60.73,41.45949
2018-12-04 16:45:00,68.22,42.045013
2018-12-04 17:00:00,80.46,44.11382
2018-12-04 17:15:00,61.52,48.467976
2018-12-04 17:30:00,71.1,47.285583
2018-12-04 17:45:00,35.21,37.012436
2018-12-04 18:00:00,30.31,29.315813
2018-12-04 18:15:00,43.56,29.287077
2018-12-04 18:30:00,40.97,34.730457
2018-12-04 18:45:00,38.56,44.75693
2018-12-04 19:00:00,41.65,41.503235
2018-12-04 19:15:00,49.07,42.443623
2018-12-04 19:30:00,40.46,38.83986
2018-12-04 19:45:00,48.64,38.894875
2018-12-04 20:00:00,49.75,39.63596
2018-12-04 20:15:00,48.89,33.54469
2018-12-04 20:30:00,37.84,31.652987
2018-12-04 20:45:00,30.67,31.773401
2018-12-04 21:00:00,5.08,19.112444
2018-12-04 21:15:00,5.69,4.477246
2018-12-04 21:30:00,5.44,2.199339
2018-12-04 21:45:00,5.4,1.9348359
2018-12-04 22:00:00,5.44,1.3530191
2018-12-04 22:15:00,5.26,7.9750714
2018-12-04 22:30:00,4.64,7.162166
2018-12-04 22:45:00,3.92,6.631283
2018-12-04 23:00:00,3.96,6.389297
2018-12-04 23:15:00,3.92,2.1075194
2018-12-04 23:30:00,3.85,1.7525858
2018-12-04 23:45:00,3.89,1.4530144
2018-12-05 00:00:00,3.96,1.4931335
2018-12-05 00:15:00,3.89,1.4372346
2018-12-05 00:30:00,3.92,1.2622979
2018-12-05 00:45:00,3.89,1.1936399
2018-12-05 01:00:00,3.96,1.4432645
2018-12-05 01:15:00,3.78,1.5994387
2018-12-05 01:30:00,3.85,1.8335111
2018-12-05 01:45:00,3.82,1.6892831
2018-12-05 02:00:00,3.82,1.5647409
2018-12-05 02:15:00,3.85,1.4781927
2018-12-05 02:30:00,4.64,1.4549464
2018-12-05 02:45:00,4.86,1.4551692
2018-12-05 03:00:00,3.82,1.5834363
2018-12-05 03:15:00,3.49,1.6148533
2018-12-05 03:30:00,3.13,1.6600978
2018-12-05 03:45:00,3.2,1.6708637
2018-12-05 04:00:00,3.13,1.7949588
2018-12-05 04:15:00,3.1,1.779881
2018-12-05 04:30:00,3.17,1.750931
2018-12-05 04:45:00,3.06,1.9155192
2018-12-05 05:00:00,3.17,2.1279533
2018-12-05 05:15:00,3.06,2.1209998
2018-12-05 05:30:00,3.1,2.1609476
2018-12-05 05:45:00,3.02,1.779798
2018-12-05 06:00:00,3.1,1.3602371
2018-12-05 06:15:00,3.02,1.1950626
2018-12-05 06:30:00,4.61,1.1896923
2018-12-05 06:45:00,4.9,1.1860673
2018-12-05 07:00:00,3.85,1.1982625
2018-12-05 07:15:00,3.49,1.2054508
2018-12-05 07:30:00,3.2,1.3212887
2018-12-05 07:45:00,4.32,1.6797416
2018-12-05 08:00:00,4.72,2.3239207
2018-12-05 08:15:00,27.65,16.596876
2018-12-05 08:30:00,61.56,47.490765
2018-12-05 08:45:00,57.71,54.01024
2018-12-05 09:00:00,57.82,52.654152
2018-12-05 09:15:00,68.08,72.44939
2018-12-05 09:30:00,64.08,56.266033
2018-12-05 09:45:00,64.76,51.21306
2018-12-05 10:00:00,62.68,48.201313
2018-12-05 10:15:00,49.28,49.97868
2018-12-05 10:30:00,56.52,48.125404
2018-12-05 10:45:00,59.04,48.949997
2018-12-05 11:00:00,66.85,49.237663
2018-12-05 11:15:00,68.83,50.310474
2018-12-05 11:30:00,60.3,54.24505
2018-12-05 11:45:00,53.21,49.10884
2018-12-05 12:00:00,40.97,41.61423
2018-12-05 12:15:00,10.69,4.0608625
2018-12-05 12:30:00,9.43,3.4644735
2018-12-05 12:45:00,10.33,3.0583973
2018-12-05 13:00:00,26.68,4.4595256
2018-12-05 13:15:00,43.34,15.936957
2018-12-05 13:30:00,46.51,43.190113
2018-12-05 13:45:00,50.44,41.712845
2018-12-05 14:00:00,63.4,41.1607
2018-12-05 14:15:00,54.36,41.074608
2018-12-05 14:30:00,61.52,39.755623
2018-12-05 14:45:00,58.93,39.94144
2018-12-05 15:00:00,85.46,41.315636
2018-12-05 15:15:00,109.3,41.813614
2018-12-05 15:30:00,87.16,42.041935
2018-12-05 15:45:00,96.01,42.352654
2018-12-05 16:00:00,105.91,42.80218
2018-12-05 16:15:00,68.18,44.34101
2018-12-05 16:30:00,64.91,43.414383
2018-12-05 16:45:00,56.05,44.72833
2018-12-05 17:00:00,62.96,46.695957
2018-12-05 17:15:00,47.12,47.793133
2018-12-05 17:30:00,44.57,48.774548
2018-12-05 17:45:00,44.24,36.001724
2018-12-05 18:00:00,27.32,30.083834
2018-12-05 18:15:00,5.87,33.69936
2018-12-05 18:30:00,5.36,35.685337
2018-12-05 18:45:00,5.47,36.306717
2018-12-05 19:00:00,5.58,38.474163
2018-12-05 19:15:00,5.58,42.031612
2018-12-05 19:30:00,5.47,39.102306
2018-12-05 19:45:00,5.44,40.566574
2018-12-05 20:00:00,5.44,39.804386
2018-12-05 20:15:00,5.44,35.244446
2018-12-05 20:30:00,5.51,30.040058
2018-12-05 20:45:00,5.44,24.465334
2018-12-05 21:00:00,4.82,5.552794
2018-12-05 21:15:00,4.28,2.685013
2018-12-05 21:30:00,4.25,2.414135
2018-12-05 21:45:00,4.28,2.434289
2018-12-05 22:00:00,4.36,1.9394448
2018-12-05 22:15:00,4.03,8.496845
2018-12-05 22:30:00,4.0,7.9492803
2018-12-05 22:45:00,4.03,7.8062706
2018-12-05 23:00:00,4.0,7.911719
2018-12-05 23:15:00,4.0,1.5138574
2018-12-05 23:30:00,3.92,1.2228849
2018-12-05 23:45:00,4.0,0.97452503
2018-12-06 00:00:00,4.0,1.7694122
2018-12-06 00:15:00,3.96,1.5710015
2018-12-06 00:30:00,4.79,1.3780878
2018-12-06 00:45:00,5.18,1.3903227
2018-12-06 01:00:00,4.03,1.5710477
2018-12-06 01:15:00,3.92,1.6297034
2018-12-06 01:30:00,4.0,1.7087564
2018-12-06 01:45:00,3.92,1.7441063
2018-12-06 02:00:00,4.07,1.8860304
2018-12-06 02:15:00,3.46,1.8391371
2018-12-06 02:30:00,3.28,1.9595227
2018-12-06 02:45:00,3.38,2.0010781
2018-12-06 03:00:00,3.31,1.8404576
2018-12-06 03:15:00,3.35,1.6798775
2018-12-06 03:30:00,3.35,1.582612
2018-12-06 03:45:00,3.38,1.6269438
2018-12-06 04:00:00,3.42,1.7886302
2018-12-06 04:15:00,3.31,1.8228436
2018-12-06 04:30:00,4.61,1.8857495
2018-12-06 04:45:00,5.04,1.9120715
2018-12-06 05:00:00,4.07,1.9902154
2018-12-06 05:15:00,3.71,1.9651031
2018-12-06 05:30:00,3.31,1.9171028
2018-12-06 05:45:00,3.31,1.8320185
2018-12-06 06:00:00,3.38,1.7082489
2018-12-06 06:15:00,3.31,1.6584234
2018-12-06 06:30:00,3.28,2.1427205
2018-12-06 06:45:00,3.31,2.4054413
2018-12-06 07:00:00,3.24,2.0551841
2018-12-06 07:15:00,3.28,1.7624128
2018-12-06 07:30:00,3.46,1.5378962
2018-12-06 07:45:00,4.21,1.8211987
2018-12-06 08:00:00,6.44,2.0276763
2018-12-06 08:15:00,32.29,18.80911
2018-12-06 08:30:00,64.98,51.227966
2018-12-06 08:45:00,60.84,54.972523
2018-12-06 09:00:00,59.87,49.166573
2018-12-06 09:15:00,67.0,69.17028
2018-12-06 09:30:00,71.17,56.914165
2018-12-06 09:45:00,76.86,53.631573
2018-12-06 10:00:00,66.67,51.50706
2018-12-06 10:15:00,63.18,49.145466
2018-12-06 10:30:00,68.87,50.347298
2018-12-06 10:45:00,71.06,50.509216
2018-12-06 11:00:00,62.78,52.329502
2018-12-06 11:15:00,60.88,53.055523
2018-12-06 11:30:00,74.45,50.623146
2018-12-06 11:45:00,67.82,46.359814
2018-12-06 12:00:00,69.26,36.949535
2018-12-06 12:15:00,9.94,4.8105464
2018-12-06 12:30:00,6.88,3.476935
2018-12-06 12:45:00,7.02,3.7695017
2018-12-06 13:00:00,6.95,9.497773
2018-12-06 13:15:00,35.78,32.650486
2018-12-06 13:30:00,61.78,41.637432
2018-12-06 13:45:00,60.8,42.135117
2018-12-06 14:00:00,71.78,44.898422
2018-12-06 14:15:00,72.11,43.337025
2018-12-06 14:30:00,68.22,43.36743
2018-12-06 14:45:00,73.44,42.936882
2018-12-06 15:00:00,56.88,44.958897
2018-12-06 15:15:00,50.29,46.443394
2018-12-06 15:30:00,48.78,46.746216
2018-12-06 15:45:00,48.96,48.11617
2018-12-06 16:00:00,49.97,49.841103
2018-12-06 16:15:00,62.28,48.97913
2018-12-06 16:30:00,47.95,49.06863
2018-12-06 16:45:00,57.35,47.453045
2018-12-06 17:00:00,47.77,48.147434
2018-12-06 17:15:00,48.6,46.875103
2018-12-06 17:30:00,57.46,44.39215
2018-12-06 17:45:00,31.86,41.91776
2018-12-06 18:00:00,31.61,31.966726
2018-12-06 18:15:00,36.61,21.277533
2018-12-06 18:30:00,40.07,20.178143
2018-12-06 18:45:00,37.87,19.312984
2018-12-06 19:00:00,47.23,18.323076
2018-12-06 19:15:00,53.03,19.784906
2018-12-06 19:30:00,38.63,21.5124
2018-12-06 19:45:00,37.51,24.413649
2018-12-06 20:00:00,38.3,26.892355
2018-12-06 20:15:00,54.36,22.2137
2018-12-06 20:30:00,38.84,19.130173
2018-12-06 20:45:00,27.72,13.146367
2018-12-06 21:00:00,8.86,5.674887
2018-12-06 21:15:00,5.51,3.0590272
2018-12-06 21:30:00,5.58,2.3697987
2018-12-06 21:45:00,5.62,2.3436556
2018-12-06 22:00:00,5.54,1.7815422
2018-12-06 22:15:00,5.26,12.338581
2018-12-06 22:30:00,5.22,12.25816
2018-12-06 22:45:00,5.26,12.176335
2018-12-06 23:00:00,4.18,12.0626745
2018-12-06 23:15:00,3.96,1.9512998
2018-12-06 23:30:00,4.0,1.8710363
2018-12-06 23:45:00,4.0,1.7961063
2018-12-07 00:00:00,4.03,2.1230695
2018-12-07 00:15:00,3.96,2.010949
2018-12-07 00:30:00,4.03,2.1364024
2018-12-07 00:45:00,4.03,2.2280958
2018-12-07 01:00:00,4.0,1.91347
2018-12-07 01:15:00,4.03,1.750487
2018-12-07 01:30:00,4.03,1.7211776
2018-12-07 01:45:00,4.03,1.7078509
2018-12-07 02:00:00,4.1,1.7705641
2018-12-07 02:15:00,4.0,1.6566275
2018-12-07 02:30:00,4.72,1.6063577
2018-12-07 02:45:00,4.79,1.6580875
2018-12-07 03:00:00,4.14,1.7140279
2018-12-07 03:15:00,4.07,1.7744162
2018-12-07 03:30:00,4.03,1.8233558
2018-12-07 03:45:00,4.0,1.8690209
2018-12-07 04:00:00,3.42,1.9205492
2018-12-07 04:15:00,3.49,1.9097064
2018-12-07 04:30:00,3.46,2.2539902
2018-12-07 04:45:00,3.38,2.4805787
2018-12-07 05:00:00,3.42,2.290039
2018-12-07 05:15:00,3.42,2.1363504
2018-12-07 05:30:00,3.74,1.8706894
2018-12-07 05:45:00,4.07,1.7197561
2018-12-07 06:00:00,3.49,1.5125449
2018-12-07 06:15:00,3.42,1.3894994
2018-12-07 06:30:00,3.64,1.3329012
2018-12-07 06:45:00,4.1,1.3556535
2018-12-07 07:00:00,4.0,1.3318996
2018-12-07 07:15:00,4.0,1.4299967
2018-12-07 07:30:00,3.82,1.5714115
2018-12-07 07:45:00,4.54,1.8991331
2018-12-07 08:00:00,4.79,2.7495623
2018-12-07 08:15:00,47.66,22.78103
2018-12-07 08:30:00,60.19,50.796406
2018-12-07 08:45:00,60.19,54.316418
2018-12-07 09:00:00,53.32,47.801872
2018-12-07 09:15:00,58.86,67.15878
2018-12-07 09:30:00,49.5,56.43624
2018-12-07 09:45:00,48.42,53.557392
2018-12-07 10:00:00,62.78,50.242508
2018-12-07 10:15:00,48.02,49.968613
2018-12-07 10:30:00,46.22,49.97554
2018-12-07 10:45:00,57.46,49.89458
2018-12-07 11:00:00,48.78,48.82066
2018-12-07 11:15:00,47.02,49.1257
2018-12-07 11:30:00,58.0,52.39212
2018-12-07 11:45:00,51.48,50.3118
2018-12-07 12:00:00,44.28,50.40577
2018-12-07 12:15:00,26.6,5.059767
2018-12-07 12:30:00,12.49,3.552889
2018-12-07 12:45:00,9.79,2.9629092
2018-12-07 13:00:00,10.76,3.5217261
2018-12-07 13:15:00,44.06,14.619446
2018-12-07 13:30:00,49.82,43.93503
2018-12-07 13:45:00,54.36,43.27611
2018-12-07 14:00:00,55.98,44.099644
2018-12-07 14:15:00,56.48,43.403557
2018-12-07 14:30:00,47.41,42.24537
2018-12-07 14:45:00,47.95,42.660103
2018-12-07 15:00:00,58.86,42.390846
2018-12-07 15:15:00,50.08,42.96046
2018-12-07 15:30:00,51.88,43.91173
2018-12-07 15:45:00,53.82,44.83561
2018-12-07 16:00:00,49.9,45.77979
2018-12-07 16:15:00,57.1,47.847332
2018-12-07 16:30:00,50.33,46.17297
2018-12-07 16:45:00,68.54,47.25125
2018-12-07 17:00:00,60.12,43.29652
2018-12-07 17:15:00,72.11,46.99642
2018-12-07 17:30:00,46.33,47.863754
2018-12-07 17:45:00,34.16,36.268116
2018-12-07 18:00:00,30.35,32.308495
2018-12-07 18:15:00,42.48,33.581093
2018-12-07 18:30:00,52.85,36.260353
2018-12-07 18:45:00,58.97,37.149048
2018-12-07 19:00:00,57.17,41.79743
2018-12-07 19:15:00,44.39,44.21615
2018-12-07 19:30:00,47.84,39.577778
2018-12-07 19:45:00,54.07,37.659767
2018-12-07 20:00:00,43.38,36.490562
2018-12-07 20:15:00,57.64,35.52588
2018-12-07 20:30:00,41.72,30.18077
2018-12-07 20:45:00,31.9,23.324722
2018-12-07 21:00:00,19.69,6.793384
2018-12-07 21:15:00,5.62,2.6742244
2018-12-07 21:30:00,5.62,2.2000422
2018-12-07 21:45:00,5.15,2.1216645
2018-12-07 22:00:00,4.28,1.6412711
2018-12-07 22:15:00,4.0,8.854971
2018-12-07 22:30:00,4.07,8.45653
2018-12-07 22:45:00,4.03,8.317464
2018-12-07 23:00:00,4.0,8.189838
2018-12-07 23:15:00,3.96,2.3187697
2018-12-07 23:30:00,4.03,1.9744874
2018-12-07 23:45:00,4.0,1.6482773
2018-12-08 00:00:00,3.78,2.1187534
2018-12-08 00:15:00,4.0,2.0428848
2018-12-08 00:30:00,3.96,2.0337245
2018-12-08 00:45:00,4.0,2.0485752
2018-12-08 01:00:00,4.0,2.0524857
2018-12-08 01:15:00,5.15,2.0757072
2018-12-08 01:30:00,4.79,2.1072893
2018-12-08 01:45:00,3.96,2.140078
2018-12-08 02:00:00,3.96,2.1907473
2018-12-08 02:15:00,4.1,2.1846337
2018-12-08 02:30:00,4.0,2.2347293
2018-12-08 02:45:00,4.0,2.249524
2018-12-08 03:00:00,4.0,2.2310421
2018-12-08 03:15:00,3.96,2.1957333
2018-12-08 03:30:00,3.64,2.1731915
2018-12-08 03:45:00,3.38,2.1539152
2018-12-08 04:00:00,3.31,1.9928049
2018-12-08 04:15:00,3.35,1.9814975
2018-12-08 04:30:00,3.35,2.0005107
2018-12-08 04:45:00,3.42,2.031939
2018-12-08 05:00:00,3.49,2.0301833
2018-12-08 05:15:00,4.0,2.097886
2018-12-08 05:30:00,3.53,2.2196589
2018-12-08 05:45:00,3.35,2.3335834
2018-12-08 06:00:00,3.38,2.2863138
2018-12-08 06:15:00,4.03,2.2420325
2018-12-08 06:30:00,4.03,2.2548594
2018-12-08 06:45:00,4.0,2.2973764
2018-12-08 07:00:00,3.78,2.3277245
2018-12-08 07:15:00,3.35,2.280245
2018-12-08 07:30:00,3.31,2.2033656
2018-12-08 07:45:00,3.53,2.2301033
2018-12-08 08:00:00,3.67,2.3226948
2018-12-08 08:15:00,29.23,6.284073
2018-12-08 08:30:00,38.16,19.226896
2018-12-08 08:45:00,33.08,21.694206
2018-12-08 09:00:00,51.52,11.878603
2018-12-08 09:15:00,47.77,31.978174
2018-12-08 09:30:00,42.05,22.517836
2018-12-08 09:45:00,32.4,21.005367
2018-12-08 10:00:00,31.43,22.774426
2018-12-08 10:15:00,31.57,24.088682
2018-12-08 10:30:00,31.43,23.32773
2018-12-08 10:45:00,47.66,25.157574
2018-12-08 11:00:00,49.28,23.170252
2018-12-08 11:15:00,38.16,22.175459
2018-12-08 11:30:00,44.14,23.270012
2018-12-08 11:45:00,38.27,19.471928
2018-12-08 12:00:00,22.46,14.989634
2018-12-08 12:15:00,3.92,3.7034528
2018-12-08 12:30:00,4.57,3.314528
2018-12-08 12:45:00,5.36,2.9674351
2018-12-08 13:00:00,6.08,2.8985662
2018-12-08 13:15:00,34.09,3.3850036
2018-12-08 13:30:00,55.69,7.028781
2018-12-08 13:45:00,40.61,9.199869
2018-12-08 14:00:00,50.51,10.42322
2018-12-08 14:15:00,37.98,11.472686
2018-12-08 14:30:00,48.89,10.140025
2018-12-08 14:45:00,37.73,10.341131
2018-12-08 15:00:00,40.03,11.52688
2018-12-08 15:15:00,43.67,10.76522
2018-12-08 15:30:00,46.15,11.288866
2018-12-08 15:45:00,49.68,11.727503
2018-12-08 16:00:00,49.32,10.902655
2018-12-08 16:15:00,49.46,11.570759
2018-12-08 16:30:00,49.54,10.258721
2018-12-08 16:45:00,34.63,11.513179
2018-12-08 17:00:00,27.0,9.9583435
2018-12-08 17:15:00,9.9,20.952843
2018-12-08 17:30:00,5.22,16.859613
2018-12-08 17:45:00,5.29,11.867272
2018-12-08 18:00:00,5.22,10.865285
2018-12-08 18:15:00,5.18,11.626286
2018-12-08 18:30:00,5.15,15.903096
2018-12-08 18:45:00,5.33,18.791883
2018-12-08 19:00:00,5.15,19.003496
2018-12-08 19:15:00,4.1,16.472893
2018-12-08 19:30:00,4.14,16.446354
2018-12-08 19:45:00,4.1,17.1597
2018-12-08 20:00:00,4.14,14.997746
2018-12-08 20:15:00,4.1,6.223356
2018-12-08 20:30:00,4.03,3.3487465
2018-12-08 20:45:00,4.14,2.0208426
2018-12-08 21:00:00,4.1,2.1857226
2018-12-08 21:15:00,4.14,2.0426273
2018-12-08 21:30:00,4.1,2.3150082
2018-12-08 21:45:00,4.14,2.4721646
2018-12-08 22:00:00,4.1,2.3756015
2018-12-08 22:15:00,3.82,7.818264
2018-12-08 22:30:00,3.89,7.6719227
2018-12-08 22:45:00,5.0,7.314708
2018-12-08 23:00:00,4.75,6.722584
2018-12-08 23:15:00,3.82,2.058438
2018-12-08 23:30:00,3.71,1.9312394
2018-12-08 23:45:00,3.82,1.8007854
2018-12-09 00:00:00,3.17,2.012742
2018-12-09 00:15:00,3.74,1.943161
2018-12-09 00:30:00,3.74,1.9039223
2018-12-09 00:45:00,3.82,1.8957771
2018-12-09 01:00:00,3.85,1.9506096
2018-12-09 01:15:00,3.78,2.0154564
2018-12-09 01:30:00,3.82,2.0279608
2018-12-09 01:45:00,3.78,2.0223827
2018-12-09 02:00:00,3.78,1.9936371
2018-12-09 02:15:00,3.17,2.0140998
2018-12-09 02:30:00,3.13,2.048428
2018-12-09 02:45:00,3.35,2.0908103
2018-12-09 03:00:00,3.67,2.1102326
2018-12-09 03:15:00,3.02,2.1579525
2018-12-09 03:30:00,3.13,2.1885324
2018-12-09 03:45:00,3.06,2.2174478
2018-12-09 04:00:00,3.06,2.2680612
2018-12-09 04:15:00,3.06,2.2875252
2018-12-09 04:30:00,3.2,2.3304372
2018-12-09 04:45:00,3.78,2.3803816
2018-12-09 05:00:00,3.78,2.3842216
2018-12-09 05:15:00,3.74,2.463508
2018-12-09 05:30:00,3.74,2.4809713
2018-12-09 05:45:00,3.13,2.5021374
2018-12-09 06:00:00,3.74,2.453835
2018-12-09 06:15:00,3.56,2.5482674
2018-12-09 06:30:00,3.1,2.528811
2018-12-09 06:45:00,2.95,2.4607065
2018-12-09 07:00:00,3.06,2.4214368
2018-12-09 07:15:00,3.02,2.373936
2018-12-09 07:30:00,2.95,2.368593
2018-12-09 07:45:00,3.02,2.374781
2018-12-09 08:00:00,2.99,2.3771071
2018-12-09 08:15:00,3.13,3.0466428
2018-12-09 08:30:00,3.74,4.210471
2018-12-09 08:45:00,3.82,6.477249
2018-12-09 09:00:00,3.96,7.236443
2018-12-09 09:15:00,4.03,3.9273124
2018-12-09 09:30:00,3.35,2.6821356
2018-12-09 09:45:00,3.31,2.0027258
2018-12-09 10:00:00,3.89,2.331729
2018-12-09 10:15:00,4.03,2.5376127
2018-12-09 10:30:00,3.31,2.5466087
2018-12-09 10:45:00,3.35,2.3958044
2018-12-09 11:00:00,3.42,2.3538945
2018-12-09 11:15:00,3.35,2.2756193
2018-12-09 11:30:00,3.31,2.2484825
2018-12-09 11:45:00,3.38,2.3727984
2018-12-09 12:00:00,3.89,2.701386
2018-12-09 12:15:00,4.18,2.0140352
2018-12-09 12:30:00,4.1,2.4698212
2018-12-09 12:45:00,4.1,2.8286963
2018-12-09 13:00:00,3.6,2.8720963
2018-12-09 13:15:00,3.42,3.181686
2018-12-09 13:30:00,3.42,2.3522148
2018-12-09 13:45:00,3.35,1.8484952
2018-12-09 14:00:00,3.92,1.9388796
2018-12-09 14:15:00,3.78,1.8343941
2018-12-09 14:30:00,3.42,2.0057852
2018-12-09 14:45:00,3.38,2.2436306
2018-12-09 15:00:00,3.46,2.5252078
2018-12-09 15:15:00,3.42,2.487978
2018-12-09 15:30:00,3.53,2.3544664
2018-12-09 15:45:00,4.07,2.2367563
2018-12-09 16:00:00,4.03,2.319334
2018-12-09 16:15:00,4.14,2.3509262
2018-12-09 16:30:00,4.0,2.4108915
2018-12-09 16:45:00,3.31,2.5435884
2018-12-09 17:00:00,3.35,2.7190351
2018-12-09 17:15:00,3.49,2.4925308
2018-12-09 17:30:00,4.1,2.0566094
2018-12-09 17:45:00,3.64,2.071642
2018-12-09 18:00:00,3.24,2.3933167
2018-12-09 18:15:00,3.28,2.6250167
2018-12-09 18:30:00,3.31,2.644148
2018-12-09 18:45:00,3.42,2.5486856
2018-12-09 19:00:00,3.64,2.4586873
2018-12-09 19:15:00,4.07,2.2885995
2018-12-09 19:30:00,4.03,2.1833696
2018-12-09 19:45:00,4.03,2.098025
2018-12-09 20:00:00,4.0,2.0936165
2018-12-09 20:15:00,3.31,2.0037785
2018-12-09 20:30:00,3.31,1.9247707
2018-12-09 20:45:00,3.35,1.8626221
2018-12-09 21:00:00,3.35,1.9387634
2018-12-09 21:15:00,3.67,1.917256
2018-12-09 21:30:00,4.14,1.9099414
2018-12-09 21:45:00,3.38,1.9087878
2018-12-09 22:00:00,3.28,2.011598
2018-12-09 22:15:00,3.13,1.9951614
2018-12-09 22:30:00,3.17,1.9852926
2018-12-09 22:45:00,3.78,1.9875844
2018-12-09 23:00:00,3.78,2.0241401
2018-12-09 23:15:00,3.74,1.9576397
2018-12-09 23:30:00,3.74,1.931355
2018-12-09 23:45:00,3.46,1.9280937
2018-12-10 00:00:00,5.36,1.7980778
2018-12-10 00:15:00,3.06,1.8636477
2018-12-10 00:30:00,3.02,1.8823092
2018-12-10 00:45:00,3.31,1.8962147
2018-12-10 01:00:00,3.85,1.9043417
2018-12-10 01:15:00,3.42,1.8716788
2018-12-10 01:30:00,3.1,1.857813
2018-12-10 01:45:00,3.1,1.8345885
2018-12-10 02:00:00,3.17,1.8322818
2018-12-10 02:15:00,3.31,1.6725116
2018-12-10 02:30:00,3.82,1.5976763
2018-12-10 02:45:00,3.78,1.6270115
2018-12-10 03:00:00,3.82,1.7577045
2018-12-10 03:15:00,3.74,1.6218657
2018-12-10 03:30:00,3.1,1.5896258
2018-12-10 03:45:00,3.2,1.5625013
2018-12-10 04:00:00,3.1,1.6216772
2018-12-10 04:15:00,3.13,1.6250277
2018-12-10 04:30:00,3.17,1.6656257
2018-12-10 04:45:00,3.49,1.8227255
2018-12-10 05:00:00,3.74,1.9196272
2018-12-10 05:15:00,3.13,1.8942286
2018-12-10 05:30:00,3.1,1.8517587
2018-12-10 05:45:00,3.82,1.6548755
2018-12-10 06:00:00,3.82,1.7722788
2018-12-10 06:15:00,3.85,1.7323841
2018-12-10 06:30:00,3.82,1.5770903
2018-12-10 06:45:00,3.46,1.473768
2018-12-10 07:00:00,3.06,1.513383
2018-12-10 07:15:00,3.13,1.5233977
2018-12-10 07:30:00,3.56,1.5513589
2018-12-10 07:45:00,5.87,1.6406975
2018-12-10 08:00:00,6.8,1.77713
2018-12-10 08:15:00,33.48,1.9096415
2018-12-10 08:30:00,61.06,2.15789
2018-12-10 08:45:00,58.36,2.3282619
2018-12-10 09:00:00,68.62,2.337846
2018-12-10 09:15:00,69.23,36.946537
2018-12-10 09:30:00,70.78,38.534107
2018-12-10 09:45:00,61.74,39.327126
2018-12-10 10:00:00,72.0,39.588253
2018-12-10 10:15:00,56.2,53.65002
2018-12-10 10:30:00,56.02,53.087376
2018-12-10 10:45:00,63.9,52.170406
2018-12-10 11:00:00,68.47,50.82736
2018-12-10 11:15:00,61.56,49.5217
2018-12-10 11:30:00,70.31,48.42248
2018-12-10 11:45:00,62.42,47.72254
2018-12-10 12:00:00,44.75,47.881977
2018-12-10 12:15:00,9.11,33.32349
2018-12-10 12:30:00,10.33,34.942085
2018-12-10 12:45:00,11.45,36.830746
2018-12-10 13:00:00,11.09,37.799297
2018-12-10 13:15:00,42.66,38.944893
2018-12-10 13:30:00,72.9,39.91326
2018-12-10 13:45:00,71.03,40.53008
2018-12-10 14:00:00,67.32,41.04317
2018-12-10 14:15:00,64.22,41.487648
2018-12-10 14:30:00,69.91,41.014362
2018-12-10 14:45:00,51.23,40.076477
2018-12-10 15:00:00,58.39,38.49486
2018-12-10 15:15:00,69.62,37.292233
2018-12-10 15:30:00,66.71,36.25217
2018-12-10 15:45:00,65.99,36.02735
2018-12-10 16:00:00,64.98,35.66387
2018-12-10 16:15:00,64.55,36.26128
2018-12-10 16:30:00,63.72,36.32217
2018-12-10 16:45:00,66.53,36.0794
2018-12-10 17:00:00,62.57,34.908905
2018-12-10 17:15:00,63.72,48.62092
2018-12-10 17:30:00,58.64,48.204117
2018-12-10 17:45:00,60.12,47.243504
2018-12-10 18:00:00,24.73,45.219864
2018-12-10 18:15:00,5.47,43.1726
2018-12-10 18:30:00,4.5,41.033195
2018-12-10 18:45:00,4.46,39.042446
2018-12-10 19:00:00,4.46,37.14384
2018-12-10 19:15:00,4.75,36.279663
2018-12-10 19:30:00,5.69,35.737247
2018-12-10 19:45:00,5.62,35.412487
2018-12-10 20:00:00,4.46,34.86318
2018-12-10 20:15:00,4.46,21.128473
2018-12-10 20:30:00,4.5,19.911032
2018-12-10 20:45:00,4.43,18.425234
2018-12-10 21:00:00,4.46,15.575262
2018-12-10 21:15:00,4.5,14.074916
2018-12-10 21:30:00,4.57,13.0587225
2018-12-10 21:45:00,4.54,11.122739
2018-12-10 22:00:00,4.46,7.8029222
2018-12-10 22:15:00,4.28,19.84747
2018-12-10 22:30:00,4.25,17.942677
2018-12-10 22:45:00,4.32,16.854643
2018-12-10 23:00:00,4.18,15.770517
2018-12-10 23:15:00,4.18,2.1280444
2018-12-10 23:30:00,4.21,2.0976944
2018-12-10 23:45:00,4.28,1.807529
2018-12-11 00:00:00,4.18,2.6571891
2018-12-11 00:15:00,4.86,2.1493084
2018-12-11 00:30:00,4.21,1.9210532
2018-12-11 00:45:00,4.18,1.8756654
2018-12-11 01:00:00,4.21,2.0212674
2018-12-11 01:15:00,4.32,1.8558111
2018-12-11 01:30:00,4.25,1.6595044
2018-12-11 01:45:00,4.18,1.5710897
2018-12-11 02:00:00,4.21,1.6101108
2018-12-11 02:15:00,4.28,1.6755922
2018-12-11 02:30:00,4.25,1.8693345
2018-12-11 02:45:00,4.21,1.9492264
2018-12-11 03:00:00,3.56,2.0627003
2018-12-11 03:15:00,3.56,2.0277352
2018-12-11 03:30:00,3.53,1.8027122
2018-12-11 03:45:00,3.53,1.7092073
2018-12-11 04:00:00,3.85,1.7565799
2018-12-11 04:15:00,4.18,1.686234
2018-12-11 04:30:00,3.49,1.6284258
2018-12-11 04:45:00,3.56,1.6475203
2018-12-11 05:00:00,3.56,1.8237723
2018-12-11 05:15:00,3.74,1.6612208
2018-12-11 05:30:00,4.18,1.5994425
2018-12-11 05:45:00,4.25,1.7601023
2018-12-11 06:00:00,4.28,1.8852656
2018-12-11 06:15:00,3.56,1.858209
2018-12-11 06:30:00,3.53,1.7658219
2018-12-11 06:45:00,3.6,1.5755372
2018-12-11 07:00:00,3.49,1.3871956
2018-12-11 07:15:00,4.1,1.3325447
2018-12-11 07:30:00,4.07,1.4405
2018-12-11 07:45:00,4.86,2.2412086
2018-12-11 08:00:00,14.83,2.8775525
2018-12-11 08:15:00,44.21,27.68127
2018-12-11 08:30:00,54.04,50.693695
2018-12-11 08:45:00,61.74,52.67474
2018-12-11 09:00:00,69.48,44.531437
2018-12-11 09:15:00,75.38,62.613644
2018-12-11 09:30:00,71.82,53.85364
2018-12-11 09:45:00,71.24,49.850307
2018-12-11 10:00:00,54.86,49.571953
2018-12-11 10:15:00,66.13,46.982475
2018-12-11 10:30:00,73.08,46.734406
2018-12-11 10:45:00,77.51,48.44239
2018-12-11 11:00:00,72.54,49.833027
2018-12-11 11:15:00,63.83,48.94244
2018-12-11 11:30:00,67.07,50.91437
2018-12-11 11:45:00,84.24,48.36035
2018-12-11 12:00:00,72.79,37.957302
2018-12-11 12:15:00,7.96,4.4439683
2018-12-11 12:30:00,5.8,3.969619
2018-12-11 12:45:00,6.98,4.4426675
2018-12-11 13:00:00,6.95,5.3199267
2018-12-11 13:15:00,38.45,24.003452
2018-12-11 13:30:00,59.36,45.383366
2018-12-11 13:45:00,66.02,43.800674
2018-12-11 14:00:00,80.28,43.352688
2018-12-11 14:15:00,75.53,42.345436
2018-12-11 14:30:00,72.0,42.117928
2018-12-11 14:45:00,72.61,40.64712
2018-12-11 15:00:00,78.55,42.532894
2018-12-11 15:15:00,73.98,44.186752
2018-12-11 15:30:00,76.79,44.944244
2018-12-11 15:45:00,80.46,46.03877
2018-12-11 16:00:00,68.11,47.32177
2018-12-11 16:15:00,71.68,48.325954
2018-12-11 16:30:00,69.8,48.409847
2018-12-11 16:45:00,75.46,48.101265
2018-12-11 17:00:00,70.27,46.454338
2018-12-11 17:15:00,78.48,49.25756
2018-12-11 17:30:00,66.78,46.693073
2018-12-11 17:45:00,32.11,45.532604
2018-12-11 18:00:00,31.25,28.250856
2018-12-11 18:15:00,36.4,20.108526
2018-12-11 18:30:00,39.56,19.209385
2018-12-11 18:45:00,51.44,17.80008
2018-12-11 19:00:00,51.52,16.084768
2018-12-11 19:15:00,53.57,15.843823
2018-12-11 19:30:00,52.81,19.343065
2018-12-11 19:45:00,52.38,22.98082
2018-12-11 20:00:00,53.21,25.284763
2018-12-11 20:15:00,51.91,21.469522
2018-12-11 20:30:00,53.46,19.605042
2018-12-11 20:45:00,32.36,13.427474
2018-12-11 21:00:00,28.37,5.273353
2018-12-11 21:15:00,6.77,2.4590046
2018-12-11 21:30:00,5.69,1.8938155
2018-12-11 21:45:00,5.8,1.9569173
2018-12-11 22:00:00,5.69,1.4965227
2018-12-11 22:15:00,5.47,10.374766
2018-12-11 22:30:00,5.44,10.277212
2018-12-11 22:45:00,4.97,10.158696
2018-12-11 23:00:00,4.36,10.056415
2018-12-11 23:15:00,4.25,2.2866673
2018-12-11 23:30:00,4.21,2.1574607
2018-12-11 23:45:00,4.14,1.9650466
2018-12-12 00:00:00,4.21,2.0404613
2018-12-12 00:15:00,4.21,2.0845165
2018-12-12 00:30:00,4.14,1.8782415
2018-12-12 00:45:00,4.14,1.7787218
2018-12-12 01:00:00,4.14,1.8594781
2018-12-12 01:15:00,4.21,1.8738908
2018-12-12 01:30:00,4.18,1.8577796
2018-12-12 01:45:00,4.75,1.8329983
2018-12-12 02:00:00,5.33,1.9469538
2018-12-12 02:15:00,4.25,1.963672
2018-12-12 02:30:00,4.25,1.9588374
2018-12-12 02:45:00,4.18,1.9411471
2018-12-12 03:00:00,4.21,1.88914
2018-12-12 03:15:00,4.18,1.8401549
2018-12-12 03:30:00,4.18,1.8268632
2018-12-12 03:45:00,4.25,1.8280286
2018-12-12 04:00:00,4.18,2.0184264
2018-12-12 04:15:00,4.03,2.1108418
2018-12-12 04:30:00,3.46,1.9432954
2018-12-12 04:45:00,3.46,1.7972095
2018-12-12 05:00:00,3.53,1.7009147
2018-12-12 05:15:00,3.46,1.6379628
2018-12-12 05:30:00,3.49,1.7145239
2018-12-12 05:45:00,4.0,1.7285092
2018-12-12 06:00:00,4.25,1.7287439
2018-12-12 06:15:00,3.85,1.4555607
2018-12-12 06:30:00,3.42,1.3295382
2018-12-12 06:45:00,3.42,1.2808027
2018-12-12 07:00:00,3.96,1.1771674
2018-12-12 07:15:00,4.1,1.3205208
2018-12-12 07:30:00,4.32,1.3449879
2018-12-12 07:45:00,5.83,1.6344206
2018-12-12 08:00:00,5.8,6.2465634
2018-12-12 08:15:00,36.86,38.14857
2018-12-12 08:30:00,60.37,50.871853
2018-12-12 08:45:00,66.46,52.34702
2018-12-12 09:00:00,69.05,39.82494
2018-12-12 09:15:00,63.86,60.020317
2018-12-12 09:30:00,65.59,52.95468
2018-12-12 09:45:00,60.98,50.6395
2018-12-12 10:00:00,65.74,46.118076
2018-12-12 10:15:00,57.17,49.015327
2018-12-12 10:30:00,64.55,49.159008
2018-12-12 10:45:00,53.42,49.947014
2018-12-12 11:00:00,65.88,49.920895
2018-12-12 11:15:00,57.71,48.48396
2018-12-12 11:30:00,59.76,49.336178
2018-12-12 11:45:00,79.85,53.416943
2018-12-12 12:00:00,49.64,50.549404
2018-12-12 12:15:00,27.97,4.3746567
2018-12-12 12:30:00,29.74,3.6823974
2018-12-12 12:45:00,29.56,3.1652877
2018-12-12 13:00:00,29.3,3.8278809
2018-12-12 13:15:00,58.86,16.688883
2018-12-12 13:30:00,61.78,43.574192
2018-12-12 13:45:00,77.0,44.175106
2018-12-12 14:00:00,65.56,45.32144
2018-12-12 14:15:00,86.51,44.403988
2018-12-12 14:30:00,60.44,43.449078
2018-12-12 14:45:00,64.8,43.928143
2018-12-12 15:00:00,72.18,45.86333
2018-12-12 15:15:00,69.08,47.776302
2018-12-12 15:30:00,66.17,49.895077
2018-12-12 15:45:00,61.67,50.85368
2018-12-12 16:00:00,70.6,49.945736
2018-12-12 16:15:00,68.36,49.941795
2018-12-12 16:30:00,75.1,49.07717
2018-12-12 16:45:00,66.13,48.617775
2018-12-12 17:00:00,70.7,47.21752
2018-12-12 17:15:00,60.7,49.989906
2018-12-12 17:30:00,57.92,47.338867
2018-12-12 17:45:00,32.9,33.86132
2018-12-12 18:00:00,30.53,29.707716
2018-12-12 18:15:00,49.9,30.310633
2018-12-12 18:30:00,67.25,32.92714
2018-12-12 18:45:00,69.37,41.69518
2018-12-12 19:00:00,65.99,43.910755
2018-12-12 19:15:00,66.02,44.195
2018-12-12 19:30:00,60.19,43.27134
2018-12-12 19:45:00,58.54,42.030056
2018-12-12 20:00:00,61.85,40.559643
2018-12-12 20:15:00,67.07,35.679283
2018-12-12 20:30:00,58.82,34.608017
2018-12-12 20:45:00,53.35,25.314991
2018-12-12 21:00:00,30.35,17.957819
2018-12-12 21:15:00,12.2,4.3438535
2018-12-12 21:30:00,5.8,2.0967197
2018-12-12 21:45:00,5.76,2.2987866
2018-12-12 22:00:00,5.65,1.9555016
2018-12-12 22:15:00,5.04,8.775765
2018-12-12 22:30:00,4.25,7.8863673
2018-12-12 22:45:00,4.25,7.284687
2018-12-12 23:00:00,4.21,7.0741563
2018-12-12 23:15:00,4.14,1.5374458
2018-12-12 23:30:00,4.1,1.2889669
2018-12-12 23:45:00,4.1,1.0254
2018-12-13 00:00:00,5.26,1.8761446
2018-12-13 00:15:00,4.1,1.6865549
2018-12-13 00:30:00,4.18,1.4586842
2018-12-13 00:45:00,4.21,1.346342
2018-12-13 01:00:00,4.14,1.489567
2018-12-13 01:15:00,4.28,1.5774904
2018-12-13 01:30:00,4.18,1.6410854
2018-12-13 01:45:00,4.25,1.7894988
2018-12-13 02:00:00,5.36,2.02379
2018-12-13 02:15:00,4.79,1.8953142
2018-12-13 02:30:00,4.25,1.8308454
2018-12-13 02:45:00,4.18,1.7518524
2018-12-13 03:00:00,4.21,1.7912372
2018-12-13 03:15:00,4.18,1.7070884
2018-12-13 03:30:00,4.21,1.6731544
2018-12-13 03:45:00,4.21,1.6904936
2018-12-13 04:00:00,4.21,1.8464911
2018-12-13 04:15:00,4.18,1.8507357
2018-12-13 04:30:00,4.21,1.7575252
2018-12-13 04:45:00,4.21,1.7716615
2018-12-13 05:00:00,4.18,1.9165183
2018-12-13 05:15:00,3.67,1.9210513
2018-12-13 05:30:00,3.42,1.9101131
2018-12-13 05:45:00,3.89,2.0330045
2018-12-13 06:00:00,4.32,2.0361173
2018-12-13 06:15:00,3.46,1.9167662
2018-12-13 06:30:00,3.38,1.694685
2018-12-13 06:45:00,3.38,1.5953643
2018-12-13 07:00:00,3.42,1.647845
2018-12-13 07:15:00,3.42,1.7805872
2018-12-13 07:30:00,3.71,1.9090056
2018-12-13 07:45:00,5.69,2.4765115
2018-12-13 08:00:00,6.23,2.8544693
2018-12-13 08:15:00,35.57,29.628584
2018-12-13 08:30:00,72.86,52.454777
2018-12-13 08:45:00,61.74,56.10323
2018-12-13 09:00:00,76.36,47.724773
2018-12-13 09:15:00,63.11,65.12765
2018-12-13 09:30:00,65.66,55.825726
2018-12-13 09:45:00,72.07,52.39231
2018-12-13 10:00:00,56.84,51.578976
2018-12-13 10:15:00,69.3,50.14898
2018-12-13 10:30:00,65.66,50.84449
2018-12-13 10:45:00,85.43,48.48566
2018-12-13 11:00:00,53.17,52.0469
2018-12-13 11:15:00,55.4,50.515026
2018-12-13 11:30:00,60.08,50.677784
2018-12-13 11:45:00,58.0,55.311214
2018-12-13 12:00:00,51.3,43.526283
2018-12-13 12:15:00,11.38,13.702147
2018-12-13 12:30:00,10.91,10.553718
2018-12-13 12:45:00,30.1,9.847703
2018-12-13 13:00:00,36.4,10.099135
2018-12-13 13:15:00,41.69,34.69391
2018-12-13 13:30:00,56.92,48.07488
2018-12-13 13:45:00,46.66,53.81091
2018-12-13 14:00:00,52.52,54.259068
2018-12-13 14:15:00,58.25,58.984623
2018-12-13 14:30:00,72.61,55.570747
2018-12-13 14:45:00,66.24,57.023994
2018-12-13 15:00:00,73.08,57.913815
2018-12-13 15:15:00,60.52,56.62868
2018-12-13 15:30:00,59.87,55.398895
2018-12-13 15:45:00,63.5,53.983578
2018-12-13 16:00:00,60.52,54.698654
2018-12-13 16:15:00,88.92,53.21608
2018-12-13 16:30:00,105.37,53.110226
2018-12-13 16:45:00,102.89,50.2569
2018-12-13 17:00:00,77.83,50.275936
2018-12-13 17:15:00,67.18,51.718834
2018-12-13 17:30:00,70.13,50.243168
2018-12-13 17:45:00,31.72,37.773968
2018-12-13 18:00:00,31.5,31.954956
2018-12-13 18:15:00,54.79,38.88994
2018-12-13 18:30:00,77.04,49.604454
2018-12-13 18:45:00,79.63,50.83878
2018-12-13 19:00:00,80.46,49.444218
2018-12-13 19:15:00,71.89,48.44046
2018-12-13 19:30:00,78.52,46.1624
2018-12-13 19:45:00,52.31,44.598846
2018-12-13 20:00:00,61.16,43.73005
2018-12-13 20:15:00,61.6,40.206844
2018-12-13 20:30:00,49.68,37.17604
2018-12-13 20:45:00,41.54,34.500942
2018-12-13 21:00:00,20.16,22.79919
2018-12-13 21:15:00,6.16,6.6824985
2018-12-13 21:30:00,5.69,2.5792682
2018-12-13 21:45:00,5.69,2.4965248
2018-12-13 22:00:00,5.65,2.2122176
2018-12-13 22:15:00,5.47,9.87022
2018-12-13 22:30:00,5.4,8.808588
2018-12-13 22:45:00,5.36,8.070919
2018-12-13 23:00:00,5.36,7.56274
2018-12-13 23:15:00,5.26,1.709481
2018-12-13 23:30:00,5.22,1.4397252
2018-12-13 23:45:00,5.18,1.1915231
2018-12-14 00:00:00,4.1,2.1110518
2018-12-14 00:15:00,5.33,1.6603503
2018-12-14 00:30:00,5.29,1.5221739
2018-12-14 00:45:00,5.26,1.5320432
2018-12-14 01:00:00,5.29,1.6199193
2018-12-14 01:15:00,5.26,1.7284474
2018-12-14 01:30:00,5.36,1.79756
2018-12-14 01:45:00,5.33,1.8707092
2018-12-14 02:00:00,4.79,2.1605678
2018-12-14 02:15:00,4.14,2.1205404
2018-12-14 02:30:00,4.18,2.020078
2018-12-14 02:45:00,4.21,2.0060954
2018-12-14 03:00:00,4.18,1.987014
2018-12-14 03:15:00,4.25,1.999541
2018-12-14 03:30:00,4.18,1.9313623
2018-12-14 03:45:00,4.14,1.8184974
2018-12-14 04:00:00,4.28,1.7537092
2018-12-14 04:15:00,4.18,1.7248257
2018-12-14 04:30:00,4.18,1.7494531
2018-12-14 04:45:00,4.1,1.7851104
2018-12-14 05:00:00,4.46,1.8222315
2018-12-14 05:15:00,5.4,1.7157192
2018-12-14 05:30:00,4.5,1.6429896
2018-12-14 05:45:00,4.18,1.7767565
2018-12-14 06:00:00,4.14,1.9804773
2018-12-14 06:15:00,4.14,1.8429217
2018-12-14 06:30:00,3.49,1.7966617
2018-12-14 06:45:00,3.42,1.816044
2018-12-14 07:00:00,3.35,1.7561047
2018-12-14 07:15:00,3.35,1.7308205
2018-12-14 07:30:00,4.25,1.7778692
2018-12-14 07:45:00,6.52,2.445334
2018-12-14 08:00:00,7.38,2.8069696
2018-12-14 08:15:00,36.22,26.33066
2018-12-14 08:30:00,94.18,52.498135
2018-12-14 08:45:00,97.88,54.344078
2018-12-14 09:00:00,134.5,49.00459
2018-12-14 09:15:00,93.67,65.75382
2018-12-14 09:30:00,109.26,55.563858
2018-12-14 09:45:00,128.34,53.089417
2018-12-14 10:00:00,81.47,48.9609
2018-12-14 10:15:00,109.69,51.283363
2018-12-14 10:30:00,120.67,49.543766
2018-12-14 10:45:00,92.81,51.428947
2018-12-14 11:00:00,91.58,46.176746
2018-12-14 11:15:00,104.9,47.891846
2018-12-14 11:30:00,124.2,49.396915
2018-12-14 11:45:00,88.85,48.075836
2018-12-14 12:00:00,132.01,43.3336
2018-12-14 12:15:00,13.61,5.1952157
2018-12-14 12:30:00,9.86,3.9248185
2018-12-14 12:45:00,9.61,7.912315
2018-12-14 13:00:00,9.43,14.160051
2018-12-14 13:15:00,86.98,31.936306
2018-12-14 13:30:00,74.66,44.04367
2018-12-14 13:45:00,116.42,43.564297
2018-12-14 14:00:00,107.57,47.4071
2018-12-14 14:15:00,103.82,49.465527
2018-12-14 14:30:00,114.73,51.4838
2018-12-14 14:45:00,84.74,51.410286
2018-12-14 15:00:00,109.4,52.871426
2018-12-14 15:15:00,125.21,51.986248
2018-12-14 15:30:00,89.35,52.29843
2018-12-14 15:45:00,122.26,52.463917
2018-12-14 16:00:00,114.66,51.27121
2018-12-14 16:15:00,96.8,52.278545
2018-12-14 16:30:00,118.12,50.771427
2018-12-14 16:45:00,133.2,48.668526
2018-12-14 17:00:00,102.64,45.05366
2018-12-14 17:15:00,63.94,47.97256
2018-12-14 17:30:00,62.64,48.200745
2018-12-14 17:45:00,37.94,33.184727
2018-12-14 18:00:00,32.62,29.412235
2018-12-14 18:15:00,29.63,39.20617
2018-12-14 18:30:00,26.57,50.047436
2018-12-14 18:45:00,26.35,50.055634
2018-12-14 19:00:00,26.32,48.78008
2018-12-14 19:15:00,26.39,46.33973
2018-12-14 19:30:00,26.64,46.02186
2018-12-14 19:45:00,28.44,40.03055
2018-12-14 20:00:00,30.46,40.829754
2018-12-14 20:15:00,29.88,35.00676
2018-12-14 20:30:00,30.06,30.77952
2018-12-14 20:45:00,31.93,25.455648
2018-12-14 21:00:00,28.66,9.808518
2018-12-14 21:15:00,5.76,3.0493462
2018-12-14 21:30:00,5.8,2.83666
2018-12-14 21:45:00,5.72,3.080409
2018-12-14 22:00:00,5.69,2.5402424
2018-12-14 22:15:00,5.4,8.9297
2018-12-14 22:30:00,5.33,8.171854
2018-12-14 22:45:00,5.33,7.607379
2018-12-14 23:00:00,5.33,7.3443236
2018-12-14 23:15:00,4.86,2.3038552
2018-12-14 23:30:00,4.03,2.0081122
2018-12-14 23:45:00,4.03,1.6860759
2018-12-15 00:00:00,3.28,2.1259584
2018-12-15 00:15:00,4.14,2.0874422
2018-12-15 00:30:00,4.1,2.072857
2018-12-15 00:45:00,4.07,2.0893211
2018-12-15 01:00:00,4.14,2.11916
2018-12-15 01:15:00,4.14,2.1628194
2018-12-15 01:30:00,4.14,2.2041545
2018-12-15 01:45:00,4.14,2.2399783
2018-12-15 02:00:00,4.1,2.23702
2018-12-15 02:15:00,4.1,2.1976295
2018-12-15 02:30:00,4.21,2.204416
2018-12-15 02:45:00,4.1,2.227593
2018-12-15 03:00:00,4.18,2.2665145
2018-12-15 03:15:00,4.82,2.2517767
2018-12-15 03:30:00,5.26,2.2316813
2018-12-15 03:45:00,4.18,2.229612
2018-12-15 04:00:00,4.14,2.231641
2018-12-15 04:15:00,4.14,2.2237365
2018-12-15 04:30:00,3.82,2.2232382
2018-12-15 04:45:00,3.46,2.215946
2018-12-15 05:00:00,3.49,2.2219756
2018-12-15 05:15:00,3.42,2.412766
2018-12-15 05:30:00,3.42,2.2896576
2018-12-15 05:45:00,3.42,2.190774
2018-12-15 06:00:00,3.38,2.1876805
2018-12-15 06:15:00,3.46,2.1861482
2018-12-15 06:30:00,3.42,2.1007493
2018-12-15 06:45:00,3.49,2.085152
2018-12-15 07:00:00,4.57,2.1287334
2018-12-15 07:15:00,4.43,2.162816
2018-12-15 07:30:00,4.1,2.3269625
2018-12-15 07:45:00,4.07,2.5796845
2018-12-15 08:00:00,3.64,2.6957653
2018-12-15 08:15:00,3.35,4.650825
2018-12-15 08:30:00,3.35,22.912462
2018-12-15 08:45:00,3.38,26.081524
2018-12-15 09:00:00,3.49,23.7798
2018-12-15 09:15:00,3.56,10.575899
2018-12-15 09:30:00,3.38,5.8555984
2018-12-15 09:45:00,3.42,5.0623965
2018-12-15 10:00:00,3.35,4.1417246
2018-12-15 10:15:00,3.35,4.355916
2018-12-15 10:30:00,3.35,4.261625
2018-12-15 10:45:00,4.97,3.6936889
2018-12-15 11:00:00,5.36,3.654222
2018-12-15 11:15:00,4.28,3.7837899
2018-12-15 11:30:00,4.18,4.022313
2018-12-15 11:45:00,3.35,3.2782874
2018-12-15 12:00:00,3.38,4.2768817
2018-12-15 12:15:00,3.42,-0.51843506
2018-12-15 12:30:00,3.42,1.7783813
2018-12-15 12:45:00,3.42,1.9961752
2018-12-15 13:00:00,3.38,1.7808886
2018-12-15 13:15:00,3.31,3.6569428
2018-12-15 13:30:00,3.35,3.1285338
2018-12-15 13:45:00,3.38,4.0900435
2018-12-15 14:00:00,3.31,4.1460986
2018-12-15 14:15:00,3.82,3.9209032
2018-12-15 14:30:00,4.1,3.8965333
2018-12-15 14:45:00,4.07,3.5706131
2018-12-15 15:00:00,4.21,3.9143028
2018-12-15 15:15:00,3.74,3.920263
2018-12-15 15:30:00,3.74,3.5028114
2018-12-15 15:45:00,3.96,3.7101507
2018-12-15 16:00:00,3.28,3.6605978
2018-12-15 16:15:00,3.35,3.3725536
2018-12-15 16:30:00,3.28,3.4859767
2018-12-15 16:45:00,3.24,3.5243316
2018-12-15 17:00:00,3.28,3.1274009
2018-12-15 17:15:00,3.28,2.2927804
2018-12-15 17:30:00,3.35,2.3736959
2018-12-15 17:45:00,4.18,2.7307115
2018-12-15 18:00:00,4.1,2.970652
2018-12-15 18:15:00,4.1,2.7946706
2018-12-15 18:30:00,4.1,2.7058995
2018-12-15 18:45:00,4.03,2.8612852
2018-12-15 19:00:00,4.28,3.0482259
2018-12-15 19:15:00,3.49,2.8487651
2018-12-15 19:30:00,3.38,2.6910937
2018-12-15 19:45:00,3.35,2.5806801
2018-12-15 20:00:00,3.38,2.48016
2018-12-15 20:15:00,3.46,2.389395
2018-12-15 20:30:00,3.42,2.3356502
2018-12-15 20:45:00,3.35,2.27733
2018-12-15 21:00:00,3.38,2.2424
2018-12-15 21:15:00,3.96,2.0847409
2018-12-15 21:30:00,4.28,1.9090577
2018-12-15 21:45:00,4.25,2.0205097
2018-12-15 22:00:00,4.18,2.1539636
2018-12-15 22:15:00,3.74,2.1532083
2018-12-15 22:30:00,3.31,2.1404731
2018-12-15 22:45:00,4.07,2.1351793
2018-12-15 23:00:00,3.56,2.1880476
2018-12-15 23:15:00,3.17,2.1268215
2018-12-15 23:30:00,3.24,2.0046916
2018-12-15 23:45:00,3.2,1.8826847
2018-12-16 00:00:00,4.21,2.076881
2018-12-16 00:15:00,3.24,2.0177908
2018-12-16 00:30:00,3.28,1.9721651
2018-12-16 00:45:00,3.28,1.9497328
2018-12-16 01:00:00,3.85,2.0018716
2018-12-16 01:15:00,4.18,2.0008988
2018-12-16 01:30:00,4.07,2.0077934
2018-12-16 01:45:00,4.07,2.0352473
2018-12-16 02:00:00,3.92,2.0116856
2018-12-16 02:15:00,3.28,2.0198765
2018-12-16 02:30:00,3.42,2.0511146
2018-12-16 02:45:00,3.53,2.084616
2018-12-16 03:00:00,4.14,2.1078486
2018-12-16 03:15:00,3.56,2.1869733
2018-12-16 03:30:00,3.35,2.257516
2018-12-16 03:45:00,3.38,2.2408786
2018-12-16 04:00:00,3.42,2.2498806
2018-12-16 04:15:00,3.42,2.2831833
2018-12-16 04:30:00,3.42,2.3078687
2018-12-16 04:45:00,3.38,2.3189793
2018-12-16 05:00:00,4.07,2.297201
2018-12-16 05:15:00,4.14,2.3340278
2018-12-16 05:30:00,4.07,2.396965
2018-12-16 05:45:00,4.07,2.476022
2018-12-16 06:00:00,3.53,2.4509735
2018-12-16 06:15:00,3.31,2.5052412
2018-12-16 06:30:00,3.35,2.5758126
2018-12-16 06:45:00,3.64,2.5484755
2018-12-16 07:00:00,4.07,2.5791125
2018-12-16 07:15:00,3.38,2.5012019
2018-12-16 07:30:00,3.28,2.380026
2018-12-16 07:45:00,3.89,2.2922182
2018-12-16 08:00:00,3.96,2.2741349
2018-12-16 08:15:00,39.35,2.252812
2018-12-16 08:30:00,63.54,2.2548912
2018-12-16 08:45:00,65.02,2.257494
2018-12-16 09:00:00,63.79,2.2833762
2018-12-16 09:15:00,61.7,3.7575514
2018-12-16 09:30:00,64.8,3.658434
2018-12-16 09:45:00,51.16,3.6030853
2018-12-16 10:00:00,55.01,3.8940165
2018-12-16 10:15:00,61.81,12.633863
2018-12-16 10:30:00,72.18,12.667843
2018-12-16 10:45:00,54.86,13.035951
2018-12-16 11:00:00,66.78,13.855512
2018-12-16 11:15:00,69.95,14.207454
2018-12-16 11:30:00,53.35,14.778289
2018-12-16 11:45:00,55.51,14.920972
2018-12-16 12:00:00,11.81,14.609337
2018-12-16 12:15:00,5.65,5.3172264
2018-12-16 12:30:00,5.54,4.738114
2018-12-16 12:45:00,5.44,4.1787524
2018-12-16 13:00:00,5.33,4.0460434
2018-12-16 13:15:00,36.47,3.7798488
2018-12-16 13:30:00,63.72,3.629211
2018-12-16 13:45:00,64.8,3.595378
2018-12-16 14:00:00,61.85,3.6556556
2018-12-16 14:15:00,57.89,3.7314427
2018-12-16 14:30:00,54.36,3.8600914
2018-12-16 14:45:00,47.38,4.0300884
2018-12-16 15:00:00,43.49,4.324453
2018-12-16 15:15:00,45.4,4.5462327
2018-12-16 15:30:00,60.55,4.7160964
2018-12-16 15:45:00,48.42,4.8793573
2018-12-16 16:00:00,63.22,4.5665097
2018-12-16 16:15:00,62.64,4.1339536
2018-12-16 16:30:00,66.02,3.7581196
2018-12-16 16:45:00,35.42,3.4889393
2018-12-16 17:00:00,9.11,3.2332366
2018-12-16 17:15:00,8.06,10.73323
2018-12-16 17:30:00,7.74,10.5686245
2018-12-16 17:45:00,7.85,10.502751
2018-12-16 18:00:00,6.73,10.637016
2018-12-16 18:15:00,5.22,10.449229
2018-12-16 18:30:00,5.69,10.257059
2018-12-16 18:45:00,5.72,10.098889
2018-12-16 19:00:00,5.69,10.12346
2018-12-16 19:15:00,5.72,9.919415
2018-12-16 19:30:00,5.44,9.795014
2018-12-16 19:45:00,4.46,9.727552
2018-12-16 20:00:00,4.5,9.868271
2018-12-16 20:15:00,4.46,2.442743
2018-12-16 20:30:00,4.5,2.3891222
2018-12-16 20:45:00,4.54,2.3713098
2018-12-16 21:00:00,4.46,2.4484346
2018-12-16 21:15:00,4.5,2.4233222
2018-12-16 21:30:00,4.5,2.390376
2018-12-16 21:45:00,4.57,2.3852224
2018-12-16 22:00:00,4.57,2.44492
2018-12-16 22:15:00,4.25,8.397377
2018-12-16 22:30:00,4.25,7.9105034
2018-12-16 22:45:00,4.18,7.44834
2018-12-16 23:00:00,5.44,6.926293
2018-12-16 23:15:00,4.82,2.0077682
2018-12-16 23:30:00,4.14,1.9764051
2018-12-16 23:45:00,4.18,1.950292
2018-12-17 00:00:00,4.57,1.9938836
2018-12-17 00:15:00,4.25,1.7763505
2018-12-17 00:30:00,4.18,1.70189
2018-12-17 00:45:00,4.21,1.6876523
2018-12-17 01:00:00,4.21,1.8899753
2018-12-17 01:15:00,4.21,2.0398433
2018-12-17 01:30:00,4.36,2.0562766
2018-12-17 01:45:00,4.28,2.0458329
2018-12-17 02:00:00,4.28,2.0257838
2018-12-17 02:15:00,4.28,1.8131552
2018-12-17 02:30:00,3.71,1.7492862
2018-12-17 02:45:00,4.32,1.7199478
2018-12-17 03:00:00,3.82,1.8585527
2018-12-17 03:15:00,3.53,1.6707549
2018-12-17 03:30:00,3.53,1.5129535
2018-12-17 03:45:00,3.53,1.4429514
2018-12-17 04:00:00,3.6,1.4836534
2018-12-17 04:15:00,3.53,1.4877896
2018-12-17 04:30:00,3.53,1.5271347
2018-12-17 04:45:00,4.1,1.5797641
2018-12-17 05:00:00,4.25,1.8658352
2018-12-17 05:15:00,4.28,2.0024767
2018-12-17 05:30:00,4.25,2.0374067
2018-12-17 05:45:00,3.64,2.0394642
2018-12-17 06:00:00,3.49,1.9262162
2018-12-17 06:15:00,3.46,1.8021207
2018-12-17 06:30:00,4.32,1.7535274
2018-12-17 06:45:00,3.6,1.7840161
2018-12-17 07:00:00,3.42,1.9105372
2018-12-17 07:15:00,3.49,1.7230457
2018-12-17 07:30:00,4.36,1.6186354
2018-12-17 07:45:00,6.19,1.7477834
2018-12-17 08:00:00,6.3,1.8740735
2018-12-17 08:15:00,6.48,27.673742
2018-12-17 08:30:00,53.35,54.002766
2018-12-17 08:45:00,46.94,58.36368
2018-12-17 09:00:00,52.06,52.03183
2018-12-17 09:15:00,54.83,69.96935
2018-12-17 09:30:00,56.12,58.96344
2018-12-17 09:45:00,58.0,53.115696
2018-12-17 10:00:00,50.08,53.352962
2018-12-17 10:15:00,46.04,54.76579
2018-12-17 10:30:00,49.54,54.61961
2018-12-17 10:45:00,54.14,51.788998
2018-12-17 11:00:00,53.78,54.70202
2018-12-17 11:15:00,52.67,55.61962
2018-12-17 11:30:00,55.84,51.34488
2018-12-17 11:45:00,49.64,50.84859
2018-12-17 12:00:00,54.5,23.799644
2018-12-17 12:15:00,11.12,4.1527014
2018-12-17 12:30:00,7.06,3.6191282
2018-12-17 12:45:00,7.13,4.422151
2018-12-17 13:00:00,8.21,6.7799206
2018-12-17 13:15:00,33.26,33.562798
2018-12-17 13:30:00,56.99,51.16176
2018-12-17 13:45:00,56.59,48.52546
2018-12-17 14:00:00,55.08,46.84256
2018-12-17 14:15:00,51.05,45.037785
2018-12-17 14:30:00,47.95,44.12804
2018-12-17 14:45:00,57.82,43.6928
2018-12-17 15:00:00,59.11,43.99048
2018-12-17 15:15:00,60.62,44.820606
2018-12-17 15:30:00,53.6,46.614326
2018-12-17 15:45:00,60.44,45.428246
2018-12-17 16:00:00,67.5,47.2418
2018-12-17 16:15:00,85.86,47.106377
2018-12-17 16:30:00,82.33,47.142914
2018-12-17 16:45:00,59.8,41.44077
2018-12-17 17:00:00,60.37,25.602642
2018-12-17 17:15:00,56.38,26.839046
2018-12-17 17:30:00,52.99,24.876684
2018-12-17 17:45:00,35.35,26.112234
2018-12-17 18:00:00,31.32,28.512812
2018-12-17 18:15:00,16.09,29.674126
2018-12-17 18:30:00,6.37,30.469355
2018-12-17 18:45:00,5.8,30.867064
2018-12-17 19:00:00,5.54,30.766058
2018-12-17 19:15:00,5.54,30.963713
2018-12-17 19:30:00,5.62,30.953733
2018-12-17 19:45:00,5.54,30.059523
2018-12-17 20:00:00,5.62,28.702917
2018-12-17 20:15:00,5.54,17.39109
2018-12-17 20:30:00,4.75,15.534692
2018-12-17 20:45:00,4.46,13.676802
2018-12-17 21:00:00,4.46,10.64548
2018-12-17 21:15:00,4.43,8.77592
2018-12-17 21:30:00,4.43,7.0394177
2018-12-17 21:45:00,4.46,5.64584
2018-12-17 22:00:00,4.46,3.569754
2018-12-17 22:15:00,4.14,14.148629
2018-12-17 22:30:00,4.18,13.144084
2018-12-17 22:45:00,4.21,12.418063
2018-12-17 23:00:00,4.18,11.959732
2018-12-17 23:15:00,4.14,2.0491621
2018-12-17 23:30:00,4.07,1.746706
2018-12-17 23:45:00,4.07,1.4854367
2018-12-18 00:00:00,4.14,2.1438649
2018-12-18 00:15:00,5.22,2.097757
2018-12-18 00:30:00,4.68,2.061182
2018-12-18 00:45:00,4.14,2.0556839
2018-12-18 01:00:00,4.1,2.0686893
2018-12-18 01:15:00,4.18,2.0708385
2018-12-18 01:30:00,4.07,2.0934277
2018-12-18 01:45:00,4.18,2.0587788
2018-12-18 02:00:00,4.1,2.0685642
2018-12-18 02:15:00,4.18,2.0375473
2018-12-18 02:30:00,4.14,1.8659642
2018-12-18 02:45:00,4.21,1.9165673
2018-12-18 03:00:00,4.18,1.8846593
2018-12-18 03:15:00,3.6,1.7651632
2018-12-18 03:30:00,3.42,1.7243042
2018-12-18 03:45:00,3.42,1.6954366
2018-12-18 04:00:00,3.38,1.7879446
2018-12-18 04:15:00,3.42,1.7848141
2018-12-18 04:30:00,3.71,1.770709
2018-12-18 04:45:00,4.18,1.8761206
2018-12-18 05:00:00,3.53,2.0553093
2018-12-18 05:15:00,3.46,2.027895
2018-12-18 05:30:00,3.38,1.9722924
2018-12-18 05:45:00,4.03,1.7794111
2018-12-18 06:00:00,4.14,1.6547027
2018-12-18 06:15:00,3.6,1.5555105
2018-12-18 06:30:00,3.38,1.71889
2018-12-18 06:45:00,3.35,1.5020204
2018-12-18 07:00:00,3.31,1.3585594
2018-12-18 07:15:00,3.28,1.3506188
2018-12-18 07:30:00,3.42,1.6247292
2018-12-18 07:45:00,5.58,2.2805138
2018-12-18 08:00:00,7.27,2.5803354
2018-12-18 08:15:00,38.38,2.7733934
2018-12-18 08:30:00,72.86,39.761692
2018-12-18 08:45:00,66.42,49.479492
2018-12-18 09:00:00,81.4,51.145927
2018-12-18 09:15:00,66.28,74.37286
2018-12-18 09:30:00,78.3,57.692738
2018-12-18 09:45:00,77.72,51.87198
2018-12-18 10:00:00,74.59,48.698185
2018-12-18 10:15:00,63.04,48.821686
2018-12-18 10:30:00,58.68,49.05857
2018-12-18 10:45:00,62.96,49.243225
2018-12-18 11:00:00,68.36,48.810833
2018-12-18 11:15:00,60.05,49.10733
2018-12-18 11:30:00,58.82,49.647182
2018-12-18 11:45:00,64.73,45.621025
2018-12-18 12:00:00,67.54,44.831722
2018-12-18 12:15:00,8.14,5.6984353
2018-12-18 12:30:00,8.64,3.8647363
2018-12-18 12:45:00,8.78,3.8867378
2018-12-18 13:00:00,9.4,4.5744967
2018-12-18 13:15:00,52.45,15.164402
2018-12-18 13:30:00,67.46,41.98882
2018-12-18 13:45:00,62.53,41.28785
2018-12-18 14:00:00,62.46,40.75451
2018-12-18 14:15:00,67.18,40.131428
2018-12-18 14:30:00,113.51,39.27286
2018-12-18 14:45:00,99.5,40.47107
2018-12-18 15:00:00,68.0,40.78513
2018-12-18 15:15:00,120.82,41.242958
2018-12-18 15:30:00,79.45,41.096546
2018-12-18 15:45:00,117.68,42.317486
2018-12-18 16:00:00,114.08,43.24145
2018-12-18 16:15:00,106.27,43.995975
2018-12-18 16:30:00,93.28,43.587036
2018-12-18 16:45:00,127.58,42.636856
2018-12-18 17:00:00,94.61,44.391083
2018-12-18 17:15:00,101.02,47.769955
2018-12-18 17:30:00,112.14,46.21149
2018-12-18 17:45:00,68.08,36.883575
2018-12-18 18:00:00,15.95,30.309307
2018-12-18 18:15:00,7.16,22.074638
2018-12-18 18:30:00,5.58,18.636375
2018-12-18 18:45:00,5.65,17.839052
2018-12-18 19:00:00,5.0,16.321539
2018-12-18 19:15:00,4.5,15.678223
2018-12-18 19:30:00,4.39,18.334732
2018-12-18 19:45:00,4.43,21.522566
2018-12-18 20:00:00,4.39,24.093649
2018-12-18 20:15:00,4.43,19.229246
2018-12-18 20:30:00,4.36,16.578743
2018-12-18 20:45:00,4.39,11.052838
2018-12-18 21:00:00,4.43,4.9976277
2018-12-18 21:15:00,4.39,3.07423
2018-12-18 21:30:00,4.46,2.5686257
2018-12-18 21:45:00,4.39,2.4741743
2018-12-18 22:00:00,4.39,1.8154618
2018-12-18 22:15:00,4.25,11.073828
2018-12-18 22:30:00,5.18,10.921752
2018-12-18 22:45:00,5.15,10.757709
2018-12-18 23:00:00,4.14,10.586707
2018-12-18 23:15:00,4.14,2.2922854
2018-12-18 23:30:00,4.14,2.1458166
2018-12-18 23:45:00,4.1,1.9039057
2018-12-19 00:00:00,3.92,2.0179396
2018-12-19 00:15:00,4.14,2.186826
2018-12-19 00:30:00,4.14,2.0424542
2018-12-19 00:45:00,4.14,1.8221345
2018-12-19 01:00:00,4.21,1.8469563
2018-12-19 01:15:00,4.14,1.8456789
2018-12-19 01:30:00,4.14,1.8263137
2018-12-19 01:45:00,4.18,1.8492689
2018-12-19 02:00:00,4.18,1.9549313
2018-12-19 02:15:00,4.93,1.9722133
2018-12-19 02:30:00,5.26,1.9664346
2018-12-19 02:45:00,4.14,1.9744074
2018-12-19 03:00:00,4.14,2.0715919
2018-12-19 03:15:00,4.1,1.9104145
2018-12-19 03:30:00,4.25,1.8084571
2018-12-19 03:45:00,3.82,1.778222
2018-12-19 04:00:00,3.49,1.8762578
2018-12-19 04:15:00,3.42,1.8793522
2018-12-19 04:30:00,3.42,1.9463264
2018-12-19 04:45:00,3.49,2.0428858
2018-12-19 05:00:00,3.38,1.7864141
2018-12-19 05:15:00,3.42,1.5862248
2018-12-19 05:30:00,3.38,1.4596231
2018-12-19 05:45:00,3.42,1.589649
2018-12-19 06:00:00,3.42,1.6596484
2018-12-19 06:15:00,4.07,1.4644132
2018-12-19 06:30:00,4.18,1.2938769
2018-12-19 06:45:00,3.96,1.20547
2018-12-19 07:00:00,4.1,1.1310985
2018-12-19 07:15:00,4.1,1.0769455
2018-12-19 07:30:00,4.07,1.103488
2018-12-19 07:45:00,5.76,1.8893285
2018-12-19 08:00:00,6.23,2.8171244
2018-12-19 08:15:00,36.14,29.43675
2018-12-19 08:30:00,70.81,53.02687
2018-12-19 08:45:00,59.54,54.729977
2018-12-19 09:00:00,63.86,48.19845
2018-12-19 09:15:00,77.4,64.25398
2018-12-19 09:30:00,65.23,55.66363
2018-12-19 09:45:00,69.3,52.200592
2018-12-19 10:00:00,61.13,49.6418
2018-12-19 10:15:00,61.16,48.20429
2018-12-19 10:30:00,70.42,47.062595
2018-12-19 10:45:00,63.68,48.09548
2018-12-19 11:00:00,83.09,49.670643
2018-12-19 11:15:00,140.8,48.56274
2018-12-19 11:30:00,110.88,48.015285
2018-12-19 11:45:00,115.13,49.350082
2018-12-19 12:00:00,101.99,49.737568
2018-12-19 12:15:00,12.13,4.710996
2018-12-19 12:30:00,6.66,4.1333046
2018-12-19 12:45:00,6.8,3.6558394
2018-12-19 13:00:00,6.98,4.4937005
2018-12-19 13:15:00,62.42,26.532276
2018-12-19 13:30:00,116.46,45.560608
2018-12-19 13:45:00,89.86,44.3106
2018-12-19 14:00:00,98.03,45.054676
2018-12-19 14:15:00,149.18,45.322933
2018-12-19 14:30:00,116.64,47.205338
2018-12-19 14:45:00,105.48,48.348103
2018-12-19 15:00:00,145.22,49.25486
2018-12-19 15:15:00,101.38,52.978634
2018-12-19 15:30:00,130.46,51.233406
2018-12-19 15:45:00,115.24,52.404354
2018-12-19 16:00:00,125.21,51.217655
2018-12-19 16:15:00,133.56,50.116047
2018-12-19 16:30:00,81.65,48.770355
2018-12-19 16:45:00,62.68,49.045097
2018-12-19 17:00:00,125.5,46.67659
2018-12-19 17:15:00,68.0,49.239933
2018-12-19 17:30:00,40.5,48.949825
2018-12-19 17:45:00,31.68,42.355087
2018-12-19 18:00:00,26.82,23.109077
2018-12-19 18:15:00,5.98,20.537115
2018-12-19 18:30:00,5.47,18.724846
2018-12-19 18:45:00,5.54,16.921938
2018-12-19 19:00:00,5.44,17.116388
2018-12-19 19:15:00,5.47,20.144438
2018-12-19 19:30:00,5.47,22.181456
2018-12-19 19:45:00,5.4,23.757397
2018-12-19 20:00:00,5.33,25.02176
2018-12-19 20:15:00,5.36,18.639273
2018-12-19 20:30:00,5.33,13.771382
2018-12-19 20:45:00,5.44,7.4220505
2018-12-19 21:00:00,5.4,3.7480845
2018-12-19 21:15:00,5.4,2.7697468
2018-12-19 21:30:00,5.04,2.5404828
2018-12-19 21:45:00,4.25,2.4467402
2018-12-19 22:00:00,4.39,1.7147413
2018-12-19 22:15:00,4.03,11.299483
2018-12-19 22:30:00,4.03,11.136979
2018-12-19 22:45:00,3.96,10.990734
2018-12-19 23:00:00,4.07,10.791893
2018-12-19 23:15:00,4.03,1.7590228
2018-12-19 23:30:00,3.92,1.5479963
2018-12-19 23:45:00,3.96,1.3382311
2018-12-20 00:00:00,3.89,2.0000854
2018-12-20 00:15:00,4.03,1.9999411
2018-12-20 00:30:00,4.03,1.9986379
2018-12-20 00:45:00,4.0,1.9997362
2018-12-20 01:00:00,4.0,2.1284468
2018-12-20 01:15:00,4.0,2.1087482
2018-12-20 01:30:00,4.1,2.0946035
2018-12-20 01:45:00,4.0,2.091487
2018-12-20 02:00:00,4.07,2.1320057
2018-12-20 02:15:00,4.43,2.3316324
2018-12-20 02:30:00,5.18,2.4557214
2018-12-20 02:45:00,4.1,2.1629937
2018-12-20 03:00:00,4.0,2.1268294
2018-12-20 03:15:00,4.1,2.0902302
2018-12-20 03:30:00,4.03,2.1224928
2018-12-20 03:45:00,4.1,2.0045803
2018-12-20 04:00:00,3.31,1.9277208
2018-12-20 04:15:00,3.35,1.8732817
2018-12-20 04:30:00,3.46,1.8640914
2018-12-20 04:45:00,3.38,1.8897662
2018-12-20 05:00:00,3.35,1.7881229
2018-12-20 05:15:00,3.35,1.7986969
2018-12-20 05:30:00,3.38,1.8025085
2018-12-20 05:45:00,3.38,1.7987226
2018-12-20 06:00:00,3.92,1.6957378
2018-12-20 06:15:00,3.67,1.9471169
2018-12-20 06:30:00,3.35,2.0529237
2018-12-20 06:45:00,4.0,1.985557
2018-12-20 07:00:00,4.03,2.1152146
2018-12-20 07:15:00,3.96,2.189883
2018-12-20 07:30:00,4.18,2.1838012
2018-12-20 07:45:00,4.79,2.9323323
2018-12-20 08:00:00,5.87,3.6979733
2018-12-20 08:15:00,39.49,30.86838
2018-12-20 08:30:00,79.85,54.41715
2018-12-20 08:45:00,66.96,54.240005
2018-12-20 09:00:00,63.14,44.419346
2018-12-20 09:15:00,64.12,65.07296
2018-12-20 09:30:00,64.37,55.171196
2018-12-20 09:45:00,83.16,53.28827
2018-12-20 10:00:00,71.14,49.965004
2018-12-20 10:15:00,58.72,50.445835
2018-12-20 10:30:00,68.72,51.084267
2018-12-20 10:45:00,75.53,50.06242
2018-12-20 11:00:00,77.51,53.479218
2018-12-20 11:15:00,64.4,57.320797
2018-12-20 11:30:00,63.0,55.721848
2018-12-20 11:45:00,71.46,56.296757
2018-12-20 12:00:00,71.06,55.31689
2018-12-20 12:15:00,16.96,4.2957807
2018-12-20 12:30:00,7.67,3.9230914
2018-12-20 12:45:00,7.49,3.257801
2018-12-20 13:00:00,6.66,3.147992
2018-12-20 13:15:00,42.7,29.46486
2018-12-20 13:30:00,63.07,53.669163
2018-12-20 13:45:00,71.5,53.11268
2018-12-20 14:00:00,76.9,54.629498
2018-12-20 14:15:00,63.5,56.81824
2018-12-20 14:30:00,78.41,55.809284
2018-12-20 14:45:00,73.4,55.269142
2018-12-20 15:00:00,64.44,56.047276
2018-12-20 15:15:00,60.26,54.31349
2018-12-20 15:30:00,58.9,54.746628
2018-12-20 15:45:00,60.59,53.47335
2018-12-20 16:00:00,56.92,53.10564
2018-12-20 16:15:00,60.08,52.400845
2018-12-20 16:30:00,58.68,49.465954
2018-12-20 16:45:00,57.56,46.902267
2018-12-20 17:00:00,46.51,50.583145
2018-12-20 17:15:00,58.07,47.263706
2018-12-20 17:30:00,41.22,38.620197
2018-12-20 17:45:00,41.51,34.176903
2018-12-20 18:00:00,24.8,30.409597
2018-12-20 18:15:00,5.44,20.462877
2018-12-20 18:30:00,5.18,19.06458
2018-12-20 18:45:00,5.29,18.796377
2018-12-20 19:00:00,5.29,19.63506
2018-12-20 19:15:00,5.29,21.650047
2018-12-20 19:30:00,4.18,21.443993
2018-12-20 19:45:00,4.07,20.915026
2018-12-20 20:00:00,4.1,21.305403
2018-12-20 20:15:00,4.07,12.900009
2018-12-20 20:30:00,4.18,11.000197
2018-12-20 20:45:00,4.1,8.223988
2018-12-20 21:00:00,4.1,5.4792933
2018-12-20 21:15:00,4.14,4.4570656
2018-12-20 21:30:00,4.14,3.6894634
2018-12-20 21:45:00,4.21,3.0133848
2018-12-20 22:00:00,4.18,2.0136666
2018-12-20 22:15:00,3.85,12.010078
2018-12-20 22:30:00,3.85,11.670772
2018-12-20 22:45:00,4.64,11.376372
2018-12-20 23:00:00,5.04,11.168347
2018-12-20 23:15:00,4.07,1.77403
2018-12-20 23:30:00,3.82,1.6837265
2018-12-20 23:45:00,3.85,1.5789545
2018-12-21 00:00:00,3.92,2.0158105
2018-12-21 00:15:00,3.89,1.9463241
2018-12-21 00:30:00,3.85,1.9002678
2018-12-21 00:45:00,3.89,1.8681569
2018-12-21 01:00:00,3.89,1.8623917
2018-12-21 01:15:00,3.96,1.8488435
2018-12-21 01:30:00,3.89,1.8636273
2018-12-21 01:45:00,3.89,1.838372
2018-12-21 02:00:00,3.89,1.860309
2018-12-21 02:15:00,3.92,1.9608419
2018-12-21 02:30:00,3.92,2.1930792
2018-12-21 02:45:00,3.92,1.9703412
2018-12-21 03:00:00,3.96,1.8699484
2018-12-21 03:15:00,4.79,1.8646456
2018-12-21 03:30:00,4.5,1.8531721
2018-12-21 03:45:00,3.24,1.8715007
2018-12-21 04:00:00,3.28,1.6863663
2018-12-21 04:15:00,3.24,1.6490284
2018-12-21 04:30:00,3.24,1.6991642
2018-12-21 04:45:00,3.28,1.7316452
2018-12-21 05:00:00,3.28,1.7810457
2018-12-21 05:15:00,3.28,1.8278916
2018-12-21 05:30:00,3.2,1.8821354
2018-12-21 05:45:00,3.24,1.9227586
2018-12-21 06:00:00,3.2,2.0514045
2018-12-21 06:15:00,3.67,1.9686141
2018-12-21 06:30:00,3.96,1.7927463
2018-12-21 06:45:00,3.92,1.9157453
2018-12-21 07:00:00,3.89,1.8352108
2018-12-21 07:15:00,3.67,1.8144926
2018-12-21 07:30:00,3.17,1.8838449
2018-12-21 07:45:00,5.44,2.137447
2018-12-21 08:00:00,6.77,2.6053414
2018-12-21 08:15:00,28.8,31.522009
2018-12-21 08:30:00,54.22,54.28087
2018-12-21 08:45:00,56.41,54.218567
2018-12-21 09:00:00,56.74,43.987362
2018-12-21 09:15:00,43.78,63.052334
2018-12-21 09:30:00,47.52,54.3546
2018-12-21 09:45:00,56.2,53.651627
2018-12-21 10:00:00,51.59,49.93245
2018-12-21 10:15:00,66.64,48.456955
2018-12-21 10:30:00,53.14,49.659313
2018-12-21 10:45:00,58.54,50.25642
2018-12-21 11:00:00,73.12,50.91567
2018-12-21 11:15:00,67.79,48.925983
2018-12-21 11:30:00,65.59,48.46465
2018-12-21 11:45:00,57.85,50.94531
2018-12-21 12:00:00,58.9,50.76127
2018-12-21 12:15:00,7.42,7.8472095
2018-12-21 12:30:00,8.35,3.8722887
2018-12-21 12:45:00,7.67,2.993403
2018-12-21 13:00:00,7.2,3.1707456
2018-12-21 13:15:00,39.74,16.123917
2018-12-21 13:30:00,58.03,44.018936
2018-12-21 13:45:00,63.97,45.569477
2018-12-21 14:00:00,56.34,46.57992
2018-12-21 14:15:00,69.62,45.33302
2018-12-21 14:30:00,60.34,46.24234
2018-12-21 14:45:00,57.74,46.742546
2018-12-21 15:00:00,68.04,48.21907
2018-12-21 15:15:00,67.68,49.961617
2018-12-21 15:30:00,58.32,51.114338
2018-12-21 15:45:00,65.48,51.622272
2018-12-21 16:00:00,63.0,50.88447
2018-12-21 16:15:00,69.73,50.502426
2018-12-21 16:30:00,59.69,49.099052
2018-12-21 16:45:00,63.32,47.38792
2018-12-21 17:00:00,62.32,42.355766
2018-12-21 17:15:00,52.78,49.198677
2018-12-21 17:30:00,45.86,42.16317
2018-12-21 17:45:00,30.78,39.30254
2018-12-21 18:00:00,8.21,30.301521
2018-12-21 18:15:00,5.51,20.545397
2018-12-21 18:30:00,5.4,19.185217
2018-12-21 18:45:00,5.62,18.591743
2018-12-21 19:00:00,5.54,17.356537
2018-12-21 19:15:00,5.54,17.552011
2018-12-21 19:30:00,5.51,18.904865
2018-12-21 19:45:00,5.47,21.000498
2018-12-21 20:00:00,5.54,23.303946
2018-12-21 20:15:00,5.47,17.247505
2018-12-21 20:30:00,5.44,15.849463
2018-12-21 20:45:00,5.47,11.352356
2018-12-21 21:00:00,5.44,6.0868106
2018-12-21 21:15:00,5.54,3.4819155
2018-12-21 21:30:00,5.4,2.6335876
2018-12-21 21:45:00,5.44,2.3376913
2018-12-21 22:00:00,5.44,1.6467203
2018-12-21 22:15:00,5.18,11.309458
2018-12-21 22:30:00,5.26,11.167417
2018-12-21 22:45:00,5.15,11.156857
2018-12-21 23:00:00,5.15,11.135948
2018-12-21 23:15:00,5.11,1.6607168
2018-12-21 23:30:00,4.57,1.4797199
2018-12-21 23:45:00,4.0,1.3871241
2018-12-22 00:00:00,3.31,2.1912374
2018-12-22 00:15:00,4.0,2.1657326
2018-12-22 00:30:00,4.0,2.1484585
2018-12-22 00:45:00,4.0,2.1429663
2018-12-22 01:00:00,4.1,2.1184902
2018-12-22 01:15:00,3.96,2.1014974
2018-12-22 01:30:00,4.03,2.0812156
2018-12-22 01:45:00,4.03,2.0784924
2018-12-22 02:00:00,3.96,2.0278788
2018-12-22 02:15:00,4.07,2.0534582
2018-12-22 02:30:00,4.07,2.0835655
2018-12-22 02:45:00,3.67,2.1178172
2018-12-22 03:00:00,3.31,2.1003723
2018-12-22 03:15:00,3.82,2.2771597
2018-12-22 03:30:00,4.07,2.3202302
2018-12-22 03:45:00,3.42,2.1336756
2018-12-22 04:00:00,3.38,2.0172493
2018-12-22 04:15:00,3.31,2.0281491
2018-12-22 04:30:00,3.38,2.0556316
2018-12-22 04:45:00,3.35,2.09931
2018-12-22 05:00:00,3.38,2.0819001
2018-12-22 05:15:00,3.42,2.1676216
2018-12-22 05:30:00,3.96,2.1772873
2018-12-22 05:45:00,4.07,2.1941078
2018-12-22 06:00:00,4.07,2.2251182
2018-12-22 06:15:00,4.0,2.2899551
2018-12-22 06:30:00,3.38,2.295539
2018-12-22 06:45:00,3.35,2.2378442
2018-12-22 07:00:00,3.35,2.27271
2018-12-22 07:15:00,3.31,2.195958
2018-12-22 07:30:00,3.85,2.093515
2018-12-22 07:45:00,4.03,2.2476382
2018-12-22 08:00:00,3.35,2.4684906
2018-12-22 08:15:00,3.31,4.0324063
2018-12-22 08:30:00,3.24,16.832378
2018-12-22 08:45:00,3.38,20.44123
2018-12-22 09:00:00,3.82,13.07558
2018-12-22 09:15:00,4.28,4.5324616
2018-12-22 09:30:00,4.28,3.662178
2018-12-22 09:45:00,4.32,3.7682552
2018-12-22 10:00:00,4.21,3.6619468
2018-12-22 10:15:00,3.6,3.9442635
2018-12-22 10:30:00,3.6,3.2537408
2018-12-22 10:45:00,3.6,3.3058665
2018-12-22 11:00:00,3.6,3.682066
2018-12-22 11:15:00,3.6,3.363254
2018-12-22 11:30:00,3.6,3.1961153
2018-12-22 11:45:00,3.6,2.8727732
2018-12-22 12:00:00,3.6,3.0527585
2018-12-22 12:15:00,3.71,-0.010425448
2018-12-22 12:30:00,4.39,1.4711815
2018-12-22 12:45:00,4.1,1.5325058
2018-12-22 13:00:00,3.71,1.621217
2018-12-22 13:15:00,4.28,3.0704794
2018-12-22 13:30:00,4.25,2.7016315
2018-12-22 13:45:00,4.25,2.3606899
2018-12-22 14:00:00,4.21,2.5847034
2018-12-22 14:15:00,3.67,2.7546396
2018-12-22 14:30:00,3.46,2.4395263
2018-12-22 14:45:00,3.49,2.3433204
2018-12-22 15:00:00,3.53,2.6651676
2018-12-22 15:15:00,3.56,2.6554818
2018-12-22 15:30:00,3.53,2.550404
2018-12-22 15:45:00,3.56,2.6596317
2018-12-22 16:00:00,3.56,2.808538
2018-12-22 16:15:00,3.49,2.9257588
2018-12-22 16:30:00,3.53,2.8806493
2018-12-22 16:45:00,3.56,3.043407
2018-12-22 17:00:00,4.68,3.0921516
2018-12-22 17:15:00,5.44,2.6502247
2018-12-22 17:30:00,4.46,2.5724995
2018-12-22 17:45:00,4.28,2.64189
2018-12-22 18:00:00,4.07,2.0993927
2018-12-22 18:15:00,3.6,2.3969874
2018-12-22 18:30:00,3.67,2.66572
2018-12-22 18:45:00,3.67,2.4775193
2018-12-22 19:00:00,3.71,2.217339
2018-12-22 19:15:00,3.74,1.9357862
2018-12-22 19:30:00,3.71,1.8469508
2018-12-22 19:45:00,3.74,1.9256221
2018-12-22 20:00:00,3.67,2.1075284
2018-12-22 20:15:00,3.67,2.15772
2018-12-22 20:30:00,3.67,2.0723808
2018-12-22 20:45:00,3.67,1.8894752
2018-12-22 21:00:00,4.18,1.8310493
2018-12-22 21:15:00,4.61,1.863666
2018-12-22 21:30:00,5.51,1.9395812
2018-12-22 21:45:00,4.43,1.9782944
2018-12-22 22:00:00,4.1,2.0263236
2018-12-22 22:15:00,3.46,1.9813197
2018-12-22 22:30:00,3.38,1.959142
2018-12-22 22:45:00,3.42,1.9556822
2018-12-22 23:00:00,3.38,1.9958153
2018-12-22 23:15:00,3.35,2.0021017
2018-12-22 23:30:00,3.31,1.9683485
2018-12-22 23:45:00,3.31,1.9148023
2018-12-23 00:00:00,3.78,1.9840858
2018-12-23 00:15:00,3.31,2.0382879
2018-12-23 00:30:00,3.35,2.0806174
2018-12-23 00:45:00,3.42,2.1126742
2018-12-23 01:00:00,4.93,2.1738703
2018-12-23 01:15:00,4.93,2.167416
2018-12-23 01:30:00,4.14,2.1783645
2018-12-23 01:45:00,4.07,2.2020447
2018-12-23 02:00:00,3.49,2.252447
2018-12-23 02:15:00,3.46,2.255069
2018-12-23 02:30:00,3.49,2.25528
2018-12-23 02:45:00,3.42,2.2573419
2018-12-23 03:00:00,3.42,2.2332191
2018-12-23 03:15:00,3.46,2.2941742
2018-12-23 03:30:00,3.42,2.3298268
2018-12-23 03:45:00,3.53,2.3275821
2018-12-23 04:00:00,3.46,2.303328
2018-12-23 04:15:00,3.42,2.3205588
2018-12-23 04:30:00,3.6,2.3628893
2018-12-23 04:45:00,4.14,2.4114966
2018-12-23 05:00:00,5.18,2.3864958
2018-12-23 05:15:00,4.64,2.419686
2018-12-23 05:30:00,4.1,2.4873471
2018-12-23 05:45:00,3.49,2.430934
2018-12-23 06:00:00,3.38,2.4213521
2018-12-23 06:15:00,3.35,2.3645358
2018-12-23 06:30:00,3.46,2.291985
2018-12-23 06:45:00,3.38,2.2666724
2018-12-23 07:00:00,3.38,2.2662234
2018-12-23 07:15:00,3.38,2.2853878
2018-12-23 07:30:00,3.38,2.3461034
2018-12-23 07:45:00,3.42,2.3560398
2018-12-23 08:00:00,3.49,2.31039
2018-12-23 08:15:00,4.07,2.3427603
2018-12-23 08:30:00,4.97,2.3771062
2018-12-23 08:45:00,4.82,2.3934672
2018-12-23 09:00:00,4.28,2.4194603
2018-12-23 09:15:00,3.92,2.4394746
2018-12-23 09:30:00,3.71,2.3771513
2018-12-23 09:45:00,3.64,2.304781
2018-12-23 10:00:00,3.64,2.3084543
2018-12-23 10:15:00,3.67,2.23444
2018-12-23 10:30:00,3.71,2.2045956
2018-12-23 10:45:00,3.71,2.1903417
2018-12-23 11:00:00,3.74,2.2580502
2018-12-23 11:15:00,3.78,2.2566736
2018-12-23 11:30:00,3.71,2.2667515
2018-12-23 11:45:00,3.74,2.2911265
2018-12-23 12:00:00,3.96,2.3941944
2018-12-23 12:15:00,4.86,2.4219253
2018-12-23 12:30:00,5.54,2.4585216
2018-12-23 12:45:00,4.54,2.439186
2018-12-23 13:00:00,4.36,2.4754112
2018-12-23 13:15:00,3.67,2.4644396
2018-12-23 13:30:00,3.67,2.4196002
2018-12-23 13:45:00,3.67,2.3612564
2018-12-23 14:00:00,3.67,2.3798897
2018-12-23 14:15:00,3.71,2.317668
2018-12-23 14:30:00,3.67,2.2901225
2018-12-23 14:45:00,3.67,2.291713
2018-12-23 15:00:00,3.67,2.3800864
2018-12-23 15:15:00,3.64,2.4008045
2018-12-23 15:30:00,3.67,2.4307172
2018-12-23 15:45:00,3.74,2.4718258
2018-12-23 16:00:00,4.36,2.5891826
2018-12-23 16:15:00,4.36,2.620753
2018-12-23 16:30:00,5.0,2.6436715
2018-12-23 16:45:00,5.33,2.6504955
2018-12-23 17:00:00,3.6,2.7466712
2018-12-23 17:15:00,3.56,2.7120886
2018-12-23 17:30:00,3.6,2.5757618
2018-12-23 17:45:00,3.67,2.5004506
2018-12-23 18:00:00,3.49,2.5434294
2018-12-23 18:15:00,3.49,2.529537
2018-12-23 18:30:00,3.49,2.5243742
2018-12-23 18:45:00,3.64,2.4445837
2018-12-23 19:00:00,3.64,2.341346
2018-12-23 19:15:00,4.03,2.2602563
2018-12-23 19:30:00,4.25,2.2006295
2018-12-23 19:45:00,4.28,2.1737406
2018-12-23 20:00:00,4.25,2.1548681
2018-12-23 20:15:00,4.0,2.1699066
2018-12-23 20:30:00,3.49,2.1927066
2018-12-23 20:45:00,4.21,2.2144885
2018-12-23 21:00:00,4.14,2.2394335
2018-12-23 21:15:00,3.49,2.2759416
2018-12-23 21:30:00,3.42,2.3253567
2018-12-23 21:45:00,3.46,2.267486
2018-12-23 22:00:00,3.53,2.1920378
2018-12-23 22:15:00,3.2,2.1211593
2018-12-23 22:30:00,3.2,2.0682964
2018-12-23 22:45:00,3.2,2.0186083
2018-12-23 23:00:00,3.96,1.9488227
2018-12-23 23:15:00,4.0,1.9024891
2018-12-23 23:30:00,4.0,1.876919
2018-12-23 23:45:00,4.0,1.8790689
2018-12-24 00:00:00,3.78,1.7581189
2018-12-24 00:15:00,3.35,1.7651854
2018-12-24 00:30:00,3.38,1.847279
2018-12-24 00:45:00,3.38,1.94817
2018-12-24 01:00:00,3.96,2.4204912
2018-12-24 01:15:00,3.89,2.548381
2018-12-24 01:30:00,3.38,2.3147063
2018-12-24 01:45:00,3.35,2.157669
2018-12-24 02:00:00,3.49,1.9585127
2018-12-24 02:15:00,3.38,1.8305025
2018-12-24 02:30:00,3.42,1.7389998
2018-12-24 02:45:00,4.0,1.6026198
2018-12-24 03:00:00,4.07,1.5402696
2018-12-24 03:15:00,4.14,1.4546478
2018-12-24 03:30:00,4.1,1.399118
2018-12-24 03:45:00,3.96,1.428482
2018-12-24 04:00:00,3.35,1.5346148
2018-12-24 04:15:00,3.38,1.6020001
2018-12-24 04:30:00,3.64,1.7332623
2018-12-24 04:45:00,4.07,1.963681
2018-12-24 05:00:00,3.42,2.3757205
2018-12-24 05:15:00,3.31,2.3312624
2018-12-24 05:30:00,3.35,2.1376894
2018-12-24 05:45:00,3.35,1.8902626
2018-12-24 06:00:00,3.35,1.8099034
2018-12-24 06:15:00,3.38,1.7317929
2018-12-24 06:30:00,3.6,1.6835494
2018-12-24 06:45:00,4.03,1.5933396
2018-12-24 07:00:00,4.0,1.5725821
2018-12-24 07:15:00,3.96,1.55326
2018-12-24 07:30:00,4.54,1.5840566
2018-12-24 07:45:00,5.36,1.6687145
2018-12-24 08:00:00,6.52,1.8349483
2018-12-24 08:15:00,21.89,2.0997145
2018-12-24 08:30:00,59.62,2.4799385
2018-12-24 08:45:00,64.58,2.637661
2018-12-24 09:00:00,67.18,2.5192058
2018-12-24 09:15:00,69.44,35.771027
2018-12-24 09:30:00,65.38,37.23012
2018-12-24 09:45:00,67.0,38.0246
2018-12-24 10:00:00,56.27,37.722923
2018-12-24 10:15:00,54.18,51.4902
2018-12-24 10:30:00,58.39,51.162792
2018-12-24 10:45:00,54.86,50.631096
2018-12-24 11:00:00,54.18,49.80006
2018-12-24 11:15:00,55.55,49.402203
2018-12-24 11:30:00,53.21,49.106873
2018-12-24 11:45:00,53.03,49.026806
2018-12-24 12:00:00,40.64,49.512928
2018-12-24 12:15:00,6.91,35.96312
2018-12-24 12:30:00,6.91,39.26911
2018-12-24 12:45:00,6.48,41.52284
2018-12-24 13:00:00,6.12,42.649662
2018-12-24 13:15:00,34.49,42.999226
2018-12-24 13:30:00,46.98,42.828186
2018-12-24 13:45:00,38.2,42.187912
2018-12-24 14:00:00,37.84,40.617046
2018-12-24 14:15:00,43.45,39.27729
2018-12-24 14:30:00,63.9,37.745373
2018-12-24 14:45:00,38.48,36.262352
2018-12-24 15:00:00,38.12,34.515015
2018-12-24 15:15:00,45.25,33.599457
2018-12-24 15:30:00,51.12,33.12038
2018-12-24 15:45:00,45.72,33.11527
2018-12-24 16:00:00,51.7,33.526257
2018-12-24 16:15:00,47.2,34.829582
2018-12-24 16:30:00,69.55,36.89259
2018-12-24 16:45:00,44.82,39.30841
2018-12-24 17:00:00,40.86,38.781162
2018-12-24 17:15:00,33.66,51.714993
2018-12-24 17:30:00,9.86,50.311886
2018-12-24 17:45:00,6.73,48.321983
2018-12-24 18:00:00,5.29,45.463634
2018-12-24 18:15:00,5.22,42.556458
2018-12-24 18:30:00,5.18,39.582844
2018-12-24 18:45:00,5.33,36.937756
2018-12-24 19:00:00,5.04,34.39342
2018-12-24 19:15:00,4.14,33.062492
2018-12-24 19:30:00,4.18,32.461933
2018-12-24 19:45:00,4.1,32.263508
2018-12-24 20:00:00,4.18,31.995975
2018-12-24 20:15:00,4.1,18.959017
2018-12-24 20:30:00,4.14,18.295303
2018-12-24 20:45:00,4.21,18.169619
2018-12-24 21:00:00,4.18,16.729275
2018-12-24 21:15:00,4.18,15.466454
2018-12-24 21:30:00,4.14,13.7673235
2018-12-24 21:45:00,4.18,11.853404
2018-12-24 22:00:00,5.4,8.702127
2018-12-24 22:15:00,4.5,20.523369
2018-12-24 22:30:00,3.92,18.287981
2018-12-24 22:45:00,3.89,16.340664
2018-12-24 23:00:00,3.85,14.93781
2018-12-24 23:15:00,3.85,2.091984
2018-12-24 23:30:00,3.82,2.1038957
2018-12-24 23:45:00,3.85,1.9408388
2018-12-25 00:00:00,3.13,2.2738652
2018-12-25 00:15:00,3.85,2.1105287
2018-12-25 00:30:00,3.92,2.0283387
2018-12-25 00:45:00,3.89,1.9310555
2018-12-25 01:00:00,3.85,2.085151
2018-12-25 01:15:00,3.56,2.0364285
2018-12-25 01:30:00,3.2,1.8228371
2018-12-25 01:45:00,3.92,1.7016728
2018-12-25 02:00:00,3.64,1.7476212
2018-12-25 02:15:00,3.17,1.6825943
2018-12-25 02:30:00,3.17,1.6622373
2018-12-25 02:45:00,3.2,1.8044804
2018-12-25 03:00:00,3.24,1.9501961
2018-12-25 03:15:00,3.2,2.0058591
2018-12-25 03:30:00,3.2,1.9719214
2018-12-25 03:45:00,3.28,1.8920323
2018-12-25 04:00:00,3.96,1.8279388
2018-12-25 04:15:00,3.96,1.7384404
2018-12-25 04:30:00,3.92,1.7377553
2018-12-25 04:45:00,3.89,1.7942436
2018-12-25 05:00:00,3.35,1.751017
2018-12-25 05:15:00,3.24,1.6384553
2018-12-25 05:30:00,3.35,1.6039062
2018-12-25 05:45:00,3.96,1.5942786
2018-12-25 06:00:00,3.71,1.6668222
2018-12-25 06:15:00,3.17,1.7213137
2018-12-25 06:30:00,3.2,1.8338965
2018-12-25 06:45:00,3.2,1.9896101
2018-12-25 07:00:00,3.17,1.9549491
2018-12-25 07:15:00,3.24,1.8818874
2018-12-25 07:30:00,3.85,2.0270364
2018-12-25 07:45:00,3.92,2.38343
2018-12-25 08:00:00,3.89,2.9987597
2018-12-25 08:15:00,3.89,18.46401
2018-12-25 08:30:00,3.49,49.789783
2018-12-25 08:45:00,3.24,53.598286
2018-12-25 09:00:00,3.38,46.522026
2018-12-25 09:15:00,3.49,28.582054
2018-12-25 09:30:00,3.46,19.161745
2018-12-25 09:45:00,3.82,16.740778
2018-12-25 10:00:00,3.96,14.245699
2018-12-25 10:15:00,3.42,12.882552
2018-12-25 10:30:00,3.53,12.584939
2018-12-25 10:45:00,3.46,11.465323
2018-12-25 11:00:00,3.46,11.991673
2018-12-25 11:15:00,3.78,12.0885935
2018-12-25 11:30:00,4.18,11.051977
2018-12-25 11:45:00,4.28,10.05077
2018-12-25 12:00:00,4.18,5.300305
2018-12-25 12:15:00,4.07,-4.195143
2018-12-25 12:30:00,3.56,-3.2176151
2018-12-25 12:45:00,3.53,-2.3791504
2018-12-25 13:00:00,3.53,-0.56023294
2018-12-25 13:15:00,5.04,5.170705
2018-12-25 13:30:00,4.07,4.9465036
2018-12-25 13:45:00,3.42,3.414774
2018-12-25 14:00:00,3.42,4.107964
2018-12-25 14:15:00,3.49,5.1961083
2018-12-25 14:30:00,3.46,6.487812
2018-12-25 14:45:00,3.53,4.4025617
2018-12-25 15:00:00,4.14,4.948336
2018-12-25 15:15:00,4.14,5.6183405
2018-12-25 15:30:00,4.14,6.0430884
2018-12-25 15:45:00,4.1,5.612681
2018-12-25 16:00:00,3.67,6.504092
2018-12-25 16:15:00,3.46,6.2670927
2018-12-25 16:30:00,3.42,7.896661
2018-12-25 16:45:00,3.46,6.3748436
2018-12-25 17:00:00,3.42,6.651319
2018-12-25 17:15:00,3.46,5.8735805
2018-12-25 17:30:00,4.0,3.4496953
2018-12-25 17:45:00,4.0,2.587823
2018-12-25 18:00:00,3.38,2.5090332
2018-12-25 18:15:00,3.38,2.8053231
2018-12-25 18:30:00,3.74,2.832222
2018-12-25 18:45:00,4.1,2.5711262
2018-12-25 19:00:00,4.18,2.5292294
2018-12-25 19:15:00,4.1,2.2897696
2018-12-25 19:30:00,4.18,2.3277712
2018-12-25 19:45:00,3.64,2.3594198
2018-12-25 20:00:00,3.46,2.3404255
2018-12-25 20:15:00,3.46,2.3257127
2018-12-25 20:30:00,3.38,2.3549066
2018-12-25 20:45:00,3.42,2.3922727
2018-12-25 21:00:00,3.42,2.362145
2018-12-25 21:15:00,3.42,2.3056295
2018-12-25 21:30:00,4.03,2.2230628
2018-12-25 21:45:00,4.14,2.1788144
2018-12-25 22:00:00,3.49,2.3211133
2018-12-25 22:15:00,3.2,2.1853468
2018-12-25 22:30:00,3.85,2.035427
2018-12-25 22:45:00,3.89,1.9892354
2018-12-25 23:00:00,3.89,1.8200793
2018-12-25 23:15:00,3.85,1.7268395
2018-12-25 23:30:00,3.64,1.6330361
2018-12-25 23:45:00,3.31,1.4499965
2018-12-26 00:00:00,3.67,2.0345821
2018-12-26 00:15:00,3.24,2.1185384
2018-12-26 00:30:00,3.24,2.1394215
2018-12-26 00:45:00,3.2,2.1032972
2018-12-26 01:00:00,3.31,2.15437
2018-12-26 01:15:00,3.24,2.0288641
2018-12-26 01:30:00,3.28,1.8771553
2018-12-26 01:45:00,3.24,1.9763107
2018-12-26 02:00:00,3.24,2.0344772
2018-12-26 02:15:00,3.78,1.876516
2018-12-26 02:30:00,3.96,1.8078904
2018-12-26 02:45:00,4.97,1.7860191
2018-12-26 03:00:00,4.36,1.895489
2018-12-26 03:15:00,3.71,1.8722763
2018-12-26 03:30:00,3.28,1.8510079
2018-12-26 03:45:00,3.31,1.848449
2018-12-26 04:00:00,3.28,2.1092687
2018-12-26 04:15:00,3.28,2.1193433
2018-12-26 04:30:00,3.2,1.9462922
2018-12-26 04:45:00,3.24,1.7959423
2018-12-26 05:00:00,3.28,1.5256408
2018-12-26 05:15:00,3.2,1.3439622
2018-12-26 05:30:00,3.24,1.2778928
2018-12-26 05:45:00,3.2,1.4153793
2018-12-26 06:00:00,4.79,1.3223305
2018-12-26 06:15:00,4.86,1.0771174
2018-12-26 06:30:00,3.92,1.006067
2018-12-26 06:45:00,3.82,1.0112393
2018-12-26 07:00:00,3.35,1.0388011
2018-12-26 07:15:00,3.17,1.1291878
2018-12-26 07:30:00,3.42,1.4312632
2018-12-26 07:45:00,4.82,1.6131399
2018-12-26 08:00:00,5.0,1.6820987
2018-12-26 08:15:00,34.52,1.7135375
2018-12-26 08:30:00,48.06,1.579581
2018-12-26 08:45:00,78.23,1.43325
2018-12-26 09:00:00,51.08,1.4424751
2018-12-26 09:15:00,70.99,28.362682
2018-12-26 09:30:00,65.74,28.666271
2018-12-26 09:45:00,52.96,29.134752
2018-12-26 10:00:00,55.44,28.740509
2018-12-26 10:15:00,52.06,43.639553
2018-12-26 10:30:00,57.64,43.939728
2018-12-26 10:45:00,62.21,44.436222
2018-12-26 11:00:00,45.58,44.59432
2018-12-26 11:15:00,54.58,45.577522
2018-12-26 11:30:00,55.15,47.01903
2018-12-26 11:45:00,58.64,48.826157
2018-12-26 12:00:00,31.28,49.996765
2018-12-26 12:15:00,6.77,34.87664
2018-12-26 12:30:00,7.09,35.204044
2018-12-26 12:45:00,6.95,35.22194
2018-12-26 13:00:00,6.41,34.44852
2018-12-26 13:15:00,20.66,35.854195
2018-12-26 13:30:00,59.9,35.87345
2018-12-26 13:45:00,55.3,34.667316
2018-12-26 14:00:00,51.41,32.58244
2018-12-26 14:15:00,57.02,30.944254
2018-12-26 14:30:00,43.06,29.118565
2018-12-26 14:45:00,41.4,28.098047
2018-12-26 15:00:00,52.92,27.62717
2018-12-26 15:15:00,53.42,28.345505
2018-12-26 15:30:00,40.68,29.394007
2018-12-26 15:45:00,40.64,30.53754
2018-12-26 16:00:00,41.47,30.5002
2018-12-26 16:15:00,56.2,30.637793
2018-12-26 16:30:00,59.04,30.259233
2018-12-26 16:45:00,54.68,29.716982
2018-12-26 17:00:00,57.67,28.578066
2018-12-26 17:15:00,54.79,43.007305
2018-12-26 17:30:00,34.42,41.893036
2018-12-26 17:45:00,9.5,40.70316
2018-12-26 18:00:00,5.22,38.718678
2018-12-26 18:15:00,5.04,36.96234
2018-12-26 18:30:00,5.04,35.641335
2018-12-26 18:45:00,5.08,34.879517
2018-12-26 19:00:00,5.08,34.14199
2018-12-26 19:15:00,4.68,33.68359
2018-12-26 19:30:00,3.92,33.219124
2018-12-26 19:45:00,3.89,32.13804
2018-12-26 20:00:00,3.85,30.282194
2018-12-26 20:15:00,3.89,15.125247
2018-12-26 20:30:00,3.89,12.965163
2018-12-26 20:45:00,3.96,10.797964
2018-12-26 21:00:00,3.89,7.868237
2018-12-26 21:15:00,3.96,6.425613
2018-12-26 21:30:00,4.0,5.790412
2018-12-26 21:45:00,3.96,5.4032216
2018-12-26 22:00:00,4.07,4.053684
2018-12-26 22:15:00,4.0,17.065046
2018-12-26 22:30:00,4.9,16.564451
2018-12-26 22:45:00,4.1,16.119131
2018-12-26 23:00:00,3.71,15.628404
2018-12-26 23:15:00,3.74,2.1363225
2018-12-26 23:30:00,3.64,1.7761755
2018-12-26 23:45:00,3.67,1.3005247
2018-12-27 00:00:00,3.74,2.550342
2018-12-27 00:15:00,3.64,2.2766519
2018-12-27 00:30:00,3.74,2.0217988
2018-12-27 00:45:00,3.71,1.914685
2018-12-27 01:00:00,3.71,1.9124084
2018-12-27 01:15:00,3.67,1.9000144
2018-12-27 01:30:00,3.67,1.9410836
2018-12-27 01:45:00,3.78,1.9922231
2018-12-27 02:00:00,4.18,2.0687518
2018-12-27 02:15:00,4.86,2.273531
2018-12-27 02:30:00,4.21,2.411223
2018-12-27 02:45:00,3.71,2.8466802
2018-12-27 03:00:00,3.78,3.157877
2018-12-27 03:15:00,3.67,2.9913306
2018-12-27 03:30:00,3.71,2.737935
2018-12-27 03:45:00,3.24,2.5301344
2018-12-27 04:00:00,3.02,2.2901902
2018-12-27 04:15:00,2.99,1.8734497
2018-12-27 04:30:00,2.99,1.5482948
2018-12-27 04:45:00,2.95,1.4460367
2018-12-27 05:00:00,2.95,1.4111415
2018-12-27 05:15:00,2.95,1.4887934
2018-12-27 05:30:00,2.95,1.6222875
2018-12-27 05:45:00,2.95,1.7299614
2018-12-27 06:00:00,3.42,2.200917
2018-12-27 06:15:00,3.74,2.484466
2018-12-27 06:30:00,4.86,2.2444708
2018-12-27 06:45:00,4.21,2.0783682
2018-12-27 07:00:00,3.6,1.8176821
2018-12-27 07:15:00,2.88,1.6405069
2018-12-27 07:30:00,3.2,1.6154339
2018-12-27 07:45:00,4.9,2.0686035
2018-12-27 08:00:00,5.65,2.3560483
2018-12-27 08:15:00,32.0,26.38662
2018-12-27 08:30:00,52.63,48.91177
2018-12-27 08:45:00,73.66,57.14906
2018-12-27 09:00:00,63.47,45.198517
2018-12-27 09:15:00,56.77,67.21167
2018-12-27 09:30:00,53.93,56.1376
2018-12-27 09:45:00,59.4,51.135277
2018-12-27 10:00:00,76.03,50.712902
2018-12-27 10:15:00,47.81,50.362488
2018-12-27 10:30:00,45.83,50.71622
2018-12-27 10:45:00,52.63,51.2485
2018-12-27 11:00:00,68.69,47.109516
2018-12-27 11:15:00,51.16,50.54865
2018-12-27 11:30:00,51.52,49.785126
2018-12-27 11:45:00,54.83,49.291393
2018-12-27 12:00:00,59.62,32.34516
2018-12-27 12:15:00,13.54,3.713666
2018-12-27 12:30:00,6.62,2.871409
2018-12-27 12:45:00,6.59,3.2887335
2018-12-27 13:00:00,17.82,5.232285
2018-12-27 13:15:00,40.57,13.187529
2018-12-27 13:30:00,43.7,45.88266
2018-12-27 13:45:00,46.84,44.748844
2018-12-27 14:00:00,53.32,42.92188
2018-12-27 14:15:00,55.01,43.091484
2018-12-27 14:30:00,61.74,40.42359
2018-12-27 14:45:00,54.14,40.620983
2018-12-27 15:00:00,53.5,42.986633
2018-12-27 15:15:00,44.75,43.06723
2018-12-27 15:30:00,42.95,41.442154
2018-12-27 15:45:00,60.84,41.654915
2018-12-27 16:00:00,63.04,41.772278
2018-12-27 16:15:00,59.58,43.616825
2018-12-27 16:30:00,63.22,43.63021
2018-12-27 16:45:00,45.79,42.81486
2018-12-27 17:00:00,41.58,42.842278
2018-12-27 17:15:00,54.58,45.63359
2018-12-27 17:30:00,36.72,39.957504
2018-12-27 17:45:00,29.38,26.730787
2018-12-27 18:00:00,28.48,21.362917
2018-12-27 18:15:00,48.56,20.102728
2018-12-27 18:30:00,53.82,20.130083
2018-12-27 18:45:00,53.5,21.752869
2018-12-27 19:00:00,53.14,24.949158
2018-12-27 19:15:00,51.01,27.96549
2018-12-27 19:30:00,47.99,29.662971
2018-12-27 19:45:00,49.18,30.120691
2018-12-27 20:00:00,50.33,28.53884
2018-12-27 20:15:00,50.04,17.559805
2018-12-27 20:30:00,40.93,12.668259
2018-12-27 20:45:00,14.51,8.658217
2018-12-27 21:00:00,8.35,5.6921053
2018-12-27 21:15:00,5.26,5.0088115
2018-12-27 21:30:00,5.26,4.4417663
2018-12-27 21:45:00,5.26,3.9656422
2018-12-27 22:00:00,4.5,3.064738
2018-12-27 22:15:00,3.89,14.565597
2018-12-27 22:30:00,3.85,14.327726
2018-12-27 22:45:00,3.82,13.893661
2018-12-27 23:00:00,3.82,13.395833
2018-12-27 23:15:00,3.82,1.7909105
2018-12-27 23:30:00,3.78,1.6940665
2018-12-27 23:45:00,3.74,1.5462077
2018-12-28 00:00:00,4.82,1.8591163
2018-12-28 00:15:00,3.74,1.8335133
2018-12-28 00:30:00,3.78,1.8488141
2018-12-28 00:45:00,3.85,1.8476313
2018-12-28 01:00:00,4.14,1.8597589
2018-12-28 01:15:00,4.9,1.8503917
2018-12-28 01:30:00,4.14,1.8482101
2018-12-28 01:45:00,3.82,1.8763521
2018-12-28 02:00:00,3.85,1.9995676
2018-12-28 02:15:00,3.82,2.208599
2018-12-28 02:30:00,3.82,2.0886774
2018-12-28 02:45:00,3.82,1.8882177
2018-12-28 03:00:00,3.82,1.839459
2018-12-28 03:15:00,3.89,1.7897868
2018-12-28 03:30:00,3.89,1.782388
2018-12-28 03:45:00,3.85,1.6568787
2018-12-28 04:00:00,3.82,1.5794784
2018-12-28 04:15:00,4.07,1.5675678
2018-12-28 04:30:00,5.04,1.6009606
2018-12-28 04:45:00,4.1,1.6451013
2018-12-28 05:00:00,3.82,1.7179301
2018-12-28 05:15:00,3.89,1.7824594
2018-12-28 05:30:00,3.38,1.8395782
2018-12-28 05:45:00,3.17,1.8802607
2018-12-28 06:00:00,3.06,1.9414268
2018-12-28 06:15:00,3.06,2.0401063
2018-12-28 06:30:00,3.1,2.420825
2018-12-28 06:45:00,3.06,2.3576286
2018-12-28 07:00:00,3.1,2.047179
2018-12-28 07:15:00,3.38,1.733249
2018-12-28 07:30:00,4.97,1.6879461
2018-12-28 07:45:00,6.7,2.1805859
2018-12-28 08:00:00,6.16,2.4574938
2018-12-28 08:15:00,35.75,23.503801
2018-12-28 08:30:00,57.78,47.91049
2018-12-28 08:45:00,57.74,54.64347
2018-12-28 09:00:00,66.46,45.583366
2018-12-28 09:15:00,66.82,64.02874
2018-12-28 09:30:00,59.9,53.371593
2018-12-28 09:45:00,63.32,51.974777
2018-12-28 10:00:00,57.17,52.384068
2018-12-28 10:15:00,55.91,47.31927
2018-12-28 10:30:00,62.42,46.873035
2018-12-28 10:45:00,59.72,48.751026
2018-12-28 11:00:00,62.71,51.828083
2018-12-28 11:15:00,57.82,48.01904
2018-12-28 11:30:00,64.94,47.191303
2018-12-28 11:45:00,58.97,46.59883
2018-12-28 12:00:00,47.05,47.111908
2018-12-28 12:15:00,10.01,6.3922834
2018-12-28 12:30:00,7.81,3.512675
2018-12-28 12:45:00,7.27,3.027205
2018-12-28 13:00:00,7.31,5.341994
2018-12-28 13:15:00,42.55,19.789759
2018-12-28 13:30:00,56.12,38.137753
2018-12-28 13:45:00,45.0,39.13945
2018-12-28 14:00:00,45.22,41.40538
2018-12-28 14:15:00,42.62,41.999687
2018-12-28 14:30:00,34.2,41.938217
2018-12-28 14:45:00,42.8,40.568314
2018-12-28 15:00:00,48.02,40.84916
2018-12-28 15:15:00,44.6,40.236515
2018-12-28 15:30:00,35.78,40.49941
2018-12-28 15:45:00,32.62,42.941376
2018-12-28 16:00:00,31.39,43.328777
2018-12-28 16:15:00,30.06,43.13014
2018-12-28 16:30:00,30.13,43.425266
2018-12-28 16:45:00,23.58,40.84217
2018-12-28 17:00:00,8.57,39.313805
2018-12-28 17:15:00,9.58,47.54465
2018-12-28 17:30:00,9.14,41.45965
2018-12-28 17:45:00,5.47,34.182556
2018-12-28 18:00:00,5.08,31.321451
2018-12-28 18:15:00,5.08,40.386868
2018-12-28 18:30:00,5.11,46.29976
2018-12-28 18:45:00,5.15,46.55108
2018-12-28 19:00:00,5.15,45.816402
2018-12-28 19:15:00,5.15,44.350594
2018-12-28 19:30:00,5.18,42.2209
2018-12-28 19:45:00,5.22,41.1505
2018-12-28 20:00:00,5.15,39.889317
2018-12-28 20:15:00,5.15,33.49724
2018-12-28 20:30:00,5.18,29.067436
2018-12-28 20:45:00,5.26,10.8535795
2018-12-28 21:00:00,5.18,4.0777984
2018-12-28 21:15:00,5.15,2.8997993
2018-12-28 21:30:00,5.26,2.8567185
2018-12-28 21:45:00,5.26,2.836418
2018-12-28 22:00:00,5.22,2.259332
2018-12-28 22:15:00,4.97,8.813806
2018-12-28 22:30:00,4.97,8.485644
2018-12-28 22:45:00,4.93,8.494411
2018-12-28 23:00:00,5.04,8.48416
2018-12-28 23:15:00,4.86,2.1628528
2018-12-28 23:30:00,4.86,1.7737634
2018-12-28 23:45:00,4.86,1.4418755
2018-12-29 00:00:00,4.28,2.08784
2018-12-29 00:15:00,4.9,2.0080802
2018-12-29 00:30:00,4.82,2.010885
2018-12-29 00:45:00,3.85,2.0496688
2018-12-29 01:00:00,3.74,2.0789065
2018-12-29 01:15:00,3.82,2.1512663
2018-12-29 01:30:00,3.78,2.1209545
2018-12-29 01:45:00,3.67,2.1076136
2018-12-29 02:00:00,3.74,2.138159
2018-12-29 02:15:00,3.71,2.127726
2018-12-29 02:30:00,3.82,2.1382885
2018-12-29 02:45:00,3.78,2.1598427
2018-12-29 03:00:00,3.71,2.1892335
2018-12-29 03:15:00,3.74,2.1925442
2018-12-29 03:30:00,3.78,2.1827931
2018-12-29 03:45:00,3.78,2.1647375
2018-12-29 04:00:00,3.74,2.0917547
2018-12-29 04:15:00,3.02,2.1358683
2018-12-29 04:30:00,3.74,2.3226295
2018-12-29 04:45:00,3.6,2.2494411
2018-12-29 05:00:00,3.06,2.1417303
2018-12-29 05:15:00,3.02,2.1589415
2018-12-29 05:30:00,3.02,2.1039312
2018-12-29 05:45:00,2.99,2.069114
2018-12-29 06:00:00,3.06,2.0608196
2018-12-29 06:15:00,3.06,2.1229472
2018-12-29 06:30:00,3.67,2.1627316
2018-12-29 06:45:00,3.74,2.1905355
2018-12-29 07:00:00,3.71,2.250034
2018-12-29 07:15:00,3.67,2.307246
2018-12-29 07:30:00,3.38,2.4687228
2018-12-29 07:45:00,3.02,2.5342205
2018-12-29 08:00:00,2.92,2.47765
2018-12-29 08:15:00,2.95,5.2129736
2018-12-29 08:30:00,3.13,18.92086
2018-12-29 08:45:00,3.78,21.058798
2018-12-29 09:00:00,3.24,13.257501
2018-12-29 09:15:00,3.17,5.4218736
2018-12-29 09:30:00,3.2,4.0423217
2018-12-29 09:45:00,3.31,3.8406005
2018-12-29 10:00:00,4.03,3.6524541
2018-12-29 10:15:00,4.03,3.4794784
2018-12-29 10:30:00,4.03,3.4858835
2018-12-29 10:45:00,4.03,3.2143848
2018-12-29 11:00:00,6.19,3.3284621
2018-12-29 11:15:00,26.17,3.0737786
2018-12-29 11:30:00,9.36,3.2289052
2018-12-29 11:45:00,3.64,2.942399
2018-12-29 12:00:00,4.14,3.2535858
2018-12-29 12:15:00,3.78,0.56044805
2018-12-29 12:30:00,3.46,1.3087952
2018-12-29 12:45:00,3.42,1.4581355
2018-12-29 13:00:00,3.42,1.6788542
2018-12-29 13:15:00,4.1,3.1571033
2018-12-29 13:30:00,4.14,2.5976322
2018-12-29 13:45:00,4.07,2.03379
2018-12-29 14:00:00,4.03,2.2174115
2018-12-29 14:15:00,3.92,2.2933018
2018-12-29 14:30:00,3.31,2.5015738
2018-12-29 14:45:00,3.35,2.6278615
2018-12-29 15:00:00,3.31,2.6985953
2018-12-29 15:15:00,3.31,2.7138271
2018-12-29 15:30:00,3.31,2.8025005
2018-12-29 15:45:00,3.35,2.8453069
2018-12-29 16:00:00,3.49,2.938703
2018-12-29 16:15:00,4.1,2.9070084
2018-12-29 16:30:00,3.71,2.8836436
2018-12-29 16:45:00,3.67,2.9142957
2018-12-29 17:00:00,4.1,2.8313637
2018-12-29 17:15:00,4.07,2.7244167
2018-12-29 17:30:00,4.07,2.68899
2018-12-29 17:45:00,4.1,2.4989898
2018-12-29 18:00:00,3.56,2.513007
2018-12-29 18:15:00,3.31,2.5306706
2018-12-29 18:30:00,3.24,2.5351334
2018-12-29 18:45:00,3.35,2.5142753
2018-12-29 19:00:00,3.31,2.524949
2018-12-29 19:15:00,3.35,2.4488277
2018-12-29 19:30:00,3.35,2.3744214
2018-12-29 19:45:00,3.31,2.320764
2018-12-29 20:00:00,3.71,2.358474
2018-12-29 20:15:00,4.36,2.3570051
2018-12-29 20:30:00,4.28,2.3511887
2018-12-29 20:45:00,4.14,2.3085625
2018-12-29 21:00:00,4.1,2.2869139
2018-12-29 21:15:00,4.07,2.189861
2018-12-29 21:30:00,3.85,2.0986195
2018-12-29 21:45:00,3.46,2.029789
2018-12-29 22:00:00,3.31,2.017026
2018-12-29 22:15:00,3.13,2.009824
2018-12-29 22:30:00,3.13,2.0053675
2018-12-29 22:45:00,3.13,1.9783235
2018-12-29 23:00:00,3.17,1.8458217
2018-12-29 23:15:00,3.06,1.8218604
2018-12-29 23:30:00,2.99,1.8235523
2018-12-29 23:45:00,3.42,1.8427837
2018-12-30 00:00:00,3.1,2.2135136
2018-12-30 00:15:00,3.92,2.211493
2018-12-30 00:30:00,3.82,2.203076
2018-12-30 00:45:00,3.74,2.1682453
2018-12-30 01:00:00,3.78,2.1799042
2018-12-30 01:15:00,3.42,2.1764061
2018-12-30 01:30:00,3.17,2.1653097
2018-12-30 01:45:00,3.02,2.1778212
2018-12-30 02:00:00,3.1,2.1975331
2018-12-30 02:15:00,3.06,2.2040942
2018-12-30 02:30:00,3.1,2.2065632
2018-12-30 02:45:00,3.13,2.2239606
2018-12-30 03:00:00,3.1,2.2257907
2018-12-30 03:15:00,3.13,2.2545493
2018-12-30 03:30:00,3.6,2.2618165
2018-12-30 03:45:00,4.86,2.290684
2018-12-30 04:00:00,3.85,2.288711
2018-12-30 04:15:00,3.82,2.24927
2018-12-30 04:30:00,3.82,2.3245606
2018-12-30 04:45:00,3.46,2.3829477
2018-12-30 05:00:00,3.17,2.3192878
2018-12-30 05:15:00,3.13,2.3385487
2018-12-30 05:30:00,3.1,2.3875518
2018-12-30 05:45:00,3.1,2.4655368
2018-12-30 06:00:00,3.1,2.430548
2018-12-30 06:15:00,3.13,2.4725668
2018-12-30 06:30:00,3.13,2.5478425
2018-12-30 06:45:00,3.1,2.4885008
2018-12-30 07:00:00,3.82,2.4336634
2018-12-30 07:15:00,4.36,2.3740664
2018-12-30 07:30:00,4.97,2.2917142
2018-12-30 07:45:00,3.96,2.225968
2018-12-30 08:00:00,3.46,2.2212834
2018-12-30 08:15:00,3.06,2.2415347
2018-12-30 08:30:00,3.06,2.2815049
2018-12-30 08:45:00,3.17,2.3242004
2018-12-30 09:00:00,3.28,2.3186169
2018-12-30 09:15:00,3.35,2.33897
2018-12-30 09:30:00,3.38,2.3547926
2018-12-30 09:45:00,3.35,2.3410902
2018-12-30 10:00:00,3.46,2.412521
2018-12-30 10:15:00,3.38,2.3675234
2018-12-30 10:30:00,4.0,2.307759
2018-12-30 10:45:00,4.1,2.2455869
2018-12-30 11:00:00,4.1,2.3348658
2018-12-30 11:15:00,4.28,2.7143402
2018-12-30 11:30:00,4.61,2.1959734
2018-12-30 11:45:00,3.56,2.2461712
2018-12-30 12:00:00,3.42,2.5846572
2018-12-30 12:15:00,3.46,2.6115885
2018-12-30 12:30:00,3.46,2.5886445
2018-12-30 12:45:00,3.31,2.5501218
2018-12-30 13:00:00,3.28,2.476562
2018-12-30 13:15:00,3.2,2.3103566
2018-12-30 13:30:00,3.24,2.2552614
2018-12-30 13:45:00,3.24,2.3442159
2018-12-30 14:00:00,4.03,2.5921397
2018-12-30 14:15:00,4.0,2.7688234
2018-12-30 14:30:00,4.03,2.8768885
2018-12-30 14:45:00,4.82,2.9177985
2018-12-30 15:00:00,4.1,2.8614457
2018-12-30 15:15:00,3.31,2.8095665
2018-12-30 15:30:00,3.24,2.7658415
2018-12-30 15:45:00,3.24,2.7328618
2018-12-30 16:00:00,3.35,2.6954195
2018-12-30 16:15:00,3.31,2.695606
2018-12-30 16:30:00,3.35,2.66327
2018-12-30 16:45:00,3.24,2.6330662
2018-12-30 17:00:00,3.24,2.6154242
2018-12-30 17:15:00,3.42,2.5862777
2018-12-30 17:30:00,4.0,2.5592465
2018-12-30 17:45:00,4.75,2.5315933
2018-12-30 18:00:00,4.68,2.4833255
2018-12-30 18:15:00,3.89,2.4295468
2018-12-30 18:30:00,3.53,2.3861814
2018-12-30 18:45:00,3.2,2.3623915
2018-12-30 19:00:00,3.28,2.3533807
2018-12-30 19:15:00,3.24,2.3154306
2018-12-30 19:30:00,3.24,2.2759895
2018-12-30 19:45:00,3.2,2.2414634
2018-12-30 20:00:00,3.24,2.2487187
2018-12-30 20:15:00,3.31,2.237169
2018-12-30 20:30:00,3.24,2.2112062
2018-12-30 20:45:00,3.78,2.1821392
2018-12-30 21:00:00,4.32,2.1495774
2018-12-30 21:15:00,4.07,2.1182516
2018-12-30 21:30:00,4.07,2.0893502
2018-12-30 21:45:00,4.03,2.0527582
2018-12-30 22:00:00,4.0,2.0136673
2018-12-30 22:15:00,3.2,1.9960213
2018-12-30 22:30:00,2.99,1.9913838
2018-12-30 22:45:00,3.1,1.9936031
2018-12-30 23:00:00,3.02,1.9871209
2018-12-30 23:15:00,2.95,1.9921838
2018-12-30 23:30:00,2.99,1.9986175
2018-12-30 23:45:00,2.92,2.029472
2018-12-31 00:00:00,3.67,1.9858451
2018-12-31 00:15:00,3.64,2.1623352
2018-12-31 00:30:00,3.31,2.143679
2018-12-31 00:45:00,3.49,2.058583
2018-12-31 01:00:00,3.71,2.030805
2018-12-31 01:15:00,3.78,1.8711376
2018-12-31 01:30:00,3.71,1.7104274
2018-12-31 01:45:00,3.67,1.5694813
2018-12-31 02:00:00,3.02,1.532397
2018-12-31 02:15:00,2.99,1.4518068
2018-12-31 02:30:00,3.06,1.4173187
2018-12-31 02:45:00,3.02,1.4289436
2018-12-31 03:00:00,3.06,1.5084021
2018-12-31 03:15:00,3.02,1.580024
2018-12-31 03:30:00,3.46,1.7713664
2018-12-31 03:45:00,3.74,2.1809952
2018-12-31 04:00:00,3.06,2.0933185
2018-12-31 04:15:00,3.74,1.9963758
2018-12-31 04:30:00,3.74,1.9354825
2018-12-31 04:45:00,3.78,1.8010497
2018-12-31 05:00:00,3.78,1.7217714
2018-12-31 05:15:00,3.56,1.6340351
2018-12-31 05:30:00,2.99,1.5464752
2018-12-31 05:45:00,3.02,1.4613993
2018-12-31 06:00:00,2.95,1.4351552
2018-12-31 06:15:00,3.02,1.4219539
2018-12-31 06:30:00,2.99,1.4718544
2018-12-31 06:45:00,3.02,1.5692756
2018-12-31 07:00:00,3.74,1.9146353
2018-12-31 07:15:00,3.17,2.2215178
2018-12-31 07:30:00,2.95,2.5068378
2018-12-31 07:45:00,3.56,2.3301342
2018-12-31 08:00:00,3.64,2.19507
2018-12-31 08:15:00,3.6,1.924851
2018-12-31 08:30:00,3.74,1.8103669
2018-12-31 08:45:00,3.74,1.762644
2018-12-31 09:00:00,3.06,1.6746964
2018-12-31 09:15:00,3.17,1.6464795
2018-12-31 09:30:00,3.13,1.642385
2018-12-31 09:45:00,3.17,1.6641958
2018-12-31 10:00:00,3.24,1.6876544
2018-12-31 10:15:00,3.2,1.7786593
2018-12-31 10:30:00,4.03,2.126214
2018-12-31 10:45:00,3.67,2.2773492
2018-12-31 11:00:00,3.35,2.346072
2018-12-31 11:15:00,3.35,2.6546774
2018-12-31 11:30:00,3.82,3.0720644
2018-12-31 11:45:00,4.0,3.0986755
2018-12-31 12:00:00,4.07,2.8340943
2018-12-31 12:15:00,4.03,2.7676244
2018-12-31 12:30:00,4.1,2.5854723
2018-12-31 12:45:00,3.35,2.315466
2018-12-31 13:00:00,3.35,1.9733196
2018-12-31 13:15:00,3.35,1.8094664
2018-12-31 13:30:00,3.31,1.7540596
2018-12-31 13:45:00,3.31,1.7957573
2018-12-31 14:00:00,3.35,2.0642083
2018-12-31 14:15:00,3.35,2.3871307
2018-12-31 14:30:00,3.56,2.6709805
2018-12-31 14:45:00,4.07,3.221346
2018-12-31 15:00:00,3.53,3.1469855
2018-12-31 15:15:00,3.42,2.935128
2018-12-31 15:30:00,4.07,2.7894871
2018-12-31 15:45:00,4.07,2.6596727
2018-12-31 16:00:00,4.03,2.4086928
2018-12-31 16:15:00,4.07,2.2978415
2018-12-31 16:30:00,3.92,2.236464
2018-12-31 16:45:00,3.31,2.1670365
2018-12-31 17:00:00,3.31,2.1179264
2018-12-31 17:15:00,3.35,2.2584984
2018-12-31 17:30:00,3.31,2.4734766
2018-12-31 17:45:00,3.46,2.790477
2018-12-31 18:00:00,3.42,2.913999
2018-12-31 18:15:00,3.35,2.7341056
2018-12-31 18:30:00,3.82,2.5682142
2018-12-31 18:45:00,4.14,2.4060073
2018-12-31 19:00:00,3.49,2.3454528
2018-12-31 19:15:00,3.96,2.254283
2018-12-31 19:30:00,4.14,2.168259
2018-12-31 19:45:00,4.21,2.1059177
2018-12-31 20:00:00,4.14,2.0743582
2018-12-31 20:15:00,4.18,2.0964143
2018-12-31 20:30:00,3.38,2.1266706
2018-12-31 20:45:00,3.42,2.3165827
2018-12-31 21:00:00,3.42,2.5181608
2018-12-31 21:15:00,3.42,2.5514057
2018-12-31 21:30:00,3.49,2.5677323
2018-12-31 21:45:00,3.42,2.5612912
2018-12-31 22:00:00,3.42,2.5114477
2018-12-31 22:15:00,3.24,2.2620544
2018-12-31 22:30:00,3.67,2.0915358
2018-12-31 22:45:00,3.82,1.9515431
2018-12-31 23:00:00,3.85,1.7649486
2018-12-31 23:15:00,3.74,1.6087829
2018-12-31 23:30:00,3.78,1.4388909
2018-12-31 23:45:00,3.78,1.2493408
