date,actual,LSTM
2018-12-01 00:00:00,3.35,3.0972848
2018-12-01 00:15:00,3.89,2.6528704
2018-12-01 00:30:00,3.85,3.1130862
2018-12-01 00:45:00,3.89,2.9602222
2018-12-01 01:00:00,3.89,3.0381653
2018-12-01 01:15:00,4.03,2.974297
2018-12-01 01:30:00,3.89,3.1263037
2018-12-01 01:45:00,3.92,2.9837167
2018-12-01 02:00:00,3.92,3.030457
2018-12-01 02:15:00,3.96,2.998386
2018-12-01 02:30:00,4.03,3.0425954
2018-12-01 02:45:00,4.14,3.070898
2018-12-01 03:00:00,5.08,3.124395
2018-12-01 03:15:00,4.72,3.8144393
2018-12-01 03:30:00,3.96,3.3631892
2018-12-01 03:45:00,3.92,2.9250338
2018-12-01 04:00:00,3.35,2.9455101
2018-12-01 04:15:00,3.28,2.5655181
2018-12-01 04:30:00,3.35,2.5959067
2018-12-01 04:45:00,3.24,2.602339
2018-12-01 05:00:00,3.31,2.5231235
2018-12-01 05:15:00,3.31,2.5734665
2018-12-01 05:30:00,3.28,2.5668926
2018-12-01 05:45:00,3.28,2.593566
2018-12-01 06:00:00,3.2,2.5686452
2018-12-01 06:15:00,3.46,2.5059738
2018-12-01 06:30:00,4.03,2.748056
2018-12-01 06:45:00,3.89,3.1949959
2018-12-01 07:00:00,3.89,2.908906
2018-12-01 07:15:00,4.46,2.991257
2018-12-01 07:30:00,3.67,3.5374894
2018-12-01 07:45:00,3.46,2.7203953
2018-12-01 08:00:00,3.46,2.7077894
2018-12-01 08:15:00,3.71,2.7127497
2018-12-01 08:30:00,4.72,2.9994624
2018-12-01 08:45:00,4.46,3.8217301
2018-12-01 09:00:00,5.22,3.3717623
2018-12-01 09:15:00,28.58,4.2151875
2018-12-01 09:30:00,30.56,40.20866
2018-12-01 09:45:00,28.08,28.06463
2018-12-01 10:00:00,28.58,27.983114
2018-12-01 10:15:00,28.73,29.408447
2018-12-01 10:30:00,29.56,29.919998
2018-12-01 10:45:00,30.06,29.861176
2018-12-01 11:00:00,29.2,29.694242
2018-12-01 11:15:00,27.94,28.517948
2018-12-01 11:30:00,27.94,27.332253
2018-12-01 11:45:00,25.63,27.581415
2018-12-01 12:00:00,3.64,24.437298
2018-12-01 12:15:00,3.85,2.4335191
2018-12-01 12:30:00,3.71,3.6487186
2018-12-01 12:45:00,3.74,3.1466722
2018-12-01 13:00:00,3.71,4.29882
2018-12-01 13:15:00,11.3,3.1638155
2018-12-01 13:30:00,27.29,12.197408
2018-12-01 13:45:00,26.86,32.777
2018-12-01 14:00:00,25.31,24.249626
2018-12-01 14:15:00,26.21,24.379862
2018-12-01 14:30:00,26.28,25.34436
2018-12-01 14:45:00,18.68,25.23975
2018-12-01 15:00:00,5.18,14.807981
2018-12-01 15:15:00,5.08,4.086359
2018-12-01 15:30:00,4.75,4.4415145
2018-12-01 15:45:00,4.75,3.9767294
2018-12-01 16:00:00,4.72,4.3022304
2018-12-01 16:15:00,4.64,3.7820575
2018-12-01 16:30:00,4.72,3.846425
2018-12-01 16:45:00,4.68,3.877677
2018-12-01 17:00:00,4.64,3.7386346
2018-12-01 17:15:00,4.79,3.8544133
2018-12-01 17:30:00,4.75,3.9934976
2018-12-01 17:45:00,4.72,3.9094925
2018-12-01 18:00:00,4.68,3.8657045
2018-12-01 18:15:00,5.76,3.8433502
2018-12-01 18:30:00,5.4,4.881465
2018-12-01 18:45:00,4.79,4.26168
2018-12-01 19:00:00,4.79,3.804016
2018-12-01 19:15:00,4.79,3.8512497
2018-12-01 19:30:00,4.79,3.8913383
2018-12-01 19:45:00,4.9,3.8463874
2018-12-01 20:00:00,4.75,3.8722072
2018-12-01 20:15:00,4.79,3.6377187
2018-12-01 20:30:00,4.75,3.7708325
2018-12-01 20:45:00,4.82,3.7710416
2018-12-01 21:00:00,4.82,3.6041775
2018-12-01 21:15:00,4.75,3.6211748
2018-12-01 21:30:00,4.79,3.6316104
2018-12-01 21:45:00,4.79,3.7234719
2018-12-01 22:00:00,4.9,3.503548
2018-12-01 22:15:00,5.76,3.6921306
2018-12-01 22:30:00,4.61,4.513067
2018-12-01 22:45:00,3.42,3.2758734
2018-12-01 23:00:00,3.42,2.369239
2018-12-01 23:15:00,3.28,2.6740246
2018-12-01 23:30:00,3.38,2.6469054
2018-12-01 23:45:00,3.31,2.786703
2018-12-02 00:00:00,4.36,2.51925
2018-12-02 00:15:00,3.35,3.289388
2018-12-02 00:30:00,3.35,2.4177883
2018-12-02 00:45:00,3.38,2.6817298
2018-12-02 01:00:00,3.89,2.5497375
2018-12-02 01:15:00,4.46,3.004838
2018-12-02 01:30:00,4.43,3.2621536
2018-12-02 01:45:00,4.14,3.2216914
2018-12-02 02:00:00,3.46,2.9639833
2018-12-02 02:15:00,3.38,2.5572681
2018-12-02 02:30:00,3.38,2.6087346
2018-12-02 02:45:00,3.38,2.5924754
2018-12-02 03:00:00,4.32,2.575937
2018-12-02 03:15:00,4.64,3.2385173
2018-12-02 03:30:00,3.82,3.3357365
2018-12-02 03:45:00,3.46,2.7342863
2018-12-02 04:00:00,3.42,2.5859323
2018-12-02 04:15:00,3.46,2.604637
2018-12-02 04:30:00,4.32,2.6578465
2018-12-02 04:45:00,4.5,3.3119028
2018-12-02 05:00:00,4.54,3.2383182
2018-12-02 05:15:00,4.39,3.3191428
2018-12-02 05:30:00,3.35,3.1989088
2018-12-02 05:45:00,3.46,2.485145
2018-12-02 06:00:00,3.35,2.715057
2018-12-02 06:15:00,3.42,2.566492
2018-12-02 06:30:00,3.42,2.7140005
2018-12-02 06:45:00,3.38,2.657844
2018-12-02 07:00:00,3.46,2.6274934
2018-12-02 07:15:00,3.38,2.7155738
2018-12-02 07:30:00,3.46,2.6787045
2018-12-02 07:45:00,3.46,2.7659595
2018-12-02 08:00:00,3.49,2.7403421
2018-12-02 08:15:00,4.57,2.8122878
2018-12-02 08:30:00,4.54,3.7603931
2018-12-02 08:45:00,5.54,3.4798448
2018-12-02 09:00:00,4.75,4.5191717
2018-12-02 09:15:00,3.74,3.506505
2018-12-02 09:30:00,3.71,2.9333467
2018-12-02 09:45:00,3.6,2.939506
2018-12-02 10:00:00,3.56,2.9332974
2018-12-02 10:15:00,3.6,2.8794436
2018-12-02 10:30:00,3.64,2.8688903
2018-12-02 10:45:00,3.64,2.8802016
2018-12-02 11:00:00,3.64,2.8999147
2018-12-02 11:15:00,3.64,2.9206848
2018-12-02 11:30:00,3.56,2.906302
2018-12-02 11:45:00,3.64,2.8037736
2018-12-02 12:00:00,4.03,2.8920822
2018-12-02 12:15:00,4.86,3.2403316
2018-12-02 12:30:00,4.75,3.9227538
2018-12-02 12:45:00,5.36,3.5829272
2018-12-02 13:00:00,4.9,4.2670074
2018-12-02 13:15:00,3.78,3.6547563
2018-12-02 13:30:00,3.64,2.8470101
2018-12-02 13:45:00,3.6,2.8259287
2018-12-02 14:00:00,3.6,2.7733355
2018-12-02 14:15:00,3.6,2.8105495
2018-12-02 14:30:00,3.56,2.763134
2018-12-02 14:45:00,3.56,2.7477698
2018-12-02 15:00:00,3.64,2.6842446
2018-12-02 15:15:00,3.6,2.8146222
2018-12-02 15:30:00,3.56,2.79568
2018-12-02 15:45:00,3.85,2.7911549
2018-12-02 16:00:00,4.68,2.953107
2018-12-02 16:15:00,4.72,3.719495
2018-12-02 16:30:00,4.72,3.6008573
2018-12-02 16:45:00,3.89,3.6572948
2018-12-02 17:00:00,3.53,2.7663364
2018-12-02 17:15:00,3.6,2.7285519
2018-12-02 17:30:00,3.6,2.8035212
2018-12-02 17:45:00,3.74,2.8255374
2018-12-02 18:00:00,4.72,2.838715
2018-12-02 18:15:00,3.89,3.7487752
2018-12-02 18:30:00,3.53,2.7797155
2018-12-02 18:45:00,3.53,2.7404475
2018-12-02 19:00:00,3.56,2.71691
2018-12-02 19:15:00,3.67,2.8248534
2018-12-02 19:30:00,3.56,2.8360782
2018-12-02 19:45:00,4.39,2.7450101
2018-12-02 20:00:00,4.72,3.5236356
2018-12-02 20:15:00,4.68,3.6097689
2018-12-02 20:30:00,4.75,3.547917
2018-12-02 20:45:00,3.71,3.5935984
2018-12-02 21:00:00,3.53,2.7598188
2018-12-02 21:15:00,3.6,2.8287978
2018-12-02 21:30:00,3.6,2.8321662
2018-12-02 21:45:00,3.6,2.888743
2018-12-02 22:00:00,3.56,2.7786512
2018-12-02 22:15:00,4.07,2.7537909
2018-12-02 22:30:00,4.32,3.1974816
2018-12-02 22:45:00,3.35,3.3509886
2018-12-02 23:00:00,3.31,2.4765282
2018-12-02 23:15:00,3.31,2.580085
2018-12-02 23:30:00,3.28,2.57803
2018-12-02 23:45:00,3.35,2.6506116
2018-12-03 00:00:00,4.57,2.5407963
2018-12-03 00:15:00,4.43,3.5428724
2018-12-03 00:30:00,4.36,3.1186154
2018-12-03 00:45:00,4.21,3.1477365
2018-12-03 01:00:00,3.35,3.0418837
2018-12-03 01:15:00,3.38,2.4034905
2018-12-03 01:30:00,3.35,2.506116
2018-12-03 01:45:00,3.42,2.4207842
2018-12-03 02:00:00,3.49,2.5878084
2018-12-03 02:15:00,3.42,2.5376844
2018-12-03 02:30:00,3.38,2.4579387
2018-12-03 02:45:00,4.36,2.42552
2018-12-03 03:00:00,4.14,3.364909
2018-12-03 03:15:00,3.42,2.9150398
2018-12-03 03:30:00,3.38,2.3794572
2018-12-03 03:45:00,3.35,2.4030116
2018-12-03 04:00:00,3.35,2.4988418
2018-12-03 04:15:00,4.1,2.479877
2018-12-03 04:30:00,4.43,3.0567513
2018-12-03 04:45:00,4.5,3.1714346
2018-12-03 05:00:00,3.78,3.3151298
2018-12-03 05:15:00,3.31,2.6272812
2018-12-03 05:30:00,3.38,2.361568
2018-12-03 05:45:00,3.31,2.3950992
2018-12-03 06:00:00,3.31,2.4478457
2018-12-03 06:15:00,3.35,2.4294682
2018-12-03 06:30:00,3.31,2.3755763
2018-12-03 06:45:00,3.24,2.3086123
2018-12-03 07:00:00,3.24,2.3780441
2018-12-03 07:15:00,4.21,2.3489823
2018-12-03 07:30:00,5.76,3.38715
2018-12-03 07:45:00,5.98,5.096663
2018-12-03 08:00:00,5.58,4.8815885
2018-12-03 08:15:00,34.99,4.419892
2018-12-03 08:30:00,56.84,52.24856
2018-12-03 08:45:00,61.06,61.35507
2018-12-03 09:00:00,57.89,61.90222
2018-12-03 09:15:00,70.49,58.00126
2018-12-03 09:30:00,50.11,64.15038
2018-12-03 09:45:00,66.38,51.976536
2018-12-03 10:00:00,56.88,60.12947
2018-12-03 10:15:00,47.09,56.877033
2018-12-03 10:30:00,55.8,48.521255
2018-12-03 10:45:00,66.89,55.39646
2018-12-03 11:00:00,62.89,61.433273
2018-12-03 11:15:00,63.79,60.067833
2018-12-03 11:30:00,58.1,60.70769
2018-12-03 11:45:00,54.5,57.258213
2018-12-03 12:00:00,35.35,54.117798
2018-12-03 12:15:00,6.34,33.488125
2018-12-03 12:30:00,5.76,3.963962
2018-12-03 12:45:00,6.3,5.156772
2018-12-03 13:00:00,6.19,6.3896575
2018-12-03 13:15:00,35.35,10.009956
2018-12-03 13:30:00,51.95,49.23631
2018-12-03 13:45:00,48.46,51.195004
2018-12-03 14:00:00,65.02,47.220657
2018-12-03 14:15:00,69.91,58.467304
2018-12-03 14:30:00,55.12,63.106564
2018-12-03 14:45:00,56.84,55.696266
2018-12-03 15:00:00,54.22,54.750336
2018-12-03 15:15:00,49.97,52.42041
2018-12-03 15:30:00,48.17,48.864735
2018-12-03 15:45:00,49.86,47.157677
2018-12-03 16:00:00,58.75,47.923183
2018-12-03 16:15:00,65.7,53.86182
2018-12-03 16:30:00,51.88,58.23662
2018-12-03 16:45:00,57.2,49.972343
2018-12-03 17:00:00,76.03,53.094944
2018-12-03 17:15:00,72.18,65.84795
2018-12-03 17:30:00,61.42,66.303375
2018-12-03 17:45:00,36.61,60.06927
2018-12-03 18:00:00,29.56,35.843983
2018-12-03 18:15:00,34.13,32.181538
2018-12-03 18:30:00,42.26,38.24498
2018-12-03 18:45:00,56.81,44.73058
2018-12-03 19:00:00,43.02,53.495567
2018-12-03 19:15:00,47.74,42.107574
2018-12-03 19:30:00,39.17,47.263752
2018-12-03 19:45:00,43.67,38.48589
2018-12-03 20:00:00,50.44,43.711647
2018-12-03 20:15:00,46.22,45.80623
2018-12-03 20:30:00,45.36,42.402855
2018-12-03 20:45:00,50.11,41.91782
2018-12-03 21:00:00,25.45,45.150154
2018-12-03 21:15:00,8.6,19.095098
2018-12-03 21:30:00,6.19,5.9665256
2018-12-03 21:45:00,5.62,4.646464
2018-12-03 22:00:00,4.93,4.519936
2018-12-03 22:15:00,4.72,4.5087566
2018-12-03 22:30:00,4.75,3.7180302
2018-12-03 22:45:00,4.68,3.8460855
2018-12-03 23:00:00,4.68,3.6616364
2018-12-03 23:15:00,4.61,3.6751475
2018-12-03 23:30:00,4.57,3.6091707
2018-12-03 23:45:00,4.61,3.6270034
2018-12-04 00:00:00,3.89,3.5481558
2018-12-04 00:15:00,4.61,2.9067335
2018-12-04 00:30:00,4.57,3.6089523
2018-12-04 00:45:00,4.61,3.3659105
2018-12-04 01:00:00,4.64,3.4961913
2018-12-04 01:15:00,5.04,3.4147444
2018-12-04 01:30:00,5.8,3.841306
2018-12-04 01:45:00,4.68,4.419004
2018-12-04 02:00:00,3.6,3.2945752
2018-12-04 02:15:00,3.56,2.6109803
2018-12-04 02:30:00,3.64,2.699616
2018-12-04 02:45:00,3.67,2.802103
2018-12-04 03:00:00,3.64,2.770003
2018-12-04 03:15:00,3.64,2.6776505
2018-12-04 03:30:00,3.71,2.7125263
2018-12-04 03:45:00,3.67,2.7758348
2018-12-04 04:00:00,3.71,2.7504241
2018-12-04 04:15:00,3.67,2.776721
2018-12-04 04:30:00,3.6,2.74177
2018-12-04 04:45:00,4.36,2.6614707
2018-12-04 05:00:00,4.64,3.3766065
2018-12-04 05:15:00,4.72,3.4751105
2018-12-04 05:30:00,5.44,3.5233278
2018-12-04 05:45:00,4.43,4.159698
2018-12-04 06:00:00,3.64,3.0905774
2018-12-04 06:15:00,3.56,2.6522021
2018-12-04 06:30:00,3.67,2.597529
2018-12-04 06:45:00,3.64,2.727277
2018-12-04 07:00:00,3.56,2.6782827
2018-12-04 07:15:00,3.56,2.5738137
2018-12-04 07:30:00,3.82,2.6010346
2018-12-04 07:45:00,4.54,2.839691
2018-12-04 08:00:00,5.94,3.6184354
2018-12-04 08:15:00,28.4,5.192208
2018-12-04 08:30:00,55.04,43.495377
2018-12-04 08:45:00,61.13,61.006393
2018-12-04 09:00:00,82.33,61.951534
2018-12-04 09:15:00,82.37,72.64925
2018-12-04 09:30:00,64.08,76.270294
2018-12-04 09:45:00,59.36,66.16931
2018-12-04 10:00:00,52.16,58.568092
2018-12-04 10:15:00,56.95,53.52338
2018-12-04 10:30:00,53.42,56.598625
2018-12-04 10:45:00,58.86,53.38621
2018-12-04 11:00:00,59.98,56.650715
2018-12-04 11:15:00,61.24,57.393288
2018-12-04 11:30:00,84.1,58.39982
2018-12-04 11:45:00,63.86,70.97108
2018-12-04 12:00:00,49.86,62.864635
2018-12-04 12:15:00,6.91,48.779633
2018-12-04 12:30:00,7.38,3.613725
2018-12-04 12:45:00,6.62,6.369179
2018-12-04 13:00:00,6.55,5.5741467
2018-12-04 13:15:00,32.51,14.410124
2018-12-04 13:30:00,57.28,45.673504
2018-12-04 13:45:00,55.51,56.068005
2018-12-04 14:00:00,56.12,52.491833
2018-12-04 14:15:00,58.82,53.303535
2018-12-04 14:30:00,52.88,55.326828
2018-12-04 14:45:00,53.46,51.611828
2018-12-04 15:00:00,62.96,51.07334
2018-12-04 15:15:00,64.62,56.78724
2018-12-04 15:30:00,60.01,58.498936
2018-12-04 15:45:00,55.66,56.215107
2018-12-04 16:00:00,53.82,52.569847
2018-12-04 16:15:00,71.86,51.009655
2018-12-04 16:30:00,60.73,61.5698
2018-12-04 16:45:00,68.22,56.775482
2018-12-04 17:00:00,80.46,60.147522
2018-12-04 17:15:00,61.52,69.60818
2018-12-04 17:30:00,71.1,60.59934
2018-12-04 17:45:00,35.21,65.3167
2018-12-04 18:00:00,30.31,32.9965
2018-12-04 18:15:00,43.56,33.98447
2018-12-04 18:30:00,40.97,47.918922
2018-12-04 18:45:00,38.56,41.5603
2018-12-04 19:00:00,41.65,38.977802
2018-12-04 19:15:00,49.07,41.970097
2018-12-04 19:30:00,40.46,47.54776
2018-12-04 19:45:00,48.64,39.226448
2018-12-04 20:00:00,49.75,46.954773
2018-12-04 20:15:00,48.89,44.844307
2018-12-04 20:30:00,37.84,44.374172
2018-12-04 20:45:00,30.67,34.275833
2018-12-04 21:00:00,5.08,27.880482
2018-12-04 21:15:00,5.69,2.6368613
2018-12-04 21:30:00,5.44,4.662941
2018-12-04 21:45:00,5.4,3.9397302
2018-12-04 22:00:00,5.44,5.5519567
2018-12-04 22:15:00,5.26,3.8731024
2018-12-04 22:30:00,4.64,4.292808
2018-12-04 22:45:00,3.92,3.466559
2018-12-04 23:00:00,3.96,3.0173008
2018-12-04 23:15:00,3.92,3.1594572
2018-12-04 23:30:00,3.85,3.172757
2018-12-04 23:45:00,3.89,3.088739
2018-12-05 00:00:00,3.96,3.0147858
2018-12-05 00:15:00,3.89,3.0407593
2018-12-05 00:30:00,3.92,2.9449315
2018-12-05 00:45:00,3.89,2.9419222
2018-12-05 01:00:00,3.96,2.9471228
2018-12-05 01:15:00,3.78,3.0246859
2018-12-05 01:30:00,3.85,2.8491423
2018-12-05 01:45:00,3.82,2.921023
2018-12-05 02:00:00,3.82,2.902596
2018-12-05 02:15:00,3.85,2.9096022
2018-12-05 02:30:00,4.64,2.91989
2018-12-05 02:45:00,4.86,3.6008396
2018-12-05 03:00:00,3.82,3.6375353
2018-12-05 03:15:00,3.49,2.7216306
2018-12-05 03:30:00,3.13,2.6206155
2018-12-05 03:45:00,3.2,2.3047552
2018-12-05 04:00:00,3.13,2.5230737
2018-12-05 04:15:00,3.1,2.3719838
2018-12-05 04:30:00,3.17,2.3423996
2018-12-05 04:45:00,3.06,2.3403316
2018-12-05 05:00:00,3.17,2.3383732
2018-12-05 05:15:00,3.06,2.4409833
2018-12-05 05:30:00,3.1,2.2699132
2018-12-05 05:45:00,3.02,2.2874894
2018-12-05 06:00:00,3.1,2.3033419
2018-12-05 06:15:00,3.02,2.3425288
2018-12-05 06:30:00,4.61,2.2048788
2018-12-05 06:45:00,4.9,3.8120492
2018-12-05 07:00:00,3.85,3.6529107
2018-12-05 07:15:00,3.49,2.6382937
2018-12-05 07:30:00,3.2,2.4558587
2018-12-05 07:45:00,4.32,2.2682757
2018-12-05 08:00:00,4.72,3.5798223
2018-12-05 08:15:00,27.65,3.610566
2018-12-05 08:30:00,61.56,43.2928
2018-12-05 08:45:00,57.71,67.592964
2018-12-05 09:00:00,57.82,60.810303
2018-12-05 09:15:00,68.08,57.76501
2018-12-05 09:30:00,64.08,62.83766
2018-12-05 09:45:00,64.76,61.08089
2018-12-05 10:00:00,62.68,60.049404
2018-12-05 10:15:00,49.28,60.655144
2018-12-05 10:30:00,56.52,50.41301
2018-12-05 10:45:00,59.04,55.875828
2018-12-05 11:00:00,66.85,56.649193
2018-12-05 11:15:00,68.83,61.522556
2018-12-05 11:30:00,60.3,63.51483
2018-12-05 11:45:00,53.21,58.93243
2018-12-05 12:00:00,40.97,53.02578
2018-12-05 12:15:00,10.69,39.8753
2018-12-05 12:30:00,9.43,6.4729176
2018-12-05 12:45:00,10.33,8.907539
2018-12-05 13:00:00,26.68,10.500288
2018-12-05 13:15:00,43.34,40.210983
2018-12-05 13:30:00,46.51,43.943638
2018-12-05 13:45:00,50.44,44.767155
2018-12-05 14:00:00,63.4,47.7212
2018-12-05 14:15:00,54.36,56.419624
2018-12-05 14:30:00,61.52,52.545338
2018-12-05 14:45:00,58.93,56.569935
2018-12-05 15:00:00,85.46,55.03109
2018-12-05 15:15:00,109.3,68.58779
2018-12-05 15:30:00,87.16,83.32908
2018-12-05 15:45:00,96.01,81.53415
2018-12-05 16:00:00,105.91,83.32499
2018-12-05 16:15:00,68.18,87.6098
2018-12-05 16:30:00,64.91,71.287224
2018-12-05 16:45:00,56.05,64.258095
2018-12-05 17:00:00,62.96,54.6131
2018-12-05 17:15:00,47.12,62.202457
2018-12-05 17:30:00,44.57,47.186325
2018-12-05 17:45:00,44.24,46.605183
2018-12-05 18:00:00,27.32,45.48446
2018-12-05 18:15:00,5.87,25.195005
2018-12-05 18:30:00,5.36,3.9087298
2018-12-05 18:45:00,5.47,5.104694
2018-12-05 19:00:00,5.58,6.29576
2018-12-05 19:15:00,5.58,7.9018188
2018-12-05 19:30:00,5.47,4.6611576
2018-12-05 19:45:00,5.44,4.7817216
2018-12-05 20:00:00,5.44,4.756182
2018-12-05 20:15:00,5.44,4.443595
2018-12-05 20:30:00,5.51,4.339929
2018-12-05 20:45:00,5.44,4.4815335
2018-12-05 21:00:00,4.82,4.1088805
2018-12-05 21:15:00,4.28,3.6542778
2018-12-05 21:30:00,4.25,3.3165889
2018-12-05 21:45:00,4.28,3.3975542
2018-12-05 22:00:00,4.36,3.218604
2018-12-05 22:15:00,4.03,3.3362818
2018-12-05 22:30:00,4.0,2.9363194
2018-12-05 22:45:00,4.03,2.9907432
2018-12-05 23:00:00,4.0,2.8987408
2018-12-05 23:15:00,4.0,3.044053
2018-12-05 23:30:00,3.92,3.0766098
2018-12-05 23:45:00,4.0,3.0576372
2018-12-06 00:00:00,4.0,3.1225753
2018-12-06 00:15:00,3.96,3.085955
2018-12-06 00:30:00,4.79,2.990963
2018-12-06 00:45:00,5.18,3.6997027
2018-12-06 01:00:00,4.03,3.9737482
2018-12-06 01:15:00,3.92,2.9147213
2018-12-06 01:30:00,4.0,2.9856005
2018-12-06 01:45:00,3.92,2.9716828
2018-12-06 02:00:00,4.07,3.0417395
2018-12-06 02:15:00,3.46,3.111737
2018-12-06 02:30:00,3.28,2.5334764
2018-12-06 02:45:00,3.38,2.4686716
2018-12-06 03:00:00,3.31,2.613279
2018-12-06 03:15:00,3.35,2.5633721
2018-12-06 03:30:00,3.35,2.5544555
2018-12-06 03:45:00,3.38,2.481156
2018-12-06 04:00:00,3.42,2.6253343
2018-12-06 04:15:00,3.31,2.6587286
2018-12-06 04:30:00,4.61,2.507039
2018-12-06 04:45:00,5.04,3.653401
2018-12-06 05:00:00,4.07,3.8802972
2018-12-06 05:15:00,3.71,2.9645405
2018-12-06 05:30:00,3.31,2.7495737
2018-12-06 05:45:00,3.31,2.3629243
2018-12-06 06:00:00,3.38,2.6372824
2018-12-06 06:15:00,3.31,2.5529768
2018-12-06 06:30:00,3.28,2.4215539
2018-12-06 06:45:00,3.31,2.3146307
2018-12-06 07:00:00,3.24,2.5183496
2018-12-06 07:15:00,3.28,2.391252
2018-12-06 07:30:00,3.46,2.3706608
2018-12-06 07:45:00,4.21,2.5027237
2018-12-06 08:00:00,6.44,3.383009
2018-12-06 08:15:00,32.29,6.0884933
2018-12-06 08:30:00,64.98,49.028507
2018-12-06 08:45:00,60.84,69.062515
2018-12-06 09:00:00,59.87,63.627045
2018-12-06 09:15:00,67.0,59.74986
2018-12-06 09:30:00,71.17,62.65329
2018-12-06 09:45:00,76.86,64.94655
2018-12-06 10:00:00,66.67,67.69074
2018-12-06 10:15:00,63.18,65.34027
2018-12-06 10:30:00,68.87,61.84939
2018-12-06 10:45:00,71.06,64.667496
2018-12-06 11:00:00,62.78,65.73809
2018-12-06 11:15:00,60.88,60.978374
2018-12-06 11:30:00,74.45,59.273476
2018-12-06 11:45:00,67.82,67.17886
2018-12-06 12:00:00,69.26,64.2142
2018-12-06 12:15:00,9.94,62.656147
2018-12-06 12:30:00,6.88,5.1224265
2018-12-06 12:45:00,7.02,5.817955
2018-12-06 13:00:00,6.95,5.8633857
2018-12-06 13:15:00,35.78,17.421513
2018-12-06 13:30:00,61.78,51.086575
2018-12-06 13:45:00,60.8,59.33957
2018-12-06 14:00:00,71.78,56.611248
2018-12-06 14:15:00,72.11,63.35739
2018-12-06 14:30:00,68.22,65.59235
2018-12-06 14:45:00,73.44,64.166435
2018-12-06 15:00:00,56.88,65.89566
2018-12-06 15:15:00,50.29,56.074966
2018-12-06 15:30:00,48.78,49.637012
2018-12-06 15:45:00,48.96,48.05963
2018-12-06 16:00:00,49.97,47.457485
2018-12-06 16:15:00,62.28,47.94155
2018-12-06 16:30:00,47.95,56.002815
2018-12-06 16:45:00,57.35,45.952065
2018-12-06 17:00:00,47.77,52.806538
2018-12-06 17:15:00,48.6,47.419422
2018-12-06 17:30:00,57.46,48.586765
2018-12-06 17:45:00,31.86,54.61525
2018-12-06 18:00:00,31.61,29.93356
2018-12-06 18:15:00,36.61,35.223602
2018-12-06 18:30:00,40.07,38.497887
2018-12-06 18:45:00,37.87,40.959972
2018-12-06 19:00:00,47.23,37.332466
2018-12-06 19:15:00,53.03,46.10601
2018-12-06 19:30:00,38.63,49.59449
2018-12-06 19:45:00,37.51,37.6871
2018-12-06 20:00:00,38.3,37.92229
2018-12-06 20:15:00,54.36,35.954308
2018-12-06 20:30:00,38.84,48.31292
2018-12-06 20:45:00,27.72,35.081985
2018-12-06 21:00:00,8.86,24.418386
2018-12-06 21:15:00,5.51,5.408229
2018-12-06 21:30:00,5.58,4.625159
2018-12-06 21:45:00,5.62,4.473804
2018-12-06 22:00:00,5.54,5.1252966
2018-12-06 22:15:00,5.26,4.495546
2018-12-06 22:30:00,5.22,4.4065976
2018-12-06 22:45:00,5.26,4.3751025
2018-12-06 23:00:00,4.18,4.404238
2018-12-06 23:15:00,3.96,3.2287233
2018-12-06 23:30:00,4.0,3.2380552
2018-12-06 23:45:00,4.0,3.2485774
2018-12-07 00:00:00,4.03,3.2678647
2018-12-07 00:15:00,3.96,3.1778307
2018-12-07 00:30:00,4.03,3.0906646
2018-12-07 00:45:00,4.03,3.1310015
2018-12-07 01:00:00,4.0,3.1757956
2018-12-07 01:15:00,4.03,3.154347
2018-12-07 01:30:00,4.03,3.1591094
2018-12-07 01:45:00,4.03,3.129612
2018-12-07 02:00:00,4.1,3.1746116
2018-12-07 02:15:00,4.0,3.2348151
2018-12-07 02:30:00,4.72,3.1087909
2018-12-07 02:45:00,4.79,3.7603526
2018-12-07 03:00:00,4.14,3.6659508
2018-12-07 03:15:00,4.07,3.1459994
2018-12-07 03:30:00,4.03,3.1519365
2018-12-07 03:45:00,4.0,3.1005502
2018-12-07 04:00:00,3.42,3.1282005
2018-12-07 04:15:00,3.49,2.58683
2018-12-07 04:30:00,3.46,2.763318
2018-12-07 04:45:00,3.38,2.6299706
2018-12-07 05:00:00,3.42,2.658927
2018-12-07 05:15:00,3.42,2.6706095
2018-12-07 05:30:00,3.74,2.6456828
2018-12-07 05:45:00,4.07,2.887889
2018-12-07 06:00:00,3.49,3.2284288
2018-12-07 06:15:00,3.42,2.5917785
2018-12-07 06:30:00,3.64,2.6388302
2018-12-07 06:45:00,4.1,2.7618675
2018-12-07 07:00:00,4.0,3.3302402
2018-12-07 07:15:00,4.0,3.0365462
2018-12-07 07:30:00,3.82,3.0572855
2018-12-07 07:45:00,4.54,2.8260214
2018-12-07 08:00:00,4.79,3.7934203
2018-12-07 08:15:00,47.66,3.8284245
2018-12-07 08:30:00,60.19,65.74221
2018-12-07 08:45:00,60.19,64.9343
2018-12-07 09:00:00,53.32,61.75001
2018-12-07 09:15:00,58.86,54.240074
2018-12-07 09:30:00,49.5,56.43665
2018-12-07 09:45:00,48.42,49.17759
2018-12-07 10:00:00,62.78,47.04623
2018-12-07 10:15:00,48.02,58.40533
2018-12-07 10:30:00,46.22,48.59486
2018-12-07 10:45:00,57.46,47.247437
2018-12-07 11:00:00,48.78,54.909477
2018-12-07 11:15:00,47.02,48.609497
2018-12-07 11:30:00,58.0,47.5166
2018-12-07 11:45:00,51.48,55.490444
2018-12-07 12:00:00,44.28,50.666016
2018-12-07 12:15:00,26.6,42.859913
2018-12-07 12:30:00,12.49,23.540174
2018-12-07 12:45:00,9.79,10.240641
2018-12-07 13:00:00,10.76,9.052891
2018-12-07 13:15:00,44.06,11.352582
2018-12-07 13:30:00,49.82,52.950035
2018-12-07 13:45:00,54.36,47.59413
2018-12-07 14:00:00,55.98,50.83497
2018-12-07 14:15:00,56.48,52.58034
2018-12-07 14:30:00,47.41,53.371094
2018-12-07 14:45:00,47.95,46.912407
2018-12-07 15:00:00,58.86,46.603455
2018-12-07 15:15:00,50.08,53.681976
2018-12-07 15:30:00,51.88,48.07497
2018-12-07 15:45:00,53.82,49.351944
2018-12-07 16:00:00,49.9,50.073486
2018-12-07 16:15:00,57.1,47.26806
2018-12-07 16:30:00,50.33,52.333138
2018-12-07 16:45:00,68.54,47.621178
2018-12-07 17:00:00,60.12,58.38788
2018-12-07 17:15:00,72.11,57.31725
2018-12-07 17:30:00,46.33,63.972065
2018-12-07 17:45:00,34.16,47.02394
2018-12-07 18:00:00,30.35,34.5698
2018-12-07 18:15:00,42.48,32.38354
2018-12-07 18:30:00,52.85,45.67894
2018-12-07 18:45:00,58.97,50.876556
2018-12-07 19:00:00,57.17,53.972797
2018-12-07 19:15:00,44.39,53.306133
2018-12-07 19:30:00,47.84,43.612682
2018-12-07 19:45:00,54.07,47.127403
2018-12-07 20:00:00,43.38,50.592182
2018-12-07 20:15:00,57.64,39.782993
2018-12-07 20:30:00,41.72,50.836857
2018-12-07 20:45:00,31.9,37.97649
2018-12-07 21:00:00,19.69,28.801727
2018-12-07 21:15:00,5.62,14.676365
2018-12-07 21:30:00,5.62,4.0539875
2018-12-07 21:45:00,5.15,4.774308
2018-12-07 22:00:00,4.28,4.091167
2018-12-07 22:15:00,4.0,4.1610656
2018-12-07 22:30:00,4.07,3.224804
2018-12-07 22:45:00,4.03,3.563878
2018-12-07 23:00:00,4.0,3.313394
2018-12-07 23:15:00,3.96,3.3905303
2018-12-07 23:30:00,4.03,3.2425678
2018-12-07 23:45:00,4.0,3.2966933
2018-12-08 00:00:00,3.78,3.1386187
2018-12-08 00:15:00,4.0,2.965773
2018-12-08 00:30:00,3.96,3.1287231
2018-12-08 00:45:00,4.0,3.054449
2018-12-08 01:00:00,4.0,3.093377
2018-12-08 01:15:00,5.15,3.064582
2018-12-08 01:30:00,4.79,3.9470797
2018-12-08 01:45:00,3.96,3.4796743
2018-12-08 02:00:00,3.96,2.974179
2018-12-08 02:15:00,4.1,3.0292592
2018-12-08 02:30:00,4.0,3.1617494
2018-12-08 02:45:00,4.0,3.0462632
2018-12-08 03:00:00,4.0,3.0132635
2018-12-08 03:15:00,3.96,3.0054748
2018-12-08 03:30:00,3.64,2.9925222
2018-12-08 03:45:00,3.38,2.7536392
2018-12-08 04:00:00,3.31,2.6082692
2018-12-08 04:15:00,3.35,2.5839796
2018-12-08 04:30:00,3.35,2.6209106
2018-12-08 04:45:00,3.42,2.616311
2018-12-08 05:00:00,3.49,2.645793
2018-12-08 05:15:00,4.0,2.679366
2018-12-08 05:30:00,3.53,3.0937886
2018-12-08 05:45:00,3.35,2.655357
2018-12-08 06:00:00,3.38,2.6160245
2018-12-08 06:15:00,4.03,2.6150067
2018-12-08 06:30:00,4.03,3.2091894
2018-12-08 06:45:00,4.0,3.06651
2018-12-08 07:00:00,3.78,3.0204682
2018-12-08 07:15:00,3.35,2.8550258
2018-12-08 07:30:00,3.31,2.6198387
2018-12-08 07:45:00,3.53,2.617713
2018-12-08 08:00:00,3.67,2.780254
2018-12-08 08:15:00,29.23,2.9049997
2018-12-08 08:30:00,38.16,42.650936
2018-12-08 08:45:00,33.08,39.031025
2018-12-08 09:00:00,51.52,32.62947
2018-12-08 09:15:00,47.77,48.51677
2018-12-08 09:30:00,42.05,44.863632
2018-12-08 09:45:00,32.4,39.54303
2018-12-08 10:00:00,31.43,29.054367
2018-12-08 10:15:00,31.57,31.497776
2018-12-08 10:30:00,31.43,30.84232
2018-12-08 10:45:00,47.66,30.633884
2018-12-08 11:00:00,49.28,44.915314
2018-12-08 11:15:00,38.16,45.041595
2018-12-08 11:30:00,44.14,36.096867
2018-12-08 11:45:00,38.27,42.731445
2018-12-08 12:00:00,22.46,36.048496
2018-12-08 12:15:00,3.92,17.041138
2018-12-08 12:30:00,4.57,3.2290444
2018-12-08 12:45:00,5.36,4.1732965
2018-12-08 13:00:00,6.08,4.6081333
2018-12-08 13:15:00,34.09,6.1843667
2018-12-08 13:30:00,55.69,43.206276
2018-12-08 13:45:00,40.61,51.61818
2018-12-08 14:00:00,50.51,38.011333
2018-12-08 14:15:00,37.98,46.64473
2018-12-08 14:30:00,48.89,35.80263
2018-12-08 14:45:00,37.73,45.26703
2018-12-08 15:00:00,40.03,34.04159
2018-12-08 15:15:00,43.67,37.45487
2018-12-08 15:30:00,46.15,39.502907
2018-12-08 15:45:00,49.68,41.32881
2018-12-08 16:00:00,49.32,43.354137
2018-12-08 16:15:00,49.46,43.23501
2018-12-08 16:30:00,49.54,43.52685
2018-12-08 16:45:00,34.63,43.67134
2018-12-08 17:00:00,27.0,29.52703
2018-12-08 17:15:00,9.9,25.402153
2018-12-08 17:30:00,5.22,6.3907566
2018-12-08 17:45:00,5.29,4.567328
2018-12-08 18:00:00,5.22,4.437178
2018-12-08 18:15:00,5.18,5.2389965
2018-12-08 18:30:00,5.15,4.3766174
2018-12-08 18:45:00,5.33,4.3615313
2018-12-08 19:00:00,5.15,4.500906
2018-12-08 19:15:00,4.1,4.3756485
2018-12-08 19:30:00,4.14,3.36137
2018-12-08 19:45:00,4.1,3.5111887
2018-12-08 20:00:00,4.14,3.3573763
2018-12-08 20:15:00,4.1,3.3370218
2018-12-08 20:30:00,4.03,3.2646093
2018-12-08 20:45:00,4.14,3.2912679
2018-12-08 21:00:00,4.1,3.162404
2018-12-08 21:15:00,4.14,3.1520038
2018-12-08 21:30:00,4.1,3.250311
2018-12-08 21:45:00,4.14,3.2583804
2018-12-08 22:00:00,4.1,3.1206222
2018-12-08 22:15:00,3.82,3.089527
2018-12-08 22:30:00,3.89,2.88609
2018-12-08 22:45:00,5.0,3.0178745
2018-12-08 23:00:00,4.75,3.833372
2018-12-08 23:15:00,3.82,3.5154192
2018-12-08 23:30:00,3.71,2.8651676
2018-12-08 23:45:00,3.82,2.9588351
2018-12-09 00:00:00,3.17,2.8971846
2018-12-09 00:15:00,3.74,2.4379983
2018-12-09 00:30:00,3.74,2.9019315
2018-12-09 00:45:00,3.82,2.7972198
2018-12-09 01:00:00,3.85,2.87268
2018-12-09 01:15:00,3.78,2.8303962
2018-12-09 01:30:00,3.82,2.8316102
2018-12-09 01:45:00,3.78,2.8767862
2018-12-09 02:00:00,3.78,2.804172
2018-12-09 02:15:00,3.17,2.8151546
2018-12-09 02:30:00,3.13,2.3788433
2018-12-09 02:45:00,3.35,2.4626904
2018-12-09 03:00:00,3.67,2.5710864
2018-12-09 03:15:00,3.02,2.782145
2018-12-09 03:30:00,3.13,2.246281
2018-12-09 03:45:00,3.06,2.4782612
2018-12-09 04:00:00,3.06,2.3490665
2018-12-09 04:15:00,3.06,2.4089963
2018-12-09 04:30:00,3.2,2.3527718
2018-12-09 04:45:00,3.78,2.5161939
2018-12-09 05:00:00,3.78,2.9024036
2018-12-09 05:15:00,3.74,2.8107452
2018-12-09 05:30:00,3.74,2.8304899
2018-12-09 05:45:00,3.13,2.8488462
2018-12-09 06:00:00,3.74,2.3761878
2018-12-09 06:15:00,3.56,2.9679866
2018-12-09 06:30:00,3.1,2.6871793
2018-12-09 06:45:00,2.95,2.456375
2018-12-09 07:00:00,3.06,2.312498
2018-12-09 07:15:00,3.02,2.492101
2018-12-09 07:30:00,2.95,2.4517765
2018-12-09 07:45:00,3.02,2.3847637
2018-12-09 08:00:00,2.99,2.4477072
2018-12-09 08:15:00,3.13,2.4571884
2018-12-09 08:30:00,3.74,2.5713954
2018-12-09 08:45:00,3.82,3.0573406
2018-12-09 09:00:00,3.96,3.0323536
2018-12-09 09:15:00,4.03,3.1798043
2018-12-09 09:30:00,3.35,3.1889753
2018-12-09 09:45:00,3.31,2.585825
2018-12-09 10:00:00,3.89,2.714315
2018-12-09 10:15:00,4.03,3.1957006
2018-12-09 10:30:00,3.31,3.2128086
2018-12-09 10:45:00,3.35,2.5052364
2018-12-09 11:00:00,3.42,2.7032716
2018-12-09 11:15:00,3.35,2.7631743
2018-12-09 11:30:00,3.31,2.7125974
2018-12-09 11:45:00,3.38,2.6009016
2018-12-09 12:00:00,3.89,2.6803236
2018-12-09 12:15:00,4.18,3.1499155
2018-12-09 12:30:00,4.1,3.2880993
2018-12-09 12:45:00,4.1,3.138331
2018-12-09 13:00:00,3.6,3.147242
2018-12-09 13:15:00,3.42,2.7332635
2018-12-09 13:30:00,3.42,2.702025
2018-12-09 13:45:00,3.35,2.6683118
2018-12-09 14:00:00,3.92,2.5678902
2018-12-09 14:15:00,3.78,3.07884
2018-12-09 14:30:00,3.42,2.8530965
2018-12-09 14:45:00,3.38,2.6215549
2018-12-09 15:00:00,3.46,2.5433407
2018-12-09 15:15:00,3.42,2.6951547
2018-12-09 15:30:00,3.53,2.6684108
2018-12-09 15:45:00,4.07,2.7835782
2018-12-09 16:00:00,4.03,3.138173
2018-12-09 16:15:00,4.14,3.0569787
2018-12-09 16:30:00,4.0,3.2227452
2018-12-09 16:45:00,3.31,3.0623097
2018-12-09 17:00:00,3.35,2.412611
2018-12-09 17:15:00,3.49,2.6195056
2018-12-09 17:30:00,4.1,2.7244577
2018-12-09 17:45:00,3.64,3.2941043
2018-12-09 18:00:00,3.24,2.6312628
2018-12-09 18:15:00,3.28,2.4733605
2018-12-09 18:30:00,3.31,2.5475156
2018-12-09 18:45:00,3.42,2.6335106
2018-12-09 19:00:00,3.64,2.689788
2018-12-09 19:15:00,4.07,2.841595
2018-12-09 19:30:00,4.03,3.1686912
2018-12-09 19:45:00,4.03,3.0760746
2018-12-09 20:00:00,4.0,3.1409888
2018-12-09 20:15:00,3.31,3.090168
2018-12-09 20:30:00,3.31,2.529548
2018-12-09 20:45:00,3.35,2.6790748
2018-12-09 21:00:00,3.35,2.673585
2018-12-09 21:15:00,3.67,2.7095187
2018-12-09 21:30:00,4.14,2.9190893
2018-12-09 21:45:00,3.38,3.273377
2018-12-09 22:00:00,3.28,2.54462
2018-12-09 22:15:00,3.13,2.6166933
2018-12-09 22:30:00,3.17,2.4958282
2018-12-09 22:45:00,3.78,2.6522467
2018-12-09 23:00:00,3.78,2.9699845
2018-12-09 23:15:00,3.74,2.8397388
2018-12-09 23:30:00,3.74,2.8519013
2018-12-09 23:45:00,3.46,2.8939228
2018-12-10 00:00:00,5.36,2.592595
2018-12-10 00:15:00,3.06,4.322206
2018-12-10 00:30:00,3.02,1.8728087
2018-12-10 00:45:00,3.31,2.3881087
2018-12-10 01:00:00,3.85,2.4387121
2018-12-10 01:15:00,3.42,3.0354502
2018-12-10 01:30:00,3.1,2.3324447
2018-12-10 01:45:00,3.1,2.244691
2018-12-10 02:00:00,3.17,2.3231392
2018-12-10 02:15:00,3.31,2.4050782
2018-12-10 02:30:00,3.82,2.4200554
2018-12-10 02:45:00,3.78,2.8028646
2018-12-10 03:00:00,3.82,2.7475798
2018-12-10 03:15:00,3.74,2.8006282
2018-12-10 03:30:00,3.1,2.6522155
2018-12-10 03:45:00,3.2,2.1319795
2018-12-10 04:00:00,3.1,2.4150887
2018-12-10 04:15:00,3.13,2.2552276
2018-12-10 04:30:00,3.17,2.3024485
2018-12-10 04:45:00,3.49,2.2239742
2018-12-10 05:00:00,3.74,2.6325603
2018-12-10 05:15:00,3.13,2.7679539
2018-12-10 05:30:00,3.1,2.1670804
2018-12-10 05:45:00,3.82,2.1906893
2018-12-10 06:00:00,3.82,2.9459321
2018-12-10 06:15:00,3.85,2.8003147
2018-12-10 06:30:00,3.82,2.7741196
2018-12-10 06:45:00,3.46,2.6778367
2018-12-10 07:00:00,3.06,2.5085807
2018-12-10 07:15:00,3.13,2.1503959
2018-12-10 07:30:00,3.56,2.2380197
2018-12-10 07:45:00,5.87,2.6614406
2018-12-10 08:00:00,6.8,5.5506396
2018-12-10 08:15:00,33.48,5.977845
2018-12-10 08:30:00,61.06,50.38865
2018-12-10 08:45:00,58.36,65.3031
2018-12-10 09:00:00,68.62,60.827988
2018-12-10 09:15:00,69.23,64.65849
2018-12-10 09:30:00,70.78,65.45089
2018-12-10 09:45:00,61.74,65.9337
2018-12-10 10:00:00,72.0,59.73621
2018-12-10 10:15:00,56.2,66.67091
2018-12-10 10:30:00,56.02,57.088352
2018-12-10 10:45:00,63.9,56.17414
2018-12-10 11:00:00,68.47,60.52961
2018-12-10 11:15:00,61.56,63.519844
2018-12-10 11:30:00,70.31,59.88428
2018-12-10 11:45:00,62.42,64.96244
2018-12-10 12:00:00,44.75,60.488083
2018-12-10 12:15:00,9.11,43.711636
2018-12-10 12:30:00,10.33,5.307243
2018-12-10 12:45:00,11.45,10.148729
2018-12-10 13:00:00,11.09,12.194277
2018-12-10 13:15:00,42.66,17.563564
2018-12-10 13:30:00,72.9,52.41313
2018-12-10 13:45:00,71.03,64.946976
2018-12-10 14:00:00,67.32,65.137764
2018-12-10 14:15:00,64.22,63.77568
2018-12-10 14:30:00,69.91,61.623287
2018-12-10 14:45:00,51.23,64.11855
2018-12-10 15:00:00,58.39,51.40432
2018-12-10 15:15:00,69.62,55.762844
2018-12-10 15:30:00,66.71,61.921913
2018-12-10 15:45:00,65.99,61.256123
2018-12-10 16:00:00,64.98,60.27379
2018-12-10 16:15:00,64.55,59.66016
2018-12-10 16:30:00,63.72,59.320736
2018-12-10 16:45:00,66.53,58.731567
2018-12-10 17:00:00,62.57,59.78498
2018-12-10 17:15:00,63.72,59.773552
2018-12-10 17:30:00,58.64,60.322273
2018-12-10 17:45:00,60.12,56.92263
2018-12-10 18:00:00,24.73,57.267944
2018-12-10 18:15:00,5.47,19.872082
2018-12-10 18:30:00,4.5,4.358843
2018-12-10 18:45:00,4.46,3.9367366
2018-12-10 19:00:00,4.46,7.5205016
2018-12-10 19:15:00,4.75,6.240831
2018-12-10 19:30:00,5.69,4.3387165
2018-12-10 19:45:00,5.62,5.253534
2018-12-10 20:00:00,4.46,5.124533
2018-12-10 20:15:00,4.46,3.3879094
2018-12-10 20:30:00,4.5,3.5377438
2018-12-10 20:45:00,4.43,3.647552
2018-12-10 21:00:00,4.46,3.4106312
2018-12-10 21:15:00,4.5,3.371923
2018-12-10 21:30:00,4.57,3.434702
2018-12-10 21:45:00,4.54,3.5368764
2018-12-10 22:00:00,4.46,3.3443172
2018-12-10 22:15:00,4.28,3.3601296
2018-12-10 22:30:00,4.25,3.1895657
2018-12-10 22:45:00,4.32,3.204551
2018-12-10 23:00:00,4.18,3.1161165
2018-12-10 23:15:00,4.18,3.1288934
2018-12-10 23:30:00,4.21,3.1907408
2018-12-10 23:45:00,4.28,3.249426
2018-12-11 00:00:00,4.18,3.2569065
2018-12-11 00:15:00,4.86,3.1342084
2018-12-11 00:30:00,4.21,3.7600305
2018-12-11 00:45:00,4.18,2.9847846
2018-12-11 01:00:00,4.21,3.1738572
2018-12-11 01:15:00,4.32,3.1000166
2018-12-11 01:30:00,4.25,3.278533
2018-12-11 01:45:00,4.18,3.116408
2018-12-11 02:00:00,4.21,3.0921345
2018-12-11 02:15:00,4.28,3.1113904
2018-12-11 02:30:00,4.25,3.1868901
2018-12-11 02:45:00,4.21,3.136796
2018-12-11 03:00:00,3.56,3.1190126
2018-12-11 03:15:00,3.56,2.5414863
2018-12-11 03:30:00,3.53,2.6955705
2018-12-11 03:45:00,3.53,2.6084101
2018-12-11 04:00:00,3.85,2.6693687
2018-12-11 04:15:00,4.18,2.893052
2018-12-11 04:30:00,3.49,3.1461678
2018-12-11 04:45:00,3.56,2.44874
2018-12-11 05:00:00,3.56,2.714417
2018-12-11 05:15:00,3.74,2.6456907
2018-12-11 05:30:00,4.18,2.8447106
2018-12-11 05:45:00,4.25,3.0954454
2018-12-11 06:00:00,4.28,3.146778
2018-12-11 06:15:00,3.56,3.1934838
2018-12-11 06:30:00,3.53,2.484949
2018-12-11 06:45:00,3.6,2.603664
2018-12-11 07:00:00,3.49,2.6677585
2018-12-11 07:15:00,4.1,2.564039
2018-12-11 07:30:00,4.07,3.1510785
2018-12-11 07:45:00,4.86,2.9309974
2018-12-11 08:00:00,14.83,3.968754
2018-12-11 08:15:00,44.21,21.011175
2018-12-11 08:30:00,54.04,57.18472
2018-12-11 08:45:00,61.74,56.715897
2018-12-11 09:00:00,69.48,60.604916
2018-12-11 09:15:00,75.38,64.214905
2018-12-11 09:30:00,71.82,68.069145
2018-12-11 09:45:00,71.24,67.11538
2018-12-11 10:00:00,54.86,65.53286
2018-12-11 10:15:00,66.13,56.27374
2018-12-11 10:30:00,73.08,62.850647
2018-12-11 10:45:00,77.51,66.87673
2018-12-11 11:00:00,72.54,69.7351
2018-12-11 11:15:00,63.83,68.098305
2018-12-11 11:30:00,67.07,62.396282
2018-12-11 11:45:00,84.24,63.882977
2018-12-11 12:00:00,72.79,72.80878
2018-12-11 12:15:00,7.96,66.87155
2018-12-11 12:30:00,5.8,3.9082823
2018-12-11 12:45:00,6.98,4.647941
2018-12-11 13:00:00,6.95,5.9943395
2018-12-11 13:15:00,38.45,19.597546
2018-12-11 13:30:00,59.36,55.54324
2018-12-11 13:45:00,66.02,57.43054
2018-12-11 14:00:00,80.28,59.889923
2018-12-11 14:15:00,75.53,68.809006
2018-12-11 14:30:00,72.0,69.7202
2018-12-11 14:45:00,72.61,67.92718
2018-12-11 15:00:00,78.55,66.86369
2018-12-11 15:15:00,73.98,69.75331
2018-12-11 15:30:00,76.79,68.036865
2018-12-11 15:45:00,80.46,69.08534
2018-12-11 16:00:00,68.11,70.63043
2018-12-11 16:15:00,71.68,64.09528
2018-12-11 16:30:00,69.8,65.08047
2018-12-11 16:45:00,75.46,63.794617
2018-12-11 17:00:00,70.27,66.09557
2018-12-11 17:15:00,78.48,66.003006
2018-12-11 17:30:00,66.78,70.32025
2018-12-11 17:45:00,32.11,64.142204
2018-12-11 18:00:00,31.25,28.11471
2018-12-11 18:15:00,36.4,36.541424
2018-12-11 18:30:00,39.56,40.399574
2018-12-11 18:45:00,51.44,42.614777
2018-12-11 19:00:00,51.52,50.60951
2018-12-11 19:15:00,53.57,49.325718
2018-12-11 19:30:00,52.81,50.844006
2018-12-11 19:45:00,52.38,50.30048
2018-12-11 20:00:00,53.21,49.57893
2018-12-11 20:15:00,51.91,47.96609
2018-12-11 20:30:00,53.46,47.017998
2018-12-11 20:45:00,32.36,48.08861
2018-12-11 21:00:00,28.37,27.349358
2018-12-11 21:15:00,6.77,27.259325
2018-12-11 21:30:00,5.69,3.5327907
2018-12-11 21:45:00,5.8,4.8633904
2018-12-11 22:00:00,5.69,4.00207
2018-12-11 22:15:00,5.47,6.7031884
2018-12-11 22:30:00,5.44,3.925539
2018-12-11 22:45:00,4.97,4.457583
2018-12-11 23:00:00,4.36,3.6271067
2018-12-11 23:15:00,4.25,3.5275383
2018-12-11 23:30:00,4.21,3.4008327
2018-12-11 23:45:00,4.14,3.431542
2018-12-12 00:00:00,4.21,3.263267
2018-12-12 00:15:00,4.21,3.2851088
2018-12-12 00:30:00,4.14,3.2165537
2018-12-12 00:45:00,4.14,3.1094837
2018-12-12 01:00:00,4.14,3.1338634
2018-12-12 01:15:00,4.21,3.1310606
2018-12-12 01:30:00,4.18,3.201458
2018-12-12 01:45:00,4.75,3.1231434
2018-12-12 02:00:00,5.33,3.6862488
2018-12-12 02:15:00,4.25,4.0904326
2018-12-12 02:30:00,4.25,3.0284245
2018-12-12 02:45:00,4.18,3.2173398
2018-12-12 03:00:00,4.21,3.1322765
2018-12-12 03:15:00,4.18,3.2437258
2018-12-12 03:30:00,4.18,3.1026385
2018-12-12 03:45:00,4.25,3.0944877
2018-12-12 04:00:00,4.18,3.2012727
2018-12-12 04:15:00,4.03,3.1370096
2018-12-12 04:30:00,3.46,2.9867094
2018-12-12 04:45:00,3.46,2.4611106
2018-12-12 05:00:00,3.53,2.6647427
2018-12-12 05:15:00,3.46,2.6788578
2018-12-12 05:30:00,3.49,2.576774
2018-12-12 05:45:00,4.0,2.5233698
2018-12-12 06:00:00,4.25,3.095489
2018-12-12 06:15:00,3.85,3.1797616
2018-12-12 06:30:00,3.42,2.747623
2018-12-12 06:45:00,3.42,2.3876266
2018-12-12 07:00:00,3.96,2.5663488
2018-12-12 07:15:00,4.1,3.0396042
2018-12-12 07:30:00,4.32,3.0271904
2018-12-12 07:45:00,5.83,3.2268782
2018-12-12 08:00:00,5.8,5.0943065
2018-12-12 08:15:00,36.86,4.570911
2018-12-12 08:30:00,60.37,54.190887
2018-12-12 08:45:00,66.46,64.02666
2018-12-12 09:00:00,69.05,66.05547
2018-12-12 09:15:00,63.86,66.11192
2018-12-12 09:30:00,65.59,62.56314
2018-12-12 09:45:00,60.98,61.94182
2018-12-12 10:00:00,65.74,57.855976
2018-12-12 10:15:00,57.17,62.172146
2018-12-12 10:30:00,64.55,56.659027
2018-12-12 10:45:00,53.42,61.003975
2018-12-12 11:00:00,65.88,53.10627
2018-12-12 11:15:00,57.71,61.30453
2018-12-12 11:30:00,59.76,56.542366
2018-12-12 11:45:00,79.85,57.83168
2018-12-12 12:00:00,49.64,68.6546
2018-12-12 12:15:00,27.97,49.048832
2018-12-12 12:30:00,29.74,24.805706
2018-12-12 12:45:00,29.56,33.536594
2018-12-12 13:00:00,29.3,30.783707
2018-12-12 13:15:00,58.86,31.246614
2018-12-12 13:30:00,61.78,55.686543
2018-12-12 13:45:00,77.0,56.305145
2018-12-12 14:00:00,65.56,64.471176
2018-12-12 14:15:00,86.51,61.39711
2018-12-12 14:30:00,60.44,71.57543
2018-12-12 14:45:00,64.8,60.437626
2018-12-12 15:00:00,72.18,60.540085
2018-12-12 15:15:00,69.08,64.3
2018-12-12 15:30:00,66.17,63.1418
2018-12-12 15:45:00,61.67,61.19042
2018-12-12 16:00:00,70.6,57.438675
2018-12-12 16:15:00,68.36,62.464294
2018-12-12 16:30:00,75.1,61.773293
2018-12-12 16:45:00,66.13,65.50731
2018-12-12 17:00:00,70.7,60.60424
2018-12-12 17:15:00,60.7,65.11674
2018-12-12 17:30:00,57.92,58.829082
2018-12-12 17:45:00,32.9,56.4438
2018-12-12 18:00:00,30.53,30.43438
2018-12-12 18:15:00,49.9,34.265972
2018-12-12 18:30:00,67.25,53.04175
2018-12-12 18:45:00,69.37,61.429413
2018-12-12 19:00:00,65.99,62.38834
2018-12-12 19:15:00,66.02,61.001244
2018-12-12 19:30:00,60.19,60.94107
2018-12-12 19:45:00,58.54,57.19629
2018-12-12 20:00:00,61.85,55.174557
2018-12-12 20:15:00,67.07,54.729866
2018-12-12 20:30:00,58.82,57.833687
2018-12-12 20:45:00,53.35,53.103886
2018-12-12 21:00:00,30.35,48.432358
2018-12-12 21:15:00,12.2,24.288404
2018-12-12 21:30:00,5.8,8.371848
2018-12-12 21:45:00,5.76,4.2670646
2018-12-12 22:00:00,5.65,5.2858057
2018-12-12 22:15:00,5.04,6.1220417
2018-12-12 22:30:00,4.25,4.2807293
2018-12-12 22:45:00,4.25,3.122807
2018-12-12 23:00:00,4.21,3.3123705
2018-12-12 23:15:00,4.14,3.530313
2018-12-12 23:30:00,4.1,3.470859
2018-12-12 23:45:00,4.1,3.3722715
2018-12-13 00:00:00,5.26,3.3040614
2018-12-13 00:15:00,4.1,4.2862706
2018-12-13 00:30:00,4.18,2.9692926
2018-12-13 00:45:00,4.21,3.2503371
2018-12-13 01:00:00,4.14,3.1969705
2018-12-13 01:15:00,4.28,3.260189
2018-12-13 01:30:00,4.18,3.2511597
2018-12-13 01:45:00,4.25,3.1074271
2018-12-13 02:00:00,5.36,3.2972686
2018-12-13 02:15:00,4.79,4.2932844
2018-12-13 02:30:00,4.25,3.503979
2018-12-13 02:45:00,4.18,3.1297836
2018-12-13 03:00:00,4.21,3.2003021
2018-12-13 03:15:00,4.18,3.3129873
2018-12-13 03:30:00,4.21,3.1904318
2018-12-13 03:45:00,4.21,3.1149151
2018-12-13 04:00:00,4.21,3.23
2018-12-13 04:15:00,4.18,3.2545776
2018-12-13 04:30:00,4.21,3.172917
2018-12-13 04:45:00,4.21,3.1057508
2018-12-13 05:00:00,4.18,3.2449243
2018-12-13 05:15:00,3.67,3.221198
2018-12-13 05:30:00,3.42,2.6903515
2018-12-13 05:45:00,3.89,2.470676
2018-12-13 06:00:00,4.32,3.0980117
2018-12-13 06:15:00,3.46,3.361171
2018-12-13 06:30:00,3.38,2.390069
2018-12-13 06:45:00,3.38,2.4216082
2018-12-13 07:00:00,3.42,2.5596485
2018-12-13 07:15:00,3.42,2.6030633
2018-12-13 07:30:00,3.71,2.4408996
2018-12-13 07:45:00,5.69,2.740875
2018-12-13 08:00:00,6.23,5.156369
2018-12-13 08:15:00,35.57,5.1843047
2018-12-13 08:30:00,72.86,52.809753
2018-12-13 08:45:00,61.74,74.313774
2018-12-13 09:00:00,76.36,66.03046
2018-12-13 09:15:00,63.11,70.75143
2018-12-13 09:30:00,65.66,63.66593
2018-12-13 09:45:00,72.07,62.5547
2018-12-13 10:00:00,56.84,64.646164
2018-12-13 10:15:00,69.3,57.548424
2018-12-13 10:30:00,65.66,64.4522
2018-12-13 10:45:00,85.43,62.78619
2018-12-13 11:00:00,53.17,72.80956
2018-12-13 11:15:00,55.4,54.963737
2018-12-13 11:30:00,60.08,56.259243
2018-12-13 11:45:00,58.0,58.81534
2018-12-13 12:00:00,51.3,56.63717
2018-12-13 12:15:00,11.38,49.35851
2018-12-13 12:30:00,10.91,6.186337
2018-12-13 12:45:00,30.1,10.588323
2018-12-13 13:00:00,36.4,40.95812
2018-12-13 13:15:00,41.69,41.24723
2018-12-13 13:30:00,56.92,41.39231
2018-12-13 13:45:00,46.66,52.56426
2018-12-13 14:00:00,52.52,45.187313
2018-12-13 14:15:00,58.25,49.801067
2018-12-13 14:30:00,72.61,53.55701
2018-12-13 14:45:00,66.24,62.0447
2018-12-13 15:00:00,73.08,60.564865
2018-12-13 15:15:00,60.52,64.23403
2018-12-13 15:30:00,59.87,57.998745
2018-12-13 15:45:00,63.5,56.574535
2018-12-13 16:00:00,60.52,57.91477
2018-12-13 16:15:00,88.92,56.12653
2018-12-13 16:30:00,105.37,70.67874
2018-12-13 16:45:00,102.89,81.92237
2018-12-13 17:00:00,77.83,85.27465
2018-12-13 17:15:00,67.18,79.19748
2018-12-13 17:30:00,70.13,68.119286
2018-12-13 17:45:00,31.72,68.18956
2018-12-13 18:00:00,31.5,26.429289
2018-12-13 18:15:00,54.79,37.960453
2018-12-13 18:30:00,77.04,59.539024
2018-12-13 18:45:00,79.63,69.62477
2018-12-13 19:00:00,80.46,71.16992
2018-12-13 19:15:00,71.89,72.49989
2018-12-13 19:30:00,78.52,67.99491
2018-12-13 19:45:00,52.31,70.77253
2018-12-13 20:00:00,61.16,51.533092
2018-12-13 20:15:00,61.6,56.46216
2018-12-13 20:30:00,49.68,55.603157
2018-12-13 20:45:00,41.54,46.0174
2018-12-13 21:00:00,20.16,38.56469
2018-12-13 21:15:00,6.16,13.228201
2018-12-13 21:30:00,5.69,4.5529647
2018-12-13 21:45:00,5.69,4.8551097
2018-12-13 22:00:00,5.65,5.8505316
2018-12-13 22:15:00,5.47,5.716297
2018-12-13 22:30:00,5.4,4.3577785
2018-12-13 22:45:00,5.36,4.3813004
2018-12-13 23:00:00,5.36,4.4251904
2018-12-13 23:15:00,5.26,4.3610177
2018-12-13 23:30:00,5.22,4.2251616
2018-12-13 23:45:00,5.18,4.1960616
2018-12-14 00:00:00,4.1,4.159664
2018-12-14 00:15:00,5.33,3.19829
2018-12-14 00:30:00,5.29,4.4289474
2018-12-14 00:45:00,5.26,4.044141
2018-12-14 01:00:00,5.29,4.1608973
2018-12-14 01:15:00,5.26,4.027655
2018-12-14 01:30:00,5.36,4.1019845
2018-12-14 01:45:00,5.33,4.158081
2018-12-14 02:00:00,4.79,4.1374683
2018-12-14 02:15:00,4.14,3.6418824
2018-12-14 02:30:00,4.18,3.1614645
2018-12-14 02:45:00,4.21,3.2689266
2018-12-14 03:00:00,4.18,3.2955842
2018-12-14 03:15:00,4.25,3.2675123
2018-12-14 03:30:00,4.18,3.2823825
2018-12-14 03:45:00,4.14,3.1952133
2018-12-14 04:00:00,4.28,3.2185247
2018-12-14 04:15:00,4.18,3.3528967
2018-12-14 04:30:00,4.18,3.2303376
2018-12-14 04:45:00,4.1,3.199634
2018-12-14 05:00:00,4.46,3.1719255
2018-12-14 05:15:00,5.4,3.5732589
2018-12-14 05:30:00,4.5,4.421352
2018-12-14 05:45:00,4.18,3.2226028
2018-12-14 06:00:00,4.14,3.2674708
2018-12-14 06:15:00,4.14,3.2073493
2018-12-14 06:30:00,3.49,3.2825425
2018-12-14 06:45:00,3.42,2.4918218
2018-12-14 07:00:00,3.35,2.6777282
2018-12-14 07:15:00,3.35,2.5301359
2018-12-14 07:30:00,4.25,2.5586746
2018-12-14 07:45:00,6.52,3.464499
2018-12-14 08:00:00,7.38,6.1791143
2018-12-14 08:15:00,36.22,6.598782
2018-12-14 08:30:00,94.18,52.25889
2018-12-14 08:45:00,97.88,86.822945
2018-12-14 09:00:00,134.5,95.18753
2018-12-14 09:15:00,93.67,108.62005
2018-12-14 09:30:00,109.26,102.62753
2018-12-14 09:45:00,128.34,102.74534
2018-12-14 10:00:00,81.47,106.43015
2018-12-14 10:15:00,109.69,95.87617
2018-12-14 10:30:00,120.67,101.38006
2018-12-14 10:45:00,92.81,105.72107
2018-12-14 11:00:00,91.58,97.72503
2018-12-14 11:15:00,104.9,93.53033
2018-12-14 11:30:00,124.2,97.278145
2018-12-14 11:45:00,88.85,104.29246
2018-12-14 12:00:00,132.01,94.3199
2018-12-14 12:15:00,13.61,102.25844
2018-12-14 12:30:00,9.86,7.772454
2018-12-14 12:45:00,9.61,9.281135
2018-12-14 13:00:00,9.43,7.9355154
2018-12-14 13:15:00,86.98,28.514011
2018-12-14 13:30:00,74.66,96.376366
2018-12-14 13:45:00,116.42,83.24597
2018-12-14 14:00:00,107.57,97.33799
2018-12-14 14:15:00,103.82,99.95009
2018-12-14 14:30:00,114.73,98.91312
2018-12-14 14:45:00,84.74,101.53068
2018-12-14 15:00:00,109.4,90.06944
2018-12-14 15:15:00,125.21,96.08435
2018-12-14 15:30:00,89.35,102.26055
2018-12-14 15:45:00,122.26,92.884224
2018-12-14 16:00:00,114.66,100.18993
2018-12-14 16:15:00,96.8,100.9566
2018-12-14 16:30:00,118.12,95.28903
2018-12-14 16:45:00,133.2,100.11146
2018-12-14 17:00:00,102.64,104.68148
2018-12-14 17:15:00,63.94,102.567924
2018-12-14 17:30:00,62.64,74.044464
2018-12-14 17:45:00,37.94,67.64138
2018-12-14 18:00:00,32.62,34.212627
2018-12-14 18:15:00,29.63,38.274082
2018-12-14 18:30:00,26.57,32.29103
2018-12-14 18:45:00,26.35,30.653503
2018-12-14 19:00:00,26.32,29.082375
2018-12-14 19:15:00,26.39,28.938225
2018-12-14 19:30:00,26.64,27.886826
2018-12-14 19:45:00,28.44,27.58772
2018-12-14 20:00:00,30.46,29.166515
2018-12-14 20:15:00,29.88,28.620655
2018-12-14 20:30:00,30.06,27.354788
2018-12-14 20:45:00,31.93,27.82591
2018-12-14 21:00:00,28.66,29.598652
2018-12-14 21:15:00,5.76,25.458069
2018-12-14 21:30:00,5.8,3.241631
2018-12-14 21:45:00,5.72,4.968471
2018-12-14 22:00:00,5.69,4.07458
2018-12-14 22:15:00,5.4,6.0428777
2018-12-14 22:30:00,5.33,4.1730943
2018-12-14 22:45:00,5.33,4.601358
2018-12-14 23:00:00,5.33,4.305179
2018-12-14 23:15:00,4.86,4.366552
2018-12-14 23:30:00,4.03,3.8163676
2018-12-14 23:45:00,4.03,3.2013974
2018-12-15 00:00:00,3.28,3.1921134
2018-12-15 00:15:00,4.14,2.6286762
2018-12-15 00:30:00,4.1,3.334274
2018-12-15 00:45:00,4.07,3.0840933
2018-12-15 01:00:00,4.14,3.1422164
2018-12-15 01:15:00,4.14,3.1190557
2018-12-15 01:30:00,4.14,3.1763318
2018-12-15 01:45:00,4.14,3.1596458
2018-12-15 02:00:00,4.1,3.1474962
2018-12-15 02:15:00,4.1,3.1092994
2018-12-15 02:30:00,4.21,3.1156275
2018-12-15 02:45:00,4.1,3.1953075
2018-12-15 03:00:00,4.18,3.0691013
2018-12-15 03:15:00,4.82,3.1457787
2018-12-15 03:30:00,5.26,3.6021128
2018-12-15 03:45:00,4.18,3.9000006
2018-12-15 04:00:00,4.14,2.9531713
2018-12-15 04:15:00,4.14,3.1117861
2018-12-15 04:30:00,3.82,3.067603
2018-12-15 04:45:00,3.46,2.9130073
2018-12-15 05:00:00,3.49,2.607283
2018-12-15 05:15:00,3.42,2.6893501
2018-12-15 05:30:00,3.42,2.6289244
2018-12-15 05:45:00,3.42,2.6864645
2018-12-15 06:00:00,3.38,2.639442
2018-12-15 06:15:00,3.46,2.6196833
2018-12-15 06:30:00,3.42,2.712925
2018-12-15 06:45:00,3.49,2.6865659
2018-12-15 07:00:00,4.57,2.7185388
2018-12-15 07:15:00,4.43,3.6811624
2018-12-15 07:30:00,4.1,3.3511422
2018-12-15 07:45:00,4.07,3.1326673
2018-12-15 08:00:00,3.64,3.092012
2018-12-15 08:15:00,3.35,2.839344
2018-12-15 08:30:00,3.35,2.642891
2018-12-15 08:45:00,3.38,2.6314712
2018-12-15 09:00:00,3.49,2.672332
2018-12-15 09:15:00,3.56,2.7862983
2018-12-15 09:30:00,3.38,2.8133335
2018-12-15 09:45:00,3.42,2.6233263
2018-12-15 10:00:00,3.35,2.7029386
2018-12-15 10:15:00,3.35,2.6478426
2018-12-15 10:30:00,3.35,2.6814904
2018-12-15 10:45:00,4.97,2.632488
2018-12-15 11:00:00,5.36,4.23517
2018-12-15 11:15:00,4.28,4.207688
2018-12-15 11:30:00,4.18,3.1755776
2018-12-15 11:45:00,3.35,3.232411
2018-12-15 12:00:00,3.38,2.4803255
2018-12-15 12:15:00,3.42,2.749254
2018-12-15 12:30:00,3.42,2.653043
2018-12-15 12:45:00,3.42,2.6873379
2018-12-15 13:00:00,3.38,2.58002
2018-12-15 13:15:00,3.31,2.60729
2018-12-15 13:30:00,3.35,2.576758
2018-12-15 13:45:00,3.38,2.6303868
2018-12-15 14:00:00,3.31,2.559534
2018-12-15 14:15:00,3.82,2.5346532
2018-12-15 14:30:00,4.1,3.0797951
2018-12-15 14:45:00,4.07,3.2391992
2018-12-15 15:00:00,4.21,3.067447
2018-12-15 15:15:00,3.74,3.2560887
2018-12-15 15:30:00,3.74,2.8463626
2018-12-15 15:45:00,3.96,2.989739
2018-12-15 16:00:00,3.28,3.0108726
2018-12-15 16:15:00,3.35,2.4168177
2018-12-15 16:30:00,3.28,2.68077
2018-12-15 16:45:00,3.24,2.5804996
2018-12-15 17:00:00,3.28,2.4744172
2018-12-15 17:15:00,3.28,2.5248778
2018-12-15 17:30:00,3.35,2.6121829
2018-12-15 17:45:00,4.18,2.7068515
2018-12-15 18:00:00,4.1,3.3186703
2018-12-15 18:15:00,4.1,3.1050754
2018-12-15 18:30:00,4.1,3.239653
2018-12-15 18:45:00,4.03,3.215252
2018-12-15 19:00:00,4.28,3.0799322
2018-12-15 19:15:00,3.49,3.3489475
2018-12-15 19:30:00,3.38,2.6320124
2018-12-15 19:45:00,3.35,2.742629
2018-12-15 20:00:00,3.38,2.621579
2018-12-15 20:15:00,3.46,2.7392385
2018-12-15 20:30:00,3.42,2.7618918
2018-12-15 20:45:00,3.35,2.747888
2018-12-15 21:00:00,3.38,2.6831493
2018-12-15 21:15:00,3.96,2.7465706
2018-12-15 21:30:00,4.28,3.2362475
2018-12-15 21:45:00,4.25,3.3835597
2018-12-15 22:00:00,4.18,3.2620726
2018-12-15 22:15:00,3.74,3.2341678
2018-12-15 22:30:00,3.31,2.9200287
2018-12-15 22:45:00,4.07,2.6855016
2018-12-15 23:00:00,3.56,3.2315683
2018-12-15 23:15:00,3.17,2.6582837
2018-12-15 23:30:00,3.24,2.527176
2018-12-15 23:45:00,3.2,2.6465101
2018-12-16 00:00:00,4.21,2.5105717
2018-12-16 00:15:00,3.24,3.1981206
2018-12-16 00:30:00,3.28,2.3457656
2018-12-16 00:45:00,3.28,2.6265466
2018-12-16 01:00:00,3.85,2.4860277
2018-12-16 01:15:00,4.18,2.9816031
2018-12-16 01:30:00,4.07,3.0528226
2018-12-16 01:45:00,4.07,2.9983597
2018-12-16 02:00:00,3.92,2.9508665
2018-12-16 02:15:00,3.28,2.8771698
2018-12-16 02:30:00,3.42,2.4513202
2018-12-16 02:45:00,3.53,2.6541767
2018-12-16 03:00:00,4.14,2.6500037
2018-12-16 03:15:00,3.56,3.110099
2018-12-16 03:30:00,3.35,2.5398245
2018-12-16 03:45:00,3.38,2.569469
2018-12-16 04:00:00,3.42,2.5575547
2018-12-16 04:15:00,3.42,2.6276762
2018-12-16 04:30:00,3.42,2.5790877
2018-12-16 04:45:00,3.38,2.6150525
2018-12-16 05:00:00,4.07,2.574945
2018-12-16 05:15:00,4.14,3.1290162
2018-12-16 05:30:00,4.07,3.0627193
2018-12-16 05:45:00,4.07,3.0687804
2018-12-16 06:00:00,3.53,3.0070736
2018-12-16 06:15:00,3.31,2.6462977
2018-12-16 06:30:00,3.35,2.5944932
2018-12-16 06:45:00,3.64,2.658775
2018-12-16 07:00:00,4.07,2.847475
2018-12-16 07:15:00,3.38,3.1631558
2018-12-16 07:30:00,3.28,2.5537765
2018-12-16 07:45:00,3.89,2.626723
2018-12-16 08:00:00,3.96,3.122425
2018-12-16 08:15:00,39.35,3.132208
2018-12-16 08:30:00,63.54,54.178062
2018-12-16 08:45:00,65.02,63.84947
2018-12-16 09:00:00,63.79,62.253315
2018-12-16 09:15:00,61.7,58.932587
2018-12-16 09:30:00,64.8,56.188225
2018-12-16 09:45:00,51.16,56.69184
2018-12-16 10:00:00,55.01,46.46062
2018-12-16 10:15:00,61.81,50.928173
2018-12-16 10:30:00,72.18,54.878235
2018-12-16 10:45:00,54.86,61.062687
2018-12-16 11:00:00,66.78,51.11239
2018-12-16 11:15:00,69.95,58.248856
2018-12-16 11:30:00,53.35,60.65627
2018-12-16 11:45:00,55.51,50.18732
2018-12-16 12:00:00,11.81,51.22555
2018-12-16 12:15:00,5.65,5.972546
2018-12-16 12:30:00,5.54,4.6964426
2018-12-16 12:45:00,5.44,4.469964
2018-12-16 13:00:00,5.33,9.088968
2018-12-16 13:15:00,36.47,4.2192693
2018-12-16 13:30:00,63.72,47.250202
2018-12-16 13:45:00,64.8,57.48021
2018-12-16 14:00:00,61.85,56.81371
2018-12-16 14:15:00,57.89,55.278904
2018-12-16 14:30:00,54.36,52.52223
2018-12-16 14:45:00,47.38,49.365036
2018-12-16 15:00:00,43.49,42.888374
2018-12-16 15:15:00,45.4,39.30627
2018-12-16 15:30:00,60.55,40.852905
2018-12-16 15:45:00,48.42,50.850605
2018-12-16 16:00:00,63.22,42.345455
2018-12-16 16:15:00,62.64,52.140766
2018-12-16 16:30:00,66.02,52.569134
2018-12-16 16:45:00,35.42,54.814415
2018-12-16 17:00:00,9.11,29.288355
2018-12-16 17:15:00,8.06,6.06163
2018-12-16 17:30:00,7.74,6.771721
2018-12-16 17:45:00,7.85,6.9720893
2018-12-16 18:00:00,6.73,9.022139
2018-12-16 18:15:00,5.22,4.897473
2018-12-16 18:30:00,5.69,4.0479965
2018-12-16 18:45:00,5.72,4.67078
2018-12-16 19:00:00,5.69,4.861811
2018-12-16 19:15:00,5.72,4.6868215
2018-12-16 19:30:00,5.44,4.612178
2018-12-16 19:45:00,4.46,4.3553042
2018-12-16 20:00:00,4.5,3.4425237
2018-12-16 20:15:00,4.46,3.5434697
2018-12-16 20:30:00,4.5,3.5087461
2018-12-16 20:45:00,4.54,3.6205559
2018-12-16 21:00:00,4.46,3.3695369
2018-12-16 21:15:00,4.5,3.3518143
2018-12-16 21:30:00,4.5,3.4293203
2018-12-16 21:45:00,4.57,3.4801335
2018-12-16 22:00:00,4.57,3.3525968
2018-12-16 22:15:00,4.25,3.3017287
2018-12-16 22:30:00,4.25,3.0522513
2018-12-16 22:45:00,4.18,3.135373
2018-12-16 23:00:00,5.44,2.8706574
2018-12-16 23:15:00,4.82,4.2253876
2018-12-16 23:30:00,4.14,3.3861985
2018-12-16 23:45:00,4.18,3.1193013
2018-12-17 00:00:00,4.57,3.089144
2018-12-17 00:15:00,4.25,3.4525428
2018-12-17 00:30:00,4.18,3.0238552
2018-12-17 00:45:00,4.21,3.008203
2018-12-17 01:00:00,4.21,3.0865984
2018-12-17 01:15:00,4.21,3.0793748
2018-12-17 01:30:00,4.36,3.02321
2018-12-17 01:45:00,4.28,3.1437774
2018-12-17 02:00:00,4.28,3.1193447
2018-12-17 02:15:00,4.28,3.1019063
2018-12-17 02:30:00,3.71,3.0496407
2018-12-17 02:45:00,4.32,2.5741372
2018-12-17 03:00:00,3.82,3.2913737
2018-12-17 03:15:00,3.53,2.6487541
2018-12-17 03:30:00,3.53,2.5400982
2018-12-17 03:45:00,3.53,2.4843163
2018-12-17 04:00:00,3.6,2.6345384
2018-12-17 04:15:00,3.53,2.6384687
2018-12-17 04:30:00,3.53,2.525009
2018-12-17 04:45:00,4.1,2.5007815
2018-12-17 05:00:00,4.25,3.12025
2018-12-17 05:15:00,4.28,3.1180754
2018-12-17 05:30:00,4.25,3.1042192
2018-12-17 05:45:00,3.64,3.0039628
2018-12-17 06:00:00,3.49,2.5915804
2018-12-17 06:15:00,3.46,2.574153
2018-12-17 06:30:00,4.32,2.4630427
2018-12-17 06:45:00,3.6,3.3872454
2018-12-17 07:00:00,3.42,2.4527528
2018-12-17 07:15:00,3.49,2.4989781
2018-12-17 07:30:00,4.36,2.4566636
2018-12-17 07:45:00,6.19,3.5840628
2018-12-17 08:00:00,6.3,5.6553288
2018-12-17 08:15:00,6.48,5.205982
2018-12-17 08:30:00,53.35,5.661876
2018-12-17 08:45:00,46.94,69.659355
2018-12-17 09:00:00,52.06,51.482418
2018-12-17 09:15:00,54.83,53.835133
2018-12-17 09:30:00,56.12,54.493065
2018-12-17 09:45:00,58.0,54.813145
2018-12-17 10:00:00,50.08,54.828808
2018-12-17 10:15:00,46.04,51.18831
2018-12-17 10:30:00,49.54,47.50189
2018-12-17 10:45:00,54.14,50.26045
2018-12-17 11:00:00,53.78,52.874603
2018-12-17 11:15:00,52.67,52.72987
2018-12-17 11:30:00,55.84,52.12505
2018-12-17 11:45:00,49.64,54.512905
2018-12-17 12:00:00,54.5,49.716885
2018-12-17 12:15:00,11.12,51.458046
2018-12-17 12:30:00,7.06,5.892103
2018-12-17 12:45:00,7.13,6.6378284
2018-12-17 13:00:00,8.21,6.0616345
2018-12-17 13:15:00,33.26,13.743468
2018-12-17 13:30:00,56.99,44.405766
2018-12-17 13:45:00,56.59,55.293488
2018-12-17 14:00:00,55.08,53.655735
2018-12-17 14:15:00,51.05,53.193466
2018-12-17 14:30:00,47.95,50.52964
2018-12-17 14:45:00,57.82,47.73741
2018-12-17 15:00:00,59.11,53.72928
2018-12-17 15:15:00,60.62,54.847095
2018-12-17 15:30:00,53.6,56.060127
2018-12-17 15:45:00,60.44,51.617073
2018-12-17 16:00:00,67.5,55.405266
2018-12-17 16:15:00,85.86,59.725166
2018-12-17 16:30:00,82.33,69.7875
2018-12-17 16:45:00,59.8,72.027145
2018-12-17 17:00:00,60.37,58.695335
2018-12-17 17:15:00,56.38,59.569145
2018-12-17 17:30:00,52.99,55.874893
2018-12-17 17:45:00,35.35,52.92138
2018-12-17 18:00:00,31.32,34.611893
2018-12-17 18:15:00,16.09,34.138916
2018-12-17 18:30:00,6.37,13.162564
2018-12-17 18:45:00,5.8,5.699273
2018-12-17 19:00:00,5.54,5.4654365
2018-12-17 19:15:00,5.54,6.623609
2018-12-17 19:30:00,5.62,5.550061
2018-12-17 19:45:00,5.54,5.103717
2018-12-17 20:00:00,5.62,4.9007864
2018-12-17 20:15:00,5.54,4.412116
2018-12-17 20:30:00,4.75,4.383822
2018-12-17 20:45:00,4.46,3.7509947
2018-12-17 21:00:00,4.46,3.3845348
2018-12-17 21:15:00,4.43,3.4092488
2018-12-17 21:30:00,4.43,3.431346
2018-12-17 21:45:00,4.46,3.4317045
2018-12-17 22:00:00,4.46,3.2864647
2018-12-17 22:15:00,4.14,3.3683238
2018-12-17 22:30:00,4.18,3.0225885
2018-12-17 22:45:00,4.21,3.1511188
2018-12-17 23:00:00,4.18,2.9977987
2018-12-17 23:15:00,4.14,3.1547775
2018-12-17 23:30:00,4.07,3.1449418
2018-12-17 23:45:00,4.07,3.140027
2018-12-18 00:00:00,4.14,3.0961874
2018-12-18 00:15:00,5.22,3.1424348
2018-12-18 00:30:00,4.68,4.0929747
2018-12-18 00:45:00,4.14,3.3167934
2018-12-18 01:00:00,4.1,3.0558805
2018-12-18 01:15:00,4.18,3.0338135
2018-12-18 01:30:00,4.07,3.1788006
2018-12-18 01:45:00,4.18,3.007472
2018-12-18 02:00:00,4.1,3.1098676
2018-12-18 02:15:00,4.18,2.9981387
2018-12-18 02:30:00,4.14,3.1250432
2018-12-18 02:45:00,4.21,3.0475526
2018-12-18 03:00:00,4.18,3.1475496
2018-12-18 03:15:00,3.6,3.0742857
2018-12-18 03:30:00,3.42,2.6031318
2018-12-18 03:45:00,3.42,2.5426846
2018-12-18 04:00:00,3.38,2.569308
2018-12-18 04:15:00,3.42,2.5392263
2018-12-18 04:30:00,3.71,2.5665994
2018-12-18 04:45:00,4.18,2.77301
2018-12-18 05:00:00,3.53,3.1750865
2018-12-18 05:15:00,3.46,2.5212812
2018-12-18 05:30:00,3.38,2.5990553
2018-12-18 05:45:00,4.03,2.4450307
2018-12-18 06:00:00,4.14,3.1561093
2018-12-18 06:15:00,3.6,3.0472221
2018-12-18 06:30:00,3.38,2.5613623
2018-12-18 06:45:00,3.35,2.4127202
2018-12-18 07:00:00,3.31,2.5033245
2018-12-18 07:15:00,3.28,2.439473
2018-12-18 07:30:00,3.42,2.4036694
2018-12-18 07:45:00,5.58,2.4892983
2018-12-18 08:00:00,7.27,5.054969
2018-12-18 08:15:00,38.38,6.6810794
2018-12-18 08:30:00,72.86,55.72556
2018-12-18 08:45:00,66.42,74.00046
2018-12-18 09:00:00,81.4,69.26261
2018-12-18 09:15:00,66.28,74.59251
2018-12-18 09:30:00,78.3,67.1597
2018-12-18 09:45:00,77.72,70.899284
2018-12-18 10:00:00,74.59,70.51186
2018-12-18 10:15:00,63.04,71.13847
2018-12-18 10:30:00,58.68,62.8705
2018-12-18 10:45:00,62.96,58.569706
2018-12-18 11:00:00,68.36,60.5705
2018-12-18 11:15:00,60.05,63.723637
2018-12-18 11:30:00,58.82,58.7138
2018-12-18 11:45:00,64.73,57.6536
2018-12-18 12:00:00,67.54,60.9267
2018-12-18 12:15:00,8.14,60.73827
2018-12-18 12:30:00,8.64,4.071079
2018-12-18 12:45:00,8.78,7.4556384
2018-12-18 13:00:00,9.4,7.5667186
2018-12-18 13:15:00,52.45,20.37784
2018-12-18 13:30:00,67.46,64.63474
2018-12-18 13:45:00,62.53,62.89978
2018-12-18 14:00:00,62.46,58.727074
2018-12-18 14:15:00,67.18,58.69639
2018-12-18 14:30:00,113.51,61.460762
2018-12-18 14:45:00,99.5,83.36654
2018-12-18 15:00:00,68.0,87.15556
2018-12-18 15:15:00,120.82,72.572334
2018-12-18 15:30:00,79.45,90.5344
2018-12-18 15:45:00,117.68,81.2731
2018-12-18 16:00:00,114.08,91.52939
2018-12-18 16:15:00,106.27,94.67008
2018-12-18 16:30:00,93.28,94.09251
2018-12-18 16:45:00,127.58,89.106476
2018-12-18 17:00:00,94.61,97.72312
2018-12-18 17:15:00,101.02,94.713875
2018-12-18 17:30:00,112.14,94.61268
2018-12-18 17:45:00,68.08,98.21672
2018-12-18 18:00:00,15.95,74.89742
2018-12-18 18:15:00,7.16,6.723218
2018-12-18 18:30:00,5.58,5.9880776
2018-12-18 18:45:00,5.65,5.063646
2018-12-18 19:00:00,5.0,20.58415
2018-12-18 19:15:00,4.5,4.451076
2018-12-18 19:30:00,4.39,3.9073439
2018-12-18 19:45:00,4.43,3.3176317
2018-12-18 20:00:00,4.39,4.9842963
2018-12-18 20:15:00,4.43,3.0932841
2018-12-18 20:30:00,4.36,3.4143925
2018-12-18 20:45:00,4.39,3.370051
2018-12-18 21:00:00,4.43,3.4314723
2018-12-18 21:15:00,4.39,3.3613338
2018-12-18 21:30:00,4.46,3.381454
2018-12-18 21:45:00,4.39,3.4780626
2018-12-18 22:00:00,4.39,3.2865112
2018-12-18 22:15:00,4.25,3.2871015
2018-12-18 22:30:00,5.18,3.1130252
2018-12-18 22:45:00,5.15,4.2487354
2018-12-18 23:00:00,4.14,3.7497034
2018-12-18 23:15:00,4.14,3.0302956
2018-12-18 23:30:00,4.14,3.1972919
2018-12-18 23:45:00,4.1,3.222464
2018-12-19 00:00:00,3.92,3.1772368
2018-12-19 00:15:00,4.14,2.9503822
2018-12-19 00:30:00,4.14,3.1547408
2018-12-19 00:45:00,4.14,3.0634742
2018-12-19 01:00:00,4.21,3.141754
2018-12-19 01:15:00,4.14,3.1715348
2018-12-19 01:30:00,4.14,3.1052308
2018-12-19 01:45:00,4.18,3.0810792
2018-12-19 02:00:00,4.18,3.151626
2018-12-19 02:15:00,4.93,3.1381705
2018-12-19 02:30:00,5.26,3.825614
2018-12-19 02:45:00,4.14,3.9309661
2018-12-19 03:00:00,4.14,2.9296927
2018-12-19 03:15:00,4.1,3.1354828
2018-12-19 03:30:00,4.25,3.0504122
2018-12-19 03:45:00,3.82,3.2150319
2018-12-19 04:00:00,3.49,2.7703078
2018-12-19 04:15:00,3.42,2.613023
2018-12-19 04:30:00,3.42,2.5514874
2018-12-19 04:45:00,3.49,2.5401893
2018-12-19 05:00:00,3.38,2.6583328
2018-12-19 05:15:00,3.42,2.5317345
2018-12-19 05:30:00,3.38,2.554708
2018-12-19 05:45:00,3.42,2.4454265
2018-12-19 06:00:00,3.42,2.6224768
2018-12-19 06:15:00,4.07,2.5349681
2018-12-19 06:30:00,4.18,3.1483777
2018-12-19 06:45:00,3.96,3.0280304
2018-12-19 07:00:00,4.1,2.9027019
2018-12-19 07:15:00,4.1,3.037857
2018-12-19 07:30:00,4.07,3.0284069
2018-12-19 07:45:00,5.76,2.9830043
2018-12-19 08:00:00,6.23,5.101723
2018-12-19 08:15:00,36.14,5.1137033
2018-12-19 08:30:00,70.81,53.151505
2018-12-19 08:45:00,59.54,72.337814
2018-12-19 09:00:00,63.86,63.50535
2018-12-19 09:15:00,77.4,62.30937
2018-12-19 09:30:00,65.23,68.930466
2018-12-19 09:45:00,69.3,63.707546
2018-12-19 10:00:00,61.13,63.578243
2018-12-19 10:15:00,61.16,60.45105
2018-12-19 10:30:00,70.42,59.563416
2018-12-19 10:45:00,63.68,64.82051
2018-12-19 11:00:00,83.09,61.062023
2018-12-19 11:15:00,140.8,71.47562
2018-12-19 11:30:00,110.88,94.94214
2018-12-19 11:45:00,115.13,97.44485
2018-12-19 12:00:00,101.99,99.32105
2018-12-19 12:15:00,12.13,93.79798
2018-12-19 12:30:00,6.66,7.277266
2018-12-19 12:45:00,6.8,5.5238686
2018-12-19 13:00:00,6.98,5.61717
2018-12-19 13:15:00,62.42,24.457827
2018-12-19 13:30:00,116.46,83.83184
2018-12-19 13:45:00,89.86,100.21531
2018-12-19 14:00:00,98.03,94.571655
2018-12-19 14:15:00,149.18,94.64406
2018-12-19 14:30:00,116.64,108.76939
2018-12-19 14:45:00,105.48,107.78229
2018-12-19 15:00:00,145.22,103.200584
2018-12-19 15:15:00,101.38,110.00881
2018-12-19 15:30:00,130.46,103.38502
2018-12-19 15:45:00,115.24,107.494156
2018-12-19 16:00:00,125.21,105.08742
2018-12-19 16:15:00,133.56,106.47854
2018-12-19 16:30:00,81.65,108.54003
2018-12-19 16:45:00,62.68,93.63759
2018-12-19 17:00:00,125.5,68.8628
2018-12-19 17:15:00,68.0,102.33171
2018-12-19 17:30:00,40.5,79.431694
2018-12-19 17:45:00,31.68,36.476425
2018-12-19 18:00:00,26.82,36.426987
2018-12-19 18:15:00,5.98,29.795069
2018-12-19 18:30:00,5.47,4.4671726
2018-12-19 18:45:00,5.54,6.3267474
2018-12-19 19:00:00,5.44,6.615922
2018-12-19 19:15:00,5.47,9.036319
2018-12-19 19:30:00,5.47,4.475112
2018-12-19 19:45:00,5.4,4.914178
2018-12-19 20:00:00,5.33,4.6415825
2018-12-19 20:15:00,5.36,4.413243
2018-12-19 20:30:00,5.33,4.2581925
2018-12-19 20:45:00,5.44,4.3565164
2018-12-19 21:00:00,5.4,4.176213
2018-12-19 21:15:00,5.4,4.193443
2018-12-19 21:30:00,5.04,4.21958
2018-12-19 21:45:00,4.25,3.939241
2018-12-19 22:00:00,4.39,3.1262531
2018-12-19 22:15:00,4.03,3.4447403
2018-12-19 22:30:00,4.03,2.9811928
2018-12-19 22:45:00,3.96,3.0777717
2018-12-19 23:00:00,4.07,2.791321
2018-12-19 23:15:00,4.03,3.1235514
2018-12-19 23:30:00,3.92,3.083768
2018-12-19 23:45:00,3.96,3.0672276
2018-12-20 00:00:00,3.89,3.0819216
2018-12-20 00:15:00,4.03,3.007846
2018-12-20 00:30:00,4.03,3.0780466
2018-12-20 00:45:00,4.0,2.990875
2018-12-20 01:00:00,4.0,3.0817556
2018-12-20 01:15:00,4.0,3.075839
2018-12-20 01:30:00,4.1,3.0350544
2018-12-20 01:45:00,4.0,3.0493526
2018-12-20 02:00:00,4.07,3.0405936
2018-12-20 02:15:00,4.43,3.1349897
2018-12-20 02:30:00,5.18,3.399987
2018-12-20 02:45:00,4.1,3.9814444
2018-12-20 03:00:00,4.0,2.9125319
2018-12-20 03:15:00,4.1,3.1155713
2018-12-20 03:30:00,4.03,3.091458
2018-12-20 03:45:00,4.1,3.0209064
2018-12-20 04:00:00,3.31,3.1317837
2018-12-20 04:15:00,3.35,2.4161234
2018-12-20 04:30:00,3.46,2.593225
2018-12-20 04:45:00,3.38,2.5432184
2018-12-20 05:00:00,3.35,2.632956
2018-12-20 05:15:00,3.35,2.560026
2018-12-20 05:30:00,3.38,2.5316675
2018-12-20 05:45:00,3.38,2.4653473
2018-12-20 06:00:00,3.92,2.6297016
2018-12-20 06:15:00,3.67,3.0755215
2018-12-20 06:30:00,3.35,2.6454813
2018-12-20 06:45:00,4.0,2.3620458
2018-12-20 07:00:00,4.03,3.1734636
2018-12-20 07:15:00,3.96,3.0020795
2018-12-20 07:30:00,4.18,2.9145777
2018-12-20 07:45:00,4.79,3.1153493
2018-12-20 08:00:00,5.87,3.8888652
2018-12-20 08:15:00,39.49,5.0620413
2018-12-20 08:30:00,79.85,57.384186
2018-12-20 08:45:00,66.96,79.395966
2018-12-20 09:00:00,63.14,71.967896
2018-12-20 09:15:00,64.12,64.28459
2018-12-20 09:30:00,64.37,62.26208
2018-12-20 09:45:00,83.16,61.092556
2018-12-20 10:00:00,71.14,69.7816
2018-12-20 10:15:00,58.72,68.712685
2018-12-20 10:30:00,68.72,59.240566
2018-12-20 10:45:00,75.53,64.76867
2018-12-20 11:00:00,77.51,68.37223
2018-12-20 11:15:00,64.4,70.5151
2018-12-20 11:30:00,63.0,63.247776
2018-12-20 11:45:00,71.46,61.457733
2018-12-20 12:00:00,71.06,65.8611
2018-12-20 12:15:00,16.96,63.970646
2018-12-20 12:30:00,7.67,9.706992
2018-12-20 12:45:00,7.49,6.7586865
2018-12-20 13:00:00,6.66,6.405285
2018-12-20 13:15:00,42.7,14.161115
2018-12-20 13:30:00,63.07,59.98043
2018-12-20 13:45:00,71.5,60.02109
2018-12-20 14:00:00,76.9,63.607685
2018-12-20 14:15:00,63.5,68.21793
2018-12-20 14:30:00,78.41,62.33913
2018-12-20 14:45:00,73.4,68.89299
2018-12-20 15:00:00,64.44,67.404816
2018-12-20 15:15:00,60.26,61.662434
2018-12-20 15:30:00,58.9,57.6386
2018-12-20 15:45:00,60.59,56.01733
2018-12-20 16:00:00,56.92,56.224453
2018-12-20 16:15:00,60.08,53.552925
2018-12-20 16:30:00,58.68,55.520336
2018-12-20 16:45:00,57.56,54.509216
2018-12-20 17:00:00,46.51,53.19747
2018-12-20 17:15:00,58.07,46.45374
2018-12-20 17:30:00,41.22,56.02136
2018-12-20 17:45:00,41.51,40.76841
2018-12-20 18:00:00,24.8,43.140324
2018-12-20 18:15:00,5.44,21.954145
2018-12-20 18:30:00,5.18,3.9101522
2018-12-20 18:45:00,5.29,4.845054
2018-12-20 19:00:00,5.29,5.729814
2018-12-20 19:15:00,5.29,6.5754747
2018-12-20 19:30:00,4.18,4.59349
2018-12-20 19:45:00,4.07,3.491127
2018-12-20 20:00:00,4.1,3.599833
2018-12-20 20:15:00,4.07,3.5628967
2018-12-20 20:30:00,4.18,3.5251803
2018-12-20 20:45:00,4.1,3.5604734
2018-12-20 21:00:00,4.1,3.1957157
2018-12-20 21:15:00,4.14,3.252658
2018-12-20 21:30:00,4.14,3.3054237
2018-12-20 21:45:00,4.21,3.350709
2018-12-20 22:00:00,4.18,3.1420157
2018-12-20 22:15:00,3.85,3.2231908
2018-12-20 22:30:00,3.85,2.897543
2018-12-20 22:45:00,4.64,2.9954915
2018-12-20 23:00:00,5.04,3.7064605
2018-12-20 23:15:00,4.07,3.8769112
2018-12-20 23:30:00,3.82,2.9593725
2018-12-20 23:45:00,3.85,3.0090556
2018-12-21 00:00:00,3.92,3.071603
2018-12-21 00:15:00,3.89,3.1666057
2018-12-21 00:30:00,3.85,3.0116098
2018-12-21 00:45:00,3.89,2.9563618
2018-12-21 01:00:00,3.89,3.058609
2018-12-21 01:15:00,3.96,3.0665321
2018-12-21 01:30:00,3.89,3.0982976
2018-12-21 01:45:00,3.89,2.9782894
2018-12-21 02:00:00,3.89,3.0446186
2018-12-21 02:15:00,3.92,3.047396
2018-12-21 02:30:00,3.92,3.0573559
2018-12-21 02:45:00,3.92,3.004889
2018-12-21 03:00:00,3.96,3.04353
2018-12-21 03:15:00,4.79,3.0891216
2018-12-21 03:30:00,4.5,3.8312445
2018-12-21 03:45:00,3.24,3.3416219
2018-12-21 04:00:00,3.28,2.3745844
2018-12-21 04:15:00,3.24,2.6215317
2018-12-21 04:30:00,3.24,2.5570831
2018-12-21 04:45:00,3.28,2.5338693
2018-12-21 05:00:00,3.28,2.5321681
2018-12-21 05:15:00,3.28,2.5679154
2018-12-21 05:30:00,3.2,2.536625
2018-12-21 05:45:00,3.24,2.4250112
2018-12-21 06:00:00,3.2,2.5631895
2018-12-21 06:15:00,3.67,2.4791489
2018-12-21 06:30:00,3.96,2.9168758
2018-12-21 06:45:00,3.92,3.0225677
2018-12-21 07:00:00,3.89,3.0482135
2018-12-21 07:15:00,3.67,2.9868722
2018-12-21 07:30:00,3.17,2.743656
2018-12-21 07:45:00,5.44,2.2807708
2018-12-21 08:00:00,6.77,5.0898066
2018-12-21 08:15:00,28.8,6.0453005
2018-12-21 08:30:00,54.22,43.55209
2018-12-21 08:45:00,56.41,59.54525
2018-12-21 09:00:00,56.74,57.76124
2018-12-21 09:15:00,43.78,56.023327
2018-12-21 09:30:00,47.52,45.39246
2018-12-21 09:45:00,56.2,47.540127
2018-12-21 10:00:00,51.59,52.078854
2018-12-21 10:15:00,66.64,51.127365
2018-12-21 10:30:00,53.14,60.395004
2018-12-21 10:45:00,58.54,53.230507
2018-12-21 11:00:00,73.12,56.06105
2018-12-21 11:15:00,67.79,64.5104
2018-12-21 11:30:00,65.59,63.65244
2018-12-21 11:45:00,57.85,62.46086
2018-12-21 12:00:00,58.9,56.80846
2018-12-21 12:15:00,7.42,55.11917
2018-12-21 12:30:00,8.35,3.6958861
2018-12-21 12:45:00,7.67,7.404618
2018-12-21 13:00:00,7.2,6.3458242
2018-12-21 13:15:00,39.74,15.449816
2018-12-21 13:30:00,58.03,53.106983
2018-12-21 13:45:00,63.97,55.180428
2018-12-21 14:00:00,56.34,57.930054
2018-12-21 14:15:00,69.62,54.379765
2018-12-21 14:30:00,60.34,61.623215
2018-12-21 14:45:00,57.74,57.97304
2018-12-21 15:00:00,68.04,54.932137
2018-12-21 15:15:00,67.68,60.40299
2018-12-21 15:30:00,58.32,61.123283
2018-12-21 15:45:00,65.48,55.589428
2018-12-21 16:00:00,63.0,58.834793
2018-12-21 16:15:00,69.73,57.659924
2018-12-21 16:30:00,59.69,61.40184
2018-12-21 16:45:00,63.32,55.950867
2018-12-21 17:00:00,62.32,57.242367
2018-12-21 17:15:00,52.78,58.886345
2018-12-21 17:30:00,45.86,51.960983
2018-12-21 17:45:00,30.78,46.103813
2018-12-21 18:00:00,8.21,29.64151
2018-12-21 18:15:00,5.51,5.4351044
2018-12-21 18:30:00,5.4,5.066402
2018-12-21 18:45:00,5.62,5.7770605
2018-12-21 19:00:00,5.54,8.127539
2018-12-21 19:15:00,5.54,4.7394223
2018-12-21 19:30:00,5.51,4.9554563
2018-12-21 19:45:00,5.47,4.9010615
2018-12-21 20:00:00,5.54,5.066116
2018-12-21 20:15:00,5.47,4.4998937
2018-12-21 20:30:00,5.44,4.502801
2018-12-21 20:45:00,5.47,4.5404534
2018-12-21 21:00:00,5.44,4.279856
2018-12-21 21:15:00,5.54,4.274424
2018-12-21 21:30:00,5.4,4.4080787
2018-12-21 21:45:00,5.44,4.3069553
2018-12-21 22:00:00,5.44,4.1093516
2018-12-21 22:15:00,5.18,4.40922
2018-12-21 22:30:00,5.26,4.148591
2018-12-21 22:45:00,5.15,4.2801185
2018-12-21 23:00:00,5.15,4.003621
2018-12-21 23:15:00,5.11,3.9968307
2018-12-21 23:30:00,4.57,3.933712
2018-12-21 23:45:00,4.0,3.4948924
2018-12-22 00:00:00,3.31,3.051061
2018-12-22 00:15:00,4.0,2.6099226
2018-12-22 00:30:00,4.0,3.206197
2018-12-22 00:45:00,4.0,3.045365
2018-12-22 01:00:00,4.1,3.075173
2018-12-22 01:15:00,3.96,3.087697
2018-12-22 01:30:00,4.03,3.0235782
2018-12-22 01:45:00,4.03,3.09095
2018-12-22 02:00:00,3.96,3.051244
2018-12-22 02:15:00,4.07,3.0052338
2018-12-22 02:30:00,4.07,3.0865195
2018-12-22 02:45:00,3.67,3.0711205
2018-12-22 03:00:00,3.31,2.761333
2018-12-22 03:15:00,3.82,2.5591986
2018-12-22 03:30:00,4.07,2.977079
2018-12-22 03:45:00,3.42,3.0828247
2018-12-22 04:00:00,3.38,2.555119
2018-12-22 04:15:00,3.31,2.6195564
2018-12-22 04:30:00,3.38,2.5659816
2018-12-22 04:45:00,3.35,2.6747773
2018-12-22 05:00:00,3.38,2.571936
2018-12-22 05:15:00,3.42,2.615002
2018-12-22 05:30:00,3.96,2.639155
2018-12-22 05:45:00,4.07,3.1170886
2018-12-22 06:00:00,4.07,3.0400155
2018-12-22 06:15:00,4.0,3.06714
2018-12-22 06:30:00,3.38,3.0223408
2018-12-22 06:45:00,3.35,2.5891905
2018-12-22 07:00:00,3.35,2.6402745
2018-12-22 07:15:00,3.31,2.631916
2018-12-22 07:30:00,3.85,2.6352332
2018-12-22 07:45:00,4.03,3.0464184
2018-12-22 08:00:00,3.35,3.0785263
2018-12-22 08:15:00,3.31,2.5514688
2018-12-22 08:30:00,3.24,2.6422296
2018-12-22 08:45:00,3.38,2.5432844
2018-12-22 09:00:00,3.82,2.721558
2018-12-22 09:15:00,4.28,3.0677533
2018-12-22 09:30:00,4.28,3.4305487
2018-12-22 09:45:00,4.32,3.3046489
2018-12-22 10:00:00,4.21,3.393864
2018-12-22 10:15:00,3.6,3.2979012
2018-12-22 10:30:00,3.6,2.7664979
2018-12-22 10:45:00,3.6,2.8377419
2018-12-22 11:00:00,3.6,2.8080046
2018-12-22 11:15:00,3.6,2.851664
2018-12-22 11:30:00,3.6,2.811199
2018-12-22 11:45:00,3.6,2.8045735
2018-12-22 12:00:00,3.6,2.7796507
2018-12-22 12:15:00,3.71,2.8053837
2018-12-22 12:30:00,4.39,2.9250522
2018-12-22 12:45:00,4.1,3.52451
2018-12-22 13:00:00,3.71,3.0453496
2018-12-22 13:15:00,4.28,2.8266435
2018-12-22 13:30:00,4.25,3.4221566
2018-12-22 13:45:00,4.25,3.2867782
2018-12-22 14:00:00,4.21,3.244958
2018-12-22 14:15:00,3.67,3.1823282
2018-12-22 14:30:00,3.46,2.7688878
2018-12-22 14:45:00,3.49,2.698213
2018-12-22 15:00:00,3.53,2.6208072
2018-12-22 15:15:00,3.56,2.7233915
2018-12-22 15:30:00,3.53,2.7897155
2018-12-22 15:45:00,3.56,2.778627
2018-12-22 16:00:00,3.56,2.68891
2018-12-22 16:15:00,3.49,2.7494404
2018-12-22 16:30:00,3.53,2.7518675
2018-12-22 16:45:00,3.56,2.8266356
2018-12-22 17:00:00,4.68,2.6990242
2018-12-22 17:15:00,5.44,3.8541322
2018-12-22 17:30:00,4.46,4.3777156
2018-12-22 17:45:00,4.28,3.323082
2018-12-22 18:00:00,4.07,3.2359576
2018-12-22 18:15:00,3.6,3.0996904
2018-12-22 18:30:00,3.67,2.8432817
2018-12-22 18:45:00,3.67,2.933775
2018-12-22 19:00:00,3.71,2.794353
2018-12-22 19:15:00,3.74,2.9019084
2018-12-22 19:30:00,3.71,2.9446654
2018-12-22 19:45:00,3.74,2.952815
2018-12-22 20:00:00,3.67,2.9199312
2018-12-22 20:15:00,3.67,2.8925586
2018-12-22 20:30:00,3.67,2.9264226
2018-12-22 20:45:00,3.67,2.93087
2018-12-22 21:00:00,4.18,2.9193864
2018-12-22 21:15:00,4.61,3.3707266
2018-12-22 21:30:00,5.51,3.6360133
2018-12-22 21:45:00,4.43,4.423246
2018-12-22 22:00:00,4.1,3.1530256
2018-12-22 22:15:00,3.46,3.209856
2018-12-22 22:30:00,3.38,2.660278
2018-12-22 22:45:00,3.42,2.8456101
2018-12-22 23:00:00,3.38,2.628353
2018-12-22 23:15:00,3.35,2.653645
2018-12-22 23:30:00,3.31,2.6408067
2018-12-22 23:45:00,3.31,2.7057643
2018-12-23 00:00:00,3.78,2.5562725
2018-12-23 00:15:00,3.31,2.8884263
2018-12-23 00:30:00,3.35,2.4913425
2018-12-23 00:45:00,3.42,2.6461272
2018-12-23 01:00:00,4.93,2.5960758
2018-12-23 01:15:00,4.93,3.7318196
2018-12-23 01:30:00,4.14,3.4266746
2018-12-23 01:45:00,4.07,2.9750905
2018-12-23 02:00:00,3.49,2.947053
2018-12-23 02:15:00,3.46,2.602807
2018-12-23 02:30:00,3.49,2.6647081
2018-12-23 02:45:00,3.42,2.6308935
2018-12-23 03:00:00,3.42,2.582182
2018-12-23 03:15:00,3.46,2.5723176
2018-12-23 03:30:00,3.42,2.6093636
2018-12-23 03:45:00,3.53,2.60181
2018-12-23 04:00:00,3.46,2.6800895
2018-12-23 04:15:00,3.42,2.5970433
2018-12-23 04:30:00,3.6,2.5967004
2018-12-23 04:45:00,4.14,2.760017
2018-12-23 05:00:00,5.18,3.1238573
2018-12-23 05:15:00,4.64,3.8830867
2018-12-23 05:30:00,4.1,3.2721124
2018-12-23 05:45:00,3.49,3.038126
2018-12-23 06:00:00,3.38,2.5842729
2018-12-23 06:15:00,3.35,2.6657684
2018-12-23 06:30:00,3.46,2.614921
2018-12-23 06:45:00,3.38,2.7396772
2018-12-23 07:00:00,3.38,2.586042
2018-12-23 07:15:00,3.38,2.6585243
2018-12-23 07:30:00,3.38,2.6780596
2018-12-23 07:45:00,3.42,2.696094
2018-12-23 08:00:00,3.49,2.7231915
2018-12-23 08:15:00,4.07,2.8117027
2018-12-23 08:30:00,4.97,3.3146107
2018-12-23 08:45:00,4.82,3.9874334
2018-12-23 09:00:00,4.28,3.6875448
2018-12-23 09:15:00,3.92,3.3098679
2018-12-23 09:30:00,3.71,3.0796885
2018-12-23 09:45:00,3.64,2.957223
2018-12-23 10:00:00,3.64,2.9366903
2018-12-23 10:15:00,3.67,2.9253933
2018-12-23 10:30:00,3.71,2.934461
2018-12-23 10:45:00,3.71,2.935285
2018-12-23 11:00:00,3.74,2.9481196
2018-12-23 11:15:00,3.78,2.9971704
2018-12-23 11:30:00,3.71,3.0122192
2018-12-23 11:45:00,3.74,2.9103997
2018-12-23 12:00:00,3.96,2.954224
2018-12-23 12:15:00,4.86,3.1600485
2018-12-23 12:30:00,5.54,3.9443235
2018-12-23 12:45:00,4.54,4.3434954
2018-12-23 13:00:00,4.36,3.294269
2018-12-23 13:15:00,3.67,3.3905487
2018-12-23 13:30:00,3.67,2.7648106
2018-12-23 13:45:00,3.67,2.9370184
2018-12-23 14:00:00,3.67,2.767065
2018-12-23 14:15:00,3.71,2.8502123
2018-12-23 14:30:00,3.67,2.8445394
2018-12-23 14:45:00,3.67,2.842423
2018-12-23 15:00:00,3.67,2.761487
2018-12-23 15:15:00,3.64,2.8226125
2018-12-23 15:30:00,3.67,2.8318334
2018-12-23 15:45:00,3.74,2.8815496
2018-12-23 16:00:00,4.36,2.8315935
2018-12-23 16:15:00,4.36,3.4463496
2018-12-23 16:30:00,5.0,3.3263383
2018-12-23 16:45:00,5.33,3.9960208
2018-12-23 17:00:00,3.6,4.035465
2018-12-23 17:15:00,3.56,2.5006237
2018-12-23 17:30:00,3.6,2.8168747
2018-12-23 17:45:00,3.67,2.7877188
2018-12-23 18:00:00,3.49,2.8678393
2018-12-23 18:15:00,3.49,2.5936806
2018-12-23 18:30:00,3.49,2.6903472
2018-12-23 18:45:00,3.64,2.705234
2018-12-23 19:00:00,3.64,2.8554475
2018-12-23 19:15:00,4.03,2.807342
2018-12-23 19:30:00,4.25,3.1504493
2018-12-23 19:45:00,4.28,3.273543
2018-12-23 20:00:00,4.25,3.3153784
2018-12-23 20:15:00,4.0,3.2575376
2018-12-23 20:30:00,3.49,3.0478613
2018-12-23 20:45:00,4.21,2.6996686
2018-12-23 21:00:00,4.14,3.38703
2018-12-23 21:15:00,3.49,3.1556392
2018-12-23 21:30:00,3.42,2.6881843
2018-12-23 21:45:00,3.46,2.7184968
2018-12-23 22:00:00,3.53,2.7375252
2018-12-23 22:15:00,3.2,2.7827442
2018-12-23 22:30:00,3.2,2.5079446
2018-12-23 22:45:00,3.2,2.6269293
2018-12-23 23:00:00,3.96,2.5306685
2018-12-23 23:15:00,4.0,3.1297078
2018-12-23 23:30:00,4.0,2.9853756
2018-12-23 23:45:00,4.0,3.0891345
2018-12-24 00:00:00,3.78,2.957058
2018-12-24 00:15:00,3.35,2.7704968
2018-12-24 00:30:00,3.38,2.434643
2018-12-24 00:45:00,3.38,2.503121
2018-12-24 01:00:00,3.96,2.5391474
2018-12-24 01:15:00,3.89,2.991958
2018-12-24 01:30:00,3.38,2.7395923
2018-12-24 01:45:00,3.35,2.3866005
2018-12-24 02:00:00,3.49,2.5083723
2018-12-24 02:15:00,3.38,2.5989225
2018-12-24 02:30:00,3.42,2.4400687
2018-12-24 02:45:00,4.0,2.462781
2018-12-24 03:00:00,4.07,3.019577
2018-12-24 03:15:00,4.14,2.9430275
2018-12-24 03:30:00,4.1,2.977264
2018-12-24 03:45:00,3.96,2.8951836
2018-12-24 04:00:00,3.35,2.899612
2018-12-24 04:15:00,3.38,2.3588166
2018-12-24 04:30:00,3.64,2.4720378
2018-12-24 04:45:00,4.07,2.6047726
2018-12-24 05:00:00,3.42,3.0679142
2018-12-24 05:15:00,3.31,2.3632412
2018-12-24 05:30:00,3.35,2.4001374
2018-12-24 05:45:00,3.35,2.3349004
2018-12-24 06:00:00,3.35,2.5094266
2018-12-24 06:15:00,3.38,2.4491768
2018-12-24 06:30:00,3.6,2.4187264
2018-12-24 06:45:00,4.03,2.586549
2018-12-24 07:00:00,4.0,3.086471
2018-12-24 07:15:00,3.96,2.9179678
2018-12-24 07:30:00,4.54,2.905528
2018-12-24 07:45:00,5.36,3.6003962
2018-12-24 08:00:00,6.52,4.484986
2018-12-24 08:15:00,21.89,5.9008822
2018-12-24 08:30:00,59.62,32.953724
2018-12-24 08:45:00,64.58,67.239204
2018-12-24 09:00:00,67.18,66.04811
2018-12-24 09:15:00,69.44,65.39227
2018-12-24 09:30:00,65.38,66.05431
2018-12-24 09:45:00,67.0,63.248943
2018-12-24 10:00:00,56.27,62.33832
2018-12-24 10:15:00,54.18,57.08827
2018-12-24 10:30:00,58.39,54.655888
2018-12-24 10:45:00,54.86,57.243984
2018-12-24 11:00:00,54.18,54.158695
2018-12-24 11:15:00,55.55,53.66479
2018-12-24 11:30:00,53.21,54.654644
2018-12-24 11:45:00,53.03,52.98516
2018-12-24 12:00:00,40.64,52.520893
2018-12-24 12:15:00,6.91,39.501156
2018-12-24 12:30:00,6.91,3.6505022
2018-12-24 12:45:00,6.48,6.3063154
2018-12-24 13:00:00,6.12,5.6619315
2018-12-24 13:15:00,34.49,10.376138
2018-12-24 13:30:00,46.98,47.568882
2018-12-24 13:45:00,38.2,46.632477
2018-12-24 14:00:00,37.84,37.692635
2018-12-24 14:15:00,43.45,38.896908
2018-12-24 14:30:00,63.9,43.68965
2018-12-24 14:45:00,38.48,56.840424
2018-12-24 15:00:00,38.12,39.27835
2018-12-24 15:15:00,45.25,39.66812
2018-12-24 15:30:00,51.12,44.871304
2018-12-24 15:45:00,45.72,48.64263
2018-12-24 16:00:00,51.7,44.002285
2018-12-24 16:15:00,47.2,48.81589
2018-12-24 16:30:00,69.55,45.29975
2018-12-24 16:45:00,44.82,59.3642
2018-12-24 17:00:00,40.86,44.141453
2018-12-24 17:15:00,33.66,42.745743
2018-12-24 17:30:00,9.86,34.72866
2018-12-24 17:45:00,6.73,6.4489264
2018-12-24 18:00:00,5.29,6.8935456
2018-12-24 18:15:00,5.22,4.6994944
2018-12-24 18:30:00,5.18,7.311466
2018-12-24 18:45:00,5.33,4.6165133
2018-12-24 19:00:00,5.04,5.2252164
2018-12-24 19:15:00,4.14,4.506737
2018-12-24 19:30:00,4.18,3.7735813
2018-12-24 19:45:00,4.1,3.784985
2018-12-24 20:00:00,4.18,3.5080004
2018-12-24 20:15:00,4.1,3.2618442
2018-12-24 20:30:00,4.14,3.1691928
2018-12-24 20:45:00,4.21,3.2755475
2018-12-24 21:00:00,4.18,3.1437693
2018-12-24 21:15:00,4.18,3.144013
2018-12-24 21:30:00,4.14,3.1658947
2018-12-24 21:45:00,4.18,3.1946232
2018-12-24 22:00:00,5.4,3.1254578
2018-12-24 22:15:00,4.5,4.6512036
2018-12-24 22:30:00,3.92,3.140623
2018-12-24 22:45:00,3.89,2.8520331
2018-12-24 23:00:00,3.85,2.6695938
2018-12-24 23:15:00,3.85,2.9625702
2018-12-24 23:30:00,3.82,2.9410734
2018-12-24 23:45:00,3.85,2.9338217
2018-12-25 00:00:00,3.13,2.920504
2018-12-25 00:15:00,3.85,2.330153
2018-12-25 00:30:00,3.92,3.064291
2018-12-25 00:45:00,3.89,2.8711183
2018-12-25 01:00:00,3.85,2.948721
2018-12-25 01:15:00,3.56,2.8355489
2018-12-25 01:30:00,3.2,2.6659968
2018-12-25 01:45:00,3.92,2.3761137
2018-12-25 02:00:00,3.64,3.062228
2018-12-25 02:15:00,3.17,2.6259604
2018-12-25 02:30:00,3.17,2.3546937
2018-12-25 02:45:00,3.2,2.3618872
2018-12-25 03:00:00,3.24,2.4488726
2018-12-25 03:15:00,3.2,2.4460888
2018-12-25 03:30:00,3.2,2.3948092
2018-12-25 03:45:00,3.28,2.390182
2018-12-25 04:00:00,3.96,2.486092
2018-12-25 04:15:00,3.96,3.0752017
2018-12-25 04:30:00,3.92,2.9123282
2018-12-25 04:45:00,3.89,2.8852053
2018-12-25 05:00:00,3.35,2.8751159
2018-12-25 05:15:00,3.24,2.4551656
2018-12-25 05:30:00,3.35,2.4259846
2018-12-25 05:45:00,3.96,2.462102
2018-12-25 06:00:00,3.71,3.0542727
2018-12-25 06:15:00,3.17,2.6577206
2018-12-25 06:30:00,3.2,2.2554371
2018-12-25 06:45:00,3.2,2.3288422
2018-12-25 07:00:00,3.17,2.3971372
2018-12-25 07:15:00,3.24,2.3306756
2018-12-25 07:30:00,3.85,2.382582
2018-12-25 07:45:00,3.92,2.9409647
2018-12-25 08:00:00,3.89,2.8787403
2018-12-25 08:15:00,3.89,2.883429
2018-12-25 08:30:00,3.49,2.8702369
2018-12-25 08:45:00,3.24,2.5065331
2018-12-25 09:00:00,3.38,2.299066
2018-12-25 09:15:00,3.49,2.5036592
2018-12-25 09:30:00,3.46,2.6201332
2018-12-25 09:45:00,3.82,2.5843549
2018-12-25 10:00:00,3.96,2.924192
2018-12-25 10:15:00,3.42,3.0229259
2018-12-25 10:30:00,3.53,2.4442368
2018-12-25 10:45:00,3.46,2.7347548
2018-12-25 11:00:00,3.46,2.509937
2018-12-25 11:15:00,3.78,2.623933
2018-12-25 11:30:00,4.18,2.9453063
2018-12-25 11:45:00,4.28,3.4137068
2018-12-25 12:00:00,4.18,3.3154893
2018-12-25 12:15:00,4.07,3.2060008
2018-12-25 12:30:00,3.56,3.131956
2018-12-25 12:45:00,3.53,2.6080945
2018-12-25 13:00:00,3.53,2.576536
2018-12-25 13:15:00,5.04,2.565478
2018-12-25 13:30:00,4.07,4.710199
2018-12-25 13:45:00,3.42,2.7764685
2018-12-25 14:00:00,3.42,2.3115597
2018-12-25 14:15:00,3.49,2.3390207
2018-12-25 14:30:00,3.46,2.6003795
2018-12-25 14:45:00,3.53,2.4682412
2018-12-25 15:00:00,4.14,2.412897
2018-12-25 15:15:00,4.14,3.206434
2018-12-25 15:30:00,4.14,3.0473132
2018-12-25 15:45:00,4.1,3.138895
2018-12-25 16:00:00,3.67,2.8830562
2018-12-25 16:15:00,3.46,2.4727514
2018-12-25 16:30:00,3.42,2.423667
2018-12-25 16:45:00,3.46,2.4770193
2018-12-25 17:00:00,3.42,2.301904
2018-12-25 17:15:00,3.46,2.321268
2018-12-25 17:30:00,4.0,2.4641018
2018-12-25 17:45:00,4.0,3.08559
2018-12-25 18:00:00,3.38,2.730932
2018-12-25 18:15:00,3.38,2.2099838
2018-12-25 18:30:00,3.74,2.4256134
2018-12-25 18:45:00,4.1,2.8908331
2018-12-25 19:00:00,4.18,2.9489222
2018-12-25 19:15:00,4.1,2.9707663
2018-12-25 19:30:00,4.18,2.958381
2018-12-25 19:45:00,3.64,3.1785514
2018-12-25 20:00:00,3.46,2.498263
2018-12-25 20:15:00,3.46,2.4931788
2018-12-25 20:30:00,3.38,2.5446644
2018-12-25 20:45:00,3.42,2.5921059
2018-12-25 21:00:00,3.42,2.5085697
2018-12-25 21:15:00,3.42,2.5225348
2018-12-25 21:30:00,4.03,2.5936034
2018-12-25 21:45:00,4.14,3.1960332
2018-12-25 22:00:00,3.49,3.0606403
2018-12-25 22:15:00,3.2,2.531504
2018-12-25 22:30:00,3.85,2.457592
2018-12-25 22:45:00,3.89,3.1004076
2018-12-25 23:00:00,3.89,2.9077187
2018-12-25 23:15:00,3.85,2.9288244
2018-12-25 23:30:00,3.64,2.899834
2018-12-25 23:45:00,3.31,2.802834
2018-12-26 00:00:00,3.67,2.5011752
2018-12-26 00:15:00,3.24,2.872231
2018-12-26 00:30:00,3.24,2.3778381
2018-12-26 00:45:00,3.2,2.4753444
2018-12-26 01:00:00,3.31,2.4200013
2018-12-26 01:15:00,3.24,2.5764866
2018-12-26 01:30:00,3.28,2.4327157
2018-12-26 01:45:00,3.24,2.4742548
2018-12-26 02:00:00,3.24,2.4620717
2018-12-26 02:15:00,3.78,2.4887068
2018-12-26 02:30:00,3.96,2.9366777
2018-12-26 02:45:00,4.97,2.9418602
2018-12-26 03:00:00,4.36,3.8894353
2018-12-26 03:15:00,3.71,3.0792813
2018-12-26 03:30:00,3.28,2.7388551
2018-12-26 03:45:00,3.31,2.3591876
2018-12-26 04:00:00,3.28,2.5885007
2018-12-26 04:15:00,3.28,2.4854302
2018-12-26 04:30:00,3.2,2.4609466
2018-12-26 04:45:00,3.24,2.3199015
2018-12-26 05:00:00,3.28,2.4846716
2018-12-26 05:15:00,3.2,2.4865015
2018-12-26 05:30:00,3.24,2.3781621
2018-12-26 05:45:00,3.2,2.3652768
2018-12-26 06:00:00,4.79,2.4397092
2018-12-26 06:15:00,4.86,3.9748654
2018-12-26 06:30:00,3.92,3.5564692
2018-12-26 06:45:00,3.82,2.6914997
2018-12-26 07:00:00,3.35,2.8000462
2018-12-26 07:15:00,3.17,2.3755536
2018-12-26 07:30:00,3.42,2.3129623
2018-12-26 07:45:00,4.82,2.4707723
2018-12-26 08:00:00,5.0,4.054981
2018-12-26 08:15:00,34.52,3.8230624
2018-12-26 08:30:00,48.06,52.316612
2018-12-26 08:45:00,78.23,52.780262
2018-12-26 09:00:00,51.08,72.568985
2018-12-26 09:15:00,70.99,56.365177
2018-12-26 09:30:00,65.74,65.20441
2018-12-26 09:45:00,52.96,62.894882
2018-12-26 10:00:00,55.44,52.644623
2018-12-26 10:15:00,52.06,55.32806
2018-12-26 10:30:00,57.64,52.21799
2018-12-26 10:45:00,62.21,56.02943
2018-12-26 11:00:00,45.58,58.432114
2018-12-26 11:15:00,54.58,46.1873
2018-12-26 11:30:00,55.15,54.2662
2018-12-26 11:45:00,58.64,54.05464
2018-12-26 12:00:00,31.28,56.04096
2018-12-26 12:15:00,6.77,27.832163
2018-12-26 12:30:00,7.09,4.8270364
2018-12-26 12:45:00,6.95,6.409392
2018-12-26 13:00:00,6.41,7.1708627
2018-12-26 13:15:00,20.66,8.253116
2018-12-26 13:30:00,59.9,27.817272
2018-12-26 13:45:00,55.3,61.605213
2018-12-26 14:00:00,51.41,53.868607
2018-12-26 14:15:00,57.02,50.62813
2018-12-26 14:30:00,43.06,54.310246
2018-12-26 14:45:00,41.4,43.801193
2018-12-26 15:00:00,52.92,41.815075
2018-12-26 15:15:00,53.42,50.274902
2018-12-26 15:30:00,40.68,50.2786
2018-12-26 15:45:00,40.64,39.600037
2018-12-26 16:00:00,41.47,40.401085
2018-12-26 16:15:00,56.2,40.544914
2018-12-26 16:30:00,59.04,51.547363
2018-12-26 16:45:00,54.68,53.334126
2018-12-26 17:00:00,57.67,50.61405
2018-12-26 17:15:00,54.79,54.761604
2018-12-26 17:30:00,34.42,53.043137
2018-12-26 17:45:00,9.5,33.761494
2018-12-26 18:00:00,5.22,6.377187
2018-12-26 18:15:00,5.04,4.7602935
2018-12-26 18:30:00,5.04,5.1654716
2018-12-26 18:45:00,5.08,7.210839
2018-12-26 19:00:00,5.08,4.536894
2018-12-26 19:15:00,4.68,4.588513
2018-12-26 19:30:00,3.92,4.0580635
2018-12-26 19:45:00,3.89,3.5210032
2018-12-26 20:00:00,3.85,3.312613
2018-12-26 20:15:00,3.89,3.1019027
2018-12-26 20:30:00,3.89,3.1740909
2018-12-26 20:45:00,3.96,3.1362133
2018-12-26 21:00:00,3.89,3.006852
2018-12-26 21:15:00,3.96,2.9470396
2018-12-26 21:30:00,4.0,3.0869608
2018-12-26 21:45:00,3.96,3.1610231
2018-12-26 22:00:00,4.07,2.982227
2018-12-26 22:15:00,4.0,3.0497437
2018-12-26 22:30:00,4.9,2.9689956
2018-12-26 22:45:00,4.1,4.0483346
2018-12-26 23:00:00,3.71,2.7172751
2018-12-26 23:15:00,3.74,2.8141503
2018-12-26 23:30:00,3.64,2.8533797
2018-12-26 23:45:00,3.67,2.8949664
2018-12-27 00:00:00,3.74,2.8536787
2018-12-27 00:15:00,3.64,2.884583
2018-12-27 00:30:00,3.74,2.736828
2018-12-27 00:45:00,3.71,2.7989566
2018-12-27 01:00:00,3.71,2.8425505
2018-12-27 01:15:00,3.67,2.8744206
2018-12-27 01:30:00,3.67,2.77561
2018-12-27 01:45:00,3.78,2.7394984
2018-12-27 02:00:00,4.18,2.9100573
2018-12-27 02:15:00,4.86,3.2633548
2018-12-27 02:30:00,4.21,3.7665956
2018-12-27 02:45:00,3.71,2.95926
2018-12-27 03:00:00,3.78,2.7955165
2018-12-27 03:15:00,3.67,2.9169757
2018-12-27 03:30:00,3.71,2.800789
2018-12-27 03:45:00,3.24,2.7447672
2018-12-27 04:00:00,3.02,2.3952603
2018-12-27 04:15:00,2.99,2.3342626
2018-12-27 04:30:00,2.99,2.286136
2018-12-27 04:45:00,2.95,2.2276514
2018-12-27 05:00:00,2.95,2.2877517
2018-12-27 05:15:00,2.95,2.2843065
2018-12-27 05:30:00,2.95,2.2396317
2018-12-27 05:45:00,2.95,2.1636658
2018-12-27 06:00:00,3.42,2.3069632
2018-12-27 06:15:00,3.74,2.6903687
2018-12-27 06:30:00,4.86,2.8107128
2018-12-27 06:45:00,4.21,3.937873
2018-12-27 07:00:00,3.6,2.9973855
2018-12-27 07:15:00,2.88,2.6264286
2018-12-27 07:30:00,3.2,1.9320183
2018-12-27 07:45:00,4.9,2.412282
2018-12-27 08:00:00,5.65,4.2355957
2018-12-27 08:15:00,32.0,4.66391
2018-12-27 08:30:00,52.63,48.87919
2018-12-27 08:45:00,73.66,58.00844
2018-12-27 09:00:00,63.47,70.111404
2018-12-27 09:15:00,56.77,64.45402
2018-12-27 09:30:00,53.93,57.67287
2018-12-27 09:45:00,59.4,53.6036
2018-12-27 10:00:00,76.03,55.526573
2018-12-27 10:15:00,47.81,66.89558
2018-12-27 10:30:00,45.83,50.061672
2018-12-27 10:45:00,52.63,48.059948
2018-12-27 11:00:00,68.69,52.659927
2018-12-27 11:15:00,51.16,62.27911
2018-12-27 11:30:00,51.52,51.705296
2018-12-27 11:45:00,54.83,51.988434
2018-12-27 12:00:00,59.62,53.704548
2018-12-27 12:15:00,13.54,54.789078
2018-12-27 12:30:00,6.62,7.5536556
2018-12-27 12:45:00,6.59,6.014925
2018-12-27 13:00:00,17.82,5.593076
2018-12-27 13:15:00,40.57,30.926483
2018-12-27 13:30:00,43.7,46.34129
2018-12-27 13:45:00,46.84,42.329018
2018-12-27 14:00:00,53.32,45.100494
2018-12-27 14:15:00,55.01,50.247913
2018-12-27 14:30:00,61.74,51.893116
2018-12-27 14:45:00,54.14,56.293148
2018-12-27 15:00:00,53.5,51.92945
2018-12-27 15:15:00,44.75,51.120434
2018-12-27 15:30:00,42.95,43.935867
2018-12-27 15:45:00,60.84,42.566326
2018-12-27 16:00:00,63.04,54.771534
2018-12-27 16:15:00,59.58,56.503193
2018-12-27 16:30:00,63.22,54.969086
2018-12-27 16:45:00,45.79,57.14027
2018-12-27 17:00:00,41.58,44.14175
2018-12-27 17:15:00,54.58,42.996456
2018-12-27 17:30:00,36.72,53.557045
2018-12-27 17:45:00,29.38,35.9646
2018-12-27 18:00:00,28.48,30.728765
2018-12-27 18:15:00,48.56,30.329847
2018-12-27 18:30:00,53.82,49.93518
2018-12-27 18:45:00,53.5,50.818447
2018-12-27 19:00:00,53.14,50.3955
2018-12-27 19:15:00,51.01,50.459858
2018-12-27 19:30:00,47.99,49.121105
2018-12-27 19:45:00,49.18,46.778362
2018-12-27 20:00:00,50.33,47.243645
2018-12-27 20:15:00,50.04,45.75603
2018-12-27 20:30:00,40.93,45.462482
2018-12-27 20:45:00,14.51,37.533993
2018-12-27 21:00:00,8.35,8.234857
2018-12-27 21:15:00,5.26,6.6430945
2018-12-27 21:30:00,5.26,3.9250429
2018-12-27 21:45:00,5.26,5.6202664
2018-12-27 22:00:00,4.5,3.9011905
2018-12-27 22:15:00,3.89,3.8038483
2018-12-27 22:30:00,3.85,3.0577826
2018-12-27 22:45:00,3.82,3.4046617
2018-12-27 23:00:00,3.82,3.054962
2018-12-27 23:15:00,3.82,3.1494498
2018-12-27 23:30:00,3.78,3.071134
2018-12-27 23:45:00,3.74,3.0666356
2018-12-28 00:00:00,4.82,2.9960818
2018-12-28 00:15:00,3.74,3.9192839
2018-12-28 00:30:00,3.78,2.751709
2018-12-28 00:45:00,3.85,3.0203986
2018-12-28 01:00:00,4.14,3.0066748
2018-12-28 01:15:00,4.9,3.3801012
2018-12-28 01:30:00,4.14,3.884122
2018-12-28 01:45:00,3.82,3.067213
2018-12-28 02:00:00,3.85,3.0091145
2018-12-28 02:15:00,3.82,3.0423067
2018-12-28 02:30:00,3.82,3.0366364
2018-12-28 02:45:00,3.82,2.9525917
2018-12-28 03:00:00,3.82,2.9761634
2018-12-28 03:15:00,3.89,2.994254
2018-12-28 03:30:00,3.89,3.043089
2018-12-28 03:45:00,3.85,2.9826665
2018-12-28 04:00:00,3.82,2.9856305
2018-12-28 04:15:00,4.07,2.9735856
2018-12-28 04:30:00,5.04,3.204355
2018-12-28 04:45:00,4.1,4.0497155
2018-12-28 05:00:00,3.82,2.9682217
2018-12-28 05:15:00,3.89,2.99167
2018-12-28 05:30:00,3.38,2.9929433
2018-12-28 05:45:00,3.17,2.5406654
2018-12-28 06:00:00,3.06,2.4665933
2018-12-28 06:15:00,3.06,2.3493717
2018-12-28 06:30:00,3.1,2.352738
2018-12-28 06:45:00,3.06,2.3248932
2018-12-28 07:00:00,3.1,2.3694482
2018-12-28 07:15:00,3.38,2.367928
2018-12-28 07:30:00,4.97,2.6036935
2018-12-28 07:45:00,6.7,4.37585
2018-12-28 08:00:00,6.16,6.165472
2018-12-28 08:15:00,35.75,4.951707
2018-12-28 08:30:00,57.78,52.522915
2018-12-28 08:45:00,57.74,61.55913
2018-12-28 09:00:00,66.46,59.05712
2018-12-28 09:15:00,66.82,62.347176
2018-12-28 09:30:00,59.9,62.870613
2018-12-28 09:45:00,63.32,58.329376
2018-12-28 10:00:00,57.17,58.443027
2018-12-28 10:15:00,55.91,56.496696
2018-12-28 10:30:00,62.42,55.081234
2018-12-28 10:45:00,59.72,59.09987
2018-12-28 11:00:00,62.71,57.203873
2018-12-28 11:15:00,57.82,59.13818
2018-12-28 11:30:00,64.94,56.243774
2018-12-28 11:45:00,58.97,60.75437
2018-12-28 12:00:00,47.05,56.97612
2018-12-28 12:15:00,10.01,45.47989
2018-12-28 12:30:00,7.81,5.54724
2018-12-28 12:45:00,7.27,6.9658027
2018-12-28 13:00:00,7.31,6.4042416
2018-12-28 13:15:00,42.55,12.766624
2018-12-28 13:30:00,56.12,55.5878
2018-12-28 13:45:00,45.0,53.522118
2018-12-28 14:00:00,45.22,43.699814
2018-12-28 14:15:00,42.62,44.7957
2018-12-28 14:30:00,34.2,42.391994
2018-12-28 14:45:00,42.8,33.922604
2018-12-28 15:00:00,48.02,42.89713
2018-12-28 15:15:00,44.6,45.564747
2018-12-28 15:30:00,35.78,42.889008
2018-12-28 15:45:00,32.62,34.665424
2018-12-28 16:00:00,31.39,32.514126
2018-12-28 16:15:00,30.06,31.15445
2018-12-28 16:30:00,30.13,29.621286
2018-12-28 16:45:00,23.58,29.691418
2018-12-28 17:00:00,8.57,21.294474
2018-12-28 17:15:00,9.58,6.1925745
2018-12-28 17:30:00,9.14,10.361629
2018-12-28 17:45:00,5.47,8.684407
2018-12-28 18:00:00,5.08,5.038384
2018-12-28 18:15:00,5.08,4.40666
2018-12-28 18:30:00,5.11,4.887387
2018-12-28 18:45:00,5.15,5.1067147
2018-12-28 19:00:00,5.15,4.764815
2018-12-28 19:15:00,5.15,4.636021
2018-12-28 19:30:00,5.18,4.617662
2018-12-28 19:45:00,5.22,4.608662
2018-12-28 20:00:00,5.15,4.4493613
2018-12-28 20:15:00,5.15,4.067584
2018-12-28 20:30:00,5.18,4.143655
2018-12-28 20:45:00,5.26,4.228715
2018-12-28 21:00:00,5.18,4.043877
2018-12-28 21:15:00,5.15,4.0137367
2018-12-28 21:30:00,5.26,4.0669117
2018-12-28 21:45:00,5.26,4.222018
2018-12-28 22:00:00,5.22,3.9424174
2018-12-28 22:15:00,4.97,4.1767297
2018-12-28 22:30:00,4.97,3.901849
2018-12-28 22:45:00,4.93,3.9915075
2018-12-28 23:00:00,5.04,3.8065248
2018-12-28 23:15:00,4.86,3.9044795
2018-12-28 23:30:00,4.86,3.701796
2018-12-28 23:45:00,4.86,3.7865875
2018-12-29 00:00:00,4.28,3.6016607
2018-12-29 00:15:00,4.9,3.1912775
2018-12-29 00:30:00,4.82,3.7309794
2018-12-29 00:45:00,3.85,3.5644362
2018-12-29 01:00:00,3.74,2.8777387
2018-12-29 01:15:00,3.82,2.8889558
2018-12-29 01:30:00,3.78,2.9597297
2018-12-29 01:45:00,3.67,2.932087
2018-12-29 02:00:00,3.74,2.8013754
2018-12-29 02:15:00,3.71,2.8728921
2018-12-29 02:30:00,3.82,2.8434227
2018-12-29 02:45:00,3.78,2.940078
2018-12-29 03:00:00,3.71,2.86156
2018-12-29 03:15:00,3.74,2.8307066
2018-12-29 03:30:00,3.78,2.8537648
2018-12-29 03:45:00,3.78,2.8919053
2018-12-29 04:00:00,3.74,2.8578005
2018-12-29 04:15:00,3.02,2.8256202
2018-12-29 04:30:00,3.74,2.3205638
2018-12-29 04:45:00,3.6,2.9956326
2018-12-29 05:00:00,3.06,2.6815915
2018-12-29 05:15:00,3.02,2.3925333
2018-12-29 05:30:00,3.02,2.3810472
2018-12-29 05:45:00,2.99,2.4520683
2018-12-29 06:00:00,3.06,2.3972893
2018-12-29 06:15:00,3.06,2.4286194
2018-12-29 06:30:00,3.67,2.4409897
2018-12-29 06:45:00,3.74,2.9635086
2018-12-29 07:00:00,3.71,2.8328345
2018-12-29 07:15:00,3.67,2.8752575
2018-12-29 07:30:00,3.38,2.848507
2018-12-29 07:45:00,3.02,2.628108
2018-12-29 08:00:00,2.92,2.3743274
2018-12-29 08:15:00,2.95,2.3777907
2018-12-29 08:30:00,3.13,2.3892035
2018-12-29 08:45:00,3.78,2.5023804
2018-12-29 09:00:00,3.24,3.049776
2018-12-29 09:15:00,3.17,2.4530563
2018-12-29 09:30:00,3.2,2.5579872
2018-12-29 09:45:00,3.31,2.5141687
2018-12-29 10:00:00,4.03,2.6580951
2018-12-29 10:15:00,4.03,3.294849
2018-12-29 10:30:00,4.03,3.1318898
2018-12-29 10:45:00,4.03,3.144652
2018-12-29 11:00:00,6.19,3.1177192
2018-12-29 11:15:00,26.17,5.5373683
2018-12-29 11:30:00,9.36,37.90744
2018-12-29 11:45:00,3.64,2.9854553
2018-12-29 12:00:00,4.14,3.2284603
2018-12-29 12:15:00,3.78,2.979271
2018-12-29 12:30:00,3.46,4.3600855
2018-12-29 12:45:00,3.42,2.40043
2018-12-29 13:00:00,3.42,2.511703
2018-12-29 13:15:00,4.1,2.5244074
2018-12-29 13:30:00,4.14,3.3873243
2018-12-29 13:45:00,4.07,3.0977304
2018-12-29 14:00:00,4.03,3.0709083
2018-12-29 14:15:00,3.92,3.0606596
2018-12-29 14:30:00,3.31,3.086924
2018-12-29 14:45:00,3.35,2.521284
2018-12-29 15:00:00,3.31,2.5717626
2018-12-29 15:15:00,3.31,2.5384574
2018-12-29 15:30:00,3.31,2.6499324
2018-12-29 15:45:00,3.35,2.6202705
2018-12-29 16:00:00,3.49,2.5434372
2018-12-29 16:15:00,4.1,2.7245598
2018-12-29 16:30:00,3.71,3.3426628
2018-12-29 16:45:00,3.67,2.8546658
2018-12-29 17:00:00,4.1,2.806453
2018-12-29 17:15:00,4.07,3.2258208
2018-12-29 17:30:00,4.07,3.215191
2018-12-29 17:45:00,4.1,3.2221732
2018-12-29 18:00:00,3.56,3.0888903
2018-12-29 18:15:00,3.31,2.6835716
2018-12-29 18:30:00,3.24,2.6315858
2018-12-29 18:45:00,3.35,2.610416
2018-12-29 19:00:00,3.31,2.6282187
2018-12-29 19:15:00,3.35,2.5931242
2018-12-29 19:30:00,3.35,2.6874037
2018-12-29 19:45:00,3.31,2.6975024
2018-12-29 20:00:00,3.71,2.631163
2018-12-29 20:15:00,4.36,3.0022724
2018-12-29 20:30:00,4.28,3.5071332
2018-12-29 20:45:00,4.14,3.3306837
2018-12-29 21:00:00,4.1,3.2120087
2018-12-29 21:15:00,4.07,3.212522
2018-12-29 21:30:00,3.85,3.2207956
2018-12-29 21:45:00,3.46,3.0293858
2018-12-29 22:00:00,3.31,2.6720593
2018-12-29 22:15:00,3.13,2.6544042
2018-12-29 22:30:00,3.13,2.547394
2018-12-29 22:45:00,3.13,2.6193357
2018-12-29 23:00:00,3.17,2.4618578
2018-12-29 23:15:00,3.06,2.5354848
2018-12-29 23:30:00,2.99,2.469308
2018-12-29 23:45:00,3.42,2.5147357
2018-12-30 00:00:00,3.1,2.672601
2018-12-30 00:15:00,3.92,2.3942914
2018-12-30 00:30:00,3.82,3.056314
2018-12-30 00:45:00,3.74,2.8218734
2018-12-30 01:00:00,3.78,2.8091753
2018-12-30 01:15:00,3.42,2.7912796
2018-12-30 01:30:00,3.17,2.586666
2018-12-30 01:45:00,3.02,2.4502492
2018-12-30 02:00:00,3.1,2.3546894
2018-12-30 02:15:00,3.06,2.4316876
2018-12-30 02:30:00,3.1,2.3744228
2018-12-30 02:45:00,3.13,2.422008
2018-12-30 03:00:00,3.1,2.4115522
2018-12-30 03:15:00,3.13,2.3990388
2018-12-30 03:30:00,3.6,2.4216416
2018-12-30 03:45:00,4.86,2.788444
2018-12-30 04:00:00,3.85,3.6403337
2018-12-30 04:15:00,3.82,2.6444702
2018-12-30 04:30:00,3.82,2.8936791
2018-12-30 04:45:00,3.46,2.8274257
2018-12-30 05:00:00,3.17,2.647893
2018-12-30 05:15:00,3.13,2.3945584
2018-12-30 05:30:00,3.1,2.4378493
2018-12-30 05:45:00,3.1,2.4428697
2018-12-30 06:00:00,3.1,2.4304266
2018-12-30 06:15:00,3.13,2.4246106
2018-12-30 06:30:00,3.13,2.488811
2018-12-30 06:45:00,3.1,2.5146928
2018-12-30 07:00:00,3.82,2.4544032
2018-12-30 07:15:00,4.36,3.0732625
2018-12-30 07:30:00,4.97,3.4183292
2018-12-30 07:45:00,3.96,3.925413
2018-12-30 08:00:00,3.46,2.868524
2018-12-30 08:15:00,3.06,2.758657
2018-12-30 08:30:00,3.06,2.429857
2018-12-30 08:45:00,3.17,2.54311
2018-12-30 09:00:00,3.28,2.5949574
2018-12-30 09:15:00,3.35,2.6750982
2018-12-30 09:30:00,3.38,2.6920881
2018-12-30 09:45:00,3.35,2.707349
2018-12-30 10:00:00,3.46,2.709385
2018-12-30 10:15:00,3.38,2.82448
2018-12-30 10:30:00,4.0,2.717607
2018-12-30 10:45:00,4.1,3.2656295
2018-12-30 11:00:00,4.1,3.2097425
2018-12-30 11:15:00,4.28,3.264863
2018-12-30 11:30:00,4.61,3.371129
2018-12-30 11:45:00,3.56,3.6418285
2018-12-30 12:00:00,3.42,2.622895
2018-12-30 12:15:00,3.46,2.7594693
2018-12-30 12:30:00,3.46,2.7253494
2018-12-30 12:45:00,3.31,2.7568345
2018-12-30 13:00:00,3.28,2.52289
2018-12-30 13:15:00,3.2,2.5748653
2018-12-30 13:30:00,3.24,2.5207002
2018-12-30 13:45:00,3.24,2.5675027
2018-12-30 14:00:00,4.03,2.4819005
2018-12-30 14:15:00,4.0,3.2117834
2018-12-30 14:30:00,4.03,3.0322242
2018-12-30 14:45:00,4.82,3.1423206
2018-12-30 15:00:00,4.1,3.740647
2018-12-30 15:15:00,3.31,2.9914608
2018-12-30 15:30:00,3.24,2.5025997
2018-12-30 15:45:00,3.24,2.5390468
2018-12-30 16:00:00,3.35,2.4830697
2018-12-30 16:15:00,3.31,2.6106381
2018-12-30 16:30:00,3.35,2.5490704
2018-12-30 16:45:00,3.24,2.6348085
2018-12-30 17:00:00,3.24,2.4292917
2018-12-30 17:15:00,3.42,2.5187235
2018-12-30 17:30:00,4.0,2.687656
2018-12-30 17:45:00,4.75,3.2064388
2018-12-30 18:00:00,4.68,3.6906857
2018-12-30 18:15:00,3.89,3.5149465
2018-12-30 18:30:00,3.53,2.8409553
2018-12-30 18:45:00,3.2,2.7131047
2018-12-30 19:00:00,3.28,2.5009828
2018-12-30 19:15:00,3.24,2.6295764
2018-12-30 19:30:00,3.24,2.5145357
2018-12-30 19:45:00,3.2,2.5705552
2018-12-30 20:00:00,3.24,2.5591412
2018-12-30 20:15:00,3.31,2.6178894
2018-12-30 20:30:00,3.24,2.636215
2018-12-30 20:45:00,3.78,2.60121
2018-12-30 21:00:00,4.32,3.0660582
2018-12-30 21:15:00,4.07,3.4104185
2018-12-30 21:30:00,4.07,3.1097147
2018-12-30 21:45:00,4.03,3.1730394
2018-12-30 22:00:00,4.0,3.070443
2018-12-30 22:15:00,3.2,3.0870676
2018-12-30 22:30:00,2.99,2.440801
2018-12-30 22:45:00,3.1,2.484012
2018-12-30 23:00:00,3.02,2.4760654
2018-12-30 23:15:00,2.95,2.3852074
2018-12-30 23:30:00,2.99,2.3463542
2018-12-30 23:45:00,2.92,2.4348927
2018-12-31 00:00:00,3.67,2.280692
2018-12-31 00:15:00,3.64,2.8506966
2018-12-31 00:30:00,3.31,2.6291807
2018-12-31 00:45:00,3.49,2.4039009
2018-12-31 01:00:00,3.71,2.6473954
2018-12-31 01:15:00,3.78,2.7744918
2018-12-31 01:30:00,3.71,2.7440825
2018-12-31 01:45:00,3.67,2.6485305
2018-12-31 02:00:00,3.02,2.7153444
2018-12-31 02:15:00,2.99,2.1618743
2018-12-31 02:30:00,3.06,2.2313595
2018-12-31 02:45:00,3.02,2.2152872
2018-12-31 03:00:00,3.06,2.27677
2018-12-31 03:15:00,3.02,2.2583442
2018-12-31 03:30:00,3.46,2.1952121
2018-12-31 03:45:00,3.74,2.550571
2018-12-31 04:00:00,3.06,2.7799017
2018-12-31 04:15:00,3.74,2.1482701
2018-12-31 04:30:00,3.74,2.8426113
2018-12-31 04:45:00,3.78,2.6041126
2018-12-31 05:00:00,3.78,2.8346815
2018-12-31 05:15:00,3.56,2.7240777
2018-12-31 05:30:00,2.99,2.5490608
2018-12-31 05:45:00,3.02,1.9999259
2018-12-31 06:00:00,2.95,2.2699459
2018-12-31 06:15:00,3.02,2.152265
2018-12-31 06:30:00,2.99,2.186955
2018-12-31 06:45:00,3.02,2.0539658
2018-12-31 07:00:00,3.74,2.2418687
2018-12-31 07:15:00,3.17,2.8896756
2018-12-31 07:30:00,2.95,2.114298
2018-12-31 07:45:00,3.56,2.0791225
2018-12-31 08:00:00,3.64,2.7471285
2018-12-31 08:15:00,3.6,2.7013721
2018-12-31 08:30:00,3.74,2.6409287
2018-12-31 08:45:00,3.74,2.8027072
2018-12-31 09:00:00,3.06,2.7939599
2018-12-31 09:15:00,3.17,2.0450857
2018-12-31 09:30:00,3.13,2.3743935
2018-12-31 09:45:00,3.17,2.282078
2018-12-31 10:00:00,3.24,2.3437762
2018-12-31 10:15:00,3.2,2.3459005
2018-12-31 10:30:00,4.03,2.3755355
2018-12-31 10:45:00,3.67,3.4615347
2018-12-31 11:00:00,3.35,2.6075215
2018-12-31 11:15:00,3.35,2.4599557
2018-12-31 11:30:00,3.82,2.5103939
2018-12-31 11:45:00,4.0,3.252445
2018-12-31 12:00:00,4.07,3.1298156
2018-12-31 12:15:00,4.03,3.2301197
2018-12-31 12:30:00,4.1,3.192861
2018-12-31 12:45:00,3.35,3.3995898
2018-12-31 13:00:00,3.35,2.224584
2018-12-31 13:15:00,3.35,2.5328398
2018-12-31 13:30:00,3.31,2.47443
2018-12-31 13:45:00,3.31,2.5377634
2018-12-31 14:00:00,3.35,2.3077087
2018-12-31 14:15:00,3.35,2.418474
2018-12-31 14:30:00,3.56,2.430601
2018-12-31 14:45:00,4.07,2.7724814
2018-12-31 15:00:00,3.53,3.191387
2018-12-31 15:15:00,3.42,2.3273962
2018-12-31 15:30:00,4.07,2.4728348
2018-12-31 15:45:00,4.07,3.3477986
2018-12-31 16:00:00,4.03,2.967955
2018-12-31 16:15:00,4.07,2.9491885
2018-12-31 16:30:00,3.92,3.0270896
2018-12-31 16:45:00,3.31,2.95371
2018-12-31 17:00:00,3.31,2.0373116
2018-12-31 17:15:00,3.35,2.2659216
2018-12-31 17:30:00,3.31,2.3550253
2018-12-31 17:45:00,3.46,2.4534721
2018-12-31 18:00:00,3.42,2.321114
2018-12-31 18:15:00,3.35,2.3265352
2018-12-31 18:30:00,3.82,2.3789926
2018-12-31 18:45:00,4.14,2.9673567
2018-12-31 19:00:00,3.49,2.948232
2018-12-31 19:15:00,3.96,2.3189788
2018-12-31 19:30:00,4.14,3.0063725
2018-12-31 19:45:00,4.21,3.1375089
2018-12-31 20:00:00,4.14,3.0449328
2018-12-31 20:15:00,4.18,2.9358602
2018-12-31 20:30:00,3.38,3.0940385
2018-12-31 20:45:00,3.42,2.4537947
2018-12-31 21:00:00,3.42,2.5350184
2018-12-31 21:15:00,3.42,2.4788313
2018-12-31 21:30:00,3.49,2.620287
2018-12-31 21:45:00,3.42,2.6951451
2018-12-31 22:00:00,3.42,2.5128322
2018-12-31 22:15:00,3.24,2.5632615
2018-12-31 22:30:00,3.67,2.4623003
2018-12-31 22:45:00,3.82,2.9467115
2018-12-31 23:00:00,3.85,2.816104
2018-12-31 23:15:00,3.74,2.889309
2018-12-31 23:30:00,3.78,2.8058252
2018-12-31 23:45:00,3.78,2.9369638
