date,actual,LSTM
2018-12-01 00:00:00,3.35,3.2041392
2018-12-01 00:15:00,3.89,2.7263324
2018-12-01 00:30:00,3.85,3.336655
2018-12-01 00:45:00,3.89,3.062885
2018-12-01 01:00:00,3.89,3.248948
2018-12-01 01:15:00,4.03,3.10429
2018-12-01 01:30:00,3.89,3.2643902
2018-12-01 01:45:00,3.92,3.0978758
2018-12-01 02:00:00,3.92,3.193041
2018-12-01 02:15:00,3.96,3.1103065
2018-12-01 02:30:00,4.03,3.188608
2018-12-01 02:45:00,4.14,3.2517905
2018-12-01 03:00:00,5.08,3.3383186
2018-12-01 03:15:00,4.72,4.170556
2018-12-01 03:30:00,3.96,3.575525
2018-12-01 03:45:00,3.92,3.1619246
2018-12-01 04:00:00,3.35,3.169108
2018-12-01 04:15:00,3.28,2.5920672
2018-12-01 04:30:00,3.35,2.786045
2018-12-01 04:45:00,3.24,2.7822025
2018-12-01 05:00:00,3.31,2.7353566
2018-12-01 05:15:00,3.31,2.797409
2018-12-01 05:30:00,3.28,2.7617428
2018-12-01 05:45:00,3.28,2.7948859
2018-12-01 06:00:00,3.2,2.8048844
2018-12-01 06:15:00,3.46,2.7020335
2018-12-01 06:30:00,4.03,3.004764
2018-12-01 06:45:00,3.89,3.513644
2018-12-01 07:00:00,3.89,3.2326875
2018-12-01 07:15:00,4.46,3.329082
2018-12-01 07:30:00,3.67,3.8439412
2018-12-01 07:45:00,3.46,2.9744954
2018-12-01 08:00:00,3.46,3.095231
2018-12-01 08:15:00,3.71,2.9394825
2018-12-01 08:30:00,4.72,3.307852
2018-12-01 08:45:00,4.46,4.3551116
2018-12-01 09:00:00,5.22,3.6988819
2018-12-01 09:15:00,28.58,4.80526
2018-12-01 09:30:00,30.56,40.498077
2018-12-01 09:45:00,28.08,29.302538
2018-12-01 10:00:00,28.58,27.998968
2018-12-01 10:15:00,28.73,29.933683
2018-12-01 10:30:00,29.56,29.11766
2018-12-01 10:45:00,30.06,30.003897
2018-12-01 11:00:00,29.2,30.01486
2018-12-01 11:15:00,27.94,29.010748
2018-12-01 11:30:00,27.94,27.774736
2018-12-01 11:45:00,25.63,28.091635
2018-12-01 12:00:00,3.64,25.03569
2018-12-01 12:15:00,3.85,1.8687811
2018-12-01 12:30:00,3.71,3.6684892
2018-12-01 12:45:00,3.74,2.7043343
2018-12-01 13:00:00,3.71,5.4568076
2018-12-01 13:15:00,11.3,3.2383885
2018-12-01 13:30:00,27.29,13.979627
2018-12-01 13:45:00,26.86,34.556816
2018-12-01 14:00:00,25.31,26.224524
2018-12-01 14:15:00,26.21,25.708305
2018-12-01 14:30:00,26.28,27.022694
2018-12-01 14:45:00,18.68,26.640278
2018-12-01 15:00:00,5.18,16.551067
2018-12-01 15:15:00,5.08,3.7577512
2018-12-01 15:30:00,4.75,4.8048315
2018-12-01 15:45:00,4.75,4.0523777
2018-12-01 16:00:00,4.72,5.1280227
2018-12-01 16:15:00,4.64,4.128174
2018-12-01 16:30:00,4.72,4.22729
2018-12-01 16:45:00,4.68,4.3097157
2018-12-01 17:00:00,4.64,4.1804385
2018-12-01 17:15:00,4.79,4.129259
2018-12-01 17:30:00,4.75,4.239744
2018-12-01 17:45:00,4.72,4.168398
2018-12-01 18:00:00,4.68,4.191942
2018-12-01 18:15:00,5.76,4.0851827
2018-12-01 18:30:00,5.4,5.2057567
2018-12-01 18:45:00,4.79,4.440859
2018-12-01 19:00:00,4.79,4.185207
2018-12-01 19:15:00,4.79,4.109823
2018-12-01 19:30:00,4.79,4.050572
2018-12-01 19:45:00,4.9,4.1384125
2018-12-01 20:00:00,4.75,4.2422614
2018-12-01 20:15:00,4.79,4.017142
2018-12-01 20:30:00,4.75,4.0926676
2018-12-01 20:45:00,4.82,4.013878
2018-12-01 21:00:00,4.82,4.129773
2018-12-01 21:15:00,4.75,4.0554805
2018-12-01 21:30:00,4.79,3.9904163
2018-12-01 21:45:00,4.79,4.051198
2018-12-01 22:00:00,4.9,4.0308723
2018-12-01 22:15:00,5.76,4.111564
2018-12-01 22:30:00,4.61,4.89047
2018-12-01 22:45:00,3.42,3.5612397
2018-12-01 23:00:00,3.42,2.9734845
2018-12-01 23:15:00,3.28,2.9452143
2018-12-01 23:30:00,3.38,2.7479963
2018-12-01 23:45:00,3.31,2.9724114
2018-12-02 00:00:00,4.36,2.689554
2018-12-02 00:15:00,3.35,3.6198685
2018-12-02 00:30:00,3.35,2.425085
2018-12-02 00:45:00,3.38,2.8670266
2018-12-02 01:00:00,3.89,2.6293285
2018-12-02 01:15:00,4.46,3.1852064
2018-12-02 01:30:00,4.43,3.529205
2018-12-02 01:45:00,4.14,3.4251633
2018-12-02 02:00:00,3.46,3.1950428
2018-12-02 02:15:00,3.38,2.614446
2018-12-02 02:30:00,3.38,2.7116883
2018-12-02 02:45:00,3.38,2.6676729
2018-12-02 03:00:00,4.32,2.7253256
2018-12-02 03:15:00,4.64,3.5663793
2018-12-02 03:30:00,3.82,3.6019568
2018-12-02 03:45:00,3.46,2.9305208
2018-12-02 04:00:00,3.42,2.7404902
2018-12-02 04:15:00,3.46,2.6615317
2018-12-02 04:30:00,4.32,2.807965
2018-12-02 04:45:00,4.5,3.6479392
2018-12-02 05:00:00,4.54,3.5004852
2018-12-02 05:15:00,4.39,3.6544647
2018-12-02 05:30:00,3.35,3.4496136
2018-12-02 05:45:00,3.46,2.5714686
2018-12-02 06:00:00,3.35,2.910011
2018-12-02 06:15:00,3.42,2.645357
2018-12-02 06:30:00,3.42,2.9299462
2018-12-02 06:45:00,3.38,2.8631897
2018-12-02 07:00:00,3.46,2.8092115
2018-12-02 07:15:00,3.38,2.8947406
2018-12-02 07:30:00,3.46,2.8215764
2018-12-02 07:45:00,3.46,2.9920676
2018-12-02 08:00:00,3.49,2.8762066
2018-12-02 08:15:00,4.57,2.9575822
2018-12-02 08:30:00,4.54,4.0760727
2018-12-02 08:45:00,5.54,3.754182
2018-12-02 09:00:00,4.75,4.9932175
2018-12-02 09:15:00,3.74,3.6460197
2018-12-02 09:30:00,3.71,3.168131
2018-12-02 09:45:00,3.6,3.2189744
2018-12-02 10:00:00,3.56,3.020181
2018-12-02 10:15:00,3.6,3.137835
2018-12-02 10:30:00,3.64,3.170225
2018-12-02 10:45:00,3.64,3.255889
2018-12-02 11:00:00,3.64,3.1798518
2018-12-02 11:15:00,3.64,3.18939
2018-12-02 11:30:00,3.56,3.225678
2018-12-02 11:45:00,3.64,3.184376
2018-12-02 12:00:00,4.03,3.2477434
2018-12-02 12:15:00,4.86,3.6277423
2018-12-02 12:30:00,4.75,4.5058465
2018-12-02 12:45:00,5.36,4.190058
2018-12-02 13:00:00,4.9,4.9464397
2018-12-02 13:15:00,3.78,4.0929065
2018-12-02 13:30:00,3.64,3.2276957
2018-12-02 13:45:00,3.6,3.2991455
2018-12-02 14:00:00,3.6,3.1255503
2018-12-02 14:15:00,3.6,3.241616
2018-12-02 14:30:00,3.56,3.2329655
2018-12-02 14:45:00,3.56,3.2123
2018-12-02 15:00:00,3.64,3.1708703
2018-12-02 15:15:00,3.6,3.215013
2018-12-02 15:30:00,3.56,3.1648624
2018-12-02 15:45:00,3.85,3.164689
2018-12-02 16:00:00,4.68,3.4441957
2018-12-02 16:15:00,4.72,4.193798
2018-12-02 16:30:00,4.72,4.027894
2018-12-02 16:45:00,3.89,4.1507015
2018-12-02 17:00:00,3.53,3.224104
2018-12-02 17:15:00,3.6,3.108678
2018-12-02 17:30:00,3.6,3.1234205
2018-12-02 17:45:00,3.74,3.1633117
2018-12-02 18:00:00,4.72,3.3690047
2018-12-02 18:15:00,3.89,4.1916556
2018-12-02 18:30:00,3.53,3.1112401
2018-12-02 18:45:00,3.53,3.1878006
2018-12-02 19:00:00,3.56,3.0471632
2018-12-02 19:15:00,3.67,3.1059918
2018-12-02 19:30:00,3.56,3.2160213
2018-12-02 19:45:00,4.39,3.0883172
2018-12-02 20:00:00,4.72,3.9171216
2018-12-02 20:15:00,4.68,3.8950288
2018-12-02 20:30:00,4.75,3.9325287
2018-12-02 20:45:00,3.71,3.973663
2018-12-02 21:00:00,3.53,2.9820287
2018-12-02 21:15:00,3.6,3.0990272
2018-12-02 21:30:00,3.6,3.017903
2018-12-02 21:45:00,3.6,3.1162007
2018-12-02 22:00:00,3.56,3.1165977
2018-12-02 22:15:00,4.07,3.0151727
2018-12-02 22:30:00,4.32,3.4927392
2018-12-02 22:45:00,3.35,3.5707147
2018-12-02 23:00:00,3.31,2.7305124
2018-12-02 23:15:00,3.31,2.8858016
2018-12-02 23:30:00,3.28,2.7040346
2018-12-02 23:45:00,3.35,2.8033051
2018-12-03 00:00:00,4.57,2.8910687
2018-12-03 00:15:00,4.43,4.161853
2018-12-03 00:30:00,4.36,3.6162376
2018-12-03 00:45:00,4.21,3.8358316
2018-12-03 01:00:00,3.35,3.4196498
2018-12-03 01:15:00,3.38,2.6498508
2018-12-03 01:30:00,3.35,2.9699605
2018-12-03 01:45:00,3.42,2.8155408
2018-12-03 02:00:00,3.49,2.964344
2018-12-03 02:15:00,3.42,2.9829066
2018-12-03 02:30:00,3.38,2.9212906
2018-12-03 02:45:00,4.36,2.9203212
2018-12-03 03:00:00,4.14,3.8703868
2018-12-03 03:15:00,3.42,3.3277445
2018-12-03 03:30:00,3.38,2.8637807
2018-12-03 03:45:00,3.35,2.8938916
2018-12-03 04:00:00,3.35,2.7451994
2018-12-03 04:15:00,4.1,2.8736222
2018-12-03 04:30:00,4.43,3.6479821
2018-12-03 04:45:00,4.5,3.7600942
2018-12-03 05:00:00,3.78,3.848473
2018-12-03 05:15:00,3.31,2.9762995
2018-12-03 05:30:00,3.38,2.7425692
2018-12-03 05:45:00,3.31,2.8629065
2018-12-03 06:00:00,3.31,2.7803016
2018-12-03 06:15:00,3.35,2.8703003
2018-12-03 06:30:00,3.31,2.8760204
2018-12-03 06:45:00,3.24,2.8525925
2018-12-03 07:00:00,3.24,2.799065
2018-12-03 07:15:00,4.21,2.822582
2018-12-03 07:30:00,5.76,4.038304
2018-12-03 07:45:00,5.98,5.8223896
2018-12-03 08:00:00,5.58,5.6531243
2018-12-03 08:15:00,34.99,5.2396374
2018-12-03 08:30:00,56.84,51.18075
2018-12-03 08:45:00,61.06,60.66152
2018-12-03 09:00:00,57.89,62.117302
2018-12-03 09:15:00,70.49,58.925514
2018-12-03 09:30:00,50.11,66.754456
2018-12-03 09:45:00,66.38,52.666862
2018-12-03 10:00:00,56.88,63.56104
2018-12-03 10:15:00,47.09,57.006374
2018-12-03 10:30:00,55.8,48.58357
2018-12-03 10:45:00,66.89,56.194195
2018-12-03 11:00:00,62.89,62.67749
2018-12-03 11:15:00,63.79,60.96696
2018-12-03 11:30:00,58.1,61.64376
2018-12-03 11:45:00,54.5,57.878475
2018-12-03 12:00:00,35.35,54.55096
2018-12-03 12:15:00,6.34,35.831905
2018-12-03 12:30:00,5.76,4.2824817
2018-12-03 12:45:00,6.3,5.894594
2018-12-03 13:00:00,6.19,7.1837893
2018-12-03 13:15:00,35.35,11.939612
2018-12-03 13:30:00,51.95,51.85552
2018-12-03 13:45:00,48.46,54.478413
2018-12-03 14:00:00,65.02,50.012463
2018-12-03 14:15:00,69.91,61.950386
2018-12-03 14:30:00,55.12,66.04891
2018-12-03 14:45:00,56.84,56.860275
2018-12-03 15:00:00,54.22,56.620285
2018-12-03 15:15:00,49.97,54.33808
2018-12-03 15:30:00,48.17,50.77797
2018-12-03 15:45:00,49.86,49.196617
2018-12-03 16:00:00,58.75,49.87628
2018-12-03 16:15:00,65.7,56.252357
2018-12-03 16:30:00,51.88,60.926537
2018-12-03 16:45:00,57.2,51.833138
2018-12-03 17:00:00,76.03,55.119625
2018-12-03 17:15:00,72.18,66.63535
2018-12-03 17:30:00,61.42,66.63557
2018-12-03 17:45:00,36.61,59.86654
2018-12-03 18:00:00,29.56,35.243294
2018-12-03 18:15:00,34.13,31.183928
2018-12-03 18:30:00,42.26,37.31487
2018-12-03 18:45:00,56.81,44.17051
2018-12-03 19:00:00,43.02,53.425903
2018-12-03 19:15:00,47.74,41.855278
2018-12-03 19:30:00,39.17,46.504948
2018-12-03 19:45:00,43.67,38.316315
2018-12-03 20:00:00,50.44,42.90073
2018-12-03 20:15:00,46.22,47.703854
2018-12-03 20:30:00,45.36,44.099346
2018-12-03 20:45:00,50.11,43.561832
2018-12-03 21:00:00,25.45,46.889618
2018-12-03 21:15:00,8.6,21.358145
2018-12-03 21:30:00,6.19,6.6361628
2018-12-03 21:45:00,5.62,5.3783636
2018-12-03 22:00:00,4.93,5.533808
2018-12-03 22:15:00,4.72,5.0724573
2018-12-03 22:30:00,4.75,4.106349
2018-12-03 22:45:00,4.68,4.2260814
2018-12-03 23:00:00,4.68,4.0302258
2018-12-03 23:15:00,4.61,4.067362
2018-12-03 23:30:00,4.57,3.986313
2018-12-03 23:45:00,4.61,4.0107303
2018-12-04 00:00:00,3.89,3.8777354
2018-12-04 00:15:00,4.61,3.113899
2018-12-04 00:30:00,4.57,4.1476755
2018-12-04 00:45:00,4.61,3.758108
2018-12-04 01:00:00,4.64,3.9445932
2018-12-04 01:15:00,5.04,3.8181438
2018-12-04 01:30:00,5.8,4.2836027
2018-12-04 01:45:00,4.68,5.0143213
2018-12-04 02:00:00,3.6,3.510865
2018-12-04 02:15:00,3.56,2.8589392
2018-12-04 02:30:00,3.64,2.8773386
2018-12-04 02:45:00,3.67,2.9988115
2018-12-04 03:00:00,3.64,3.073819
2018-12-04 03:15:00,3.64,2.9994218
2018-12-04 03:30:00,3.71,3.0135934
2018-12-04 03:45:00,3.67,3.0889199
2018-12-04 04:00:00,3.71,2.9841812
2018-12-04 04:15:00,3.67,3.0569785
2018-12-04 04:30:00,3.6,3.0132706
2018-12-04 04:45:00,4.36,2.9994757
2018-12-04 05:00:00,4.64,3.8383892
2018-12-04 05:15:00,4.72,3.8819845
2018-12-04 05:30:00,5.44,4.065036
2018-12-04 05:45:00,4.43,4.8811088
2018-12-04 06:00:00,3.64,3.3785276
2018-12-04 06:15:00,3.56,3.0180395
2018-12-04 06:30:00,3.67,2.9128866
2018-12-04 06:45:00,3.64,3.144975
2018-12-04 07:00:00,3.56,3.1556785
2018-12-04 07:15:00,3.56,3.0896256
2018-12-04 07:30:00,3.82,3.1031494
2018-12-04 07:45:00,4.54,3.4286654
2018-12-04 08:00:00,5.94,4.2614813
2018-12-04 08:15:00,28.4,5.9687476
2018-12-04 08:30:00,55.04,42.405605
2018-12-04 08:45:00,61.13,60.647175
2018-12-04 09:00:00,82.33,62.24971
2018-12-04 09:15:00,82.37,74.8623
2018-12-04 09:30:00,64.08,78.21906
2018-12-04 09:45:00,59.36,67.04506
2018-12-04 10:00:00,52.16,60.42069
2018-12-04 10:15:00,56.95,53.66179
2018-12-04 10:30:00,53.42,57.56386
2018-12-04 10:45:00,58.86,54.009514
2018-12-04 11:00:00,59.98,57.54284
2018-12-04 11:15:00,61.24,58.2603
2018-12-04 11:30:00,84.1,59.33976
2018-12-04 11:45:00,63.86,72.75546
2018-12-04 12:00:00,49.86,63.5123
2018-12-04 12:15:00,6.91,51.035828
2018-12-04 12:30:00,7.38,3.2692783
2018-12-04 12:45:00,6.62,7.5443997
2018-12-04 13:00:00,6.55,5.743785
2018-12-04 13:15:00,32.51,17.23418
2018-12-04 13:30:00,57.28,47.91837
2018-12-04 13:45:00,55.51,60.144768
2018-12-04 14:00:00,56.12,56.21551
2018-12-04 14:15:00,58.82,55.93992
2018-12-04 14:30:00,52.88,57.902058
2018-12-04 14:45:00,53.46,53.64385
2018-12-04 15:00:00,62.96,53.243248
2018-12-04 15:15:00,64.62,59.715103
2018-12-04 15:30:00,60.01,61.243122
2018-12-04 15:45:00,55.66,58.525726
2018-12-04 16:00:00,53.82,54.569687
2018-12-04 16:15:00,71.86,53.07608
2018-12-04 16:30:00,60.73,64.82799
2018-12-04 16:45:00,68.22,59.01119
2018-12-04 17:00:00,80.46,62.88496
2018-12-04 17:15:00,61.52,70.35107
2018-12-04 17:30:00,71.1,60.429356
2018-12-04 17:45:00,35.21,65.72235
2018-12-04 18:00:00,30.31,32.671314
2018-12-04 18:15:00,43.56,32.484116
2018-12-04 18:30:00,40.97,46.778034
2018-12-04 18:45:00,38.56,41.342396
2018-12-04 19:00:00,41.65,38.322083
2018-12-04 19:15:00,49.07,41.351906
2018-12-04 19:30:00,40.46,47.20273
2018-12-04 19:45:00,48.64,39.15484
2018-12-04 20:00:00,49.75,46.298153
2018-12-04 20:15:00,48.89,46.69639
2018-12-04 20:30:00,37.84,46.155056
2018-12-04 20:45:00,30.67,36.073715
2018-12-04 21:00:00,5.08,29.278399
2018-12-04 21:15:00,5.69,2.8293033
2018-12-04 21:30:00,5.44,5.227438
2018-12-04 21:45:00,5.4,4.136241
2018-12-04 22:00:00,5.44,7.0160627
2018-12-04 22:15:00,5.26,4.2794175
2018-12-04 22:30:00,4.64,4.503296
2018-12-04 22:45:00,3.92,3.8861618
2018-12-04 23:00:00,3.96,3.335518
2018-12-04 23:15:00,3.92,3.4895182
2018-12-04 23:30:00,3.85,3.342856
2018-12-04 23:45:00,3.89,3.413533
2018-12-05 00:00:00,3.96,3.401179
2018-12-05 00:15:00,3.89,3.4213953
2018-12-05 00:30:00,3.92,3.338252
2018-12-05 00:45:00,3.89,3.4172676
2018-12-05 01:00:00,3.96,3.3021555
2018-12-05 01:15:00,3.78,3.3556683
2018-12-05 01:30:00,3.85,3.1188586
2018-12-05 01:45:00,3.82,3.301523
2018-12-05 02:00:00,3.82,3.1718633
2018-12-05 02:15:00,3.85,3.1822078
2018-12-05 02:30:00,4.64,3.199608
2018-12-05 02:45:00,4.86,4.1086664
2018-12-05 03:00:00,3.82,4.01565
2018-12-05 03:15:00,3.49,2.9505332
2018-12-05 03:30:00,3.13,2.8890185
2018-12-05 03:45:00,3.2,2.4409869
2018-12-05 04:00:00,3.13,2.7531369
2018-12-05 04:15:00,3.1,2.5732727
2018-12-05 04:30:00,3.17,2.631979
2018-12-05 04:45:00,3.06,2.7022583
2018-12-05 05:00:00,3.17,2.5583842
2018-12-05 05:15:00,3.06,2.6916249
2018-12-05 05:30:00,3.1,2.532502
2018-12-05 05:45:00,3.02,2.6854615
2018-12-05 06:00:00,3.1,2.5249946
2018-12-05 06:15:00,3.02,2.6406167
2018-12-05 06:30:00,4.61,2.5316498
2018-12-05 06:45:00,4.9,4.545359
2018-12-05 07:00:00,3.85,4.218352
2018-12-05 07:15:00,3.49,3.1900291
2018-12-05 07:30:00,3.2,2.9894845
2018-12-05 07:45:00,4.32,2.6138237
2018-12-05 08:00:00,4.72,4.2633743
2018-12-05 08:15:00,27.65,4.2830563
2018-12-05 08:30:00,61.56,42.171135
2018-12-05 08:45:00,57.71,67.36126
2018-12-05 09:00:00,57.82,60.724163
2018-12-05 09:15:00,68.08,58.52026
2018-12-05 09:30:00,64.08,65.22512
2018-12-05 09:45:00,64.76,63.321648
2018-12-05 10:00:00,62.68,62.817303
2018-12-05 10:15:00,49.28,61.25796
2018-12-05 10:30:00,56.52,50.380806
2018-12-05 10:45:00,59.04,56.69031
2018-12-05 11:00:00,66.85,57.398674
2018-12-05 11:15:00,68.83,62.74065
2018-12-05 11:30:00,60.3,64.69324
2018-12-05 11:45:00,53.21,59.60974
2018-12-05 12:00:00,40.97,53.34483
2018-12-05 12:15:00,10.69,42.05425
2018-12-05 12:30:00,9.43,7.4345565
2018-12-05 12:45:00,10.33,10.268228
2018-12-05 13:00:00,26.68,11.2622175
2018-12-05 13:15:00,43.34,41.91742
2018-12-05 13:30:00,46.51,47.300335
2018-12-05 13:45:00,50.44,47.908455
2018-12-05 14:00:00,63.4,50.463737
2018-12-05 14:15:00,54.36,59.477936
2018-12-05 14:30:00,61.52,54.352455
2018-12-05 14:45:00,58.93,59.11358
2018-12-05 15:00:00,85.46,57.121525
2018-12-05 15:15:00,109.3,72.37189
2018-12-05 15:30:00,87.16,86.775246
2018-12-05 15:45:00,96.01,83.73744
2018-12-05 16:00:00,105.91,85.8954
2018-12-05 16:15:00,68.18,90.79269
2018-12-05 16:30:00,64.91,71.303314
2018-12-05 16:45:00,56.05,65.41987
2018-12-05 17:00:00,62.96,56.190018
2018-12-05 17:15:00,47.12,61.755657
2018-12-05 17:30:00,44.57,46.76384
2018-12-05 17:45:00,44.24,45.733353
2018-12-05 18:00:00,27.32,44.421326
2018-12-05 18:15:00,5.87,25.264944
2018-12-05 18:30:00,5.36,3.8865526
2018-12-05 18:45:00,5.47,4.963452
2018-12-05 19:00:00,5.58,5.2193623
2018-12-05 19:15:00,5.58,6.980444
2018-12-05 19:30:00,5.47,4.729647
2018-12-05 19:45:00,5.44,4.8923864
2018-12-05 20:00:00,5.44,4.665685
2018-12-05 20:15:00,5.44,4.667129
2018-12-05 20:30:00,5.51,4.708152
2018-12-05 20:45:00,5.44,4.8111434
2018-12-05 21:00:00,4.82,4.681258
2018-12-05 21:15:00,4.28,4.073826
2018-12-05 21:30:00,4.25,3.6852667
2018-12-05 21:45:00,4.28,3.721174
2018-12-05 22:00:00,4.36,3.789838
2018-12-05 22:15:00,4.03,3.8460796
2018-12-05 22:30:00,4.0,3.4521658
2018-12-05 22:45:00,4.03,3.5013177
2018-12-05 23:00:00,4.0,3.538669
2018-12-05 23:15:00,4.0,3.480308
2018-12-05 23:30:00,3.92,3.455437
2018-12-05 23:45:00,4.0,3.3319
2018-12-06 00:00:00,4.0,3.5045981
2018-12-06 00:15:00,3.96,3.4009628
2018-12-06 00:30:00,4.79,3.4136293
2018-12-06 00:45:00,5.18,4.327262
2018-12-06 01:00:00,4.03,4.3545904
2018-12-06 01:15:00,3.92,3.1680424
2018-12-06 01:30:00,4.0,3.4107702
2018-12-06 01:45:00,3.92,3.3175828
2018-12-06 02:00:00,4.07,3.3527539
2018-12-06 02:15:00,3.46,3.4562492
2018-12-06 02:30:00,3.28,2.7527516
2018-12-06 02:45:00,3.38,2.8360138
2018-12-06 03:00:00,3.31,2.864741
2018-12-06 03:15:00,3.35,2.744882
2018-12-06 03:30:00,3.35,2.8639638
2018-12-06 03:45:00,3.38,2.8522255
2018-12-06 04:00:00,3.42,2.9061716
2018-12-06 04:15:00,3.31,2.8714213
2018-12-06 04:30:00,4.61,2.7791193
2018-12-06 04:45:00,5.04,4.32065
2018-12-06 05:00:00,4.07,4.2362065
2018-12-06 05:15:00,3.71,3.2797375
2018-12-06 05:30:00,3.31,3.1472607
2018-12-06 05:45:00,3.31,2.6534476
2018-12-06 06:00:00,3.38,2.876279
2018-12-06 06:15:00,3.31,2.8774478
2018-12-06 06:30:00,3.28,2.85796
2018-12-06 06:45:00,3.31,2.876682
2018-12-06 07:00:00,3.24,2.8854744
2018-12-06 07:15:00,3.28,2.7902067
2018-12-06 07:30:00,3.46,2.9044864
2018-12-06 07:45:00,4.21,3.131037
2018-12-06 08:00:00,6.44,4.0288057
2018-12-06 08:15:00,32.29,6.8430104
2018-12-06 08:30:00,64.98,47.60096
2018-12-06 08:45:00,60.84,68.871864
2018-12-06 09:00:00,59.87,63.465675
2018-12-06 09:15:00,67.0,60.464787
2018-12-06 09:30:00,71.17,64.85987
2018-12-06 09:45:00,76.86,67.849304
2018-12-06 10:00:00,66.67,71.10604
2018-12-06 10:15:00,63.18,65.64646
2018-12-06 10:30:00,68.87,62.38904
2018-12-06 10:45:00,71.06,65.83886
2018-12-06 11:00:00,62.78,66.86987
2018-12-06 11:15:00,60.88,61.65335
2018-12-06 11:30:00,74.45,59.949615
2018-12-06 11:45:00,67.82,68.52606
2018-12-06 12:00:00,69.26,65.01041
2018-12-06 12:15:00,9.94,65.80406
2018-12-06 12:30:00,6.88,4.7594366
2018-12-06 12:45:00,7.02,6.588609
2018-12-06 13:00:00,6.95,5.490323
2018-12-06 13:15:00,35.78,20.903519
2018-12-06 13:30:00,61.78,52.84166
2018-12-06 13:45:00,60.8,63.750023
2018-12-06 14:00:00,71.78,60.65759
2018-12-06 14:15:00,72.11,67.21305
2018-12-06 14:30:00,68.22,68.69081
2018-12-06 14:45:00,73.44,66.65591
2018-12-06 15:00:00,56.88,68.82719
2018-12-06 15:15:00,50.29,57.57586
2018-12-06 15:30:00,48.78,51.429157
2018-12-06 15:45:00,48.96,50.13056
2018-12-06 16:00:00,49.97,49.322445
2018-12-06 16:15:00,62.28,49.801395
2018-12-06 16:30:00,47.95,58.473846
2018-12-06 16:45:00,57.35,47.84402
2018-12-06 17:00:00,47.77,54.778046
2018-12-06 17:15:00,48.6,46.9775
2018-12-06 17:30:00,57.46,48.127472
2018-12-06 17:45:00,31.86,54.570377
2018-12-06 18:00:00,31.61,29.773249
2018-12-06 18:15:00,36.61,33.51514
2018-12-06 18:30:00,40.07,38.14684
2018-12-06 18:45:00,37.87,40.705578
2018-12-06 19:00:00,47.23,37.038986
2018-12-06 19:15:00,53.03,45.572147
2018-12-06 19:30:00,38.63,49.47219
2018-12-06 19:45:00,37.51,37.16922
2018-12-06 20:00:00,38.3,36.726524
2018-12-06 20:15:00,54.36,37.554863
2018-12-06 20:30:00,38.84,50.586277
2018-12-06 20:45:00,27.72,36.761208
2018-12-06 21:00:00,8.86,25.385698
2018-12-06 21:15:00,5.51,6.2588997
2018-12-06 21:30:00,5.58,4.9837294
2018-12-06 21:45:00,5.62,4.940652
2018-12-06 22:00:00,5.54,5.9448524
2018-12-06 22:15:00,5.26,4.6542163
2018-12-06 22:30:00,5.22,4.5275116
2018-12-06 22:45:00,5.26,4.5423565
2018-12-06 23:00:00,4.18,4.5759954
2018-12-06 23:15:00,3.96,3.498162
2018-12-06 23:30:00,4.0,3.531205
2018-12-06 23:45:00,4.0,3.463929
2018-12-07 00:00:00,4.03,3.5801742
2018-12-07 00:15:00,3.96,3.5873196
2018-12-07 00:30:00,4.03,3.473521
2018-12-07 00:45:00,4.03,3.5935137
2018-12-07 01:00:00,4.0,3.4800632
2018-12-07 01:15:00,4.03,3.447129
2018-12-07 01:30:00,4.03,3.4635067
2018-12-07 01:45:00,4.03,3.4805706
2018-12-07 02:00:00,4.1,3.4231145
2018-12-07 02:15:00,4.0,3.4663126
2018-12-07 02:30:00,4.72,3.3433573
2018-12-07 02:45:00,4.79,4.1964116
2018-12-07 03:00:00,4.14,3.9383538
2018-12-07 03:15:00,4.07,3.3531559
2018-12-07 03:30:00,4.03,3.4115236
2018-12-07 03:45:00,4.0,3.324705
2018-12-07 04:00:00,3.42,3.3892977
2018-12-07 04:15:00,3.49,2.7406757
2018-12-07 04:30:00,3.46,2.986316
2018-12-07 04:45:00,3.38,2.8545654
2018-12-07 05:00:00,3.42,2.9192607
2018-12-07 05:15:00,3.42,2.9274814
2018-12-07 05:30:00,3.74,2.8888416
2018-12-07 05:45:00,4.07,3.307329
2018-12-07 06:00:00,3.49,3.568003
2018-12-07 06:15:00,3.42,2.8669918
2018-12-07 06:30:00,3.64,2.994908
2018-12-07 06:45:00,4.1,3.1552937
2018-12-07 07:00:00,4.0,3.7709625
2018-12-07 07:15:00,4.0,3.500724
2018-12-07 07:30:00,3.82,3.6251462
2018-12-07 07:45:00,4.54,3.3819149
2018-12-07 08:00:00,4.79,4.457241
2018-12-07 08:15:00,47.66,4.4316244
2018-12-07 08:30:00,60.19,65.04068
2018-12-07 08:45:00,60.19,63.69344
2018-12-07 09:00:00,53.32,61.391136
2018-12-07 09:15:00,58.86,55.001274
2018-12-07 09:30:00,49.5,58.7261
2018-12-07 09:45:00,48.42,50.925133
2018-12-07 10:00:00,62.78,49.289764
2018-12-07 10:15:00,48.02,59.666016
2018-12-07 10:30:00,46.22,48.696266
2018-12-07 10:45:00,57.46,47.476215
2018-12-07 11:00:00,48.78,55.700977
2018-12-07 11:15:00,47.02,48.919205
2018-12-07 11:30:00,58.0,47.7583
2018-12-07 11:45:00,51.48,56.277943
2018-12-07 12:00:00,44.28,50.961815
2018-12-07 12:15:00,26.6,45.02702
2018-12-07 12:30:00,12.49,26.213587
2018-12-07 12:45:00,9.79,11.982928
2018-12-07 13:00:00,10.76,10.334659
2018-12-07 13:15:00,44.06,12.953381
2018-12-07 13:30:00,49.82,56.740273
2018-12-07 13:45:00,54.36,50.29811
2018-12-07 14:00:00,55.98,53.619247
2018-12-07 14:15:00,56.48,55.007507
2018-12-07 14:30:00,47.41,55.501907
2018-12-07 14:45:00,47.95,48.3799
2018-12-07 15:00:00,58.86,48.370464
2018-12-07 15:15:00,50.08,56.35008
2018-12-07 15:30:00,51.88,49.890797
2018-12-07 15:45:00,53.82,51.403027
2018-12-07 16:00:00,49.9,52.1533
2018-12-07 16:15:00,57.1,49.133675
2018-12-07 16:30:00,50.33,54.624195
2018-12-07 16:45:00,68.54,49.515526
2018-12-07 17:00:00,60.12,61.288406
2018-12-07 17:15:00,72.11,57.138466
2018-12-07 17:30:00,46.33,64.43966
2018-12-07 17:45:00,34.16,46.310932
2018-12-07 18:00:00,30.35,33.79577
2018-12-07 18:15:00,42.48,31.66442
2018-12-07 18:30:00,52.85,44.791496
2018-12-07 18:45:00,58.97,50.77697
2018-12-07 19:00:00,57.17,53.980053
2018-12-07 19:15:00,44.39,53.084568
2018-12-07 19:30:00,47.84,42.86638
2018-12-07 19:45:00,54.07,46.523952
2018-12-07 20:00:00,43.38,50.24105
2018-12-07 20:15:00,57.64,41.2257
2018-12-07 20:30:00,41.72,52.95285
2018-12-07 20:45:00,31.9,39.524734
2018-12-07 21:00:00,19.69,29.991957
2018-12-07 21:15:00,5.62,16.844824
2018-12-07 21:30:00,5.62,4.2592573
2018-12-07 21:45:00,5.15,5.342846
2018-12-07 22:00:00,4.28,4.552654
2018-12-07 22:15:00,4.0,4.4996066
2018-12-07 22:30:00,4.07,3.5098832
2018-12-07 22:45:00,4.03,3.6601632
2018-12-07 23:00:00,4.0,3.6358654
2018-12-07 23:15:00,3.96,3.5926604
2018-12-07 23:30:00,4.03,3.5174067
2018-12-07 23:45:00,4.0,3.6031282
2018-12-08 00:00:00,3.78,3.2873993
2018-12-08 00:15:00,4.0,3.0696762
2018-12-08 00:30:00,3.96,3.3297899
2018-12-08 00:45:00,4.0,3.195794
2018-12-08 01:00:00,4.0,3.2905946
2018-12-08 01:15:00,5.15,3.1921132
2018-12-08 01:30:00,4.79,4.3267813
2018-12-08 01:45:00,3.96,3.621235
2018-12-08 02:00:00,3.96,3.1535623
2018-12-08 02:15:00,4.1,3.1537468
2018-12-08 02:30:00,4.0,3.2400486
2018-12-08 02:45:00,4.0,3.2249408
2018-12-08 03:00:00,4.0,3.2500772
2018-12-08 03:15:00,3.96,3.1876483
2018-12-08 03:30:00,3.64,3.1807761
2018-12-08 03:45:00,3.38,2.9147332
2018-12-08 04:00:00,3.31,2.7796934
2018-12-08 04:15:00,3.35,2.7107518
2018-12-08 04:30:00,3.35,2.7775438
2018-12-08 04:45:00,3.42,2.8066938
2018-12-08 05:00:00,3.49,2.8852036
2018-12-08 05:15:00,4.0,2.8937757
2018-12-08 05:30:00,3.53,3.3975587
2018-12-08 05:45:00,3.35,2.8317463
2018-12-08 06:00:00,3.38,2.8945048
2018-12-08 06:15:00,4.03,2.8046517
2018-12-08 06:30:00,4.03,3.5122247
2018-12-08 06:45:00,4.0,3.3725185
2018-12-08 07:00:00,3.78,3.418671
2018-12-08 07:15:00,3.35,3.124871
2018-12-08 07:30:00,3.31,2.8287861
2018-12-08 07:45:00,3.53,2.9353352
2018-12-08 08:00:00,3.67,3.1010904
2018-12-08 08:15:00,29.23,3.2021263
2018-12-08 08:30:00,38.16,42.057377
2018-12-08 08:45:00,33.08,39.088295
2018-12-08 09:00:00,51.52,32.20289
2018-12-08 09:15:00,47.77,51.173714
2018-12-08 09:30:00,42.05,46.380608
2018-12-08 09:45:00,32.4,41.19752
2018-12-08 10:00:00,31.43,31.086294
2018-12-08 10:15:00,31.57,31.836765
2018-12-08 10:30:00,31.43,31.76389
2018-12-08 10:45:00,47.66,31.500204
2018-12-08 11:00:00,49.28,46.122677
2018-12-08 11:15:00,38.16,46.290985
2018-12-08 11:30:00,44.14,36.621265
2018-12-08 11:45:00,38.27,43.377174
2018-12-08 12:00:00,22.46,36.86419
2018-12-08 12:15:00,3.92,19.806458
2018-12-08 12:30:00,4.57,2.9358237
2018-12-08 12:45:00,5.36,4.6425905
2018-12-08 13:00:00,6.08,5.2048573
2018-12-08 13:15:00,34.09,7.3414965
2018-12-08 13:30:00,55.69,46.713924
2018-12-08 13:45:00,40.61,55.69858
2018-12-08 14:00:00,50.51,40.204094
2018-12-08 14:15:00,37.98,49.274498
2018-12-08 14:30:00,48.89,37.200073
2018-12-08 14:45:00,37.73,48.118572
2018-12-08 15:00:00,40.03,36.060318
2018-12-08 15:15:00,43.67,39.639725
2018-12-08 15:30:00,46.15,42.305298
2018-12-08 15:45:00,49.68,44.163174
2018-12-08 16:00:00,49.32,46.13003
2018-12-08 16:15:00,49.46,45.878063
2018-12-08 16:30:00,49.54,46.14369
2018-12-08 16:45:00,34.63,46.3077
2018-12-08 17:00:00,27.0,31.701921
2018-12-08 17:15:00,9.9,25.283344
2018-12-08 17:30:00,5.22,7.30678
2018-12-08 17:45:00,5.29,4.800333
2018-12-08 18:00:00,5.22,4.7933593
2018-12-08 18:15:00,5.18,5.542772
2018-12-08 18:30:00,5.15,4.5558863
2018-12-08 18:45:00,5.33,4.5253444
2018-12-08 19:00:00,5.15,4.6829634
2018-12-08 19:15:00,4.1,4.399889
2018-12-08 19:30:00,4.14,3.461951
2018-12-08 19:45:00,4.1,3.747435
2018-12-08 20:00:00,4.14,3.5873938
2018-12-08 20:15:00,4.1,3.7337973
2018-12-08 20:30:00,4.03,3.5987527
2018-12-08 20:45:00,4.14,3.5564315
2018-12-08 21:00:00,4.1,3.6742017
2018-12-08 21:15:00,4.14,3.547981
2018-12-08 21:30:00,4.1,3.5843499
2018-12-08 21:45:00,4.14,3.512227
2018-12-08 22:00:00,4.1,3.5977876
2018-12-08 22:15:00,3.82,3.4868147
2018-12-08 22:30:00,3.89,3.2104957
2018-12-08 22:45:00,5.0,3.3478935
2018-12-08 23:00:00,4.75,4.3422647
2018-12-08 23:15:00,3.82,3.785617
2018-12-08 23:30:00,3.71,3.1441498
2018-12-08 23:45:00,3.82,3.1241586
2018-12-09 00:00:00,3.17,2.9996321
2018-12-09 00:15:00,3.74,2.4983175
2018-12-09 00:30:00,3.74,3.1424224
2018-12-09 00:45:00,3.82,2.8629367
2018-12-09 01:00:00,3.85,3.1030219
2018-12-09 01:15:00,3.78,3.0026186
2018-12-09 01:30:00,3.82,2.9666386
2018-12-09 01:45:00,3.78,3.0230942
2018-12-09 02:00:00,3.78,2.9546733
2018-12-09 02:15:00,3.17,2.9829953
2018-12-09 02:30:00,3.13,2.4302554
2018-12-09 02:45:00,3.35,2.575924
2018-12-09 03:00:00,3.67,2.6726801
2018-12-09 03:15:00,3.02,2.9580421
2018-12-09 03:30:00,3.13,2.3180275
2018-12-09 03:45:00,3.06,2.6466262
2018-12-09 04:00:00,3.06,2.3852847
2018-12-09 04:15:00,3.06,2.5119064
2018-12-09 04:30:00,3.2,2.495137
2018-12-09 04:45:00,3.78,2.6681185
2018-12-09 05:00:00,3.78,3.1206887
2018-12-09 05:15:00,3.74,2.9896014
2018-12-09 05:30:00,3.74,3.0693314
2018-12-09 05:45:00,3.13,3.0387242
2018-12-09 06:00:00,3.74,2.451565
2018-12-09 06:15:00,3.56,3.2205853
2018-12-09 06:30:00,3.1,2.7972624
2018-12-09 06:45:00,2.95,2.6419334
2018-12-09 07:00:00,3.06,2.4715493
2018-12-09 07:15:00,3.02,2.5845897
2018-12-09 07:30:00,2.95,2.574816
2018-12-09 07:45:00,3.02,2.580546
2018-12-09 08:00:00,2.99,2.6048846
2018-12-09 08:15:00,3.13,2.54634
2018-12-09 08:30:00,3.74,2.7515972
2018-12-09 08:45:00,3.82,3.3534462
2018-12-09 09:00:00,3.96,3.1832826
2018-12-09 09:15:00,4.03,3.4310286
2018-12-09 09:30:00,3.35,3.4377391
2018-12-09 09:45:00,3.31,2.8160193
2018-12-09 10:00:00,3.89,2.9214625
2018-12-09 10:15:00,4.03,3.414161
2018-12-09 10:30:00,3.31,3.5142207
2018-12-09 10:45:00,3.35,2.857228
2018-12-09 11:00:00,3.42,3.0124266
2018-12-09 11:15:00,3.35,2.9269037
2018-12-09 11:30:00,3.31,2.9951663
2018-12-09 11:45:00,3.38,3.007283
2018-12-09 12:00:00,3.89,3.0218093
2018-12-09 12:15:00,4.18,3.5456872
2018-12-09 12:30:00,4.1,3.7472703
2018-12-09 12:45:00,4.1,3.6956792
2018-12-09 13:00:00,3.6,3.6273673
2018-12-09 13:15:00,3.42,3.0416796
2018-12-09 13:30:00,3.42,3.0761552
2018-12-09 13:45:00,3.35,3.0737214
2018-12-09 14:00:00,3.92,2.9940917
2018-12-09 14:15:00,3.78,3.62434
2018-12-09 14:30:00,3.42,3.277478
2018-12-09 14:45:00,3.38,3.0766249
2018-12-09 15:00:00,3.46,2.9990315
2018-12-09 15:15:00,3.42,3.041093
2018-12-09 15:30:00,3.53,3.0228193
2018-12-09 15:45:00,4.07,3.1788187
2018-12-09 16:00:00,4.03,3.6603234
2018-12-09 16:15:00,4.14,3.440173
2018-12-09 16:30:00,4.0,3.665602
2018-12-09 16:45:00,3.31,3.413688
2018-12-09 17:00:00,3.35,2.8740466
2018-12-09 17:15:00,3.49,3.027033
2018-12-09 17:30:00,4.1,3.033543
2018-12-09 17:45:00,3.64,3.6913252
2018-12-09 18:00:00,3.24,3.098384
2018-12-09 18:15:00,3.28,2.899031
2018-12-09 18:30:00,3.31,2.873748
2018-12-09 18:45:00,3.42,2.9196992
2018-12-09 19:00:00,3.64,3.0878835
2018-12-09 19:15:00,4.07,3.1925063
2018-12-09 19:30:00,4.03,3.5437105
2018-12-09 19:45:00,4.03,3.4164133
2018-12-09 20:00:00,4.0,3.4877172
2018-12-09 20:15:00,3.31,3.356301
2018-12-09 20:30:00,3.31,2.753301
2018-12-09 20:45:00,3.35,2.9548154
2018-12-09 21:00:00,3.35,2.8985085
2018-12-09 21:15:00,3.67,2.9316993
2018-12-09 21:30:00,4.14,3.1968668
2018-12-09 21:45:00,3.38,3.5401027
2018-12-09 22:00:00,3.28,2.7744575
2018-12-09 22:15:00,3.13,2.888272
2018-12-09 22:30:00,3.17,2.5856147
2018-12-09 22:45:00,3.78,2.7685916
2018-12-09 23:00:00,3.78,3.282758
2018-12-09 23:15:00,3.74,3.084018
2018-12-09 23:30:00,3.74,3.1445258
2018-12-09 23:45:00,3.46,3.0756042
2018-12-10 00:00:00,5.36,2.8671286
2018-12-10 00:15:00,3.06,5.025618
2018-12-10 00:30:00,3.02,1.8912022
2018-12-10 00:45:00,3.31,3.0337005
2018-12-10 01:00:00,3.85,2.5749214
2018-12-10 01:15:00,3.42,3.485027
2018-12-10 01:30:00,3.1,2.8325117
2018-12-10 01:45:00,3.1,2.7151554
2018-12-10 02:00:00,3.17,2.6036732
2018-12-10 02:15:00,3.31,2.7110813
2018-12-10 02:30:00,3.82,2.8992603
2018-12-10 02:45:00,3.78,3.400613
2018-12-10 03:00:00,3.82,3.1323054
2018-12-10 03:15:00,3.74,3.2785468
2018-12-10 03:30:00,3.1,3.122485
2018-12-10 03:45:00,3.2,2.5404341
2018-12-10 04:00:00,3.1,2.7696266
2018-12-10 04:15:00,3.13,2.5519228
2018-12-10 04:30:00,3.17,2.749435
2018-12-10 04:45:00,3.49,2.7396636
2018-12-10 05:00:00,3.74,3.0354972
2018-12-10 05:15:00,3.13,3.190862
2018-12-10 05:30:00,3.1,2.534664
2018-12-10 05:45:00,3.82,2.7288058
2018-12-10 06:00:00,3.82,3.3736613
2018-12-10 06:15:00,3.85,3.2301738
2018-12-10 06:30:00,3.82,3.4053624
2018-12-10 06:45:00,3.46,3.2485158
2018-12-10 07:00:00,3.06,2.902241
2018-12-10 07:15:00,3.13,2.5775902
2018-12-10 07:30:00,3.56,2.7522392
2018-12-10 07:45:00,5.87,3.2552881
2018-12-10 08:00:00,6.8,6.365431
2018-12-10 08:15:00,33.48,6.7078094
2018-12-10 08:30:00,61.06,49.320484
2018-12-10 08:45:00,58.36,64.93721
2018-12-10 09:00:00,68.62,60.62301
2018-12-10 09:15:00,69.23,66.409645
2018-12-10 09:30:00,70.78,67.43679
2018-12-10 09:45:00,61.74,68.52832
2018-12-10 10:00:00,72.0,61.86844
2018-12-10 10:15:00,56.2,67.91508
2018-12-10 10:30:00,56.02,57.236626
2018-12-10 10:45:00,63.9,56.80294
2018-12-10 11:00:00,68.47,61.596397
2018-12-10 11:15:00,61.56,64.72808
2018-12-10 11:30:00,70.31,60.668526
2018-12-10 11:45:00,62.42,66.22357
2018-12-10 12:00:00,44.75,61.191845
2018-12-10 12:15:00,9.11,45.949177
2018-12-10 12:30:00,10.33,5.727373
2018-12-10 12:45:00,11.45,11.893574
2018-12-10 13:00:00,11.09,12.852658
2018-12-10 13:15:00,42.66,19.26494
2018-12-10 13:30:00,72.9,56.188652
2018-12-10 13:45:00,71.03,69.926285
2018-12-10 14:00:00,67.32,69.40143
2018-12-10 14:15:00,64.22,66.54007
2018-12-10 14:30:00,69.91,63.814037
2018-12-10 14:45:00,51.23,67.07794
2018-12-10 15:00:00,58.39,52.676147
2018-12-10 15:15:00,69.62,58.2854
2018-12-10 15:30:00,66.71,65.08043
2018-12-10 15:45:00,65.99,63.981934
2018-12-10 16:00:00,64.98,62.87627
2018-12-10 16:15:00,64.55,62.1679
2018-12-10 16:30:00,63.72,61.829346
2018-12-10 16:45:00,66.53,61.224384
2018-12-10 17:00:00,62.57,62.39199
2018-12-10 17:15:00,63.72,59.86452
2018-12-10 17:30:00,58.64,60.496696
2018-12-10 17:45:00,60.12,56.873863
2018-12-10 18:00:00,24.73,57.146694
2018-12-10 18:15:00,5.47,20.21012
2018-12-10 18:30:00,4.5,4.4265227
2018-12-10 18:45:00,4.46,3.9274273
2018-12-10 19:00:00,4.46,6.491679
2018-12-10 19:15:00,4.75,5.740914
2018-12-10 19:30:00,5.69,4.3567467
2018-12-10 19:45:00,5.62,5.4083614
2018-12-10 20:00:00,4.46,4.692403
2018-12-10 20:15:00,4.46,3.753289
2018-12-10 20:30:00,4.5,4.004442
2018-12-10 20:45:00,4.43,3.925676
2018-12-10 21:00:00,4.46,3.919541
2018-12-10 21:15:00,4.5,3.9649417
2018-12-10 21:30:00,4.57,4.0044765
2018-12-10 21:45:00,4.54,4.0946293
2018-12-10 22:00:00,4.46,3.924966
2018-12-10 22:15:00,4.28,3.8615096
2018-12-10 22:30:00,4.25,3.7071927
2018-12-10 22:45:00,4.32,3.7452252
2018-12-10 23:00:00,4.18,3.7203202
2018-12-10 23:15:00,4.18,3.552248
2018-12-10 23:30:00,4.21,3.6250088
2018-12-10 23:45:00,4.28,3.6417997
2018-12-11 00:00:00,4.18,3.556657
2018-12-11 00:15:00,4.86,3.4197109
2018-12-11 00:30:00,4.21,4.21824
2018-12-11 00:45:00,4.18,3.2993596
2018-12-11 01:00:00,4.21,3.5528867
2018-12-11 01:15:00,4.32,3.359071
2018-12-11 01:30:00,4.25,3.6087058
2018-12-11 01:45:00,4.18,3.5088475
2018-12-11 02:00:00,4.21,3.4201286
2018-12-11 02:15:00,4.28,3.439555
2018-12-11 02:30:00,4.25,3.5179393
2018-12-11 02:45:00,4.21,3.5021002
2018-12-11 03:00:00,3.56,3.4252918
2018-12-11 03:15:00,3.56,2.752618
2018-12-11 03:30:00,3.53,2.985336
2018-12-11 03:45:00,3.53,2.8611908
2018-12-11 04:00:00,3.85,2.92585
2018-12-11 04:15:00,4.18,3.2377303
2018-12-11 04:30:00,3.49,3.5231283
2018-12-11 04:45:00,3.56,2.7454164
2018-12-11 05:00:00,3.56,3.029694
2018-12-11 05:15:00,3.74,2.8439543
2018-12-11 05:30:00,4.18,3.2169716
2018-12-11 05:45:00,4.25,3.6435812
2018-12-11 06:00:00,4.28,3.601966
2018-12-11 06:15:00,3.56,3.6911554
2018-12-11 06:30:00,3.53,2.804908
2018-12-11 06:45:00,3.6,3.0740805
2018-12-11 07:00:00,3.49,3.0328891
2018-12-11 07:15:00,4.1,3.0194356
2018-12-11 07:30:00,4.07,3.8150346
2018-12-11 07:45:00,4.86,3.5140564
2018-12-11 08:00:00,14.83,4.7084665
2018-12-11 08:15:00,44.21,20.755041
2018-12-11 08:30:00,54.04,56.35736
2018-12-11 08:45:00,61.74,56.667854
2018-12-11 09:00:00,69.48,60.88343
2018-12-11 09:15:00,75.38,66.14334
2018-12-11 09:30:00,71.82,70.610794
2018-12-11 09:45:00,71.24,69.574936
2018-12-11 10:00:00,54.86,68.39175
2018-12-11 10:15:00,66.13,56.03771
2018-12-11 10:30:00,73.08,64.122215
2018-12-11 10:45:00,77.51,68.30601
2018-12-11 11:00:00,72.54,71.16556
2018-12-11 11:15:00,63.83,69.19446
2018-12-11 11:30:00,67.07,63.173733
2018-12-11 11:45:00,84.24,64.96835
2018-12-11 12:00:00,72.79,74.341774
2018-12-11 12:15:00,7.96,70.10167
2018-12-11 12:30:00,5.8,2.724199
2018-12-11 12:45:00,6.98,5.131613
2018-12-11 13:00:00,6.95,6.007792
2018-12-11 13:15:00,38.45,23.662806
2018-12-11 13:30:00,59.36,57.250954
2018-12-11 13:45:00,66.02,61.94583
2018-12-11 14:00:00,80.28,64.5223
2018-12-11 14:15:00,75.53,73.349556
2018-12-11 14:30:00,72.0,73.01375
2018-12-11 14:45:00,72.61,70.63014
2018-12-11 15:00:00,78.55,69.703384
2018-12-11 15:15:00,73.98,72.97385
2018-12-11 15:30:00,76.79,70.78031
2018-12-11 15:45:00,80.46,72.06114
2018-12-11 16:00:00,68.11,73.7025
2018-12-11 16:15:00,71.68,66.38086
2018-12-11 16:30:00,69.8,67.79709
2018-12-11 16:45:00,75.46,66.37662
2018-12-11 17:00:00,70.27,69.03611
2018-12-11 17:15:00,78.48,66.224396
2018-12-11 17:30:00,66.78,70.82152
2018-12-11 17:45:00,32.11,64.21268
2018-12-11 18:00:00,31.25,28.36595
2018-12-11 18:15:00,36.4,34.85111
2018-12-11 18:30:00,39.56,38.89764
2018-12-11 18:45:00,51.44,41.754215
2018-12-11 19:00:00,51.52,49.906544
2018-12-11 19:15:00,53.57,48.929504
2018-12-11 19:30:00,52.81,50.494385
2018-12-11 19:45:00,52.38,50.016056
2018-12-11 20:00:00,53.21,49.150604
2018-12-11 20:15:00,51.91,49.81993
2018-12-11 20:30:00,53.46,48.855347
2018-12-11 20:45:00,32.36,50.090134
2018-12-11 21:00:00,28.37,29.16745
2018-12-11 21:15:00,6.77,28.168074
2018-12-11 21:30:00,5.69,3.9796612
2018-12-11 21:45:00,5.8,5.4365454
2018-12-11 22:00:00,5.69,4.5339575
2018-12-11 22:15:00,5.47,6.773782
2018-12-11 22:30:00,5.44,4.4222317
2018-12-11 22:45:00,4.97,4.7204895
2018-12-11 23:00:00,4.36,4.1232014
2018-12-11 23:15:00,4.25,3.6744163
2018-12-11 23:30:00,4.21,3.6521604
2018-12-11 23:45:00,4.14,3.6104019
2018-12-12 00:00:00,4.21,3.5896983
2018-12-12 00:15:00,4.21,3.6469166
2018-12-12 00:30:00,4.14,3.628551
2018-12-12 00:45:00,4.14,3.595526
2018-12-12 01:00:00,4.14,3.5355282
2018-12-12 01:15:00,4.21,3.4772303
2018-12-12 01:30:00,4.18,3.5591393
2018-12-12 01:45:00,4.75,3.5378625
2018-12-12 02:00:00,5.33,4.1167955
2018-12-12 02:15:00,4.25,4.5165524
2018-12-12 02:30:00,4.25,3.2714741
2018-12-12 02:45:00,4.18,3.7089722
2018-12-12 03:00:00,4.21,3.3047476
2018-12-12 03:15:00,4.18,3.5341785
2018-12-12 03:30:00,4.18,3.4699244
2018-12-12 03:45:00,4.25,3.5333161
2018-12-12 04:00:00,4.18,3.540098
2018-12-12 04:15:00,4.03,3.4292114
2018-12-12 04:30:00,3.46,3.3437748
2018-12-12 04:45:00,3.46,2.780044
2018-12-12 05:00:00,3.53,2.9316838
2018-12-12 05:15:00,3.46,2.8985615
2018-12-12 05:30:00,3.49,2.9142814
2018-12-12 05:45:00,4.0,3.0018303
2018-12-12 06:00:00,4.25,3.513591
2018-12-12 06:15:00,3.85,3.6502187
2018-12-12 06:30:00,3.42,3.2038474
2018-12-12 06:45:00,3.42,2.8661373
2018-12-12 07:00:00,3.96,2.906562
2018-12-12 07:15:00,4.1,3.5778315
2018-12-12 07:30:00,4.32,3.6270163
2018-12-12 07:45:00,5.83,3.969857
2018-12-12 08:00:00,5.8,5.830537
2018-12-12 08:15:00,36.86,5.1611567
2018-12-12 08:30:00,60.37,53.401833
2018-12-12 08:45:00,66.46,63.525394
2018-12-12 09:00:00,69.05,66.48894
2018-12-12 09:15:00,63.86,67.70031
2018-12-12 09:30:00,65.59,64.00825
2018-12-12 09:45:00,60.98,64.41245
2018-12-12 10:00:00,65.74,60.354317
2018-12-12 10:15:00,57.17,63.23709
2018-12-12 10:30:00,64.55,57.12993
2018-12-12 10:45:00,53.42,62.20497
2018-12-12 11:00:00,65.88,53.429985
2018-12-12 11:15:00,57.71,62.476578
2018-12-12 11:30:00,59.76,57.07547
2018-12-12 11:45:00,79.85,58.585968
2018-12-12 12:00:00,49.64,70.14936
2018-12-12 12:15:00,27.97,51.322834
2018-12-12 12:30:00,29.74,27.06472
2018-12-12 12:45:00,29.56,34.902996
2018-12-12 13:00:00,29.3,32.48218
2018-12-12 13:15:00,58.86,32.7942
2018-12-12 13:30:00,61.78,58.76904
2018-12-12 13:45:00,77.0,59.33399
2018-12-12 14:00:00,65.56,68.224724
2018-12-12 14:15:00,86.51,63.875267
2018-12-12 14:30:00,60.44,75.157425
2018-12-12 14:45:00,64.8,61.99421
2018-12-12 15:00:00,72.18,62.95185
2018-12-12 15:15:00,69.08,67.31075
2018-12-12 15:30:00,66.17,65.860954
2018-12-12 15:45:00,61.67,63.79962
2018-12-12 16:00:00,70.6,59.766754
2018-12-12 16:15:00,68.36,65.38079
2018-12-12 16:30:00,75.1,64.425224
2018-12-12 16:45:00,66.13,68.51462
2018-12-12 17:00:00,70.7,63.00301
2018-12-12 17:15:00,60.7,65.47754
2018-12-12 17:30:00,57.92,58.81936
2018-12-12 17:45:00,32.9,56.386436
2018-12-12 18:00:00,30.53,30.385368
2018-12-12 18:15:00,49.9,32.854187
2018-12-12 18:30:00,67.25,51.611187
2018-12-12 18:45:00,69.37,61.215637
2018-12-12 19:00:00,65.99,62.495388
2018-12-12 19:15:00,66.02,60.91685
2018-12-12 19:30:00,60.19,60.897846
2018-12-12 19:45:00,58.54,56.9975
2018-12-12 20:00:00,61.85,54.874504
2018-12-12 20:15:00,67.07,56.99872
2018-12-12 20:30:00,58.82,60.388573
2018-12-12 20:45:00,53.35,55.202465
2018-12-12 21:00:00,30.35,50.108784
2018-12-12 21:15:00,12.2,26.459482
2018-12-12 21:30:00,5.8,9.453116
2018-12-12 21:45:00,5.76,4.7209473
2018-12-12 22:00:00,5.65,5.9888754
2018-12-12 22:15:00,5.04,5.9383974
2018-12-12 22:30:00,4.25,4.4799714
2018-12-12 22:45:00,4.25,3.7305655
2018-12-12 23:00:00,4.21,3.7986467
2018-12-12 23:15:00,4.14,3.652223
2018-12-12 23:30:00,4.1,3.639339
2018-12-12 23:45:00,4.1,3.5808384
2018-12-13 00:00:00,5.26,3.6566017
2018-12-13 00:15:00,4.1,4.854515
2018-12-13 00:30:00,4.18,3.2637422
2018-12-13 00:45:00,4.21,3.9603407
2018-12-13 01:00:00,4.14,3.514064
2018-12-13 01:15:00,4.28,3.5906415
2018-12-13 01:30:00,4.18,3.731161
2018-12-13 01:45:00,4.25,3.5878463
2018-12-13 02:00:00,5.36,3.6647952
2018-12-13 02:15:00,4.79,4.767619
2018-12-13 02:30:00,4.25,3.8280249
2018-12-13 02:45:00,4.18,3.6840646
2018-12-13 03:00:00,4.21,3.4495003
2018-12-13 03:15:00,4.18,3.4913123
2018-12-13 03:30:00,4.21,3.5376
2018-12-13 03:45:00,4.21,3.6295717
2018-12-13 04:00:00,4.21,3.5405858
2018-12-13 04:15:00,4.18,3.5304558
2018-12-13 04:30:00,4.21,3.5312116
2018-12-13 04:45:00,4.21,3.6198018
2018-12-13 05:00:00,4.18,3.5369525
2018-12-13 05:15:00,3.67,3.5179868
2018-12-13 05:30:00,3.42,2.9997296
2018-12-13 05:45:00,3.89,2.9341743
2018-12-13 06:00:00,4.32,3.4121346
2018-12-13 06:15:00,3.46,3.782678
2018-12-13 06:30:00,3.38,2.781466
2018-12-13 06:45:00,3.38,3.031948
2018-12-13 07:00:00,3.42,2.8284247
2018-12-13 07:15:00,3.42,3.0133164
2018-12-13 07:30:00,3.71,3.0148408
2018-12-13 07:45:00,5.69,3.411841
2018-12-13 08:00:00,6.23,5.910088
2018-12-13 08:15:00,35.57,5.83805
2018-12-13 08:30:00,72.86,51.81399
2018-12-13 08:45:00,61.74,74.35268
2018-12-13 09:00:00,76.36,65.75592
2018-12-13 09:15:00,63.11,72.66154
2018-12-13 09:30:00,65.66,64.73656
2018-12-13 09:45:00,72.07,65.10752
2018-12-13 10:00:00,56.84,68.16081
2018-12-13 10:15:00,69.3,57.640465
2018-12-13 10:30:00,65.66,65.83969
2018-12-13 10:45:00,85.43,63.692356
2018-12-13 11:00:00,53.17,74.44365
2018-12-13 11:15:00,55.4,55.056324
2018-12-13 11:30:00,60.08,56.44143
2018-12-13 11:45:00,58.0,59.40239
2018-12-13 12:00:00,51.3,57.098473
2018-12-13 12:15:00,11.38,51.681763
2018-12-13 12:30:00,10.91,7.0000362
2018-12-13 12:45:00,30.1,12.171506
2018-12-13 13:00:00,36.4,40.91033
2018-12-13 13:15:00,41.69,43.93976
2018-12-13 13:30:00,56.92,44.66831
2018-12-13 13:45:00,46.66,55.838173
2018-12-13 14:00:00,52.52,47.189705
2018-12-13 14:15:00,58.25,52.06324
2018-12-13 14:30:00,72.61,56.18636
2018-12-13 14:45:00,66.24,65.41083
2018-12-13 15:00:00,73.08,62.949196
2018-12-13 15:15:00,60.52,67.07561
2018-12-13 15:30:00,59.87,59.797737
2018-12-13 15:45:00,63.5,58.774612
2018-12-13 16:00:00,60.52,60.398487
2018-12-13 16:15:00,88.92,58.361412
2018-12-13 16:30:00,105.37,74.30383
2018-12-13 16:45:00,102.89,85.447716
2018-12-13 17:00:00,77.83,88.34173
2018-12-13 17:15:00,67.18,77.482254
2018-12-13 17:30:00,70.13,66.43941
2018-12-13 17:45:00,31.72,67.526855
2018-12-13 18:00:00,31.5,26.874401
2018-12-13 18:15:00,54.79,35.942963
2018-12-13 18:30:00,77.04,57.1998
2018-12-13 18:45:00,79.63,69.28175
2018-12-13 19:00:00,80.46,71.21027
2018-12-13 19:15:00,71.89,72.29103
2018-12-13 19:30:00,78.52,67.49208
2018-12-13 19:45:00,52.31,70.61978
2018-12-13 20:00:00,61.16,50.85034
2018-12-13 20:15:00,61.6,58.334057
2018-12-13 20:30:00,49.68,57.457363
2018-12-13 20:45:00,41.54,47.72423
2018-12-13 21:00:00,20.16,39.76522
2018-12-13 21:15:00,6.16,15.430271
2018-12-13 21:30:00,5.69,4.8220453
2018-12-13 21:45:00,5.69,5.28419
2018-12-13 22:00:00,5.65,6.1634436
2018-12-13 22:15:00,5.47,5.6968956
2018-12-13 22:30:00,5.4,4.7468305
2018-12-13 22:45:00,5.36,4.756523
2018-12-13 23:00:00,5.36,4.632122
2018-12-13 23:15:00,5.26,4.5975475
2018-12-13 23:30:00,5.22,4.4919724
2018-12-13 23:45:00,5.18,4.5403433
2018-12-14 00:00:00,4.1,4.503208
2018-12-14 00:15:00,5.33,3.4002738
2018-12-14 00:30:00,5.29,5.0272827
2018-12-14 00:45:00,5.26,4.4072585
2018-12-14 01:00:00,5.29,4.6775284
2018-12-14 01:15:00,5.26,4.463436
2018-12-14 01:30:00,5.36,4.4650173
2018-12-14 01:45:00,5.33,4.6243906
2018-12-14 02:00:00,4.79,4.4586697
2018-12-14 02:15:00,4.14,3.9025958
2018-12-14 02:30:00,4.18,3.387603
2018-12-14 02:45:00,4.21,3.580294
2018-12-14 03:00:00,4.18,3.4910266
2018-12-14 03:15:00,4.25,3.5106215
2018-12-14 03:30:00,4.18,3.5831878
2018-12-14 03:45:00,4.14,3.506915
2018-12-14 04:00:00,4.28,3.4836977
2018-12-14 04:15:00,4.18,3.6014485
2018-12-14 04:30:00,4.18,3.470111
2018-12-14 04:45:00,4.1,3.5912929
2018-12-14 05:00:00,4.46,3.4482944
2018-12-14 05:15:00,5.4,3.88155
2018-12-14 05:30:00,4.5,4.863659
2018-12-14 05:45:00,4.18,3.60687
2018-12-14 06:00:00,4.14,3.6798882
2018-12-14 06:15:00,4.14,3.4235837
2018-12-14 06:30:00,3.49,3.5759656
2018-12-14 06:45:00,3.42,2.9022753
2018-12-14 07:00:00,3.35,3.0733724
2018-12-14 07:15:00,3.35,2.8761275
2018-12-14 07:30:00,4.25,2.9883368
2018-12-14 07:45:00,6.52,4.1455994
2018-12-14 08:00:00,7.38,6.8911815
2018-12-14 08:15:00,36.22,7.245718
2018-12-14 08:30:00,94.18,51.533245
2018-12-14 08:45:00,97.88,87.00005
2018-12-14 09:00:00,134.5,94.32733
2018-12-14 09:15:00,93.67,107.36684
2018-12-14 09:30:00,109.26,101.4079
2018-12-14 09:45:00,128.34,103.26875
2018-12-14 10:00:00,81.47,107.491936
2018-12-14 10:15:00,109.69,94.446655
2018-12-14 10:30:00,120.67,101.48628
2018-12-14 10:45:00,92.81,105.83118
2018-12-14 11:00:00,91.58,98.01487
2018-12-14 11:15:00,104.9,94.79911
2018-12-14 11:30:00,124.2,98.857475
2018-12-14 11:45:00,88.85,105.34879
2018-12-14 12:00:00,132.01,95.62224
2018-12-14 12:15:00,13.61,106.33526
2018-12-14 12:30:00,9.86,12.945333
2018-12-14 12:45:00,9.61,10.678246
2018-12-14 13:00:00,9.43,8.497657
2018-12-14 13:15:00,86.98,36.1022
2018-12-14 13:30:00,74.66,103.1391
2018-12-14 13:45:00,116.42,88.14671
2018-12-14 14:00:00,107.57,101.096146
2018-12-14 14:15:00,103.82,102.643364
2018-12-14 14:30:00,114.73,101.584724
2018-12-14 14:45:00,84.74,104.27815
2018-12-14 15:00:00,109.4,93.19114
2018-12-14 15:15:00,125.21,99.85383
2018-12-14 15:30:00,89.35,105.50276
2018-12-14 15:45:00,122.26,96.5906
2018-12-14 16:00:00,114.66,103.48973
2018-12-14 16:15:00,96.8,103.91618
2018-12-14 16:30:00,118.12,98.67715
2018-12-14 16:45:00,133.2,103.49138
2018-12-14 17:00:00,102.64,107.18933
2018-12-14 17:15:00,63.94,102.0288
2018-12-14 17:30:00,62.64,75.91724
2018-12-14 17:45:00,37.94,70.032196
2018-12-14 18:00:00,32.62,36.68209
2018-12-14 18:15:00,29.63,38.067944
2018-12-14 18:30:00,26.57,30.78659
2018-12-14 18:45:00,26.35,29.914572
2018-12-14 19:00:00,26.32,28.766418
2018-12-14 19:15:00,26.39,27.918583
2018-12-14 19:30:00,26.64,27.554876
2018-12-14 19:45:00,28.44,27.372822
2018-12-14 20:00:00,30.46,28.73859
2018-12-14 20:15:00,29.88,30.411848
2018-12-14 20:30:00,30.06,29.289206
2018-12-14 20:45:00,31.93,29.626863
2018-12-14 21:00:00,28.66,31.010098
2018-12-14 21:15:00,5.76,27.103292
2018-12-14 21:30:00,5.8,3.2490942
2018-12-14 21:45:00,5.72,5.132615
2018-12-14 22:00:00,5.69,4.3330746
2018-12-14 22:15:00,5.4,6.5815234
2018-12-14 22:30:00,5.33,4.286921
2018-12-14 22:45:00,5.33,4.6489887
2018-12-14 23:00:00,5.33,4.580081
2018-12-14 23:15:00,4.86,4.6049376
2018-12-14 23:30:00,4.03,4.116936
2018-12-14 23:45:00,4.03,3.4206526
2018-12-15 00:00:00,3.28,3.3354743
2018-12-15 00:15:00,4.14,2.5722895
2018-12-15 00:30:00,4.1,3.6435196
2018-12-15 00:45:00,4.07,3.1944616
2018-12-15 01:00:00,4.14,3.4002998
2018-12-15 01:15:00,4.14,3.2890432
2018-12-15 01:30:00,4.14,3.298395
2018-12-15 01:45:00,4.14,3.3285367
2018-12-15 02:00:00,4.1,3.3127856
2018-12-15 02:15:00,4.1,3.2533476
2018-12-15 02:30:00,4.21,3.278028
2018-12-15 02:45:00,4.1,3.3922122
2018-12-15 03:00:00,4.18,3.2618294
2018-12-15 03:15:00,4.82,3.3619235
2018-12-15 03:30:00,5.26,3.9217422
2018-12-15 03:45:00,4.18,4.219633
2018-12-15 04:00:00,4.14,3.1553464
2018-12-15 04:15:00,4.14,3.4143002
2018-12-15 04:30:00,3.82,3.2322814
2018-12-15 04:45:00,3.46,3.1212072
2018-12-15 05:00:00,3.49,2.8501136
2018-12-15 05:15:00,3.42,2.904431
2018-12-15 05:30:00,3.42,2.8289964
2018-12-15 05:45:00,3.42,2.923004
2018-12-15 06:00:00,3.38,2.8995357
2018-12-15 06:15:00,3.46,2.8450224
2018-12-15 06:30:00,3.42,2.962119
2018-12-15 06:45:00,3.49,2.937735
2018-12-15 07:00:00,4.57,3.026457
2018-12-15 07:15:00,4.43,4.0246067
2018-12-15 07:30:00,4.1,3.6077216
2018-12-15 07:45:00,4.07,3.56957
2018-12-15 08:00:00,3.64,3.4287841
2018-12-15 08:15:00,3.35,3.027555
2018-12-15 08:30:00,3.35,2.9469562
2018-12-15 08:45:00,3.38,2.9949195
2018-12-15 09:00:00,3.49,3.01555
2018-12-15 09:15:00,3.56,3.1235225
2018-12-15 09:30:00,3.38,3.1886513
2018-12-15 09:45:00,3.42,3.0521924
2018-12-15 10:00:00,3.35,3.102206
2018-12-15 10:15:00,3.35,2.9909785
2018-12-15 10:30:00,3.35,3.0780885
2018-12-15 10:45:00,4.97,3.11964
2018-12-15 11:00:00,5.36,4.877283
2018-12-15 11:15:00,4.28,4.730319
2018-12-15 11:30:00,4.18,3.774357
2018-12-15 11:45:00,3.35,3.9340298
2018-12-15 12:00:00,3.38,2.816006
2018-12-15 12:15:00,3.42,3.295375
2018-12-15 12:30:00,3.42,3.1483595
2018-12-15 12:45:00,3.42,3.3258774
2018-12-15 13:00:00,3.38,3.259342
2018-12-15 13:15:00,3.31,3.1941056
2018-12-15 13:30:00,3.35,3.1232731
2018-12-15 13:45:00,3.38,3.2188535
2018-12-15 14:00:00,3.31,3.2160761
2018-12-15 14:15:00,3.82,3.131416
2018-12-15 14:30:00,4.1,3.6936157
2018-12-15 14:45:00,4.07,3.8448064
2018-12-15 15:00:00,4.21,3.7948754
2018-12-15 15:15:00,3.74,3.910542
2018-12-15 15:30:00,3.74,3.2987735
2018-12-15 15:45:00,3.96,3.5202057
2018-12-15 16:00:00,3.28,3.6261106
2018-12-15 16:15:00,3.35,2.9086602
2018-12-15 16:30:00,3.28,3.1759138
2018-12-15 16:45:00,3.24,2.9303362
2018-12-15 17:00:00,3.28,3.058884
2018-12-15 17:15:00,3.28,3.0178177
2018-12-15 17:30:00,3.35,2.9778514
2018-12-15 17:45:00,4.18,3.054735
2018-12-15 18:00:00,4.1,3.883673
2018-12-15 18:15:00,4.1,3.5209563
2018-12-15 18:30:00,4.1,3.6457236
2018-12-15 18:45:00,4.03,3.5437546
2018-12-15 19:00:00,4.28,3.5508952
2018-12-15 19:15:00,3.49,3.766423
2018-12-15 19:30:00,3.38,2.9121602
2018-12-15 19:45:00,3.35,3.0892918
2018-12-15 20:00:00,3.38,2.9776464
2018-12-15 20:15:00,3.46,3.0647929
2018-12-15 20:30:00,3.42,3.067718
2018-12-15 20:45:00,3.35,3.0049174
2018-12-15 21:00:00,3.38,3.023272
2018-12-15 21:15:00,3.96,3.0063007
2018-12-15 21:30:00,4.28,3.4865136
2018-12-15 21:45:00,4.25,3.6492503
2018-12-15 22:00:00,4.18,3.6412435
2018-12-15 22:15:00,3.74,3.5287476
2018-12-15 22:30:00,3.31,3.0807984
2018-12-15 22:45:00,4.07,2.8134298
2018-12-15 23:00:00,3.56,3.6108232
2018-12-15 23:15:00,3.17,2.8757389
2018-12-15 23:30:00,3.24,2.7891202
2018-12-15 23:45:00,3.2,2.748728
2018-12-16 00:00:00,4.21,2.609702
2018-12-16 00:15:00,3.24,3.4995162
2018-12-16 00:30:00,3.28,2.364967
2018-12-16 00:45:00,3.28,2.8210728
2018-12-16 01:00:00,3.85,2.5574899
2018-12-16 01:15:00,4.18,3.170088
2018-12-16 01:30:00,4.07,3.2722976
2018-12-16 01:45:00,4.07,3.1804101
2018-12-16 02:00:00,3.92,3.1840365
2018-12-16 02:15:00,3.28,3.0059366
2018-12-16 02:30:00,3.42,2.5174797
2018-12-16 02:45:00,3.53,2.8005772
2018-12-16 03:00:00,4.14,2.7645113
2018-12-16 03:15:00,3.56,3.3868256
2018-12-16 03:30:00,3.35,2.6681314
2018-12-16 03:45:00,3.38,2.764962
2018-12-16 04:00:00,3.42,2.6433744
2018-12-16 04:15:00,3.42,2.7411172
2018-12-16 04:30:00,3.42,2.7763755
2018-12-16 04:45:00,3.38,2.8010194
2018-12-16 05:00:00,4.07,2.7143595
2018-12-16 05:15:00,4.14,3.3905857
2018-12-16 05:30:00,4.07,3.2738864
2018-12-16 05:45:00,4.07,3.3459966
2018-12-16 06:00:00,3.53,3.2331657
2018-12-16 06:15:00,3.31,2.7620504
2018-12-16 06:30:00,3.35,2.7633865
2018-12-16 06:45:00,3.64,2.801317
2018-12-16 07:00:00,4.07,3.0516331
2018-12-16 07:15:00,3.38,3.4168613
2018-12-16 07:30:00,3.28,2.6931403
2018-12-16 07:45:00,3.89,2.8874028
2018-12-16 08:00:00,3.96,3.2558186
2018-12-16 08:15:00,39.35,3.2826889
2018-12-16 08:30:00,63.54,53.87098
2018-12-16 08:45:00,65.02,64.19262
2018-12-16 09:00:00,63.79,63.355923
2018-12-16 09:15:00,61.7,61.109894
2018-12-16 09:30:00,64.8,58.941418
2018-12-16 09:45:00,51.16,60.54442
2018-12-16 10:00:00,55.01,49.31182
2018-12-16 10:15:00,61.81,52.34689
2018-12-16 10:30:00,72.18,56.744892
2018-12-16 10:45:00,54.86,63.369556
2018-12-16 11:00:00,66.78,52.180107
2018-12-16 11:15:00,69.95,60.100548
2018-12-16 11:30:00,53.35,62.552074
2018-12-16 11:45:00,55.51,51.41912
2018-12-16 12:00:00,11.81,52.397213
2018-12-16 12:15:00,5.65,6.4019604
2018-12-16 12:30:00,5.54,4.9879975
2018-12-16 12:45:00,5.44,4.183594
2018-12-16 13:00:00,5.33,11.602306
2018-12-16 13:15:00,36.47,4.490985
2018-12-16 13:30:00,63.72,50.28731
2018-12-16 13:45:00,64.8,62.41067
2018-12-16 14:00:00,61.85,61.87081
2018-12-16 14:15:00,57.89,58.97132
2018-12-16 14:30:00,54.36,55.523407
2018-12-16 14:45:00,47.38,52.417484
2018-12-16 15:00:00,43.49,45.56819
2018-12-16 15:15:00,45.4,42.144096
2018-12-16 15:30:00,60.55,43.94355
2018-12-16 15:45:00,48.42,54.873512
2018-12-16 16:00:00,63.22,45.1784
2018-12-16 16:15:00,62.64,55.907104
2018-12-16 16:30:00,66.02,56.108322
2018-12-16 16:45:00,35.42,58.616417
2018-12-16 17:00:00,9.11,31.586596
2018-12-16 17:15:00,8.06,6.546239
2018-12-16 17:30:00,7.74,7.1692533
2018-12-16 17:45:00,7.85,7.3253765
2018-12-16 18:00:00,6.73,9.7792425
2018-12-16 18:15:00,5.22,5.225813
2018-12-16 18:30:00,5.69,4.4374933
2018-12-16 18:45:00,5.72,4.988982
2018-12-16 19:00:00,5.69,4.755464
2018-12-16 19:15:00,5.72,4.8814793
2018-12-16 19:30:00,5.44,4.8132815
2018-12-16 19:45:00,4.46,4.55465
2018-12-16 20:00:00,4.5,3.7303472
2018-12-16 20:15:00,4.46,3.931414
2018-12-16 20:30:00,4.5,3.7558887
2018-12-16 20:45:00,4.54,3.921893
2018-12-16 21:00:00,4.46,3.879098
2018-12-16 21:15:00,4.5,3.7570946
2018-12-16 21:30:00,4.5,3.809599
2018-12-16 21:45:00,4.57,3.7741451
2018-12-16 22:00:00,4.57,3.8348446
2018-12-16 22:15:00,4.25,3.7738621
2018-12-16 22:30:00,4.25,3.4917219
2018-12-16 22:45:00,4.18,3.57285
2018-12-16 23:00:00,5.44,3.439851
2018-12-16 23:15:00,4.82,4.6359653
2018-12-16 23:30:00,4.14,3.666612
2018-12-16 23:45:00,4.18,3.453294
2018-12-17 00:00:00,4.57,3.4536283
2018-12-17 00:15:00,4.25,3.8822594
2018-12-17 00:30:00,4.18,3.523556
2018-12-17 00:45:00,4.21,3.6235054
2018-12-17 01:00:00,4.21,3.4857163
2018-12-17 01:15:00,4.21,3.5350943
2018-12-17 01:30:00,4.36,3.5618086
2018-12-17 01:45:00,4.28,3.731941
2018-12-17 02:00:00,4.28,3.530841
2018-12-17 02:15:00,4.28,3.603128
2018-12-17 02:30:00,3.71,3.5867574
2018-12-17 02:45:00,4.32,3.034274
2018-12-17 03:00:00,3.82,3.7864373
2018-12-17 03:15:00,3.53,2.9784737
2018-12-17 03:30:00,3.53,3.0637972
2018-12-17 03:45:00,3.53,2.9746711
2018-12-17 04:00:00,3.6,2.9508595
2018-12-17 04:15:00,3.53,3.067875
2018-12-17 04:30:00,3.53,2.9785755
2018-12-17 04:45:00,4.1,3.0356538
2018-12-17 05:00:00,4.25,3.5846164
2018-12-17 05:15:00,4.28,3.5625103
2018-12-17 05:30:00,4.25,3.6689265
2018-12-17 05:45:00,3.64,3.5883033
2018-12-17 06:00:00,3.49,2.9190223
2018-12-17 06:15:00,3.46,2.9780674
2018-12-17 06:30:00,4.32,2.8966897
2018-12-17 06:45:00,3.6,4.0343347
2018-12-17 07:00:00,3.42,2.851358
2018-12-17 07:15:00,3.49,3.0964386
2018-12-17 07:30:00,4.36,2.958079
2018-12-17 07:45:00,6.19,4.2106085
2018-12-17 08:00:00,6.3,6.452875
2018-12-17 08:15:00,6.48,5.947665
2018-12-17 08:30:00,53.35,6.5205336
2018-12-17 08:45:00,46.94,69.576225
2018-12-17 09:00:00,52.06,48.99599
2018-12-17 09:15:00,54.83,53.6886
2018-12-17 09:30:00,56.12,56.49262
2018-12-17 09:45:00,58.0,56.96516
2018-12-17 10:00:00,50.08,57.321594
2018-12-17 10:15:00,46.04,51.057068
2018-12-17 10:30:00,49.54,47.60746
2018-12-17 10:45:00,54.14,50.81056
2018-12-17 11:00:00,53.78,53.54676
2018-12-17 11:15:00,52.67,53.293823
2018-12-17 11:30:00,55.84,52.6062
2018-12-17 11:45:00,49.64,55.181545
2018-12-17 12:00:00,54.5,49.94794
2018-12-17 12:15:00,11.12,54.04828
2018-12-17 12:30:00,7.06,6.6322846
2018-12-17 12:45:00,7.13,7.1363654
2018-12-17 13:00:00,8.21,6.298258
2018-12-17 13:15:00,33.26,16.968422
2018-12-17 13:30:00,56.99,47.43029
2018-12-17 13:45:00,56.59,59.29061
2018-12-17 14:00:00,55.08,57.04055
2018-12-17 14:15:00,51.05,55.316998
2018-12-17 14:30:00,47.95,52.114517
2018-12-17 14:45:00,57.82,49.534267
2018-12-17 15:00:00,59.11,56.34273
2018-12-17 15:15:00,60.62,57.22458
2018-12-17 15:30:00,53.6,58.450817
2018-12-17 15:45:00,60.44,53.540817
2018-12-17 16:00:00,67.5,57.823647
2018-12-17 16:15:00,85.86,62.522087
2018-12-17 16:30:00,82.33,73.305435
2018-12-17 16:45:00,59.8,74.90184
2018-12-17 17:00:00,60.37,60.10121
2018-12-17 17:15:00,56.38,59.24393
2018-12-17 17:30:00,52.99,55.63943
2018-12-17 17:45:00,35.35,52.69448
2018-12-17 18:00:00,31.32,34.262764
2018-12-17 18:15:00,16.09,33.0128
2018-12-17 18:30:00,6.37,13.190708
2018-12-17 18:45:00,5.8,5.4072857
2018-12-17 19:00:00,5.54,5.3084016
2018-12-17 19:15:00,5.54,5.676621
2018-12-17 19:30:00,5.62,5.317857
2018-12-17 19:45:00,5.54,5.022106
2018-12-17 20:00:00,5.62,4.796139
2018-12-17 20:15:00,5.54,4.9057465
2018-12-17 20:30:00,4.75,4.798506
2018-12-17 20:45:00,4.46,4.062699
2018-12-17 21:00:00,4.46,3.8820546
2018-12-17 21:15:00,4.43,3.880635
2018-12-17 21:30:00,4.43,3.9379253
2018-12-17 21:45:00,4.46,3.984094
2018-12-17 22:00:00,4.46,3.8863435
2018-12-17 22:15:00,4.14,3.8752646
2018-12-17 22:30:00,4.18,3.5697381
2018-12-17 22:45:00,4.21,3.7250469
2018-12-17 23:00:00,4.18,3.6062605
2018-12-17 23:15:00,4.14,3.5943048
2018-12-17 23:30:00,4.07,3.5700738
2018-12-17 23:45:00,4.07,3.5250332
2018-12-18 00:00:00,4.14,3.3754067
2018-12-18 00:15:00,5.22,3.428161
2018-12-18 00:30:00,4.68,4.6150155
2018-12-18 00:45:00,4.14,3.6923912
2018-12-18 01:00:00,4.1,3.4236016
2018-12-18 01:15:00,4.18,3.2905486
2018-12-18 01:30:00,4.07,3.4300313
2018-12-18 01:45:00,4.18,3.369474
2018-12-18 02:00:00,4.1,3.472382
2018-12-18 02:15:00,4.18,3.3113987
2018-12-18 02:30:00,4.14,3.4728477
2018-12-18 02:45:00,4.21,3.3898056
2018-12-18 03:00:00,4.18,3.4581861
2018-12-18 03:15:00,3.6,3.3830545
2018-12-18 03:30:00,3.42,2.834142
2018-12-18 03:45:00,3.42,2.8432984
2018-12-18 04:00:00,3.38,2.765064
2018-12-18 04:15:00,3.42,2.7697072
2018-12-18 04:30:00,3.71,2.8560553
2018-12-18 04:45:00,4.18,3.169895
2018-12-18 05:00:00,3.53,3.579857
2018-12-18 05:15:00,3.46,2.7341182
2018-12-18 05:30:00,3.38,2.9690664
2018-12-18 05:45:00,4.03,2.745023
2018-12-18 06:00:00,4.14,3.6297724
2018-12-18 06:15:00,3.6,3.492573
2018-12-18 06:30:00,3.38,2.9776392
2018-12-18 06:45:00,3.35,2.8709915
2018-12-18 07:00:00,3.31,2.8088963
2018-12-18 07:15:00,3.28,2.8519201
2018-12-18 07:30:00,3.42,2.8588781
2018-12-18 07:45:00,5.58,3.0443466
2018-12-18 08:00:00,7.27,5.844803
2018-12-18 08:15:00,38.38,7.3567715
2018-12-18 08:30:00,72.86,54.954556
2018-12-18 08:45:00,66.42,74.1615
2018-12-18 09:00:00,81.4,69.42196
2018-12-18 09:15:00,66.28,76.700424
2018-12-18 09:30:00,78.3,68.41637
2018-12-18 09:45:00,77.72,74.2877
2018-12-18 10:00:00,74.59,73.961685
2018-12-18 10:15:00,63.04,72.06444
2018-12-18 10:30:00,58.68,63.45631
2018-12-18 10:45:00,62.96,59.340008
2018-12-18 11:00:00,68.36,61.62331
2018-12-18 11:15:00,60.05,64.95694
2018-12-18 11:30:00,58.82,59.49215
2018-12-18 11:45:00,64.73,58.390198
2018-12-18 12:00:00,67.54,61.867195
2018-12-18 12:15:00,8.14,63.966644
2018-12-18 12:30:00,8.64,3.4051116
2018-12-18 12:45:00,8.78,8.705776
2018-12-18 13:00:00,9.4,7.371724
2018-12-18 13:15:00,52.45,23.703632
2018-12-18 13:30:00,67.46,69.042564
2018-12-18 13:45:00,62.53,67.58334
2018-12-18 14:00:00,62.46,62.457474
2018-12-18 14:15:00,67.18,61.706863
2018-12-18 14:30:00,113.51,64.770164
2018-12-18 14:45:00,99.5,87.64661
2018-12-18 15:00:00,68.0,90.2544
2018-12-18 15:15:00,120.82,72.9076
2018-12-18 15:30:00,79.45,94.87012
2018-12-18 15:45:00,117.68,83.00124
2018-12-18 16:00:00,114.08,95.517105
2018-12-18 16:15:00,106.27,98.556244
2018-12-18 16:30:00,93.28,97.89159
2018-12-18 16:45:00,127.58,92.90272
2018-12-18 17:00:00,94.61,101.759674
2018-12-18 17:15:00,101.02,95.44694
2018-12-18 17:30:00,112.14,95.73061
2018-12-18 17:45:00,68.08,99.42491
2018-12-18 18:00:00,15.95,76.51228
2018-12-18 18:15:00,7.16,8.104922
2018-12-18 18:30:00,5.58,6.6002293
2018-12-18 18:45:00,5.65,4.366127
2018-12-18 19:00:00,5.0,24.05687
2018-12-18 19:15:00,4.5,5.6357803
2018-12-18 19:30:00,4.39,4.460396
2018-12-18 19:45:00,4.43,4.216448
2018-12-18 20:00:00,4.39,4.0813875
2018-12-18 20:15:00,4.43,4.1755843
2018-12-18 20:30:00,4.36,3.971608
2018-12-18 20:45:00,4.39,3.9377458
2018-12-18 21:00:00,4.43,3.9146771
2018-12-18 21:15:00,4.39,3.9082415
2018-12-18 21:30:00,4.46,3.8664448
2018-12-18 21:45:00,4.39,3.960667
2018-12-18 22:00:00,4.39,3.817185
2018-12-18 22:15:00,4.25,3.8122993
2018-12-18 22:30:00,5.18,3.6204522
2018-12-18 22:45:00,5.15,4.651513
2018-12-18 23:00:00,4.14,4.2540255
2018-12-18 23:15:00,4.14,3.4244828
2018-12-18 23:30:00,4.14,3.5596406
2018-12-18 23:45:00,4.1,3.4207137
2018-12-19 00:00:00,3.92,3.5024333
2018-12-19 00:15:00,4.14,3.2626488
2018-12-19 00:30:00,4.14,3.5534627
2018-12-19 00:45:00,4.14,3.481001
2018-12-19 01:00:00,4.21,3.4989946
2018-12-19 01:15:00,4.14,3.4981194
2018-12-19 01:30:00,4.14,3.411175
2018-12-19 01:45:00,4.18,3.492066
2018-12-19 02:00:00,4.18,3.4706771
2018-12-19 02:15:00,4.93,3.442258
2018-12-19 02:30:00,5.26,4.3036375
2018-12-19 02:45:00,4.14,4.435574
2018-12-19 03:00:00,4.14,3.1932156
2018-12-19 03:15:00,4.1,3.5055497
2018-12-19 03:30:00,4.25,3.2535796
2018-12-19 03:45:00,3.82,3.6698782
2018-12-19 04:00:00,3.49,3.062142
2018-12-19 04:15:00,3.42,2.868448
2018-12-19 04:30:00,3.42,2.8134308
2018-12-19 04:45:00,3.49,2.8781898
2018-12-19 05:00:00,3.38,2.95215
2018-12-19 05:15:00,3.42,2.7857704
2018-12-19 05:30:00,3.38,2.9057856
2018-12-19 05:45:00,3.42,2.8507767
2018-12-19 06:00:00,3.42,2.9006946
2018-12-19 06:15:00,4.07,2.8531156
2018-12-19 06:30:00,4.18,3.6904695
2018-12-19 06:45:00,3.96,3.6080835
2018-12-19 07:00:00,4.1,3.4223526
2018-12-19 07:15:00,4.1,3.6190796
2018-12-19 07:30:00,4.07,3.5495982
2018-12-19 07:45:00,5.76,3.625023
2018-12-19 08:00:00,6.23,5.8513274
2018-12-19 08:15:00,36.14,5.759516
2018-12-19 08:30:00,70.81,52.357822
2018-12-19 08:45:00,59.54,72.56534
2018-12-19 09:00:00,63.86,63.271652
2018-12-19 09:15:00,77.4,63.6085
2018-12-19 09:30:00,65.23,71.90653
2018-12-19 09:45:00,69.3,65.78601
2018-12-19 10:00:00,61.13,66.70929
2018-12-19 10:15:00,61.16,60.869415
2018-12-19 10:30:00,70.42,60.43277
2018-12-19 10:45:00,63.68,66.30426
2018-12-19 11:00:00,83.09,61.91744
2018-12-19 11:15:00,140.8,73.17859
2018-12-19 11:30:00,110.88,96.93485
2018-12-19 11:45:00,115.13,98.784065
2018-12-19 12:00:00,101.99,99.98692
2018-12-19 12:15:00,12.13,97.36972
2018-12-19 12:30:00,6.66,5.8336253
2018-12-19 12:45:00,6.8,5.963387
2018-12-19 13:00:00,6.98,6.422788
2018-12-19 13:15:00,62.42,31.524895
2018-12-19 13:30:00,116.46,87.37314
2018-12-19 13:45:00,89.86,104.560776
2018-12-19 14:00:00,98.03,98.7531
2018-12-19 14:15:00,149.18,98.29599
2018-12-19 14:30:00,116.64,111.018234
2018-12-19 14:45:00,105.48,109.49897
2018-12-19 15:00:00,145.22,104.91368
2018-12-19 15:15:00,101.38,111.95653
2018-12-19 15:30:00,130.46,105.45039
2018-12-19 15:45:00,115.24,109.864944
2018-12-19 16:00:00,125.21,107.17352
2018-12-19 16:15:00,133.56,108.68728
2018-12-19 16:30:00,81.65,110.73263
2018-12-19 16:45:00,62.68,96.5999
2018-12-19 17:00:00,125.5,73.102844
2018-12-19 17:15:00,68.0,104.61225
2018-12-19 17:30:00,40.5,80.122665
2018-12-19 17:45:00,31.68,40.544876
2018-12-19 18:00:00,26.82,36.372517
2018-12-19 18:15:00,5.98,27.961311
2018-12-19 18:30:00,5.47,4.177291
2018-12-19 18:45:00,5.54,7.1986704
2018-12-19 19:00:00,5.44,5.743351
2018-12-19 19:15:00,5.47,8.291552
2018-12-19 19:30:00,5.47,5.1320477
2018-12-19 19:45:00,5.4,5.0357094
2018-12-19 20:00:00,5.33,4.6845193
2018-12-19 20:15:00,5.36,4.5941954
2018-12-19 20:30:00,5.33,4.72027
2018-12-19 20:45:00,5.44,4.675333
2018-12-19 21:00:00,5.4,4.776123
2018-12-19 21:15:00,5.4,4.6530485
2018-12-19 21:30:00,5.04,4.682864
2018-12-19 21:45:00,4.25,4.3063574
2018-12-19 22:00:00,4.39,3.6666474
2018-12-19 22:15:00,4.03,3.9061708
2018-12-19 22:30:00,4.03,3.3872328
2018-12-19 22:45:00,3.96,3.5875757
2018-12-19 23:00:00,4.07,3.4752104
2018-12-19 23:15:00,4.03,3.5889814
2018-12-19 23:30:00,3.92,3.4533818
2018-12-19 23:45:00,3.96,3.3491232
2018-12-20 00:00:00,3.89,3.4614487
2018-12-20 00:15:00,4.03,3.3010647
2018-12-20 00:30:00,4.03,3.5199711
2018-12-20 00:45:00,4.0,3.4808419
2018-12-20 01:00:00,4.0,3.4466963
2018-12-20 01:15:00,4.0,3.364164
2018-12-20 01:30:00,4.1,3.3946896
2018-12-20 01:45:00,4.0,3.5396445
2018-12-20 02:00:00,4.07,3.3683026
2018-12-20 02:15:00,4.43,3.427314
2018-12-20 02:30:00,5.18,3.8009508
2018-12-20 02:45:00,4.1,4.5918794
2018-12-20 03:00:00,4.0,3.1529922
2018-12-20 03:15:00,4.1,3.4636786
2018-12-20 03:30:00,4.03,3.332227
2018-12-20 03:45:00,4.1,3.4578917
2018-12-20 04:00:00,3.31,3.497203
2018-12-20 04:15:00,3.35,2.5647693
2018-12-20 04:30:00,3.46,2.9273794
2018-12-20 04:45:00,3.38,2.9028583
2018-12-20 05:00:00,3.35,2.9043844
2018-12-20 05:15:00,3.35,2.8433797
2018-12-20 05:30:00,3.38,2.852358
2018-12-20 05:45:00,3.38,2.9351184
2018-12-20 06:00:00,3.92,2.8921409
2018-12-20 06:15:00,3.67,3.5074782
2018-12-20 06:30:00,3.35,3.0439296
2018-12-20 06:45:00,4.0,2.921604
2018-12-20 07:00:00,4.03,3.6822023
2018-12-20 07:15:00,3.96,3.4404793
2018-12-20 07:30:00,4.18,3.5696099
2018-12-20 07:45:00,4.79,3.7843363
2018-12-20 08:00:00,5.87,4.498052
2018-12-20 08:15:00,39.49,5.8127623
2018-12-20 08:30:00,79.85,56.516907
2018-12-20 08:45:00,66.96,79.55513
2018-12-20 09:00:00,63.14,72.08695
2018-12-20 09:15:00,64.12,65.0135
2018-12-20 09:30:00,64.37,64.33849
2018-12-20 09:45:00,83.16,63.994553
2018-12-20 10:00:00,71.14,74.1673
2018-12-20 10:15:00,58.72,69.4725
2018-12-20 10:30:00,68.72,59.516624
2018-12-20 10:45:00,75.53,66.04741
2018-12-20 11:00:00,77.51,69.676895
2018-12-20 11:15:00,64.4,71.74919
2018-12-20 11:30:00,63.0,63.86286
2018-12-20 11:45:00,71.46,62.15528
2018-12-20 12:00:00,71.06,66.920296
2018-12-20 12:15:00,16.96,67.176254
2018-12-20 12:30:00,7.67,10.98573
2018-12-20 12:45:00,7.49,7.3849945
2018-12-20 13:00:00,6.66,6.24114
2018-12-20 13:15:00,42.7,17.063875
2018-12-20 13:30:00,63.07,62.042717
2018-12-20 13:45:00,71.5,64.09533
2018-12-20 14:00:00,76.9,68.396706
2018-12-20 14:15:00,63.5,72.18277
2018-12-20 14:30:00,78.41,64.39972
2018-12-20 14:45:00,73.4,72.41308
2018-12-20 15:00:00,64.44,70.09079
2018-12-20 15:15:00,60.26,63.759655
2018-12-20 15:30:00,58.9,59.843513
2018-12-20 15:45:00,60.59,58.389442
2018-12-20 16:00:00,56.92,58.617718
2018-12-20 16:15:00,60.08,55.651875
2018-12-20 16:30:00,58.68,57.807358
2018-12-20 16:45:00,57.56,56.717224
2018-12-20 17:00:00,46.51,55.222763
2018-12-20 17:15:00,58.07,46.040493
2018-12-20 17:30:00,41.22,55.76983
2018-12-20 17:45:00,41.51,40.567196
2018-12-20 18:00:00,24.8,42.019108
2018-12-20 18:15:00,5.44,22.397577
2018-12-20 18:30:00,5.18,3.8923986
2018-12-20 18:45:00,5.29,4.788081
2018-12-20 19:00:00,5.29,5.0393186
2018-12-20 19:15:00,5.29,6.144204
2018-12-20 19:30:00,4.18,4.528002
2018-12-20 19:45:00,4.07,3.5990822
2018-12-20 20:00:00,4.1,3.7447345
2018-12-20 20:15:00,4.07,3.5902305
2018-12-20 20:30:00,4.18,3.670389
2018-12-20 20:45:00,4.1,3.8236024
2018-12-20 21:00:00,4.1,3.7434535
2018-12-20 21:15:00,4.14,3.7259617
2018-12-20 21:30:00,4.14,3.6846194
2018-12-20 21:45:00,4.21,3.7117698
2018-12-20 22:00:00,4.18,3.8345141
2018-12-20 22:15:00,3.85,3.695813
2018-12-20 22:30:00,3.85,3.324204
2018-12-20 22:45:00,4.64,3.4158592
2018-12-20 23:00:00,5.04,4.2267303
2018-12-20 23:15:00,4.07,4.346813
2018-12-20 23:30:00,3.82,3.341118
2018-12-20 23:45:00,3.85,3.3469687
2018-12-21 00:00:00,3.92,3.261854
2018-12-21 00:15:00,3.89,3.4219248
2018-12-21 00:30:00,3.85,3.3640356
2018-12-21 00:45:00,3.89,3.3617983
2018-12-21 01:00:00,3.89,3.3458405
2018-12-21 01:15:00,3.96,3.309128
2018-12-21 01:30:00,3.89,3.3906753
2018-12-21 01:45:00,3.89,3.3225365
2018-12-21 02:00:00,3.89,3.309586
2018-12-21 02:15:00,3.92,3.2615826
2018-12-21 02:30:00,3.92,3.3073525
2018-12-21 02:45:00,3.92,3.3363492
2018-12-21 03:00:00,3.96,3.3031468
2018-12-21 03:15:00,4.79,3.3047202
2018-12-21 03:30:00,4.5,4.222316
2018-12-21 03:45:00,3.24,3.652622
2018-12-21 04:00:00,3.28,2.565303
2018-12-21 04:15:00,3.24,2.8171837
2018-12-21 04:30:00,3.24,2.578191
2018-12-21 04:45:00,3.28,2.8144286
2018-12-21 05:00:00,3.28,2.8417857
2018-12-21 05:15:00,3.28,2.8041627
2018-12-21 05:30:00,3.2,2.784932
2018-12-21 05:45:00,3.24,2.7190595
2018-12-21 06:00:00,3.2,2.8498113
2018-12-21 06:15:00,3.67,2.756475
2018-12-21 06:30:00,3.96,3.3042777
2018-12-21 06:45:00,3.92,3.5008261
2018-12-21 07:00:00,3.89,3.489997
2018-12-21 07:15:00,3.67,3.4441698
2018-12-21 07:30:00,3.17,3.1701252
2018-12-21 07:45:00,5.44,2.733906
2018-12-21 08:00:00,6.77,5.8974605
2018-12-21 08:15:00,28.8,6.6412554
2018-12-21 08:30:00,54.22,42.48456
2018-12-21 08:45:00,56.41,59.129814
2018-12-21 09:00:00,56.74,57.700314
2018-12-21 09:15:00,43.78,56.859787
2018-12-21 09:30:00,47.52,45.489666
2018-12-21 09:45:00,56.2,49.34307
2018-12-21 10:00:00,51.59,54.876038
2018-12-21 10:15:00,66.64,51.344982
2018-12-21 10:30:00,53.14,61.67427
2018-12-21 10:45:00,58.54,53.353817
2018-12-21 11:00:00,73.12,56.660793
2018-12-21 11:15:00,67.79,65.93022
2018-12-21 11:30:00,65.59,64.52937
2018-12-21 11:45:00,57.85,63.232834
2018-12-21 12:00:00,58.9,57.1362
2018-12-21 12:15:00,7.42,57.839813
2018-12-21 12:30:00,8.35,3.2457814
2018-12-21 12:45:00,7.67,8.4884815
2018-12-21 13:00:00,7.2,6.095602
2018-12-21 13:15:00,39.74,18.869995
2018-12-21 13:30:00,58.03,56.265793
2018-12-21 13:45:00,63.97,59.04364
2018-12-21 14:00:00,56.34,62.10235
2018-12-21 14:15:00,69.62,56.647587
2018-12-21 14:30:00,60.34,65.040306
2018-12-21 14:45:00,57.74,60.06239
2018-12-21 15:00:00,68.04,56.993973
2018-12-21 15:15:00,67.68,63.532246
2018-12-21 15:30:00,58.32,63.9243
2018-12-21 15:45:00,65.48,57.665596
2018-12-21 16:00:00,63.0,61.56839
2018-12-21 16:15:00,69.73,60.090668
2018-12-21 16:30:00,59.69,64.34161
2018-12-21 16:45:00,63.32,58.12723
2018-12-21 17:00:00,62.32,59.66996
2018-12-21 17:15:00,52.78,58.957565
2018-12-21 17:30:00,45.86,51.695305
2018-12-21 17:45:00,30.78,45.71836
2018-12-21 18:00:00,8.21,29.478033
2018-12-21 18:15:00,5.51,5.8736925
2018-12-21 18:30:00,5.4,5.0773363
2018-12-21 18:45:00,5.62,5.334135
2018-12-21 19:00:00,5.54,7.4109955
2018-12-21 19:15:00,5.54,4.839787
2018-12-21 19:30:00,5.51,5.1080265
2018-12-21 19:45:00,5.47,4.864486
2018-12-21 20:00:00,5.54,4.8114247
2018-12-21 20:15:00,5.47,4.8716393
2018-12-21 20:30:00,5.44,4.7432423
2018-12-21 20:45:00,5.47,4.8287797
2018-12-21 21:00:00,5.44,4.7887454
2018-12-21 21:15:00,5.54,4.7417545
2018-12-21 21:30:00,5.4,4.8507967
2018-12-21 21:45:00,5.44,4.6893344
2018-12-21 22:00:00,5.44,4.7364535
2018-12-21 22:15:00,5.18,4.659381
2018-12-21 22:30:00,5.26,4.4017735
2018-12-21 22:45:00,5.15,4.5865674
2018-12-21 23:00:00,5.15,4.375267
2018-12-21 23:15:00,5.11,4.42253
2018-12-21 23:30:00,4.57,4.3183904
2018-12-21 23:45:00,4.0,3.821741
2018-12-22 00:00:00,3.31,3.1538284
2018-12-22 00:15:00,4.0,2.59451
2018-12-22 00:30:00,4.0,3.3653386
2018-12-22 00:45:00,4.0,3.1125681
2018-12-22 01:00:00,4.1,3.296723
2018-12-22 01:15:00,3.96,3.2394588
2018-12-22 01:30:00,4.03,3.1112726
2018-12-22 01:45:00,4.03,3.2542088
2018-12-22 02:00:00,3.96,3.201492
2018-12-22 02:15:00,4.07,3.1451437
2018-12-22 02:30:00,4.07,3.2706807
2018-12-22 02:45:00,3.67,3.2482145
2018-12-22 03:00:00,3.31,2.9186053
2018-12-22 03:15:00,3.82,2.664294
2018-12-22 03:30:00,4.07,3.1824543
2018-12-22 03:45:00,3.42,3.282142
2018-12-22 04:00:00,3.38,2.7402098
2018-12-22 04:15:00,3.31,2.826801
2018-12-22 04:30:00,3.38,2.657045
2018-12-22 04:45:00,3.35,2.8637154
2018-12-22 05:00:00,3.38,2.800214
2018-12-22 05:15:00,3.42,2.8292856
2018-12-22 05:30:00,3.96,2.8583665
2018-12-22 05:45:00,4.07,3.4201052
2018-12-22 06:00:00,4.07,3.334776
2018-12-22 06:15:00,4.0,3.3891432
2018-12-22 06:30:00,3.38,3.3163893
2018-12-22 06:45:00,3.35,2.7868629
2018-12-22 07:00:00,3.35,2.9289641
2018-12-22 07:15:00,3.31,2.8332314
2018-12-22 07:30:00,3.85,2.9045956
2018-12-22 07:45:00,4.03,3.4682586
2018-12-22 08:00:00,3.35,3.4330544
2018-12-22 08:15:00,3.31,2.8258855
2018-12-22 08:30:00,3.24,2.97134
2018-12-22 08:45:00,3.38,2.8314803
2018-12-22 09:00:00,3.82,3.0696995
2018-12-22 09:15:00,4.28,3.424562
2018-12-22 09:30:00,4.28,3.854509
2018-12-22 09:45:00,4.32,3.8335764
2018-12-22 10:00:00,4.21,3.8347137
2018-12-22 10:15:00,3.6,3.6639898
2018-12-22 10:30:00,3.6,3.135968
2018-12-22 10:45:00,3.6,3.3830988
2018-12-22 11:00:00,3.6,3.2352693
2018-12-22 11:15:00,3.6,3.3312657
2018-12-22 11:30:00,3.6,3.336579
2018-12-22 11:45:00,3.6,3.3971193
2018-12-22 12:00:00,3.6,3.3571978
2018-12-22 12:15:00,3.71,3.356672
2018-12-22 12:30:00,4.39,3.4907277
2018-12-22 12:45:00,4.1,4.268713
2018-12-22 13:00:00,3.71,3.6944356
2018-12-22 13:15:00,4.28,3.4842975
2018-12-22 13:30:00,4.25,4.0886183
2018-12-22 13:45:00,4.25,3.8921845
2018-12-22 14:00:00,4.21,4.03718
2018-12-22 14:15:00,3.67,3.87178
2018-12-22 14:30:00,3.46,3.309414
2018-12-22 14:45:00,3.49,3.2751796
2018-12-22 15:00:00,3.53,3.2584758
2018-12-22 15:15:00,3.56,3.3121645
2018-12-22 15:30:00,3.53,3.3191502
2018-12-22 15:45:00,3.56,3.2834485
2018-12-22 16:00:00,3.56,3.3230746
2018-12-22 16:15:00,3.49,3.266521
2018-12-22 16:30:00,3.53,3.170592
2018-12-22 16:45:00,3.56,3.2349498
2018-12-22 17:00:00,4.68,3.2660441
2018-12-22 17:15:00,5.44,4.3885903
2018-12-22 17:30:00,4.46,4.829008
2018-12-22 17:45:00,4.28,3.7180758
2018-12-22 18:00:00,4.07,3.8774
2018-12-22 18:15:00,3.6,3.4355574
2018-12-22 18:30:00,3.67,3.1587336
2018-12-22 18:45:00,3.67,3.3186886
2018-12-22 19:00:00,3.71,3.272076
2018-12-22 19:15:00,3.74,3.332702
2018-12-22 19:30:00,3.71,3.2843227
2018-12-22 19:45:00,3.74,3.2612891
2018-12-22 20:00:00,3.67,3.334902
2018-12-22 20:15:00,3.67,3.2162812
2018-12-22 20:30:00,3.67,3.2129662
2018-12-22 20:45:00,3.67,3.1968067
2018-12-22 21:00:00,4.18,3.2582135
2018-12-22 21:15:00,4.61,3.681878
2018-12-22 21:30:00,5.51,3.9151208
2018-12-22 21:45:00,4.43,4.766038
2018-12-22 22:00:00,4.1,3.4829762
2018-12-22 22:15:00,3.46,3.5738287
2018-12-22 22:30:00,3.38,2.7698658
2018-12-22 22:45:00,3.42,2.978782
2018-12-22 23:00:00,3.38,2.9892924
2018-12-22 23:15:00,3.35,2.9493086
2018-12-22 23:30:00,3.31,2.8742218
2018-12-22 23:45:00,3.31,2.8134482
2018-12-23 00:00:00,3.78,2.7037694
2018-12-23 00:15:00,3.31,3.0667536
2018-12-23 00:30:00,3.35,2.551274
2018-12-23 00:45:00,3.42,2.779169
2018-12-23 01:00:00,4.93,2.7132351
2018-12-23 01:15:00,4.93,4.102763
2018-12-23 01:30:00,4.14,3.6451495
2018-12-23 01:45:00,4.07,3.2010586
2018-12-23 02:00:00,3.49,3.167421
2018-12-23 02:15:00,3.46,2.5919554
2018-12-23 02:30:00,3.49,2.822919
2018-12-23 02:45:00,3.42,2.7533154
2018-12-23 03:00:00,3.42,2.7405949
2018-12-23 03:15:00,3.46,2.732138
2018-12-23 03:30:00,3.42,2.7607124
2018-12-23 03:45:00,3.53,2.7504814
2018-12-23 04:00:00,3.46,2.8212497
2018-12-23 04:15:00,3.42,2.7336307
2018-12-23 04:30:00,3.6,2.7727869
2018-12-23 04:45:00,4.14,2.9556155
2018-12-23 05:00:00,5.18,3.3627737
2018-12-23 05:15:00,4.64,4.2484474
2018-12-23 05:30:00,4.1,3.5123966
2018-12-23 05:45:00,3.49,3.3307562
2018-12-23 06:00:00,3.38,2.6693282
2018-12-23 06:15:00,3.35,2.7807472
2018-12-23 06:30:00,3.46,2.768687
2018-12-23 06:45:00,3.38,2.9579737
2018-12-23 07:00:00,3.38,2.7897186
2018-12-23 07:15:00,3.38,2.8394573
2018-12-23 07:30:00,3.38,2.8406682
2018-12-23 07:45:00,3.42,2.8985345
2018-12-23 08:00:00,3.49,2.8743722
2018-12-23 08:15:00,4.07,2.951991
2018-12-23 08:30:00,4.97,3.5716007
2018-12-23 08:45:00,4.82,4.3654203
2018-12-23 09:00:00,4.28,3.9346898
2018-12-23 09:15:00,3.92,3.5588875
2018-12-23 09:30:00,3.71,3.2820966
2018-12-23 09:45:00,3.64,3.1893635
2018-12-23 10:00:00,3.64,3.1289837
2018-12-23 10:15:00,3.67,3.1582081
2018-12-23 10:30:00,3.71,3.228073
2018-12-23 10:45:00,3.71,3.3101459
2018-12-23 11:00:00,3.74,3.2329597
2018-12-23 11:15:00,3.78,3.2817528
2018-12-23 11:30:00,3.71,3.3497524
2018-12-23 11:45:00,3.74,3.3089628
2018-12-23 12:00:00,3.96,3.3193748
2018-12-23 12:15:00,4.86,3.5311377
2018-12-23 12:30:00,5.54,4.534178
2018-12-23 12:45:00,4.54,5.0934386
2018-12-23 13:00:00,4.36,3.7602093
2018-12-23 13:15:00,3.67,3.9375086
2018-12-23 13:30:00,3.67,2.9996805
2018-12-23 13:45:00,3.67,3.4211059
2018-12-23 14:00:00,3.67,3.2143629
2018-12-23 14:15:00,3.71,3.294079
2018-12-23 14:30:00,3.67,3.3334882
2018-12-23 14:45:00,3.67,3.2924893
2018-12-23 15:00:00,3.67,3.2649493
2018-12-23 15:15:00,3.64,3.2191784
2018-12-23 15:30:00,3.67,3.209099
2018-12-23 15:45:00,3.74,3.2650921
2018-12-23 16:00:00,4.36,3.308421
2018-12-23 16:15:00,4.36,3.9015543
2018-12-23 16:30:00,5.0,3.718201
2018-12-23 16:45:00,5.33,4.5463543
2018-12-23 17:00:00,3.6,4.519393
2018-12-23 17:15:00,3.56,2.8447495
2018-12-23 17:30:00,3.6,3.2721379
2018-12-23 17:45:00,3.67,3.0070906
2018-12-23 18:00:00,3.49,3.3494859
2018-12-23 18:15:00,3.49,3.052319
2018-12-23 18:30:00,3.49,3.0893579
2018-12-23 18:45:00,3.64,3.0583458
2018-12-23 19:00:00,3.64,3.2438154
2018-12-23 19:15:00,4.03,3.1442277
2018-12-23 19:30:00,4.25,3.5307357
2018-12-23 19:45:00,4.28,3.6190867
2018-12-23 20:00:00,4.25,3.6619895
2018-12-23 20:15:00,4.0,3.5614686
2018-12-23 20:30:00,3.49,3.340066
2018-12-23 20:45:00,4.21,2.9518108
2018-12-23 21:00:00,4.14,3.7236044
2018-12-23 21:15:00,3.49,3.3580868
2018-12-23 21:30:00,3.42,2.966471
2018-12-23 21:45:00,3.46,2.9669616
2018-12-23 22:00:00,3.53,2.952942
2018-12-23 22:15:00,3.2,3.0274403
2018-12-23 22:30:00,3.2,2.6890342
2018-12-23 22:45:00,3.2,2.7896712
2018-12-23 23:00:00,3.96,2.7544358
2018-12-23 23:15:00,4.0,3.4211347
2018-12-23 23:30:00,4.0,3.2303615
2018-12-23 23:45:00,4.0,3.3550599
2018-12-24 00:00:00,3.78,3.339096
2018-12-24 00:15:00,3.35,3.1457121
2018-12-24 00:30:00,3.38,2.8025742
2018-12-24 00:45:00,3.38,2.9567695
2018-12-24 01:00:00,3.96,2.8415506
2018-12-24 01:15:00,3.89,3.5201406
2018-12-24 01:30:00,3.38,3.2473276
2018-12-24 01:45:00,3.35,2.8673573
2018-12-24 02:00:00,3.49,2.8376443
2018-12-24 02:15:00,3.38,2.950252
2018-12-24 02:30:00,3.42,2.884196
2018-12-24 02:45:00,4.0,2.993448
2018-12-24 03:00:00,4.07,3.4732306
2018-12-24 03:15:00,4.14,3.392457
2018-12-24 03:30:00,4.1,3.5584972
2018-12-24 03:45:00,3.96,3.4400256
2018-12-24 04:00:00,3.35,3.2665365
2018-12-24 04:15:00,3.38,2.6879647
2018-12-24 04:30:00,3.64,2.925152
2018-12-24 04:45:00,4.07,3.1150944
2018-12-24 05:00:00,3.42,3.5487502
2018-12-24 05:15:00,3.31,2.716202
2018-12-24 05:30:00,3.35,2.877073
2018-12-24 05:45:00,3.35,2.797047
2018-12-24 06:00:00,3.35,2.8667462
2018-12-24 06:15:00,3.38,2.8734183
2018-12-24 06:30:00,3.6,2.9060102
2018-12-24 06:45:00,4.03,3.164664
2018-12-24 07:00:00,4.0,3.6184897
2018-12-24 07:15:00,3.96,3.4734437
2018-12-24 07:30:00,4.54,3.5215015
2018-12-24 07:45:00,5.36,4.2660522
2018-12-24 08:00:00,6.52,5.1891103
2018-12-24 08:15:00,21.89,6.6767564
2018-12-24 08:30:00,59.62,32.111187
2018-12-24 08:45:00,64.58,67.34292
2018-12-24 09:00:00,67.18,66.33203
2018-12-24 09:15:00,69.44,66.74823
2018-12-24 09:30:00,65.38,67.9346
2018-12-24 09:45:00,67.0,65.285355
2018-12-24 10:00:00,56.27,65.20331
2018-12-24 10:15:00,54.18,57.153645
2018-12-24 10:30:00,58.39,55.15359
2018-12-24 10:45:00,54.86,58.141357
2018-12-24 11:00:00,54.18,54.696526
2018-12-24 11:15:00,55.55,54.18641
2018-12-24 11:30:00,53.21,55.235695
2018-12-24 11:45:00,53.03,53.499874
2018-12-24 12:00:00,40.64,52.886185
2018-12-24 12:15:00,6.91,41.743793
2018-12-24 12:30:00,6.91,4.03535
2018-12-24 12:45:00,6.48,7.3384504
2018-12-24 13:00:00,6.12,6.0521283
2018-12-24 13:15:00,34.49,12.664832
2018-12-24 13:30:00,46.98,50.323498
2018-12-24 13:45:00,38.2,49.36314
2018-12-24 14:00:00,37.84,39.849827
2018-12-24 14:15:00,43.45,40.673943
2018-12-24 14:30:00,63.9,45.80205
2018-12-24 14:45:00,38.48,60.15012
2018-12-24 15:00:00,38.12,39.83323
2018-12-24 15:15:00,45.25,40.566967
2018-12-24 15:30:00,51.12,47.121727
2018-12-24 15:45:00,45.72,51.173965
2018-12-24 16:00:00,51.7,45.806664
2018-12-24 16:15:00,47.2,50.843147
2018-12-24 16:30:00,69.55,47.147835
2018-12-24 16:45:00,44.82,62.49931
2018-12-24 17:00:00,40.86,45.15231
2018-12-24 17:15:00,33.66,41.783844
2018-12-24 17:30:00,9.86,34.476013
2018-12-24 17:45:00,6.73,7.001068
2018-12-24 18:00:00,5.29,6.0811567
2018-12-24 18:15:00,5.22,4.31031
2018-12-24 18:30:00,5.18,7.246945
2018-12-24 18:45:00,5.33,4.413232
2018-12-24 19:00:00,5.04,4.802557
2018-12-24 19:15:00,4.14,4.342373
2018-12-24 19:30:00,4.18,3.5536697
2018-12-24 19:45:00,4.1,3.8321364
2018-12-24 20:00:00,4.18,3.5054238
2018-12-24 20:15:00,4.1,3.7873704
2018-12-24 20:30:00,4.14,3.6506543
2018-12-24 20:45:00,4.21,3.767172
2018-12-24 21:00:00,4.18,3.683141
2018-12-24 21:15:00,4.18,3.6553376
2018-12-24 21:30:00,4.14,3.6948812
2018-12-24 21:45:00,4.18,3.662162
2018-12-24 22:00:00,5.4,3.6298726
2018-12-24 22:15:00,4.5,4.859996
2018-12-24 22:30:00,3.92,3.5778563
2018-12-24 22:45:00,3.89,3.520633
2018-12-24 23:00:00,3.85,3.28439
2018-12-24 23:15:00,3.85,3.2790763
2018-12-24 23:30:00,3.82,3.3571246
2018-12-24 23:45:00,3.85,3.3285325
2018-12-25 00:00:00,3.13,3.2137663
2018-12-25 00:15:00,3.85,2.430957
2018-12-25 00:30:00,3.92,3.4474819
2018-12-25 00:45:00,3.89,3.1677916
2018-12-25 01:00:00,3.85,3.312892
2018-12-25 01:15:00,3.56,3.140758
2018-12-25 01:30:00,3.2,2.8772418
2018-12-25 01:45:00,3.92,2.6240294
2018-12-25 02:00:00,3.64,3.4050553
2018-12-25 02:15:00,3.17,2.8438087
2018-12-25 02:30:00,3.17,2.643541
2018-12-25 02:45:00,3.2,2.6449187
2018-12-25 03:00:00,3.24,2.6355035
2018-12-25 03:15:00,3.2,2.7027285
2018-12-25 03:30:00,3.2,2.6561313
2018-12-25 03:45:00,3.28,2.691964
2018-12-25 04:00:00,3.96,2.72166
2018-12-25 04:15:00,3.96,3.424978
2018-12-25 04:30:00,3.92,3.226438
2018-12-25 04:45:00,3.89,3.3354805
2018-12-25 05:00:00,3.35,3.174245
2018-12-25 05:15:00,3.24,2.6181972
2018-12-25 05:30:00,3.35,2.7238104
2018-12-25 05:45:00,3.96,2.8160903
2018-12-25 06:00:00,3.71,3.5368917
2018-12-25 06:15:00,3.17,3.0351825
2018-12-25 06:30:00,3.2,2.635467
2018-12-25 06:45:00,3.2,2.742379
2018-12-25 07:00:00,3.17,2.6867805
2018-12-25 07:15:00,3.24,2.762395
2018-12-25 07:30:00,3.85,2.847597
2018-12-25 07:45:00,3.92,3.5827253
2018-12-25 08:00:00,3.89,3.450227
2018-12-25 08:15:00,3.89,3.5238752
2018-12-25 08:30:00,3.49,3.4794962
2018-12-25 08:45:00,3.24,3.0074701
2018-12-25 09:00:00,3.38,2.8814938
2018-12-25 09:15:00,3.49,3.096944
2018-12-25 09:30:00,3.46,3.2362444
2018-12-25 09:45:00,3.82,3.2438831
2018-12-25 10:00:00,3.96,3.7341707
2018-12-25 10:15:00,3.42,3.7641363
2018-12-25 10:30:00,3.53,3.1052945
2018-12-25 10:45:00,3.46,3.4729714
2018-12-25 11:00:00,3.46,3.1958082
2018-12-25 11:15:00,3.78,3.3874078
2018-12-25 11:30:00,4.18,3.7922974
2018-12-25 11:45:00,4.28,4.277788
2018-12-25 12:00:00,4.18,4.2800884
2018-12-25 12:15:00,4.07,4.119868
2018-12-25 12:30:00,3.56,3.9811614
2018-12-25 12:45:00,3.53,3.3067105
2018-12-25 13:00:00,3.53,3.4339926
2018-12-25 13:15:00,5.04,3.343021
2018-12-25 13:30:00,4.07,5.822359
2018-12-25 13:45:00,3.42,3.5164742
2018-12-25 14:00:00,3.42,3.3026922
2018-12-25 14:15:00,3.49,3.0623934
2018-12-25 14:30:00,3.46,3.2799926
2018-12-25 14:45:00,3.53,3.3341415
2018-12-25 15:00:00,4.14,3.293416
2018-12-25 15:15:00,4.14,4.092018
2018-12-25 15:30:00,4.14,3.8078132
2018-12-25 15:45:00,4.1,3.9688828
2018-12-25 16:00:00,3.67,3.6111467
2018-12-25 16:15:00,3.46,3.1288176
2018-12-25 16:30:00,3.42,3.0744946
2018-12-25 16:45:00,3.46,3.0669563
2018-12-25 17:00:00,3.42,3.0321133
2018-12-25 17:15:00,3.46,3.0011063
2018-12-25 17:30:00,4.0,3.0998356
2018-12-25 17:45:00,4.0,3.6974883
2018-12-25 18:00:00,3.38,3.4014194
2018-12-25 18:15:00,3.38,2.8414464
2018-12-25 18:30:00,3.74,3.0036755
2018-12-25 18:45:00,4.1,3.3339014
2018-12-25 19:00:00,4.18,3.5985014
2018-12-25 19:15:00,4.1,3.6096563
2018-12-25 19:30:00,4.18,3.5426378
2018-12-25 19:45:00,3.64,3.6560295
2018-12-25 20:00:00,3.46,3.0302136
2018-12-25 20:15:00,3.46,3.0138383
2018-12-25 20:30:00,3.38,2.957083
2018-12-25 20:45:00,3.42,2.9500773
2018-12-25 21:00:00,3.42,3.0266016
2018-12-25 21:15:00,3.42,2.9511812
2018-12-25 21:30:00,4.03,2.9532075
2018-12-25 21:45:00,4.14,3.6023948
2018-12-25 22:00:00,3.49,3.511994
2018-12-25 22:15:00,3.2,2.926877
2018-12-25 22:30:00,3.85,2.752484
2018-12-25 22:45:00,3.89,3.3972578
2018-12-25 23:00:00,3.89,3.2987044
2018-12-25 23:15:00,3.85,3.3958724
2018-12-25 23:30:00,3.64,3.2349885
2018-12-25 23:45:00,3.31,3.050026
2018-12-26 00:00:00,3.67,2.7834413
2018-12-26 00:15:00,3.24,3.1856291
2018-12-26 00:30:00,3.24,2.582331
2018-12-26 00:45:00,3.2,2.861705
2018-12-26 01:00:00,3.31,2.687279
2018-12-26 01:15:00,3.24,2.835101
2018-12-26 01:30:00,3.28,2.6788378
2018-12-26 01:45:00,3.24,2.795049
2018-12-26 02:00:00,3.24,2.7395146
2018-12-26 02:15:00,3.78,2.7198365
2018-12-26 02:30:00,3.96,3.2685287
2018-12-26 02:45:00,4.97,3.3228965
2018-12-26 03:00:00,4.36,4.42503
2018-12-26 03:15:00,3.71,3.333643
2018-12-26 03:30:00,3.28,3.0623016
2018-12-26 03:45:00,3.31,2.5861614
2018-12-26 04:00:00,3.28,2.776722
2018-12-26 04:15:00,3.28,2.709522
2018-12-26 04:30:00,3.2,2.7807448
2018-12-26 04:45:00,3.24,2.6958218
2018-12-26 05:00:00,3.28,2.745579
2018-12-26 05:15:00,3.2,2.7302365
2018-12-26 05:30:00,3.24,2.6813529
2018-12-26 05:45:00,3.2,2.7850273
2018-12-26 06:00:00,4.79,2.6784496
2018-12-26 06:15:00,4.86,4.6400566
2018-12-26 06:30:00,3.92,4.072151
2018-12-26 06:45:00,3.82,3.3082194
2018-12-26 07:00:00,3.35,3.2803473
2018-12-26 07:15:00,3.17,2.6044538
2018-12-26 07:30:00,3.42,2.7745998
2018-12-26 07:45:00,4.82,3.0711145
2018-12-26 08:00:00,5.0,4.802633
2018-12-26 08:15:00,34.52,4.4976788
2018-12-26 08:30:00,48.06,51.277504
2018-12-26 08:45:00,78.23,51.769745
2018-12-26 09:00:00,51.08,73.15371
2018-12-26 09:15:00,70.99,55.633713
2018-12-26 09:30:00,65.74,67.73491
2018-12-26 09:45:00,52.96,65.05377
2018-12-26 10:00:00,55.44,54.289677
2018-12-26 10:15:00,52.06,55.863163
2018-12-26 10:30:00,57.64,52.66883
2018-12-26 10:45:00,62.21,56.953342
2018-12-26 11:00:00,45.58,59.423527
2018-12-26 11:15:00,54.58,46.31929
2018-12-26 11:30:00,55.15,54.726753
2018-12-26 11:45:00,58.64,54.609802
2018-12-26 12:00:00,31.28,56.725586
2018-12-26 12:15:00,6.77,30.38884
2018-12-26 12:30:00,7.09,5.193976
2018-12-26 12:45:00,6.95,7.421133
2018-12-26 13:00:00,6.41,8.078129
2018-12-26 13:15:00,20.66,10.11745
2018-12-26 13:30:00,59.9,29.806452
2018-12-26 13:45:00,55.3,66.16716
2018-12-26 14:00:00,51.41,56.811943
2018-12-26 14:15:00,57.02,52.409077
2018-12-26 14:30:00,43.06,56.635834
2018-12-26 14:45:00,41.4,44.827194
2018-12-26 15:00:00,52.92,43.346657
2018-12-26 15:15:00,53.42,52.830208
2018-12-26 15:30:00,40.68,52.608273
2018-12-26 15:45:00,40.64,41.27733
2018-12-26 16:00:00,41.47,41.928078
2018-12-26 16:15:00,56.2,42.501476
2018-12-26 16:30:00,59.04,54.07519
2018-12-26 16:45:00,54.68,55.855267
2018-12-26 17:00:00,57.67,52.517975
2018-12-26 17:15:00,54.79,54.73017
2018-12-26 17:30:00,34.42,52.846123
2018-12-26 17:45:00,9.5,33.38694
2018-12-26 18:00:00,5.22,6.727203
2018-12-26 18:15:00,5.04,4.478325
2018-12-26 18:30:00,5.04,4.8116584
2018-12-26 18:45:00,5.08,7.067876
2018-12-26 19:00:00,5.08,4.377948
2018-12-26 19:15:00,4.68,4.5513306
2018-12-26 19:30:00,3.92,3.991804
2018-12-26 19:45:00,3.89,3.345431
2018-12-26 20:00:00,3.85,3.4974465
2018-12-26 20:15:00,3.89,3.322221
2018-12-26 20:30:00,3.89,3.4816103
2018-12-26 20:45:00,3.96,3.476659
2018-12-26 21:00:00,3.89,3.591148
2018-12-26 21:15:00,3.96,3.4278588
2018-12-26 21:30:00,4.0,3.499181
2018-12-26 21:45:00,3.96,3.4934847
2018-12-26 22:00:00,4.07,3.5266542
2018-12-26 22:15:00,4.0,3.5792096
2018-12-26 22:30:00,4.9,3.4356954
2018-12-26 22:45:00,4.1,4.398426
2018-12-26 23:00:00,3.71,3.3350394
2018-12-26 23:15:00,3.74,3.3130975
2018-12-26 23:30:00,3.64,3.1603763
2018-12-26 23:45:00,3.67,3.0974705
2018-12-27 00:00:00,3.74,3.2581418
2018-12-27 00:15:00,3.64,3.21403
2018-12-27 00:30:00,3.74,3.1273587
2018-12-27 00:45:00,3.71,3.2954915
2018-12-27 01:00:00,3.71,3.1860363
2018-12-27 01:15:00,3.67,3.150288
2018-12-27 01:30:00,3.67,3.1095397
2018-12-27 01:45:00,3.78,3.1635406
2018-12-27 02:00:00,4.18,3.2594523
2018-12-27 02:15:00,4.86,3.5804827
2018-12-27 02:30:00,4.21,4.247822
2018-12-27 02:45:00,3.71,3.4076402
2018-12-27 03:00:00,3.78,3.1323426
2018-12-27 03:15:00,3.67,3.0987039
2018-12-27 03:30:00,3.71,3.0300462
2018-12-27 03:45:00,3.24,3.227884
2018-12-27 04:00:00,3.02,2.6565723
2018-12-27 04:15:00,2.99,2.542339
2018-12-27 04:30:00,2.99,2.4931815
2018-12-27 04:45:00,2.95,2.577325
2018-12-27 05:00:00,2.95,2.5663745
2018-12-27 05:15:00,2.95,2.5206304
2018-12-27 05:30:00,2.95,2.5234444
2018-12-27 05:45:00,2.95,2.567343
2018-12-27 06:00:00,3.42,2.567846
2018-12-27 06:15:00,3.74,3.0432174
2018-12-27 06:30:00,4.86,3.2834027
2018-12-27 06:45:00,4.21,4.6598625
2018-12-27 07:00:00,3.6,3.4014804
2018-12-27 07:15:00,2.88,3.12449
2018-12-27 07:30:00,3.2,2.2481883
2018-12-27 07:45:00,4.9,2.9619892
2018-12-27 08:00:00,5.65,4.9270077
2018-12-27 08:15:00,32.0,5.421365
2018-12-27 08:30:00,52.63,47.717133
2018-12-27 08:45:00,73.66,57.123085
2018-12-27 09:00:00,63.47,70.707146
2018-12-27 09:15:00,56.77,65.062485
2018-12-27 09:30:00,53.93,58.262825
2018-12-27 09:45:00,59.4,55.201782
2018-12-27 10:00:00,76.03,58.401085
2018-12-27 10:15:00,47.81,68.56216
2018-12-27 10:30:00,45.83,49.646233
2018-12-27 10:45:00,52.63,47.9911
2018-12-27 11:00:00,68.69,53.122772
2018-12-27 11:15:00,51.16,63.59823
2018-12-27 11:30:00,51.52,51.982468
2018-12-27 11:45:00,54.83,52.224705
2018-12-27 12:00:00,59.62,54.10939
2018-12-27 12:15:00,13.54,57.5767
2018-12-27 12:30:00,6.62,8.722434
2018-12-27 12:45:00,6.59,6.3640294
2018-12-27 13:00:00,17.82,5.6957254
2018-12-27 13:15:00,40.57,33.37662
2018-12-27 13:30:00,43.7,49.537693
2018-12-27 13:45:00,46.84,45.59385
2018-12-27 14:00:00,53.32,47.847244
2018-12-27 14:15:00,55.01,52.729744
2018-12-27 14:30:00,61.74,54.13982
2018-12-27 14:45:00,54.14,58.901848
2018-12-27 15:00:00,53.5,53.51555
2018-12-27 15:15:00,44.75,52.93136
2018-12-27 15:30:00,42.95,45.47516
2018-12-27 15:45:00,60.84,44.39501
2018-12-27 16:00:00,63.04,57.449646
2018-12-27 16:15:00,59.58,58.982613
2018-12-27 16:30:00,63.22,57.12019
2018-12-27 16:45:00,45.79,59.578495
2018-12-27 17:00:00,41.58,45.491714
2018-12-27 17:15:00,54.58,42.32656
2018-12-27 17:30:00,36.72,53.429
2018-12-27 17:45:00,29.38,35.844604
2018-12-27 18:00:00,28.48,29.574942
2018-12-27 18:15:00,48.56,29.792942
2018-12-27 18:30:00,53.82,49.49025
2018-12-27 18:45:00,53.5,50.96055
2018-12-27 19:00:00,53.14,50.12773
2018-12-27 19:15:00,51.01,50.01027
2018-12-27 19:30:00,47.99,48.560867
2018-12-27 19:45:00,49.18,46.188263
2018-12-27 20:00:00,50.33,46.599667
2018-12-27 20:15:00,50.04,47.404335
2018-12-27 20:30:00,40.93,47.13527
2018-12-27 20:45:00,14.51,39.10597
2018-12-27 21:00:00,8.35,9.924603
2018-12-27 21:15:00,5.26,7.0978675
2018-12-27 21:30:00,5.26,4.173004
2018-12-27 21:45:00,5.26,6.597721
2018-12-27 22:00:00,4.5,4.45154
2018-12-27 22:15:00,3.89,3.9802516
2018-12-27 22:30:00,3.85,3.4186566
2018-12-27 22:45:00,3.82,3.4271526
2018-12-27 23:00:00,3.82,3.5073864
2018-12-27 23:15:00,3.82,3.4683912
2018-12-27 23:30:00,3.78,3.4143076
2018-12-27 23:45:00,3.74,3.3734572
2018-12-28 00:00:00,4.82,3.3572571
2018-12-28 00:15:00,3.74,4.449174
2018-12-28 00:30:00,3.78,2.9517887
2018-12-28 00:45:00,3.85,3.5720394
2018-12-28 01:00:00,4.14,3.2101274
2018-12-28 01:15:00,4.9,3.663643
2018-12-28 01:30:00,4.14,4.3388
2018-12-28 01:45:00,3.82,3.3489935
2018-12-28 02:00:00,3.85,3.308734
2018-12-28 02:15:00,3.82,3.168814
2018-12-28 02:30:00,3.82,3.213732
2018-12-28 02:45:00,3.82,3.2873676
2018-12-28 03:00:00,3.82,3.2274857
2018-12-28 03:15:00,3.89,3.1965358
2018-12-28 03:30:00,3.89,3.260935
2018-12-28 03:45:00,3.85,3.28176
2018-12-28 04:00:00,3.82,3.2521355
2018-12-28 04:15:00,4.07,3.192043
2018-12-28 04:30:00,5.04,3.4736812
2018-12-28 04:45:00,4.1,4.5567236
2018-12-28 05:00:00,3.82,3.174164
2018-12-28 05:15:00,3.89,3.339998
2018-12-28 05:30:00,3.38,3.184515
2018-12-28 05:45:00,3.17,2.7775328
2018-12-28 06:00:00,3.06,2.7854886
2018-12-28 06:15:00,3.06,2.5987923
2018-12-28 06:30:00,3.1,2.6570117
2018-12-28 06:45:00,3.06,2.7122586
2018-12-28 07:00:00,3.1,2.7221138
2018-12-28 07:15:00,3.38,2.769222
2018-12-28 07:30:00,4.97,3.056585
2018-12-28 07:45:00,6.7,5.0808406
2018-12-28 08:00:00,6.16,6.840718
2018-12-28 08:15:00,35.75,5.6259985
2018-12-28 08:30:00,57.78,51.58016
2018-12-28 08:45:00,57.74,60.772923
2018-12-28 09:00:00,66.46,58.900623
2018-12-28 09:15:00,66.82,64.14465
2018-12-28 09:30:00,59.9,64.8319
2018-12-28 09:45:00,63.32,60.03873
2018-12-28 10:00:00,57.17,61.230865
2018-12-28 10:15:00,55.91,56.708363
2018-12-28 10:30:00,62.42,55.59725
2018-12-28 10:45:00,59.72,60.11403
2018-12-28 11:00:00,62.71,57.85347
2018-12-28 11:15:00,57.82,59.99833
2018-12-28 11:30:00,64.94,56.82184
2018-12-28 11:45:00,58.97,61.753334
2018-12-28 12:00:00,47.05,57.47702
2018-12-28 12:15:00,10.01,47.75279
2018-12-28 12:30:00,7.81,6.3854613
2018-12-28 12:45:00,7.27,8.005176
2018-12-28 13:00:00,7.31,6.706585
2018-12-28 13:15:00,42.55,14.909727
2018-12-28 13:30:00,56.12,58.848698
2018-12-28 13:45:00,45.0,56.870785
2018-12-28 14:00:00,45.22,46.100792
2018-12-28 14:15:00,42.62,46.838383
2018-12-28 14:30:00,34.2,44.387486
2018-12-28 14:45:00,42.8,35.807648
2018-12-28 15:00:00,48.02,44.85743
2018-12-28 15:15:00,44.6,47.958893
2018-12-28 15:30:00,35.78,44.916004
2018-12-28 15:45:00,32.62,36.458218
2018-12-28 16:00:00,31.39,34.02127
2018-12-28 16:15:00,30.06,33.05656
2018-12-28 16:30:00,30.13,31.590424
2018-12-28 16:45:00,23.58,31.701616
2018-12-28 17:00:00,8.57,23.33538
2018-12-28 17:15:00,9.58,6.4646387
2018-12-28 17:30:00,9.14,9.575103
2018-12-28 17:45:00,5.47,8.176433
2018-12-28 18:00:00,5.08,5.043906
2018-12-28 18:15:00,5.08,4.6320095
2018-12-28 18:30:00,5.11,4.3348317
2018-12-28 18:45:00,5.15,4.7655783
2018-12-28 19:00:00,5.15,4.679907
2018-12-28 19:15:00,5.15,4.629976
2018-12-28 19:30:00,5.18,4.588617
2018-12-28 19:45:00,5.22,4.622747
2018-12-28 20:00:00,5.15,4.6251636
2018-12-28 20:15:00,5.15,4.4998403
2018-12-28 20:30:00,5.18,4.5129337
2018-12-28 20:45:00,5.26,4.5570736
2018-12-28 21:00:00,5.18,4.586128
2018-12-28 21:15:00,5.15,4.463572
2018-12-28 21:30:00,5.26,4.4509754
2018-12-28 21:45:00,5.26,4.5847435
2018-12-28 22:00:00,5.22,4.51339
2018-12-28 22:15:00,4.97,4.4746656
2018-12-28 22:30:00,4.97,4.1992407
2018-12-28 22:45:00,4.93,4.3042674
2018-12-28 23:00:00,5.04,4.2180133
2018-12-28 23:15:00,4.86,4.3345556
2018-12-28 23:30:00,4.86,4.0819144
2018-12-28 23:45:00,4.86,4.187785
2018-12-29 00:00:00,4.28,3.8179748
2018-12-29 00:15:00,4.9,3.269853
2018-12-29 00:30:00,4.82,4.0497622
2018-12-29 00:45:00,3.85,3.6982949
2018-12-29 01:00:00,3.74,2.992657
2018-12-29 01:15:00,3.82,3.0210965
2018-12-29 01:30:00,3.78,2.9956915
2018-12-29 01:45:00,3.67,3.0594716
2018-12-29 02:00:00,3.74,2.9743304
2018-12-29 02:15:00,3.71,3.016814
2018-12-29 02:30:00,3.82,2.9640043
2018-12-29 02:45:00,3.78,3.117832
2018-12-29 03:00:00,3.71,3.041268
2018-12-29 03:15:00,3.74,2.9846604
2018-12-29 03:30:00,3.78,3.027173
2018-12-29 03:45:00,3.78,3.076557
2018-12-29 04:00:00,3.74,3.083595
2018-12-29 04:15:00,3.02,3.0195076
2018-12-29 04:30:00,3.74,2.383234
2018-12-29 04:45:00,3.6,3.2890851
2018-12-29 05:00:00,3.06,2.8303096
2018-12-29 05:15:00,3.02,2.5797844
2018-12-29 05:30:00,3.02,2.5674174
2018-12-29 05:45:00,2.99,2.5563178
2018-12-29 06:00:00,3.06,2.6263173
2018-12-29 06:15:00,3.06,2.6435425
2018-12-29 06:30:00,3.67,2.6337495
2018-12-29 06:45:00,3.74,3.2864795
2018-12-29 07:00:00,3.71,3.1407745
2018-12-29 07:15:00,3.67,3.1846874
2018-12-29 07:30:00,3.38,3.1252513
2018-12-29 07:45:00,3.02,2.9073064
2018-12-29 08:00:00,2.92,2.6466277
2018-12-29 08:15:00,2.95,2.6073177
2018-12-29 08:30:00,3.13,2.656265
2018-12-29 08:45:00,3.78,2.883402
2018-12-29 09:00:00,3.24,3.451421
2018-12-29 09:15:00,3.17,2.7416775
2018-12-29 09:30:00,3.2,2.9451113
2018-12-29 09:45:00,3.31,2.8640175
2018-12-29 10:00:00,4.03,3.0250194
2018-12-29 10:15:00,4.03,3.7421103
2018-12-29 10:30:00,4.03,3.5736275
2018-12-29 10:45:00,4.03,3.7722976
2018-12-29 11:00:00,6.19,3.6093867
2018-12-29 11:15:00,26.17,6.163195
2018-12-29 11:30:00,9.36,37.240734
2018-12-29 11:45:00,3.64,3.1202867
2018-12-29 12:00:00,4.14,3.2728717
2018-12-29 12:15:00,3.78,3.4162133
2018-12-29 12:30:00,3.46,5.1516776
2018-12-29 12:45:00,3.42,3.2685902
2018-12-29 13:00:00,3.42,3.2891722
2018-12-29 13:15:00,4.1,3.2414334
2018-12-29 13:30:00,4.14,4.0431876
2018-12-29 13:45:00,4.07,3.8722541
2018-12-29 14:00:00,4.03,3.8476908
2018-12-29 14:15:00,3.92,3.7269583
2018-12-29 14:30:00,3.31,3.6117325
2018-12-29 14:45:00,3.35,3.0267344
2018-12-29 15:00:00,3.31,3.2307074
2018-12-29 15:15:00,3.31,3.0485919
2018-12-29 15:30:00,3.31,3.1299026
2018-12-29 15:45:00,3.35,3.1034698
2018-12-29 16:00:00,3.49,3.1615837
2018-12-29 16:15:00,4.1,3.249272
2018-12-29 16:30:00,3.71,3.8201149
2018-12-29 16:45:00,3.67,3.2311597
2018-12-29 17:00:00,4.1,3.4343958
2018-12-29 17:15:00,4.07,3.686207
2018-12-29 17:30:00,4.07,3.549448
2018-12-29 17:45:00,4.1,3.6487937
2018-12-29 18:00:00,3.56,3.646332
2018-12-29 18:15:00,3.31,3.0929148
2018-12-29 18:30:00,3.24,2.9902933
2018-12-29 18:45:00,3.35,2.8926961
2018-12-29 19:00:00,3.31,3.0875487
2018-12-29 19:15:00,3.35,2.985781
2018-12-29 19:30:00,3.35,3.0189562
2018-12-29 19:45:00,3.31,2.974372
2018-12-29 20:00:00,3.71,3.011872
2018-12-29 20:15:00,4.36,3.3435452
2018-12-29 20:30:00,4.28,3.8054433
2018-12-29 20:45:00,4.14,3.6241744
2018-12-29 21:00:00,4.1,3.603103
2018-12-29 21:15:00,4.07,3.4850237
2018-12-29 21:30:00,3.85,3.443788
2018-12-29 21:45:00,3.46,3.2679315
2018-12-29 22:00:00,3.31,3.023346
2018-12-29 22:15:00,3.13,2.9153702
2018-12-29 22:30:00,3.13,2.7061608
2018-12-29 22:45:00,3.13,2.7548366
2018-12-29 23:00:00,3.17,2.7905529
2018-12-29 23:15:00,3.06,2.7929103
2018-12-29 23:30:00,2.99,2.6255047
2018-12-29 23:45:00,3.42,2.589625
2018-12-30 00:00:00,3.1,2.8390234
2018-12-30 00:15:00,3.92,2.44027
2018-12-30 00:30:00,3.82,3.3003843
2018-12-30 00:45:00,3.74,2.8710861
2018-12-30 01:00:00,3.78,3.024225
2018-12-30 01:15:00,3.42,2.9418104
2018-12-30 01:30:00,3.17,2.6516154
2018-12-30 01:45:00,3.02,2.5561063
2018-12-30 02:00:00,3.1,2.4514647
2018-12-30 02:15:00,3.06,2.5260575
2018-12-30 02:30:00,3.1,2.4544406
2018-12-30 02:45:00,3.13,2.5314717
2018-12-30 03:00:00,3.1,2.5260797
2018-12-30 03:15:00,3.13,2.4825099
2018-12-30 03:30:00,3.6,2.5268471
2018-12-30 03:45:00,4.86,2.9785426
2018-12-30 04:00:00,3.85,3.9883
2018-12-30 04:15:00,3.82,2.7481167
2018-12-30 04:30:00,3.82,3.226476
2018-12-30 04:45:00,3.46,2.935282
2018-12-30 05:00:00,3.17,2.7376738
2018-12-30 05:15:00,3.13,2.5665116
2018-12-30 05:30:00,3.1,2.5818455
2018-12-30 05:45:00,3.1,2.593212
2018-12-30 06:00:00,3.1,2.581256
2018-12-30 06:15:00,3.13,2.5812635
2018-12-30 06:30:00,3.13,2.6380904
2018-12-30 06:45:00,3.1,2.656991
2018-12-30 07:00:00,3.82,2.60599
2018-12-30 07:15:00,4.36,3.2984984
2018-12-30 07:30:00,4.97,3.6577206
2018-12-30 07:45:00,3.96,4.2969775
2018-12-30 08:00:00,3.46,2.9922886
2018-12-30 08:15:00,3.06,2.9215765
2018-12-30 08:30:00,3.06,2.486119
2018-12-30 08:45:00,3.17,2.7328827
2018-12-30 09:00:00,3.28,2.742417
2018-12-30 09:15:00,3.35,2.868662
2018-12-30 09:30:00,3.38,2.9514859
2018-12-30 09:45:00,3.35,3.0013225
2018-12-30 10:00:00,3.46,2.8945553
2018-12-30 10:15:00,3.38,3.0226448
2018-12-30 10:30:00,4.0,2.9461663
2018-12-30 10:45:00,4.1,3.694982
2018-12-30 11:00:00,4.1,3.5009022
2018-12-30 11:15:00,4.28,3.6319249
2018-12-30 11:30:00,4.61,3.7901397
2018-12-30 11:45:00,3.56,4.148198
2018-12-30 12:00:00,3.42,2.8959935
2018-12-30 12:15:00,3.46,3.1242592
2018-12-30 12:30:00,3.46,2.9998307
2018-12-30 12:45:00,3.31,3.1718457
2018-12-30 13:00:00,3.28,2.9546742
2018-12-30 13:15:00,3.2,2.935734
2018-12-30 13:30:00,3.24,2.849962
2018-12-30 13:45:00,3.24,2.9698346
2018-12-30 14:00:00,4.03,2.9036086
2018-12-30 14:15:00,4.0,3.7610137
2018-12-30 14:30:00,4.03,3.4754903
2018-12-30 14:45:00,4.82,3.709675
2018-12-30 15:00:00,4.1,4.3530293
2018-12-30 15:15:00,3.31,3.3270764
2018-12-30 15:30:00,3.24,2.9014642
2018-12-30 15:45:00,3.24,2.8368804
2018-12-30 16:00:00,3.35,2.892284
2018-12-30 16:15:00,3.31,3.0185192
2018-12-30 16:30:00,3.35,2.9166286
2018-12-30 16:45:00,3.24,2.9865155
2018-12-30 17:00:00,3.24,2.900921
2018-12-30 17:15:00,3.42,2.903386
2018-12-30 17:30:00,4.0,3.030503
2018-12-30 17:45:00,4.75,3.563129
2018-12-30 18:00:00,4.68,4.162568
2018-12-30 18:15:00,3.89,3.9112163
2018-12-30 18:30:00,3.53,3.238878
2018-12-30 18:45:00,3.2,3.060024
2018-12-30 19:00:00,3.28,2.7818053
2018-12-30 19:15:00,3.24,2.9476285
2018-12-30 19:30:00,3.24,2.8409674
2018-12-30 19:45:00,3.2,2.906195
2018-12-30 20:00:00,3.24,2.8489733
2018-12-30 20:15:00,3.31,2.85832
2018-12-30 20:30:00,3.24,2.88822
2018-12-30 20:45:00,3.78,2.824828
2018-12-30 21:00:00,4.32,3.3600385
2018-12-30 21:15:00,4.07,3.6406157
2018-12-30 21:30:00,4.07,3.3634982
2018-12-30 21:45:00,4.03,3.4694483
2018-12-30 22:00:00,4.0,3.335984
2018-12-30 22:15:00,3.2,3.332794
2018-12-30 22:30:00,2.99,2.5942087
2018-12-30 22:45:00,3.1,2.629849
2018-12-30 23:00:00,3.02,2.693908
2018-12-30 23:15:00,2.95,2.6043372
2018-12-30 23:30:00,2.99,2.5572352
2018-12-30 23:45:00,2.92,2.5742493
2018-12-31 00:00:00,3.67,2.5047147
2018-12-31 00:15:00,3.64,3.3336415
2018-12-31 00:30:00,3.31,3.0496523
2018-12-31 00:45:00,3.49,2.88717
2018-12-31 01:00:00,3.71,3.00044
2018-12-31 01:15:00,3.78,3.1552188
2018-12-31 01:30:00,3.71,3.2603643
2018-12-31 01:45:00,3.67,3.1847894
2018-12-31 02:00:00,3.02,3.086259
2018-12-31 02:15:00,2.99,2.4276712
2018-12-31 02:30:00,3.06,2.6377873
2018-12-31 02:45:00,3.02,2.6279356
2018-12-31 03:00:00,3.06,2.5891154
2018-12-31 03:15:00,3.02,2.6543384
2018-12-31 03:30:00,3.46,2.5963972
2018-12-31 03:45:00,3.74,3.1002557
2018-12-31 04:00:00,3.06,3.1605685
2018-12-31 04:15:00,3.74,2.469365
2018-12-31 04:30:00,3.74,3.4070716
2018-12-31 04:45:00,3.78,3.044803
2018-12-31 05:00:00,3.78,3.294615
2018-12-31 05:15:00,3.56,3.1482112
2018-12-31 05:30:00,2.99,2.9617388
2018-12-31 05:45:00,3.02,2.4606674
2018-12-31 06:00:00,2.95,2.6072052
2018-12-31 06:15:00,3.02,2.4533858
2018-12-31 06:30:00,2.99,2.649586
2018-12-31 06:45:00,3.02,2.5796654
2018-12-31 07:00:00,3.74,2.651738
2018-12-31 07:15:00,3.17,3.4873724
2018-12-31 07:30:00,2.95,2.553742
2018-12-31 07:45:00,3.56,2.6658015
2018-12-31 08:00:00,3.64,3.2873511
2018-12-31 08:15:00,3.6,3.2680871
2018-12-31 08:30:00,3.74,3.3725464
2018-12-31 08:45:00,3.74,3.506653
2018-12-31 09:00:00,3.06,3.4731934
2018-12-31 09:15:00,3.17,2.662063
2018-12-31 09:30:00,3.13,3.0972939
2018-12-31 09:45:00,3.17,2.8906226
2018-12-31 10:00:00,3.24,3.129939
2018-12-31 10:15:00,3.2,3.1736772
2018-12-31 10:30:00,4.03,3.1366913
2018-12-31 10:45:00,3.67,4.4185543
2018-12-31 11:00:00,3.35,3.4295762
2018-12-31 11:15:00,3.35,3.3932679
2018-12-31 11:30:00,3.82,3.3187768
2018-12-31 11:45:00,4.0,4.108607
2018-12-31 12:00:00,4.07,4.173192
2018-12-31 12:15:00,4.03,4.312794
2018-12-31 12:30:00,4.1,4.172678
2018-12-31 12:45:00,3.35,4.3291097
2018-12-31 13:00:00,3.35,3.130307
2018-12-31 13:15:00,3.35,3.5107052
2018-12-31 13:30:00,3.31,3.3272946
2018-12-31 13:45:00,3.31,3.4666526
2018-12-31 14:00:00,3.35,3.3679745
2018-12-31 14:15:00,3.35,3.3811643
2018-12-31 14:30:00,3.56,3.3714843
2018-12-31 14:45:00,4.07,3.7173615
2018-12-31 15:00:00,3.53,4.198634
2018-12-31 15:15:00,3.42,3.2278817
2018-12-31 15:30:00,4.07,3.400266
2018-12-31 15:45:00,4.07,4.186535
2018-12-31 16:00:00,4.03,3.7978094
2018-12-31 16:15:00,4.07,3.8699396
2018-12-31 16:30:00,3.92,3.819969
2018-12-31 16:45:00,3.31,3.6430218
2018-12-31 17:00:00,3.31,2.8452485
2018-12-31 17:15:00,3.35,3.0082152
2018-12-31 17:30:00,3.31,2.982834
2018-12-31 17:45:00,3.46,3.0447056
2018-12-31 18:00:00,3.42,3.0921743
2018-12-31 18:15:00,3.35,2.9855788
2018-12-31 18:30:00,3.82,2.991379
2018-12-31 18:45:00,4.14,3.5309217
2018-12-31 19:00:00,3.49,3.6080835
2018-12-31 19:15:00,3.96,2.933295
2018-12-31 19:30:00,4.14,3.6621287
2018-12-31 19:45:00,4.21,3.5747476
2018-12-31 20:00:00,4.14,3.6950438
2018-12-31 20:15:00,4.18,3.5614662
2018-12-31 20:30:00,3.38,3.6558468
2018-12-31 20:45:00,3.42,2.8421414
2018-12-31 21:00:00,3.42,3.087257
2018-12-31 21:15:00,3.42,2.9060743
2018-12-31 21:30:00,3.49,3.0651572
2018-12-31 21:45:00,3.42,3.1348307
2018-12-31 22:00:00,3.42,2.9995778
2018-12-31 22:15:00,3.24,2.985955
2018-12-31 22:30:00,3.67,2.8054612
2018-12-31 22:45:00,3.82,3.348789
2018-12-31 23:00:00,3.85,3.2851913
2018-12-31 23:15:00,3.74,3.3361595
2018-12-31 23:30:00,3.78,3.1988661
2018-12-31 23:45:00,3.78,3.2987509
