date,actual,LSTM
2018-12-01 00:00:00,3.35,2.9416063
2018-12-01 00:15:00,3.89,2.9522142
2018-12-01 00:30:00,3.85,2.9624536
2018-12-01 00:45:00,3.89,2.9474418
2018-12-01 01:00:00,3.89,2.8953922
2018-12-01 01:15:00,4.03,2.9476345
2018-12-01 01:30:00,3.89,2.8682876
2018-12-01 01:45:00,3.92,2.8200593
2018-12-01 02:00:00,3.92,2.9155352
2018-12-01 02:15:00,3.96,2.9474618
2018-12-01 02:30:00,4.03,2.9439766
2018-12-01 02:45:00,4.14,2.962256
2018-12-01 03:00:00,5.08,3.0076485
2018-12-01 03:15:00,4.72,2.944595
2018-12-01 03:30:00,3.96,2.9463642
2018-12-01 03:45:00,3.92,2.9522524
2018-12-01 04:00:00,3.35,3.243564
2018-12-01 04:15:00,3.28,3.1172075
2018-12-01 04:30:00,3.35,2.915061
2018-12-01 04:45:00,3.24,2.9401045
2018-12-01 05:00:00,3.31,2.8253374
2018-12-01 05:15:00,3.31,2.7798126
2018-12-01 05:30:00,3.28,2.780233
2018-12-01 05:45:00,3.28,2.7221162
2018-12-01 06:00:00,3.2,2.7617002
2018-12-01 06:15:00,3.46,2.738136
2018-12-01 06:30:00,4.03,2.70254
2018-12-01 06:45:00,3.89,2.6703138
2018-12-01 07:00:00,3.89,2.5260594
2018-12-01 07:15:00,4.46,2.5602121
2018-12-01 07:30:00,3.67,2.681961
2018-12-01 07:45:00,3.46,2.5731587
2018-12-01 08:00:00,3.46,2.4759648
2018-12-01 08:15:00,3.71,2.6399906
2018-12-01 08:30:00,4.72,2.3049355
2018-12-01 08:45:00,4.46,2.206404
2018-12-01 09:00:00,5.22,2.1558356
2018-12-01 09:15:00,28.58,2.1947646
2018-12-01 09:30:00,30.56,2.5038471
2018-12-01 09:45:00,28.08,2.2919915
2018-12-01 10:00:00,28.58,2.694763
2018-12-01 10:15:00,28.73,30.289108
2018-12-01 10:30:00,29.56,25.402405
2018-12-01 10:45:00,30.06,19.94192
2018-12-01 11:00:00,29.2,21.409456
2018-12-01 11:15:00,27.94,21.233553
2018-12-01 11:30:00,27.94,20.92026
2018-12-01 11:45:00,25.63,20.444689
2018-12-01 12:00:00,3.64,21.082384
2018-12-01 12:15:00,3.85,21.88445
2018-12-01 12:30:00,3.71,17.167141
2018-12-01 12:45:00,3.74,7.4385395
2018-12-01 13:00:00,3.71,3.1433048
2018-12-01 13:15:00,11.3,2.520636
2018-12-01 13:30:00,27.29,2.7785156
2018-12-01 13:45:00,26.86,3.343448
2018-12-01 14:00:00,25.31,4.5023627
2018-12-01 14:15:00,26.21,13.647628
2018-12-01 14:30:00,26.28,31.894077
2018-12-01 14:45:00,18.68,29.073727
2018-12-01 15:00:00,5.18,23.912094
2018-12-01 15:15:00,5.08,20.820894
2018-12-01 15:30:00,4.75,18.146593
2018-12-01 15:45:00,4.75,10.424687
2018-12-01 16:00:00,4.72,4.0729103
2018-12-01 16:15:00,4.64,3.0117157
2018-12-01 16:30:00,4.72,2.6200435
2018-12-01 16:45:00,4.68,2.9100635
2018-12-01 17:00:00,4.64,3.3975208
2018-12-01 17:15:00,4.79,3.2774265
2018-12-01 17:30:00,4.75,2.9821825
2018-12-01 17:45:00,4.72,2.7993011
2018-12-01 18:00:00,4.68,2.777921
2018-12-01 18:15:00,5.76,2.8635535
2018-12-01 18:30:00,5.4,2.8096254
2018-12-01 18:45:00,4.79,2.7964187
2018-12-01 19:00:00,4.79,2.8044684
2018-12-01 19:15:00,4.79,3.2734032
2018-12-01 19:30:00,4.79,3.1339345
2018-12-01 19:45:00,4.9,2.9577127
2018-12-01 20:00:00,4.75,3.0368252
2018-12-01 20:15:00,4.79,3.074582
2018-12-01 20:30:00,4.75,3.140467
2018-12-01 20:45:00,4.82,3.1976433
2018-12-01 21:00:00,4.82,3.1317027
2018-12-01 21:15:00,4.75,3.1343732
2018-12-01 21:30:00,4.79,3.1176372
2018-12-01 21:45:00,4.79,3.1223793
2018-12-01 22:00:00,4.9,3.1024878
2018-12-01 22:15:00,5.76,3.0645437
2018-12-01 22:30:00,4.61,3.0576165
2018-12-01 22:45:00,3.42,3.0453603
2018-12-01 23:00:00,3.42,3.0561712
2018-12-01 23:15:00,3.28,3.2689302
2018-12-01 23:30:00,3.38,2.9855635
2018-12-01 23:45:00,3.31,2.7384536
2018-12-02 00:00:00,4.36,2.85648
2018-12-02 00:15:00,3.35,2.7874465
2018-12-02 00:30:00,3.35,2.7754512
2018-12-02 00:45:00,3.38,2.7278442
2018-12-02 01:00:00,3.89,3.0590603
2018-12-02 01:15:00,4.46,2.7267501
2018-12-02 01:30:00,4.43,2.7320035
2018-12-02 01:45:00,4.14,2.753214
2018-12-02 02:00:00,3.46,2.9542215
2018-12-02 02:15:00,3.38,3.0362186
2018-12-02 02:30:00,3.38,3.0000708
2018-12-02 02:45:00,3.38,2.9204292
2018-12-02 03:00:00,4.32,2.8353598
2018-12-02 03:15:00,4.64,2.785912
2018-12-02 03:30:00,3.82,2.7751813
2018-12-02 03:45:00,3.46,2.7464716
2018-12-02 04:00:00,3.42,3.03876
2018-12-02 04:15:00,3.46,3.0796258
2018-12-02 04:30:00,4.32,2.8158448
2018-12-02 04:45:00,4.5,2.7370958
2018-12-02 05:00:00,4.54,2.786979
2018-12-02 05:15:00,4.39,2.7748659
2018-12-02 05:30:00,3.35,2.9825554
2018-12-02 05:45:00,3.46,2.9857328
2018-12-02 06:00:00,3.35,3.0139337
2018-12-02 06:15:00,3.42,2.9732013
2018-12-02 06:30:00,3.42,2.659881
2018-12-02 06:45:00,3.38,2.7064373
2018-12-02 07:00:00,3.46,2.5787828
2018-12-02 07:15:00,3.38,2.550594
2018-12-02 07:30:00,3.46,2.5046308
2018-12-02 07:45:00,3.46,2.4522972
2018-12-02 08:00:00,3.49,2.3693726
2018-12-02 08:15:00,4.57,2.3004096
2018-12-02 08:30:00,4.54,2.2845325
2018-12-02 08:45:00,5.54,2.2445536
2018-12-02 09:00:00,4.75,2.1974025
2018-12-02 09:15:00,3.74,2.5577297
2018-12-02 09:30:00,3.71,2.4504566
2018-12-02 09:45:00,3.6,2.8564348
2018-12-02 10:00:00,3.56,2.4975748
2018-12-02 10:15:00,3.6,2.0713832
2018-12-02 10:30:00,3.64,2.1010346
2018-12-02 10:45:00,3.64,2.032736
2018-12-02 11:00:00,3.64,2.0325184
2018-12-02 11:15:00,3.64,2.0135522
2018-12-02 11:30:00,3.56,2.0134757
2018-12-02 11:45:00,3.64,1.993372
2018-12-02 12:00:00,4.03,2.0464954
2018-12-02 12:15:00,4.86,2.0261476
2018-12-02 12:30:00,4.75,1.9690688
2018-12-02 12:45:00,5.36,1.987462
2018-12-02 13:00:00,4.9,2.2092903
2018-12-02 13:15:00,3.78,2.5387545
2018-12-02 13:30:00,3.64,2.416074
2018-12-02 13:45:00,3.6,2.6864598
2018-12-02 14:00:00,3.6,2.546753
2018-12-02 14:15:00,3.6,2.065025
2018-12-02 14:30:00,3.56,2.067103
2018-12-02 14:45:00,3.56,2.0726206
2018-12-02 15:00:00,3.64,2.0838919
2018-12-02 15:15:00,3.6,2.065294
2018-12-02 15:30:00,3.56,2.07583
2018-12-02 15:45:00,3.85,2.1069722
2018-12-02 16:00:00,4.68,2.1369572
2018-12-02 16:15:00,4.72,2.1392987
2018-12-02 16:30:00,4.72,2.146877
2018-12-02 16:45:00,3.89,2.2863047
2018-12-02 17:00:00,3.53,2.5888891
2018-12-02 17:15:00,3.6,2.5840158
2018-12-02 17:30:00,3.6,2.6107368
2018-12-02 17:45:00,3.74,2.3495166
2018-12-02 18:00:00,4.72,2.290645
2018-12-02 18:15:00,3.89,2.3857048
2018-12-02 18:30:00,3.53,2.4183366
2018-12-02 18:45:00,3.53,2.5000486
2018-12-02 19:00:00,3.56,2.8654864
2018-12-02 19:15:00,3.67,2.579386
2018-12-02 19:30:00,3.56,2.5233722
2018-12-02 19:45:00,4.39,2.6224892
2018-12-02 20:00:00,4.72,2.6516805
2018-12-02 20:15:00,4.68,2.711604
2018-12-02 20:30:00,4.75,2.701794
2018-12-02 20:45:00,3.71,2.9953804
2018-12-02 21:00:00,3.53,3.1107712
2018-12-02 21:15:00,3.6,3.049593
2018-12-02 21:30:00,3.6,3.0567873
2018-12-02 21:45:00,3.6,2.8082886
2018-12-02 22:00:00,3.56,2.8137908
2018-12-02 22:15:00,4.07,2.8022678
2018-12-02 22:30:00,4.32,2.7820048
2018-12-02 22:45:00,3.35,2.7613828
2018-12-02 23:00:00,3.31,2.8058627
2018-12-02 23:15:00,3.31,2.860514
2018-12-02 23:30:00,3.28,2.900955
2018-12-02 23:45:00,3.35,2.6547954
2018-12-03 00:00:00,4.57,2.6441302
2018-12-03 00:15:00,4.43,2.678454
2018-12-03 00:30:00,4.36,2.6632235
2018-12-03 00:45:00,4.21,2.6848464
2018-12-03 01:00:00,3.35,3.0326986
2018-12-03 01:15:00,3.38,2.9627795
2018-12-03 01:30:00,3.35,2.9584908
2018-12-03 01:45:00,3.42,2.966149
2018-12-03 02:00:00,3.49,2.6742811
2018-12-03 02:15:00,3.42,2.7270362
2018-12-03 02:30:00,3.38,2.7367172
2018-12-03 02:45:00,4.36,2.7590365
2018-12-03 03:00:00,4.14,2.7319899
2018-12-03 03:15:00,3.42,2.7246428
2018-12-03 03:30:00,3.38,2.7343085
2018-12-03 03:45:00,3.35,3.0737865
2018-12-03 04:00:00,3.35,2.9346116
2018-12-03 04:15:00,4.1,2.7250903
2018-12-03 04:30:00,4.43,2.7860415
2018-12-03 04:45:00,4.5,2.8158703
2018-12-03 05:00:00,3.78,2.7673082
2018-12-03 05:15:00,3.31,3.0266075
2018-12-03 05:30:00,3.38,3.1139052
2018-12-03 05:45:00,3.31,3.1087708
2018-12-03 06:00:00,3.31,2.8525486
2018-12-03 06:15:00,3.35,2.7145638
2018-12-03 06:30:00,3.31,2.7608056
2018-12-03 06:45:00,3.24,2.705393
2018-12-03 07:00:00,3.24,2.5386162
2018-12-03 07:15:00,4.21,2.5238767
2018-12-03 07:30:00,5.76,2.4779043
2018-12-03 07:45:00,5.98,2.4187386
2018-12-03 08:00:00,5.58,2.2756736
2018-12-03 08:15:00,34.99,2.6644113
2018-12-03 08:30:00,56.84,3.555161
2018-12-03 08:45:00,61.06,3.5843306
2018-12-03 09:00:00,57.89,3.3546426
2018-12-03 09:15:00,70.49,44.17442
2018-12-03 09:30:00,50.11,59.243843
2018-12-03 09:45:00,66.38,54.996525
2018-12-03 10:00:00,56.88,49.35459
2018-12-03 10:15:00,47.09,53.972
2018-12-03 10:30:00,55.8,50.122982
2018-12-03 10:45:00,66.89,56.783123
2018-12-03 11:00:00,62.89,54.813393
2018-12-03 11:15:00,63.79,51.94895
2018-12-03 11:30:00,58.1,52.53989
2018-12-03 11:45:00,54.5,49.833378
2018-12-03 12:00:00,35.35,30.659359
2018-12-03 12:15:00,6.34,6.391599
2018-12-03 12:30:00,5.76,4.1451206
2018-12-03 12:45:00,6.3,4.9201097
2018-12-03 13:00:00,6.19,13.844225
2018-12-03 13:15:00,35.35,42.849045
2018-12-03 13:30:00,51.95,51.282154
2018-12-03 13:45:00,48.46,51.869682
2018-12-03 14:00:00,65.02,41.8768
2018-12-03 14:15:00,69.91,48.99421
2018-12-03 14:30:00,55.12,49.16254
2018-12-03 14:45:00,56.84,43.725193
2018-12-03 15:00:00,54.22,53.627853
2018-12-03 15:15:00,49.97,58.34516
2018-12-03 15:30:00,48.17,54.271297
2018-12-03 15:45:00,49.86,56.710106
2018-12-03 16:00:00,58.75,55.956017
2018-12-03 16:15:00,65.7,54.019646
2018-12-03 16:30:00,51.88,52.77317
2018-12-03 16:45:00,57.2,52.483128
2018-12-03 17:00:00,76.03,56.2839
2018-12-03 17:15:00,72.18,54.774906
2018-12-03 17:30:00,61.42,38.902332
2018-12-03 17:45:00,36.61,25.24486
2018-12-03 18:00:00,29.56,24.168089
2018-12-03 18:15:00,34.13,30.995268
2018-12-03 18:30:00,42.26,42.49226
2018-12-03 18:45:00,56.81,41.860455
2018-12-03 19:00:00,43.02,37.38925
2018-12-03 19:15:00,47.74,36.36538
2018-12-03 19:30:00,39.17,36.559025
2018-12-03 19:45:00,43.67,46.995678
2018-12-03 20:00:00,50.44,41.1538
2018-12-03 20:15:00,46.22,45.759987
2018-12-03 20:30:00,45.36,36.20166
2018-12-03 20:45:00,50.11,28.856361
2018-12-03 21:00:00,25.45,15.922866
2018-12-03 21:15:00,8.6,5.949753
2018-12-03 21:30:00,6.19,4.332096
2018-12-03 21:45:00,5.62,4.4653525
2018-12-03 22:00:00,4.93,3.5332341
2018-12-03 22:15:00,4.72,3.4599395
2018-12-03 22:30:00,4.75,3.9464743
2018-12-03 22:45:00,4.68,3.7705183
2018-12-03 23:00:00,4.68,3.2698658
2018-12-03 23:15:00,4.61,3.0001853
2018-12-03 23:30:00,4.57,3.0235784
2018-12-03 23:45:00,4.61,3.0455296
2018-12-04 00:00:00,3.89,3.1775682
2018-12-04 00:15:00,4.61,3.1581845
2018-12-04 00:30:00,4.57,3.1887758
2018-12-04 00:45:00,4.61,3.2402797
2018-12-04 01:00:00,4.64,3.0069726
2018-12-04 01:15:00,5.04,3.2147489
2018-12-04 01:30:00,5.8,3.1348736
2018-12-04 01:45:00,4.68,3.0532296
2018-12-04 02:00:00,3.6,3.0286953
2018-12-04 02:15:00,3.56,3.198135
2018-12-04 02:30:00,3.64,3.5298598
2018-12-04 02:45:00,3.67,3.2195947
2018-12-04 03:00:00,3.64,2.9065397
2018-12-04 03:15:00,3.64,2.9492238
2018-12-04 03:30:00,3.71,2.948034
2018-12-04 03:45:00,3.67,2.9033175
2018-12-04 04:00:00,3.71,2.8241158
2018-12-04 04:15:00,3.67,2.8442123
2018-12-04 04:30:00,3.6,2.8930285
2018-12-04 04:45:00,4.36,2.9043655
2018-12-04 05:00:00,4.64,2.8902855
2018-12-04 05:15:00,4.72,2.898602
2018-12-04 05:30:00,5.44,2.87246
2018-12-04 05:45:00,4.43,3.1349401
2018-12-04 06:00:00,3.64,3.1965466
2018-12-04 06:15:00,3.56,3.1961138
2018-12-04 06:30:00,3.67,3.4598913
2018-12-04 06:45:00,3.64,3.0647879
2018-12-04 07:00:00,3.56,2.6627896
2018-12-04 07:15:00,3.56,2.6835523
2018-12-04 07:30:00,3.82,2.7219038
2018-12-04 07:45:00,4.54,2.6615243
2018-12-04 08:00:00,5.94,2.460131
2018-12-04 08:15:00,28.4,2.42877
2018-12-04 08:30:00,55.04,2.5116823
2018-12-04 08:45:00,61.13,2.8054352
2018-12-04 09:00:00,82.33,3.7321692
2018-12-04 09:15:00,82.37,34.461708
2018-12-04 09:30:00,64.08,58.767002
2018-12-04 09:45:00,59.36,55.454777
2018-12-04 10:00:00,52.16,63.959488
2018-12-04 10:15:00,56.95,61.41973
2018-12-04 10:30:00,53.42,55.84135
2018-12-04 10:45:00,58.86,56.9787
2018-12-04 11:00:00,59.98,55.607937
2018-12-04 11:15:00,61.24,55.41657
2018-12-04 11:30:00,84.1,53.98631
2018-12-04 11:45:00,63.86,51.98418
2018-12-04 12:00:00,49.86,40.944466
2018-12-04 12:15:00,6.91,9.922949
2018-12-04 12:30:00,7.38,4.916775
2018-12-04 12:45:00,6.62,4.213337
2018-12-04 13:00:00,6.55,6.302582
2018-12-04 13:15:00,32.51,36.159122
2018-12-04 13:30:00,57.28,57.413757
2018-12-04 13:45:00,55.51,58.556446
2018-12-04 14:00:00,56.12,49.319984
2018-12-04 14:15:00,58.82,50.896698
2018-12-04 14:30:00,52.88,53.021378
2018-12-04 14:45:00,53.46,47.97469
2018-12-04 15:00:00,62.96,47.79749
2018-12-04 15:15:00,64.62,50.6548
2018-12-04 15:30:00,60.01,50.196564
2018-12-04 15:45:00,55.66,52.26068
2018-12-04 16:00:00,53.82,57.496056
2018-12-04 16:15:00,71.86,59.198563
2018-12-04 16:30:00,60.73,58.261944
2018-12-04 16:45:00,68.22,55.987526
2018-12-04 17:00:00,80.46,55.15688
2018-12-04 17:15:00,61.52,57.33217
2018-12-04 17:30:00,71.1,44.228886
2018-12-04 17:45:00,35.21,29.484444
2018-12-04 18:00:00,30.31,25.148806
2018-12-04 18:15:00,43.56,28.787304
2018-12-04 18:30:00,40.97,45.37784
2018-12-04 18:45:00,38.56,41.735905
2018-12-04 19:00:00,41.65,38.71212
2018-12-04 19:15:00,49.07,43.173943
2018-12-04 19:30:00,40.46,36.88018
2018-12-04 19:45:00,48.64,34.54265
2018-12-04 20:00:00,49.75,37.536182
2018-12-04 20:15:00,48.89,42.826332
2018-12-04 20:30:00,37.84,36.081352
2018-12-04 20:45:00,30.67,34.614933
2018-12-04 21:00:00,5.08,21.46832
2018-12-04 21:15:00,5.69,7.6514406
2018-12-04 21:30:00,5.44,4.3556623
2018-12-04 21:45:00,5.4,3.156862
2018-12-04 22:00:00,5.44,1.657038
2018-12-04 22:15:00,5.26,2.895892
2018-12-04 22:30:00,4.64,3.5358162
2018-12-04 22:45:00,3.92,3.6245987
2018-12-04 23:00:00,3.96,3.444561
2018-12-04 23:15:00,3.92,3.3089633
2018-12-04 23:30:00,3.85,3.1682804
2018-12-04 23:45:00,3.89,2.9889982
2018-12-05 00:00:00,3.96,3.080926
2018-12-05 00:15:00,3.89,3.043081
2018-12-05 00:30:00,3.92,3.017769
2018-12-05 00:45:00,3.89,3.031099
2018-12-05 01:00:00,3.96,3.0720766
2018-12-05 01:15:00,3.78,3.036127
2018-12-05 01:30:00,3.85,2.9736512
2018-12-05 01:45:00,3.82,2.921475
2018-12-05 02:00:00,3.82,3.0108027
2018-12-05 02:15:00,3.85,2.9894657
2018-12-05 02:30:00,4.64,3.0470726
2018-12-05 02:45:00,4.86,3.030909
2018-12-05 03:00:00,3.82,2.9909997
2018-12-05 03:15:00,3.49,2.9490876
2018-12-05 03:30:00,3.13,3.196608
2018-12-05 03:45:00,3.2,3.2509978
2018-12-05 04:00:00,3.13,2.8823423
2018-12-05 04:15:00,3.1,2.8646376
2018-12-05 04:30:00,3.17,2.805142
2018-12-05 04:45:00,3.06,2.8280652
2018-12-05 05:00:00,3.17,2.7598765
2018-12-05 05:15:00,3.06,2.7358851
2018-12-05 05:30:00,3.1,2.7545874
2018-12-05 05:45:00,3.02,2.7066205
2018-12-05 06:00:00,3.1,2.708618
2018-12-05 06:15:00,3.02,2.6371703
2018-12-05 06:30:00,4.61,2.6200671
2018-12-05 06:45:00,4.9,2.5536342
2018-12-05 07:00:00,3.85,2.4206133
2018-12-05 07:15:00,3.49,2.3515885
2018-12-05 07:30:00,3.2,2.9422796
2018-12-05 07:45:00,4.32,2.9571152
2018-12-05 08:00:00,4.72,2.3518062
2018-12-05 08:15:00,27.65,2.2942271
2018-12-05 08:30:00,61.56,2.2374709
2018-12-05 08:45:00,57.71,2.7118685
2018-12-05 09:00:00,57.82,2.7201319
2018-12-05 09:15:00,68.08,33.110035
2018-12-05 09:30:00,64.08,65.60309
2018-12-05 09:45:00,64.76,53.249886
2018-12-05 10:00:00,62.68,48.762966
2018-12-05 10:15:00,49.28,51.856277
2018-12-05 10:30:00,56.52,52.956093
2018-12-05 10:45:00,59.04,56.382973
2018-12-05 11:00:00,66.85,56.733597
2018-12-05 11:15:00,68.83,53.27867
2018-12-05 11:30:00,60.3,53.488876
2018-12-05 11:45:00,53.21,50.726418
2018-12-05 12:00:00,40.97,36.802834
2018-12-05 12:15:00,10.69,7.9674616
2018-12-05 12:30:00,9.43,4.3794284
2018-12-05 12:45:00,10.33,4.7433724
2018-12-05 13:00:00,26.68,8.2741585
2018-12-05 13:15:00,43.34,38.633324
2018-12-05 13:30:00,46.51,51.910995
2018-12-05 13:45:00,50.44,53.48536
2018-12-05 14:00:00,63.4,56.193558
2018-12-05 14:15:00,54.36,51.75207
2018-12-05 14:30:00,61.52,45.2378
2018-12-05 14:45:00,58.93,43.3646
2018-12-05 15:00:00,85.46,50.22191
2018-12-05 15:15:00,109.3,47.39668
2018-12-05 15:30:00,87.16,53.00908
2018-12-05 15:45:00,96.01,53.59946
2018-12-05 16:00:00,105.91,67.17026
2018-12-05 16:15:00,68.18,78.64648
2018-12-05 16:30:00,64.91,75.66508
2018-12-05 16:45:00,56.05,77.14524
2018-12-05 17:00:00,62.96,75.44304
2018-12-05 17:15:00,47.12,58.82857
2018-12-05 17:30:00,44.57,39.073116
2018-12-05 17:45:00,44.24,25.817371
2018-12-05 18:00:00,27.32,28.787663
2018-12-05 18:15:00,5.87,36.303047
2018-12-05 18:30:00,5.36,44.285427
2018-12-05 18:45:00,5.47,44.540546
2018-12-05 19:00:00,5.58,31.288994
2018-12-05 19:15:00,5.58,11.019105
2018-12-05 19:30:00,5.47,4.7235036
2018-12-05 19:45:00,5.44,3.1654341
2018-12-05 20:00:00,5.44,2.9104533
2018-12-05 20:15:00,5.44,3.2362363
2018-12-05 20:30:00,5.51,3.3952618
2018-12-05 20:45:00,5.44,3.3888416
2018-12-05 21:00:00,4.82,3.3843434
2018-12-05 21:15:00,4.28,3.473229
2018-12-05 21:30:00,4.25,3.596157
2018-12-05 21:45:00,4.28,3.622185
2018-12-05 22:00:00,4.36,3.3827744
2018-12-05 22:15:00,4.03,3.1293204
2018-12-05 22:30:00,4.0,3.0144048
2018-12-05 22:45:00,4.03,2.935366
2018-12-05 23:00:00,4.0,2.9541907
2018-12-05 23:15:00,4.0,2.9293323
2018-12-05 23:30:00,3.92,2.9789658
2018-12-05 23:45:00,4.0,2.9882746
2018-12-06 00:00:00,4.0,3.1346526
2018-12-06 00:15:00,3.96,3.0277302
2018-12-06 00:30:00,4.79,2.9665399
2018-12-06 00:45:00,5.18,2.9830117
2018-12-06 01:00:00,4.03,3.0291898
2018-12-06 01:15:00,3.92,2.9892776
2018-12-06 01:30:00,4.0,3.2472148
2018-12-06 01:45:00,3.92,3.374674
2018-12-06 02:00:00,4.07,3.1039994
2018-12-06 02:15:00,3.46,3.0867755
2018-12-06 02:30:00,3.28,3.1338782
2018-12-06 02:45:00,3.38,3.107731
2018-12-06 03:00:00,3.31,3.197771
2018-12-06 03:15:00,3.35,2.9835904
2018-12-06 03:30:00,3.35,2.9234614
2018-12-06 03:45:00,3.38,2.96897
2018-12-06 04:00:00,3.42,2.9773774
2018-12-06 04:15:00,3.31,2.9081554
2018-12-06 04:30:00,4.61,2.8900237
2018-12-06 04:45:00,5.04,2.8901196
2018-12-06 05:00:00,4.07,2.9065604
2018-12-06 05:15:00,3.71,2.8043249
2018-12-06 05:30:00,3.31,3.1964548
2018-12-06 05:45:00,3.31,3.2694545
2018-12-06 06:00:00,3.38,2.8886735
2018-12-06 06:15:00,3.31,2.8068268
2018-12-06 06:30:00,3.28,2.697208
2018-12-06 06:45:00,3.31,2.6782837
2018-12-06 07:00:00,3.24,2.5649612
2018-12-06 07:15:00,3.28,2.5002978
2018-12-06 07:30:00,3.46,2.4532962
2018-12-06 07:45:00,4.21,2.4356704
2018-12-06 08:00:00,6.44,2.2491252
2018-12-06 08:15:00,32.29,2.232171
2018-12-06 08:30:00,64.98,2.2825038
2018-12-06 08:45:00,60.84,2.5289395
2018-12-06 09:00:00,59.87,4.227244
2018-12-06 09:15:00,67.0,39.797043
2018-12-06 09:30:00,71.17,67.62044
2018-12-06 09:45:00,76.86,55.979546
2018-12-06 10:00:00,66.67,50.46159
2018-12-06 10:15:00,63.18,52.05946
2018-12-06 10:30:00,68.87,56.148876
2018-12-06 10:45:00,71.06,62.150986
2018-12-06 11:00:00,62.78,61.755627
2018-12-06 11:15:00,60.88,60.943398
2018-12-06 11:30:00,74.45,60.84404
2018-12-06 11:45:00,67.82,56.729683
2018-12-06 12:00:00,69.26,39.218395
2018-12-06 12:15:00,9.94,7.967614
2018-12-06 12:30:00,6.88,4.6578803
2018-12-06 12:45:00,7.02,4.54147
2018-12-06 13:00:00,6.95,6.9961033
2018-12-06 13:15:00,35.78,36.527172
2018-12-06 13:30:00,61.78,60.279427
2018-12-06 13:45:00,60.8,62.735725
2018-12-06 14:00:00,71.78,53.615658
2018-12-06 14:15:00,72.11,55.4541
2018-12-06 14:30:00,68.22,56.359184
2018-12-06 14:45:00,73.44,51.489223
2018-12-06 15:00:00,56.88,57.55174
2018-12-06 15:15:00,50.29,59.71512
2018-12-06 15:30:00,48.78,60.90178
2018-12-06 15:45:00,48.96,66.79175
2018-12-06 16:00:00,49.97,63.161156
2018-12-06 16:15:00,62.28,58.954247
2018-12-06 16:30:00,47.95,55.861206
2018-12-06 16:45:00,57.35,53.47598
2018-12-06 17:00:00,47.77,53.013115
2018-12-06 17:15:00,48.6,54.816986
2018-12-06 17:30:00,57.46,41.053043
2018-12-06 17:45:00,31.86,27.050781
2018-12-06 18:00:00,31.61,18.279152
2018-12-06 18:15:00,36.61,20.95959
2018-12-06 18:30:00,40.07,33.596924
2018-12-06 18:45:00,37.87,30.07178
2018-12-06 19:00:00,47.23,31.192913
2018-12-06 19:15:00,53.03,33.1935
2018-12-06 19:30:00,38.63,32.369675
2018-12-06 19:45:00,37.51,30.92156
2018-12-06 20:00:00,38.3,39.963734
2018-12-06 20:15:00,54.36,44.737774
2018-12-06 20:30:00,38.84,34.776436
2018-12-06 20:45:00,27.72,26.090265
2018-12-06 21:00:00,8.86,10.513481
2018-12-06 21:15:00,5.51,7.3884015
2018-12-06 21:30:00,5.58,4.544602
2018-12-06 21:45:00,5.62,3.3276389
2018-12-06 22:00:00,5.54,2.567021
2018-12-06 22:15:00,5.26,3.337077
2018-12-06 22:30:00,5.22,3.9987748
2018-12-06 22:45:00,5.26,3.8737411
2018-12-06 23:00:00,4.18,3.611966
2018-12-06 23:15:00,3.96,3.4357612
2018-12-06 23:30:00,4.0,3.37792
2018-12-06 23:45:00,4.0,3.3579385
2018-12-07 00:00:00,4.03,3.2561321
2018-12-07 00:15:00,3.96,3.157487
2018-12-07 00:30:00,4.03,3.1765618
2018-12-07 00:45:00,4.03,3.1849682
2018-12-07 01:00:00,4.0,3.2527916
2018-12-07 01:15:00,4.03,3.1792111
2018-12-07 01:30:00,4.03,3.1062837
2018-12-07 01:45:00,4.03,3.0758035
2018-12-07 02:00:00,4.1,3.1976132
2018-12-07 02:15:00,4.0,3.2051194
2018-12-07 02:30:00,4.72,3.199625
2018-12-07 02:45:00,4.79,3.1825857
2018-12-07 03:00:00,4.14,3.2224991
2018-12-07 03:15:00,4.07,3.0988457
2018-12-07 03:30:00,4.03,3.2976367
2018-12-07 03:45:00,4.0,3.2959
2018-12-07 04:00:00,3.42,3.1431758
2018-12-07 04:15:00,3.49,3.128584
2018-12-07 04:30:00,3.46,3.1426816
2018-12-07 04:45:00,3.38,3.133246
2018-12-07 05:00:00,3.42,2.9732988
2018-12-07 05:15:00,3.42,2.9824562
2018-12-07 05:30:00,3.74,2.9613254
2018-12-07 05:45:00,4.07,2.904764
2018-12-07 06:00:00,3.49,2.9002495
2018-12-07 06:15:00,3.42,2.8519976
2018-12-07 06:30:00,3.64,2.9084628
2018-12-07 06:45:00,4.1,2.9494817
2018-12-07 07:00:00,4.0,2.5767593
2018-12-07 07:15:00,4.0,2.5178156
2018-12-07 07:30:00,3.82,2.5623264
2018-12-07 07:45:00,4.54,2.6581483
2018-12-07 08:00:00,4.79,2.4635382
2018-12-07 08:15:00,47.66,2.4200997
2018-12-07 08:30:00,60.19,2.3327923
2018-12-07 08:45:00,60.19,2.6274908
2018-12-07 09:00:00,53.32,2.7014425
2018-12-07 09:15:00,58.86,58.207916
2018-12-07 09:30:00,49.5,59.844738
2018-12-07 09:45:00,48.42,52.659164
2018-12-07 10:00:00,62.78,45.73868
2018-12-07 10:15:00,48.02,48.260326
2018-12-07 10:30:00,46.22,47.675556
2018-12-07 10:45:00,57.46,48.225853
2018-12-07 11:00:00,48.78,51.444946
2018-12-07 11:15:00,47.02,49.342995
2018-12-07 11:30:00,58.0,48.262108
2018-12-07 11:45:00,51.48,43.412636
2018-12-07 12:00:00,44.28,19.890635
2018-12-07 12:15:00,26.6,5.268446
2018-12-07 12:30:00,12.49,4.261818
2018-12-07 12:45:00,9.79,5.1335726
2018-12-07 13:00:00,10.76,16.71497
2018-12-07 13:15:00,44.06,43.287518
2018-12-07 13:30:00,49.82,47.01093
2018-12-07 13:45:00,54.36,46.547295
2018-12-07 14:00:00,55.98,43.69061
2018-12-07 14:15:00,56.48,55.103928
2018-12-07 14:30:00,47.41,48.963184
2018-12-07 14:45:00,47.95,47.371117
2018-12-07 15:00:00,58.86,46.29029
2018-12-07 15:15:00,50.08,46.505928
2018-12-07 15:30:00,51.88,42.963627
2018-12-07 15:45:00,53.82,42.9087
2018-12-07 16:00:00,49.9,49.02526
2018-12-07 16:15:00,57.1,48.273148
2018-12-07 16:30:00,50.33,51.426243
2018-12-07 16:45:00,68.54,52.457794
2018-12-07 17:00:00,60.12,50.689674
2018-12-07 17:15:00,72.11,50.306335
2018-12-07 17:30:00,46.33,38.124115
2018-12-07 17:45:00,34.16,27.979027
2018-12-07 18:00:00,30.35,21.639402
2018-12-07 18:15:00,42.48,30.24428
2018-12-07 18:30:00,52.85,35.41896
2018-12-07 18:45:00,58.97,37.703125
2018-12-07 19:00:00,57.17,33.12377
2018-12-07 19:15:00,44.39,38.613106
2018-12-07 19:30:00,47.84,43.82682
2018-12-07 19:45:00,54.07,50.6131
2018-12-07 20:00:00,43.38,51.955887
2018-12-07 20:15:00,57.64,44.207703
2018-12-07 20:30:00,41.72,39.899033
2018-12-07 20:45:00,31.9,28.130512
2018-12-07 21:00:00,19.69,7.418105
2018-12-07 21:15:00,5.62,6.0734305
2018-12-07 21:30:00,5.62,4.0905466
2018-12-07 21:45:00,5.15,3.6674478
2018-12-07 22:00:00,4.28,3.6852698
2018-12-07 22:15:00,4.0,3.615633
2018-12-07 22:30:00,4.07,4.102695
2018-12-07 22:45:00,4.03,3.6255896
2018-12-07 23:00:00,4.0,3.2124426
2018-12-07 23:15:00,3.96,3.0135684
2018-12-07 23:30:00,4.03,2.9807696
2018-12-07 23:45:00,4.0,2.942748
2018-12-08 00:00:00,3.78,2.9173522
2018-12-08 00:15:00,4.0,2.8992941
2018-12-08 00:30:00,3.96,2.966883
2018-12-08 00:45:00,4.0,2.998007
2018-12-08 01:00:00,4.0,3.0134568
2018-12-08 01:15:00,5.15,2.99932
2018-12-08 01:30:00,4.79,2.911236
2018-12-08 01:45:00,3.96,2.8537288
2018-12-08 02:00:00,3.96,2.9337745
2018-12-08 02:15:00,4.1,3.2293348
2018-12-08 02:30:00,4.0,3.1622305
2018-12-08 02:45:00,4.0,2.9565556
2018-12-08 03:00:00,4.0,3.0439892
2018-12-08 03:15:00,3.96,3.020805
2018-12-08 03:30:00,3.64,2.9534092
2018-12-08 03:45:00,3.38,2.9231231
2018-12-08 04:00:00,3.31,2.9784
2018-12-08 04:15:00,3.35,2.9312363
2018-12-08 04:30:00,3.35,2.833304
2018-12-08 04:45:00,3.42,2.7600489
2018-12-08 05:00:00,3.49,2.7886696
2018-12-08 05:15:00,4.0,2.775095
2018-12-08 05:30:00,3.53,2.7514
2018-12-08 05:45:00,3.35,2.7505696
2018-12-08 06:00:00,3.38,2.7948413
2018-12-08 06:15:00,4.03,2.918915
2018-12-08 06:30:00,4.03,2.7499282
2018-12-08 06:45:00,4.0,2.6724033
2018-12-08 07:00:00,3.78,2.599352
2018-12-08 07:15:00,3.35,2.7633877
2018-12-08 07:30:00,3.31,2.693297
2018-12-08 07:45:00,3.53,2.639135
2018-12-08 08:00:00,3.67,2.4832385
2018-12-08 08:15:00,29.23,2.3219974
2018-12-08 08:30:00,38.16,2.2664392
2018-12-08 08:45:00,33.08,2.282247
2018-12-08 09:00:00,51.52,2.2202306
2018-12-08 09:15:00,47.77,30.355383
2018-12-08 09:30:00,42.05,33.79606
2018-12-08 09:45:00,32.4,24.04884
2018-12-08 10:00:00,31.43,38.460968
2018-12-08 10:15:00,31.57,35.168247
2018-12-08 10:30:00,31.43,35.049286
2018-12-08 10:45:00,47.66,31.694584
2018-12-08 11:00:00,49.28,29.095613
2018-12-08 11:15:00,38.16,28.893326
2018-12-08 11:30:00,44.14,27.916462
2018-12-08 11:45:00,38.27,25.318846
2018-12-08 12:00:00,22.46,11.263122
2018-12-08 12:15:00,3.92,4.3892784
2018-12-08 12:30:00,4.57,3.3191557
2018-12-08 12:45:00,5.36,3.865272
2018-12-08 13:00:00,6.08,7.0542502
2018-12-08 13:15:00,34.09,25.171537
2018-12-08 13:30:00,55.69,33.00101
2018-12-08 13:45:00,40.61,33.23915
2018-12-08 14:00:00,50.51,26.132017
2018-12-08 14:15:00,37.98,38.720276
2018-12-08 14:30:00,48.89,45.49962
2018-12-08 14:45:00,37.73,33.918182
2018-12-08 15:00:00,40.03,39.60863
2018-12-08 15:15:00,43.67,33.20189
2018-12-08 15:30:00,46.15,38.70934
2018-12-08 15:45:00,49.68,32.070744
2018-12-08 16:00:00,49.32,33.586594
2018-12-08 16:15:00,49.46,37.184883
2018-12-08 16:30:00,49.54,39.228664
2018-12-08 16:45:00,34.63,41.981644
2018-12-08 17:00:00,27.0,42.177986
2018-12-08 17:15:00,9.9,33.78591
2018-12-08 17:30:00,5.22,20.026442
2018-12-08 17:45:00,5.29,9.180113
2018-12-08 18:00:00,5.22,6.82292
2018-12-08 18:15:00,5.18,5.526943
2018-12-08 18:30:00,5.15,4.6491103
2018-12-08 18:45:00,5.33,4.5070677
2018-12-08 19:00:00,5.15,3.715233
2018-12-08 19:15:00,4.1,3.3341994
2018-12-08 19:30:00,4.14,3.3526144
2018-12-08 19:45:00,4.1,3.3422472
2018-12-08 20:00:00,4.14,3.2668138
2018-12-08 20:15:00,4.1,2.9697185
2018-12-08 20:30:00,4.03,3.0555005
2018-12-08 20:45:00,4.14,3.033534
2018-12-08 21:00:00,4.1,3.026364
2018-12-08 21:15:00,4.14,2.9506297
2018-12-08 21:30:00,4.1,2.8600404
2018-12-08 21:45:00,4.14,2.88088
2018-12-08 22:00:00,4.1,2.9129953
2018-12-08 22:15:00,3.82,2.957739
2018-12-08 22:30:00,3.89,2.9571624
2018-12-08 22:45:00,5.0,2.94784
2018-12-08 23:00:00,4.75,2.9021475
2018-12-08 23:15:00,3.82,2.8132827
2018-12-08 23:30:00,3.71,2.827654
2018-12-08 23:45:00,3.82,3.0929391
2018-12-09 00:00:00,3.17,3.1056845
2018-12-09 00:15:00,3.74,2.8489566
2018-12-09 00:30:00,3.74,2.8678737
2018-12-09 00:45:00,3.82,2.9094555
2018-12-09 01:00:00,3.85,2.7899349
2018-12-09 01:15:00,3.78,2.8884144
2018-12-09 01:30:00,3.82,2.8727386
2018-12-09 01:45:00,3.78,2.8682835
2018-12-09 02:00:00,3.78,2.9350042
2018-12-09 02:15:00,3.17,2.8685138
2018-12-09 02:30:00,3.13,2.8736968
2018-12-09 02:45:00,3.35,2.846807
2018-12-09 03:00:00,3.67,2.913856
2018-12-09 03:15:00,3.02,2.6893587
2018-12-09 03:30:00,3.13,2.6808927
2018-12-09 03:45:00,3.06,2.7330644
2018-12-09 04:00:00,3.06,2.8546169
2018-12-09 04:15:00,3.06,2.6178563
2018-12-09 04:30:00,3.2,2.6535144
2018-12-09 04:45:00,3.78,2.6291761
2018-12-09 05:00:00,3.78,2.6505966
2018-12-09 05:15:00,3.74,2.6282778
2018-12-09 05:30:00,3.74,2.6506283
2018-12-09 05:45:00,3.13,2.7932336
2018-12-09 06:00:00,3.74,2.8038044
2018-12-09 06:15:00,3.56,2.7662401
2018-12-09 06:30:00,3.1,2.7548957
2018-12-09 06:45:00,2.95,2.5468378
2018-12-09 07:00:00,3.06,2.6604671
2018-12-09 07:15:00,3.02,2.5612183
2018-12-09 07:30:00,2.95,2.376402
2018-12-09 07:45:00,3.02,2.3213754
2018-12-09 08:00:00,2.99,2.2678225
2018-12-09 08:15:00,3.13,2.2075648
2018-12-09 08:30:00,3.74,2.1378057
2018-12-09 08:45:00,3.82,2.1220791
2018-12-09 09:00:00,3.96,2.0345027
2018-12-09 09:15:00,4.03,2.0392919
2018-12-09 09:30:00,3.35,2.1991405
2018-12-09 09:45:00,3.31,2.1410928
2018-12-09 10:00:00,3.89,2.1964083
2018-12-09 10:15:00,4.03,2.2041643
2018-12-09 10:30:00,3.31,1.8771871
2018-12-09 10:45:00,3.35,1.8675516
2018-12-09 11:00:00,3.42,2.183803
2018-12-09 11:15:00,3.35,2.1706555
2018-12-09 11:30:00,3.31,1.7961721
2018-12-09 11:45:00,3.38,1.8451241
2018-12-09 12:00:00,3.89,1.9606748
2018-12-09 12:15:00,4.18,1.8930538
2018-12-09 12:30:00,4.1,1.8494718
2018-12-09 12:45:00,4.1,1.8708785
2018-12-09 13:00:00,3.6,2.1523337
2018-12-09 13:15:00,3.42,2.2315516
2018-12-09 13:30:00,3.42,2.1580315
2018-12-09 13:45:00,3.35,2.1649873
2018-12-09 14:00:00,3.92,2.0282843
2018-12-09 14:15:00,3.78,1.971601
2018-12-09 14:30:00,3.42,1.9812026
2018-12-09 14:45:00,3.38,1.939834
2018-12-09 15:00:00,3.46,2.2258196
2018-12-09 15:15:00,3.42,2.1277735
2018-12-09 15:30:00,3.53,1.993623
2018-12-09 15:45:00,4.07,2.0339313
2018-12-09 16:00:00,4.03,2.0743055
2018-12-09 16:15:00,4.14,2.0689158
2018-12-09 16:30:00,4.0,2.1291428
2018-12-09 16:45:00,3.31,2.3591826
2018-12-09 17:00:00,3.35,2.3159575
2018-12-09 17:15:00,3.49,2.3831563
2018-12-09 17:30:00,4.1,2.3689845
2018-12-09 17:45:00,3.64,2.1711822
2018-12-09 18:00:00,3.24,2.237346
2018-12-09 18:15:00,3.28,2.3377779
2018-12-09 18:30:00,3.31,2.5769453
2018-12-09 18:45:00,3.42,2.4248366
2018-12-09 19:00:00,3.64,2.320523
2018-12-09 19:15:00,4.07,2.4219549
2018-12-09 19:30:00,4.03,2.4808686
2018-12-09 19:45:00,4.03,2.5469282
2018-12-09 20:00:00,4.0,2.6320868
2018-12-09 20:15:00,3.31,2.8179557
2018-12-09 20:30:00,3.31,2.8299222
2018-12-09 20:45:00,3.35,2.862975
2018-12-09 21:00:00,3.35,2.8950686
2018-12-09 21:15:00,3.67,2.7109537
2018-12-09 21:30:00,4.14,2.7244246
2018-12-09 21:45:00,3.38,2.733804
2018-12-09 22:00:00,3.28,2.7435906
2018-12-09 22:15:00,3.13,2.7751255
2018-12-09 22:30:00,3.17,2.8780673
2018-12-09 22:45:00,3.78,2.6825507
2018-12-09 23:00:00,3.78,2.72706
2018-12-09 23:15:00,3.74,2.6542459
2018-12-09 23:30:00,3.74,2.642466
2018-12-09 23:45:00,3.46,2.7766917
2018-12-10 00:00:00,5.36,2.7601533
2018-12-10 00:15:00,3.06,2.755342
2018-12-10 00:30:00,3.02,2.7867403
2018-12-10 00:45:00,3.31,2.7220182
2018-12-10 01:00:00,3.85,3.3181026
2018-12-10 01:15:00,3.42,2.5250971
2018-12-10 01:30:00,3.1,2.5800657
2018-12-10 01:45:00,3.1,2.7485826
2018-12-10 02:00:00,3.17,2.8518193
2018-12-10 02:15:00,3.31,2.6796196
2018-12-10 02:30:00,3.82,2.6041105
2018-12-10 02:45:00,3.78,2.6553688
2018-12-10 03:00:00,3.82,2.6423988
2018-12-10 03:15:00,3.74,2.6899319
2018-12-10 03:30:00,3.1,2.861957
2018-12-10 03:45:00,3.2,2.8528318
2018-12-10 04:00:00,3.1,2.837363
2018-12-10 04:15:00,3.13,2.8509524
2018-12-10 04:30:00,3.17,2.68104
2018-12-10 04:45:00,3.49,2.7596548
2018-12-10 05:00:00,3.74,2.696836
2018-12-10 05:15:00,3.13,2.707617
2018-12-10 05:30:00,3.1,2.70711
2018-12-10 05:45:00,3.82,2.8045087
2018-12-10 06:00:00,3.82,2.8624203
2018-12-10 06:15:00,3.85,2.6048512
2018-12-10 06:30:00,3.82,2.5997324
2018-12-10 06:45:00,3.46,2.866114
2018-12-10 07:00:00,3.06,2.6850693
2018-12-10 07:15:00,3.13,2.6434817
2018-12-10 07:30:00,3.56,2.6177945
2018-12-10 07:45:00,5.87,2.4634538
2018-12-10 08:00:00,6.8,2.190653
2018-12-10 08:15:00,33.48,2.2159045
2018-12-10 08:30:00,61.06,2.377492
2018-12-10 08:45:00,58.36,3.763194
2018-12-10 09:00:00,68.62,4.4143486
2018-12-10 09:15:00,69.23,41.475487
2018-12-10 09:30:00,70.78,63.424824
2018-12-10 09:45:00,61.74,53.80439
2018-12-10 10:00:00,72.0,55.240196
2018-12-10 10:15:00,56.2,54.363865
2018-12-10 10:30:00,56.02,57.535892
2018-12-10 10:45:00,63.9,58.253498
2018-12-10 11:00:00,68.47,61.531837
2018-12-10 11:15:00,61.56,58.891747
2018-12-10 11:30:00,70.31,57.24312
2018-12-10 11:45:00,62.42,53.172123
2018-12-10 12:00:00,44.75,35.30793
2018-12-10 12:15:00,9.11,6.9030313
2018-12-10 12:30:00,10.33,4.318862
2018-12-10 12:45:00,11.45,4.573063
2018-12-10 13:00:00,11.09,9.082818
2018-12-10 13:15:00,42.66,43.032276
2018-12-10 13:30:00,72.9,58.020206
2018-12-10 13:45:00,71.03,59.282814
2018-12-10 14:00:00,67.32,49.032486
2018-12-10 14:15:00,64.22,54.3512
2018-12-10 14:30:00,69.91,60.936115
2018-12-10 14:45:00,51.23,59.221252
2018-12-10 15:00:00,58.39,57.859314
2018-12-10 15:15:00,69.62,56.830715
2018-12-10 15:30:00,66.71,61.78968
2018-12-10 15:45:00,65.99,56.91804
2018-12-10 16:00:00,64.98,59.277794
2018-12-10 16:15:00,64.55,63.20969
2018-12-10 16:30:00,63.72,63.46544
2018-12-10 16:45:00,66.53,62.50686
2018-12-10 17:00:00,62.57,60.558643
2018-12-10 17:15:00,63.72,54.22692
2018-12-10 17:30:00,58.64,39.21754
2018-12-10 17:45:00,60.12,27.148392
2018-12-10 18:00:00,24.73,26.135447
2018-12-10 18:15:00,5.47,36.924397
2018-12-10 18:30:00,4.5,47.713886
2018-12-10 18:45:00,4.46,54.15253
2018-12-10 19:00:00,4.46,34.30155
2018-12-10 19:15:00,4.75,16.206366
2018-12-10 19:30:00,5.69,6.586389
2018-12-10 19:45:00,5.62,3.2394388
2018-12-10 20:00:00,4.46,2.4637501
2018-12-10 20:15:00,4.46,2.7411928
2018-12-10 20:30:00,4.5,3.302935
2018-12-10 20:45:00,4.43,3.3637059
2018-12-10 21:00:00,4.46,3.0277965
2018-12-10 21:15:00,4.5,3.132755
2018-12-10 21:30:00,4.57,3.2436037
2018-12-10 21:45:00,4.54,3.2601523
2018-12-10 22:00:00,4.46,3.2308164
2018-12-10 22:15:00,4.28,3.1754396
2018-12-10 22:30:00,4.25,3.0719569
2018-12-10 22:45:00,4.32,2.9239907
2018-12-10 23:00:00,4.18,2.8404913
2018-12-10 23:15:00,4.18,2.859099
2018-12-10 23:30:00,4.21,2.9503064
2018-12-10 23:45:00,4.28,3.0259655
2018-12-11 00:00:00,4.18,3.0419488
2018-12-11 00:15:00,4.86,3.00874
2018-12-11 00:30:00,4.21,2.9942975
2018-12-11 00:45:00,4.18,3.002299
2018-12-11 01:00:00,4.21,2.9274416
2018-12-11 01:15:00,4.32,3.1714694
2018-12-11 01:30:00,4.25,2.9691756
2018-12-11 01:45:00,4.18,2.9966466
2018-12-11 02:00:00,4.21,2.9957325
2018-12-11 02:15:00,4.28,3.041602
2018-12-11 02:30:00,4.25,3.0182543
2018-12-11 02:45:00,4.21,3.003115
2018-12-11 03:00:00,3.56,2.9947333
2018-12-11 03:15:00,3.56,3.038753
2018-12-11 03:30:00,3.53,3.04312
2018-12-11 03:45:00,3.53,3.0463245
2018-12-11 04:00:00,3.85,2.812119
2018-12-11 04:15:00,4.18,2.8550248
2018-12-11 04:30:00,3.49,2.8714857
2018-12-11 04:45:00,3.56,2.8774834
2018-12-11 05:00:00,3.56,2.9356356
2018-12-11 05:15:00,3.74,3.0515556
2018-12-11 05:30:00,4.18,2.813
2018-12-11 05:45:00,4.25,2.857114
2018-12-11 06:00:00,4.28,2.8388274
2018-12-11 06:15:00,3.56,2.8695278
2018-12-11 06:30:00,3.53,2.9954987
2018-12-11 06:45:00,3.6,2.9802682
2018-12-11 07:00:00,3.49,2.8512201
2018-12-11 07:15:00,4.1,2.5651703
2018-12-11 07:30:00,4.07,2.5741732
2018-12-11 07:45:00,4.86,2.5973265
2018-12-11 08:00:00,14.83,2.3921678
2018-12-11 08:15:00,44.21,2.6117291
2018-12-11 08:30:00,54.04,2.5593202
2018-12-11 08:45:00,61.74,2.9044483
2018-12-11 09:00:00,69.48,14.265342
2018-12-11 09:15:00,75.38,51.43287
2018-12-11 09:30:00,71.82,51.013355
2018-12-11 09:45:00,71.24,52.668907
2018-12-11 10:00:00,54.86,53.666553
2018-12-11 10:15:00,66.13,56.59875
2018-12-11 10:30:00,73.08,59.27382
2018-12-11 10:45:00,77.51,61.828632
2018-12-11 11:00:00,72.54,57.957317
2018-12-11 11:15:00,63.83,59.368168
2018-12-11 11:30:00,67.07,59.30392
2018-12-11 11:45:00,84.24,52.333496
2018-12-11 12:00:00,72.79,25.28953
2018-12-11 12:15:00,7.96,5.5622487
2018-12-11 12:30:00,5.8,4.2371078
2018-12-11 12:45:00,6.98,5.180948
2018-12-11 13:00:00,6.95,17.256449
2018-12-11 13:15:00,38.45,47.523422
2018-12-11 13:30:00,59.36,64.78044
2018-12-11 13:45:00,66.02,66.79024
2018-12-11 14:00:00,80.28,52.7239
2018-12-11 14:15:00,75.53,56.083744
2018-12-11 14:30:00,72.0,54.44786
2018-12-11 14:45:00,72.61,53.973824
2018-12-11 15:00:00,78.55,62.68909
2018-12-11 15:15:00,73.98,62.845516
2018-12-11 15:30:00,76.79,63.991024
2018-12-11 15:45:00,80.46,67.85193
2018-12-11 16:00:00,68.11,73.04885
2018-12-11 16:15:00,71.68,72.24359
2018-12-11 16:30:00,69.8,70.76992
2018-12-11 16:45:00,75.46,69.837776
2018-12-11 17:00:00,70.27,64.390366
2018-12-11 17:15:00,78.48,59.88054
2018-12-11 17:30:00,66.78,45.507706
2018-12-11 17:45:00,32.11,30.704182
2018-12-11 18:00:00,31.25,26.318098
2018-12-11 18:15:00,36.4,37.298275
2018-12-11 18:30:00,39.56,49.652435
2018-12-11 18:45:00,51.44,44.50478
2018-12-11 19:00:00,51.52,41.494457
2018-12-11 19:15:00,53.57,38.81757
2018-12-11 19:30:00,52.81,35.657207
2018-12-11 19:45:00,52.38,43.32543
2018-12-11 20:00:00,53.21,45.829132
2018-12-11 20:15:00,51.91,48.76186
2018-12-11 20:30:00,53.46,46.212944
2018-12-11 20:45:00,32.36,37.44157
2018-12-11 21:00:00,28.37,22.065847
2018-12-11 21:15:00,6.77,7.1930895
2018-12-11 21:30:00,5.69,4.9174457
2018-12-11 21:45:00,5.8,3.0019038
2018-12-11 22:00:00,5.69,3.1790931
2018-12-11 22:15:00,5.47,2.7675009
2018-12-11 22:30:00,5.44,3.6465774
2018-12-11 22:45:00,4.97,3.733753
2018-12-11 23:00:00,4.36,3.469729
2018-12-11 23:15:00,4.25,3.2589612
2018-12-11 23:30:00,4.21,3.2804685
2018-12-11 23:45:00,4.14,3.2147665
2018-12-12 00:00:00,4.21,3.1786692
2018-12-12 00:15:00,4.21,3.141676
2018-12-12 00:30:00,4.14,3.1389468
2018-12-12 00:45:00,4.14,3.1232712
2018-12-12 01:00:00,4.14,3.142168
2018-12-12 01:15:00,4.21,3.1706405
2018-12-12 01:30:00,4.18,3.139898
2018-12-12 01:45:00,4.75,3.0712175
2018-12-12 02:00:00,5.33,3.0424793
2018-12-12 02:15:00,4.25,3.0565553
2018-12-12 02:30:00,4.25,3.1088712
2018-12-12 02:45:00,4.18,3.3116646
2018-12-12 03:00:00,4.21,3.4624617
2018-12-12 03:15:00,4.18,3.0951676
2018-12-12 03:30:00,4.18,3.119153
2018-12-12 03:45:00,4.25,3.1221743
2018-12-12 04:00:00,4.18,3.070894
2018-12-12 04:15:00,4.03,3.067517
2018-12-12 04:30:00,3.46,3.0927293
2018-12-12 04:45:00,3.46,3.143328
2018-12-12 05:00:00,3.53,3.0876172
2018-12-12 05:15:00,3.46,3.0498242
2018-12-12 05:30:00,3.49,2.854826
2018-12-12 05:45:00,4.0,2.868631
2018-12-12 06:00:00,4.25,2.8771904
2018-12-12 06:15:00,3.85,2.822332
2018-12-12 06:30:00,3.42,2.806666
2018-12-12 06:45:00,3.42,2.9699657
2018-12-12 07:00:00,3.96,2.8763487
2018-12-12 07:15:00,4.1,2.667441
2018-12-12 07:30:00,4.32,2.4971867
2018-12-12 07:45:00,5.83,2.5016446
2018-12-12 08:00:00,5.8,2.579363
2018-12-12 08:15:00,36.86,2.5712001
2018-12-12 08:30:00,60.37,2.6307428
2018-12-12 08:45:00,66.46,3.5125382
2018-12-12 09:00:00,69.05,3.3660054
2018-12-12 09:15:00,63.86,45.265472
2018-12-12 09:30:00,65.59,61.227444
2018-12-12 09:45:00,60.98,58.38246
2018-12-12 10:00:00,65.74,55.23189
2018-12-12 10:15:00,57.17,51.62842
2018-12-12 10:30:00,64.55,54.45744
2018-12-12 10:45:00,53.42,56.01122
2018-12-12 11:00:00,65.88,57.713116
2018-12-12 11:15:00,57.71,56.303635
2018-12-12 11:30:00,59.76,56.47408
2018-12-12 11:45:00,79.85,50.1116
2018-12-12 12:00:00,49.64,31.672144
2018-12-12 12:15:00,27.97,6.6232758
2018-12-12 12:30:00,29.74,4.346417
2018-12-12 12:45:00,29.56,4.9070935
2018-12-12 13:00:00,29.3,7.916987
2018-12-12 13:15:00,58.86,42.975533
2018-12-12 13:30:00,61.78,63.84549
2018-12-12 13:45:00,77.0,64.80772
2018-12-12 14:00:00,65.56,57.06644
2018-12-12 14:15:00,86.51,62.1857
2018-12-12 14:30:00,60.44,57.742455
2018-12-12 14:45:00,64.8,63.495026
2018-12-12 15:00:00,72.18,55.386253
2018-12-12 15:15:00,69.08,61.46988
2018-12-12 15:30:00,66.17,48.840458
2018-12-12 15:45:00,61.67,50.229496
2018-12-12 16:00:00,70.6,54.303127
2018-12-12 16:15:00,68.36,56.439316
2018-12-12 16:30:00,75.1,58.701286
2018-12-12 16:45:00,66.13,57.90713
2018-12-12 17:00:00,70.7,57.762207
2018-12-12 17:15:00,60.7,50.032574
2018-12-12 17:30:00,57.92,37.385487
2018-12-12 17:45:00,32.9,27.875193
2018-12-12 18:00:00,30.53,33.281643
2018-12-12 18:15:00,49.9,44.371166
2018-12-12 18:30:00,67.25,53.643307
2018-12-12 18:45:00,69.37,42.24576
2018-12-12 19:00:00,65.99,35.59215
2018-12-12 19:15:00,66.02,43.50455
2018-12-12 19:30:00,60.19,56.384575
2018-12-12 19:45:00,58.54,61.9406
2018-12-12 20:00:00,61.85,61.106766
2018-12-12 20:15:00,67.07,57.953922
2018-12-12 20:30:00,58.82,45.002888
2018-12-12 20:45:00,53.35,25.92312
2018-12-12 21:00:00,30.35,8.438421
2018-12-12 21:15:00,12.2,5.9631505
2018-12-12 21:30:00,5.8,4.8986397
2018-12-12 21:45:00,5.76,5.5419955
2018-12-12 22:00:00,5.65,4.9238253
2018-12-12 22:15:00,5.04,4.4819775
2018-12-12 22:30:00,4.25,4.3174496
2018-12-12 22:45:00,4.25,3.8002505
2018-12-12 23:00:00,4.21,3.1707156
2018-12-12 23:15:00,4.14,2.903641
2018-12-12 23:30:00,4.1,2.8858669
2018-12-12 23:45:00,4.1,2.968963
2018-12-13 00:00:00,5.26,3.184987
2018-12-13 00:15:00,4.1,3.0649705
2018-12-13 00:30:00,4.18,3.0860488
2018-12-13 00:45:00,4.21,3.1605015
2018-12-13 01:00:00,4.14,3.5527468
2018-12-13 01:15:00,4.28,3.2510056
2018-12-13 01:30:00,4.18,3.2905405
2018-12-13 01:45:00,4.25,3.2681372
2018-12-13 02:00:00,5.36,3.2494733
2018-12-13 02:15:00,4.79,3.1935048
2018-12-13 02:30:00,4.25,3.180335
2018-12-13 02:45:00,4.18,3.2637103
2018-12-13 03:00:00,4.21,3.653033
2018-12-13 03:15:00,4.18,3.3859155
2018-12-13 03:30:00,4.21,3.1929553
2018-12-13 03:45:00,4.21,3.1791854
2018-12-13 04:00:00,4.21,3.1901622
2018-12-13 04:15:00,4.18,3.1185374
2018-12-13 04:30:00,4.21,3.1330247
2018-12-13 04:45:00,4.21,3.1409407
2018-12-13 05:00:00,4.18,3.1521277
2018-12-13 05:15:00,3.67,3.1237254
2018-12-13 05:30:00,3.42,3.1226592
2018-12-13 05:45:00,3.89,3.109241
2018-12-13 06:00:00,4.32,3.091704
2018-12-13 06:15:00,3.46,2.8978188
2018-12-13 06:30:00,3.38,2.8047647
2018-12-13 06:45:00,3.38,2.9513237
2018-12-13 07:00:00,3.42,2.9334462
2018-12-13 07:15:00,3.42,2.544248
2018-12-13 07:30:00,3.71,2.485598
2018-12-13 07:45:00,5.69,2.4777498
2018-12-13 08:00:00,6.23,2.3148952
2018-12-13 08:15:00,35.57,2.2715917
2018-12-13 08:30:00,72.86,2.3701339
2018-12-13 08:45:00,61.74,3.5190256
2018-12-13 09:00:00,76.36,3.7783682
2018-12-13 09:15:00,63.11,43.97143
2018-12-13 09:30:00,65.66,74.20049
2018-12-13 09:45:00,72.07,57.66096
2018-12-13 10:00:00,56.84,59.103233
2018-12-13 10:15:00,69.3,51.986946
2018-12-13 10:30:00,65.66,54.591457
2018-12-13 10:45:00,85.43,60.213356
2018-12-13 11:00:00,53.17,57.760914
2018-12-13 11:15:00,55.4,60.105564
2018-12-13 11:30:00,60.08,59.1172
2018-12-13 11:45:00,58.0,57.07423
2018-12-13 12:00:00,51.3,37.445103
2018-12-13 12:15:00,11.38,7.7543187
2018-12-13 12:30:00,10.91,4.6438794
2018-12-13 12:45:00,30.1,4.8505673
2018-12-13 13:00:00,36.4,7.9003816
2018-12-13 13:15:00,41.69,36.88638
2018-12-13 13:30:00,56.92,53.9596
2018-12-13 13:45:00,46.66,66.219894
2018-12-13 14:00:00,52.52,61.25505
2018-12-13 14:15:00,58.25,50.74288
2018-12-13 14:30:00,72.61,50.69828
2018-12-13 14:45:00,66.24,42.24634
2018-12-13 15:00:00,73.08,43.134995
2018-12-13 15:15:00,60.52,46.251034
2018-12-13 15:30:00,59.87,55.764923
2018-12-13 15:45:00,63.5,55.41847
2018-12-13 16:00:00,60.52,60.585762
2018-12-13 16:15:00,88.92,58.83197
2018-12-13 16:30:00,105.37,59.805706
2018-12-13 16:45:00,102.89,60.102264
2018-12-13 17:00:00,77.83,56.633892
2018-12-13 17:15:00,67.18,55.29224
2018-12-13 17:30:00,70.13,45.795143
2018-12-13 17:45:00,31.72,36.20915
2018-12-13 18:00:00,31.5,37.634983
2018-12-13 18:15:00,54.79,48.514275
2018-12-13 18:30:00,77.04,61.63887
2018-12-13 18:45:00,79.63,47.35269
2018-12-13 19:00:00,80.46,42.373844
2018-12-13 19:15:00,71.89,50.33709
2018-12-13 19:30:00,78.52,64.72969
2018-12-13 19:45:00,52.31,70.317894
2018-12-13 20:00:00,61.16,71.95112
2018-12-13 20:15:00,61.6,64.41584
2018-12-13 20:30:00,49.68,57.315544
2018-12-13 20:45:00,41.54,26.187763
2018-12-13 21:00:00,20.16,10.711099
2018-12-13 21:15:00,6.16,5.8390245
2018-12-13 21:30:00,5.69,4.4882803
2018-12-13 21:45:00,5.69,4.797502
2018-12-13 22:00:00,5.65,4.01239
2018-12-13 22:15:00,5.47,3.7285867
2018-12-13 22:30:00,5.4,3.9888263
2018-12-13 22:45:00,5.36,3.47782
2018-12-13 23:00:00,5.36,3.1662374
2018-12-13 23:15:00,5.26,3.1289372
2018-12-13 23:30:00,5.22,3.2682943
2018-12-13 23:45:00,5.18,3.292313
2018-12-14 00:00:00,4.1,3.480226
2018-12-14 00:15:00,5.33,3.4333334
2018-12-14 00:30:00,5.29,3.493904
2018-12-14 00:45:00,5.26,3.5371356
2018-12-14 01:00:00,5.29,3.3230054
2018-12-14 01:15:00,5.26,3.6326513
2018-12-14 01:30:00,5.36,3.6058693
2018-12-14 01:45:00,5.33,3.51561
2018-12-14 02:00:00,4.79,3.4876735
2018-12-14 02:15:00,4.14,3.4372776
2018-12-14 02:30:00,4.18,3.5282116
2018-12-14 02:45:00,4.21,3.592037
2018-12-14 03:00:00,4.18,3.5102015
2018-12-14 03:15:00,4.25,3.256904
2018-12-14 03:30:00,4.18,3.22906
2018-12-14 03:45:00,4.14,3.1890755
2018-12-14 04:00:00,4.28,3.181865
2018-12-14 04:15:00,4.18,3.1480083
2018-12-14 04:30:00,4.18,3.1345906
2018-12-14 04:45:00,4.1,3.1382334
2018-12-14 05:00:00,4.46,3.2054186
2018-12-14 05:15:00,5.4,3.1601002
2018-12-14 05:30:00,4.5,3.139207
2018-12-14 05:45:00,4.18,3.094664
2018-12-14 06:00:00,4.14,3.22832
2018-12-14 06:15:00,4.14,3.521183
2018-12-14 06:30:00,3.49,3.131543
2018-12-14 06:45:00,3.42,3.0160894
2018-12-14 07:00:00,3.35,2.931093
2018-12-14 07:15:00,3.35,2.896227
2018-12-14 07:30:00,4.25,2.600057
2018-12-14 07:45:00,6.52,2.537757
2018-12-14 08:00:00,7.38,2.3841088
2018-12-14 08:15:00,36.22,2.3019416
2018-12-14 08:30:00,94.18,2.580924
2018-12-14 08:45:00,97.88,4.0033283
2018-12-14 09:00:00,134.5,4.5725465
2018-12-14 09:15:00,93.67,44.294697
2018-12-14 09:30:00,109.26,91.47348
2018-12-14 09:45:00,128.34,86.488625
2018-12-14 10:00:00,81.47,90.84759
2018-12-14 10:15:00,109.69,76.97709
2018-12-14 10:30:00,120.67,78.01413
2018-12-14 10:45:00,92.81,86.8133
2018-12-14 11:00:00,91.58,84.93984
2018-12-14 11:15:00,104.9,91.277725
2018-12-14 11:30:00,124.2,93.53193
2018-12-14 11:45:00,88.85,80.8682
2018-12-14 12:00:00,132.01,54.5207
2018-12-14 12:15:00,13.61,13.688739
2018-12-14 12:30:00,9.86,5.7861104
2018-12-14 12:45:00,9.61,5.0157843
2018-12-14 13:00:00,9.43,7.321408
2018-12-14 13:15:00,86.98,42.959885
2018-12-14 13:30:00,74.66,84.609535
2018-12-14 13:45:00,116.42,94.42605
2018-12-14 14:00:00,107.57,83.11993
2018-12-14 14:15:00,103.82,97.19098
2018-12-14 14:30:00,114.73,71.13419
2018-12-14 14:45:00,84.74,83.54143
2018-12-14 15:00:00,109.4,83.752785
2018-12-14 15:15:00,125.21,84.01942
2018-12-14 15:30:00,89.35,86.08375
2018-12-14 15:45:00,122.26,77.2395
2018-12-14 16:00:00,114.66,87.845924
2018-12-14 16:15:00,96.8,97.54537
2018-12-14 16:30:00,118.12,93.36575
2018-12-14 16:45:00,133.2,100.32544
2018-12-14 17:00:00,102.64,96.51005
2018-12-14 17:15:00,63.94,80.35124
2018-12-14 17:30:00,62.64,63.849743
2018-12-14 17:45:00,37.94,49.518135
2018-12-14 18:00:00,32.62,38.90406
2018-12-14 18:15:00,29.63,40.692547
2018-12-14 18:30:00,26.57,55.813263
2018-12-14 18:45:00,26.35,53.59237
2018-12-14 19:00:00,26.32,49.451584
2018-12-14 19:15:00,26.39,41.446426
2018-12-14 19:30:00,26.64,28.186646
2018-12-14 19:45:00,28.44,21.163378
2018-12-14 20:00:00,30.46,18.483992
2018-12-14 20:15:00,29.88,18.163338
2018-12-14 20:30:00,30.06,17.575018
2018-12-14 20:45:00,31.93,16.275217
2018-12-14 21:00:00,28.66,13.021225
2018-12-14 21:15:00,5.76,8.107552
2018-12-14 21:30:00,5.8,6.8100286
2018-12-14 21:45:00,5.72,6.785526
2018-12-14 22:00:00,5.69,6.3480744
2018-12-14 22:15:00,5.4,3.831832
2018-12-14 22:30:00,5.33,4.0443387
2018-12-14 22:45:00,5.33,3.9283752
2018-12-14 23:00:00,5.33,3.8553133
2018-12-14 23:15:00,4.86,3.569608
2018-12-14 23:30:00,4.03,3.399388
2018-12-14 23:45:00,4.03,3.3638077
2018-12-15 00:00:00,3.28,3.3017063
2018-12-15 00:15:00,4.14,3.1759553
2018-12-15 00:30:00,4.1,2.9746068
2018-12-15 00:45:00,4.07,2.9768882
2018-12-15 01:00:00,4.14,2.8625271
2018-12-15 01:15:00,4.14,2.9868596
2018-12-15 01:30:00,4.14,2.917836
2018-12-15 01:45:00,4.14,2.850722
2018-12-15 02:00:00,4.1,2.9598997
2018-12-15 02:15:00,4.1,2.954896
2018-12-15 02:30:00,4.21,2.988613
2018-12-15 02:45:00,4.1,2.9985533
2018-12-15 03:00:00,4.18,3.033476
2018-12-15 03:15:00,4.82,2.9744828
2018-12-15 03:30:00,5.26,2.9957905
2018-12-15 03:45:00,4.18,2.943681
2018-12-15 04:00:00,4.14,3.0244288
2018-12-15 04:15:00,4.14,3.1810985
2018-12-15 04:30:00,3.82,3.284433
2018-12-15 04:45:00,3.46,2.9632034
2018-12-15 05:00:00,3.49,3.0223129
2018-12-15 05:15:00,3.42,3.0314317
2018-12-15 05:30:00,3.42,2.911401
2018-12-15 05:45:00,3.42,2.7866707
2018-12-15 06:00:00,3.38,2.8325436
2018-12-15 06:15:00,3.46,2.7942295
2018-12-15 06:30:00,3.42,2.7630832
2018-12-15 06:45:00,3.49,2.7315571
2018-12-15 07:00:00,4.57,2.611806
2018-12-15 07:15:00,4.43,2.5798645
2018-12-15 07:30:00,4.1,2.508595
2018-12-15 07:45:00,4.07,2.4815593
2018-12-15 08:00:00,3.64,2.7043982
2018-12-15 08:15:00,3.35,2.579956
2018-12-15 08:30:00,3.35,2.40836
2018-12-15 08:45:00,3.38,2.3871524
2018-12-15 09:00:00,3.49,2.180387
2018-12-15 09:15:00,3.56,2.053237
2018-12-15 09:30:00,3.38,2.025797
2018-12-15 09:45:00,3.42,1.9956418
2018-12-15 10:00:00,3.35,1.9802892
2018-12-15 10:15:00,3.35,1.9635713
2018-12-15 10:30:00,3.35,1.8548884
2018-12-15 10:45:00,4.97,1.8619554
2018-12-15 11:00:00,5.36,1.8503321
2018-12-15 11:15:00,4.28,1.8267112
2018-12-15 11:30:00,4.18,1.8087155
2018-12-15 11:45:00,3.35,2.6483417
2018-12-15 12:00:00,3.38,2.742878
2018-12-15 12:15:00,3.42,2.075698
2018-12-15 12:30:00,3.42,2.132073
2018-12-15 12:45:00,3.42,1.758595
2018-12-15 13:00:00,3.38,1.8026372
2018-12-15 13:15:00,3.31,1.8034992
2018-12-15 13:30:00,3.35,1.7813194
2018-12-15 13:45:00,3.38,1.7800025
2018-12-15 14:00:00,3.31,1.808176
2018-12-15 14:15:00,3.82,1.7893755
2018-12-15 14:30:00,4.1,1.8232199
2018-12-15 14:45:00,4.07,1.8414252
2018-12-15 15:00:00,4.21,1.8570517
2018-12-15 15:15:00,3.74,2.1269903
2018-12-15 15:30:00,3.74,2.2434692
2018-12-15 15:45:00,3.96,2.210331
2018-12-15 16:00:00,3.28,2.3446748
2018-12-15 16:15:00,3.35,2.1644983
2018-12-15 16:30:00,3.28,2.2101386
2018-12-15 16:45:00,3.24,2.3255887
2018-12-15 17:00:00,3.28,2.0413265
2018-12-15 17:15:00,3.28,2.1156967
2018-12-15 17:30:00,3.35,2.1335213
2018-12-15 17:45:00,4.18,2.1561248
2018-12-15 18:00:00,4.1,2.183434
2018-12-15 18:15:00,4.1,2.2220607
2018-12-15 18:30:00,4.1,2.2843862
2018-12-15 18:45:00,4.03,2.6122396
2018-12-15 19:00:00,4.28,2.5601213
2018-12-15 19:15:00,3.49,2.6004443
2018-12-15 19:30:00,3.38,2.6708174
2018-12-15 19:45:00,3.35,2.7123442
2018-12-15 20:00:00,3.38,2.820951
2018-12-15 20:15:00,3.46,2.6443932
2018-12-15 20:30:00,3.42,2.725873
2018-12-15 20:45:00,3.35,2.8010898
2018-12-15 21:00:00,3.38,2.778505
2018-12-15 21:15:00,3.96,2.7887917
2018-12-15 21:30:00,4.28,2.7679813
2018-12-15 21:45:00,4.25,2.7445116
2018-12-15 22:00:00,4.18,2.7346854
2018-12-15 22:15:00,3.74,2.8673453
2018-12-15 22:30:00,3.31,2.9271777
2018-12-15 22:45:00,4.07,2.912291
2018-12-15 23:00:00,3.56,2.8980167
2018-12-15 23:15:00,3.17,2.813043
2018-12-15 23:30:00,3.24,2.7272894
2018-12-15 23:45:00,3.2,2.9205968
2018-12-16 00:00:00,4.21,2.843875
2018-12-16 00:15:00,3.24,2.6981146
2018-12-16 00:30:00,3.28,2.7311833
2018-12-16 00:45:00,3.28,2.7101336
2018-12-16 01:00:00,3.85,3.026745
2018-12-16 01:15:00,4.18,2.6951966
2018-12-16 01:30:00,4.07,2.709964
2018-12-16 01:45:00,4.07,2.7216618
2018-12-16 02:00:00,3.92,2.9444613
2018-12-16 02:15:00,3.28,2.9583812
2018-12-16 02:30:00,3.42,2.9033113
2018-12-16 02:45:00,3.53,2.9092398
2018-12-16 03:00:00,4.14,2.9508724
2018-12-16 03:15:00,3.56,2.7345657
2018-12-16 03:30:00,3.35,2.7789843
2018-12-16 03:45:00,3.38,2.7957926
2018-12-16 04:00:00,3.42,2.9912574
2018-12-16 04:15:00,3.42,2.7790372
2018-12-16 04:30:00,3.42,2.7173152
2018-12-16 04:45:00,3.38,2.7326443
2018-12-16 05:00:00,4.07,2.7667487
2018-12-16 05:15:00,4.14,2.7361817
2018-12-16 05:30:00,4.07,2.7143085
2018-12-16 05:45:00,4.07,2.686501
2018-12-16 06:00:00,3.53,2.9084394
2018-12-16 06:15:00,3.31,2.8923326
2018-12-16 06:30:00,3.35,2.8385596
2018-12-16 06:45:00,3.64,2.8260968
2018-12-16 07:00:00,4.07,2.5722702
2018-12-16 07:15:00,3.38,2.4948525
2018-12-16 07:30:00,3.28,2.4913218
2018-12-16 07:45:00,3.89,2.5438848
2018-12-16 08:00:00,3.96,2.5561485
2018-12-16 08:15:00,39.35,2.285843
2018-12-16 08:30:00,63.54,2.2448637
2018-12-16 08:45:00,65.02,2.4356537
2018-12-16 09:00:00,63.79,2.3707767
2018-12-16 09:15:00,61.7,41.817696
2018-12-16 09:30:00,64.8,57.57844
2018-12-16 09:45:00,51.16,50.749733
2018-12-16 10:00:00,55.01,45.789894
2018-12-16 10:15:00,61.81,43.30305
2018-12-16 10:30:00,72.18,46.476517
2018-12-16 10:45:00,54.86,45.480762
2018-12-16 11:00:00,66.78,45.90442
2018-12-16 11:15:00,69.95,47.00079
2018-12-16 11:30:00,53.35,48.967285
2018-12-16 11:45:00,55.51,44.131847
2018-12-16 12:00:00,11.81,30.484715
2018-12-16 12:15:00,5.65,6.809378
2018-12-16 12:30:00,5.54,3.595916
2018-12-16 12:45:00,5.44,3.9772117
2018-12-16 13:00:00,5.33,7.0601254
2018-12-16 13:15:00,36.47,35.81588
2018-12-16 13:30:00,63.72,42.359985
2018-12-16 13:45:00,64.8,40.782093
2018-12-16 14:00:00,61.85,29.78956
2018-12-16 14:15:00,57.89,39.715767
2018-12-16 14:30:00,54.36,47.692448
2018-12-16 14:45:00,47.38,47.481903
2018-12-16 15:00:00,43.49,47.066895
2018-12-16 15:15:00,45.4,46.505913
2018-12-16 15:30:00,60.55,46.84308
2018-12-16 15:45:00,48.42,44.531097
2018-12-16 16:00:00,63.22,41.797554
2018-12-16 16:15:00,62.64,41.730396
2018-12-16 16:30:00,66.02,47.578384
2018-12-16 16:45:00,35.42,44.18125
2018-12-16 17:00:00,9.11,49.103622
2018-12-16 17:15:00,8.06,42.63605
2018-12-16 17:30:00,7.74,27.691967
2018-12-16 17:45:00,7.85,12.665164
2018-12-16 18:00:00,6.73,6.885655
2018-12-16 18:15:00,5.22,5.4054317
2018-12-16 18:30:00,5.69,4.6270967
2018-12-16 18:45:00,5.72,4.9478083
2018-12-16 19:00:00,5.69,4.256241
2018-12-16 19:15:00,5.72,3.5504336
2018-12-16 19:30:00,5.44,3.6636376
2018-12-16 19:45:00,4.46,3.5823529
2018-12-16 20:00:00,4.5,3.5177987
2018-12-16 20:15:00,4.46,3.5005028
2018-12-16 20:30:00,4.5,3.4377723
2018-12-16 20:45:00,4.54,3.146621
2018-12-16 21:00:00,4.46,3.1568727
2018-12-16 21:15:00,4.5,3.0521216
2018-12-16 21:30:00,4.5,2.9748287
2018-12-16 21:45:00,4.57,2.9113836
2018-12-16 22:00:00,4.57,2.964542
2018-12-16 22:15:00,4.25,2.9529839
2018-12-16 22:30:00,4.25,2.980093
2018-12-16 22:45:00,4.18,2.993831
2018-12-16 23:00:00,5.44,3.030663
2018-12-16 23:15:00,4.82,2.8745067
2018-12-16 23:30:00,4.14,2.8679416
2018-12-16 23:45:00,4.18,2.846335
2018-12-17 00:00:00,4.57,3.3587987
2018-12-17 00:15:00,4.25,3.1030357
2018-12-17 00:30:00,4.18,2.923223
2018-12-17 00:45:00,4.21,3.00708
2018-12-17 01:00:00,4.21,3.0944142
2018-12-17 01:15:00,4.21,2.9673336
2018-12-17 01:30:00,4.36,2.9500828
2018-12-17 01:45:00,4.28,2.9871705
2018-12-17 02:00:00,4.28,2.9503856
2018-12-17 02:15:00,4.28,2.963192
2018-12-17 02:30:00,3.71,3.028678
2018-12-17 02:45:00,4.32,3.0164707
2018-12-17 03:00:00,3.82,2.9795148
2018-12-17 03:15:00,3.53,3.002496
2018-12-17 03:30:00,3.53,2.839684
2018-12-17 03:45:00,3.53,3.0763223
2018-12-17 04:00:00,3.6,2.8664997
2018-12-17 04:15:00,3.53,2.7956672
2018-12-17 04:30:00,3.53,2.8390439
2018-12-17 04:45:00,4.1,2.8612907
2018-12-17 05:00:00,4.25,2.8397233
2018-12-17 05:15:00,4.28,2.8338158
2018-12-17 05:30:00,4.25,2.8273003
2018-12-17 05:45:00,3.64,3.0164099
2018-12-17 06:00:00,3.49,3.040051
2018-12-17 06:15:00,3.46,3.0243177
2018-12-17 06:30:00,4.32,3.0076046
2018-12-17 06:45:00,3.6,2.767482
2018-12-17 07:00:00,3.42,2.5983057
2018-12-17 07:15:00,3.49,2.577804
2018-12-17 07:30:00,4.36,2.8858135
2018-12-17 07:45:00,6.19,2.5292869
2018-12-17 08:00:00,6.3,2.330401
2018-12-17 08:15:00,6.48,2.371865
2018-12-17 08:30:00,53.35,2.7643392
2018-12-17 08:45:00,46.94,3.9688716
2018-12-17 09:00:00,52.06,3.9285445
2018-12-17 09:15:00,54.83,4.152618
2018-12-17 09:30:00,56.12,65.2157
2018-12-17 09:45:00,58.0,48.035606
2018-12-17 10:00:00,50.08,46.071987
2018-12-17 10:15:00,46.04,45.711067
2018-12-17 10:30:00,49.54,47.943436
2018-12-17 10:45:00,54.14,51.600204
2018-12-17 11:00:00,53.78,49.958893
2018-12-17 11:15:00,52.67,47.660137
2018-12-17 11:30:00,55.84,48.121033
2018-12-17 11:45:00,49.64,48.443604
2018-12-17 12:00:00,54.5,40.520706
2018-12-17 12:15:00,11.12,13.867801
2018-12-17 12:30:00,7.06,4.797464
2018-12-17 12:45:00,7.13,4.2020555
2018-12-17 13:00:00,8.21,5.703764
2018-12-17 13:15:00,33.26,23.860325
2018-12-17 13:30:00,56.99,47.211754
2018-12-17 13:45:00,56.59,50.396988
2018-12-17 14:00:00,55.08,47.205666
2018-12-17 14:15:00,51.05,51.886387
2018-12-17 14:30:00,47.95,54.367474
2018-12-17 14:45:00,57.82,49.95494
2018-12-17 15:00:00,59.11,48.41026
2018-12-17 15:15:00,60.62,47.1778
2018-12-17 15:30:00,53.6,47.113235
2018-12-17 15:45:00,60.44,52.973564
2018-12-17 16:00:00,67.5,55.05452
2018-12-17 16:15:00,85.86,57.24975
2018-12-17 16:30:00,82.33,55.932594
2018-12-17 16:45:00,59.8,57.68267
2018-12-17 17:00:00,60.37,59.92933
2018-12-17 17:15:00,56.38,62.105907
2018-12-17 17:30:00,52.99,51.39836
2018-12-17 17:45:00,35.35,32.614124
2018-12-17 18:00:00,31.32,23.642408
2018-12-17 18:15:00,16.09,26.631235
2018-12-17 18:30:00,6.37,37.509323
2018-12-17 18:45:00,5.8,38.33232
2018-12-17 19:00:00,5.54,36.00257
2018-12-17 19:15:00,5.54,20.72051
2018-12-17 19:30:00,5.62,6.279929
2018-12-17 19:45:00,5.54,3.392768
2018-12-17 20:00:00,5.62,2.744563
2018-12-17 20:15:00,5.54,3.0541093
2018-12-17 20:30:00,4.75,3.4043925
2018-12-17 20:45:00,4.46,3.417094
2018-12-17 21:00:00,4.46,3.3955166
2018-12-17 21:15:00,4.43,3.4361162
2018-12-17 21:30:00,4.43,3.3148794
2018-12-17 21:45:00,4.46,3.3065166
2018-12-17 22:00:00,4.46,3.262902
2018-12-17 22:15:00,4.14,3.1555166
2018-12-17 22:30:00,4.18,3.0096354
2018-12-17 22:45:00,4.21,2.890376
2018-12-17 23:00:00,4.18,2.8528347
2018-12-17 23:15:00,4.14,2.8333056
2018-12-17 23:30:00,4.07,2.939162
2018-12-17 23:45:00,4.07,2.9958296
2018-12-18 00:00:00,4.14,3.0329247
2018-12-18 00:15:00,5.22,2.9836228
2018-12-18 00:30:00,4.68,2.9421492
2018-12-18 00:45:00,4.14,2.9392874
2018-12-18 01:00:00,4.1,2.9206493
2018-12-18 01:15:00,4.18,3.290644
2018-12-18 01:30:00,4.07,3.1011157
2018-12-18 01:45:00,4.18,2.9671984
2018-12-18 02:00:00,4.1,2.9700344
2018-12-18 02:15:00,4.18,3.0174658
2018-12-18 02:30:00,4.14,2.970695
2018-12-18 02:45:00,4.21,3.0041332
2018-12-18 03:00:00,4.18,2.9553146
2018-12-18 03:15:00,3.6,3.003666
2018-12-18 03:30:00,3.42,3.0092258
2018-12-18 03:45:00,3.42,3.0477414
2018-12-18 04:00:00,3.38,3.0085564
2018-12-18 04:15:00,3.42,2.8419163
2018-12-18 04:30:00,3.71,2.8257728
2018-12-18 04:45:00,4.18,2.8588247
2018-12-18 05:00:00,3.53,2.7995741
2018-12-18 05:15:00,3.46,2.8236463
2018-12-18 05:30:00,3.38,2.9153023
2018-12-18 05:45:00,4.03,3.052032
2018-12-18 06:00:00,4.14,2.7658498
2018-12-18 06:15:00,3.6,2.747907
2018-12-18 06:30:00,3.38,2.7232382
2018-12-18 06:45:00,3.35,2.9410055
2018-12-18 07:00:00,3.31,2.8067513
2018-12-18 07:15:00,3.28,2.5571272
2018-12-18 07:30:00,3.42,2.4926407
2018-12-18 07:45:00,5.58,2.492255
2018-12-18 08:00:00,7.27,2.3242276
2018-12-18 08:15:00,38.38,2.2797894
2018-12-18 08:30:00,72.86,2.3152645
2018-12-18 08:45:00,66.42,3.3991382
2018-12-18 09:00:00,81.4,4.7016625
2018-12-18 09:15:00,66.28,46.850155
2018-12-18 09:30:00,78.3,72.71798
2018-12-18 09:45:00,77.72,60.45938
2018-12-18 10:00:00,74.59,62.14292
2018-12-18 10:15:00,63.04,54.104027
2018-12-18 10:30:00,58.68,59.62908
2018-12-18 10:45:00,62.96,64.25432
2018-12-18 11:00:00,68.36,66.42121
2018-12-18 11:15:00,60.05,64.41346
2018-12-18 11:30:00,58.82,60.77992
2018-12-18 11:45:00,64.73,54.466335
2018-12-18 12:00:00,67.54,35.055504
2018-12-18 12:15:00,8.14,6.952991
2018-12-18 12:30:00,8.64,4.398621
2018-12-18 12:45:00,8.78,4.863243
2018-12-18 13:00:00,9.4,8.124796
2018-12-18 13:15:00,52.45,35.996746
2018-12-18 13:30:00,67.46,57.50309
2018-12-18 13:45:00,62.53,59.885414
2018-12-18 14:00:00,62.46,51.69538
2018-12-18 14:15:00,67.18,62.9086
2018-12-18 14:30:00,113.51,58.470695
2018-12-18 14:45:00,99.5,53.06139
2018-12-18 15:00:00,68.0,52.6524
2018-12-18 15:15:00,120.82,56.29199
2018-12-18 15:30:00,79.45,80.97606
2018-12-18 15:45:00,117.68,82.044304
2018-12-18 16:00:00,114.08,74.95886
2018-12-18 16:15:00,106.27,89.82369
2018-12-18 16:30:00,93.28,80.715
2018-12-18 16:45:00,127.58,87.174446
2018-12-18 17:00:00,94.61,86.03233
2018-12-18 17:15:00,101.02,74.22592
2018-12-18 17:30:00,112.14,54.289646
2018-12-18 17:45:00,68.08,42.98018
2018-12-18 18:00:00,15.95,40.177994
2018-12-18 18:15:00,7.16,50.86661
2018-12-18 18:30:00,5.58,67.992775
2018-12-18 18:45:00,5.65,68.36627
2018-12-18 19:00:00,5.0,47.07091
2018-12-18 19:15:00,4.5,31.698915
2018-12-18 19:30:00,4.39,15.318942
2018-12-18 19:45:00,4.43,5.6006317
2018-12-18 20:00:00,4.39,3.2034862
2018-12-18 20:15:00,4.43,2.5308878
2018-12-18 20:30:00,4.36,2.8364282
2018-12-18 20:45:00,4.39,3.0617983
2018-12-18 21:00:00,4.43,3.0213778
2018-12-18 21:15:00,4.39,3.0367732
2018-12-18 21:30:00,4.46,3.1015751
2018-12-18 21:45:00,4.39,3.2100024
2018-12-18 22:00:00,4.39,3.2423773
2018-12-18 22:15:00,4.25,3.207681
2018-12-18 22:30:00,5.18,3.1562488
2018-12-18 22:45:00,5.15,3.0179377
2018-12-18 23:00:00,4.14,2.8693225
2018-12-18 23:15:00,4.14,2.799363
2018-12-18 23:30:00,4.14,3.150365
2018-12-18 23:45:00,4.1,3.221465
2018-12-19 00:00:00,3.92,3.0696616
2018-12-19 00:15:00,4.14,3.084048
2018-12-19 00:30:00,4.14,3.0694094
2018-12-19 00:45:00,4.14,3.0062406
2018-12-19 01:00:00,4.21,2.8936107
2018-12-19 01:15:00,4.14,2.9702268
2018-12-19 01:30:00,4.14,2.982565
2018-12-19 01:45:00,4.18,2.9985108
2018-12-19 02:00:00,4.18,3.006602
2018-12-19 02:15:00,4.93,3.0034966
2018-12-19 02:30:00,5.26,3.0284579
2018-12-19 02:45:00,4.14,3.054971
2018-12-19 03:00:00,4.14,3.0552359
2018-12-19 03:15:00,4.1,3.2857091
2018-12-19 03:30:00,4.25,3.376024
2018-12-19 03:45:00,3.82,3.0474043
2018-12-19 04:00:00,3.49,3.0693097
2018-12-19 04:15:00,3.42,3.0923398
2018-12-19 04:30:00,3.42,3.129995
2018-12-19 04:45:00,3.49,2.992008
2018-12-19 05:00:00,3.38,2.870752
2018-12-19 05:15:00,3.42,2.8791478
2018-12-19 05:30:00,3.38,2.866433
2018-12-19 05:45:00,3.42,2.8578975
2018-12-19 06:00:00,3.42,2.768731
2018-12-19 06:15:00,4.07,2.748569
2018-12-19 06:30:00,4.18,2.698691
2018-12-19 06:45:00,3.96,2.6787887
2018-12-19 07:00:00,4.1,2.5188673
2018-12-19 07:15:00,4.1,2.7378583
2018-12-19 07:30:00,4.07,2.721723
2018-12-19 07:45:00,5.76,2.6070292
2018-12-19 08:00:00,6.23,2.5630322
2018-12-19 08:15:00,36.14,2.5647533
2018-12-19 08:30:00,70.81,2.5448344
2018-12-19 08:45:00,59.54,3.432133
2018-12-19 09:00:00,63.86,3.64711
2018-12-19 09:15:00,77.4,43.772686
2018-12-19 09:30:00,65.23,71.27331
2018-12-19 09:45:00,69.3,55.109196
2018-12-19 10:00:00,61.13,51.838856
2018-12-19 10:15:00,61.16,56.082947
2018-12-19 10:30:00,70.42,55.155823
2018-12-19 10:45:00,63.68,59.37815
2018-12-19 11:00:00,83.09,58.29676
2018-12-19 11:15:00,140.8,58.15705
2018-12-19 11:30:00,110.88,58.839024
2018-12-19 11:45:00,115.13,53.052402
2018-12-19 12:00:00,101.99,35.875896
2018-12-19 12:15:00,12.13,9.667411
2018-12-19 12:30:00,6.66,5.029684
2018-12-19 12:45:00,6.8,5.032358
2018-12-19 13:00:00,6.98,11.207775
2018-12-19 13:15:00,62.42,59.36995
2018-12-19 13:30:00,116.46,86.820335
2018-12-19 13:45:00,89.86,90.14843
2018-12-19 14:00:00,98.03,70.72552
2018-12-19 14:15:00,149.18,78.696335
2018-12-19 14:30:00,116.64,87.495155
2018-12-19 14:45:00,105.48,73.4522
2018-12-19 15:00:00,145.22,79.25405
2018-12-19 15:15:00,101.38,102.80261
2018-12-19 15:30:00,130.46,94.80861
2018-12-19 15:45:00,115.24,88.541405
2018-12-19 16:00:00,125.21,101.52115
2018-12-19 16:15:00,133.56,97.86497
2018-12-19 16:30:00,81.65,106.83166
2018-12-19 16:45:00,62.68,108.31385
2018-12-19 17:00:00,125.5,107.5579
2018-12-19 17:15:00,68.0,98.063255
2018-12-19 17:30:00,40.5,68.423325
2018-12-19 17:45:00,31.68,39.341568
2018-12-19 18:00:00,26.82,36.578106
2018-12-19 18:15:00,5.98,32.210617
2018-12-19 18:30:00,5.47,39.159454
2018-12-19 18:45:00,5.54,45.408222
2018-12-19 19:00:00,5.44,42.611195
2018-12-19 19:15:00,5.47,17.583273
2018-12-19 19:30:00,5.47,5.349656
2018-12-19 19:45:00,5.4,3.1275163
2018-12-19 20:00:00,5.33,2.9599257
2018-12-19 20:15:00,5.36,3.4214175
2018-12-19 20:30:00,5.33,3.506848
2018-12-19 20:45:00,5.44,3.3826232
2018-12-19 21:00:00,5.4,3.3579504
2018-12-19 21:15:00,5.4,3.478328
2018-12-19 21:30:00,5.04,3.5649555
2018-12-19 21:45:00,4.25,3.6262944
2018-12-19 22:00:00,4.39,3.5525756
2018-12-19 22:15:00,4.03,3.474981
2018-12-19 22:30:00,4.03,3.3142323
2018-12-19 22:45:00,3.96,3.0078008
2018-12-19 23:00:00,4.07,2.937314
2018-12-19 23:15:00,4.03,2.8691044
2018-12-19 23:30:00,3.92,2.9291115
2018-12-19 23:45:00,3.96,2.9532838
2018-12-20 00:00:00,3.89,3.190872
2018-12-20 00:15:00,4.03,3.0638838
2018-12-20 00:30:00,4.03,2.9698308
2018-12-20 00:45:00,4.0,2.9580436
2018-12-20 01:00:00,4.0,2.9787865
2018-12-20 01:15:00,4.0,2.9852362
2018-12-20 01:30:00,4.1,2.999813
2018-12-20 01:45:00,4.0,3.027135
2018-12-20 02:00:00,4.07,3.10674
2018-12-20 02:15:00,4.43,3.083418
2018-12-20 02:30:00,5.18,3.1159906
2018-12-20 02:45:00,4.1,3.1031005
2018-12-20 03:00:00,4.0,3.1860793
2018-12-20 03:15:00,4.1,3.2437055
2018-12-20 03:30:00,4.03,3.46414
2018-12-20 03:45:00,4.1,3.1336567
2018-12-20 04:00:00,3.31,3.163493
2018-12-20 04:15:00,3.35,3.1753554
2018-12-20 04:30:00,3.46,3.1454985
2018-12-20 04:45:00,3.38,3.1522238
2018-12-20 05:00:00,3.35,2.9265504
2018-12-20 05:15:00,3.35,2.9069808
2018-12-20 05:30:00,3.38,2.9096587
2018-12-20 05:45:00,3.38,2.8258188
2018-12-20 06:00:00,3.92,2.763508
2018-12-20 06:15:00,3.67,2.713543
2018-12-20 06:30:00,3.35,2.6720817
2018-12-20 06:45:00,4.0,2.6183724
2018-12-20 07:00:00,4.03,2.6702986
2018-12-20 07:15:00,3.96,2.5142689
2018-12-20 07:30:00,4.18,2.377282
2018-12-20 07:45:00,4.79,2.629631
2018-12-20 08:00:00,5.87,2.5024617
2018-12-20 08:15:00,39.49,2.433198
2018-12-20 08:30:00,79.85,2.5336213
2018-12-20 08:45:00,66.96,2.7990048
2018-12-20 09:00:00,63.14,3.4867227
2018-12-20 09:15:00,64.12,48.484814
2018-12-20 09:30:00,64.37,79.27915
2018-12-20 09:45:00,83.16,62.267227
2018-12-20 10:00:00,71.14,53.20156
2018-12-20 10:15:00,58.72,51.35719
2018-12-20 10:30:00,68.72,53.556324
2018-12-20 10:45:00,75.53,62.963142
2018-12-20 11:00:00,77.51,63.329445
2018-12-20 11:15:00,64.4,61.03239
2018-12-20 11:30:00,63.0,60.669647
2018-12-20 11:45:00,71.46,56.116325
2018-12-20 12:00:00,71.06,37.663662
2018-12-20 12:15:00,16.96,7.429951
2018-12-20 12:30:00,7.67,4.5198464
2018-12-20 12:45:00,7.49,4.885825
2018-12-20 13:00:00,6.66,7.999272
2018-12-20 13:15:00,42.7,39.2362
2018-12-20 13:30:00,63.07,60.653397
2018-12-20 13:45:00,71.5,63.035637
2018-12-20 14:00:00,76.9,53.87127
2018-12-20 14:15:00,63.5,60.526817
2018-12-20 14:30:00,78.41,57.371986
2018-12-20 14:45:00,73.4,57.65822
2018-12-20 15:00:00,64.44,61.543064
2018-12-20 15:15:00,60.26,56.178654
2018-12-20 15:30:00,58.9,65.45095
2018-12-20 15:45:00,60.59,67.20346
2018-12-20 16:00:00,56.92,66.70159
2018-12-20 16:15:00,60.08,64.488434
2018-12-20 16:30:00,58.68,61.94207
2018-12-20 16:45:00,57.56,60.367867
2018-12-20 17:00:00,46.51,57.43196
2018-12-20 17:15:00,58.07,55.422443
2018-12-20 17:30:00,41.22,43.407425
2018-12-20 17:45:00,41.51,28.05599
2018-12-20 18:00:00,24.8,19.713173
2018-12-20 18:15:00,5.44,26.86566
2018-12-20 18:30:00,5.18,30.550337
2018-12-20 18:45:00,5.29,37.3413
2018-12-20 19:00:00,5.29,26.579645
2018-12-20 19:15:00,5.29,9.404208
2018-12-20 19:30:00,4.18,4.467481
2018-12-20 19:45:00,4.07,3.0797276
2018-12-20 20:00:00,4.1,2.9116242
2018-12-20 20:15:00,4.07,3.2425296
2018-12-20 20:30:00,4.18,3.0853062
2018-12-20 20:45:00,4.1,3.0161674
2018-12-20 21:00:00,4.1,3.0078065
2018-12-20 21:15:00,4.14,3.0573866
2018-12-20 21:30:00,4.14,3.1544313
2018-12-20 21:45:00,4.21,3.1762156
2018-12-20 22:00:00,4.18,3.187329
2018-12-20 22:15:00,3.85,3.1478734
2018-12-20 22:30:00,3.85,3.0434866
2018-12-20 22:45:00,4.64,2.997618
2018-12-20 23:00:00,5.04,2.9946103
2018-12-20 23:15:00,4.07,2.9734025
2018-12-20 23:30:00,3.82,3.0266802
2018-12-20 23:45:00,3.85,3.243106
2018-12-21 00:00:00,3.92,3.4036412
2018-12-21 00:15:00,3.89,3.0192301
2018-12-21 00:30:00,3.85,2.9749317
2018-12-21 00:45:00,3.89,3.0107915
2018-12-21 01:00:00,3.89,3.0742524
2018-12-21 01:15:00,3.96,3.0057182
2018-12-21 01:30:00,3.89,2.9909086
2018-12-21 01:45:00,3.89,3.0266113
2018-12-21 02:00:00,3.89,3.0992136
2018-12-21 02:15:00,3.92,3.0801404
2018-12-21 02:30:00,3.92,3.0482514
2018-12-21 02:45:00,3.92,3.06467
2018-12-21 03:00:00,3.96,3.1298134
2018-12-21 03:15:00,4.79,3.0902987
2018-12-21 03:30:00,4.5,3.0786936
2018-12-21 03:45:00,3.24,3.0852807
2018-12-21 04:00:00,3.28,3.1317635
2018-12-21 04:15:00,3.24,3.3383017
2018-12-21 04:30:00,3.24,3.2254064
2018-12-21 04:45:00,3.28,2.8698657
2018-12-21 05:00:00,3.28,2.949378
2018-12-21 05:15:00,3.28,2.9193707
2018-12-21 05:30:00,3.2,2.8630009
2018-12-21 05:45:00,3.24,2.8284566
2018-12-21 06:00:00,3.2,2.7957635
2018-12-21 06:15:00,3.67,2.7431493
2018-12-21 06:30:00,3.96,2.6585207
2018-12-21 06:45:00,3.92,2.620251
2018-12-21 07:00:00,3.89,2.4753132
2018-12-21 07:15:00,3.67,2.5920398
2018-12-21 07:30:00,3.17,2.6251392
2018-12-21 07:45:00,5.44,2.5424454
2018-12-21 08:00:00,6.77,2.4222732
2018-12-21 08:15:00,28.8,2.3154445
2018-12-21 08:30:00,54.22,2.1054773
2018-12-21 08:45:00,56.41,3.2218254
2018-12-21 09:00:00,56.74,4.1002264
2018-12-21 09:15:00,43.78,34.120426
2018-12-21 09:30:00,47.52,56.724632
2018-12-21 09:45:00,56.2,50.89779
2018-12-21 10:00:00,51.59,47.631123
2018-12-21 10:15:00,66.64,41.75667
2018-12-21 10:30:00,53.14,45.10604
2018-12-21 10:45:00,58.54,48.9613
2018-12-21 11:00:00,73.12,47.650974
2018-12-21 11:15:00,67.79,50.678703
2018-12-21 11:30:00,65.59,50.50563
2018-12-21 11:45:00,57.85,47.104218
2018-12-21 12:00:00,58.9,31.823835
2018-12-21 12:15:00,7.42,6.839661
2018-12-21 12:30:00,8.35,4.1728334
2018-12-21 12:45:00,7.67,4.818703
2018-12-21 13:00:00,7.2,12.762453
2018-12-21 13:15:00,39.74,40.180145
2018-12-21 13:30:00,58.03,55.07142
2018-12-21 13:45:00,63.97,56.33205
2018-12-21 14:00:00,56.34,46.753094
2018-12-21 14:15:00,69.62,54.049385
2018-12-21 14:30:00,60.34,53.029476
2018-12-21 14:45:00,57.74,52.963356
2018-12-21 15:00:00,68.04,48.78096
2018-12-21 15:15:00,67.68,57.056023
2018-12-21 15:30:00,58.32,55.390976
2018-12-21 15:45:00,65.48,57.007244
2018-12-21 16:00:00,63.0,62.304913
2018-12-21 16:15:00,69.73,62.599617
2018-12-21 16:30:00,59.69,59.41601
2018-12-21 16:45:00,63.32,60.486668
2018-12-21 17:00:00,62.32,59.165646
2018-12-21 17:15:00,52.78,57.001976
2018-12-21 17:30:00,45.86,42.313427
2018-12-21 17:45:00,30.78,27.6143
2018-12-21 18:00:00,8.21,22.648321
2018-12-21 18:15:00,5.51,27.530207
2018-12-21 18:30:00,5.4,37.210518
2018-12-21 18:45:00,5.62,34.857925
2018-12-21 19:00:00,5.54,17.163954
2018-12-21 19:15:00,5.54,8.466388
2018-12-21 19:30:00,5.51,3.6871827
2018-12-21 19:45:00,5.47,2.9057808
2018-12-21 20:00:00,5.54,3.0595315
2018-12-21 20:15:00,5.47,3.3779356
2018-12-21 20:30:00,5.44,3.3899224
2018-12-21 20:45:00,5.47,3.3480043
2018-12-21 21:00:00,5.44,3.4311008
2018-12-21 21:15:00,5.54,3.524224
2018-12-21 21:30:00,5.4,3.6038008
2018-12-21 21:45:00,5.44,3.6327436
2018-12-21 22:00:00,5.44,3.5313134
2018-12-21 22:15:00,5.18,3.453884
2018-12-21 22:30:00,5.26,3.321388
2018-12-21 22:45:00,5.15,3.3023114
2018-12-21 23:00:00,5.15,3.3463113
2018-12-21 23:15:00,5.11,3.3337135
2018-12-21 23:30:00,4.57,3.367326
2018-12-21 23:45:00,4.0,3.3151255
2018-12-22 00:00:00,3.31,3.2561874
2018-12-22 00:15:00,4.0,3.2175953
2018-12-22 00:30:00,4.0,3.0675411
2018-12-22 00:45:00,4.0,2.9377675
2018-12-22 01:00:00,4.1,2.8519175
2018-12-22 01:15:00,3.96,2.9872339
2018-12-22 01:30:00,4.03,2.9591086
2018-12-22 01:45:00,4.03,2.9368463
2018-12-22 02:00:00,3.96,3.0323296
2018-12-22 02:15:00,4.07,2.9467366
2018-12-22 02:30:00,4.07,2.964034
2018-12-22 02:45:00,3.67,2.9612174
2018-12-22 03:00:00,3.31,3.0009637
2018-12-22 03:15:00,3.82,2.9777708
2018-12-22 03:30:00,4.07,2.9740095
2018-12-22 03:45:00,3.42,2.8522642
2018-12-22 04:00:00,3.38,2.8348255
2018-12-22 04:15:00,3.31,2.9306526
2018-12-22 04:30:00,3.38,2.96462
2018-12-22 04:45:00,3.35,2.740068
2018-12-22 05:00:00,3.38,2.7861464
2018-12-22 05:15:00,3.42,2.7560377
2018-12-22 05:30:00,3.96,2.7517657
2018-12-22 05:45:00,4.07,2.7158122
2018-12-22 06:00:00,4.07,2.748857
2018-12-22 06:15:00,4.0,2.744485
2018-12-22 06:30:00,3.38,2.8786247
2018-12-22 06:45:00,3.35,2.8611693
2018-12-22 07:00:00,3.35,2.7532487
2018-12-22 07:15:00,3.31,2.7139072
2018-12-22 07:30:00,3.85,2.505154
2018-12-22 07:45:00,4.03,2.4915066
2018-12-22 08:00:00,3.35,2.400125
2018-12-22 08:15:00,3.31,2.3410916
2018-12-22 08:30:00,3.24,2.4545035
2018-12-22 08:45:00,3.38,2.4298103
2018-12-22 09:00:00,3.82,2.0888345
2018-12-22 09:15:00,4.28,2.048594
2018-12-22 09:30:00,4.28,1.9838762
2018-12-22 09:45:00,4.32,1.961581
2018-12-22 10:00:00,4.21,2.1092172
2018-12-22 10:15:00,3.6,2.2688541
2018-12-22 10:30:00,3.6,2.2209132
2018-12-22 10:45:00,3.6,2.2401464
2018-12-22 11:00:00,3.6,2.205011
2018-12-22 11:15:00,3.6,1.8967348
2018-12-22 11:30:00,3.6,1.9170469
2018-12-22 11:45:00,3.6,1.9089674
2018-12-22 12:00:00,3.6,1.9139197
2018-12-22 12:15:00,3.71,1.8946843
2018-12-22 12:30:00,4.39,1.88833
2018-12-22 12:45:00,4.1,1.8695581
2018-12-22 13:00:00,3.71,1.8806863
2018-12-22 13:15:00,4.28,1.9143717
2018-12-22 13:30:00,4.25,2.2219248
2018-12-22 13:45:00,4.25,2.0350904
2018-12-22 14:00:00,4.21,1.8921702
2018-12-22 14:15:00,3.67,2.2256932
2018-12-22 14:30:00,3.46,2.207471
2018-12-22 14:45:00,3.49,2.1960073
2018-12-22 15:00:00,3.53,2.2635865
2018-12-22 15:15:00,3.56,2.0515933
2018-12-22 15:30:00,3.53,1.9991239
2018-12-22 15:45:00,3.56,2.0659046
2018-12-22 16:00:00,3.56,2.097532
2018-12-22 16:15:00,3.49,2.1199791
2018-12-22 16:30:00,3.53,2.1303596
2018-12-22 16:45:00,3.56,2.171956
2018-12-22 17:00:00,4.68,2.1725328
2018-12-22 17:15:00,5.44,2.1717532
2018-12-22 17:30:00,4.46,2.2182436
2018-12-22 17:45:00,4.28,2.2570233
2018-12-22 18:00:00,4.07,2.6860197
2018-12-22 18:15:00,3.6,2.9535544
2018-12-22 18:30:00,3.67,2.5640376
2018-12-22 18:45:00,3.67,2.6140032
2018-12-22 19:00:00,3.71,2.6171823
2018-12-22 19:15:00,3.74,2.5104036
2018-12-22 19:30:00,3.71,2.6136854
2018-12-22 19:45:00,3.74,2.705419
2018-12-22 20:00:00,3.67,2.700983
2018-12-22 20:15:00,3.67,2.7805767
2018-12-22 20:30:00,3.67,2.8378153
2018-12-22 20:45:00,3.67,2.8558064
2018-12-22 21:00:00,4.18,2.8180208
2018-12-22 21:15:00,4.61,2.813188
2018-12-22 21:30:00,5.51,2.8106556
2018-12-22 21:45:00,4.43,2.8094
2018-12-22 22:00:00,4.1,2.919557
2018-12-22 22:15:00,3.46,3.0167522
2018-12-22 22:30:00,3.38,3.2307525
2018-12-22 22:45:00,3.42,2.9723842
2018-12-22 23:00:00,3.38,2.922553
2018-12-22 23:15:00,3.35,2.7965357
2018-12-22 23:30:00,3.31,2.7800915
2018-12-22 23:45:00,3.31,2.7773888
2018-12-23 00:00:00,3.78,2.8207586
2018-12-23 00:15:00,3.31,2.7632897
2018-12-23 00:30:00,3.35,2.7365952
2018-12-23 00:45:00,3.42,2.7194579
2018-12-23 01:00:00,4.93,2.9064643
2018-12-23 01:15:00,4.93,2.7101324
2018-12-23 01:30:00,4.14,2.7181015
2018-12-23 01:45:00,4.07,2.7374847
2018-12-23 02:00:00,3.49,3.194051
2018-12-23 02:15:00,3.46,3.1360252
2018-12-23 02:30:00,3.49,2.907377
2018-12-23 02:45:00,3.42,2.9398227
2018-12-23 03:00:00,3.42,2.8783517
2018-12-23 03:15:00,3.46,2.8181534
2018-12-23 03:30:00,3.42,2.8078697
2018-12-23 03:45:00,3.53,2.7630844
2018-12-23 04:00:00,3.46,2.815052
2018-12-23 04:15:00,3.42,2.778969
2018-12-23 04:30:00,3.6,2.7446656
2018-12-23 04:45:00,4.14,2.7529569
2018-12-23 05:00:00,5.18,2.7520845
2018-12-23 05:15:00,4.64,2.7215576
2018-12-23 05:30:00,4.1,2.7574227
2018-12-23 05:45:00,3.49,2.8883002
2018-12-23 06:00:00,3.38,3.1944356
2018-12-23 06:15:00,3.35,3.0045552
2018-12-23 06:30:00,3.46,2.8423116
2018-12-23 06:45:00,3.38,2.6839309
2018-12-23 07:00:00,3.38,2.5847838
2018-12-23 07:15:00,3.38,2.5465207
2018-12-23 07:30:00,3.38,2.540565
2018-12-23 07:45:00,3.42,2.4749382
2018-12-23 08:00:00,3.49,2.3696916
2018-12-23 08:15:00,4.07,2.331266
2018-12-23 08:30:00,4.97,2.2851176
2018-12-23 08:45:00,4.82,2.249216
2018-12-23 09:00:00,4.28,2.2068746
2018-12-23 09:15:00,3.92,2.3737466
2018-12-23 09:30:00,3.71,2.6619058
2018-12-23 09:45:00,3.64,2.4968781
2018-12-23 10:00:00,3.64,2.3118436
2018-12-23 10:15:00,3.67,2.185826
2018-12-23 10:30:00,3.71,2.0915828
2018-12-23 10:45:00,3.71,2.0216832
2018-12-23 11:00:00,3.74,2.0531256
2018-12-23 11:15:00,3.78,2.0353868
2018-12-23 11:30:00,3.71,2.030299
2018-12-23 11:45:00,3.74,2.0104563
2018-12-23 12:00:00,3.96,2.0800202
2018-12-23 12:15:00,4.86,2.0789254
2018-12-23 12:30:00,5.54,2.0261357
2018-12-23 12:45:00,4.54,2.0244071
2018-12-23 13:00:00,4.36,2.1781347
2018-12-23 13:15:00,3.67,2.5483027
2018-12-23 13:30:00,3.67,2.7934275
2018-12-23 13:45:00,3.67,2.2790334
2018-12-23 14:00:00,3.67,2.3410285
2018-12-23 14:15:00,3.71,2.084878
2018-12-23 14:30:00,3.67,2.0970056
2018-12-23 14:45:00,3.67,2.0859418
2018-12-23 15:00:00,3.67,2.1056697
2018-12-23 15:15:00,3.64,2.111083
2018-12-23 15:30:00,3.67,2.116082
2018-12-23 15:45:00,3.74,2.1432083
2018-12-23 16:00:00,4.36,2.1419544
2018-12-23 16:15:00,4.36,2.153407
2018-12-23 16:30:00,5.0,2.1894293
2018-12-23 16:45:00,5.33,2.2393174
2018-12-23 17:00:00,3.6,2.4712293
2018-12-23 17:15:00,3.56,2.4662142
2018-12-23 17:30:00,3.6,2.7367423
2018-12-23 17:45:00,3.67,2.881041
2018-12-23 18:00:00,3.49,2.243733
2018-12-23 18:15:00,3.49,2.3551
2018-12-23 18:30:00,3.49,2.4572337
2018-12-23 18:45:00,3.64,2.5024872
2018-12-23 19:00:00,3.64,2.4379282
2018-12-23 19:15:00,4.03,2.4942648
2018-12-23 19:30:00,4.25,2.5496802
2018-12-23 19:45:00,4.28,2.6426787
2018-12-23 20:00:00,4.25,2.646267
2018-12-23 20:15:00,4.0,2.818911
2018-12-23 20:30:00,3.49,2.9210641
2018-12-23 20:45:00,4.21,2.9353578
2018-12-23 21:00:00,4.14,2.9654517
2018-12-23 21:15:00,3.49,2.8870807
2018-12-23 21:30:00,3.42,2.7598732
2018-12-23 21:45:00,3.46,2.943597
2018-12-23 22:00:00,3.53,2.9284203
2018-12-23 22:15:00,3.2,2.7343948
2018-12-23 22:30:00,3.2,2.7318738
2018-12-23 22:45:00,3.2,2.7443788
2018-12-23 23:00:00,3.96,2.8051224
2018-12-23 23:15:00,4.0,2.6646104
2018-12-23 23:30:00,4.0,2.642846
2018-12-23 23:45:00,4.0,2.6386838
2018-12-24 00:00:00,3.78,2.8419302
2018-12-24 00:15:00,3.35,2.8336017
2018-12-24 00:30:00,3.38,2.8406534
2018-12-24 00:45:00,3.38,2.8772883
2018-12-24 01:00:00,3.96,2.782027
2018-12-24 01:15:00,3.89,2.6712863
2018-12-24 01:30:00,3.38,2.7130246
2018-12-24 01:45:00,3.35,2.7281506
2018-12-24 02:00:00,3.49,2.8646827
2018-12-24 02:15:00,3.38,2.836804
2018-12-24 02:30:00,3.42,2.6885414
2018-12-24 02:45:00,4.0,2.7288895
2018-12-24 03:00:00,4.07,2.7501678
2018-12-24 03:15:00,4.14,2.7186732
2018-12-24 03:30:00,4.1,2.7455084
2018-12-24 03:45:00,3.96,2.954401
2018-12-24 04:00:00,3.35,2.9242501
2018-12-24 04:15:00,3.38,2.96368
2018-12-24 04:30:00,3.64,2.988193
2018-12-24 04:45:00,4.07,2.9809542
2018-12-24 05:00:00,3.42,2.7633145
2018-12-24 05:15:00,3.31,2.81457
2018-12-24 05:30:00,3.35,2.899777
2018-12-24 05:45:00,3.35,3.0164175
2018-12-24 06:00:00,3.35,2.7427285
2018-12-24 06:15:00,3.38,2.7190182
2018-12-24 06:30:00,3.6,2.7400165
2018-12-24 06:45:00,4.03,2.7032564
2018-12-24 07:00:00,4.0,2.539141
2018-12-24 07:15:00,3.96,2.5139456
2018-12-24 07:30:00,4.54,2.5651827
2018-12-24 07:45:00,5.36,2.6883256
2018-12-24 08:00:00,6.52,2.521022
2018-12-24 08:15:00,21.89,2.4884048
2018-12-24 08:30:00,59.62,2.782611
2018-12-24 08:45:00,64.58,3.3043668
2018-12-24 09:00:00,67.18,4.262125
2018-12-24 09:15:00,69.44,25.3248
2018-12-24 09:30:00,65.38,66.386246
2018-12-24 09:45:00,67.0,60.415955
2018-12-24 10:00:00,56.27,56.179028
2018-12-24 10:15:00,54.18,54.318485
2018-12-24 10:30:00,58.39,54.693066
2018-12-24 10:45:00,54.86,58.39457
2018-12-24 11:00:00,54.18,56.523594
2018-12-24 11:15:00,55.55,55.267822
2018-12-24 11:30:00,53.21,55.4652
2018-12-24 11:45:00,53.03,52.035774
2018-12-24 12:00:00,40.64,37.523415
2018-12-24 12:15:00,6.91,7.883341
2018-12-24 12:30:00,6.91,4.360324
2018-12-24 12:45:00,6.48,4.60758
2018-12-24 13:00:00,6.12,6.9565916
2018-12-24 13:15:00,34.49,33.855053
2018-12-24 13:30:00,46.98,49.483135
2018-12-24 13:45:00,38.2,50.90158
2018-12-24 14:00:00,37.84,43.37453
2018-12-24 14:15:00,43.45,50.2617
2018-12-24 14:30:00,63.9,47.314926
2018-12-24 14:45:00,38.48,37.25831
2018-12-24 15:00:00,38.12,35.066982
2018-12-24 15:15:00,45.25,39.024815
2018-12-24 15:30:00,51.12,52.42789
2018-12-24 15:45:00,45.72,40.374146
2018-12-24 16:00:00,51.7,39.553974
2018-12-24 16:15:00,47.2,44.787582
2018-12-24 16:30:00,69.55,49.762352
2018-12-24 16:45:00,44.82,47.91038
2018-12-24 17:00:00,40.86,50.18987
2018-12-24 17:15:00,33.66,46.973408
2018-12-24 17:30:00,9.86,41.498497
2018-12-24 17:45:00,6.73,24.935068
2018-12-24 18:00:00,5.29,16.529385
2018-12-24 18:15:00,5.22,13.851254
2018-12-24 18:30:00,5.18,8.267566
2018-12-24 18:45:00,5.33,6.1396065
2018-12-24 19:00:00,5.04,5.6706676
2018-12-24 19:15:00,4.14,3.8660219
2018-12-24 19:30:00,4.18,3.4375083
2018-12-24 19:45:00,4.1,3.630075
2018-12-24 20:00:00,4.18,3.507125
2018-12-24 20:15:00,4.1,3.1055503
2018-12-24 20:30:00,4.14,3.1217313
2018-12-24 20:45:00,4.21,3.1382222
2018-12-24 21:00:00,4.18,3.1564639
2018-12-24 21:15:00,4.18,3.1140766
2018-12-24 21:30:00,4.14,3.054585
2018-12-24 21:45:00,4.18,2.9528472
2018-12-24 22:00:00,5.4,2.846219
2018-12-24 22:15:00,4.5,2.886898
2018-12-24 22:30:00,3.92,2.9555678
2018-12-24 22:45:00,3.89,3.0240889
2018-12-24 23:00:00,3.85,3.365035
2018-12-24 23:15:00,3.85,3.032944
2018-12-24 23:30:00,3.82,2.8441975
2018-12-24 23:45:00,3.85,2.870532
2018-12-25 00:00:00,3.13,2.8806033
2018-12-25 00:15:00,3.85,2.8633513
2018-12-25 00:30:00,3.92,2.8564394
2018-12-25 00:45:00,3.89,2.8784404
2018-12-25 01:00:00,3.85,2.6083465
2018-12-25 01:15:00,3.56,2.8757749
2018-12-25 01:30:00,3.2,2.8963556
2018-12-25 01:45:00,3.92,2.8712454
2018-12-25 02:00:00,3.64,2.8362298
2018-12-25 02:15:00,3.17,2.7742295
2018-12-25 02:30:00,3.17,2.6886678
2018-12-25 02:45:00,3.2,2.9436903
2018-12-25 03:00:00,3.24,2.7986453
2018-12-25 03:15:00,3.2,2.6573176
2018-12-25 03:30:00,3.2,2.7061975
2018-12-25 03:45:00,3.28,2.7443566
2018-12-25 04:00:00,3.96,2.707096
2018-12-25 04:15:00,3.96,2.7061527
2018-12-25 04:30:00,3.92,2.7300456
2018-12-25 04:45:00,3.89,2.781262
2018-12-25 05:00:00,3.35,2.9646804
2018-12-25 05:15:00,3.24,2.9665382
2018-12-25 05:30:00,3.35,2.9495971
2018-12-25 05:45:00,3.96,2.9542713
2018-12-25 06:00:00,3.71,2.7344198
2018-12-25 06:15:00,3.17,2.7016973
2018-12-25 06:30:00,3.2,2.7387338
2018-12-25 06:45:00,3.2,2.9365942
2018-12-25 07:00:00,3.17,2.6580427
2018-12-25 07:15:00,3.24,2.4349878
2018-12-25 07:30:00,3.85,2.4646776
2018-12-25 07:45:00,3.92,2.4477677
2018-12-25 08:00:00,3.89,2.2616055
2018-12-25 08:15:00,3.89,2.2480175
2018-12-25 08:30:00,3.49,2.4856713
2018-12-25 08:45:00,3.24,2.4606166
2018-12-25 09:00:00,3.38,2.3738923
2018-12-25 09:15:00,3.49,2.3517184
2018-12-25 09:30:00,3.46,2.1062682
2018-12-25 09:45:00,3.82,1.9586422
2018-12-25 10:00:00,3.96,1.9620181
2018-12-25 10:15:00,3.42,1.9864092
2018-12-25 10:30:00,3.53,1.9166309
2018-12-25 10:45:00,3.46,2.1490154
2018-12-25 11:00:00,3.46,2.2319682
2018-12-25 11:15:00,3.78,1.7503086
2018-12-25 11:30:00,4.18,1.8929253
2018-12-25 11:45:00,4.28,1.8427653
2018-12-25 12:00:00,4.18,1.7957866
2018-12-25 12:15:00,4.07,2.000479
2018-12-25 12:30:00,3.56,2.2370782
2018-12-25 12:45:00,3.53,2.18685
2018-12-25 13:00:00,3.53,2.039412
2018-12-25 13:15:00,5.04,1.9253534
2018-12-25 13:30:00,4.07,1.5627986
2018-12-25 13:45:00,3.42,1.576816
2018-12-25 14:00:00,3.42,1.5649923
2018-12-25 14:15:00,3.49,2.4579482
2018-12-25 14:30:00,3.46,1.7695001
2018-12-25 14:45:00,3.53,1.5204666
2018-12-25 15:00:00,4.14,1.5856148
2018-12-25 15:15:00,4.14,1.6901603
2018-12-25 15:30:00,4.14,1.6933252
2018-12-25 15:45:00,4.1,1.772093
2018-12-25 16:00:00,3.67,2.0467873
2018-12-25 16:15:00,3.46,2.0792036
2018-12-25 16:30:00,3.42,2.140683
2018-12-25 16:45:00,3.46,2.218974
2018-12-25 17:00:00,3.42,2.0207403
2018-12-25 17:15:00,3.46,2.0300329
2018-12-25 17:30:00,4.0,2.1187618
2018-12-25 17:45:00,4.0,2.2304406
2018-12-25 18:00:00,3.38,2.223236
2018-12-25 18:15:00,3.38,2.3606176
2018-12-25 18:30:00,3.74,2.7222023
2018-12-25 18:45:00,4.1,2.7851934
2018-12-25 19:00:00,4.18,2.4482713
2018-12-25 19:15:00,4.1,2.5419528
2018-12-25 19:30:00,4.18,2.7502568
2018-12-25 19:45:00,3.64,2.8987038
2018-12-25 20:00:00,3.46,2.8208508
2018-12-25 20:15:00,3.46,2.8623128
2018-12-25 20:30:00,3.38,2.9751263
2018-12-25 20:45:00,3.42,2.8625772
2018-12-25 21:00:00,3.42,2.7510917
2018-12-25 21:15:00,3.42,2.7941105
2018-12-25 21:30:00,4.03,2.7504811
2018-12-25 21:45:00,4.14,2.7454872
2018-12-25 22:00:00,3.49,2.7102342
2018-12-25 22:15:00,3.2,2.700858
2018-12-25 22:30:00,3.85,2.8865018
2018-12-25 22:45:00,3.89,2.8965135
2018-12-25 23:00:00,3.89,2.6588976
2018-12-25 23:15:00,3.85,2.6021435
2018-12-25 23:30:00,3.64,2.831408
2018-12-25 23:45:00,3.31,2.8132377
2018-12-26 00:00:00,3.67,2.8494527
2018-12-26 00:15:00,3.24,2.8634849
2018-12-26 00:30:00,3.24,2.8293421
2018-12-26 00:45:00,3.2,2.7525783
2018-12-26 01:00:00,3.31,2.870786
2018-12-26 01:15:00,3.24,2.7281876
2018-12-26 01:30:00,3.28,2.739247
2018-12-26 01:45:00,3.24,2.7382076
2018-12-26 02:00:00,3.24,2.785517
2018-12-26 02:15:00,3.78,2.729642
2018-12-26 02:30:00,3.96,2.74847
2018-12-26 02:45:00,4.97,2.7463033
2018-12-26 03:00:00,4.36,2.755325
2018-12-26 03:15:00,3.71,2.8940609
2018-12-26 03:30:00,3.28,2.9483867
2018-12-26 03:45:00,3.31,3.289997
2018-12-26 04:00:00,3.28,3.0441418
2018-12-26 04:15:00,3.28,2.8966393
2018-12-26 04:30:00,3.2,2.831565
2018-12-26 04:45:00,3.24,2.8774092
2018-12-26 05:00:00,3.28,2.823746
2018-12-26 05:15:00,3.2,2.8128052
2018-12-26 05:30:00,3.24,2.7731664
2018-12-26 05:45:00,3.2,2.778409
2018-12-26 06:00:00,4.79,2.7586813
2018-12-26 06:15:00,4.86,2.688121
2018-12-26 06:30:00,3.92,2.666654
2018-12-26 06:45:00,3.82,2.6127186
2018-12-26 07:00:00,3.35,3.069688
2018-12-26 07:15:00,3.17,2.9770846
2018-12-26 07:30:00,3.42,2.5640228
2018-12-26 07:45:00,4.82,2.5900922
2018-12-26 08:00:00,5.0,2.3112724
2018-12-26 08:15:00,34.52,2.2287579
2018-12-26 08:30:00,48.06,2.327981
2018-12-26 08:45:00,78.23,2.9265606
2018-12-26 09:00:00,51.08,2.8397188
2018-12-26 09:15:00,70.99,42.21173
2018-12-26 09:30:00,65.74,48.79974
2018-12-26 09:45:00,52.96,67.5182
2018-12-26 10:00:00,55.44,48.751583
2018-12-26 10:15:00,52.06,54.273643
2018-12-26 10:30:00,57.64,54.07389
2018-12-26 10:45:00,62.21,52.89756
2018-12-26 11:00:00,45.58,53.12302
2018-12-26 11:15:00,54.58,51.76882
2018-12-26 11:30:00,55.15,52.571167
2018-12-26 11:45:00,58.64,50.565212
2018-12-26 12:00:00,31.28,33.157616
2018-12-26 12:15:00,6.77,7.5642347
2018-12-26 12:30:00,7.09,4.3726053
2018-12-26 12:45:00,6.95,4.6812906
2018-12-26 13:00:00,6.41,7.369742
2018-12-26 13:15:00,20.66,37.51219
2018-12-26 13:30:00,59.9,49.30654
2018-12-26 13:45:00,55.3,49.98465
2018-12-26 14:00:00,51.41,40.74221
2018-12-26 14:15:00,57.02,38.540108
2018-12-26 14:30:00,43.06,54.446793
2018-12-26 14:45:00,41.4,48.140934
2018-12-26 15:00:00,52.92,45.64318
2018-12-26 15:15:00,53.42,49.701065
2018-12-26 15:30:00,40.68,44.070786
2018-12-26 15:45:00,40.64,42.67866
2018-12-26 16:00:00,41.47,48.453175
2018-12-26 16:15:00,56.2,50.853237
2018-12-26 16:30:00,59.04,47.015804
2018-12-26 16:45:00,54.68,45.83156
2018-12-26 17:00:00,57.67,46.998566
2018-12-26 17:15:00,54.79,48.129646
2018-12-26 17:30:00,34.42,36.775967
2018-12-26 17:45:00,9.5,23.144716
2018-12-26 18:00:00,5.22,18.25266
2018-12-26 18:15:00,5.04,21.922312
2018-12-26 18:30:00,5.04,26.568016
2018-12-26 18:45:00,5.08,17.23693
2018-12-26 19:00:00,5.08,9.356536
2018-12-26 19:15:00,4.68,4.737026
2018-12-26 19:30:00,3.92,3.1560347
2018-12-26 19:45:00,3.89,3.1296363
2018-12-26 20:00:00,3.85,3.4319122
2018-12-26 20:15:00,3.89,3.3037047
2018-12-26 20:30:00,3.89,3.0031147
2018-12-26 20:45:00,3.96,3.044052
2018-12-26 21:00:00,3.89,3.0664577
2018-12-26 21:15:00,3.96,3.1146162
2018-12-26 21:30:00,4.0,3.096572
2018-12-26 21:45:00,3.96,3.0400605
2018-12-26 22:00:00,4.07,2.8774142
2018-12-26 22:15:00,4.0,2.8282113
2018-12-26 22:30:00,4.9,2.8677204
2018-12-26 22:45:00,4.1,2.9236794
2018-12-26 23:00:00,3.71,2.9933283
2018-12-26 23:15:00,3.74,2.974886
2018-12-26 23:30:00,3.64,3.228509
2018-12-26 23:45:00,3.67,2.9129891
2018-12-27 00:00:00,3.74,2.9577808
2018-12-27 00:15:00,3.64,2.9485207
2018-12-27 00:30:00,3.74,2.918989
2018-12-27 00:45:00,3.71,2.9285576
2018-12-27 01:00:00,3.71,3.0063806
2018-12-27 01:15:00,3.67,2.945696
2018-12-27 01:30:00,3.67,2.96988
2018-12-27 01:45:00,3.78,2.9781346
2018-12-27 02:00:00,4.18,3.0496657
2018-12-27 02:15:00,4.86,3.001309
2018-12-27 02:30:00,4.21,2.9838426
2018-12-27 02:45:00,3.71,3.0272875
2018-12-27 03:00:00,3.78,3.1923661
2018-12-27 03:15:00,3.67,3.321306
2018-12-27 03:30:00,3.71,3.1218126
2018-12-27 03:45:00,3.24,3.0090194
2018-12-27 04:00:00,3.02,3.1033
2018-12-27 04:15:00,2.99,3.0240881
2018-12-27 04:30:00,2.99,3.0286705
2018-12-27 04:45:00,2.95,2.8870416
2018-12-27 05:00:00,2.95,2.8577397
2018-12-27 05:15:00,2.95,2.7886915
2018-12-27 05:30:00,2.95,2.7479563
2018-12-27 05:45:00,2.95,2.687409
2018-12-27 06:00:00,3.42,2.6279545
2018-12-27 06:15:00,3.74,2.5708275
2018-12-27 06:30:00,4.86,2.5126731
2018-12-27 06:45:00,4.21,2.4560404
2018-12-27 07:00:00,3.6,2.473973
2018-12-27 07:15:00,2.88,2.5363638
2018-12-27 07:30:00,3.2,2.942434
2018-12-27 07:45:00,4.9,2.5965703
2018-12-27 08:00:00,5.65,2.2613497
2018-12-27 08:15:00,32.0,2.044087
2018-12-27 08:30:00,52.63,2.1944647
2018-12-27 08:45:00,73.66,2.9446185
2018-12-27 09:00:00,63.47,3.2171435
2018-12-27 09:15:00,56.77,38.860294
2018-12-27 09:30:00,53.93,54.340744
2018-12-27 09:45:00,59.4,64.429405
2018-12-27 10:00:00,76.03,54.77039
2018-12-27 10:15:00,47.81,48.96784
2018-12-27 10:30:00,45.83,49.23591
2018-12-27 10:45:00,52.63,53.100697
2018-12-27 11:00:00,68.69,58.678177
2018-12-27 11:15:00,51.16,53.806904
2018-12-27 11:30:00,51.52,51.956852
2018-12-27 11:45:00,54.83,48.708588
2018-12-27 12:00:00,59.62,34.73286
2018-12-27 12:15:00,13.54,7.1593013
2018-12-27 12:30:00,6.62,4.3975883
2018-12-27 12:45:00,6.59,4.9187055
2018-12-27 13:00:00,17.82,7.7473884
2018-12-27 13:15:00,40.57,32.12983
2018-12-27 13:30:00,43.7,49.33428
2018-12-27 13:45:00,46.84,51.661385
2018-12-27 14:00:00,53.32,54.13077
2018-12-27 14:15:00,55.01,54.0373
2018-12-27 14:30:00,61.74,45.556435
2018-12-27 14:45:00,54.14,41.72028
2018-12-27 15:00:00,53.5,44.17762
2018-12-27 15:15:00,44.75,46.62908
2018-12-27 15:30:00,42.95,52.543797
2018-12-27 15:45:00,60.84,50.942062
2018-12-27 16:00:00,63.04,51.779343
2018-12-27 16:15:00,59.58,49.506493
2018-12-27 16:30:00,63.22,49.313744
2018-12-27 16:45:00,45.79,55.262825
2018-12-27 17:00:00,41.58,56.798313
2018-12-27 17:15:00,54.58,54.18685
2018-12-27 17:30:00,36.72,42.930008
2018-12-27 17:45:00,29.38,26.024332
2018-12-27 18:00:00,28.48,17.73608
2018-12-27 18:15:00,48.56,23.09895
2018-12-27 18:30:00,53.82,23.85688
2018-12-27 18:45:00,53.5,26.325531
2018-12-27 19:00:00,53.14,26.00606
2018-12-27 19:15:00,51.01,40.170517
2018-12-27 19:30:00,47.99,43.449226
2018-12-27 19:45:00,49.18,46.590225
2018-12-27 20:00:00,50.33,48.371796
2018-12-27 20:15:00,50.04,45.355576
2018-12-27 20:30:00,40.93,35.076626
2018-12-27 20:45:00,14.51,19.744066
2018-12-27 21:00:00,8.35,7.041539
2018-12-27 21:15:00,5.26,5.0576153
2018-12-27 21:30:00,5.26,3.9778116
2018-12-27 21:45:00,5.26,2.835193
2018-12-27 22:00:00,4.5,3.2616723
2018-12-27 22:15:00,3.89,3.6441436
2018-12-27 22:30:00,3.85,3.7446613
2018-12-27 22:45:00,3.82,3.504532
2018-12-27 23:00:00,3.82,3.2467349
2018-12-27 23:15:00,3.82,3.057194
2018-12-27 23:30:00,3.78,3.0045912
2018-12-27 23:45:00,3.74,2.9635718
2018-12-28 00:00:00,4.82,3.0923305
2018-12-28 00:15:00,3.74,3.045599
2018-12-28 00:30:00,3.78,3.0745463
2018-12-28 00:45:00,3.85,3.1087246
2018-12-28 01:00:00,4.14,3.4501739
2018-12-28 01:15:00,4.9,3.076904
2018-12-28 01:30:00,4.14,2.9869611
2018-12-28 01:45:00,3.82,3.038635
2018-12-28 02:00:00,3.85,3.2671475
2018-12-28 02:15:00,3.82,3.4490743
2018-12-28 02:30:00,3.82,3.2087877
2018-12-28 02:45:00,3.82,3.1120076
2018-12-28 03:00:00,3.82,3.1693149
2018-12-28 03:15:00,3.89,3.0665588
2018-12-28 03:30:00,3.89,3.0186281
2018-12-28 03:45:00,3.85,3.0135105
2018-12-28 04:00:00,3.82,3.0721173
2018-12-28 04:15:00,4.07,3.0485303
2018-12-28 04:30:00,5.04,3.0555046
2018-12-28 04:45:00,4.1,3.0557933
2018-12-28 05:00:00,3.82,3.072435
2018-12-28 05:15:00,3.89,3.1382852
2018-12-28 05:30:00,3.38,3.4388056
2018-12-28 05:45:00,3.17,3.0725296
2018-12-28 06:00:00,3.06,2.986102
2018-12-28 06:15:00,3.06,3.0294595
2018-12-28 06:30:00,3.1,2.8143566
2018-12-28 06:45:00,3.06,2.7014277
2018-12-28 07:00:00,3.1,2.5323772
2018-12-28 07:15:00,3.38,2.47505
2018-12-28 07:30:00,4.97,2.414159
2018-12-28 07:45:00,6.7,2.3193343
2018-12-28 08:00:00,6.16,2.1874774
2018-12-28 08:15:00,35.75,2.2188058
2018-12-28 08:30:00,57.78,2.8877838
2018-12-28 08:45:00,57.74,4.0402865
2018-12-28 09:00:00,66.46,3.4309998
2018-12-28 09:15:00,66.82,44.208054
2018-12-28 09:30:00,59.9,59.08321
2018-12-28 09:45:00,63.32,51.63977
2018-12-28 10:00:00,57.17,52.33323
2018-12-28 10:15:00,55.91,52.1464
2018-12-28 10:30:00,62.42,52.766186
2018-12-28 10:45:00,59.72,56.137657
2018-12-28 11:00:00,62.71,54.65576
2018-12-28 11:15:00,57.82,53.865116
2018-12-28 11:30:00,64.94,54.27832
2018-12-28 11:45:00,58.97,49.18114
2018-12-28 12:00:00,47.05,29.159746
2018-12-28 12:15:00,10.01,6.1821923
2018-12-28 12:30:00,7.81,4.2645006
2018-12-28 12:45:00,7.27,4.829361
2018-12-28 13:00:00,7.31,11.594576
2018-12-28 13:15:00,42.55,41.81211
2018-12-28 13:30:00,56.12,53.524204
2018-12-28 13:45:00,45.0,54.00807
2018-12-28 14:00:00,45.22,45.124306
2018-12-28 14:15:00,42.62,54.632954
2018-12-28 14:30:00,34.2,51.523373
2018-12-28 14:45:00,42.8,41.495026
2018-12-28 15:00:00,48.02,39.916008
2018-12-28 15:15:00,44.6,39.040436
2018-12-28 15:30:00,35.78,34.930187
2018-12-28 15:45:00,32.62,38.820362
2018-12-28 16:00:00,31.39,42.54168
2018-12-28 16:15:00,30.06,43.55903
2018-12-28 16:30:00,30.13,41.171844
2018-12-28 16:45:00,23.58,38.748344
2018-12-28 17:00:00,8.57,37.10871
2018-12-28 17:15:00,9.58,31.747526
2018-12-28 17:30:00,9.14,22.040155
2018-12-28 17:45:00,5.47,9.107547
2018-12-28 18:00:00,5.08,4.2048564
2018-12-28 18:15:00,5.08,3.5185132
2018-12-28 18:30:00,5.11,4.30585
2018-12-28 18:45:00,5.15,3.969368
2018-12-28 19:00:00,5.15,3.6248171
2018-12-28 19:15:00,5.15,3.5132728
2018-12-28 19:30:00,5.18,3.527798
2018-12-28 19:45:00,5.22,3.4433885
2018-12-28 20:00:00,5.15,3.3384814
2018-12-28 20:15:00,5.15,3.3481727
2018-12-28 20:30:00,5.18,3.4338393
2018-12-28 20:45:00,5.26,3.4733634
2018-12-28 21:00:00,5.18,3.4243636
2018-12-28 21:15:00,5.15,3.3291059
2018-12-28 21:30:00,5.26,3.2668648
2018-12-28 21:45:00,5.26,3.3080316
2018-12-28 22:00:00,5.22,3.3312697
2018-12-28 22:15:00,4.97,3.3722525
2018-12-28 22:30:00,4.97,3.416899
2018-12-28 22:45:00,4.93,3.390742
2018-12-28 23:00:00,5.04,3.3171933
2018-12-28 23:15:00,4.86,3.2347667
2018-12-28 23:30:00,4.86,3.2317452
2018-12-28 23:45:00,4.86,3.2234104
2018-12-29 00:00:00,4.28,3.2348437
2018-12-29 00:15:00,4.9,3.1823783
2018-12-29 00:30:00,4.82,3.183738
2018-12-29 00:45:00,3.85,3.1826715
2018-12-29 01:00:00,3.74,3.0741339
2018-12-29 01:15:00,3.82,3.2000015
2018-12-29 01:30:00,3.78,3.1628046
2018-12-29 01:45:00,3.67,2.8863332
2018-12-29 02:00:00,3.74,2.9515018
2018-12-29 02:15:00,3.71,2.927861
2018-12-29 02:30:00,3.82,2.8905513
2018-12-29 02:45:00,3.78,2.84352
2018-12-29 03:00:00,3.71,2.930512
2018-12-29 03:15:00,3.74,2.8627434
2018-12-29 03:30:00,3.78,2.8874588
2018-12-29 03:45:00,3.78,2.856766
2018-12-29 04:00:00,3.74,2.9029405
2018-12-29 04:15:00,3.02,2.8692193
2018-12-29 04:30:00,3.74,2.8697996
2018-12-29 04:45:00,3.6,2.8561962
2018-12-29 05:00:00,3.06,2.876974
2018-12-29 05:15:00,3.02,2.6646192
2018-12-29 05:30:00,3.02,2.873447
2018-12-29 05:45:00,2.99,2.8045306
2018-12-29 06:00:00,3.06,2.6638703
2018-12-29 06:15:00,3.06,2.6557193
2018-12-29 06:30:00,3.67,2.6385012
2018-12-29 06:45:00,3.74,2.5828547
2018-12-29 07:00:00,3.71,2.4879947
2018-12-29 07:15:00,3.67,2.4431853
2018-12-29 07:30:00,3.38,2.5889673
2018-12-29 07:45:00,3.02,2.5472455
2018-12-29 08:00:00,2.92,2.4230776
2018-12-29 08:15:00,2.95,2.3744266
2018-12-29 08:30:00,3.13,2.2286
2018-12-29 08:45:00,3.78,2.065155
2018-12-29 09:00:00,3.24,1.9561491
2018-12-29 09:15:00,3.17,1.9227647
2018-12-29 09:30:00,3.2,1.9271628
2018-12-29 09:45:00,3.31,2.0804756
2018-12-29 10:00:00,4.03,1.8037504
2018-12-29 10:15:00,4.03,1.7659236
2018-12-29 10:30:00,4.03,1.7881958
2018-12-29 10:45:00,4.03,1.8059385
2018-12-29 11:00:00,6.19,2.1533432
2018-12-29 11:15:00,26.17,2.083169
2018-12-29 11:30:00,9.36,2.0589962
2018-12-29 11:45:00,3.64,2.0710812
2018-12-29 12:00:00,4.14,3.3800864
2018-12-29 12:15:00,3.78,27.898064
2018-12-29 12:30:00,3.46,4.185076
2018-12-29 12:45:00,3.42,1.6773567
2018-12-29 13:00:00,3.42,1.9889784
2018-12-29 13:15:00,4.1,1.7779391
2018-12-29 13:30:00,4.14,1.814085
2018-12-29 13:45:00,4.07,2.152502
2018-12-29 14:00:00,4.03,2.2416193
2018-12-29 14:15:00,3.92,2.439943
2018-12-29 14:30:00,3.31,2.3823204
2018-12-29 14:45:00,3.35,2.3148427
2018-12-29 15:00:00,3.31,2.2839458
2018-12-29 15:15:00,3.31,2.1555064
2018-12-29 15:30:00,3.31,1.8527855
2018-12-29 15:45:00,3.35,1.9402685
2018-12-29 16:00:00,3.49,1.9946542
2018-12-29 16:15:00,4.1,2.0131261
2018-12-29 16:30:00,3.71,2.0345845
2018-12-29 16:45:00,3.67,2.0743353
2018-12-29 17:00:00,4.1,2.1078525
2018-12-29 17:15:00,4.07,2.3534184
2018-12-29 17:30:00,4.07,2.203191
2018-12-29 17:45:00,4.1,2.254928
2018-12-29 18:00:00,3.56,2.4611483
2018-12-29 18:15:00,3.31,2.4930022
2018-12-29 18:30:00,3.24,2.5361524
2018-12-29 18:45:00,3.35,2.6086764
2018-12-29 19:00:00,3.31,2.4361944
2018-12-29 19:15:00,3.35,2.4236372
2018-12-29 19:30:00,3.35,2.476748
2018-12-29 19:45:00,3.31,2.570869
2018-12-29 20:00:00,3.71,2.517868
2018-12-29 20:15:00,4.36,2.5934021
2018-12-29 20:30:00,4.28,2.6646671
2018-12-29 20:45:00,4.14,2.7182117
2018-12-29 21:00:00,4.1,2.7995121
2018-12-29 21:15:00,4.07,2.9722567
2018-12-29 21:30:00,3.85,2.943365
2018-12-29 21:45:00,3.46,2.9239347
2018-12-29 22:00:00,3.31,2.9266524
2018-12-29 22:15:00,3.13,2.9311662
2018-12-29 22:30:00,3.13,2.8782609
2018-12-29 22:45:00,3.13,2.7854023
2018-12-29 23:00:00,3.17,2.7631886
2018-12-29 23:15:00,3.06,2.6953177
2018-12-29 23:30:00,2.99,2.6856723
2018-12-29 23:45:00,3.42,2.6726031
2018-12-30 00:00:00,3.1,2.7409985
2018-12-30 00:15:00,3.92,2.6555634
2018-12-30 00:30:00,3.82,2.6220832
2018-12-30 00:45:00,3.74,2.730922
2018-12-30 01:00:00,3.78,2.713079
2018-12-30 01:15:00,3.42,2.8828075
2018-12-30 01:30:00,3.17,2.833435
2018-12-30 01:45:00,3.02,2.8050094
2018-12-30 02:00:00,3.1,2.916296
2018-12-30 02:15:00,3.06,2.773192
2018-12-30 02:30:00,3.1,2.7028403
2018-12-30 02:45:00,3.13,2.658823
2018-12-30 03:00:00,3.1,2.7676659
2018-12-30 03:15:00,3.13,2.6790028
2018-12-30 03:30:00,3.6,2.668859
2018-12-30 03:45:00,4.86,2.658277
2018-12-30 04:00:00,3.85,2.7084389
2018-12-30 04:15:00,3.82,2.6626616
2018-12-30 04:30:00,3.82,2.7756255
2018-12-30 04:45:00,3.46,3.0989966
2018-12-30 05:00:00,3.17,2.806063
2018-12-30 05:15:00,3.13,2.8219082
2018-12-30 05:30:00,3.1,2.8505812
2018-12-30 05:45:00,3.1,2.734101
2018-12-30 06:00:00,3.1,2.6732864
2018-12-30 06:15:00,3.13,2.65183
2018-12-30 06:30:00,3.13,2.618715
2018-12-30 06:45:00,3.1,2.5822997
2018-12-30 07:00:00,3.82,2.4736657
2018-12-30 07:15:00,4.36,2.4420133
2018-12-30 07:30:00,4.97,2.3970256
2018-12-30 07:45:00,3.96,2.3420563
2018-12-30 08:00:00,3.46,2.4566383
2018-12-30 08:15:00,3.06,2.5800374
2018-12-30 08:30:00,3.06,2.7327015
2018-12-30 08:45:00,3.17,2.338707
2018-12-30 09:00:00,3.28,2.1779006
2018-12-30 09:15:00,3.35,2.048913
2018-12-30 09:30:00,3.38,2.0127776
2018-12-30 09:45:00,3.35,1.9959819
2018-12-30 10:00:00,3.46,2.0003896
2018-12-30 10:15:00,3.38,1.974858
2018-12-30 10:30:00,4.0,1.9400436
2018-12-30 10:45:00,4.1,1.8915057
2018-12-30 11:00:00,4.1,1.985203
2018-12-30 11:15:00,4.28,1.9157343
2018-12-30 11:30:00,4.61,2.1744437
2018-12-30 11:45:00,3.56,2.1610281
2018-12-30 12:00:00,3.42,2.1776214
2018-12-30 12:15:00,3.46,2.2592301
2018-12-30 12:30:00,3.46,2.397875
2018-12-30 12:45:00,3.31,1.8803692
2018-12-30 13:00:00,3.28,1.92803
2018-12-30 13:15:00,3.2,1.9712441
2018-12-30 13:30:00,3.24,1.9435871
2018-12-30 13:45:00,3.24,1.8515909
2018-12-30 14:00:00,4.03,1.9171877
2018-12-30 14:15:00,4.0,1.8892788
2018-12-30 14:30:00,4.03,1.9069418
2018-12-30 14:45:00,4.82,1.9065702
2018-12-30 15:00:00,4.1,2.282585
2018-12-30 15:15:00,3.31,2.2179701
2018-12-30 15:30:00,3.24,2.2169802
2018-12-30 15:45:00,3.24,2.5678434
2018-12-30 16:00:00,3.35,2.2598932
2018-12-30 16:15:00,3.31,1.9961519
2018-12-30 16:30:00,3.35,2.0531187
2018-12-30 16:45:00,3.24,2.0832746
2018-12-30 17:00:00,3.24,2.097675
2018-12-30 17:15:00,3.42,2.109076
2018-12-30 17:30:00,4.0,2.1659093
2018-12-30 17:45:00,4.75,2.1710012
2018-12-30 18:00:00,4.68,2.1901348
2018-12-30 18:15:00,3.89,2.2935097
2018-12-30 18:30:00,3.53,2.5257182
2018-12-30 18:45:00,3.2,2.800515
2018-12-30 19:00:00,3.28,2.7594583
2018-12-30 19:15:00,3.24,2.5446756
2018-12-30 19:30:00,3.24,2.530596
2018-12-30 19:45:00,3.2,2.4972243
2018-12-30 20:00:00,3.24,2.5462735
2018-12-30 20:15:00,3.31,2.5659976
2018-12-30 20:30:00,3.24,2.6232812
2018-12-30 20:45:00,3.78,2.6700478
2018-12-30 21:00:00,4.32,2.6786466
2018-12-30 21:15:00,4.07,2.6967022
2018-12-30 21:30:00,4.07,2.670086
2018-12-30 21:45:00,4.03,2.794602
2018-12-30 22:00:00,4.0,2.928064
2018-12-30 22:15:00,3.2,2.8313274
2018-12-30 22:30:00,2.99,2.847123
2018-12-30 22:45:00,3.1,2.860442
2018-12-30 23:00:00,3.02,2.8999538
2018-12-30 23:15:00,2.95,2.679565
2018-12-30 23:30:00,2.99,2.6238503
2018-12-30 23:45:00,2.92,2.6519163
2018-12-31 00:00:00,3.67,2.5632463
2018-12-31 00:15:00,3.64,2.53762
2018-12-31 00:30:00,3.31,2.5625327
2018-12-31 00:45:00,3.49,2.5497477
2018-12-31 01:00:00,3.71,2.743916
2018-12-31 01:15:00,3.78,2.7194748
2018-12-31 01:30:00,3.71,2.6248355
2018-12-31 01:45:00,3.67,2.7311904
2018-12-31 02:00:00,3.02,2.772159
2018-12-31 02:15:00,2.99,2.8009467
2018-12-31 02:30:00,3.06,2.7972355
2018-12-31 02:45:00,3.02,2.8171484
2018-12-31 03:00:00,3.06,2.581588
2018-12-31 03:15:00,3.02,2.6127112
2018-12-31 03:30:00,3.46,2.6615071
2018-12-31 03:45:00,3.74,2.652759
2018-12-31 04:00:00,3.06,2.6232061
2018-12-31 04:15:00,3.74,2.6306984
2018-12-31 04:30:00,3.74,2.7933614
2018-12-31 04:45:00,3.78,2.889135
2018-12-31 05:00:00,3.78,2.6262698
2018-12-31 05:15:00,3.56,2.9018002
2018-12-31 05:30:00,2.99,2.8828003
2018-12-31 05:45:00,3.02,2.8714333
2018-12-31 06:00:00,2.95,2.867519
2018-12-31 06:15:00,3.02,2.7676444
2018-12-31 06:30:00,2.99,2.5508509
2018-12-31 06:45:00,3.02,2.5724306
2018-12-31 07:00:00,3.74,2.4035556
2018-12-31 07:15:00,3.17,2.3961205
2018-12-31 07:30:00,2.95,2.350074
2018-12-31 07:45:00,3.56,2.3299952
2018-12-31 08:00:00,3.64,2.4692264
2018-12-31 08:15:00,3.6,2.1663399
2018-12-31 08:30:00,3.74,2.0662909
2018-12-31 08:45:00,3.74,2.3766227
2018-12-31 09:00:00,3.06,2.3286934
2018-12-31 09:15:00,3.17,2.2750287
2018-12-31 09:30:00,3.13,2.35978
2018-12-31 09:45:00,3.17,2.3643708
2018-12-31 10:00:00,3.24,1.8576962
2018-12-31 10:15:00,3.2,1.9629337
2018-12-31 10:30:00,4.03,1.9322739
2018-12-31 10:45:00,3.67,1.9159172
2018-12-31 11:00:00,3.35,1.9413797
2018-12-31 11:15:00,3.35,1.8948507
2018-12-31 11:30:00,3.82,2.6365857
2018-12-31 11:45:00,4.0,2.1597297
2018-12-31 12:00:00,4.07,1.8872676
2018-12-31 12:15:00,4.03,1.9361384
2018-12-31 12:30:00,4.1,2.3053057
2018-12-31 12:45:00,3.35,2.2706587
2018-12-31 13:00:00,3.35,2.2420654
2018-12-31 13:15:00,3.35,2.117658
2018-12-31 13:30:00,3.31,2.1037517
2018-12-31 13:45:00,3.31,1.5477948
2018-12-31 14:00:00,3.35,1.5695816
2018-12-31 14:15:00,3.35,1.580584
2018-12-31 14:30:00,3.56,1.5430051
2018-12-31 14:45:00,4.07,1.5550725
2018-12-31 15:00:00,3.53,1.5749118
2018-12-31 15:15:00,3.42,1.5992107
2018-12-31 15:30:00,4.07,1.7362523
2018-12-31 15:45:00,4.07,2.0281963
2018-12-31 16:00:00,4.03,1.7078683
2018-12-31 16:15:00,4.07,1.7513232
2018-12-31 16:30:00,3.92,2.1758957
2018-12-31 16:45:00,3.31,2.213588
2018-12-31 17:00:00,3.31,2.168539
2018-12-31 17:15:00,3.35,2.2991123
2018-12-31 17:30:00,3.31,2.3351305
2018-12-31 17:45:00,3.46,2.161515
2018-12-31 18:00:00,3.42,2.220917
2018-12-31 18:15:00,3.35,2.3775244
2018-12-31 18:30:00,3.82,2.4697936
2018-12-31 18:45:00,4.14,2.5850315
2018-12-31 19:00:00,3.49,2.4782426
2018-12-31 19:15:00,3.96,2.496766
2018-12-31 19:30:00,4.14,2.7345755
2018-12-31 19:45:00,4.21,2.890099
2018-12-31 20:00:00,4.14,2.5487306
2018-12-31 20:15:00,4.18,2.8285935
2018-12-31 20:30:00,3.38,2.9766178
2018-12-31 20:45:00,3.42,3.0310047
2018-12-31 21:00:00,3.42,2.9506664
2018-12-31 21:15:00,3.42,2.9916263
2018-12-31 21:30:00,3.49,2.7349102
2018-12-31 21:45:00,3.42,2.7594547
2018-12-31 22:00:00,3.42,2.7338288
2018-12-31 22:15:00,3.24,2.7102714
2018-12-31 22:30:00,3.67,2.7156887
2018-12-31 22:45:00,3.82,2.6849124
2018-12-31 23:00:00,3.85,2.6590092
2018-12-31 23:15:00,3.74,2.60077
2018-12-31 23:30:00,3.78,2.7389412
2018-12-31 23:45:00,3.78,2.7719367
