date,actual,LSTM
2018-12-01 00:00:00,3.35,2.1130023
2018-12-01 00:15:00,3.89,2.3062906
2018-12-01 00:30:00,3.85,2.3654046
2018-12-01 00:45:00,3.89,2.346741
2018-12-01 01:00:00,3.89,2.2127628
2018-12-01 01:15:00,4.03,2.3502927
2018-12-01 01:30:00,3.89,2.3239655
2018-12-01 01:45:00,3.92,2.3950462
2018-12-01 02:00:00,3.92,2.3556929
2018-12-01 02:15:00,3.96,2.3881843
2018-12-01 02:30:00,4.03,2.2386885
2018-12-01 02:45:00,4.14,2.108366
2018-12-01 03:00:00,5.08,2.0134618
2018-12-01 03:15:00,4.72,1.9958957
2018-12-01 03:30:00,3.96,2.0271533
2018-12-01 03:45:00,3.92,2.078906
2018-12-01 04:00:00,3.35,2.360447
2018-12-01 04:15:00,3.28,2.262907
2018-12-01 04:30:00,3.35,2.0864782
2018-12-01 04:45:00,3.24,2.1013498
2018-12-01 05:00:00,3.31,1.947868
2018-12-01 05:15:00,3.31,1.9373167
2018-12-01 05:30:00,3.28,2.0285664
2018-12-01 05:45:00,3.28,2.1227303
2018-12-01 06:00:00,3.2,2.1546042
2018-12-01 06:15:00,3.46,2.140985
2018-12-01 06:30:00,4.03,2.112846
2018-12-01 06:45:00,3.89,2.1194634
2018-12-01 07:00:00,3.89,2.0584617
2018-12-01 07:15:00,4.46,2.0980132
2018-12-01 07:30:00,3.67,2.205259
2018-12-01 07:45:00,3.46,2.2224743
2018-12-01 08:00:00,3.46,2.1259987
2018-12-01 08:15:00,3.71,2.3937347
2018-12-01 08:30:00,4.72,2.3791094
2018-12-01 08:45:00,4.46,2.4055483
2018-12-01 09:00:00,5.22,2.36157
2018-12-01 09:15:00,28.58,7.0389047
2018-12-01 09:30:00,30.56,6.929097
2018-12-01 09:45:00,28.08,6.317423
2018-12-01 10:00:00,28.58,6.3083286
2018-12-01 10:15:00,28.73,24.376396
2018-12-01 10:30:00,29.56,23.081282
2018-12-01 10:45:00,30.06,20.81553
2018-12-01 11:00:00,29.2,20.891018
2018-12-01 11:15:00,27.94,20.756926
2018-12-01 11:30:00,27.94,20.531084
2018-12-01 11:45:00,25.63,20.949205
2018-12-01 12:00:00,3.64,18.913605
2018-12-01 12:15:00,3.85,8.343921
2018-12-01 12:30:00,3.71,4.8190017
2018-12-01 12:45:00,3.74,1.929788
2018-12-01 13:00:00,3.71,-0.5635761
2018-12-01 13:15:00,11.3,-0.044783928
2018-12-01 13:30:00,27.29,0.36688676
2018-12-01 13:45:00,26.86,1.2176616
2018-12-01 14:00:00,25.31,1.8586762
2018-12-01 14:15:00,26.21,4.0063415
2018-12-01 14:30:00,26.28,11.259628
2018-12-01 14:45:00,18.68,12.351306
2018-12-01 15:00:00,5.18,10.069664
2018-12-01 15:15:00,5.08,11.790697
2018-12-01 15:30:00,4.75,11.3614
2018-12-01 15:45:00,4.75,7.312828
2018-12-01 16:00:00,4.72,4.2420144
2018-12-01 16:15:00,4.64,4.5005565
2018-12-01 16:30:00,4.72,4.1782365
2018-12-01 16:45:00,4.68,3.7867932
2018-12-01 17:00:00,4.64,2.8953695
2018-12-01 17:15:00,4.79,4.8054667
2018-12-01 17:30:00,4.75,4.9376254
2018-12-01 17:45:00,4.72,4.8696
2018-12-01 18:00:00,4.68,4.5936656
2018-12-01 18:15:00,5.76,4.2839684
2018-12-01 18:30:00,5.4,3.9478347
2018-12-01 18:45:00,4.79,3.5502636
2018-12-01 19:00:00,4.79,2.8697224
2018-12-01 19:15:00,4.79,2.5965796
2018-12-01 19:30:00,4.79,2.3163025
2018-12-01 19:45:00,4.9,2.0720043
2018-12-01 20:00:00,4.75,1.8992387
2018-12-01 20:15:00,4.79,2.1495078
2018-12-01 20:30:00,4.75,2.2032518
2018-12-01 20:45:00,4.82,2.2688317
2018-12-01 21:00:00,4.82,2.2653184
2018-12-01 21:15:00,4.75,2.2830105
2018-12-01 21:30:00,4.79,2.2860231
2018-12-01 21:45:00,4.79,2.308787
2018-12-01 22:00:00,4.9,2.3374693
2018-12-01 22:15:00,5.76,2.133586
2018-12-01 22:30:00,4.61,2.1667576
2018-12-01 22:45:00,3.42,2.1141772
2018-12-01 23:00:00,3.42,2.1811838
2018-12-01 23:15:00,3.28,2.7197366
2018-12-01 23:30:00,3.38,2.5356412
2018-12-01 23:45:00,3.31,2.3572438
2018-12-02 00:00:00,4.36,2.1545064
2018-12-02 00:15:00,3.35,1.964465
2018-12-02 00:30:00,3.35,1.8813745
2018-12-02 00:45:00,3.38,1.8864863
2018-12-02 01:00:00,3.89,2.1648796
2018-12-02 01:15:00,4.46,1.9857451
2018-12-02 01:30:00,4.43,2.0365956
2018-12-02 01:45:00,4.14,2.0469053
2018-12-02 02:00:00,3.46,2.0240426
2018-12-02 02:15:00,3.38,2.1816366
2018-12-02 02:30:00,3.38,2.1584723
2018-12-02 02:45:00,3.38,2.0516722
2018-12-02 03:00:00,4.32,1.8358989
2018-12-02 03:15:00,4.64,1.8454959
2018-12-02 03:30:00,3.82,1.8827738
2018-12-02 03:45:00,3.46,1.9225348
2018-12-02 04:00:00,3.42,2.1498036
2018-12-02 04:15:00,3.46,2.2484968
2018-12-02 04:30:00,4.32,1.990307
2018-12-02 04:45:00,4.5,1.8519927
2018-12-02 05:00:00,4.54,1.8147031
2018-12-02 05:15:00,4.39,1.8282558
2018-12-02 05:30:00,3.35,2.0896568
2018-12-02 05:45:00,3.46,2.2202792
2018-12-02 06:00:00,3.35,2.224238
2018-12-02 06:15:00,3.42,2.1795952
2018-12-02 06:30:00,3.42,1.9705738
2018-12-02 06:45:00,3.38,2.070195
2018-12-02 07:00:00,3.46,2.0001864
2018-12-02 07:15:00,3.38,2.033606
2018-12-02 07:30:00,3.46,2.0345078
2018-12-02 07:45:00,3.46,2.004174
2018-12-02 08:00:00,3.49,1.9494891
2018-12-02 08:15:00,4.57,2.0185924
2018-12-02 08:30:00,4.54,1.9996318
2018-12-02 08:45:00,5.54,2.0735795
2018-12-02 09:00:00,4.75,2.190888
2018-12-02 09:15:00,3.74,2.5682263
2018-12-02 09:30:00,3.71,2.5283513
2018-12-02 09:45:00,3.6,2.7080855
2018-12-02 10:00:00,3.56,2.2683208
2018-12-02 10:15:00,3.6,1.9602804
2018-12-02 10:30:00,3.64,1.9760219
2018-12-02 10:45:00,3.64,1.9810852
2018-12-02 11:00:00,3.64,1.9054466
2018-12-02 11:15:00,3.64,1.863667
2018-12-02 11:30:00,3.56,1.8616849
2018-12-02 11:45:00,3.64,1.8642617
2018-12-02 12:00:00,4.03,1.8104773
2018-12-02 12:15:00,4.86,1.7688907
2018-12-02 12:30:00,4.75,1.8191708
2018-12-02 12:45:00,5.36,2.0701334
2018-12-02 13:00:00,4.9,2.441123
2018-12-02 13:15:00,3.78,2.948104
2018-12-02 13:30:00,3.64,2.6407099
2018-12-02 13:45:00,3.6,2.4826803
2018-12-02 14:00:00,3.6,2.0241036
2018-12-02 14:15:00,3.6,1.734923
2018-12-02 14:30:00,3.56,1.8163625
2018-12-02 14:45:00,3.56,1.8216187
2018-12-02 15:00:00,3.64,1.7266158
2018-12-02 15:15:00,3.6,1.7790071
2018-12-02 15:30:00,3.56,1.7843372
2018-12-02 15:45:00,3.85,1.8055507
2018-12-02 16:00:00,4.68,1.7964541
2018-12-02 16:15:00,4.72,1.7953874
2018-12-02 16:30:00,4.72,1.7973315
2018-12-02 16:45:00,3.89,1.8635844
2018-12-02 17:00:00,3.53,1.9978353
2018-12-02 17:15:00,3.6,1.9861604
2018-12-02 17:30:00,3.6,2.010432
2018-12-02 17:45:00,3.74,1.8728089
2018-12-02 18:00:00,4.72,1.8506514
2018-12-02 18:15:00,3.89,1.9076426
2018-12-02 18:30:00,3.53,1.9023308
2018-12-02 18:45:00,3.53,1.9040824
2018-12-02 19:00:00,3.56,2.134169
2018-12-02 19:15:00,3.67,1.9282497
2018-12-02 19:30:00,3.56,1.8944343
2018-12-02 19:45:00,4.39,1.9039993
2018-12-02 20:00:00,4.72,1.9552733
2018-12-02 20:15:00,4.68,1.9702917
2018-12-02 20:30:00,4.75,1.9241989
2018-12-02 20:45:00,3.71,2.0846786
2018-12-02 21:00:00,3.53,2.0787315
2018-12-02 21:15:00,3.6,2.0702066
2018-12-02 21:30:00,3.6,2.104906
2018-12-02 21:45:00,3.6,1.9179672
2018-12-02 22:00:00,3.56,1.8998817
2018-12-02 22:15:00,4.07,1.9244157
2018-12-02 22:30:00,4.32,1.9400994
2018-12-02 22:45:00,3.35,1.9659203
2018-12-02 23:00:00,3.31,1.9425095
2018-12-02 23:15:00,3.31,2.058183
2018-12-02 23:30:00,3.28,2.102837
2018-12-02 23:45:00,3.35,1.9080361
2018-12-03 00:00:00,4.57,1.9867095
2018-12-03 00:15:00,4.43,1.9777342
2018-12-03 00:30:00,4.36,1.9683179
2018-12-03 00:45:00,4.21,1.9850425
2018-12-03 01:00:00,3.35,2.2930412
2018-12-03 01:15:00,3.38,2.1997187
2018-12-03 01:30:00,3.35,2.1952674
2018-12-03 01:45:00,3.42,2.159533
2018-12-03 02:00:00,3.49,1.940544
2018-12-03 02:15:00,3.42,1.9540751
2018-12-03 02:30:00,3.38,1.9303869
2018-12-03 02:45:00,4.36,1.9473993
2018-12-03 03:00:00,4.14,1.956962
2018-12-03 03:15:00,3.42,1.9555627
2018-12-03 03:30:00,3.38,1.9637533
2018-12-03 03:45:00,3.35,2.197758
2018-12-03 04:00:00,3.35,2.101107
2018-12-03 04:15:00,4.1,1.9592191
2018-12-03 04:30:00,4.43,1.9970585
2018-12-03 04:45:00,4.5,2.00954
2018-12-03 05:00:00,3.78,1.9855008
2018-12-03 05:15:00,3.31,2.1921082
2018-12-03 05:30:00,3.38,2.2827067
2018-12-03 05:45:00,3.31,2.3297274
2018-12-03 06:00:00,3.31,2.1559815
2018-12-03 06:15:00,3.35,2.1263165
2018-12-03 06:30:00,3.31,2.2031715
2018-12-03 06:45:00,3.24,2.2177024
2018-12-03 07:00:00,3.24,2.2042708
2018-12-03 07:15:00,4.21,2.2703893
2018-12-03 07:30:00,5.76,2.2867641
2018-12-03 07:45:00,5.98,2.2588568
2018-12-03 08:00:00,5.58,2.2689438
2018-12-03 08:15:00,34.99,2.4468384
2018-12-03 08:30:00,56.84,2.6980684
2018-12-03 08:45:00,61.06,2.6318173
2018-12-03 09:00:00,57.89,2.541811
2018-12-03 09:15:00,70.49,39.545555
2018-12-03 09:30:00,50.11,51.689735
2018-12-03 09:45:00,66.38,50.944637
2018-12-03 10:00:00,56.88,48.17728
2018-12-03 10:15:00,47.09,53.339584
2018-12-03 10:30:00,55.8,44.77687
2018-12-03 10:45:00,66.89,50.460987
2018-12-03 11:00:00,62.89,48.52029
2018-12-03 11:15:00,63.79,44.44531
2018-12-03 11:30:00,58.1,45.007057
2018-12-03 11:45:00,54.5,44.614452
2018-12-03 12:00:00,35.35,29.439058
2018-12-03 12:15:00,6.34,-3.0157409
2018-12-03 12:30:00,5.76,-4.148152
2018-12-03 12:45:00,6.3,-2.2871654
2018-12-03 13:00:00,6.19,7.7386575
2018-12-03 13:15:00,35.35,31.352411
2018-12-03 13:30:00,51.95,50.32158
2018-12-03 13:45:00,48.46,49.732464
2018-12-03 14:00:00,65.02,34.393204
2018-12-03 14:15:00,69.91,37.92908
2018-12-03 14:30:00,55.12,41.982224
2018-12-03 14:45:00,56.84,41.276714
2018-12-03 15:00:00,54.22,52.199253
2018-12-03 15:15:00,49.97,54.33319
2018-12-03 15:30:00,48.17,47.731243
2018-12-03 15:45:00,49.86,49.061344
2018-12-03 16:00:00,58.75,46.514347
2018-12-03 16:15:00,65.7,44.09714
2018-12-03 16:30:00,51.88,42.563457
2018-12-03 16:45:00,57.2,42.253246
2018-12-03 17:00:00,76.03,44.242706
2018-12-03 17:15:00,72.18,54.23363
2018-12-03 17:30:00,61.42,44.656845
2018-12-03 17:45:00,36.61,37.866966
2018-12-03 18:00:00,29.56,43.64764
2018-12-03 18:15:00,34.13,51.16066
2018-12-03 18:30:00,42.26,54.172924
2018-12-03 18:45:00,56.81,49.03438
2018-12-03 19:00:00,43.02,43.024353
2018-12-03 19:15:00,47.74,39.21511
2018-12-03 19:30:00,39.17,38.836563
2018-12-03 19:45:00,43.67,47.48492
2018-12-03 20:00:00,50.44,41.24999
2018-12-03 20:15:00,46.22,39.884453
2018-12-03 20:30:00,45.36,31.701515
2018-12-03 20:45:00,50.11,24.187447
2018-12-03 21:00:00,25.45,14.360724
2018-12-03 21:15:00,8.6,5.608664
2018-12-03 21:30:00,6.19,4.277292
2018-12-03 21:45:00,5.62,5.6128707
2018-12-03 22:00:00,4.93,4.415679
2018-12-03 22:15:00,4.72,5.8463516
2018-12-03 22:30:00,4.75,4.1050687
2018-12-03 22:45:00,4.68,2.9487252
2018-12-03 23:00:00,4.68,2.702258
2018-12-03 23:15:00,4.61,3.2008657
2018-12-03 23:30:00,4.57,2.8003983
2018-12-03 23:45:00,4.61,2.4769619
2018-12-04 00:00:00,3.89,2.501769
2018-12-04 00:15:00,4.61,2.560771
2018-12-04 00:30:00,4.57,2.6575716
2018-12-04 00:45:00,4.61,2.664341
2018-12-04 01:00:00,4.64,2.5453336
2018-12-04 01:15:00,5.04,2.6924398
2018-12-04 01:30:00,5.8,2.6165311
2018-12-04 01:45:00,4.68,2.5386143
2018-12-04 02:00:00,3.6,2.6630242
2018-12-04 02:15:00,3.56,2.727934
2018-12-04 02:30:00,3.64,2.788438
2018-12-04 02:45:00,3.67,2.3634617
2018-12-04 03:00:00,3.64,2.0404904
2018-12-04 03:15:00,3.64,1.956978
2018-12-04 03:30:00,3.71,1.9455401
2018-12-04 03:45:00,3.67,1.9529287
2018-12-04 04:00:00,3.71,1.9839779
2018-12-04 04:15:00,3.67,2.091535
2018-12-04 04:30:00,3.6,2.2263484
2018-12-04 04:45:00,4.36,2.2840583
2018-12-04 05:00:00,4.64,2.2787511
2018-12-04 05:15:00,4.72,2.2318435
2018-12-04 05:30:00,5.44,2.2230551
2018-12-04 05:45:00,4.43,2.4433413
2018-12-04 06:00:00,3.64,2.5958078
2018-12-04 06:15:00,3.56,2.5889263
2018-12-04 06:30:00,3.67,2.643356
2018-12-04 06:45:00,3.64,2.2766216
2018-12-04 07:00:00,3.56,2.1095462
2018-12-04 07:15:00,3.56,2.1208801
2018-12-04 07:30:00,3.82,2.1344051
2018-12-04 07:45:00,4.54,2.1298318
2018-12-04 08:00:00,5.94,2.2676845
2018-12-04 08:15:00,28.4,2.6120424
2018-12-04 08:30:00,55.04,5.2523904
2018-12-04 08:45:00,61.13,10.600004
2018-12-04 09:00:00,82.33,13.786881
2018-12-04 09:15:00,82.37,48.80647
2018-12-04 09:30:00,64.08,59.65766
2018-12-04 09:45:00,59.36,52.227913
2018-12-04 10:00:00,52.16,60.244495
2018-12-04 10:15:00,56.95,61.237526
2018-12-04 10:30:00,53.42,52.232956
2018-12-04 10:45:00,58.86,48.60474
2018-12-04 11:00:00,59.98,45.03089
2018-12-04 11:15:00,61.24,46.927174
2018-12-04 11:30:00,84.1,46.60767
2018-12-04 11:45:00,63.86,45.662174
2018-12-04 12:00:00,49.86,35.519737
2018-12-04 12:15:00,6.91,-2.0653968
2018-12-04 12:30:00,7.38,-4.4823174
2018-12-04 12:45:00,6.62,-4.190764
2018-12-04 13:00:00,6.55,0.87053967
2018-12-04 13:15:00,32.51,23.62338
2018-12-04 13:30:00,57.28,54.325764
2018-12-04 13:45:00,55.51,56.592754
2018-12-04 14:00:00,56.12,41.803448
2018-12-04 14:15:00,58.82,37.431747
2018-12-04 14:30:00,52.88,44.007656
2018-12-04 14:45:00,53.46,44.035557
2018-12-04 15:00:00,62.96,45.944313
2018-12-04 15:15:00,64.62,46.586254
2018-12-04 15:30:00,60.01,43.42033
2018-12-04 15:45:00,55.66,45.4941
2018-12-04 16:00:00,53.82,47.370533
2018-12-04 16:15:00,71.86,48.523365
2018-12-04 16:30:00,60.73,48.64979
2018-12-04 16:45:00,68.22,47.63416
2018-12-04 17:00:00,80.46,44.473713
2018-12-04 17:15:00,61.52,56.230457
2018-12-04 17:30:00,71.1,51.127136
2018-12-04 17:45:00,35.21,43.230816
2018-12-04 18:00:00,30.31,41.7132
2018-12-04 18:15:00,43.56,45.558197
2018-12-04 18:30:00,40.97,55.0919
2018-12-04 18:45:00,38.56,46.67983
2018-12-04 19:00:00,41.65,43.738842
2018-12-04 19:15:00,49.07,46.63206
2018-12-04 19:30:00,40.46,37.563526
2018-12-04 19:45:00,48.64,34.15138
2018-12-04 20:00:00,49.75,36.39161
2018-12-04 20:15:00,48.89,39.566006
2018-12-04 20:30:00,37.84,32.495823
2018-12-04 20:45:00,30.67,28.398653
2018-12-04 21:00:00,5.08,16.834782
2018-12-04 21:15:00,5.69,7.465482
2018-12-04 21:30:00,5.44,4.4465795
2018-12-04 21:45:00,5.4,4.2341514
2018-12-04 22:00:00,5.44,2.5795388
2018-12-04 22:15:00,5.26,3.2753043
2018-12-04 22:30:00,4.64,2.9297771
2018-12-04 22:45:00,3.92,2.840405
2018-12-04 23:00:00,3.96,2.9954605
2018-12-04 23:15:00,3.92,3.1380174
2018-12-04 23:30:00,3.85,2.6457665
2018-12-04 23:45:00,3.89,2.3156803
2018-12-05 00:00:00,3.96,2.4386833
2018-12-05 00:15:00,3.89,2.4907002
2018-12-05 00:30:00,3.92,2.5573673
2018-12-05 00:45:00,3.89,2.544619
2018-12-05 01:00:00,3.96,2.5663393
2018-12-05 01:15:00,3.78,2.5345185
2018-12-05 01:30:00,3.85,2.4444768
2018-12-05 01:45:00,3.82,2.359291
2018-12-05 02:00:00,3.82,2.517083
2018-12-05 02:15:00,3.85,2.4383388
2018-12-05 02:30:00,4.64,2.3048213
2018-12-05 02:45:00,4.86,2.127716
2018-12-05 03:00:00,3.82,2.083971
2018-12-05 03:15:00,3.49,2.020085
2018-12-05 03:30:00,3.13,2.2624905
2018-12-05 03:45:00,3.2,2.3497696
2018-12-05 04:00:00,3.13,2.089861
2018-12-05 04:15:00,3.1,2.0716035
2018-12-05 04:30:00,3.17,2.0679383
2018-12-05 04:45:00,3.06,2.1613464
2018-12-05 05:00:00,3.17,2.1676548
2018-12-05 05:15:00,3.06,2.1870563
2018-12-05 05:30:00,3.1,2.2205293
2018-12-05 05:45:00,3.02,2.2088032
2018-12-05 06:00:00,3.1,2.3945134
2018-12-05 06:15:00,3.02,2.353444
2018-12-05 06:30:00,4.61,2.2899494
2018-12-05 06:45:00,4.9,2.165416
2018-12-05 07:00:00,3.85,2.182907
2018-12-05 07:15:00,3.49,2.1422358
2018-12-05 07:30:00,3.2,2.4678195
2018-12-05 07:45:00,4.32,2.4947557
2018-12-05 08:00:00,4.72,2.2643669
2018-12-05 08:15:00,27.65,3.819889
2018-12-05 08:30:00,61.56,6.666879
2018-12-05 08:45:00,57.71,10.26562
2018-12-05 09:00:00,57.82,9.911922
2018-12-05 09:15:00,68.08,45.29966
2018-12-05 09:30:00,64.08,62.572514
2018-12-05 09:45:00,64.76,48.677036
2018-12-05 10:00:00,62.68,46.839878
2018-12-05 10:15:00,49.28,51.6779
2018-12-05 10:30:00,56.52,50.058228
2018-12-05 10:45:00,59.04,49.95225
2018-12-05 11:00:00,66.85,50.196285
2018-12-05 11:15:00,68.83,46.953632
2018-12-05 11:30:00,60.3,48.40372
2018-12-05 11:45:00,53.21,47.545086
2018-12-05 12:00:00,40.97,40.360077
2018-12-05 12:15:00,10.69,0.6551384
2018-12-05 12:30:00,9.43,-3.419259
2018-12-05 12:45:00,10.33,-3.1759465
2018-12-05 13:00:00,26.68,-1.132408
2018-12-05 13:15:00,43.34,14.577192
2018-12-05 13:30:00,46.51,39.62452
2018-12-05 13:45:00,50.44,47.42975
2018-12-05 14:00:00,63.4,46.088688
2018-12-05 14:15:00,54.36,38.700146
2018-12-05 14:30:00,61.52,36.93899
2018-12-05 14:45:00,58.93,40.789658
2018-12-05 15:00:00,85.46,49.61924
2018-12-05 15:15:00,109.3,43.97721
2018-12-05 15:30:00,87.16,47.538464
2018-12-05 15:45:00,96.01,48.79701
2018-12-05 16:00:00,105.91,53.87188
2018-12-05 16:15:00,68.18,63.333035
2018-12-05 16:30:00,64.91,67.60431
2018-12-05 16:45:00,56.05,71.62641
2018-12-05 17:00:00,62.96,73.09757
2018-12-05 17:15:00,47.12,67.69883
2018-12-05 17:30:00,44.57,50.017048
2018-12-05 17:45:00,44.24,36.213036
2018-12-05 18:00:00,27.32,40.34775
2018-12-05 18:15:00,5.87,43.35449
2018-12-05 18:30:00,5.36,47.22891
2018-12-05 18:45:00,5.47,50.839523
2018-12-05 19:00:00,5.58,37.874344
2018-12-05 19:15:00,5.58,11.907825
2018-12-05 19:30:00,5.47,1.9742969
2018-12-05 19:45:00,5.44,1.0763437
2018-12-05 20:00:00,5.44,1.8697826
2018-12-05 20:15:00,5.44,2.9446583
2018-12-05 20:30:00,5.51,2.9359624
2018-12-05 20:45:00,5.44,2.8392005
2018-12-05 21:00:00,4.82,2.5891833
2018-12-05 21:15:00,4.28,2.4214528
2018-12-05 21:30:00,4.25,2.3706322
2018-12-05 21:45:00,4.28,2.3442266
2018-12-05 22:00:00,4.36,2.2325587
2018-12-05 22:15:00,4.03,1.4109792
2018-12-05 22:30:00,4.0,1.3410178
2018-12-05 22:45:00,4.03,1.32983
2018-12-05 23:00:00,4.0,1.3219151
2018-12-05 23:15:00,4.0,2.1115046
2018-12-05 23:30:00,3.92,2.1212924
2018-12-05 23:45:00,4.0,2.1600912
2018-12-06 00:00:00,4.0,1.9784173
2018-12-06 00:15:00,3.96,1.9920238
2018-12-06 00:30:00,4.79,2.0135512
2018-12-06 00:45:00,5.18,2.0701299
2018-12-06 01:00:00,4.03,2.2578514
2018-12-06 01:15:00,3.92,2.293587
2018-12-06 01:30:00,4.0,2.4842105
2018-12-06 01:45:00,3.92,2.4483752
2018-12-06 02:00:00,4.07,2.1012783
2018-12-06 02:15:00,3.46,2.1069126
2018-12-06 02:30:00,3.28,2.2110631
2018-12-06 02:45:00,3.38,2.2993226
2018-12-06 03:00:00,3.31,2.4087892
2018-12-06 03:15:00,3.35,2.1853127
2018-12-06 03:30:00,3.35,2.0652647
2018-12-06 03:45:00,3.38,2.035977
2018-12-06 04:00:00,3.42,2.0313673
2018-12-06 04:15:00,3.31,1.9779382
2018-12-06 04:30:00,4.61,1.9580001
2018-12-06 04:45:00,5.04,2.0648875
2018-12-06 05:00:00,4.07,2.0600715
2018-12-06 05:15:00,3.71,2.0664895
2018-12-06 05:30:00,3.31,2.9703481
2018-12-06 05:45:00,3.31,3.4342399
2018-12-06 06:00:00,3.38,2.579842
2018-12-06 06:15:00,3.31,2.2136936
2018-12-06 06:30:00,3.28,2.1380494
2018-12-06 06:45:00,3.31,2.2304862
2018-12-06 07:00:00,3.24,2.2554173
2018-12-06 07:15:00,3.28,2.2781005
2018-12-06 07:30:00,3.46,2.2864919
2018-12-06 07:45:00,4.21,2.2897022
2018-12-06 08:00:00,6.44,2.2978487
2018-12-06 08:15:00,32.29,2.275562
2018-12-06 08:30:00,64.98,2.2816775
2018-12-06 08:45:00,60.84,2.4024446
2018-12-06 09:00:00,59.87,2.9160109
2018-12-06 09:15:00,67.0,39.854042
2018-12-06 09:30:00,71.17,65.592766
2018-12-06 09:45:00,76.86,50.503254
2018-12-06 10:00:00,66.67,44.665375
2018-12-06 10:15:00,63.18,48.592793
2018-12-06 10:30:00,68.87,52.75404
2018-12-06 10:45:00,71.06,56.970016
2018-12-06 11:00:00,62.78,55.059933
2018-12-06 11:15:00,60.88,53.94632
2018-12-06 11:30:00,74.45,54.421036
2018-12-06 11:45:00,67.82,50.44122
2018-12-06 12:00:00,69.26,32.045162
2018-12-06 12:15:00,9.94,-2.246308
2018-12-06 12:30:00,6.88,-4.281034
2018-12-06 12:45:00,7.02,-3.9247525
2018-12-06 13:00:00,6.95,0.5826074
2018-12-06 13:15:00,35.78,24.74068
2018-12-06 13:30:00,61.78,62.345295
2018-12-06 13:45:00,60.8,64.34857
2018-12-06 14:00:00,71.78,49.403778
2018-12-06 14:15:00,72.11,41.88835
2018-12-06 14:30:00,68.22,46.937595
2018-12-06 14:45:00,73.44,46.72643
2018-12-06 15:00:00,56.88,55.27651
2018-12-06 15:15:00,50.29,55.85065
2018-12-06 15:30:00,48.78,53.14594
2018-12-06 15:45:00,48.96,56.06322
2018-12-06 16:00:00,49.97,50.207436
2018-12-06 16:15:00,62.28,45.709156
2018-12-06 16:30:00,47.95,43.381794
2018-12-06 16:45:00,57.35,42.010883
2018-12-06 17:00:00,47.77,39.889214
2018-12-06 17:15:00,48.6,50.50903
2018-12-06 17:30:00,57.46,42.879913
2018-12-06 17:45:00,31.86,38.133785
2018-12-06 18:00:00,31.61,33.420902
2018-12-06 18:15:00,36.61,39.008625
2018-12-06 18:30:00,40.07,48.04584
2018-12-06 18:45:00,37.87,41.250042
2018-12-06 19:00:00,47.23,41.656826
2018-12-06 19:15:00,53.03,40.15034
2018-12-06 19:30:00,38.63,37.017025
2018-12-06 19:45:00,37.51,33.777958
2018-12-06 20:00:00,38.3,40.239536
2018-12-06 20:15:00,54.36,42.265694
2018-12-06 20:30:00,38.84,29.656664
2018-12-06 20:45:00,27.72,17.580582
2018-12-06 21:00:00,8.86,7.88834
2018-12-06 21:15:00,5.51,7.3334837
2018-12-06 21:30:00,5.58,4.5849795
2018-12-06 21:45:00,5.62,4.418946
2018-12-06 22:00:00,5.54,3.2385664
2018-12-06 22:15:00,5.26,3.415883
2018-12-06 22:30:00,5.22,2.907491
2018-12-06 22:45:00,5.26,2.7834723
2018-12-06 23:00:00,4.18,2.874617
2018-12-06 23:15:00,3.96,3.1014168
2018-12-06 23:30:00,4.0,2.8054268
2018-12-06 23:45:00,4.0,2.5054836
2018-12-07 00:00:00,4.03,2.4370008
2018-12-07 00:15:00,3.96,2.5656948
2018-12-07 00:30:00,4.03,2.6602535
2018-12-07 00:45:00,4.03,2.6184924
2018-12-07 01:00:00,4.0,2.553927
2018-12-07 01:15:00,4.03,2.5486178
2018-12-07 01:30:00,4.03,2.4609923
2018-12-07 01:45:00,4.03,2.4162483
2018-12-07 02:00:00,4.1,2.5006084
2018-12-07 02:15:00,4.0,2.4445026
2018-12-07 02:30:00,4.72,2.3003192
2018-12-07 02:45:00,4.79,2.1537132
2018-12-07 03:00:00,4.14,2.1206777
2018-12-07 03:15:00,4.07,2.086524
2018-12-07 03:30:00,4.03,2.3462176
2018-12-07 03:45:00,4.0,2.3965063
2018-12-07 04:00:00,3.42,2.2369618
2018-12-07 04:15:00,3.49,2.2815626
2018-12-07 04:30:00,3.46,2.349795
2018-12-07 04:45:00,3.38,2.38303
2018-12-07 05:00:00,3.42,2.2272525
2018-12-07 05:15:00,3.42,2.2808256
2018-12-07 05:30:00,3.74,2.2951283
2018-12-07 05:45:00,4.07,2.3288
2018-12-07 06:00:00,3.49,2.444017
2018-12-07 06:15:00,3.42,2.3992043
2018-12-07 06:30:00,3.64,2.3526044
2018-12-07 06:45:00,4.1,2.3487444
2018-12-07 07:00:00,4.0,2.1999989
2018-12-07 07:15:00,4.0,2.2021255
2018-12-07 07:30:00,3.82,2.285766
2018-12-07 07:45:00,4.54,2.354238
2018-12-07 08:00:00,4.79,2.3787951
2018-12-07 08:15:00,47.66,4.659474
2018-12-07 08:30:00,60.19,7.717964
2018-12-07 08:45:00,60.19,9.923307
2018-12-07 09:00:00,53.32,8.290197
2018-12-07 09:15:00,58.86,63.73547
2018-12-07 09:30:00,49.5,54.741657
2018-12-07 09:45:00,48.42,48.601414
2018-12-07 10:00:00,62.78,43.428318
2018-12-07 10:15:00,48.02,45.725903
2018-12-07 10:30:00,46.22,41.919296
2018-12-07 10:45:00,57.46,41.67937
2018-12-07 11:00:00,48.78,47.571556
2018-12-07 11:15:00,47.02,44.907223
2018-12-07 11:30:00,58.0,41.842632
2018-12-07 11:45:00,51.48,40.291233
2018-12-07 12:00:00,44.28,28.405354
2018-12-07 12:15:00,26.6,-2.0488667
2018-12-07 12:30:00,12.49,-3.5181541
2018-12-07 12:45:00,9.79,-3.5040102
2018-12-07 13:00:00,10.76,-1.2371694
2018-12-07 13:15:00,44.06,13.146569
2018-12-07 13:30:00,49.82,33.66772
2018-12-07 13:45:00,54.36,46.02381
2018-12-07 14:00:00,55.98,38.8397
2018-12-07 14:15:00,56.48,41.499897
2018-12-07 14:30:00,47.41,38.3228
2018-12-07 14:45:00,47.95,41.597366
2018-12-07 15:00:00,58.86,44.234295
2018-12-07 15:15:00,50.08,43.990486
2018-12-07 15:30:00,51.88,39.503834
2018-12-07 15:45:00,53.82,41.582485
2018-12-07 16:00:00,49.9,44.273678
2018-12-07 16:15:00,57.1,41.9442
2018-12-07 16:30:00,50.33,41.803627
2018-12-07 16:45:00,68.54,42.582283
2018-12-07 17:00:00,60.12,39.078537
2018-12-07 17:15:00,72.11,46.7457
2018-12-07 17:30:00,46.33,40.966305
2018-12-07 17:45:00,34.16,41.141727
2018-12-07 18:00:00,30.35,37.726044
2018-12-07 18:15:00,42.48,47.558643
2018-12-07 18:30:00,52.85,46.799213
2018-12-07 18:45:00,58.97,45.877922
2018-12-07 19:00:00,57.17,41.31045
2018-12-07 19:15:00,44.39,43.40982
2018-12-07 19:30:00,47.84,44.808605
2018-12-07 19:45:00,54.07,49.17377
2018-12-07 20:00:00,43.38,51.595234
2018-12-07 20:15:00,57.64,39.947327
2018-12-07 20:30:00,41.72,33.794224
2018-12-07 20:45:00,31.9,25.362007
2018-12-07 21:00:00,19.69,7.363502
2018-12-07 21:15:00,5.62,4.911654
2018-12-07 21:30:00,5.62,3.5028186
2018-12-07 21:45:00,5.15,3.888261
2018-12-07 22:00:00,4.28,3.6215136
2018-12-07 22:15:00,4.0,3.9423606
2018-12-07 22:30:00,4.07,3.1150084
2018-12-07 22:45:00,4.03,2.6141062
2018-12-07 23:00:00,4.0,2.6397624
2018-12-07 23:15:00,3.96,2.8722475
2018-12-07 23:30:00,4.03,2.5830493
2018-12-07 23:45:00,4.0,2.3569872
2018-12-08 00:00:00,3.78,2.116402
2018-12-08 00:15:00,4.0,2.2402916
2018-12-08 00:30:00,3.96,2.3532004
2018-12-08 00:45:00,4.0,2.3573592
2018-12-08 01:00:00,4.0,2.2527082
2018-12-08 01:15:00,5.15,2.3505635
2018-12-08 01:30:00,4.79,2.3484583
2018-12-08 01:45:00,3.96,2.4107609
2018-12-08 02:00:00,3.96,2.3937438
2018-12-08 02:15:00,4.1,2.669555
2018-12-08 02:30:00,4.0,2.4816573
2018-12-08 02:45:00,4.0,2.1519654
2018-12-08 03:00:00,4.0,2.0626848
2018-12-08 03:15:00,3.96,2.0679708
2018-12-08 03:30:00,3.64,2.0199323
2018-12-08 03:45:00,3.38,2.0338843
2018-12-08 04:00:00,3.31,2.0935917
2018-12-08 04:15:00,3.35,2.128803
2018-12-08 04:30:00,3.35,2.0889769
2018-12-08 04:45:00,3.42,2.0388846
2018-12-08 05:00:00,3.49,2.0052547
2018-12-08 05:15:00,4.0,1.9824188
2018-12-08 05:30:00,3.53,2.0169728
2018-12-08 05:45:00,3.35,2.1219802
2018-12-08 06:00:00,3.38,2.1640203
2018-12-08 06:15:00,4.03,2.2754202
2018-12-08 06:30:00,4.03,2.1273181
2018-12-08 06:45:00,4.0,2.0934727
2018-12-08 07:00:00,3.78,2.0882688
2018-12-08 07:15:00,3.35,2.247666
2018-12-08 07:30:00,3.31,2.2184002
2018-12-08 07:45:00,3.53,2.2346542
2018-12-08 08:00:00,3.67,2.1475909
2018-12-08 08:15:00,29.23,2.09097
2018-12-08 08:30:00,38.16,2.119276
2018-12-08 08:45:00,33.08,2.5952878
2018-12-08 09:00:00,51.52,2.8983085
2018-12-08 09:15:00,47.77,39.436314
2018-12-08 09:30:00,42.05,31.200954
2018-12-08 09:45:00,32.4,21.30253
2018-12-08 10:00:00,31.43,33.49195
2018-12-08 10:15:00,31.57,34.026226
2018-12-08 10:30:00,31.43,30.170637
2018-12-08 10:45:00,47.66,25.903646
2018-12-08 11:00:00,49.28,23.098688
2018-12-08 11:15:00,38.16,21.818094
2018-12-08 11:30:00,44.14,19.777472
2018-12-08 11:45:00,38.27,22.152946
2018-12-08 12:00:00,22.46,18.551134
2018-12-08 12:15:00,3.92,-5.006847
2018-12-08 12:30:00,4.57,-5.4410996
2018-12-08 12:45:00,5.36,-5.3963323
2018-12-08 13:00:00,6.08,-3.842637
2018-12-08 13:15:00,34.09,6.23821
2018-12-08 13:30:00,55.69,21.22693
2018-12-08 13:45:00,40.61,25.727371
2018-12-08 14:00:00,50.51,17.016314
2018-12-08 14:15:00,37.98,26.03216
2018-12-08 14:30:00,48.89,33.067513
2018-12-08 14:45:00,37.73,25.047548
2018-12-08 15:00:00,40.03,32.1474
2018-12-08 15:15:00,43.67,23.342607
2018-12-08 15:30:00,46.15,29.561266
2018-12-08 15:45:00,49.68,27.563478
2018-12-08 16:00:00,49.32,26.447
2018-12-08 16:15:00,49.46,24.904652
2018-12-08 16:30:00,49.54,22.716742
2018-12-08 16:45:00,34.63,21.528954
2018-12-08 17:00:00,27.0,17.215143
2018-12-08 17:15:00,9.9,25.59646
2018-12-08 17:30:00,5.22,22.064936
2018-12-08 17:45:00,5.29,16.89309
2018-12-08 18:00:00,5.22,15.719581
2018-12-08 18:15:00,5.18,8.663862
2018-12-08 18:30:00,5.15,4.6515355
2018-12-08 18:45:00,5.33,3.2739685
2018-12-08 19:00:00,5.15,3.0022402
2018-12-08 19:15:00,4.1,2.7002938
2018-12-08 19:30:00,4.14,2.374022
2018-12-08 19:45:00,4.1,2.2159362
2018-12-08 20:00:00,4.14,2.0403166
2018-12-08 20:15:00,4.1,2.2454004
2018-12-08 20:30:00,4.03,2.3015628
2018-12-08 20:45:00,4.14,2.2275028
2018-12-08 21:00:00,4.1,2.1928535
2018-12-08 21:15:00,4.14,2.132502
2018-12-08 21:30:00,4.1,2.0433118
2018-12-08 21:45:00,4.14,2.0513663
2018-12-08 22:00:00,4.1,2.088599
2018-12-08 22:15:00,3.82,1.8533176
2018-12-08 22:30:00,3.89,1.8563633
2018-12-08 22:45:00,5.0,1.7933285
2018-12-08 23:00:00,4.75,1.7139624
2018-12-08 23:15:00,3.82,1.9954547
2018-12-08 23:30:00,3.71,2.0360527
2018-12-08 23:45:00,3.82,2.3806143
2018-12-09 00:00:00,3.17,2.2938917
2018-12-09 00:15:00,3.74,2.038267
2018-12-09 00:30:00,3.74,2.0320008
2018-12-09 00:45:00,3.82,2.0560231
2018-12-09 01:00:00,3.85,1.820588
2018-12-09 01:15:00,3.78,1.938048
2018-12-09 01:30:00,3.82,1.9470886
2018-12-09 01:45:00,3.78,2.0342917
2018-12-09 02:00:00,3.78,2.0541787
2018-12-09 02:15:00,3.17,2.0517244
2018-12-09 02:30:00,3.13,2.0431616
2018-12-09 02:45:00,3.35,2.0357163
2018-12-09 03:00:00,3.67,1.9023906
2018-12-09 03:15:00,3.02,1.8049024
2018-12-09 03:30:00,3.13,1.7681223
2018-12-09 03:45:00,3.06,1.8241937
2018-12-09 04:00:00,3.06,1.870723
2018-12-09 04:15:00,3.06,1.7844917
2018-12-09 04:30:00,3.2,1.9128531
2018-12-09 04:45:00,3.78,1.9464262
2018-12-09 05:00:00,3.78,1.8731548
2018-12-09 05:15:00,3.74,1.7774391
2018-12-09 05:30:00,3.74,1.7519428
2018-12-09 05:45:00,3.13,1.9004589
2018-12-09 06:00:00,3.74,1.8543468
2018-12-09 06:15:00,3.56,1.921868
2018-12-09 06:30:00,3.1,2.0369177
2018-12-09 06:45:00,2.95,2.007715
2018-12-09 07:00:00,3.06,2.151724
2018-12-09 07:15:00,3.02,2.086576
2018-12-09 07:30:00,2.95,1.9847112
2018-12-09 07:45:00,3.02,1.9867792
2018-12-09 08:00:00,2.99,1.9683608
2018-12-09 08:15:00,3.13,1.926545
2018-12-09 08:30:00,3.74,1.9051592
2018-12-09 08:45:00,3.82,1.9233118
2018-12-09 09:00:00,3.96,1.821043
2018-12-09 09:15:00,4.03,1.8944166
2018-12-09 09:30:00,3.35,2.1402004
2018-12-09 09:45:00,3.31,2.3488312
2018-12-09 10:00:00,3.89,2.3970244
2018-12-09 10:15:00,4.03,2.4031346
2018-12-09 10:30:00,3.31,2.2143655
2018-12-09 10:45:00,3.35,2.07748
2018-12-09 11:00:00,3.42,1.9668306
2018-12-09 11:15:00,3.35,1.94278
2018-12-09 11:30:00,3.31,1.8153149
2018-12-09 11:45:00,3.38,1.865178
2018-12-09 12:00:00,3.89,1.7916759
2018-12-09 12:15:00,4.18,1.7451527
2018-12-09 12:30:00,4.1,1.7275357
2018-12-09 12:45:00,4.1,1.7469162
2018-12-09 13:00:00,3.6,1.8017966
2018-12-09 13:15:00,3.42,1.8285153
2018-12-09 13:30:00,3.42,1.8587104
2018-12-09 13:45:00,3.35,2.0322556
2018-12-09 14:00:00,3.92,2.0736732
2018-12-09 14:15:00,3.78,2.2774034
2018-12-09 14:30:00,3.42,2.3282728
2018-12-09 14:45:00,3.38,2.2385602
2018-12-09 15:00:00,3.46,2.2248158
2018-12-09 15:15:00,3.42,2.0744512
2018-12-09 15:30:00,3.53,1.9957384
2018-12-09 15:45:00,4.07,1.9606041
2018-12-09 16:00:00,4.03,1.8826798
2018-12-09 16:15:00,4.14,1.8106283
2018-12-09 16:30:00,4.0,1.7948865
2018-12-09 16:45:00,3.31,1.8934072
2018-12-09 17:00:00,3.35,1.8604361
2018-12-09 17:15:00,3.49,1.9095544
2018-12-09 17:30:00,4.1,1.8560301
2018-12-09 17:45:00,3.64,1.8156008
2018-12-09 18:00:00,3.24,1.8071784
2018-12-09 18:15:00,3.28,1.8609012
2018-12-09 18:30:00,3.31,1.9810159
2018-12-09 18:45:00,3.42,1.841116
2018-12-09 19:00:00,3.64,1.8492528
2018-12-09 19:15:00,4.07,1.8801948
2018-12-09 19:30:00,4.03,1.86561
2018-12-09 19:45:00,4.03,1.8635265
2018-12-09 20:00:00,4.0,1.9693826
2018-12-09 20:15:00,3.31,2.0353808
2018-12-09 20:30:00,3.31,1.9962082
2018-12-09 20:45:00,3.35,1.9879036
2018-12-09 21:00:00,3.35,1.9763312
2018-12-09 21:15:00,3.67,1.8449994
2018-12-09 21:30:00,4.14,1.881123
2018-12-09 21:45:00,3.38,1.8906664
2018-12-09 22:00:00,3.28,1.8429306
2018-12-09 22:15:00,3.13,1.9033897
2018-12-09 22:30:00,3.17,2.0015962
2018-12-09 22:45:00,3.78,1.8566831
2018-12-09 23:00:00,3.78,1.8610816
2018-12-09 23:15:00,3.74,1.8432544
2018-12-09 23:30:00,3.74,1.861826
2018-12-09 23:45:00,3.46,2.0041637
2018-12-10 00:00:00,5.36,2.0347755
2018-12-10 00:15:00,3.06,2.0237772
2018-12-10 00:30:00,3.02,2.036103
2018-12-10 00:45:00,3.31,1.9801415
2018-12-10 01:00:00,3.85,2.4296045
2018-12-10 01:15:00,3.42,1.8181022
2018-12-10 01:30:00,3.1,1.8978187
2018-12-10 01:45:00,3.1,1.964056
2018-12-10 02:00:00,3.17,2.05454
2018-12-10 02:15:00,3.31,1.9354936
2018-12-10 02:30:00,3.82,1.8954768
2018-12-10 02:45:00,3.78,1.9215406
2018-12-10 03:00:00,3.82,1.9211626
2018-12-10 03:15:00,3.74,1.9411145
2018-12-10 03:30:00,3.1,2.0447903
2018-12-10 03:45:00,3.2,2.0179126
2018-12-10 04:00:00,3.1,2.0192196
2018-12-10 04:15:00,3.13,2.0072846
2018-12-10 04:30:00,3.17,1.8744012
2018-12-10 04:45:00,3.49,1.9350581
2018-12-10 05:00:00,3.74,1.8839715
2018-12-10 05:15:00,3.13,1.9364637
2018-12-10 05:30:00,3.1,2.0012205
2018-12-10 05:45:00,3.82,2.137595
2018-12-10 06:00:00,3.82,2.1912298
2018-12-10 06:15:00,3.85,2.098591
2018-12-10 06:30:00,3.82,2.165143
2018-12-10 06:45:00,3.46,2.3729963
2018-12-10 07:00:00,3.06,2.3063755
2018-12-10 07:15:00,3.13,2.3504925
2018-12-10 07:30:00,3.56,2.3587031
2018-12-10 07:45:00,5.87,2.2709227
2018-12-10 08:00:00,6.8,2.2128615
2018-12-10 08:15:00,33.48,2.2201242
2018-12-10 08:30:00,61.06,2.2791724
2018-12-10 08:45:00,58.36,2.7327003
2018-12-10 09:00:00,68.62,2.9011877
2018-12-10 09:15:00,69.23,38.66082
2018-12-10 09:30:00,70.78,55.687202
2018-12-10 09:45:00,61.74,50.47477
2018-12-10 10:00:00,72.0,54.09322
2018-12-10 10:15:00,56.2,54.720287
2018-12-10 10:30:00,56.02,54.008564
2018-12-10 10:45:00,63.9,50.586243
2018-12-10 11:00:00,68.47,55.18007
2018-12-10 11:15:00,61.56,51.52934
2018-12-10 11:30:00,70.31,49.45612
2018-12-10 11:45:00,62.42,47.4534
2018-12-10 12:00:00,44.75,33.650093
2018-12-10 12:15:00,9.11,-2.576696
2018-12-10 12:30:00,10.33,-4.530142
2018-12-10 12:45:00,11.45,-3.6065967
2018-12-10 13:00:00,11.09,3.7516603
2018-12-10 13:15:00,42.66,28.978518
2018-12-10 13:30:00,72.9,54.996357
2018-12-10 13:45:00,71.03,56.218147
2018-12-10 14:00:00,67.32,41.79379
2018-12-10 14:15:00,64.22,41.447285
2018-12-10 14:30:00,69.91,50.764183
2018-12-10 14:45:00,51.23,53.301205
2018-12-10 15:00:00,58.39,55.168415
2018-12-10 15:15:00,69.62,51.793617
2018-12-10 15:30:00,66.71,54.485947
2018-12-10 15:45:00,65.99,49.910633
2018-12-10 16:00:00,64.98,48.156384
2018-12-10 16:15:00,64.55,50.715237
2018-12-10 16:30:00,63.72,52.402218
2018-12-10 16:45:00,66.53,53.924053
2018-12-10 17:00:00,62.57,52.692673
2018-12-10 17:15:00,63.72,57.316753
2018-12-10 17:30:00,58.64,50.974346
2018-12-10 17:45:00,60.12,41.41255
2018-12-10 18:00:00,24.73,40.113743
2018-12-10 18:15:00,5.47,47.93021
2018-12-10 18:30:00,4.5,52.1735
2018-12-10 18:45:00,4.46,57.07749
2018-12-10 19:00:00,4.46,40.059093
2018-12-10 19:15:00,4.75,16.009861
2018-12-10 19:30:00,5.69,2.889832
2018-12-10 19:45:00,5.62,1.0664843
2018-12-10 20:00:00,4.46,1.6349567
2018-12-10 20:15:00,4.46,2.4913783
2018-12-10 20:30:00,4.5,2.6699219
2018-12-10 20:45:00,4.43,2.6602077
2018-12-10 21:00:00,4.46,2.3204653
2018-12-10 21:15:00,4.5,2.223661
2018-12-10 21:30:00,4.57,2.1693912
2018-12-10 21:45:00,4.54,2.1299434
2018-12-10 22:00:00,4.46,2.0967453
2018-12-10 22:15:00,4.28,1.3892585
2018-12-10 22:30:00,4.25,1.3838559
2018-12-10 22:45:00,4.32,1.3894578
2018-12-10 23:00:00,4.18,1.3620265
2018-12-10 23:15:00,4.18,2.2076075
2018-12-10 23:30:00,4.21,2.2278855
2018-12-10 23:45:00,4.28,2.3134422
2018-12-11 00:00:00,4.18,2.048388
2018-12-11 00:15:00,4.86,2.1070979
2018-12-11 00:30:00,4.21,2.1397033
2018-12-11 00:45:00,4.18,2.1967134
2018-12-11 01:00:00,4.21,2.3611069
2018-12-11 01:15:00,4.32,2.5850024
2018-12-11 01:30:00,4.25,2.369427
2018-12-11 01:45:00,4.18,2.2718654
2018-12-11 02:00:00,4.21,2.1969023
2018-12-11 02:15:00,4.28,2.2022521
2018-12-11 02:30:00,4.25,2.267332
2018-12-11 02:45:00,4.21,2.3363225
2018-12-11 03:00:00,3.56,2.3215106
2018-12-11 03:15:00,3.56,2.2140758
2018-12-11 03:30:00,3.53,2.103886
2018-12-11 03:45:00,3.53,2.0553765
2018-12-11 04:00:00,3.85,1.9339838
2018-12-11 04:15:00,4.18,1.9052126
2018-12-11 04:30:00,3.49,1.8889592
2018-12-11 04:45:00,3.56,1.9958943
2018-12-11 05:00:00,3.56,2.195529
2018-12-11 05:15:00,3.74,2.313333
2018-12-11 05:30:00,4.18,2.3160532
2018-12-11 05:45:00,4.25,2.5106578
2018-12-11 06:00:00,4.28,2.336952
2018-12-11 06:15:00,3.56,2.173142
2018-12-11 06:30:00,3.53,2.254212
2018-12-11 06:45:00,3.6,2.3160233
2018-12-11 07:00:00,3.49,2.3424802
2018-12-11 07:15:00,4.1,2.2798362
2018-12-11 07:30:00,4.07,2.349374
2018-12-11 07:45:00,4.86,2.3697405
2018-12-11 08:00:00,14.83,2.3487935
2018-12-11 08:15:00,44.21,2.4402514
2018-12-11 08:30:00,54.04,2.386257
2018-12-11 08:45:00,61.74,2.5598903
2018-12-11 09:00:00,69.48,5.8091793
2018-12-11 09:15:00,75.38,49.866875
2018-12-11 09:30:00,71.82,48.10473
2018-12-11 09:45:00,71.24,48.203094
2018-12-11 10:00:00,54.86,50.556488
2018-12-11 10:15:00,66.13,54.661007
2018-12-11 10:30:00,73.08,55.11157
2018-12-11 10:45:00,77.51,56.282562
2018-12-11 11:00:00,72.54,49.79232
2018-12-11 11:15:00,63.83,52.174995
2018-12-11 11:30:00,67.07,52.646095
2018-12-11 11:45:00,84.24,46.36293
2018-12-11 12:00:00,72.79,26.372522
2018-12-11 12:15:00,7.96,-4.1997595
2018-12-11 12:30:00,5.8,-4.9177966
2018-12-11 12:45:00,6.98,-3.3073606
2018-12-11 13:00:00,6.95,8.73176
2018-12-11 13:15:00,38.45,38.955074
2018-12-11 13:30:00,59.36,73.79531
2018-12-11 13:45:00,66.02,70.978386
2018-12-11 14:00:00,80.28,50.6956
2018-12-11 14:15:00,75.53,43.114605
2018-12-11 14:30:00,72.0,45.80041
2018-12-11 14:45:00,72.61,50.179043
2018-12-11 15:00:00,78.55,60.491924
2018-12-11 15:15:00,73.98,58.944916
2018-12-11 15:30:00,76.79,56.15857
2018-12-11 15:45:00,80.46,57.578335
2018-12-11 16:00:00,68.11,57.21298
2018-12-11 16:15:00,71.68,56.879814
2018-12-11 16:30:00,69.8,58.89576
2018-12-11 16:45:00,75.46,62.329525
2018-12-11 17:00:00,70.27,58.420315
2018-12-11 17:15:00,78.48,62.76773
2018-12-11 17:30:00,66.78,56.91634
2018-12-11 17:45:00,32.11,45.534294
2018-12-11 18:00:00,31.25,39.533703
2018-12-11 18:15:00,36.4,48.928047
2018-12-11 18:30:00,39.56,54.137554
2018-12-11 18:45:00,51.44,47.326683
2018-12-11 19:00:00,51.52,46.530304
2018-12-11 19:15:00,53.57,43.145077
2018-12-11 19:30:00,52.81,37.517857
2018-12-11 19:45:00,52.38,42.68396
2018-12-11 20:00:00,53.21,44.93311
2018-12-11 20:15:00,51.91,45.708614
2018-12-11 20:30:00,53.46,44.508686
2018-12-11 20:45:00,32.36,35.0579
2018-12-11 21:00:00,28.37,19.660416
2018-12-11 21:15:00,6.77,7.0498166
2018-12-11 21:30:00,5.69,4.1359982
2018-12-11 21:45:00,5.8,3.5543935
2018-12-11 22:00:00,5.69,3.4663062
2018-12-11 22:15:00,5.47,4.121274
2018-12-11 22:30:00,5.44,2.9912012
2018-12-11 22:45:00,4.97,2.6442332
2018-12-11 23:00:00,4.36,2.7874484
2018-12-11 23:15:00,4.25,3.3467386
2018-12-11 23:30:00,4.21,3.021748
2018-12-11 23:45:00,4.14,2.6020384
2018-12-12 00:00:00,4.21,2.5132933
2018-12-12 00:15:00,4.21,2.5088766
2018-12-12 00:30:00,4.14,2.5973258
2018-12-12 00:45:00,4.14,2.6136987
2018-12-12 01:00:00,4.14,2.635452
2018-12-12 01:15:00,4.21,2.600676
2018-12-12 01:30:00,4.18,2.5566661
2018-12-12 01:45:00,4.75,2.4471555
2018-12-12 02:00:00,5.33,2.5497975
2018-12-12 02:15:00,4.25,2.5520823
2018-12-12 02:30:00,4.25,2.4654696
2018-12-12 02:45:00,4.18,2.4531572
2018-12-12 03:00:00,4.21,2.511693
2018-12-12 03:15:00,4.18,2.1373582
2018-12-12 03:30:00,4.18,2.1795084
2018-12-12 03:45:00,4.25,2.2012804
2018-12-12 04:00:00,4.18,2.2088673
2018-12-12 04:15:00,4.03,2.222718
2018-12-12 04:30:00,3.46,2.2956572
2018-12-12 04:45:00,3.46,2.4214985
2018-12-12 05:00:00,3.53,2.449613
2018-12-12 05:15:00,3.46,2.4029815
2018-12-12 05:30:00,3.49,2.2660599
2018-12-12 05:45:00,4.0,2.2644136
2018-12-12 06:00:00,4.25,2.4256575
2018-12-12 06:15:00,3.85,2.4298928
2018-12-12 06:30:00,3.42,2.3933263
2018-12-12 06:45:00,3.42,2.3793921
2018-12-12 07:00:00,3.96,2.3788316
2018-12-12 07:15:00,4.1,2.2821856
2018-12-12 07:30:00,4.32,2.2073205
2018-12-12 07:45:00,5.83,2.243311
2018-12-12 08:00:00,5.8,2.3935177
2018-12-12 08:15:00,36.86,2.7195811
2018-12-12 08:30:00,60.37,5.349087
2018-12-12 08:45:00,66.46,11.713673
2018-12-12 09:00:00,69.05,12.522618
2018-12-12 09:15:00,63.86,56.84188
2018-12-12 09:30:00,65.59,60.35056
2018-12-12 09:45:00,60.98,54.55155
2018-12-12 10:00:00,65.74,53.370583
2018-12-12 10:15:00,57.17,50.22564
2018-12-12 10:30:00,64.55,49.94523
2018-12-12 10:45:00,53.42,48.595776
2018-12-12 11:00:00,65.88,51.34974
2018-12-12 11:15:00,57.71,51.028496
2018-12-12 11:30:00,59.76,53.60591
2018-12-12 11:45:00,79.85,47.14934
2018-12-12 12:00:00,49.64,35.608345
2018-12-12 12:15:00,27.97,-1.967743
2018-12-12 12:30:00,29.74,-3.8537123
2018-12-12 12:45:00,29.56,-4.808434
2018-12-12 13:00:00,29.3,-1.6996688
2018-12-12 13:15:00,58.86,18.649092
2018-12-12 13:30:00,61.78,48.57558
2018-12-12 13:45:00,77.0,59.94294
2018-12-12 14:00:00,65.56,54.455437
2018-12-12 14:15:00,86.51,47.915134
2018-12-12 14:30:00,60.44,40.44497
2018-12-12 14:45:00,64.8,52.244293
2018-12-12 15:00:00,72.18,50.57412
2018-12-12 15:15:00,69.08,60.48744
2018-12-12 15:30:00,66.17,53.035732
2018-12-12 15:45:00,61.67,54.311367
2018-12-12 16:00:00,70.6,54.42821
2018-12-12 16:15:00,68.36,54.388554
2018-12-12 16:30:00,75.1,54.22471
2018-12-12 16:45:00,66.13,52.877018
2018-12-12 17:00:00,70.7,53.637268
2018-12-12 17:15:00,60.7,58.885826
2018-12-12 17:30:00,57.92,55.58295
2018-12-12 17:45:00,32.9,41.362522
2018-12-12 18:00:00,30.53,40.98186
2018-12-12 18:15:00,49.9,47.14015
2018-12-12 18:30:00,67.25,51.97392
2018-12-12 18:45:00,69.37,45.997967
2018-12-12 19:00:00,65.99,43.18508
2018-12-12 19:15:00,66.02,49.50616
2018-12-12 19:30:00,60.19,54.692226
2018-12-12 19:45:00,58.54,58.902534
2018-12-12 20:00:00,61.85,61.500465
2018-12-12 20:15:00,67.07,58.629494
2018-12-12 20:30:00,58.82,47.699947
2018-12-12 20:45:00,53.35,30.376383
2018-12-12 21:00:00,30.35,11.8064
2018-12-12 21:15:00,12.2,3.7912946
2018-12-12 21:30:00,5.8,2.759902
2018-12-12 21:45:00,5.76,3.897254
2018-12-12 22:00:00,5.65,4.3508997
2018-12-12 22:15:00,5.04,5.6790643
2018-12-12 22:30:00,4.25,2.8614185
2018-12-12 22:45:00,4.25,1.9527719
2018-12-12 23:00:00,4.21,1.8064592
2018-12-12 23:15:00,4.14,3.1451821
2018-12-12 23:30:00,4.1,2.7722812
2018-12-12 23:45:00,4.1,2.506305
2018-12-13 00:00:00,5.26,2.4877596
2018-12-13 00:15:00,4.1,2.58245
2018-12-13 00:30:00,4.18,2.6623034
2018-12-13 00:45:00,4.21,2.6509607
2018-12-13 01:00:00,4.14,2.8516943
2018-12-13 01:15:00,4.28,2.5837295
2018-12-13 01:30:00,4.18,2.5379636
2018-12-13 01:45:00,4.25,2.4475026
2018-12-13 02:00:00,5.36,2.5379975
2018-12-13 02:15:00,4.79,2.547004
2018-12-13 02:30:00,4.25,2.3994272
2018-12-13 02:45:00,4.18,2.262111
2018-12-13 03:00:00,4.21,2.4707904
2018-12-13 03:15:00,4.18,2.248825
2018-12-13 03:30:00,4.21,2.182732
2018-12-13 03:45:00,4.21,2.2691274
2018-12-13 04:00:00,4.21,2.307728
2018-12-13 04:15:00,4.18,2.3156538
2018-12-13 04:30:00,4.21,2.3700948
2018-12-13 04:45:00,4.21,2.442772
2018-12-13 05:00:00,4.18,2.4577656
2018-12-13 05:15:00,3.67,2.4416149
2018-12-13 05:30:00,3.42,2.3843038
2018-12-13 05:45:00,3.89,2.3962367
2018-12-13 06:00:00,4.32,2.5610337
2018-12-13 06:15:00,3.46,2.4675274
2018-12-13 06:30:00,3.38,2.3444061
2018-12-13 06:45:00,3.38,2.324647
2018-12-13 07:00:00,3.42,2.3652976
2018-12-13 07:15:00,3.42,2.173228
2018-12-13 07:30:00,3.71,2.173387
2018-12-13 07:45:00,5.69,2.2278433
2018-12-13 08:00:00,6.23,2.2556107
2018-12-13 08:15:00,35.57,2.228703
2018-12-13 08:30:00,72.86,2.2229538
2018-12-13 08:45:00,61.74,2.826189
2018-12-13 09:00:00,76.36,5.519789
2018-12-13 09:15:00,63.11,56.71507
2018-12-13 09:30:00,65.66,78.49332
2018-12-13 09:45:00,72.07,58.359356
2018-12-13 10:00:00,56.84,57.338642
2018-12-13 10:15:00,69.3,50.591938
2018-12-13 10:30:00,65.66,50.57137
2018-12-13 10:45:00,85.43,53.52755
2018-12-13 11:00:00,53.17,49.444103
2018-12-13 11:15:00,55.4,55.33621
2018-12-13 11:30:00,60.08,56.378323
2018-12-13 11:45:00,58.0,59.597233
2018-12-13 12:00:00,51.3,36.319675
2018-12-13 12:15:00,11.38,-1.8483227
2018-12-13 12:30:00,10.91,-3.6063943
2018-12-13 12:45:00,30.1,-3.5768752
2018-12-13 13:00:00,36.4,-2.4848611
2018-12-13 13:15:00,41.69,14.119558
2018-12-13 13:30:00,56.92,45.6311
2018-12-13 13:45:00,46.66,59.938545
2018-12-13 14:00:00,52.52,51.28612
2018-12-13 14:15:00,58.25,35.70094
2018-12-13 14:30:00,72.61,40.51616
2018-12-13 14:45:00,66.24,37.796547
2018-12-13 15:00:00,73.08,42.35283
2018-12-13 15:15:00,60.52,44.51978
2018-12-13 15:30:00,59.87,52.058403
2018-12-13 15:45:00,63.5,52.912647
2018-12-13 16:00:00,60.52,53.354115
2018-12-13 16:15:00,88.92,51.602848
2018-12-13 16:30:00,105.37,51.129333
2018-12-13 16:45:00,102.89,52.293087
2018-12-13 17:00:00,77.83,49.646416
2018-12-13 17:15:00,67.18,64.18471
2018-12-13 17:30:00,70.13,68.01117
2018-12-13 17:45:00,31.72,56.105915
2018-12-13 18:00:00,31.5,46.251194
2018-12-13 18:15:00,54.79,52.91044
2018-12-13 18:30:00,77.04,60.47778
2018-12-13 18:45:00,79.63,47.558456
2018-12-13 19:00:00,80.46,43.364937
2018-12-13 19:15:00,71.89,53.26674
2018-12-13 19:30:00,78.52,61.28724
2018-12-13 19:45:00,52.31,66.29229
2018-12-13 20:00:00,61.16,71.13767
2018-12-13 20:15:00,61.6,65.87931
2018-12-13 20:30:00,49.68,58.711605
2018-12-13 20:45:00,41.54,31.878
2018-12-13 21:00:00,20.16,12.562666
2018-12-13 21:15:00,6.16,4.014982
2018-12-13 21:30:00,5.69,3.1320336
2018-12-13 21:45:00,5.69,3.745764
2018-12-13 22:00:00,5.65,3.2068
2018-12-13 22:15:00,5.47,3.248648
2018-12-13 22:30:00,5.4,2.31161
2018-12-13 22:45:00,5.36,2.0887966
2018-12-13 23:00:00,5.36,2.3682406
2018-12-13 23:15:00,5.26,3.0807614
2018-12-13 23:30:00,5.22,2.8396292
2018-12-13 23:45:00,5.18,2.5802832
2018-12-14 00:00:00,4.1,2.5820677
2018-12-14 00:15:00,5.33,2.6942585
2018-12-14 00:30:00,5.29,2.8372555
2018-12-14 00:45:00,5.26,2.8550467
2018-12-14 01:00:00,5.29,2.6152985
2018-12-14 01:15:00,5.26,2.9302957
2018-12-14 01:30:00,5.36,2.8078818
2018-12-14 01:45:00,5.33,2.6866317
2018-12-14 02:00:00,4.79,2.735529
2018-12-14 02:15:00,4.14,2.7878723
2018-12-14 02:30:00,4.18,2.7661963
2018-12-14 02:45:00,4.21,2.63861
2018-12-14 03:00:00,4.18,2.3998077
2018-12-14 03:15:00,4.25,2.1735175
2018-12-14 03:30:00,4.18,2.213856
2018-12-14 03:45:00,4.14,2.2605584
2018-12-14 04:00:00,4.28,2.2844868
2018-12-14 04:15:00,4.18,2.374753
2018-12-14 04:30:00,4.18,2.438336
2018-12-14 04:45:00,4.1,2.4783983
2018-12-14 05:00:00,4.46,2.487173
2018-12-14 05:15:00,5.4,2.4110396
2018-12-14 05:30:00,4.5,2.3891704
2018-12-14 05:45:00,4.18,2.378234
2018-12-14 06:00:00,4.14,2.5998125
2018-12-14 06:15:00,4.14,2.8022356
2018-12-14 06:30:00,3.49,2.5106778
2018-12-14 06:45:00,3.42,2.3565574
2018-12-14 07:00:00,3.35,2.3003688
2018-12-14 07:15:00,3.35,2.304026
2018-12-14 07:30:00,4.25,2.1626663
2018-12-14 07:45:00,6.52,2.1994147
2018-12-14 08:00:00,7.38,2.224106
2018-12-14 08:15:00,36.22,3.12046
2018-12-14 08:30:00,94.18,2.377224
2018-12-14 08:45:00,97.88,4.378181
2018-12-14 09:00:00,134.5,9.661367
2018-12-14 09:15:00,93.67,58.8224
2018-12-14 09:30:00,109.26,91.26078
2018-12-14 09:45:00,128.34,82.48952
2018-12-14 10:00:00,81.47,89.15865
2018-12-14 10:15:00,109.69,80.871765
2018-12-14 10:30:00,120.67,82.71726
2018-12-14 10:45:00,92.81,86.16994
2018-12-14 11:00:00,91.58,76.860115
2018-12-14 11:15:00,104.9,85.54984
2018-12-14 11:30:00,124.2,91.24156
2018-12-14 11:45:00,88.85,82.043015
2018-12-14 12:00:00,132.01,56.27283
2018-12-14 12:15:00,13.61,1.3900911
2018-12-14 12:30:00,9.86,-5.1100774
2018-12-14 12:45:00,9.61,-3.2499294
2018-12-14 13:00:00,9.43,3.1497138
2018-12-14 13:15:00,86.98,39.455715
2018-12-14 13:30:00,74.66,91.16104
2018-12-14 13:45:00,116.42,96.87626
2018-12-14 14:00:00,107.57,82.04871
2018-12-14 14:15:00,103.82,96.66259
2018-12-14 14:30:00,114.73,69.93608
2018-12-14 14:45:00,84.74,83.56165
2018-12-14 15:00:00,109.4,82.557
2018-12-14 15:15:00,125.21,82.08869
2018-12-14 15:30:00,89.35,84.576065
2018-12-14 15:45:00,122.26,79.74842
2018-12-14 16:00:00,114.66,80.544785
2018-12-14 16:15:00,96.8,84.02318
2018-12-14 16:30:00,118.12,80.01342
2018-12-14 16:45:00,133.2,80.004974
2018-12-14 17:00:00,102.64,79.88509
2018-12-14 17:15:00,63.94,86.72151
2018-12-14 17:30:00,62.64,76.133385
2018-12-14 17:45:00,37.94,57.48419
2018-12-14 18:00:00,32.62,54.63074
2018-12-14 18:15:00,29.63,61.915665
2018-12-14 18:30:00,26.57,72.73606
2018-12-14 18:45:00,26.35,64.09475
2018-12-14 19:00:00,26.32,56.020153
2018-12-14 19:15:00,26.39,42.286854
2018-12-14 19:30:00,26.64,28.083366
2018-12-14 19:45:00,28.44,20.481459
2018-12-14 20:00:00,30.46,17.969133
2018-12-14 20:15:00,29.88,12.349727
2018-12-14 20:30:00,30.06,11.770853
2018-12-14 20:45:00,31.93,10.060414
2018-12-14 21:00:00,28.66,7.056841
2018-12-14 21:15:00,5.76,5.0640025
2018-12-14 21:30:00,5.8,4.823281
2018-12-14 21:45:00,5.72,5.577407
2018-12-14 22:00:00,5.69,5.5294867
2018-12-14 22:15:00,5.4,4.6487308
2018-12-14 22:30:00,5.33,4.054945
2018-12-14 22:45:00,5.33,3.5518222
2018-12-14 23:00:00,5.33,3.740511
2018-12-14 23:15:00,4.86,3.0998054
2018-12-14 23:30:00,4.03,2.92441
2018-12-14 23:45:00,4.03,2.7404494
2018-12-15 00:00:00,3.28,2.3223996
2018-12-15 00:15:00,4.14,2.282929
2018-12-15 00:30:00,4.1,2.278513
2018-12-15 00:45:00,4.07,2.3745928
2018-12-15 01:00:00,4.14,2.1522617
2018-12-15 01:15:00,4.14,2.3653102
2018-12-15 01:30:00,4.14,2.3735642
2018-12-15 01:45:00,4.14,2.3849158
2018-12-15 02:00:00,4.1,2.4018044
2018-12-15 02:15:00,4.1,2.460338
2018-12-15 02:30:00,4.21,2.4438484
2018-12-15 02:45:00,4.1,2.3166304
2018-12-15 03:00:00,4.18,2.157372
2018-12-15 03:15:00,4.82,2.0699348
2018-12-15 03:30:00,5.26,2.066083
2018-12-15 03:45:00,4.18,2.0503578
2018-12-15 04:00:00,4.14,2.1310806
2018-12-15 04:15:00,4.14,2.3304238
2018-12-15 04:30:00,3.82,2.4607506
2018-12-15 04:45:00,3.46,2.1844625
2018-12-15 05:00:00,3.49,2.2076235
2018-12-15 05:15:00,3.42,2.1438425
2018-12-15 05:30:00,3.42,2.059898
2018-12-15 05:45:00,3.42,2.0590425
2018-12-15 06:00:00,3.38,2.130062
2018-12-15 06:15:00,3.46,2.2031865
2018-12-15 06:30:00,3.42,2.2075906
2018-12-15 06:45:00,3.49,2.155778
2018-12-15 07:00:00,4.57,2.0780003
2018-12-15 07:15:00,4.43,2.1309018
2018-12-15 07:30:00,4.1,2.1301599
2018-12-15 07:45:00,4.07,2.1426706
2018-12-15 08:00:00,3.64,2.3407352
2018-12-15 08:15:00,3.35,2.2537599
2018-12-15 08:30:00,3.35,2.2202806
2018-12-15 08:45:00,3.38,2.5279865
2018-12-15 09:00:00,3.49,2.7882328
2018-12-15 09:15:00,3.56,2.390513
2018-12-15 09:30:00,3.38,2.3386493
2018-12-15 09:45:00,3.42,2.3515363
2018-12-15 10:00:00,3.35,2.2331057
2018-12-15 10:15:00,3.35,2.119129
2018-12-15 10:30:00,3.35,2.016295
2018-12-15 10:45:00,4.97,2.0311835
2018-12-15 11:00:00,5.36,1.9757279
2018-12-15 11:15:00,4.28,1.9590201
2018-12-15 11:30:00,4.18,1.9367281
2018-12-15 11:45:00,3.35,2.261865
2018-12-15 12:00:00,3.38,2.2207396
2018-12-15 12:15:00,3.42,1.9597985
2018-12-15 12:30:00,3.42,2.0145366
2018-12-15 12:45:00,3.42,1.8640178
2018-12-15 13:00:00,3.38,1.873479
2018-12-15 13:15:00,3.31,1.9252547
2018-12-15 13:30:00,3.35,2.0142014
2018-12-15 13:45:00,3.38,2.1562848
2018-12-15 14:00:00,3.31,2.4207723
2018-12-15 14:15:00,3.82,2.5603743
2018-12-15 14:30:00,4.1,2.3634906
2018-12-15 14:45:00,4.07,2.1603913
2018-12-15 15:00:00,4.21,1.9609677
2018-12-15 15:15:00,3.74,1.9352785
2018-12-15 15:30:00,3.74,1.9244512
2018-12-15 15:45:00,3.96,1.9182668
2018-12-15 16:00:00,3.28,1.9475967
2018-12-15 16:15:00,3.35,1.8753103
2018-12-15 16:30:00,3.28,1.9153197
2018-12-15 16:45:00,3.24,1.9315566
2018-12-15 17:00:00,3.28,1.7615298
2018-12-15 17:15:00,3.28,1.8349421
2018-12-15 17:30:00,3.35,1.7504095
2018-12-15 17:45:00,4.18,1.7801214
2018-12-15 18:00:00,4.1,2.081295
2018-12-15 18:15:00,4.1,2.2063367
2018-12-15 18:30:00,4.1,2.2069035
2018-12-15 18:45:00,4.03,2.2676706
2018-12-15 19:00:00,4.28,2.200049
2018-12-15 19:15:00,3.49,2.1444998
2018-12-15 19:30:00,3.38,2.0984726
2018-12-15 19:45:00,3.35,2.0392945
2018-12-15 20:00:00,3.38,2.1111789
2018-12-15 20:15:00,3.46,1.8772117
2018-12-15 20:30:00,3.42,1.8494972
2018-12-15 20:45:00,3.35,1.8487171
2018-12-15 21:00:00,3.38,1.821473
2018-12-15 21:15:00,3.96,1.8272889
2018-12-15 21:30:00,4.28,1.8196998
2018-12-15 21:45:00,4.25,1.8364307
2018-12-15 22:00:00,4.18,1.7814058
2018-12-15 22:15:00,3.74,1.9074432
2018-12-15 22:30:00,3.31,1.9532905
2018-12-15 22:45:00,4.07,1.945645
2018-12-15 23:00:00,3.56,1.9018692
2018-12-15 23:15:00,3.17,1.835478
2018-12-15 23:30:00,3.24,1.7845817
2018-12-15 23:45:00,3.2,1.9668788
2018-12-16 00:00:00,4.21,1.92315
2018-12-16 00:15:00,3.24,1.8546253
2018-12-16 00:30:00,3.28,1.8898603
2018-12-16 00:45:00,3.28,1.8755513
2018-12-16 01:00:00,3.85,2.0589156
2018-12-16 01:15:00,4.18,1.8052171
2018-12-16 01:30:00,4.07,1.8410623
2018-12-16 01:45:00,4.07,1.8083304
2018-12-16 02:00:00,3.92,1.8722427
2018-12-16 02:15:00,3.28,1.8978812
2018-12-16 02:30:00,3.42,1.8582833
2018-12-16 02:45:00,3.53,1.8782791
2018-12-16 03:00:00,4.14,1.8173119
2018-12-16 03:15:00,3.56,1.7152797
2018-12-16 03:30:00,3.35,1.7993525
2018-12-16 03:45:00,3.38,1.8411762
2018-12-16 04:00:00,3.42,1.9328527
2018-12-16 04:15:00,3.42,1.8083931
2018-12-16 04:30:00,3.42,1.8155028
2018-12-16 04:45:00,3.38,1.8500725
2018-12-16 05:00:00,4.07,1.8145516
2018-12-16 05:15:00,4.14,1.8166987
2018-12-16 05:30:00,4.07,1.8274728
2018-12-16 05:45:00,4.07,1.8415107
2018-12-16 06:00:00,3.53,1.9641441
2018-12-16 06:15:00,3.31,1.9760011
2018-12-16 06:30:00,3.35,1.9865669
2018-12-16 06:45:00,3.64,2.024677
2018-12-16 07:00:00,4.07,1.8979471
2018-12-16 07:15:00,3.38,1.9227722
2018-12-16 07:30:00,3.28,1.9578427
2018-12-16 07:45:00,3.89,2.0220244
2018-12-16 08:00:00,3.96,2.0758507
2018-12-16 08:15:00,39.35,1.9724756
2018-12-16 08:30:00,63.54,2.0415742
2018-12-16 08:45:00,65.02,2.1995018
2018-12-16 09:00:00,63.79,2.126144
2018-12-16 09:15:00,61.7,32.162727
2018-12-16 09:30:00,64.8,43.926487
2018-12-16 09:45:00,51.16,40.315502
2018-12-16 10:00:00,55.01,38.45856
2018-12-16 10:15:00,61.81,37.92617
2018-12-16 10:30:00,72.18,38.923954
2018-12-16 10:45:00,54.86,34.734253
2018-12-16 11:00:00,66.78,35.218243
2018-12-16 11:15:00,69.95,38.956463
2018-12-16 11:30:00,53.35,44.46978
2018-12-16 11:45:00,55.51,36.668194
2018-12-16 12:00:00,11.81,23.042263
2018-12-16 12:15:00,5.65,-8.084145
2018-12-16 12:30:00,5.54,-9.186122
2018-12-16 12:45:00,5.44,-8.082303
2018-12-16 13:00:00,5.33,-0.6306336
2018-12-16 13:15:00,36.47,23.335993
2018-12-16 13:30:00,63.72,32.430832
2018-12-16 13:45:00,64.8,30.685272
2018-12-16 14:00:00,61.85,16.728493
2018-12-16 14:15:00,57.89,24.843622
2018-12-16 14:30:00,54.36,34.56209
2018-12-16 14:45:00,47.38,37.183754
2018-12-16 15:00:00,43.49,37.65424
2018-12-16 15:15:00,45.4,33.45797
2018-12-16 15:30:00,60.55,33.041798
2018-12-16 15:45:00,48.42,31.519226
2018-12-16 16:00:00,63.22,26.927853
2018-12-16 16:15:00,62.64,25.233839
2018-12-16 16:30:00,66.02,30.25919
2018-12-16 16:45:00,35.42,27.902834
2018-12-16 17:00:00,9.11,31.013762
2018-12-16 17:15:00,8.06,41.720154
2018-12-16 17:30:00,7.74,37.12514
2018-12-16 17:45:00,7.85,19.720709
2018-12-16 18:00:00,6.73,8.139897
2018-12-16 18:15:00,5.22,5.251082
2018-12-16 18:30:00,5.69,3.9157329
2018-12-16 18:45:00,5.72,3.4290938
2018-12-16 19:00:00,5.69,3.3719168
2018-12-16 19:15:00,5.72,2.8693821
2018-12-16 19:30:00,5.44,2.8015609
2018-12-16 19:45:00,4.46,2.4768982
2018-12-16 20:00:00,4.5,2.253622
2018-12-16 20:15:00,4.46,2.537774
2018-12-16 20:30:00,4.5,2.5543518
2018-12-16 20:45:00,4.54,2.3917713
2018-12-16 21:00:00,4.46,2.4114833
2018-12-16 21:15:00,4.5,2.3675647
2018-12-16 21:30:00,4.5,2.2791939
2018-12-16 21:45:00,4.57,2.2324996
2018-12-16 22:00:00,4.57,2.201048
2018-12-16 22:15:00,4.25,2.1889856
2018-12-16 22:30:00,4.25,2.177017
2018-12-16 22:45:00,4.18,2.091997
2018-12-16 23:00:00,5.44,2.0095832
2018-12-16 23:15:00,4.82,2.1936212
2018-12-16 23:30:00,4.14,2.2206454
2018-12-16 23:45:00,4.18,2.2595072
2018-12-17 00:00:00,4.57,2.590033
2018-12-17 00:15:00,4.25,2.4534032
2018-12-17 00:30:00,4.18,2.2664583
2018-12-17 00:45:00,4.21,2.295907
2018-12-17 01:00:00,4.21,2.3209295
2018-12-17 01:15:00,4.21,2.1603947
2018-12-17 01:30:00,4.36,2.1657782
2018-12-17 01:45:00,4.28,2.2643664
2018-12-17 02:00:00,4.28,2.3647423
2018-12-17 02:15:00,4.28,2.3054357
2018-12-17 02:30:00,3.71,2.204956
2018-12-17 02:45:00,4.32,2.0799413
2018-12-17 03:00:00,3.82,2.0178075
2018-12-17 03:15:00,3.53,1.9919945
2018-12-17 03:30:00,3.53,1.813383
2018-12-17 03:45:00,3.53,2.017897
2018-12-17 04:00:00,3.6,1.9843059
2018-12-17 04:15:00,3.53,2.0666747
2018-12-17 04:30:00,3.53,2.10723
2018-12-17 04:45:00,4.1,2.240406
2018-12-17 05:00:00,4.25,2.4177372
2018-12-17 05:15:00,4.28,2.1233623
2018-12-17 05:30:00,4.25,2.011812
2018-12-17 05:45:00,3.64,2.1663404
2018-12-17 06:00:00,3.49,2.1822464
2018-12-17 06:15:00,3.46,2.304966
2018-12-17 06:30:00,4.32,2.428079
2018-12-17 06:45:00,3.6,2.3909755
2018-12-17 07:00:00,3.42,2.382331
2018-12-17 07:15:00,3.49,2.3330786
2018-12-17 07:30:00,4.36,2.484544
2018-12-17 07:45:00,6.19,2.2858918
2018-12-17 08:00:00,6.3,2.2460103
2018-12-17 08:15:00,6.48,2.2811053
2018-12-17 08:30:00,53.35,2.4335473
2018-12-17 08:45:00,46.94,3.5996609
2018-12-17 09:00:00,52.06,6.29252
2018-12-17 09:15:00,54.83,19.54332
2018-12-17 09:30:00,56.12,74.95233
2018-12-17 09:45:00,58.0,48.981133
2018-12-17 10:00:00,50.08,44.789204
2018-12-17 10:15:00,46.04,46.22977
2018-12-17 10:30:00,49.54,45.935093
2018-12-17 10:45:00,54.14,46.829548
2018-12-17 11:00:00,53.78,43.749798
2018-12-17 11:15:00,52.67,42.068417
2018-12-17 11:30:00,55.84,43.292515
2018-12-17 11:45:00,49.64,44.095886
2018-12-17 12:00:00,54.5,37.593273
2018-12-17 12:15:00,11.12,1.1638246
2018-12-17 12:30:00,7.06,-2.5492334
2018-12-17 12:45:00,7.13,-3.1888945
2018-12-17 13:00:00,8.21,-4.028726
2018-12-17 13:15:00,33.26,6.078583
2018-12-17 13:30:00,56.99,32.083694
2018-12-17 13:45:00,56.59,43.333286
2018-12-17 14:00:00,55.08,40.680565
2018-12-17 14:15:00,51.05,39.066624
2018-12-17 14:30:00,47.95,43.434044
2018-12-17 14:45:00,57.82,44.356552
2018-12-17 15:00:00,59.11,45.71608
2018-12-17 15:15:00,60.62,43.104862
2018-12-17 15:30:00,53.6,40.710316
2018-12-17 15:45:00,60.44,47.118042
2018-12-17 16:00:00,67.5,47.23895
2018-12-17 16:15:00,85.86,47.393616
2018-12-17 16:30:00,82.33,46.034027
2018-12-17 16:45:00,59.8,48.30219
2018-12-17 17:00:00,60.37,50.87296
2018-12-17 17:15:00,56.38,64.71991
2018-12-17 17:30:00,52.99,64.21434
2018-12-17 17:45:00,35.35,43.653698
2018-12-17 18:00:00,31.32,37.76912
2018-12-17 18:15:00,16.09,43.66522
2018-12-17 18:30:00,6.37,48.474842
2018-12-17 18:45:00,5.8,44.9647
2018-12-17 19:00:00,5.54,42.876873
2018-12-17 19:15:00,5.54,23.803324
2018-12-17 19:30:00,5.62,5.3865023
2018-12-17 19:45:00,5.54,1.3969784
2018-12-17 20:00:00,5.62,1.8893105
2018-12-17 20:15:00,5.54,2.8292718
2018-12-17 20:30:00,4.75,2.7849545
2018-12-17 20:45:00,4.46,2.848301
2018-12-17 21:00:00,4.46,2.6598973
2018-12-17 21:15:00,4.43,2.4469562
2018-12-17 21:30:00,4.43,2.2340872
2018-12-17 21:45:00,4.46,2.1817195
2018-12-17 22:00:00,4.46,2.1663513
2018-12-17 22:15:00,4.14,1.4468936
2018-12-17 22:30:00,4.18,1.3720629
2018-12-17 22:45:00,4.21,1.3884586
2018-12-17 23:00:00,4.18,1.3800272
2018-12-17 23:15:00,4.14,2.1762078
2018-12-17 23:30:00,4.07,2.2070827
2018-12-17 23:45:00,4.07,2.25699
2018-12-18 00:00:00,4.14,2.0462618
2018-12-18 00:15:00,5.22,2.0575948
2018-12-18 00:30:00,4.68,2.0703676
2018-12-18 00:45:00,4.14,2.0986679
2018-12-18 01:00:00,4.1,2.3164778
2018-12-18 01:15:00,4.18,2.6473398
2018-12-18 01:30:00,4.07,2.4680085
2018-12-18 01:45:00,4.18,2.2705114
2018-12-18 02:00:00,4.1,2.1820474
2018-12-18 02:15:00,4.18,2.1682734
2018-12-18 02:30:00,4.14,2.2012644
2018-12-18 02:45:00,4.21,2.3214474
2018-12-18 03:00:00,4.18,2.324466
2018-12-18 03:15:00,3.6,2.2518196
2018-12-18 03:30:00,3.42,2.1295733
2018-12-18 03:45:00,3.42,2.0818212
2018-12-18 04:00:00,3.38,2.0882697
2018-12-18 04:15:00,3.42,1.9359639
2018-12-18 04:30:00,3.71,1.8744863
2018-12-18 04:45:00,4.18,1.9339149
2018-12-18 05:00:00,3.53,2.101109
2018-12-18 05:15:00,3.46,2.0681117
2018-12-18 05:30:00,3.38,2.2895274
2018-12-18 05:45:00,4.03,2.9471352
2018-12-18 06:00:00,4.14,2.4551404
2018-12-18 06:15:00,3.6,2.1499567
2018-12-18 06:30:00,3.38,2.092008
2018-12-18 06:45:00,3.35,2.3034093
2018-12-18 07:00:00,3.31,2.3156462
2018-12-18 07:15:00,3.28,2.258145
2018-12-18 07:30:00,3.42,2.2895777
2018-12-18 07:45:00,5.58,2.3133502
2018-12-18 08:00:00,7.27,2.3221219
2018-12-18 08:15:00,38.38,2.2649121
2018-12-18 08:30:00,72.86,2.2613184
2018-12-18 08:45:00,66.42,2.7407954
2018-12-18 09:00:00,81.4,3.092843
2018-12-18 09:15:00,66.28,44.723774
2018-12-18 09:30:00,78.3,67.863075
2018-12-18 09:45:00,77.72,53.716557
2018-12-18 10:00:00,74.59,58.359947
2018-12-18 10:15:00,63.04,52.67822
2018-12-18 10:30:00,58.68,56.90765
2018-12-18 10:45:00,62.96,58.815456
2018-12-18 11:00:00,68.36,58.9115
2018-12-18 11:15:00,60.05,55.988846
2018-12-18 11:30:00,58.82,51.5292
2018-12-18 11:45:00,64.73,45.89677
2018-12-18 12:00:00,67.54,31.16336
2018-12-18 12:15:00,8.14,-2.9407487
2018-12-18 12:30:00,8.64,-4.409169
2018-12-18 12:45:00,8.78,-4.288989
2018-12-18 13:00:00,9.4,-0.7323419
2018-12-18 13:15:00,52.45,21.322737
2018-12-18 13:30:00,67.46,57.993126
2018-12-18 13:45:00,62.53,60.47669
2018-12-18 14:00:00,62.46,46.175766
2018-12-18 14:15:00,67.18,47.47923
2018-12-18 14:30:00,113.51,47.819614
2018-12-18 14:45:00,99.5,47.862366
2018-12-18 15:00:00,68.0,50.343063
2018-12-18 15:15:00,120.82,51.72996
2018-12-18 15:30:00,79.45,69.59136
2018-12-18 15:45:00,117.68,72.82288
2018-12-18 16:00:00,114.08,64.68347
2018-12-18 16:15:00,106.27,72.43255
2018-12-18 16:30:00,93.28,71.32315
2018-12-18 16:45:00,127.58,76.76554
2018-12-18 17:00:00,94.61,77.465866
2018-12-18 17:15:00,101.02,84.54136
2018-12-18 17:30:00,112.14,67.313614
2018-12-18 17:45:00,68.08,52.427868
2018-12-18 18:00:00,15.95,51.47227
2018-12-18 18:15:00,7.16,64.65932
2018-12-18 18:30:00,5.58,74.55904
2018-12-18 18:45:00,5.65,69.6329
2018-12-18 19:00:00,5.0,46.905224
2018-12-18 19:15:00,4.5,27.302727
2018-12-18 19:30:00,4.39,7.719493
2018-12-18 19:45:00,4.43,1.2527333
2018-12-18 20:00:00,4.39,0.7423813
2018-12-18 20:15:00,4.43,2.284379
2018-12-18 20:30:00,4.36,2.4394088
2018-12-18 20:45:00,4.39,2.4697518
2018-12-18 21:00:00,4.43,2.396027
2018-12-18 21:15:00,4.39,2.2881866
2018-12-18 21:30:00,4.46,2.2066019
2018-12-18 21:45:00,4.39,2.1993568
2018-12-18 22:00:00,4.39,2.1489167
2018-12-18 22:15:00,4.25,1.3900114
2018-12-18 22:30:00,5.18,1.3619989
2018-12-18 22:45:00,5.15,1.3326806
2018-12-18 23:00:00,4.14,1.3333566
2018-12-18 23:15:00,4.14,2.187283
2018-12-18 23:30:00,4.14,2.4312787
2018-12-18 23:45:00,4.1,2.4760702
2018-12-19 00:00:00,3.92,2.0197792
2018-12-19 00:15:00,4.14,2.1314244
2018-12-19 00:30:00,4.14,2.1832685
2018-12-19 00:45:00,4.14,2.1901946
2018-12-19 01:00:00,4.21,2.3142395
2018-12-19 01:15:00,4.14,2.423361
2018-12-19 01:30:00,4.14,2.3749938
2018-12-19 01:45:00,4.18,2.244397
2018-12-19 02:00:00,4.18,2.2030525
2018-12-19 02:15:00,4.93,2.1770148
2018-12-19 02:30:00,5.26,2.2659006
2018-12-19 02:45:00,4.14,2.3670857
2018-12-19 03:00:00,4.14,2.3818965
2018-12-19 03:15:00,4.1,2.4125204
2018-12-19 03:30:00,4.25,2.3531206
2018-12-19 03:45:00,3.82,2.0834715
2018-12-19 04:00:00,3.49,2.156615
2018-12-19 04:15:00,3.42,2.1319845
2018-12-19 04:30:00,3.42,2.1587949
2018-12-19 04:45:00,3.49,2.1663823
2018-12-19 05:00:00,3.38,2.1549387
2018-12-19 05:15:00,3.42,2.1735616
2018-12-19 05:30:00,3.38,2.3807263
2018-12-19 05:45:00,3.42,2.5205026
2018-12-19 06:00:00,3.42,2.336194
2018-12-19 06:15:00,4.07,2.1608968
2018-12-19 06:30:00,4.18,2.1569455
2018-12-19 06:45:00,3.96,2.246497
2018-12-19 07:00:00,4.1,2.2730858
2018-12-19 07:15:00,4.1,2.4221082
2018-12-19 07:30:00,4.07,2.4256504
2018-12-19 07:45:00,5.76,2.3885522
2018-12-19 08:00:00,6.23,2.4663568
2018-12-19 08:15:00,36.14,2.4237196
2018-12-19 08:30:00,70.81,2.3841653
2018-12-19 08:45:00,59.54,2.7548213
2018-12-19 09:00:00,63.86,2.8360565
2018-12-19 09:15:00,77.4,41.831337
2018-12-19 09:30:00,65.23,67.16308
2018-12-19 09:45:00,69.3,48.13884
2018-12-19 10:00:00,61.13,46.640354
2018-12-19 10:15:00,61.16,54.803837
2018-12-19 10:30:00,70.42,52.31243
2018-12-19 10:45:00,63.68,54.224487
2018-12-19 11:00:00,83.09,51.410755
2018-12-19 11:15:00,140.8,51.073826
2018-12-19 11:30:00,110.88,53.50877
2018-12-19 11:45:00,115.13,47.692642
2018-12-19 12:00:00,101.99,33.80638
2018-12-19 12:15:00,12.13,0.6784042
2018-12-19 12:30:00,6.66,-5.244946
2018-12-19 12:45:00,6.8,-3.1269965
2018-12-19 13:00:00,6.98,9.831845
2018-12-19 13:15:00,62.42,50.672565
2018-12-19 13:30:00,116.46,94.30171
2018-12-19 13:45:00,89.86,93.10746
2018-12-19 14:00:00,98.03,74.80127
2018-12-19 14:15:00,149.18,73.82064
2018-12-19 14:30:00,116.64,85.27093
2018-12-19 14:45:00,105.48,72.04936
2018-12-19 15:00:00,145.22,76.54335
2018-12-19 15:15:00,101.38,95.056694
2018-12-19 15:30:00,130.46,96.26186
2018-12-19 15:45:00,115.24,92.613205
2018-12-19 16:00:00,125.21,94.18615
2018-12-19 16:15:00,133.56,91.85717
2018-12-19 16:30:00,81.65,92.100006
2018-12-19 16:45:00,62.68,88.94167
2018-12-19 17:00:00,125.5,87.43113
2018-12-19 17:15:00,68.0,101.53259
2018-12-19 17:30:00,40.5,85.585915
2018-12-19 17:45:00,31.68,54.7699
2018-12-19 18:00:00,26.82,54.727943
2018-12-19 18:15:00,5.98,55.020164
2018-12-19 18:30:00,5.47,60.06523
2018-12-19 18:45:00,5.54,60.607224
2018-12-19 19:00:00,5.44,50.1769
2018-12-19 19:15:00,5.47,16.22343
2018-12-19 19:30:00,5.47,3.9644341
2018-12-19 19:45:00,5.4,0.61762774
2018-12-19 20:00:00,5.33,1.4691519
2018-12-19 20:15:00,5.36,2.9997597
2018-12-19 20:30:00,5.33,3.040401
2018-12-19 20:45:00,5.44,2.7958846
2018-12-19 21:00:00,5.4,2.6205468
2018-12-19 21:15:00,5.4,2.4840183
2018-12-19 21:30:00,5.04,2.4103742
2018-12-19 21:45:00,4.25,2.4337149
2018-12-19 22:00:00,4.39,2.40663
2018-12-19 22:15:00,4.03,1.6705133
2018-12-19 22:30:00,4.03,1.5083396
2018-12-19 22:45:00,3.96,1.3324798
2018-12-19 23:00:00,4.07,1.4112439
2018-12-19 23:15:00,4.03,2.1447747
2018-12-19 23:30:00,3.92,2.143446
2018-12-19 23:45:00,3.96,2.111533
2018-12-20 00:00:00,3.89,2.0123155
2018-12-20 00:15:00,4.03,2.012038
2018-12-20 00:30:00,4.03,2.0063927
2018-12-20 00:45:00,4.0,2.0576544
2018-12-20 01:00:00,4.0,2.2282565
2018-12-20 01:15:00,4.0,2.2882175
2018-12-20 01:30:00,4.1,2.2451947
2018-12-20 01:45:00,4.0,2.165888
2018-12-20 02:00:00,4.07,2.1263437
2018-12-20 02:15:00,4.43,2.1183162
2018-12-20 02:30:00,5.18,2.2275157
2018-12-20 02:45:00,4.1,2.3128884
2018-12-20 03:00:00,4.0,2.4202573
2018-12-20 03:15:00,4.1,2.4023
2018-12-20 03:30:00,4.03,2.4514275
2018-12-20 03:45:00,4.1,2.159628
2018-12-20 04:00:00,3.31,2.1864285
2018-12-20 04:15:00,3.35,2.1997142
2018-12-20 04:30:00,3.46,2.1527834
2018-12-20 04:45:00,3.38,2.2519345
2018-12-20 05:00:00,3.35,2.0870547
2018-12-20 05:15:00,3.35,2.0970745
2018-12-20 05:30:00,3.38,2.3391361
2018-12-20 05:45:00,3.38,2.4681358
2018-12-20 06:00:00,3.92,2.4334416
2018-12-20 06:15:00,3.67,2.2236304
2018-12-20 06:30:00,3.35,2.223615
2018-12-20 06:45:00,4.0,2.2982605
2018-12-20 07:00:00,4.03,2.438273
2018-12-20 07:15:00,3.96,2.3091972
2018-12-20 07:30:00,4.18,2.269666
2018-12-20 07:45:00,4.79,2.4307384
2018-12-20 08:00:00,5.87,2.438622
2018-12-20 08:15:00,39.49,2.3812113
2018-12-20 08:30:00,79.85,2.3999846
2018-12-20 08:45:00,66.96,2.5132792
2018-12-20 09:00:00,63.14,2.769722
2018-12-20 09:15:00,64.12,44.989994
2018-12-20 09:30:00,64.37,73.23788
2018-12-20 09:45:00,83.16,54.791176
2018-12-20 10:00:00,71.14,47.752163
2018-12-20 10:15:00,58.72,48.222713
2018-12-20 10:30:00,68.72,50.220463
2018-12-20 10:45:00,75.53,58.9108
2018-12-20 11:00:00,77.51,57.282745
2018-12-20 11:15:00,64.4,53.10889
2018-12-20 11:30:00,63.0,54.236935
2018-12-20 11:45:00,71.46,52.417534
2018-12-20 12:00:00,71.06,35.64417
2018-12-20 12:15:00,16.96,-2.0644913
2018-12-20 12:30:00,7.67,-3.4464445
2018-12-20 12:45:00,7.49,-3.6797283
2018-12-20 13:00:00,6.66,-0.5280987
2018-12-20 13:15:00,42.7,22.976622
2018-12-20 13:30:00,63.07,60.227154
2018-12-20 13:45:00,71.5,65.758705
2018-12-20 14:00:00,76.9,52.35443
2018-12-20 14:15:00,63.5,47.061592
2018-12-20 14:30:00,78.41,47.276768
2018-12-20 14:45:00,73.4,52.087788
2018-12-20 15:00:00,64.44,58.858986
2018-12-20 15:15:00,60.26,51.777138
2018-12-20 15:30:00,58.9,56.431953
2018-12-20 15:45:00,60.59,57.65598
2018-12-20 16:00:00,56.92,53.218994
2018-12-20 16:15:00,60.08,50.435806
2018-12-20 16:30:00,58.68,49.651752
2018-12-20 16:45:00,57.56,50.309742
2018-12-20 17:00:00,46.51,47.413944
2018-12-20 17:15:00,58.07,52.867832
2018-12-20 17:30:00,41.22,48.83219
2018-12-20 17:45:00,41.51,39.257206
2018-12-20 18:00:00,24.8,32.73104
2018-12-20 18:15:00,5.44,41.253334
2018-12-20 18:30:00,5.18,41.899593
2018-12-20 18:45:00,5.29,46.963417
2018-12-20 19:00:00,5.29,36.58689
2018-12-20 19:15:00,5.29,14.003445
2018-12-20 19:30:00,4.18,3.2993345
2018-12-20 19:45:00,4.07,1.0400585
2018-12-20 20:00:00,4.1,1.5943264
2018-12-20 20:15:00,4.07,2.8498392
2018-12-20 20:30:00,4.18,2.6750956
2018-12-20 20:45:00,4.1,2.5824833
2018-12-20 21:00:00,4.1,2.4059882
2018-12-20 21:15:00,4.14,2.2444477
2018-12-20 21:30:00,4.14,2.1748512
2018-12-20 21:45:00,4.21,2.112857
2018-12-20 22:00:00,4.18,2.0575504
2018-12-20 22:15:00,3.85,1.3099998
2018-12-20 22:30:00,3.85,1.3017968
2018-12-20 22:45:00,4.64,1.3169204
2018-12-20 23:00:00,5.04,1.2075766
2018-12-20 23:15:00,4.07,2.0228324
2018-12-20 23:30:00,3.82,2.0537598
2018-12-20 23:45:00,3.85,2.3141036
2018-12-21 00:00:00,3.92,2.217921
2018-12-21 00:15:00,3.89,2.037357
2018-12-21 00:30:00,3.85,2.1238658
2018-12-21 00:45:00,3.89,2.209136
2018-12-21 01:00:00,3.89,2.373149
2018-12-21 01:15:00,3.96,2.3773177
2018-12-21 01:30:00,3.89,2.3341122
2018-12-21 01:45:00,3.89,2.241824
2018-12-21 02:00:00,3.89,2.1716638
2018-12-21 02:15:00,3.92,2.1671576
2018-12-21 02:30:00,3.92,2.2257748
2018-12-21 02:45:00,3.92,2.318629
2018-12-21 03:00:00,3.96,2.3034701
2018-12-21 03:15:00,4.79,2.1802726
2018-12-21 03:30:00,4.5,2.0971406
2018-12-21 03:45:00,3.24,2.0723627
2018-12-21 04:00:00,3.28,2.0405557
2018-12-21 04:15:00,3.24,2.231822
2018-12-21 04:30:00,3.24,2.19353
2018-12-21 04:45:00,3.28,2.0366068
2018-12-21 05:00:00,3.28,2.1282918
2018-12-21 05:15:00,3.28,2.194581
2018-12-21 05:30:00,3.2,2.3570943
2018-12-21 05:45:00,3.24,2.3783169
2018-12-21 06:00:00,3.2,2.3205628
2018-12-21 06:15:00,3.67,2.1596932
2018-12-21 06:30:00,3.96,2.1589317
2018-12-21 06:45:00,3.92,2.245629
2018-12-21 07:00:00,3.89,2.2644534
2018-12-21 07:15:00,3.67,2.349661
2018-12-21 07:30:00,3.17,2.3965445
2018-12-21 07:45:00,5.44,2.3876457
2018-12-21 08:00:00,6.77,2.4108984
2018-12-21 08:15:00,28.8,2.330962
2018-12-21 08:30:00,54.22,2.198744
2018-12-21 08:45:00,56.41,2.7189753
2018-12-21 09:00:00,56.74,2.9578218
2018-12-21 09:15:00,43.78,31.780468
2018-12-21 09:30:00,47.52,56.527615
2018-12-21 09:45:00,56.2,46.839336
2018-12-21 10:00:00,51.59,42.387756
2018-12-21 10:15:00,66.64,36.429188
2018-12-21 10:30:00,53.14,39.225574
2018-12-21 10:45:00,58.54,44.909782
2018-12-21 11:00:00,73.12,43.594982
2018-12-21 11:15:00,67.79,49.512257
2018-12-21 11:30:00,65.59,45.225426
2018-12-21 11:45:00,57.85,39.883305
2018-12-21 12:00:00,58.9,30.69773
2018-12-21 12:15:00,7.42,-2.4245288
2018-12-21 12:30:00,8.35,-3.9373379
2018-12-21 12:45:00,7.67,-2.8029537
2018-12-21 13:00:00,7.2,3.2670887
2018-12-21 13:15:00,39.74,25.07719
2018-12-21 13:30:00,58.03,58.05904
2018-12-21 13:45:00,63.97,58.05456
2018-12-21 14:00:00,56.34,41.374996
2018-12-21 14:15:00,69.62,40.1721
2018-12-21 14:30:00,60.34,43.55817
2018-12-21 14:45:00,57.74,47.83028
2018-12-21 15:00:00,68.04,45.445717
2018-12-21 15:15:00,67.68,51.60834
2018-12-21 15:30:00,58.32,48.159306
2018-12-21 15:45:00,65.48,48.23331
2018-12-21 16:00:00,63.0,48.955635
2018-12-21 16:15:00,69.73,49.63603
2018-12-21 16:30:00,59.69,48.392563
2018-12-21 16:45:00,63.32,50.796185
2018-12-21 17:00:00,62.32,49.58213
2018-12-21 17:15:00,52.78,57.41877
2018-12-21 17:30:00,45.86,49.609776
2018-12-21 17:45:00,30.78,39.851917
2018-12-21 18:00:00,8.21,37.11672
2018-12-21 18:15:00,5.51,41.887638
2018-12-21 18:30:00,5.4,45.17943
2018-12-21 18:45:00,5.62,42.527565
2018-12-21 19:00:00,5.54,23.134665
2018-12-21 19:15:00,5.54,9.065214
2018-12-21 19:30:00,5.51,1.7190007
2018-12-21 19:45:00,5.47,1.189469
2018-12-21 20:00:00,5.54,1.82136
2018-12-21 20:15:00,5.47,2.6985707
2018-12-21 20:30:00,5.44,2.703951
2018-12-21 20:45:00,5.47,2.6314676
2018-12-21 21:00:00,5.44,2.5251155
2018-12-21 21:15:00,5.54,2.431171
2018-12-21 21:30:00,5.4,2.4120874
2018-12-21 21:45:00,5.44,2.4060845
2018-12-21 22:00:00,5.44,2.3461523
2018-12-21 22:15:00,5.18,1.67831
2018-12-21 22:30:00,5.26,1.6755525
2018-12-21 22:45:00,5.15,1.7339538
2018-12-21 23:00:00,5.15,1.6922911
2018-12-21 23:15:00,5.11,2.3646066
2018-12-21 23:30:00,4.57,2.462774
2018-12-21 23:45:00,4.0,2.5318806
2018-12-22 00:00:00,3.31,2.39092
2018-12-22 00:15:00,4.0,2.4274096
2018-12-22 00:30:00,4.0,2.2848046
2018-12-22 00:45:00,4.0,2.181582
2018-12-22 01:00:00,4.1,2.1107826
2018-12-22 01:15:00,3.96,2.2584288
2018-12-22 01:30:00,4.03,2.1225314
2018-12-22 01:45:00,4.03,2.0106153
2018-12-22 02:00:00,3.96,1.9924426
2018-12-22 02:15:00,4.07,2.0259342
2018-12-22 02:30:00,4.07,2.1262462
2018-12-22 02:45:00,3.67,2.1877294
2018-12-22 03:00:00,3.31,2.116005
2018-12-22 03:15:00,3.82,2.1212885
2018-12-22 03:30:00,4.07,2.159472
2018-12-22 03:45:00,3.42,2.142938
2018-12-22 04:00:00,3.38,1.8748695
2018-12-22 04:15:00,3.31,2.0389748
2018-12-22 04:30:00,3.38,2.1217234
2018-12-22 04:45:00,3.35,2.0015721
2018-12-22 05:00:00,3.38,2.06753
2018-12-22 05:15:00,3.42,2.092954
2018-12-22 05:30:00,3.96,2.168413
2018-12-22 05:45:00,4.07,2.0569746
2018-12-22 06:00:00,4.07,1.966144
2018-12-22 06:15:00,4.0,1.9633267
2018-12-22 06:30:00,3.38,2.1227443
2018-12-22 06:45:00,3.35,2.162395
2018-12-22 07:00:00,3.35,2.165548
2018-12-22 07:15:00,3.31,2.247027
2018-12-22 07:30:00,3.85,2.2092912
2018-12-22 07:45:00,4.03,2.2653923
2018-12-22 08:00:00,3.35,2.197463
2018-12-22 08:15:00,3.31,2.1796145
2018-12-22 08:30:00,3.24,2.3105793
2018-12-22 08:45:00,3.38,2.3534112
2018-12-22 09:00:00,3.82,2.129076
2018-12-22 09:15:00,4.28,2.0582864
2018-12-22 09:30:00,4.28,1.9897316
2018-12-22 09:45:00,4.32,2.0768974
2018-12-22 10:00:00,4.21,2.2908392
2018-12-22 10:15:00,3.6,3.3315992
2018-12-22 10:30:00,3.6,3.3622432
2018-12-22 10:45:00,3.6,2.8158782
2018-12-22 11:00:00,3.6,2.5166922
2018-12-22 11:15:00,3.6,2.404132
2018-12-22 11:30:00,3.6,2.1524296
2018-12-22 11:45:00,3.6,1.9866723
2018-12-22 12:00:00,3.6,1.9113405
2018-12-22 12:15:00,3.71,1.9334788
2018-12-22 12:30:00,4.39,1.9404634
2018-12-22 12:45:00,4.1,1.9260299
2018-12-22 13:00:00,3.71,1.8981925
2018-12-22 13:15:00,4.28,1.886916
2018-12-22 13:30:00,4.25,2.0058208
2018-12-22 13:45:00,4.25,1.9175107
2018-12-22 14:00:00,4.21,1.8098568
2018-12-22 14:15:00,3.67,1.9874009
2018-12-22 14:30:00,3.46,1.9832667
2018-12-22 14:45:00,3.49,2.2113097
2018-12-22 15:00:00,3.53,2.4657698
2018-12-22 15:15:00,3.56,2.4861326
2018-12-22 15:30:00,3.53,2.3709931
2018-12-22 15:45:00,3.56,2.25169
2018-12-22 16:00:00,3.56,2.1442866
2018-12-22 16:15:00,3.49,2.0703902
2018-12-22 16:30:00,3.53,2.0003011
2018-12-22 16:45:00,3.56,1.9755912
2018-12-22 17:00:00,4.68,1.9440249
2018-12-22 17:15:00,5.44,1.8788143
2018-12-22 17:30:00,4.46,1.8280692
2018-12-22 17:45:00,4.28,1.8136994
2018-12-22 18:00:00,4.07,2.1372318
2018-12-22 18:15:00,3.6,2.2420392
2018-12-22 18:30:00,3.67,2.0204458
2018-12-22 18:45:00,3.67,1.9202265
2018-12-22 19:00:00,3.71,1.9585017
2018-12-22 19:15:00,3.74,1.8638071
2018-12-22 19:30:00,3.71,1.8870915
2018-12-22 19:45:00,3.74,1.8727506
2018-12-22 20:00:00,3.67,1.8891752
2018-12-22 20:15:00,3.67,1.9014654
2018-12-22 20:30:00,3.67,1.9044296
2018-12-22 20:45:00,3.67,1.9215562
2018-12-22 21:00:00,4.18,1.8471068
2018-12-22 21:15:00,4.61,1.8540996
2018-12-22 21:30:00,5.51,1.8572954
2018-12-22 21:45:00,4.43,1.8643132
2018-12-22 22:00:00,4.1,1.9109586
2018-12-22 22:15:00,3.46,1.989621
2018-12-22 22:30:00,3.38,2.1695352
2018-12-22 22:45:00,3.42,1.9369863
2018-12-22 23:00:00,3.38,1.9070965
2018-12-22 23:15:00,3.35,1.8154852
2018-12-22 23:30:00,3.31,1.8246825
2018-12-22 23:45:00,3.31,1.8397785
2018-12-23 00:00:00,3.78,1.9438429
2018-12-23 00:15:00,3.31,1.9426774
2018-12-23 00:30:00,3.35,1.9368232
2018-12-23 00:45:00,3.42,1.9262953
2018-12-23 01:00:00,4.93,1.9657412
2018-12-23 01:15:00,4.93,1.818774
2018-12-23 01:30:00,4.14,1.8208991
2018-12-23 01:45:00,4.07,1.8065354
2018-12-23 02:00:00,3.49,2.0745485
2018-12-23 02:15:00,3.46,1.9942199
2018-12-23 02:30:00,3.49,1.8277001
2018-12-23 02:45:00,3.42,1.8684837
2018-12-23 03:00:00,3.42,1.7281234
2018-12-23 03:15:00,3.46,1.7684147
2018-12-23 03:30:00,3.42,1.7990528
2018-12-23 03:45:00,3.53,1.8162704
2018-12-23 04:00:00,3.46,1.8040065
2018-12-23 04:15:00,3.42,1.8406861
2018-12-23 04:30:00,3.6,1.8487284
2018-12-23 04:45:00,4.14,1.8838602
2018-12-23 05:00:00,5.18,1.8208283
2018-12-23 05:15:00,4.64,1.8245498
2018-12-23 05:30:00,4.1,1.8754386
2018-12-23 05:45:00,3.49,1.9931657
2018-12-23 06:00:00,3.38,2.149267
2018-12-23 06:15:00,3.35,2.0104728
2018-12-23 06:30:00,3.46,1.9568685
2018-12-23 06:45:00,3.38,1.9035959
2018-12-23 07:00:00,3.38,1.8887767
2018-12-23 07:15:00,3.38,1.9371922
2018-12-23 07:30:00,3.38,1.9933907
2018-12-23 07:45:00,3.42,2.0032074
2018-12-23 08:00:00,3.49,2.0079544
2018-12-23 08:15:00,4.07,2.0721757
2018-12-23 08:30:00,4.97,2.1137064
2018-12-23 08:45:00,4.82,2.111352
2018-12-23 09:00:00,4.28,2.0623019
2018-12-23 09:15:00,3.92,2.1523232
2018-12-23 09:30:00,3.71,2.2858503
2018-12-23 09:45:00,3.64,2.1908026
2018-12-23 10:00:00,3.64,2.0408344
2018-12-23 10:15:00,3.67,2.000032
2018-12-23 10:30:00,3.71,1.9747742
2018-12-23 10:45:00,3.71,1.9649034
2018-12-23 11:00:00,3.74,1.9224478
2018-12-23 11:15:00,3.78,1.9347608
2018-12-23 11:30:00,3.71,1.9508262
2018-12-23 11:45:00,3.74,1.9549215
2018-12-23 12:00:00,3.96,1.9180342
2018-12-23 12:15:00,4.86,1.9191759
2018-12-23 12:30:00,5.54,1.8907311
2018-12-23 12:45:00,4.54,1.8857464
2018-12-23 13:00:00,4.36,1.8722805
2018-12-23 13:15:00,3.67,2.0370066
2018-12-23 13:30:00,3.67,2.1233666
2018-12-23 13:45:00,3.67,1.8818047
2018-12-23 14:00:00,3.67,1.872573
2018-12-23 14:15:00,3.71,1.7569798
2018-12-23 14:30:00,3.67,1.8011943
2018-12-23 14:45:00,3.67,1.804658
2018-12-23 15:00:00,3.67,1.7749472
2018-12-23 15:15:00,3.64,1.808405
2018-12-23 15:30:00,3.67,1.8271468
2018-12-23 15:45:00,3.74,1.8554236
2018-12-23 16:00:00,4.36,1.8297815
2018-12-23 16:15:00,4.36,1.8333663
2018-12-23 16:30:00,5.0,1.8469228
2018-12-23 16:45:00,5.33,1.8674085
2018-12-23 17:00:00,3.6,1.9605663
2018-12-23 17:15:00,3.56,1.9436799
2018-12-23 17:30:00,3.6,2.0882013
2018-12-23 17:45:00,3.67,2.123064
2018-12-23 18:00:00,3.49,1.769174
2018-12-23 18:15:00,3.49,1.895443
2018-12-23 18:30:00,3.49,1.9153069
2018-12-23 18:45:00,3.64,1.8958166
2018-12-23 19:00:00,3.64,1.8992786
2018-12-23 19:15:00,4.03,1.9098569
2018-12-23 19:30:00,4.25,1.9000181
2018-12-23 19:45:00,4.28,1.9165268
2018-12-23 20:00:00,4.25,1.9756447
2018-12-23 20:15:00,4.0,2.0386035
2018-12-23 20:30:00,3.49,2.0493636
2018-12-23 20:45:00,4.21,2.0329309
2018-12-23 21:00:00,4.14,2.025448
2018-12-23 21:15:00,3.49,1.9847108
2018-12-23 21:30:00,3.42,1.9029821
2018-12-23 21:45:00,3.46,2.0740042
2018-12-23 22:00:00,3.53,1.9721028
2018-12-23 22:15:00,3.2,1.8594393
2018-12-23 22:30:00,3.2,1.9040102
2018-12-23 22:45:00,3.2,1.933956
2018-12-23 23:00:00,3.96,1.9125389
2018-12-23 23:15:00,4.0,1.8464028
2018-12-23 23:30:00,4.0,1.8758748
2018-12-23 23:45:00,4.0,1.9014152
2018-12-24 00:00:00,3.78,2.1111822
2018-12-24 00:15:00,3.35,2.0665395
2018-12-24 00:30:00,3.38,2.063018
2018-12-24 00:45:00,3.38,2.0712814
2018-12-24 01:00:00,3.96,2.0687318
2018-12-24 01:15:00,3.89,1.9599795
2018-12-24 01:30:00,3.38,1.9705918
2018-12-24 01:45:00,3.35,1.9606508
2018-12-24 02:00:00,3.49,2.0739121
2018-12-24 02:15:00,3.38,2.0458286
2018-12-24 02:30:00,3.42,1.9532063
2018-12-24 02:45:00,4.0,1.9799753
2018-12-24 03:00:00,4.07,1.9952974
2018-12-24 03:15:00,4.14,1.9521978
2018-12-24 03:30:00,4.1,1.9526026
2018-12-24 03:45:00,3.96,2.0805693
2018-12-24 04:00:00,3.35,2.0696957
2018-12-24 04:15:00,3.38,2.1046853
2018-12-24 04:30:00,3.64,2.1202674
2018-12-24 04:45:00,4.07,2.1186218
2018-12-24 05:00:00,3.42,1.9731292
2018-12-24 05:15:00,3.31,2.0409732
2018-12-24 05:30:00,3.35,2.13748
2018-12-24 05:45:00,3.35,2.2720523
2018-12-24 06:00:00,3.35,2.0959952
2018-12-24 06:15:00,3.38,2.1607652
2018-12-24 06:30:00,3.6,2.2248554
2018-12-24 06:45:00,4.03,2.2596927
2018-12-24 07:00:00,4.0,2.221418
2018-12-24 07:15:00,3.96,2.2659473
2018-12-24 07:30:00,4.54,2.3549662
2018-12-24 07:45:00,5.36,2.4143565
2018-12-24 08:00:00,6.52,2.3876507
2018-12-24 08:15:00,21.89,2.351788
2018-12-24 08:30:00,59.62,2.4495244
2018-12-24 08:45:00,64.58,2.5614114
2018-12-24 09:00:00,67.18,2.7636495
2018-12-24 09:15:00,69.44,23.816898
2018-12-24 09:30:00,65.38,56.932243
2018-12-24 09:45:00,67.0,54.4194
2018-12-24 10:00:00,56.27,53.928562
2018-12-24 10:15:00,54.18,55.422657
2018-12-24 10:30:00,58.39,52.845985
2018-12-24 10:45:00,54.86,52.580223
2018-12-24 11:00:00,54.18,48.432358
2018-12-24 11:15:00,55.55,47.37382
2018-12-24 11:30:00,53.21,48.644444
2018-12-24 11:45:00,53.03,45.45743
2018-12-24 12:00:00,40.64,33.541653
2018-12-24 12:15:00,6.91,-1.969792
2018-12-24 12:30:00,6.91,-3.6876543
2018-12-24 12:45:00,6.48,-3.713873
2018-12-24 13:00:00,6.12,-0.5601045
2018-12-24 13:15:00,34.49,17.34249
2018-12-24 13:30:00,46.98,41.46912
2018-12-24 13:45:00,38.2,46.033672
2018-12-24 14:00:00,37.84,36.423477
2018-12-24 14:15:00,43.45,38.42862
2018-12-24 14:30:00,63.9,39.220104
2018-12-24 14:45:00,38.48,35.145054
2018-12-24 15:00:00,38.12,35.638706
2018-12-24 15:15:00,45.25,37.402477
2018-12-24 15:30:00,51.12,47.29787
2018-12-24 15:45:00,45.72,39.11
2018-12-24 16:00:00,51.7,37.20435
2018-12-24 16:15:00,47.2,39.46352
2018-12-24 16:30:00,69.55,41.87499
2018-12-24 16:45:00,44.82,39.845436
2018-12-24 17:00:00,40.86,39.355034
2018-12-24 17:15:00,33.66,42.36944
2018-12-24 17:30:00,9.86,48.48541
2018-12-24 17:45:00,6.73,34.861744
2018-12-24 18:00:00,5.29,32.837925
2018-12-24 18:15:00,5.22,34.45656
2018-12-24 18:30:00,5.18,22.694475
2018-12-24 18:45:00,5.33,14.977441
2018-12-24 19:00:00,5.04,5.84108
2018-12-24 19:15:00,4.14,3.2072098
2018-12-24 19:30:00,4.18,2.149104
2018-12-24 19:45:00,4.1,1.4002126
2018-12-24 20:00:00,4.18,1.6249774
2018-12-24 20:15:00,4.1,2.16964
2018-12-24 20:30:00,4.14,2.233824
2018-12-24 20:45:00,4.21,2.1784565
2018-12-24 21:00:00,4.18,2.1279626
2018-12-24 21:15:00,4.18,2.0658324
2018-12-24 21:30:00,4.14,2.002605
2018-12-24 21:45:00,4.18,1.9440308
2018-12-24 22:00:00,5.4,1.9634109
2018-12-24 22:15:00,4.5,1.3352545
2018-12-24 22:30:00,3.92,1.2482868
2018-12-24 22:45:00,3.89,1.1474446
2018-12-24 23:00:00,3.85,1.3967901
2018-12-24 23:15:00,3.85,2.31465
2018-12-24 23:30:00,3.82,2.2193768
2018-12-24 23:45:00,3.85,2.2470675
2018-12-25 00:00:00,3.13,2.172967
2018-12-25 00:15:00,3.85,2.185031
2018-12-25 00:30:00,3.92,2.2419455
2018-12-25 00:45:00,3.89,2.296897
2018-12-25 01:00:00,3.85,2.133132
2018-12-25 01:15:00,3.56,2.207154
2018-12-25 01:30:00,3.2,2.101073
2018-12-25 01:45:00,3.92,2.109175
2018-12-25 02:00:00,3.64,2.2528298
2018-12-25 02:15:00,3.17,2.251608
2018-12-25 02:30:00,3.17,2.0930133
2018-12-25 02:45:00,3.2,2.1092641
2018-12-25 03:00:00,3.24,1.9476953
2018-12-25 03:15:00,3.2,1.8298086
2018-12-25 03:30:00,3.2,1.7961075
2018-12-25 03:45:00,3.28,1.7535951
2018-12-25 04:00:00,3.96,1.8121976
2018-12-25 04:15:00,3.96,1.980131
2018-12-25 04:30:00,3.92,1.9425968
2018-12-25 04:45:00,3.89,2.01537
2018-12-25 05:00:00,3.35,2.4920714
2018-12-25 05:15:00,3.24,2.4287314
2018-12-25 05:30:00,3.35,2.1708317
2018-12-25 05:45:00,3.96,2.084405
2018-12-25 06:00:00,3.71,1.9569052
2018-12-25 06:15:00,3.17,2.0441594
2018-12-25 06:30:00,3.2,2.1702676
2018-12-25 06:45:00,3.2,2.4071743
2018-12-25 07:00:00,3.17,2.402904
2018-12-25 07:15:00,3.24,2.2910247
2018-12-25 07:30:00,3.85,2.2883005
2018-12-25 07:45:00,3.92,2.260031
2018-12-25 08:00:00,3.89,2.2842925
2018-12-25 08:15:00,3.89,2.2276134
2018-12-25 08:30:00,3.49,2.312667
2018-12-25 08:45:00,3.24,2.2773247
2018-12-25 09:00:00,3.38,2.829299
2018-12-25 09:15:00,3.49,4.4884195
2018-12-25 09:30:00,3.46,7.075262
2018-12-25 09:45:00,3.82,8.59969
2018-12-25 10:00:00,3.96,7.9281373
2018-12-25 10:15:00,3.42,6.368392
2018-12-25 10:30:00,3.53,4.407531
2018-12-25 10:45:00,3.46,3.2912588
2018-12-25 11:00:00,3.46,2.6954274
2018-12-25 11:15:00,3.78,2.0181916
2018-12-25 11:30:00,4.18,2.0555696
2018-12-25 11:45:00,4.28,2.0413067
2018-12-25 12:00:00,4.18,2.0516605
2018-12-25 12:15:00,4.07,2.0637193
2018-12-25 12:30:00,3.56,2.0971406
2018-12-25 12:45:00,3.53,2.0756884
2018-12-25 13:00:00,3.53,2.096704
2018-12-25 13:15:00,5.04,2.0574412
2018-12-25 13:30:00,4.07,1.8879327
2018-12-25 13:45:00,3.42,1.876641
2018-12-25 14:00:00,3.42,1.9357133
2018-12-25 14:15:00,3.49,4.2067523
2018-12-25 14:30:00,3.46,5.823997
2018-12-25 14:45:00,3.53,4.8080034
2018-12-25 15:00:00,4.14,3.1737275
2018-12-25 15:15:00,4.14,2.4154332
2018-12-25 15:30:00,4.14,2.0402074
2018-12-25 15:45:00,4.1,1.946326
2018-12-25 16:00:00,3.67,2.048396
2018-12-25 16:15:00,3.46,1.9684814
2018-12-25 16:30:00,3.42,1.9353505
2018-12-25 16:45:00,3.46,1.8744527
2018-12-25 17:00:00,3.42,1.7806953
2018-12-25 17:15:00,3.46,1.767221
2018-12-25 17:30:00,4.0,1.8147017
2018-12-25 17:45:00,4.0,1.7668642
2018-12-25 18:00:00,3.38,1.8429106
2018-12-25 18:15:00,3.38,1.7639349
2018-12-25 18:30:00,3.74,1.8837328
2018-12-25 18:45:00,4.1,1.837907
2018-12-25 19:00:00,4.18,1.7748944
2018-12-25 19:15:00,4.1,1.795606
2018-12-25 19:30:00,4.18,1.8486836
2018-12-25 19:45:00,3.64,1.8799149
2018-12-25 20:00:00,3.46,1.9472519
2018-12-25 20:15:00,3.46,1.9191076
2018-12-25 20:30:00,3.38,1.9380575
2018-12-25 20:45:00,3.42,1.8195882
2018-12-25 21:00:00,3.42,1.8984553
2018-12-25 21:15:00,3.42,1.8867651
2018-12-25 21:30:00,4.03,1.8616647
2018-12-25 21:45:00,4.14,1.866937
2018-12-25 22:00:00,3.49,1.9127357
2018-12-25 22:15:00,3.2,1.9225749
2018-12-25 22:30:00,3.85,2.0590644
2018-12-25 22:45:00,3.89,2.045427
2018-12-25 23:00:00,3.89,1.9130588
2018-12-25 23:15:00,3.85,1.9116982
2018-12-25 23:30:00,3.64,2.0755186
2018-12-25 23:45:00,3.31,2.0660758
2018-12-26 00:00:00,3.67,2.0887463
2018-12-26 00:15:00,3.24,2.0748422
2018-12-26 00:30:00,3.24,2.0319011
2018-12-26 00:45:00,3.2,1.966561
2018-12-26 01:00:00,3.31,2.1361167
2018-12-26 01:15:00,3.24,2.011528
2018-12-26 01:30:00,3.28,2.0157962
2018-12-26 01:45:00,3.24,1.9934393
2018-12-26 02:00:00,3.24,2.0904543
2018-12-26 02:15:00,3.78,2.044994
2018-12-26 02:30:00,3.96,2.026228
2018-12-26 02:45:00,4.97,1.995584
2018-12-26 03:00:00,4.36,2.0038166
2018-12-26 03:15:00,3.71,2.090714
2018-12-26 03:30:00,3.28,2.1111078
2018-12-26 03:45:00,3.31,2.3474476
2018-12-26 04:00:00,3.28,2.183814
2018-12-26 04:15:00,3.28,2.0809958
2018-12-26 04:30:00,3.2,2.0368974
2018-12-26 04:45:00,3.24,2.0828056
2018-12-26 05:00:00,3.28,2.1191692
2018-12-26 05:15:00,3.2,2.1470456
2018-12-26 05:30:00,3.24,2.1806326
2018-12-26 05:45:00,3.2,2.2300081
2018-12-26 06:00:00,4.79,2.30456
2018-12-26 06:15:00,4.86,2.2976813
2018-12-26 06:30:00,3.92,2.280051
2018-12-26 06:45:00,3.82,2.2440703
2018-12-26 07:00:00,3.35,2.6245637
2018-12-26 07:15:00,3.17,2.536141
2018-12-26 07:30:00,3.42,2.318129
2018-12-26 07:45:00,4.82,2.3277903
2018-12-26 08:00:00,5.0,2.2625291
2018-12-26 08:15:00,34.52,2.2097988
2018-12-26 08:30:00,48.06,2.2295244
2018-12-26 08:45:00,78.23,2.4898553
2018-12-26 09:00:00,51.08,2.474707
2018-12-26 09:15:00,70.99,39.516987
2018-12-26 09:30:00,65.74,44.989296
2018-12-26 09:45:00,52.96,61.650135
2018-12-26 10:00:00,55.44,47.191067
2018-12-26 10:15:00,52.06,52.741905
2018-12-26 10:30:00,57.64,50.768543
2018-12-26 10:45:00,62.21,45.103493
2018-12-26 11:00:00,45.58,45.302998
2018-12-26 11:15:00,54.58,44.508205
2018-12-26 11:30:00,55.15,46.309975
2018-12-26 11:45:00,58.64,45.906116
2018-12-26 12:00:00,31.28,30.446074
2018-12-26 12:15:00,6.77,-2.3633747
2018-12-26 12:30:00,7.09,-4.053276
2018-12-26 12:45:00,6.95,-4.1921353
2018-12-26 13:00:00,6.41,0.06743183
2018-12-26 13:15:00,20.66,20.021685
2018-12-26 13:30:00,59.9,40.73346
2018-12-26 13:45:00,55.3,44.816425
2018-12-26 14:00:00,51.41,33.79947
2018-12-26 14:15:00,57.02,30.459658
2018-12-26 14:30:00,43.06,45.905994
2018-12-26 14:45:00,41.4,43.45237
2018-12-26 15:00:00,52.92,42.684814
2018-12-26 15:15:00,53.42,45.019184
2018-12-26 15:30:00,40.68,37.760937
2018-12-26 15:45:00,40.64,38.458305
2018-12-26 16:00:00,41.47,42.67272
2018-12-26 16:15:00,56.2,43.0997
2018-12-26 16:30:00,59.04,37.684944
2018-12-26 16:45:00,54.68,34.111588
2018-12-26 17:00:00,57.67,30.169859
2018-12-26 17:15:00,54.79,42.164265
2018-12-26 17:30:00,34.42,43.53748
2018-12-26 17:45:00,9.5,36.76334
2018-12-26 18:00:00,5.22,38.170597
2018-12-26 18:15:00,5.04,44.280857
2018-12-26 18:30:00,5.04,41.878517
2018-12-26 18:45:00,5.08,27.945961
2018-12-26 19:00:00,5.08,13.557215
2018-12-26 19:15:00,4.68,3.1338525
2018-12-26 19:30:00,3.92,1.0873425
2018-12-26 19:45:00,3.89,0.73021185
2018-12-26 20:00:00,3.85,1.4219836
2018-12-26 20:15:00,3.89,2.3821554
2018-12-26 20:30:00,3.89,2.3019938
2018-12-26 20:45:00,3.96,2.2417192
2018-12-26 21:00:00,3.89,2.1449528
2018-12-26 21:15:00,3.96,2.0855787
2018-12-26 21:30:00,4.0,2.0275824
2018-12-26 21:45:00,3.96,1.9463933
2018-12-26 22:00:00,4.07,1.9292566
2018-12-26 22:15:00,4.0,1.2270478
2018-12-26 22:30:00,4.9,1.1694745
2018-12-26 22:45:00,4.1,1.0384519
2018-12-26 23:00:00,3.71,1.0133362
2018-12-26 23:15:00,3.74,2.1326041
2018-12-26 23:30:00,3.64,2.4224777
2018-12-26 23:45:00,3.67,2.1689062
2018-12-27 00:00:00,3.74,2.0090885
2018-12-27 00:15:00,3.64,2.126449
2018-12-27 00:30:00,3.74,2.1575603
2018-12-27 00:45:00,3.71,2.2270148
2018-12-27 01:00:00,3.71,2.2799077
2018-12-27 01:15:00,3.67,2.1755066
2018-12-27 01:30:00,3.67,2.0933802
2018-12-27 01:45:00,3.78,2.0417655
2018-12-27 02:00:00,4.18,2.1505373
2018-12-27 02:15:00,4.86,2.2232647
2018-12-27 02:30:00,4.21,2.2786863
2018-12-27 02:45:00,3.71,2.251803
2018-12-27 03:00:00,3.78,2.2172842
2018-12-27 03:15:00,3.67,2.3114207
2018-12-27 03:30:00,3.71,2.1550612
2018-12-27 03:45:00,3.24,2.0321896
2018-12-27 04:00:00,3.02,2.064457
2018-12-27 04:15:00,2.99,2.1179698
2018-12-27 04:30:00,2.99,2.12157
2018-12-27 04:45:00,2.95,1.9820833
2018-12-27 05:00:00,2.95,2.164106
2018-12-27 05:15:00,2.95,2.266551
2018-12-27 05:30:00,2.95,2.1644702
2018-12-27 05:45:00,2.95,2.044127
2018-12-27 06:00:00,3.42,2.0334957
2018-12-27 06:15:00,3.74,2.1191564
2018-12-27 06:30:00,4.86,2.2220678
2018-12-27 06:45:00,4.21,2.204559
2018-12-27 07:00:00,3.6,2.3531237
2018-12-27 07:15:00,2.88,2.401672
2018-12-27 07:30:00,3.2,2.6063535
2018-12-27 07:45:00,4.9,2.4033716
2018-12-27 08:00:00,5.65,2.3273873
2018-12-27 08:15:00,32.0,2.1855361
2018-12-27 08:30:00,52.63,2.249286
2018-12-27 08:45:00,73.66,2.5566401
2018-12-27 09:00:00,63.47,2.6654358
2018-12-27 09:15:00,56.77,43.491493
2018-12-27 09:30:00,53.93,58.869305
2018-12-27 09:45:00,59.4,63.94679
2018-12-27 10:00:00,76.03,54.36498
2018-12-27 10:15:00,47.81,47.351906
2018-12-27 10:30:00,45.83,44.69361
2018-12-27 10:45:00,52.63,47.39116
2018-12-27 11:00:00,68.69,54.932247
2018-12-27 11:15:00,51.16,46.519978
2018-12-27 11:30:00,51.52,41.843437
2018-12-27 11:45:00,54.83,39.653202
2018-12-27 12:00:00,59.62,35.300922
2018-12-27 12:15:00,13.54,-1.010856
2018-12-27 12:30:00,6.62,-2.3078794
2018-12-27 12:45:00,6.59,-3.1702917
2018-12-27 13:00:00,17.82,-3.1642737
2018-12-27 13:15:00,40.57,9.904661
2018-12-27 13:30:00,43.7,39.678604
2018-12-27 13:45:00,46.84,50.01202
2018-12-27 14:00:00,53.32,47.182697
2018-12-27 14:15:00,55.01,40.65586
2018-12-27 14:30:00,61.74,36.89735
2018-12-27 14:45:00,54.14,38.572052
2018-12-27 15:00:00,53.5,43.399647
2018-12-27 15:15:00,44.75,43.824783
2018-12-27 15:30:00,42.95,46.73174
2018-12-27 15:45:00,60.84,46.38147
2018-12-27 16:00:00,63.04,44.824814
2018-12-27 16:15:00,59.58,41.074802
2018-12-27 16:30:00,63.22,38.47374
2018-12-27 16:45:00,45.79,44.840115
2018-12-27 17:00:00,41.58,47.40855
2018-12-27 17:15:00,54.58,52.10079
2018-12-27 17:30:00,36.72,49.177116
2018-12-27 17:45:00,29.38,34.1198
2018-12-27 18:00:00,28.48,30.730188
2018-12-27 18:15:00,48.56,40.253292
2018-12-27 18:30:00,53.82,39.34536
2018-12-27 18:45:00,53.5,38.85462
2018-12-27 19:00:00,53.14,36.9663
2018-12-27 19:15:00,51.01,46.776344
2018-12-27 19:30:00,47.99,45.238018
2018-12-27 19:45:00,49.18,46.471935
2018-12-27 20:00:00,50.33,48.27477
2018-12-27 20:15:00,50.04,43.559174
2018-12-27 20:30:00,40.93,35.06303
2018-12-27 20:45:00,14.51,21.748348
2018-12-27 21:00:00,8.35,7.4369397
2018-12-27 21:15:00,5.26,4.011361
2018-12-27 21:30:00,5.26,3.5397584
2018-12-27 21:45:00,5.26,3.345582
2018-12-27 22:00:00,4.5,2.8406363
2018-12-27 22:15:00,3.89,2.8921795
2018-12-27 22:30:00,3.85,2.6407428
2018-12-27 22:45:00,3.82,2.588828
2018-12-27 23:00:00,3.82,2.5471103
2018-12-27 23:15:00,3.82,2.7148838
2018-12-27 23:30:00,3.78,2.4503164
2018-12-27 23:45:00,3.74,2.2282927
2018-12-28 00:00:00,4.82,2.3763797
2018-12-28 00:15:00,3.74,2.5048842
2018-12-28 00:30:00,3.78,2.5730793
2018-12-28 00:45:00,3.85,2.5331764
2018-12-28 01:00:00,4.14,2.6902945
2018-12-28 01:15:00,4.9,2.4384408
2018-12-28 01:30:00,4.14,2.3879628
2018-12-28 01:45:00,3.82,2.390481
2018-12-28 02:00:00,3.85,2.5438943
2018-12-28 02:15:00,3.82,2.6175096
2018-12-28 02:30:00,3.82,2.27015
2018-12-28 02:45:00,3.82,2.084807
2018-12-28 03:00:00,3.82,2.0781987
2018-12-28 03:15:00,3.89,2.0712862
2018-12-28 03:30:00,3.89,2.0642202
2018-12-28 03:45:00,3.85,2.1016765
2018-12-28 04:00:00,3.82,2.1513286
2018-12-28 04:15:00,4.07,2.2591772
2018-12-28 04:30:00,5.04,2.349496
2018-12-28 04:45:00,4.1,2.3863301
2018-12-28 05:00:00,3.82,2.350392
2018-12-28 05:15:00,3.89,2.3816912
2018-12-28 05:30:00,3.38,2.5586033
2018-12-28 05:45:00,3.17,2.3868623
2018-12-28 06:00:00,3.06,2.506858
2018-12-28 06:15:00,3.06,2.4600582
2018-12-28 06:30:00,3.1,2.1935422
2018-12-28 06:45:00,3.06,2.0692341
2018-12-28 07:00:00,3.1,2.0415266
2018-12-28 07:15:00,3.38,2.0283105
2018-12-28 07:30:00,4.97,2.0405524
2018-12-28 07:45:00,6.7,2.0964322
2018-12-28 08:00:00,6.16,2.1047444
2018-12-28 08:15:00,35.75,4.74261
2018-12-28 08:30:00,57.78,11.188312
2018-12-28 08:45:00,57.74,13.654434
2018-12-28 09:00:00,66.46,9.526451
2018-12-28 09:15:00,66.82,49.71578
2018-12-28 09:30:00,59.9,54.585793
2018-12-28 09:45:00,63.32,46.586853
2018-12-28 10:00:00,57.17,49.141533
2018-12-28 10:15:00,55.91,49.98774
2018-12-28 10:30:00,62.42,46.82855
2018-12-28 10:45:00,59.72,48.831863
2018-12-28 11:00:00,62.71,48.064545
2018-12-28 11:15:00,57.82,48.524677
2018-12-28 11:30:00,64.94,50.689693
2018-12-28 11:45:00,58.97,46.495174
2018-12-28 12:00:00,47.05,33.022007
2018-12-28 12:15:00,10.01,-2.3346543
2018-12-28 12:30:00,7.81,-4.0233502
2018-12-28 12:45:00,7.27,-3.7006073
2018-12-28 13:00:00,7.31,-0.42202386
2018-12-28 13:15:00,42.55,18.064684
2018-12-28 13:30:00,56.12,45.769096
2018-12-28 13:45:00,45.0,51.382904
2018-12-28 14:00:00,45.22,39.15023
2018-12-28 14:15:00,42.62,41.781956
2018-12-28 14:30:00,34.2,42.39455
2018-12-28 14:45:00,42.8,37.319935
2018-12-28 15:00:00,48.02,38.682415
2018-12-28 15:15:00,44.6,35.530308
2018-12-28 15:30:00,35.78,30.52756
2018-12-28 15:45:00,32.62,36.546394
2018-12-28 16:00:00,31.39,39.33644
2018-12-28 16:15:00,30.06,38.108734
2018-12-28 16:30:00,30.13,32.511127
2018-12-28 16:45:00,23.58,26.104849
2018-12-28 17:00:00,8.57,18.381815
2018-12-28 17:15:00,9.58,21.718615
2018-12-28 17:30:00,9.14,19.704817
2018-12-28 17:45:00,5.47,15.98959
2018-12-28 18:00:00,5.08,8.042512
2018-12-28 18:15:00,5.08,7.1351156
2018-12-28 18:30:00,5.11,5.827171
2018-12-28 18:45:00,5.15,4.354713
2018-12-28 19:00:00,5.15,3.9349723
2018-12-28 19:15:00,5.15,3.0898438
2018-12-28 19:30:00,5.18,2.1402597
2018-12-28 19:45:00,5.22,1.8127218
2018-12-28 20:00:00,5.15,1.6159164
2018-12-28 20:15:00,5.15,2.376029
2018-12-28 20:30:00,5.18,2.4125504
2018-12-28 20:45:00,5.26,2.377593
2018-12-28 21:00:00,5.18,2.3436007
2018-12-28 21:15:00,5.15,2.3270698
2018-12-28 21:30:00,5.26,2.2728622
2018-12-28 21:45:00,5.26,2.262783
2018-12-28 22:00:00,5.22,2.2932827
2018-12-28 22:15:00,4.97,1.6749345
2018-12-28 22:30:00,4.97,1.6751362
2018-12-28 22:45:00,4.93,1.5840014
2018-12-28 23:00:00,5.04,1.5703727
2018-12-28 23:15:00,4.86,2.5007944
2018-12-28 23:30:00,4.86,2.5830123
2018-12-28 23:45:00,4.86,2.6315813
2018-12-29 00:00:00,4.28,2.4796195
2018-12-29 00:15:00,4.9,2.4365568
2018-12-29 00:30:00,4.82,2.4264421
2018-12-29 00:45:00,3.85,2.3675218
2018-12-29 01:00:00,3.74,2.1160789
2018-12-29 01:15:00,3.82,2.2113473
2018-12-29 01:30:00,3.78,2.1946194
2018-12-29 01:45:00,3.67,2.077293
2018-12-29 02:00:00,3.74,2.168327
2018-12-29 02:15:00,3.71,2.2123387
2018-12-29 02:30:00,3.82,2.159338
2018-12-29 02:45:00,3.78,2.118829
2018-12-29 03:00:00,3.71,1.9925276
2018-12-29 03:15:00,3.74,2.0282295
2018-12-29 03:30:00,3.78,2.0471637
2018-12-29 03:45:00,3.78,2.013225
2018-12-29 04:00:00,3.74,2.0387187
2018-12-29 04:15:00,3.02,2.127225
2018-12-29 04:30:00,3.74,2.123876
2018-12-29 04:45:00,3.6,2.207382
2018-12-29 05:00:00,3.06,2.160131
2018-12-29 05:15:00,3.02,1.8465565
2018-12-29 05:30:00,3.02,1.9790725
2018-12-29 05:45:00,2.99,1.9501855
2018-12-29 06:00:00,3.06,1.8533791
2018-12-29 06:15:00,3.06,1.9746046
2018-12-29 06:30:00,3.67,2.0988278
2018-12-29 06:45:00,3.74,2.16531
2018-12-29 07:00:00,3.71,2.160747
2018-12-29 07:15:00,3.67,2.175781
2018-12-29 07:30:00,3.38,2.3217235
2018-12-29 07:45:00,3.02,2.3315034
2018-12-29 08:00:00,2.92,2.2056766
2018-12-29 08:15:00,2.95,2.1608977
2018-12-29 08:30:00,3.13,2.04281
2018-12-29 08:45:00,3.78,1.9654518
2018-12-29 09:00:00,3.24,1.9485983
2018-12-29 09:15:00,3.17,2.068686
2018-12-29 09:30:00,3.2,2.2410307
2018-12-29 09:45:00,3.31,2.5368948
2018-12-29 10:00:00,4.03,2.3219311
2018-12-29 10:15:00,4.03,2.3348575
2018-12-29 10:30:00,4.03,2.2475476
2018-12-29 10:45:00,4.03,2.115119
2018-12-29 11:00:00,6.19,2.0736706
2018-12-29 11:15:00,26.17,2.0408304
2018-12-29 11:30:00,9.36,2.0426795
2018-12-29 11:45:00,3.64,2.0338073
2018-12-29 12:00:00,4.14,2.4248548
2018-12-29 12:15:00,3.78,7.9657025
2018-12-29 12:30:00,3.46,2.4295497
2018-12-29 12:45:00,3.42,1.6623596
2018-12-29 13:00:00,3.42,2.4977565
2018-12-29 13:15:00,4.1,2.59947
2018-12-29 13:30:00,4.14,2.2736385
2018-12-29 13:45:00,4.07,2.1053576
2018-12-29 14:00:00,4.03,2.05552
2018-12-29 14:15:00,3.92,2.266296
2018-12-29 14:30:00,3.31,2.3213892
2018-12-29 14:45:00,3.35,2.4675553
2018-12-29 15:00:00,3.31,2.9025114
2018-12-29 15:15:00,3.31,2.946195
2018-12-29 15:30:00,3.31,2.3986063
2018-12-29 15:45:00,3.35,2.1663692
2018-12-29 16:00:00,3.49,1.9992087
2018-12-29 16:15:00,4.1,1.8748091
2018-12-29 16:30:00,3.71,1.7654682
2018-12-29 16:45:00,3.67,1.7484702
2018-12-29 17:00:00,4.1,1.8464681
2018-12-29 17:15:00,4.07,1.9709877
2018-12-29 17:30:00,4.07,1.8544587
2018-12-29 17:45:00,4.1,1.8751436
2018-12-29 18:00:00,3.56,2.0411282
2018-12-29 18:15:00,3.31,2.0290093
2018-12-29 18:30:00,3.24,2.0256052
2018-12-29 18:45:00,3.35,1.9950501
2018-12-29 19:00:00,3.31,1.8584257
2018-12-29 19:15:00,3.35,1.7961698
2018-12-29 19:30:00,3.35,1.8216516
2018-12-29 19:45:00,3.31,1.8978333
2018-12-29 20:00:00,3.71,1.8578737
2018-12-29 20:15:00,4.36,1.9289998
2018-12-29 20:30:00,4.28,1.998833
2018-12-29 20:45:00,4.14,1.9947103
2018-12-29 21:00:00,4.1,2.0492067
2018-12-29 21:15:00,4.07,2.137794
2018-12-29 21:30:00,3.85,2.0570183
2018-12-29 21:45:00,3.46,2.005915
2018-12-29 22:00:00,3.31,1.9252338
2018-12-29 22:15:00,3.13,1.9119064
2018-12-29 22:30:00,3.13,1.8641013
2018-12-29 22:45:00,3.13,1.8094779
2018-12-29 23:00:00,3.17,1.8139423
2018-12-29 23:15:00,3.06,1.7883867
2018-12-29 23:30:00,2.99,1.7745554
2018-12-29 23:45:00,3.42,1.770372
2018-12-30 00:00:00,3.1,2.0259087
2018-12-30 00:15:00,3.92,1.9486238
2018-12-30 00:30:00,3.82,1.9355481
2018-12-30 00:45:00,3.74,1.906728
2018-12-30 01:00:00,3.78,1.7376119
2018-12-30 01:15:00,3.42,1.8777328
2018-12-30 01:30:00,3.17,1.8057929
2018-12-30 01:45:00,3.02,1.7740376
2018-12-30 02:00:00,3.1,1.8042217
2018-12-30 02:15:00,3.06,1.7457668
2018-12-30 02:30:00,3.1,1.7364355
2018-12-30 02:45:00,3.13,1.7540498
2018-12-30 03:00:00,3.1,1.762455
2018-12-30 03:15:00,3.13,1.782055
2018-12-30 03:30:00,3.6,1.829575
2018-12-30 03:45:00,4.86,1.8823522
2018-12-30 04:00:00,3.85,1.8661875
2018-12-30 04:15:00,3.82,1.8950666
2018-12-30 04:30:00,3.82,1.9984936
2018-12-30 04:45:00,3.46,2.2575312
2018-12-30 05:00:00,3.17,1.9680123
2018-12-30 05:15:00,3.13,1.9846534
2018-12-30 05:30:00,3.1,1.9328527
2018-12-30 05:45:00,3.1,1.8852569
2018-12-30 06:00:00,3.1,1.8106173
2018-12-30 06:15:00,3.13,1.8532823
2018-12-30 06:30:00,3.13,1.8941587
2018-12-30 06:45:00,3.1,1.9323264
2018-12-30 07:00:00,3.82,1.9135588
2018-12-30 07:15:00,4.36,1.9529573
2018-12-30 07:30:00,4.97,1.9820226
2018-12-30 07:45:00,3.96,1.9954501
2018-12-30 08:00:00,3.46,2.0926695
2018-12-30 08:15:00,3.06,2.1904616
2018-12-30 08:30:00,3.06,2.3213158
2018-12-30 08:45:00,3.17,2.1019049
2018-12-30 09:00:00,3.28,2.0283527
2018-12-30 09:15:00,3.35,1.9778503
2018-12-30 09:30:00,3.38,1.9666406
2018-12-30 09:45:00,3.35,1.9947163
2018-12-30 10:00:00,3.46,2.1369655
2018-12-30 10:15:00,3.38,2.2083247
2018-12-30 10:30:00,4.0,2.1699586
2018-12-30 10:45:00,4.1,2.0484705
2018-12-30 11:00:00,4.1,1.92666
2018-12-30 11:15:00,4.28,1.8565972
2018-12-30 11:30:00,4.61,1.9726955
2018-12-30 11:45:00,3.56,1.9511657
2018-12-30 12:00:00,3.42,1.8822287
2018-12-30 12:15:00,3.46,1.9668994
2018-12-30 12:30:00,3.46,2.037759
2018-12-30 12:45:00,3.31,1.7940716
2018-12-30 13:00:00,3.28,1.7779299
2018-12-30 13:15:00,3.2,1.7937294
2018-12-30 13:30:00,3.24,1.786353
2018-12-30 13:45:00,3.24,1.7553211
2018-12-30 14:00:00,4.03,1.7223959
2018-12-30 14:15:00,4.0,1.720023
2018-12-30 14:30:00,4.03,1.7423736
2018-12-30 14:45:00,4.82,1.7475972
2018-12-30 15:00:00,4.1,1.8773004
2018-12-30 15:15:00,3.31,1.8460392
2018-12-30 15:30:00,3.24,1.8737503
2018-12-30 15:45:00,3.24,2.0611625
2018-12-30 16:00:00,3.35,1.8436153
2018-12-30 16:15:00,3.31,1.735217
2018-12-30 16:30:00,3.35,1.7855628
2018-12-30 16:45:00,3.24,1.8038913
2018-12-30 17:00:00,3.24,1.7911824
2018-12-30 17:15:00,3.42,1.7962104
2018-12-30 17:30:00,4.0,1.8308777
2018-12-30 17:45:00,4.75,1.8088515
2018-12-30 18:00:00,4.68,1.8225039
2018-12-30 18:15:00,3.89,1.8546973
2018-12-30 18:30:00,3.53,1.9571856
2018-12-30 18:45:00,3.2,2.0591016
2018-12-30 19:00:00,3.28,2.0462947
2018-12-30 19:15:00,3.24,1.9127303
2018-12-30 19:30:00,3.24,1.884689
2018-12-30 19:45:00,3.2,1.8334384
2018-12-30 20:00:00,3.24,1.9270129
2018-12-30 20:15:00,3.31,1.9014815
2018-12-30 20:30:00,3.24,1.8911115
2018-12-30 20:45:00,3.78,1.8749611
2018-12-30 21:00:00,4.32,1.8694932
2018-12-30 21:15:00,4.07,1.9014398
2018-12-30 21:30:00,4.07,1.9046742
2018-12-30 21:45:00,4.03,2.031371
2018-12-30 22:00:00,4.0,2.0604887
2018-12-30 22:15:00,3.2,1.9964619
2018-12-30 22:30:00,2.99,2.0233111
2018-12-30 22:45:00,3.1,2.034975
2018-12-30 23:00:00,3.02,2.0066059
2018-12-30 23:15:00,2.95,1.8590986
2018-12-30 23:30:00,2.99,1.8527578
2018-12-30 23:45:00,2.92,1.8836933
2018-12-31 00:00:00,3.67,1.9746407
2018-12-31 00:15:00,3.64,1.9378335
2018-12-31 00:30:00,3.31,1.9285157
2018-12-31 00:45:00,3.49,1.897266
2018-12-31 01:00:00,3.71,2.0929391
2018-12-31 01:15:00,3.78,2.0335233
2018-12-31 01:30:00,3.71,1.9529526
2018-12-31 01:45:00,3.67,1.9600602
2018-12-31 02:00:00,3.02,1.9510888
2018-12-31 02:15:00,2.99,1.9349598
2018-12-31 02:30:00,3.06,1.911899
2018-12-31 02:45:00,3.02,1.9237202
2018-12-31 03:00:00,3.06,1.7884312
2018-12-31 03:15:00,3.02,1.8475164
2018-12-31 03:30:00,3.46,1.8989888
2018-12-31 03:45:00,3.74,1.9237014
2018-12-31 04:00:00,3.06,1.9559506
2018-12-31 04:15:00,3.74,1.9768595
2018-12-31 04:30:00,3.74,2.0931213
2018-12-31 04:45:00,3.78,2.1378784
2018-12-31 05:00:00,3.78,1.9404846
2018-12-31 05:15:00,3.56,2.128856
2018-12-31 05:30:00,2.99,2.1088967
2018-12-31 05:45:00,3.02,2.1365788
2018-12-31 06:00:00,2.95,2.1057906
2018-12-31 06:15:00,3.02,2.10838
2018-12-31 06:30:00,2.99,2.046432
2018-12-31 06:45:00,3.02,2.1458147
2018-12-31 07:00:00,3.74,2.1314707
2018-12-31 07:15:00,3.17,2.2274723
2018-12-31 07:30:00,2.95,2.223926
2018-12-31 07:45:00,3.56,2.2182488
2018-12-31 08:00:00,3.64,2.3861532
2018-12-31 08:15:00,3.6,2.2037652
2018-12-31 08:30:00,3.74,2.156598
2018-12-31 08:45:00,3.74,2.2654524
2018-12-31 09:00:00,3.06,2.2462857
2018-12-31 09:15:00,3.17,2.2032862
2018-12-31 09:30:00,3.13,2.2173824
2018-12-31 09:45:00,3.17,2.195315
2018-12-31 10:00:00,3.24,2.0585952
2018-12-31 10:15:00,3.2,2.0883324
2018-12-31 10:30:00,4.03,2.0404115
2018-12-31 10:45:00,3.67,2.019496
2018-12-31 11:00:00,3.35,2.0426116
2018-12-31 11:15:00,3.35,2.0134063
2018-12-31 11:30:00,3.82,2.201815
2018-12-31 11:45:00,4.0,2.0428028
2018-12-31 12:00:00,4.07,2.024167
2018-12-31 12:15:00,4.03,1.9902732
2018-12-31 12:30:00,4.1,2.0547376
2018-12-31 12:45:00,3.35,2.0339198
2018-12-31 13:00:00,3.35,2.0830379
2018-12-31 13:15:00,3.35,2.0351193
2018-12-31 13:30:00,3.31,2.011357
2018-12-31 13:45:00,3.31,1.8050216
2018-12-31 14:00:00,3.35,1.8477213
2018-12-31 14:15:00,3.35,1.8198423
2018-12-31 14:30:00,3.56,1.7873918
2018-12-31 14:45:00,4.07,1.7721936
2018-12-31 15:00:00,3.53,1.7999125
2018-12-31 15:15:00,3.42,1.7854643
2018-12-31 15:30:00,4.07,1.8144346
2018-12-31 15:45:00,4.07,1.8978574
2018-12-31 16:00:00,4.03,1.7754606
2018-12-31 16:15:00,4.07,1.7731832
2018-12-31 16:30:00,3.92,1.9112663
2018-12-31 16:45:00,3.31,1.8607024
2018-12-31 17:00:00,3.31,1.8652192
2018-12-31 17:15:00,3.35,1.8694018
2018-12-31 17:30:00,3.31,1.8320524
2018-12-31 17:45:00,3.46,1.7044079
2018-12-31 18:00:00,3.42,1.7612115
2018-12-31 18:15:00,3.35,1.7626158
2018-12-31 18:30:00,3.82,1.748009
2018-12-31 18:45:00,4.14,1.7846123
2018-12-31 19:00:00,3.49,1.8070544
2018-12-31 19:15:00,3.96,1.8035929
2018-12-31 19:30:00,4.14,1.9097943
2018-12-31 19:45:00,4.21,1.9389069
2018-12-31 20:00:00,4.14,1.8502228
2018-12-31 20:15:00,4.18,1.9880987
2018-12-31 20:30:00,3.38,1.9944447
2018-12-31 20:45:00,3.42,1.9852253
2018-12-31 21:00:00,3.42,2.0390124
2018-12-31 21:15:00,3.42,2.0464842
2018-12-31 21:30:00,3.49,1.8795246
2018-12-31 21:45:00,3.42,1.9237949
2018-12-31 22:00:00,3.42,1.9222301
2018-12-31 22:15:00,3.24,1.9289752
2018-12-31 22:30:00,3.67,1.9580189
2018-12-31 22:45:00,3.82,1.9647893
2018-12-31 23:00:00,3.85,1.9287163
2018-12-31 23:15:00,3.74,1.9171332
2018-12-31 23:30:00,3.78,2.0319414
2018-12-31 23:45:00,3.78,2.0633276
