date,actual,LSTM
2018-12-01 00:00:00,3.35,1.65906
2018-12-01 00:15:00,3.89,1.6141297
2018-12-01 00:30:00,3.85,1.5954912
2018-12-01 00:45:00,3.89,1.6033337
2018-12-01 01:00:00,3.89,1.6127317
2018-12-01 01:15:00,4.03,1.6540093
2018-12-01 01:30:00,3.89,1.6414809
2018-12-01 01:45:00,3.92,1.5332506
2018-12-01 02:00:00,3.92,1.5291734
2018-12-01 02:15:00,3.96,1.51076
2018-12-01 02:30:00,4.03,1.4840955
2018-12-01 02:45:00,4.14,1.4652046
2018-12-01 03:00:00,5.08,1.4492898
2018-12-01 03:15:00,4.72,1.4127028
2018-12-01 03:30:00,3.96,1.4116538
2018-12-01 03:45:00,3.92,1.4219456
2018-12-01 04:00:00,3.35,1.4200068
2018-12-01 04:15:00,3.28,1.4403074
2018-12-01 04:30:00,3.35,1.4645545
2018-12-01 04:45:00,3.24,1.462386
2018-12-01 05:00:00,3.31,1.5068479
2018-12-01 05:15:00,3.31,1.5319136
2018-12-01 05:30:00,3.28,1.5801072
2018-12-01 05:45:00,3.28,1.6865863
2018-12-01 06:00:00,3.2,1.788789
2018-12-01 06:15:00,3.46,1.6830502
2018-12-01 06:30:00,4.03,1.6513938
2018-12-01 06:45:00,3.89,1.6352274
2018-12-01 07:00:00,3.89,1.7110794
2018-12-01 07:15:00,4.46,1.7112162
2018-12-01 07:30:00,3.67,1.7486856
2018-12-01 07:45:00,3.46,1.8419756
2018-12-01 08:00:00,3.46,1.9510415
2018-12-01 08:15:00,3.71,4.3142943
2018-12-01 08:30:00,4.72,9.43694
2018-12-01 08:45:00,4.46,13.091736
2018-12-01 09:00:00,5.22,14.91967
2018-12-01 09:15:00,28.58,15.066641
2018-12-01 09:30:00,30.56,15.42491
2018-12-01 09:45:00,28.08,12.760292
2018-12-01 10:00:00,28.58,11.319927
2018-12-01 10:15:00,28.73,9.406745
2018-12-01 10:30:00,29.56,12.7212305
2018-12-01 10:45:00,30.06,15.862479
2018-12-01 11:00:00,29.2,13.743465
2018-12-01 11:15:00,27.94,16.098179
2018-12-01 11:30:00,27.94,12.243026
2018-12-01 11:45:00,25.63,8.725441
2018-12-01 12:00:00,3.64,10.798246
2018-12-01 12:15:00,3.85,1.8834641
2018-12-01 12:30:00,3.71,2.5809062
2018-12-01 12:45:00,3.74,2.4694867
2018-12-01 13:00:00,3.71,2.454125
2018-12-01 13:15:00,11.3,4.218169
2018-12-01 13:30:00,27.29,14.2081785
2018-12-01 13:45:00,26.86,12.148772
2018-12-01 14:00:00,25.31,9.974613
2018-12-01 14:15:00,26.21,10.126673
2018-12-01 14:30:00,26.28,10.278051
2018-12-01 14:45:00,18.68,10.460846
2018-12-01 15:00:00,5.18,7.609487
2018-12-01 15:15:00,5.08,8.941732
2018-12-01 15:30:00,4.75,6.8831367
2018-12-01 15:45:00,4.75,6.1978545
2018-12-01 16:00:00,4.72,6.289969
2018-12-01 16:15:00,4.64,10.475787
2018-12-01 16:30:00,4.72,5.410803
2018-12-01 16:45:00,4.68,5.185785
2018-12-01 17:00:00,4.64,7.744388
2018-12-01 17:15:00,4.79,2.9538121
2018-12-01 17:30:00,4.75,3.1083755
2018-12-01 17:45:00,4.72,2.194466
2018-12-01 18:00:00,4.68,2.486488
2018-12-01 18:15:00,5.76,3.2525673
2018-12-01 18:30:00,5.4,3.2864938
2018-12-01 18:45:00,4.79,2.9960809
2018-12-01 19:00:00,4.79,3.574583
2018-12-01 19:15:00,4.79,2.9792137
2018-12-01 19:30:00,4.79,3.6852036
2018-12-01 19:45:00,4.9,3.11298
2018-12-01 20:00:00,4.75,3.1814935
2018-12-01 20:15:00,4.79,3.2973661
2018-12-01 20:30:00,4.75,3.4212532
2018-12-01 20:45:00,4.82,3.0001454
2018-12-01 21:00:00,4.82,2.443075
2018-12-01 21:15:00,4.75,2.3135018
2018-12-01 21:30:00,4.79,2.1471138
2018-12-01 21:45:00,4.79,1.955283
2018-12-01 22:00:00,4.9,1.6903818
2018-12-01 22:15:00,5.76,1.4708047
2018-12-01 22:30:00,4.61,1.357893
2018-12-01 22:45:00,3.42,1.440026
2018-12-01 23:00:00,3.42,1.3642287
2018-12-01 23:15:00,3.28,1.3131537
2018-12-01 23:30:00,3.38,1.1956241
2018-12-01 23:45:00,3.31,1.0873798
2018-12-02 00:00:00,4.36,1.3700678
2018-12-02 00:15:00,3.35,1.3874509
2018-12-02 00:30:00,3.35,1.4007401
2018-12-02 00:45:00,3.38,1.4235216
2018-12-02 01:00:00,3.89,1.4069116
2018-12-02 01:15:00,4.46,1.4594512
2018-12-02 01:30:00,4.43,1.4748592
2018-12-02 01:45:00,4.14,1.4562417
2018-12-02 02:00:00,3.46,1.454608
2018-12-02 02:15:00,3.38,1.4508898
2018-12-02 02:30:00,3.38,1.4580309
2018-12-02 02:45:00,3.38,1.4736155
2018-12-02 03:00:00,4.32,1.5570582
2018-12-02 03:15:00,4.64,1.5602057
2018-12-02 03:30:00,3.82,1.5365179
2018-12-02 03:45:00,3.46,1.54809
2018-12-02 04:00:00,3.42,1.5543675
2018-12-02 04:15:00,3.46,1.5762293
2018-12-02 04:30:00,4.32,1.6132495
2018-12-02 04:45:00,4.5,1.6489854
2018-12-02 05:00:00,4.54,1.7155156
2018-12-02 05:15:00,4.39,1.7200855
2018-12-02 05:30:00,3.35,1.6863275
2018-12-02 05:45:00,3.46,1.6532834
2018-12-02 06:00:00,3.35,1.6787345
2018-12-02 06:15:00,3.42,1.6543764
2018-12-02 06:30:00,3.42,1.6592886
2018-12-02 06:45:00,3.38,1.6192895
2018-12-02 07:00:00,3.46,1.6405876
2018-12-02 07:15:00,3.38,1.6538695
2018-12-02 07:30:00,3.46,1.5728424
2018-12-02 07:45:00,3.46,1.5299087
2018-12-02 08:00:00,3.49,1.55881
2018-12-02 08:15:00,4.57,1.5635979
2018-12-02 08:30:00,4.54,1.6388546
2018-12-02 08:45:00,5.54,1.6295111
2018-12-02 09:00:00,4.75,1.749727
2018-12-02 09:15:00,3.74,3.6121922
2018-12-02 09:30:00,3.71,3.666871
2018-12-02 09:45:00,3.6,3.348694
2018-12-02 10:00:00,3.56,3.685461
2018-12-02 10:15:00,3.6,4.569592
2018-12-02 10:30:00,3.64,4.2877407
2018-12-02 10:45:00,3.64,2.9767718
2018-12-02 11:00:00,3.64,2.524164
2018-12-02 11:15:00,3.64,2.5393026
2018-12-02 11:30:00,3.56,2.6891785
2018-12-02 11:45:00,3.64,2.791956
2018-12-02 12:00:00,4.03,2.1320179
2018-12-02 12:15:00,4.86,2.61792
2018-12-02 12:30:00,4.75,2.682229
2018-12-02 12:45:00,5.36,2.6215682
2018-12-02 13:00:00,4.9,2.3656354
2018-12-02 13:15:00,3.78,2.2986689
2018-12-02 13:30:00,3.64,3.7923203
2018-12-02 13:45:00,3.6,4.772753
2018-12-02 14:00:00,3.6,4.181394
2018-12-02 14:15:00,3.6,4.771091
2018-12-02 14:30:00,3.56,5.121111
2018-12-02 14:45:00,3.56,3.2816572
2018-12-02 15:00:00,3.64,1.1236453
2018-12-02 15:15:00,3.6,1.2925278
2018-12-02 15:30:00,3.56,1.3569736
2018-12-02 15:45:00,3.85,1.4052384
2018-12-02 16:00:00,4.68,1.4098082
2018-12-02 16:15:00,4.72,1.4262686
2018-12-02 16:30:00,4.72,1.4381053
2018-12-02 16:45:00,3.89,1.4380014
2018-12-02 17:00:00,3.53,1.4087521
2018-12-02 17:15:00,3.6,1.4130448
2018-12-02 17:30:00,3.6,1.4162071
2018-12-02 17:45:00,3.74,1.4368405
2018-12-02 18:00:00,4.72,1.4566977
2018-12-02 18:15:00,3.89,1.5881382
2018-12-02 18:30:00,3.53,1.708108
2018-12-02 18:45:00,3.53,1.8497376
2018-12-02 19:00:00,3.56,1.9576622
2018-12-02 19:15:00,3.67,1.9756299
2018-12-02 19:30:00,3.56,1.9751259
2018-12-02 19:45:00,4.39,1.9795914
2018-12-02 20:00:00,4.72,1.9385023
2018-12-02 20:15:00,4.68,1.9518511
2018-12-02 20:30:00,4.75,1.9559267
2018-12-02 20:45:00,3.71,1.9641128
2018-12-02 21:00:00,3.53,1.933753
2018-12-02 21:15:00,3.6,1.9354119
2018-12-02 21:30:00,3.6,1.9427055
2018-12-02 21:45:00,3.6,1.9488554
2018-12-02 22:00:00,3.56,1.9249356
2018-12-02 22:15:00,4.07,1.9669695
2018-12-02 22:30:00,4.32,1.9184985
2018-12-02 22:45:00,3.35,1.8726342
2018-12-02 23:00:00,3.31,1.847602
2018-12-02 23:15:00,3.31,1.7791858
2018-12-02 23:30:00,3.28,1.7205632
2018-12-02 23:45:00,3.35,1.6497837
2018-12-03 00:00:00,4.57,2.849697
2018-12-03 00:15:00,4.43,2.2416625
2018-12-03 00:30:00,4.36,2.082262
2018-12-03 00:45:00,4.21,1.9196808
2018-12-03 01:00:00,3.35,1.7808071
2018-12-03 01:15:00,3.38,1.695112
2018-12-03 01:30:00,3.35,1.5749183
2018-12-03 01:45:00,3.42,1.4455857
2018-12-03 02:00:00,3.49,1.2628752
2018-12-03 02:15:00,3.42,1.1767088
2018-12-03 02:30:00,3.38,1.121644
2018-12-03 02:45:00,4.36,1.0937533
2018-12-03 03:00:00,4.14,1.1500256
2018-12-03 03:15:00,3.42,1.2055814
2018-12-03 03:30:00,3.38,1.1623442
2018-12-03 03:45:00,3.35,1.1455567
2018-12-03 04:00:00,3.35,1.1206856
2018-12-03 04:15:00,4.1,1.1481059
2018-12-03 04:30:00,4.43,1.2723308
2018-12-03 04:45:00,4.5,1.357619
2018-12-03 05:00:00,3.78,1.3852737
2018-12-03 05:15:00,3.31,1.4411559
2018-12-03 05:30:00,3.38,1.4052148
2018-12-03 05:45:00,3.31,1.4714289
2018-12-03 06:00:00,3.31,1.4795624
2018-12-03 06:15:00,3.35,1.5719465
2018-12-03 06:30:00,3.31,1.6689239
2018-12-03 06:45:00,3.24,1.770802
2018-12-03 07:00:00,3.24,1.83886
2018-12-03 07:15:00,4.21,1.9471493
2018-12-03 07:30:00,5.76,2.0726228
2018-12-03 07:45:00,5.98,2.1934383
2018-12-03 08:00:00,5.58,2.2678456
2018-12-03 08:15:00,34.99,2.4953518
2018-12-03 08:30:00,56.84,2.62964
2018-12-03 08:45:00,61.06,2.8525138
2018-12-03 09:00:00,57.89,2.8538282
2018-12-03 09:15:00,70.49,2.8517756
2018-12-03 09:30:00,50.11,2.9224746
2018-12-03 09:45:00,66.38,3.0210433
2018-12-03 10:00:00,56.88,3.524694
2018-12-03 10:15:00,47.09,6.942634
2018-12-03 10:30:00,55.8,13.416492
2018-12-03 10:45:00,66.89,18.53806
2018-12-03 11:00:00,62.89,17.640388
2018-12-03 11:15:00,63.79,19.5979
2018-12-03 11:30:00,58.1,23.066446
2018-12-03 11:45:00,54.5,27.526163
2018-12-03 12:00:00,35.35,32.4293
2018-12-03 12:15:00,6.34,40.163494
2018-12-03 12:30:00,5.76,48.42963
2018-12-03 12:45:00,6.3,57.009613
2018-12-03 13:00:00,6.19,61.74597
2018-12-03 13:15:00,35.35,60.687584
2018-12-03 13:30:00,51.95,53.527473
2018-12-03 13:45:00,48.46,55.358284
2018-12-03 14:00:00,65.02,58.73279
2018-12-03 14:15:00,69.91,60.10584
2018-12-03 14:30:00,55.12,60.172375
2018-12-03 14:45:00,56.84,59.80778
2018-12-03 15:00:00,54.22,58.413204
2018-12-03 15:15:00,49.97,57.787495
2018-12-03 15:30:00,48.17,57.07606
2018-12-03 15:45:00,49.86,56.59095
2018-12-03 16:00:00,58.75,55.850826
2018-12-03 16:15:00,65.7,55.84795
2018-12-03 16:30:00,51.88,55.650135
2018-12-03 16:45:00,57.2,54.57758
2018-12-03 17:00:00,76.03,52.246124
2018-12-03 17:15:00,72.18,50.90783
2018-12-03 17:30:00,61.42,49.46879
2018-12-03 17:45:00,36.61,48.046143
2018-12-03 18:00:00,29.56,46.490322
2018-12-03 18:15:00,34.13,44.858727
2018-12-03 18:30:00,42.26,42.87528
2018-12-03 18:45:00,56.81,40.957783
2018-12-03 19:00:00,43.02,38.068535
2018-12-03 19:15:00,47.74,36.269268
2018-12-03 19:30:00,39.17,34.604534
2018-12-03 19:45:00,43.67,34.348072
2018-12-03 20:00:00,50.44,34.01196
2018-12-03 20:15:00,46.22,34.72149
2018-12-03 20:30:00,45.36,34.907692
2018-12-03 20:45:00,50.11,33.357136
2018-12-03 21:00:00,25.45,30.409155
2018-12-03 21:15:00,8.6,28.40943
2018-12-03 21:30:00,6.19,26.3316
2018-12-03 21:45:00,5.62,24.251028
2018-12-03 22:00:00,4.93,21.215952
2018-12-03 22:15:00,4.72,19.76042
2018-12-03 22:30:00,4.75,18.646975
2018-12-03 22:45:00,4.68,16.76657
2018-12-03 23:00:00,4.68,14.367872
2018-12-03 23:15:00,4.61,13.363213
2018-12-03 23:30:00,4.57,12.557178
2018-12-03 23:45:00,4.61,11.910083
2018-12-04 00:00:00,3.89,3.3690457
2018-12-04 00:15:00,4.61,3.3076713
2018-12-04 00:30:00,4.57,3.2292771
2018-12-04 00:45:00,4.61,3.1392207
2018-12-04 01:00:00,4.64,2.810988
2018-12-04 01:15:00,5.04,2.6840086
2018-12-04 01:30:00,5.8,2.565181
2018-12-04 01:45:00,4.68,2.4938273
2018-12-04 02:00:00,3.6,2.3555956
2018-12-04 02:15:00,3.56,2.3289115
2018-12-04 02:30:00,3.64,2.3417234
2018-12-04 02:45:00,3.67,2.5403767
2018-12-04 03:00:00,3.64,2.614287
2018-12-04 03:15:00,3.64,2.7159512
2018-12-04 03:30:00,3.71,2.8409233
2018-12-04 03:45:00,3.67,2.9356003
2018-12-04 04:00:00,3.71,2.8979042
2018-12-04 04:15:00,3.67,3.1134295
2018-12-04 04:30:00,3.6,3.3559945
2018-12-04 04:45:00,4.36,3.5647178
2018-12-04 05:00:00,4.64,3.4022877
2018-12-04 05:15:00,4.72,3.3502474
2018-12-04 05:30:00,5.44,3.391964
2018-12-04 05:45:00,4.43,3.4462566
2018-12-04 06:00:00,3.64,3.4111629
2018-12-04 06:15:00,3.56,3.6341443
2018-12-04 06:30:00,3.67,4.082749
2018-12-04 06:45:00,3.64,5.1456623
2018-12-04 07:00:00,3.56,6.326574
2018-12-04 07:15:00,3.56,9.480286
2018-12-04 07:30:00,3.82,13.837061
2018-12-04 07:45:00,4.54,17.485752
2018-12-04 08:00:00,5.94,19.121853
2018-12-04 08:15:00,28.4,40.643475
2018-12-04 08:30:00,55.04,50.01564
2018-12-04 08:45:00,61.13,49.45664
2018-12-04 09:00:00,82.33,45.927204
2018-12-04 09:15:00,82.37,46.829758
2018-12-04 09:30:00,64.08,45.330315
2018-12-04 09:45:00,59.36,49.323303
2018-12-04 10:00:00,52.16,48.495346
2018-12-04 10:15:00,56.95,47.569126
2018-12-04 10:30:00,53.42,51.672127
2018-12-04 10:45:00,58.86,55.373512
2018-12-04 11:00:00,59.98,54.653034
2018-12-04 11:15:00,61.24,55.088913
2018-12-04 11:30:00,84.1,52.858673
2018-12-04 11:45:00,63.86,49.55199
2018-12-04 12:00:00,49.86,32.082542
2018-12-04 12:15:00,6.91,3.774538
2018-12-04 12:30:00,7.38,3.5673237
2018-12-04 12:45:00,6.62,3.3774755
2018-12-04 13:00:00,6.55,3.862438
2018-12-04 13:15:00,32.51,24.884035
2018-12-04 13:30:00,57.28,51.678143
2018-12-04 13:45:00,55.51,52.09924
2018-12-04 14:00:00,56.12,53.015015
2018-12-04 14:15:00,58.82,53.229122
2018-12-04 14:30:00,52.88,51.202408
2018-12-04 14:45:00,53.46,51.27797
2018-12-04 15:00:00,62.96,49.967358
2018-12-04 15:15:00,64.62,49.059444
2018-12-04 15:30:00,60.01,48.520565
2018-12-04 15:45:00,55.66,48.81588
2018-12-04 16:00:00,53.82,49.64127
2018-12-04 16:15:00,71.86,50.487926
2018-12-04 16:30:00,60.73,47.220497
2018-12-04 16:45:00,68.22,47.531578
2018-12-04 17:00:00,80.46,49.348797
2018-12-04 17:15:00,61.52,48.196465
2018-12-04 17:30:00,71.1,45.089905
2018-12-04 17:45:00,35.21,32.404015
2018-12-04 18:00:00,30.31,21.012981
2018-12-04 18:15:00,43.56,22.024946
2018-12-04 18:30:00,40.97,30.76381
2018-12-04 18:45:00,38.56,42.227818
2018-12-04 19:00:00,41.65,37.436195
2018-12-04 19:15:00,49.07,38.483704
2018-12-04 19:30:00,40.46,34.40279
2018-12-04 19:45:00,48.64,34.84229
2018-12-04 20:00:00,49.75,34.867554
2018-12-04 20:15:00,48.89,32.1762
2018-12-04 20:30:00,37.84,30.337399
2018-12-04 20:45:00,30.67,30.206839
2018-12-04 21:00:00,5.08,16.993284
2018-12-04 21:15:00,5.69,3.4533286
2018-12-04 21:30:00,5.44,2.6996593
2018-12-04 21:45:00,5.4,2.4342098
2018-12-04 22:00:00,5.44,2.1069572
2018-12-04 22:15:00,5.26,1.8213723
2018-12-04 22:30:00,4.64,1.6142464
2018-12-04 22:45:00,3.92,1.4612887
2018-12-04 23:00:00,3.96,1.4114246
2018-12-04 23:15:00,3.92,1.5027083
2018-12-04 23:30:00,3.85,1.4032311
2018-12-04 23:45:00,3.89,1.1714311
2018-12-05 00:00:00,3.96,1.8104436
2018-12-05 00:15:00,3.89,1.7321385
2018-12-05 00:30:00,3.92,1.6479084
2018-12-05 00:45:00,3.89,1.6041836
2018-12-05 01:00:00,3.96,1.5621325
2018-12-05 01:15:00,3.78,1.5999163
2018-12-05 01:30:00,3.85,1.7111306
2018-12-05 01:45:00,3.82,1.6605833
2018-12-05 02:00:00,3.82,1.5352428
2018-12-05 02:15:00,3.85,1.4958122
2018-12-05 02:30:00,4.64,1.4730421
2018-12-05 02:45:00,4.86,1.4699149
2018-12-05 03:00:00,3.82,1.4558611
2018-12-05 03:15:00,3.49,1.4777147
2018-12-05 03:30:00,3.13,1.5022709
2018-12-05 03:45:00,3.2,1.4788003
2018-12-05 04:00:00,3.13,1.4964304
2018-12-05 04:15:00,3.1,1.4704051
2018-12-05 04:30:00,3.17,1.4407719
2018-12-05 04:45:00,3.06,1.5058734
2018-12-05 05:00:00,3.17,1.5508752
2018-12-05 05:15:00,3.06,1.5562133
2018-12-05 05:30:00,3.1,1.6336672
2018-12-05 05:45:00,3.02,1.5142615
2018-12-05 06:00:00,3.1,1.4084098
2018-12-05 06:15:00,3.02,1.3612173
2018-12-05 06:30:00,4.61,1.3527379
2018-12-05 06:45:00,4.9,1.3491286
2018-12-05 07:00:00,3.85,1.3617034
2018-12-05 07:15:00,3.49,1.3784164
2018-12-05 07:30:00,3.2,1.4326445
2018-12-05 07:45:00,4.32,1.5546939
2018-12-05 08:00:00,4.72,1.7935157
2018-12-05 08:15:00,27.65,5.80374
2018-12-05 08:30:00,61.56,42.449356
2018-12-05 08:45:00,57.71,50.143543
2018-12-05 09:00:00,57.82,53.22769
2018-12-05 09:15:00,68.08,54.88654
2018-12-05 09:30:00,64.08,54.120136
2018-12-05 09:45:00,64.76,50.87464
2018-12-05 10:00:00,62.68,47.289577
2018-12-05 10:15:00,49.28,48.577496
2018-12-05 10:30:00,56.52,49.00924
2018-12-05 10:45:00,59.04,51.42158
2018-12-05 11:00:00,66.85,51.831005
2018-12-05 11:15:00,68.83,52.74153
2018-12-05 11:30:00,60.3,56.17472
2018-12-05 11:45:00,53.21,51.79352
2018-12-05 12:00:00,40.97,43.284477
2018-12-05 12:15:00,10.69,3.9692147
2018-12-05 12:30:00,9.43,3.7282043
2018-12-05 12:45:00,10.33,3.2665086
2018-12-05 13:00:00,26.68,3.2991872
2018-12-05 13:15:00,43.34,15.086706
2018-12-05 13:30:00,46.51,50.00972
2018-12-05 13:45:00,50.44,51.61005
2018-12-05 14:00:00,63.4,49.854076
2018-12-05 14:15:00,54.36,49.757233
2018-12-05 14:30:00,61.52,48.485344
2018-12-05 14:45:00,58.93,48.322655
2018-12-05 15:00:00,85.46,48.832134
2018-12-05 15:15:00,109.3,49.006844
2018-12-05 15:30:00,87.16,48.20914
2018-12-05 15:45:00,96.01,47.172462
2018-12-05 16:00:00,105.91,45.547886
2018-12-05 16:15:00,68.18,48.271095
2018-12-05 16:30:00,64.91,46.25664
2018-12-05 16:45:00,56.05,46.820694
2018-12-05 17:00:00,62.96,47.039066
2018-12-05 17:15:00,47.12,43.250797
2018-12-05 17:30:00,44.57,44.40219
2018-12-05 17:45:00,44.24,28.47309
2018-12-05 18:00:00,27.32,17.811514
2018-12-05 18:15:00,5.87,26.9737
2018-12-05 18:30:00,5.36,29.463717
2018-12-05 18:45:00,5.47,30.539679
2018-12-05 19:00:00,5.58,32.991066
2018-12-05 19:15:00,5.58,36.357235
2018-12-05 19:30:00,5.47,32.66419
2018-12-05 19:45:00,5.44,34.02344
2018-12-05 20:00:00,5.44,32.0094
2018-12-05 20:15:00,5.44,30.139177
2018-12-05 20:30:00,5.51,24.9503
2018-12-05 20:45:00,5.44,19.887598
2018-12-05 21:00:00,4.82,3.390012
2018-12-05 21:15:00,4.28,3.1300156
2018-12-05 21:30:00,4.25,2.8396285
2018-12-05 21:45:00,4.28,2.5839982
2018-12-05 22:00:00,4.36,2.3002434
2018-12-05 22:15:00,4.03,2.0403206
2018-12-05 22:30:00,4.0,1.8054187
2018-12-05 22:45:00,4.03,1.7789643
2018-12-05 23:00:00,4.0,1.8784863
2018-12-05 23:15:00,4.0,1.7959123
2018-12-05 23:30:00,3.92,1.5409446
2018-12-05 23:45:00,4.0,1.2866209
2018-12-06 00:00:00,4.0,1.6393989
2018-12-06 00:15:00,3.96,1.529103
2018-12-06 00:30:00,4.79,1.4782982
2018-12-06 00:45:00,5.18,1.4400806
2018-12-06 01:00:00,4.03,1.3872317
2018-12-06 01:15:00,3.92,1.3489329
2018-12-06 01:30:00,4.0,1.3648136
2018-12-06 01:45:00,3.92,1.3282694
2018-12-06 02:00:00,4.07,1.2482052
2018-12-06 02:15:00,3.46,1.2081475
2018-12-06 02:30:00,3.28,1.2767185
2018-12-06 02:45:00,3.38,1.3107661
2018-12-06 03:00:00,3.31,1.1894128
2018-12-06 03:15:00,3.35,1.1424264
2018-12-06 03:30:00,3.35,1.0893872
2018-12-06 03:45:00,3.38,1.0923321
2018-12-06 04:00:00,3.42,1.0737633
2018-12-06 04:15:00,3.31,1.0881798
2018-12-06 04:30:00,4.61,1.118604
2018-12-06 04:45:00,5.04,1.135714
2018-12-06 05:00:00,4.07,1.1591368
2018-12-06 05:15:00,3.71,1.1835153
2018-12-06 05:30:00,3.31,1.2260139
2018-12-06 05:45:00,3.31,1.2592406
2018-12-06 06:00:00,3.38,1.2607663
2018-12-06 06:15:00,3.31,1.2752099
2018-12-06 06:30:00,3.28,1.456283
2018-12-06 06:45:00,3.31,1.531429
2018-12-06 07:00:00,3.24,1.4581991
2018-12-06 07:15:00,3.28,1.4188131
2018-12-06 07:30:00,3.46,1.384803
2018-12-06 07:45:00,4.21,1.5551324
2018-12-06 08:00:00,6.44,1.6750458
2018-12-06 08:15:00,32.29,5.913375
2018-12-06 08:30:00,64.98,46.121834
2018-12-06 08:45:00,60.84,51.33581
2018-12-06 09:00:00,59.87,53.266895
2018-12-06 09:15:00,67.0,55.994392
2018-12-06 09:30:00,71.17,55.65395
2018-12-06 09:45:00,76.86,52.788685
2018-12-06 10:00:00,66.67,50.314922
2018-12-06 10:15:00,63.18,48.430782
2018-12-06 10:30:00,68.87,51.213425
2018-12-06 10:45:00,71.06,53.054863
2018-12-06 11:00:00,62.78,54.65394
2018-12-06 11:15:00,60.88,55.599487
2018-12-06 11:30:00,74.45,53.76839
2018-12-06 11:45:00,67.82,50.394154
2018-12-06 12:00:00,69.26,39.949127
2018-12-06 12:15:00,9.94,5.2326694
2018-12-06 12:30:00,6.88,4.0215583
2018-12-06 12:45:00,7.02,3.6691527
2018-12-06 13:00:00,6.95,5.4720373
2018-12-06 13:15:00,35.78,34.37355
2018-12-06 13:30:00,61.78,49.066624
2018-12-06 13:45:00,60.8,49.73828
2018-12-06 14:00:00,71.78,50.87263
2018-12-06 14:15:00,72.11,49.46302
2018-12-06 14:30:00,68.22,50.498444
2018-12-06 14:45:00,73.44,50.208183
2018-12-06 15:00:00,56.88,52.06215
2018-12-06 15:15:00,50.29,53.213722
2018-12-06 15:30:00,48.78,52.557636
2018-12-06 15:45:00,48.96,53.05883
2018-12-06 16:00:00,49.97,52.841057
2018-12-06 16:15:00,62.28,49.620533
2018-12-06 16:30:00,47.95,48.476357
2018-12-06 16:45:00,57.35,45.596462
2018-12-06 17:00:00,47.77,46.422333
2018-12-06 17:15:00,48.6,39.993053
2018-12-06 17:30:00,57.46,37.710415
2018-12-06 17:45:00,31.86,37.4129
2018-12-06 18:00:00,31.61,22.092188
2018-12-06 18:15:00,36.61,4.402
2018-12-06 18:30:00,40.07,3.6604364
2018-12-06 18:45:00,37.87,3.6760638
2018-12-06 19:00:00,47.23,3.7757022
2018-12-06 19:15:00,53.03,3.6455612
2018-12-06 19:30:00,38.63,4.0569777
2018-12-06 19:45:00,37.51,5.26082
2018-12-06 20:00:00,38.3,5.439734
2018-12-06 20:15:00,54.36,4.868669
2018-12-06 20:30:00,38.84,3.7417705
2018-12-06 20:45:00,27.72,2.7165833
2018-12-06 21:00:00,8.86,2.2512355
2018-12-06 21:15:00,5.51,2.0016394
2018-12-06 21:30:00,5.58,1.8603299
2018-12-06 21:45:00,5.62,1.7958167
2018-12-06 22:00:00,5.54,1.7744458
2018-12-06 22:15:00,5.26,1.7250242
2018-12-06 22:30:00,5.22,1.6474522
2018-12-06 22:45:00,5.26,1.5203581
2018-12-06 23:00:00,4.18,1.3661313
2018-12-06 23:15:00,3.96,1.2562982
2018-12-06 23:30:00,4.0,1.1580431
2018-12-06 23:45:00,4.0,1.092646
2018-12-07 00:00:00,4.03,1.861959
2018-12-07 00:15:00,3.96,1.7997545
2018-12-07 00:30:00,4.03,1.8367217
2018-12-07 00:45:00,4.03,1.8406217
2018-12-07 01:00:00,4.0,1.6501324
2018-12-07 01:15:00,4.03,1.5663166
2018-12-07 01:30:00,4.03,1.5054574
2018-12-07 01:45:00,4.03,1.444987
2018-12-07 02:00:00,4.1,1.3991966
2018-12-07 02:15:00,4.0,1.2958698
2018-12-07 02:30:00,4.72,1.2362441
2018-12-07 02:45:00,4.79,1.2121753
2018-12-07 03:00:00,4.14,1.1647182
2018-12-07 03:15:00,4.07,1.1562777
2018-12-07 03:30:00,4.03,1.1494288
2018-12-07 03:45:00,4.0,1.1507734
2018-12-07 04:00:00,3.42,1.1382607
2018-12-07 04:15:00,3.49,1.1343093
2018-12-07 04:30:00,3.46,1.2921224
2018-12-07 04:45:00,3.38,1.3874197
2018-12-07 05:00:00,3.42,1.3113904
2018-12-07 05:15:00,3.42,1.2988257
2018-12-07 05:30:00,3.74,1.2797968
2018-12-07 05:45:00,4.07,1.3153503
2018-12-07 06:00:00,3.49,1.3212072
2018-12-07 06:15:00,3.42,1.3648918
2018-12-07 06:30:00,3.64,1.4177649
2018-12-07 06:45:00,4.1,1.4773976
2018-12-07 07:00:00,4.0,1.4830676
2018-12-07 07:15:00,4.0,1.5378548
2018-12-07 07:30:00,3.82,1.5784218
2018-12-07 07:45:00,4.54,1.676066
2018-12-07 08:00:00,4.79,1.9892684
2018-12-07 08:15:00,47.66,15.864738
2018-12-07 08:30:00,60.19,49.4177
2018-12-07 08:45:00,60.19,52.202415
2018-12-07 09:00:00,53.32,53.349445
2018-12-07 09:15:00,58.86,54.977695
2018-12-07 09:30:00,49.5,53.149002
2018-12-07 09:45:00,48.42,51.03207
2018-12-07 10:00:00,62.78,49.196697
2018-12-07 10:15:00,48.02,49.76343
2018-12-07 10:30:00,46.22,52.039318
2018-12-07 10:45:00,57.46,53.62576
2018-12-07 11:00:00,48.78,52.12615
2018-12-07 11:15:00,47.02,51.904823
2018-12-07 11:30:00,58.0,54.314415
2018-12-07 11:45:00,51.48,51.58046
2018-12-07 12:00:00,44.28,49.790062
2018-12-07 12:15:00,26.6,3.9548836
2018-12-07 12:30:00,12.49,3.832761
2018-12-07 12:45:00,9.79,3.5311048
2018-12-07 13:00:00,10.76,3.5867164
2018-12-07 13:15:00,44.06,16.017963
2018-12-07 13:30:00,49.82,51.27346
2018-12-07 13:45:00,54.36,52.22129
2018-12-07 14:00:00,55.98,51.604477
2018-12-07 14:15:00,56.48,51.428894
2018-12-07 14:30:00,47.41,50.963646
2018-12-07 14:45:00,47.95,51.49317
2018-12-07 15:00:00,58.86,48.558823
2018-12-07 15:15:00,50.08,47.00642
2018-12-07 15:30:00,51.88,46.5615
2018-12-07 15:45:00,53.82,46.601208
2018-12-07 16:00:00,49.9,45.86538
2018-12-07 16:15:00,57.1,48.394993
2018-12-07 16:30:00,50.33,44.474323
2018-12-07 16:45:00,68.54,46.19409
2018-12-07 17:00:00,60.12,41.72578
2018-12-07 17:15:00,72.11,40.890717
2018-12-07 17:30:00,46.33,43.516605
2018-12-07 17:45:00,34.16,29.433676
2018-12-07 18:00:00,30.35,23.75884
2018-12-07 18:15:00,42.48,26.720695
2018-12-07 18:30:00,52.85,31.59137
2018-12-07 18:45:00,58.97,33.484962
2018-12-07 19:00:00,57.17,38.064545
2018-12-07 19:15:00,44.39,39.47764
2018-12-07 19:30:00,47.84,33.648277
2018-12-07 19:45:00,54.07,31.646168
2018-12-07 20:00:00,43.38,29.839598
2018-12-07 20:15:00,57.64,33.482098
2018-12-07 20:30:00,41.72,27.516891
2018-12-07 20:45:00,31.9,20.53354
2018-12-07 21:00:00,19.69,5.057953
2018-12-07 21:15:00,5.62,3.2962453
2018-12-07 21:30:00,5.62,2.8471308
2018-12-07 21:45:00,5.15,2.5558562
2018-12-07 22:00:00,4.28,2.1834612
2018-12-07 22:15:00,4.0,1.8708214
2018-12-07 22:30:00,4.07,1.6653155
2018-12-07 22:45:00,4.03,1.6442077
2018-12-07 23:00:00,4.0,1.5802071
2018-12-07 23:15:00,3.96,1.5598195
2018-12-07 23:30:00,4.03,1.380067
2018-12-07 23:45:00,4.0,1.1183168
2018-12-08 00:00:00,3.78,1.6740291
2018-12-08 00:15:00,4.0,1.6106234
2018-12-08 00:30:00,3.96,1.5951892
2018-12-08 00:45:00,4.0,1.5951238
2018-12-08 01:00:00,4.0,1.5982227
2018-12-08 01:15:00,5.15,1.5687073
2018-12-08 01:30:00,4.79,1.5755696
2018-12-08 01:45:00,3.96,1.5747192
2018-12-08 02:00:00,3.96,1.5479759
2018-12-08 02:15:00,4.1,1.4999956
2018-12-08 02:30:00,4.0,1.5417424
2018-12-08 02:45:00,4.0,1.546257
2018-12-08 03:00:00,4.0,1.4998307
2018-12-08 03:15:00,3.96,1.4881496
2018-12-08 03:30:00,3.64,1.4809601
2018-12-08 03:45:00,3.38,1.4737561
2018-12-08 04:00:00,3.31,1.4326212
2018-12-08 04:15:00,3.35,1.4464872
2018-12-08 04:30:00,3.35,1.4473913
2018-12-08 04:45:00,3.42,1.4397599
2018-12-08 05:00:00,3.49,1.4919574
2018-12-08 05:15:00,4.0,1.5218825
2018-12-08 05:30:00,3.53,1.5629177
2018-12-08 05:45:00,3.35,1.6110349
2018-12-08 06:00:00,3.38,1.6468688
2018-12-08 06:15:00,4.03,1.6537652
2018-12-08 06:30:00,4.03,1.6788399
2018-12-08 06:45:00,4.0,1.7187122
2018-12-08 07:00:00,3.78,1.798434
2018-12-08 07:15:00,3.35,1.8020973
2018-12-08 07:30:00,3.31,1.789285
2018-12-08 07:45:00,3.53,1.8062739
2018-12-08 08:00:00,3.67,1.9055638
2018-12-08 08:15:00,29.23,4.958876
2018-12-08 08:30:00,38.16,9.731407
2018-12-08 08:45:00,33.08,12.83337
2018-12-08 09:00:00,51.52,13.729128
2018-12-08 09:15:00,47.77,15.861113
2018-12-08 09:30:00,42.05,13.907251
2018-12-08 09:45:00,32.4,10.867485
2018-12-08 10:00:00,31.43,11.365825
2018-12-08 10:15:00,31.57,9.351648
2018-12-08 10:30:00,31.43,9.739689
2018-12-08 10:45:00,47.66,13.840099
2018-12-08 11:00:00,49.28,11.576645
2018-12-08 11:15:00,38.16,11.263876
2018-12-08 11:30:00,44.14,14.450097
2018-12-08 11:45:00,38.27,10.581534
2018-12-08 12:00:00,22.46,4.5779457
2018-12-08 12:15:00,3.92,3.436769
2018-12-08 12:30:00,4.57,2.9775927
2018-12-08 12:45:00,5.36,2.7788296
2018-12-08 13:00:00,6.08,2.6721106
2018-12-08 13:15:00,34.09,4.327586
2018-12-08 13:30:00,55.69,9.184744
2018-12-08 13:45:00,40.61,11.284413
2018-12-08 14:00:00,50.51,10.295067
2018-12-08 14:15:00,37.98,10.434362
2018-12-08 14:30:00,48.89,8.682195
2018-12-08 14:45:00,37.73,8.830535
2018-12-08 15:00:00,40.03,10.193244
2018-12-08 15:15:00,43.67,8.682763
2018-12-08 15:30:00,46.15,8.895592
2018-12-08 15:45:00,49.68,9.250852
2018-12-08 16:00:00,49.32,7.20511
2018-12-08 16:15:00,49.46,8.429618
2018-12-08 16:30:00,49.54,6.380126
2018-12-08 16:45:00,34.63,9.524111
2018-12-08 17:00:00,27.0,6.525346
2018-12-08 17:15:00,9.9,7.803073
2018-12-08 17:30:00,5.22,2.9356875
2018-12-08 17:45:00,5.29,2.742234
2018-12-08 18:00:00,5.22,3.1497126
2018-12-08 18:15:00,5.18,3.9394853
2018-12-08 18:30:00,5.15,4.223533
2018-12-08 18:45:00,5.33,4.545443
2018-12-08 19:00:00,5.15,3.8346775
2018-12-08 19:15:00,4.1,3.3006473
2018-12-08 19:30:00,4.14,3.4272337
2018-12-08 19:45:00,4.1,3.5526302
2018-12-08 20:00:00,4.14,3.2001257
2018-12-08 20:15:00,4.1,3.450338
2018-12-08 20:30:00,4.03,3.0024512
2018-12-08 20:45:00,4.14,2.9075654
2018-12-08 21:00:00,4.1,2.8003798
2018-12-08 21:15:00,4.14,2.4584055
2018-12-08 21:30:00,4.1,2.190084
2018-12-08 21:45:00,4.14,2.097273
2018-12-08 22:00:00,4.1,1.709975
2018-12-08 22:15:00,3.82,1.4724792
2018-12-08 22:30:00,3.89,1.3441521
2018-12-08 22:45:00,5.0,1.3615983
2018-12-08 23:00:00,4.75,1.4006875
2018-12-08 23:15:00,3.82,1.379477
2018-12-08 23:30:00,3.71,1.2433472
2018-12-08 23:45:00,3.82,1.1084757
2018-12-09 00:00:00,3.17,1.384373
2018-12-09 00:15:00,3.74,1.3820744
2018-12-09 00:30:00,3.74,1.3938348
2018-12-09 00:45:00,3.82,1.4159669
2018-12-09 01:00:00,3.85,1.3616681
2018-12-09 01:15:00,3.78,1.4130795
2018-12-09 01:30:00,3.82,1.4220892
2018-12-09 01:45:00,3.78,1.426594
2018-12-09 02:00:00,3.78,1.4459207
2018-12-09 02:15:00,3.17,1.4458225
2018-12-09 02:30:00,3.13,1.4387909
2018-12-09 02:45:00,3.35,1.4455036
2018-12-09 03:00:00,3.67,1.4770314
2018-12-09 03:15:00,3.02,1.4944404
2018-12-09 03:30:00,3.13,1.4992529
2018-12-09 03:45:00,3.06,1.5078433
2018-12-09 04:00:00,3.06,1.5465813
2018-12-09 04:15:00,3.06,1.5798914
2018-12-09 04:30:00,3.2,1.6172333
2018-12-09 04:45:00,3.78,1.6629298
2018-12-09 05:00:00,3.78,1.7299091
2018-12-09 05:15:00,3.74,1.7805017
2018-12-09 05:30:00,3.74,1.7176524
2018-12-09 05:45:00,3.13,1.6677473
2018-12-09 06:00:00,3.74,1.6986272
2018-12-09 06:15:00,3.56,1.7043376
2018-12-09 06:30:00,3.1,1.6725073
2018-12-09 06:45:00,2.95,1.6380899
2018-12-09 07:00:00,3.06,1.6402547
2018-12-09 07:15:00,3.02,1.5721018
2018-12-09 07:30:00,2.95,1.5340588
2018-12-09 07:45:00,3.02,1.5245988
2018-12-09 08:00:00,2.99,1.5748638
2018-12-09 08:15:00,3.13,3.628628
2018-12-09 08:30:00,3.74,4.0304837
2018-12-09 08:45:00,3.82,3.5344667
2018-12-09 09:00:00,3.96,3.9900484
2018-12-09 09:15:00,4.03,4.154237
2018-12-09 09:30:00,3.35,3.6509273
2018-12-09 09:45:00,3.31,2.7103593
2018-12-09 10:00:00,3.89,2.469678
2018-12-09 10:15:00,4.03,2.5417595
2018-12-09 10:30:00,3.31,2.6981628
2018-12-09 10:45:00,3.35,3.3232467
2018-12-09 11:00:00,3.42,3.4496546
2018-12-09 11:15:00,3.35,2.9906795
2018-12-09 11:30:00,3.31,3.282095
2018-12-09 11:45:00,3.38,3.12854
2018-12-09 12:00:00,3.89,2.822049
2018-12-09 12:15:00,4.18,2.470551
2018-12-09 12:30:00,4.1,2.3866796
2018-12-09 12:45:00,4.1,2.2614727
2018-12-09 13:00:00,3.6,2.4454718
2018-12-09 13:15:00,3.42,3.5304503
2018-12-09 13:30:00,3.42,3.519285
2018-12-09 13:45:00,3.35,2.3130865
2018-12-09 14:00:00,3.92,2.2275445
2018-12-09 14:15:00,3.78,1.784499
2018-12-09 14:30:00,3.42,1.9499854
2018-12-09 14:45:00,3.38,1.7327598
2018-12-09 15:00:00,3.46,1.625213
2018-12-09 15:15:00,3.42,1.6902915
2018-12-09 15:30:00,3.53,1.7251762
2018-12-09 15:45:00,4.07,1.7761542
2018-12-09 16:00:00,4.03,1.6268523
2018-12-09 16:15:00,4.14,1.6529025
2018-12-09 16:30:00,4.0,1.6883864
2018-12-09 16:45:00,3.31,1.5186265
2018-12-09 17:00:00,3.35,1.3834896
2018-12-09 17:15:00,3.49,1.1216339
2018-12-09 17:30:00,4.1,1.308904
2018-12-09 17:45:00,3.64,1.7531958
2018-12-09 18:00:00,3.24,1.916361
2018-12-09 18:15:00,3.28,1.990464
2018-12-09 18:30:00,3.31,2.1221616
2018-12-09 18:45:00,3.42,2.209699
2018-12-09 19:00:00,3.64,2.1123934
2018-12-09 19:15:00,4.07,2.0059357
2018-12-09 19:30:00,4.03,2.0117786
2018-12-09 19:45:00,4.03,2.034035
2018-12-09 20:00:00,4.0,2.0135393
2018-12-09 20:15:00,3.31,1.8380864
2018-12-09 20:30:00,3.31,1.8018041
2018-12-09 20:45:00,3.35,1.7100537
2018-12-09 21:00:00,3.35,1.624075
2018-12-09 21:15:00,3.67,1.6050062
2018-12-09 21:30:00,4.14,1.609885
2018-12-09 21:45:00,3.38,1.6377513
2018-12-09 22:00:00,3.28,1.6393235
2018-12-09 22:15:00,3.13,1.6657808
2018-12-09 22:30:00,3.17,1.7063046
2018-12-09 22:45:00,3.78,1.7694318
2018-12-09 23:00:00,3.78,1.7143099
2018-12-09 23:15:00,3.74,1.6740922
2018-12-09 23:30:00,3.74,1.6693923
2018-12-09 23:45:00,3.46,1.6724893
2018-12-10 00:00:00,5.36,10.989126
2018-12-10 00:15:00,3.06,9.530111
2018-12-10 00:30:00,3.02,8.047611
2018-12-10 00:45:00,3.31,6.692619
2018-12-10 01:00:00,3.85,4.6582417
2018-12-10 01:15:00,3.42,3.488467
2018-12-10 01:30:00,3.1,2.775177
2018-12-10 01:45:00,3.1,2.1898422
2018-12-10 02:00:00,3.17,1.8746874
2018-12-10 02:15:00,3.31,1.6892546
2018-12-10 02:30:00,3.82,1.5362209
2018-12-10 02:45:00,3.78,1.4156784
2018-12-10 03:00:00,3.82,1.3071783
2018-12-10 03:15:00,3.74,1.164778
2018-12-10 03:30:00,3.1,1.1221473
2018-12-10 03:45:00,3.2,1.0941701
2018-12-10 04:00:00,3.1,1.0581102
2018-12-10 04:15:00,3.13,1.0872725
2018-12-10 04:30:00,3.17,1.1471392
2018-12-10 04:45:00,3.49,1.2619408
2018-12-10 05:00:00,3.74,1.2867897
2018-12-10 05:15:00,3.13,1.3565998
2018-12-10 05:30:00,3.1,1.4281508
2018-12-10 05:45:00,3.82,1.4432079
2018-12-10 06:00:00,3.82,1.5237888
2018-12-10 06:15:00,3.85,1.5964507
2018-12-10 06:30:00,3.82,1.6346487
2018-12-10 06:45:00,3.46,1.6234462
2018-12-10 07:00:00,3.06,1.5508053
2018-12-10 07:15:00,3.13,1.6461424
2018-12-10 07:30:00,3.56,1.7983303
2018-12-10 07:45:00,5.87,1.9804708
2018-12-10 08:00:00,6.8,2.1156833
2018-12-10 08:15:00,33.48,2.4120321
2018-12-10 08:30:00,61.06,6.1140294
2018-12-10 08:45:00,58.36,12.038605
2018-12-10 09:00:00,68.62,13.240052
2018-12-10 09:15:00,69.23,3.9052136
2018-12-10 09:30:00,70.78,2.8137593
2018-12-10 09:45:00,61.74,2.9472203
2018-12-10 10:00:00,72.0,3.0786293
2018-12-10 10:15:00,56.2,3.4549017
2018-12-10 10:30:00,56.02,4.030853
2018-12-10 10:45:00,63.9,4.801637
2018-12-10 11:00:00,68.47,6.2106233
2018-12-10 11:15:00,61.56,14.746854
2018-12-10 11:30:00,70.31,42.28497
2018-12-10 11:45:00,62.42,53.493023
2018-12-10 12:00:00,44.75,47.5839
2018-12-10 12:15:00,9.11,44.408283
2018-12-10 12:30:00,10.33,42.129765
2018-12-10 12:45:00,11.45,40.38957
2018-12-10 13:00:00,11.09,37.083225
2018-12-10 13:15:00,42.66,31.80295
2018-12-10 13:30:00,72.9,24.649954
2018-12-10 13:45:00,71.03,19.816347
2018-12-10 14:00:00,67.32,18.257378
2018-12-10 14:15:00,64.22,19.80842
2018-12-10 14:30:00,69.91,43.94577
2018-12-10 14:45:00,51.23,51.05259
2018-12-10 15:00:00,58.39,52.62251
2018-12-10 15:15:00,69.62,53.337303
2018-12-10 15:30:00,66.71,52.441643
2018-12-10 15:45:00,65.99,49.57853
2018-12-10 16:00:00,64.98,31.157152
2018-12-10 16:15:00,64.55,47.5089
2018-12-10 16:30:00,63.72,50.217262
2018-12-10 16:45:00,66.53,51.29487
2018-12-10 17:00:00,62.57,49.62103
2018-12-10 17:15:00,63.72,48.596283
2018-12-10 17:30:00,58.64,47.92589
2018-12-10 17:45:00,60.12,46.567955
2018-12-10 18:00:00,24.73,43.755955
2018-12-10 18:15:00,5.47,41.888786
2018-12-10 18:30:00,4.5,39.949505
2018-12-10 18:45:00,4.46,38.025257
2018-12-10 19:00:00,4.46,35.272167
2018-12-10 19:15:00,4.75,33.826687
2018-12-10 19:30:00,5.69,32.228043
2018-12-10 19:45:00,5.62,30.67326
2018-12-10 20:00:00,4.46,28.301044
2018-12-10 20:15:00,4.46,26.44285
2018-12-10 20:30:00,4.5,25.016134
2018-12-10 20:45:00,4.43,23.861597
2018-12-10 21:00:00,4.46,21.679182
2018-12-10 21:15:00,4.5,20.59385
2018-12-10 21:30:00,4.57,19.69642
2018-12-10 21:45:00,4.54,17.687548
2018-12-10 22:00:00,4.46,14.550645
2018-12-10 22:15:00,4.28,12.2242565
2018-12-10 22:30:00,4.25,9.999786
2018-12-10 22:45:00,4.32,8.600809
2018-12-10 23:00:00,4.18,6.503888
2018-12-10 23:15:00,4.18,5.6639977
2018-12-10 23:30:00,4.21,5.378304
2018-12-10 23:45:00,4.28,5.284112
2018-12-11 00:00:00,4.18,2.919365
2018-12-11 00:15:00,4.86,2.6954873
2018-12-11 00:30:00,4.21,2.6442165
2018-12-11 00:45:00,4.18,2.6200008
2018-12-11 01:00:00,4.21,2.519949
2018-12-11 01:15:00,4.32,2.4260225
2018-12-11 01:30:00,4.25,2.3317714
2018-12-11 01:45:00,4.18,2.2691636
2018-12-11 02:00:00,4.21,2.164485
2018-12-11 02:15:00,4.28,2.1358678
2018-12-11 02:30:00,4.25,2.161322
2018-12-11 02:45:00,4.21,2.1774707
2018-12-11 03:00:00,3.56,2.1676328
2018-12-11 03:15:00,3.56,2.220005
2018-12-11 03:30:00,3.53,2.2390165
2018-12-11 03:45:00,3.53,2.3216484
2018-12-11 04:00:00,3.85,2.2864585
2018-12-11 04:15:00,4.18,2.3600075
2018-12-11 04:30:00,3.49,2.424499
2018-12-11 04:45:00,3.56,2.5235791
2018-12-11 05:00:00,3.56,2.5452862
2018-12-11 05:15:00,3.74,2.542983
2018-12-11 05:30:00,4.18,2.6007085
2018-12-11 05:45:00,4.25,2.7915218
2018-12-11 06:00:00,4.28,2.8435144
2018-12-11 06:15:00,3.56,3.092135
2018-12-11 06:30:00,3.53,3.5011194
2018-12-11 06:45:00,3.6,4.050758
2018-12-11 07:00:00,3.49,4.440163
2018-12-11 07:15:00,4.1,5.925229
2018-12-11 07:30:00,4.07,8.125497
2018-12-11 07:45:00,4.86,12.515226
2018-12-11 08:00:00,14.83,16.164312
2018-12-11 08:15:00,44.21,38.52182
2018-12-11 08:30:00,54.04,50.346165
2018-12-11 08:45:00,61.74,48.585335
2018-12-11 09:00:00,69.48,46.192863
2018-12-11 09:15:00,75.38,46.15955
2018-12-11 09:30:00,71.82,47.70476
2018-12-11 09:45:00,71.24,48.24523
2018-12-11 10:00:00,54.86,50.37574
2018-12-11 10:15:00,66.13,49.360275
2018-12-11 10:30:00,73.08,50.982456
2018-12-11 10:45:00,77.51,54.388596
2018-12-11 11:00:00,72.54,55.466625
2018-12-11 11:15:00,63.83,54.62785
2018-12-11 11:30:00,67.07,56.06609
2018-12-11 11:45:00,84.24,52.793446
2018-12-11 12:00:00,72.79,40.45218
2018-12-11 12:15:00,7.96,4.2327666
2018-12-11 12:30:00,5.8,3.998839
2018-12-11 12:45:00,6.98,3.8544343
2018-12-11 13:00:00,6.95,4.128576
2018-12-11 13:15:00,38.45,29.033606
2018-12-11 13:30:00,59.36,55.67108
2018-12-11 13:45:00,66.02,54.229404
2018-12-11 14:00:00,80.28,52.41347
2018-12-11 14:15:00,75.53,51.981865
2018-12-11 14:30:00,72.0,52.652374
2018-12-11 14:45:00,72.61,50.01674
2018-12-11 15:00:00,78.55,50.42613
2018-12-11 15:15:00,73.98,52.18441
2018-12-11 15:30:00,76.79,51.925377
2018-12-11 15:45:00,80.46,51.694542
2018-12-11 16:00:00,68.11,50.450268
2018-12-11 16:15:00,71.68,50.07582
2018-12-11 16:30:00,69.8,49.546165
2018-12-11 16:45:00,75.46,49.70589
2018-12-11 17:00:00,70.27,47.493256
2018-12-11 17:15:00,78.48,47.095673
2018-12-11 17:30:00,66.78,44.948746
2018-12-11 17:45:00,32.11,44.94036
2018-12-11 18:00:00,31.25,19.827703
2018-12-11 18:15:00,36.4,3.8623614
2018-12-11 18:30:00,39.56,3.3366203
2018-12-11 18:45:00,51.44,3.526385
2018-12-11 19:00:00,51.52,3.8156633
2018-12-11 19:15:00,53.57,3.8098807
2018-12-11 19:30:00,52.81,5.2000523
2018-12-11 19:45:00,52.38,7.4082255
2018-12-11 20:00:00,53.21,6.338222
2018-12-11 20:15:00,51.91,4.9072404
2018-12-11 20:30:00,53.46,3.4184365
2018-12-11 20:45:00,32.36,2.5128112
2018-12-11 21:00:00,28.37,2.368467
2018-12-11 21:15:00,6.77,2.3026419
2018-12-11 21:30:00,5.69,2.3016353
2018-12-11 21:45:00,5.8,2.323582
2018-12-11 22:00:00,5.69,2.2786758
2018-12-11 22:15:00,5.47,2.1747322
2018-12-11 22:30:00,5.44,2.0356023
2018-12-11 22:45:00,4.97,1.8975437
2018-12-11 23:00:00,4.36,1.7225561
2018-12-11 23:15:00,4.25,1.5975311
2018-12-11 23:30:00,4.21,1.4858264
2018-12-11 23:45:00,4.14,1.3902391
2018-12-12 00:00:00,4.21,2.2192478
2018-12-12 00:15:00,4.21,2.200902
2018-12-12 00:30:00,4.14,2.0713181
2018-12-12 00:45:00,4.14,1.9951999
2018-12-12 01:00:00,4.14,1.9008731
2018-12-12 01:15:00,4.21,1.8520397
2018-12-12 01:30:00,4.18,1.7965865
2018-12-12 01:45:00,4.75,1.7482191
2018-12-12 02:00:00,5.33,1.6899235
2018-12-12 02:15:00,4.25,1.6699193
2018-12-12 02:30:00,4.25,1.6495792
2018-12-12 02:45:00,4.18,1.6350703
2018-12-12 03:00:00,4.21,1.541806
2018-12-12 03:15:00,4.18,1.5282497
2018-12-12 03:30:00,4.18,1.4990138
2018-12-12 03:45:00,4.25,1.4513495
2018-12-12 04:00:00,4.18,1.4820127
2018-12-12 04:15:00,4.03,1.4935371
2018-12-12 04:30:00,3.46,1.3996992
2018-12-12 04:45:00,3.46,1.3664434
2018-12-12 05:00:00,3.53,1.342297
2018-12-12 05:15:00,3.46,1.3430599
2018-12-12 05:30:00,3.49,1.3883448
2018-12-12 05:45:00,4.0,1.4069889
2018-12-12 06:00:00,4.25,1.4337219
2018-12-12 06:15:00,3.85,1.35505
2018-12-12 06:30:00,3.42,1.3408833
2018-12-12 06:45:00,3.42,1.3366414
2018-12-12 07:00:00,3.96,1.325349
2018-12-12 07:15:00,4.1,1.3973665
2018-12-12 07:30:00,4.32,1.4594822
2018-12-12 07:45:00,5.83,1.6546029
2018-12-12 08:00:00,5.8,3.2615993
2018-12-12 08:15:00,36.86,34.85597
2018-12-12 08:30:00,60.37,47.816162
2018-12-12 08:45:00,66.46,51.424145
2018-12-12 09:00:00,69.05,52.47951
2018-12-12 09:15:00,63.86,51.767464
2018-12-12 09:30:00,65.59,48.34665
2018-12-12 09:45:00,60.98,47.7316
2018-12-12 10:00:00,65.74,45.30837
2018-12-12 10:15:00,57.17,48.765327
2018-12-12 10:30:00,64.55,51.18212
2018-12-12 10:45:00,53.42,52.854263
2018-12-12 11:00:00,65.88,51.98962
2018-12-12 11:15:00,57.71,50.366642
2018-12-12 11:30:00,59.76,50.290985
2018-12-12 11:45:00,79.85,52.767048
2018-12-12 12:00:00,49.64,48.57536
2018-12-12 12:15:00,27.97,3.1056414
2018-12-12 12:30:00,29.74,3.439412
2018-12-12 12:45:00,29.56,3.2318857
2018-12-12 13:00:00,29.3,3.2479942
2018-12-12 13:15:00,58.86,17.629944
2018-12-12 13:30:00,61.78,50.269245
2018-12-12 13:45:00,77.0,51.843662
2018-12-12 14:00:00,65.56,51.13868
2018-12-12 14:15:00,86.51,50.582764
2018-12-12 14:30:00,60.44,50.194828
2018-12-12 14:45:00,64.8,50.289597
2018-12-12 15:00:00,72.18,50.015
2018-12-12 15:15:00,69.08,49.762398
2018-12-12 15:30:00,66.17,50.069138
2018-12-12 15:45:00,61.67,50.484913
2018-12-12 16:00:00,70.6,48.21254
2018-12-12 16:15:00,68.36,48.538162
2018-12-12 16:30:00,75.1,48.138252
2018-12-12 16:45:00,66.13,48.75333
2018-12-12 17:00:00,70.7,46.44438
2018-12-12 17:15:00,60.7,47.658863
2018-12-12 17:30:00,57.92,44.248493
2018-12-12 17:45:00,32.9,24.449703
2018-12-12 18:00:00,30.53,15.965139
2018-12-12 18:15:00,49.9,17.964088
2018-12-12 18:30:00,67.25,24.991184
2018-12-12 18:45:00,69.37,37.707153
2018-12-12 19:00:00,65.99,38.31112
2018-12-12 19:15:00,66.02,37.767784
2018-12-12 19:30:00,60.19,36.03958
2018-12-12 19:45:00,58.54,34.293552
2018-12-12 20:00:00,61.85,31.959885
2018-12-12 20:15:00,67.07,30.021795
2018-12-12 20:30:00,58.82,28.813866
2018-12-12 20:45:00,53.35,19.010962
2018-12-12 21:00:00,30.35,13.092187
2018-12-12 21:15:00,12.2,3.2992291
2018-12-12 21:30:00,5.8,2.7619164
2018-12-12 21:45:00,5.76,2.6415377
2018-12-12 22:00:00,5.65,2.497165
2018-12-12 22:15:00,5.04,2.2101986
2018-12-12 22:30:00,4.25,1.9576683
2018-12-12 22:45:00,4.25,1.7740093
2018-12-12 23:00:00,4.21,1.7533704
2018-12-12 23:15:00,4.14,1.7970622
2018-12-12 23:30:00,4.1,1.6604419
2018-12-12 23:45:00,4.1,1.3950222
2018-12-13 00:00:00,5.26,1.7339758
2018-12-13 00:15:00,4.1,1.5889531
2018-12-13 00:30:00,4.18,1.4930004
2018-12-13 00:45:00,4.21,1.4448497
2018-12-13 01:00:00,4.14,1.3905804
2018-12-13 01:15:00,4.28,1.3466512
2018-12-13 01:30:00,4.18,1.2919257
2018-12-13 01:45:00,4.25,1.3462436
2018-12-13 02:00:00,5.36,1.408634
2018-12-13 02:15:00,4.79,1.28209
2018-12-13 02:30:00,4.25,1.2408695
2018-12-13 02:45:00,4.18,1.2015234
2018-12-13 03:00:00,4.21,1.1752958
2018-12-13 03:15:00,4.18,1.1765932
2018-12-13 03:30:00,4.21,1.1901791
2018-12-13 03:45:00,4.21,1.2154033
2018-12-13 04:00:00,4.21,1.2088214
2018-12-13 04:15:00,4.18,1.2119944
2018-12-13 04:30:00,4.21,1.1665431
2018-12-13 04:45:00,4.21,1.1804619
2018-12-13 05:00:00,4.18,1.1923482
2018-12-13 05:15:00,3.67,1.2210884
2018-12-13 05:30:00,3.42,1.2659947
2018-12-13 05:45:00,3.89,1.3700364
2018-12-13 06:00:00,4.32,1.4144251
2018-12-13 06:15:00,3.46,1.4104503
2018-12-13 06:30:00,3.38,1.3564011
2018-12-13 06:45:00,3.38,1.344744
2018-12-13 07:00:00,3.42,1.4177057
2018-12-13 07:15:00,3.42,1.4586613
2018-12-13 07:30:00,3.71,1.5187262
2018-12-13 07:45:00,5.69,1.788117
2018-12-13 08:00:00,6.23,1.8896022
2018-12-13 08:15:00,35.57,14.287731
2018-12-13 08:30:00,72.86,47.48535
2018-12-13 08:45:00,61.74,52.462284
2018-12-13 09:00:00,76.36,54.114525
2018-12-13 09:15:00,63.11,55.422215
2018-12-13 09:30:00,65.66,55.148956
2018-12-13 09:45:00,72.07,51.718956
2018-12-13 10:00:00,56.84,50.416492
2018-12-13 10:15:00,69.3,49.856792
2018-12-13 10:30:00,65.66,52.338486
2018-12-13 10:45:00,85.43,51.293556
2018-12-13 11:00:00,53.17,54.227566
2018-12-13 11:15:00,55.4,53.136116
2018-12-13 11:30:00,60.08,53.504627
2018-12-13 11:45:00,58.0,56.773884
2018-12-13 12:00:00,51.3,44.6349
2018-12-13 12:15:00,11.38,19.653555
2018-12-13 12:30:00,10.91,9.526468
2018-12-13 12:45:00,30.1,7.16874
2018-12-13 13:00:00,36.4,6.337816
2018-12-13 13:15:00,41.69,32.66499
2018-12-13 13:30:00,56.92,52.793346
2018-12-13 13:45:00,46.66,55.81797
2018-12-13 14:00:00,52.52,53.45625
2018-12-13 14:15:00,58.25,55.861423
2018-12-13 14:30:00,72.61,52.741745
2018-12-13 14:45:00,66.24,53.83386
2018-12-13 15:00:00,73.08,54.321182
2018-12-13 15:15:00,60.52,53.82608
2018-12-13 15:30:00,59.87,53.15687
2018-12-13 15:45:00,63.5,51.92098
2018-12-13 16:00:00,60.52,52.896496
2018-12-13 16:15:00,88.92,52.002872
2018-12-13 16:30:00,105.37,52.90197
2018-12-13 16:45:00,102.89,50.16948
2018-12-13 17:00:00,77.83,49.8842
2018-12-13 17:15:00,67.18,46.307117
2018-12-13 17:30:00,70.13,44.670067
2018-12-13 17:45:00,31.72,27.86907
2018-12-13 18:00:00,31.5,17.817774
2018-12-13 18:15:00,54.79,32.132626
2018-12-13 18:30:00,77.04,45.007668
2018-12-13 18:45:00,79.63,45.330822
2018-12-13 19:00:00,80.46,42.175938
2018-12-13 19:15:00,71.89,40.481503
2018-12-13 19:30:00,78.52,37.345623
2018-12-13 19:45:00,52.31,35.296288
2018-12-13 20:00:00,61.16,33.935596
2018-12-13 20:15:00,61.6,33.777035
2018-12-13 20:30:00,49.68,29.711626
2018-12-13 20:45:00,41.54,26.050293
2018-12-13 21:00:00,20.16,8.889959
2018-12-13 21:15:00,6.16,3.907331
2018-12-13 21:30:00,5.69,2.546548
2018-12-13 21:45:00,5.69,2.5536337
2018-12-13 22:00:00,5.65,2.4465144
2018-12-13 22:15:00,5.47,2.2985756
2018-12-13 22:30:00,5.4,1.8634741
2018-12-13 22:45:00,5.36,1.6703238
2018-12-13 23:00:00,5.36,1.6298116
2018-12-13 23:15:00,5.26,1.4769293
2018-12-13 23:30:00,5.22,1.2168963
2018-12-13 23:45:00,5.18,0.9922397
2018-12-14 00:00:00,4.1,1.8140972
2018-12-14 00:15:00,5.33,1.5953175
2018-12-14 00:30:00,5.29,1.5342729
2018-12-14 00:45:00,5.26,1.5090368
2018-12-14 01:00:00,5.29,1.4458613
2018-12-14 01:15:00,5.26,1.3949552
2018-12-14 01:30:00,5.36,1.2947469
2018-12-14 01:45:00,5.33,1.220235
2018-12-14 02:00:00,4.79,1.3040073
2018-12-14 02:15:00,4.14,1.3078091
2018-12-14 02:30:00,4.18,1.2747793
2018-12-14 02:45:00,4.21,1.2503984
2018-12-14 03:00:00,4.18,1.2147455
2018-12-14 03:15:00,4.25,1.2062136
2018-12-14 03:30:00,4.18,1.2164011
2018-12-14 03:45:00,4.14,1.2316945
2018-12-14 04:00:00,4.28,1.2318101
2018-12-14 04:15:00,4.18,1.2500074
2018-12-14 04:30:00,4.18,1.2763784
2018-12-14 04:45:00,4.1,1.3026791
2018-12-14 05:00:00,4.46,1.3097837
2018-12-14 05:15:00,5.4,1.2845566
2018-12-14 05:30:00,4.5,1.2844794
2018-12-14 05:45:00,4.18,1.3690737
2018-12-14 06:00:00,4.14,1.4506755
2018-12-14 06:15:00,4.14,1.4084953
2018-12-14 06:30:00,3.49,1.4390514
2018-12-14 06:45:00,3.42,1.4813879
2018-12-14 07:00:00,3.35,1.4996756
2018-12-14 07:15:00,3.35,1.5679374
2018-12-14 07:30:00,4.25,1.6789289
2018-12-14 07:45:00,6.52,2.0043912
2018-12-14 08:00:00,7.38,2.1695595
2018-12-14 08:15:00,36.22,13.385615
2018-12-14 08:30:00,94.18,49.921413
2018-12-14 08:45:00,97.88,51.836258
2018-12-14 09:00:00,134.5,54.22593
2018-12-14 09:15:00,93.67,54.985584
2018-12-14 09:30:00,109.26,54.778988
2018-12-14 09:45:00,128.34,52.333588
2018-12-14 10:00:00,81.47,48.694263
2018-12-14 10:15:00,109.69,51.2153
2018-12-14 10:30:00,120.67,51.940353
2018-12-14 10:45:00,92.81,55.4735
2018-12-14 11:00:00,91.58,50.237316
2018-12-14 11:15:00,104.9,51.439304
2018-12-14 11:30:00,124.2,52.91934
2018-12-14 11:45:00,88.85,51.24868
2018-12-14 12:00:00,132.01,45.245083
2018-12-14 12:15:00,13.61,5.122352
2018-12-14 12:30:00,9.86,4.3615823
2018-12-14 12:45:00,9.61,5.6760116
2018-12-14 13:00:00,9.43,9.20821
2018-12-14 13:15:00,86.98,37.937267
2018-12-14 13:30:00,74.66,51.114677
2018-12-14 13:45:00,116.42,48.423317
2018-12-14 14:00:00,107.57,49.001064
2018-12-14 14:15:00,103.82,50.06473
2018-12-14 14:30:00,114.73,51.812103
2018-12-14 14:45:00,84.74,51.20271
2018-12-14 15:00:00,109.4,51.136726
2018-12-14 15:15:00,125.21,49.634434
2018-12-14 15:30:00,89.35,49.455273
2018-12-14 15:45:00,122.26,50.17809
2018-12-14 16:00:00,114.66,48.734196
2018-12-14 16:15:00,96.8,52.628628
2018-12-14 16:30:00,118.12,53.742786
2018-12-14 16:45:00,133.2,53.3363
2018-12-14 17:00:00,102.64,49.089184
2018-12-14 17:15:00,63.94,45.964146
2018-12-14 17:30:00,62.64,46.31081
2018-12-14 17:45:00,37.94,24.535986
2018-12-14 18:00:00,32.62,15.776085
2018-12-14 18:15:00,29.63,33.847504
2018-12-14 18:30:00,26.57,46.67566
2018-12-14 18:45:00,26.35,46.115986
2018-12-14 19:00:00,26.32,43.48769
2018-12-14 19:15:00,26.39,40.230038
2018-12-14 19:30:00,26.64,39.78393
2018-12-14 19:45:00,28.44,30.817339
2018-12-14 20:00:00,30.46,32.067017
2018-12-14 20:15:00,29.88,31.343554
2018-12-14 20:30:00,30.06,25.119017
2018-12-14 20:45:00,31.93,18.433302
2018-12-14 21:00:00,28.66,5.2129855
2018-12-14 21:15:00,5.76,2.9090464
2018-12-14 21:30:00,5.8,2.5374346
2018-12-14 21:45:00,5.72,2.5942144
2018-12-14 22:00:00,5.69,2.4708683
2018-12-14 22:15:00,5.4,2.2402909
2018-12-14 22:30:00,5.33,1.9123706
2018-12-14 22:45:00,5.33,1.837058
2018-12-14 23:00:00,5.33,1.7408891
2018-12-14 23:15:00,4.86,1.5283862
2018-12-14 23:30:00,4.03,1.3025849
2018-12-14 23:45:00,4.03,1.1327637
2018-12-15 00:00:00,3.28,1.6649334
2018-12-15 00:15:00,4.14,1.7329458
2018-12-15 00:30:00,4.1,1.7231325
2018-12-15 00:45:00,4.07,1.7040622
2018-12-15 01:00:00,4.14,1.6941652
2018-12-15 01:15:00,4.14,1.649461
2018-12-15 01:30:00,4.14,1.5976236
2018-12-15 01:45:00,4.14,1.563225
2018-12-15 02:00:00,4.1,1.5613232
2018-12-15 02:15:00,4.1,1.5101023
2018-12-15 02:30:00,4.21,1.4831833
2018-12-15 02:45:00,4.1,1.4635572
2018-12-15 03:00:00,4.18,1.4630921
2018-12-15 03:15:00,4.82,1.4735851
2018-12-15 03:30:00,5.26,1.4778585
2018-12-15 03:45:00,4.18,1.4823227
2018-12-15 04:00:00,4.14,1.5175724
2018-12-15 04:15:00,4.14,1.5221403
2018-12-15 04:30:00,3.82,1.5232139
2018-12-15 04:45:00,3.46,1.5099134
2018-12-15 05:00:00,3.49,1.6029971
2018-12-15 05:15:00,3.42,1.7006083
2018-12-15 05:30:00,3.42,1.6357546
2018-12-15 05:45:00,3.42,1.6121678
2018-12-15 06:00:00,3.38,1.6773409
2018-12-15 06:15:00,3.46,1.6858844
2018-12-15 06:30:00,3.42,1.6430234
2018-12-15 06:45:00,3.49,1.6430593
2018-12-15 07:00:00,4.57,1.7158532
2018-12-15 07:15:00,4.43,1.7232269
2018-12-15 07:30:00,4.1,1.7947519
2018-12-15 07:45:00,4.07,1.9572699
2018-12-15 08:00:00,3.64,2.1429746
2018-12-15 08:15:00,3.35,4.427629
2018-12-15 08:30:00,3.35,14.588335
2018-12-15 08:45:00,3.38,15.771796
2018-12-15 09:00:00,3.49,16.698675
2018-12-15 09:15:00,3.56,17.597063
2018-12-15 09:30:00,3.38,18.918753
2018-12-15 09:45:00,3.42,17.196428
2018-12-15 10:00:00,3.35,12.524693
2018-12-15 10:15:00,3.35,14.39343
2018-12-15 10:30:00,3.35,16.064157
2018-12-15 10:45:00,4.97,16.287783
2018-12-15 11:00:00,5.36,16.689238
2018-12-15 11:15:00,4.28,18.534784
2018-12-15 11:30:00,4.18,19.732887
2018-12-15 11:45:00,3.35,17.445913
2018-12-15 12:00:00,3.38,18.884588
2018-12-15 12:15:00,3.42,2.0987477
2018-12-15 12:30:00,3.42,2.6853428
2018-12-15 12:45:00,3.42,2.8398836
2018-12-15 13:00:00,3.38,2.5538478
2018-12-15 13:15:00,3.31,6.177695
2018-12-15 13:30:00,3.35,18.012777
2018-12-15 13:45:00,3.38,17.925837
2018-12-15 14:00:00,3.31,16.11999
2018-12-15 14:15:00,3.82,15.782259
2018-12-15 14:30:00,4.1,16.318512
2018-12-15 14:45:00,4.07,15.299767
2018-12-15 15:00:00,4.21,16.13237
2018-12-15 15:15:00,3.74,17.146284
2018-12-15 15:30:00,3.74,15.407299
2018-12-15 15:45:00,3.96,17.46424
2018-12-15 16:00:00,3.28,16.205774
2018-12-15 16:15:00,3.35,14.650616
2018-12-15 16:30:00,3.28,15.873428
2018-12-15 16:45:00,3.24,16.0513
2018-12-15 17:00:00,3.28,12.807941
2018-12-15 17:15:00,3.28,5.247907
2018-12-15 17:30:00,3.35,4.7159743
2018-12-15 17:45:00,4.18,3.4052591
2018-12-15 18:00:00,4.1,3.907256
2018-12-15 18:15:00,4.1,4.0758395
2018-12-15 18:30:00,4.1,3.9385295
2018-12-15 18:45:00,4.03,3.857328
2018-12-15 19:00:00,4.28,3.6213632
2018-12-15 19:15:00,3.49,3.401067
2018-12-15 19:30:00,3.38,3.0993197
2018-12-15 19:45:00,3.35,3.0238187
2018-12-15 20:00:00,3.38,2.9157953
2018-12-15 20:15:00,3.46,2.784153
2018-12-15 20:30:00,3.42,2.4285972
2018-12-15 20:45:00,3.35,2.1809208
2018-12-15 21:00:00,3.38,1.7785449
2018-12-15 21:15:00,3.96,1.0498953
2018-12-15 21:30:00,4.28,1.070534
2018-12-15 21:45:00,4.25,1.1751225
2018-12-15 22:00:00,4.18,1.1846328
2018-12-15 22:15:00,3.74,1.2124641
2018-12-15 22:30:00,3.31,1.2558764
2018-12-15 22:45:00,4.07,1.4106138
2018-12-15 23:00:00,3.56,1.469091
2018-12-15 23:15:00,3.17,1.4008905
2018-12-15 23:30:00,3.24,1.2086837
2018-12-15 23:45:00,3.2,1.0958346
2018-12-16 00:00:00,4.21,1.3552413
2018-12-16 00:15:00,3.24,1.3854697
2018-12-16 00:30:00,3.28,1.3964016
2018-12-16 00:45:00,3.28,1.4143231
2018-12-16 01:00:00,3.85,1.3961391
2018-12-16 01:15:00,4.18,1.4241483
2018-12-16 01:30:00,4.07,1.4484107
2018-12-16 01:45:00,4.07,1.458358
2018-12-16 02:00:00,3.92,1.465562
2018-12-16 02:15:00,3.28,1.4529841
2018-12-16 02:30:00,3.42,1.4537315
2018-12-16 02:45:00,3.53,1.4530149
2018-12-16 03:00:00,4.14,1.4874115
2018-12-16 03:15:00,3.56,1.5424061
2018-12-16 03:30:00,3.35,1.5958248
2018-12-16 03:45:00,3.38,1.5669852
2018-12-16 04:00:00,3.42,1.6048924
2018-12-16 04:15:00,3.42,1.631786
2018-12-16 04:30:00,3.42,1.6497662
2018-12-16 04:45:00,3.38,1.6692669
2018-12-16 05:00:00,4.07,1.7312393
2018-12-16 05:15:00,4.14,1.7275872
2018-12-16 05:30:00,4.07,1.7001374
2018-12-16 05:45:00,4.07,1.6750417
2018-12-16 06:00:00,3.53,1.7199593
2018-12-16 06:15:00,3.31,1.6942054
2018-12-16 06:30:00,3.35,1.6604028
2018-12-16 06:45:00,3.64,1.6338806
2018-12-16 07:00:00,4.07,1.7388189
2018-12-16 07:15:00,3.38,1.7104712
2018-12-16 07:30:00,3.28,1.6600757
2018-12-16 07:45:00,3.89,1.6247538
2018-12-16 08:00:00,3.96,1.616282
2018-12-16 08:15:00,39.35,1.5674528
2018-12-16 08:30:00,63.54,1.5454655
2018-12-16 08:45:00,65.02,1.5351827
2018-12-16 09:00:00,63.79,1.593003
2018-12-16 09:15:00,61.7,1.6002183
2018-12-16 09:30:00,64.8,1.5910382
2018-12-16 09:45:00,51.16,1.5969311
2018-12-16 10:00:00,55.01,1.6484282
2018-12-16 10:15:00,61.81,1.6494144
2018-12-16 10:30:00,72.18,1.6447284
2018-12-16 10:45:00,54.86,1.7600964
2018-12-16 11:00:00,66.78,1.8418026
2018-12-16 11:15:00,69.95,1.737356
2018-12-16 11:30:00,53.35,1.6947258
2018-12-16 11:45:00,55.51,1.6314044
2018-12-16 12:00:00,11.81,1.784403
2018-12-16 12:15:00,5.65,1.8176267
2018-12-16 12:30:00,5.54,1.8373063
2018-12-16 12:45:00,5.44,1.8714098
2018-12-16 13:00:00,5.33,1.9910021
2018-12-16 13:15:00,36.47,2.0720146
2018-12-16 13:30:00,63.72,2.104377
2018-12-16 13:45:00,64.8,2.240869
2018-12-16 14:00:00,61.85,2.2387195
2018-12-16 14:15:00,57.89,2.177538
2018-12-16 14:30:00,54.36,2.145966
2018-12-16 14:45:00,47.38,2.1368973
2018-12-16 15:00:00,43.49,2.2092876
2018-12-16 15:15:00,45.4,2.1768386
2018-12-16 15:30:00,60.55,2.1609545
2018-12-16 15:45:00,48.42,2.209315
2018-12-16 16:00:00,63.22,2.0318186
2018-12-16 16:15:00,62.64,1.923188
2018-12-16 16:30:00,66.02,1.9002225
2018-12-16 16:45:00,35.42,1.9238282
2018-12-16 17:00:00,9.11,1.9920228
2018-12-16 17:15:00,8.06,1.9738525
2018-12-16 17:30:00,7.74,1.9337702
2018-12-16 17:45:00,7.85,1.9905317
2018-12-16 18:00:00,6.73,2.02713
2018-12-16 18:15:00,5.22,1.9999318
2018-12-16 18:30:00,5.69,1.9878683
2018-12-16 18:45:00,5.72,2.064789
2018-12-16 19:00:00,5.69,2.1751652
2018-12-16 19:15:00,5.72,2.10932
2018-12-16 19:30:00,5.44,2.115428
2018-12-16 19:45:00,4.46,2.1238961
2018-12-16 20:00:00,4.5,1.7789655
2018-12-16 20:15:00,4.46,2.057762
2018-12-16 20:30:00,4.5,2.098059
2018-12-16 20:45:00,4.54,2.0952458
2018-12-16 21:00:00,4.46,2.0634181
2018-12-16 21:15:00,4.5,2.080666
2018-12-16 21:30:00,4.5,2.0855575
2018-12-16 21:45:00,4.57,2.0708675
2018-12-16 22:00:00,4.57,2.020038
2018-12-16 22:15:00,4.25,1.9891406
2018-12-16 22:30:00,4.25,1.9616531
2018-12-16 22:45:00,4.18,1.9895614
2018-12-16 23:00:00,5.44,1.9216021
2018-12-16 23:15:00,4.82,1.8928509
2018-12-16 23:30:00,4.14,1.8548627
2018-12-16 23:45:00,4.18,1.7916993
2018-12-17 00:00:00,4.57,5.954815
2018-12-17 00:15:00,4.25,4.4432077
2018-12-17 00:30:00,4.18,3.5727668
2018-12-17 00:45:00,4.21,3.0257304
2018-12-17 01:00:00,4.21,2.6993814
2018-12-17 01:15:00,4.21,2.6881466
2018-12-17 01:30:00,4.36,2.7405515
2018-12-17 01:45:00,4.28,3.0149632
2018-12-17 02:00:00,4.28,3.0982962
2018-12-17 02:15:00,4.28,3.1503336
2018-12-17 02:30:00,3.71,3.2389805
2018-12-17 02:45:00,4.32,3.343707
2018-12-17 03:00:00,3.82,3.3081698
2018-12-17 03:15:00,3.53,3.2589068
2018-12-17 03:30:00,3.53,3.1528935
2018-12-17 03:45:00,3.53,3.1272311
2018-12-17 04:00:00,3.6,2.8780732
2018-12-17 04:15:00,3.53,2.9211335
2018-12-17 04:30:00,3.53,3.0397718
2018-12-17 04:45:00,4.1,3.3094363
2018-12-17 05:00:00,4.25,3.773031
2018-12-17 05:15:00,4.28,5.3935685
2018-12-17 05:30:00,4.25,7.447552
2018-12-17 05:45:00,3.64,9.694857
2018-12-17 06:00:00,3.49,10.391097
2018-12-17 06:15:00,3.46,11.752548
2018-12-17 06:30:00,4.32,13.153673
2018-12-17 06:45:00,3.6,14.757806
2018-12-17 07:00:00,3.42,15.652508
2018-12-17 07:15:00,3.49,16.698742
2018-12-17 07:30:00,4.36,17.67445
2018-12-17 07:45:00,6.19,19.312452
2018-12-17 08:00:00,6.3,19.97575
2018-12-17 08:15:00,6.48,49.2894
2018-12-17 08:30:00,53.35,61.98739
2018-12-17 08:45:00,46.94,62.212276
2018-12-17 09:00:00,52.06,58.111874
2018-12-17 09:15:00,54.83,56.779785
2018-12-17 09:30:00,56.12,58.345943
2018-12-17 09:45:00,58.0,57.707848
2018-12-17 10:00:00,50.08,59.19325
2018-12-17 10:15:00,46.04,62.25977
2018-12-17 10:30:00,49.54,65.34755
2018-12-17 10:45:00,54.14,63.4755
2018-12-17 11:00:00,53.78,66.32832
2018-12-17 11:15:00,52.67,67.52789
2018-12-17 11:30:00,55.84,63.179665
2018-12-17 11:45:00,49.64,62.319782
2018-12-17 12:00:00,54.5,19.919209
2018-12-17 12:15:00,11.12,4.504951
2018-12-17 12:30:00,7.06,3.8931515
2018-12-17 12:45:00,7.13,3.972303
2018-12-17 13:00:00,8.21,4.853658
2018-12-17 13:15:00,33.26,42.76333
2018-12-17 13:30:00,56.99,68.08249
2018-12-17 13:45:00,56.59,67.47003
2018-12-17 14:00:00,55.08,65.326965
2018-12-17 14:15:00,51.05,64.16318
2018-12-17 14:30:00,47.95,63.107594
2018-12-17 14:45:00,57.82,61.372547
2018-12-17 15:00:00,59.11,59.178772
2018-12-17 15:15:00,60.62,59.537064
2018-12-17 15:30:00,53.6,62.60619
2018-12-17 15:45:00,60.44,60.139
2018-12-17 16:00:00,67.5,61.56904
2018-12-17 16:15:00,85.86,61.180202
2018-12-17 16:30:00,82.33,61.121326
2018-12-17 16:45:00,59.8,50.831726
2018-12-17 17:00:00,60.37,25.137056
2018-12-17 17:15:00,56.38,11.476286
2018-12-17 17:30:00,52.99,9.1909895
2018-12-17 17:45:00,35.35,14.928068
2018-12-17 18:00:00,31.32,20.072632
2018-12-17 18:15:00,16.09,23.79531
2018-12-17 18:30:00,6.37,27.629858
2018-12-17 18:45:00,5.8,30.724592
2018-12-17 19:00:00,5.54,33.056698
2018-12-17 19:15:00,5.54,37.553673
2018-12-17 19:30:00,5.62,42.031017
2018-12-17 19:45:00,5.54,44.563633
2018-12-17 20:00:00,5.62,44.7331
2018-12-17 20:15:00,5.54,44.23798
2018-12-17 20:30:00,4.75,42.556072
2018-12-17 20:45:00,4.46,40.42727
2018-12-17 21:00:00,4.46,37.29343
2018-12-17 21:15:00,4.43,35.292168
2018-12-17 21:30:00,4.43,33.40091
2018-12-17 21:45:00,4.46,31.678276
2018-12-17 22:00:00,4.46,29.100918
2018-12-17 22:15:00,4.14,27.345486
2018-12-17 22:30:00,4.18,25.8319
2018-12-17 22:45:00,4.21,24.352514
2018-12-17 23:00:00,4.18,22.836035
2018-12-17 23:15:00,4.14,21.352816
2018-12-17 23:30:00,4.07,19.374208
2018-12-17 23:45:00,4.07,17.702501
2018-12-18 00:00:00,4.14,4.073697
2018-12-18 00:15:00,5.22,3.601996
2018-12-18 00:30:00,4.68,3.2562
2018-12-18 00:45:00,4.14,2.9788861
2018-12-18 01:00:00,4.1,2.7057033
2018-12-18 01:15:00,4.18,2.5617504
2018-12-18 01:30:00,4.07,2.44662
2018-12-18 01:45:00,4.18,2.3500106
2018-12-18 02:00:00,4.1,2.1938376
2018-12-18 02:15:00,4.18,2.13586
2018-12-18 02:30:00,4.14,2.021602
2018-12-18 02:45:00,4.21,2.009251
2018-12-18 03:00:00,4.18,1.8754474
2018-12-18 03:15:00,3.6,1.7794411
2018-12-18 03:30:00,3.42,1.7078154
2018-12-18 03:45:00,3.42,1.6340544
2018-12-18 04:00:00,3.38,1.5337436
2018-12-18 04:15:00,3.42,1.4574287
2018-12-18 04:30:00,3.71,1.4114457
2018-12-18 04:45:00,4.18,1.4562122
2018-12-18 05:00:00,3.53,1.4526097
2018-12-18 05:15:00,3.46,1.5156877
2018-12-18 05:30:00,3.38,1.5514681
2018-12-18 05:45:00,4.03,1.5332346
2018-12-18 06:00:00,4.14,1.5562263
2018-12-18 06:15:00,3.6,1.5888329
2018-12-18 06:30:00,3.38,1.7179768
2018-12-18 06:45:00,3.35,1.6842065
2018-12-18 07:00:00,3.31,1.5955787
2018-12-18 07:15:00,3.28,1.6234972
2018-12-18 07:30:00,3.42,1.8600019
2018-12-18 07:45:00,5.58,2.3122292
2018-12-18 08:00:00,7.27,2.7388344
2018-12-18 08:15:00,38.38,6.785584
2018-12-18 08:30:00,72.86,46.615887
2018-12-18 08:45:00,66.42,51.86726
2018-12-18 09:00:00,81.4,54.319695
2018-12-18 09:15:00,66.28,56.40491
2018-12-18 09:30:00,78.3,57.85232
2018-12-18 09:45:00,77.72,56.710636
2018-12-18 10:00:00,74.59,51.85635
2018-12-18 10:15:00,63.04,50.452477
2018-12-18 10:30:00,58.68,51.99656
2018-12-18 10:45:00,62.96,54.190228
2018-12-18 11:00:00,68.36,54.342464
2018-12-18 11:15:00,60.05,55.075542
2018-12-18 11:30:00,58.82,56.547054
2018-12-18 11:45:00,64.73,54.243797
2018-12-18 12:00:00,67.54,50.98971
2018-12-18 12:15:00,8.14,5.982709
2018-12-18 12:30:00,8.64,3.8016315
2018-12-18 12:45:00,8.78,3.630684
2018-12-18 13:00:00,9.4,3.6998677
2018-12-18 13:15:00,52.45,16.270237
2018-12-18 13:30:00,67.46,52.051434
2018-12-18 13:45:00,62.53,54.053253
2018-12-18 14:00:00,62.46,51.79702
2018-12-18 14:15:00,67.18,50.853897
2018-12-18 14:30:00,113.51,50.35635
2018-12-18 14:45:00,99.5,52.098553
2018-12-18 15:00:00,68.0,51.333076
2018-12-18 15:15:00,120.82,51.374805
2018-12-18 15:30:00,79.45,49.957962
2018-12-18 15:45:00,117.68,50.897457
2018-12-18 16:00:00,114.08,50.847027
2018-12-18 16:15:00,106.27,52.40525
2018-12-18 16:30:00,93.28,51.86138
2018-12-18 16:45:00,127.58,47.873993
2018-12-18 17:00:00,94.61,46.048443
2018-12-18 17:15:00,101.02,44.271114
2018-12-18 17:30:00,112.14,42.27831
2018-12-18 17:45:00,68.08,31.064692
2018-12-18 18:00:00,15.95,23.389822
2018-12-18 18:15:00,7.16,6.339905
2018-12-18 18:30:00,5.58,3.7367663
2018-12-18 18:45:00,5.65,3.635161
2018-12-18 19:00:00,5.0,3.7564504
2018-12-18 19:15:00,4.5,3.6507988
2018-12-18 19:30:00,4.39,4.173373
2018-12-18 19:45:00,4.43,5.4910007
2018-12-18 20:00:00,4.39,6.1229672
2018-12-18 20:15:00,4.43,5.9112515
2018-12-18 20:30:00,4.36,4.273621
2018-12-18 20:45:00,4.39,2.9687994
2018-12-18 21:00:00,4.43,2.3800642
2018-12-18 21:15:00,4.39,2.2758508
2018-12-18 21:30:00,4.46,2.2373672
2018-12-18 21:45:00,4.39,2.275022
2018-12-18 22:00:00,4.39,2.2990515
2018-12-18 22:15:00,4.25,2.244106
2018-12-18 22:30:00,5.18,2.1501198
2018-12-18 22:45:00,5.15,2.0263755
2018-12-18 23:00:00,4.14,1.8672141
2018-12-18 23:15:00,4.14,1.7316108
2018-12-18 23:30:00,4.14,1.5923755
2018-12-18 23:45:00,4.1,1.4627647
2018-12-19 00:00:00,3.92,2.2783153
2018-12-19 00:15:00,4.14,2.278167
2018-12-19 00:30:00,4.14,2.1456027
2018-12-19 00:45:00,4.14,2.0134618
2018-12-19 01:00:00,4.21,1.8984672
2018-12-19 01:15:00,4.14,1.8356025
2018-12-19 01:30:00,4.14,1.7713174
2018-12-19 01:45:00,4.18,1.7374076
2018-12-19 02:00:00,4.18,1.670874
2018-12-19 02:15:00,4.93,1.6540345
2018-12-19 02:30:00,5.26,1.6352026
2018-12-19 02:45:00,4.14,1.6339536
2018-12-19 03:00:00,4.14,1.6055944
2018-12-19 03:15:00,4.1,1.5527135
2018-12-19 03:30:00,4.25,1.5095719
2018-12-19 03:45:00,3.82,1.4541829
2018-12-19 04:00:00,3.49,1.441362
2018-12-19 04:15:00,3.42,1.4111913
2018-12-19 04:30:00,3.42,1.4161283
2018-12-19 04:45:00,3.49,1.4524658
2018-12-19 05:00:00,3.38,1.3700488
2018-12-19 05:15:00,3.42,1.3277074
2018-12-19 05:30:00,3.38,1.2863902
2018-12-19 05:45:00,3.42,1.343214
2018-12-19 06:00:00,3.42,1.3733981
2018-12-19 06:15:00,4.07,1.3213881
2018-12-19 06:30:00,4.18,1.2902969
2018-12-19 06:45:00,3.96,1.2766827
2018-12-19 07:00:00,4.1,1.2754629
2018-12-19 07:15:00,4.1,1.264751
2018-12-19 07:30:00,4.07,1.2803824
2018-12-19 07:45:00,5.76,1.6573317
2018-12-19 08:00:00,6.23,2.0279205
2018-12-19 08:15:00,36.14,22.43201
2018-12-19 08:30:00,70.81,50.332645
2018-12-19 08:45:00,59.54,51.800373
2018-12-19 09:00:00,63.86,53.397106
2018-12-19 09:15:00,77.4,53.23649
2018-12-19 09:30:00,65.23,51.537186
2018-12-19 09:45:00,69.3,49.249714
2018-12-19 10:00:00,61.13,48.38586
2018-12-19 10:15:00,61.16,48.054607
2018-12-19 10:30:00,70.42,48.58804
2018-12-19 10:45:00,63.68,50.84742
2018-12-19 11:00:00,83.09,51.825512
2018-12-19 11:15:00,140.8,50.095802
2018-12-19 11:30:00,110.88,48.738907
2018-12-19 11:45:00,115.13,48.98893
2018-12-19 12:00:00,101.99,47.77863
2018-12-19 12:15:00,12.13,3.3726194
2018-12-19 12:30:00,6.66,3.7181277
2018-12-19 12:45:00,6.8,3.4146535
2018-12-19 13:00:00,6.98,3.5225058
2018-12-19 13:15:00,62.42,29.058296
2018-12-19 13:30:00,116.46,52.43209
2018-12-19 13:45:00,89.86,50.556164
2018-12-19 14:00:00,98.03,49.17792
2018-12-19 14:15:00,149.18,49.645042
2018-12-19 14:30:00,116.64,52.012074
2018-12-19 14:45:00,105.48,51.954285
2018-12-19 15:00:00,145.22,49.058125
2018-12-19 15:15:00,101.38,51.932026
2018-12-19 15:30:00,130.46,50.708347
2018-12-19 15:45:00,115.24,52.769794
2018-12-19 16:00:00,125.21,52.440773
2018-12-19 16:15:00,133.56,52.267696
2018-12-19 16:30:00,81.65,51.1126
2018-12-19 16:45:00,62.68,52.75743
2018-12-19 17:00:00,125.5,49.34753
2018-12-19 17:15:00,68.0,49.39589
2018-12-19 17:30:00,40.5,49.575504
2018-12-19 17:45:00,31.68,42.285503
2018-12-19 18:00:00,26.82,5.3918033
2018-12-19 18:15:00,5.98,3.9544866
2018-12-19 18:30:00,5.47,3.4158976
2018-12-19 18:45:00,5.54,3.6174002
2018-12-19 19:00:00,5.44,4.0079722
2018-12-19 19:15:00,5.47,3.9824176
2018-12-19 19:30:00,5.47,4.462887
2018-12-19 19:45:00,5.4,5.1282043
2018-12-19 20:00:00,5.33,4.4965343
2018-12-19 20:15:00,5.36,3.5972662
2018-12-19 20:30:00,5.33,2.694641
2018-12-19 20:45:00,5.44,2.5037646
2018-12-19 21:00:00,5.4,2.3530793
2018-12-19 21:15:00,5.4,2.3227746
2018-12-19 21:30:00,5.04,2.4061642
2018-12-19 21:45:00,4.25,2.4672432
2018-12-19 22:00:00,4.39,2.3764725
2018-12-19 22:15:00,4.03,2.206645
2018-12-19 22:30:00,4.03,2.1648507
2018-12-19 22:45:00,3.96,2.013274
2018-12-19 23:00:00,4.07,1.8109841
2018-12-19 23:15:00,4.03,1.6816105
2018-12-19 23:30:00,3.92,1.5485063
2018-12-19 23:45:00,3.96,1.4272337
2018-12-20 00:00:00,3.89,1.8661056
2018-12-20 00:15:00,4.03,1.8072952
2018-12-20 00:30:00,4.03,1.7382891
2018-12-20 00:45:00,4.0,1.6786929
2018-12-20 01:00:00,4.0,1.61136
2018-12-20 01:15:00,4.0,1.5521786
2018-12-20 01:30:00,4.1,1.5024916
2018-12-20 01:45:00,4.0,1.4602594
2018-12-20 02:00:00,4.07,1.3991541
2018-12-20 02:15:00,4.43,1.4473472
2018-12-20 02:30:00,5.18,1.4662025
2018-12-20 02:45:00,4.1,1.3227444
2018-12-20 03:00:00,4.0,1.2663764
2018-12-20 03:15:00,4.1,1.2286134
2018-12-20 03:30:00,4.03,1.2287158
2018-12-20 03:45:00,4.1,1.1746728
2018-12-20 04:00:00,3.31,1.1145161
2018-12-20 04:15:00,3.35,1.1058617
2018-12-20 04:30:00,3.46,1.1184765
2018-12-20 04:45:00,3.38,1.1533339
2018-12-20 05:00:00,3.35,1.1613822
2018-12-20 05:15:00,3.35,1.2013177
2018-12-20 05:30:00,3.38,1.2377832
2018-12-20 05:45:00,3.38,1.289608
2018-12-20 06:00:00,3.92,1.2993064
2018-12-20 06:15:00,3.67,1.4047453
2018-12-20 06:30:00,3.35,1.443424
2018-12-20 06:45:00,4.0,1.4441653
2018-12-20 07:00:00,4.03,1.4744334
2018-12-20 07:15:00,3.96,1.5399301
2018-12-20 07:30:00,4.18,1.5657585
2018-12-20 07:45:00,4.79,1.841075
2018-12-20 08:00:00,5.87,2.0269513
2018-12-20 08:15:00,39.49,24.561117
2018-12-20 08:30:00,79.85,51.41847
2018-12-20 08:45:00,66.96,52.581932
2018-12-20 09:00:00,63.14,53.94061
2018-12-20 09:15:00,64.12,55.126213
2018-12-20 09:30:00,64.37,51.153328
2018-12-20 09:45:00,83.16,49.94829
2018-12-20 10:00:00,71.14,48.561253
2018-12-20 10:15:00,58.72,49.799973
2018-12-20 10:30:00,68.72,52.73017
2018-12-20 10:45:00,75.53,52.841343
2018-12-20 11:00:00,77.51,55.62559
2018-12-20 11:15:00,64.4,58.5938
2018-12-20 11:30:00,63.0,57.399975
2018-12-20 11:45:00,71.46,57.256
2018-12-20 12:00:00,71.06,55.315807
2018-12-20 12:15:00,16.96,4.0305977
2018-12-20 12:30:00,7.67,3.5108347
2018-12-20 12:45:00,7.49,3.4010847
2018-12-20 13:00:00,6.66,3.1530876
2018-12-20 13:15:00,42.7,31.393381
2018-12-20 13:30:00,63.07,59.343777
2018-12-20 13:45:00,71.5,55.24147
2018-12-20 14:00:00,76.9,53.761044
2018-12-20 14:15:00,63.5,54.739902
2018-12-20 14:30:00,78.41,54.926548
2018-12-20 14:45:00,73.4,55.04602
2018-12-20 15:00:00,64.44,55.629883
2018-12-20 15:15:00,60.26,55.283596
2018-12-20 15:30:00,58.9,56.7234
2018-12-20 15:45:00,60.59,56.655155
2018-12-20 16:00:00,56.92,56.25359
2018-12-20 16:15:00,60.08,56.4641
2018-12-20 16:30:00,58.68,51.81097
2018-12-20 16:45:00,57.56,46.252888
2018-12-20 17:00:00,46.51,54.903557
2018-12-20 17:15:00,58.07,46.512962
2018-12-20 17:30:00,41.22,30.679546
2018-12-20 17:45:00,41.51,17.563715
2018-12-20 18:00:00,24.8,7.8797317
2018-12-20 18:15:00,5.44,3.8276148
2018-12-20 18:30:00,5.18,3.663076
2018-12-20 18:45:00,5.29,3.7678907
2018-12-20 19:00:00,5.29,3.844439
2018-12-20 19:15:00,5.29,3.7825246
2018-12-20 19:30:00,4.18,4.62456
2018-12-20 19:45:00,4.07,5.8652964
2018-12-20 20:00:00,4.1,5.6268754
2018-12-20 20:15:00,4.07,4.695213
2018-12-20 20:30:00,4.18,3.4621325
2018-12-20 20:45:00,4.1,2.6049478
2018-12-20 21:00:00,4.1,2.3199308
2018-12-20 21:15:00,4.14,2.1876235
2018-12-20 21:30:00,4.14,2.0924733
2018-12-20 21:45:00,4.21,2.0534437
2018-12-20 22:00:00,4.18,2.0814826
2018-12-20 22:15:00,3.85,2.0416775
2018-12-20 22:30:00,3.85,1.9694173
2018-12-20 22:45:00,4.64,1.8499261
2018-12-20 23:00:00,5.04,1.6366949
2018-12-20 23:15:00,4.07,1.5138223
2018-12-20 23:30:00,3.82,1.3760955
2018-12-20 23:45:00,3.85,1.2498908
2018-12-21 00:00:00,3.92,1.9482377
2018-12-21 00:15:00,3.89,1.8514334
2018-12-21 00:30:00,3.85,1.758387
2018-12-21 00:45:00,3.89,1.681706
2018-12-21 01:00:00,3.89,1.6032784
2018-12-21 01:15:00,3.96,1.553684
2018-12-21 01:30:00,3.89,1.5189106
2018-12-21 01:45:00,3.89,1.4649725
2018-12-21 02:00:00,3.89,1.4110992
2018-12-21 02:15:00,3.92,1.4145935
2018-12-21 02:30:00,3.92,1.4753969
2018-12-21 02:45:00,3.92,1.3410292
2018-12-21 03:00:00,3.96,1.2788963
2018-12-21 03:15:00,4.79,1.258096
2018-12-21 03:30:00,4.5,1.2350506
2018-12-21 03:45:00,3.24,1.2360966
2018-12-21 04:00:00,3.28,1.1283035
2018-12-21 04:15:00,3.24,1.1279603
2018-12-21 04:30:00,3.24,1.1464643
2018-12-21 04:45:00,3.28,1.1625941
2018-12-21 05:00:00,3.28,1.1732326
2018-12-21 05:15:00,3.28,1.215308
2018-12-21 05:30:00,3.2,1.2696986
2018-12-21 05:45:00,3.24,1.3282477
2018-12-21 06:00:00,3.2,1.4024997
2018-12-21 06:15:00,3.67,1.4437466
2018-12-21 06:30:00,3.96,1.4705428
2018-12-21 06:45:00,3.92,1.6044248
2018-12-21 07:00:00,3.89,1.6367671
2018-12-21 07:15:00,3.67,1.6974545
2018-12-21 07:30:00,3.17,1.772413
2018-12-21 07:45:00,5.44,1.8669193
2018-12-21 08:00:00,6.77,2.0447476
2018-12-21 08:15:00,28.8,23.767775
2018-12-21 08:30:00,54.22,52.06018
2018-12-21 08:45:00,56.41,52.890316
2018-12-21 09:00:00,56.74,53.500595
2018-12-21 09:15:00,43.78,54.448265
2018-12-21 09:30:00,47.52,52.013126
2018-12-21 09:45:00,56.2,51.25248
2018-12-21 10:00:00,51.59,49.61578
2018-12-21 10:15:00,66.64,48.82092
2018-12-21 10:30:00,53.14,51.996807
2018-12-21 10:45:00,58.54,54.23197
2018-12-21 11:00:00,73.12,54.425667
2018-12-21 11:15:00,67.79,52.37068
2018-12-21 11:30:00,65.59,51.229893
2018-12-21 11:45:00,57.85,52.07258
2018-12-21 12:00:00,58.9,49.94678
2018-12-21 12:15:00,7.42,5.966491
2018-12-21 12:30:00,8.35,3.9405541
2018-12-21 12:45:00,7.67,3.6688972
2018-12-21 13:00:00,7.2,3.4959793
2018-12-21 13:15:00,39.74,18.53969
2018-12-21 13:30:00,58.03,51.755394
2018-12-21 13:45:00,63.97,52.886383
2018-12-21 14:00:00,56.34,51.630966
2018-12-21 14:15:00,69.62,50.22519
2018-12-21 14:30:00,60.34,51.695667
2018-12-21 14:45:00,57.74,51.510563
2018-12-21 15:00:00,68.04,49.741096
2018-12-21 15:15:00,67.68,49.1693
2018-12-21 15:30:00,58.32,48.983482
2018-12-21 15:45:00,65.48,49.30356
2018-12-21 16:00:00,63.0,47.567448
2018-12-21 16:15:00,69.73,48.013676
2018-12-21 16:30:00,59.69,47.46384
2018-12-21 16:45:00,63.32,46.75472
2018-12-21 17:00:00,62.32,41.117992
2018-12-21 17:15:00,52.78,44.967865
2018-12-21 17:30:00,45.86,37.167988
2018-12-21 17:45:00,30.78,35.965187
2018-12-21 18:00:00,8.21,19.72515
2018-12-21 18:15:00,5.51,4.3459563
2018-12-21 18:30:00,5.4,3.6052325
2018-12-21 18:45:00,5.62,3.5266702
2018-12-21 19:00:00,5.54,3.5323029
2018-12-21 19:15:00,5.54,3.257578
2018-12-21 19:30:00,5.51,3.2964075
2018-12-21 19:45:00,5.47,3.9841728
2018-12-21 20:00:00,5.54,3.9938257
2018-12-21 20:15:00,5.47,3.3278966
2018-12-21 20:30:00,5.44,2.480475
2018-12-21 20:45:00,5.47,2.1686444
2018-12-21 21:00:00,5.44,2.0039923
2018-12-21 21:15:00,5.54,1.9166322
2018-12-21 21:30:00,5.4,1.8840634
2018-12-21 21:45:00,5.44,1.9138948
2018-12-21 22:00:00,5.44,1.8991662
2018-12-21 22:15:00,5.18,1.7799977
2018-12-21 22:30:00,5.26,1.6396803
2018-12-21 22:45:00,5.15,1.59328
2018-12-21 23:00:00,5.15,1.515306
2018-12-21 23:15:00,5.11,1.3224227
2018-12-21 23:30:00,4.57,1.2064573
2018-12-21 23:45:00,4.0,1.1205581
2018-12-22 00:00:00,3.31,1.8713734
2018-12-22 00:15:00,4.0,1.8317657
2018-12-22 00:30:00,4.0,1.7910082
2018-12-22 00:45:00,4.0,1.754971
2018-12-22 01:00:00,4.1,1.740411
2018-12-22 01:15:00,3.96,1.708323
2018-12-22 01:30:00,4.03,1.6681945
2018-12-22 01:45:00,4.03,1.6343455
2018-12-22 02:00:00,3.96,1.604023
2018-12-22 02:15:00,4.07,1.5722147
2018-12-22 02:30:00,4.07,1.542147
2018-12-22 02:45:00,3.67,1.5159733
2018-12-22 03:00:00,3.31,1.5055466
2018-12-22 03:15:00,3.82,1.5636337
2018-12-22 03:30:00,4.07,1.5333372
2018-12-22 03:45:00,3.42,1.394808
2018-12-22 04:00:00,3.38,1.399734
2018-12-22 04:15:00,3.31,1.3843327
2018-12-22 04:30:00,3.38,1.3704355
2018-12-22 04:45:00,3.35,1.3710309
2018-12-22 05:00:00,3.38,1.4406357
2018-12-22 05:15:00,3.42,1.4558177
2018-12-22 05:30:00,3.96,1.464468
2018-12-22 05:45:00,4.07,1.4855642
2018-12-22 06:00:00,4.07,1.5632236
2018-12-22 06:15:00,4.0,1.5935347
2018-12-22 06:30:00,3.38,1.6054435
2018-12-22 06:45:00,3.35,1.585689
2018-12-22 07:00:00,3.35,1.6110612
2018-12-22 07:15:00,3.31,1.5497204
2018-12-22 07:30:00,3.85,1.4541047
2018-12-22 07:45:00,4.03,1.5405447
2018-12-22 08:00:00,3.35,1.7136073
2018-12-22 08:15:00,3.31,3.46776
2018-12-22 08:30:00,3.24,9.202365
2018-12-22 08:45:00,3.38,12.956818
2018-12-22 09:00:00,3.82,14.256869
2018-12-22 09:15:00,4.28,12.992709
2018-12-22 09:30:00,4.28,10.736948
2018-12-22 09:45:00,4.32,10.237284
2018-12-22 10:00:00,4.21,8.831799
2018-12-22 10:15:00,3.6,12.283549
2018-12-22 10:30:00,3.6,10.857439
2018-12-22 10:45:00,3.6,13.225389
2018-12-22 11:00:00,3.6,15.824356
2018-12-22 11:15:00,3.6,15.0550995
2018-12-22 11:30:00,3.6,13.83174
2018-12-22 11:45:00,3.6,9.749838
2018-12-22 12:00:00,3.6,7.370482
2018-12-22 12:15:00,3.71,1.940285
2018-12-22 12:30:00,4.39,2.7073069
2018-12-22 12:45:00,4.1,2.548865
2018-12-22 13:00:00,3.71,2.4974647
2018-12-22 13:15:00,4.28,4.145717
2018-12-22 13:30:00,4.25,12.091335
2018-12-22 13:45:00,4.25,13.419164
2018-12-22 14:00:00,4.21,10.784042
2018-12-22 14:15:00,3.67,12.26305
2018-12-22 14:30:00,3.46,11.211577
2018-12-22 14:45:00,3.49,10.80188
2018-12-22 15:00:00,3.53,11.309486
2018-12-22 15:15:00,3.56,11.427989
2018-12-22 15:30:00,3.53,10.030862
2018-12-22 15:45:00,3.56,11.042865
2018-12-22 16:00:00,3.56,9.637886
2018-12-22 16:15:00,3.49,10.397966
2018-12-22 16:30:00,3.53,8.319709
2018-12-22 16:45:00,3.56,8.418161
2018-12-22 17:00:00,4.68,6.8359165
2018-12-22 17:15:00,5.44,4.186923
2018-12-22 17:30:00,4.46,3.2277353
2018-12-22 17:45:00,4.28,3.2879324
2018-12-22 18:00:00,4.07,2.958275
2018-12-22 18:15:00,3.6,2.7260208
2018-12-22 18:30:00,3.67,2.6063683
2018-12-22 18:45:00,3.67,2.619392
2018-12-22 19:00:00,3.71,2.3308673
2018-12-22 19:15:00,3.74,2.0923176
2018-12-22 19:30:00,3.71,2.049388
2018-12-22 19:45:00,3.74,2.0500221
2018-12-22 20:00:00,3.67,1.9342682
2018-12-22 20:15:00,3.67,1.90421
2018-12-22 20:30:00,3.67,1.8250908
2018-12-22 20:45:00,3.67,1.7803414
2018-12-22 21:00:00,4.18,1.6883401
2018-12-22 21:15:00,4.61,1.7185202
2018-12-22 21:30:00,5.51,1.7525202
2018-12-22 21:45:00,4.43,1.7773128
2018-12-22 22:00:00,4.1,1.7189586
2018-12-22 22:15:00,3.46,1.697417
2018-12-22 22:30:00,3.38,1.7151163
2018-12-22 22:45:00,3.42,1.7228804
2018-12-22 23:00:00,3.38,1.6897991
2018-12-22 23:15:00,3.35,1.6664104
2018-12-22 23:30:00,3.31,1.6133301
2018-12-22 23:45:00,3.31,1.5498388
2018-12-23 00:00:00,3.78,2.1856403
2018-12-23 00:15:00,3.31,2.138719
2018-12-23 00:30:00,3.35,2.0559788
2018-12-23 00:45:00,3.42,1.9749368
2018-12-23 01:00:00,4.93,1.9316127
2018-12-23 01:15:00,4.93,1.8838003
2018-12-23 01:30:00,4.14,1.8638184
2018-12-23 01:45:00,4.07,1.7988977
2018-12-23 02:00:00,3.49,1.6548182
2018-12-23 02:15:00,3.46,1.5385475
2018-12-23 02:30:00,3.49,1.5079186
2018-12-23 02:45:00,3.42,1.4770135
2018-12-23 03:00:00,3.42,1.4706432
2018-12-23 03:15:00,3.46,1.50113
2018-12-23 03:30:00,3.42,1.5310628
2018-12-23 03:45:00,3.53,1.519072
2018-12-23 04:00:00,3.46,1.5552484
2018-12-23 04:15:00,3.42,1.5769293
2018-12-23 04:30:00,3.6,1.6120267
2018-12-23 04:45:00,4.14,1.6456904
2018-12-23 05:00:00,5.18,1.7018591
2018-12-23 05:15:00,4.64,1.7007825
2018-12-23 05:30:00,4.1,1.6964427
2018-12-23 05:45:00,3.49,1.667517
2018-12-23 06:00:00,3.38,1.6840992
2018-12-23 06:15:00,3.35,1.6272691
2018-12-23 06:30:00,3.46,1.5254651
2018-12-23 06:45:00,3.38,1.4647028
2018-12-23 07:00:00,3.38,1.4519056
2018-12-23 07:15:00,3.38,1.3712363
2018-12-23 07:30:00,3.38,1.3134503
2018-12-23 07:45:00,3.42,1.2477821
2018-12-23 08:00:00,3.49,1.245229
2018-12-23 08:15:00,4.07,1.1962196
2018-12-23 08:30:00,4.97,1.1815543
2018-12-23 08:45:00,4.82,1.2256637
2018-12-23 09:00:00,4.28,1.4306359
2018-12-23 09:15:00,3.92,1.5845239
2018-12-23 09:30:00,3.71,1.7839582
2018-12-23 09:45:00,3.64,1.9188647
2018-12-23 10:00:00,3.64,2.041899
2018-12-23 10:15:00,3.67,2.0418677
2018-12-23 10:30:00,3.71,2.0517254
2018-12-23 10:45:00,3.71,2.0456314
2018-12-23 11:00:00,3.74,2.0678935
2018-12-23 11:15:00,3.78,2.0622432
2018-12-23 11:30:00,3.71,2.057572
2018-12-23 11:45:00,3.74,2.1301692
2018-12-23 12:00:00,3.96,2.0709307
2018-12-23 12:15:00,4.86,2.149578
2018-12-23 12:30:00,5.54,2.1713736
2018-12-23 12:45:00,4.54,2.1367314
2018-12-23 13:00:00,4.36,2.1724675
2018-12-23 13:15:00,3.67,2.2032459
2018-12-23 13:30:00,3.67,2.2039132
2018-12-23 13:45:00,3.67,2.2045777
2018-12-23 14:00:00,3.67,2.2625759
2018-12-23 14:15:00,3.71,2.2112725
2018-12-23 14:30:00,3.67,2.1580486
2018-12-23 14:45:00,3.67,2.1439211
2018-12-23 15:00:00,3.67,2.1918921
2018-12-23 15:15:00,3.64,2.2023697
2018-12-23 15:30:00,3.67,2.1956403
2018-12-23 15:45:00,3.74,2.1594024
2018-12-23 16:00:00,4.36,2.203868
2018-12-23 16:15:00,4.36,2.1810384
2018-12-23 16:30:00,5.0,2.171296
2018-12-23 16:45:00,5.33,2.1795244
2018-12-23 17:00:00,3.6,2.3872623
2018-12-23 17:15:00,3.56,2.28617
2018-12-23 17:30:00,3.6,2.2006338
2018-12-23 17:45:00,3.67,2.1814952
2018-12-23 18:00:00,3.49,2.2007523
2018-12-23 18:15:00,3.49,2.1599488
2018-12-23 18:30:00,3.49,2.1488693
2018-12-23 18:45:00,3.64,2.157498
2018-12-23 19:00:00,3.64,2.168796
2018-12-23 19:15:00,4.03,2.145825
2018-12-23 19:30:00,4.25,2.134174
2018-12-23 19:45:00,4.28,2.137241
2018-12-23 20:00:00,4.25,2.1250734
2018-12-23 20:15:00,4.0,2.1015942
2018-12-23 20:30:00,3.49,2.1014202
2018-12-23 20:45:00,4.21,2.0988593
2018-12-23 21:00:00,4.14,2.0899732
2018-12-23 21:15:00,3.49,2.090818
2018-12-23 21:30:00,3.42,2.1161084
2018-12-23 21:45:00,3.46,2.050256
2018-12-23 22:00:00,3.53,1.9900774
2018-12-23 22:15:00,3.2,1.9580053
2018-12-23 22:30:00,3.2,1.9501102
2018-12-23 22:45:00,3.2,1.9478884
2018-12-23 23:00:00,3.96,1.8761158
2018-12-23 23:15:00,4.0,1.8189235
2018-12-23 23:30:00,4.0,1.7625681
2018-12-23 23:45:00,4.0,1.711606
2018-12-24 00:00:00,3.78,3.650886
2018-12-24 00:15:00,3.35,3.2184167
2018-12-24 00:30:00,3.38,3.0866027
2018-12-24 00:45:00,3.38,3.1891823
2018-12-24 01:00:00,3.96,3.648817
2018-12-24 01:15:00,3.89,4.400475
2018-12-24 01:30:00,3.38,4.5052795
2018-12-24 01:45:00,3.35,4.44348
2018-12-24 02:00:00,3.49,3.4436107
2018-12-24 02:15:00,3.38,3.1534948
2018-12-24 02:30:00,3.42,2.9407353
2018-12-24 02:45:00,4.0,2.774477
2018-12-24 03:00:00,4.07,2.5460668
2018-12-24 03:15:00,4.14,2.575283
2018-12-24 03:30:00,4.1,2.7417576
2018-12-24 03:45:00,3.96,3.2569292
2018-12-24 04:00:00,3.35,3.8187609
2018-12-24 04:15:00,3.38,5.3958373
2018-12-24 04:30:00,3.64,7.1547427
2018-12-24 04:45:00,4.07,9.045628
2018-12-24 05:00:00,3.42,10.476003
2018-12-24 05:15:00,3.31,11.796984
2018-12-24 05:30:00,3.35,12.5907955
2018-12-24 05:45:00,3.35,12.978856
2018-12-24 06:00:00,3.35,12.49548
2018-12-24 06:15:00,3.38,13.158541
2018-12-24 06:30:00,3.6,14.082618
2018-12-24 06:45:00,4.03,15.097827
2018-12-24 07:00:00,4.0,15.377394
2018-12-24 07:15:00,3.96,17.024826
2018-12-24 07:30:00,4.54,19.16085
2018-12-24 07:45:00,5.36,21.835482
2018-12-24 08:00:00,6.52,23.840826
2018-12-24 08:15:00,21.89,27.211609
2018-12-24 08:30:00,59.62,30.816748
2018-12-24 08:45:00,64.58,33.523006
2018-12-24 09:00:00,67.18,34.341267
2018-12-24 09:15:00,69.44,35.769592
2018-12-24 09:30:00,65.38,37.04287
2018-12-24 09:45:00,67.0,38.279804
2018-12-24 10:00:00,56.27,38.62615
2018-12-24 10:15:00,54.18,39.986843
2018-12-24 10:30:00,58.39,41.45071
2018-12-24 10:45:00,54.86,43.02457
2018-12-24 11:00:00,54.18,43.85418
2018-12-24 11:15:00,55.55,45.83691
2018-12-24 11:30:00,53.21,47.902744
2018-12-24 11:45:00,53.03,50.020336
2018-12-24 12:00:00,40.64,51.183678
2018-12-24 12:15:00,6.91,53.66218
2018-12-24 12:30:00,6.91,56.04108
2018-12-24 12:45:00,6.48,56.88489
2018-12-24 13:00:00,6.12,56.56003
2018-12-24 13:15:00,34.49,56.47497
2018-12-24 13:30:00,46.98,56.442657
2018-12-24 13:45:00,38.2,56.38847
2018-12-24 14:00:00,37.84,55.35659
2018-12-24 14:15:00,43.45,55.155975
2018-12-24 14:30:00,63.9,54.817314
2018-12-24 14:45:00,38.48,54.41827
2018-12-24 15:00:00,38.12,53.136784
2018-12-24 15:15:00,45.25,52.795105
2018-12-24 15:30:00,51.12,52.693096
2018-12-24 15:45:00,45.72,52.90085
2018-12-24 16:00:00,51.7,52.906677
2018-12-24 16:15:00,47.2,53.610718
2018-12-24 16:30:00,69.55,54.50889
2018-12-24 16:45:00,44.82,55.147675
2018-12-24 17:00:00,40.86,52.81327
2018-12-24 17:15:00,33.66,51.35095
2018-12-24 17:30:00,9.86,49.854626
2018-12-24 17:45:00,6.73,48.21416
2018-12-24 18:00:00,5.29,45.27421
2018-12-24 18:15:00,5.22,43.146404
2018-12-24 18:30:00,5.18,40.914745
2018-12-24 18:45:00,5.33,38.791943
2018-12-24 19:00:00,5.04,35.779694
2018-12-24 19:15:00,4.14,34.497013
2018-12-24 19:30:00,4.18,34.126408
2018-12-24 19:45:00,4.1,34.721313
2018-12-24 20:00:00,4.18,34.723198
2018-12-24 20:15:00,4.1,34.779404
2018-12-24 20:30:00,4.14,33.490913
2018-12-24 20:45:00,4.21,32.43898
2018-12-24 21:00:00,4.18,29.972288
2018-12-24 21:15:00,4.18,27.643894
2018-12-24 21:30:00,4.14,25.285639
2018-12-24 21:45:00,4.18,22.973333
2018-12-24 22:00:00,5.4,19.74019
2018-12-24 22:15:00,4.5,17.179846
2018-12-24 22:30:00,3.92,14.791122
2018-12-24 22:45:00,3.89,12.678917
2018-12-24 23:00:00,3.85,10.90023
2018-12-24 23:15:00,3.85,10.709771
2018-12-24 23:30:00,3.82,11.342665
2018-12-24 23:45:00,3.85,12.49064
2018-12-25 00:00:00,3.13,3.440711
2018-12-25 00:15:00,3.85,3.3222265
2018-12-25 00:30:00,3.92,3.2048457
2018-12-25 00:45:00,3.89,3.1065369
2018-12-25 01:00:00,3.85,2.9700587
2018-12-25 01:15:00,3.56,2.8975143
2018-12-25 01:30:00,3.2,2.7584238
2018-12-25 01:45:00,3.92,2.6728022
2018-12-25 02:00:00,3.64,2.513619
2018-12-25 02:15:00,3.17,2.4787874
2018-12-25 02:30:00,3.17,2.5048053
2018-12-25 02:45:00,3.2,2.6638036
2018-12-25 03:00:00,3.24,2.6965919
2018-12-25 03:15:00,3.2,2.8590586
2018-12-25 03:30:00,3.2,3.0007377
2018-12-25 03:45:00,3.28,3.1648343
2018-12-25 04:00:00,3.96,3.0621483
2018-12-25 04:15:00,3.96,3.1914957
2018-12-25 04:30:00,3.92,3.3435428
2018-12-25 04:45:00,3.89,3.5540638
2018-12-25 05:00:00,3.35,3.3751569
2018-12-25 05:15:00,3.24,3.3957024
2018-12-25 05:30:00,3.35,3.4664936
2018-12-25 05:45:00,3.96,3.577529
2018-12-25 06:00:00,3.71,3.5812008
2018-12-25 06:15:00,3.17,3.8763561
2018-12-25 06:30:00,3.2,4.681894
2018-12-25 06:45:00,3.2,6.482295
2018-12-25 07:00:00,3.17,7.7566504
2018-12-25 07:15:00,3.24,9.920258
2018-12-25 07:30:00,3.85,12.642032
2018-12-25 07:45:00,3.92,15.85621
2018-12-25 08:00:00,3.89,18.620838
2018-12-25 08:15:00,3.89,32.91232
2018-12-25 08:30:00,3.49,50.66367
2018-12-25 08:45:00,3.24,50.89692
2018-12-25 09:00:00,3.38,47.598633
2018-12-25 09:15:00,3.49,46.88928
2018-12-25 09:30:00,3.46,47.492496
2018-12-25 09:45:00,3.82,49.172886
2018-12-25 10:00:00,3.96,48.10196
2018-12-25 10:15:00,3.42,49.2499
2018-12-25 10:30:00,3.53,51.966293
2018-12-25 10:45:00,3.46,52.721996
2018-12-25 11:00:00,3.46,52.904373
2018-12-25 11:15:00,3.78,53.96089
2018-12-25 11:30:00,4.18,52.791203
2018-12-25 11:45:00,4.28,50.91119
2018-12-25 12:00:00,4.18,39.50093
2018-12-25 12:15:00,4.07,4.1448503
2018-12-25 12:30:00,3.56,3.7105684
2018-12-25 12:45:00,3.53,3.4306812
2018-12-25 13:00:00,3.53,3.765327
2018-12-25 13:15:00,5.04,22.551594
2018-12-25 13:30:00,4.07,49.711933
2018-12-25 13:45:00,3.42,49.59036
2018-12-25 14:00:00,3.42,48.0492
2018-12-25 14:15:00,3.49,49.60571
2018-12-25 14:30:00,3.46,53.156178
2018-12-25 14:45:00,3.53,48.031013
2018-12-25 15:00:00,4.14,46.279045
2018-12-25 15:15:00,4.14,48.454628
2018-12-25 15:30:00,4.14,49.94372
2018-12-25 15:45:00,4.1,48.494846
2018-12-25 16:00:00,3.67,48.56495
2018-12-25 16:15:00,3.46,47.100636
2018-12-25 16:30:00,3.42,50.642334
2018-12-25 16:45:00,3.46,45.108833
2018-12-25 17:00:00,3.42,41.03304
2018-12-25 17:15:00,3.46,36.02447
2018-12-25 17:30:00,4.0,14.92729
2018-12-25 17:45:00,4.0,4.6466513
2018-12-25 18:00:00,3.38,3.6286066
2018-12-25 18:15:00,3.38,4.2619944
2018-12-25 18:30:00,3.74,6.001158
2018-12-25 18:45:00,4.1,9.776983
2018-12-25 19:00:00,4.18,12.176502
2018-12-25 19:15:00,4.1,13.251551
2018-12-25 19:30:00,4.18,14.90325
2018-12-25 19:45:00,3.64,18.203987
2018-12-25 20:00:00,3.46,21.631468
2018-12-25 20:15:00,3.46,25.632412
2018-12-25 20:30:00,3.38,28.398361
2018-12-25 20:45:00,3.42,29.576426
2018-12-25 21:00:00,3.42,28.22569
2018-12-25 21:15:00,3.42,26.621574
2018-12-25 21:30:00,4.03,24.411724
2018-12-25 21:45:00,4.14,22.136011
2018-12-25 22:00:00,3.49,19.886505
2018-12-25 22:15:00,3.2,17.581669
2018-12-25 22:30:00,3.85,15.1005945
2018-12-25 22:45:00,3.89,12.932439
2018-12-25 23:00:00,3.89,9.961726
2018-12-25 23:15:00,3.85,8.02292
2018-12-25 23:30:00,3.64,6.230073
2018-12-25 23:45:00,3.31,4.6620364
2018-12-26 00:00:00,3.67,3.5997734
2018-12-26 00:15:00,3.24,3.4558668
2018-12-26 00:30:00,3.24,3.2776153
2018-12-26 00:45:00,3.2,3.1485143
2018-12-26 01:00:00,3.31,2.9317236
2018-12-26 01:15:00,3.24,2.782673
2018-12-26 01:30:00,3.28,2.6062648
2018-12-26 01:45:00,3.24,2.5248313
2018-12-26 02:00:00,3.24,2.2158303
2018-12-26 02:15:00,3.78,1.9883951
2018-12-26 02:30:00,3.96,1.786019
2018-12-26 02:45:00,4.97,1.6110122
2018-12-26 03:00:00,4.36,1.4997174
2018-12-26 03:15:00,3.71,1.4652116
2018-12-26 03:30:00,3.28,1.4460475
2018-12-26 03:45:00,3.31,1.4364887
2018-12-26 04:00:00,3.28,1.5288959
2018-12-26 04:15:00,3.28,1.5214981
2018-12-26 04:30:00,3.2,1.5009145
2018-12-26 04:45:00,3.24,1.473768
2018-12-26 05:00:00,3.28,1.3988745
2018-12-26 05:15:00,3.2,1.3449204
2018-12-26 05:30:00,3.24,1.3172351
2018-12-26 05:45:00,3.2,1.3454936
2018-12-26 06:00:00,4.79,1.2771282
2018-12-26 06:15:00,4.86,1.1416836
2018-12-26 06:30:00,3.92,1.072468
2018-12-26 06:45:00,3.82,1.0429461
2018-12-26 07:00:00,3.35,1.0670099
2018-12-26 07:15:00,3.17,1.1228671
2018-12-26 07:30:00,3.42,1.353765
2018-12-26 07:45:00,4.82,1.5940727
2018-12-26 08:00:00,5.0,1.8455215
2018-12-26 08:15:00,34.52,2.1673732
2018-12-26 08:30:00,48.06,2.9314523
2018-12-26 08:45:00,78.23,8.337579
2018-12-26 09:00:00,51.08,14.612964
2018-12-26 09:15:00,70.99,20.310722
2018-12-26 09:30:00,65.74,23.509106
2018-12-26 09:45:00,52.96,21.620808
2018-12-26 10:00:00,55.44,10.445444
2018-12-26 10:15:00,52.06,2.38784
2018-12-26 10:30:00,57.64,2.2110834
2018-12-26 10:45:00,62.21,2.240786
2018-12-26 11:00:00,45.58,2.2756407
2018-12-26 11:15:00,54.58,3.1738224
2018-12-26 11:30:00,55.15,41.280704
2018-12-26 11:45:00,58.64,34.580746
2018-12-26 12:00:00,31.28,32.30274
2018-12-26 12:15:00,6.77,31.394894
2018-12-26 12:30:00,7.09,30.086203
2018-12-26 12:45:00,6.95,28.767162
2018-12-26 13:00:00,6.41,26.24227
2018-12-26 13:15:00,20.66,24.005192
2018-12-26 13:30:00,59.9,17.938549
2018-12-26 13:45:00,55.3,11.4332285
2018-12-26 14:00:00,51.41,6.38005
2018-12-26 14:15:00,57.02,4.8593745
2018-12-26 14:30:00,43.06,9.40989
2018-12-26 14:45:00,41.4,20.400658
2018-12-26 15:00:00,52.92,28.50157
2018-12-26 15:15:00,53.42,35.347446
2018-12-26 15:30:00,40.68,38.64478
2018-12-26 15:45:00,40.64,38.548866
2018-12-26 16:00:00,41.47,35.50171
2018-12-26 16:15:00,56.2,25.950144
2018-12-26 16:30:00,59.04,15.130638
2018-12-26 16:45:00,54.68,32.605835
2018-12-26 17:00:00,57.67,32.52902
2018-12-26 17:15:00,54.79,31.634958
2018-12-26 17:30:00,34.42,30.798243
2018-12-26 17:45:00,9.5,29.699099
2018-12-26 18:00:00,5.22,26.881168
2018-12-26 18:15:00,5.04,24.964834
2018-12-26 18:30:00,5.04,23.323986
2018-12-26 18:45:00,5.08,21.894783
2018-12-26 19:00:00,5.08,19.567438
2018-12-26 19:15:00,4.68,18.17153
2018-12-26 19:30:00,3.92,17.156445
2018-12-26 19:45:00,3.89,15.894836
2018-12-26 20:00:00,3.85,13.930857
2018-12-26 20:15:00,3.89,13.106743
2018-12-26 20:30:00,3.89,12.17087
2018-12-26 20:45:00,3.96,11.093056
2018-12-26 21:00:00,3.89,8.953427
2018-12-26 21:15:00,3.96,7.50219
2018-12-26 21:30:00,4.0,6.6663547
2018-12-26 21:45:00,3.96,5.8859267
2018-12-26 22:00:00,4.07,4.3919625
2018-12-26 22:15:00,4.0,3.6958961
2018-12-26 22:30:00,4.9,3.557574
2018-12-26 22:45:00,4.1,3.3896527
2018-12-26 23:00:00,3.71,3.1085486
2018-12-26 23:15:00,3.74,2.9704285
2018-12-26 23:30:00,3.64,2.8097057
2018-12-26 23:45:00,3.67,2.6216135
2018-12-27 00:00:00,3.74,3.1752024
2018-12-27 00:15:00,3.64,3.0364966
2018-12-27 00:30:00,3.74,2.9344897
2018-12-27 00:45:00,3.71,2.8315191
2018-12-27 01:00:00,3.71,2.660585
2018-12-27 01:15:00,3.67,2.5749683
2018-12-27 01:30:00,3.67,2.5197887
2018-12-27 01:45:00,3.78,2.4788146
2018-12-27 02:00:00,4.18,2.3745704
2018-12-27 02:15:00,4.86,2.4592512
2018-12-27 02:30:00,4.21,2.539896
2018-12-27 02:45:00,3.71,2.7493043
2018-12-27 03:00:00,3.78,2.6933393
2018-12-27 03:15:00,3.67,2.6877117
2018-12-27 03:30:00,3.71,2.6822455
2018-12-27 03:45:00,3.24,2.7344375
2018-12-27 04:00:00,3.02,2.672368
2018-12-27 04:15:00,2.99,2.733489
2018-12-27 04:30:00,2.99,2.790986
2018-12-27 04:45:00,2.95,2.8728025
2018-12-27 05:00:00,2.95,2.856318
2018-12-27 05:15:00,2.95,2.9192605
2018-12-27 05:30:00,2.95,3.0176077
2018-12-27 05:45:00,2.95,3.150042
2018-12-27 06:00:00,3.42,3.6124551
2018-12-27 06:15:00,3.74,4.127526
2018-12-27 06:30:00,4.86,4.332531
2018-12-27 06:45:00,4.21,4.9140124
2018-12-27 07:00:00,3.6,4.849273
2018-12-27 07:15:00,2.88,5.4890475
2018-12-27 07:30:00,3.2,6.5473046
2018-12-27 07:45:00,4.9,9.012933
2018-12-27 08:00:00,5.65,10.695654
2018-12-27 08:15:00,32.0,35.66033
2018-12-27 08:30:00,52.63,46.176353
2018-12-27 08:45:00,73.66,50.324154
2018-12-27 09:00:00,63.47,44.007114
2018-12-27 09:15:00,56.77,45.5223
2018-12-27 09:30:00,53.93,46.416294
2018-12-27 09:45:00,59.4,45.93623
2018-12-27 10:00:00,76.03,47.06354
2018-12-27 10:15:00,47.81,47.922516
2018-12-27 10:30:00,45.83,50.961304
2018-12-27 10:45:00,52.63,53.412724
2018-12-27 11:00:00,68.69,48.953033
2018-12-27 11:15:00,51.16,52.64833
2018-12-27 11:30:00,51.52,52.67626
2018-12-27 11:45:00,54.83,52.25404
2018-12-27 12:00:00,59.62,30.30577
2018-12-27 12:15:00,13.54,4.0382853
2018-12-27 12:30:00,6.62,3.6165159
2018-12-27 12:45:00,6.59,3.1902733
2018-12-27 13:00:00,17.82,3.5453234
2018-12-27 13:15:00,40.57,11.141062
2018-12-27 13:30:00,43.7,49.69366
2018-12-27 13:45:00,46.84,52.63171
2018-12-27 14:00:00,53.32,50.118923
2018-12-27 14:15:00,55.01,50.668552
2018-12-27 14:30:00,61.74,47.597347
2018-12-27 14:45:00,54.14,46.71262
2018-12-27 15:00:00,53.5,48.728214
2018-12-27 15:15:00,44.75,48.941544
2018-12-27 15:30:00,42.95,45.51533
2018-12-27 15:45:00,60.84,44.924976
2018-12-27 16:00:00,63.04,44.129055
2018-12-27 16:15:00,59.58,47.846226
2018-12-27 16:30:00,63.22,48.10923
2018-12-27 16:45:00,45.79,46.547474
2018-12-27 17:00:00,41.58,45.421394
2018-12-27 17:15:00,54.58,43.799408
2018-12-27 17:30:00,36.72,33.753654
2018-12-27 17:45:00,29.38,8.183507
2018-12-27 18:00:00,28.48,2.9089003
2018-12-27 18:15:00,48.56,3.0634716
2018-12-27 18:30:00,53.82,3.6309164
2018-12-27 18:45:00,53.5,4.5816092
2018-12-27 19:00:00,53.14,6.6672196
2018-12-27 19:15:00,51.01,8.542472
2018-12-27 19:30:00,47.99,8.383069
2018-12-27 19:45:00,49.18,8.246787
2018-12-27 20:00:00,50.33,8.974775
2018-12-27 20:15:00,50.04,12.58996
2018-12-27 20:30:00,40.93,16.896303
2018-12-27 20:45:00,14.51,20.746181
2018-12-27 21:00:00,8.35,22.066324
2018-12-27 21:15:00,5.26,22.67896
2018-12-27 21:30:00,5.26,21.875834
2018-12-27 21:45:00,5.26,20.185095
2018-12-27 22:00:00,4.5,17.247587
2018-12-27 22:15:00,3.89,15.054168
2018-12-27 22:30:00,3.85,13.550301
2018-12-27 22:45:00,3.82,11.211099
2018-12-27 23:00:00,3.82,7.8844485
2018-12-27 23:15:00,3.82,5.8508687
2018-12-27 23:30:00,3.78,4.1946697
2018-12-27 23:45:00,3.74,3.2704065
2018-12-28 00:00:00,4.82,2.9315429
2018-12-28 00:15:00,3.74,2.746512
2018-12-28 00:30:00,3.78,2.619547
2018-12-28 00:45:00,3.85,2.4855728
2018-12-28 01:00:00,4.14,2.3590345
2018-12-28 01:15:00,4.9,2.2500029
2018-12-28 01:30:00,4.14,2.1314018
2018-12-28 01:45:00,3.82,1.9945819
2018-12-28 02:00:00,3.85,1.8179095
2018-12-28 02:15:00,3.82,1.643851
2018-12-28 02:30:00,3.82,1.382658
2018-12-28 02:45:00,3.82,1.2745037
2018-12-28 03:00:00,3.82,1.2375908
2018-12-28 03:15:00,3.89,1.2080052
2018-12-28 03:30:00,3.89,1.2023537
2018-12-28 03:45:00,3.85,1.1476783
2018-12-28 04:00:00,3.82,1.1014243
2018-12-28 04:15:00,4.07,1.1006259
2018-12-28 04:30:00,5.04,1.114044
2018-12-28 04:45:00,4.1,1.1292114
2018-12-28 05:00:00,3.82,1.12915
2018-12-28 05:15:00,3.89,1.1467309
2018-12-28 05:30:00,3.38,1.1616886
2018-12-28 05:45:00,3.17,1.1728721
2018-12-28 06:00:00,3.06,1.2037143
2018-12-28 06:15:00,3.06,1.230648
2018-12-28 06:30:00,3.1,1.3431262
2018-12-28 06:45:00,3.06,1.2773792
2018-12-28 07:00:00,3.1,1.2326362
2018-12-28 07:15:00,3.38,1.1813611
2018-12-28 07:30:00,4.97,1.2859225
2018-12-28 07:45:00,6.7,1.6179391
2018-12-28 08:00:00,6.16,1.9862906
2018-12-28 08:15:00,35.75,28.145035
2018-12-28 08:30:00,57.78,48.365383
2018-12-28 08:45:00,57.74,53.64771
2018-12-28 09:00:00,66.46,53.35805
2018-12-28 09:15:00,66.82,51.60505
2018-12-28 09:30:00,59.9,48.32972
2018-12-28 09:45:00,63.32,48.49578
2018-12-28 10:00:00,57.17,50.380863
2018-12-28 10:15:00,55.91,46.721996
2018-12-28 10:30:00,62.42,47.37425
2018-12-28 10:45:00,59.72,51.20502
2018-12-28 11:00:00,62.71,54.534664
2018-12-28 11:15:00,57.82,49.847885
2018-12-28 11:30:00,64.94,48.582775
2018-12-28 11:45:00,58.97,48.447014
2018-12-28 12:00:00,47.05,47.861282
2018-12-28 12:15:00,10.01,5.3583684
2018-12-28 12:30:00,7.81,3.8502135
2018-12-28 12:45:00,7.27,3.5065122
2018-12-28 13:00:00,7.31,4.468429
2018-12-28 13:15:00,42.55,25.329126
2018-12-28 13:30:00,56.12,46.609196
2018-12-28 13:45:00,45.0,48.557972
2018-12-28 14:00:00,45.22,48.91514
2018-12-28 14:15:00,42.62,49.261284
2018-12-28 14:30:00,34.2,50.26437
2018-12-28 14:45:00,42.8,49.06942
2018-12-28 15:00:00,48.02,47.982475
2018-12-28 15:15:00,44.6,45.843857
2018-12-28 15:30:00,35.78,45.089996
2018-12-28 15:45:00,32.62,49.353565
2018-12-28 16:00:00,31.39,48.83391
2018-12-28 16:15:00,30.06,47.858353
2018-12-28 16:30:00,30.13,47.95002
2018-12-28 16:45:00,23.58,42.27567
2018-12-28 17:00:00,8.57,38.13495
2018-12-28 17:15:00,9.58,42.439365
2018-12-28 17:30:00,9.14,34.026493
2018-12-28 17:45:00,5.47,25.873575
2018-12-28 18:00:00,5.08,21.55303
2018-12-28 18:15:00,5.08,36.1576
2018-12-28 18:30:00,5.11,41.019638
2018-12-28 18:45:00,5.15,40.554543
2018-12-28 19:00:00,5.15,38.515133
2018-12-28 19:15:00,5.15,36.534645
2018-12-28 19:30:00,5.18,34.066975
2018-12-28 19:45:00,5.22,33.255413
2018-12-28 20:00:00,5.15,31.611057
2018-12-28 20:15:00,5.15,30.276855
2018-12-28 20:30:00,5.18,24.828049
2018-12-28 20:45:00,5.26,5.2554426
2018-12-28 21:00:00,5.18,3.3810558
2018-12-28 21:15:00,5.15,2.7528596
2018-12-28 21:30:00,5.26,2.6070585
2018-12-28 21:45:00,5.26,2.3621387
2018-12-28 22:00:00,5.22,1.9924796
2018-12-28 22:15:00,4.97,1.6495574
2018-12-28 22:30:00,4.97,1.6226857
2018-12-28 22:45:00,4.93,1.729205
2018-12-28 23:00:00,5.04,1.6492698
2018-12-28 23:15:00,4.86,1.3893199
2018-12-28 23:30:00,4.86,1.1104378
2018-12-28 23:45:00,4.86,0.9125712
2018-12-29 00:00:00,4.28,1.7292404
2018-12-29 00:15:00,4.9,1.6410087
2018-12-29 00:30:00,4.82,1.6309155
2018-12-29 00:45:00,3.85,1.6195543
2018-12-29 01:00:00,3.74,1.636076
2018-12-29 01:15:00,3.82,1.6996133
2018-12-29 01:30:00,3.78,1.6275201
2018-12-29 01:45:00,3.67,1.5438211
2018-12-29 02:00:00,3.74,1.5122501
2018-12-29 02:15:00,3.71,1.488925
2018-12-29 02:30:00,3.82,1.4803121
2018-12-29 02:45:00,3.78,1.4768742
2018-12-29 03:00:00,3.71,1.4832942
2018-12-29 03:15:00,3.74,1.4874282
2018-12-29 03:30:00,3.78,1.4862535
2018-12-29 03:45:00,3.78,1.4801097
2018-12-29 04:00:00,3.74,1.4888806
2018-12-29 04:15:00,3.02,1.5155399
2018-12-29 04:30:00,3.74,1.6048799
2018-12-29 04:45:00,3.6,1.5211064
2018-12-29 05:00:00,3.06,1.549376
2018-12-29 05:15:00,3.02,1.54597
2018-12-29 05:30:00,3.02,1.4999784
2018-12-29 05:45:00,2.99,1.4851642
2018-12-29 06:00:00,3.06,1.552157
2018-12-29 06:15:00,3.06,1.5722506
2018-12-29 06:30:00,3.67,1.6036286
2018-12-29 06:45:00,3.74,1.61362
2018-12-29 07:00:00,3.71,1.6848469
2018-12-29 07:15:00,3.67,1.7176214
2018-12-29 07:30:00,3.38,1.849056
2018-12-29 07:45:00,3.02,1.983975
2018-12-29 08:00:00,2.92,2.0490823
2018-12-29 08:15:00,2.95,4.384632
2018-12-29 08:30:00,3.13,8.874875
2018-12-29 08:45:00,3.78,12.503007
2018-12-29 09:00:00,3.24,14.856108
2018-12-29 09:15:00,3.17,16.284655
2018-12-29 09:30:00,3.2,14.793083
2018-12-29 09:45:00,3.31,12.371841
2018-12-29 10:00:00,4.03,10.134965
2018-12-29 10:15:00,4.03,10.618367
2018-12-29 10:30:00,4.03,12.907224
2018-12-29 10:45:00,4.03,13.631603
2018-12-29 11:00:00,6.19,14.3876095
2018-12-29 11:15:00,26.17,13.923101
2018-12-29 11:30:00,9.36,15.500517
2018-12-29 11:45:00,3.64,12.791549
2018-12-29 12:00:00,4.14,5.1965833
2018-12-29 12:15:00,3.78,2.377638
2018-12-29 12:30:00,3.46,2.7278934
2018-12-29 12:45:00,3.42,2.5463018
2018-12-29 13:00:00,3.42,2.4932265
2018-12-29 13:15:00,4.1,4.2463946
2018-12-29 13:30:00,4.14,12.365261
2018-12-29 13:45:00,4.07,10.492088
2018-12-29 14:00:00,4.03,9.043632
2018-12-29 14:15:00,3.92,8.266551
2018-12-29 14:30:00,3.31,5.5587397
2018-12-29 14:45:00,3.35,8.084011
2018-12-29 15:00:00,3.31,8.775006
2018-12-29 15:15:00,3.31,7.9537835
2018-12-29 15:30:00,3.31,5.0003886
2018-12-29 15:45:00,3.35,3.4255185
2018-12-29 16:00:00,3.49,2.3949873
2018-12-29 16:15:00,4.1,2.2251377
2018-12-29 16:30:00,3.71,2.2213995
2018-12-29 16:45:00,3.67,1.8469212
2018-12-29 17:00:00,4.1,1.3238072
2018-12-29 17:15:00,4.07,1.6321955
2018-12-29 17:30:00,4.07,1.8591238
2018-12-29 17:45:00,4.1,1.8210757
2018-12-29 18:00:00,3.56,1.8386167
2018-12-29 18:15:00,3.31,1.9859583
2018-12-29 18:30:00,3.24,2.174075
2018-12-29 18:45:00,3.35,2.2534866
2018-12-29 19:00:00,3.31,2.1289706
2018-12-29 19:15:00,3.35,2.098803
2018-12-29 19:30:00,3.35,2.1061397
2018-12-29 19:45:00,3.31,2.1328657
2018-12-29 20:00:00,3.71,1.9574109
2018-12-29 20:15:00,4.36,1.9101355
2018-12-29 20:30:00,4.28,1.8359149
2018-12-29 20:45:00,4.14,1.7926538
2018-12-29 21:00:00,4.1,1.6957939
2018-12-29 21:15:00,4.07,1.7105968
2018-12-29 21:30:00,3.85,1.7543435
2018-12-29 21:45:00,3.46,1.8051956
2018-12-29 22:00:00,3.31,1.7684554
2018-12-29 22:15:00,3.13,1.7987893
2018-12-29 22:30:00,3.13,1.8281488
2018-12-29 22:45:00,3.13,1.8443551
2018-12-29 23:00:00,3.17,1.7824833
2018-12-29 23:15:00,3.06,1.7564172
2018-12-29 23:30:00,2.99,1.7149689
2018-12-29 23:45:00,3.42,1.6780894
2018-12-30 00:00:00,3.1,2.2917128
2018-12-30 00:15:00,3.92,2.2573514
2018-12-30 00:30:00,3.82,2.1976979
2018-12-30 00:45:00,3.74,2.094077
2018-12-30 01:00:00,3.78,2.053311
2018-12-30 01:15:00,3.42,2.0088477
2018-12-30 01:30:00,3.17,1.9626522
2018-12-30 01:45:00,3.02,1.9181209
2018-12-30 02:00:00,3.1,1.9041462
2018-12-30 02:15:00,3.06,1.8707917
2018-12-30 02:30:00,3.1,1.8461697
2018-12-30 02:45:00,3.13,1.8160173
2018-12-30 03:00:00,3.1,1.8031429
2018-12-30 03:15:00,3.13,1.7808238
2018-12-30 03:30:00,3.6,1.7479614
2018-12-30 03:45:00,4.86,1.7025151
2018-12-30 04:00:00,3.85,1.7420652
2018-12-30 04:15:00,3.82,1.6811537
2018-12-30 04:30:00,3.82,1.7193378
2018-12-30 04:45:00,3.46,1.701633
2018-12-30 05:00:00,3.17,1.7190589
2018-12-30 05:15:00,3.13,1.6842024
2018-12-30 05:30:00,3.1,1.6605189
2018-12-30 05:45:00,3.1,1.6421137
2018-12-30 06:00:00,3.1,1.6991276
2018-12-30 06:15:00,3.13,1.6781642
2018-12-30 06:30:00,3.13,1.7011585
2018-12-30 06:45:00,3.1,1.6896708
2018-12-30 07:00:00,3.82,1.7199689
2018-12-30 07:15:00,4.36,1.6798935
2018-12-30 07:30:00,4.97,1.4038903
2018-12-30 07:45:00,3.96,1.1220263
2018-12-30 08:00:00,3.46,1.1709793
2018-12-30 08:15:00,3.06,1.150734
2018-12-30 08:30:00,3.06,1.1687083
2018-12-30 08:45:00,3.17,1.3693258
2018-12-30 09:00:00,3.28,1.6246974
2018-12-30 09:15:00,3.35,1.662096
2018-12-30 09:30:00,3.38,1.6682913
2018-12-30 09:45:00,3.35,1.6799423
2018-12-30 10:00:00,3.46,1.7916212
2018-12-30 10:15:00,3.38,1.8020284
2018-12-30 10:30:00,4.0,1.8064075
2018-12-30 10:45:00,4.1,1.8021483
2018-12-30 11:00:00,4.1,2.0185938
2018-12-30 11:15:00,4.28,3.5371985
2018-12-30 11:30:00,4.61,2.3977208
2018-12-30 11:45:00,3.56,1.9978088
2018-12-30 12:00:00,3.42,2.2445278
2018-12-30 12:15:00,3.46,2.326574
2018-12-30 12:30:00,3.46,1.9099579
2018-12-30 12:45:00,3.31,2.1022415
2018-12-30 13:00:00,3.28,2.1365283
2018-12-30 13:15:00,3.2,2.1476605
2018-12-30 13:30:00,3.24,2.1435213
2018-12-30 13:45:00,3.24,1.9984198
2018-12-30 14:00:00,4.03,2.1234581
2018-12-30 14:15:00,4.0,2.1549845
2018-12-30 14:30:00,4.03,2.1277566
2018-12-30 14:45:00,4.82,2.1229975
2018-12-30 15:00:00,4.1,2.168289
2018-12-30 15:15:00,3.31,2.1449628
2018-12-30 15:30:00,3.24,2.1104062
2018-12-30 15:45:00,3.24,2.066075
2018-12-30 16:00:00,3.35,2.1294363
2018-12-30 16:15:00,3.31,2.1860871
2018-12-30 16:30:00,3.35,2.1774561
2018-12-30 16:45:00,3.24,2.1836467
2018-12-30 17:00:00,3.24,2.2752414
2018-12-30 17:15:00,3.42,2.2832685
2018-12-30 17:30:00,4.0,2.2990599
2018-12-30 17:45:00,4.75,2.3029785
2018-12-30 18:00:00,4.68,2.269436
2018-12-30 18:15:00,3.89,2.1794095
2018-12-30 18:30:00,3.53,2.106472
2018-12-30 18:45:00,3.2,2.0867343
2018-12-30 19:00:00,3.28,2.0855958
2018-12-30 19:15:00,3.24,2.041415
2018-12-30 19:30:00,3.24,2.0123167
2018-12-30 19:45:00,3.2,1.9623047
2018-12-30 20:00:00,3.24,1.9107386
2018-12-30 20:15:00,3.31,1.8750836
2018-12-30 20:30:00,3.24,1.8189721
2018-12-30 20:45:00,3.78,1.7651823
2018-12-30 21:00:00,4.32,1.6500952
2018-12-30 21:15:00,4.07,1.6217967
2018-12-30 21:30:00,4.07,1.5960892
2018-12-30 21:45:00,4.03,1.5853834
2018-12-30 22:00:00,4.0,1.5547135
2018-12-30 22:15:00,3.2,1.6087911
2018-12-30 22:30:00,2.99,1.6755865
2018-12-30 22:45:00,3.1,1.690548
2018-12-30 23:00:00,3.02,1.6367797
2018-12-30 23:15:00,2.95,1.6819696
2018-12-30 23:30:00,2.99,1.71658
2018-12-30 23:45:00,2.92,1.7371753
2018-12-31 00:00:00,3.67,8.842886
2018-12-31 00:15:00,3.64,7.4776864
2018-12-31 00:30:00,3.31,4.9206834
2018-12-31 00:45:00,3.49,2.0905674
2018-12-31 01:00:00,3.71,1.7422462
2018-12-31 01:15:00,3.78,1.5474195
2018-12-31 01:30:00,3.71,1.4335134
2018-12-31 01:45:00,3.67,1.3797807
2018-12-31 02:00:00,3.02,1.361588
2018-12-31 02:15:00,2.99,1.3953758
2018-12-31 02:30:00,3.06,1.4719123
2018-12-31 02:45:00,3.02,1.5779338
2018-12-31 03:00:00,3.06,1.7345585
2018-12-31 03:15:00,3.02,2.1787276
2018-12-31 03:30:00,3.46,4.0459485
2018-12-31 03:45:00,3.74,8.041397
2018-12-31 04:00:00,3.06,9.70179
2018-12-31 04:15:00,3.74,11.943973
2018-12-31 04:30:00,3.74,13.757955
2018-12-31 04:45:00,3.78,14.798351
2018-12-31 05:00:00,3.78,14.5413685
2018-12-31 05:15:00,3.56,15.535279
2018-12-31 05:30:00,2.99,16.943983
2018-12-31 05:45:00,3.02,18.609276
2018-12-31 06:00:00,2.95,19.25711
2018-12-31 06:15:00,3.02,20.783678
2018-12-31 06:30:00,2.99,22.157171
2018-12-31 06:45:00,3.02,23.360128
2018-12-31 07:00:00,3.74,23.987413
2018-12-31 07:15:00,3.17,25.561253
2018-12-31 07:30:00,2.95,27.072865
2018-12-31 07:45:00,3.56,27.245462
2018-12-31 08:00:00,3.64,26.19088
2018-12-31 08:15:00,3.6,26.130451
2018-12-31 08:30:00,3.74,26.273802
2018-12-31 08:45:00,3.74,26.421635
2018-12-31 09:00:00,3.06,25.277306
2018-12-31 09:15:00,3.17,24.492683
2018-12-31 09:30:00,3.13,22.562422
2018-12-31 09:45:00,3.17,19.596483
2018-12-31 10:00:00,3.24,21.405243
2018-12-31 10:15:00,3.2,30.050646
2018-12-31 10:30:00,4.03,36.294613
2018-12-31 10:45:00,3.67,39.73572
2018-12-31 11:00:00,3.35,41.43535
2018-12-31 11:15:00,3.35,44.113293
2018-12-31 11:30:00,3.82,46.85745
2018-12-31 11:45:00,4.0,48.25862
2018-12-31 12:00:00,4.07,48.525158
2018-12-31 12:15:00,4.03,49.651608
2018-12-31 12:30:00,4.1,50.568516
2018-12-31 12:45:00,3.35,51.147438
2018-12-31 13:00:00,3.35,50.60592
2018-12-31 13:15:00,3.35,50.75168
2018-12-31 13:30:00,3.31,50.776245
2018-12-31 13:45:00,3.31,50.637268
2018-12-31 14:00:00,3.35,50.252968
2018-12-31 14:15:00,3.35,50.57023
2018-12-31 14:30:00,3.56,50.908512
2018-12-31 14:45:00,4.07,52.204357
2018-12-31 15:00:00,3.53,51.957912
2018-12-31 15:15:00,3.42,51.99426
2018-12-31 15:30:00,4.07,52.073257
2018-12-31 15:45:00,4.07,51.924038
2018-12-31 16:00:00,4.03,50.587505
2018-12-31 16:15:00,4.07,49.740967
2018-12-31 16:30:00,3.92,48.5829
2018-12-31 16:45:00,3.31,46.994328
2018-12-31 17:00:00,3.31,44.196667
2018-12-31 17:15:00,3.35,42.26586
2018-12-31 17:30:00,3.31,40.74842
2018-12-31 17:45:00,3.46,39.9073
2018-12-31 18:00:00,3.42,38.06922
2018-12-31 18:15:00,3.35,36.72118
2018-12-31 18:30:00,3.82,35.82805
2018-12-31 18:45:00,4.14,35.528423
2018-12-31 19:00:00,3.49,34.981236
2018-12-31 19:15:00,3.96,35.18029
2018-12-31 19:30:00,4.14,34.67789
2018-12-31 19:45:00,4.21,33.51578
2018-12-31 20:00:00,4.14,31.033426
2018-12-31 20:15:00,4.18,29.331669
2018-12-31 20:30:00,3.38,27.366312
2018-12-31 20:45:00,3.42,25.855165
2018-12-31 21:00:00,3.42,23.823732
2018-12-31 21:15:00,3.42,22.440529
2018-12-31 21:30:00,3.49,21.222574
2018-12-31 21:45:00,3.42,20.2181
2018-12-31 22:00:00,3.42,18.499043
2018-12-31 22:15:00,3.24,17.20233
2018-12-31 22:30:00,3.67,15.928992
2018-12-31 22:45:00,3.82,14.802568
2018-12-31 23:00:00,3.85,12.549007
2018-12-31 23:15:00,3.74,11.14307
2018-12-31 23:30:00,3.78,9.743204
2018-12-31 23:45:00,3.78,8.196567
