date,actual,Naive (persistence),Seasonal naive (24h),Seasonal naive (7 ngày),Linear Regression,Random Forest,XGBoost
2018-12-01 00:00:00,3.35,3.92,3.96,3.02,1.3365552501847624,11.686163163873953,3.4568868
2018-12-01 00:15:00,3.89,3.92,4.07,3.49,1.488725204766535,3.9614990882612466,3.6502087
2018-12-01 00:30:00,3.85,3.89,4.0,3.56,1.514970549396626,3.878211724518419,3.6443927
2018-12-01 00:45:00,3.89,3.82,4.0,3.56,1.2840158467922542,3.7455426065562856,3.7275572
2018-12-01 01:00:00,3.89,3.35,4.0,3.56,2.448613216468427,3.406447120614311,3.4360209
2018-12-01 01:15:00,4.03,3.89,4.97,3.6,2.782483324656912,3.6614893721963,3.5677164
2018-12-01 01:30:00,3.89,3.85,5.18,3.56,2.822162473334135,3.6529502684840676,3.5704885
2018-12-01 01:45:00,3.92,3.89,4.0,3.49,2.6120261435486043,3.644454605955576,3.5595589
2018-12-01 02:00:00,3.92,3.89,4.0,3.56,3.737492102697612,3.632561666806661,4.475269
2018-12-01 02:15:00,3.96,4.03,4.1,3.6,3.811042739533466,3.784578384065028,3.7218025
2018-12-01 02:30:00,4.03,3.89,4.1,3.6,3.707229699265987,3.7602158297601074,3.7605627
2018-12-01 02:45:00,4.14,3.92,4.07,3.56,3.791005521264392,3.780134426411286,3.7544854
2018-12-01 03:00:00,5.08,3.92,3.85,3.56,4.8640940576425,3.7726262273836833,3.6596487
2018-12-01 03:15:00,4.72,3.96,3.46,3.64,4.45796466970436,3.7910486437537454,3.6397939
2018-12-01 03:30:00,3.96,4.03,3.42,3.56,4.286225988161661,3.7682048977496545,3.6150932
2018-12-01 03:45:00,3.92,4.14,3.46,3.89,4.273118774783786,3.795779181003748,3.7333384
2018-12-01 04:00:00,3.35,5.08,3.42,4.79,5.990320001493373,4.065081758762533,3.9291499
2018-12-01 04:15:00,3.28,4.72,3.42,4.25,5.5612700843842156,4.101810913019364,3.7795234
2018-12-01 04:30:00,3.35,3.96,3.46,3.64,4.987149921409916,3.851827516971963,3.5267756
2018-12-01 04:45:00,3.24,3.92,3.46,3.6,4.732936311463831,3.853714520632665,3.5768273
2018-12-01 05:00:00,3.31,3.35,3.46,3.13,5.5478300545904276,3.299398797295247,3.41812
2018-12-01 05:15:00,3.31,3.28,3.46,3.02,5.093336907591798,3.27024429640339,3.3306491
2018-12-01 05:30:00,3.28,3.35,3.92,3.02,4.795994892645261,3.376278894639534,3.2036352
2018-12-01 05:45:00,3.28,3.24,4.93,3.1,4.397424181812504,3.4907700861757642,3.2554383
2018-12-01 06:00:00,3.2,3.31,5.11,3.02,5.5033988643325955,3.5464916440203447,3.2966406
2018-12-01 06:15:00,3.46,3.31,3.67,3.06,4.926783960934014,3.5607259073816793,3.407768
2018-12-01 06:30:00,4.03,3.28,3.42,3.02,4.503287751332213,3.582124932266954,3.4075854
2018-12-01 06:45:00,3.89,3.28,3.31,3.02,3.763782300660676,3.590302661009346,3.3352156
2018-12-01 07:00:00,3.89,3.2,3.35,3.1,4.431019578751592,3.549266368890567,3.3132393
2018-12-01 07:15:00,4.46,3.46,3.28,3.64,4.106386840043815,3.5132804287080255,3.240391
2018-12-01 07:30:00,3.67,4.03,3.74,3.71,4.010193688909812,3.712560722654459,3.631522
2018-12-01 07:45:00,3.46,3.89,5.22,3.53,3.896683084743639,4.904068013036569,3.5659444
2018-12-01 08:00:00,3.46,3.89,5.33,3.35,4.639336393677176,6.412832887013188,3.6629755
2018-12-01 08:15:00,3.71,4.46,35.57,3.92,19.041427455283227,29.322584566468493,18.100697
2018-12-01 08:30:00,4.72,3.67,62.71,3.13,29.851166566775365,29.851749334762363,24.887459
2018-12-01 08:45:00,4.46,3.46,63.18,3.2,30.599433989202602,30.125573208179254,26.57868
2018-12-01 09:00:00,5.22,3.46,68.11,3.24,36.434005749363536,28.02189801214256,27.600756
2018-12-01 09:15:00,28.58,3.71,51.48,3.38,29.513655896587863,6.745513911633307,8.899287
2018-12-01 09:30:00,30.56,4.72,57.67,3.42,33.680825797266266,4.801259089499908,10.7587
2018-12-01 09:45:00,28.08,4.46,59.26,3.38,37.84176135909919,5.098998437977718,10.324832
2018-12-01 10:00:00,28.58,5.22,63.22,3.46,33.94558085385925,5.040454022701753,6.882542
2018-12-01 10:15:00,28.73,28.58,49.21,3.42,44.08251029485996,34.31779635938442,33.586933
2018-12-01 10:30:00,29.56,30.56,60.34,3.74,48.07942054631961,45.67358391921969,39.885727
2018-12-01 10:45:00,30.06,28.08,73.26,3.85,46.024956184549964,32.22315761497999,25.356182
2018-12-01 11:00:00,29.2,28.58,60.34,3.92,40.47246706080698,27.11761910655769,24.310347
2018-12-01 11:15:00,27.94,28.73,69.62,3.78,39.836858746483685,30.844339998462953,32.686775
2018-12-01 11:30:00,27.94,29.56,54.18,3.24,38.75486584765632,36.938366363278476,33.32254
2018-12-01 11:45:00,25.63,30.06,49.32,3.28,35.88953599317982,37.52506310690046,32.777668
2018-12-01 12:00:00,3.64,29.2,61.06,3.78,33.23945201103507,31.45549885713875,25.633747
2018-12-01 12:15:00,3.85,27.94,5.65,4.18,4.48261886690921,11.26036907133673,5.736606
2018-12-01 12:30:00,3.71,27.94,6.34,3.46,3.3984168874108853,9.934123140079974,5.519977
2018-12-01 12:45:00,3.74,25.63,6.48,3.35,2.1580550168775865,9.499464941921614,5.3773193
2018-12-01 13:00:00,3.71,3.64,6.41,3.46,0.5567363233501155,7.574499563025929,7.3356304
2018-12-01 13:15:00,11.3,3.85,41.76,3.89,22.14226050693978,19.312306530310796,17.376244
2018-12-01 13:30:00,27.29,3.71,62.96,5.72,33.57271246857202,32.39688995911532,30.865673
2018-12-01 13:45:00,26.86,3.74,50.72,5.83,27.439417547265005,31.976744593187323,23.998932
2018-12-01 14:00:00,25.31,3.71,48.24,5.26,24.433898581403003,4.069883746376287,5.1803656
2018-12-01 14:15:00,26.21,11.3,50.29,4.57,25.297065133361002,30.25810242776619,27.432556
2018-12-01 14:30:00,26.28,27.29,51.77,4.57,30.257088586602503,30.5338465455175,30.80059
2018-12-01 14:45:00,18.68,26.86,52.96,4.64,30.751885675305665,30.514990988332332,28.768597
2018-12-01 15:00:00,5.18,25.31,44.71,4.61,31.513289604452243,28.432591387501457,26.60202
2018-12-01 15:15:00,5.08,26.21,51.19,4.57,27.327622544810943,26.21804180444353,23.064089
2018-12-01 15:30:00,4.75,26.28,42.77,4.54,25.30876239405405,26.498133039533844,23.162176
2018-12-01 15:45:00,4.75,18.68,41.72,5.33,20.233497042311754,25.46290120013246,20.603613
2018-12-01 16:00:00,4.72,5.18,45.72,5.44,20.198608617177772,10.918098718632613,11.071664
2018-12-01 16:15:00,4.64,5.08,67.68,4.61,25.482266422950907,9.78464135001759,9.3090925
2018-12-01 16:30:00,4.72,4.75,44.75,4.61,19.82453959496138,5.613198545678676,6.9914627
2018-12-01 16:45:00,4.68,4.75,48.28,5.69,14.276028574215381,5.201785932326565,6.51223
2018-12-01 17:00:00,4.64,4.72,66.13,5.83,20.159755417187704,4.705829660528759,3.8101752
2018-12-01 17:15:00,4.79,4.64,44.42,5.9,15.077999878066699,4.442457618068527,4.2797065
2018-12-01 17:30:00,4.75,4.72,49.43,4.79,12.749557138369786,4.437668770918604,4.189973
2018-12-01 17:45:00,4.72,4.68,28.8,3.85,0.7184711958663037,4.441040672718973,4.1825557
2018-12-01 18:00:00,4.68,4.64,28.66,3.67,0.9062100653900416,4.404676683467248,4.1811914
2018-12-01 18:15:00,5.76,4.79,42.84,3.6,5.319325687290419,4.4213540127958035,4.0618806
2018-12-01 18:30:00,5.4,4.75,50.54,3.71,11.434606867716717,4.423000081490458,4.168491
2018-12-01 18:45:00,4.79,4.72,45.61,3.71,10.198154023741004,4.421363658829223,4.093453
2018-12-01 19:00:00,4.79,4.68,63.11,3.74,14.949538887923795,4.5614228856075485,3.6234503
2018-12-01 19:15:00,4.79,5.76,44.96,3.67,8.960920281230973,4.4954376394446784,3.844379
2018-12-01 19:30:00,4.79,5.4,66.46,4.14,13.326427819533198,4.6294355008304775,2.7020376
2018-12-01 19:45:00,4.9,4.79,45.61,3.96,10.199212831723365,4.436853975434414,3.98824
2018-12-01 20:00:00,4.75,4.79,38.09,3.2,10.305424879812314,4.420877925556953,3.8973353
2018-12-01 20:15:00,4.79,4.79,54.79,3.1,11.225973850504001,4.548981485180061,4.1231737
2018-12-01 20:30:00,4.75,4.79,52.63,3.06,10.491838461126953,4.537743914220623,3.1462321
2018-12-01 20:45:00,4.82,4.9,37.91,3.06,3.4971145775662222,4.465990895856246,3.8211498
2018-12-01 21:00:00,4.82,4.75,9.14,3.2,-1.0489281491495035,4.4361446672606855,4.876578
2018-12-01 21:15:00,4.75,4.79,5.69,3.06,-5.782856219097493,4.4458953809040045,4.2563267
2018-12-01 21:30:00,4.79,4.75,5.58,3.1,-6.3170895905566375,4.4400842590071985,4.2501607
2018-12-01 21:45:00,4.79,4.82,5.47,3.06,-6.157880270678465,4.497313131663697,4.568537
2018-12-01 22:00:00,4.9,4.82,5.44,3.06,-4.869039673226855,4.5052104117867335,4.5488462
2018-12-01 22:15:00,5.76,4.75,5.22,3.53,-4.859587159108667,4.467509779783089,4.509502
2018-12-01 22:30:00,4.61,4.79,5.18,3.46,-4.850975193814616,4.5026774490372325,4.449304
2018-12-01 22:45:00,3.42,4.79,5.11,3.38,-4.808064088098799,4.501402227911222,4.4324985
2018-12-01 23:00:00,3.42,4.9,3.92,2.92,-3.851865722035047,4.426612756176798,3.7471478
2018-12-01 23:15:00,3.28,5.76,3.92,2.84,-3.3768460527081885,4.500475709945141,3.6087258
2018-12-01 23:30:00,3.38,4.61,3.89,2.84,-3.687006680843055,4.325954476559746,3.4570208
2018-12-01 23:45:00,3.31,3.42,3.82,2.77,-3.833766548509569,3.6082372020951166,3.2032158
2018-12-02 00:00:00,4.36,3.42,3.35,2.88,-1.8651722762044045,10.748375077674396,3.333843
2018-12-02 00:15:00,3.35,3.28,3.89,3.38,-1.8688508095541856,3.2490078013438173,3.8744857
2018-12-02 00:30:00,3.35,3.38,3.85,3.28,-2.109195046295117,3.4510226247262987,3.3021789
2018-12-02 00:45:00,3.38,3.31,3.89,2.88,-2.2547215045526805,3.4445870507080047,3.184307
2018-12-02 01:00:00,3.89,4.36,3.89,2.77,-0.4481714457972821,3.33937948317254,3.2880003
2018-12-02 01:15:00,4.46,3.35,4.03,2.77,-0.7295101401500688,3.208014441487809,2.9191725
2018-12-02 01:30:00,4.43,3.35,3.89,3.31,-0.6129009038237676,3.2732237028582527,3.1009219
2018-12-02 01:45:00,4.14,3.38,3.92,3.46,-0.6425923265360325,3.3122276083622464,3.1511147
2018-12-02 02:00:00,3.46,3.89,3.92,3.46,0.7606966534730972,3.5659382931960497,3.3123033
2018-12-02 02:15:00,3.38,4.46,3.96,3.2,0.8686204423628254,3.413401995844672,3.5735643
2018-12-02 02:30:00,3.38,4.43,4.03,2.84,0.7433458105564981,3.529011115089926,3.6852245
2018-12-02 02:45:00,3.38,4.14,4.14,2.84,0.6376666531621922,3.705157873507045,3.622584
2018-12-02 03:00:00,4.32,3.46,5.08,2.88,1.7896074157921085,3.453547119175286,3.1422758
2018-12-02 03:15:00,4.64,3.38,4.72,2.92,1.4313748978548695,3.2103669290245995,3.5036936
2018-12-02 03:30:00,3.82,3.38,3.96,2.84,1.0780653723299416,3.242694912304456,3.4905708
2018-12-02 03:45:00,3.46,3.38,3.92,2.92,0.7916220825504752,3.5388267204823434,3.427367
2018-12-02 04:00:00,3.42,4.32,3.35,2.92,2.2274183445210163,3.353427070080413,3.4581351
2018-12-02 04:15:00,3.46,4.64,3.28,2.88,2.1806220962693317,3.448608132026608,3.7233968
2018-12-02 04:30:00,4.32,3.82,3.35,2.88,1.6337946252364084,3.4715253522158247,3.2080355
2018-12-02 04:45:00,4.5,3.46,3.24,2.84,1.208226581382629,3.362045010900661,3.1308281
2018-12-02 05:00:00,4.54,3.42,3.31,2.88,2.30464970123894,3.2295885317519453,3.157487
2018-12-02 05:15:00,4.39,3.46,3.31,2.88,1.8766302765684486,3.2822042383958343,3.2822695
2018-12-02 05:30:00,3.35,4.32,3.28,4.18,2.097180703780012,3.591911853129377,3.5501506
2018-12-02 05:45:00,3.46,4.5,3.28,4.28,1.8326074924504532,3.4735056525227317,3.6048815
2018-12-02 06:00:00,3.35,4.54,3.2,3.53,2.7964760184829665,3.7678628153635887,3.686106
2018-12-02 06:15:00,3.42,4.39,3.46,3.13,2.136820370021713,3.8866376958119067,4.1211677
2018-12-02 06:30:00,3.42,3.35,4.03,2.88,1.750710701936292,3.5157260089959164,3.598245
2018-12-02 06:45:00,3.38,3.46,3.89,2.84,1.0968048896173954,3.257768138483467,3.7403388
2018-12-02 07:00:00,3.46,3.35,3.89,2.81,1.8370813998027913,3.2212849378515247,3.7093167
2018-12-02 07:15:00,3.38,3.42,4.46,2.95,1.227744677418606,3.5244930790521485,3.6009493
2018-12-02 07:30:00,3.46,3.42,3.67,2.84,0.5727389103038227,3.5820567810980766,3.4695373
2018-12-02 07:45:00,3.46,3.38,3.46,2.88,0.3469029308771141,3.5954457898374814,4.146704
2018-12-02 08:00:00,3.49,3.46,3.46,2.92,1.2021675502473173,3.8263167564231937,4.495342
2018-12-02 08:15:00,4.57,3.38,3.71,2.88,12.13570014392887,12.864342336000853,9.97767
2018-12-02 08:30:00,4.54,3.46,4.72,2.92,20.43519058550571,13.79609484581771,16.190872
2018-12-02 08:45:00,5.54,3.46,4.46,2.92,21.38163542027916,13.864622434081296,15.209272
2018-12-02 09:00:00,4.75,3.49,5.22,3.46,26.944101469064947,14.623113457680395,17.078768
2018-12-02 09:15:00,3.74,4.57,28.58,4.93,24.34859358204957,4.528668997754419,7.566855
2018-12-02 09:30:00,3.71,4.54,30.56,4.32,27.867143699952457,4.554216905418783,7.2910485
2018-12-02 09:45:00,3.6,5.54,28.08,3.49,32.544680912509406,5.474873882964742,10.773215
2018-12-02 10:00:00,3.56,4.75,28.58,2.88,27.00163594392767,5.04816975328372,7.2437677
2018-12-02 10:15:00,3.6,3.74,28.73,2.95,27.004517672337776,4.916396594320511,7.5446286
2018-12-02 10:30:00,3.64,3.71,29.56,3.56,28.409539360882953,4.38396160885803,7.001961
2018-12-02 10:45:00,3.64,3.6,30.06,2.95,25.983387681563787,5.9743607631896,8.581479
2018-12-02 11:00:00,3.64,3.56,29.2,2.99,26.182174661159802,5.570974156325106,8.076291
2018-12-02 11:15:00,3.64,3.6,27.94,2.95,22.145983481378906,3.901627022670842,7.389717
2018-12-02 11:30:00,3.56,3.64,27.94,2.95,23.069606417959047,3.9807928504464902,9.812335
2018-12-02 11:45:00,3.64,3.64,25.63,2.99,20.484374625681244,3.907378904745661,6.5281787
2018-12-02 12:00:00,4.03,3.64,3.64,2.99,14.45120857892849,3.8549251483157354,5.3818173
2018-12-02 12:15:00,4.86,3.64,3.85,3.1,-7.765327763562471,3.844457866139767,5.467168
2018-12-02 12:30:00,4.75,3.56,3.71,3.02,-9.064409520605349,3.8472109369068,5.032856
2018-12-02 12:45:00,5.36,3.64,3.74,3.17,-9.856423327261592,3.8396579585673103,5.2667284
2018-12-02 13:00:00,4.9,4.03,3.71,3.71,-8.937740190542232,3.7103928426074413,4.133122
2018-12-02 13:15:00,3.78,4.86,11.3,3.67,8.773973916570423,4.04739192054389,4.475964
2018-12-02 13:30:00,3.64,4.75,27.29,3.64,19.81359835428053,4.50507827039232,6.1265683
2018-12-02 13:45:00,3.6,5.36,26.86,3.2,20.375640951620042,4.698852658523133,7.8041673
2018-12-02 14:00:00,3.6,4.9,25.31,3.67,19.037596959551863,4.438455620814339,9.09485
2018-12-02 14:15:00,3.6,3.78,26.21,3.1,15.345453326310516,4.961366991982993,8.220302
2018-12-02 14:30:00,3.56,3.64,26.28,2.95,12.039639894186447,4.966523546272777,6.1595216
2018-12-02 14:45:00,3.56,3.6,18.68,3.06,11.84441787106293,5.684593780225657,5.8240447
2018-12-02 15:00:00,3.64,3.6,5.18,2.99,14.841262923111525,5.800981977095745,5.604979
2018-12-02 15:15:00,3.6,3.6,5.08,2.99,11.92831986774977,3.928274703687598,5.2735543
2018-12-02 15:30:00,3.56,3.56,4.75,2.95,9.83600812843082,3.88864132839148,5.2275047
2018-12-02 15:45:00,3.85,3.56,4.75,2.95,6.316022403942053,3.952418706678439,5.2548943
2018-12-02 16:00:00,4.68,3.64,4.72,2.95,7.173806128274737,4.552639976925692,4.5064583
2018-12-02 16:15:00,4.72,3.6,4.64,3.35,9.135087604232591,4.39011628795962,4.9139466
2018-12-02 16:30:00,4.72,3.56,4.72,3.56,8.316510715813845,3.858446961863054,3.62401
2018-12-02 16:45:00,3.89,3.85,4.68,3.6,5.542063588740799,3.7289271153944945,3.6299443
2018-12-02 17:00:00,3.53,4.68,4.64,3.42,10.610877938610844,3.6878179540186413,3.7832048
2018-12-02 17:15:00,3.6,4.72,4.79,2.95,8.47745678882827,3.9112083013063383,3.5348446
2018-12-02 17:30:00,3.6,4.72,4.75,2.92,5.447543024587496,4.044236513155533,3.416834
2018-12-02 17:45:00,3.74,3.89,4.72,2.99,-4.350772671509024,3.8436180510164246,3.4937487
2018-12-02 18:00:00,4.72,3.53,4.68,3.17,-3.909812518750673,3.6289966039748824,3.426621
2018-12-02 18:15:00,3.89,3.6,5.76,3.46,-0.9727940189802133,3.6334677540769236,3.4843595
2018-12-02 18:30:00,3.53,3.6,5.4,3.02,4.0306641261886575,3.6263988046641717,3.4837794
2018-12-02 18:45:00,3.53,3.74,4.79,3.02,3.603030716649716,3.6779989600342855,3.5797796
2018-12-02 19:00:00,3.56,4.72,4.79,2.99,6.478468890102413,3.586418537893986,3.3569083
2018-12-02 19:15:00,3.67,3.89,4.79,3.02,1.8198654757023505,3.566667610237233,3.3660662
2018-12-02 19:30:00,3.56,3.53,4.79,2.99,3.487909563191735,3.3334629331457095,3.255461
2018-12-02 19:45:00,4.39,3.53,4.9,3.02,3.7842457149747695,3.357894989179662,3.253487
2018-12-02 20:00:00,4.72,3.56,4.75,3.1,4.636906726970423,3.6026565035688183,3.3944962
2018-12-02 20:15:00,4.68,3.67,4.79,3.6,3.479261776813619,3.725418415621749,3.722609
2018-12-02 20:30:00,4.75,3.56,4.75,3.6,3.1893330597413403,3.664201311318058,3.5138247
2018-12-02 20:45:00,3.71,4.39,4.82,3.6,-1.8035920135339047,3.5837431968441638,3.3793848
2018-12-02 21:00:00,3.53,4.72,4.82,3.38,-2.5269379213436984,3.793086436435703,3.444805
2018-12-02 21:15:00,3.6,4.68,4.75,2.99,-7.181556283910869,3.9959096196916097,3.4868655
2018-12-02 21:30:00,3.6,4.75,4.79,2.95,-8.17145118874721,4.16160235907127,4.55284
2018-12-02 21:45:00,3.6,3.71,4.79,2.92,-8.278732577808238,3.738263719696971,3.3179445
2018-12-02 22:00:00,3.56,3.53,4.9,3.13,-6.90336456847805,3.5789979951009925,3.377231
2018-12-02 22:15:00,4.07,3.6,5.76,3.46,-6.7746335178247,3.6058827885990574,3.340597
2018-12-02 22:30:00,4.32,3.6,4.61,2.92,-7.194080176391754,3.5777928780073656,3.2710016
2018-12-02 22:45:00,3.35,3.6,3.42,2.74,-7.410114034825337,3.564696635775134,3.227674
2018-12-02 23:00:00,3.31,3.56,3.42,2.77,-6.30544179427552,3.5206249922542603,3.300284
2018-12-02 23:15:00,3.31,4.07,3.28,2.84,-5.995784027720521,3.4983165637824944,3.1710021
2018-12-02 23:30:00,3.28,4.32,3.38,2.88,-5.818519306295546,3.514070884348551,3.0846667
2018-12-02 23:45:00,3.35,3.35,3.31,2.88,-6.060942266073322,3.201224657169861,2.8012803
2018-12-03 00:00:00,4.57,3.31,4.36,4.68,8.46611565946564,3.4852800443478276,3.2353737
2018-12-03 00:15:00,4.43,3.31,3.35,3.2,8.19568820978984,3.280620322046457,3.4226804
2018-12-03 00:30:00,4.36,3.28,3.35,3.53,8.097527275489828,3.5843295714458607,3.560235
2018-12-03 00:45:00,4.21,3.35,3.38,3.46,8.069764854632062,3.582059728009959,3.5044694
2018-12-03 01:00:00,3.35,4.57,3.89,3.49,10.076451346165182,3.4783366287432615,3.1441169
2018-12-03 01:15:00,3.38,4.43,4.46,2.92,10.071918888972704,3.4489720897416865,3.2399733
2018-12-03 01:30:00,3.35,4.36,4.43,2.92,10.011698906030265,3.6707996320741123,3.2699938
2018-12-03 01:45:00,3.42,4.21,4.14,3.06,9.69575815522942,3.8358562620710823,3.6222427
2018-12-03 02:00:00,3.49,3.35,3.46,3.56,10.942491596312074,3.5282162367667356,3.3420682
2018-12-03 02:15:00,3.42,3.38,3.38,3.13,10.833894217514679,3.279295143006988,3.3798442
2018-12-03 02:30:00,3.38,3.35,3.38,2.92,10.698816150132878,3.255438007064601,3.2836006
2018-12-03 02:45:00,4.36,3.42,3.38,2.92,10.626667746772036,3.576871757922028,3.539205
2018-12-03 03:00:00,4.14,3.49,4.32,2.88,11.808075858307447,3.4968094688434737,3.1560364
2018-12-03 03:15:00,3.42,3.42,4.64,2.95,11.45484549644457,3.4840321513231305,3.3645232
2018-12-03 03:30:00,3.38,3.38,3.82,2.95,11.1503856199371,3.5439668527360353,3.4016252
2018-12-03 03:45:00,3.35,4.36,3.46,3.31,11.520124585657587,3.4305468465366804,3.272232
2018-12-03 04:00:00,3.35,4.14,3.42,3.49,12.571647234558231,3.481364887588102,3.6944284
2018-12-03 04:15:00,4.1,3.42,3.46,3.46,12.147097059799675,3.3687898655633037,3.495938
2018-12-03 04:30:00,4.43,3.38,4.32,3.24,11.954382392881236,3.3107554415022773,3.1652782
2018-12-03 04:45:00,4.5,3.35,4.5,2.88,11.67301720530076,3.273317441869928,3.3698936
2018-12-03 05:00:00,3.78,3.35,4.54,2.95,12.519186819295236,3.591715781296961,3.5139034
2018-12-03 05:15:00,3.31,4.1,4.39,2.84,12.493878752193915,3.5329684818770413,3.2991643
2018-12-03 05:30:00,3.38,4.43,3.35,2.88,12.221475001251083,3.4276404568977705,3.3240438
2018-12-03 05:45:00,3.31,4.5,3.46,2.84,11.894280283217764,3.615840996145709,3.446576
2018-12-03 06:00:00,3.31,3.78,3.35,3.17,12.753172817228243,3.6712397042384364,3.5161397
2018-12-03 06:15:00,3.35,3.31,3.42,3.38,12.397754188365887,3.3412178359410336,3.6411052
2018-12-03 06:30:00,3.31,3.38,3.42,2.88,11.99256934377144,3.255524854059235,3.252118
2018-12-03 06:45:00,3.24,3.31,3.38,2.88,11.12999054513875,3.4250456823728324,3.3076792
2018-12-03 07:00:00,3.24,3.31,3.46,2.99,11.739214938225665,3.6241693643047097,3.408899
2018-12-03 07:15:00,4.21,3.35,3.38,3.35,11.233625406020575,3.638940236277543,3.4298294
2018-12-03 07:30:00,5.76,3.31,3.46,3.53,10.818422755263821,3.7485237109410545,3.7542639
2018-12-03 07:45:00,5.98,3.24,3.46,5.22,10.849812648213042,5.044415729350626,6.8407073
2018-12-03 08:00:00,5.58,3.24,3.49,5.58,11.749620021058277,5.525936721943159,9.855333
2018-12-03 08:15:00,34.99,4.21,4.57,45.36,30.126348154560095,28.68627507907442,36.168556
2018-12-03 08:30:00,56.84,5.76,4.54,88.92,46.52999603745687,76.33929152710478,66.98746
2018-12-03 08:45:00,61.06,5.98,5.54,88.99,47.686125183541535,76.35981697282934,67.33814
2018-12-03 09:00:00,57.89,5.58,4.75,90.61,53.013907031895485,78.4715561530105,69.48047
2018-12-03 09:15:00,70.49,34.99,3.74,93.31,61.390320489795954,77.67087256842689,65.885155
2018-12-03 09:30:00,50.11,56.84,3.71,92.2,75.39111260767031,62.40115400865152,63.781773
2018-12-03 09:45:00,66.38,61.06,3.6,94.43,81.76099159389969,63.277049903713255,66.46637
2018-12-03 10:00:00,56.88,57.89,3.56,85.43,68.04996720312965,60.86192079248632,57.782864
2018-12-03 10:15:00,47.09,70.49,3.6,64.55,67.98167363459757,68.43897528545929,65.25241
2018-12-03 10:30:00,55.8,50.11,3.64,70.06,66.76886500920057,59.870798561907066,66.22788
2018-12-03 10:45:00,66.89,66.38,3.64,73.12,71.10868939894294,64.51769224061245,66.86559
2018-12-03 11:00:00,62.89,56.88,3.64,80.75,69.7160672872119,62.93587118336845,65.473404
2018-12-03 11:15:00,63.79,47.09,3.64,82.66,64.37457440570694,60.370298951052696,57.918037
2018-12-03 11:30:00,58.1,55.8,3.56,79.13,65.44707941772354,62.39907200947152,62.61673
2018-12-03 11:45:00,54.5,66.89,3.64,84.74,69.03444866591863,63.83529800493742,61.070503
2018-12-03 12:00:00,35.35,62.89,4.03,61.34,60.68257823659839,63.138657452420105,61.113594
2018-12-03 12:15:00,6.34,63.79,4.86,7.24,26.596619390509705,11.482832930654276,7.380508
2018-12-03 12:30:00,5.76,58.1,4.75,6.84,23.830964354776278,9.262943020875598,6.3106074
2018-12-03 12:45:00,6.3,54.5,5.36,6.3,23.293593905087267,8.730056201333259,6.2012286
2018-12-03 13:00:00,6.19,35.35,4.9,6.01,21.358859591472566,9.577861418188087,6.2464185
2018-12-03 13:15:00,35.35,6.34,3.78,56.52,42.8666871068765,49.186400852156886,43.40918
2018-12-03 13:30:00,51.95,5.76,3.64,93.17,58.09502209420121,59.29047590864541,61.487465
2018-12-03 13:45:00,48.46,6.3,3.6,82.58,52.963090703972185,60.7240550136596,61.520454
2018-12-03 14:00:00,65.02,6.19,3.6,90.65,45.678346614609254,54.93901897705023,54.61523
2018-12-03 14:15:00,69.91,35.35,3.6,77.51,52.959509419092214,59.885307701466424,56.94518
2018-12-03 14:30:00,55.12,51.95,3.56,88.63,59.846284183723355,59.6312654150105,57.973194
2018-12-03 14:45:00,56.84,48.46,3.56,69.05,55.40843793047632,58.51738568198394,57.29697
2018-12-03 15:00:00,54.22,65.02,3.64,71.6,61.7207507130541,62.799941537811584,59.754932
2018-12-03 15:15:00,49.97,69.91,3.6,67.97,61.35870883226862,66.05244948981746,63.53947
2018-12-03 15:30:00,48.17,55.12,3.56,64.51,54.97486975321462,61.716011282905974,62.404945
2018-12-03 15:45:00,49.86,56.84,3.85,70.96,51.27092179455376,62.60630662234118,62.483734
2018-12-03 16:00:00,58.75,54.22,4.68,65.34,52.119092012194656,60.95635636037136,61.642426
2018-12-03 16:15:00,65.7,49.97,4.72,64.22,51.62424888997005,59.392482727362655,57.64736
2018-12-03 16:30:00,51.88,48.17,4.72,61.45,48.76720639371382,56.71292323066065,56.03164
2018-12-03 16:45:00,57.2,49.86,3.89,51.52,44.44883637977337,56.73475918164176,56.022697
2018-12-03 17:00:00,76.03,58.75,3.53,65.34,55.22242639951674,59.735661188281085,55.262993
2018-12-03 17:15:00,72.18,65.7,3.6,74.05,57.386955718360845,61.768367241375685,57.75039
2018-12-03 17:30:00,61.42,51.88,3.6,50.65,45.88017304346229,55.95386440404832,53.116867
2018-12-03 17:45:00,36.61,57.2,3.74,32.58,34.176621835194204,31.701540338150718,31.113295
2018-12-03 18:00:00,29.56,76.03,4.72,32.72,43.14623665867117,35.10243775430952,30.603573
2018-12-03 18:15:00,34.13,72.18,3.89,43.16,47.63211815301459,45.175624374016955,35.912483
2018-12-03 18:30:00,42.26,61.42,3.53,61.88,50.30742272540172,47.749751960931306,53.911835
2018-12-03 18:45:00,56.81,36.61,3.53,71.03,48.13721404485026,57.16975685556115,55.107544
2018-12-03 19:00:00,43.02,29.56,3.56,58.43,49.59964880258665,58.31349117658756,59.227966
2018-12-03 19:15:00,47.74,34.13,3.67,59.33,43.94324356382556,45.556751738868584,49.06077
2018-12-03 19:30:00,39.17,42.26,3.56,60.05,44.154197971221365,44.78085638678076,45.683823
2018-12-03 19:45:00,43.67,56.81,4.39,66.17,50.48310619311406,53.47923438933134,54.532963
2018-12-03 20:00:00,50.44,43.02,4.72,78.98,47.2449656664099,47.811442278929235,45.953213
2018-12-03 20:15:00,46.22,47.74,4.68,58.18,43.57930260788168,51.340444468320854,48.383045
2018-12-03 20:30:00,45.36,39.17,4.75,51.77,40.67300981699796,43.86193846692961,43.246094
2018-12-03 20:45:00,50.11,43.67,3.71,43.6,34.509146007286674,43.01254017971947,37.74195
2018-12-03 21:00:00,25.45,50.44,3.53,40.64,34.26059164762118,21.473600968473658,21.072435
2018-12-03 21:15:00,8.6,46.22,3.6,16.09,24.68058735636906,12.830554412344746,7.6477747
2018-12-03 21:30:00,6.19,45.36,3.6,6.23,20.474501889219425,8.938760908053498,5.613035
2018-12-03 21:45:00,5.62,50.11,3.6,5.26,22.00392207734349,8.115298394750127,4.57831
2018-12-03 22:00:00,4.93,25.45,3.56,5.11,20.008106235885794,7.818503791342932,5.2892466
2018-12-03 22:15:00,4.72,8.6,4.07,4.79,18.24978750291467,5.344430521697681,5.247954
2018-12-03 22:30:00,4.75,6.19,4.32,4.72,18.334937005484186,4.809536073149861,4.9329634
2018-12-03 22:45:00,4.68,5.62,3.35,4.75,14.107094641709228,4.630998953251288,5.427789
2018-12-03 23:00:00,4.68,4.93,3.31,4.72,9.80819737913357,4.832224197626113,5.0296826
2018-12-03 23:15:00,4.61,4.72,3.31,4.82,8.124207494940716,4.550001765919959,4.267733
2018-12-03 23:30:00,4.57,4.75,3.28,4.64,7.845341977550273,4.448924174179409,4.2931786
2018-12-03 23:45:00,4.61,4.68,3.35,4.64,7.691688442563024,4.397143920572284,4.163158
2018-12-04 00:00:00,3.89,4.68,4.57,23.65,10.900404524728163,11.605259945412788,4.4961243
2018-12-04 00:15:00,4.61,4.61,4.43,4.72,7.866125439979399,4.43628159228623,4.1847925
2018-12-04 00:30:00,4.57,4.57,4.36,4.79,7.92666695016565,4.410305832743361,4.1167445
2018-12-04 00:45:00,4.61,4.61,4.21,4.72,7.934008111229801,4.39414652004158,4.224365
2018-12-04 01:00:00,4.64,3.89,3.35,4.75,9.049571638747288,3.878853147776092,3.8744965
2018-12-04 01:15:00,5.04,4.61,3.38,5.62,9.464815606992023,4.299139633382644,4.116371
2018-12-04 01:30:00,5.8,4.57,3.35,5.94,9.52851176734779,4.269059483827444,3.977209
2018-12-04 01:45:00,4.68,4.61,3.42,4.72,9.285801717123192,4.283040488589685,4.062422
2018-12-04 02:00:00,3.6,4.64,3.49,4.68,10.343490014806186,4.284957663094068,4.2433224
2018-12-04 02:15:00,3.56,5.04,3.42,4.72,10.555686264031525,4.411597569795894,4.158918
2018-12-04 02:30:00,3.64,5.8,3.38,4.72,10.876895205449976,4.5708029692725685,4.270863
2018-12-04 02:45:00,3.67,4.68,4.36,4.72,10.728398115437567,4.413298287088778,4.4104834
2018-12-04 03:00:00,3.64,3.6,4.14,4.72,11.655326114479411,3.8272608648979727,3.7477775
2018-12-04 03:15:00,3.64,3.56,3.42,4.18,11.186388592162174,3.823291867237204,3.6175966
2018-12-04 03:30:00,3.71,3.64,3.38,3.71,10.78893848901432,3.5938998217492983,4.311717
2018-12-04 03:45:00,3.67,3.67,3.35,3.71,10.360304045956905,3.6460679280123682,3.7553496
2018-12-04 04:00:00,3.71,3.64,3.35,3.74,11.342446360846107,3.6045410690683397,3.7093282
2018-12-04 04:15:00,3.67,3.64,4.1,3.78,11.228281118520737,3.6272153113198766,3.7969127
2018-12-04 04:30:00,3.6,3.71,4.43,3.74,11.060264801744303,3.633360498061436,3.6383598
2018-12-04 04:45:00,4.36,3.67,4.5,3.71,10.784220661488714,3.6312478056124755,3.6255379
2018-12-04 05:00:00,4.64,3.71,3.78,3.71,11.68990684190167,3.629464986633114,3.6391048
2018-12-04 05:15:00,4.72,3.67,3.31,3.74,11.313045739912575,3.622491073293129,3.6808958
2018-12-04 05:30:00,5.44,3.6,3.38,3.78,11.008480598155753,3.639265605368426,3.7340026
2018-12-04 05:45:00,4.43,4.36,3.31,3.92,11.051392294834326,3.5679507379610618,3.5431304
2018-12-04 06:00:00,3.64,4.64,3.31,5.9,12.652221017017204,3.768112498742239,4.1735945
2018-12-04 06:15:00,3.56,4.72,3.35,5.62,12.203890748782541,4.017418276381896,5.2953334
2018-12-04 06:30:00,3.67,5.44,3.31,4.64,11.864690749018177,4.203051386848505,6.0580077
2018-12-04 06:45:00,3.64,4.43,3.24,3.82,10.741637421813262,4.070720401980853,3.976643
2018-12-04 07:00:00,3.56,3.64,3.24,3.71,11.35680437696632,3.835345567264006,3.5695446
2018-12-04 07:15:00,3.56,3.56,4.21,3.71,11.004629721769831,3.7901223189790003,3.54502
2018-12-04 07:30:00,3.82,3.67,5.76,3.78,10.67542246578343,3.7816193380460255,4.42124
2018-12-04 07:45:00,4.54,3.64,5.98,5.11,10.454080300612102,5.612227024314326,5.2082486
2018-12-04 08:00:00,5.94,3.56,5.58,6.88,11.815116108320751,6.490957308238212,5.6128116
2018-12-04 08:15:00,28.4,3.56,34.99,49.61,32.60487351030793,40.58076086886304,42.774696
2018-12-04 08:30:00,55.04,3.82,56.84,72.36,45.699761693509274,59.890422056622825,57.890297
2018-12-04 08:45:00,61.13,4.54,61.06,73.62,47.414404527280354,61.82460988914134,60.70894
2018-12-04 09:00:00,82.33,5.94,57.89,111.64,59.85436382027521,69.69968030000379,67.96297
2018-12-04 09:15:00,82.37,28.4,70.49,81.54,62.13977535060248,68.67786505004149,65.092224
2018-12-04 09:30:00,64.08,55.04,50.11,103.1,79.10669292653583,62.91188355918739,63.08068
2018-12-04 09:45:00,59.36,61.13,66.38,126.43,92.4981769681654,63.25904918119251,67.230484
2018-12-04 10:00:00,52.16,82.33,56.88,104.44,87.38188407575917,76.15008618625396,72.66359
2018-12-04 10:15:00,56.95,82.37,47.09,129.2,89.04522662022592,76.79651418697053,71.597755
2018-12-04 10:30:00,53.42,64.08,55.8,131.8,87.03615473950848,66.42735044056583,69.2343
2018-12-04 10:45:00,58.86,59.36,66.89,133.42,86.05733190389559,65.36243652438897,66.10926
2018-12-04 11:00:00,59.98,52.16,62.89,151.67,88.05141434791862,62.41170767023077,63.486763
2018-12-04 11:15:00,61.24,56.95,63.79,126.11,78.41076497674929,63.173960876626616,62.863434
2018-12-04 11:30:00,84.1,53.42,58.1,145.01,78.44405634931398,58.446061230435056,61.02321
2018-12-04 11:45:00,63.86,58.86,54.5,123.8,72.88113423499247,60.24597929880589,61.381035
2018-12-04 12:00:00,49.86,59.98,35.35,108.61,65.28895607727456,61.587858939641215,58.524612
2018-12-04 12:15:00,6.91,61.24,6.34,7.81,24.884220541784817,10.830720054982727,7.5046797
2018-12-04 12:30:00,7.38,84.1,5.76,5.51,33.648412727622265,9.098781394026505,9.00046
2018-12-04 12:45:00,6.62,63.86,6.3,5.76,26.749368866102955,8.132446486442554,7.5019326
2018-12-04 13:00:00,6.55,49.86,6.19,6.34,24.616241232621626,8.11448497397916,7.0376005
2018-12-04 13:15:00,32.51,6.91,35.35,71.06,49.216949801794534,49.63884924156778,51.279907
2018-12-04 13:30:00,57.28,7.38,51.95,121.25,68.4688186484432,62.61602604322051,72.83349
2018-12-04 13:45:00,55.51,6.62,48.46,132.59,67.04167833974167,60.13433714034919,62.42347
2018-12-04 14:00:00,56.12,6.55,65.02,126.68,56.02330080788465,56.87523916667577,56.831
2018-12-04 14:15:00,58.82,32.51,69.91,93.46,59.16572897837248,58.58508731445758,56.261745
2018-12-04 14:30:00,52.88,57.28,55.12,77.36,61.78768988369082,60.61400240203264,61.28289
2018-12-04 14:45:00,53.46,55.51,56.84,76.72,63.57029655122116,59.6954159573525,59.536476
2018-12-04 15:00:00,62.96,56.12,54.22,107.42,67.15507260185628,59.51370007951933,56.3658
2018-12-04 15:15:00,64.62,58.82,49.97,81.58,58.08660087806663,61.34524485919603,57.76506
2018-12-04 15:30:00,60.01,52.88,48.17,79.38,55.89965717988706,56.78712533678019,56.763535
2018-12-04 15:45:00,55.66,53.46,49.86,57.85,48.25771276431894,56.37973761129456,57.223473
2018-12-04 16:00:00,53.82,62.96,58.75,59.08,55.11580199548749,62.85440385283521,60.095886
2018-12-04 16:15:00,71.86,64.62,65.7,59.26,60.28196001547249,63.06609379203537,63.03341
2018-12-04 16:30:00,60.73,60.01,51.88,53.46,53.358010287652746,62.42204122066306,63.80638
2018-12-04 16:45:00,68.22,55.66,57.2,59.4,51.235936516975876,60.80329263821609,62.477905
2018-12-04 17:00:00,80.46,53.82,76.03,47.48,57.61703795311536,59.748421215957094,58.78512
2018-12-04 17:15:00,61.52,71.86,72.18,62.78,63.242541109904934,66.81405375477536,63.315605
2018-12-04 17:30:00,71.1,60.73,61.42,50.15,54.36798817134728,58.51116764561569,56.424942
2018-12-04 17:45:00,35.21,68.22,36.61,34.13,40.559615630682316,37.31132208279413,33.65493
2018-12-04 18:00:00,30.31,80.46,29.56,31.93,42.69053671139737,33.68048490953315,32.427765
2018-12-04 18:15:00,43.56,61.52,34.13,36.76,42.50446192307387,39.42913459256597,37.47999
2018-12-04 18:30:00,40.97,71.1,42.26,56.84,52.75430141952506,66.67492802123918,58.589073
2018-12-04 18:45:00,38.56,35.21,56.81,48.17,47.74361627472636,55.04266003972374,54.767723
2018-12-04 19:00:00,41.65,30.31,43.02,61.16,51.242672321107136,58.88281935628781,58.917107
2018-12-04 19:15:00,49.07,43.56,47.74,41.98,46.16979253333532,52.50715169742952,50.17428
2018-12-04 19:30:00,40.46,40.97,39.17,43.38,41.63714187063833,41.736737688076225,48.47661
2018-12-04 19:45:00,48.64,38.56,43.67,47.48,38.482415056026596,42.486545029999824,44.79004
2018-12-04 20:00:00,49.75,41.65,50.44,48.46,38.69589477160612,41.254837320752266,43.459892
2018-12-04 20:15:00,48.89,49.07,46.22,49.61,43.45376866629846,51.12913967357703,47.965576
2018-12-04 20:30:00,37.84,40.46,45.36,49.21,40.606038996982726,42.873219667414126,44.521248
2018-12-04 20:45:00,30.67,48.64,50.11,35.5,36.62011779250845,46.20173711478707,43.860283
2018-12-04 21:00:00,5.08,49.75,25.45,29.99,30.045515559609253,24.30287512162855,20.21972
2018-12-04 21:15:00,5.69,48.89,8.6,25.96,24.196307762611184,16.88574664765307,7.0170293
2018-12-04 21:30:00,5.44,37.84,6.19,25.02,19.97343649759544,14.874421286713542,6.5538187
2018-12-04 21:45:00,5.4,30.67,5.62,25.13,20.03917619685872,14.13043269660386,6.5188146
2018-12-04 22:00:00,5.44,5.08,4.93,25.2,17.89459997970998,6.455713753371526,5.6732807
2018-12-04 22:15:00,5.26,5.69,4.72,24.88,17.584286258455748,4.793748754581255,5.591473
2018-12-04 22:30:00,4.64,5.44,4.75,24.77,15.043412187672509,4.648661787205905,5.2285
2018-12-04 22:45:00,3.92,5.4,4.68,24.88,9.296292275051893,4.655875422119751,5.521226
2018-12-04 23:00:00,3.96,5.44,4.68,23.65,8.170573490866566,4.682106712816507,4.969564
2018-12-04 23:15:00,3.92,5.26,4.61,23.62,8.178957967567673,4.666626497236731,4.890375
2018-12-04 23:30:00,3.85,4.64,4.57,23.58,8.123719891565631,4.574214343993539,5.02261
2018-12-04 23:45:00,3.89,3.92,4.61,23.54,8.080214178925374,4.02883514417382,4.613021
2018-12-05 00:00:00,3.96,3.96,3.89,3.92,3.300728083841083,12.790289491424035,3.959287
2018-12-05 00:15:00,3.89,3.92,4.61,23.51,9.384861358227973,4.112577877939359,4.6108885
2018-12-05 00:30:00,3.92,3.85,4.57,23.65,9.271279627417126,3.913962735886709,4.3584266
2018-12-05 00:45:00,3.89,3.89,4.61,23.65,9.272201718952058,3.9310667089663776,4.3375483
2018-12-05 01:00:00,3.96,3.96,4.64,23.65,10.611790084528952,3.9858836528564967,4.510292
2018-12-05 01:15:00,3.78,3.89,5.04,23.58,10.666804755981474,3.9083209619918504,4.4186616
2018-12-05 01:30:00,3.85,3.92,5.8,23.65,10.80355883750412,3.962500584875188,4.532053
2018-12-05 01:45:00,3.82,3.89,4.68,23.62,10.598802961854602,3.8987986773927226,4.443736
2018-12-05 02:00:00,3.82,3.96,3.6,23.65,11.733077132704075,3.983375092668635,4.1568847
2018-12-05 02:15:00,3.85,3.78,3.56,23.58,11.627303492390343,3.788821628416729,3.9468362
2018-12-05 02:30:00,4.64,3.85,3.64,23.65,11.632154668670502,3.8424146833256168,3.9525783
2018-12-05 02:45:00,4.86,3.82,3.67,24.66,11.877221537948898,3.8493636736359615,3.8930185
2018-12-05 03:00:00,3.82,3.82,3.64,24.12,12.914701033997424,3.877635961457323,3.9816473
2018-12-05 03:15:00,3.49,3.85,3.64,22.46,12.258142396664127,3.8571701052723566,4.067069
2018-12-05 03:30:00,3.13,4.64,3.71,22.39,12.474279678980759,4.054372241411389,4.268796
2018-12-05 03:45:00,3.2,4.86,3.67,22.54,12.461432922998208,4.186705203360719,4.067344
2018-12-05 04:00:00,3.13,3.82,3.71,22.46,13.195819589304548,3.9623655726116453,3.7345738
2018-12-05 04:15:00,3.1,3.49,3.67,22.54,12.875956563032036,3.6946153589648953,3.603752
2018-12-05 04:30:00,3.17,3.13,3.6,22.5,12.200979119247085,3.3440686075823494,3.7413077
2018-12-05 04:45:00,3.06,3.2,4.36,22.46,11.880593462432639,3.3852765792858555,3.9364629
2018-12-05 05:00:00,3.17,3.13,4.64,22.46,12.759907505300063,3.4118687591550514,3.6460316
2018-12-05 05:15:00,3.06,3.1,4.72,22.46,12.34057474783798,3.5418121094875734,3.7587075
2018-12-05 05:30:00,3.1,3.17,5.44,22.54,12.116561643845207,3.538657667407302,3.800487
2018-12-05 05:45:00,3.02,3.06,4.43,22.5,11.555052494539868,3.510002942993337,3.3035612
2018-12-05 06:00:00,3.1,3.17,3.64,23.62,12.732026111852987,3.4783524810134274,3.2736657
2018-12-05 06:15:00,3.02,3.06,3.56,23.87,12.32218598576912,3.461063974800414,3.2611504
2018-12-05 06:30:00,4.61,3.1,3.67,24.55,12.140231769521165,3.4748566161831924,3.260981
2018-12-05 06:45:00,4.9,3.02,3.64,23.11,11.138607103412955,3.468342923450479,3.3395748
2018-12-05 07:00:00,3.85,3.1,3.56,22.5,11.774919375437346,3.5502323483264955,3.257773
2018-12-05 07:15:00,3.49,3.02,3.56,22.46,11.210303756222117,3.5448091760784184,3.3507812
2018-12-05 07:30:00,3.2,4.61,3.82,22.93,11.693384295449412,3.815072349531502,5.496921
2018-12-05 07:45:00,4.32,4.9,4.54,24.62,11.963737306726483,7.017417798038508,5.9828815
2018-12-05 08:00:00,4.72,3.85,5.94,25.09,12.596721818002827,8.681456780365728,7.411558
2018-12-05 08:15:00,27.65,3.49,28.4,54.18,28.099234706886907,52.449793427923126,41.805058
2018-12-05 08:30:00,61.56,3.2,55.04,52.27,37.41327274751493,66.5154183087745,48.4791
2018-12-05 08:45:00,57.71,4.32,61.13,51.88,39.35852767413306,63.72509841038761,58.050953
2018-12-05 09:00:00,57.82,4.72,82.33,54.43,46.32411327296367,65.09307236176815,61.324387
2018-12-05 09:15:00,68.08,27.65,82.37,58.72,55.91148605097275,66.02706109198174,62.807877
2018-12-05 09:30:00,64.08,61.56,64.08,52.78,68.35804909109851,64.57398027270786,62.7396
2018-12-05 09:45:00,64.76,57.71,59.36,58.97,70.17327741402616,61.03314480129993,61.296356
2018-12-05 10:00:00,62.68,57.82,52.16,51.16,59.58770512745804,59.46527442895643,57.821995
2018-12-05 10:15:00,49.28,68.08,56.95,50.0,58.1328575117184,62.98755712581512,60.42471
2018-12-05 10:30:00,56.52,64.08,53.42,48.56,60.31779910529322,63.10869526831317,59.46514
2018-12-05 10:45:00,59.04,64.76,58.86,66.2,62.421428700744784,63.81333437750498,59.67991
2018-12-05 11:00:00,66.85,62.68,59.98,62.1,56.869323741978846,63.827261370908985,63.85485
2018-12-05 11:15:00,68.83,49.28,61.24,51.98,53.68976701196173,58.13091344674067,61.30407
2018-12-05 11:30:00,60.3,56.52,84.1,53.89,58.153935308249004,60.95647482445968,61.106514
2018-12-05 11:45:00,53.21,59.04,63.86,63.94,56.59595707775432,61.68770404666913,61.194977
2018-12-05 12:00:00,40.97,66.85,49.86,51.77,53.75370986977707,61.619149301620105,53.204636
2018-12-05 12:15:00,10.69,68.83,6.91,8.5,25.277620625973046,7.5435873197658205,6.8035345
2018-12-05 12:30:00,9.43,60.3,7.38,6.98,21.430316074652012,6.784792081765277,6.148691
2018-12-05 12:45:00,10.33,53.21,6.62,7.42,19.642261009717103,6.871335271741765,6.2080054
2018-12-05 13:00:00,26.68,40.97,6.55,8.28,19.496752265815452,6.8855123141161005,6.374537
2018-12-05 13:15:00,43.34,10.69,32.51,60.88,38.301143992749154,45.93179085940524,42.069893
2018-12-05 13:30:00,46.51,9.43,57.28,71.89,47.60489444127589,56.66113185545074,57.95469
2018-12-05 13:45:00,50.44,10.33,55.51,79.24,46.33577747110256,57.01017905721327,59.294662
2018-12-05 14:00:00,63.4,26.68,56.12,58.39,42.59364502079697,57.10181314885919,59.529922
2018-12-05 14:15:00,54.36,43.34,58.82,84.46,54.455676735735,57.30879752914671,58.695328
2018-12-05 14:30:00,61.52,46.51,52.88,62.39,46.95194104365403,55.027973557129556,53.74661
2018-12-05 14:45:00,58.93,50.44,53.46,92.81,53.10554798605915,56.32681994567252,53.103024
2018-12-05 15:00:00,85.46,63.4,62.96,98.53,61.07365824679533,61.613788190440346,57.42017
2018-12-05 15:15:00,109.3,54.36,64.62,105.91,60.83690826009571,58.16139295277141,57.41462
2018-12-05 15:30:00,87.16,61.52,60.01,96.91,58.30944248773008,62.022907443308725,58.290443
2018-12-05 15:45:00,96.01,58.93,55.66,65.66,48.392237413137224,61.07129612953463,58.90574
2018-12-05 16:00:00,105.91,85.46,53.82,73.44,64.42383422982134,74.55449517935676,73.3974
2018-12-05 16:15:00,68.18,109.3,71.86,100.84,84.77657094485082,82.36610475305216,88.935135
2018-12-05 16:30:00,64.91,87.16,60.73,97.63,73.11725184031765,82.84191462608342,88.69846
2018-12-05 16:45:00,56.05,96.01,68.22,83.3,67.99320590455466,88.18327094248768,92.32727
2018-12-05 17:00:00,62.96,105.91,80.46,111.78,85.07269510187103,86.64947493992462,89.527405
2018-12-05 17:15:00,47.12,68.18,61.52,83.74,65.96005220654216,72.41298639009743,70.430954
2018-12-05 17:30:00,44.57,64.91,71.1,90.11,67.50784105172629,67.07367260677533,63.59025
2018-12-05 17:45:00,44.24,56.05,35.21,37.91,42.70381652602061,45.84927319101492,34.213844
2018-12-05 18:00:00,27.32,62.96,30.31,31.68,36.618487675534844,32.848196028699086,31.616304
2018-12-05 18:15:00,5.87,47.12,43.56,35.17,35.43910584203627,35.72529586290585,31.61181
2018-12-05 18:30:00,5.36,44.57,40.97,60.73,41.11772642993285,41.62813468591364,39.015137
2018-12-05 18:45:00,5.47,44.24,38.56,50.44,39.19149181257955,42.23717893666453,42.75019
2018-12-05 19:00:00,5.58,27.32,41.65,62.21,39.36816981877903,38.63209830057309,36.005867
2018-12-05 19:15:00,5.58,5.87,49.07,50.65,32.008681674503066,5.445212649271559,9.761319
2018-12-05 19:30:00,5.47,5.36,40.46,54.07,32.60192677396033,4.904786678533905,6.1423364
2018-12-05 19:45:00,5.44,5.47,48.64,40.86,27.906162264529993,4.975480812040471,5.784029
2018-12-05 20:00:00,5.44,5.58,49.75,50.8,24.20188045424165,28.858041753424434,7.593162
2018-12-05 20:15:00,5.44,5.58,48.89,49.82,22.72217829331999,5.203020702291457,5.130619
2018-12-05 20:30:00,5.51,5.47,37.84,41.44,19.5628080588163,4.796308119093751,4.793309
2018-12-05 20:45:00,5.44,5.44,30.67,20.45,11.196021173882809,4.634651178946157,5.6625447
2018-12-05 21:00:00,4.82,5.44,5.08,8.86,2.1890430655634106,4.6143257965978215,5.9580016
2018-12-05 21:15:00,4.28,5.44,5.69,6.34,-2.6267364707187113,4.684291955639048,5.012587
2018-12-05 21:30:00,4.25,5.51,5.44,5.54,-3.056638934369783,4.638917823524908,4.5222616
2018-12-05 21:45:00,4.28,5.44,5.4,5.54,-3.1068847463470632,4.631894736282272,4.6247478
2018-12-05 22:00:00,4.36,4.82,5.44,5.54,-1.9371972765126557,4.442873141923012,4.2678056
2018-12-05 22:15:00,4.03,4.28,5.26,5.18,-2.071405126119231,3.9122281471212985,3.7893255
2018-12-05 22:30:00,4.0,4.25,4.64,5.22,-2.215449159897865,3.8935727281332304,3.740823
2018-12-05 22:45:00,4.03,4.28,3.92,5.15,-2.351027789198632,3.8808282647540424,3.778883
2018-12-05 23:00:00,4.0,4.36,3.96,5.11,-1.2484902618783131,3.979443226946333,3.8707552
2018-12-05 23:15:00,4.0,4.03,3.92,5.11,-1.3014106903784786,3.888533843841681,3.8127754
2018-12-05 23:30:00,3.92,4.0,3.85,4.61,-1.3885377682306057,3.83568839504035,3.7917342
2018-12-05 23:45:00,4.0,4.03,3.89,3.92,-1.4937528111266722,3.860105098804808,3.825471
2018-12-06 00:00:00,4.0,4.0,3.96,4.07,1.7540945432710195,4.205040995017754,3.860396
2018-12-06 00:15:00,3.96,4.0,3.89,3.89,1.7370250911966387,3.761775814612754,3.9386637
2018-12-06 00:30:00,4.79,3.92,3.92,4.03,1.7830434044066017,3.7397171022804954,3.9878075
2018-12-06 00:45:00,5.18,4.0,3.89,4.0,1.8216400009710796,3.7480773093705846,3.9818375
2018-12-06 01:00:00,4.03,4.0,3.96,4.0,3.117939215573017,3.754199712094671,3.99086
2018-12-06 01:15:00,3.92,3.96,3.78,4.0,3.2684026955515684,3.7291631828653338,3.9412062
2018-12-06 01:30:00,4.0,4.79,3.85,4.0,3.778217076639134,3.9494454137224952,3.7999191
2018-12-06 01:45:00,3.92,5.18,3.82,4.1,3.7484941281311848,4.12431203074971,4.2290974
2018-12-06 02:00:00,4.07,4.03,3.82,4.0,4.529781505406831,3.8467768353005907,3.7909503
2018-12-06 02:15:00,3.46,3.92,3.85,3.96,4.471321807610828,3.8263098665041206,3.7549143
2018-12-06 02:30:00,3.28,4.0,4.64,4.03,4.690576761731908,3.863490130247629,3.7415833
2018-12-06 02:45:00,3.38,3.92,4.86,4.03,4.475979013528832,3.716263978815612,3.99477
2018-12-06 03:00:00,3.31,4.07,3.82,4.79,5.6949457296744335,3.7730438314040704,3.8613615
2018-12-06 03:15:00,3.35,3.46,3.49,5.15,5.533415463756615,3.423736477148184,3.4686084
2018-12-06 03:30:00,3.35,3.28,3.13,4.18,4.953466261918354,3.3475528833780546,3.3706934
2018-12-06 03:45:00,3.38,3.38,3.2,4.0,4.7553157855984765,3.357548867317334,3.3226311
2018-12-06 04:00:00,3.42,3.31,3.13,4.0,5.676392124951196,3.3235372104288965,3.3825898
2018-12-06 04:15:00,3.31,3.35,3.1,4.07,5.4979265725401945,3.3659593964558785,3.419992
2018-12-06 04:30:00,4.61,3.35,3.17,3.71,5.262190210953275,3.3475796128709936,3.3982227
2018-12-06 04:45:00,5.04,3.38,3.06,3.35,5.026722687581483,3.3389134405918313,3.3986359
2018-12-06 05:00:00,4.07,3.42,3.17,3.35,5.998750979927074,3.3485106299238216,3.398378
2018-12-06 05:15:00,3.71,3.31,3.06,3.38,5.635200979627651,3.3375972397996,3.3737154
2018-12-06 05:30:00,3.31,4.61,3.1,3.46,6.006916928187685,3.436568768372154,6.4874907
2018-12-06 05:45:00,3.31,5.04,3.02,3.38,5.848009252531696,3.7507457495571015,5.3186574
2018-12-06 06:00:00,3.38,4.07,3.1,3.38,6.350490044985239,3.6994359973424285,3.4953587
2018-12-06 06:15:00,3.31,3.71,3.02,3.35,5.534146095735867,3.71191432829192,3.5409045
2018-12-06 06:30:00,3.28,3.31,4.61,3.31,5.4806441762865425,3.366074101482199,3.370598
2018-12-06 06:45:00,3.31,3.31,4.9,3.71,5.031858336878397,3.36271362578291,3.3725996
2018-12-06 07:00:00,3.24,3.38,3.85,4.68,5.714071701989919,3.3025443026773527,3.3359509
2018-12-06 07:15:00,3.28,3.31,3.49,3.89,5.147960966959708,3.452451178200156,3.4442606
2018-12-06 07:30:00,3.46,3.28,3.2,4.25,4.7792208585190785,3.6376557456065197,3.667013
2018-12-06 07:45:00,4.21,3.31,4.32,5.62,4.826226244949563,4.882213799455695,4.817708
2018-12-06 08:00:00,6.44,3.24,4.72,5.69,5.613936002072066,5.721836437852199,5.0117383
2018-12-06 08:15:00,32.29,3.28,27.65,41.58,23.397192743971154,40.40259513885951,38.49247
2018-12-06 08:30:00,64.98,3.46,61.56,73.98,41.68718301877031,64.35885945492731,59.07837
2018-12-06 08:45:00,60.84,4.21,57.71,88.06,44.637138580722706,70.50226983918705,61.761635
2018-12-06 09:00:00,59.87,6.44,57.82,100.58,51.24656258763912,72.34236831447043,71.705055
2018-12-06 09:15:00,67.0,32.29,68.08,82.08,60.28471805953376,72.09796061371613,64.629486
2018-12-06 09:30:00,71.17,64.98,64.08,102.82,77.9978766283133,65.49962385700888,65.54909
2018-12-06 09:45:00,76.86,60.84,64.76,128.41,83.08309389466392,62.654611498371246,66.253555
2018-12-06 10:00:00,66.67,59.87,62.68,104.26,69.94707045326903,60.48463080068208,60.36302
2018-12-06 10:15:00,63.18,67.0,49.28,104.9,64.96517177114833,63.65070236225309,60.34516
2018-12-06 10:30:00,68.87,71.17,56.52,116.71,74.26232107564591,68.26819800057584,66.217255
2018-12-06 10:45:00,71.06,76.86,59.04,93.02,71.50373390919327,72.12200071226324,72.15643
2018-12-06 11:00:00,62.78,66.67,66.85,56.05,59.054536572304045,66.0730257858401,68.440216
2018-12-06 11:15:00,60.88,63.18,68.83,55.55,59.54463117445009,64.83824843774158,67.083725
2018-12-06 11:30:00,74.45,68.87,60.3,57.35,59.415738771287536,65.35379878360683,67.363594
2018-12-06 11:45:00,67.82,71.06,53.21,64.58,57.65089734161586,70.26632238571032,70.37258
2018-12-06 12:00:00,69.26,62.78,40.97,46.01,48.001155077278696,62.19149016707634,57.645287
2018-12-06 12:15:00,9.94,60.88,10.69,9.36,23.868309261168722,9.464995216665903,7.4369707
2018-12-06 12:30:00,6.88,74.45,9.43,6.84,27.671854862945473,7.663335653326048,7.1273284
2018-12-06 12:45:00,7.02,67.82,10.33,6.19,24.970794098489808,7.575369409599592,6.9633203
2018-12-06 13:00:00,6.95,69.26,26.68,6.34,29.415985339441047,9.831845752138838,7.7254763
2018-12-06 13:15:00,35.78,9.94,43.34,40.21,37.07534461162169,41.904768257769156,37.5642
2018-12-06 13:30:00,61.78,6.88,46.51,62.24,48.63651376142264,62.13751335045808,67.491165
2018-12-06 13:45:00,60.8,7.02,50.44,77.36,49.18834039337798,57.929113923609656,65.08776
2018-12-06 14:00:00,71.78,6.95,63.4,64.76,38.24557144710845,58.95126085982055,62.705063
2018-12-06 14:15:00,72.11,35.78,54.36,57.28,44.435027624275165,57.52651981416343,57.545746
2018-12-06 14:30:00,68.22,61.78,61.52,50.54,54.96593979691372,61.50839328702685,61.929802
2018-12-06 14:45:00,73.44,60.8,58.93,59.51,55.54388096579139,60.976313395202645,60.914314
2018-12-06 15:00:00,56.88,71.78,85.46,57.46,59.19896049932804,69.72865557196992,68.03401
2018-12-06 15:15:00,50.29,72.11,109.3,59.69,62.48776345726998,68.71587836410887,68.8688
2018-12-06 15:30:00,48.78,68.22,87.16,57.67,56.31827586676515,64.06428021984244,65.78729
2018-12-06 15:45:00,48.96,73.44,96.01,66.2,59.676684910218086,71.0061653762498,71.37601
2018-12-06 16:00:00,49.97,56.88,105.91,63.5,60.54381853496537,63.00479444737968,64.95149
2018-12-06 16:15:00,62.28,50.29,68.18,50.36,52.020888906418435,60.66728139629784,59.939903
2018-12-06 16:30:00,47.95,48.78,64.91,70.24,52.02822664176467,56.9204763041157,57.933456
2018-12-06 16:45:00,57.35,48.96,56.05,59.22,45.4791826353457,57.48173472012245,55.03498
2018-12-06 17:00:00,47.77,49.97,62.96,56.88,49.207034822189115,55.401462032500554,50.3704
2018-12-06 17:15:00,48.6,62.28,47.12,59.8,49.580964345555984,59.64052856462578,54.453552
2018-12-06 17:30:00,57.46,47.95,44.57,51.7,42.24352944892881,53.459453074195906,49.316086
2018-12-06 17:45:00,31.86,57.35,44.24,33.59,34.93223865850047,34.0287681171989,32.161797
2018-12-06 18:00:00,31.61,47.77,27.32,33.05,29.11937838139083,32.319493818976895,30.185598
2018-12-06 18:15:00,36.61,48.6,5.87,43.99,31.67904545207581,37.101948619593536,33.68869
2018-12-06 18:30:00,40.07,57.46,5.36,46.91,35.039149660062215,46.49772135090612,44.390327
2018-12-06 18:45:00,37.87,31.86,5.47,59.83,34.23432733125202,42.83986303839402,46.032784
2018-12-06 19:00:00,47.23,31.61,5.58,51.88,33.931669714325395,44.454805278965104,47.771873
2018-12-06 19:15:00,53.03,36.61,5.58,39.89,31.73616248070945,41.93134301682537,43.679024
2018-12-06 19:30:00,38.63,40.07,5.47,39.49,30.28305752067761,41.96203118707175,41.57515
2018-12-06 19:45:00,37.51,37.87,5.44,63.5,32.12996214502317,41.75171680138272,40.84356
2018-12-06 20:00:00,38.3,47.23,5.44,40.57,31.157729611312156,46.01007997397878,43.704735
2018-12-06 20:15:00,54.36,53.03,5.44,39.82,34.880694676135434,49.47244026720948,47.069946
2018-12-06 20:30:00,38.84,38.63,5.51,54.07,33.398035148246194,41.08875424834909,41.077057
2018-12-06 20:45:00,27.72,37.51,5.44,33.41,26.275265044545165,39.427789127165035,37.91128
2018-12-06 21:00:00,8.86,38.3,4.82,27.68,22.090565616449055,22.876513794618994,16.971558
2018-12-06 21:15:00,5.51,54.36,4.28,5.72,19.46103077733809,12.554741261163882,6.4329834
2018-12-06 21:30:00,5.58,38.84,4.25,5.69,13.14156592460202,8.425562259746368,5.564715
2018-12-06 21:45:00,5.62,27.72,4.28,5.65,10.869279901040642,8.175230887498433,5.17757
2018-12-06 22:00:00,5.54,8.86,4.36,4.61,9.918620542147156,5.306673098291779,7.3009443
2018-12-06 22:15:00,5.26,5.51,4.03,4.21,9.033548921192061,4.576732053955601,6.413344
2018-12-06 22:30:00,5.22,5.58,4.0,4.14,5.757277291301186,4.559783323681115,6.112776
2018-12-06 22:45:00,5.26,5.62,4.03,4.18,1.1771542438425016,4.549547064388366,5.9614906
2018-12-06 23:00:00,4.18,5.54,4.0,4.03,0.18102960509385824,4.546467525225911,4.764052
2018-12-06 23:15:00,3.96,5.26,4.0,4.03,-0.0645736100402381,4.487006466114003,4.7493863
2018-12-06 23:30:00,4.0,5.22,3.92,3.96,-0.03731431262546536,4.483141030279421,4.681346
2018-12-06 23:45:00,4.0,5.26,4.0,4.0,0.039450221381770234,4.486978431793383,4.661163
2018-12-07 00:00:00,4.03,4.18,4.0,3.96,4.123518345682825,10.183772374241737,3.3653233
2018-12-07 00:15:00,3.96,3.96,3.96,4.07,4.188207673972737,4.004966623163193,3.6989908
2018-12-07 00:30:00,4.03,4.0,4.79,4.0,4.356592035418,3.996176155092843,3.927513
2018-12-07 00:45:00,4.03,4.0,5.18,4.0,4.259148504601772,3.850424644112685,3.7470675
2018-12-07 01:00:00,4.0,4.03,4.03,4.0,5.2047842134495035,3.8139121628927977,3.9047723
2018-12-07 01:15:00,4.03,3.96,3.92,4.97,5.500040511741165,3.797853442730268,3.9360375
2018-12-07 01:30:00,4.03,4.03,4.0,5.18,5.6799145196459655,3.838239291826179,3.9190626
2018-12-07 01:45:00,4.03,4.03,3.92,4.0,5.208840830540055,3.812637221813702,3.894413
2018-12-07 02:00:00,4.1,4.0,4.07,4.0,6.3732364561241575,3.802379082751617,3.9039514
2018-12-07 02:15:00,4.0,4.03,3.46,4.1,6.270068161132674,3.8398656885684415,3.7794392
2018-12-07 02:30:00,4.72,4.03,3.28,4.1,6.279988858388126,3.8420611275300627,3.755455
2018-12-07 02:45:00,4.79,4.03,3.38,4.07,6.2735996146075195,3.856094590885669,3.7534282
2018-12-07 03:00:00,4.14,4.1,3.31,3.85,7.474853981450305,3.843453207233262,3.6299114
2018-12-07 03:15:00,4.07,4.0,3.35,3.46,7.249493306387539,3.817199042333614,3.7110546
2018-12-07 03:30:00,4.03,4.72,3.35,3.42,7.281871695590837,3.9925566470593874,4.158673
2018-12-07 03:45:00,4.0,4.79,3.38,3.46,7.134058720771694,4.109293076728008,4.271494
2018-12-07 04:00:00,3.42,4.14,3.42,3.42,7.972491816552985,3.901880438827793,3.4695916
2018-12-07 04:15:00,3.49,4.07,3.31,3.42,7.784084584256462,3.897219572270063,3.585419
2018-12-07 04:30:00,3.46,4.03,4.61,3.46,7.9447155765539605,3.9037324958574517,3.5695553
2018-12-07 04:45:00,3.38,4.0,5.04,3.46,7.703112865204691,3.9737578233136985,3.882444
2018-12-07 05:00:00,3.42,3.42,4.07,3.46,8.37030258573806,3.4105045566138177,3.38747
2018-12-07 05:15:00,3.42,3.49,3.71,3.46,8.021346739997519,3.404994052675116,3.4072862
2018-12-07 05:30:00,3.74,3.46,3.31,3.92,7.729144491770715,3.3975728925417616,3.4531894
2018-12-07 05:45:00,4.07,3.38,3.31,4.93,7.394345683430814,3.471300989888406,3.4208767
2018-12-07 06:00:00,3.49,3.42,3.38,5.11,8.236291723044356,3.468398023319036,3.4497812
2018-12-07 06:15:00,3.42,3.42,3.31,3.67,7.389914927644426,3.4455420082533164,3.4333053
2018-12-07 06:30:00,3.64,3.74,3.28,3.42,7.19937079745112,3.4265931000153977,3.2263768
2018-12-07 06:45:00,4.1,4.07,3.31,3.31,6.898236258821495,3.46108505283315,3.3003056
2018-12-07 07:00:00,4.0,3.49,3.24,3.35,7.378447817581126,3.350751430929546,3.3041403
2018-12-07 07:15:00,4.0,3.42,3.28,3.28,6.954801354893224,3.363699111489988,3.4042354
2018-12-07 07:30:00,3.82,3.64,3.46,3.74,6.777450888247817,3.727203191054572,3.6276877
2018-12-07 07:45:00,4.54,4.1,4.21,5.22,6.889994629237538,5.201712113035867,4.693943
2018-12-07 08:00:00,4.79,4.0,6.44,5.33,8.056707895415144,6.934911098026352,5.3136363
2018-12-07 08:15:00,47.66,4.0,32.29,35.57,24.531884901949624,39.873018328399795,35.24517
2018-12-07 08:30:00,60.19,3.82,64.98,62.71,41.6731588737935,58.88634762501686,54.530106
2018-12-07 08:45:00,60.19,4.54,60.84,63.18,41.230942197040996,59.94661615145387,57.87479
2018-12-07 09:00:00,53.32,4.79,59.87,68.11,44.21787019699474,62.486904866107324,57.94149
2018-12-07 09:15:00,58.86,47.66,67.0,51.48,64.2042405487081,70.77399292410776,65.332985
2018-12-07 09:30:00,49.5,60.19,71.17,57.67,69.28144205490138,62.48932913552924,63.717243
2018-12-07 09:45:00,48.42,60.19,76.86,59.26,69.15916211107712,61.47160067769501,61.83662
2018-12-07 10:00:00,62.78,53.32,66.67,63.22,56.05236129137894,57.20709821578374,56.543247
2018-12-07 10:15:00,48.02,58.86,63.18,49.21,54.02097262694977,60.11118557179897,57.52739
2018-12-07 10:30:00,46.22,49.5,68.87,60.34,56.42426774269242,56.49617198600915,56.213333
2018-12-07 10:45:00,57.46,48.42,71.06,73.26,60.33414988782317,56.21519470337481,54.96038
2018-12-07 11:00:00,48.78,62.78,62.78,60.34,61.35293903327997,61.32002804643562,59.699844
2018-12-07 11:15:00,47.02,48.02,60.88,69.62,58.67369972922182,56.37741986388634,55.760002
2018-12-07 11:30:00,58.0,46.22,74.45,54.18,56.70459507210209,56.03062640613025,54.525185
2018-12-07 11:45:00,51.48,57.46,67.82,49.32,54.78321725168732,58.90642054443289,57.2399
2018-12-07 12:00:00,44.28,48.78,69.26,61.06,53.69705047867962,51.00906654489384,51.139
2018-12-07 12:15:00,26.6,47.02,9.94,5.65,19.962652182177415,8.66815709021747,7.324092
2018-12-07 12:30:00,12.49,58.0,6.88,6.34,22.051337516855817,7.2614588459488365,6.364462
2018-12-07 12:45:00,9.79,51.48,7.02,6.48,19.88881652428173,7.259887279550442,6.453293
2018-12-07 13:00:00,10.76,44.28,6.95,6.41,20.161189946142454,7.361113194678716,5.800123
2018-12-07 13:15:00,44.06,26.6,35.78,41.76,34.32889955949767,41.22489938871157,35.074142
2018-12-07 13:30:00,49.82,12.49,61.78,62.96,44.96529910849348,55.83401822064251,55.63092
2018-12-07 13:45:00,54.36,9.79,60.8,50.72,39.14385469648299,54.28063470222495,54.597946
2018-12-07 14:00:00,55.98,10.76,71.78,48.24,39.89646387088038,56.835790075178814,56.29943
2018-12-07 14:15:00,56.48,44.06,72.11,50.29,52.694251527673934,57.22093651426582,56.808777
2018-12-07 14:30:00,47.41,49.82,68.22,51.77,52.774834351711675,56.95345378294151,55.316082
2018-12-07 14:45:00,47.95,54.36,73.44,52.96,53.639258976220546,58.02127265015408,55.352535
2018-12-07 15:00:00,58.86,55.98,56.88,44.71,45.91943333639239,57.96416780955745,55.029995
2018-12-07 15:15:00,50.08,56.48,50.29,51.19,49.231576902527664,58.4498364883174,55.233322
2018-12-07 15:30:00,51.88,47.41,48.78,42.77,42.2346721507935,52.59653728525347,53.258224
2018-12-07 15:45:00,53.82,47.95,48.96,41.72,43.2633829869367,53.82496521956982,55.837387
2018-12-07 16:00:00,49.9,58.86,49.97,45.72,50.37854116583918,58.73854040271657,59.147057
2018-12-07 16:15:00,57.1,50.08,62.28,67.68,53.264806938754134,56.01258718120104,55.87159
2018-12-07 16:30:00,50.33,51.88,47.95,44.75,42.41137675714818,52.8041506622246,55.32196
2018-12-07 16:45:00,68.54,53.82,57.35,48.28,45.01964369467784,56.32983798743205,57.050926
2018-12-07 17:00:00,60.12,49.9,47.77,66.13,50.288538433098424,54.88962941583795,54.16784
2018-12-07 17:15:00,72.11,57.1,48.6,44.42,44.294295119122495,56.3442311776387,54.204506
2018-12-07 17:30:00,46.33,50.33,57.46,49.43,44.663735368053224,52.54327520249895,50.26332
2018-12-07 17:45:00,34.16,68.54,31.86,28.8,38.042312471767474,35.82622915778819,32.301598
2018-12-07 18:00:00,30.35,60.12,31.61,28.66,33.52002807935665,31.655079604489863,29.84744
2018-12-07 18:15:00,42.48,72.11,36.61,42.84,44.30101536536998,39.93595831323169,36.385735
2018-12-07 18:30:00,52.85,46.33,40.07,50.54,39.148718998662915,42.93911276852637,42.827515
2018-12-07 18:45:00,58.97,34.16,37.87,45.61,38.56047376573723,41.32658420348851,46.83522
2018-12-07 19:00:00,57.17,30.35,47.23,63.11,44.28899740162916,48.36570393247283,48.698967
2018-12-07 19:15:00,44.39,42.48,53.03,44.96,41.83863370978965,45.97759789244651,47.271416
2018-12-07 19:30:00,47.84,52.85,38.63,66.46,45.12254415953871,49.65363598894333,48.99475
2018-12-07 19:45:00,54.07,58.97,37.51,45.61,42.64512482026666,47.97748316896645,48.787983
2018-12-07 20:00:00,43.38,57.17,38.3,38.09,39.458734595670094,50.44329668646179,47.386593
2018-12-07 20:15:00,57.64,44.39,54.36,54.79,42.67144583300207,51.468415032501404,46.292076
2018-12-07 20:30:00,41.72,47.84,38.84,52.63,40.11889346789433,47.168881536596054,44.025223
2018-12-07 20:45:00,31.9,54.07,27.72,37.91,36.20229427376683,47.28518837964312,39.573853
2018-12-07 21:00:00,19.69,43.38,8.86,9.14,19.36675045044152,22.135843381067172,11.754705
2018-12-07 21:15:00,5.62,57.64,5.51,5.69,19.637064657231655,13.151615292306825,6.7337103
2018-12-07 21:30:00,5.62,41.72,5.58,5.58,15.312852501304178,8.44747185124902,5.2877903
2018-12-07 21:45:00,5.15,31.9,5.62,5.47,14.093358923357801,8.06805707893858,5.335491
2018-12-07 22:00:00,4.28,19.69,5.54,5.44,13.276963106699622,6.0766702984839105,5.6608596
2018-12-07 22:15:00,4.0,5.62,5.26,5.22,10.206512529828679,4.894717592706333,5.846481
2018-12-07 22:30:00,4.07,5.62,5.22,5.18,7.906925418555879,4.60571798966837,5.389591
2018-12-07 22:45:00,4.03,5.15,5.26,5.11,4.846739111063709,4.537022181004543,5.0720487
2018-12-07 23:00:00,4.0,4.28,4.18,3.92,1.7085056289249998,4.112939756794521,4.061029
2018-12-07 23:15:00,3.96,4.0,3.96,3.92,0.6027285518900918,3.938946052005953,3.7730227
2018-12-07 23:30:00,4.03,4.07,4.0,3.89,0.5860118682094004,3.9305329252938033,3.7643967
2018-12-07 23:45:00,4.0,4.03,4.0,3.82,0.4225107044016845,3.8943870184510674,3.8778107
2018-12-08 00:00:00,3.78,4.0,4.03,3.35,-1.8182851701403315,5.253122074603503,3.6010025
2018-12-08 00:15:00,4.0,3.96,3.96,3.89,-1.7104865512099998,3.8383542327118114,4.0012784
2018-12-08 00:30:00,3.96,4.03,4.03,3.85,-1.5983070239956305,3.872493491357471,4.053268
2018-12-08 00:45:00,4.0,4.0,4.03,3.89,-1.5410538891044965,3.873720709309267,3.9948978
2018-12-08 01:00:00,4.0,3.78,4.0,3.89,-0.37934713901734796,3.686739220186486,3.8736782
2018-12-08 01:15:00,5.15,4.0,4.03,4.03,-0.18139215500800532,3.7885440921652456,3.9306738
2018-12-08 01:30:00,4.79,3.96,4.03,3.89,-0.10880065680745332,3.7946775376128397,3.9269676
2018-12-08 01:45:00,3.96,4.0,4.03,3.92,-0.27809093093775417,3.781044984169235,3.9467356
2018-12-08 02:00:00,3.96,4.0,4.1,3.92,0.8349241938980541,3.7921584267547277,3.8707523
2018-12-08 02:15:00,4.1,5.15,4.0,3.96,1.3884300873594988,4.200568523900009,4.8710995
2018-12-08 02:30:00,4.0,4.79,4.72,4.03,1.4751800504282038,4.204610777517746,4.874384
2018-12-08 02:45:00,4.0,3.96,4.79,4.14,1.2338559897730264,3.9164002382262635,4.182094
2018-12-08 03:00:00,4.0,3.96,4.14,5.08,2.457023648721144,3.9195086955988447,4.1329665
2018-12-08 03:15:00,3.96,4.1,4.07,4.72,2.309909871568788,3.8790913403331153,3.9398022
2018-12-08 03:30:00,3.64,4.0,4.03,3.96,1.6885990112293356,3.893090221409184,3.7868352
2018-12-08 03:45:00,3.38,4.0,4.0,3.92,1.4221496327640502,3.927505733096841,3.8028064
2018-12-08 04:00:00,3.31,4.0,3.42,3.35,2.2555853595128923,3.9401046383990916,3.6052911
2018-12-08 04:15:00,3.35,3.96,3.49,3.28,2.1072596075644974,3.845487926244272,3.7123666
2018-12-08 04:30:00,3.35,3.64,3.46,3.35,2.02617962892273,3.5897944581770207,3.5228148
2018-12-08 04:45:00,3.42,3.38,3.38,3.24,1.8074938259269153,3.355900329773829,3.4165554
2018-12-08 05:00:00,3.49,3.31,3.42,3.31,2.63239279048053,3.3277441203272833,3.4262052
2018-12-08 05:15:00,4.0,3.35,3.42,3.31,2.249236753010866,3.4736613409623125,3.4860728
2018-12-08 05:30:00,3.53,3.35,3.74,3.28,1.9068763314087,3.565418178031413,3.5763137
2018-12-08 05:45:00,3.35,3.42,4.07,3.28,1.4791135933156276,3.5541381698874983,3.7064373
2018-12-08 06:00:00,3.38,3.49,3.49,3.2,2.147377511637302,3.51407106168221,3.9145586
2018-12-08 06:15:00,4.03,4.0,3.42,3.46,2.0315652791748384,3.481453034049865,3.4828732
2018-12-08 06:30:00,4.03,3.53,3.64,4.03,1.73434677569902,3.4516163603993366,3.5240173
2018-12-08 06:45:00,4.0,3.35,4.1,3.89,1.315290657659041,3.383980536969589,3.6411307
2018-12-08 07:00:00,3.78,3.38,4.0,3.89,1.990236227410083,3.369099450629351,3.6848915
2018-12-08 07:15:00,3.35,4.03,4.0,4.46,1.9119133282602974,3.670067919622231,3.6219997
2018-12-08 07:30:00,3.31,4.03,3.82,3.67,1.3599009177290817,3.7196021260449856,3.8089442
2018-12-08 07:45:00,3.53,4.0,4.54,3.46,0.9099586129930799,4.8285940139378,4.1773267
2018-12-08 08:00:00,3.67,3.78,4.79,3.46,1.7200913830339495,5.2037775376126065,3.8341434
2018-12-08 08:15:00,29.23,3.35,47.66,3.71,16.07439132637762,27.487221183000734,16.579632
2018-12-08 08:30:00,38.16,3.31,60.19,4.72,25.766115314093476,28.531510526693346,21.914478
2018-12-08 08:45:00,33.08,3.53,60.19,4.46,25.413010076161406,28.187264013952046,21.737549
2018-12-08 09:00:00,51.52,3.67,53.32,5.22,25.961798707846537,29.015638841990693,22.66592
2018-12-08 09:15:00,47.77,29.23,58.86,28.58,44.72938181177204,39.45183518656191,41.40273
2018-12-08 09:30:00,42.05,38.16,49.5,30.56,44.76061971507798,44.79939212052523,42.406677
2018-12-08 09:45:00,32.4,33.08,48.42,28.08,41.57139236825454,43.07138789763333,39.274456
2018-12-08 10:00:00,31.43,51.52,62.78,28.58,45.71616907621056,43.85344401769813,44.979004
2018-12-08 10:15:00,31.57,47.77,48.02,28.73,40.87435419908376,43.92916931687348,43.81407
2018-12-08 10:30:00,31.43,42.05,46.22,29.56,39.73839254791963,41.39049499506377,40.02831
2018-12-08 10:45:00,47.66,32.4,57.46,30.06,39.32618574830228,39.29488714336393,36.705437
2018-12-08 11:00:00,49.28,31.43,48.78,29.2,39.238568021176526,41.767191141585435,37.927765
2018-12-08 11:15:00,38.16,31.57,47.02,27.94,36.87185433134796,38.10512803631074,37.355972
2018-12-08 11:30:00,44.14,31.43,58.0,27.94,37.128322813196576,37.09632752935743,34.60556
2018-12-08 11:45:00,38.27,47.66,51.48,25.63,39.678242018861376,42.142317262457084,42.43936
2018-12-08 12:00:00,22.46,49.28,44.28,3.64,34.064969848903516,42.19372525411373,35.827236
2018-12-08 12:15:00,3.92,38.16,26.6,3.85,15.768712388904374,11.034810328620681,5.307083
2018-12-08 12:30:00,4.57,44.14,12.49,3.71,11.513053535747755,10.0214627203604,4.9095297
2018-12-08 12:45:00,5.36,38.27,9.79,3.74,9.957977589301251,7.554392693730006,4.829139
2018-12-08 13:00:00,6.08,22.46,10.76,3.71,10.109508076509051,16.261438933132357,5.8603687
2018-12-08 13:15:00,34.09,3.92,44.06,11.3,19.774080521166706,22.548698324789804,20.864464
2018-12-08 13:30:00,55.69,4.57,49.82,27.29,27.344025993506122,39.059211973086974,31.513302
2018-12-08 13:45:00,40.61,5.36,54.36,26.86,24.06355598218142,36.821432012145074,24.740759
2018-12-08 14:00:00,50.51,6.08,55.98,25.31,23.205948474478127,32.11946994646151,21.89253
2018-12-08 14:15:00,37.98,34.09,56.48,26.21,35.785338330175165,43.817947097046016,42.218426
2018-12-08 14:30:00,48.89,55.69,47.41,26.28,42.97957597225535,49.80548844517799,49.55419
2018-12-08 14:45:00,37.73,40.61,47.95,18.68,35.03557408583696,45.80740100392761,43.08927
2018-12-08 15:00:00,40.03,50.51,58.86,5.18,35.50274623671397,42.975711814025786,44.215755
2018-12-08 15:15:00,43.67,37.98,50.08,5.08,33.183810659611076,40.371343252060605,39.63451
2018-12-08 15:30:00,46.15,48.89,51.88,4.75,34.180863646382434,44.71795714116507,44.4974
2018-12-08 15:45:00,49.68,37.73,53.82,4.75,30.317878854447507,39.64828822592397,39.431854
2018-12-08 16:00:00,49.32,40.03,49.9,4.72,32.862337807295944,40.812838075808344,40.54756
2018-12-08 16:15:00,49.46,43.67,57.1,4.64,32.571055138004894,40.61899708026736,40.369003
2018-12-08 16:30:00,49.54,46.15,50.33,4.72,29.142329675775006,41.67815843910228,41.111153
2018-12-08 16:45:00,34.63,49.68,68.54,4.68,33.23424319662871,40.15401668818051,42.440166
2018-12-08 17:00:00,27.0,49.32,60.12,4.64,34.526232022523146,20.957694796412163,18.851448
2018-12-08 17:15:00,9.9,49.46,72.11,4.79,33.50115475821506,13.447504557578124,11.402732
2018-12-08 17:30:00,5.22,49.54,46.33,4.75,27.863960372527167,18.699945841002027,15.354763
2018-12-08 17:45:00,5.29,34.63,34.16,4.72,17.861154880748888,8.933785115312054,6.8005
2018-12-08 18:00:00,5.22,27.0,30.35,4.68,15.408739646894729,11.114628897695964,5.6562843
2018-12-08 18:15:00,5.18,9.9,42.48,5.76,16.793118907229918,5.158603074402742,5.279304
2018-12-08 18:30:00,5.15,5.22,52.85,5.4,16.878453069577347,4.704289757760736,5.7565417
2018-12-08 18:45:00,5.33,5.29,58.97,4.79,16.643545382842223,4.829469330896945,4.209497
2018-12-08 19:00:00,5.15,5.22,57.17,4.79,12.745980778205027,4.702676988952565,5.0389338
2018-12-08 19:15:00,4.1,5.18,44.39,4.79,9.27261486592204,4.570441823678194,4.3418655
2018-12-08 19:30:00,4.14,5.15,47.84,4.79,6.83237641875678,4.555393938053839,3.947075
2018-12-08 19:45:00,4.1,5.33,54.07,4.9,9.147499615309528,4.779685730895293,3.7040372
2018-12-08 20:00:00,4.14,5.15,43.38,4.75,8.865836734880531,4.506296919083764,3.9100254
2018-12-08 20:15:00,4.1,4.1,57.64,4.79,11.98105857059728,3.970257543397932,3.4528828
2018-12-08 20:30:00,4.03,4.14,41.72,4.75,6.680030934750423,3.9646476450910626,3.6333458
2018-12-08 20:45:00,4.14,4.1,31.9,4.82,3.7960252695433425,3.9507035254680343,3.7686348
2018-12-08 21:00:00,4.1,4.14,19.69,4.82,-2.2849369210901287,4.069004057138742,4.207073
2018-12-08 21:15:00,4.14,4.1,5.62,4.75,-7.692282215433796,4.068359078784445,4.508772
2018-12-08 21:30:00,4.1,4.03,5.62,4.79,-8.021398750173315,4.0175195800237935,4.4558697
2018-12-08 21:45:00,4.14,4.14,5.15,4.79,-8.113159114302764,4.023851487769374,4.488487
2018-12-08 22:00:00,4.1,4.1,4.28,4.9,-6.985054995909248,3.9753522399223704,4.36812
2018-12-08 22:15:00,3.82,4.14,4.0,5.76,-6.821109748401657,3.976724115907221,4.299173
2018-12-08 22:30:00,3.89,4.1,4.07,4.61,-7.151510651417649,3.966226175115509,3.906183
2018-12-08 22:45:00,5.0,4.14,4.03,3.42,-7.2990977670119115,3.926740127413751,3.8312886
2018-12-08 23:00:00,4.75,4.1,4.0,3.42,-6.087395560046726,3.912240632630147,3.8466017
2018-12-08 23:15:00,3.82,3.82,3.96,3.28,-6.103673241933382,3.744936942437164,3.5582607
2018-12-08 23:30:00,3.71,3.89,4.03,3.38,-6.006365933249516,3.6995930732105595,3.5762835
2018-12-08 23:45:00,3.82,5.0,4.0,3.31,-5.442554049111454,4.048661869010398,5.0115933
2018-12-09 00:00:00,3.17,4.75,3.78,4.36,-3.48370092925823,10.415065305946019,4.1634607
2018-12-09 00:15:00,3.74,3.82,4.0,3.35,-3.85017812776422,3.7957569611294404,3.5698338
2018-12-09 00:30:00,3.74,3.71,3.96,3.35,-3.7579782941883906,3.7662163706226814,3.5116558
2018-12-09 00:45:00,3.82,3.82,4.0,3.38,-3.6162287588671695,3.684995513397342,3.6597035
2018-12-09 01:00:00,3.85,3.17,4.0,3.89,-2.8126187950584303,3.357140957060887,3.316152
2018-12-09 01:15:00,3.78,3.74,5.15,4.46,-2.29223112762163,3.5844108294759174,3.3502018
2018-12-09 01:30:00,3.82,3.74,4.79,4.43,-2.290449868877797,3.5715621734970115,3.3510995
2018-12-09 01:45:00,3.78,3.82,3.96,4.14,-2.6276955115384517,3.5557452577141846,3.4344685
2018-12-09 02:00:00,3.78,3.85,3.96,3.46,-1.726020638542142,3.5340481097541785,3.5921566
2018-12-09 02:15:00,3.17,3.78,4.1,3.38,-1.7592984949528834,3.603953689682862,3.583749
2018-12-09 02:30:00,3.13,3.82,4.0,3.38,-1.675374232835491,3.619764584384174,3.6051755
2018-12-09 02:45:00,3.35,3.78,4.0,3.38,-1.694709372085267,3.6360058655477006,3.613983
2018-12-09 03:00:00,3.67,3.78,4.0,4.32,-0.4976189893014187,3.6447287575365226,3.6466212
2018-12-09 03:15:00,3.02,3.17,3.96,4.64,-0.6252697829290561,3.3153261000682566,3.2188718
2018-12-09 03:30:00,3.13,3.13,3.64,3.82,-1.0615247264618404,3.2875394356760435,3.150908
2018-12-09 03:45:00,3.06,3.35,3.38,3.46,-1.3079109451339512,3.2470615788317683,3.1293566
2018-12-09 04:00:00,3.06,3.67,3.31,3.42,-0.19929292481127092,3.2676966734673227,3.2018392
2018-12-09 04:15:00,3.06,3.02,3.35,3.46,-0.6880123984200601,3.2026829066940614,3.1180713
2018-12-09 04:30:00,3.2,3.13,3.35,4.32,-0.5471339209055515,3.2539826086346593,3.1171138
2018-12-09 04:45:00,3.78,3.06,3.42,4.5,-0.6680059526818347,3.2818321274754547,3.107205
2018-12-09 05:00:00,3.78,3.06,3.49,4.54,0.15536144147537811,3.3161443222801084,3.2414887
2018-12-09 05:15:00,3.74,3.06,4.0,4.39,-0.18864575472777645,3.318282684275879,3.3903096
2018-12-09 05:30:00,3.74,3.2,3.53,3.35,-0.6636044973080715,3.263398896675669,3.1786456
2018-12-09 05:45:00,3.13,3.78,3.35,3.46,-0.8589618037315709,3.218634690549628,3.1768212
2018-12-09 06:00:00,3.74,3.78,3.38,3.35,-0.12998762473455017,3.2498730782246503,3.1202793
2018-12-09 06:15:00,3.56,3.74,4.03,3.42,-0.457561689657382,3.4517520702462607,3.276927
2018-12-09 06:30:00,3.1,3.74,4.03,3.42,-0.882354107461012,3.5690021436863866,3.6483855
2018-12-09 06:45:00,2.95,3.13,4.0,3.38,-1.3103010577234286,3.234216938490224,3.233616
2018-12-09 07:00:00,3.06,3.74,3.78,3.46,-0.48916033493745914,3.55037285510532,3.3643086
2018-12-09 07:15:00,3.02,3.56,3.35,3.38,-1.1020875199559406,3.508186870918581,3.2723556
2018-12-09 07:30:00,2.95,3.1,3.31,3.46,-1.5272090318638156,3.297567716968356,3.1317227
2018-12-09 07:45:00,3.02,2.95,3.53,3.46,-2.0926317700345898,3.383702251502847,3.6862803
2018-12-09 08:00:00,2.99,3.06,3.67,3.49,-1.0582594955429592,3.256575835784287,3.315715
2018-12-09 08:15:00,3.13,3.02,29.23,4.57,10.944147506719315,10.673673331122522,4.822748
2018-12-09 08:30:00,3.74,2.95,38.16,4.54,19.695667065013783,10.636055529807281,7.8908963
2018-12-09 08:45:00,3.82,3.02,33.08,5.54,18.79756775932595,10.775653539830467,6.3458915
2018-12-09 09:00:00,3.96,2.99,51.52,4.75,22.522969793010247,11.417249437259732,6.9419694
2018-12-09 09:15:00,4.03,3.13,47.77,3.74,23.521647645086574,4.0381362289753335,5.1127415
2018-12-09 09:30:00,3.35,3.74,42.05,3.71,19.639684293228363,4.160854036557756,4.2425246
2018-12-09 09:45:00,3.31,3.82,32.4,3.6,18.867990913662084,3.9748935789147013,4.906708
2018-12-09 10:00:00,3.89,3.96,31.43,3.56,17.888832227066604,3.7950335395914325,3.908586
2018-12-09 10:15:00,4.03,4.03,31.57,3.6,14.671909582681668,4.385726364007103,4.848429
2018-12-09 10:30:00,3.31,3.35,31.43,3.64,14.944344117389651,3.6862158471554896,4.312813
2018-12-09 10:45:00,3.35,3.31,47.66,3.64,18.349977472675835,4.023282200561531,3.8150456
2018-12-09 11:00:00,3.42,3.89,49.28,3.64,18.760863299660745,4.032337609937704,4.341435
2018-12-09 11:15:00,3.35,4.03,38.16,3.64,16.603100707563094,3.765623870876192,4.2942142
2018-12-09 11:30:00,3.31,3.31,44.14,3.56,18.540089285975327,4.058696936478214,4.418849
2018-12-09 11:45:00,3.38,3.35,38.27,3.64,13.9154320661803,3.6825894578935756,3.945891
2018-12-09 12:00:00,3.89,3.42,22.46,4.03,9.534428161966751,3.6041922883277056,3.7917323
2018-12-09 12:15:00,4.18,3.35,3.92,4.86,-4.980763457122283,3.5292383994377308,4.086096
2018-12-09 12:30:00,4.1,3.31,4.57,4.75,-7.772509223526267,3.4976565743324075,4.1229167
2018-12-09 12:45:00,4.1,3.38,5.36,5.36,-8.53054111656235,3.504689993546535,4.1118317
2018-12-09 13:00:00,3.6,3.89,6.08,4.9,-5.311966293274363,3.621621554442066,4.2083235
2018-12-09 13:15:00,3.42,4.18,34.09,3.78,5.090749886892823,4.446577950318935,3.80503
2018-12-09 13:30:00,3.42,4.1,55.69,3.64,12.603647662326447,4.509617040691624,5.9476604
2018-12-09 13:45:00,3.35,4.1,40.61,3.6,9.399110793007665,5.855529685901906,7.330477
2018-12-09 14:00:00,3.92,3.6,50.51,3.6,14.285000633500582,4.185825173739621,8.483515
2018-12-09 14:15:00,3.78,3.42,37.98,3.6,11.98271919802674,3.9405481533750217,6.3197937
2018-12-09 14:30:00,3.42,3.42,48.89,3.56,11.179442992766148,4.217617923295994,4.3501353
2018-12-09 14:45:00,3.38,3.35,37.73,3.56,9.137833835234847,4.085281599105312,4.109682
2018-12-09 15:00:00,3.46,3.92,40.03,3.64,12.032069889284049,3.8563010920977074,4.3987737
2018-12-09 15:15:00,3.42,3.78,43.67,3.6,13.862912344856252,4.068148364144238,4.045284
2018-12-09 15:30:00,3.53,3.42,46.15,3.56,10.450874486275925,4.0640465975470494,3.8528237
2018-12-09 15:45:00,4.07,3.38,49.68,3.85,11.207647222906985,4.013959945120349,3.8207579
2018-12-09 16:00:00,4.03,3.46,49.32,4.68,13.443653349335472,3.894424605826276,4.094853
2018-12-09 16:15:00,4.14,3.42,49.46,4.72,11.764596822286485,3.664497793294083,4.358477
2018-12-09 16:30:00,4.0,3.53,49.54,4.72,8.17181048849276,3.392485885347769,3.4742343
2018-12-09 16:45:00,3.31,4.07,34.63,3.89,7.5823079950629655,3.5094045549167086,3.6906266
2018-12-09 17:00:00,3.35,4.03,27.0,3.53,9.372294293701355,3.4842058666612856,3.5938492
2018-12-09 17:15:00,3.49,4.14,9.9,3.6,5.483257994841718,3.4982546682501736,3.5310082
2018-12-09 17:30:00,4.1,4.0,5.22,3.6,3.506628039017823,3.832674007641619,4.183708
2018-12-09 17:45:00,3.64,3.31,5.29,3.74,-4.247960075135989,3.3573772660641263,3.4223895
2018-12-09 18:00:00,3.24,3.35,5.22,4.72,-5.121811764043198,3.357216974039806,3.3982496
2018-12-09 18:15:00,3.28,3.49,5.18,3.89,-3.003222385207952,3.3816076384013574,3.356001
2018-12-09 18:30:00,3.31,4.1,5.15,3.53,-1.7760521045202822,3.6715762041229647,3.8652813
2018-12-09 18:45:00,3.42,3.64,5.33,3.53,-0.5011043424202306,3.427085269793944,3.263714
2018-12-09 19:00:00,3.64,3.24,5.15,3.56,-0.17166374305480758,3.2940750756718864,3.2203608
2018-12-09 19:15:00,4.07,3.28,4.1,3.67,0.3888972113009963,3.3193976052791627,3.197935
2018-12-09 19:30:00,4.03,3.31,4.14,3.56,-2.3862925065683953,3.1853370441869915,3.2247677
2018-12-09 19:45:00,4.03,3.42,4.1,4.39,-0.8584664048061583,3.2927306468918855,3.3707118
2018-12-09 20:00:00,4.0,3.64,4.14,4.72,0.5088122397518653,3.2344793671856524,3.273404
2018-12-09 20:15:00,3.31,4.07,4.1,4.68,2.438667328684751,3.400889352901508,3.4040093
2018-12-09 20:30:00,3.31,4.03,4.03,4.75,-1.153133371848952,3.4435560704192487,3.784221
2018-12-09 20:45:00,3.35,4.03,4.14,3.71,-3.1006898143062784,3.5147097106026512,3.53664
2018-12-09 21:00:00,3.35,4.0,4.1,3.53,-7.848885691924668,3.7757888159858095,3.8766124
2018-12-09 21:15:00,3.67,3.31,4.14,3.6,-11.425666573493086,3.3433607910479446,3.413784
2018-12-09 21:30:00,4.14,3.31,4.1,3.6,-11.696295437428692,3.331630754996681,3.3539128
2018-12-09 21:45:00,3.38,3.35,4.14,3.6,-11.75975632551226,3.2969204066853823,3.2097678
2018-12-09 22:00:00,3.28,3.35,4.1,3.56,-10.684736732439045,3.293029141230224,3.3845253
2018-12-09 22:15:00,3.13,3.67,3.82,4.07,-10.563909133148425,3.215105082490978,3.2661207
2018-12-09 22:30:00,3.17,4.14,3.89,4.32,-10.319160835826413,3.38796849313017,3.2302015
2018-12-09 22:45:00,3.78,3.38,5.0,3.35,-10.487106076519677,3.2611328932537407,3.1343536
2018-12-09 23:00:00,3.78,3.28,4.75,3.31,-9.336641717314063,3.217697750938633,3.0824862
2018-12-09 23:15:00,3.74,3.13,3.82,3.31,-9.469721985883456,3.1555391357279863,2.9632394
2018-12-09 23:30:00,3.74,3.17,3.71,3.28,-9.526097802341948,3.1695998906923553,3.0998998
2018-12-09 23:45:00,3.46,3.78,3.82,3.35,-9.22689899455553,3.1737504544070583,3.027418
2018-12-10 00:00:00,5.36,3.78,3.17,4.57,4.995424413944459,3.666952540648704,3.7345438
2018-12-10 00:15:00,3.06,3.74,3.74,4.43,5.034293178452675,3.415957610621785,3.435428
2018-12-10 00:30:00,3.02,3.74,3.74,4.36,5.001132911217635,3.5339154314290226,3.6847966
2018-12-10 00:45:00,3.31,3.46,3.82,4.21,5.081142104485014,3.623098025441684,3.5283575
2018-12-10 01:00:00,3.85,5.36,3.85,3.35,7.006266920884158,3.7970089551433626,3.579326
2018-12-10 01:15:00,3.42,3.06,3.78,3.38,6.506003520280281,3.2431221658333387,3.1624167
2018-12-10 01:30:00,3.1,3.02,3.82,3.35,6.607034654147771,3.21657927370019,3.1043801
2018-12-10 01:45:00,3.1,3.31,3.78,3.42,6.476253963357582,3.297064513501057,3.1657233
2018-12-10 02:00:00,3.17,3.85,3.78,3.49,7.6744086009316135,3.3094754543195215,3.271521
2018-12-10 02:15:00,3.31,3.42,3.17,3.42,7.2123570044467975,3.16221298894211,3.0807333
2018-12-10 02:30:00,3.82,3.1,3.13,3.38,7.186781594048579,3.1622215110375245,3.0864315
2018-12-10 02:45:00,3.78,3.1,3.35,4.36,7.391674633372332,3.2052491090479225,3.226507
2018-12-10 03:00:00,3.82,3.17,3.67,4.14,8.371354593163566,3.201037508153939,3.2584643
2018-12-10 03:15:00,3.74,3.31,3.02,3.42,8.009051499562815,3.168036957422081,3.2007744
2018-12-10 03:30:00,3.1,3.82,3.13,3.38,8.074654642751003,3.2024758227113512,3.1302874
2018-12-10 03:45:00,3.2,3.78,3.06,3.35,7.868063045999147,3.3211760749987262,3.1872542
2018-12-10 04:00:00,3.1,3.82,3.06,3.35,8.879520751903854,3.3971284388127025,3.2159061
2018-12-10 04:15:00,3.13,3.74,3.06,4.1,8.755185996154257,3.520063801860014,3.63524
2018-12-10 04:30:00,3.17,3.1,3.2,4.43,8.72326974375429,3.310710200112677,3.2298343
2018-12-10 04:45:00,3.49,3.2,3.78,4.5,8.692503352072546,3.2914662608137903,3.1737695
2018-12-10 05:00:00,3.74,3.1,3.78,3.78,9.38279955957077,3.1625968350145466,3.0545096
2018-12-10 05:15:00,3.13,3.13,3.74,3.31,8.883212270554637,3.1938354157326443,3.257254
2018-12-10 05:30:00,3.1,3.17,3.74,3.38,8.610599289102122,3.2207397265628033,3.2375984
2018-12-10 05:45:00,3.82,3.49,3.13,3.31,8.211102230081543,3.122595916294075,3.0829642
2018-12-10 06:00:00,3.82,3.74,3.74,3.31,9.150064779439166,3.1400530160168745,3.022826
2018-12-10 06:15:00,3.85,3.13,3.56,3.35,8.559860965736274,3.1353081210664495,3.0567715
2018-12-10 06:30:00,3.82,3.1,3.1,3.31,8.19118139197806,3.145355360469307,3.0756414
2018-12-10 06:45:00,3.46,3.82,2.95,3.24,8.0543862595149,3.2005434552216205,3.1329956
2018-12-10 07:00:00,3.06,3.82,3.06,3.24,8.738886391727075,3.324568408800882,3.183684
2018-12-10 07:15:00,3.13,3.85,3.02,4.21,8.34833831723061,3.4581649113800017,3.3065693
2018-12-10 07:30:00,3.56,3.82,2.95,5.76,8.095803251714806,3.8534012963352167,3.9857488
2018-12-10 07:45:00,5.87,3.46,3.02,5.98,7.751673775789417,4.786668630325789,6.5960817
2018-12-10 08:00:00,6.8,3.06,2.99,5.58,8.629162729917404,5.318436592509072,7.731275
2018-12-10 08:15:00,33.48,3.13,3.13,34.99,22.9623612185402,23.714587821072445,25.934256
2018-12-10 08:30:00,61.06,3.56,3.74,56.84,34.53588915737393,59.19524331249177,53.997746
2018-12-10 08:45:00,58.36,5.87,3.82,61.06,36.034278386173604,75.42039985777393,65.714134
2018-12-10 09:00:00,68.62,6.8,3.96,57.89,37.28705562542772,76.50902255200837,68.891556
2018-12-10 09:15:00,69.23,33.48,4.03,70.49,53.94917808494449,73.83682497622353,65.67209
2018-12-10 09:30:00,70.78,61.06,3.35,50.11,60.1962896555918,63.595169167666874,61.33187
2018-12-10 09:45:00,61.74,58.36,3.31,66.38,62.0035018994988,61.713900240973686,61.307117
2018-12-10 10:00:00,72.0,68.62,3.89,56.88,58.31920338117299,63.412977150482405,61.44609
2018-12-10 10:15:00,56.2,69.23,4.03,47.09,51.27758236939185,64.25655383913178,61.53153
2018-12-10 10:30:00,56.02,70.78,3.31,55.8,55.91759065565068,69.37599248672814,62.10843
2018-12-10 10:45:00,63.9,61.74,3.35,66.89,55.60486574827654,63.98860942049784,64.266205
2018-12-10 11:00:00,68.47,72.0,3.42,62.89,59.29244277378801,70.84620972178736,65.66799
2018-12-10 11:15:00,61.56,56.2,3.35,63.79,55.25514908949599,63.00759456869353,63.51036
2018-12-10 11:30:00,70.31,56.02,3.31,58.1,56.31966636153067,62.918600167706124,62.044815
2018-12-10 11:45:00,62.42,63.9,3.38,54.5,53.75212345187886,64.03165399035395,61.281837
2018-12-10 12:00:00,44.75,68.47,3.89,35.35,49.95342624455003,61.93365098353443,55.1156
2018-12-10 12:15:00,9.11,61.56,4.18,6.34,29.137735445821896,8.133019926649,6.570081
2018-12-10 12:30:00,10.33,70.31,4.1,5.76,28.321784337786035,7.470094929273234,6.3721366
2018-12-10 12:45:00,11.45,62.42,4.1,6.3,25.857537941468745,7.155105778912198,6.6253176
2018-12-10 13:00:00,11.09,44.75,3.6,6.19,26.617696004503138,7.171256102942513,6.9095097
2018-12-10 13:15:00,42.66,9.11,3.42,35.35,34.823812553382766,43.69490111660609,33.619072
2018-12-10 13:30:00,72.9,10.33,3.42,51.95,43.673325660386155,61.08953246397297,60.51455
2018-12-10 13:45:00,71.03,11.45,3.35,48.46,38.21774039739136,59.10837072352669,58.11077
2018-12-10 14:00:00,67.32,11.09,3.92,65.02,36.247715069875326,58.84249111028223,59.332283
2018-12-10 14:15:00,64.22,42.66,3.78,69.91,49.77156038335012,59.209780521817436,58.840656
2018-12-10 14:30:00,69.91,72.9,3.42,55.12,60.1790758910534,73.77407344613613,70.71473
2018-12-10 14:45:00,51.23,71.03,3.38,56.84,58.86810349023925,71.88460484576142,66.76729
2018-12-10 15:00:00,58.39,67.32,3.46,54.22,52.89512373713507,64.28636468577352,63.458183
2018-12-10 15:15:00,69.62,64.22,3.42,49.97,50.41639889319194,65.54348443558362,62.504654
2018-12-10 15:30:00,66.71,69.91,3.53,48.17,50.5922246239098,67.22781326438746,64.84039
2018-12-10 15:45:00,65.99,51.23,4.07,49.86,47.835589744005205,61.99786911638855,60.110123
2018-12-10 16:00:00,64.98,58.39,4.03,58.75,53.42728258658532,62.21424855174462,61.434784
2018-12-10 16:15:00,64.55,69.62,4.14,65.7,57.02383464473229,64.33833831627449,62.646507
2018-12-10 16:30:00,63.72,66.71,4.0,51.88,50.49326029623711,63.96983451929668,63.663704
2018-12-10 16:45:00,66.53,65.99,3.31,57.2,49.623310662104586,64.38435661242707,64.63869
2018-12-10 17:00:00,62.57,64.98,3.35,76.03,54.49623156324162,63.969572826043695,60.306747
2018-12-10 17:15:00,63.72,64.55,3.49,72.18,53.03656983674105,63.50985960531966,57.694107
2018-12-10 17:30:00,58.64,63.72,4.1,61.42,49.052761284349806,59.67225873052792,55.32554
2018-12-10 17:45:00,60.12,66.53,3.64,36.61,38.04525091748161,36.68118756378354,32.951958
2018-12-10 18:00:00,24.73,62.57,3.24,29.56,34.47804743960123,31.979639365683482,31.014431
2018-12-10 18:15:00,5.47,63.72,3.28,34.13,37.905620224849756,37.37802114977439,34.632584
2018-12-10 18:30:00,4.5,58.64,3.31,42.26,39.60888591090065,47.72049964156238,45.795258
2018-12-10 18:45:00,4.46,60.12,3.42,56.81,43.900986058163106,45.202051336212456,50.35119
2018-12-10 19:00:00,4.46,24.73,3.64,43.02,38.056682540545815,20.3819402517106,27.159859
2018-12-10 19:15:00,4.75,5.47,4.07,47.74,37.6297380140253,5.163513799480098,15.384822
2018-12-10 19:30:00,5.69,4.5,4.03,39.17,33.05606779054216,4.1454350197558965,6.258641
2018-12-10 19:45:00,5.62,4.46,4.03,43.67,28.907505741677934,4.096934795696186,6.2346525
2018-12-10 20:00:00,4.46,4.46,4.0,50.44,24.28701605911334,10.785021064384507,5.9506893
2018-12-10 20:15:00,4.46,4.75,3.31,46.22,23.982146954628405,4.596159862741727,4.677322
2018-12-10 20:30:00,4.5,5.69,3.31,45.36,20.392598513132036,4.829613031931902,4.066207
2018-12-10 20:45:00,4.43,5.62,3.35,50.11,19.17770036233898,4.966805371030016,3.996563
2018-12-10 21:00:00,4.46,4.46,3.35,25.45,9.980261575779313,4.04799887793245,4.3203773
2018-12-10 21:15:00,4.5,4.46,3.67,8.6,3.5448330408156927,4.04904371932734,4.002853
2018-12-10 21:30:00,4.57,4.5,4.14,6.19,2.941546696778378,4.075316606526648,3.938433
2018-12-10 21:45:00,4.54,4.43,3.38,5.62,2.4803070570800365,4.113180512433336,4.306474
2018-12-10 22:00:00,4.46,4.46,3.28,4.93,3.4861888489612767,4.061933468068288,4.106444
2018-12-10 22:15:00,4.28,4.5,3.13,4.72,3.4262756980128835,4.091556889614391,4.0338326
2018-12-10 22:30:00,4.25,4.57,3.17,4.75,3.440163183345142,4.161245693276789,4.041784
2018-12-10 22:45:00,4.32,4.54,3.78,4.68,3.5078528008503724,4.1104996595649546,4.183349
2018-12-10 23:00:00,4.18,4.46,3.78,4.68,4.687588176842237,4.042527762367745,4.223839
2018-12-10 23:15:00,4.18,4.28,3.74,4.61,4.633486366885048,3.9117549933166362,3.8218095
2018-12-10 23:30:00,4.21,4.25,3.74,4.57,4.6847110724171195,3.8976983288801677,3.7819562
2018-12-10 23:45:00,4.28,4.32,3.46,4.61,4.732375702709479,3.9318682660719477,3.8649058
2018-12-11 00:00:00,4.18,4.18,5.36,3.89,4.980395230184012,10.00234601355755,3.757853
2018-12-11 00:15:00,4.86,4.18,3.06,4.61,4.781503846991217,3.926863263910128,3.9648454
2018-12-11 00:30:00,4.21,4.21,3.02,4.57,4.902015317479442,3.904844048335129,3.9392588
2018-12-11 00:45:00,4.18,4.28,3.31,4.61,5.0243271538247285,3.9334117253128533,3.8837194
2018-12-11 01:00:00,4.21,4.18,3.85,4.64,6.209725860177841,3.9219487171090743,4.019338
2018-12-11 01:15:00,4.32,4.86,3.42,5.04,6.754744123421698,4.195801660291422,3.9909616
2018-12-11 01:30:00,4.25,4.21,3.1,5.8,6.754586626500508,3.8852911687468485,3.806931
2018-12-11 01:45:00,4.18,4.18,3.1,4.68,6.359603120827696,3.885009970376287,3.7874708
2018-12-11 02:00:00,4.21,4.21,3.17,3.6,7.377782810930885,3.880570667515067,3.7452006
2018-12-11 02:15:00,4.28,4.32,3.31,3.56,7.301241942920388,3.905329819697127,3.8236785
2018-12-11 02:30:00,4.25,4.25,3.82,3.64,7.39964934446704,3.917960963419961,3.8309007
2018-12-11 02:45:00,4.21,4.18,3.78,3.67,7.320811615323116,3.919899852227563,3.8607001
2018-12-11 03:00:00,3.56,4.21,3.82,3.64,8.321631530890361,3.916202173054318,3.807064
2018-12-11 03:15:00,3.56,4.28,3.74,3.64,8.224892281451663,3.915391261240351,3.8062477
2018-12-11 03:30:00,3.53,4.25,3.1,3.71,7.962986030384627,3.8961056700160976,3.7398431
2018-12-11 03:45:00,3.53,4.21,3.2,3.67,7.761784072540934,3.8969916575044876,3.7109897
2018-12-11 04:00:00,3.85,3.56,3.1,3.71,8.731143600217383,3.6097115408816958,3.456628
2018-12-11 04:15:00,4.18,3.56,3.13,3.67,8.548670387917028,3.5456223786537104,3.423802
2018-12-11 04:30:00,3.49,3.53,3.17,3.6,8.41960382935073,3.4474769707733413,3.4454198
2018-12-11 04:45:00,3.56,3.53,3.49,4.36,8.316331397208504,3.5348554382245143,3.5211847
2018-12-11 05:00:00,3.56,3.85,3.74,4.64,9.406439322664706,3.5202778218458337,3.4909167
2018-12-11 05:15:00,3.74,4.18,3.13,4.72,9.217895671902589,3.4898634170479834,3.4831445
2018-12-11 05:30:00,4.18,3.49,3.1,5.44,8.859577289553823,3.3960806911961954,3.373464
2018-12-11 05:45:00,4.25,3.56,3.82,4.43,8.340051516906119,3.538049007376516,3.4144073
2018-12-11 06:00:00,4.28,3.56,3.82,3.64,9.003486958104414,3.7096568836033876,3.5016904
2018-12-11 06:15:00,3.56,3.74,3.85,3.56,8.610802206194297,3.770015069530181,3.550319
2018-12-11 06:30:00,3.53,4.18,3.82,3.67,8.459614567227352,3.4559304924255163,3.4632897
2018-12-11 06:45:00,3.6,4.25,3.46,3.64,8.051726853592243,3.518778219953802,3.5540848
2018-12-11 07:00:00,3.49,4.28,3.06,3.56,8.601867973259107,3.6498341988071004,3.5806406
2018-12-11 07:15:00,4.1,3.56,3.13,3.56,7.8714945117638635,3.630240486400382,3.504449
2018-12-11 07:30:00,4.07,3.53,3.56,3.82,7.513097512628182,3.5097326655176526,3.7860746
2018-12-11 07:45:00,4.86,3.6,5.87,4.54,7.738294356463857,4.943177650910873,4.853861
2018-12-11 08:00:00,14.83,3.49,6.8,5.94,9.105325472067534,6.23247461734131,5.891196
2018-12-11 08:15:00,44.21,4.1,33.48,28.4,26.096324137702545,35.348382785812106,36.43815
2018-12-11 08:30:00,54.04,4.07,61.06,55.04,41.777591818935406,58.19049977541435,56.229244
2018-12-11 08:45:00,61.74,4.86,58.36,61.13,41.91498469780779,62.839880853687255,57.55438
2018-12-11 09:00:00,69.48,14.83,68.62,82.33,54.18407288399691,67.66008887868433,64.68557
2018-12-11 09:15:00,75.38,44.21,69.23,82.37,69.72533649116481,71.53582325327926,64.97839
2018-12-11 09:30:00,71.82,54.04,70.78,64.08,69.40010348757808,60.73154129131447,62.990715
2018-12-11 09:45:00,71.24,61.74,61.74,59.36,66.85196051297174,63.09095420087891,62.551918
2018-12-11 10:00:00,54.86,69.48,72.0,52.16,66.04629967668576,62.452546918966135,61.50838
2018-12-11 10:15:00,66.13,75.38,56.2,56.95,64.47219777151959,70.77261705105958,65.89601
2018-12-11 10:30:00,73.08,71.82,56.02,53.42,61.631112741176295,69.00476770691293,66.36149
2018-12-11 10:45:00,77.51,71.24,63.9,58.86,63.80208686379342,68.49119501620336,69.75182
2018-12-11 11:00:00,72.54,54.86,68.47,59.98,63.60260061505436,61.844335769290424,63.718285
2018-12-11 11:15:00,63.83,66.13,61.56,61.24,64.94240391919996,64.34536318247055,63.91591
2018-12-11 11:30:00,67.07,73.08,70.31,84.1,74.46780986154091,68.92963540166213,66.42159
2018-12-11 11:45:00,84.24,77.51,62.42,63.86,68.12391988098994,73.18422165087894,72.51652
2018-12-11 12:00:00,72.79,72.54,44.75,49.86,55.59499118996475,71.30872850622997,66.099174
2018-12-11 12:15:00,7.96,63.83,9.11,6.91,30.259827220541332,10.692588023511702,7.8830304
2018-12-11 12:30:00,5.8,67.07,10.33,7.38,29.492961431599742,9.437874596791273,7.575284
2018-12-11 12:45:00,6.98,84.24,11.45,6.62,35.490430604608804,9.49950800273439,8.865339
2018-12-11 13:00:00,6.95,72.79,11.09,6.55,34.244455093369076,11.651811846336983,8.762536
2018-12-11 13:15:00,38.45,7.96,42.66,32.51,40.85980825667383,42.91600212314342,39.182037
2018-12-11 13:30:00,59.36,5.8,72.9,57.28,57.752358571696476,82.16710689802606,70.578674
2018-12-11 13:45:00,66.02,6.98,71.03,55.51,54.650033709498146,66.57107430419005,80.051285
2018-12-11 14:00:00,80.28,6.95,67.32,56.12,42.408953700707784,69.12480787183067,70.19475
2018-12-11 14:15:00,75.53,38.45,64.22,58.82,52.044002675611495,58.97807351654033,59.68608
2018-12-11 14:30:00,72.0,59.36,69.91,52.88,61.55143034311004,61.509531475650014,63.035408
2018-12-11 14:45:00,72.61,66.02,51.23,53.46,59.376257666035386,63.39880153292458,64.31771
2018-12-11 15:00:00,78.55,80.28,58.39,62.96,64.74270392487294,76.46473015408583,76.657135
2018-12-11 15:15:00,73.98,75.53,69.62,64.62,65.69527730840596,71.42288153249845,72.4128
2018-12-11 15:30:00,76.79,72.0,66.71,60.01,60.141071148436495,70.66827437749821,71.74599
2018-12-11 15:45:00,80.46,72.61,65.99,55.66,59.2572461999045,71.35330267145,71.36877
2018-12-11 16:00:00,68.11,78.55,64.98,53.82,63.23351694489678,73.43988103584928,77.164406
2018-12-11 16:15:00,71.68,73.98,64.55,71.86,62.41165990567818,72.9218778722959,76.94466
2018-12-11 16:30:00,69.8,76.79,63.72,60.73,58.476454536475416,74.70518495213132,78.17231
2018-12-11 16:45:00,75.46,80.46,66.53,68.22,62.3883640280976,76.94111588581005,86.171844
2018-12-11 17:00:00,70.27,68.11,62.57,80.46,62.284544077490764,66.81694879702737,70.15223
2018-12-11 17:15:00,78.48,71.68,63.72,61.52,59.11017409013408,72.08520484998165,73.05227
2018-12-11 17:30:00,66.78,69.8,58.64,71.1,58.45774891392518,66.11492583226496,66.304405
2018-12-11 17:45:00,32.11,75.46,60.12,35.21,48.366596851875116,46.543775943946216,50.03176
2018-12-11 18:00:00,31.25,70.27,24.73,30.31,37.091517645199076,32.42779987064368,33.41416
2018-12-11 18:15:00,36.4,78.48,5.47,43.56,42.7463507265049,43.38050726012596,43.05867
2018-12-11 18:30:00,39.56,66.78,4.5,40.97,39.71431455131629,48.82188161795481,49.159218
2018-12-11 18:45:00,51.44,32.11,4.46,38.56,35.91580126628436,57.78102895359058,60.53218
2018-12-11 19:00:00,51.52,31.25,4.46,41.65,39.927669829527645,57.04736544204706,59.262596
2018-12-11 19:15:00,53.57,36.4,4.75,49.07,40.58534810987833,51.13320164731867,54.42813
2018-12-11 19:30:00,52.81,39.56,5.69,40.46,31.606133414689772,38.92805399062496,43.900284
2018-12-11 19:45:00,52.38,51.44,5.62,48.64,37.18463424163882,51.103076143355025,49.42646
2018-12-11 20:00:00,53.21,51.52,4.46,49.75,36.93079138632268,48.494649394296204,48.967075
2018-12-11 20:15:00,51.91,53.57,4.46,48.89,40.14316836315309,52.62861722685723,53.351803
2018-12-11 20:30:00,53.46,52.81,4.5,37.84,31.370181976360335,51.18125386806884,42.693787
2018-12-11 20:45:00,32.36,52.38,4.43,30.67,27.92048026059578,33.15350507480443,26.020786
2018-12-11 21:00:00,28.37,53.21,4.46,5.08,19.645590231634976,28.214850419900323,14.359295
2018-12-11 21:15:00,6.77,51.91,4.5,5.69,17.321155535461727,19.305144401173585,10.807571
2018-12-11 21:30:00,5.69,53.46,4.57,5.44,17.74928570471454,11.728246259305026,11.906403
2018-12-11 21:45:00,5.8,32.36,4.54,5.4,15.481467314205723,12.484049445130305,6.599087
2018-12-11 22:00:00,5.69,28.37,4.46,5.44,16.971556124695592,13.186580837009213,6.152716
2018-12-11 22:15:00,5.47,6.77,4.28,5.26,13.135657263093801,6.222501304674872,6.500087
2018-12-11 22:30:00,5.44,5.69,4.25,4.64,10.971763348304318,4.7740678012839135,6.80553
2018-12-11 22:45:00,4.97,5.8,4.32,3.92,8.285043943075806,4.805848354420741,6.5236015
2018-12-11 23:00:00,4.36,5.69,4.18,3.96,4.618871578827402,4.7668700692623736,8.121694
2018-12-11 23:15:00,4.25,5.47,4.18,3.92,2.6503521582928435,4.537689481681478,8.528302
2018-12-11 23:30:00,4.21,5.44,4.21,3.85,2.6308521679394126,4.533779684725835,7.181542
2018-12-11 23:45:00,4.14,4.97,4.28,3.89,2.657202043348935,4.5289341081103744,6.1423635
2018-12-12 00:00:00,4.21,4.36,4.18,3.96,4.090972070206121,8.205236462556245,5.02842
2018-12-12 00:15:00,4.21,4.25,4.86,3.89,4.144204242897494,4.111660378300541,4.745635
2018-12-12 00:30:00,4.14,4.21,4.21,3.92,4.045728372105707,4.08999783091995,4.443523
2018-12-12 00:45:00,4.14,4.14,4.18,3.89,3.9328210221914297,4.01367922826048,4.237748
2018-12-12 01:00:00,4.14,4.21,4.21,3.96,5.030912763771884,4.045048457065717,4.167449
2018-12-12 01:15:00,4.21,4.21,4.32,3.78,5.18913677115669,4.039939395495645,4.330855
2018-12-12 01:30:00,4.18,4.14,4.25,3.85,5.153193409051131,4.028258213890785,4.3895164
2018-12-12 01:45:00,4.75,4.14,4.18,3.82,5.042038240245525,4.02836288415727,4.37135
2018-12-12 02:00:00,5.33,4.14,4.21,3.82,6.311580771035814,4.026174726432926,4.3667955
2018-12-12 02:15:00,4.25,4.21,4.28,3.85,6.29330879090827,4.0165861821416105,4.2675447
2018-12-12 02:30:00,4.25,4.18,4.25,4.64,6.472269604963177,4.01551264514212,4.2609725
2018-12-12 02:45:00,4.18,4.75,4.21,4.86,6.7293599922606155,4.219848545929952,4.4281464
2018-12-12 03:00:00,4.21,5.33,3.56,3.82,7.751934900211612,4.266744101946915,6.399068
2018-12-12 03:15:00,4.18,4.25,3.56,3.49,7.2374272608293175,4.0623244345740375,3.9046688
2018-12-12 03:30:00,4.18,4.25,3.53,3.13,6.977244129646639,4.071185301207352,3.8535175
2018-12-12 03:45:00,4.25,4.18,3.53,3.2,6.850493479448861,4.03885428292451,3.7325702
2018-12-12 04:00:00,4.18,4.21,3.85,3.13,7.774233620277062,4.07906054849705,4.0333343
2018-12-12 04:15:00,4.03,4.18,4.18,3.1,7.550168650647311,4.1001233370482035,4.11356
2018-12-12 04:30:00,3.46,4.18,3.49,3.17,7.314485082192217,4.074504083462508,4.073322
2018-12-12 04:45:00,3.46,4.25,3.56,3.06,7.155578862966497,4.027396380176492,4.022877
2018-12-12 05:00:00,3.53,4.18,3.56,3.17,8.015908751337722,4.078434597924598,4.0605593
2018-12-12 05:15:00,3.46,4.03,3.74,3.06,7.70391364071601,4.013170413823908,3.9841664
2018-12-12 05:30:00,3.49,3.46,4.18,3.1,7.341213590344285,3.400825356835506,3.7929616
2018-12-12 05:45:00,4.0,3.46,4.25,3.02,7.033066766738987,3.3809927597653986,3.7350717
2018-12-12 06:00:00,4.25,3.53,4.28,3.1,7.88078365048213,3.5045297167245706,3.8199074
2018-12-12 06:15:00,3.85,3.46,3.56,3.02,7.212564229948644,3.545908320955494,3.9082892
2018-12-12 06:30:00,3.42,3.49,3.53,4.61,7.093464799490047,3.5816725825013243,3.9513566
2018-12-12 06:45:00,3.42,4.0,3.6,4.9,7.004555618497985,3.5623557614839814,3.9445605
2018-12-12 07:00:00,3.96,4.25,3.49,3.85,7.6092710401843995,3.75033826513483,3.8647912
2018-12-12 07:15:00,4.1,3.85,4.1,3.49,6.945147869728839,3.6693488854388057,4.0617976
2018-12-12 07:30:00,4.32,3.42,4.07,3.2,6.170112146012141,3.4635069262830416,4.0032687
2018-12-12 07:45:00,5.83,3.42,4.86,4.32,6.313753540100144,5.332784260083362,5.3120427
2018-12-12 08:00:00,5.8,3.96,14.83,4.72,9.791846864838131,8.222365035081252,8.412904
2018-12-12 08:15:00,36.86,4.1,44.21,27.65,26.135183842659057,34.704854548002935,37.652958
2018-12-12 08:30:00,60.37,4.32,54.04,61.56,39.32711381909692,72.70376474456394,63.445126
2018-12-12 08:45:00,66.46,5.83,61.74,57.71,39.453355291429276,83.45097068286444,67.61649
2018-12-12 09:00:00,69.05,5.8,69.48,57.82,41.96701919805252,84.6670895384055,70.88969
2018-12-12 09:15:00,63.86,36.86,75.38,68.08,61.26753298529789,84.35333431424476,66.67958
2018-12-12 09:30:00,65.59,60.37,71.82,64.08,70.73480614881186,64.8658380928922,67.87834
2018-12-12 09:45:00,60.98,66.46,71.24,64.76,71.69862682998111,65.35827002014446,68.21275
2018-12-12 10:00:00,65.74,69.05,54.86,62.68,63.917359825408454,64.26994819680628,68.91709
2018-12-12 10:15:00,57.17,63.86,66.13,49.28,55.86994933287606,64.30880106372,63.574966
2018-12-12 10:30:00,64.55,65.59,73.08,56.52,60.1084856463234,64.73629951027834,65.38798
2018-12-12 10:45:00,53.42,60.98,77.51,59.04,61.71016267397967,64.19214570385996,63.785957
2018-12-12 11:00:00,65.88,65.74,72.54,66.85,63.65289566193391,64.34869139949643,63.882187
2018-12-12 11:15:00,57.71,57.17,63.83,68.83,58.64333369182046,62.424903021321306,65.012596
2018-12-12 11:30:00,59.76,64.55,67.07,60.3,61.100656073929116,63.85939229117951,63.9218
2018-12-12 11:45:00,79.85,53.42,84.24,53.21,57.68012076937036,59.50086638866105,62.79657
2018-12-12 12:00:00,49.64,65.88,72.79,40.97,56.81766919014729,61.695090423119375,60.430107
2018-12-12 12:15:00,27.97,57.71,7.96,10.69,26.711855649993918,9.866162097152126,8.086048
2018-12-12 12:30:00,29.74,59.76,5.8,9.43,24.432853289253526,8.000859000253126,7.152587
2018-12-12 12:45:00,29.56,79.85,6.98,10.33,31.33619966431864,8.227537758886019,8.809914
2018-12-12 13:00:00,29.3,49.64,6.95,26.68,29.5335365641427,8.315605387301712,6.99093
2018-12-12 13:15:00,58.86,27.97,38.45,43.34,40.43723547179684,42.567400736204696,36.370796
2018-12-12 13:30:00,61.78,29.74,59.36,46.51,50.81888292853786,56.65185543063368,56.616592
2018-12-12 13:45:00,77.0,29.56,66.02,50.44,47.60732775288166,59.53874925688009,63.778267
2018-12-12 14:00:00,65.56,29.3,80.28,63.4,48.03274077971456,55.58496288814449,53.660233
2018-12-12 14:15:00,86.51,58.86,75.53,54.36,57.78557074807292,60.39822244732798,60.520485
2018-12-12 14:30:00,60.44,61.78,72.0,61.52,60.12635404460595,62.87058450677877,64.854996
2018-12-12 14:45:00,64.8,77.0,72.61,58.93,63.67567520306781,72.8929580602543,72.08734
2018-12-12 15:00:00,72.18,65.56,78.55,85.46,62.12205878962645,64.59455077483024,64.12435
2018-12-12 15:15:00,69.08,86.51,73.98,109.3,76.74001372621154,76.84797719118147,79.224464
2018-12-12 15:30:00,66.17,60.44,76.79,87.16,63.13144056093731,67.74260810937754,65.380516
2018-12-12 15:45:00,61.67,64.8,80.46,96.01,68.30133434059753,67.55993916494337,69.14714
2018-12-12 16:00:00,70.6,72.18,68.11,105.91,70.37152485061041,70.48668559883602,72.370186
2018-12-12 16:15:00,68.36,69.08,71.68,68.18,59.97485955602977,66.41828975451052,69.67987
2018-12-12 16:30:00,75.1,66.17,69.8,64.91,53.55760078442611,64.85776171003539,65.986244
2018-12-12 16:45:00,66.13,61.67,75.46,56.05,53.096617828764295,64.23981347145278,64.18097
2018-12-12 17:00:00,70.7,70.6,70.27,62.96,56.299432864591054,67.3529312546399,65.285164
2018-12-12 17:15:00,60.7,68.36,78.48,47.12,54.75734012711443,62.90957172393806,57.54734
2018-12-12 17:30:00,57.92,75.1,66.78,44.57,52.54743648313458,65.29830366107113,58.393715
2018-12-12 17:45:00,32.9,66.13,32.11,44.24,39.252124256921235,37.08665421613955,35.087273
2018-12-12 18:00:00,30.53,70.7,31.25,27.32,35.67663294194741,33.213989739064736,31.06945
2018-12-12 18:15:00,49.9,60.7,36.4,5.87,32.03587380853355,35.60785773167162,31.475042
2018-12-12 18:30:00,67.25,57.92,39.56,5.36,33.39084462283263,39.471182691912006,40.144684
2018-12-12 18:45:00,69.37,32.9,51.44,5.47,32.601702796895,52.40189769815117,46.377327
2018-12-12 19:00:00,65.99,30.53,51.52,5.58,34.43709875151447,50.73453467652625,46.54145
2018-12-12 19:15:00,66.02,49.9,53.57,5.58,38.28117535361693,49.96711085084365,48.48973
2018-12-12 19:30:00,60.19,67.25,52.81,5.47,43.56283060031847,51.34837227670231,52.594
2018-12-12 19:45:00,58.54,69.37,52.38,5.44,42.83586513795115,63.18913326745672,57.20863
2018-12-12 20:00:00,61.85,65.99,53.21,5.44,37.40131036648305,51.61979134927699,53.409542
2018-12-12 20:15:00,67.07,66.02,51.91,5.44,38.53421179847861,58.011052469110545,57.75473
2018-12-12 20:30:00,58.82,60.19,53.46,5.51,35.92937473048182,47.51557028444288,50.223198
2018-12-12 20:45:00,53.35,58.54,32.36,5.44,29.090695391199787,32.8643562726278,28.35186
2018-12-12 21:00:00,30.35,61.85,28.37,4.82,26.956634494193334,37.51887662515985,17.156801
2018-12-12 21:15:00,12.2,67.07,6.77,4.28,21.934727773986772,17.945494787659715,10.442305
2018-12-12 21:30:00,5.8,58.82,5.69,4.25,18.78940538645434,10.549867149059818,10.769655
2018-12-12 21:45:00,5.76,53.35,5.8,4.28,17.821580164225796,9.80921885387924,8.998426
2018-12-12 22:00:00,5.65,30.35,5.69,4.36,16.808599344639823,9.613670474974622,8.954602
2018-12-12 22:15:00,5.04,12.2,5.47,4.03,14.471489657689004,6.110973550193077,8.247863
2018-12-12 22:30:00,4.25,5.8,5.44,4.0,12.244421810964186,5.033927784889723,7.7968464
2018-12-12 22:45:00,4.25,5.76,4.97,4.03,7.946589062678289,4.75605460096934,7.203638
2018-12-12 23:00:00,4.21,5.65,4.36,4.0,3.714621651131935,4.741225756237461,7.962653
2018-12-12 23:15:00,4.14,5.04,4.25,4.0,0.856529376586753,4.507392399198666,8.71853
2018-12-12 23:30:00,4.1,4.25,4.21,3.92,0.3189672546282871,3.9748638624971537,7.2400384
2018-12-12 23:45:00,4.1,4.25,4.14,4.0,0.4015469910322018,3.970377640643823,4.397367
2018-12-13 00:00:00,5.26,4.21,4.21,4.0,3.6751282008293025,9.785499876991617,4.7685575
2018-12-13 00:15:00,4.1,4.14,4.21,3.96,3.4219642385048807,4.026104681976632,3.9308553
2018-12-13 00:30:00,4.18,4.1,4.14,4.79,3.5442273164761,3.995081390431745,4.0027823
2018-12-13 00:45:00,4.21,4.1,4.14,5.18,3.6673152373730744,4.02213925704911,4.0275908
2018-12-13 01:00:00,4.14,5.26,4.14,4.03,5.205020077932655,4.234866050374623,5.364023
2018-12-13 01:15:00,4.28,4.1,4.21,3.92,5.005350869259555,3.9468147559262587,3.8480992
2018-12-13 01:30:00,4.18,4.18,4.18,4.0,5.011307946988179,3.9752032253133933,3.8543386
2018-12-13 01:45:00,4.25,4.21,4.75,3.92,5.029392849472725,3.966624545747874,3.825539
2018-12-13 02:00:00,5.36,4.14,5.33,4.07,6.302155789092144,4.0049041390769196,3.9280193
2018-12-13 02:15:00,4.79,4.28,4.25,3.46,5.884505249066855,4.018856456892602,6.263397
2018-12-13 02:30:00,4.25,4.18,4.25,3.28,5.835279764441054,4.016702454048653,3.8801785
2018-12-13 02:45:00,4.18,4.25,4.18,3.38,5.780150270882505,4.011407356905483,4.056008
2018-12-13 03:00:00,4.21,5.36,4.21,3.31,7.424632874859295,4.1920739196581245,5.769992
2018-12-13 03:15:00,4.18,4.79,4.18,3.35,7.134905851304378,4.3406128927638505,5.8096547
2018-12-13 03:30:00,4.21,4.25,4.18,3.35,6.773134083295833,4.079056444441105,3.7311032
2018-12-13 03:45:00,4.21,4.18,4.25,3.38,6.614998190453651,4.0758308289658025,3.5360692
2018-12-13 04:00:00,4.21,4.21,4.18,3.42,7.660647119778194,4.099434078652401,3.5760944
2018-12-13 04:15:00,4.18,4.18,4.03,3.31,7.275615562623514,4.083588990395525,3.7036786
2018-12-13 04:30:00,4.21,4.21,3.46,4.61,7.172640259827933,4.099871645911002,3.8612235
2018-12-13 04:45:00,4.21,4.21,3.46,5.04,7.062632921575332,4.056230349847897,3.875308
2018-12-13 05:00:00,4.18,4.21,3.53,4.07,7.773692986122587,4.096677552679021,3.805796
2018-12-13 05:15:00,3.67,4.18,3.46,3.71,7.392158772474168,4.094201442551813,3.7794392
2018-12-13 05:30:00,3.42,4.21,3.49,3.31,7.015816115036756,4.084815008786049,3.7481978
2018-12-13 05:45:00,3.89,4.21,4.0,3.31,6.777683189736116,4.09287556016091,3.7666101
2018-12-13 06:00:00,4.32,4.18,4.25,3.38,7.690643850775299,4.06919232906888,6.078439
2018-12-13 06:15:00,3.46,3.67,3.85,3.31,7.117304316925303,3.8156033909698914,3.5367665
2018-12-13 06:30:00,3.38,3.42,3.42,3.28,6.6037517074699785,3.3774340819776976,3.3741271
2018-12-13 06:45:00,3.38,3.89,3.42,3.31,6.300553602731949,3.7582905430466047,3.5458572
2018-12-13 07:00:00,3.42,4.32,3.96,3.24,7.291577373972739,3.890350396007538,3.7416553
2018-12-13 07:15:00,3.42,3.46,4.1,3.28,6.5497401890825095,3.402486260442935,3.439825
2018-12-13 07:30:00,3.71,3.38,4.32,3.46,5.986075936850835,3.4677979582692533,3.5082088
2018-12-13 07:45:00,5.69,3.38,5.83,4.21,6.220372097293417,5.097453587556874,4.8061786
2018-12-13 08:00:00,6.23,3.42,5.8,6.44,8.341675713426891,5.583047605847764,5.14698
2018-12-13 08:15:00,35.57,3.42,36.86,32.29,25.600634273349183,31.85913446529718,35.54953
2018-12-13 08:30:00,72.86,3.71,60.37,64.98,39.9714805064685,73.54707305927384,60.81215
2018-12-13 08:45:00,61.74,5.69,66.46,60.84,40.65842102708726,85.08317771999893,68.519264
2018-12-13 09:00:00,76.36,6.23,69.05,59.87,43.06238472577641,85.4010315865572,70.60439
2018-12-13 09:15:00,63.11,35.57,63.86,67.0,58.419179605598885,83.76210859152305,66.57634
2018-12-13 09:30:00,65.66,72.86,65.59,71.17,77.02358807908126,79.14795588545849,75.591385
2018-12-13 09:45:00,72.07,61.74,60.98,76.86,71.11725520793415,63.69297801279248,63.989212
2018-12-13 10:00:00,56.84,76.36,65.74,66.67,69.86385378198439,71.51308089960658,75.002
2018-12-13 10:15:00,69.3,63.11,57.17,63.18,58.141314593932215,63.74681763907607,65.40271
2018-12-13 10:30:00,65.66,65.66,64.55,68.87,64.18030781769414,64.0604001966218,65.910576
2018-12-13 10:45:00,85.43,72.07,53.42,71.06,64.3721497248116,68.29591255045618,68.10254
2018-12-13 11:00:00,53.17,56.84,65.88,62.78,61.40342887637506,62.00089982494389,63.543907
2018-12-13 11:15:00,55.4,69.3,57.71,60.88,60.40196287345866,63.910552913361315,65.4094
2018-12-13 11:30:00,60.08,65.66,59.76,74.45,63.82336478733056,63.613857685463906,62.40606
2018-12-13 11:45:00,58.0,85.43,79.85,67.82,74.32405511934665,75.21731208317888,74.77235
2018-12-13 12:00:00,51.3,53.17,49.64,69.26,56.93118336152743,56.83213376193341,58.998856
2018-12-13 12:15:00,11.38,55.4,27.97,9.94,34.484026570104945,12.39202009749456,13.878451
2018-12-13 12:30:00,10.91,60.08,29.74,6.88,33.524113308012986,10.266564325686089,7.2945375
2018-12-13 12:45:00,30.1,58.0,29.56,7.02,28.554605592194317,10.368315575753405,8.770017
2018-12-13 13:00:00,36.4,51.3,29.3,6.95,24.812231473108024,10.444226826976339,8.514936
2018-12-13 13:15:00,41.69,11.38,58.86,35.78,37.935292186210724,43.64634870391921,40.636726
2018-12-13 13:30:00,56.92,10.91,61.78,61.78,49.56624897555379,56.56471209254318,58.597275
2018-12-13 13:45:00,46.66,30.1,77.0,60.8,54.89319174075692,56.62007491404461,52.50856
2018-12-13 14:00:00,52.52,36.4,65.56,71.78,55.530749082752706,57.038675044820614,58.683907
2018-12-13 14:15:00,58.25,41.69,86.51,72.11,56.69677234985883,56.15236004206815,57.16939
2018-12-13 14:30:00,72.61,56.92,60.44,68.22,53.95679387615911,59.25970842212637,55.305885
2018-12-13 14:45:00,66.24,46.66,64.8,73.44,50.96112508250384,55.89249804702014,52.014103
2018-12-13 15:00:00,73.08,52.52,72.18,56.88,51.51114816208945,56.6671257816665,54.34127
2018-12-13 15:15:00,60.52,58.25,69.08,50.29,50.73225878190529,58.95422265741729,56.56437
2018-12-13 15:30:00,59.87,72.61,66.17,48.78,57.44407532374568,66.26863598607315,64.95669
2018-12-13 15:45:00,63.5,66.24,61.67,48.96,52.384155118250575,63.141062852482705,62.02102
2018-12-13 16:00:00,60.52,73.08,70.6,49.97,55.80944903133922,69.2375877940968,68.49843
2018-12-13 16:15:00,88.92,60.52,68.36,62.28,53.92540958656673,63.373269351051746,65.37589
2018-12-13 16:30:00,105.37,59.87,75.1,47.95,52.45303274457439,63.43138334928267,64.21904
2018-12-13 16:45:00,102.89,63.5,66.13,57.35,54.22620878599247,63.681831365795624,64.80293
2018-12-13 17:00:00,77.83,60.52,70.7,47.77,50.62543387632989,62.061921576914074,62.61902
2018-12-13 17:15:00,67.18,88.92,60.7,48.6,63.55728197646782,75.558886793551,72.39294
2018-12-13 17:30:00,70.13,105.37,57.92,57.46,69.36506188546717,82.76670266654182,78.20917
2018-12-13 17:45:00,31.72,102.89,32.9,31.86,54.92784533632561,42.97636634990294,42.4812
2018-12-13 18:00:00,31.5,77.83,30.53,31.61,40.565236359327265,33.60568913548541,33.973877
2018-12-13 18:15:00,54.79,67.18,49.9,36.61,48.04520755478342,49.61597044824014,47.36171
2018-12-13 18:30:00,77.04,70.13,67.25,40.07,54.79941440116017,62.2231980229932,58.302696
2018-12-13 18:45:00,79.63,31.72,69.37,37.87,46.28676644902049,56.76647031477552,59.533104
2018-12-13 19:00:00,80.46,31.5,65.99,47.23,47.33019409365576,57.10631553490588,59.077972
2018-12-13 19:15:00,71.89,54.79,66.02,53.03,53.15409543843161,56.672794607044764,59.136055
2018-12-13 19:30:00,78.52,77.04,60.19,38.63,57.13164292915835,68.88822900976979,65.24174
2018-12-13 19:45:00,52.31,79.63,58.54,37.51,54.766284703840284,69.97049057878736,72.72305
2018-12-13 20:00:00,61.16,80.46,61.85,38.3,51.07114263633825,71.23162633627184,70.73
2018-12-13 20:15:00,61.6,71.89,67.07,54.36,52.21344244458383,69.81472975191905,70.92807
2018-12-13 20:30:00,49.68,78.52,58.82,38.84,49.51776361702379,69.317366862815,71.62041
2018-12-13 20:45:00,41.54,52.31,53.35,27.72,39.54878941325545,46.46624028737957,49.583122
2018-12-13 21:00:00,20.16,61.16,30.35,8.86,33.441355242905196,31.060841730915605,23.02737
2018-12-13 21:15:00,6.16,61.6,12.2,5.51,25.08095847336413,12.513518909168733,7.480044
2018-12-13 21:30:00,5.69,49.68,5.8,5.58,18.38784874607284,7.976925304939077,6.3617754
2018-12-13 21:45:00,5.69,41.54,5.76,5.62,15.499607417454985,7.781984381212869,6.7545824
2018-12-13 22:00:00,5.65,20.16,5.65,5.54,14.517991518614595,5.808972912989706,5.5810804
2018-12-13 22:15:00,5.47,6.16,5.04,5.26,11.56040775253199,5.150441217553025,5.64306
2018-12-13 22:30:00,5.4,5.69,4.25,5.22,9.439966324860084,4.67098956251677,4.9293914
2018-12-13 22:45:00,5.36,5.69,4.25,5.26,4.910829827134172,4.64143560475661,5.229213
2018-12-13 23:00:00,5.36,5.65,4.21,4.18,1.2861508528743002,4.618960172234462,8.077328
2018-12-13 23:15:00,5.26,5.47,4.14,3.96,0.011687323073697797,4.546284228084088,5.870233
2018-12-13 23:30:00,5.22,5.4,4.1,4.0,0.03369838447768103,4.539289732749736,5.1385
2018-12-13 23:45:00,5.18,5.36,4.1,4.0,0.08957187336288541,4.5401994230607015,4.67829
2018-12-14 00:00:00,4.1,5.36,5.26,4.03,4.674938914059656,7.919438810995098,4.49097
2018-12-14 00:15:00,5.33,5.26,4.1,3.96,4.372804463339381,4.660436713510631,4.6795955
2018-12-14 00:30:00,5.29,5.22,4.18,4.03,4.376220505959598,4.67199376739012,5.0190487
2018-12-14 00:45:00,5.26,5.18,4.21,4.03,4.378969918448572,4.687078683385515,6.9726653
2018-12-14 01:00:00,5.29,4.1,4.14,4.0,5.507555448486215,4.062629736362843,4.150338
2018-12-14 01:15:00,5.26,5.33,4.28,4.03,6.090754978857682,4.513441403829197,4.6803517
2018-12-14 01:30:00,5.36,5.29,4.18,4.03,6.042523751197944,4.518177797476422,4.7062325
2018-12-14 01:45:00,5.33,5.26,4.25,4.03,6.009049455816562,4.516017820629453,4.7039113
2018-12-14 02:00:00,4.79,5.29,5.36,4.1,7.228486223942895,4.519631057518186,4.90734
2018-12-14 02:15:00,4.14,5.26,4.79,4.0,7.045108143375163,4.661241671731276,5.830909
2018-12-14 02:30:00,4.18,5.36,4.25,4.72,7.079476800185642,4.571655494328371,4.8528104
2018-12-14 02:45:00,4.21,5.33,4.18,4.79,6.972926849566889,4.586119364619828,4.739545
2018-12-14 03:00:00,4.18,4.79,4.21,4.14,7.902677362708442,4.4878273468017404,6.7088513
2018-12-14 03:15:00,4.25,4.14,4.18,4.07,7.738985969674541,3.9853062722649164,3.8145926
2018-12-14 03:30:00,4.18,4.18,4.21,4.03,7.609634542396204,4.061353733776919,6.008424
2018-12-14 03:45:00,4.14,4.21,4.21,4.0,7.347695562433518,4.083377939020902,5.9549623
2018-12-14 04:00:00,4.28,4.18,4.21,3.42,8.157042554579125,4.050210861531883,6.0017376
2018-12-14 04:15:00,4.18,4.25,4.18,3.49,7.947079836049287,4.093633101645254,4.0236616
2018-12-14 04:30:00,4.18,4.18,4.21,3.46,7.592134990544274,4.111962679096276,3.8348184
2018-12-14 04:45:00,4.1,4.14,4.21,3.38,7.3401417576892385,4.09546671127533,3.8189
2018-12-14 05:00:00,4.46,4.28,4.18,3.42,8.38621642128049,4.087934113680931,4.0130587
2018-12-14 05:15:00,5.4,4.18,3.67,3.42,7.987297266158979,4.077784131106491,3.8467894
2018-12-14 05:30:00,4.5,4.18,3.42,3.74,7.689438220934203,4.090165498405743,3.9436417
2018-12-14 05:45:00,4.18,4.1,3.89,4.07,7.483246005218707,4.020810548846038,3.921732
2018-12-14 06:00:00,4.14,4.46,4.32,3.49,8.50825522654544,4.107371245443074,6.3368883
2018-12-14 06:15:00,4.14,5.4,3.46,3.42,8.3458091129357,4.245614304284944,4.5495586
2018-12-14 06:30:00,3.49,4.5,3.38,3.64,7.630165398472997,4.2070677865237665,3.8300946
2018-12-14 06:45:00,3.42,4.18,3.38,4.1,7.158167413390938,4.077001316929387,3.8336997
2018-12-14 07:00:00,3.35,4.14,3.42,4.0,7.966101295250777,4.054158479462432,3.795269
2018-12-14 07:15:00,3.35,4.14,3.42,4.0,7.40159183472927,4.061380994638764,3.8944654
2018-12-14 07:30:00,4.25,3.49,3.71,3.82,6.6814571114832155,3.5771197678055455,3.8387978
2018-12-14 07:45:00,6.52,3.42,5.69,4.54,7.02001484521292,5.1091526714253215,4.9282427
2018-12-14 08:00:00,7.38,3.35,6.23,4.79,8.978775554940889,6.205663110300649,5.0548525
2018-12-14 08:15:00,36.22,3.35,35.57,47.66,28.848030012688614,41.9422802963485,41.49893
2018-12-14 08:30:00,94.18,4.25,72.86,60.19,41.80546060041769,73.56025324269956,64.37465
2018-12-14 08:45:00,97.88,6.52,61.74,60.19,41.05570896713854,86.24380154275596,71.54262
2018-12-14 09:00:00,134.5,7.38,76.36,53.32,44.86951290649108,84.31249531494184,73.67363
2018-12-14 09:15:00,93.67,36.22,63.11,58.86,57.68384328248807,84.2056227139136,68.01664
2018-12-14 09:30:00,109.26,94.18,65.66,49.5,84.44468346438289,91.8729892128296,97.68975
2018-12-14 09:45:00,128.34,97.88,72.07,48.42,85.75931255570615,93.1870666830824,97.70681
2018-12-14 10:00:00,81.47,134.5,56.84,62.78,94.39874471745487,93.05879533793183,90.86851
2018-12-14 10:15:00,109.69,93.67,69.3,48.02,71.5328048073819,94.0289803303006,93.98452
2018-12-14 10:30:00,120.67,109.26,65.66,46.22,79.60021259618321,93.77785145815005,93.69762
2018-12-14 10:45:00,92.81,128.34,85.43,57.46,91.9440643121942,95.77054459622396,102.57551
2018-12-14 11:00:00,91.58,81.47,53.17,48.78,74.81871496954082,88.00184819312088,80.94962
2018-12-14 11:15:00,104.9,109.69,55.4,47.02,77.21114056021398,92.76429328496904,91.93853
2018-12-14 11:30:00,124.2,120.67,60.08,58.0,86.03838671434187,93.75162650559624,95.272934
2018-12-14 11:45:00,88.85,92.81,58.0,51.48,77.29942458054671,92.09442544279158,90.9986
2018-12-14 12:00:00,132.01,91.58,51.3,44.28,65.33043768528144,86.75029424609714,85.20542
2018-12-14 12:15:00,13.61,104.9,11.38,26.6,52.56177352795042,11.952409521427123,13.654515
2018-12-14 12:30:00,9.86,124.2,10.91,12.49,55.973357080718735,9.813744354744061,12.626311
2018-12-14 12:45:00,9.61,88.85,30.1,9.79,46.07853991265245,13.223717848003087,14.498826
2018-12-14 13:00:00,9.43,132.01,36.4,10.76,62.879093965683126,36.44805147139532,18.858139
2018-12-14 13:15:00,86.98,13.61,41.69,44.06,55.169054291428864,60.76814578317526,62.795364
2018-12-14 13:30:00,74.66,9.86,56.92,49.82,66.77909561253774,86.90264878302618,90.284874
2018-12-14 13:45:00,116.42,9.61,46.66,54.36,64.62680949223751,81.56320657010662,87.149925
2018-12-14 14:00:00,107.57,9.43,52.52,55.98,45.33343142119348,78.80192064837398,85.566124
2018-12-14 14:15:00,103.82,86.98,58.25,56.48,76.8972006676266,85.4364359457772,83.23269
2018-12-14 14:30:00,114.73,74.66,72.61,47.41,72.48099186501301,78.96758510656353,75.47489
2018-12-14 14:45:00,84.74,116.42,66.24,47.95,83.36531951119143,88.61313853052752,86.59082
2018-12-14 15:00:00,109.4,107.57,73.08,58.86,73.84209302074196,91.71713306650435,92.293625
2018-12-14 15:15:00,125.21,103.82,60.52,50.08,73.77061017902105,93.4624000953754,93.753
2018-12-14 15:30:00,89.35,114.73,59.87,51.88,70.05719091275019,94.8458636476493,95.86196
2018-12-14 15:45:00,122.26,84.74,63.5,53.82,67.73825933827304,91.4608261817074,91.04279
2018-12-14 16:00:00,114.66,109.4,60.52,49.9,74.07676510317285,95.28209468814431,94.7134
2018-12-14 16:15:00,96.8,125.21,88.92,57.1,86.64254766372042,95.51078158004064,97.85745
2018-12-14 16:30:00,118.12,89.35,105.37,50.33,78.97182947405824,92.76746736441582,93.05687
2018-12-14 16:45:00,133.2,122.26,102.89,68.54,88.53103090217859,93.08959923474396,88.51524
2018-12-14 17:00:00,102.64,114.66,77.83,60.12,82.11545663321373,95.15945744623325,93.30215
2018-12-14 17:15:00,63.94,96.8,67.18,72.11,78.7353155359603,94.0531985429641,92.85267
2018-12-14 17:30:00,62.64,118.12,70.13,46.33,73.6606594704016,86.84639246942507,87.39668
2018-12-14 17:45:00,37.94,133.2,31.72,34.16,68.68907650919934,64.67053547333,47.060074
2018-12-14 18:00:00,32.62,102.64,31.5,30.35,56.276423254875624,38.753862159930904,36.35093
2018-12-14 18:15:00,29.63,63.94,54.79,42.48,57.77393555936477,64.35914290413034,50.075615
2018-12-14 18:30:00,26.57,62.64,77.04,52.85,69.93222592275245,67.50404202164852,64.280914
2018-12-14 18:45:00,26.35,37.94,79.63,58.97,63.62837404286937,73.62379314877514,69.83567
2018-12-14 19:00:00,26.32,32.62,80.46,57.17,56.122276666114686,70.80847208515564,67.92806
2018-12-14 19:15:00,26.39,29.63,71.89,44.39,47.336524090132784,64.50345142773573,53.747086
2018-12-14 19:30:00,26.64,26.57,78.52,47.84,43.356619672687486,33.96156473285015,30.921757
2018-12-14 19:45:00,28.44,26.35,52.31,54.07,36.68184692079905,31.604311545653577,28.957668
2018-12-14 20:00:00,30.46,26.32,61.16,43.38,36.576728192581236,30.019964424890706,24.450485
2018-12-14 20:15:00,29.88,26.39,61.6,57.64,39.26758660475041,33.607578092871215,26.895124
2018-12-14 20:30:00,30.06,26.64,49.68,41.72,32.398683861008074,32.97313820481492,24.233967
2018-12-14 20:45:00,31.93,28.44,41.54,31.9,27.031619497368112,40.30013464958907,25.067265
2018-12-14 21:00:00,28.66,30.46,20.16,19.69,20.188671051757122,19.6494778824813,13.288021
2018-12-14 21:15:00,5.76,29.88,6.16,5.62,10.64112175786535,12.12404820003681,6.906485
2018-12-14 21:30:00,5.8,30.06,5.69,5.62,9.455871272745679,10.159260834482565,7.095653
2018-12-14 21:45:00,5.72,31.93,5.69,5.15,10.131812645549168,10.061832726415378,6.6382008
2018-12-14 22:00:00,5.69,28.66,5.65,4.28,10.578602124519772,8.544189551485637,6.4626565
2018-12-14 22:15:00,5.4,5.76,5.47,4.0,8.283671922200572,4.97534465802061,5.055844
2018-12-14 22:30:00,5.33,5.8,5.4,4.07,9.377467465752481,4.928966465759797,5.036876
2018-12-14 22:45:00,5.33,5.72,5.36,4.03,8.522974439216469,4.7132807115766315,5.85598
2018-12-14 23:00:00,5.33,5.69,5.36,4.0,4.689260701565541,4.649816294135284,7.101122
2018-12-14 23:15:00,4.86,5.4,5.26,3.96,2.845124635272125,4.604478486540285,6.0518093
2018-12-14 23:30:00,4.03,5.33,5.22,4.03,2.901400389654828,4.60179251241056,4.8161006
2018-12-14 23:45:00,4.03,5.33,5.18,4.0,2.935694025154607,4.64204147138952,4.8594065
2018-12-15 00:00:00,3.28,5.33,4.1,3.78,0.7648661388165863,7.0215017434968106,3.4332137
2018-12-15 00:15:00,4.14,4.86,5.33,4.0,0.8780302655402359,4.623766586382186,4.4763474
2018-12-15 00:30:00,4.1,4.03,5.29,3.96,0.7632262517617008,4.060587415737035,4.172474
2018-12-15 00:45:00,4.07,4.03,5.26,4.0,0.8117159831733822,4.158737771681441,4.1870937
2018-12-15 01:00:00,4.14,3.28,5.29,4.0,1.8040224207634274,3.531162085752876,3.049212
2018-12-15 01:15:00,4.14,4.14,5.26,5.15,2.2495389605545206,3.76708388749845,4.7492127
2018-12-15 01:30:00,4.14,4.1,5.36,4.79,2.1184182158298768,3.7641940134994782,4.752929
2018-12-15 01:45:00,4.14,4.07,5.33,3.96,1.951949963244779,3.764611764124464,4.7664356
2018-12-15 02:00:00,4.1,4.14,4.79,3.96,3.018877093231783,3.8747563598414647,5.401477
2018-12-15 02:15:00,4.1,4.14,4.14,4.1,2.8122978599272948,3.978070622922374,4.254559
2018-12-15 02:30:00,4.21,4.14,4.18,4.0,2.702808792502914,3.9827739889651768,4.183729
2018-12-15 02:45:00,4.1,4.14,4.21,4.0,2.5815760456397605,3.9839549631990563,4.9485397
2018-12-15 03:00:00,4.18,4.1,4.18,4.0,3.728664006331936,3.961089489274833,4.1001124
2018-12-15 03:15:00,4.82,4.1,4.25,3.96,3.6529817842144574,3.955483536087691,4.321485
2018-12-15 03:30:00,5.26,4.21,4.18,3.64,3.4874046804028076,3.936076946912542,4.21384
2018-12-15 03:45:00,4.18,4.1,4.14,3.38,3.246970282069732,3.922986641962118,4.196468
2018-12-15 04:00:00,4.14,4.18,4.28,3.31,4.381126207258095,3.924037357402893,4.188804
2018-12-15 04:15:00,4.14,4.82,4.18,3.35,4.48457113577518,4.216545101291553,5.485021
2018-12-15 04:30:00,3.82,5.26,4.18,3.35,4.406731764889198,4.3359620097338984,6.1181307
2018-12-15 04:45:00,3.46,4.18,4.1,3.42,3.7882413983373766,3.9559654441551886,4.2224326
2018-12-15 05:00:00,3.49,4.14,4.46,3.49,4.8662390241385545,3.962913684152107,4.246512
2018-12-15 05:15:00,3.42,4.14,5.4,4.0,4.937779192954412,3.9081789863953458,4.0891094
2018-12-15 05:30:00,3.42,3.82,4.5,3.53,4.101469458391055,3.803455361642692,4.161888
2018-12-15 05:45:00,3.42,3.46,4.18,3.35,3.5584662497852797,3.4298182417770713,3.6768432
2018-12-15 06:00:00,3.38,3.49,4.14,3.38,4.476499172825289,3.430092272693155,3.7423093
2018-12-15 06:15:00,3.46,3.42,4.14,4.03,4.016006787616615,3.4368080384874196,3.7995381
2018-12-15 06:30:00,3.42,3.42,3.49,4.03,3.375593337673326,3.47566500268021,3.8487105
2018-12-15 06:45:00,3.49,3.42,3.42,4.0,2.855210832448705,3.443051177853515,3.8343935
2018-12-15 07:00:00,4.57,3.38,3.35,3.78,3.592440324061382,3.4340131341939606,3.8175416
2018-12-15 07:15:00,4.43,3.46,3.35,3.35,3.0918180121016654,3.4493844146882924,3.8125086
2018-12-15 07:30:00,4.1,3.42,4.25,3.31,2.726648957544885,3.54290407875406,4.07086
2018-12-15 07:45:00,4.07,3.49,6.52,3.53,3.074128085081771,4.383113255821835,4.6141047
2018-12-15 08:00:00,3.64,4.57,7.38,3.67,5.678372375230001,7.416294499753072,7.187542
2018-12-15 08:15:00,3.35,4.43,36.22,29.23,21.804764033034793,34.0897575182912,30.78774
2018-12-15 08:30:00,3.35,4.1,94.18,38.16,39.42823414803422,33.90441656641833,57.069504
2018-12-15 08:45:00,3.38,4.07,97.88,33.08,38.61473134379645,42.824818880058274,54.584007
2018-12-15 09:00:00,3.49,3.64,134.5,51.52,52.08702011987084,33.371558472559,47.43884
2018-12-15 09:15:00,3.56,3.35,93.67,47.77,41.665860616576836,3.895942600971877,19.652454
2018-12-15 09:30:00,3.38,3.35,109.26,42.05,43.12478308882531,3.739106571524447,15.938387
2018-12-15 09:45:00,3.42,3.38,128.34,32.4,44.53366905915223,61.98792801185468,15.347389
2018-12-15 10:00:00,3.35,3.49,81.47,31.43,34.2853639409018,45.25778759690244,17.225962
2018-12-15 10:15:00,3.35,3.56,109.69,31.57,38.94809969339798,47.65065011333711,14.078041
2018-12-15 10:30:00,3.35,3.38,120.67,31.43,41.1054420848573,54.93213497130862,14.597363
2018-12-15 10:45:00,4.97,3.42,92.81,47.66,38.63130714043193,3.799227512619504,11.858592
2018-12-15 11:00:00,5.36,3.35,91.58,49.28,37.86381306686705,3.810625021283528,10.457805
2018-12-15 11:15:00,4.28,3.35,104.9,38.16,36.36668301395017,3.8599722168486483,10.277534
2018-12-15 11:30:00,4.18,3.35,124.2,44.14,41.80675954530468,3.832526229926622,11.08857
2018-12-15 11:45:00,3.35,4.97,88.85,38.27,35.768080872892725,39.94621953823433,17.924084
2018-12-15 12:00:00,3.38,5.36,132.01,22.46,39.4982204485404,62.51273860691993,15.653132
2018-12-15 12:15:00,3.42,4.28,13.61,3.92,0.979385575097794,19.626784728423456,10.638885
2018-12-15 12:30:00,3.42,4.18,9.86,4.57,-0.39733046923356596,19.321672962142156,7.1486497
2018-12-15 12:45:00,3.42,3.35,9.61,5.36,0.5642223673133024,20.633983883666176,11.0141735
2018-12-15 13:00:00,3.38,3.38,9.43,6.08,1.411971439507962,19.915219806722636,13.193864
2018-12-15 13:15:00,3.31,3.42,86.98,34.09,25.28015916846208,18.490137603005813,9.090543
2018-12-15 13:30:00,3.35,3.42,74.66,55.69,29.71491932575078,4.084789756265596,12.043119
2018-12-15 13:45:00,3.38,3.42,116.42,40.61,35.527809167520374,4.074337882003973,12.640683
2018-12-15 14:00:00,3.31,3.38,107.57,50.51,35.99371481426034,4.1401335395746655,13.841452
2018-12-15 14:15:00,3.82,3.31,103.82,37.98,33.58096152616997,4.084630051686655,11.316478
2018-12-15 14:30:00,4.1,3.35,114.73,48.89,35.62820143790415,4.072522774855324,10.104628
2018-12-15 14:45:00,4.07,3.38,84.74,37.73,25.918632653191928,4.0986808773248145,11.374931
2018-12-15 15:00:00,4.21,3.31,109.4,40.03,33.19464976183326,4.061340254380458,11.342724
2018-12-15 15:15:00,3.74,3.82,125.21,43.67,36.32637519838718,3.9081985873553426,6.066919
2018-12-15 15:30:00,3.74,4.1,89.35,46.15,28.539641021513116,4.287375230870387,5.541169
2018-12-15 15:45:00,3.96,4.07,122.26,49.68,35.45235605509744,4.199006876715649,7.4388285
2018-12-15 16:00:00,3.28,4.21,114.66,49.32,33.62406650539687,5.227226162264031,6.711506
2018-12-15 16:15:00,3.35,3.74,96.8,49.46,30.72153326197651,4.585932769631399,4.274461
2018-12-15 16:30:00,3.28,3.74,118.12,49.54,36.01963328725882,4.220731047595912,5.7054963
2018-12-15 16:45:00,3.24,3.96,133.2,34.63,35.85794744588516,4.447894348579493,5.6743693
2018-12-15 17:00:00,3.28,3.28,102.64,27.0,26.464434157634255,3.485309713996722,4.230633
2018-12-15 17:15:00,3.28,3.35,63.94,9.9,15.790903984728141,3.4155168848721185,4.364708
2018-12-15 17:30:00,3.35,3.28,62.64,5.22,13.057752696161984,3.4418398172594524,4.1351476
2018-12-15 17:45:00,4.18,3.24,37.94,5.29,2.127469505467726,3.571055586374151,3.3394146
2018-12-15 18:00:00,4.1,3.28,32.62,5.22,-0.26833742822490336,3.575678946692357,3.403882
2018-12-15 18:15:00,4.1,3.28,29.63,5.18,2.474957206428087,3.586493646088582,3.3622503
2018-12-15 18:30:00,4.1,3.35,26.57,5.15,6.589662695440605,3.5636035500532093,3.444416
2018-12-15 18:45:00,4.03,4.18,26.35,5.33,8.25179032256683,3.463467819356872,3.3311198
2018-12-15 19:00:00,4.28,4.1,26.32,5.15,8.901419233950357,3.4687613610106593,3.3491786
2018-12-15 19:15:00,3.49,4.1,26.39,4.1,8.014574552920553,3.5271046008849614,3.469671
2018-12-15 19:30:00,3.38,4.1,26.64,4.14,7.435543931688947,3.933876497922059,4.516816
2018-12-15 19:45:00,3.35,4.03,28.44,4.1,5.254694188430218,4.062491442414861,4.050356
2018-12-15 20:00:00,3.38,4.28,30.46,4.14,8.019658469238301,4.052718813224886,3.970876
2018-12-15 20:15:00,3.46,3.49,29.88,4.1,8.009470017800233,3.470172614382666,3.480495
2018-12-15 20:30:00,3.42,3.38,30.06,4.03,6.24850312155117,3.4037839977734414,3.3259773
2018-12-15 20:45:00,3.35,3.35,31.93,4.14,3.1565524379465373,3.389641033744081,3.2513957
2018-12-15 21:00:00,3.38,3.38,28.66,4.1,-0.1678740929991136,3.482622203454652,3.3695655
2018-12-15 21:15:00,3.96,3.46,5.76,4.14,-9.164073773034662,3.538428789862084,3.690419
2018-12-15 21:30:00,4.28,3.42,5.8,4.1,-10.223176847286187,3.5032650265761003,3.644231
2018-12-15 21:45:00,4.25,3.35,5.72,4.14,-10.286132902671628,3.4993424799546102,3.6607974
2018-12-15 22:00:00,4.18,3.38,5.69,4.1,-8.536696378775584,3.505985866784916,3.658523
2018-12-15 22:15:00,3.74,3.96,5.4,3.82,-8.380746556146295,3.487576811972533,3.518143
2018-12-15 22:30:00,3.31,4.28,5.33,3.89,-8.220157289072379,3.459188127308586,3.300205
2018-12-15 22:45:00,4.07,4.25,5.33,5.0,-8.103060771233526,3.5161162503216565,3.345383
2018-12-15 23:00:00,3.56,4.18,5.33,4.75,-6.997331860735553,3.773833956502993,3.4987972
2018-12-15 23:15:00,3.17,3.74,4.86,3.82,-7.2822291636374,3.730575272093303,3.340021
2018-12-15 23:30:00,3.24,3.31,4.03,3.71,-7.420997071637434,3.372512622817422,3.1126077
2018-12-15 23:45:00,3.2,4.07,4.03,3.82,-7.129479820636615,3.6788339772342282,3.3362355
2018-12-16 00:00:00,4.21,3.56,3.28,3.17,-5.457692592824937,3.5331049220481776,3.33849
2018-12-16 00:15:00,3.24,3.17,4.14,3.74,-5.504718975305291,3.3656460361453306,3.1198583
2018-12-16 00:30:00,3.28,3.24,4.1,3.74,-5.527976860438354,3.355276493381135,3.0645928
2018-12-16 00:45:00,3.28,3.2,4.07,3.82,-5.548598882506877,3.334070577527427,3.086358
2018-12-16 01:00:00,3.85,4.21,4.14,3.85,-3.832696848396388,3.4015178896835203,3.0619068
2018-12-16 01:15:00,4.18,3.24,4.14,3.78,-4.1431344371443295,3.362036919790274,2.986189
2018-12-16 01:30:00,4.07,3.28,4.14,3.82,-4.096736692415515,3.3458166341494358,2.989673
2018-12-16 01:45:00,4.07,3.28,4.14,3.78,-4.080191866741071,3.3589125996657887,3.0501113
2018-12-16 02:00:00,3.92,3.85,4.1,3.78,-2.539735444979815,3.423776024184265,3.2077067
2018-12-16 02:15:00,3.28,4.18,4.1,3.17,-2.7784180078636425,3.3770028417883875,3.1543083
2018-12-16 02:30:00,3.42,4.07,4.21,3.13,-2.924601868224695,3.4400191875412367,5.3117204
2018-12-16 02:45:00,3.53,4.07,4.1,3.35,-3.141004195057466,3.6448279123320058,4.129314
2018-12-16 03:00:00,4.14,3.92,4.18,3.67,-1.9447082047981823,3.802626351714711,3.6082845
2018-12-16 03:15:00,3.56,3.28,4.82,3.02,-2.052752639683444,3.2136688767310138,3.2715883
2018-12-16 03:30:00,3.35,3.42,5.26,3.13,-2.0329385383694607,3.2796656315521004,3.243597
2018-12-16 03:45:00,3.38,3.53,4.18,3.06,-2.4280787613130776,3.347924766643586,3.2660553
2018-12-16 04:00:00,3.42,4.14,4.14,3.06,-1.104954486673023,3.557485002129966,3.2841341
2018-12-16 04:15:00,3.42,3.56,4.14,3.06,-1.570599020158177,3.36081310485797,3.1601355
2018-12-16 04:30:00,3.42,3.35,3.82,3.2,-1.955402352539501,3.2675874892779797,3.0677683
2018-12-16 04:45:00,3.38,3.38,3.46,3.78,-2.1529537730812898,3.3417165081005864,3.1183891
2018-12-16 05:00:00,4.07,3.42,3.49,3.78,-1.1823714752809096,3.4172209472266135,3.2671127
2018-12-16 05:15:00,4.14,3.42,3.42,3.74,-1.4881705755128358,3.431378189275873,3.2841842
2018-12-16 05:30:00,4.07,3.42,3.42,3.74,-1.9213604162099713,3.4395721624988496,3.2721732
2018-12-16 05:45:00,4.07,3.38,3.42,3.13,-2.374241584086608,3.4398638738429934,3.2612638
2018-12-16 06:00:00,3.53,4.07,3.38,3.74,-1.0120799816507002,3.450915865313359,3.213573
2018-12-16 06:15:00,3.31,4.14,3.46,3.56,-1.5127868907299558,3.4613527728273947,3.2153742
2018-12-16 06:30:00,3.35,4.07,3.42,3.1,-2.146567173331615,3.467190145088949,3.1952415
2018-12-16 06:45:00,3.64,4.07,3.49,2.95,-2.7883081465084842,3.6884730873825324,3.5354512
2018-12-16 07:00:00,4.07,3.53,4.57,3.06,-1.7154150314773418,3.3826814705855583,3.5342054
2018-12-16 07:15:00,3.38,3.31,4.43,3.02,-2.214824933805968,3.2254211374153656,3.4818392
2018-12-16 07:30:00,3.28,3.35,4.1,2.95,-2.781503012254909,3.2720238923422293,3.4562411
2018-12-16 07:45:00,3.89,3.64,4.07,3.02,-2.766827647145668,3.6514322976189244,4.400492
2018-12-16 08:00:00,3.96,4.07,3.64,2.99,-0.6985671888594176,5.963588393099773,4.031333
2018-12-16 08:15:00,39.35,3.38,3.35,3.13,8.332296254135724,11.50762977885566,7.9352493
2018-12-16 08:30:00,63.54,3.28,3.35,3.74,18.55334358124347,9.049130647572378,9.348364
2018-12-16 08:45:00,65.02,3.89,3.38,3.82,18.24145167132758,8.924793477172885,8.243644
2018-12-16 09:00:00,63.79,3.96,3.49,3.96,24.288851676988273,9.198673794905895,10.966334
2018-12-16 09:15:00,61.7,39.35,3.56,4.03,37.55256268117928,46.15595499600296,43.020565
2018-12-16 09:30:00,64.8,63.54,3.38,3.35,49.692297237116875,60.83527727879756,54.778347
2018-12-16 09:45:00,51.16,65.02,3.42,3.31,50.253513956044884,62.62395448186213,56.711124
2018-12-16 10:00:00,55.01,63.79,3.35,3.89,38.5257239055607,53.266864348328745,45.07394
2018-12-16 10:15:00,61.81,61.7,3.35,4.03,36.97229162094713,47.31032927056778,50.713665
2018-12-16 10:30:00,72.18,64.8,3.35,3.31,40.848579122500546,56.69378978411974,52.144585
2018-12-16 10:45:00,54.86,51.16,4.97,3.35,38.29333055393944,45.33253684688057,46.12947
2018-12-16 11:00:00,66.78,55.01,5.36,3.42,38.11690498925995,45.40738336506011,45.798676
2018-12-16 11:15:00,69.95,61.81,4.28,3.35,38.909111505837146,49.026431956177504,47.694847
2018-12-16 11:30:00,53.35,72.18,4.18,3.31,45.84291040929044,64.93630032820637,52.979134
2018-12-16 11:45:00,55.51,54.86,3.35,3.38,37.87900829312612,43.87694831314589,48.76365
2018-12-16 12:00:00,11.81,66.78,3.38,3.89,41.59523535214643,56.185654345859874,46.00409
2018-12-16 12:15:00,5.65,69.95,3.42,4.18,22.415163828965376,9.113001377748205,10.168135
2018-12-16 12:30:00,5.54,53.35,3.42,4.1,17.917380911567008,8.650692626306265,5.8935127
2018-12-16 12:45:00,5.44,55.51,3.42,4.1,18.58342010706064,11.245459039443773,11.655558
2018-12-16 13:00:00,5.33,11.81,3.38,3.6,14.84979697690585,26.448517980792108,8.721673
2018-12-16 13:15:00,36.47,5.65,3.31,3.42,24.442472573995232,49.2358238946612,24.102037
2018-12-16 13:30:00,63.72,5.54,3.35,3.42,25.569129960572504,50.61001515233143,31.84427
2018-12-16 13:45:00,64.8,5.44,3.38,3.35,19.957890165987443,48.181968976930115,32.63581
2018-12-16 14:00:00,61.85,5.33,3.31,3.92,15.439241856142765,28.145967014115357,18.167372
2018-12-16 14:15:00,57.89,36.47,3.82,3.78,31.843699105000702,42.413827322653106,39.956013
2018-12-16 14:30:00,54.36,63.72,4.1,3.42,44.548901568571026,59.87407653404789,54.378094
2018-12-16 14:45:00,47.38,64.8,4.07,3.38,40.519670908574945,63.3107330360302,51.575428
2018-12-16 15:00:00,43.49,61.85,4.21,3.46,36.90621850760178,52.316288236455314,46.05234
2018-12-16 15:15:00,45.4,57.89,3.74,3.42,33.365479864883405,43.0835807884662,47.63423
2018-12-16 15:30:00,60.55,54.36,3.74,3.53,31.864114078173888,43.6919670270266,46.99604
2018-12-16 15:45:00,48.42,47.38,3.96,4.07,32.8880740312841,42.078415231648044,41.791107
2018-12-16 16:00:00,63.22,43.49,3.28,4.03,31.224549186685845,39.711625788742964,38.3207
2018-12-16 16:15:00,62.64,45.4,3.35,4.14,31.5156472468382,39.29294212596432,40.638397
2018-12-16 16:30:00,66.02,60.55,3.28,4.0,40.24991705940788,46.09078539719605,47.29917
2018-12-16 16:45:00,35.42,48.42,3.24,3.31,36.25523883961379,39.60810570828439,46.098732
2018-12-16 17:00:00,9.11,63.22,3.28,3.35,36.813105659977154,31.9128695919548,21.128223
2018-12-16 17:15:00,8.06,62.64,3.28,3.49,32.43061702176668,22.765999268630395,18.702143
2018-12-16 17:30:00,7.74,66.02,3.35,4.1,33.71914821027427,28.384513481577862,16.604551
2018-12-16 17:45:00,7.85,35.42,4.18,3.64,17.456042022160954,21.836800937251436,7.2749815
2018-12-16 18:00:00,6.73,9.11,4.1,3.24,13.76396328638125,5.143250194099067,6.7617435
2018-12-16 18:15:00,5.22,8.06,4.1,3.28,17.960049783143873,5.358202676384679,5.9717093
2018-12-16 18:30:00,5.69,7.74,4.1,3.31,16.89708306272784,5.482852588885605,6.391058
2018-12-16 18:45:00,5.72,7.85,4.03,3.42,10.300808829220546,5.659559479454458,6.6216154
2018-12-16 19:00:00,5.69,6.73,4.28,3.64,8.71281867038147,5.563184430492311,5.7263203
2018-12-16 19:15:00,5.72,5.22,3.49,4.07,7.663952250871322,4.486611531199906,5.836428
2018-12-16 19:30:00,5.44,5.69,3.38,4.03,7.476077036735894,4.548954911914337,6.557084
2018-12-16 19:45:00,4.46,5.72,3.35,4.03,4.405181907542847,4.526038567815178,6.100153
2018-12-16 20:00:00,4.5,5.69,3.38,4.0,6.753816070519893,4.483119035937017,6.1319737
2018-12-16 20:15:00,4.46,5.72,3.46,3.31,6.708922378382017,4.578190308651724,5.55771
2018-12-16 20:30:00,4.5,5.44,3.42,3.31,4.767158943193763,4.4616806076638,5.6050096
2018-12-16 20:45:00,4.54,4.46,3.35,3.35,1.2635657107747917,4.061736202501471,5.6138325
2018-12-16 21:00:00,4.46,4.5,3.38,3.35,-1.7486079066712605,4.10765293281029,5.256824
2018-12-16 21:15:00,4.5,4.46,3.96,3.67,-7.914394616034446,4.069283980002362,5.306804
2018-12-16 21:30:00,4.5,4.5,4.28,4.14,-8.928670351455228,4.20889216756437,4.510695
2018-12-16 21:45:00,4.57,4.54,4.25,3.38,-9.054364424107863,4.227680547135702,4.4819694
2018-12-16 22:00:00,4.57,4.46,4.18,3.28,-7.814632649892058,4.1352130196741195,4.438533
2018-12-16 22:15:00,4.25,4.5,3.74,3.13,-7.929472161881524,4.150869953731328,4.3193173
2018-12-16 22:30:00,4.25,4.5,3.31,3.17,-7.959510143766789,4.136362410575949,3.5514882
2018-12-16 22:45:00,4.18,4.57,4.07,3.78,-7.797976939958172,4.248320797579198,3.9779541
2018-12-16 23:00:00,5.44,4.57,3.56,3.78,-6.56654299892001,4.236254598388565,3.7726185
2018-12-16 23:15:00,4.82,4.25,3.17,3.74,-6.654370581904406,3.928990002987184,3.5887423
2018-12-16 23:30:00,4.14,4.25,3.24,3.74,-6.633013830271896,3.917422625369126,3.5730264
2018-12-16 23:45:00,4.18,4.18,3.2,3.46,-6.643454986551465,3.904715810025995,3.6992188
2018-12-17 00:00:00,4.57,5.44,4.21,5.36,8.547362731604686,11.14258124785881,5.2079763
2018-12-17 00:15:00,4.25,4.82,3.24,3.06,7.868726976694074,4.293589050809725,3.7442493
2018-12-17 00:30:00,4.18,4.14,3.28,3.02,7.647830001640404,3.9098797387731823,3.6959376
2018-12-17 00:45:00,4.21,4.18,3.28,3.31,7.770147477512868,3.9274791964229356,3.7071624
2018-12-17 01:00:00,4.21,4.57,3.85,3.85,9.30015065583979,4.285679758805265,4.280469
2018-12-17 01:15:00,4.21,4.25,4.18,3.42,9.161758722930955,3.9515022411814447,3.969357
2018-12-17 01:30:00,4.36,4.18,4.07,3.1,9.044877770302033,3.9319787552821768,3.7321799
2018-12-17 01:45:00,4.28,4.21,4.07,3.1,9.084968107726965,3.9338910112780106,3.8331616
2018-12-17 02:00:00,4.28,4.21,3.92,3.17,10.395848298508096,3.9488890175747224,3.9909735
2018-12-17 02:15:00,4.28,4.21,3.28,3.31,10.072989624978813,3.9468238250463297,3.9019978
2018-12-17 02:30:00,3.71,4.36,3.42,3.82,10.119161826902843,4.043702016221862,3.8493464
2018-12-17 02:45:00,4.32,4.28,3.53,3.78,9.99807729442626,3.9911240038558944,3.8501234
2018-12-17 03:00:00,3.82,4.28,4.14,3.82,11.242904997516675,4.025520053524445,4.2061214
2018-12-17 03:15:00,3.53,4.28,3.56,3.74,11.083421702454654,4.018328687078777,3.8261638
2018-12-17 03:30:00,3.53,3.71,3.35,3.1,10.828736765536291,3.6711874739097,3.499675
2018-12-17 03:45:00,3.53,4.32,3.38,3.2,10.788253173013494,3.866224850823916,3.5477698
2018-12-17 04:00:00,3.6,3.82,3.42,3.1,11.73782656252492,3.704457165954501,3.5260546
2018-12-17 04:15:00,3.53,3.53,3.42,3.13,11.462400651988371,3.4086947044536577,3.4525821
2018-12-17 04:30:00,3.53,3.53,3.42,3.17,11.139400982868061,3.3778718304288207,3.31491
2018-12-17 04:45:00,4.1,3.53,3.38,3.49,10.860030050326053,3.4589986981562872,3.460061
2018-12-17 05:00:00,4.25,3.6,4.07,3.74,11.965819157140572,3.58458222213094,3.5983062
2018-12-17 05:15:00,4.28,3.53,4.14,3.13,11.632957438570099,3.497356147642012,3.4446554
2018-12-17 05:30:00,4.25,3.53,4.07,3.1,11.195256425834934,3.453713782138199,3.4715776
2018-12-17 05:45:00,3.64,4.1,4.07,3.82,11.202850379112174,3.5425151984075387,3.5607717
2018-12-17 06:00:00,3.49,4.25,3.53,3.82,12.167840813620927,3.600583333552021,3.508788
2018-12-17 06:15:00,3.46,4.28,3.31,3.85,11.601710699930162,3.6363083247419263,3.4663773
2018-12-17 06:30:00,4.32,4.25,3.35,3.82,10.934549257309826,3.8234983188865126,3.6956103
2018-12-17 06:45:00,3.6,3.64,3.64,3.46,10.386337246863864,3.689492782756351,3.5598724
2018-12-17 07:00:00,3.42,3.49,4.07,3.06,11.355770415528323,3.316363594455182,3.3323529
2018-12-17 07:15:00,3.49,3.46,3.38,3.13,10.765975287780432,3.3131911616763747,3.3664038
2018-12-17 07:30:00,4.36,4.32,3.28,3.56,10.591498791593391,3.919428524681842,3.7196648
2018-12-17 07:45:00,6.19,3.6,3.89,5.87,10.76656012216609,5.148948798787494,7.0795684
2018-12-17 08:00:00,6.3,3.42,3.96,6.8,12.873170610821312,5.8379795260165315,9.096965
2018-12-17 08:15:00,6.48,3.49,39.35,33.48,31.061425853475516,35.41839263818394,32.16184
2018-12-17 08:30:00,53.35,4.36,63.54,61.06,49.64713130472321,62.94878031085301,64.28276
2018-12-17 08:45:00,46.94,6.19,65.02,58.36,49.82977477392565,70.00645221198036,69.547745
2018-12-17 09:00:00,52.06,6.3,63.79,68.62,57.60797267347502,71.67092645432426,72.53851
2018-12-17 09:15:00,54.83,6.48,61.7,69.23,51.902524816128256,70.25089139000642,67.14434
2018-12-17 09:30:00,56.12,53.35,64.8,70.78,77.64725629717465,63.294658591342525,65.442375
2018-12-17 09:45:00,58.0,46.94,51.16,61.74,73.91394225222972,58.071557373947556,61.63964
2018-12-17 10:00:00,50.08,52.06,55.01,72.0,71.01728949454721,57.97970657259865,60.834137
2018-12-17 10:15:00,46.04,54.83,61.81,56.2,63.27011469625758,58.65769121333926,55.923626
2018-12-17 10:30:00,49.54,56.12,72.18,56.02,70.20757256129939,59.48790301905151,57.31656
2018-12-17 10:45:00,54.14,58.0,54.86,63.9,66.3089123651357,59.930203811069674,56.616272
2018-12-17 11:00:00,53.78,50.08,66.78,68.47,65.76846211070006,56.91025189464494,57.721916
2018-12-17 11:15:00,52.67,46.04,69.95,61.56,64.51089824562892,56.806936682207606,57.396957
2018-12-17 11:30:00,55.84,49.54,53.35,70.31,66.83257389640208,56.961821800275345,57.49259
2018-12-17 11:45:00,49.64,54.14,55.51,62.42,64.76795432467902,58.80929403094778,57.292526
2018-12-17 12:00:00,54.5,53.78,11.81,44.75,57.81718626299857,58.127186457939665,53.60219
2018-12-17 12:15:00,11.12,52.67,5.65,9.11,27.02537530876966,12.92867168381542,12.669583
2018-12-17 12:30:00,7.06,55.84,5.54,10.33,27.400727922147222,12.587039829565827,7.470542
2018-12-17 12:45:00,7.13,49.64,5.44,11.45,27.880537875585652,13.038046066361956,14.360262
2018-12-17 13:00:00,8.21,54.5,5.33,11.09,30.60948923979804,23.641047660230335,15.141465
2018-12-17 13:15:00,33.26,11.12,36.47,42.66,45.130674293420974,49.98805222669877,45.9308
2018-12-17 13:30:00,56.99,7.06,63.72,72.9,57.13364943453374,58.04358496290496,60.36521
2018-12-17 13:45:00,56.59,7.13,64.8,71.03,59.889380989002774,59.571446451746766,60.032997
2018-12-17 14:00:00,55.08,8.21,61.85,67.32,50.4686005947702,58.98199528060185,63.95053
2018-12-17 14:15:00,51.05,33.26,57.89,64.22,58.716455069029124,58.98299357120741,56.110615
2018-12-17 14:30:00,47.95,56.99,54.36,69.91,69.85670330881517,60.569143845204614,59.048744
2018-12-17 14:45:00,57.82,56.59,47.38,51.23,60.71808912453422,60.018616338196736,56.95648
2018-12-17 15:00:00,59.11,55.08,43.49,58.39,59.868067722776274,58.984813508928895,55.54663
2018-12-17 15:15:00,60.62,51.05,45.4,69.62,59.08982487689627,56.436544608474094,54.600636
2018-12-17 15:30:00,53.6,47.95,60.55,66.71,58.007912991816205,56.24354309998421,52.623352
2018-12-17 15:45:00,60.44,57.82,48.42,65.99,62.36244021249547,59.73480604235391,55.740723
2018-12-17 16:00:00,67.5,59.11,63.22,64.98,64.40239565615458,60.433564190236275,58.369247
2018-12-17 16:15:00,85.86,60.62,62.64,64.55,64.44238034646558,61.78733252411439,59.765137
2018-12-17 16:30:00,82.33,53.6,66.02,63.72,64.34714021258205,58.997093246581265,58.477623
2018-12-17 16:45:00,59.8,60.44,35.42,66.53,64.93447920651417,62.10174038228444,63.16764
2018-12-17 17:00:00,60.37,67.5,9.11,62.57,60.52365536665094,62.644603008696514,62.619286
2018-12-17 17:15:00,56.38,85.86,8.06,63.72,65.20821668007625,76.72983807179408,73.24177
2018-12-17 17:30:00,52.99,82.33,7.74,58.64,60.195463414944186,76.59849323199049,68.23116
2018-12-17 17:45:00,35.35,59.8,7.85,60.12,44.93542677786357,37.024683160564756,33.96347
2018-12-17 18:00:00,31.32,60.37,6.73,24.73,38.1813542073234,32.34972134725643,30.735353
2018-12-17 18:15:00,16.09,56.38,5.22,5.47,38.31824519266233,33.63155692621983,36.117683
2018-12-17 18:30:00,6.37,52.99,5.69,4.5,37.717643644432734,35.763576342014794,47.92234
2018-12-17 18:45:00,5.8,35.35,5.72,4.46,35.216283318628754,36.84958761951249,45.460594
2018-12-17 19:00:00,5.54,31.32,5.69,4.46,35.66984052507591,40.28156933322578,46.267265
2018-12-17 19:15:00,5.54,16.09,5.72,4.75,31.41278284497557,12.102175434466718,15.31413
2018-12-17 19:30:00,5.62,6.37,5.44,5.69,27.62200247391554,5.2510612556932035,9.704341
2018-12-17 19:45:00,5.54,5.8,4.46,5.62,22.7242007349005,4.946398391782765,8.293264
2018-12-17 20:00:00,5.62,5.54,4.5,4.46,22.024739846851062,4.677058641496313,7.561286
2018-12-17 20:15:00,5.54,5.54,4.46,4.46,19.092937754215946,4.552563344058655,7.8333697
2018-12-17 20:30:00,4.75,5.62,4.5,4.5,16.319727328459038,4.528123742110945,5.8291216
2018-12-17 20:45:00,4.46,5.54,4.54,4.43,12.834509513628252,4.588845016697748,5.856723
2018-12-17 21:00:00,4.46,5.62,4.46,4.46,9.715891091729429,4.5536236183613354,4.873738
2018-12-17 21:15:00,4.43,5.54,4.5,4.5,3.0878063260162385,4.553689118262864,5.316279
2018-12-17 21:30:00,4.43,4.75,4.5,4.57,2.092603952666952,4.462958595461667,4.4287987
2018-12-17 21:45:00,4.46,4.46,4.57,4.54,2.0957214155662207,4.130140212342769,4.252916
2018-12-17 22:00:00,4.46,4.46,4.57,4.46,3.352150562692781,4.122736463628868,4.4191656
2018-12-17 22:15:00,4.14,4.43,4.25,4.28,3.092559088834822,4.147742925149456,4.53167
2018-12-17 22:30:00,4.18,4.43,4.25,4.25,3.01183447250839,4.219262528170691,4.09098
2018-12-17 22:45:00,4.21,4.46,4.18,4.32,2.946932968759956,4.209945514023167,4.298759
2018-12-17 23:00:00,4.18,4.46,5.44,4.18,4.466546494679793,4.233925148669947,4.1591973
2018-12-17 23:15:00,4.14,4.14,4.82,4.18,4.325539688121236,4.028141677016202,4.1184416
2018-12-17 23:30:00,4.07,4.18,4.14,4.21,4.222195927283078,3.9902756970868443,3.9235747
2018-12-17 23:45:00,4.07,4.21,4.18,4.28,4.296252005687975,3.983467225713697,3.9659019
2018-12-18 00:00:00,4.14,4.18,4.57,4.18,4.371937051391601,7.6855616529487465,3.9652383
2018-12-18 00:15:00,5.22,4.14,4.25,4.86,4.516219588144928,4.017084124338844,4.0562854
2018-12-18 00:30:00,4.68,4.07,4.18,4.21,4.3811136008145475,4.001881974588177,4.07172
2018-12-18 00:45:00,4.14,4.07,4.21,4.18,4.414479647444281,4.004659382853113,4.0799127
2018-12-18 01:00:00,4.1,4.14,4.21,4.21,5.705185651025687,4.00280714248607,4.0919867
2018-12-18 01:15:00,4.18,5.22,4.21,4.32,6.293678799870964,4.208644918394723,4.507033
2018-12-18 01:30:00,4.07,4.68,4.36,4.25,6.128159145238982,4.160041434467296,4.4286995
2018-12-18 01:45:00,4.18,4.14,4.28,4.18,5.946877015644187,3.955461528357405,4.0036373
2018-12-18 02:00:00,4.1,4.1,4.28,4.21,7.307533766330966,3.957886345320962,3.9320383
2018-12-18 02:15:00,4.18,4.18,4.28,4.28,7.130474121612352,4.00273403352468,4.0932426
2018-12-18 02:30:00,4.14,4.07,3.71,4.25,6.774514973474435,3.9941115790913835,4.0847774
2018-12-18 02:45:00,4.21,4.18,4.32,4.21,6.741165234943885,4.013327519258297,4.1398973
2018-12-18 03:00:00,4.18,4.1,3.82,3.56,7.704045019851872,3.9679483898503887,4.1112285
2018-12-18 03:15:00,3.6,4.18,3.53,3.56,7.655997637638176,3.966993102134749,4.035895
2018-12-18 03:30:00,3.42,4.14,3.53,3.53,7.544608562868898,3.9757910612487617,3.9811702
2018-12-18 03:45:00,3.42,4.21,3.53,3.53,7.30943948471009,3.9770581403561005,3.95485
2018-12-18 04:00:00,3.38,4.18,3.6,3.85,8.43167862763875,3.9884490177678398,4.0240293
2018-12-18 04:15:00,3.42,3.6,3.53,4.18,8.21630973162592,3.6976322144703886,3.7195375
2018-12-18 04:30:00,3.71,3.42,3.53,3.49,7.812043594340388,3.3873309319050287,3.5178907
2018-12-18 04:45:00,4.18,3.42,4.1,3.56,7.639311483342155,3.407352324284054,3.5552402
2018-12-18 05:00:00,3.53,3.38,4.25,3.56,8.514865173570506,3.554899493349291,3.6306524
2018-12-18 05:15:00,3.46,3.42,4.28,3.74,8.281564234336361,3.6320244597359017,3.7345197
2018-12-18 05:30:00,3.38,3.71,4.25,4.18,8.048925846105863,3.5147444336164813,3.7778087
2018-12-18 05:45:00,4.03,4.18,3.64,4.25,7.824302713735733,3.524251044772186,3.7354145
2018-12-18 06:00:00,4.14,3.53,3.49,4.28,8.531487549296106,3.486052893774452,3.7834957
2018-12-18 06:15:00,3.6,3.46,3.46,3.56,7.844056405308226,3.3908348117250267,3.6801617
2018-12-18 06:30:00,3.38,3.38,4.32,3.53,7.514223896800914,3.3519983891514897,3.5336225
2018-12-18 06:45:00,3.35,4.03,3.6,3.6,7.105087550967415,3.779096604013204,3.5994825
2018-12-18 07:00:00,3.31,4.14,3.42,3.49,8.052728011730462,3.582105013967883,3.7555096
2018-12-18 07:15:00,3.28,3.6,3.49,4.1,7.471548887852595,3.5162899650952264,3.7061658
2018-12-18 07:30:00,3.42,3.38,4.36,4.07,7.011588811202259,3.517884599286791,3.970453
2018-12-18 07:45:00,5.58,3.35,6.19,4.86,7.346738378975669,5.142616326546799,5.234918
2018-12-18 08:00:00,7.27,3.31,6.3,14.83,10.759613883601443,5.878954229500565,7.221848
2018-12-18 08:15:00,38.38,3.28,6.48,44.21,24.873345573371196,20.949691748486973,35.242634
2018-12-18 08:30:00,72.86,3.42,53.35,54.04,41.71732065371677,54.76796992690087,54.110447
2018-12-18 08:45:00,66.42,5.58,46.94,61.74,42.90040516219518,69.75503599624527,68.07258
2018-12-18 09:00:00,81.4,7.27,52.06,69.48,51.62102538226101,70.59750726307315,70.970604
2018-12-18 09:15:00,66.28,38.38,54.83,75.38,63.23170813419611,68.68832079038083,66.01491
2018-12-18 09:30:00,78.3,72.86,56.12,71.82,80.6184939442882,78.07872852259482,73.52834
2018-12-18 09:45:00,77.72,66.42,58.0,71.24,79.07665804199051,65.03036627330576,65.87269
2018-12-18 10:00:00,74.59,81.4,50.08,54.86,68.65300007752184,74.71743709818905,75.76281
2018-12-18 10:15:00,63.04,66.28,46.04,66.13,65.42045594134039,65.6178356156545,64.58798
2018-12-18 10:30:00,58.68,78.3,49.54,73.08,75.22451296640206,70.55158788120129,70.865364
2018-12-18 10:45:00,62.96,77.72,54.14,77.51,72.8150935760705,70.97799347099377,69.55785
2018-12-18 11:00:00,68.36,74.59,53.78,72.54,70.21349285857006,70.71542955342537,70.05952
2018-12-18 11:15:00,60.05,63.04,52.67,63.83,64.58044719886801,65.59722588231188,66.398705
2018-12-18 11:30:00,58.82,58.68,55.84,67.07,67.64403518258739,62.67158810074991,66.10637
2018-12-18 11:45:00,64.73,62.96,49.64,84.24,68.58342524908402,63.80672860738233,64.9102
2018-12-18 12:00:00,67.54,68.36,54.5,72.79,70.32991925025108,64.04862897761507,59.36441
2018-12-18 12:15:00,8.14,60.05,11.12,7.96,28.659365626891848,10.826861303073045,12.478996
2018-12-18 12:30:00,8.64,58.82,7.06,5.8,26.36351354321797,7.927999715784402,6.4429
2018-12-18 12:45:00,8.78,64.73,7.13,6.98,30.15383602782444,11.294302849914573,13.553362
2018-12-18 13:00:00,9.4,67.54,8.21,6.95,32.67998052379869,20.02150552578984,14.925577
2018-12-18 13:15:00,52.45,8.14,33.26,38.45,42.629211100506296,46.8192232571001,44.971375
2018-12-18 13:30:00,67.46,8.64,56.99,59.36,53.14603468668959,58.39869218255899,64.52324
2018-12-18 13:45:00,62.53,8.78,56.59,66.02,57.786018915188286,58.43393013823745,62.81125
2018-12-18 14:00:00,62.46,9.4,55.08,80.28,48.03644774933446,70.59702694107315,61.037743
2018-12-18 14:15:00,67.18,52.45,51.05,75.53,64.9907528662445,59.05029526961725,61.715454
2018-12-18 14:30:00,113.51,67.46,47.95,72.0,70.86745936054184,64.82026332153609,65.95586
2018-12-18 14:45:00,99.5,62.53,57.82,72.61,65.00554341603669,62.45972357634539,61.43647
2018-12-18 15:00:00,68.0,62.46,59.11,78.55,61.00029514393553,62.74883998342899,62.416496
2018-12-18 15:15:00,120.82,67.18,60.62,73.98,63.84436739132481,63.71583979050342,61.505005
2018-12-18 15:30:00,79.45,113.51,53.6,76.79,83.58037297631049,88.17462271584834,86.582
2018-12-18 15:45:00,117.68,99.5,60.44,80.46,82.95203865518418,91.22876851278869,95.984024
2018-12-18 16:00:00,114.08,68.0,67.5,68.11,70.97217046541114,68.4854149898498,75.94322
2018-12-18 16:15:00,106.27,120.82,85.86,71.68,91.25094042037009,93.2804434998885,95.13161
2018-12-18 16:30:00,93.28,79.45,82.33,69.8,84.24503278459348,86.84804924998326,84.84756
2018-12-18 16:45:00,127.58,117.68,59.8,75.46,95.11119033640914,93.51190040315747,97.31576
2018-12-18 17:00:00,94.61,114.08,60.37,70.27,83.60397322081594,95.06888385835548,94.435356
2018-12-18 17:15:00,101.02,106.27,56.38,78.48,81.02702605656954,94.00530440053495,92.95884
2018-12-18 17:30:00,112.14,93.28,52.99,66.78,67.11922054754932,86.88549229366761,93.90678
2018-12-18 17:45:00,68.08,127.58,35.35,32.11,63.938222117294615,51.484327562873816,43.09603
2018-12-18 18:00:00,15.95,94.61,31.32,31.25,53.799587021416535,35.15607550763993,36.47998
2018-12-18 18:15:00,7.16,101.02,16.09,36.4,57.85910773643094,49.16672321792172,50.25894
2018-12-18 18:30:00,5.58,112.14,6.37,39.56,63.38005409119121,77.67647589399378,78.96429
2018-12-18 18:45:00,5.65,68.08,5.8,51.44,57.75127198167759,59.28395125773551,61.536934
2018-12-18 19:00:00,5.0,15.95,5.54,51.52,51.077096406304605,8.909046301443551,28.790989
2018-12-18 19:15:00,4.5,7.16,5.54,53.57,51.80670971160286,6.639518806436157,20.557743
2018-12-18 19:30:00,4.39,5.58,5.62,52.81,44.28142380777963,5.578440989810675,9.643838
2018-12-18 19:45:00,4.43,5.65,5.54,52.38,27.684901941819415,5.748048598144562,8.458005
2018-12-18 20:00:00,4.39,5.0,5.62,53.21,24.491925423747524,4.375471218273184,4.9280825
2018-12-18 20:15:00,4.43,4.5,5.54,51.91,23.5369573780683,4.7955988168865735,4.291263
2018-12-18 20:30:00,4.36,4.39,4.75,53.46,21.645724096102626,4.431351868769772,3.8457062
2018-12-18 20:45:00,4.39,4.43,4.46,32.36,14.75593270731604,4.261404063560271,3.8878505
2018-12-18 21:00:00,4.43,4.39,4.46,28.37,10.838135530463529,4.250562567670122,4.4596105
2018-12-18 21:15:00,4.39,4.43,4.43,6.77,0.7246619370942078,4.2785162226349005,4.4436064
2018-12-18 21:30:00,4.46,4.36,4.43,5.69,-0.39823425995365014,4.156856830387046,4.3367953
2018-12-18 21:45:00,4.39,4.39,4.46,5.8,-0.35550811610859157,4.206063232289164,4.516106
2018-12-18 22:00:00,4.39,4.43,4.46,5.69,0.9164683321328333,4.232293724633905,4.511053
2018-12-18 22:15:00,4.25,4.39,4.14,5.47,0.8023704520798773,4.167045927380036,4.4820437
2018-12-18 22:30:00,5.18,4.46,4.18,5.44,0.8511485742435987,4.201378695235316,4.027491
2018-12-18 22:45:00,5.15,4.39,4.21,4.97,0.7212064905276208,4.1384970106965975,3.892816
2018-12-18 23:00:00,4.14,4.39,4.18,4.36,1.9952136992416705,4.117470588480728,3.881131
2018-12-18 23:15:00,4.14,4.25,4.14,4.25,1.9194955752269642,3.9827746922548304,4.0458574
2018-12-18 23:30:00,4.14,5.18,4.07,4.21,2.2955457835589677,4.329855309228494,4.836868
2018-12-18 23:45:00,4.1,5.15,4.07,4.14,2.3429933597438684,4.4520542064372455,4.8910527
2018-12-19 00:00:00,3.92,4.14,4.14,4.21,3.5054947488947654,8.381928999044472,3.660494
2018-12-19 00:15:00,4.14,4.14,5.22,4.21,3.766665198181361,3.9506638763957485,3.8471434
2018-12-19 00:30:00,4.14,4.14,4.68,4.14,3.7138896659047482,3.9997796718529344,3.8624454
2018-12-19 00:45:00,4.14,4.1,4.14,4.14,3.433799762363332,4.048451509771986,4.0498123
2018-12-19 01:00:00,4.21,3.92,4.1,4.14,4.613654637159474,3.90910346029634,3.960843
2018-12-19 01:15:00,4.14,4.14,4.18,4.21,4.723174285280123,3.9403792332151797,4.033553
2018-12-19 01:30:00,4.14,4.14,4.07,4.18,4.72584057233766,3.938046613900136,4.050018
2018-12-19 01:45:00,4.18,4.14,4.18,4.75,4.850125519540899,3.935846240419851,4.055513
2018-12-19 02:00:00,4.18,4.21,4.1,5.33,6.261658368456036,3.983190291291759,4.055572
2018-12-19 02:15:00,4.93,4.14,4.18,4.25,5.881112233242938,3.980934555208787,4.0547266
2018-12-19 02:30:00,5.26,4.14,4.14,4.25,5.76640651900674,3.9824995705466546,4.049632
2018-12-19 02:45:00,4.14,4.18,4.21,4.18,5.684810348265607,3.985506422877854,4.020086
2018-12-19 03:00:00,4.14,4.18,4.18,4.21,6.838048866848727,3.9783248792254713,3.8963618
2018-12-19 03:15:00,4.1,4.93,3.6,4.18,7.116112727713574,4.203917123038957,4.5162296
2018-12-19 03:30:00,4.25,5.26,3.42,4.18,7.182447909714668,4.279535205789077,4.6375117
2018-12-19 03:45:00,3.82,4.14,3.42,4.25,6.582625495315245,3.958607940194297,3.8598506
2018-12-19 04:00:00,3.49,4.14,3.38,4.18,7.662717376456335,3.964366610610708,3.884001
2018-12-19 04:15:00,3.42,4.1,3.42,4.03,7.467643197313411,3.9282470251501977,3.8341045
2018-12-19 04:30:00,3.42,4.25,3.71,3.46,6.996292885796738,3.9055334848596597,4.017988
2018-12-19 04:45:00,3.49,3.82,4.18,3.46,6.655876406374638,3.8202333220886535,3.6515322
2018-12-19 05:00:00,3.38,3.49,3.53,3.53,7.579277674515044,3.423020025277267,3.4884446
2018-12-19 05:15:00,3.42,3.42,3.46,3.46,7.36075080654652,3.394280930607773,3.426814
2018-12-19 05:30:00,3.38,3.42,3.38,3.49,6.842219103853022,3.3716924101585075,3.4177861
2018-12-19 05:45:00,3.42,3.49,4.03,4.0,6.52506228678692,3.51618208127337,3.5242927
2018-12-19 06:00:00,3.42,3.38,4.14,4.25,7.460714337836784,3.4868816339488315,3.8180587
2018-12-19 06:15:00,4.07,3.42,3.6,3.85,6.811847068388193,3.469646161970102,3.5599163
2018-12-19 06:30:00,4.18,3.38,3.38,3.42,6.249575978698836,3.4483441985170393,3.4359403
2018-12-19 06:45:00,3.96,3.42,3.35,3.42,5.715892336277925,3.4425547995105195,3.4699254
2018-12-19 07:00:00,4.1,3.42,3.31,3.96,6.775509241650383,3.4719254072125016,3.5521579
2018-12-19 07:15:00,4.1,4.07,3.28,4.1,6.5834761905378905,3.5842567059728117,3.5613093
2018-12-19 07:30:00,4.07,4.18,3.42,4.32,6.229009822407168,3.7942470830718262,5.126898
2018-12-19 07:45:00,5.76,3.96,5.58,5.83,6.6097941989050035,5.976439915076389,5.6025033
2018-12-19 08:00:00,6.23,4.1,7.27,5.8,7.689264711389665,8.059254578411968,6.5572987
2018-12-19 08:15:00,36.14,4.1,38.38,36.86,26.971456755322954,41.992098462237216,38.71806
2018-12-19 08:30:00,70.81,4.07,72.86,60.37,45.620540962761545,65.31879354362698,65.07919
2018-12-19 08:45:00,59.54,5.76,66.42,66.46,45.56740906515989,83.16057217826572,72.93983
2018-12-19 09:00:00,63.86,6.23,81.4,69.05,54.351824376004544,84.0687059998895,74.55296
2018-12-19 09:15:00,77.4,36.14,66.28,63.86,60.18219268207537,83.43178198811685,69.77338
2018-12-19 09:30:00,65.23,70.81,78.3,65.59,80.95882190824794,76.97023364973938,74.62244
2018-12-19 09:45:00,69.3,59.54,77.72,60.98,76.37017503258788,63.39115328679796,67.85973
2018-12-19 10:00:00,61.13,63.86,74.59,65.74,66.78382447416413,63.95514125261552,65.860176
2018-12-19 10:15:00,61.16,77.4,63.04,57.17,68.72245753512219,73.65360275557978,74.794914
2018-12-19 10:30:00,70.42,65.23,58.68,64.55,69.30793447554343,64.89308895162897,67.19142
2018-12-19 10:45:00,63.68,69.3,62.96,53.42,64.5198387855916,66.97863823412628,69.075
2018-12-19 11:00:00,83.09,61.13,68.36,65.88,64.6269757999749,64.11957925961136,67.82348
2018-12-19 11:15:00,140.8,61.16,60.05,57.71,62.423258683913616,63.58630741253548,66.805756
2018-12-19 11:30:00,110.88,70.42,58.82,59.76,66.03275708010266,68.1103221311131,69.85231
2018-12-19 11:45:00,115.13,63.68,64.73,79.85,65.13125492543465,64.21510859698161,63.83841
2018-12-19 12:00:00,101.99,83.09,67.54,49.64,71.46876724701643,80.84384911072104,74.981804
2018-12-19 12:15:00,12.13,140.8,8.14,27.97,67.76854903712342,12.270515303999758,17.603964
2018-12-19 12:30:00,6.66,110.88,8.64,29.74,57.83210526489627,9.575904135791786,11.891155
2018-12-19 12:45:00,6.8,115.13,8.78,29.56,55.153596038338016,10.867599244329904,17.992903
2018-12-19 13:00:00,6.98,101.99,9.4,29.3,50.60153664498414,23.456972216639212,18.513168
2018-12-19 13:15:00,62.42,12.13,52.45,58.86,62.93977271822072,68.09142481730217,70.98106
2018-12-19 13:30:00,116.46,6.66,67.46,61.78,67.41890074760266,90.33722823170444,92.01535
2018-12-19 13:45:00,89.86,6.8,62.53,77.0,69.58030395034046,98.33279001869236,101.26304
2018-12-19 14:00:00,98.03,6.98,62.46,65.56,46.92699356426305,74.81100769237925,93.36539
2018-12-19 14:15:00,149.18,62.42,67.18,86.51,72.88354697648025,79.9648838453611,82.35562
2018-12-19 14:30:00,116.64,116.46,113.51,60.44,104.13639528109266,92.27963335681436,89.3381
2018-12-19 14:45:00,105.48,89.86,99.5,64.8,86.00545178292661,86.71255620562746,88.51952
2018-12-19 15:00:00,145.22,98.03,68.0,72.18,75.90086901776517,93.1727569945007,93.91723
2018-12-19 15:15:00,101.38,149.18,120.82,69.08,108.21652768530332,91.75266884595308,86.69579
2018-12-19 15:30:00,130.46,116.64,79.45,66.17,88.76343069767941,93.21227094735882,93.685616
2018-12-19 15:45:00,115.24,105.48,117.68,61.67,91.3618365634644,94.05813805887185,87.37798
2018-12-19 16:00:00,125.21,145.22,114.08,70.6,105.13830805283226,93.13990593881744,88.70726
2018-12-19 16:15:00,133.56,101.38,106.27,68.36,92.51673010427979,93.99262949489415,97.02025
2018-12-19 16:30:00,81.65,130.46,93.28,75.1,101.08905984151671,94.84376093346813,95.453804
2018-12-19 16:45:00,62.68,115.24,127.58,66.13,100.27623762336498,93.65192935300874,87.94675
2018-12-19 17:00:00,125.5,125.21,94.61,70.7,94.46390645870775,95.57646182052028,95.5594
2018-12-19 17:15:00,68.0,133.56,101.02,60.7,85.6545607457068,93.59049280823419,96.41811
2018-12-19 17:30:00,40.5,81.65,112.14,57.92,80.0647373335867,86.29562604056495,84.62437
2018-12-19 17:45:00,31.68,62.68,68.08,32.9,58.16180367369195,52.31232013868955,41.55401
2018-12-19 18:00:00,26.82,125.5,15.95,30.53,68.86418409930035,44.79096905445694,42.239967
2018-12-19 18:15:00,5.98,68.0,7.16,49.9,55.2320152377184,59.67942086194975,46.926743
2018-12-19 18:30:00,5.47,40.5,5.58,67.25,53.386658603628014,69.60359974383074,61.0465
2018-12-19 18:45:00,5.54,31.68,5.65,69.37,52.795475958759724,69.63911583307706,71.32966
2018-12-19 19:00:00,5.44,26.82,5.0,65.99,46.648502723500215,55.38045024464093,50.024666
2018-12-19 19:15:00,5.47,5.98,4.5,66.02,33.40630515419177,6.376605419468916,16.73051
2018-12-19 19:30:00,5.47,5.47,4.39,60.19,29.895902841990598,5.563749214131801,10.888111
2018-12-19 19:45:00,5.4,5.54,4.43,58.54,24.58205732833948,5.608917659610665,9.333885
2018-12-19 20:00:00,5.33,5.44,4.39,61.85,23.20017755066289,29.58438033683524,9.3455715
2018-12-19 20:15:00,5.36,5.47,4.43,67.07,22.797677261285408,5.403450944664218,7.284722
2018-12-19 20:30:00,5.33,5.47,4.36,58.82,18.953841431342735,4.854299697549623,6.998412
2018-12-19 20:45:00,5.44,5.4,4.39,53.35,16.585959847621297,5.005014272712718,5.4012194
2018-12-19 21:00:00,5.4,5.33,4.43,30.35,9.198199424313959,4.86831112709726,7.0353265
2018-12-19 21:15:00,5.4,5.36,4.39,12.2,0.5980948710997751,4.873987304063801,5.80356
2018-12-19 21:30:00,5.04,5.33,4.46,5.8,-1.3431913991107791,4.875734228574593,4.7877316
2018-12-19 21:45:00,4.25,5.44,4.39,5.76,-1.320303375010976,4.8322746577428,5.16062
2018-12-19 22:00:00,4.39,5.4,4.39,5.65,-0.07691921227956655,4.820407440361008,5.0457034
2018-12-19 22:15:00,4.03,5.4,4.25,5.04,-0.24312678020170964,4.816463664539824,5.0099096
2018-12-19 22:30:00,4.03,5.04,5.18,4.25,-0.2535417615201503,4.7673112406166975,4.4301887
2018-12-19 22:45:00,3.96,4.25,5.15,4.25,-0.3232343391705399,4.32245319782638,4.5954123
2018-12-19 23:00:00,4.07,4.39,4.14,4.21,0.9880395577597412,4.334538811832051,4.774844
2018-12-19 23:15:00,4.03,4.03,4.14,4.14,0.7856935058978003,4.237758969215043,4.7085013
2018-12-19 23:30:00,3.92,4.03,4.14,4.1,0.5860847514590155,4.131080797849475,4.799241
2018-12-19 23:45:00,3.96,3.96,4.1,4.1,0.5634311958792502,4.09664068870082,4.813307
2018-12-20 00:00:00,3.89,4.07,3.92,5.26,3.9811498259375533,4.875727768011617,4.511056
2018-12-20 00:15:00,4.03,4.03,4.14,4.1,3.8987761168527264,4.078912508105083,4.6474686
2018-12-20 00:30:00,4.03,3.92,4.14,4.18,3.8705881642138174,3.936443928151152,4.734532
2018-12-20 00:45:00,4.0,3.96,4.14,4.21,3.8909956021885073,3.9323527829609004,4.7221813
2018-12-20 01:00:00,4.0,3.89,4.21,4.14,5.155462136306422,3.8510163564297764,4.6948533
2018-12-20 01:15:00,4.0,4.03,4.14,4.28,5.226455560400016,3.92281757956903,4.9126916
2018-12-20 01:30:00,4.1,4.03,4.14,4.18,5.228069803568033,3.925016805010442,4.788181
2018-12-20 01:45:00,4.0,4.0,4.18,4.25,5.222785421648652,3.936421960884738,4.789157
2018-12-20 02:00:00,4.07,4.0,4.18,5.36,6.667968647727964,3.952095760940355,4.8140464
2018-12-20 02:15:00,4.43,4.0,4.93,4.79,6.614396950227572,3.953837809803794,4.746633
2018-12-20 02:30:00,5.18,4.1,5.26,4.25,6.527772294340078,4.0861922114240254,4.7364855
2018-12-20 02:45:00,4.1,4.0,4.14,4.18,6.176476538485286,4.048383828914425,4.6598535
2018-12-20 03:00:00,4.0,4.07,4.14,4.21,7.342702539967799,4.048100775086903,4.604643
2018-12-20 03:15:00,4.1,4.43,4.1,4.18,7.477091919584428,4.119431929079645,5.1020265
2018-12-20 03:30:00,4.03,5.18,4.25,4.21,7.81935323163923,4.401030291401428,5.0274873
2018-12-20 03:45:00,4.1,4.1,3.82,4.21,7.113816782366968,4.214441355055698,4.790306
2018-12-20 04:00:00,3.31,4.0,3.49,4.21,8.158375233920793,4.213783956112027,4.7658496
2018-12-20 04:15:00,3.35,4.1,3.42,4.18,8.000118453042681,4.236741456753735,4.7956624
2018-12-20 04:30:00,3.46,4.03,3.42,4.21,7.56328911512659,4.063290245391449,4.7324605
2018-12-20 04:45:00,3.38,4.1,3.49,4.21,7.284625424458891,4.081610045697068,4.6955237
2018-12-20 05:00:00,3.35,3.31,3.38,4.18,8.113964674518872,3.405116522034873,4.280904
2018-12-20 05:15:00,3.35,3.35,3.42,3.67,7.8786906353928785,3.4035631243634827,4.622284
2018-12-20 05:30:00,3.38,3.46,3.38,3.42,7.394642702539876,3.3924349536188783,4.1407156
2018-12-20 05:45:00,3.38,3.38,3.42,3.89,6.900850560714563,3.5472965189871903,4.401105
2018-12-20 06:00:00,3.92,3.35,3.42,4.32,7.80685833315048,3.541731560212062,4.639835
2018-12-20 06:15:00,3.67,3.35,4.07,3.46,7.274452531909986,3.536638532178625,4.2194457
2018-12-20 06:30:00,3.35,3.38,4.18,3.38,6.875183890693254,3.5624937755418915,4.363928
2018-12-20 06:45:00,4.0,3.38,3.96,3.38,6.2808169080469405,3.5437493457026394,4.3619385
2018-12-20 07:00:00,4.03,3.92,4.1,3.42,7.524140928726364,3.5597115901331615,4.3960557
2018-12-20 07:15:00,3.96,3.67,4.1,3.42,6.875562135259408,3.5564443843347044,4.6726947
2018-12-20 07:30:00,4.18,3.35,4.07,3.71,6.35276982552049,3.5090581823065827,4.4031343
2018-12-20 07:45:00,4.79,4.0,5.76,5.69,7.082296945206291,5.9365929840287235,6.5033913
2018-12-20 08:00:00,5.87,4.03,6.23,6.23,8.2555244351625,7.812105880063749,6.5081396
2018-12-20 08:15:00,39.49,3.96,36.14,35.57,26.26859872202387,43.002069642325075,37.99734
2018-12-20 08:30:00,79.85,4.18,70.81,72.86,47.86559214600791,75.48875422584327,70.78288
2018-12-20 08:45:00,66.96,4.79,59.54,61.74,43.208865333569356,73.73955832265878,72.39453
2018-12-20 09:00:00,63.14,5.87,63.86,76.36,53.08169566170825,93.75618527126079,79.85578
2018-12-20 09:15:00,64.12,39.49,77.4,63.11,64.31311438598934,86.87207495060171,73.779175
2018-12-20 09:30:00,64.37,79.85,65.23,65.66,84.2766998582937,85.86153191180335,82.04298
2018-12-20 09:45:00,83.16,66.96,69.3,72.07,81.44115440056417,68.3985537785304,66.901215
2018-12-20 10:00:00,71.14,63.14,61.13,56.84,63.90876868713514,65.45932976753471,67.834076
2018-12-20 10:15:00,58.72,64.12,61.16,69.3,66.74810815305142,65.33338663599544,66.16656
2018-12-20 10:30:00,68.72,64.37,70.42,65.66,69.17634813099167,65.20796832524509,65.794945
2018-12-20 10:45:00,75.53,83.16,63.68,85.43,76.87164842475673,81.23433572661415,76.66503
2018-12-20 11:00:00,77.51,71.14,83.09,53.17,69.78680937464465,74.39485976012698,74.65449
2018-12-20 11:15:00,64.4,58.72,140.8,55.4,79.97196304199885,64.14397793255999,66.95454
2018-12-20 11:30:00,63.0,68.72,110.88,60.08,78.18384966589352,67.23514251223315,71.330414
2018-12-20 11:45:00,71.46,75.53,115.13,58.0,76.57124101863278,72.88036647968984,75.87336
2018-12-20 12:00:00,71.06,77.51,101.99,51.3,78.17194103208693,75.14368565710375,74.59402
2018-12-20 12:15:00,16.96,64.4,12.13,11.38,27.810228151061647,11.156717820173938,10.657423
2018-12-20 12:30:00,7.67,63.0,6.66,10.91,26.402128659680663,8.448891392629294,8.231269
2018-12-20 12:45:00,7.49,71.46,6.8,30.1,34.25188188333947,8.578417209657982,10.050511
2018-12-20 13:00:00,6.66,71.06,6.98,36.4,35.83154644808363,56.38157113863038,12.540607
2018-12-20 13:15:00,42.7,16.96,62.42,41.69,47.609348922639285,49.614608498514286,51.84742
2018-12-20 13:30:00,63.07,7.67,116.46,56.92,63.0815890536832,59.5339738411252,69.23573
2018-12-20 13:45:00,71.5,7.49,89.86,46.66,58.38976234650931,62.5694897961378,74.94554
2018-12-20 14:00:00,76.9,6.66,98.03,52.52,49.823437387832115,69.4538895822924,75.92334
2018-12-20 14:15:00,63.5,42.7,149.18,58.25,73.35691177999563,59.58003109576105,61.547844
2018-12-20 14:30:00,78.41,63.07,116.64,72.61,81.85768228693502,64.66970825768253,63.100513
2018-12-20 14:45:00,73.4,71.5,105.48,66.24,76.2755218168505,73.66860594265371,70.15264
2018-12-20 15:00:00,64.44,76.9,145.22,73.08,81.98038081266654,73.86079633903955,71.97911
2018-12-20 15:15:00,60.26,63.5,101.38,60.52,69.59362513029232,65.02620706418571,66.55274
2018-12-20 15:30:00,58.9,78.41,130.46,59.87,74.36446016315467,75.17565862845265,73.40192
2018-12-20 15:45:00,60.59,73.4,115.24,63.5,76.40967659462935,72.62887876980285,71.976715
2018-12-20 16:00:00,56.92,64.44,125.21,60.52,75.94424524284572,66.39711850665914,63.20842
2018-12-20 16:15:00,60.08,60.26,133.56,88.92,78.81269992264241,64.34483117422698,62.57463
2018-12-20 16:30:00,58.68,58.9,81.65,105.37,73.54636430070634,63.46102441933251,62.878105
2018-12-20 16:45:00,57.56,60.59,62.68,102.89,71.41380903121117,63.04114661059222,62.673325
2018-12-20 17:00:00,46.51,56.92,125.5,77.83,70.29026089222612,60.97044748393223,54.553185
2018-12-20 17:15:00,58.07,60.08,68.0,67.18,54.02715337535214,61.83672987292959,57.14
2018-12-20 17:30:00,41.22,58.68,40.5,70.13,50.24187815143526,59.29492070173313,56.56273
2018-12-20 17:45:00,41.51,57.56,31.68,31.72,32.63012071661505,33.42503351460099,33.074005
2018-12-20 18:00:00,24.8,46.51,26.82,31.5,28.476512209615493,31.876842769457763,30.663383
2018-12-20 18:15:00,5.44,58.07,5.98,54.79,34.32001193309476,37.28909716489857,37.10499
2018-12-20 18:30:00,5.18,41.22,5.47,77.04,36.253924354826225,41.99334724910356,43.416542
2018-12-20 18:45:00,5.29,41.51,5.54,79.63,36.78913432212928,41.31493167590248,44.474144
2018-12-20 19:00:00,5.29,24.8,5.44,80.46,34.73068299415645,19.0799435885291,26.974825
2018-12-20 19:15:00,5.29,5.44,5.47,71.89,28.765911453610233,5.062295406889134,13.4495125
2018-12-20 19:30:00,4.18,5.18,5.47,78.52,29.803317277793195,4.891870304853338,7.1820946
2018-12-20 19:45:00,4.07,5.29,5.4,52.31,18.767610180469568,5.169251876627902,10.885563
2018-12-20 20:00:00,4.1,5.29,5.33,61.16,17.410082067711002,11.297836377762712,6.551053
2018-12-20 20:15:00,4.07,5.29,5.36,61.6,15.877235842639385,4.144505953551616,6.165784
2018-12-20 20:30:00,4.18,4.18,5.33,49.68,12.130922888020987,3.9308661977244244,3.9086075
2018-12-20 20:45:00,4.1,4.07,5.44,41.54,10.016158459826247,4.074338079856645,4.539284
2018-12-20 21:00:00,4.1,4.1,5.4,20.16,4.756129521475611,3.9797840050385087,4.290307
2018-12-20 21:15:00,4.14,4.07,5.4,6.16,-2.2640433379058926,4.029061600584341,4.48503
2018-12-20 21:30:00,4.14,4.18,5.04,5.69,-2.5117446847948024,4.026497459888103,4.4656143
2018-12-20 21:45:00,4.21,4.1,4.25,5.69,-2.6450304321481717,4.016120804392392,4.434663
2018-12-20 22:00:00,4.18,4.1,4.39,5.65,-1.3421263587837977,4.007753176807819,4.3891554
2018-12-20 22:15:00,3.85,4.14,4.03,5.47,-1.4267680782331347,3.982798722014953,4.3237395
2018-12-20 22:30:00,3.85,4.14,4.03,5.4,-1.3405693488003152,3.984488727882011,3.9899688
2018-12-20 22:45:00,4.64,4.21,3.96,5.36,-1.316499745117099,3.981935685059246,3.9490962
2018-12-20 23:00:00,5.04,4.18,4.07,5.36,0.070547611017453,3.983457038889141,4.013482
2018-12-20 23:15:00,4.07,3.85,4.03,5.26,-0.035160616511117126,3.8400627042774014,3.7784107
2018-12-20 23:30:00,3.82,3.85,3.92,5.22,-0.10214874529822282,3.7652377826229637,3.7165742
2018-12-20 23:45:00,3.85,4.64,3.96,5.18,0.277426396623639,4.03680561468554,4.3475513
2018-12-21 00:00:00,3.92,5.04,3.89,4.1,4.459105908097868,10.101076012441773,4.008651
2018-12-21 00:15:00,3.89,4.07,4.03,5.33,4.569647867256496,3.869348890959087,3.7177815
2018-12-21 00:30:00,3.85,3.82,4.03,5.29,4.4600624395197315,3.8237140293158958,3.7024784
2018-12-21 00:45:00,3.89,3.85,4.0,5.26,4.5347677636502475,3.80607788457366,3.7829676
2018-12-21 01:00:00,3.89,3.92,4.0,5.29,5.68563539076241,3.7652661137040777,3.914408
2018-12-21 01:15:00,3.96,3.89,4.0,5.26,5.583333056584138,3.736890768029963,3.9849796
2018-12-21 01:30:00,3.89,3.85,4.1,5.36,5.599177698970301,3.7243649249208755,3.9609284
2018-12-21 01:45:00,3.89,3.89,4.0,5.33,5.580674884609259,3.737908822629944,3.973898
2018-12-21 02:00:00,3.89,3.89,4.07,4.79,6.672955370780077,3.730506723127299,4.0078697
2018-12-21 02:15:00,3.92,3.96,4.43,4.14,6.663158312093376,3.7716623778809217,3.890329
2018-12-21 02:30:00,3.92,3.89,5.18,4.18,6.763683669400795,3.7592124214556075,3.8812232
2018-12-21 02:45:00,3.92,3.89,4.1,4.21,6.392657954032984,3.7301159650181783,4.0004787
2018-12-21 03:00:00,3.96,3.89,4.0,4.18,7.5128251476361925,3.7262954062798417,3.8880448
2018-12-21 03:15:00,4.79,3.92,4.1,4.25,7.50602236855304,3.7581931352977107,3.8816173
2018-12-21 03:30:00,4.5,3.92,4.03,4.18,7.408816972347786,3.753851474978777,3.7277277
2018-12-21 03:45:00,3.24,3.92,4.1,4.14,7.113080877656458,3.7243842449012283,3.7024322
2018-12-21 04:00:00,3.28,3.96,3.31,4.28,8.131594470572843,3.7149166626579215,3.657185
2018-12-21 04:15:00,3.24,4.79,3.35,4.18,8.335814525323006,3.9326376774556837,4.3080454
2018-12-21 04:30:00,3.24,4.5,3.46,4.18,7.983677772237982,3.958170829406387,3.551361
2018-12-21 04:45:00,3.28,3.24,3.38,4.1,7.411182973202042,3.5391592693714156,3.288005
2018-12-21 05:00:00,3.28,3.28,3.35,4.46,8.577341977220428,3.361046259306279,3.2757437
2018-12-21 05:15:00,3.28,3.24,3.35,5.4,8.528540032363509,3.3417668248712094,3.2140315
2018-12-21 05:30:00,3.2,3.24,3.38,4.5,7.65845153290266,3.423698811137842,3.313964
2018-12-21 05:45:00,3.24,3.28,3.38,4.18,7.102537319656722,3.4421162034083554,3.419313
2018-12-21 06:00:00,3.2,3.28,3.92,4.14,8.039807197029642,3.4397512215700967,3.461225
2018-12-21 06:15:00,3.67,3.28,3.67,4.14,7.559228754942168,3.4400242515492097,3.3742523
2018-12-21 06:30:00,3.96,3.2,3.35,3.49,6.944382790921548,3.4046995850408854,3.352355
2018-12-21 06:45:00,3.92,3.24,4.0,3.42,6.502428949970323,3.4152404090181223,3.4037569
2018-12-21 07:00:00,3.89,3.2,4.03,3.35,7.393698398671347,3.3978543161779404,3.4506571
2018-12-21 07:15:00,3.67,3.67,3.96,3.35,7.067450285492775,3.3099340483182633,3.1265535
2018-12-21 07:30:00,3.17,3.96,4.18,4.25,6.901452289262984,3.711606288090871,3.7821343
2018-12-21 07:45:00,5.44,3.92,4.79,6.52,7.277900929893978,5.540433321114912,4.625229
2018-12-21 08:00:00,6.77,3.89,5.87,7.38,8.427491812997058,7.935907953790506,5.692432
2018-12-21 08:15:00,28.8,3.67,39.49,36.22,27.157378663158628,38.359200612163356,34.87739
2018-12-21 08:30:00,54.22,3.17,79.85,94.18,52.92783732414878,65.03993915005886,52.84494
2018-12-21 08:45:00,56.41,5.44,66.96,97.88,50.87017458780906,69.77003320587497,67.68448
2018-12-21 09:00:00,56.74,6.77,63.14,134.5,62.767780639853825,70.25054003072981,70.67122
2018-12-21 09:15:00,43.78,28.8,64.12,93.67,62.126473137174756,69.81629201687119,61.511097
2018-12-21 09:30:00,47.52,54.22,64.37,109.26,78.12159165466949,60.56407791304111,63.47509
2018-12-21 09:45:00,56.2,56.41,83.16,128.34,86.01960314499186,60.142207199432015,63.094574
2018-12-21 10:00:00,51.59,56.74,71.14,81.47,67.26827714982392,59.19935375354008,57.87571
2018-12-21 10:15:00,66.64,43.78,58.72,109.69,65.04720134875268,55.55160754026414,55.30867
2018-12-21 10:30:00,53.14,47.52,68.72,120.67,73.06599600208658,56.386269677856156,55.90132
2018-12-21 10:45:00,58.54,56.2,75.53,92.81,68.30693950897536,58.95116925123366,58.216965
2018-12-21 11:00:00,73.12,51.59,77.51,91.58,68.94712571648274,56.35257568552896,55.849564
2018-12-21 11:15:00,67.79,66.64,64.4,104.9,78.72714581335795,61.634877193662966,60.543243
2018-12-21 11:30:00,65.59,53.14,63.0,124.2,75.24402648382213,58.723132826998445,59.809456
2018-12-21 11:45:00,57.85,58.54,71.46,88.85,69.1271594056083,60.897197462218855,62.54035
2018-12-21 12:00:00,58.9,73.12,71.06,132.01,85.20882020690874,66.36568282797415,64.0146
2018-12-21 12:15:00,7.42,67.79,16.96,13.61,32.531815807852304,10.082333586913718,8.704849
2018-12-21 12:30:00,8.35,65.59,7.67,9.86,25.410988862170022,8.040940169187916,7.238655
2018-12-21 12:45:00,7.67,57.85,7.49,9.61,22.711928162667697,8.259658461742825,7.125795
2018-12-21 13:00:00,7.2,58.9,6.66,9.43,24.19865228867933,7.7790528985847125,7.2158427
2018-12-21 13:15:00,39.74,7.42,42.7,86.98,50.85646280561045,49.37408827265872,45.660492
2018-12-21 13:30:00,58.03,8.35,63.07,74.66,58.3058121661071,56.99269792836293,62.94832
2018-12-21 13:45:00,63.97,7.67,71.5,116.42,65.2944154869289,57.7748022559437,62.594795
2018-12-21 14:00:00,56.34,7.2,76.9,107.57,54.57220891846892,69.84065881577683,59.68934
2018-12-21 14:15:00,69.62,39.74,63.5,103.82,67.85511177019517,57.746643070364506,57.531986
2018-12-21 14:30:00,60.34,58.03,78.41,114.73,82.40779225176787,59.943936217591826,57.746307
2018-12-21 14:45:00,57.74,63.97,73.4,84.74,72.69588284433692,62.62979562968828,60.992676
2018-12-21 15:00:00,68.04,56.34,64.44,109.4,69.65503657906635,59.28183520454014,57.9744
2018-12-21 15:15:00,67.68,69.62,60.26,125.21,78.16810965103471,63.83481784640192,63.170677
2018-12-21 15:30:00,58.32,60.34,58.9,89.35,65.0391220175491,62.53334464773324,60.861084
2018-12-21 15:45:00,65.48,57.74,60.59,122.26,75.4682651928584,61.412738133193066,60.27128
2018-12-21 16:00:00,63.0,68.04,56.92,114.66,76.89628516073374,63.60266939634131,63.424973
2018-12-21 16:15:00,69.73,67.68,60.08,96.8,73.18167281602923,63.70645397111951,63.461784
2018-12-21 16:30:00,59.69,58.32,58.68,118.12,69.74736396162412,62.15641984864973,62.466637
2018-12-21 16:45:00,63.32,65.48,57.56,133.2,76.7201249833877,63.65727358207044,61.7695
2018-12-21 17:00:00,62.32,63.0,46.51,102.64,68.78625481179614,63.18171353658747,56.53176
2018-12-21 17:15:00,52.78,69.73,58.07,63.94,58.97406747760797,63.61812471339929,59.69686
2018-12-21 17:30:00,45.86,59.69,41.22,62.64,51.77346598580331,58.88171675403864,54.94818
2018-12-21 17:45:00,30.78,63.32,41.51,37.94,40.88836900444851,38.43429870416055,37.4001
2018-12-21 18:00:00,8.21,62.32,24.8,32.62,32.57486607311679,31.708060681580797,32.063225
2018-12-21 18:15:00,5.51,52.78,5.44,29.63,24.291223881738464,33.44248438147785,17.977425
2018-12-21 18:30:00,5.4,45.86,5.18,26.57,21.195247761700028,32.41454265740808,17.40334
2018-12-21 18:45:00,5.62,30.78,5.29,26.35,18.946884668879793,26.387602014023436,19.779655
2018-12-21 19:00:00,5.54,8.21,5.29,26.32,16.195598451579663,11.719566001074789,11.809807
2018-12-21 19:15:00,5.54,5.51,5.29,26.39,14.65372026612988,4.667388276486631,8.458009
2018-12-21 19:30:00,5.51,5.4,4.18,26.64,11.179702536930495,4.590446903485377,8.753335
2018-12-21 19:45:00,5.47,5.62,4.07,28.44,5.914889447372154,4.6253154837323756,9.691726
2018-12-21 20:00:00,5.54,5.54,4.1,30.46,5.414377077595997,4.544530822986943,7.9806056
2018-12-21 20:15:00,5.47,5.54,4.07,29.88,4.933824790234851,4.532521158328798,7.891512
2018-12-21 20:30:00,5.44,5.51,4.18,30.06,4.881179056644122,4.593172841999086,7.7619524
2018-12-21 20:45:00,5.47,5.47,4.1,31.93,5.416498290231125,4.635588084239397,8.844635
2018-12-21 21:00:00,5.44,5.54,4.1,28.66,5.6363031184739825,4.634406701853667,6.8895025
2018-12-21 21:15:00,5.54,5.47,4.14,5.76,-1.603886885304025,4.608594033593796,6.009091
2018-12-21 21:30:00,5.4,5.44,4.14,5.8,-1.6364209832834469,4.586885259691155,5.0891275
2018-12-21 21:45:00,5.44,5.47,4.21,5.72,-1.6582885281698587,4.587413176080688,5.1433067
2018-12-21 22:00:00,5.44,5.44,4.18,5.69,-0.3876854149718767,4.620370002430113,5.1850495
2018-12-21 22:15:00,5.18,5.54,3.85,5.4,-0.46550418014362904,4.566350577816704,5.1735287
2018-12-21 22:30:00,5.26,5.4,3.85,5.33,-0.3776916197008582,4.557088638452707,4.401152
2018-12-21 22:45:00,5.15,5.44,4.64,5.33,-0.23463132039834633,4.550886357477259,4.537869
2018-12-21 23:00:00,5.15,5.44,5.04,5.33,1.2117525807715523,4.562891668705165,4.267518
2018-12-21 23:15:00,5.11,5.18,4.07,4.86,0.8868366272753327,4.491480144314512,4.5964427
2018-12-21 23:30:00,4.57,5.26,3.82,4.03,0.6455851522484402,4.484936842973109,4.242447
2018-12-21 23:45:00,4.0,5.15,3.85,4.03,0.6805136761858321,4.478698889528932,4.2642307
2018-12-22 00:00:00,3.31,5.15,3.92,3.28,-1.5132272529962876,9.997232750140832,4.8226023
2018-12-22 00:15:00,4.0,5.11,3.89,4.14,-1.2670604447764298,4.639016786913933,4.5120826
2018-12-22 00:30:00,4.0,4.57,3.85,4.1,-1.367645087610775,4.307098011973164,4.241376
2018-12-22 00:45:00,4.0,4.0,3.89,4.07,-1.4376914794252862,4.015522799791741,3.6318934
2018-12-22 01:00:00,4.1,3.31,3.89,4.14,-0.2630987954631223,3.8153946353436563,3.5776544
2018-12-22 01:15:00,3.96,4.0,3.96,4.14,-0.12945688173016734,3.6881428383101094,3.8181987
2018-12-22 01:30:00,4.03,4.0,3.89,4.14,-0.23577667024013138,3.6797499355630134,3.6436436
2018-12-22 01:45:00,4.03,4.0,3.89,4.14,-0.2878608184002651,3.675999353166559,3.6304967
2018-12-22 02:00:00,3.96,4.1,3.89,4.1,0.7896944269356929,3.697648976670313,4.47194
2018-12-22 02:15:00,4.07,3.96,3.92,4.1,0.9114859354363638,3.778907577187446,3.8959625
2018-12-22 02:30:00,4.07,4.03,3.92,4.21,0.9856362138666235,3.845332956788468,3.8357546
2018-12-22 02:45:00,3.67,4.03,3.92,4.1,0.6971819357129796,3.8372724262373072,3.933916
2018-12-22 03:00:00,3.31,3.96,3.96,4.18,1.8347147779125095,3.7615789141698714,3.7784297
2018-12-22 03:15:00,3.82,4.07,4.79,4.82,2.086336298323463,3.846866807296186,3.9421034
2018-12-22 03:30:00,4.07,4.07,4.5,5.26,2.0260427351070014,3.8600106782299712,3.9914045
2018-12-22 03:45:00,3.42,3.67,3.24,4.18,1.293178798083133,3.60845042963656,3.4319859
2018-12-22 04:00:00,3.38,3.31,3.28,4.14,2.2846127550298654,3.3397341017799773,3.3930562
2018-12-22 04:15:00,3.31,3.82,3.24,4.14,2.217864958344748,3.5932272130361222,3.5111353
2018-12-22 04:30:00,3.38,4.07,3.24,3.82,1.9882549588508915,3.641449441757486,3.5103612
2018-12-22 04:45:00,3.35,3.42,3.28,3.46,1.5489699498448246,3.3390049213537507,3.2606215
2018-12-22 05:00:00,3.38,3.38,3.28,3.49,2.498979779452849,3.3175835795626933,3.250619
2018-12-22 05:15:00,3.42,3.31,3.28,3.42,2.2229685445214393,3.2949132791503564,3.189234
2018-12-22 05:30:00,3.96,3.38,3.2,3.42,1.7792489135851426,3.4261123645897897,3.3362215
2018-12-22 05:45:00,4.07,3.35,3.24,3.42,1.3405362486455594,3.4255101772415437,3.333638
2018-12-22 06:00:00,4.07,3.38,3.2,3.38,2.2031369366619487,3.428221287563142,3.3283641
2018-12-22 06:15:00,4.0,3.42,3.67,3.46,1.8364847221909208,3.4378314379373007,3.300967
2018-12-22 06:30:00,3.38,3.96,3.96,3.42,1.8196607005942802,3.4364914330279808,3.296628
2018-12-22 06:45:00,3.35,4.07,3.92,3.49,1.3449909272475793,3.461070889116034,3.3668272
2018-12-22 07:00:00,3.35,4.07,3.89,4.57,2.383457757131225,3.5062316887084997,3.4308708
2018-12-22 07:15:00,3.31,4.0,3.67,4.43,1.6491562454000004,3.7401870478814603,3.6615028
2018-12-22 07:30:00,3.85,3.38,3.17,4.1,1.020115273714783,3.451718847569363,3.3922713
2018-12-22 07:45:00,4.03,3.35,5.44,4.07,1.2063580091966806,4.237054699667886,3.637312
2018-12-22 08:00:00,3.35,3.35,6.77,3.64,2.291459389977881,4.43866131306288,3.694006
2018-12-22 08:15:00,3.31,3.31,28.8,3.35,14.465625834192412,27.16454046595058,16.925581
2018-12-22 08:30:00,3.24,3.85,54.22,3.35,27.613650261001283,30.577373331923408,22.729002
2018-12-22 08:45:00,3.38,4.03,56.41,3.38,25.46396162507861,30.110135126606462,24.351284
2018-12-22 09:00:00,3.82,3.35,56.74,3.49,26.917048642113016,29.98308591038956,22.261406
2018-12-22 09:15:00,4.28,3.31,43.78,3.56,24.32584240483221,6.197393052944235,9.289145
2018-12-22 09:30:00,4.28,3.24,47.52,3.38,24.28215488627521,4.247875034542461,7.8117995
2018-12-22 09:45:00,4.32,3.38,56.2,3.42,25.750463103207906,4.108837433312372,8.518563
2018-12-22 10:00:00,4.21,3.82,51.59,3.35,23.93558220733562,4.205141308572502,6.0172887
2018-12-22 10:15:00,3.6,4.28,66.64,3.35,24.707131027182573,4.3032091860244694,7.430343
2018-12-22 10:30:00,3.6,4.28,53.14,3.35,23.478072596571693,4.3763935470331115,6.292214
2018-12-22 10:45:00,3.6,4.32,58.54,4.97,22.56918004991942,5.482938265126275,3.787429
2018-12-22 11:00:00,3.6,4.21,73.12,5.36,28.13488656864853,5.65498671741479,4.3986497
2018-12-22 11:15:00,3.6,3.6,67.79,4.28,31.320787358239325,5.4187964576734835,6.068079
2018-12-22 11:30:00,3.6,3.6,65.59,4.18,25.838479559579223,4.16334431080538,4.3385572
2018-12-22 11:45:00,3.6,3.6,57.85,3.35,24.78785458035292,4.281727941772755,5.67778
2018-12-22 12:00:00,3.6,3.6,58.9,3.38,24.29087108495217,4.394917522704945,4.1670647
2018-12-22 12:15:00,3.71,3.6,7.42,3.42,-3.142197693273687,3.8801363276652916,4.3373675
2018-12-22 12:30:00,4.39,3.6,8.35,3.42,-5.237890206444991,3.858023046909935,3.772366
2018-12-22 12:45:00,4.1,3.6,7.67,3.42,-6.1606154927226875,3.856786683273571,3.7894294
2018-12-22 13:00:00,3.71,3.6,7.2,3.38,-5.642351326432678,3.8545390809343902,4.3611603
2018-12-22 13:15:00,4.28,3.71,39.74,3.31,10.942853123187188,3.958613928388379,5.1834097
2018-12-22 13:30:00,4.25,4.39,58.03,3.35,22.70080611898134,4.168130678697801,5.967408
2018-12-22 13:45:00,4.25,4.1,63.97,3.38,20.361227424950123,4.5145013874853595,6.1643634
2018-12-22 14:00:00,4.21,3.71,56.34,3.31,20.49734258499307,4.0628988479550285,8.969209
2018-12-22 14:15:00,3.67,4.28,69.62,3.82,27.46828674746708,5.445953765192846,7.742763
2018-12-22 14:30:00,3.46,4.25,60.34,4.1,26.32370945960525,4.859830708280808,4.692765
2018-12-22 14:45:00,3.49,4.25,57.74,4.07,22.40001773031143,5.694923989651063,3.928801
2018-12-22 15:00:00,3.53,4.21,68.04,4.21,25.722221864610958,5.881196976855514,5.7792363
2018-12-22 15:15:00,3.56,3.67,67.68,3.74,24.8365916159317,5.229883078998446,4.8370357
2018-12-22 15:30:00,3.53,3.46,58.32,3.74,21.85905767007447,4.183519027494348,4.1976027
2018-12-22 15:45:00,3.56,3.49,65.48,3.96,24.680946138424463,4.3332066700705285,4.13923
2018-12-22 16:00:00,3.56,3.53,63.0,3.28,25.836037597208232,5.430379129038993,6.705496
2018-12-22 16:15:00,3.49,3.56,69.73,3.35,26.919324894657027,5.855894560280299,6.5176525
2018-12-22 16:30:00,3.53,3.53,59.69,3.28,18.850734911209734,3.878220035326826,4.2610087
2018-12-22 16:45:00,3.56,3.56,63.32,3.24,18.701208688358214,3.670750874063054,4.051028
2018-12-22 17:00:00,4.68,3.56,62.32,3.28,21.870359507262805,3.728364634548291,4.6963797
2018-12-22 17:15:00,5.44,3.49,52.78,3.28,14.872482676612806,3.525566232380707,4.253254
2018-12-22 17:30:00,4.46,3.53,45.86,3.35,12.273064149666522,3.590242223117814,3.5774324
2018-12-22 17:45:00,4.28,3.56,30.78,4.18,2.475440781243588,3.6747628963418695,3.4586456
2018-12-22 18:00:00,4.07,4.68,8.21,4.1,-5.295805329507221,3.6028804208711334,3.569998
2018-12-22 18:15:00,3.6,5.44,5.51,4.1,-10.403031014989917,4.063700318887666,5.472409
2018-12-22 18:30:00,3.67,4.46,5.4,4.1,-12.393553338249081,3.8911142679820636,4.487463
2018-12-22 18:45:00,3.67,4.28,5.62,4.03,-12.337738258762354,3.8545436321096727,4.1187987
2018-12-22 19:00:00,3.71,4.07,5.54,4.28,-11.173253991967268,4.05982292846041,4.195343
2018-12-22 19:15:00,3.74,3.6,5.54,3.49,-11.567978603797517,3.7266298796907815,4.5223875
2018-12-22 19:30:00,3.71,3.67,5.51,3.38,-11.82218898805134,3.632419591421127,3.846185
2018-12-22 19:45:00,3.74,3.67,5.47,3.35,-12.065137426429299,3.612819977690152,3.6958592
2018-12-22 20:00:00,3.67,3.71,5.54,3.38,-10.954327769763854,3.666033305399025,3.8435228
2018-12-22 20:15:00,3.67,3.74,5.47,3.46,-11.081704318579217,3.6254376492119165,3.854808
2018-12-22 20:30:00,3.67,3.71,5.44,3.42,-11.242403786259235,3.6321747665648014,3.8360574
2018-12-22 20:45:00,3.67,3.74,5.47,3.35,-11.282899234924447,3.6325651147995246,3.8553405
2018-12-22 21:00:00,4.18,3.67,5.44,3.38,-10.061990457754636,3.640747667991477,3.8279436
2018-12-22 21:15:00,4.61,3.67,5.54,3.96,-9.989781358912094,3.657248405645825,3.9698489
2018-12-22 21:30:00,5.51,3.67,5.4,4.28,-10.023775562188224,3.6522441234063034,3.950648
2018-12-22 21:45:00,4.43,3.67,5.44,4.25,-10.067968294745587,3.6599307107319987,3.9765542
2018-12-22 22:00:00,4.1,4.18,5.44,4.18,-8.518239006510907,3.577837733593834,3.7669313
2018-12-22 22:15:00,3.46,4.61,5.18,3.74,-8.430741791230933,3.6921454383084757,4.2684417
2018-12-22 22:30:00,3.38,5.51,5.26,3.31,-7.917512788641023,4.083349906159389,3.6348772
2018-12-22 22:45:00,3.42,4.43,5.15,4.07,-8.229795520299977,3.9135358617131626,3.4045289
2018-12-22 23:00:00,3.38,4.1,5.15,3.56,-6.97122319875599,3.9066533622706325,3.458814
2018-12-22 23:15:00,3.35,3.46,5.11,3.17,-7.125342621581911,3.6200657905631366,3.357968
2018-12-22 23:30:00,3.31,3.38,4.57,3.24,-7.343313368812627,3.273712064992527,3.755125
2018-12-22 23:45:00,3.31,3.42,4.0,3.2,-7.53105734309543,3.318397643890482,3.0796933
2018-12-23 00:00:00,3.78,3.38,3.31,4.21,-5.700785917001671,3.569104436579601,3.3719723
2018-12-23 00:15:00,3.31,3.35,4.0,3.24,-5.706594146573419,3.4979371834899364,3.204691
2018-12-23 00:30:00,3.35,3.31,4.0,3.28,-5.739992857722267,3.4528609553877216,3.2083814
2018-12-23 00:45:00,3.42,3.31,4.0,3.28,-5.7479473870114255,3.4585932922206037,3.2309694
2018-12-23 01:00:00,4.93,3.78,4.1,3.85,-4.158629920234279,3.382067800253551,3.0986495
2018-12-23 01:15:00,4.93,3.31,3.96,4.18,-4.252689603888374,3.382133046028099,3.150887
2018-12-23 01:30:00,4.14,3.35,4.03,4.07,-4.241171769556377,3.3862176380668223,3.1138103
2018-12-23 01:45:00,4.07,3.42,4.03,4.07,-4.235258892491064,3.3941121256487654,3.1761334
2018-12-23 02:00:00,3.49,4.93,3.96,3.92,-2.266495764316879,3.6477731430880005,4.291443
2018-12-23 02:15:00,3.46,4.93,4.07,3.28,-2.2474642601051364,3.8493491362466745,3.8345244
2018-12-23 02:30:00,3.49,4.14,4.07,3.42,-2.5045646196951665,3.781458631901121,3.552223
2018-12-23 02:45:00,3.42,4.07,3.67,3.53,-2.954450324079101,3.8106394466463938,3.543013
2018-12-23 03:00:00,3.42,3.49,3.31,4.14,-1.7195493279265115,3.590706422521799,3.2677748
2018-12-23 03:15:00,3.46,3.46,3.82,3.56,-1.9509167689151532,3.3997551408811875,3.2430432
2018-12-23 03:30:00,3.42,3.49,4.07,3.35,-2.17391216849893,3.3272931556681926,3.1734614
2018-12-23 03:45:00,3.53,3.42,3.42,3.38,-2.6512715394876984,3.444656299165867,3.280568
2018-12-23 04:00:00,3.46,3.42,3.38,3.42,-1.7084058769855837,3.433048133256252,3.2773552
2018-12-23 04:15:00,3.42,3.46,3.31,3.42,-1.9242877215976613,3.43424699421079,3.2755632
2018-12-23 04:30:00,3.6,3.42,3.38,3.42,-2.12989098185286,3.432474173002059,3.2678995
2018-12-23 04:45:00,4.14,3.53,3.35,3.38,-2.2311513487168213,3.429015213264174,3.309515
2018-12-23 05:00:00,5.18,3.46,3.38,4.07,-1.1464485431416875,3.4686105360466066,3.4701958
2018-12-23 05:15:00,4.64,3.42,3.42,4.14,-1.4347683820011419,3.457695317116254,3.4593053
2018-12-23 05:30:00,4.1,3.6,3.96,4.07,-1.6365787736948434,3.48019912478459,3.426865
2018-12-23 05:45:00,3.49,4.14,4.07,4.07,-1.7109633218192855,3.5063775181206083,3.3570309
2018-12-23 06:00:00,3.38,5.18,4.07,3.53,-0.40304974461994547,3.752053524329794,4.380005
2018-12-23 06:15:00,3.35,4.64,4.0,3.31,-1.1356628956873713,3.9373176601101143,4.34536
2018-12-23 06:30:00,3.46,4.1,3.38,3.35,-1.8054917418385337,3.7950939446274243,3.2466223
2018-12-23 06:45:00,3.38,3.49,3.35,3.64,-2.3306119409266053,3.712824793667751,3.300451
2018-12-23 07:00:00,3.38,3.38,3.35,4.07,-1.429115672835767,3.374757283712511,3.2510061
2018-12-23 07:15:00,3.38,3.35,3.31,3.38,-2.2469816058827483,3.283557166334676,3.2544463
2018-12-23 07:30:00,3.38,3.46,3.85,3.28,-2.75880323603716,3.4650246709162515,3.5006545
2018-12-23 07:45:00,3.42,3.38,4.03,3.89,-2.821298942401185,3.727122104580064,4.272239
2018-12-23 08:00:00,3.49,3.38,3.35,3.96,-1.848838533824079,3.831330032910198,3.8198538
2018-12-23 08:15:00,4.07,3.38,3.31,39.35,13.980319514556962,10.791722858960973,4.9041314
2018-12-23 08:30:00,4.97,3.38,3.24,63.54,28.119812771824893,17.08128477010205,8.086841
2018-12-23 08:45:00,4.82,3.42,3.38,65.02,25.614113305488033,16.759505717136648,8.746239
2018-12-23 09:00:00,4.28,3.49,3.82,63.79,27.000501356907634,17.280799722423033,9.137098
2018-12-23 09:15:00,3.92,4.07,4.28,61.7,26.050063117547047,3.859204527092362,8.518264
2018-12-23 09:30:00,3.71,4.97,4.28,64.8,26.66252923535067,16.94818693204896,10.157206
2018-12-23 09:45:00,3.64,4.82,4.32,51.16,25.225557496161382,15.12590581757189,8.243898
2018-12-23 10:00:00,3.64,4.28,4.21,55.01,23.986612193337677,6.282982070054702,8.222664
2018-12-23 10:15:00,3.67,3.92,3.6,61.81,23.4561886335878,6.168160041551014,6.7320867
2018-12-23 10:30:00,3.71,3.71,3.6,72.18,25.868547581862497,6.42127738228606,7.1939273
2018-12-23 10:45:00,3.71,3.64,3.6,54.86,21.53421594124064,4.486016222717336,5.883761
2018-12-23 11:00:00,3.74,3.64,3.6,66.78,27.194264735304078,3.8328946191537967,3.929199
2018-12-23 11:15:00,3.78,3.67,3.6,69.95,31.40598765469569,3.989666308142546,6.0280952
2018-12-23 11:30:00,3.71,3.71,3.6,53.35,23.546303823696853,3.9480864323675813,4.8207817
2018-12-23 11:45:00,3.74,3.71,3.6,55.51,24.135625209648808,3.962630444021331,4.6825624
2018-12-23 12:00:00,3.96,3.74,3.6,11.81,16.628936580019186,3.7425940092387107,4.698346
2018-12-23 12:15:00,4.86,3.78,3.71,5.65,-6.058530167036917,3.7348402655220516,4.26726
2018-12-23 12:30:00,5.54,3.71,4.39,5.54,-8.366879490171218,3.7048703375338166,4.2309856
2018-12-23 12:45:00,4.54,3.74,4.1,5.44,-9.150381279399443,3.7306328794821653,4.215826
2018-12-23 13:00:00,4.36,3.96,3.71,5.33,-8.421498870571366,3.726311952487105,4.2204633
2018-12-23 13:15:00,3.67,4.86,4.28,36.47,10.102658803146031,8.233099149201513,8.033211
2018-12-23 13:30:00,3.67,5.54,4.25,63.72,24.259983317392123,14.701814284497077,8.733679
2018-12-23 13:45:00,3.67,4.54,4.25,64.8,21.176467532621132,15.327116909561973,8.022142
2018-12-23 14:00:00,3.67,4.36,4.21,61.85,21.95358078422033,6.90462442001644,10.856165
2018-12-23 14:15:00,3.71,3.67,3.67,57.89,26.142645053785756,14.772614440297769,8.678635
2018-12-23 14:30:00,3.67,3.67,3.46,54.36,25.83807604851278,7.3986939160524345,10.86152
2018-12-23 14:45:00,3.67,3.67,3.49,47.38,21.053683999144546,4.38362580409904,7.0998425
2018-12-23 15:00:00,3.67,3.67,3.53,43.49,22.33659080492413,4.05760268018213,5.518319
2018-12-23 15:15:00,3.64,3.71,3.56,45.4,21.905909776358655,4.037650162970482,6.8256893
2018-12-23 15:30:00,3.67,3.67,3.53,60.55,22.640157554278883,4.010265986374477,4.665071
2018-12-23 15:45:00,3.74,3.67,3.56,48.42,22.72740433252343,4.044322554817066,6.201586
2018-12-23 16:00:00,4.36,3.67,3.56,63.22,26.83474002474741,4.056994810926828,7.337792
2018-12-23 16:15:00,4.36,3.64,3.49,62.64,27.23982361707413,4.055370770990301,6.432679
2018-12-23 16:30:00,5.0,3.67,3.53,66.02,21.143752557820182,3.9749759610701587,4.1131034
2018-12-23 16:45:00,5.33,3.74,3.56,35.42,15.830231314640685,3.972769281690734,4.8518915
2018-12-23 17:00:00,3.6,4.36,4.68,9.11,15.287207739157399,3.7713852751194836,4.059382
2018-12-23 17:15:00,3.56,4.36,5.44,8.06,9.648235987579145,3.7127880393639376,3.484393
2018-12-23 17:30:00,3.6,5.0,4.46,7.74,7.979937718652518,4.155238661612635,3.878741
2018-12-23 17:45:00,3.67,5.33,4.28,7.85,0.3237911099132731,4.253481136102322,3.3900745
2018-12-23 18:00:00,3.49,3.6,4.07,6.73,-5.993652563211622,3.8413299120882782,4.040447
2018-12-23 18:15:00,3.49,3.56,3.6,5.22,-11.622686142074155,3.8059797167262004,4.314507
2018-12-23 18:30:00,3.49,3.6,3.67,5.69,-13.199808826228352,3.684760164382051,4.593555
2018-12-23 18:45:00,3.64,3.67,3.67,5.72,-13.725698530398372,3.712001452181326,4.380831
2018-12-23 19:00:00,3.64,3.49,3.71,5.69,-12.890350033977814,3.571203345559756,4.3682575
2018-12-23 19:15:00,4.03,3.49,3.74,5.72,-13.049575697056998,3.538893972628214,4.3112016
2018-12-23 19:30:00,4.25,3.49,3.71,5.44,-13.27562129756129,3.5365352549139706,4.292738
2018-12-23 19:45:00,4.28,3.64,3.74,4.46,-13.561630103945074,3.6287206423445446,4.30396
2018-12-23 20:00:00,4.25,3.64,3.67,4.5,-12.392244890574073,3.570902675434758,4.43371
2018-12-23 20:15:00,4.0,4.03,3.67,4.46,-12.30749187330505,3.504631911668741,4.200465
2018-12-23 20:30:00,3.49,4.25,3.67,4.5,-12.350088737451305,3.542734190493376,4.334219
2018-12-23 20:45:00,4.21,4.28,3.67,4.54,-12.369108580341742,3.677727414391117,4.403916
2018-12-23 21:00:00,4.14,4.25,4.18,4.46,-11.200462078921571,3.8512766671785617,4.3556676
2018-12-23 21:15:00,3.49,4.0,4.61,4.5,-11.189227097210964,3.940624354555073,4.2602663
2018-12-23 21:30:00,3.42,3.49,5.51,4.5,-11.09677740062546,3.4687947752854327,3.9288845
2018-12-23 21:45:00,3.46,4.21,4.43,4.57,-11.093569875431367,3.7886339058585636,4.12444
2018-12-23 22:00:00,3.53,4.14,4.1,4.57,-9.863441426301979,3.7512714077551936,4.022074
2018-12-23 22:15:00,3.2,3.49,3.46,4.25,-10.192918423789546,3.419236547053415,3.6919346
2018-12-23 22:30:00,3.2,3.42,3.38,4.25,-10.107157034082771,3.407602020783686,3.2260847
2018-12-23 22:45:00,3.2,3.46,3.42,4.18,-10.011067859234299,3.411141297090574,3.3152256
2018-12-23 23:00:00,3.96,3.53,3.38,5.44,-8.53270054575204,3.6365310301583493,3.5919297
2018-12-23 23:15:00,4.0,3.2,3.35,4.82,-8.957618491247775,3.416171597050938,3.006238
2018-12-23 23:30:00,4.0,3.2,3.31,4.14,-9.126936749543301,3.3588863608330555,3.0347958
2018-12-23 23:45:00,4.0,3.2,3.31,4.18,-9.093522523797336,3.3419797986669724,3.1122434
2018-12-24 00:00:00,3.78,3.96,3.78,4.57,5.4436006076273,3.7565422463549636,3.6390092
2018-12-24 00:15:00,3.35,4.0,3.31,4.25,5.498013065531573,3.406778307709413,3.3763595
2018-12-24 00:30:00,3.38,4.0,3.35,4.18,5.427725719164293,3.473899608854005,3.4081736
2018-12-24 00:45:00,3.38,4.0,3.42,4.21,5.252564780181814,3.639197006635865,4.4363694
2018-12-24 01:00:00,3.96,3.78,4.93,4.21,6.819249018911286,3.6797492973427324,3.6629927
2018-12-24 01:15:00,3.89,3.35,4.93,4.21,6.797336363926259,3.4297561747924896,3.3799405
2018-12-24 01:30:00,3.38,3.38,4.14,4.36,6.674251253160119,3.422830411625562,3.4599981
2018-12-24 01:45:00,3.35,3.38,4.07,4.28,6.599015826041967,3.4488459896126247,3.422775
2018-12-24 02:00:00,3.49,3.96,3.49,4.28,8.011675969863237,3.561582139555393,3.5010328
2018-12-24 02:15:00,3.38,3.89,3.46,4.28,8.02391527883415,3.4487283282568244,3.4640172
2018-12-24 02:30:00,3.42,3.38,3.49,3.71,7.834354946013921,3.4069377421914546,3.2422073
2018-12-24 02:45:00,4.0,3.35,3.42,4.32,7.645124667049988,3.383811651604163,3.348867
2018-12-24 03:00:00,4.07,3.49,3.42,3.82,8.784271655198534,3.4106429131931053,3.4666533
2018-12-24 03:15:00,4.14,3.38,3.46,3.53,8.55059333231242,3.430866326335002,3.2695448
2018-12-24 03:30:00,4.1,3.42,3.42,3.53,8.365018135856431,3.436464813362832,3.3087742
2018-12-24 03:45:00,3.96,4.0,3.53,3.53,8.3692506952112,3.4489658323292853,3.2825232
2018-12-24 04:00:00,3.35,4.07,3.46,3.6,9.4239548032883,3.463285688402515,3.2780046
2018-12-24 04:15:00,3.38,4.14,3.42,3.53,9.177373126903973,3.483356759662789,3.2613022
2018-12-24 04:30:00,3.64,4.1,3.6,3.53,8.874779026436503,3.7393614266311253,3.5651171
2018-12-24 04:45:00,4.07,3.96,4.14,4.1,8.940034885064591,3.8171295619259293,3.6940422
2018-12-24 05:00:00,3.42,3.35,5.18,4.25,10.112645216962427,3.382874948942172,3.385504
2018-12-24 05:15:00,3.31,3.38,4.64,4.28,9.711941632895584,3.3840814140538162,3.4099183
2018-12-24 05:30:00,3.35,3.64,4.1,4.25,9.303404355637404,3.5572190337954126,3.3218806
2018-12-24 05:45:00,3.35,4.07,3.49,3.64,8.86810188422072,3.6872503699626957,3.3441503
2018-12-24 06:00:00,3.35,3.42,3.38,3.49,9.491046053820629,3.3500611003656102,3.1770325
2018-12-24 06:15:00,3.38,3.31,3.35,3.46,9.010858684196055,3.325861713481653,3.1500058
2018-12-24 06:30:00,3.6,3.35,3.46,4.32,8.849131358170506,3.360304862264988,3.2657607
2018-12-24 06:45:00,4.03,3.35,3.38,3.6,8.106680108584111,3.44265214289891,3.3794076
2018-12-24 07:00:00,4.0,3.35,3.38,3.42,8.819128690346776,3.4409116212066775,3.341325
2018-12-24 07:15:00,3.96,3.38,3.38,3.49,8.293345557250117,3.459451124844075,3.4190443
2018-12-24 07:30:00,4.54,3.6,3.38,4.36,8.102087679509385,3.6095198144447145,3.762625
2018-12-24 07:45:00,5.36,4.03,3.42,6.19,8.581952687293576,5.380322823757089,6.3057947
2018-12-24 08:00:00,6.52,4.0,3.49,6.3,9.665821021043723,7.434381221899659,8.492644
2018-12-24 08:15:00,21.89,3.96,4.07,6.48,19.179549442359853,32.58617027646304,23.38674
2018-12-24 08:30:00,59.62,4.54,4.97,53.35,38.87838918167698,62.30375205713175,63.65883
2018-12-24 08:45:00,64.58,5.36,4.82,46.94,34.86805798629733,67.7551478747676,59.492428
2018-12-24 09:00:00,67.18,6.52,4.28,52.06,38.13841360488707,71.20508831002647,68.02722
2018-12-24 09:15:00,69.44,21.89,3.92,54.83,44.84627928265549,70.21004889469074,65.95552
2018-12-24 09:30:00,65.38,59.62,3.71,56.12,62.897219950196956,67.94085383434458,65.62385
2018-12-24 09:45:00,67.0,64.58,3.64,58.0,67.8078568326337,65.84221466030104,64.31687
2018-12-24 10:00:00,56.27,67.18,3.64,50.08,61.863384069138775,63.62664307578108,62.882763
2018-12-24 10:15:00,54.18,69.44,3.67,46.04,53.57849562394801,64.34760987006281,64.94721
2018-12-24 10:30:00,58.39,65.38,3.71,49.54,54.82784518472707,64.63622982193252,63.939896
2018-12-24 10:45:00,54.86,67.0,3.71,54.14,56.50989284879665,64.71838771878306,64.37008
2018-12-24 11:00:00,54.18,56.27,3.74,53.78,59.16997726752149,63.26784410034994,63.34671
2018-12-24 11:15:00,55.55,54.18,3.78,52.67,62.18451593946649,62.13761694008392,66.00677
2018-12-24 11:30:00,53.21,58.39,3.71,55.84,59.13433340710377,62.655977196022896,63.01824
2018-12-24 11:45:00,53.03,54.86,3.74,49.64,55.68596690233912,61.16845784109468,58.64466
2018-12-24 12:00:00,40.64,54.18,3.96,54.5,55.254074006516056,59.8681870236315,55.677002
2018-12-24 12:15:00,6.91,55.55,4.86,11.12,25.68565038862545,11.822024199549094,7.7993994
2018-12-24 12:30:00,6.91,53.21,5.54,7.06,22.10918611131832,10.393788872447988,7.1288023
2018-12-24 12:45:00,6.48,53.03,4.54,7.13,21.124599714348328,10.145291722006787,6.5806885
2018-12-24 13:00:00,6.12,40.64,4.36,8.21,20.647191545280908,10.822303738302425,6.758569
2018-12-24 13:15:00,34.49,6.91,3.67,33.26,35.08936151936281,45.56872311300767,40.96501
2018-12-24 13:30:00,46.98,6.91,3.67,56.99,49.449609693369595,58.877870667432155,60.953323
2018-12-24 13:45:00,38.2,6.48,3.67,56.59,44.04284725897044,60.21795871489464,60.02453
2018-12-24 14:00:00,37.84,6.12,3.67,55.08,37.091246313336754,54.87685824892715,55.962685
2018-12-24 14:15:00,43.45,34.49,3.71,51.05,53.47437976971571,60.527248270118214,63.02485
2018-12-24 14:30:00,63.9,46.98,3.67,47.95,60.14833373275958,59.83870353909009,62.77035
2018-12-24 14:45:00,38.48,38.2,3.67,57.82,54.07899477981478,57.825538467685995,56.365753
2018-12-24 15:00:00,38.12,37.84,3.67,59.11,50.38198443017855,56.93642946438943,55.408855
2018-12-24 15:15:00,45.25,43.45,3.64,60.62,53.69575011182725,56.794719543191945,53.404976
2018-12-24 15:30:00,51.12,63.9,3.67,53.6,60.81350246911475,62.92645151984321,59.377357
2018-12-24 15:45:00,45.72,38.48,3.74,60.44,56.09094937819176,57.25152830465083,53.97836
2018-12-24 16:00:00,51.7,38.12,4.36,67.5,58.44174401018293,56.483400206637,53.523613
2018-12-24 16:15:00,47.2,45.25,4.36,85.86,65.00919471933102,57.503170682600974,54.287193
2018-12-24 16:30:00,69.55,51.12,5.0,82.33,58.38730253354865,57.80510204710881,55.46357
2018-12-24 16:45:00,44.82,45.72,5.33,59.8,50.53021812264117,56.59859595092379,54.503067
2018-12-24 17:00:00,40.86,51.7,3.6,60.37,54.248547248844616,57.334391693778905,53.169907
2018-12-24 17:15:00,33.66,47.2,3.56,56.38,46.8013772141927,55.52522113042888,49.54187
2018-12-24 17:30:00,9.86,69.55,3.6,52.99,55.26615793501486,59.03332847487269,58.244812
2018-12-24 17:45:00,6.73,44.82,3.67,35.35,36.41083378397764,35.36882945508761,34.6566
2018-12-24 18:00:00,5.29,40.86,3.49,31.32,29.622863892323046,29.668504885799155,25.369183
2018-12-24 18:15:00,5.22,33.66,3.49,16.09,20.355627283083145,25.177099905857457,17.055567
2018-12-24 18:30:00,5.18,9.86,3.49,6.37,11.939844281878514,12.343525626916,10.094671
2018-12-24 18:45:00,5.33,6.73,3.64,5.8,9.68003870254675,7.123645051227168,10.249858
2018-12-24 19:00:00,5.04,5.29,3.64,5.54,8.576576035799327,4.503496694196149,8.615459
2018-12-24 19:15:00,4.14,5.22,4.03,5.54,3.175294828732202,4.503236721708948,8.846305
2018-12-24 19:30:00,4.18,5.18,4.25,5.62,0.5830825068146979,4.456062915115946,7.718076
2018-12-24 19:45:00,4.1,5.33,4.28,5.54,-0.05599437026799947,4.5243802338667445,6.825174
2018-12-24 20:00:00,4.18,5.04,4.25,5.62,0.9579441186288982,4.4802353690431955,6.5914903
2018-12-24 20:15:00,4.1,4.14,4.0,5.54,0.7313121981910875,3.9442091497469582,4.626018
2018-12-24 20:30:00,4.14,4.18,3.49,4.75,0.46701076707275746,3.9227291282061536,4.4577055
2018-12-24 20:45:00,4.21,4.1,4.21,4.46,0.3742462611526065,3.903083007579181,5.173104
2018-12-24 21:00:00,4.18,4.18,4.14,4.46,1.4109261284126013,3.9684100968401754,4.655927
2018-12-24 21:15:00,4.18,4.1,3.49,4.43,1.2666810111467406,3.958250613346377,4.499136
2018-12-24 21:30:00,4.14,4.14,3.42,4.43,1.2899677603954025,3.9642831515440577,4.2879725
2018-12-24 21:45:00,4.18,4.21,3.46,4.46,1.2043031152812098,3.952693805801616,4.2777505
2018-12-24 22:00:00,5.4,4.18,3.53,4.46,2.5028984104989824,3.9385135579940824,4.2157288
2018-12-24 22:15:00,4.5,4.18,3.2,4.14,2.379946765203819,3.9178827458767067,4.2296433
2018-12-24 22:30:00,3.92,4.14,3.2,4.18,2.5345498859002724,3.915193414284445,3.9527116
2018-12-24 22:45:00,3.89,4.18,3.2,4.21,2.6231511659841793,3.921515970622132,3.9308877
2018-12-24 23:00:00,3.85,5.4,3.96,4.18,4.603207551810154,4.1804547597557535,4.335775
2018-12-24 23:15:00,3.85,4.5,4.0,4.14,4.263936250209593,4.038429386343877,4.4501863
2018-12-24 23:30:00,3.82,3.92,4.0,4.07,4.0748431468786315,3.867816147367333,3.745118
2018-12-24 23:45:00,3.85,3.89,4.0,4.07,4.241402647209178,3.843929654836702,3.7831929
2018-12-25 00:00:00,3.13,3.85,3.78,4.14,4.199175927251066,5.287158905682635,3.8785393
2018-12-25 00:15:00,3.85,3.85,3.35,5.22,4.361342814859238,3.697972217869182,3.8843787
2018-12-25 00:30:00,3.92,3.82,3.38,4.68,4.194086224357896,3.677984910914599,3.9162166
2018-12-25 00:45:00,3.89,3.85,3.38,4.14,4.091825210671118,3.685137655550356,3.9705505
2018-12-25 01:00:00,3.85,3.13,3.96,4.1,5.207223149774872,3.3696041265425802,3.3995972
2018-12-25 01:15:00,3.56,3.85,3.89,4.18,5.455160647576481,3.602518062007138,3.5534303
2018-12-25 01:30:00,3.2,3.92,3.38,4.07,5.368059697289606,3.5849218347546588,3.5616772
2018-12-25 01:45:00,3.92,3.89,3.35,4.18,5.373969482466389,3.5985920397375706,3.589173
2018-12-25 02:00:00,3.64,3.85,3.49,4.1,6.386088334405443,3.545699218572135,4.470426
2018-12-25 02:15:00,3.17,3.56,3.38,4.18,6.500676320267242,3.617218436624468,3.5317314
2018-12-25 02:30:00,3.17,3.2,3.42,4.14,6.530849056793844,3.3299282197786395,3.3017306
2018-12-25 02:45:00,3.2,3.92,4.0,4.21,6.5227410135478685,3.5855881009040083,3.9642518
2018-12-25 03:00:00,3.24,3.64,4.07,4.18,7.614932308731561,3.5613053202743923,3.4185054
2018-12-25 03:15:00,3.2,3.17,4.14,3.6,7.322764865660904,3.3105432617480286,3.3731847
2018-12-25 03:30:00,3.2,3.17,4.1,3.42,7.121052283028703,3.2756422362876934,3.1589737
2018-12-25 03:45:00,3.28,3.2,3.96,3.42,6.839647874779807,3.2475317861295645,3.1264875
2018-12-25 04:00:00,3.96,3.24,3.35,3.38,7.608521015130776,3.3082617330459954,3.3018303
2018-12-25 04:15:00,3.96,3.2,3.38,3.42,7.3560924135957535,3.3098093599248126,3.2970917
2018-12-25 04:30:00,3.92,3.2,3.64,3.71,7.2603507663477345,3.315339909542362,3.336851
2018-12-25 04:45:00,3.89,3.28,4.07,4.18,7.299261564673895,3.3748082292328143,3.4555185
2018-12-25 05:00:00,3.35,3.96,3.42,3.53,8.500590463752822,3.3034028040535626,3.1486611
2018-12-25 05:15:00,3.24,3.96,3.31,3.46,8.101402716765286,3.390311623592764,3.2673502
2018-12-25 05:30:00,3.35,3.92,3.35,3.38,7.675868270392602,3.4204416690463524,3.4110386
2018-12-25 05:45:00,3.96,3.89,3.35,4.03,7.298170742999183,3.572528471252475,3.7559597
2018-12-25 06:00:00,3.71,3.35,3.35,4.14,8.248997109342323,3.3547114374763494,3.3926826
2018-12-25 06:15:00,3.17,3.24,3.38,3.6,7.719832201918759,3.317536621002095,3.279866
2018-12-25 06:30:00,3.2,3.35,3.6,3.38,7.2785349097255185,3.271998849034693,3.155906
2018-12-25 06:45:00,3.2,3.96,4.03,3.35,7.096885829627947,3.4781385000085576,3.4551365
2018-12-25 07:00:00,3.17,3.71,4.0,3.31,7.763481859434226,3.425149818913167,3.2954295
2018-12-25 07:15:00,3.24,3.17,3.96,3.28,7.058030986885758,3.2286879316524684,3.1607225
2018-12-25 07:30:00,3.85,3.2,4.54,3.42,6.729827008227957,3.3849364958468833,3.3742285
2018-12-25 07:45:00,3.92,3.2,5.36,5.58,7.051347722287385,4.97503540888773,4.8797493
2018-12-25 08:00:00,3.89,3.17,6.52,7.27,8.462713648447398,5.655113416069764,7.9064183
2018-12-25 08:15:00,3.89,3.24,21.89,38.38,24.684345229348544,37.13696283316421,23.117159
2018-12-25 08:30:00,3.49,3.85,59.62,72.86,46.678636993200996,57.385735406862274,37.430325
2018-12-25 08:45:00,3.24,3.92,64.58,66.42,43.788684740404356,58.56130856810348,37.994698
2018-12-25 09:00:00,3.38,3.89,67.18,81.4,48.18570904333501,58.988199107359485,38.22023
2018-12-25 09:15:00,3.49,3.89,69.44,66.28,44.73539432445496,4.289307810266722,14.487189
2018-12-25 09:30:00,3.46,3.49,65.38,78.3,45.260737849678975,4.044601909512028,10.467344
2018-12-25 09:45:00,3.82,3.24,67.0,77.72,47.054715657571,3.8328662854277007,12.332056
2018-12-25 10:00:00,3.96,3.38,56.27,74.59,43.08101754109423,3.8329326026545734,8.702876
2018-12-25 10:15:00,3.42,3.49,54.18,63.04,39.20014611662249,3.813354681164541,8.335183
2018-12-25 10:30:00,3.53,3.46,58.39,58.68,38.56170689663524,3.803802905362621,7.7719183
2018-12-25 10:45:00,3.46,3.82,54.86,62.96,38.4616051242017,3.8019060411994254,7.8212337
2018-12-25 11:00:00,3.46,3.96,54.18,68.36,43.06001593218336,3.9951680821612006,6.5529537
2018-12-25 11:15:00,3.78,3.42,55.55,60.05,44.861917306344154,3.8536167273222333,7.357352
2018-12-25 11:30:00,4.18,3.53,53.21,58.82,39.66658812125434,3.8519324341388144,4.9678125
2018-12-25 11:45:00,4.28,3.46,53.03,64.73,40.78100695059353,3.862579310619263,5.514119
2018-12-25 12:00:00,4.18,3.46,40.64,67.54,38.613088830463624,3.959906071537686,6.461627
2018-12-25 12:15:00,4.07,3.78,6.91,8.14,2.785758393005487,3.956235327239132,4.339357
2018-12-25 12:30:00,3.56,4.18,6.91,8.64,0.8228858105196686,4.663317433139922,4.3157043
2018-12-25 12:45:00,3.53,4.28,6.48,8.78,-0.0001292129751711002,4.123036357379574,4.4644814
2018-12-25 13:00:00,3.53,4.18,6.12,9.4,0.4607971819393768,6.582659133736962,5.3154182
2018-12-25 13:15:00,5.04,4.07,34.49,52.45,24.48540369674371,5.177645969560602,6.7259665
2018-12-25 13:30:00,4.07,3.56,46.98,67.46,37.22426355346931,4.841330816703235,9.691071
2018-12-25 13:45:00,3.42,3.53,38.2,62.53,32.46351193048669,4.454241343681711,8.827062
2018-12-25 14:00:00,3.42,3.53,37.84,62.46,33.841745534159806,3.916695419447292,8.751151
2018-12-25 14:15:00,3.49,5.04,43.45,67.18,41.263401426363146,44.76406912398536,48.153767
2018-12-25 14:30:00,3.46,4.07,63.9,113.51,51.9679600587822,44.66945388929128,9.613698
2018-12-25 14:45:00,3.53,3.42,38.48,99.5,42.15670965497566,32.08872191925293,8.47495
2018-12-25 15:00:00,4.14,3.42,38.12,68.0,38.907442380958884,32.27642370138221,11.123423
2018-12-25 15:15:00,4.14,3.49,45.25,120.82,47.74548054009544,3.9390838350767634,6.4211683
2018-12-25 15:30:00,4.14,3.46,51.12,79.45,39.2257712113055,3.9670862167399514,5.6874948
2018-12-25 15:45:00,4.1,3.53,45.72,117.68,47.094029716664366,3.9529171201325806,6.088106
2018-12-25 16:00:00,3.67,4.14,51.7,114.08,48.63665707637411,4.112666756352788,8.325115
2018-12-25 16:15:00,3.46,4.14,47.2,106.27,46.54120867878933,4.247875872908978,10.085672
2018-12-25 16:30:00,3.42,4.14,69.55,93.28,40.229816394849536,4.531706949255274,6.0282526
2018-12-25 16:45:00,3.46,4.1,44.82,127.58,43.108937156561815,6.2470988250349375,8.456523
2018-12-25 17:00:00,3.42,3.67,40.86,94.61,40.28305521178989,4.636790595846395,6.3019404
2018-12-25 17:15:00,3.46,3.46,33.66,101.02,34.2517252318885,4.191293017578291,5.316267
2018-12-25 17:30:00,4.0,3.42,9.86,112.14,31.38185520915023,3.8628941620915165,4.183549
2018-12-25 17:45:00,4.0,3.46,6.73,68.08,16.47626110745549,3.853090422556496,6.0164695
2018-12-25 18:00:00,3.38,3.42,5.29,15.95,0.7560147756692857,3.5396946014245985,4.322149
2018-12-25 18:15:00,3.38,3.46,5.22,7.16,-5.601490287487042,3.5407747067571314,4.6131268
2018-12-25 18:30:00,3.74,4.0,5.18,5.58,-5.968998410448183,3.4620232102811928,4.900563
2018-12-25 18:45:00,4.1,4.0,5.33,5.65,-6.0701455614602615,3.454430054996368,5.036256
2018-12-25 19:00:00,4.18,3.38,5.04,5.0,-5.404286690740943,3.379005366895302,4.6267757
2018-12-25 19:15:00,4.1,3.38,4.14,4.5,-5.80352298042008,3.3802881717490236,4.7602363
2018-12-25 19:30:00,4.18,3.74,4.18,4.39,-5.90322955021529,3.5995699068421945,4.6620317
2018-12-25 19:45:00,3.64,4.1,4.1,4.43,-5.917077717838911,3.638939924432293,4.6988473
2018-12-25 20:00:00,3.46,4.18,4.18,4.39,-4.766503690000466,3.457082045978489,4.287502
2018-12-25 20:15:00,3.46,4.1,4.1,4.43,-4.9552113510806315,3.58256547737157,4.9674883
2018-12-25 20:30:00,3.38,4.18,4.14,4.36,-5.032292636030778,3.864284229206183,5.092313
2018-12-25 20:45:00,3.42,3.64,4.21,4.39,-5.108511927460288,3.6639503224861807,4.2409964
2018-12-25 21:00:00,3.42,3.46,4.18,4.43,-3.8791086388418563,3.429137828696162,4.1725388
2018-12-25 21:15:00,3.42,3.46,4.18,4.39,-3.852467552036373,3.423311301738386,4.182912
2018-12-25 21:30:00,4.03,3.38,4.14,4.46,-3.922696305830417,3.4310746140533284,4.1154485
2018-12-25 21:45:00,4.14,3.42,4.18,4.39,-4.127955607323454,3.491171235530243,4.1603923
2018-12-25 22:00:00,3.49,3.42,5.4,4.39,-2.6173972492205664,3.4934488111856075,4.0687394
2018-12-25 22:15:00,3.2,3.42,4.5,4.25,-2.838973468087893,3.4627509533404357,4.0737715
2018-12-25 22:30:00,3.85,4.03,3.92,5.18,-2.3275238177918283,3.409805309218692,3.6716952
2018-12-25 22:45:00,3.89,4.14,3.89,5.15,-2.1952159154201603,3.4400256552315933,3.5144582
2018-12-25 23:00:00,3.89,3.49,3.85,4.14,-1.3142487111670107,3.45625489899937,3.1754482
2018-12-25 23:15:00,3.85,3.2,3.85,4.14,-1.4116630243503572,3.3928338607239654,3.08692
2018-12-25 23:30:00,3.64,3.85,3.82,4.14,-1.1985057178349194,3.584753590132763,3.3435535
2018-12-25 23:45:00,3.31,3.89,3.85,4.1,-1.2111360608273216,3.556340814452148,3.3974776
2018-12-26 00:00:00,3.67,3.89,3.13,3.92,0.003522015789410915,3.4550766199029765,3.5069103
2018-12-26 00:15:00,3.24,3.85,3.85,4.14,0.025848210646632452,3.540061234361917,3.6321747
2018-12-26 00:30:00,3.24,3.64,3.92,4.14,0.1046652473697911,3.6045207200501372,3.539547
2018-12-26 00:45:00,3.2,3.31,3.89,4.14,0.10235782483242772,3.4701468750022566,3.348441
2018-12-26 01:00:00,3.31,3.67,3.85,4.21,1.6414303282267895,3.577929102959673,3.3939428
2018-12-26 01:15:00,3.24,3.24,3.56,4.14,1.4821867610707535,3.4536020402544665,3.2496698
2018-12-26 01:30:00,3.28,3.24,3.2,4.14,1.3896419647876286,3.3142403335981365,3.4019961
2018-12-26 01:45:00,3.24,3.2,3.92,4.18,1.4117830960795636,3.3156455445340103,3.3410337
2018-12-26 02:00:00,3.24,3.31,3.64,4.18,2.590167972652729,3.4350139585778017,3.4304569
2018-12-26 02:15:00,3.78,3.24,3.17,4.93,2.7082339764588497,3.4200192723381906,3.4894645
2018-12-26 02:30:00,3.96,3.28,3.17,5.26,2.8461198090519986,3.4569139987175945,3.510392
2018-12-26 02:45:00,4.97,3.24,3.2,4.14,2.3162387589777502,3.433898403830079,3.4724112
2018-12-26 03:00:00,4.36,3.24,3.24,4.14,3.499841651314526,3.428675178770973,3.5242646
2018-12-26 03:15:00,3.71,3.78,3.2,4.1,3.726685322964162,3.3420027134443213,3.1573536
2018-12-26 03:30:00,3.28,3.96,3.2,4.25,3.7046777001569957,3.426780349967514,3.1676052
2018-12-26 03:45:00,3.31,4.97,3.28,3.82,3.817912327859954,3.5707494770948545,3.8858414
2018-12-26 04:00:00,3.28,4.36,3.96,3.49,4.563861401005191,3.776433192652523,3.4681022
2018-12-26 04:15:00,3.28,3.71,3.96,3.42,4.188048613568032,3.7086865109136706,3.4187274
2018-12-26 04:30:00,3.2,3.28,3.92,3.42,3.9373487788553483,3.4186748827797526,3.4147797
2018-12-26 04:45:00,3.24,3.31,3.89,3.49,3.7734976751948643,3.2772854579246133,3.1636097
2018-12-26 05:00:00,3.28,3.28,3.35,3.38,4.598519842839071,3.295254142640849,3.1982417
2018-12-26 05:15:00,3.2,3.28,3.24,3.42,4.067226391862221,3.4100966374094877,3.3375156
2018-12-26 05:30:00,3.24,3.2,3.35,3.38,3.6603944589350235,3.3772617495618236,3.2532125
2018-12-26 05:45:00,3.2,3.24,3.96,3.42,3.383443723157793,3.3854428341328107,3.305578
2018-12-26 06:00:00,4.79,3.28,3.71,3.42,4.262155909460702,3.3929715113245114,3.3265202
2018-12-26 06:15:00,4.86,3.2,3.17,4.07,3.8841471638912743,3.396606073934791,3.465153
2018-12-26 06:30:00,3.92,3.24,3.2,4.18,3.4650469438594733,3.407151923434216,3.3974786
2018-12-26 06:45:00,3.82,3.2,3.2,3.96,2.989455444693629,3.385500399797831,3.6204584
2018-12-26 07:00:00,3.35,4.79,3.17,4.1,4.63118921663083,3.49838134270577,4.89147
2018-12-26 07:15:00,3.17,4.86,3.24,4.1,4.169954394644471,3.708390177227665,3.677697
2018-12-26 07:30:00,3.42,3.92,3.85,4.07,3.418726573086893,3.8963023897957707,3.835133
2018-12-26 07:45:00,4.82,3.82,3.92,5.76,3.356044435786117,6.239581464509738,5.1500516
2018-12-26 08:00:00,5.0,3.35,3.89,6.23,4.520038012866856,6.002384232456562,6.015893
2018-12-26 08:15:00,34.52,3.17,3.89,36.14,17.23137202844145,15.5780889207378,12.7220125
2018-12-26 08:30:00,48.06,3.42,3.49,70.81,33.16823752071963,53.4300027841909,24.936453
2018-12-26 08:45:00,78.23,4.82,3.24,59.54,29.754579175229278,75.77103874107794,49.266624
2018-12-26 09:00:00,51.08,5.0,3.38,63.86,31.452554161770934,76.03175983452758,55.742054
2018-12-26 09:15:00,70.99,34.52,3.49,77.4,48.30296731540655,70.03839090429646,61.78703
2018-12-26 09:30:00,65.74,48.06,3.46,65.23,51.311854925033245,59.512460550125915,58.796124
2018-12-26 09:45:00,52.96,78.23,3.82,69.3,66.10408090624972,78.08348369500392,76.05977
2018-12-26 10:00:00,55.44,51.08,3.96,61.13,48.333617500136384,58.967764871340066,57.990227
2018-12-26 10:15:00,52.06,70.99,3.42,61.16,54.71850674902813,71.87776806846843,65.179886
2018-12-26 10:30:00,57.64,65.74,3.53,70.42,54.43698866855401,66.71162438534766,65.050735
2018-12-26 10:45:00,62.21,52.96,3.46,63.68,50.562600317740966,62.44486356838675,68.77435
2018-12-26 11:00:00,45.58,55.44,3.46,83.09,55.967865320052184,62.727252529994885,63.928543
2018-12-26 11:15:00,54.58,52.06,3.78,140.8,68.73110512531905,63.64504937546634,67.58485
2018-12-26 11:30:00,55.15,57.64,4.18,110.88,59.18060369247915,60.890629509108315,60.946686
2018-12-26 11:45:00,58.64,62.21,4.28,115.13,61.01859366729187,63.972690131771515,63.57435
2018-12-26 12:00:00,31.28,45.58,4.18,101.99,54.21067199074029,52.28154704870469,54.257225
2018-12-26 12:15:00,6.77,54.58,4.07,12.13,21.849598738743552,8.709983698374545,7.127609
2018-12-26 12:30:00,7.09,55.15,3.56,6.66,19.331545951270837,7.050389301952359,6.9632006
2018-12-26 12:45:00,6.95,58.64,3.53,6.8,19.59625207869431,6.929766198097181,6.2670565
2018-12-26 13:00:00,6.41,31.28,3.53,6.98,13.429204024495803,6.596249811655211,6.8845563
2018-12-26 13:15:00,20.66,6.77,5.04,62.42,33.04679864713215,45.9336365529014,41.458244
2018-12-26 13:30:00,59.9,7.09,4.07,116.46,51.492755734212736,51.904818858680194,58.35022
2018-12-26 13:45:00,55.3,6.95,3.42,89.86,39.98006654744765,54.28441754817654,55.60446
2018-12-26 14:00:00,51.41,6.41,3.42,98.03,35.3532850654701,52.18725254693322,53.437653
2018-12-26 14:15:00,57.02,20.66,3.49,149.18,54.31531107906446,55.50214175595136,65.56677
2018-12-26 14:30:00,43.06,59.9,3.46,116.64,65.55185797600635,70.50226578340347,70.44178
2018-12-26 14:45:00,41.4,55.3,3.53,105.48,59.23774375314581,61.307782381666016,59.352325
2018-12-26 15:00:00,52.92,51.41,4.14,145.22,65.9409035415189,56.25733985858141,58.88888
2018-12-26 15:15:00,53.42,57.02,4.14,101.38,49.029434421361586,61.15104132021131,57.2496
2018-12-26 15:30:00,40.68,43.06,4.14,130.46,55.93923528795135,57.36455442370929,53.405464
2018-12-26 15:45:00,40.64,41.4,4.1,115.24,51.43021556637787,53.472711197230616,51.61306
2018-12-26 16:00:00,41.47,52.92,3.67,125.21,58.10157963879837,60.35576462670661,57.00241
2018-12-26 16:15:00,56.2,53.42,3.46,133.56,60.841051537755234,59.330001589580824,56.48018
2018-12-26 16:30:00,59.04,40.68,3.42,81.65,41.774016157563295,57.68192194684424,52.54519
2018-12-26 16:45:00,54.68,40.64,3.46,62.68,35.55185744663003,53.990660829271974,50.119904
2018-12-26 17:00:00,57.67,41.47,3.42,125.5,53.08083806945443,51.54915597064235,48.59841
2018-12-26 17:15:00,54.79,56.2,3.46,68.0,42.16378305349192,58.67008949272624,50.765244
2018-12-26 17:30:00,34.42,59.04,4.0,40.5,33.10656269254032,48.37055574573766,44.86268
2018-12-26 17:45:00,9.5,54.68,4.0,31.68,26.652249576295414,33.5560516880398,32.638947
2018-12-26 18:00:00,5.22,57.67,3.38,26.82,21.08518171300502,30.10841991135135,19.50045
2018-12-26 18:15:00,5.04,54.79,3.38,5.98,12.96614101803465,31.904886832310154,17.088425
2018-12-26 18:30:00,5.04,34.42,3.74,5.47,10.441810031035047,28.822557016766925,15.997582
2018-12-26 18:45:00,5.08,9.5,4.1,5.54,7.659611923844441,11.05818999933665,12.046831
2018-12-26 19:00:00,5.08,5.22,4.18,5.44,8.453839060297067,4.757290133414824,8.803428
2018-12-26 19:15:00,4.68,5.04,4.1,5.47,4.458138129801878,4.500474704836981,9.126458
2018-12-26 19:30:00,3.92,5.04,4.18,5.47,-2.305996055277948,4.494142120582525,6.9182057
2018-12-26 19:45:00,3.89,5.08,3.64,5.4,-5.337507636862558,4.492042294755831,5.5472937
2018-12-26 20:00:00,3.85,5.08,3.46,5.33,-4.554955450467428,4.5859905824803135,5.2411346
2018-12-26 20:15:00,3.89,4.68,3.46,5.36,-4.702068937829349,4.418657546068174,5.134481
2018-12-26 20:30:00,3.89,3.92,3.38,5.33,-4.852817955780896,3.8811981890139977,4.2201023
2018-12-26 20:45:00,3.96,3.89,3.42,5.44,-4.831685927544402,3.8437377801465034,4.0803475
2018-12-26 21:00:00,3.89,3.85,3.42,5.4,-3.6840578272965274,3.745630206668325,4.137263
2018-12-26 21:15:00,3.96,3.89,3.42,5.4,-3.8367415747458864,3.711097783214168,4.310454
2018-12-26 21:30:00,4.0,3.89,4.03,5.04,-3.864829359350903,3.7144755667268994,4.098774
2018-12-26 21:45:00,3.96,3.96,4.14,4.25,-4.09583208473018,3.7353057048733014,4.103114
2018-12-26 22:00:00,4.07,3.89,3.49,4.39,-2.789061673371073,3.7144366558774617,3.93953
2018-12-26 22:15:00,4.0,3.96,3.2,4.03,-2.957586078422235,3.705372227664548,3.8813648
2018-12-26 22:30:00,4.9,4.0,3.85,4.03,-2.849393876090133,3.7196924431574274,3.5982127
2018-12-26 22:45:00,4.1,3.96,3.89,3.96,-2.7723988700035953,3.7177644663151854,3.5845037
2018-12-26 23:00:00,3.71,4.07,3.89,4.07,-1.350931818102378,3.763832798188023,3.6934376
2018-12-26 23:15:00,3.74,4.0,3.85,4.03,-1.4288492766333967,3.7796285014493947,3.6785903
2018-12-26 23:30:00,3.64,4.9,3.64,3.92,-1.0463836380143547,4.042561303949581,5.1565247
2018-12-26 23:45:00,3.67,4.1,3.31,3.96,-1.327262528987692,3.8592391744073606,3.5548735
2018-12-27 00:00:00,3.74,3.71,3.67,3.89,1.837495371552965,6.842841796117397,3.7407446
2018-12-27 00:15:00,3.64,3.74,3.24,4.03,1.8987982260312215,3.6916972077950847,3.773274
2018-12-27 00:30:00,3.74,3.64,3.24,4.03,1.8405121185496327,3.59496600553666,3.5707436
2018-12-27 00:45:00,3.71,3.67,3.2,4.0,1.747169191225499,3.6145089741862435,3.7012057
2018-12-27 01:00:00,3.71,3.74,3.31,4.0,3.1761306211040257,3.6214301246795406,3.7627113
2018-12-27 01:15:00,3.67,3.64,3.24,4.0,3.1546948643111428,3.6161951818148768,3.7699647
2018-12-27 01:30:00,3.67,3.74,3.28,4.1,3.135484174013957,3.58418724038432,3.773579
2018-12-27 01:45:00,3.78,3.71,3.24,4.0,3.0806771100780246,3.591957309061232,3.7696397
2018-12-27 02:00:00,4.18,3.71,3.24,4.07,4.305095396252305,3.606229216838748,3.684687
2018-12-27 02:15:00,4.86,3.67,3.78,4.43,4.422926138699747,3.5887221800246127,3.7818775
2018-12-27 02:30:00,4.21,3.67,3.96,5.18,4.613348222491833,3.6288021884862784,3.8142412
2018-12-27 02:45:00,3.71,3.78,4.97,4.1,4.496115686215958,3.6032196208588068,3.7776904
2018-12-27 03:00:00,3.78,4.18,4.36,4.0,5.724957653049252,3.616664804854262,3.5629997
2018-12-27 03:15:00,3.67,4.86,3.71,4.1,5.941675215679165,3.823745915301369,5.625324
2018-12-27 03:30:00,3.71,4.21,3.28,4.03,5.468465550773676,3.776805203397403,3.6058767
2018-12-27 03:45:00,3.24,3.71,3.31,4.1,5.069897163094662,3.717229920309738,3.576791
2018-12-27 04:00:00,3.02,3.78,3.28,3.31,6.025185236032232,3.678701826896769,3.4124126
2018-12-27 04:15:00,2.99,3.67,3.28,3.35,5.728612508270746,3.5591135416465933,3.501505
2018-12-27 04:30:00,2.99,3.71,3.2,3.46,5.408620158030768,3.5989587710111537,3.5808082
2018-12-27 04:45:00,2.95,3.24,3.24,3.38,5.1437671765199156,3.271346875358822,3.2477608
2018-12-27 05:00:00,2.95,3.02,3.28,3.35,6.0154814572389235,3.2230631598803483,3.113319
2018-12-27 05:15:00,2.95,2.99,3.2,3.35,5.562336532613301,3.1960939349616955,3.0917804
2018-12-27 05:30:00,2.95,2.99,3.24,3.38,5.121579277993394,3.210953620419527,3.1405935
2018-12-27 05:45:00,2.95,2.95,3.2,3.38,4.610058906854,3.148425795410807,3.2259994
2018-12-27 06:00:00,3.42,2.95,4.79,3.92,5.868677086955504,3.1850341979875845,3.358532
2018-12-27 06:15:00,3.74,2.95,4.86,3.67,5.4214669935876465,3.1773923430712188,3.2322314
2018-12-27 06:30:00,4.86,2.95,3.92,3.35,4.695154883125472,3.1478652188826715,3.2616048
2018-12-27 06:45:00,4.21,2.95,3.82,4.0,4.37798734552009,3.196908587400657,3.457672
2018-12-27 07:00:00,3.6,3.42,3.35,4.03,5.356847161739974,3.1413561240947043,3.202749
2018-12-27 07:15:00,2.88,3.74,3.17,3.96,4.945185647919782,3.1337623681550757,3.1813362
2018-12-27 07:30:00,3.2,4.86,3.42,4.18,5.091376068407406,3.709993762429662,5.9827356
2018-12-27 07:45:00,4.9,4.21,4.82,4.79,4.799527976476934,6.061870853372987,4.52253
2018-12-27 08:00:00,5.65,3.6,5.0,5.87,5.87203212242439,6.228824871164722,6.310391
2018-12-27 08:15:00,32.0,2.88,34.52,39.49,22.593048904621423,51.90413841988592,25.13986
2018-12-27 08:30:00,52.63,3.2,48.06,79.85,39.940071863720256,56.09078043299265,35.184868
2018-12-27 08:45:00,73.66,4.9,78.23,66.96,43.23062915577411,64.12039781324773,60.490826
2018-12-27 09:00:00,63.47,5.65,51.08,63.14,38.2998769332384,60.08912491000103,63.377712
2018-12-27 09:15:00,56.77,32.0,70.99,64.12,54.745019369094095,59.84910289350029,60.784237
2018-12-27 09:30:00,53.93,52.63,65.74,64.37,63.05557815734329,56.472272504364746,60.124138
2018-12-27 09:45:00,59.4,73.66,52.96,83.16,73.91807188478808,72.53747791539962,68.24149
2018-12-27 10:00:00,76.03,63.47,55.44,71.14,61.928867341542485,61.43095557286688,59.695312
2018-12-27 10:15:00,47.81,56.77,52.06,58.72,54.557289034231864,59.715000199176686,58.24402
2018-12-27 10:30:00,45.83,53.93,57.64,68.72,57.06784229282505,58.75085935981471,59.660004
2018-12-27 10:45:00,52.63,59.4,62.21,75.53,60.49195570344109,61.26117307892915,61.74981
2018-12-27 11:00:00,68.69,76.03,45.58,77.51,66.92047940037172,70.35988204193345,64.65037
2018-12-27 11:15:00,51.16,47.81,54.58,64.4,55.57013470904333,55.81288986067373,59.883873
2018-12-27 11:30:00,51.52,45.83,55.15,63.0,54.187739319470225,54.71764204810142,57.632042
2018-12-27 11:45:00,54.83,52.63,58.64,71.46,58.03169920409542,55.272911022260935,59.568382
2018-12-27 12:00:00,59.62,68.69,31.28,71.06,57.857618710702205,59.31920872347252,52.269745
2018-12-27 12:15:00,13.54,51.16,6.77,16.96,23.2986954993915,8.121337496993423,7.257127
2018-12-27 12:30:00,6.62,51.52,7.09,7.67,19.337984522740392,7.617131516438812,6.7425447
2018-12-27 12:45:00,6.59,54.83,6.95,7.49,19.913347315278276,7.334346080522729,6.0750585
2018-12-27 13:00:00,17.82,59.62,6.41,6.66,21.087748366014562,7.002051167484588,5.8641076
2018-12-27 13:15:00,40.57,13.54,20.66,42.7,29.90029781048991,43.127087330785095,34.27408
2018-12-27 13:30:00,43.7,6.62,59.9,63.07,45.340909362636324,49.19375739769715,57.917313
2018-12-27 13:45:00,46.84,6.59,55.3,71.5,45.83192198127753,48.69957299118015,57.67366
2018-12-27 14:00:00,53.32,17.82,51.41,76.9,41.62009972829162,49.05451608250867,59.483994
2018-12-27 14:15:00,55.01,40.57,57.02,63.5,48.30122135377678,51.20433318185723,55.14994
2018-12-27 14:30:00,61.74,43.7,43.06,78.41,50.546595666694756,50.75036255527235,53.407764
2018-12-27 14:45:00,54.14,46.84,41.4,73.4,44.473426750152996,50.66830874012925,52.441216
2018-12-27 15:00:00,53.5,53.32,52.92,64.44,45.36654991681746,52.77648752160871,52.875076
2018-12-27 15:15:00,44.75,55.01,53.42,60.26,46.174682766413824,55.61299655650946,52.751205
2018-12-27 15:30:00,42.95,61.74,40.68,58.9,45.258272067264386,59.69627937608083,56.64897
2018-12-27 15:45:00,60.84,54.14,40.64,60.59,42.10184538657406,56.1614506712242,55.281197
2018-12-27 16:00:00,63.04,53.5,41.47,56.92,42.63089694813708,54.34074321879884,57.251175
2018-12-27 16:15:00,59.58,44.75,56.2,60.08,44.7649480506576,51.859128956861674,54.275864
2018-12-27 16:30:00,63.22,42.95,59.04,58.68,45.030059264682976,54.16431760833034,53.629463
2018-12-27 16:45:00,45.79,60.84,54.68,57.56,47.99272341041831,58.90733558337427,58.391815
2018-12-27 17:00:00,41.58,63.04,57.67,46.51,47.957801764367964,58.831994454399364,54.452873
2018-12-27 17:15:00,54.58,59.58,54.79,58.07,46.2688721010532,58.76739843504417,54.32521
2018-12-27 17:30:00,36.72,63.22,34.42,41.22,33.58262638776726,52.59561887727345,47.057953
2018-12-27 17:45:00,29.38,45.79,9.5,41.51,26.127662431132922,34.29707844365429,26.849022
2018-12-27 18:00:00,28.48,41.58,5.22,24.8,19.39682927637769,34.36881254740462,17.69735
2018-12-27 18:15:00,48.56,54.58,5.04,5.44,16.53070449458334,33.98552732427738,14.197931
2018-12-27 18:30:00,53.82,36.72,5.04,5.18,10.212895686212605,29.37968982193599,14.8869505
2018-12-27 18:45:00,53.5,29.38,5.08,5.29,7.875828993268595,23.857955197587195,15.923566
2018-12-27 19:00:00,53.14,28.48,5.08,5.29,9.096380334059624,22.249138460046428,15.650697
2018-12-27 19:15:00,51.01,48.56,4.68,5.29,14.980922848147127,27.28760533712285,14.583539
2018-12-27 19:30:00,47.99,53.82,3.92,4.18,16.244895119914503,25.443337235410116,14.068973
2018-12-27 19:45:00,49.18,53.5,3.89,4.07,14.767331619346734,25.684258114155547,14.056466
2018-12-27 20:00:00,50.33,53.14,3.85,4.1,11.38000027473759,27.113593957933613,15.119945
2018-12-27 20:15:00,50.04,51.01,3.89,4.07,11.642267837541947,29.78983623431078,14.263618
2018-12-27 20:30:00,40.93,47.99,3.89,4.18,11.692164987078115,27.621660046357114,13.560286
2018-12-27 20:45:00,14.51,49.18,3.96,4.1,11.943004532453557,26.04000494464668,12.879995
2018-12-27 21:00:00,8.35,50.33,3.89,4.1,13.153740082109307,24.249313177233372,9.531718
2018-12-27 21:15:00,5.26,50.04,3.96,4.14,12.844326121489978,13.16812776293218,5.3508544
2018-12-27 21:30:00,5.26,40.93,4.0,4.14,11.413556563135735,6.934267692047632,5.2975492
2018-12-27 21:45:00,5.26,14.51,3.96,4.21,8.898743046416023,5.3421596723995854,5.4934525
2018-12-27 22:00:00,4.5,8.35,4.07,4.18,10.322790961674347,5.485474139756039,7.3192053
2018-12-27 22:15:00,3.89,5.26,4.0,3.85,7.845680726223485,4.423263618830457,5.3108478
2018-12-27 22:30:00,3.85,5.26,4.9,3.85,2.4057746535557953,4.420657507289798,4.87817
2018-12-27 22:45:00,3.82,5.26,4.1,4.64,-0.7624460878256158,4.397397760465798,4.790949
2018-12-27 23:00:00,3.82,4.5,3.71,5.04,-0.5777696558229373,4.18509360069305,3.6969316
2018-12-27 23:15:00,3.82,3.89,3.74,4.07,-1.0719507748891957,3.793567946491167,3.640732
2018-12-27 23:30:00,3.78,3.85,3.64,3.82,-1.153888502517301,3.7791611274195764,3.6732779
2018-12-27 23:45:00,3.74,3.82,3.67,3.85,-1.2777432808182958,3.6625433583603186,3.629066
2018-12-28 00:00:00,4.82,3.82,3.74,3.92,2.7480313011846675,3.753447181637389,3.6593106
2018-12-28 00:15:00,3.74,3.82,3.64,3.89,2.741269148768872,3.6506570993314713,3.7989569
2018-12-28 00:30:00,3.78,3.78,3.74,3.85,2.7837812433152003,3.6323799290685503,3.8054862
2018-12-28 00:45:00,3.85,3.74,3.71,3.89,2.8193223117744566,3.608887592379113,3.801864
2018-12-28 01:00:00,4.14,4.82,3.71,3.89,4.797013260478018,3.7360650091267833,3.916661
2018-12-28 01:15:00,4.9,3.74,3.67,3.96,4.478936453630556,3.6257067418216216,3.6293876
2018-12-28 01:30:00,4.14,3.78,3.67,3.89,4.385803712704476,3.6385713879688977,3.6545649
2018-12-28 01:45:00,3.82,3.85,3.78,3.89,4.413039080643074,3.6404144668150993,3.630877
2018-12-28 02:00:00,3.85,4.14,4.18,3.89,5.720221624640985,3.681985850338401,3.693325
2018-12-28 02:15:00,3.82,4.9,4.86,3.92,6.138813383068005,3.8786384765955444,3.642091
2018-12-28 02:30:00,3.82,4.14,4.21,3.92,5.67797147311121,3.779641524031965,3.6054406
2018-12-28 02:45:00,3.82,3.82,3.71,3.92,5.513304230022701,3.750546220016638,3.5498178
2018-12-28 03:00:00,3.82,3.85,3.78,3.96,6.704779286754192,3.7282822219438883,3.638837
2018-12-28 03:15:00,3.89,3.82,3.67,4.79,6.679623935271319,3.661120722797929,3.6235473
2018-12-28 03:30:00,3.89,3.82,3.71,4.5,6.368559978671485,3.6512672802925628,3.6704862
2018-12-28 03:45:00,3.85,3.82,3.24,3.24,5.757865954082902,3.628019070491382,3.611099
2018-12-28 04:00:00,3.82,3.82,3.02,3.28,6.826593350429686,3.6276143673585635,3.5656092
2018-12-28 04:15:00,4.07,3.89,2.99,3.24,6.641118259244703,3.623131986130958,3.6190262
2018-12-28 04:30:00,5.04,3.89,2.99,3.24,6.439894778318237,3.6335564483359,3.651937
2018-12-28 04:45:00,4.1,3.85,2.95,3.28,6.26622984674977,3.633528510915907,3.661406
2018-12-28 05:00:00,3.82,3.82,2.95,3.28,7.304293649538572,3.6452663320750998,3.6679068
2018-12-28 05:15:00,3.89,4.07,2.95,3.28,7.02472561472586,3.6605626773108613,3.6241713
2018-12-28 05:30:00,3.38,5.04,2.95,3.2,7.148193835427168,3.8949799646161325,3.7964191
2018-12-28 05:45:00,3.17,4.1,2.95,3.24,6.4789665851402525,3.7974252575320655,3.5016136
2018-12-28 06:00:00,3.06,3.82,3.42,3.2,7.39554651964977,3.7639267935598726,3.4613326
2018-12-28 06:15:00,3.06,3.89,3.74,3.67,7.154433241818484,3.784141574381274,3.5941794
2018-12-28 06:30:00,3.1,3.38,4.86,3.96,6.724428721507184,3.3779057945737416,3.4235172
2018-12-28 06:45:00,3.06,3.17,4.21,3.92,6.011530683385917,3.3156138196477367,3.331613
2018-12-28 07:00:00,3.1,3.06,3.6,3.89,6.626485705459761,3.140933872925247,3.220462
2018-12-28 07:15:00,3.38,3.06,2.88,3.67,5.892123624634447,3.114233551892238,3.201528
2018-12-28 07:30:00,4.97,3.1,3.2,3.17,5.3556351166993075,3.3101283623395843,3.4261422
2018-12-28 07:45:00,6.7,3.06,4.9,5.44,5.641712980799657,4.932916834044416,4.718895
2018-12-28 08:00:00,6.16,3.1,5.65,6.77,6.973596855763521,4.980502093919409,4.4686627
2018-12-28 08:15:00,35.75,3.38,32.0,28.8,20.779551320581,31.02194739377675,30.714174
2018-12-28 08:30:00,57.78,4.97,52.63,54.22,35.309575266736935,58.43299068049367,59.108547
2018-12-28 08:45:00,57.74,6.7,73.66,56.41,42.80385245718336,64.72139755558668,66.63156
2018-12-28 09:00:00,66.46,6.16,63.47,56.74,39.54403295666299,60.68667485011134,65.05941
2018-12-28 09:15:00,66.82,35.75,56.77,43.78,51.2409385177508,64.42908566418558,59.493626
2018-12-28 09:30:00,59.9,57.78,53.93,47.52,61.00137303318627,59.55915854189552,57.447273
2018-12-28 09:45:00,63.32,57.74,59.4,56.2,61.873109042751736,58.76514347501355,59.273895
2018-12-28 10:00:00,57.17,66.46,76.03,51.59,60.86038935141458,60.86042974611318,59.118988
2018-12-28 10:15:00,55.91,66.82,47.81,66.64,56.646474348618,62.71779551275396,58.75633
2018-12-28 10:30:00,62.42,59.9,45.83,53.14,52.49021885099098,61.070528303261305,57.8002
2018-12-28 10:45:00,59.72,63.32,52.63,58.54,54.705885279345736,62.721141211729794,61.01442
2018-12-28 11:00:00,62.71,57.17,68.69,73.12,60.56333416532776,59.98809900616232,57.78196
2018-12-28 11:15:00,57.82,55.91,51.16,67.79,54.734957364848746,59.105462812244554,57.54107
2018-12-28 11:30:00,64.94,62.42,51.52,65.59,55.05530094189007,61.27104678497953,58.548958
2018-12-28 11:45:00,58.97,59.72,54.83,57.85,52.56039288397564,60.42440656770051,58.298035
2018-12-28 12:00:00,47.05,62.71,59.62,58.9,52.51487205367069,60.7562135070201,53.318443
2018-12-28 12:15:00,10.01,57.82,13.54,7.42,22.99565651148812,8.346767538290894,6.9557734
2018-12-28 12:30:00,7.81,64.94,6.62,8.35,24.109954526109227,6.921816311937023,5.518208
2018-12-28 12:45:00,7.27,58.97,6.59,7.67,21.166918548195795,6.716873286139169,5.607995
2018-12-28 13:00:00,7.31,47.05,17.82,7.2,22.701602680889543,7.965298544472856,6.2485375
2018-12-28 13:15:00,42.55,10.01,40.57,39.74,33.924372620124196,42.42475872094422,29.91458
2018-12-28 13:30:00,56.12,7.81,43.7,58.03,42.73824599162945,47.75531596844053,52.18297
2018-12-28 13:45:00,45.0,7.27,46.84,63.97,40.11162531455438,48.42199299255557,53.765793
2018-12-28 14:00:00,45.22,7.31,53.32,56.34,31.37271950398794,48.79750312462871,53.371414
2018-12-28 14:15:00,42.62,42.55,55.01,69.62,50.10584662772844,50.980820568752094,54.84341
2018-12-28 14:30:00,34.2,56.12,61.74,60.34,56.51736072532349,57.158721197149355,53.568504
2018-12-28 14:45:00,42.8,45.0,54.14,57.74,45.70004088589515,50.431238667240564,50.559113
2018-12-28 15:00:00,48.02,45.22,53.5,68.04,42.64595543455614,50.50127284687138,48.97734
2018-12-28 15:15:00,44.6,42.62,44.75,67.68,42.57383519520068,50.61430500910212,48.866318
2018-12-28 15:30:00,35.78,34.2,42.95,58.32,37.2610015140003,48.29826688949115,44.737495
2018-12-28 15:45:00,32.62,42.8,60.84,65.48,43.474894494062895,49.37445736306747,47.837708
2018-12-28 16:00:00,31.39,48.02,63.04,63.0,46.74128387868495,51.05394628601295,49.12451
2018-12-28 16:15:00,30.06,44.6,59.58,69.73,46.35177282522612,51.280163872967286,48.943985
2018-12-28 16:30:00,30.13,35.78,63.22,59.69,42.3597295207922,53.316841000204654,47.97075
2018-12-28 16:45:00,23.58,32.62,45.79,63.32,37.67840545851223,49.24536793677562,46.034775
2018-12-28 17:00:00,8.57,31.39,41.58,62.32,37.135139329685884,45.79414941592327,39.339485
2018-12-28 17:15:00,9.58,30.06,54.58,52.78,34.31681455898525,44.18565495152109,36.4889
2018-12-28 17:30:00,9.14,30.13,36.72,45.86,24.84762438015687,39.67697726353944,33.62708
2018-12-28 17:45:00,5.47,23.58,29.38,30.78,16.292760645615306,14.13137337210212,14.060212
2018-12-28 18:00:00,5.08,8.57,28.48,8.21,9.352304991665864,8.627422622055947,11.292346
2018-12-28 18:15:00,5.08,9.58,48.56,5.51,14.463974800742458,8.877942439613209,12.403751
2018-12-28 18:30:00,5.11,9.14,53.82,5.4,14.185056637288929,9.725616638007002,15.380739
2018-12-28 18:45:00,5.15,5.47,53.5,5.62,10.06405367145108,4.634491287521917,15.905125
2018-12-28 19:00:00,5.15,5.08,53.14,5.54,9.999090036412287,4.522963949524046,13.764602
2018-12-28 19:15:00,5.15,5.08,51.01,5.54,9.187156269164515,4.453064495004282,16.023516
2018-12-28 19:30:00,5.18,5.11,47.99,5.51,7.422204490500825,4.417454518585243,10.105263
2018-12-28 19:45:00,5.22,5.15,49.18,5.47,7.219983623089213,4.604687074543371,8.880173
2018-12-28 20:00:00,5.15,5.15,50.33,5.54,8.635497471258365,4.59598583154156,7.8983
2018-12-28 20:15:00,5.15,5.15,50.04,5.47,8.416703744738879,4.602403514923107,8.026196
2018-12-28 20:30:00,5.18,5.18,40.93,5.44,5.889114921285472,4.592732155580283,7.9376936
2018-12-28 20:45:00,5.26,5.22,14.51,5.47,-1.1837475917831206,4.5895049680522515,6.845638
2018-12-28 21:00:00,5.18,5.15,8.35,5.44,-1.6136601530224546,4.595130856499316,5.327145
2018-12-28 21:15:00,5.15,5.15,5.26,5.54,-2.3596333841866652,4.596979398650108,4.409554
2018-12-28 21:30:00,5.26,5.18,5.26,5.4,-2.324495036533964,4.596408289129922,4.164709
2018-12-28 21:45:00,5.26,5.26,5.26,5.44,-2.3563709383450977,4.535385707385712,4.163162
2018-12-28 22:00:00,5.22,5.18,4.5,5.44,-1.1481930427622835,4.534898967232484,4.2184644
2018-12-28 22:15:00,4.97,5.15,3.89,5.18,-1.3918499024365936,4.526395127771993,5.5577903
2018-12-28 22:30:00,4.97,5.26,3.85,5.26,-1.263147519174396,4.519755307521781,4.0358825
2018-12-28 22:45:00,4.93,5.26,3.82,5.15,-1.3103739559126062,4.502372749922117,5.4390397
2018-12-28 23:00:00,5.04,5.22,3.82,5.15,-0.01228607431619011,4.505808529965984,4.254967
2018-12-28 23:15:00,4.86,4.97,3.82,5.11,-0.008605742070489697,4.404130558483065,4.2005243
2018-12-28 23:30:00,4.86,4.97,3.78,4.57,-0.10536142800063786,4.403679247347292,5.47503
2018-12-28 23:45:00,4.86,4.93,3.74,4.0,-0.22109516768262338,4.40328812248752,4.005598
2018-12-29 00:00:00,4.28,5.04,4.82,3.31,-2.226925821339183,10.198640215326055,6.2091455
2018-12-29 00:15:00,4.9,4.86,3.74,4.0,-2.3567908666524175,4.552116595251404,4.0274644
2018-12-29 00:30:00,4.82,4.86,3.78,4.0,-2.2902760314162407,4.432699752037926,3.9931712
2018-12-29 00:45:00,3.85,4.86,3.85,4.0,-2.2431696199403426,4.431156550390646,4.0263658
2018-12-29 01:00:00,3.74,4.28,4.14,4.1,-0.8196736052377709,3.9250786045690758,3.7196069
2018-12-29 01:15:00,3.82,4.9,4.9,3.96,-0.4821985818765029,4.346420288785558,4.008058
2018-12-29 01:30:00,3.78,4.82,4.14,4.03,-0.7435638725800473,4.350405060108835,3.9418712
2018-12-29 01:45:00,3.67,3.85,3.82,4.03,-1.0137375417374273,3.807375233928633,3.6774774
2018-12-29 02:00:00,3.74,3.74,3.85,3.96,0.18251621920605032,3.7729682916949447,3.5705428
2018-12-29 02:15:00,3.71,3.82,3.82,4.07,0.28045825310902117,3.681994794392803,3.5693536
2018-12-29 02:30:00,3.82,3.78,3.82,4.07,-0.0395922243722957,3.6293159401663333,3.6555552
2018-12-29 02:45:00,3.78,3.67,3.82,3.67,-0.19714903642831771,3.6089512075293366,3.636088
2018-12-29 03:00:00,3.71,3.74,3.82,3.31,0.8635611460306514,3.594272539320802,3.6048129
2018-12-29 03:15:00,3.74,3.71,3.89,3.82,0.7897762163177724,3.6051857608279914,3.6088946
2018-12-29 03:30:00,3.78,3.82,3.89,4.07,0.7514335116503368,3.602025779825978,3.5970876
2018-12-29 03:45:00,3.78,3.78,3.85,3.42,0.3872160213333622,3.565948048937096,3.546453
2018-12-29 04:00:00,3.74,3.71,3.82,3.38,1.4595272866046471,3.59195131085208,3.5768027
2018-12-29 04:15:00,3.02,3.74,4.07,3.31,1.3014753010196216,3.5839436880547595,3.5679653
2018-12-29 04:30:00,3.74,3.78,5.04,3.38,1.334310261783589,3.6199917720678694,3.5409713
2018-12-29 04:45:00,3.6,3.78,4.1,3.35,0.9270952606734113,3.607842427346111,3.6688316
2018-12-29 05:00:00,3.06,3.74,3.82,3.38,1.9133323058018057,3.6085230151355026,3.64615
2018-12-29 05:15:00,3.02,3.02,3.89,3.42,1.4341183703335716,3.2457853790702553,3.144523
2018-12-29 05:30:00,3.02,3.74,3.38,3.96,1.3009052976395203,3.5413401968716993,3.334659
2018-12-29 05:45:00,2.99,3.6,3.17,4.07,0.8821534428935642,3.569541583109495,3.2671978
2018-12-29 06:00:00,3.06,3.06,3.06,4.07,1.7025952181813935,3.2449708873385616,3.0841947
2018-12-29 06:15:00,3.06,3.02,3.06,4.0,1.2103377529608146,3.227071876199773,3.0748487
2018-12-29 06:30:00,3.67,3.02,3.1,3.38,0.6698115708839616,3.210966424524771,3.0670867
2018-12-29 06:45:00,3.74,2.99,3.06,3.35,-0.00828194215014122,3.2488479736711957,3.2212756
2018-12-29 07:00:00,3.71,3.06,3.1,3.35,0.6742986227781778,3.2349079053824084,3.1963096
2018-12-29 07:15:00,3.67,3.06,3.38,3.31,0.18417227592066965,3.236071362570826,3.2543232
2018-12-29 07:30:00,3.38,3.67,4.97,3.85,0.47841066213158,3.3608852631067148,3.2168238
2018-12-29 07:45:00,3.02,3.74,6.7,4.03,0.5106240594131748,3.684042269835363,4.213949
2018-12-29 08:00:00,2.92,3.71,6.16,3.35,1.13281591929767,4.3148571344886735,4.182222
2018-12-29 08:15:00,2.95,3.67,35.75,3.31,12.082578335893167,21.179672698921177,13.756755
2018-12-29 08:30:00,3.13,3.38,57.78,3.24,21.412682498554624,26.011684473639452,18.096397
2018-12-29 08:45:00,3.78,3.02,57.74,3.38,25.27298939983219,23.373587946568467,18.967
2018-12-29 09:00:00,3.24,2.92,66.46,3.82,24.907712461865614,22.55581511807948,14.0007515
2018-12-29 09:15:00,3.17,2.95,66.82,4.28,25.705185755811744,5.249101167688629,3.9574559
2018-12-29 09:30:00,3.2,3.13,59.9,4.28,22.550897605599275,3.9066679871202035,3.6358137
2018-12-29 09:45:00,3.31,3.78,63.32,4.32,22.09920181018316,4.063761672651029,4.1331935
2018-12-29 10:00:00,4.03,3.24,57.17,4.21,21.306004519986757,3.8092610930754747,3.1944401
2018-12-29 10:15:00,4.03,3.17,55.91,3.6,18.03991171175753,3.971595121118694,3.5420218
2018-12-29 10:30:00,4.03,3.2,62.42,3.6,19.332964713533027,3.9672048370563515,3.0374591
2018-12-29 10:45:00,4.03,3.31,59.72,3.6,18.36453579095861,4.010151657737821,3.4234836
2018-12-29 11:00:00,6.19,4.03,62.71,3.6,19.464032180868337,4.088578298920216,3.6745615
2018-12-29 11:15:00,26.17,4.03,57.82,3.6,17.27066775858743,4.006735026387734,3.2861679
2018-12-29 11:30:00,9.36,4.03,64.94,3.6,17.461207367858375,4.13218480287091,3.7194445
2018-12-29 11:45:00,3.64,4.03,58.97,3.6,15.976755978987875,4.812946838819613,4.083933
2018-12-29 12:00:00,4.14,6.19,47.05,3.6,12.299935084177573,4.592867342699825,4.4043074
2018-12-29 12:15:00,3.78,26.17,10.01,3.71,6.3286075979284995,10.891641584279569,5.6946545
2018-12-29 12:30:00,3.46,9.36,7.81,4.39,-0.9457392407867395,7.502240464477958,5.1447186
2018-12-29 12:45:00,3.42,3.64,7.27,4.1,-3.66507592453479,5.87413888197255,5.803203
2018-12-29 13:00:00,3.42,4.14,7.31,3.71,-1.5336576262915713,6.136444226628324,7.364119
2018-12-29 13:15:00,4.1,3.78,42.55,4.28,8.211656687192342,18.498152346452567,12.410974
2018-12-29 13:30:00,4.14,3.46,56.12,4.25,11.97085085048272,27.563037190306403,22.259739
2018-12-29 13:45:00,4.07,3.42,45.0,4.25,7.712989000539313,3.9684002488664434,4.5179353
2018-12-29 14:00:00,4.03,3.42,45.22,4.21,8.566141078581037,4.158858225128381,4.8282604
2018-12-29 14:15:00,3.92,4.1,42.62,3.67,8.531825169412851,4.498339941819929,4.3295984
2018-12-29 14:30:00,3.31,4.14,34.2,3.46,7.8882574407697525,4.335333959073032,5.4979315
2018-12-29 14:45:00,3.35,4.07,42.8,3.49,5.267713419928448,4.155235122250608,5.2760167
2018-12-29 15:00:00,3.31,4.03,48.02,3.53,7.947781973465762,5.174890714909846,5.3918667
2018-12-29 15:15:00,3.31,3.92,44.6,3.56,6.374943973997198,4.726973983478681,3.9775794
2018-12-29 15:30:00,3.31,3.31,35.78,3.53,3.351546164189159,3.8801498166929793,4.4549932
2018-12-29 15:45:00,3.35,3.35,32.62,3.56,3.058086952489557,3.8560996805932155,3.1781974
2018-12-29 16:00:00,3.49,3.31,31.39,3.56,4.43904316022623,3.978866761762177,3.4869213
2018-12-29 16:15:00,4.1,3.31,30.06,3.49,4.5874653841594295,3.5735515377564053,3.9314084
2018-12-29 16:30:00,3.71,3.31,30.13,3.53,6.8946775395835616,3.374725983533002,3.4491959
2018-12-29 16:45:00,3.67,3.35,23.58,3.56,1.0993360127454572,3.299502765380229,3.4138513
2018-12-29 17:00:00,4.1,3.49,8.57,4.68,-0.013212588538880965,3.283788441841949,3.4744163
2018-12-29 17:15:00,4.07,4.1,9.58,5.44,0.4527036295765434,3.4265466461907894,3.509576
2018-12-29 17:30:00,4.07,3.71,9.14,4.46,-5.888075754240706,3.4495151374077415,3.505419
2018-12-29 17:45:00,4.1,3.67,5.47,4.28,-10.347955647074972,3.4742217128122297,3.416972
2018-12-29 18:00:00,3.56,4.1,5.08,4.07,-9.662721744850334,3.493504302115568,3.6119387
2018-12-29 18:15:00,3.31,4.07,5.08,3.6,-7.197459851774628,3.747569403634793,3.776697
2018-12-29 18:30:00,3.24,4.07,5.11,3.67,-6.735922522184399,3.665894872876436,3.7567608
2018-12-29 18:45:00,3.35,4.1,5.15,3.67,-7.059248703373289,3.86280511001883,4.024547
2018-12-29 19:00:00,3.31,3.56,5.15,3.71,-6.048423189416862,3.660785259286411,3.612532
2018-12-29 19:15:00,3.35,3.31,5.15,3.74,-6.530354274818922,3.3725292968778886,3.4287233
2018-12-29 19:30:00,3.35,3.24,5.18,3.71,-7.1215326383041635,3.33529984757961,3.2657619
2018-12-29 19:45:00,3.31,3.35,5.22,3.74,-7.145707781110591,3.1969716986537495,3.2273417
2018-12-29 20:00:00,3.71,3.31,5.15,3.67,-5.932960237861334,3.28092944124423,3.301989
2018-12-29 20:15:00,4.36,3.35,5.15,3.67,-6.062252547404167,3.27940020289425,3.3115866
2018-12-29 20:30:00,4.28,3.35,5.18,3.67,-7.420323203842013,3.297554532365807,3.3393345
2018-12-29 20:45:00,4.14,3.31,5.26,3.67,-11.119284691882793,3.296674306028278,3.3643909
2018-12-29 21:00:00,4.1,3.71,5.18,4.18,-10.444878202958929,3.225235420378588,3.2523448
2018-12-29 21:15:00,4.07,4.36,5.15,4.61,-10.398360244198539,3.388406665020356,3.4576213
2018-12-29 21:30:00,3.85,4.28,5.26,5.51,-10.178927107238476,3.426474901357888,3.4437206
2018-12-29 21:45:00,3.46,4.14,5.26,4.43,-10.578405592001392,3.6271310009062434,3.6642897
2018-12-29 22:00:00,3.31,4.1,5.22,4.1,-9.368912316927197,3.7748425829480614,3.7789607
2018-12-29 22:15:00,3.13,4.07,4.97,3.46,-9.580450904395565,3.8218801984033433,3.6850069
2018-12-29 22:30:00,3.13,3.85,4.97,3.38,-9.557651853698022,3.753264200689795,3.5791328
2018-12-29 22:45:00,3.13,3.46,4.93,3.42,-9.656633497589372,3.3686730105251224,3.2656784
2018-12-29 23:00:00,3.17,3.31,5.04,3.38,-8.345169947386854,3.2881614459843345,3.167789
2018-12-29 23:15:00,3.06,3.13,4.86,3.35,-8.407214368155312,3.1620158010453885,3.0177984
2018-12-29 23:30:00,2.99,3.13,4.86,3.31,-8.438528182750378,3.1453067238308963,3.086221
2018-12-29 23:45:00,3.42,3.13,4.86,3.31,-8.437446558866984,3.1726467584811604,3.1388426
2018-12-30 00:00:00,3.1,3.17,4.28,3.78,-6.569896384479261,3.3264134878625726,2.5728352
2018-12-30 00:15:00,3.92,3.06,4.9,3.31,-6.58530073979632,3.1895296592745503,3.2073493
2018-12-30 00:30:00,3.82,2.99,4.82,3.35,-6.552678281880102,3.1718998981853535,3.1999714
2018-12-30 00:45:00,3.74,3.42,3.85,3.42,-6.538421131694381,3.136408175883597,3.079571
2018-12-30 01:00:00,3.78,3.1,3.74,4.93,-4.955301219992723,3.1770503272091006,3.1799717
2018-12-30 01:15:00,3.42,3.92,3.82,4.93,-4.517666500089387,3.2414345537504867,3.132117
2018-12-30 01:30:00,3.17,3.82,3.78,4.14,-4.878200801645118,3.359396175905324,3.1742527
2018-12-30 01:45:00,3.02,3.74,3.67,4.07,-4.924926315061445,3.4207825910247873,3.3380563
2018-12-30 02:00:00,3.1,3.78,3.74,3.49,-3.920563352561171,3.484653391155667,3.535678
2018-12-30 02:15:00,3.06,3.42,3.71,3.46,-3.8696191558156485,3.3542210319791237,3.3644054
2018-12-30 02:30:00,3.1,3.17,3.82,3.49,-4.007111155706678,3.235995827678167,3.1384165
2018-12-30 02:45:00,3.13,3.02,3.78,3.42,-4.025402375274123,3.156643225640613,3.058273
2018-12-30 03:00:00,3.1,3.1,3.71,3.42,-2.962528786726736,3.1444048419167747,3.1225207
2018-12-30 03:15:00,3.13,3.06,3.74,3.46,-3.202833354885769,3.186471694667594,3.1935208
2018-12-30 03:30:00,3.6,3.1,3.78,3.42,-3.3635347539269347,3.1864995097379794,3.2301023
2018-12-30 03:45:00,4.86,3.13,3.78,3.53,-3.5372515446681483,3.177644264628533,3.2093785
2018-12-30 04:00:00,3.85,3.1,3.74,3.46,-2.4638354457440563,3.1738843307560503,3.2242668
2018-12-30 04:15:00,3.82,3.13,3.02,3.42,-2.7505968355397847,3.1759859788223337,3.2643857
2018-12-30 04:30:00,3.82,3.6,3.74,3.6,-2.5068036276739996,3.1612226260472984,3.120088
2018-12-30 04:45:00,3.46,4.86,3.6,4.14,-2.0823756140228333,3.4641281536867243,3.7026753
2018-12-30 05:00:00,3.17,3.85,3.06,5.18,-1.3087470177517595,3.3966968686732186,3.202009
2018-12-30 05:15:00,3.13,3.82,3.02,4.64,-1.8730550699101265,3.475229791948988,3.243635
2018-12-30 05:30:00,3.1,3.82,3.02,4.1,-2.3831521843652617,3.538487749259689,3.2359369
2018-12-30 05:45:00,3.1,3.46,2.99,3.49,-3.0033862056986145,3.295564465700717,3.3532538
2018-12-30 06:00:00,3.1,3.17,3.06,3.38,-2.090883567963605,3.2192578905097182,3.1156824
2018-12-30 06:15:00,3.13,3.13,3.06,3.35,-2.5059150943821287,3.1402834454218964,3.0811064
2018-12-30 06:30:00,3.13,3.1,3.67,3.46,-2.8992004291639013,3.1501728461293115,3.0793817
2018-12-30 06:45:00,3.1,3.1,3.74,3.38,-3.5023811205859836,3.1965381553872825,3.2170665
2018-12-30 07:00:00,3.82,3.1,3.71,3.38,-2.833403336575909,3.1776598459650875,3.2222452
2018-12-30 07:15:00,4.36,3.13,3.67,3.38,-3.360309995946267,3.1825568928054833,3.2275388
2018-12-30 07:30:00,4.97,3.13,3.38,3.38,-3.721021373774537,3.3012459038030175,3.2594762
2018-12-30 07:45:00,3.96,3.1,3.02,3.42,-3.961843745196763,3.2047143340032833,3.9852455
2018-12-30 08:00:00,3.46,3.82,2.92,3.49,-2.7525321083535417,5.103662028801129,3.0970657
2018-12-30 08:15:00,3.06,4.36,2.95,4.07,5.427950701431634,7.854966118287563,4.5761504
2018-12-30 08:30:00,3.06,4.97,3.13,4.97,12.740996409488622,10.466802719387855,11.188738
2018-12-30 08:45:00,3.17,3.96,3.78,4.82,16.578540294926356,7.894850995845087,7.580145
2018-12-30 09:00:00,3.28,3.46,3.24,4.28,14.821793397431684,7.943457038919124,6.626011
2018-12-30 09:15:00,3.35,3.06,3.17,3.92,15.444551794638407,4.2197741158766355,4.033811
2018-12-30 09:30:00,3.38,3.06,3.2,3.71,13.061788102997031,5.769669738719251,4.469796
2018-12-30 09:45:00,3.35,3.17,3.31,3.64,11.891652236951678,3.6334979192473367,3.9274778
2018-12-30 10:00:00,3.46,3.28,4.03,3.64,12.52451150733853,3.587020443309935,4.6235833
2018-12-30 10:15:00,3.38,3.35,4.03,3.67,9.085921375141275,3.535070983264946,4.5728645
2018-12-30 10:30:00,4.0,3.38,4.03,3.71,9.588114193629476,3.5400010401063384,4.2436714
2018-12-30 10:45:00,4.1,3.35,4.03,3.71,9.184277325526171,3.5344614469791678,3.8667612
2018-12-30 11:00:00,4.1,3.46,6.19,3.74,10.192749814198073,3.5900984554542985,4.0601907
2018-12-30 11:15:00,4.28,3.38,26.17,3.78,10.47002367136719,3.6015617318569966,4.159762
2018-12-30 11:30:00,4.61,4.0,9.36,3.71,8.40027280008626,3.704319523735325,4.178105
2018-12-30 11:45:00,3.56,4.1,3.64,3.74,7.574360680482428,4.199465734352749,4.207646
2018-12-30 12:00:00,3.42,4.1,4.14,3.96,4.520517350893307,4.188660255133176,4.801378
2018-12-30 12:15:00,3.46,4.28,3.78,4.86,-7.473182270298938,6.579998891860097,4.9842677
2018-12-30 12:30:00,3.46,4.61,3.46,5.54,-8.676524750262335,4.682459228831686,4.7362494
2018-12-30 12:45:00,3.31,3.56,3.42,4.54,-9.884577096658493,5.007194452583419,4.229706
2018-12-30 13:00:00,3.28,3.42,3.42,4.36,-7.946719830437086,3.7833970704219335,4.1196527
2018-12-30 13:15:00,3.2,3.46,4.1,3.67,-0.5798082055241629,3.851323488500278,4.019249
2018-12-30 13:30:00,3.24,3.46,4.14,3.67,3.7796599847528647,5.137556664623845,4.755292
2018-12-30 13:45:00,3.24,3.31,4.07,3.67,1.3015033879991407,3.888799060810295,4.306082
2018-12-30 14:00:00,4.03,3.28,4.03,3.67,2.2630066459149027,3.595673249099314,4.333258
2018-12-30 14:15:00,4.0,3.2,3.92,3.71,2.470988250313507,3.5679867568386605,4.313159
2018-12-30 14:30:00,4.03,3.24,3.31,3.67,2.8536701411301735,3.5799066603238043,3.7810876
2018-12-30 14:45:00,4.82,3.24,3.35,3.67,-0.8549793345842893,3.5784128342368473,3.8583336
2018-12-30 15:00:00,4.1,4.03,3.31,3.67,1.8053163288806289,3.783878765826553,3.8700974
2018-12-30 15:15:00,3.31,4.0,3.31,3.64,0.5625729472896133,3.708429385359115,3.9963462
2018-12-30 15:30:00,3.24,4.03,3.31,3.67,-1.2504136564869341,3.8297125808647783,3.853282
2018-12-30 15:45:00,3.24,4.82,3.35,3.74,-0.46629713976907183,4.745384390968148,3.9135711
2018-12-30 16:00:00,3.35,4.1,3.49,4.36,1.158338167599677,7.56214942325774,3.9760447
2018-12-30 16:15:00,3.31,3.31,4.1,4.36,1.3322844107014014,4.650787691739455,3.853798
2018-12-30 16:30:00,3.35,3.24,3.71,5.0,3.866633376242511,3.428798255947471,3.3459368
2018-12-30 16:45:00,3.24,3.24,3.67,5.33,-1.3821797964943165,3.3529391524368815,3.1776574
2018-12-30 17:00:00,3.24,3.35,4.1,3.6,-1.2368826254033074,3.382943662987282,3.414219
2018-12-30 17:15:00,3.42,3.31,4.07,3.56,-1.0507134645425715,3.380945171332577,3.4041011
2018-12-30 17:30:00,4.0,3.35,4.07,3.6,-7.342803432204153,3.378929623583335,3.3825147
2018-12-30 17:45:00,4.75,3.24,4.1,3.67,-11.312785453244889,3.3804952008894222,3.343837
2018-12-30 18:00:00,4.68,3.24,3.56,3.49,-10.769600072829203,3.369884542208921,3.522666
2018-12-30 18:15:00,3.89,3.42,3.31,3.49,-7.844727950887272,3.3664106708553305,3.4127994
2018-12-30 18:30:00,3.53,4.0,3.24,3.49,-6.960043999035097,3.336187253946908,3.1059082
2018-12-30 18:45:00,3.2,4.75,3.35,3.64,-6.817865060452309,3.4808440352480967,3.5708694
2018-12-30 19:00:00,3.28,4.68,3.31,3.64,-5.858006729326295,3.8055917203654555,3.653042
2018-12-30 19:15:00,3.24,3.89,3.35,4.03,-6.616788753507127,3.6939324104828493,3.4832716
2018-12-30 19:30:00,3.24,3.53,3.35,4.25,-7.208334957480989,3.6424461583670253,3.5290532
2018-12-30 19:45:00,3.2,3.2,3.31,4.28,-7.167970905444964,3.331785068872999,3.220491
2018-12-30 20:00:00,3.24,3.28,3.71,4.25,-5.884016575391595,3.326743604457306,3.2534823
2018-12-30 20:15:00,3.31,3.24,4.36,4.0,-6.11078976667773,3.3151000619294337,3.2931824
2018-12-30 20:30:00,3.24,3.24,4.28,3.49,-7.7888616909144055,3.4130405339810177,3.368711
2018-12-30 20:45:00,3.78,3.2,4.14,4.21,-11.914007868101738,3.456367843105942,3.4187274
2018-12-30 21:00:00,4.32,3.24,4.1,4.14,-11.62486558909578,3.4589358096743643,3.4160457
2018-12-30 21:15:00,4.07,3.31,4.07,3.49,-12.135406580543307,3.391381014473911,3.3417268
2018-12-30 21:30:00,4.07,3.24,3.85,3.42,-12.18284425704196,3.3875938079106667,3.3527422
2018-12-30 21:45:00,4.03,3.78,3.46,3.46,-11.944224317843872,3.281786518140583,3.159798
2018-12-30 22:00:00,4.0,4.32,3.31,3.53,-10.354395182463872,3.3650052365318466,3.2812386
2018-12-30 22:15:00,3.2,4.07,3.13,3.2,-10.640974571662792,3.350811730990408,3.2248166
2018-12-30 22:30:00,2.99,4.07,3.13,3.2,-10.667489694223452,3.5263757782743284,3.2655349
2018-12-30 22:45:00,3.1,4.03,3.13,3.2,-10.723248946298344,3.736505214133452,3.409767
2018-12-30 23:00:00,3.02,4.0,3.17,3.96,-9.279731681092567,3.792736660232744,3.5306623
2018-12-30 23:15:00,2.95,3.2,3.06,4.0,-9.33623837159642,3.3168706352286232,3.1047082
2018-12-30 23:30:00,2.99,2.99,2.99,4.0,-9.296502677864101,3.303945316768052,3.0824616
2018-12-30 23:45:00,2.92,3.1,3.42,4.0,-9.20166104654017,3.2394555253264667,2.9957058
2018-12-31 00:00:00,3.67,3.02,3.1,3.78,4.641227164162416,3.3723305469456637,3.4465935
2018-12-31 00:15:00,3.64,2.95,3.92,3.35,4.529465179823667,3.17677886725851,3.2079175
2018-12-31 00:30:00,3.31,2.99,3.82,3.38,4.556566044962668,3.180119594048572,3.233643
2018-12-31 00:45:00,3.49,2.92,3.74,3.38,4.439814660101025,3.151369007169684,3.247857
2018-12-31 01:00:00,3.71,3.67,3.78,3.96,6.227714411982792,3.1421664051898346,3.2478454
2018-12-31 01:15:00,3.78,3.64,3.42,3.89,6.277205577399968,3.143380766946763,3.0209236
2018-12-31 01:30:00,3.71,3.31,3.17,3.38,5.92480826167197,3.1241382274828364,2.993335
2018-12-31 01:45:00,3.67,3.49,3.02,3.35,5.86782255816513,3.2891088214959865,3.1713498
2018-12-31 02:00:00,3.02,3.71,3.1,3.49,7.30190076631801,3.4882703066786114,3.3217022
2018-12-31 02:15:00,2.99,3.78,3.06,3.38,7.365417669503383,3.466721606835331,3.3101907
2018-12-31 02:30:00,3.06,3.71,3.1,3.42,7.168494894970522,3.4624558281647873,3.422514
2018-12-31 02:45:00,3.02,3.67,3.13,4.0,7.251136580221864,3.544039163880762,3.5246398
2018-12-31 03:00:00,3.06,3.02,3.1,4.07,8.32841097945856,3.3135585903663687,3.2228265
2018-12-31 03:15:00,3.02,2.99,3.13,4.14,8.200096032717415,3.1894896562279347,3.1733837
2018-12-31 03:30:00,3.46,3.06,3.6,4.1,8.087421796034498,3.174453849395976,3.185225
2018-12-31 03:45:00,3.74,3.02,4.86,3.96,8.002963394153376,3.212305743804579,3.2399707
2018-12-31 04:00:00,3.06,3.06,3.85,3.35,8.74415620574532,3.1737213783998253,3.24271
2018-12-31 04:15:00,3.74,3.02,3.82,3.38,8.547735549530433,3.159198653406656,3.2209902
2018-12-31 04:30:00,3.74,3.46,3.82,3.64,8.689230000467902,3.1519523502072953,3.110686
2018-12-31 04:45:00,3.78,3.74,3.46,4.07,8.50190138120837,3.1624213263810037,3.1639252
2018-12-31 05:00:00,3.78,3.06,3.17,3.42,9.00547855181539,3.1182993439710978,3.046879
2018-12-31 05:15:00,3.56,3.74,3.13,3.31,8.863717552794157,3.280827965535674,3.1232698
2018-12-31 05:30:00,2.99,3.74,3.1,3.35,8.523764533837092,3.3545360926140018,3.1245742
2018-12-31 05:45:00,3.02,3.78,3.1,3.35,8.26040261637015,3.599162532041123,3.2241278
2018-12-31 06:00:00,2.95,3.78,3.1,3.35,9.099513287584202,3.5931941021138427,3.612499
2018-12-31 06:15:00,3.02,3.56,3.13,3.38,8.728516185456826,3.6800398629477513,3.441409
2018-12-31 06:30:00,2.99,2.99,3.13,3.6,8.292153283378259,3.300882254257139,3.1095455
2018-12-31 06:45:00,3.02,3.02,3.1,4.03,7.875184844349523,3.1795696098514092,3.1690326
2018-12-31 07:00:00,3.74,2.95,3.82,4.0,8.61399839541016,3.143382693670357,3.192389
2018-12-31 07:15:00,3.17,3.02,4.36,3.96,8.108981325443633,3.1744636347638915,3.2347486
2018-12-31 07:30:00,2.95,2.99,4.97,4.54,7.932704317868751,3.519192319578289,3.790795
2018-12-31 07:45:00,3.56,3.02,3.96,5.36,7.6968331763869,4.666970928986241,4.451243
2018-12-31 08:00:00,3.64,3.74,3.46,6.52,9.02743770518084,5.530450985959267,7.893756
2018-12-31 08:15:00,3.6,3.17,3.06,21.89,19.642552419394754,28.056463759243652,21.790237
2018-12-31 08:30:00,3.74,2.95,3.06,59.62,32.94996728004549,41.84747034396989,35.97095
2018-12-31 08:45:00,3.74,3.56,3.17,64.58,38.17013585551857,53.95021873769974,53.57087
2018-12-31 09:00:00,3.06,3.64,3.28,67.18,37.21407371212106,52.473728009675504,46.258476
2018-12-31 09:15:00,3.17,3.6,3.35,69.44,38.148649229482714,3.7529095696584136,33.604538
2018-12-31 09:30:00,3.13,3.74,3.38,65.38,35.033774533130625,3.8763052272544702,30.583721
2018-12-31 09:45:00,3.17,3.74,3.35,67.0,34.36463315826014,3.872728236552282,29.982988
2018-12-31 10:00:00,3.24,3.06,3.46,56.27,33.028649524766166,3.77138485815766,25.42974
2018-12-31 10:15:00,3.2,3.17,3.38,54.18,29.276891405345804,3.7898306981195,20.55721
2018-12-31 10:30:00,4.03,3.13,4.0,58.39,30.609415773742825,3.7651574517562425,16.281723
2018-12-31 10:45:00,3.67,3.17,4.1,54.86,29.524916837578534,3.808518842366925,19.060146
2018-12-31 11:00:00,3.35,3.24,4.1,54.18,30.11892597094332,3.836482159931639,17.292522
2018-12-31 11:15:00,3.35,3.2,4.28,55.55,28.00438072618292,3.8291249860488157,20.435658
2018-12-31 11:30:00,3.82,4.03,4.61,53.21,27.97446032003396,4.064612467778406,24.791748
2018-12-31 11:45:00,4.0,3.67,3.56,53.03,27.478574529176576,3.7754237980827012,22.264568
2018-12-31 12:00:00,4.07,3.35,3.42,40.64,22.012685871092803,3.8529956573178863,18.113153
2018-12-31 12:15:00,4.03,3.35,3.46,6.91,3.564921044741844,3.871324471214716,16.13982
2018-12-31 12:30:00,4.1,3.82,3.46,6.91,2.1079563119419973,3.9208154488754037,15.665307
2018-12-31 12:45:00,3.35,4.0,3.31,6.48,1.2883069067371515,3.9169132891806595,16.37387
2018-12-31 13:00:00,3.35,4.07,3.28,6.12,3.1407973870241754,3.977269051026523,15.648482
2018-12-31 13:15:00,3.35,4.03,3.2,34.49,15.59232813276114,5.057972682989,19.625484
2018-12-31 13:30:00,3.31,4.1,3.24,46.98,22.420022240158808,6.226100258434625,24.64224
2018-12-31 13:45:00,3.31,3.35,3.24,38.2,18.383375737030917,4.712130841099494,20.676296
2018-12-31 14:00:00,3.35,3.35,4.03,37.84,19.40502123116564,4.079981296261061,17.688097
2018-12-31 14:15:00,3.35,3.35,4.0,43.45,20.473552051864626,3.923039734063633,18.165186
2018-12-31 14:30:00,3.56,3.31,4.03,63.9,23.93111384297346,3.9366225631444642,19.242474
2018-12-31 14:45:00,4.07,3.31,4.82,38.48,16.318012326632946,3.9988109391807143,17.623272
2018-12-31 15:00:00,3.53,3.35,4.1,38.12,18.569245362238338,4.00687556788867,17.137762
2018-12-31 15:15:00,3.42,3.35,3.31,45.25,18.351129224731768,3.987359192402443,19.997606
2018-12-31 15:30:00,4.07,3.56,3.24,51.12,17.429495330118336,3.8809794775659814,21.824064
2018-12-31 15:45:00,4.07,4.07,3.24,45.72,17.283826656359995,3.88239978738339,22.008928
2018-12-31 16:00:00,4.03,3.53,3.35,51.7,19.7375747781426,3.8140110457637175,20.914532
2018-12-31 16:15:00,4.07,3.42,3.31,47.2,19.18465094737379,3.8038907758858924,12.907569
2018-12-31 16:30:00,3.92,4.07,3.35,69.55,25.46902480672247,3.894407158490591,9.372703
2018-12-31 16:45:00,3.31,4.07,3.24,44.82,16.184383710029046,3.966501282766623,6.679934
2018-12-31 17:00:00,3.31,4.03,3.24,40.86,15.710813959125199,4.253437138254375,4.9226375
2018-12-31 17:15:00,3.35,4.07,3.42,33.66,14.72774761403916,5.0598035568169,5.3608723
2018-12-31 17:30:00,3.31,3.92,4.0,9.86,4.681262642193193,3.93867567409808,4.1526413
2018-12-31 17:45:00,3.46,3.31,4.75,6.73,0.19625721229930448,3.399520328453043,3.8873756
2018-12-31 18:00:00,3.42,3.31,4.68,5.29,0.6155817889726514,3.38621704336403,3.8643336
2018-12-31 18:15:00,3.35,3.35,3.89,5.22,3.371743294368521,3.3535737507090886,4.3552837
2018-12-31 18:30:00,3.82,3.31,3.53,5.18,3.7721867911105917,3.347258187367147,4.5354023
2018-12-31 18:45:00,4.14,3.46,3.2,5.33,3.5195729667095286,3.311601547327,4.670887
2018-12-31 19:00:00,3.49,3.42,3.28,5.04,4.497869404379532,3.310169313787354,4.6609135
2018-12-31 19:15:00,3.96,3.35,3.24,4.14,3.812146266242685,3.308275941967508,4.696401
2018-12-31 19:30:00,4.14,3.82,3.24,4.18,3.3870462551490625,3.3870285358902716,4.606201
2018-12-31 19:45:00,4.21,4.14,3.2,4.1,3.6047809786438485,3.410843978787398,3.7836564
2018-12-31 20:00:00,4.14,3.49,3.24,4.18,4.758544698185418,3.418229546703222,3.374115
2018-12-31 20:15:00,4.18,3.96,3.31,4.1,4.726392840828506,3.4360388289538992,3.2451022
2018-12-31 20:30:00,3.38,4.14,3.24,4.14,3.3305247493369237,3.63810376159523,3.8723133
2018-12-31 20:45:00,3.42,4.21,3.78,4.21,-0.7294551956547153,3.682926390760659,4.8451047
2018-12-31 21:00:00,3.42,4.14,4.32,4.18,-0.5487616502286379,3.7300537898759627,4.6068163
2018-12-31 21:15:00,3.42,4.18,4.07,4.18,-0.9953470627292127,3.890703868551136,3.9351108
2018-12-31 21:30:00,3.49,3.38,4.07,4.14,-1.0635428486495861,3.4168689432549333,3.49399
2018-12-31 21:45:00,3.42,3.42,4.03,4.18,-0.9850090582584663,3.421305382183616,3.4829822
2018-12-31 22:00:00,3.42,3.42,4.0,5.4,0.5222989447730733,3.41299871681493,3.5524893
2018-12-31 22:15:00,3.24,3.42,3.2,4.5,0.01576078563426009,3.3272819813777255,3.3417568
2018-12-31 22:30:00,3.67,3.49,2.99,3.92,-0.035042943048843256,3.3040414020036937,3.197907
2018-12-31 22:45:00,3.82,3.42,3.1,3.89,-0.09709212876476059,3.295183650224731,3.1762319
2018-12-31 23:00:00,3.85,3.42,3.02,3.85,1.2053479121159008,3.297015924568589,3.2038088
2018-12-31 23:15:00,3.74,3.24,2.95,3.85,1.2134770150660685,3.209471314450176,3.113984
2018-12-31 23:30:00,3.78,3.67,2.99,3.82,1.4250306771478876,3.2071616139156616,3.1491907
2018-12-31 23:45:00,3.78,3.82,2.92,3.85,1.536716512405416,3.365731121732416,3.225726
