date,actual,Naive (persistence),Seasonal naive (7 ngày),Linear Regression,Random Forest,XGBoost
2018-12-01 00:00:00,3.35,3.96,3.02,-5.1986106956628255,3.68389389315981,3.3464305
2018-12-01 00:15:00,3.89,4.07,3.49,-4.694294673746686,3.678046914580961,3.5642948
2018-12-01 00:30:00,3.85,4.0,3.56,-4.27335033297069,3.6243051768096226,3.545638
2018-12-01 00:45:00,3.89,4.0,3.56,-3.860687562792709,3.5981153304972797,3.553937
2018-12-01 01:00:00,3.89,4.0,3.56,-4.347926378696275,3.6001389654918317,3.5093327
2018-12-01 01:15:00,4.03,4.97,3.6,-3.729810718922689,4.257731696158311,3.5786595
2018-12-01 01:30:00,3.89,5.18,3.56,-3.3039337777109345,4.183400508332362,3.515688
2018-12-01 01:45:00,3.92,4.0,3.49,-3.234584529341898,3.9113575121702087,3.5134983
2018-12-01 02:00:00,3.92,4.0,3.56,-3.721854516901683,3.925894127803765,3.5065422
2018-12-01 02:15:00,3.96,4.1,3.6,-3.292134851898826,3.8633174397212233,3.4813666
2018-12-01 02:30:00,4.03,4.1,3.6,-2.864143952414384,3.632950314063814,3.5246148
2018-12-01 02:45:00,4.14,4.07,3.56,-2.3456008031691375,3.6775783995262237,3.5172582
2018-12-01 03:00:00,5.08,3.85,3.56,-3.0469863250472606,3.5987013188466284,3.2782025
2018-12-01 03:15:00,4.72,3.46,3.64,-3.0580184972708047,3.530433779279362,3.1736083
2018-12-01 03:30:00,3.96,3.42,3.56,-2.7257386660363245,3.5179961360381706,3.2003422
2018-12-01 03:45:00,3.92,3.46,3.89,-2.2875876487980342,3.5358379733440732,3.2142391
2018-12-01 04:00:00,3.35,3.42,4.79,-2.697875830978642,3.6759364410956654,3.2974296
2018-12-01 04:15:00,3.28,3.42,4.25,-2.506413309834482,3.6418999004958232,3.305625
2018-12-01 04:30:00,3.35,3.46,3.64,-2.337225331550112,3.5319179983089666,3.2107992
2018-12-01 04:45:00,3.24,3.46,3.6,-2.0724120702444644,3.6264691779555496,3.2087803
2018-12-01 05:00:00,3.31,3.46,3.13,-2.814426161243393,3.5992260255531465,3.0856404
2018-12-01 05:15:00,3.31,3.46,3.02,-2.6063091764044195,3.5978104699975906,4.3800654
2018-12-01 05:30:00,3.28,3.92,3.02,-2.293800954686656,3.629728235924469,3.222342
2018-12-01 05:45:00,3.28,4.93,3.1,-1.88512275110104,3.9250044624572307,3.4082003
2018-12-01 06:00:00,3.2,5.11,3.02,-2.398401333262438,4.962121109021639,3.3470626
2018-12-01 06:15:00,3.46,3.67,3.06,-2.5345396478321582,4.4489213886407475,3.261148
2018-12-01 06:30:00,4.03,3.42,3.02,-2.4405270954717473,4.439673070193224,3.4146256
2018-12-01 06:45:00,3.89,3.31,3.02,-2.4720558111213826,3.557942726007286,3.5101628
2018-12-01 07:00:00,3.89,3.35,3.1,-3.3055296983569455,3.5036004876859748,3.0699406
2018-12-01 07:15:00,4.46,3.28,3.64,-3.077912449486643,3.51912049755009,3.2474108
2018-12-01 07:30:00,3.67,3.74,3.71,-2.827733041711557,3.551781262121931,3.2252822
2018-12-01 07:45:00,3.46,5.22,3.53,-2.2814629381779135,4.085637558814786,4.212601
2018-12-01 08:00:00,3.46,5.33,3.35,-3.0918828046782103,4.283882686152392,4.2509146
2018-12-01 08:15:00,3.71,35.57,3.92,12.437872447406408,33.60481940202935,18.76071
2018-12-01 08:30:00,4.72,62.71,3.13,24.433399974488257,43.48447132490652,37.113144
2018-12-01 08:45:00,4.46,63.18,3.2,24.41485455524489,43.795435303031624,34.50177
2018-12-01 09:00:00,5.22,68.11,3.24,27.721167170937214,43.57845566939166,32.480743
2018-12-01 09:15:00,28.58,51.48,3.38,37.98080835073137,44.54536616010985,39.421143
2018-12-01 09:30:00,30.56,57.67,3.42,42.76625047926032,44.25957544918119,40.035267
2018-12-01 09:45:00,28.08,59.26,3.38,47.57326841323906,43.25596892303436,42.153343
2018-12-01 10:00:00,28.58,63.22,3.46,43.35996379417292,43.77711225026209,39.913403
2018-12-01 10:15:00,28.73,49.21,3.42,48.39578167643822,35.98424500054225,45.654266
2018-12-01 10:30:00,29.56,60.34,3.74,53.200811765555756,30.856085870046282,39.543373
2018-12-01 10:45:00,30.06,73.26,3.85,55.510198032823865,33.161238106910915,42.35421
2018-12-01 11:00:00,29.2,60.34,3.92,52.76415515224343,31.08512886468712,37.908375
2018-12-01 11:15:00,27.94,69.62,3.78,51.75109094051493,32.5496090971927,39.566475
2018-12-01 11:30:00,27.94,54.18,3.24,49.37084612170485,30.256942557620825,44.79468
2018-12-01 11:45:00,25.63,49.32,3.28,46.79472229333189,30.15277298556323,45.53114
2018-12-01 12:00:00,3.64,61.06,3.78,44.999072504999035,29.068851696232432,37.16864
2018-12-01 12:15:00,3.85,5.65,4.18,5.476823150432519,6.413316716539169,6.7110243
2018-12-01 12:30:00,3.71,6.34,3.46,5.955449518028896,5.976003647861447,6.6287227
2018-12-01 12:45:00,3.74,6.48,3.35,6.745216074608361,5.886656624043269,7.8708444
2018-12-01 13:00:00,3.71,6.41,3.46,7.741708649248732,6.033806010874863,5.9028797
2018-12-01 13:15:00,11.3,41.76,3.89,30.05756715708624,64.46277717604139,26.510239
2018-12-01 13:30:00,27.29,62.96,5.72,42.74292942126932,68.16015652409,38.021015
2018-12-01 13:45:00,26.86,50.72,5.83,39.51511622740507,68.32145731216633,36.35118
2018-12-01 14:00:00,25.31,48.24,5.26,36.29716832705454,68.7007260311543,36.037373
2018-12-01 14:15:00,26.21,50.29,4.57,34.12806631183928,69.84054845364723,36.16792
2018-12-01 14:30:00,26.28,51.77,4.57,32.5037390721376,68.86444745496179,36.563057
2018-12-01 14:45:00,18.68,52.96,4.64,33.42003461347757,71.8653057161561,35.578568
2018-12-01 15:00:00,5.18,44.71,4.61,34.11057113569889,69.73994500861185,36.65614
2018-12-01 15:15:00,5.08,51.19,4.57,33.34418657775451,70.47820627189667,35.57645
2018-12-01 15:30:00,4.75,42.77,4.54,30.048857616779358,68.89703372360057,35.537033
2018-12-01 15:45:00,4.75,41.72,5.33,26.788403189992067,69.25093283698719,36.891975
2018-12-01 16:00:00,4.72,45.72,5.44,26.902735139028554,69.528048399619,36.514233
2018-12-01 16:15:00,4.64,67.68,4.61,34.23771375543244,68.51005523071274,36.18625
2018-12-01 16:30:00,4.72,44.75,4.61,27.42442408281172,67.92284928498363,36.440502
2018-12-01 16:45:00,4.68,48.28,5.69,26.342742740480475,64.13210000655508,35.45325
2018-12-01 17:00:00,4.64,66.13,5.83,33.207605115568455,15.15573603711763,17.720428
2018-12-01 17:15:00,4.79,44.42,5.9,34.754889819488035,17.249196934714092,12.548844
2018-12-01 17:30:00,4.75,49.43,4.79,33.64178761037892,14.691184538732422,9.952027
2018-12-01 17:45:00,4.72,28.8,3.85,20.923884012388122,8.164471292925953,6.4356327
2018-12-01 18:00:00,4.68,28.66,3.67,20.498975307699077,7.992751884804317,6.351851
2018-12-01 18:15:00,5.76,42.84,3.6,26.605917712822194,8.45642425061737,6.0950627
2018-12-01 18:30:00,5.4,50.54,3.71,33.60590236960433,8.821730231072555,5.6021757
2018-12-01 18:45:00,4.79,45.61,3.71,31.5239286233582,9.161431902093728,6.1540747
2018-12-01 19:00:00,4.79,63.11,3.74,36.13642924974357,9.216688964456091,5.0610857
2018-12-01 19:15:00,4.79,44.96,3.67,28.152977941997715,8.808695140076422,5.6146803
2018-12-01 19:30:00,4.79,66.46,4.14,35.22021629700933,11.513014865899924,4.5562973
2018-12-01 19:45:00,4.9,45.61,3.96,29.706817283296544,11.53629767229967,7.405769
2018-12-01 20:00:00,4.75,38.09,3.2,28.080107162579274,10.507474471357266,5.3730664
2018-12-01 20:15:00,4.79,54.79,3.1,23.3913666263402,10.263271813878664,5.9839664
2018-12-01 20:30:00,4.75,52.63,3.06,22.927885884172372,10.278707679737948,6.3619084
2018-12-01 20:45:00,4.82,37.91,3.06,15.473880389071123,10.220263036614188,4.659232
2018-12-01 21:00:00,4.82,9.14,3.2,6.405801320605715,6.920847349112015,4.0535064
2018-12-01 21:15:00,4.75,5.69,3.06,3.371985125096618,6.246133897325085,4.709063
2018-12-01 21:30:00,4.79,5.58,3.1,4.149189369725175,5.56444832073818,4.653235
2018-12-01 21:45:00,4.79,5.47,3.06,5.576660145817083,5.484702665597893,4.5884523
2018-12-01 22:00:00,4.9,5.44,3.06,5.195900045548523,5.391855867345927,3.753203
2018-12-01 22:15:00,5.76,5.22,3.53,13.588543172253775,5.143762068723165,3.2364604
2018-12-01 22:30:00,4.61,5.18,3.46,13.937260424013274,5.210847686268692,3.212673
2018-12-01 22:45:00,3.42,5.11,3.38,14.310655188597142,5.2356005976440985,3.0789535
2018-12-01 23:00:00,3.42,3.92,2.92,13.255633745662369,4.878120472693532,3.2650921
2018-12-01 23:15:00,3.28,3.92,2.84,-12.55162235304378,4.220223056164981,3.6653762
2018-12-01 23:30:00,3.38,3.89,2.84,-12.1416035270509,3.9248887330756657,3.6336813
2018-12-01 23:45:00,3.31,3.82,2.77,-11.736238224112977,3.45550020441599,3.1797657
2018-12-02 00:00:00,4.36,3.35,2.88,-5.170378905906272,3.362067037242262,2.9444664
2018-12-02 00:15:00,3.35,3.89,3.38,-4.566423317900213,3.4440416731828174,5.545707
2018-12-02 00:30:00,3.35,3.85,3.28,-4.1632840857349045,3.4425619680644757,5.513481
2018-12-02 00:45:00,3.38,3.89,2.88,-3.8241601833734045,3.434100734310422,5.565529
2018-12-02 01:00:00,3.89,3.89,2.77,-4.3369600001807065,3.390648889104893,5.680799
2018-12-02 01:15:00,4.46,4.03,2.77,-3.9300349292643695,3.4617241413968434,5.5337176
2018-12-02 01:30:00,4.43,3.89,3.31,-3.450895414498927,3.4488730129234932,5.6129656
2018-12-02 01:45:00,4.14,3.92,3.46,-3.0088852157290056,3.508545604934763,5.7769446
2018-12-02 02:00:00,3.46,3.92,3.46,-3.514224280801198,3.52087378574311,5.801482
2018-12-02 02:15:00,3.38,3.96,3.2,-3.1808433340605227,3.5118080364042052,5.7031603
2018-12-02 02:30:00,3.38,4.03,2.84,-2.8483218147053897,3.4570483359215474,5.703639
2018-12-02 02:45:00,3.38,4.14,2.84,-2.293120328445358,3.5540721862847833,5.645095
2018-12-02 03:00:00,4.32,5.08,2.88,-2.720045477680369,4.194520729851685,5.8219976
2018-12-02 03:15:00,4.64,4.72,2.92,-2.7245619098909124,4.8169257708676,5.864803
2018-12-02 03:30:00,3.82,3.96,2.84,-2.6043971885877077,4.476993696082663,5.641306
2018-12-02 03:45:00,3.46,3.92,2.92,-2.2546130714506667,4.103556844031427,5.650608
2018-12-02 04:00:00,3.42,3.35,2.92,-2.9486056011005495,3.55004521884697,3.0714405
2018-12-02 04:15:00,3.46,3.28,2.88,-2.6286975029594792,3.4556459984599512,3.0692327
2018-12-02 04:30:00,4.32,3.35,2.88,-2.3287340163699675,3.4471189607185395,3.0184877
2018-12-02 04:45:00,4.5,3.24,2.84,-2.0471400502479007,3.510411359557955,3.1268218
2018-12-02 05:00:00,4.54,3.31,2.88,-2.6703637045192075,3.511826915113511,3.016606
2018-12-02 05:15:00,4.39,3.31,2.88,-2.44008717942668,3.510411359557955,3.00588
2018-12-02 05:30:00,3.35,3.28,4.18,-1.9782282757271865,3.4900102682160346,3.014943
2018-12-02 05:45:00,3.46,3.28,4.28,-1.7979523619688216,3.4929574281703912,2.9001672
2018-12-02 06:00:00,3.35,3.2,3.53,-2.4426076354464747,3.374312329719261,2.8596742
2018-12-02 06:15:00,3.42,3.46,3.13,-2.2244949088485804,3.3366396050358955,2.9457657
2018-12-02 06:30:00,3.42,4.03,2.88,-1.906317803142894,3.4051515778365538,5.4028864
2018-12-02 06:45:00,3.38,3.89,2.84,-2.07965006884044,3.3393199620486818,5.354969
2018-12-02 07:00:00,3.46,3.89,2.81,-2.978980461855979,3.3391701690369633,5.378773
2018-12-02 07:15:00,3.38,4.46,2.95,-2.757147646777856,3.6345142013348277,5.475677
2018-12-02 07:30:00,3.46,3.67,2.84,-2.824368184370133,3.3559929096092826,5.3199015
2018-12-02 07:45:00,3.46,3.46,2.88,-2.56508726457729,3.4695469751354464,2.8690398
2018-12-02 08:00:00,3.49,3.46,2.92,-3.3092461592889073,3.468132821372522,2.9267504
2018-12-02 08:15:00,4.57,3.71,2.88,6.4438201723593345,4.514155453058956,11.432193
2018-12-02 08:30:00,4.54,4.72,2.92,14.072886509847512,4.812390142483817,18.526886
2018-12-02 08:45:00,5.54,4.46,2.92,15.55795320785739,4.331076709761307,16.330158
2018-12-02 09:00:00,4.75,5.22,3.46,19.078684233120466,3.8588097133682346,7.566709
2018-12-02 09:15:00,3.74,28.58,4.93,18.31594582413929,27.462255070940035,7.1273527
2018-12-02 09:30:00,3.71,30.56,4.32,21.784626471492494,31.807833443967763,6.895374
2018-12-02 09:45:00,3.6,28.08,3.49,25.69799649086987,29.04023522143015,11.989932
2018-12-02 10:00:00,3.56,28.58,2.88,19.129761537060443,39.002617011164254,15.86061
2018-12-02 10:15:00,3.6,28.73,2.95,20.309286686201155,56.29807337963062,14.378712
2018-12-02 10:30:00,3.64,29.56,3.56,22.11107180454478,66.51601903176326,4.7787642
2018-12-02 10:45:00,3.64,30.06,2.95,19.808756218391757,71.59491208782367,16.613377
2018-12-02 11:00:00,3.64,29.2,2.99,19.358053233813095,67.80446445617298,13.669946
2018-12-02 11:15:00,3.64,27.94,2.95,15.782028838866898,53.40223412934364,12.689684
2018-12-02 11:30:00,3.56,27.94,2.95,17.852105991634776,52.02785654921856,10.828254
2018-12-02 11:45:00,3.64,25.63,2.99,15.724703010342031,4.751099554678353,12.726537
2018-12-02 12:00:00,4.03,3.64,2.99,6.4545493138167025,3.473993577678053,9.623368
2018-12-02 12:15:00,4.86,3.85,3.1,-11.81148341875802,4.882266173694716,4.5986304
2018-12-02 12:30:00,4.75,3.71,3.02,-11.867653607158775,4.889526516985859,4.6885033
2018-12-02 12:45:00,5.36,3.74,3.17,-11.247169079949455,3.370703586450153,4.5413775
2018-12-02 13:00:00,4.9,3.71,3.71,-12.130193543497075,3.3809315160046878,2.9330757
2018-12-02 13:15:00,3.78,11.3,3.67,3.9734089704715565,4.508971436532168,3.1406953
2018-12-02 13:30:00,3.64,27.29,3.64,15.018928063934908,41.314859623461885,4.841624
2018-12-02 13:45:00,3.6,26.86,3.2,15.721739549872627,23.646894300427075,15.107233
2018-12-02 14:00:00,3.6,25.31,3.67,12.792035057754527,4.648049482819935,4.036261
2018-12-02 14:15:00,3.6,26.21,3.1,9.716069842985867,5.908646099953579,10.078637
2018-12-02 14:30:00,3.56,26.28,2.95,7.099468191777742,5.894355294837533,7.3300824
2018-12-02 14:45:00,3.56,18.68,3.06,6.734366506596903,4.85480693427512,8.326237
2018-12-02 15:00:00,3.64,5.18,2.99,7.638761093903266,3.510952603505344,8.127436
2018-12-02 15:15:00,3.6,5.08,2.99,5.614890138504212,3.5116474569851976,7.9728227
2018-12-02 15:30:00,3.56,4.75,2.95,4.85547269550452,3.5063520499041623,8.095638
2018-12-02 15:45:00,3.85,4.75,2.95,2.319079562570689,3.5105481970471084,7.123963
2018-12-02 16:00:00,4.68,4.72,2.95,1.2581153693301808,3.509046147104798,5.127368
2018-12-02 16:15:00,4.72,4.64,3.35,2.955916878513893,3.4841885745814882,3.4366052
2018-12-02 16:30:00,4.72,4.72,3.56,3.095769803853546,3.420429433676805,3.1850452
2018-12-02 16:45:00,3.89,4.68,3.6,0.631232706751252,3.4192021473927214,3.7548127
2018-12-02 17:00:00,3.53,4.64,3.42,2.949866270855143,3.4089030186163867,2.7820427
2018-12-02 17:15:00,3.6,4.79,2.95,1.7763905812055576,3.502805820661149,5.9859104
2018-12-02 17:30:00,3.6,4.75,2.92,-0.8153415189894169,3.4981772480518125,6.1437826
2018-12-02 17:45:00,3.74,4.72,2.99,-8.766126642208615,3.5216062156918375,3.6756015
2018-12-02 18:00:00,4.72,4.68,3.17,-10.079593592330912,3.4964384745908257,3.5534215
2018-12-02 18:15:00,3.89,5.76,3.46,-7.2900548341147235,3.4229664871191963,3.7251048
2018-12-02 18:30:00,3.53,5.4,3.02,-2.4244359306815575,3.4982459168638433,4.80469
2018-12-02 18:45:00,3.53,4.79,3.02,-2.511462444410423,3.495258763808497,3.6988974
2018-12-02 19:00:00,3.56,4.79,2.99,-2.2441084062001657,3.4923298410557972,6.3257046
2018-12-02 19:15:00,3.67,4.79,3.02,-5.731822433805458,3.5064863661100305,3.7658334
2018-12-02 19:30:00,3.56,4.79,2.99,-3.7970862164174513,3.5082547706313902,8.636148
2018-12-02 19:45:00,4.39,4.9,3.02,-2.8236374971995666,3.5187884612436666,5.2534313
2018-12-02 20:00:00,4.72,4.75,3.1,-3.676120885059948,3.5281866085498,5.334835
2018-12-02 20:15:00,4.68,4.79,3.6,-4.5365425715965095,3.551747252189598,4.7119827
2018-12-02 20:30:00,4.75,4.75,3.6,-3.956514732316567,3.634838370479969,6.603057
2018-12-02 20:45:00,3.71,4.82,3.6,-8.081320076113524,3.6350879929661155,6.653188
2018-12-02 21:00:00,3.53,4.82,3.38,-9.848460231235986,3.7016278821093107,6.539165
2018-12-02 21:15:00,3.6,4.75,2.99,-13.755311786383356,7.869577313143547,6.8465595
2018-12-02 21:30:00,3.6,4.79,2.95,-14.148006767637742,7.122268512396245,6.759819
2018-12-02 21:45:00,3.6,4.79,2.92,-13.799909322175,7.0962386280945715,6.672702
2018-12-02 22:00:00,3.56,4.9,3.13,-14.272149700321787,7.132478292702938,6.637576
2018-12-02 22:15:00,4.07,5.76,3.46,-13.72814901857669,7.290664628222383,5.4565945
2018-12-02 22:30:00,4.32,4.61,2.92,-13.742061564100442,7.022642833815332,5.3282757
2018-12-02 22:45:00,3.35,3.42,2.74,-13.635790388198618,6.917733116819075,3.7107153
2018-12-02 23:00:00,3.31,3.42,2.77,-14.273691144311318,6.1513002275667,4.952162
2018-12-02 23:15:00,3.31,3.28,2.84,-13.837235019559511,3.4236889210421864,3.2040133
2018-12-02 23:30:00,3.28,3.38,2.88,-13.378353929809503,3.3597315283502516,3.8356194
2018-12-02 23:45:00,3.35,3.31,2.88,-12.99684811430544,3.2922019188052216,4.778408
2018-12-03 00:00:00,4.57,4.36,4.68,9.907969455229537,4.7304069419624,4.8471303
2018-12-03 00:15:00,4.43,3.35,3.2,9.744606119927365,3.887786082945426,4.1437125
2018-12-03 00:30:00,4.36,3.35,3.53,10.240511254040651,3.9595656046640872,4.2672114
2018-12-03 00:45:00,4.21,3.38,3.46,10.637754363085481,4.062412480691348,3.6992564
2018-12-03 01:00:00,3.35,3.89,3.49,10.288979361023724,3.8896641952197735,3.9435406
2018-12-03 01:15:00,3.38,4.46,2.92,10.677338757544991,4.499867032176583,4.4077168
2018-12-03 01:30:00,3.35,4.43,2.92,11.072903496368486,4.517841473692125,5.026242
2018-12-03 01:45:00,3.42,4.14,3.06,11.39570724913548,5.408734787931813,5.4849024
2018-12-03 02:00:00,3.49,3.46,3.56,10.838195154336649,4.1566603139398195,5.238656
2018-12-03 02:15:00,3.42,3.38,3.13,11.128547400025159,4.081858156743963,4.6564465
2018-12-03 02:30:00,3.38,3.38,2.92,11.498279844202568,3.8635314213539567,4.163779
2018-12-03 02:45:00,4.36,3.38,2.92,12.054425168980426,3.988248583356345,4.178969
2018-12-03 03:00:00,4.14,4.32,2.88,11.568361221574502,4.3271407272711055,4.378791
2018-12-03 03:15:00,3.42,4.64,2.95,11.708379586607496,4.532832228893126,5.1628795
2018-12-03 03:30:00,3.38,3.82,2.95,11.855146401062573,3.9089982046233924,5.585556
2018-12-03 03:45:00,3.35,3.46,3.31,12.186895210523682,3.948822606840388,4.6914535
2018-12-03 04:00:00,3.35,3.42,3.49,11.653111878219445,4.01394585541142,5.1865783
2018-12-03 04:15:00,4.1,3.46,3.46,12.002972680919239,3.9047185392938233,5.1418486
2018-12-03 04:30:00,4.43,4.32,3.24,12.410390146324103,4.0396576143141365,5.1603436
2018-12-03 04:45:00,4.5,4.5,2.88,12.62372831387154,4.145842014839111,5.835325
2018-12-03 05:00:00,3.78,4.54,2.95,11.975441673806575,5.367088003642417,6.85014
2018-12-03 05:15:00,3.31,4.39,2.84,12.141991463587226,6.629921275388511,6.889355
2018-12-03 05:30:00,3.38,3.35,2.88,12.138339640936904,4.92297870237117,6.267452
2018-12-03 05:45:00,3.31,3.46,2.84,12.376829308741032,4.054736843669381,5.0490685
2018-12-03 06:00:00,3.31,3.35,3.17,11.875251665887475,4.268838630069929,6.1327157
2018-12-03 06:15:00,3.35,3.42,3.38,12.145277102618932,4.017408644403739,5.647348
2018-12-03 06:30:00,3.31,3.42,2.88,12.271461852241362,3.901654401228458,4.7176595
2018-12-03 06:45:00,3.24,3.38,2.88,12.14516041361346,3.8904595800836486,4.7471495
2018-12-03 07:00:00,3.24,3.46,2.99,11.29939211419012,3.9414475183336464,4.7655067
2018-12-03 07:15:00,4.21,3.38,3.35,11.413020400893334,3.9458409124201284,4.685503
2018-12-03 07:30:00,5.76,3.46,3.53,11.64303389884807,4.201480346135572,5.846137
2018-12-03 07:45:00,5.98,3.46,5.22,12.330400315208196,5.232325802639654,8.315853
2018-12-03 08:00:00,5.58,3.49,5.58,11.652492005699,5.421562654728919,8.789478
2018-12-03 08:15:00,34.99,4.57,45.36,30.464748605322818,24.95272590471981,30.212357
2018-12-03 08:30:00,56.84,4.54,88.92,47.5734768543052,71.05013479042103,56.367958
2018-12-03 08:45:00,61.06,5.54,88.99,49.32669781978292,71.84260088307913,56.65419
2018-12-03 09:00:00,57.89,4.75,90.61,53.04980823011071,77.25294742424721,56.924088
2018-12-03 09:15:00,70.49,3.74,93.31,64.7201778861797,85.19898641883464,70.704865
2018-12-03 09:30:00,50.11,3.71,92.2,68.34656075856284,83.88344108073692,71.46971
2018-12-03 09:45:00,66.38,3.6,94.43,73.98208816022498,84.98703745234951,77.56411
2018-12-03 10:00:00,56.88,3.56,85.43,65.87404163003056,79.80365560055193,70.4262
2018-12-03 10:15:00,47.09,3.6,64.55,70.3772283962813,81.03605688774694,69.96674
2018-12-03 10:30:00,55.8,3.64,70.06,73.36500997101948,81.91362034326124,76.012695
2018-12-03 10:45:00,66.89,3.64,73.12,72.0336312587196,80.90747988236518,72.06795
2018-12-03 11:00:00,62.89,3.64,80.75,72.9447603274593,81.75656460563162,73.39083
2018-12-03 11:15:00,63.79,3.64,82.66,70.36791445497501,78.53217314181319,75.14234
2018-12-03 11:30:00,58.1,3.56,79.13,71.1706719374658,80.95998312314882,71.34183
2018-12-03 11:45:00,54.5,3.64,84.74,70.53816307636197,79.52532819298948,70.34392
2018-12-03 12:00:00,35.35,4.03,61.34,62.794779337916765,79.05323990959076,68.01102
2018-12-03 12:15:00,6.34,4.86,7.24,23.239241687908113,10.546779423994092,8.832905
2018-12-03 12:30:00,5.76,4.75,6.84,22.536929802322046,9.167542714519735,8.134897
2018-12-03 12:45:00,6.3,5.36,6.3,22.32881914932549,8.634654485170337,9.364954
2018-12-03 13:00:00,6.19,4.9,6.01,21.242243423378962,8.750315750951085,8.047985
2018-12-03 13:15:00,35.35,3.78,56.52,46.7996919009516,80.04538099317054,58.10374
2018-12-03 13:30:00,51.95,3.64,93.17,62.39348464115986,84.07984918182639,67.711494
2018-12-03 13:45:00,48.46,3.6,82.58,61.26542764842324,84.10945413190062,74.02361
2018-12-03 14:00:00,65.02,3.6,90.65,60.61455927184987,79.54092187528911,68.03235
2018-12-03 14:15:00,69.91,3.6,77.51,54.904074540756895,77.22355513482393,67.1898
2018-12-03 14:30:00,55.12,3.56,88.63,54.760415837341725,76.75111546511177,65.054085
2018-12-03 14:45:00,56.84,3.56,69.05,52.86877521131328,72.58417426505758,67.13148
2018-12-03 15:00:00,54.22,3.64,71.6,57.45540913271036,72.53911060402311,65.31088
2018-12-03 15:15:00,49.97,3.6,67.97,54.557348973168786,72.18493389280856,66.98594
2018-12-03 15:30:00,48.17,3.56,64.51,52.355403689286334,72.32934994708859,65.64532
2018-12-03 15:45:00,49.86,3.85,70.96,50.63248106969269,73.57060604394617,63.54092
2018-12-03 16:00:00,58.75,4.68,65.34,48.69715302818652,73.43906069160607,62.51488
2018-12-03 16:15:00,65.7,4.72,64.22,50.923834053037936,73.64945296731455,61.32275
2018-12-03 16:30:00,51.88,4.72,61.45,49.662887184243075,76.97498220814339,59.836708
2018-12-03 16:45:00,57.2,3.89,51.52,45.24515219953827,77.20158323806271,60.69302
2018-12-03 17:00:00,76.03,3.53,65.34,51.01332799137711,73.96855198384314,63.2069
2018-12-03 17:15:00,72.18,3.6,74.05,58.92865296195131,74.62408219792312,61.31076
2018-12-03 17:30:00,61.42,3.6,50.65,51.912556798362516,73.51860629110189,62.29578
2018-12-03 17:45:00,36.61,3.74,32.58,39.6395093720638,35.99688776721525,30.98265
2018-12-03 18:00:00,29.56,4.72,32.72,38.453229723774385,35.92328419218237,30.01555
2018-12-03 18:15:00,34.13,3.89,43.16,43.46913224766203,51.32872543273983,40.29868
2018-12-03 18:30:00,42.26,3.53,61.88,52.50487282260744,53.170493835291445,52.68894
2018-12-03 18:45:00,56.81,3.53,71.03,54.27980951849581,51.97070195158668,51.855118
2018-12-03 19:00:00,43.02,3.56,58.43,52.727657869905634,53.3632286387835,56.176174
2018-12-03 19:15:00,47.74,3.67,59.33,48.80213772191854,52.43475986984341,50.449936
2018-12-03 19:30:00,39.17,3.56,60.05,51.31639463380151,51.8035079822398,51.675446
2018-12-03 19:45:00,43.67,4.39,66.17,52.86669260052345,51.726106619450896,52.102047
2018-12-03 20:00:00,50.44,4.72,78.98,54.40498878779806,51.62768694565769,49.863186
2018-12-03 20:15:00,46.22,4.68,58.18,41.79609489119369,52.264967397936864,50.95742
2018-12-03 20:30:00,45.36,4.75,51.77,40.6232491851921,52.06351979774443,47.964535
2018-12-03 20:45:00,50.11,3.71,43.6,33.98970766111001,53.735726461761224,37.252464
2018-12-03 21:00:00,25.45,3.53,40.64,30.635029431219692,45.7933845543767,23.373405
2018-12-03 21:15:00,8.6,3.6,16.09,21.806272574974958,11.5799863279408,5.668281
2018-12-03 21:30:00,6.19,3.6,6.23,19.476813870355386,7.052393441107998,4.2676115
2018-12-03 21:45:00,5.62,3.6,5.26,19.63572758020708,7.078386225919316,4.3478885
2018-12-03 22:00:00,4.93,3.56,5.11,19.06012641208779,7.059316290385761,6.5288997
2018-12-03 22:15:00,4.72,4.07,4.79,27.409198191492646,5.79259029859479,8.512374
2018-12-03 22:30:00,4.75,4.32,4.72,27.82509951825042,6.401480407549481,8.139262
2018-12-03 22:45:00,4.68,3.35,4.75,28.062531890391753,6.635955018217228,8.334933
2018-12-03 23:00:00,4.68,3.31,4.72,27.34024028487543,6.56778425844595,8.912934
2018-12-03 23:15:00,4.61,3.31,4.82,1.540795138484345,4.473840492148008,9.341782
2018-12-03 23:30:00,4.57,3.28,4.64,1.9417027217931668,4.366360117203711,8.71335
2018-12-03 23:45:00,4.61,3.35,4.64,2.354092942487366,4.182302764543295,8.651857
2018-12-04 00:00:00,3.89,4.57,23.65,11.765890239124847,6.141199029800628,8.135233
2018-12-04 00:15:00,4.61,4.43,4.72,8.333699234655395,5.8838682643474876,6.3268905
2018-12-04 00:30:00,4.57,4.36,4.79,8.745277577072851,5.773206532871267,5.8262568
2018-12-04 00:45:00,4.61,4.21,4.72,9.097102352525187,8.840292810094793,5.860356
2018-12-04 01:00:00,4.64,3.35,4.75,8.411285451239696,4.772233213914857,4.4003377
2018-12-04 01:15:00,5.04,3.38,5.62,8.989407415824996,4.769920106546116,4.0848756
2018-12-04 01:30:00,5.8,3.35,5.94,9.491342453450851,4.826907731208768,4.0554266
2018-12-04 01:45:00,4.68,3.42,4.72,9.677015712632691,4.685251135056342,4.1292605
2018-12-04 02:00:00,3.6,3.49,4.68,9.208620162245044,4.72682639582993,4.3333807
2018-12-04 02:15:00,3.56,3.42,4.72,9.575116903303307,4.665460575086345,4.205966
2018-12-04 02:30:00,3.64,3.38,4.72,9.951405153189963,4.730949358792892,4.153012
2018-12-04 02:45:00,3.67,4.36,4.72,10.678806218005118,5.5939723905481245,6.2689137
2018-12-04 03:00:00,3.64,4.14,4.72,9.940707738896666,5.013463880661923,4.283215
2018-12-04 03:15:00,3.64,3.42,4.18,9.730656042886988,5.087112856370435,4.1000676
2018-12-04 03:30:00,3.71,3.38,3.71,9.977091780337862,4.569962963911927,4.024088
2018-12-04 03:45:00,3.67,3.35,3.71,10.354746624830387,4.648966660051972,3.9954042
2018-12-04 04:00:00,3.71,3.35,3.74,9.792252297536567,4.621360259696421,4.0547748
2018-12-04 04:15:00,3.67,4.1,3.78,10.252977350520379,4.683592956295732,4.011674
2018-12-04 04:30:00,3.6,4.43,3.74,10.536624337675239,5.032531799722316,4.00684
2018-12-04 04:45:00,4.36,4.5,3.71,10.777547767698149,4.949981442326111,3.7480764
2018-12-04 05:00:00,4.64,3.78,3.71,9.953757686318543,5.315486577537787,3.4189038
2018-12-04 05:15:00,4.72,3.31,3.74,10.0967678758627,4.695496265024911,3.9372563
2018-12-04 05:30:00,5.44,3.38,3.78,10.405486977708911,4.808367371663852,3.93427
2018-12-04 05:45:00,4.43,3.31,3.92,10.64711186575661,4.72206300308621,3.9113278
2018-12-04 06:00:00,3.64,3.31,5.9,10.562102788343953,4.964457723643857,4.2469974
2018-12-04 06:15:00,3.56,3.35,5.62,10.700142343401229,4.759802734145979,4.1411977
2018-12-04 06:30:00,3.67,3.31,4.64,10.740929990685451,4.698371480834208,4.0325437
2018-12-04 06:45:00,3.64,3.24,3.82,10.473994446321957,4.688575280128996,4.0305
2018-12-04 07:00:00,3.56,3.24,3.71,9.566665826424664,4.696391100931564,4.0258965
2018-12-04 07:15:00,3.56,4.21,3.71,9.845818495630855,5.05419174680212,4.3057146
2018-12-04 07:30:00,3.82,5.76,3.78,10.307961413291682,6.201600112454103,4.470029
2018-12-04 07:45:00,4.54,5.98,5.11,10.893008095776825,9.186685363334787,4.654645
2018-12-04 08:00:00,5.94,5.58,6.88,10.358011482306477,9.841238263127401,6.380673
2018-12-04 08:15:00,28.4,34.99,49.61,33.86433639364813,40.4490688417717,39.146496
2018-12-04 08:30:00,55.04,56.84,72.36,48.46085752431304,73.8826089026176,69.36382
2018-12-04 08:45:00,61.13,61.06,73.62,49.51293354778946,72.82373018698378,70.768486
2018-12-04 09:00:00,82.33,57.89,111.64,59.97395261676772,76.4245845694678,68.18132
2018-12-04 09:15:00,82.37,70.49,81.54,68.52641013917969,90.52523414972038,72.14519
2018-12-04 09:30:00,64.08,50.11,103.1,71.43741874136742,90.24478254397177,67.87743
2018-12-04 09:45:00,59.36,66.38,126.43,85.85013789161013,91.14067279427854,69.50983
2018-12-04 10:00:00,52.16,56.88,104.44,72.9250934106819,89.54051758538296,69.49202
2018-12-04 10:15:00,56.95,47.09,129.2,86.01895630189861,90.18896290868639,64.39267
2018-12-04 10:30:00,53.42,55.8,131.8,90.46674605017535,91.71911149989636,66.16719
2018-12-04 10:45:00,58.86,66.89,133.42,91.6660780700913,90.82619081286626,67.54964
2018-12-04 11:00:00,59.98,62.89,151.67,92.88859176976388,90.24417026751934,66.3295
2018-12-04 11:15:00,61.24,63.79,126.11,84.45309196693042,87.83636212671408,66.25453
2018-12-04 11:30:00,84.1,58.1,145.01,88.62866482350188,88.5573849519038,69.225044
2018-12-04 11:45:00,63.86,54.5,123.8,81.31096450533079,87.81985102062391,69.45452
2018-12-04 12:00:00,49.86,35.35,108.61,71.0771645522541,85.41532357356873,61.346043
2018-12-04 12:15:00,6.91,6.34,7.81,16.970666983572215,9.243794008297273,6.901942
2018-12-04 12:30:00,7.38,5.76,5.51,16.861785231711405,7.367158522138764,5.825308
2018-12-04 12:45:00,6.62,6.3,5.76,18.184234446940252,7.518362303262337,6.221015
2018-12-04 13:00:00,6.55,6.19,6.34,18.444332589596513,8.210877442722841,6.1904845
2018-12-04 13:15:00,32.51,35.35,71.06,52.009355600781745,79.05304281525808,55.00513
2018-12-04 13:30:00,57.28,51.95,121.25,72.25793485966167,84.02284289421146,63.59373
2018-12-04 13:45:00,55.51,48.46,132.59,75.30556664936287,85.60141416248317,64.69596
2018-12-04 14:00:00,56.12,65.02,126.68,73.79050838923374,85.53662367510819,59.755386
2018-12-04 14:15:00,58.82,69.91,93.46,65.97986380014221,86.8300613310795,64.97035
2018-12-04 14:30:00,52.88,55.12,77.36,54.473568335677456,87.34655413215573,61.25072
2018-12-04 14:45:00,53.46,56.84,76.72,58.22990077433546,86.58806711666128,63.022682
2018-12-04 15:00:00,62.96,54.22,107.42,67.48180281200392,85.44353883711932,60.87979
2018-12-04 15:15:00,64.62,49.97,81.58,59.81709567993062,83.83252965453477,60.46851
2018-12-04 15:30:00,60.01,48.17,79.38,57.635272190009104,83.72361360675268,56.436214
2018-12-04 15:45:00,55.66,49.86,57.85,50.13774277949062,83.7497266484227,59.25351
2018-12-04 16:00:00,53.82,58.75,59.08,52.24520696175682,82.53166853633661,59.378162
2018-12-04 16:15:00,71.86,65.7,59.26,56.653940674342266,84.44509259964136,58.930595
2018-12-04 16:30:00,60.73,51.88,53.46,50.93617800766182,84.202137487668,60.002956
2018-12-04 16:45:00,68.22,57.2,59.4,51.92521449955848,85.7051067979495,60.797886
2018-12-04 17:00:00,80.46,76.03,47.48,56.922850067526696,84.78118175657093,72.20559
2018-12-04 17:15:00,61.52,72.18,62.78,64.08485615832076,86.71141395554424,69.02044
2018-12-04 17:30:00,71.1,61.42,50.15,57.545791308454966,87.65183916964736,66.49478
2018-12-04 17:45:00,35.21,36.61,34.13,39.64388020547574,48.87259212195723,38.867428
2018-12-04 18:00:00,30.31,29.56,31.93,36.45438642051265,32.60629513781126,29.854593
2018-12-04 18:15:00,43.56,34.13,36.76,42.23447582309531,54.32556251756555,38.414997
2018-12-04 18:30:00,40.97,42.26,56.84,53.51554191512019,67.13915493740838,57.16482
2018-12-04 18:45:00,38.56,56.81,48.17,54.995669787306824,70.16634124368403,59.40548
2018-12-04 19:00:00,41.65,43.02,61.16,55.21329079817005,68.12927686688256,56.984104
2018-12-04 19:15:00,49.07,47.74,41.98,48.28768287443434,69.57149001981331,49.45673
2018-12-04 19:30:00,40.46,39.17,43.38,48.18987822981393,67.70983744888967,55.55346
2018-12-04 19:45:00,48.64,43.67,47.48,50.19613564854305,59.09299090855016,53.814075
2018-12-04 20:00:00,49.75,50.44,48.46,50.602249662142825,59.113033871267206,47.77693
2018-12-04 20:15:00,48.89,46.22,49.61,42.770350577088664,58.843331947906336,50.828545
2018-12-04 20:30:00,37.84,45.36,49.21,42.94725767663779,58.83465251396039,50.153084
2018-12-04 20:45:00,30.67,50.11,35.5,37.475562682981575,68.83815340615891,47.172348
2018-12-04 21:00:00,5.08,25.45,29.99,26.21640823995441,27.407261202277933,20.602552
2018-12-04 21:15:00,5.69,8.6,25.96,19.03249903273945,10.210813669731266,5.4845705
2018-12-04 21:30:00,5.44,6.19,25.02,19.195849124041512,7.580589477944494,4.7747536
2018-12-04 21:45:00,5.4,5.62,25.13,20.713866924471205,7.428774218445304,4.7516413
2018-12-04 22:00:00,5.44,4.93,25.2,20.714631555803237,7.077270929111049,3.7439106
2018-12-04 22:15:00,5.26,4.72,24.88,29.029303463131505,6.364899382863442,6.1028385
2018-12-04 22:30:00,4.64,4.75,24.77,29.393488740642592,6.384784110996481,7.549058
2018-12-04 22:45:00,3.92,4.68,24.88,29.877997559505346,8.250807772132067,3.950419
2018-12-04 23:00:00,3.96,4.68,23.65,28.93077233942828,8.269823203491285,3.7404976
2018-12-04 23:15:00,3.92,4.61,23.62,3.0951086442563174,7.281818852767957,9.787986
2018-12-04 23:30:00,3.85,4.57,23.58,3.4700151681866807,7.156506204090468,10.170377
2018-12-04 23:45:00,3.89,4.61,23.54,3.865466403958049,7.071392475021873,9.650516
2018-12-05 00:00:00,3.96,3.89,3.92,2.943733185181845,7.689838395372332,3.7195632
2018-12-05 00:15:00,3.89,4.61,23.51,10.561702094822987,6.499799873188859,8.2376
2018-12-05 00:30:00,3.92,4.57,23.65,11.014407796849863,6.465781986470606,8.254936
2018-12-05 00:45:00,3.89,4.61,23.65,11.437052103681456,6.516520281307429,8.252619
2018-12-05 01:00:00,3.96,4.64,23.65,10.982367001675232,7.696440424549041,8.255561
2018-12-05 01:15:00,3.78,5.04,23.58,11.438701786278276,7.774421813536464,7.7390084
2018-12-05 01:30:00,3.85,5.8,23.65,12.020859871693126,7.841500109140799,7.719702
2018-12-05 01:45:00,3.82,4.68,23.62,12.128326389521558,7.720991639748334,8.540194
2018-12-05 02:00:00,3.82,3.6,23.65,11.391879551174409,6.375647538875316,6.4613795
2018-12-05 02:15:00,3.85,3.56,23.58,11.769596576535246,5.972616883047468,5.855011
2018-12-05 02:30:00,4.64,3.64,23.65,12.251638622984386,4.768177278723078,5.783751
2018-12-05 02:45:00,4.86,3.67,24.66,12.995617921208108,4.551528980782619,5.718752
2018-12-05 03:00:00,3.82,3.64,24.12,12.256498222915072,4.618160813654114,5.707035
2018-12-05 03:15:00,3.49,3.64,22.46,12.022137566369981,4.805045141207115,6.170616
2018-12-05 03:30:00,3.13,3.71,22.39,12.342388461978972,4.646380602539826,5.7881327
2018-12-05 03:45:00,3.2,3.67,22.54,12.711788274421568,4.667527605247998,5.884749
2018-12-05 04:00:00,3.13,3.71,22.46,12.106220522780424,4.863509941822832,3.761793
2018-12-05 04:15:00,3.1,3.67,22.54,12.38987154481667,4.596923345289417,3.7709424
2018-12-05 04:30:00,3.17,3.6,22.5,12.626949863498472,4.5093530540335145,3.750625
2018-12-05 04:45:00,3.06,4.36,22.46,13.024031199243868,5.143432559863065,3.9281628
2018-12-05 05:00:00,3.17,4.64,22.46,12.449162712304297,5.44169125980284,3.8232877
2018-12-05 05:15:00,3.06,4.72,22.46,12.699109359791345,6.7005471367861675,3.913431
2018-12-05 05:30:00,3.1,5.44,22.54,13.081596146298372,7.099168962963938,3.958008
2018-12-05 05:45:00,3.02,4.43,22.5,13.024044437312389,7.029049502525996,3.9090335
2018-12-05 06:00:00,3.1,3.64,23.62,12.55111124277256,6.28155741191135,3.7484343
2018-12-05 06:15:00,3.02,3.56,23.87,12.791928038060382,5.743920870106341,4.830286
2018-12-05 06:30:00,4.61,3.67,24.55,13.26769740163373,4.892878334464748,3.7389076
2018-12-05 06:45:00,4.9,3.64,23.11,12.884792315852742,4.705584872420902,3.980982
2018-12-05 07:00:00,3.85,3.56,22.5,11.586467777101408,5.039748840286607,4.1682734
2018-12-05 07:15:00,3.49,3.56,22.46,11.622214455172173,4.627842815037104,3.891484
2018-12-05 07:30:00,3.2,3.82,22.93,11.881295848122921,4.912471885146484,3.916649
2018-12-05 07:45:00,4.32,4.54,24.62,12.683740403537216,6.297067521836492,4.4319105
2018-12-05 08:00:00,4.72,5.94,25.09,12.272970994470024,6.957959979210058,4.462218
2018-12-05 08:15:00,27.65,28.4,54.18,29.964675573269297,37.873577133350885,39.96886
2018-12-05 08:30:00,61.56,55.04,52.27,40.50296152042837,70.63810573308629,65.364876
2018-12-05 08:45:00,57.71,61.13,51.88,42.033180617705696,77.82081927126727,67.49392
2018-12-05 09:00:00,57.82,82.33,54.43,48.19604972480545,86.76172081412224,70.00763
2018-12-05 09:15:00,68.08,82.37,58.72,63.218797446644004,85.60697612038142,67.91643
2018-12-05 09:30:00,64.08,64.08,52.78,57.2201372966758,83.97219106710493,67.426216
2018-12-05 09:45:00,64.76,59.36,58.97,60.63871130657044,84.51045641092398,70.057945
2018-12-05 10:00:00,62.68,52.16,51.16,53.633016694039,85.05528507908707,66.35991
2018-12-05 10:15:00,49.28,56.95,50.0,62.807369840303,84.50735262385986,64.676056
2018-12-05 10:30:00,56.52,53.42,48.56,63.62807390629867,84.15474887484879,64.493484
2018-12-05 10:45:00,59.04,58.86,66.2,67.68691073003208,84.22639487409188,64.47243
2018-12-05 11:00:00,66.85,59.98,62.1,62.56975083813646,83.10315383782162,64.27958
2018-12-05 11:15:00,68.83,61.24,51.98,60.59640159498758,83.43825584624386,64.89787
2018-12-05 11:30:00,60.3,84.1,53.89,65.75938272495223,84.61189042636069,66.409256
2018-12-05 11:45:00,53.21,63.86,63.94,62.64852130000041,83.52959026385199,64.37402
2018-12-05 12:00:00,40.97,49.86,51.77,54.59643302932598,79.98499501083549,60.958122
2018-12-05 12:15:00,10.69,6.91,8.5,15.089849973898247,8.56933806679078,7.302154
2018-12-05 12:30:00,9.43,7.38,6.98,16.19618508261111,7.610580492752802,6.7674823
2018-12-05 12:45:00,10.33,6.62,7.42,17.337967348795395,7.648196533359848,6.633145
2018-12-05 13:00:00,26.68,6.55,8.28,18.126325910626463,7.3382339149174065,6.3243203
2018-12-05 13:15:00,43.34,32.51,60.88,44.34761584138778,67.46563381025463,50.995735
2018-12-05 13:30:00,46.51,57.28,71.89,55.48266357807195,75.2344993418386,62.90517
2018-12-05 13:45:00,50.44,55.51,79.24,56.68872877868239,77.59858956749522,62.189995
2018-12-05 14:00:00,63.4,56.12,58.39,48.61539615001405,79.7635256525188,63.690556
2018-12-05 14:15:00,54.36,58.82,84.46,55.75511039496067,82.93245613431053,62.208252
2018-12-05 14:30:00,61.52,52.88,62.39,46.98017984516889,80.78090751098829,59.920246
2018-12-05 14:45:00,58.93,53.46,92.81,56.6768316644756,82.25806194351068,61.406654
2018-12-05 15:00:00,85.46,62.96,98.53,60.503434151443656,82.71471554393419,63.48296
2018-12-05 15:15:00,109.3,64.62,105.91,63.412627113951956,82.5342299679851,63.75592
2018-12-05 15:30:00,87.16,60.01,96.91,58.705729333088286,82.4440656447404,63.368145
2018-12-05 15:45:00,96.01,55.66,65.66,49.21069188269256,81.43080894256039,61.174976
2018-12-05 16:00:00,105.91,53.82,73.44,49.970770608236634,81.58950691542391,61.908546
2018-12-05 16:15:00,68.18,71.86,100.84,63.457398653388836,82.99484200639165,65.84513
2018-12-05 16:30:00,64.91,60.73,97.63,59.0044872841994,82.37836216422896,64.2347
2018-12-05 16:45:00,56.05,68.22,83.3,56.36094644723943,83.17901650121355,66.17333
2018-12-05 17:00:00,62.96,80.46,111.78,68.20817205305318,84.76889193081404,66.83008
2018-12-05 17:15:00,47.12,61.52,83.74,61.819083589392605,84.26162963124385,63.92117
2018-12-05 17:30:00,44.57,71.1,90.11,65.75206667900947,83.53619363473373,61.978397
2018-12-05 17:45:00,44.24,35.21,37.91,37.59944858601639,45.376885907032865,35.526035
2018-12-05 18:00:00,27.32,30.31,31.68,34.27598005945464,31.95694676828981,29.038086
2018-12-05 18:15:00,5.87,43.56,35.17,41.792582064834875,46.22625140890705,33.045135
2018-12-05 18:30:00,5.36,40.97,60.73,49.84842326373894,46.67851257800692,42.771294
2018-12-05 18:45:00,5.47,38.56,50.44,47.756880158309016,47.728626717779385,43.361706
2018-12-05 19:00:00,5.58,41.65,62.21,51.37208989967564,47.66815959642807,41.99973
2018-12-05 19:15:00,5.58,49.07,50.65,48.30733882091147,42.70385283985914,38.62016
2018-12-05 19:30:00,5.47,40.46,54.07,48.12074063632904,45.855320642513654,42.190357
2018-12-05 19:45:00,5.44,48.64,40.86,46.99886780806414,46.79410049072418,40.55104
2018-12-05 20:00:00,5.44,49.75,50.8,47.67702372840124,42.110802748299804,37.372032
2018-12-05 20:15:00,5.44,48.89,49.82,40.09373315834289,43.02273362724553,39.62681
2018-12-05 20:30:00,5.51,37.84,41.44,35.709016604332554,40.8495308845594,36.586735
2018-12-05 20:45:00,5.44,30.67,20.45,26.557658587133794,30.876488926850143,26.19307
2018-12-05 21:00:00,4.82,5.08,8.86,13.978947304186683,24.4853669493857,12.566832
2018-12-05 21:15:00,4.28,5.69,6.34,10.753020936725306,8.554706438573941,5.1307836
2018-12-05 21:30:00,4.25,5.44,5.54,11.44017844797795,6.269159827546234,4.239006
2018-12-05 21:45:00,4.28,5.4,5.54,12.66491776416283,6.6970250897942005,4.3255267
2018-12-05 22:00:00,4.36,5.44,5.54,12.080632165640623,6.764504740404664,5.541929
2018-12-05 22:15:00,4.03,5.26,5.18,20.317787024191663,6.7356127475319125,6.60494
2018-12-05 22:30:00,4.0,4.64,5.22,20.435733837448563,7.623686028286638,9.653069
2018-12-05 22:45:00,4.03,3.92,5.15,20.75137759495207,6.965914005427279,6.2597237
2018-12-05 23:00:00,4.0,3.96,5.11,20.180300158948807,6.492489016665675,6.2225027
2018-12-05 23:15:00,4.0,3.92,5.11,-5.601772810282537,4.415622560588903,6.8998966
2018-12-05 23:30:00,3.92,3.85,4.61,-5.356962745110142,4.405268072825471,7.5521574
2018-12-05 23:45:00,4.0,3.89,3.92,-5.149661324629339,4.854551163608743,3.7792623
2018-12-06 00:00:00,4.0,3.96,4.07,2.5934105113313883,5.1793952432679005,5.0753345
2018-12-06 00:15:00,3.96,3.89,3.89,2.933393105485994,3.9866098347327314,3.866852
2018-12-06 00:30:00,4.79,3.92,4.03,3.3635307901436313,4.8928991442709755,5.0432305
2018-12-06 00:45:00,5.18,3.89,4.0,3.740515445793239,5.250292460380542,5.0417576
2018-12-06 01:00:00,4.03,3.96,4.0,3.2598819506311365,5.238685264977028,5.022829
2018-12-06 01:15:00,3.92,3.78,4.0,3.77129846591286,4.002058776677408,3.8313239
2018-12-06 01:30:00,4.0,3.85,4.0,4.265062125812062,4.032029644016023,3.760249
2018-12-06 01:45:00,3.92,3.82,4.1,4.455961647372124,5.245131481010438,3.7424605
2018-12-06 02:00:00,4.07,3.82,4.0,3.886327365048569,4.173686773122903,3.7737777
2018-12-06 02:15:00,3.46,3.85,3.96,4.288564423727234,4.0788428509949295,3.7504494
2018-12-06 02:30:00,3.28,4.64,4.03,4.911971654595202,4.559506103616405,4.022234
2018-12-06 02:45:00,3.38,4.86,4.03,5.341765581930407,6.024123195825025,4.062139
2018-12-06 03:00:00,3.31,3.82,4.79,4.7665987805084065,5.566377610273716,4.793833
2018-12-06 03:15:00,3.35,3.49,5.15,5.242611944424066,4.788721376344072,3.9338663
2018-12-06 03:30:00,3.35,3.13,4.18,5.407480135458751,4.073641644553216,3.5637014
2018-12-06 03:45:00,3.38,3.2,4.0,5.716884320166908,3.641025454990842,3.4306047
2018-12-06 04:00:00,3.42,3.13,4.0,5.102253658864296,3.611387640504718,3.3856814
2018-12-06 04:15:00,3.31,3.1,4.07,5.510272967038485,3.6443643302582482,3.4474018
2018-12-06 04:30:00,4.61,3.17,3.71,5.793101086990287,3.788549682774973,3.3965104
2018-12-06 04:45:00,5.04,3.06,3.35,6.064905293948616,3.695750685511247,3.4250748
2018-12-06 05:00:00,4.07,3.17,3.35,5.393504983192077,3.7484679774232434,3.4480941
2018-12-06 05:15:00,3.71,3.06,3.38,5.589543019774499,3.6154705919927967,3.396735
2018-12-06 05:30:00,3.31,3.1,3.46,5.858149338241194,3.752194207650726,3.3753188
2018-12-06 05:45:00,3.31,3.02,3.38,6.067368616211393,3.672556255602012,3.3669236
2018-12-06 06:00:00,3.38,3.1,3.38,5.358133256417485,3.58639047492312,3.4000232
2018-12-06 06:15:00,3.31,3.02,3.35,5.291469761958243,3.712137094926098,3.1459563
2018-12-06 06:30:00,3.28,4.61,3.31,5.88980532084695,4.804423167879724,3.49238
2018-12-06 06:45:00,3.31,4.9,3.71,6.154887902862004,5.364899494780712,4.6498513
2018-12-06 07:00:00,3.24,3.85,4.68,5.280856856958078,4.745405782890516,4.5044475
2018-12-06 07:15:00,3.28,3.49,3.89,5.126271405170318,4.975906914340159,3.6311367
2018-12-06 07:30:00,3.46,3.2,4.25,5.400367493970965,4.24093787179927,3.8192494
2018-12-06 07:45:00,4.21,4.32,5.62,6.2002637831289285,4.632337009429541,4.4419804
2018-12-06 08:00:00,6.44,4.72,5.69,5.445161725951866,5.167095630382844,4.5751987
2018-12-06 08:15:00,32.29,27.65,41.58,25.931037054364765,37.49795149381739,34.82932
2018-12-06 08:30:00,64.98,61.56,73.98,47.145644213092424,75.6218966639345,64.12683
2018-12-06 08:45:00,60.84,57.71,88.06,48.97209082526541,78.37165775185795,66.302216
2018-12-06 09:00:00,59.87,57.82,100.58,52.05409797266043,84.94857191920245,64.640434
2018-12-06 09:15:00,67.0,68.08,82.08,66.03594050520736,84.87800467599742,67.09862
2018-12-06 09:30:00,71.17,64.08,102.82,68.737234972102,83.47303788561817,64.90826
2018-12-06 09:45:00,76.86,64.76,128.41,77.6392933834134,83.9841475339811,65.60826
2018-12-06 10:00:00,66.67,62.68,104.26,68.07408959373562,84.24462352775276,64.88168
2018-12-06 10:15:00,63.18,49.28,104.9,71.78013817395448,83.94079086813043,62.14358
2018-12-06 10:30:00,68.87,56.52,116.71,78.35492644789095,84.18983936214595,65.1161
2018-12-06 10:45:00,71.06,59.04,93.02,73.256200481706,84.0002187655456,61.60488
2018-12-06 11:00:00,62.78,66.85,56.05,63.4633336655079,83.19772380003465,65.50802
2018-12-06 11:15:00,60.88,68.83,55.55,64.3416925398672,84.94080430417887,66.873344
2018-12-06 11:30:00,74.45,60.3,57.35,61.271566614697264,86.760238373272,65.83292
2018-12-06 11:45:00,67.82,53.21,64.58,60.142071601301964,84.20442941147796,63.12843
2018-12-06 12:00:00,69.26,40.97,46.01,51.39478423284827,76.64395440729612,55.67816
2018-12-06 12:15:00,9.94,10.69,9.36,18.03286951685276,8.588376879093387,7.6688023
2018-12-06 12:30:00,6.88,9.43,6.84,17.823664101149156,7.089361292129439,7.0178905
2018-12-06 12:45:00,7.02,10.33,6.19,18.949448447105123,6.895657941261317,7.036017
2018-12-06 13:00:00,6.95,26.68,6.34,24.95779566835563,8.379315005854547,6.9422345
2018-12-06 13:15:00,35.78,43.34,40.21,41.21823624989941,65.4859408462781,36.23559
2018-12-06 13:30:00,61.78,46.51,62.24,49.647405532917645,78.0301858892232,60.37291
2018-12-06 13:45:00,60.8,50.44,77.36,52.79824827599887,78.94350353016658,61.290817
2018-12-06 14:00:00,71.78,63.4,64.76,52.918264214893384,81.84695281012557,61.711773
2018-12-06 14:15:00,72.11,54.36,57.28,48.00367378744815,82.72685937230021,62.283463
2018-12-06 14:30:00,68.22,61.52,50.54,46.9456200314725,82.06370123688221,59.871994
2018-12-06 14:45:00,73.44,58.93,59.51,49.191067696100575,82.85328233181808,61.619526
2018-12-06 15:00:00,56.88,85.46,57.46,55.417198159956584,84.29269245494656,69.36745
2018-12-06 15:15:00,50.29,109.3,59.69,61.906242029403984,82.17229071601591,71.6915
2018-12-06 15:30:00,48.78,87.16,57.67,52.917675835776265,81.2874351078148,67.98268
2018-12-06 15:45:00,48.96,96.01,66.2,57.620552946475385,82.20150986282357,68.02093
2018-12-06 16:00:00,49.97,105.91,63.5,59.365194473639676,81.96412444413293,67.750145
2018-12-06 16:15:00,62.28,68.18,50.36,47.199011549146064,83.03225663107416,66.851074
2018-12-06 16:30:00,47.95,64.91,70.24,49.00904446698618,81.27732033166065,63.438675
2018-12-06 16:45:00,57.35,56.05,59.22,44.797271766473685,81.57349994265132,63.499474
2018-12-06 17:00:00,47.77,62.96,56.88,49.920977805085116,86.08133324568884,63.69538
2018-12-06 17:15:00,48.6,47.12,59.8,52.06525539417022,82.1044746870121,58.037197
2018-12-06 17:30:00,57.46,44.57,51.7,49.35217659264871,80.29656986299717,58.218452
2018-12-06 17:45:00,31.86,44.24,33.59,40.315736865943876,45.74380930845033,35.27328
2018-12-06 18:00:00,31.61,27.32,33.05,34.29037007201985,39.86615843226641,31.291725
2018-12-06 18:15:00,36.61,5.87,43.99,35.44446060339127,53.93363299399425,38.51161
2018-12-06 18:30:00,40.07,5.36,46.91,38.1417512213408,57.928557009452355,45.792908
2018-12-06 18:45:00,37.87,5.47,59.83,43.9612660730602,54.95480399956487,50.702835
2018-12-06 19:00:00,47.23,5.58,51.88,41.93427018318726,57.81471192289021,51.6287
2018-12-06 19:15:00,53.03,5.58,39.89,38.08175150757191,58.27879102661777,45.250633
2018-12-06 19:30:00,38.63,5.47,39.49,38.62727598557218,57.161829527118016,51.534206
2018-12-06 19:45:00,37.51,5.44,63.5,44.48683491114025,58.27408416944761,52.730022
2018-12-06 20:00:00,38.3,5.44,40.57,37.541896855851604,57.1614174560551,45.737675
2018-12-06 20:15:00,54.36,5.44,39.82,30.40717214789749,59.45795504782497,48.00305
2018-12-06 20:30:00,38.84,5.51,54.07,34.09415197507421,55.85559389426389,46.768845
2018-12-06 20:45:00,27.72,5.44,33.41,27.12339963596481,47.40790459283091,37.54798
2018-12-06 21:00:00,8.86,4.82,27.68,20.627285090129988,22.31637989102238,14.574507
2018-12-06 21:15:00,5.51,4.28,5.72,11.554266455990113,8.323268283212464,5.515142
2018-12-06 21:30:00,5.58,4.25,5.69,11.60409358026282,6.178785753517321,4.5109644
2018-12-06 21:45:00,5.62,4.28,5.65,11.921962747942924,6.3735641344814935,4.4833674
2018-12-06 22:00:00,5.54,4.36,4.61,11.099789805619384,6.0969336158511585,4.391454
2018-12-06 22:15:00,5.26,4.03,4.21,19.336704215063943,5.167833314616083,5.2228155
2018-12-06 22:30:00,5.22,4.0,4.14,19.54763500148523,5.634535925748808,5.1300864
2018-12-06 22:45:00,5.26,4.03,4.18,20.013438596401233,4.817710525909498,4.896781
2018-12-06 23:00:00,4.18,4.0,4.03,19.363618119570052,5.572661933155487,5.0248113
2018-12-06 23:15:00,3.96,4.0,4.03,-6.445329769790579,4.150784780347829,3.9520714
2018-12-06 23:30:00,4.0,3.92,3.96,-6.09952115698491,4.029637231182193,3.9359338
2018-12-06 23:45:00,4.0,4.0,4.0,-5.661307048198953,4.154671471459735,3.9327505
2018-12-07 00:00:00,4.03,4.0,3.96,2.6860390726769445,5.867827779299719,5.0756865
2018-12-07 00:15:00,3.96,3.96,4.07,3.122843103787421,3.7816809561176146,3.9353912
2018-12-07 00:30:00,4.03,4.79,4.0,3.7313671346836905,4.00468367357178,4.0505514
2018-12-07 00:45:00,4.03,5.18,4.0,4.235057722867193,5.968934417426877,3.861603
2018-12-07 01:00:00,4.0,4.03,4.0,3.3569042897148726,7.223292036909843,5.113213
2018-12-07 01:15:00,4.03,3.92,4.97,4.099793271246856,5.4596778437198985,3.8719356
2018-12-07 01:30:00,4.03,4.0,5.18,4.679253045495006,4.392116468837036,3.9190433
2018-12-07 01:45:00,4.03,3.92,4.0,4.600376964254547,4.880564465971348,5.1078315
2018-12-07 02:00:00,4.1,4.07,4.0,4.0518082671235796,3.876630937374689,5.0069346
2018-12-07 02:15:00,4.0,3.46,4.1,4.316392245370277,4.40016271886023,3.6244776
2018-12-07 02:30:00,4.72,3.28,4.1,4.730512458158788,3.728485067743606,3.6055014
2018-12-07 02:45:00,4.79,3.38,4.07,5.166449555517257,3.725492978972962,3.6052973
2018-12-07 03:00:00,4.14,3.31,3.85,4.639176824824414,3.7009614545574476,3.558585
2018-12-07 03:15:00,4.07,3.35,3.46,4.926418262932163,3.6623832444386357,3.5750039
2018-12-07 03:30:00,4.03,3.35,3.42,5.091057848419307,3.5657765867243225,3.3521616
2018-12-07 03:45:00,4.0,3.38,3.46,5.383203615566988,3.5516361114627064,3.2749474
2018-12-07 04:00:00,3.42,3.42,3.42,4.75595633806844,3.5960139516532412,3.2671912
2018-12-07 04:15:00,3.49,3.31,3.42,5.0994573663588305,3.551985094385746,3.3190956
2018-12-07 04:30:00,3.46,4.61,3.46,5.831869390755269,4.238390767309777,3.5408485
2018-12-07 04:45:00,3.38,5.04,3.46,6.254502924005873,4.186226454544403,3.8198256
2018-12-07 05:00:00,3.42,4.07,3.46,5.26752412478562,5.136470110412929,3.73019
2018-12-07 05:15:00,3.42,3.71,3.46,5.396833707196041,6.117074073220526,3.5081844
2018-12-07 05:30:00,3.74,3.31,3.92,5.6837028175655355,4.552821787883335,3.6305537
2018-12-07 05:45:00,4.07,3.31,4.93,6.112546022810978,3.791861326760727,3.2952156
2018-12-07 06:00:00,3.49,3.38,5.11,5.423178046529063,3.6487101264381727,3.2469635
2018-12-07 06:15:00,3.42,3.31,3.67,4.933781997553172,3.70171628847246,3.2050805
2018-12-07 06:30:00,3.64,3.28,3.42,5.113101198910915,3.6530594125793443,3.391989
2018-12-07 06:45:00,4.1,3.31,3.31,5.247285779743404,3.6465556330141924,3.3901079
2018-12-07 07:00:00,4.0,3.24,3.35,4.353687237853908,3.5298387270913834,3.282695
2018-12-07 07:15:00,4.0,3.28,3.28,4.559678426907556,3.6610025498328023,3.3776543
2018-12-07 07:30:00,3.82,3.46,3.74,4.9018477406518635,3.8757728252456216,3.5485175
2018-12-07 07:45:00,4.54,4.21,5.22,5.500412317401253,4.455964922995068,4.2947392
2018-12-07 08:00:00,4.79,6.44,5.33,5.296104345161243,5.173234388165552,4.1853776
2018-12-07 08:15:00,47.66,32.29,35.57,24.513171421647456,39.78699810011228,35.316048
2018-12-07 08:30:00,60.19,64.98,62.71,44.30205171377136,77.23931353723421,67.08969
2018-12-07 08:45:00,60.19,60.84,63.18,42.554746976403806,79.78210204956486,64.956375
2018-12-07 09:00:00,53.32,59.87,68.11,42.87407661748236,82.96491197657501,66.10545
2018-12-07 09:15:00,58.86,67.0,51.48,58.11209342902551,82.13609748328965,67.28146
2018-12-07 09:30:00,49.5,71.17,57.67,58.010509618033566,82.74081751965817,69.461426
2018-12-07 09:45:00,48.42,76.86,59.26,60.40042770311342,82.14591292041143,70.915825
2018-12-07 10:00:00,62.78,66.67,63.22,56.38563808896842,82.31595597448016,68.15216
2018-12-07 10:15:00,48.02,63.18,49.21,58.761706455896196,82.153018934544,60.626495
2018-12-07 10:30:00,46.22,68.87,60.34,63.81637292072945,84.26570735364203,65.44639
2018-12-07 10:45:00,57.46,71.06,73.26,69.41423079010669,83.46880877591629,68.544685
2018-12-07 11:00:00,48.78,62.78,60.34,62.52810927021244,84.3432200013092,62.890755
2018-12-07 11:15:00,47.02,60.88,69.62,64.66111247233107,84.23934231523165,63.216583
2018-12-07 11:30:00,58.0,74.45,54.18,65.31842597072867,83.68420331680508,67.99152
2018-12-07 11:45:00,51.48,67.82,49.32,60.17780831307469,83.48939465426908,64.129295
2018-12-07 12:00:00,44.28,69.26,61.06,62.055570922104806,81.06660917543988,59.336624
2018-12-07 12:15:00,26.6,9.94,5.65,15.101951811551203,7.7648329337265345,7.208825
2018-12-07 12:30:00,12.49,6.88,6.34,15.321054163230265,6.4787004257453615,6.5945034
2018-12-07 12:45:00,9.79,7.02,6.48,16.69300496353385,6.401102030772251,6.570491
2018-12-07 13:00:00,10.76,6.95,6.41,19.872498888153277,6.864569726949232,6.3101907
2018-12-07 13:15:00,44.06,35.78,41.76,39.20622872770946,67.15943472583177,37.02324
2018-12-07 13:30:00,49.82,61.78,62.96,53.18234559052141,76.53381230415378,62.30089
2018-12-07 13:45:00,54.36,60.8,50.72,47.938597443687,77.20506147731093,59.151115
2018-12-07 14:00:00,55.98,71.78,48.24,50.33367969730587,82.94668788949531,67.968315
2018-12-07 14:15:00,56.48,72.11,50.29,50.66460427884954,84.05465339716285,68.41007
2018-12-07 14:30:00,47.41,68.22,51.77,48.25457573159069,84.70513497214307,65.70813
2018-12-07 14:45:00,47.95,73.44,52.96,50.278495539039355,83.33194560752874,67.36235
2018-12-07 15:00:00,58.86,56.88,44.71,44.92258578666831,86.40627659748372,64.021065
2018-12-07 15:15:00,50.08,50.29,51.19,46.507189987712735,85.71548053468491,62.65869
2018-12-07 15:30:00,51.88,48.78,42.77,42.35349459009278,83.51691102442781,59.06358
2018-12-07 15:45:00,53.82,48.96,41.72,43.18537719233265,81.22957597605972,60.156956
2018-12-07 16:00:00,49.9,49.97,45.72,45.65352453591683,83.09767501206744,65.956024
2018-12-07 16:15:00,57.1,62.28,67.68,54.47500102855575,83.19481065016755,66.666466
2018-12-07 16:30:00,50.33,47.95,44.75,42.17068479281095,79.16497167984218,61.71889
2018-12-07 16:45:00,68.54,57.35,48.28,46.261349471097304,81.93981894146997,62.895657
2018-12-07 17:00:00,60.12,47.77,66.13,50.1649823292469,82.91071852413903,65.61359
2018-12-07 17:15:00,72.11,48.6,44.42,50.694553469818395,78.59281303390998,57.44204
2018-12-07 17:30:00,46.33,57.46,49.43,54.39167394163651,80.31871884590194,58.84569
2018-12-07 17:45:00,34.16,31.86,28.8,37.26366644478536,33.26826152557106,32.29996
2018-12-07 18:00:00,30.35,31.61,28.66,35.22018160324068,32.30405764495913,29.746698
2018-12-07 18:15:00,42.48,36.61,42.84,43.48883434469962,51.475798498096516,38.86127
2018-12-07 18:30:00,52.85,40.07,50.54,47.92166827522679,60.29109991471721,47.954124
2018-12-07 18:45:00,58.97,37.87,45.61,46.954255741881724,55.28784280079195,50.897583
2018-12-07 19:00:00,57.17,47.23,63.11,52.86921468386292,62.80135441851921,52.668083
2018-12-07 19:15:00,44.39,53.03,44.96,50.54597385349842,63.04089558411397,48.487965
2018-12-07 19:30:00,47.84,38.63,66.46,50.849034518648395,57.22221949452897,52.588123
2018-12-07 19:45:00,54.07,37.51,45.61,45.937076571720624,55.51426624114622,46.61871
2018-12-07 20:00:00,43.38,38.3,38.09,44.30848332193217,57.0549731612343,45.682293
2018-12-07 20:15:00,57.64,54.36,54.79,45.934382077699624,62.842296893430614,49.530426
2018-12-07 20:30:00,41.72,38.84,52.63,39.498984701619946,55.387509104486924,47.044735
2018-12-07 20:45:00,31.9,27.72,37.91,32.21157459873807,51.066822012640685,39.542717
2018-12-07 21:00:00,19.69,8.86,9.14,14.6977695637162,11.142115983814213,10.000229
2018-12-07 21:15:00,5.62,5.51,5.69,11.814343028831495,7.626281596788748,5.43458
2018-12-07 21:30:00,5.62,5.58,5.58,12.698737161540272,5.932447223329929,4.5482583
2018-12-07 21:45:00,5.15,5.62,5.47,13.724724690189746,5.877621092427053,4.531803
2018-12-07 22:00:00,4.28,5.54,5.44,13.22682512476976,5.913228780907125,4.398566
2018-12-07 22:15:00,4.0,5.26,5.22,21.47973020430897,5.786428657243152,3.7615957
2018-12-07 22:30:00,4.07,5.22,5.18,21.712618389641786,6.219234491785198,4.657656
2018-12-07 22:45:00,4.03,5.26,5.11,22.18533358411094,6.941461682878105,3.5572066
2018-12-07 23:00:00,4.0,4.18,3.92,20.99969824049789,6.969931586088388,3.0973544
2018-12-07 23:15:00,3.96,3.96,3.92,-4.854503690314299,5.990849794231324,3.873306
2018-12-07 23:30:00,4.03,4.0,3.89,-4.438451882728106,5.285139173122507,3.8328698
2018-12-07 23:45:00,4.0,4.0,3.82,-4.003317524419142,4.030975187820376,3.800422
2018-12-08 00:00:00,3.78,4.03,3.35,-7.004833003204173,5.226621028736432,3.4677193
2018-12-08 00:15:00,4.0,3.96,3.89,-6.49577395561116,3.646376607282384,3.6483955
2018-12-08 00:30:00,3.96,4.03,3.85,-6.056364090343575,3.645350912080639,3.555294
2018-12-08 00:45:00,4.0,4.03,3.89,-5.622567720058878,3.7087287361169894,3.6551037
2018-12-08 01:00:00,4.0,4.0,3.89,-6.194656895628743,4.854529172299147,3.5750117
2018-12-08 01:15:00,5.15,4.03,4.03,-5.670144458802984,3.6490367022784693,3.6777706
2018-12-08 01:30:00,4.79,4.03,3.89,-5.19535822546602,3.636290938122209,3.6872487
2018-12-08 01:45:00,3.96,4.03,3.92,-4.974225082806772,4.359837864453342,3.6003165
2018-12-08 02:00:00,3.96,4.1,3.92,-5.538700147718732,3.726729208939344,3.5096412
2018-12-08 02:15:00,4.1,4.0,3.96,-5.166099791915723,3.8386787476950213,3.5624652
2018-12-08 02:30:00,4.0,4.72,4.03,-4.4441553218315555,4.432053149772022,3.5054321
2018-12-08 02:45:00,4.0,4.79,4.14,-4.017380823533262,4.707204664897158,3.551662
2018-12-08 03:00:00,4.0,4.14,5.08,-4.568567573015091,4.570780370950111,3.5084195
2018-12-08 03:15:00,3.96,4.07,4.72,-4.312605851147875,4.788728289833807,3.4030676
2018-12-08 03:30:00,3.64,4.03,3.96,-4.270418010228941,5.082385310062893,3.4800253
2018-12-08 03:45:00,3.38,4.0,3.92,-3.9692730839212693,4.2546389414956085,3.4135556
2018-12-08 04:00:00,3.31,3.42,3.35,-4.889758463556415,4.1850674811001065,3.3249903
2018-12-08 04:15:00,3.35,3.49,3.28,-4.502725427260426,3.919511493484744,3.286264
2018-12-08 04:30:00,3.35,3.46,3.35,-4.064418898908887,3.440191358519065,3.2012086
2018-12-08 04:45:00,3.42,3.38,3.24,-3.7398059941418715,3.5336338375785035,3.2591157
2018-12-08 05:00:00,3.49,3.42,3.31,-4.4314027397239535,3.442391846362578,3.262755
2018-12-08 05:15:00,4.0,3.42,3.31,-4.204996002019623,3.4257360609423237,3.2546382
2018-12-08 05:30:00,3.53,3.74,3.28,-3.874908927181341,3.4655988947544474,3.1284614
2018-12-08 05:45:00,3.35,4.07,3.28,-3.7383040092867326,3.5599051657586087,3.1665702
2018-12-08 06:00:00,3.38,3.49,3.2,-4.7760841011608015,4.001180903259268,3.2682633
2018-12-08 06:15:00,4.03,3.42,3.46,-4.572862845669217,4.191673710061457,3.2639623
2018-12-08 06:30:00,4.03,3.64,4.03,-4.091426195029296,3.6392232415564916,3.3091602
2018-12-08 06:45:00,4.0,4.1,3.89,-3.8299429778416574,3.669182217940132,3.1228762
2018-12-08 07:00:00,3.78,4.0,3.89,-4.806166871551742,4.414981190060008,3.2598782
2018-12-08 07:15:00,3.35,4.0,4.46,-4.614630345260299,3.977202801800713,4.065925
2018-12-08 07:30:00,3.31,3.82,3.67,-4.594586135266976,3.7847256541834002,3.354663
2018-12-08 07:45:00,3.53,4.54,3.46,-4.370347690554812,3.7805331427363367,3.6839576
2018-12-08 08:00:00,3.67,4.79,3.46,-5.011664911121326,4.9510425283298245,4.006959
2018-12-08 08:15:00,29.23,47.66,3.71,12.299549835224168,36.765878477285476,18.93255
2018-12-08 08:30:00,38.16,60.19,4.72,21.492358896602912,40.58354875420159,36.656044
2018-12-08 08:45:00,33.08,60.19,4.46,20.74914635973601,42.50590695591235,29.201536
2018-12-08 09:00:00,51.52,53.32,5.22,18.260886246991223,40.71929686578339,30.914894
2018-12-08 09:15:00,47.77,58.86,28.58,42.84481043108502,45.9350156965254,44.933628
2018-12-08 09:30:00,42.05,49.5,30.56,38.15647368919396,44.67010225106718,45.445396
2018-12-08 09:45:00,32.4,48.42,28.08,38.54071714380492,45.68595718007183,44.80829
2018-12-08 10:00:00,31.43,62.78,28.58,40.08908232196491,50.42946499689851,46.5498
2018-12-08 10:15:00,31.57,48.02,28.73,42.46001519207544,35.22272623723754,44.092796
2018-12-08 10:30:00,31.43,46.22,29.56,42.92694411847511,35.6012819227459,45.079758
2018-12-08 10:45:00,47.66,57.46,30.06,47.40868062060599,37.0440807935342,45.467747
2018-12-08 11:00:00,49.28,48.78,29.2,44.29759767768117,37.279095412592866,47.141815
2018-12-08 11:15:00,38.16,47.02,27.94,43.67894593963017,37.424400188612445,46.249374
2018-12-08 11:30:00,44.14,58.0,27.94,47.55328325417739,37.931230733369695,41.872425
2018-12-08 11:45:00,38.27,51.48,25.63,42.91914365931969,35.68293592757638,40.77544
2018-12-08 12:00:00,22.46,44.28,3.64,34.03598333635743,30.904729244469447,35.708866
2018-12-08 12:15:00,3.92,26.6,3.85,12.82499022764285,20.02491954265792,7.9944563
2018-12-08 12:30:00,4.57,12.49,3.71,8.090950884168176,6.641324872852224,8.164625
2018-12-08 12:45:00,5.36,9.79,3.74,8.034518690099393,6.215212927479978,6.4434624
2018-12-08 13:00:00,6.08,10.76,3.71,10.630525540740525,7.01469594283523,7.8731337
2018-12-08 13:15:00,34.09,44.06,11.3,25.42219892235721,64.20909855410775,23.963053
2018-12-08 13:30:00,55.69,49.82,27.29,32.13212618651685,67.0422680975817,38.534267
2018-12-08 13:45:00,40.61,54.36,26.86,32.25997528552764,67.77180916597955,38.41735
2018-12-08 14:00:00,50.51,55.98,25.31,33.32392496061536,69.52879816110753,35.124275
2018-12-08 14:15:00,37.98,56.48,26.21,33.33416558501856,69.71111832945769,35.031223
2018-12-08 14:30:00,48.89,47.41,26.28,29.418291240743297,68.85917889306076,35.370014
2018-12-08 14:45:00,37.73,47.95,18.68,28.83181906785231,68.78891616578804,35.057365
2018-12-08 15:00:00,40.03,58.86,5.18,31.10048111073128,69.15416844425027,35.42263
2018-12-08 15:15:00,43.67,50.08,5.08,30.934782978873628,67.80067483887417,35.904392
2018-12-08 15:30:00,46.15,51.88,4.75,28.464048813310733,68.10699300376483,35.59618
2018-12-08 15:45:00,49.68,53.82,4.75,29.526096016782002,68.18641099198031,35.90673
2018-12-08 16:00:00,49.32,49.9,4.72,29.18453602301907,68.36275921671854,37.039833
2018-12-08 16:15:00,49.46,57.1,4.64,29.963887463274453,69.96133376498348,36.03024
2018-12-08 16:30:00,49.54,50.33,4.72,25.50691275800991,67.84339339698272,33.96974
2018-12-08 16:45:00,34.63,68.54,4.68,31.130288593226307,64.56225098492855,35.17552
2018-12-08 17:00:00,27.0,60.12,4.64,30.09620228505242,12.337334349463317,17.654373
2018-12-08 17:15:00,9.9,72.11,4.79,38.91582625021478,17.165161738158215,11.289378
2018-12-08 17:30:00,5.22,46.33,4.75,30.88527286692909,15.622645210198886,9.875837
2018-12-08 17:45:00,5.29,34.16,4.72,22.560482877789738,13.887379019192235,8.625535
2018-12-08 18:00:00,5.22,30.35,4.68,19.23177026085146,13.532149360391829,7.711374
2018-12-08 18:15:00,5.18,42.48,5.76,26.11147570304441,14.173200353589797,9.549719
2018-12-08 18:30:00,5.15,52.85,5.4,29.744402469429687,14.396388701943524,8.138414
2018-12-08 18:45:00,5.33,58.97,4.79,32.51391027397372,14.20106696233236,6.90312
2018-12-08 19:00:00,5.15,57.17,4.79,29.935818003274704,14.597336583989197,6.578653
2018-12-08 19:15:00,4.1,44.39,4.79,27.48464316663295,14.955105041082213,6.983303
2018-12-08 19:30:00,4.14,47.84,4.79,26.635984569858767,14.333724252590585,7.143644
2018-12-08 19:45:00,4.1,54.07,4.9,30.090943359715524,15.24323948033944,6.9511642
2018-12-08 20:00:00,4.14,43.38,4.75,27.12284806907476,15.192267723750495,7.2375455
2018-12-08 20:15:00,4.1,57.64,4.79,23.794045500706073,6.997453822462327,6.4987044
2018-12-08 20:30:00,4.03,41.72,4.75,17.291753030668477,6.581272528987285,6.6556263
2018-12-08 20:45:00,4.14,31.9,4.82,14.215133570661692,7.0952248757037495,4.848182
2018-12-08 21:00:00,4.1,19.69,4.82,6.111938227162714,8.346907070647688,4.4916353
2018-12-08 21:15:00,4.14,5.62,4.75,0.5691876857786262,6.7272033954930714,5.0476003
2018-12-08 21:30:00,4.1,5.62,4.79,1.4615987004128392,5.577525019027023,4.593328
2018-12-08 21:45:00,4.14,5.15,4.79,2.3561026861213925,5.399491786502674,4.674078
2018-12-08 22:00:00,4.1,4.28,4.9,2.0867437804415268,5.366751118756503,3.7435617
2018-12-08 22:15:00,3.82,4.0,5.76,10.62567907498428,5.1508696083557854,5.776147
2018-12-08 22:30:00,3.89,4.07,4.61,10.652132931821303,5.117179384487528,6.573529
2018-12-08 22:45:00,5.0,4.03,3.42,10.86065148992262,4.359453871382386,3.329573
2018-12-08 23:00:00,4.75,4.0,3.42,10.278259467125583,4.789566706383996,3.3434036
2018-12-08 23:15:00,3.82,3.96,3.28,-15.577813544074385,3.75119671011266,3.670587
2018-12-08 23:30:00,3.71,4.03,3.38,-15.153787678204782,3.8326799582701367,3.4240456
2018-12-08 23:45:00,3.82,4.0,3.31,-14.765676453628846,3.6593269363615164,3.6664886
2018-12-09 00:00:00,3.17,3.78,4.36,-8.01128540601044,3.8096174150500457,6.4473505
2018-12-09 00:15:00,3.74,4.0,3.35,-7.700251985955706,3.443646755028313,5.70744
2018-12-09 00:30:00,3.74,3.96,3.35,-7.251108774887808,3.421906398408735,5.656972
2018-12-09 00:45:00,3.82,4.0,3.38,-6.793737603031918,3.432088448417625,5.7475524
2018-12-09 01:00:00,3.85,4.0,3.89,-7.296229713803722,4.698373056007963,5.7800303
2018-12-09 01:15:00,3.78,5.15,4.46,-6.3711970027581835,4.318685408540431,5.8984475
2018-12-09 01:30:00,3.82,4.79,4.43,-6.034869738153869,4.622792290523919,6.064395
2018-12-09 01:45:00,3.78,3.96,4.14,-6.111309668908316,5.650175342686365,5.8205695
2018-12-09 02:00:00,3.78,3.96,3.46,-6.8195500832972975,4.722277928654256,5.79058
2018-12-09 02:15:00,3.17,4.1,3.38,-6.395046712056409,3.761353831251435,5.7471004
2018-12-09 02:30:00,3.13,4.0,3.38,-5.877337295776069,3.543634439325515,5.6325192
2018-12-09 02:45:00,3.35,4.0,3.38,-5.473813874537196,3.4494902854892415,5.6607656
2018-12-09 03:00:00,3.67,4.0,4.32,-5.949630316992273,4.705094142300301,6.6069193
2018-12-09 03:15:00,3.02,3.96,4.64,-5.5267889666297485,3.587313308324906,6.3931165
2018-12-09 03:30:00,3.13,3.64,3.82,-5.5174220494568935,3.6523293459353505,5.654116
2018-12-09 03:45:00,3.06,3.38,3.46,-5.359651415328546,3.716621748525629,4.0457754
2018-12-09 04:00:00,3.06,3.31,3.42,-5.927960571464251,3.405064128116807,4.0482373
2018-12-09 04:15:00,3.06,3.35,3.46,-5.528283463685103,3.266498577765772,4.0186253
2018-12-09 04:30:00,3.2,3.35,4.32,-4.878938982472423,3.432136722489487,3.0930035
2018-12-09 04:45:00,3.78,3.42,4.5,-4.471962029801848,3.4029545807557304,2.9857576
2018-12-09 05:00:00,3.78,3.49,4.54,-5.200286998996813,3.420341702062492,3.0148995
2018-12-09 05:15:00,3.74,4.0,4.39,-4.902839260739359,3.516197315903027,5.427189
2018-12-09 05:30:00,3.74,3.53,3.35,-4.988201289874272,3.285388602646121,5.3526187
2018-12-09 05:45:00,3.13,3.35,3.46,-4.943254235467219,3.353433273437277,2.93389
2018-12-09 06:00:00,3.74,3.38,3.35,-5.819295146962663,3.6142295228016104,3.861458
2018-12-09 06:15:00,3.56,4.03,3.42,-5.425371986353081,3.431669041832275,6.3447
2018-12-09 06:30:00,3.1,4.03,3.42,-5.192997943764542,3.5379075770443795,5.3117967
2018-12-09 06:45:00,2.95,4.0,3.38,-5.046580952574036,3.426726034831747,5.253634
2018-12-09 07:00:00,3.06,3.78,3.46,-6.008715866277566,3.918894903064552,5.429711
2018-12-09 07:15:00,3.02,3.35,3.38,-6.004108112612986,3.848084481449526,2.854657
2018-12-09 07:30:00,2.95,3.31,3.46,-5.673610453601956,3.3164521432567784,2.8709252
2018-12-09 07:45:00,3.02,3.53,3.46,-5.503597064638587,3.3659778744301136,5.332395
2018-12-09 08:00:00,2.99,3.67,3.49,-6.080618494194805,3.43900168466502,5.2979198
2018-12-09 08:15:00,3.13,29.23,4.57,6.448732690289976,35.83156105029045,12.286907
2018-12-09 08:30:00,3.74,38.16,4.54,14.724380513397577,35.51377975993117,10.5335655
2018-12-09 08:45:00,3.82,33.08,5.54,13.426019679183481,38.41674140312945,12.72268
2018-12-09 09:00:00,3.96,51.52,4.75,16.552537651941464,37.47698917355515,14.346719
2018-12-09 09:15:00,4.03,47.77,3.74,17.051009652106263,31.237983559712987,5.6350055
2018-12-09 09:30:00,3.35,42.05,3.71,13.387091123592262,30.007496524843173,7.535763
2018-12-09 09:45:00,3.31,32.4,3.6,12.181328475403857,33.28623603982826,7.27521
2018-12-09 10:00:00,3.89,31.43,3.56,9.91382749148281,41.08214533055244,4.7257175
2018-12-09 10:15:00,4.03,31.57,3.6,8.346415990985687,67.50524634552521,4.223367
2018-12-09 10:30:00,3.31,31.43,3.64,9.646707703767877,66.99940813629232,5.4178205
2018-12-09 10:45:00,3.35,47.66,3.64,14.323348447888305,67.77608347512916,4.4258165
2018-12-09 11:00:00,3.42,49.28,3.64,13.098338174612719,67.4163963425554,4.985393
2018-12-09 11:15:00,3.35,38.16,3.64,10.302420172013779,65.55669444941844,5.260815
2018-12-09 11:30:00,3.31,44.14,3.56,13.00917276740351,69.61844372438925,3.7648768
2018-12-09 11:45:00,3.38,38.27,3.64,9.120068679446486,65.25407996996859,4.3967814
2018-12-09 12:00:00,3.89,22.46,4.03,2.5665741002353677,4.265024003421503,3.7894933
2018-12-09 12:15:00,4.18,3.92,4.86,-10.761555652068036,5.001889320199098,3.581497
2018-12-09 12:30:00,4.1,4.57,4.75,-11.665617703442077,4.954555337864345,3.7157857
2018-12-09 12:45:00,4.1,5.36,5.36,-10.77313599481629,5.001153244607848,3.4855902
2018-12-09 13:00:00,3.6,6.08,4.9,-8.657685046462948,5.315380513286727,3.4500182
2018-12-09 13:15:00,3.42,34.09,3.78,2.172192203738806,65.929078330112,4.0323615
2018-12-09 13:30:00,3.42,55.69,3.64,10.568024851806651,64.9378082065729,4.809361
2018-12-09 13:45:00,3.35,40.61,3.6,5.564464990463346,66.9482593057383,4.5271125
2018-12-09 14:00:00,3.92,50.51,3.6,8.91974009185105,70.675677201775,4.1097403
2018-12-09 14:15:00,3.78,37.98,3.6,5.85675411956419,70.39952877588718,4.477734
2018-12-09 14:30:00,3.42,48.89,3.56,7.256339356917717,69.29886981150663,4.5898466
2018-12-09 14:45:00,3.38,37.73,3.56,4.672358644814889,69.39674396458234,4.5555196
2018-12-09 15:00:00,3.46,40.03,3.64,5.845634254669857,70.07575189855156,3.7108517
2018-12-09 15:15:00,3.42,43.67,3.6,8.84580123477966,70.45542034467718,4.178278
2018-12-09 15:30:00,3.53,46.15,3.56,6.540294372359458,69.22682946370627,4.2961483
2018-12-09 15:45:00,4.07,49.68,3.85,7.918406290719528,69.06146175118232,3.8745744
2018-12-09 16:00:00,4.03,49.32,4.68,8.311405328637367,69.42515317263624,3.6614301
2018-12-09 16:15:00,4.14,49.46,4.72,6.9706379579395055,70.66587420107489,3.275597
2018-12-09 16:30:00,4.0,49.54,4.72,4.422317636925801,67.18175436523993,3.894952
2018-12-09 16:45:00,3.31,34.63,3.89,2.1754577719556245,64.52476977556307,3.6673613
2018-12-09 17:00:00,3.35,27.0,3.53,2.0895710684527806,10.76822931041157,2.5324354
2018-12-09 17:15:00,3.49,9.9,3.6,-1.7226209055230406,4.467856052592164,3.3793495
2018-12-09 17:30:00,4.1,5.22,3.6,-2.2281842996366343,3.416838161146298,3.5800214
2018-12-09 17:45:00,3.64,5.29,3.74,-8.01667179972814,3.331145604059579,4.284093
2018-12-09 18:00:00,3.24,5.22,4.72,-10.01254342872031,5.432641657707427,4.286547
2018-12-09 18:15:00,3.28,5.18,3.89,-7.371652289091937,3.336587093743212,2.999349
2018-12-09 18:30:00,3.31,5.15,3.53,-6.2642474733052715,3.4216195557062323,3.1285644
2018-12-09 18:45:00,3.42,5.33,3.53,-4.519913007662023,3.4222029142782686,3.6756103
2018-12-09 19:00:00,3.64,5.15,3.56,-5.946358108542217,3.4273118674073704,3.6421945
2018-12-09 19:15:00,4.07,4.1,3.67,-4.913673365153496,3.3664650490211963,3.778637
2018-12-09 19:30:00,4.03,4.14,3.56,-7.332079557484736,3.41267162452703,3.2957962
2018-12-09 19:45:00,4.03,4.1,4.39,-5.616654592635886,3.3358156567240878,3.666084
2018-12-09 20:00:00,4.0,4.14,4.72,-5.907151472917381,3.3540164738600633,4.0637836
2018-12-09 20:15:00,3.31,4.1,4.68,-4.149982175193788,3.374038263582657,3.46609
2018-12-09 20:30:00,3.31,4.03,4.75,-7.026371579921996,3.3785463863568537,3.2664838
2018-12-09 20:45:00,3.35,4.14,3.71,-8.4743099698909,3.431069587347973,3.210607
2018-12-09 21:00:00,3.35,4.1,3.53,-14.382776423767847,4.096690615852556,3.1441197
2018-12-09 21:15:00,3.67,4.14,3.6,-17.346054545959024,3.5714203134522844,3.261963
2018-12-09 21:30:00,4.14,4.1,3.6,-17.322479077412556,3.6037837881883585,3.3441043
2018-12-09 21:45:00,3.38,4.14,3.6,-17.034733725249556,3.680884516274788,3.305107
2018-12-09 22:00:00,3.28,4.1,3.56,-17.651227611087617,3.498897905770278,3.235815
2018-12-09 22:15:00,3.13,3.82,4.07,-17.3132845557322,3.439030556123855,3.0891008
2018-12-09 22:30:00,3.17,3.89,4.32,-16.95991178926025,3.4519849446967856,3.0922012
2018-12-09 22:45:00,3.78,5.0,3.35,-16.45949323720558,4.485380023733354,2.9191542
2018-12-09 23:00:00,3.78,4.75,3.31,-17.16090911478894,4.677931674291916,2.9783196
2018-12-09 23:15:00,3.74,3.82,3.31,-17.075307212944953,5.542718054297637,2.9234767
2018-12-09 23:30:00,3.74,3.71,3.28,-16.710323563175596,4.716184971780758,2.9258265
2018-12-09 23:45:00,3.46,3.82,3.35,-16.240422567477356,4.68917640774568,2.8793802
2018-12-10 00:00:00,5.36,3.17,4.57,6.3430942416559155,4.00923589452239,3.6634202
2018-12-10 00:15:00,3.06,3.74,4.43,6.8310054116229715,4.15214364349404,3.381003
2018-12-10 00:30:00,3.02,3.74,4.36,7.275880529360162,5.138124151389392,3.3391924
2018-12-10 00:45:00,3.31,3.82,4.21,7.711095609982248,3.8605193945158467,3.3737721
2018-12-10 01:00:00,3.85,3.85,3.35,6.966612476934049,5.026750971551648,3.2948408
2018-12-10 01:15:00,3.42,3.78,3.38,7.484241471719297,3.8042716888366135,3.2649374
2018-12-10 01:30:00,3.1,3.82,3.35,7.946004516471493,3.809864224680395,3.1891909
2018-12-10 01:45:00,3.1,3.78,3.42,8.154475559916154,4.523638373169981,3.269742
2018-12-10 02:00:00,3.17,3.78,3.49,7.599510111236892,3.9267979334206187,3.2253866
2018-12-10 02:15:00,3.31,3.17,3.42,7.844650382627957,3.736302935519708,3.0864878
2018-12-10 02:30:00,3.82,3.13,3.38,8.414751582081994,3.657131170785963,3.2298026
2018-12-10 02:45:00,3.78,3.35,4.36,9.06951310739284,3.797987324566462,3.375826
2018-12-10 03:00:00,3.82,3.67,4.14,8.384421525932499,3.7556544108109278,3.2770762
2018-12-10 03:15:00,3.74,3.02,3.42,8.513183249103651,3.538579553250181,3.1250877
2018-12-10 03:30:00,3.1,3.13,3.38,8.84243237796689,3.500698337430884,3.0084076
2018-12-10 03:45:00,3.2,3.06,3.35,9.13671482266982,3.468645546630143,2.9800806
2018-12-10 04:00:00,3.1,3.06,3.35,8.518442359995742,3.344400084461022,3.0650167
2018-12-10 04:15:00,3.13,3.06,4.1,9.033855997953065,3.5828876536170196,3.2526932
2018-12-10 04:30:00,3.17,3.2,4.43,9.552412345267992,3.716103312287217,3.2936454
2018-12-10 04:45:00,3.49,3.78,4.5,10.031148087460732,3.859993630407914,3.2702985
2018-12-10 05:00:00,3.74,3.78,3.78,9.083610938972878,3.894894812346807,3.2123451
2018-12-10 05:15:00,3.13,3.74,3.31,9.195174595500045,3.779723243434971,3.0691547
2018-12-10 05:30:00,3.1,3.74,3.38,9.526135645370676,4.280313673612472,3.2375412
2018-12-10 05:45:00,3.82,3.13,3.31,9.457802031985263,3.5461413135738047,2.9390407
2018-12-10 06:00:00,3.82,3.74,3.31,8.744848314318748,3.8165496608331995,2.9811773
2018-12-10 06:15:00,3.85,3.56,3.35,8.892172442305363,3.4992275610574386,2.974372
2018-12-10 06:30:00,3.82,3.1,3.31,9.049438694882628,3.568492837826076,3.0635185
2018-12-10 06:45:00,3.46,2.95,3.24,9.26178840155357,3.676510191523847,3.071206
2018-12-10 07:00:00,3.06,3.06,3.24,8.381311374759346,3.501234252344691,2.9793372
2018-12-10 07:15:00,3.13,3.02,4.21,8.713021714222446,3.642155563962392,3.1813335
2018-12-10 07:30:00,3.56,2.95,5.76,9.307997104774596,3.8556451599320036,3.687007
2018-12-10 07:45:00,5.87,3.02,5.98,9.512044007861132,4.507513393771039,3.9785366
2018-12-10 08:00:00,6.8,2.99,5.58,8.824503718084845,4.736850989851894,5.8094935
2018-12-10 08:15:00,33.48,3.13,34.99,22.7946542102966,22.32865384097455,24.585752
2018-12-10 08:30:00,61.06,3.74,56.84,34.413758734214085,65.43879711776637,53.672417
2018-12-10 08:45:00,58.36,3.82,61.06,35.809462898390294,64.14105130661196,43.544174
2018-12-10 09:00:00,68.62,3.96,57.89,33.93425527377664,70.40118161895413,52.603283
2018-12-10 09:15:00,69.23,4.03,70.49,56.70599400881481,78.658846974688,67.43059
2018-12-10 09:30:00,70.78,3.35,50.11,50.15350878537744,77.33968178030405,67.94639
2018-12-10 09:45:00,61.74,3.31,66.38,54.75915407361768,78.65598599663237,68.22398
2018-12-10 10:00:00,72.0,3.89,56.88,50.97939122194937,78.3346548954436,68.05908
2018-12-10 10:15:00,56.2,4.03,47.09,54.493551643448406,79.12807120959756,61.62929
2018-12-10 10:30:00,56.02,3.31,55.8,57.06741710788205,78.89362364631883,66.90758
2018-12-10 10:45:00,63.9,3.35,66.89,60.53696777848023,77.54580308396474,66.74585
2018-12-10 11:00:00,68.47,3.42,62.89,58.17600211908042,76.85104424264141,68.503746
2018-12-10 11:15:00,61.56,3.35,63.79,58.58026938368515,75.21018609690209,69.04074
2018-12-10 11:30:00,70.31,3.31,58.1,59.068206695179754,75.9096402337189,69.16353
2018-12-10 11:45:00,62.42,3.38,54.5,55.60397049556293,74.9107470413194,66.40782
2018-12-10 12:00:00,44.75,3.89,35.35,48.76678323773663,71.79705837499866,57.09445
2018-12-10 12:15:00,9.11,4.18,6.34,25.394486541970657,10.617406894120146,7.4652457
2018-12-10 12:30:00,10.33,4.1,5.76,22.821351673244358,8.574615860956934,6.656127
2018-12-10 12:45:00,11.45,4.1,6.3,22.510899037635156,7.627879714447187,6.309565
2018-12-10 13:00:00,11.09,3.6,6.19,23.78200767677202,8.696946181867697,7.6904306
2018-12-10 13:15:00,42.66,3.42,35.35,35.353082675628904,66.5628004382703,37.66178
2018-12-10 13:30:00,72.9,3.42,51.95,42.983423066209944,77.3050455790279,66.82331
2018-12-10 13:45:00,71.03,3.35,48.46,42.139575420249614,77.1830466620996,65.16779
2018-12-10 14:00:00,67.32,3.92,65.02,46.83290040940908,76.88791840226452,66.98304
2018-12-10 14:15:00,64.22,3.78,69.91,48.152853882830286,77.25550814097264,65.77133
2018-12-10 14:30:00,69.91,3.42,55.12,43.05381797575638,78.02448958821549,65.89523
2018-12-10 14:45:00,51.23,3.38,56.84,43.774900515992215,77.45821719687136,65.51223
2018-12-10 15:00:00,58.39,3.46,54.22,43.92025124141734,77.19816353467199,68.15596
2018-12-10 15:15:00,69.62,3.42,49.97,44.86516491429349,75.64049457509071,68.7427
2018-12-10 15:30:00,66.71,3.53,48.17,41.49032676554021,76.64309637936725,67.23306
2018-12-10 15:45:00,65.99,4.07,49.86,42.57830356452799,77.96901139209687,66.35295
2018-12-10 16:00:00,64.98,4.03,58.75,44.75492635256191,78.37061980092575,66.113365
2018-12-10 16:15:00,64.55,4.14,65.7,45.11137749828063,77.87521938592162,67.740814
2018-12-10 16:30:00,63.72,4.0,51.88,39.951311068777706,77.43072912831975,66.94873
2018-12-10 16:45:00,66.53,3.31,57.2,43.546753713959355,73.67712838504384,67.82252
2018-12-10 17:00:00,62.57,3.35,76.03,49.181767225097474,73.91704396891646,63.045902
2018-12-10 17:15:00,63.72,3.49,72.18,56.8044829536938,74.62834022906449,63.01679
2018-12-10 17:30:00,58.64,4.1,61.42,53.58030272944513,73.31942335944531,59.76411
2018-12-10 17:45:00,60.12,3.64,36.61,41.5731810118338,50.848708992493016,35.883385
2018-12-10 18:00:00,24.73,3.24,29.56,37.21413712774735,33.57410623435647,32.821625
2018-12-10 18:15:00,5.47,3.28,34.13,41.14130210103117,48.32752951795827,39.986977
2018-12-10 18:30:00,4.5,3.31,42.26,44.367924050093876,52.93645298820913,49.911716
2018-12-10 18:45:00,4.46,3.42,56.81,49.23463428050614,50.5900087653554,53.711376
2018-12-10 19:00:00,4.46,3.64,43.02,45.09397670692452,52.331886342140145,55.357788
2018-12-10 19:15:00,4.75,4.07,47.74,46.961911753986385,51.689238545451744,54.43407
2018-12-10 19:30:00,5.69,4.03,39.17,42.947982380558685,52.28340728064402,46.50367
2018-12-10 19:45:00,5.62,4.03,43.67,45.68628576101166,52.288337311948595,50.549168
2018-12-10 20:00:00,4.46,4.0,50.44,46.30584075188914,51.79230033213493,48.95789
2018-12-10 20:15:00,4.46,3.31,46.22,39.581846077800094,51.71276837286556,56.598465
2018-12-10 20:30:00,4.5,3.31,45.36,36.02008357177156,51.875287750354985,46.18904
2018-12-10 20:45:00,4.43,3.35,50.11,35.33132527998475,52.84340381169982,40.6816
2018-12-10 21:00:00,4.46,3.35,25.45,24.111449434306863,23.75060595718775,12.747236
2018-12-10 21:15:00,4.5,3.67,8.6,17.298236240870406,7.333235244581327,5.682043
2018-12-10 21:30:00,4.57,4.14,6.19,16.89850600971275,6.962771210660867,4.4835644
2018-12-10 21:45:00,4.54,3.38,5.62,16.93391649041089,6.3113612219657655,4.849417
2018-12-10 22:00:00,4.46,3.28,4.93,16.14914284462834,5.9593959051018945,4.252218
2018-12-10 22:15:00,4.28,3.13,4.72,24.448212619960078,5.993296958803224,6.881536
2018-12-10 22:30:00,4.25,3.17,4.75,24.783014758035517,5.451530913454976,4.7791266
2018-12-10 22:45:00,4.32,3.78,4.68,25.222770301055792,4.99204448725304,6.5554047
2018-12-10 23:00:00,4.18,3.78,4.68,24.603181519754333,8.814086909263878,6.0212717
2018-12-10 23:15:00,4.18,3.74,4.61,-1.2935799222956383,4.455088679510581,4.4580593
2018-12-10 23:30:00,4.21,3.74,4.57,-0.903855512689919,4.487300376663881,4.7894816
2018-12-10 23:45:00,4.28,3.46,4.61,-0.5371761374617243,4.494734085775047,4.4855075
2018-12-11 00:00:00,4.18,5.36,3.89,5.214382189837128,5.576461856317883,5.7963943
2018-12-11 00:15:00,4.86,3.06,4.61,5.1289588515507525,5.531897535678286,4.384681
2018-12-11 00:30:00,4.21,3.02,4.57,5.609083020845876,5.35994424993229,4.288275
2018-12-11 00:45:00,4.18,3.31,4.61,6.106283570161818,5.192652098783075,4.284444
2018-12-11 01:00:00,4.21,3.85,4.64,5.644724731787623,5.16038657043986,3.9100876
2018-12-11 01:15:00,4.32,3.42,5.04,6.2291272232027985,4.5090075511073175,3.9121346
2018-12-11 01:30:00,4.25,3.1,5.8,6.772886963048602,4.729913415991759,3.9767942
2018-12-11 01:45:00,4.18,3.1,4.68,6.742409896659215,4.417612694909868,3.9394197
2018-12-11 02:00:00,4.21,3.17,3.6,5.996289095283711,4.502974618246633,3.744145
2018-12-11 02:15:00,4.28,3.31,3.56,6.4151018611079955,3.888605452631133,3.6865926
2018-12-11 02:30:00,4.25,3.82,3.64,7.058999506204824,4.674222033973578,3.5860505
2018-12-11 02:45:00,4.21,3.78,3.67,7.412667993186812,4.722227089655383,3.6030369
2018-12-11 03:00:00,3.56,3.82,3.64,6.666021091300909,4.6732410065394125,3.655191
2018-12-11 03:15:00,3.56,3.74,3.64,7.033149109941721,4.06331703652158,3.6020179
2018-12-11 03:30:00,3.53,3.1,3.71,7.199441309683937,3.75574417433563,3.4323297
2018-12-11 03:45:00,3.53,3.2,3.67,7.524993884302813,3.7638935472863206,3.381169
2018-12-11 04:00:00,3.85,3.1,3.71,6.886380385118979,3.3702562944470524,3.35157
2018-12-11 04:15:00,4.18,3.13,3.67,7.196550135462143,3.368547397777819,3.3910491
2018-12-11 04:30:00,3.49,3.17,3.6,7.6011693551394295,3.786790991051336,3.4453564
2018-12-11 04:45:00,3.56,3.49,4.36,8.186251880837428,4.262776800597206,3.5706787
2018-12-11 05:00:00,3.56,3.74,4.64,7.545600437505268,4.655694381072822,3.7661867
2018-12-11 05:15:00,3.74,3.13,4.72,7.673971795785807,4.297350778062395,3.752077
2018-12-11 05:30:00,4.18,3.1,5.44,8.113547481004542,4.399542485238653,3.781053
2018-12-11 05:45:00,4.25,3.82,4.43,8.179868012894264,4.052843207833381,3.390028
2018-12-11 06:00:00,4.28,3.82,3.64,7.153340512836959,4.033392375656126,3.322351
2018-12-11 06:15:00,3.56,3.85,3.56,7.3375605464529094,4.17876696465043,3.4272099
2018-12-11 06:30:00,3.53,3.82,3.67,7.60126267934999,5.024280225134427,3.8073227
2018-12-11 06:45:00,3.6,3.46,3.64,7.708784096893826,5.0282006137620465,3.5897818
2018-12-11 07:00:00,3.49,3.06,3.56,6.690203767647628,3.816162808421268,3.4227078
2018-12-11 07:15:00,4.1,3.13,3.56,6.758755049265755,3.654615307526346,3.3511834
2018-12-11 07:30:00,4.07,3.56,3.82,6.982138552213552,3.7885212940212676,3.597509
2018-12-11 07:45:00,4.86,5.87,4.54,7.977070327082917,5.838631744077555,5.2074203
2018-12-11 08:00:00,14.83,6.8,5.94,7.866159118388868,10.535633433651071,7.924138
2018-12-11 08:15:00,44.21,33.48,28.4,25.563610266840687,36.124585480049866,37.01284
2018-12-11 08:30:00,54.04,61.06,55.04,42.80892390915341,74.07510704017126,70.02538
2018-12-11 08:45:00,61.74,58.36,61.13,42.26000615517198,69.50055623532182,69.257324
2018-12-11 09:00:00,69.48,68.62,82.33,48.11644093303623,75.46086108370535,69.96827
2018-12-11 09:15:00,75.38,69.23,82.37,67.12445842893425,90.52824843148265,68.389824
2018-12-11 09:30:00,71.82,70.78,64.08,62.56301175088174,91.76078756998146,71.632774
2018-12-11 09:45:00,71.24,61.74,59.36,58.85239793705685,92.58424060637572,71.940895
2018-12-11 10:00:00,54.86,72.0,52.16,59.02575010553777,91.64719876314327,72.23977
2018-12-11 10:15:00,66.13,56.2,56.95,61.652428514173835,92.664161838439,63.63084
2018-12-11 10:30:00,73.08,56.02,53.42,61.698301803689276,91.81715606315979,69.52516
2018-12-11 10:45:00,77.51,63.9,58.86,66.20007412839708,91.39086221980742,69.788475
2018-12-11 11:00:00,72.54,68.47,59.98,66.8288972632527,89.83160051038406,73.22991
2018-12-11 11:15:00,63.83,61.56,61.24,64.68305513647896,90.15072801385325,71.36095
2018-12-11 11:30:00,67.07,70.31,84.1,73.91197945017484,90.02070869201448,70.332054
2018-12-11 11:45:00,84.24,62.42,63.86,64.99438479585031,91.06145863148988,69.29522
2018-12-11 12:00:00,72.79,44.75,49.86,54.46835953832948,83.46590643506369,62.244083
2018-12-11 12:15:00,7.96,9.11,6.91,19.537856867429312,9.730697438652868,8.2317295
2018-12-11 12:30:00,5.8,10.33,7.38,19.038843786559603,10.056780334189959,7.514855
2018-12-11 12:45:00,6.98,11.45,6.62,20.27372064951674,8.982697245961484,6.9606953
2018-12-11 13:00:00,6.95,11.09,6.55,22.578928845335163,12.07871393316951,9.367821
2018-12-11 13:15:00,38.45,42.66,32.51,41.23127287632116,41.57443172006112,36.662262
2018-12-11 13:30:00,59.36,72.9,57.28,57.14752988868557,84.54931343376273,67.9107
2018-12-11 13:45:00,66.02,71.03,55.51,54.64823687458012,87.00046397490874,70.47535
2018-12-11 14:00:00,80.28,67.32,56.12,53.70593938300199,87.80934495574883,63.299564
2018-12-11 14:15:00,75.53,64.22,58.82,52.63404253390503,89.67027349493141,67.21901
2018-12-11 14:30:00,72.0,69.91,52.88,53.035102917368164,88.63544748050334,72.731255
2018-12-11 14:45:00,72.61,51.23,53.46,47.60763919283151,87.85204460223589,64.36251
2018-12-11 15:00:00,78.55,58.39,62.96,52.68112318811346,86.0867276393998,63.373734
2018-12-11 15:15:00,73.98,69.62,64.62,58.24671064509272,85.18379855635152,65.066925
2018-12-11 15:30:00,76.79,66.71,60.01,53.94971341322295,85.7195240863501,66.485664
2018-12-11 15:45:00,80.46,65.99,55.66,53.3040590484745,85.57840845412896,61.401913
2018-12-11 16:00:00,68.11,64.98,53.82,52.702824893908655,87.11387782439444,63.427235
2018-12-11 16:15:00,71.68,64.55,71.86,54.94352263143308,85.74806224773239,64.977684
2018-12-11 16:30:00,69.8,63.72,60.73,50.8635728740463,87.79466543085348,65.54677
2018-12-11 16:45:00,75.46,66.53,68.22,54.85232568990591,86.69833666255114,66.15911
2018-12-11 17:00:00,70.27,62.57,80.46,55.515947600675304,86.52009793615252,63.827133
2018-12-11 17:15:00,78.48,63.72,61.52,60.034861450499164,87.5711461514602,64.4407
2018-12-11 17:30:00,66.78,58.64,71.1,60.13744698000889,83.6512538349754,60.152508
2018-12-11 17:45:00,32.11,60.12,35.21,48.801480128565565,63.981174114296614,43.816113
2018-12-11 18:00:00,31.25,24.73,30.31,34.80232944846642,37.29118805980566,30.917324
2018-12-11 18:15:00,36.4,5.47,43.56,36.93749351703565,55.15723332439449,39.504005
2018-12-11 18:30:00,39.56,4.5,40.97,38.510683120675054,65.60803148246796,40.79662
2018-12-11 18:45:00,51.44,4.46,38.56,39.96802226298265,67.30268891891166,43.83335
2018-12-11 19:00:00,51.52,4.46,41.65,41.71144347878323,63.62513279011433,43.745544
2018-12-11 19:15:00,53.57,4.75,49.07,43.653748649161884,54.23809549574098,38.892822
2018-12-11 19:30:00,52.81,5.69,40.46,40.15565323718542,57.177473712133654,36.009117
2018-12-11 19:45:00,52.38,5.62,48.64,43.440058510684096,55.61675282072789,38.90549
2018-12-11 20:00:00,53.21,4.46,49.75,41.80341255070829,55.49768138567993,38.006557
2018-12-11 20:15:00,51.91,4.46,48.89,37.08606664292569,63.583005473829324,46.85813
2018-12-11 20:30:00,53.46,4.5,37.84,30.754677123316405,64.64969426016259,38.36331
2018-12-11 20:45:00,32.36,4.43,30.67,26.693878443680752,40.28986851271396,22.569082
2018-12-11 21:00:00,28.37,4.46,5.08,15.61049964146611,17.97100759115273,11.368679
2018-12-11 21:15:00,6.77,4.5,5.69,13.773233588956735,11.334320734675408,4.3519607
2018-12-11 21:30:00,5.69,4.57,5.44,13.99629234289658,6.865898767340532,3.235522
2018-12-11 21:45:00,5.8,4.54,5.4,14.35503703502096,9.526780796748202,3.4604523
2018-12-11 22:00:00,5.69,4.46,5.44,13.771168254040454,8.891096208809708,3.34958
2018-12-11 22:15:00,5.47,4.28,5.26,22.057998320266254,8.588952001719035,4.067116
2018-12-11 22:30:00,5.44,4.25,4.64,22.21353641189958,7.819454632982795,3.4633937
2018-12-11 22:45:00,4.97,4.32,3.92,22.445379707594814,6.092121360734797,2.0989819
2018-12-11 23:00:00,4.36,4.18,3.96,21.763580507835012,7.579198385415261,2.2944565
2018-12-11 23:15:00,4.25,4.18,3.92,-4.146253883705736,9.28788541044269,7.4645615
2018-12-11 23:30:00,4.21,4.21,3.85,-3.7410330445897806,8.114080934132149,7.8109317
2018-12-11 23:45:00,4.14,4.28,3.89,-3.268937533374885,8.151315545507028,5.0453963
2018-12-12 00:00:00,4.21,4.18,3.96,3.1692572700821238,5.669094515608942,6.6459565
2018-12-12 00:15:00,4.21,4.86,3.89,3.71342221276117,8.543177584690072,5.0635824
2018-12-12 00:30:00,4.14,4.21,3.92,3.956679390689022,7.810487744518135,4.9046445
2018-12-12 00:45:00,4.14,4.18,3.89,4.3593971037837385,7.011134388212183,4.9347258
2018-12-12 01:00:00,4.14,4.21,3.96,3.68309029136282,9.577799349251556,4.9175534
2018-12-12 01:15:00,4.21,4.32,3.78,4.298134613977471,6.263065609040679,4.937507
2018-12-12 01:30:00,4.18,4.25,3.85,4.688539718328837,7.400640132913709,4.912157
2018-12-12 01:45:00,4.75,4.18,3.82,4.984253406281187,7.468926214953238,4.9183593
2018-12-12 02:00:00,5.33,4.21,3.82,4.491805417060707,7.304014064357393,4.9273124
2018-12-12 02:15:00,4.25,4.28,3.85,4.903358747185234,6.609559643918366,4.8166356
2018-12-12 02:30:00,4.25,4.25,4.64,5.538064271191896,6.401390772601797,5.1905417
2018-12-12 02:45:00,4.18,4.21,4.86,5.943756136996807,5.931987857162639,5.1429644
2018-12-12 03:00:00,4.21,3.56,3.82,4.850890060677411,4.427953262969067,2.85696
2018-12-12 03:15:00,4.18,3.56,3.49,5.162560690096566,4.222529319541142,2.6760824
2018-12-12 03:30:00,4.18,3.53,3.13,5.410349983866023,3.980113824559997,2.4652853
2018-12-12 03:45:00,4.25,3.53,3.2,5.74350040823926,3.5843762016545635,2.8263972
2018-12-12 04:00:00,4.18,3.85,3.13,5.187997349329645,5.405688107319904,2.7627192
2018-12-12 04:15:00,4.03,4.18,3.1,5.582991784820823,6.294968326979769,2.8081987
2018-12-12 04:30:00,3.46,3.49,3.17,5.776802687709829,5.22947472154014,2.759703
2018-12-12 04:45:00,3.46,3.56,3.06,6.102293870155936,4.8879935027210255,2.772259
2018-12-12 05:00:00,3.53,3.56,3.17,5.334176778845315,4.634886901913087,2.6986253
2018-12-12 05:15:00,3.46,3.74,3.06,5.644723008977007,4.725511042906314,2.7470372
2018-12-12 05:30:00,3.49,4.18,3.1,5.960859237169121,6.448122145602961,2.7209854
2018-12-12 05:45:00,4.0,4.25,3.02,6.168925882569294,6.552206233436722,2.7563002
2018-12-12 06:00:00,4.25,4.28,3.1,5.416943535527306,6.587118615689651,2.7946641
2018-12-12 06:15:00,3.85,3.56,3.02,5.369687481566405,5.418309179210094,2.7598732
2018-12-12 06:30:00,3.42,3.53,4.61,5.928891406484954,4.787091129737892,3.1230295
2018-12-12 06:45:00,3.42,3.6,4.9,6.222247647194418,4.831098623197168,3.1040986
2018-12-12 07:00:00,3.96,3.49,3.85,5.0489292038434535,3.685159932660312,2.7552023
2018-12-12 07:15:00,4.1,4.1,3.49,4.885638345378663,5.266394843296919,3.8428667
2018-12-12 07:30:00,4.32,4.07,3.2,4.847366146512844,6.50094500159578,3.8895214
2018-12-12 07:45:00,5.83,4.86,4.32,5.550468840112185,5.109776924769244,3.9869583
2018-12-12 08:00:00,5.8,14.83,4.72,8.187668059511527,5.8073654507343155,8.313381
2018-12-12 08:15:00,36.86,44.21,27.65,26.207434846973683,37.54604476163193,38.29918
2018-12-12 08:30:00,60.37,54.04,61.56,39.775966458377766,76.4591412824088,66.670944
2018-12-12 08:45:00,66.46,61.74,57.71,39.76525171901509,75.7901296272561,67.361755
2018-12-12 09:00:00,69.05,69.48,57.82,40.08500338960746,80.77444966342502,66.469604
2018-12-12 09:15:00,63.86,75.38,68.08,62.460085346250864,87.02364103192373,66.047745
2018-12-12 09:30:00,65.59,71.82,64.08,60.38863138652901,86.73656704396357,65.399055
2018-12-12 09:45:00,60.98,71.24,64.76,60.294688406159466,85.01460100042132,68.208725
2018-12-12 10:00:00,65.74,54.86,62.68,54.219244038984016,86.75563986204432,68.45683
2018-12-12 10:15:00,57.17,66.13,49.28,60.743166461959575,85.86409090728051,65.51789
2018-12-12 10:30:00,64.55,73.08,56.52,65.07999642552191,86.87746616713167,66.422646
2018-12-12 10:45:00,53.42,77.51,59.04,67.3106575680955,86.65861818921455,73.53865
2018-12-12 11:00:00,65.88,72.54,66.85,66.041432324148,84.94530591362354,72.48331
2018-12-12 11:15:00,57.71,63.83,68.83,63.361279006577874,83.91074354876774,70.9113
2018-12-12 11:30:00,59.76,67.07,60.3,63.688400853910835,86.52185817922353,72.63332
2018-12-12 11:45:00,79.85,84.24,53.21,65.5472353462528,84.64801689976942,66.926
2018-12-12 12:00:00,49.64,72.79,40.97,58.1456599681862,82.65317268189794,60.958157
2018-12-12 12:15:00,27.97,7.96,10.69,17.649737024879183,10.461682209420788,7.715315
2018-12-12 12:30:00,29.74,5.8,9.43,15.737447611223764,8.034064771827323,6.495087
2018-12-12 12:45:00,29.56,6.98,10.33,17.805567504899095,8.300299048121472,5.8347583
2018-12-12 13:00:00,29.3,6.95,26.68,24.63063745157895,8.908514251358962,8.814852
2018-12-12 13:15:00,58.86,38.45,43.34,40.516085180087906,67.01415096007152,36.223877
2018-12-12 13:30:00,61.78,59.36,46.51,49.04258660741367,78.11939159008394,63.915833
2018-12-12 13:45:00,77.0,66.02,50.44,50.366172082302796,81.1543238989735,64.658195
2018-12-12 14:00:00,65.56,80.28,63.4,56.198984448976645,85.55337862225673,63.166393
2018-12-12 14:15:00,86.51,75.53,54.36,52.01569198317122,85.30182547774236,66.48292
2018-12-12 14:30:00,60.44,72.0,61.52,52.21679611775451,84.06783386763216,63.43942
2018-12-12 14:45:00,64.8,72.61,58.93,51.534463152838825,83.55113796544556,67.5124
2018-12-12 15:00:00,72.18,78.55,85.46,59.00174137034091,84.10266839418065,64.720436
2018-12-12 15:15:00,69.08,73.98,109.3,64.25807851870152,83.61832375809412,68.20948
2018-12-12 15:30:00,66.17,76.79,87.16,58.437524497910545,83.13620620439457,65.232056
2018-12-12 15:45:00,61.67,80.46,96.01,61.912001242738754,83.6126077605851,65.06243
2018-12-12 16:00:00,70.6,68.11,105.91,60.097862760825535,83.34144541281954,65.11814
2018-12-12 16:15:00,68.36,71.68,68.18,51.24549834290758,82.19723303732243,62.72482
2018-12-12 16:30:00,75.1,69.8,64.91,49.12560786504504,83.65216114959081,62.894608
2018-12-12 16:45:00,66.13,75.46,56.05,50.2769308161851,84.71881246157493,66.250565
2018-12-12 17:00:00,70.7,70.27,62.96,48.69668709310061,84.07732720646283,62.680164
2018-12-12 17:15:00,60.7,78.48,47.12,57.2870216954788,83.29058577491564,62.687542
2018-12-12 17:30:00,57.92,66.78,44.57,51.80958151472479,81.35978068263573,57.88499
2018-12-12 17:45:00,32.9,32.11,44.24,39.44523579764652,45.73716039789098,38.77293
2018-12-12 18:00:00,30.53,31.25,27.32,32.950391165663426,32.26198010133174,29.171446
2018-12-12 18:15:00,49.9,36.4,5.87,33.739102551497886,36.47186410336859,32.73094
2018-12-12 18:30:00,67.25,39.56,5.36,37.26338706349216,42.96633679195865,36.00135
2018-12-12 18:45:00,69.37,51.44,5.47,41.48170217175052,41.422250483526845,42.472103
2018-12-12 19:00:00,65.99,51.52,5.58,41.1905858953398,40.02882503598709,42.224487
2018-12-12 19:15:00,66.02,53.57,5.58,41.203020855114715,38.9579390676562,37.786163
2018-12-12 19:30:00,60.19,52.81,5.47,39.71898754329953,40.10802254077546,36.674057
2018-12-12 19:45:00,58.54,52.38,5.44,40.4942760378964,39.93166040246703,37.67609
2018-12-12 20:00:00,61.85,53.21,5.44,38.942154658684444,39.65036788596169,35.0936
2018-12-12 20:15:00,67.07,51.91,5.44,34.18406895229495,35.49662971879291,40.342266
2018-12-12 20:30:00,58.82,53.46,5.51,31.509039139645772,32.37692733416498,32.817253
2018-12-12 20:45:00,53.35,32.36,5.44,22.841368258079456,24.378819339265224,18.118687
2018-12-12 21:00:00,30.35,28.37,4.82,18.377207260209286,20.14276377811828,10.760604
2018-12-12 21:15:00,12.2,6.77,4.28,9.849782115001602,9.850545975131434,3.4867537
2018-12-12 21:30:00,5.8,5.69,4.25,10.958558431482412,6.716550030087287,3.5395105
2018-12-12 21:45:00,5.76,5.8,4.28,12.00646554536474,6.592973530104368,3.426017
2018-12-12 22:00:00,5.65,5.69,4.36,12.216118652477263,6.920890782909469,4.7674003
2018-12-12 22:15:00,5.04,5.47,4.03,20.493212691426923,7.4411232805229215,5.584885
2018-12-12 22:30:00,4.25,5.44,4.0,20.841196745274647,7.425735274713932,6.6286182
2018-12-12 22:45:00,4.25,4.97,4.03,21.068939238373016,6.7321853175807345,5.2640157
2018-12-12 23:00:00,4.21,4.36,4.0,20.25798929344771,9.400042132102735,6.273821
2018-12-12 23:15:00,4.14,4.25,4.0,-5.632361767653453,7.745392452877498,10.26889
2018-12-12 23:30:00,4.1,4.21,3.92,-5.21905670379628,7.999574666954564,9.847967
2018-12-12 23:45:00,4.1,4.14,4.0,-4.77091011701317,8.940098731029204,7.2417736
2018-12-13 00:00:00,5.26,4.21,4.0,3.0825380572913694,5.057223482609379,4.3236556
2018-12-13 00:15:00,4.1,4.21,3.96,3.3978658188497697,4.423619015802292,4.1751556
2018-12-13 00:30:00,4.18,4.14,4.79,3.9863060830439316,4.083228857868853,4.0969195
2018-12-13 00:45:00,4.21,4.14,5.18,4.485731902298124,4.058624062580379,3.3604367
2018-12-13 01:00:00,4.14,4.14,4.03,3.584647152719338,9.081420622126696,4.8989363
2018-12-13 01:15:00,4.28,4.21,3.92,4.158545749281185,4.224762767228347,4.2462506
2018-12-13 01:30:00,4.18,4.18,4.0,4.555248771889733,4.135780578707438,4.356573
2018-12-13 01:45:00,4.25,4.75,3.92,5.029309043853392,5.883968804151484,4.1542754
2018-12-13 02:00:00,5.36,5.33,4.07,4.728932098787549,6.145861933292418,3.160639
2018-12-13 02:15:00,4.79,4.25,3.46,4.643687499335417,6.244211971575998,4.1119804
2018-12-13 02:30:00,4.25,4.25,3.28,5.032394714961331,5.873734636109965,4.093637
2018-12-13 02:45:00,4.18,4.18,3.38,5.386203570923765,5.144447511477508,4.180744
2018-12-13 03:00:00,4.21,4.21,3.31,4.815508059132394,5.155251390012712,5.6234403
2018-12-13 03:15:00,4.18,4.18,3.35,5.188450562827295,5.192356043930955,4.4318194
2018-12-13 03:30:00,4.21,4.18,3.35,5.498737007106325,4.517008677926565,3.9441621
2018-12-13 03:45:00,4.21,4.25,3.38,5.837960217716304,5.969176019999295,3.8954017
2018-12-13 04:00:00,4.21,4.18,3.42,5.207126776152062,5.580426667756617,6.00299
2018-12-13 04:15:00,4.18,4.03,3.31,5.455895122535896,5.220312452365892,4.8402815
2018-12-13 04:30:00,4.21,3.46,4.61,5.925439228389987,5.1790441483207,3.527363
2018-12-13 04:45:00,4.21,3.46,5.04,6.357117469634741,4.333718150917183,2.627638
2018-12-13 05:00:00,4.18,3.53,4.07,5.398260478831023,3.8502955622126076,2.6494648
2018-12-13 05:15:00,3.67,3.46,3.71,5.576063373264358,3.713214337637927,3.6962588
2018-12-13 05:30:00,3.42,3.49,3.31,5.719938134262716,3.6145371045968364,3.6611388
2018-12-13 05:45:00,3.89,4.0,3.31,6.08244746110493,4.011674411633925,3.6856954
2018-12-13 06:00:00,4.32,4.25,3.38,5.401688665187098,4.9285045117154365,3.708545
2018-12-13 06:15:00,3.46,3.85,3.31,5.404672191822339,4.8971739700768575,4.9360566
2018-12-13 06:30:00,3.38,3.42,3.28,5.484663172956406,5.029832626037028,4.859826
2018-12-13 06:45:00,3.38,3.42,3.31,5.665530342032046,5.052221774437465,3.68589
2018-12-13 07:00:00,3.42,3.96,3.24,5.009465652572249,4.043912639293148,4.5758786
2018-12-13 07:15:00,3.42,4.1,3.28,5.158481619469594,4.836708712617393,3.64721
2018-12-13 07:30:00,3.71,4.32,3.46,5.294209645923171,5.129358411880914,3.8912566
2018-12-13 07:45:00,5.69,5.83,4.21,6.182838315914264,5.343095584891405,3.61258
2018-12-13 08:00:00,6.23,5.8,6.44,6.721914851808048,5.845642641680101,3.8608353
2018-12-13 08:15:00,35.57,36.86,32.29,26.042226206350012,35.045341566225794,38.206306
2018-12-13 08:30:00,72.86,60.37,64.98,42.474166027419535,71.57646346593856,64.850975
2018-12-13 08:45:00,61.74,66.46,60.84,41.977419752655884,71.54458789615005,67.70175
2018-12-13 09:00:00,76.36,69.05,59.87,41.27460650600803,74.38548315009372,67.59873
2018-12-13 09:15:00,63.11,63.86,67.0,59.596471445720766,84.87181082535824,64.67073
2018-12-13 09:30:00,65.66,65.59,71.17,61.14877720559757,84.61325550579437,64.51311
2018-12-13 09:45:00,72.07,60.98,76.86,60.611370864401835,84.09280094900954,64.76046
2018-12-13 10:00:00,56.84,65.74,66.67,59.33960140574534,84.06548009455776,66.79413
2018-12-13 10:15:00,69.3,57.17,63.18,62.26046741052163,83.83149557175206,62.567364
2018-12-13 10:30:00,65.66,64.55,68.87,66.37431561873107,85.68040514350828,63.419365
2018-12-13 10:45:00,85.43,53.42,71.06,64.50890877116812,86.89569557905266,63.25029
2018-12-13 11:00:00,53.17,65.88,62.78,64.76305772206112,85.47097632568537,64.266685
2018-12-13 11:15:00,55.4,57.71,60.88,60.8803952711975,84.402820322762,64.31823
2018-12-13 11:30:00,60.08,59.76,74.45,66.1962181433884,84.12800747563085,64.093834
2018-12-13 11:45:00,58.0,79.85,67.82,69.72263939083507,89.65922017724093,68.08655
2018-12-13 12:00:00,51.3,49.64,69.26,59.07635602194192,85.35591405616316,58.45106
2018-12-13 12:15:00,11.38,27.97,9.94,25.32675794846439,15.139850607270134,7.194653
2018-12-13 12:30:00,10.91,29.74,6.88,24.41349587838696,12.809100727942946,5.8021803
2018-12-13 12:45:00,30.1,29.56,7.02,25.612055408390926,12.523475404968352,6.182302
2018-12-13 13:00:00,36.4,29.3,6.95,25.236320636293776,13.261059269452224,6.1499877
2018-12-13 13:15:00,41.69,58.86,35.78,43.62346571182982,70.29103558917735,47.288406
2018-12-13 13:30:00,56.92,61.78,61.78,53.30028370961652,81.08384806976119,62.20603
2018-12-13 13:45:00,46.66,77.0,60.8,56.52896100790231,84.39183967979987,66.955315
2018-12-13 14:00:00,52.52,65.56,71.78,54.66360383810027,89.26338409828146,62.581375
2018-12-13 14:15:00,58.25,86.51,72.11,59.967166797549254,86.2076429691577,67.36633
2018-12-13 14:30:00,72.61,60.44,68.22,51.14457815432685,84.51976278975769,63.76998
2018-12-13 14:45:00,66.24,64.8,73.44,53.037431545484026,85.65680604724142,63.689693
2018-12-13 15:00:00,73.08,72.18,56.88,50.45868565881847,87.84685807979876,69.22021
2018-12-13 15:15:00,60.52,69.08,50.29,48.82466928804543,85.97332459896897,67.043846
2018-12-13 15:30:00,59.87,66.17,48.78,47.22070303524518,86.50416655150059,64.22896
2018-12-13 15:45:00,63.5,61.67,48.96,45.90909628931337,87.03919163558533,63.90584
2018-12-13 16:00:00,60.52,70.6,49.97,47.58822565406845,85.24032361016044,68.08987
2018-12-13 16:15:00,88.92,68.36,62.28,50.14054325622568,85.17731755899992,66.343735
2018-12-13 16:30:00,105.37,75.1,47.95,48.18767631052144,84.59824243388583,67.64732
2018-12-13 16:45:00,102.89,66.13,57.35,49.06084684423634,85.53071883912004,66.73238
2018-12-13 17:00:00,77.83,70.7,47.77,46.710440264594396,84.57722377578762,66.86002
2018-12-13 17:15:00,67.18,60.7,48.6,54.25337054528636,86.77594849729819,63.644962
2018-12-13 17:30:00,70.13,57.92,57.46,53.89559666726723,83.10957644318162,61.92204
2018-12-13 17:45:00,31.72,32.9,31.86,38.339279236086426,34.516844880321074,33.51997
2018-12-13 18:00:00,31.5,30.53,31.61,34.81210279034429,32.55007308907331,30.035286
2018-12-13 18:15:00,54.79,49.9,36.61,44.05696207991906,56.85922598455499,42.657543
2018-12-13 18:30:00,77.04,67.25,40.07,51.603128904825,60.05506136476278,51.460342
2018-12-13 18:45:00,79.63,69.37,37.87,52.271721906620314,60.39723569729494,51.06984
2018-12-13 19:00:00,80.46,65.99,47.23,52.21283489784258,65.19855962730102,52.534428
2018-12-13 19:15:00,71.89,66.02,53.03,52.99516119822141,66.1806385496229,52.822327
2018-12-13 19:30:00,78.52,60.19,38.63,47.680326143100594,63.48524159032854,49.592
2018-12-13 19:45:00,52.31,58.54,37.51,47.98524541804784,63.45195372063812,49.94802
2018-12-13 20:00:00,61.16,61.85,38.3,47.73061331344879,62.97037071687612,49.92067
2018-12-13 20:15:00,61.6,67.07,54.36,47.154288396285025,65.89087534885562,54.085594
2018-12-13 20:30:00,49.68,58.82,38.84,39.35584770529816,62.941702622369725,49.93495
2018-12-13 20:45:00,41.54,53.35,27.72,32.94514187127059,33.37236747672955,38.141632
2018-12-13 21:00:00,20.16,30.35,8.86,19.616740747147446,22.84607774961505,12.9248705
2018-12-13 21:15:00,6.16,12.2,5.51,11.406816377308033,7.8137035056247095,4.05668
2018-12-13 21:30:00,5.69,5.8,5.58,10.480785921868893,6.040730538673088,3.1953647
2018-12-13 21:45:00,5.69,5.76,5.62,12.17367234572735,5.848589450456229,3.6288588
2018-12-13 22:00:00,5.65,5.65,5.54,12.342591452874544,5.849782908039661,3.5861218
2018-12-13 22:15:00,5.47,5.04,5.26,20.69774693818276,5.88354064917037,5.240126
2018-12-13 22:30:00,5.4,4.25,5.22,20.833653524851776,5.643041925638349,5.0444255
2018-12-13 22:45:00,5.36,4.25,5.26,21.203519695053195,5.532116504742762,4.7847743
2018-12-13 23:00:00,5.36,4.21,4.18,20.355810375663694,7.113989835035986,2.9390006
2018-12-13 23:15:00,5.26,4.14,3.96,-5.552335806873824,7.98870818330325,7.5291896
2018-12-13 23:30:00,5.22,4.1,4.0,-5.144265099615975,9.042294368394826,7.1189275
2018-12-13 23:45:00,5.18,4.1,4.0,-4.713911179651159,8.496048704263924,4.401047
2018-12-14 00:00:00,4.1,5.26,4.03,4.147909145037307,5.106991746702694,3.1802928
2018-12-14 00:15:00,5.33,4.1,3.96,4.107630713546346,4.5819229679250535,3.2663405
2018-12-14 00:30:00,5.29,4.18,4.03,4.507611663035572,5.167529020923033,3.3612483
2018-12-14 00:45:00,5.26,4.21,4.03,4.877176217575251,7.148903078105295,4.50033
2018-12-14 01:00:00,5.29,4.14,4.0,4.329750279399416,9.035937948758873,5.0212646
2018-12-14 01:15:00,5.26,4.28,4.03,4.944495384504545,4.541695295534845,3.3119261
2018-12-14 01:30:00,5.36,4.18,4.03,5.307072563184466,4.250981820777354,3.3764002
2018-12-14 01:45:00,5.33,4.25,4.03,5.68637349899787,4.798660841475709,3.2996128
2018-12-14 02:00:00,4.79,5.36,4.1,5.573981766707686,5.120671452460544,3.3674095
2018-12-14 02:15:00,4.14,4.79,4.0,5.677958604464035,5.668278222348857,3.370108
2018-12-14 02:30:00,4.18,4.25,4.72,6.050379171185252,5.630533416949001,4.028158
2018-12-14 02:45:00,4.21,4.18,4.79,6.386318555028996,5.15748323532986,4.451963
2018-12-14 03:00:00,4.18,4.21,4.14,5.6729203333947815,7.363763859492386,4.454875
2018-12-14 03:15:00,4.25,4.18,4.07,6.075458745340892,4.416627283040561,3.2569387
2018-12-14 03:30:00,4.18,4.21,4.03,6.407548730225866,4.592027597615824,2.9891918
2018-12-14 03:45:00,4.14,4.21,4.0,6.7220650428794535,5.010163161398929,2.997866
2018-12-14 04:00:00,4.28,4.21,3.42,6.007883719909611,5.53986318335601,2.9770029
2018-12-14 04:15:00,4.18,4.18,3.49,6.324942430275446,5.361245882466022,2.9929569
2018-12-14 04:30:00,4.18,4.21,3.46,6.511550402497182,6.021374611772981,5.021321
2018-12-14 04:45:00,4.1,4.21,3.38,6.76050002993173,5.931871843200275,4.0886545
2018-12-14 05:00:00,4.46,4.18,3.42,6.108251196396733,5.451093625263987,4.0673
2018-12-14 05:15:00,5.4,3.67,3.42,6.231514287674276,5.120427542601138,4.024963
2018-12-14 05:30:00,4.5,3.42,3.74,6.482067776059065,5.03907745569319,2.832289
2018-12-14 05:45:00,4.18,3.89,4.07,6.91591366798102,4.257166699972445,2.9288003
2018-12-14 06:00:00,4.14,4.32,3.49,6.185109299389982,5.158054846723633,2.8218172
2018-12-14 06:15:00,4.14,3.46,3.42,6.036143364538038,4.484070146018824,2.7387817
2018-12-14 06:30:00,3.49,3.38,3.64,6.26952690946985,5.025341025231195,2.7525012
2018-12-14 06:45:00,3.42,3.38,4.1,6.540698491724786,3.81562496716459,2.853616
2018-12-14 07:00:00,3.35,3.42,4.0,5.758999682560809,3.646179716252898,2.7729657
2018-12-14 07:15:00,3.35,3.42,4.0,5.892115235954481,3.657529099838702,2.805597
2018-12-14 07:30:00,4.25,3.71,3.82,5.976516103720339,3.9244275695995627,2.9074972
2018-12-14 07:45:00,6.52,5.69,4.54,7.007258990695011,4.848419492685646,3.9087336
2018-12-14 08:00:00,7.38,6.23,4.79,7.532344983027794,5.185764020921849,3.7971666
2018-12-14 08:15:00,36.22,35.57,47.66,29.972091664490478,39.74984500904734,38.831863
2018-12-14 08:30:00,94.18,72.86,60.19,44.86184092356457,71.0599557956248,67.872154
2018-12-14 08:45:00,97.88,61.74,60.19,41.156792901752446,73.36332158675916,66.71842
2018-12-14 09:00:00,134.5,76.36,53.32,42.802247428910576,75.63936620922101,69.70636
2018-12-14 09:15:00,93.67,63.11,58.86,58.25656490443234,82.82013442563036,68.365135
2018-12-14 09:30:00,109.26,65.66,49.5,57.11831588779732,83.01604021718525,67.14387
2018-12-14 09:45:00,128.34,72.07,48.42,57.92586167253509,81.60846331090208,70.07809
2018-12-14 10:00:00,81.47,56.84,62.78,56.00125352916547,82.69445709502041,65.77052
2018-12-14 10:15:00,109.69,69.3,48.02,63.201651104401435,83.23084073142152,66.87797
2018-12-14 10:30:00,120.67,65.66,46.22,62.428181103073086,83.95729888761574,64.89548
2018-12-14 10:45:00,92.81,85.43,57.46,71.09851236886168,82.99248126480803,69.539215
2018-12-14 11:00:00,91.58,53.17,48.78,58.68683209900844,82.95605611729553,63.438416
2018-12-14 11:15:00,104.9,55.4,47.02,57.52066305435472,82.14899922979907,61.70365
2018-12-14 11:30:00,124.2,60.08,58.0,62.41103828727924,83.52075555653553,63.969112
2018-12-14 11:45:00,88.85,58.0,51.48,62.63602090404349,83.51464018146376,62.391655
2018-12-14 12:00:00,132.01,51.3,44.28,54.92279548066705,78.39580541666274,55.493233
2018-12-14 12:15:00,13.61,11.38,26.6,25.508656177954677,12.774791938681744,10.216198
2018-12-14 12:30:00,9.86,10.91,12.49,22.088648477693507,11.395580734430858,6.1509132
2018-12-14 12:45:00,9.61,30.1,9.79,28.546115438974713,17.380211423433398,9.874182
2018-12-14 13:00:00,9.43,36.4,10.76,30.32657211464965,24.63593770318209,16.734522
2018-12-14 13:15:00,86.98,41.69,44.06,41.96973844432564,68.63006982787421,49.33656
2018-12-14 13:30:00,74.66,56.92,49.82,50.47044673378345,77.81595633710037,62.42039
2018-12-14 13:45:00,116.42,46.66,54.36,49.13132795820434,81.06396606289908,61.793816
2018-12-14 14:00:00,107.57,52.52,55.98,49.91063890615193,80.04292126612258,63.969486
2018-12-14 14:15:00,103.82,58.25,56.48,51.54102869981651,84.5776734270271,62.579945
2018-12-14 14:30:00,114.73,72.61,47.41,52.620503665030256,82.61605196463454,66.2644
2018-12-14 14:45:00,84.74,66.24,47.95,49.2351632844573,83.09278000386225,64.07228
2018-12-14 15:00:00,109.4,73.08,58.86,53.630500818929036,85.62168037335235,67.77219
2018-12-14 15:15:00,125.21,60.52,50.08,47.904215086792846,83.85664106982624,64.63807
2018-12-14 15:30:00,89.35,59.87,51.88,48.04252052347532,84.12743565069587,63.46398
2018-12-14 15:45:00,122.26,63.5,53.82,49.51357913935101,83.59434585468861,64.17226
2018-12-14 16:00:00,114.66,60.52,49.9,46.83061743720728,83.59227824987073,61.860107
2018-12-14 16:15:00,96.8,88.92,57.1,55.81604572847267,82.90211241198003,69.732506
2018-12-14 16:30:00,118.12,105.37,50.33,58.02410883465146,82.03103185304772,64.50896
2018-12-14 16:45:00,133.2,102.89,68.54,61.286009009180546,81.1368967101745,65.642715
2018-12-14 17:00:00,102.64,77.83,60.12,50.4778121671979,82.43815843425472,63.2549
2018-12-14 17:15:00,63.94,67.18,72.11,60.320298980831566,81.20320520109632,59.7847
2018-12-14 17:30:00,62.64,70.13,46.33,54.50157758723749,79.86497326801468,59.61721
2018-12-14 17:45:00,37.94,31.72,34.16,38.11296001969549,43.91320320590766,34.43777
2018-12-14 18:00:00,32.62,31.5,30.35,34.5329219243277,32.16214057836044,30.458866
2018-12-14 18:15:00,29.63,54.79,42.48,47.32772850473269,53.39836974623722,44.069595
2018-12-14 18:30:00,26.57,77.04,52.85,58.754395570975745,61.59111972122422,50.104095
2018-12-14 18:45:00,26.35,79.63,58.97,61.12397818297576,65.47909625952835,53.095413
2018-12-14 19:00:00,26.32,80.46,57.17,59.173521926240696,65.53564450549905,54.702217
2018-12-14 19:15:00,26.39,71.89,44.39,53.380373963287404,65.62384233160321,55.105774
2018-12-14 19:30:00,26.64,78.52,47.84,55.946735506277804,65.56601693806994,55.517765
2018-12-14 19:45:00,28.44,52.31,54.07,49.91512472572245,64.19381595229552,51.788494
2018-12-14 20:00:00,30.46,61.16,43.38,50.004656960490635,64.66025487636716,50.54114
2018-12-14 20:15:00,29.88,61.6,57.64,46.60615975329216,65.47386986951118,51.3208
2018-12-14 20:30:00,30.06,49.68,41.72,39.08752655738116,62.24835873235746,49.267647
2018-12-14 20:45:00,31.93,41.54,31.9,32.026719409184,35.282679504374094,38.449562
2018-12-14 21:00:00,28.66,20.16,19.69,20.455314990027983,14.380644618010725,14.221075
2018-12-14 21:15:00,5.76,6.16,5.62,10.842087662420731,7.197829214091746,4.9029136
2018-12-14 21:30:00,5.8,5.69,5.62,11.367348832507414,5.679558631959461,4.271033
2018-12-14 21:45:00,5.72,5.69,5.15,12.719606535533991,5.47128065123657,4.628066
2018-12-14 22:00:00,5.69,5.65,4.28,12.491008502710919,5.381133993675237,4.644989
2018-12-14 22:15:00,5.4,5.47,4.0,20.753942323649138,5.306634777518996,4.0018125
2018-12-14 22:30:00,5.33,5.4,4.07,21.090760331392456,6.069381501422431,3.8739953
2018-12-14 22:45:00,5.33,5.36,4.03,21.378327646291932,5.372868180690269,3.6792684
2018-12-14 23:00:00,5.33,5.36,4.0,20.810505799893765,6.0704361642580915,3.9284363
2018-12-14 23:15:00,4.86,5.26,3.96,-5.070590721553092,6.108954935872241,4.163792
2018-12-14 23:30:00,4.03,5.22,4.03,-4.66527922563176,6.116971688606453,4.227805
2018-12-14 23:45:00,4.03,5.18,4.0,-4.265401184368859,6.139739446814725,4.185776
2018-12-15 00:00:00,3.28,4.1,3.78,-7.3641811519349964,4.56093907002654,3.987476
2018-12-15 00:15:00,4.14,5.33,4.0,-6.629750900841788,4.791504180798917,3.7872162
2018-12-15 00:30:00,4.1,5.29,3.96,-6.298496933709405,4.80935372984013,3.787303
2018-12-15 00:45:00,4.07,5.26,4.0,-5.925821424872947,4.604840907445105,3.7742314
2018-12-15 01:00:00,4.14,5.29,4.0,-6.44450321037699,4.182246365732757,3.8182507
2018-12-15 01:15:00,4.14,5.26,5.15,-5.695067445329247,4.366191548465971,3.8122087
2018-12-15 01:30:00,4.14,5.36,4.79,-5.3479886880743415,4.372318535521069,3.8598027
2018-12-15 01:45:00,4.14,5.33,3.96,-5.138387528820541,4.283652264048177,3.772809
2018-12-15 02:00:00,4.1,4.79,3.96,-5.706900724517173,4.23411241325901,4.3532124
2018-12-15 02:15:00,4.1,4.14,4.1,-5.592867655516802,4.03433183549238,4.2483387
2018-12-15 02:30:00,4.21,4.18,4.0,-5.240443141076764,4.4526961893950165,3.8271756
2018-12-15 02:45:00,4.1,4.21,4.0,-4.877273031215569,6.35659558619679,3.797419
2018-12-15 03:00:00,4.18,4.18,4.0,-5.437604209615298,8.050117520983985,3.7668753
2018-12-15 03:15:00,4.82,4.25,3.96,-5.0195672894333505,4.112855015118497,3.7596607
2018-12-15 03:30:00,5.26,4.18,3.64,-4.766620459893918,3.731515698058973,3.5293088
2018-12-15 03:45:00,4.18,4.14,3.38,-4.505121078707877,3.5818327959819234,3.4988523
2018-12-15 04:00:00,4.14,4.28,3.31,-5.055368368991505,3.851030771910839,3.4771743
2018-12-15 04:15:00,4.14,4.18,3.35,-4.776154755444406,3.796103044404613,3.6928325
2018-12-15 04:30:00,3.82,4.18,3.35,-4.577100097309238,3.8591113143425773,3.4826055
2018-12-15 04:45:00,3.46,4.1,3.42,-4.350393509219831,3.592513763486725,3.426673
2018-12-15 05:00:00,3.49,4.46,3.49,-4.876699040515245,4.485373837802036,3.4102716
2018-12-15 05:15:00,3.42,5.4,4.0,-4.202335056582736,4.403524715947555,3.3857927
2018-12-15 05:30:00,3.42,4.5,3.53,-4.395002697342097,4.680848297901419,3.3748698
2018-12-15 05:45:00,3.42,4.18,3.35,-4.325281980644942,3.999620228336665,3.4782991
2018-12-15 06:00:00,3.38,4.14,3.38,-5.054269762853682,5.840720549882465,3.6226525
2018-12-15 06:15:00,3.46,4.14,4.03,-4.775233925637583,4.279944351316062,3.5242329
2018-12-15 06:30:00,3.42,3.49,4.03,-4.782037921296702,3.730706930558228,3.4073648
2018-12-15 06:45:00,3.49,3.42,4.0,-4.709120354915601,3.72491203537663,4.396874
2018-12-15 07:00:00,4.57,3.35,3.78,-5.464643500040179,3.6107048427344393,4.3506694
2018-12-15 07:15:00,4.43,3.35,3.35,-5.378290514774395,3.4108371942779985,4.328988
2018-12-15 07:30:00,4.1,4.25,3.31,-5.063570016077772,3.7736429282344055,3.3321414
2018-12-15 07:45:00,4.07,6.52,3.53,-4.039172686251813,4.275713217361326,5.416743
2018-12-15 08:00:00,3.64,7.38,3.67,-3.564595934869164,4.837213465349178,5.5246916
2018-12-15 08:15:00,3.35,36.22,29.23,14.436904041673797,36.733206594342704,25.797829
2018-12-15 08:30:00,3.35,94.18,38.16,35.67090642232928,33.78414341625163,40.569695
2018-12-15 08:45:00,3.38,97.88,33.08,34.11379561811533,41.49197828659309,39.267548
2018-12-15 09:00:00,3.49,134.5,51.52,46.79806911094791,47.89475229219145,55.147964
2018-12-15 09:15:00,3.56,93.67,47.77,31.86309943793299,4.203331344768092,12.88773
2018-12-15 09:30:00,3.38,109.26,42.05,35.50173906613027,4.231068660366138,15.643101
2018-12-15 09:45:00,3.42,128.34,32.4,39.26125879212792,32.93221756572954,18.31714
2018-12-15 10:00:00,3.35,81.47,31.43,23.501490676720522,30.255359884214915,13.87895
2018-12-15 10:15:00,3.35,109.69,31.57,31.670176938761323,32.034730876231755,13.888939
2018-12-15 10:30:00,3.35,120.67,31.43,35.784635905487434,32.24818414011944,12.2244625
2018-12-15 10:45:00,4.97,92.81,47.66,31.41817427068774,3.9584730092826015,9.993806
2018-12-15 11:00:00,5.36,91.58,49.28,29.607472906542128,4.1023994577833625,10.323088
2018-12-15 11:15:00,4.28,104.9,38.16,30.507416443096567,4.133528582176627,9.074289
2018-12-15 11:30:00,4.18,124.2,44.14,38.86407419843272,4.101679875688584,12.382141
2018-12-15 11:45:00,3.35,88.85,38.27,28.370939529953194,4.123872790113882,8.947191
2018-12-15 12:00:00,3.38,132.01,22.46,35.2957518751374,30.707858775559224,13.184329
2018-12-15 12:15:00,3.42,13.61,3.92,-13.746477898319934,7.402311756795527,7.8296366
2018-12-15 12:30:00,3.42,9.86,4.57,-12.234708530314105,5.754575167134487,7.3782125
2018-12-15 12:45:00,3.42,9.61,5.36,-9.363780516085423,6.920971265247594,7.011739
2018-12-15 13:00:00,3.38,9.43,6.08,-5.5074248400509624,7.562232176862237,7.5540257
2018-12-15 13:15:00,3.31,86.98,34.09,24.838766704735335,16.30949593152259,8.460625
2018-12-15 13:30:00,3.35,74.66,55.69,26.643182420558453,4.0839603562992215,11.725911
2018-12-15 13:45:00,3.38,116.42,40.61,35.58357457257651,4.172019233277652,13.984325
2018-12-15 14:00:00,3.31,107.57,50.51,32.05285246911944,4.244827198983912,11.37545
2018-12-15 14:15:00,3.82,103.82,37.98,29.07391220433102,4.314127067835824,9.715279
2018-12-15 14:30:00,4.1,114.73,48.89,32.523969023488846,4.438191482779343,8.916279
2018-12-15 14:45:00,4.07,84.74,37.73,20.644826489900485,4.525769714962501,9.678669
2018-12-15 15:00:00,4.21,109.4,40.03,29.025626501915657,4.629813580808205,9.159391
2018-12-15 15:15:00,3.74,125.21,43.67,34.2942915903954,4.857286331987435,14.007162
2018-12-15 15:30:00,3.74,89.35,46.15,23.402446851719958,4.81459867124433,11.380674
2018-12-15 15:45:00,3.96,122.26,49.68,34.10767387659729,4.844549645650747,11.02067
2018-12-15 16:00:00,3.28,114.66,49.32,29.98374453652719,4.824327511811973,8.935146
2018-12-15 16:15:00,3.35,96.8,49.46,25.815103010389034,4.8392607669408845,11.271131
2018-12-15 16:30:00,3.28,118.12,49.54,33.38928140862177,4.8011501682881015,9.791027
2018-12-15 16:45:00,3.24,133.2,34.63,35.31266691819154,5.169855216367013,9.333738
2018-12-15 17:00:00,3.28,102.64,27.0,21.815157978587802,35.18404885556501,4.8377447
2018-12-15 17:15:00,3.28,63.94,9.9,7.7824859704111695,34.63001052727765,10.02948
2018-12-15 17:30:00,3.35,62.64,5.22,6.895693411198014,34.90078753136004,10.4091425
2018-12-15 17:45:00,4.18,37.94,5.29,-3.2356420329891584,32.37624824165744,8.976822
2018-12-15 18:00:00,4.1,32.62,5.22,-6.595127496917801,32.17759824796125,7.841339
2018-12-15 18:15:00,4.1,29.63,5.18,-3.060061688962765,31.26333514994194,3.2880578
2018-12-15 18:30:00,4.1,26.57,5.15,1.0849217758084073,10.962577652839801,4.5953345
2018-12-15 18:45:00,4.03,26.35,5.33,2.700464936018303,6.643665418183336,4.715889
2018-12-15 19:00:00,4.28,26.32,5.15,1.6841095420260466,6.489359231539928,4.615865
2018-12-15 19:15:00,3.49,26.39,4.1,1.5104998635876576,6.600789138376601,4.376407
2018-12-15 19:30:00,3.38,26.64,4.14,1.2599122996122851,14.679173458229798,4.037291
2018-12-15 19:45:00,3.35,28.44,4.1,0.1384828240277578,35.52863424572777,3.7090802
2018-12-15 20:00:00,3.38,30.46,4.14,1.0078176658187736,43.196462838245495,6.17855
2018-12-15 20:15:00,3.46,29.88,4.1,1.3281855395812663,42.44005678822668,3.7212908
2018-12-15 20:30:00,3.42,30.06,4.03,0.15943093859064916,43.36269584370809,4.7506957
2018-12-15 20:45:00,3.35,31.93,4.14,-2.156611528936107,43.49617450604234,4.0684395
2018-12-15 21:00:00,3.38,28.66,4.1,-6.905831597488184,35.83034268148717,3.473813
2018-12-15 21:15:00,3.96,5.76,4.14,-17.636283683555423,5.28796786277861,3.4430819
2018-12-15 21:30:00,4.28,5.8,4.1,-17.764202053492223,4.483297676477521,3.4736109
2018-12-15 21:45:00,4.25,5.72,4.14,-16.725101431850266,4.471382023522482,3.4153342
2018-12-15 22:00:00,4.18,5.69,4.1,-16.454505373829225,4.452417193257357,3.4567995
2018-12-15 22:15:00,3.74,5.4,3.82,-16.27932977549182,4.450348567975034,3.4209023
2018-12-15 22:30:00,3.31,5.33,3.89,-15.947381577042737,4.292124589117068,3.3973312
2018-12-15 22:45:00,4.07,5.33,5.0,-15.445899308156225,4.637030022267108,3.5507903
2018-12-15 23:00:00,3.56,5.33,4.75,-16.021598355191262,4.425146485377353,3.5605779
2018-12-15 23:15:00,3.17,4.86,3.82,-15.99315941256263,4.597249208166715,3.504918
2018-12-15 23:30:00,3.24,4.03,3.71,-15.850297987196445,4.469934112819267,3.3348842
2018-12-15 23:45:00,3.2,4.03,3.82,-15.390308213635773,4.507159577346419,3.2910614
2018-12-16 00:00:00,4.21,3.28,3.17,-8.73889484997228,3.6134980655950284,2.7298586
2018-12-16 00:15:00,3.24,4.14,3.74,-8.105096617216315,3.545873792271227,5.5380626
2018-12-16 00:30:00,3.28,4.1,3.74,-7.762147486922505,3.5841453815962625,5.569837
2018-12-16 00:45:00,3.28,4.07,3.82,-7.382626268217084,3.6168234522193727,5.615954
2018-12-16 01:00:00,3.85,4.14,3.85,-7.890948554676537,3.677022540638399,5.500757
2018-12-16 01:15:00,4.18,4.14,3.78,-7.464198064346544,3.646803809839049,5.5217686
2018-12-16 01:30:00,4.07,4.14,3.82,-7.025390885239265,3.6728545815174365,5.514657
2018-12-16 01:45:00,4.07,4.14,3.78,-6.601593365880905,3.6567072138084793,5.607887
2018-12-16 02:00:00,3.92,4.1,3.78,-7.001410676147504,3.6022924414697326,5.516054
2018-12-16 02:15:00,3.28,4.1,3.17,-6.895184154552066,3.5574125246268626,5.490251
2018-12-16 02:30:00,3.42,4.21,3.13,-6.551151824466839,6.934450246605993,5.6142073
2018-12-16 02:45:00,3.53,4.1,3.35,-6.217742946547563,8.004825435538645,5.5704503
2018-12-16 03:00:00,4.14,4.18,3.67,-6.702540247302895,8.009279817147519,6.068642
2018-12-16 03:15:00,3.56,4.82,3.02,-6.249066143763724,4.605962002980302,5.489785
2018-12-16 03:30:00,3.35,5.26,3.13,-5.754602425823688,5.199177107020287,6.233827
2018-12-16 03:45:00,3.38,4.18,3.06,-5.793767336456693,5.105332095212298,6.2449193
2018-12-16 04:00:00,3.42,4.14,3.06,-6.3823521824038885,5.04673296529445,6.2474566
2018-12-16 04:15:00,3.42,4.14,3.06,-6.071657931355514,4.331482845782317,6.278205
2018-12-16 04:30:00,3.42,3.82,3.2,-5.882840388929861,3.362498015039572,6.0375566
2018-12-16 04:45:00,3.38,3.46,3.78,-5.620866684807705,3.474126525282555,3.5741227
2018-12-16 05:00:00,4.07,3.49,3.78,-6.231129839128673,3.628048747236842,3.5268333
2018-12-16 05:15:00,4.14,3.42,3.74,-5.908277933343552,3.420026482531737,3.454251
2018-12-16 05:30:00,4.07,3.42,3.74,-5.746209547826044,3.367483954433957,3.6314986
2018-12-16 05:45:00,4.07,3.42,3.13,-5.6646984189708895,3.310978015055427,3.6186688
2018-12-16 06:00:00,3.53,3.38,3.74,-6.25924668958692,8.196840694172986,3.608723
2018-12-16 06:15:00,3.31,3.46,3.56,-6.217405133190422,3.9021408165244975,3.595534
2018-12-16 06:30:00,3.35,3.42,3.1,-6.206814481394826,3.2284433780455766,3.629515
2018-12-16 06:45:00,3.64,3.49,2.95,-6.096644021486899,3.3188715608812642,3.7385552
2018-12-16 07:00:00,4.07,4.57,3.06,-6.492680946045088,3.83718892527437,5.9903684
2018-12-16 07:15:00,3.38,4.43,3.02,-6.426396839548023,3.4081583188867275,6.036592
2018-12-16 07:30:00,3.28,4.1,2.95,-6.475376645249394,3.580511535452305,6.231065
2018-12-16 07:45:00,3.89,4.07,3.02,-5.979732436891137,3.9479903291374256,6.55194
2018-12-16 08:00:00,3.96,3.64,2.99,-5.708451902279055,3.6954964439856606,6.1829805
2018-12-16 08:15:00,39.35,3.35,3.13,2.6963687383008867,4.805201166320343,5.381173
2018-12-16 08:30:00,63.54,3.35,3.74,11.4695898671539,4.707164163833225,3.1208706
2018-12-16 08:45:00,65.02,3.38,3.82,11.381914560265987,4.310778056918068,3.5235715
2018-12-16 09:00:00,63.79,3.49,3.96,14.728799562563562,3.8257918815544514,2.471889
2018-12-16 09:15:00,61.7,3.56,4.03,29.93411966337989,7.937447389827918,14.130552
2018-12-16 09:30:00,64.8,3.38,3.35,30.41315169069859,7.959370660660276,16.387852
2018-12-16 09:45:00,51.16,3.42,3.31,31.16464014113575,8.044799233983502,15.258174
2018-12-16 10:00:00,55.01,3.35,3.89,26.86015594824164,7.872364466538432,12.941307
2018-12-16 10:15:00,61.81,3.35,4.03,35.9043566236548,7.9774252233060166,11.237059
2018-12-16 10:30:00,72.18,3.35,3.31,36.909386374636505,8.117802538072949,13.685953
2018-12-16 10:45:00,54.86,4.97,3.35,37.41306697978574,8.464042934076671,11.015076
2018-12-16 11:00:00,66.78,5.36,3.42,34.39315046516772,8.603631223286367,12.013572
2018-12-16 11:15:00,69.95,4.28,3.35,33.21273833949038,8.254336767795186,10.395249
2018-12-16 11:30:00,53.35,4.18,3.31,35.373294372640125,8.689811139912818,9.579632
2018-12-16 11:45:00,55.51,3.35,3.38,35.57414276984192,8.829057392132901,10.124398
2018-12-16 12:00:00,11.81,3.38,3.89,33.49443948976308,8.791980306459255,17.013906
2018-12-16 12:15:00,5.65,3.42,4.18,8.829599608665173,8.781335243717303,3.6596181
2018-12-16 12:30:00,5.54,3.42,4.1,8.973858031887058,7.919409989691238,3.2577631
2018-12-16 12:45:00,5.44,3.42,4.1,10.835311210956807,6.582352452377178,3.185589
2018-12-16 13:00:00,5.33,3.38,3.6,10.348199418747608,5.914716740108708,5.62699
2018-12-16 13:15:00,36.47,3.31,3.42,18.131590390535468,6.596473439215331,7.2420855
2018-12-16 13:30:00,63.72,3.35,3.42,21.594486572512196,6.429766173221578,11.264872
2018-12-16 13:45:00,64.8,3.38,3.35,24.065808485340575,6.517356922232979,10.64978
2018-12-16 14:00:00,61.85,3.31,3.92,22.661983044192482,6.67248363113695,9.002449
2018-12-16 14:15:00,57.89,3.82,3.78,23.651513533101316,6.472480123550776,9.202786
2018-12-16 14:30:00,54.36,4.1,3.42,22.893317587549593,6.697261750238456,11.106923
2018-12-16 14:45:00,47.38,4.07,3.38,20.355884366645533,6.489677417322195,10.776085
2018-12-16 15:00:00,43.49,4.21,3.46,21.959153374445222,6.914813692824754,9.960621
2018-12-16 15:15:00,45.4,3.74,3.42,22.027974850191733,6.841154365279715,11.315977
2018-12-16 15:30:00,60.55,3.74,3.53,20.002265390055392,6.665768495028876,10.661759
2018-12-16 15:45:00,48.42,3.96,4.07,21.791193230483785,7.463561183392585,10.319544
2018-12-16 16:00:00,63.22,3.28,4.03,19.588066261443103,6.721199817224081,11.734965
2018-12-16 16:15:00,62.64,3.35,4.14,20.93982835202942,7.129494757188974,12.152218
2018-12-16 16:30:00,66.02,3.28,4.0,23.626340396854793,6.978582511214407,18.643427
2018-12-16 16:45:00,35.42,3.24,3.31,24.879526666702272,6.92056454680951,13.633119
2018-12-16 17:00:00,9.11,3.28,3.35,20.90210050568927,7.966597098574161,5.29616
2018-12-16 17:15:00,8.06,3.28,3.49,26.953485653235195,7.576223202978493,9.385617
2018-12-16 17:30:00,7.74,3.35,4.1,26.802990662021262,8.044023916097988,11.965854
2018-12-16 17:45:00,7.85,4.18,3.64,19.799202184042727,21.460587787797238,12.824995
2018-12-16 18:00:00,6.73,4.1,3.24,15.969495620882167,20.93120447984276,9.2865095
2018-12-16 18:15:00,5.22,4.1,3.28,20.330885021187633,20.926954710722995,11.035913
2018-12-16 18:30:00,5.69,4.1,3.31,25.034627555419334,21.91527802772533,15.777627
2018-12-16 18:45:00,5.72,4.03,3.42,26.512858566108427,21.379575907933354,16.21781
2018-12-16 19:00:00,5.69,4.28,3.64,25.49918859021005,22.0803227128387,17.475462
2018-12-16 19:15:00,5.72,3.49,4.07,25.016092330809446,20.675210460588225,13.003697
2018-12-16 19:30:00,5.44,3.38,4.03,24.94094134349096,20.760568828886594,12.842761
2018-12-16 19:45:00,4.46,3.35,4.03,22.494668148790545,20.010912616643107,12.559802
2018-12-16 20:00:00,4.5,3.38,4.0,23.27943580852701,20.14185518999567,13.047417
2018-12-16 20:15:00,4.46,3.46,3.31,15.695244096290594,22.466046721217484,13.287344
2018-12-16 20:30:00,4.5,3.42,3.31,14.104071068287062,21.79874857800735,13.421577
2018-12-16 20:45:00,4.54,3.35,3.35,11.137884231323707,21.714229782815615,7.60943
2018-12-16 21:00:00,4.46,3.38,3.35,7.1464261382597165,21.75594799830383,6.907144
2018-12-16 21:15:00,4.5,3.96,3.67,2.0413392040269436,8.342984869256318,9.312701
2018-12-16 21:30:00,4.5,4.28,4.14,1.5657380994416776,8.75497076977786,7.503661
2018-12-16 21:45:00,4.57,4.25,3.38,1.8089975334288049,9.280594359776517,8.922299
2018-12-16 22:00:00,4.57,4.18,3.28,1.2212247631921578,8.9552277124726,10.594039
2018-12-16 22:15:00,4.25,3.74,3.13,9.430643884090099,5.360169288204928,7.798246
2018-12-16 22:30:00,4.25,3.31,3.17,9.70406069436945,5.414926850684513,6.1620693
2018-12-16 22:45:00,4.18,4.07,3.78,10.23672894756709,5.136841724704469,8.323306
2018-12-16 23:00:00,5.44,3.56,3.78,9.619199317141383,5.041430758443525,7.173509
2018-12-16 23:15:00,4.82,3.17,3.74,-16.245890176029295,3.321767589643706,5.6395574
2018-12-16 23:30:00,4.14,3.24,3.74,-15.87405467021932,3.3414368119824918,5.6530075
2018-12-16 23:45:00,4.18,3.2,3.46,-15.503107261430234,3.2895840600296378,5.637297
2018-12-17 00:00:00,4.57,4.21,5.36,7.5287056012268785,4.116761477962309,3.519462
2018-12-17 00:15:00,4.25,3.24,3.06,7.2114347078549095,3.883254274172024,3.5493698
2018-12-17 00:30:00,4.18,3.28,3.02,7.560731193754275,3.869837541416012,3.499762
2018-12-17 00:45:00,4.21,3.28,3.31,7.997351357474788,3.876860831309528,2.9362435
2018-12-17 01:00:00,4.21,3.85,3.85,7.701664638476746,3.8190607170395316,3.0438113
2018-12-17 01:15:00,4.21,4.18,3.42,8.105306467364013,3.9217889315716374,3.0523214
2018-12-17 01:30:00,4.36,4.07,3.1,8.440304573571485,3.8266462015567164,3.1052651
2018-12-17 01:45:00,4.28,4.07,3.1,8.860707043097296,3.852021819424183,3.2032633
2018-12-17 02:00:00,4.28,3.92,3.17,8.429540025304934,3.821965122071409,3.1008153
2018-12-17 02:15:00,4.28,3.28,3.31,8.516571121211538,3.816265530566315,2.8992639
2018-12-17 02:30:00,3.71,3.42,3.82,8.956790307000336,8.854935449422355,3.2124877
2018-12-17 02:45:00,4.32,3.53,3.78,9.326728201635799,8.899903718483378,3.1859212
2018-12-17 03:00:00,3.82,4.14,3.82,8.923971456318906,9.597263351219521,3.1638093
2018-12-17 03:15:00,3.53,3.56,3.74,9.15599506031251,3.8223566236369506,2.8848205
2018-12-17 03:30:00,3.53,3.35,3.1,9.395139323842514,3.8056030984039073,2.8097348
2018-12-17 03:45:00,3.53,3.38,3.2,9.675918671111564,3.8232906212387032,2.8187127
2018-12-17 04:00:00,3.6,3.42,3.1,9.111353336159016,3.9218026662623107,2.8111815
2018-12-17 04:15:00,3.53,3.42,3.13,9.412320118642004,3.8689153307574626,3.2268085
2018-12-17 04:30:00,3.53,3.42,3.17,9.645454837426154,3.6316378809148304,3.193822
2018-12-17 04:45:00,4.1,3.38,3.49,9.94004359001556,3.806250567272903,3.1713428
2018-12-17 05:00:00,4.25,4.07,3.74,9.524936279935023,4.713518877699095,3.16991
2018-12-17 05:15:00,4.28,4.14,3.13,9.770779566189592,4.140571876009083,2.9409266
2018-12-17 05:30:00,4.25,4.07,3.1,9.85799998586418,4.275080156586054,2.8495288
2018-12-17 05:45:00,3.64,4.07,3.82,10.128440901035294,8.96103337036101,3.4550204
2018-12-17 06:00:00,3.49,3.53,3.82,9.347429843576847,9.747348651160468,3.488284
2018-12-17 06:15:00,3.46,3.31,3.85,9.375938638048499,4.784800277334402,3.385357
2018-12-17 06:30:00,4.32,3.35,3.82,9.452689222610228,4.071774604612093,3.30027
2018-12-17 06:45:00,3.6,3.64,3.46,9.566402746493278,4.2900654498407595,3.1684656
2018-12-17 07:00:00,3.42,4.07,3.06,8.957328049849178,3.819982982182477,2.8201375
2018-12-17 07:15:00,3.49,3.38,3.13,8.902930408925744,3.6901626348431593,3.9603033
2018-12-17 07:30:00,4.36,3.28,3.56,9.039177788543075,4.929268014904628,4.66469
2018-12-17 07:45:00,6.19,3.89,5.87,10.162867828276948,4.624076606905957,6.8633833
2018-12-17 08:00:00,6.3,3.96,6.8,10.8269016978992,5.158032236764595,11.049837
2018-12-17 08:15:00,6.48,39.35,33.48,30.94940280451459,36.44168308769049,37.37512
2018-12-17 08:30:00,53.35,63.54,61.06,49.69261383622586,76.4507979166847,63.981895
2018-12-17 08:45:00,46.94,65.02,58.36,48.33487906210202,72.90353201653691,65.7188
2018-12-17 09:00:00,52.06,63.79,68.62,53.5478087567913,76.07461355001135,70.517975
2018-12-17 09:15:00,54.83,61.7,69.23,66.81339125135624,91.47688811075773,70.455444
2018-12-17 09:30:00,56.12,64.8,70.78,69.2086922673132,90.4526564215114,70.50545
2018-12-17 09:45:00,58.0,51.16,61.74,65.9968659907473,90.6973165279666,72.121826
2018-12-17 10:00:00,50.08,55.01,72.0,63.23828158070174,89.3161265083471,70.84505
2018-12-17 10:15:00,46.04,61.81,56.2,72.0671384551381,90.44973935074518,68.114334
2018-12-17 10:30:00,49.54,72.18,56.02,75.94394870909379,91.58400237184279,69.27163
2018-12-17 10:45:00,54.14,54.86,63.9,71.7085145541115,88.99022565902935,65.062904
2018-12-17 11:00:00,53.78,66.78,68.47,72.7185032209489,88.6650207286546,64.826515
2018-12-17 11:15:00,52.67,69.95,61.56,72.27695467650324,90.17181958609912,65.055626
2018-12-17 11:30:00,55.84,53.35,70.31,72.79282420917988,88.44828472309293,70.530876
2018-12-17 11:45:00,49.64,55.51,62.42,70.5281113252715,89.48597319521274,69.66153
2018-12-17 12:00:00,54.5,11.81,44.75,58.77348183343399,85.75969358361345,68.04192
2018-12-17 12:15:00,11.12,5.65,9.11,22.96472672125806,12.731265841309293,10.030151
2018-12-17 12:30:00,7.06,5.54,10.33,24.29358891816101,11.233946036848431,9.489368
2018-12-17 12:45:00,7.13,5.44,11.45,28.04795490443393,17.655035289832327,12.482771
2018-12-17 13:00:00,8.21,5.33,11.09,27.792298430162404,18.193604924108453,16.893883
2018-12-17 13:15:00,33.26,36.47,42.66,49.73001220252121,79.21718152299519,56.186047
2018-12-17 13:30:00,56.99,63.72,72.9,63.281811785703965,82.6288862276545,67.98997
2018-12-17 13:45:00,56.59,64.8,71.03,65.94103926522037,85.76914852682624,67.213234
2018-12-17 14:00:00,55.08,61.85,67.32,61.86531062438223,87.66501692033678,65.42964
2018-12-17 14:15:00,51.05,57.89,64.22,60.6586887501082,87.13607949048519,65.641495
2018-12-17 14:30:00,47.95,54.36,69.91,60.9293820348754,85.3643805790947,64.11746
2018-12-17 14:45:00,57.82,47.38,51.23,52.466199939435626,86.44291920604185,64.038445
2018-12-17 15:00:00,59.11,43.49,58.39,55.8366490321027,83.75946966191785,61.27559
2018-12-17 15:15:00,60.62,45.4,69.62,59.947893783704316,84.00418423976963,62.02925
2018-12-17 15:30:00,53.6,60.55,66.71,59.38897326525144,83.9835847249091,61.25144
2018-12-17 15:45:00,60.44,48.42,65.99,59.40695627850437,83.24756610639818,62.44512
2018-12-17 16:00:00,67.5,63.22,64.98,60.24884191419771,84.43853228941663,67.03466
2018-12-17 16:15:00,85.86,62.64,64.55,60.028610564121436,85.40371525232517,62.947826
2018-12-17 16:30:00,82.33,66.02,63.72,64.09471096699875,84.83273261767721,66.90489
2018-12-17 16:45:00,59.8,35.42,66.53,59.10095837893374,84.85795244283854,64.24042
2018-12-17 17:00:00,60.37,9.11,62.57,48.274303606444846,82.86500743192443,64.268394
2018-12-17 17:15:00,56.38,8.06,63.72,54.128144060010214,79.99885863838391,61.85831
2018-12-17 17:30:00,52.99,7.74,58.64,53.76744017410776,80.30678758958389,61.12714
2018-12-17 17:45:00,35.35,7.85,60.12,46.98092809175279,52.754241701762616,36.16877
2018-12-17 18:00:00,31.32,6.73,24.73,35.77874996015621,36.108235359465795,28.03606
2018-12-17 18:15:00,16.09,5.22,5.47,36.10140047149679,48.33485868296295,32.63234
2018-12-17 18:30:00,6.37,5.69,4.5,40.673177979270065,74.40872936256012,33.123386
2018-12-17 18:45:00,5.8,5.72,4.46,42.2160896425011,72.44914133362293,31.97431
2018-12-17 19:00:00,5.54,5.69,4.46,41.15391371081381,71.84494601882218,31.998514
2018-12-17 19:15:00,5.54,5.72,4.75,40.89314250615878,71.79668336216261,40.29395
2018-12-17 19:30:00,5.62,5.44,5.69,41.00874130936421,54.95475931198607,41.034805
2018-12-17 19:45:00,5.54,4.46,5.62,38.456923265609134,55.0387264628183,41.12544
2018-12-17 20:00:00,5.62,4.5,4.46,39.098136456764216,73.18830028613566,42.07614
2018-12-17 20:15:00,5.54,4.46,4.46,31.614637248435493,74.31801320203324,43.71984
2018-12-17 20:30:00,4.75,4.5,4.5,30.10691160964703,75.82859569510069,44.071236
2018-12-17 20:45:00,4.46,4.54,4.43,27.133952209338965,63.22272965211176,31.511702
2018-12-17 21:00:00,4.46,4.46,4.46,22.35113501937814,33.23821235185034,18.439833
2018-12-17 21:15:00,4.43,4.5,4.5,16.287077320676616,8.074147127810237,7.8151374
2018-12-17 21:30:00,4.43,4.5,4.57,15.671789668294885,6.3373198644115725,3.989026
2018-12-17 21:45:00,4.46,4.57,4.54,16.018868949468818,6.087506164297136,3.8797603
2018-12-17 22:00:00,4.46,4.57,4.46,15.445835097776424,6.1744480997043905,3.7782116
2018-12-17 22:15:00,4.14,4.25,4.28,23.706742301246745,5.633861279495756,3.925224
2018-12-17 22:30:00,4.18,4.25,4.25,24.107351274732142,6.557179167112328,3.4115965
2018-12-17 22:45:00,4.21,4.18,4.32,24.344496018597784,5.361222848207012,3.235965
2018-12-17 23:00:00,4.18,5.44,4.18,24.1780666081611,6.637318344292142,3.341129
2018-12-17 23:15:00,4.14,4.82,4.18,-1.8761496881082245,6.57464921084847,3.3915334
2018-12-17 23:30:00,4.07,4.14,4.21,-1.733668319425913,6.304183822737572,3.2621155
2018-12-17 23:45:00,4.07,4.18,4.28,-1.3393499399240874,6.3531489497473865,3.2797294
2018-12-18 00:00:00,4.14,4.57,4.18,4.131612163623441,6.734603407890841,5.493971
2018-12-18 00:15:00,5.22,4.25,4.86,4.65737243229864,8.342361105850793,5.6781907
2018-12-18 00:30:00,4.68,4.18,4.21,4.857979793582313,7.22308710081255,5.472252
2018-12-18 00:45:00,4.14,4.21,4.18,5.263622114816574,7.297419506232698,5.4761553
2018-12-18 01:00:00,4.1,4.21,4.21,4.730030819736616,5.568947163184625,5.923018
2018-12-18 01:15:00,4.18,4.21,4.32,5.132154068443473,5.31946466650154,5.9694233
2018-12-18 01:30:00,4.07,4.36,4.25,5.571769953457615,6.3469482666171375,5.5575175
2018-12-18 01:45:00,4.18,4.28,4.18,5.952972169885772,6.093148974349885,5.545829
2018-12-18 02:00:00,4.1,4.28,4.21,5.562417234511965,5.995137970909321,5.5360084
2018-12-18 02:15:00,4.18,4.28,4.28,5.8510948750867975,6.941230298823572,5.602976
2018-12-18 02:30:00,4.14,3.71,4.25,6.0362925246403485,9.273951026203788,3.6578202
2018-12-18 02:45:00,4.21,4.32,4.21,6.502646822231963,9.640427194108762,5.617345
2018-12-18 03:00:00,4.18,3.82,3.56,5.693100844270017,9.998079406087191,3.5152173
2018-12-18 03:15:00,3.6,3.53,3.56,6.081592884712347,4.794353889311619,3.3303342
2018-12-18 03:30:00,3.42,3.53,3.53,6.484822291732559,4.727857316238323,3.304214
2018-12-18 03:45:00,3.42,3.53,3.53,6.721280998097111,5.398007644054395,3.2408953
2018-12-18 04:00:00,3.38,3.6,3.85,6.20647048369624,9.286745271271448,3.4680443
2018-12-18 04:15:00,3.42,3.53,4.18,6.552787994409631,9.296488730377014,3.5070457
2018-12-18 04:30:00,3.71,3.53,3.49,6.652919319666548,4.193527588625815,3.2726064
2018-12-18 04:45:00,4.18,4.1,3.56,7.061872771512814,5.0632585227325375,3.2705798
2018-12-18 05:00:00,3.53,4.25,3.56,6.445511177994607,7.352408517021175,3.442995
2018-12-18 05:15:00,3.46,4.28,3.74,6.816368129401052,4.554777786837956,3.3116975
2018-12-18 05:30:00,3.38,4.25,4.18,7.010639460433186,6.209767117740091,3.5132074
2018-12-18 05:45:00,4.03,3.64,4.25,7.020610142197125,6.916186440247249,3.492591
2018-12-18 06:00:00,4.14,3.49,4.28,6.367951867980398,5.1703496890977965,3.4511867
2018-12-18 06:15:00,3.6,3.46,3.56,6.281281615669098,4.444849714593692,3.0283494
2018-12-18 06:30:00,3.38,4.32,3.53,6.623413756845604,4.923280366840417,3.1085987
2018-12-18 06:45:00,3.35,3.6,3.6,6.492983827781469,5.374866701359432,4.0499487
2018-12-18 07:00:00,3.31,3.42,3.49,5.811842175402919,4.739697178991255,3.1880116
2018-12-18 07:15:00,3.28,3.49,4.1,6.067224246659105,4.563987397671287,3.3647084
2018-12-18 07:30:00,3.42,4.36,4.07,6.249340378057003,9.926327714240687,3.7433643
2018-12-18 07:45:00,5.58,6.19,4.86,7.266215928475329,5.977515662398681,4.764781
2018-12-18 08:00:00,7.27,6.3,14.83,9.62491585432926,7.733291003696313,4.772505
2018-12-18 08:15:00,38.38,6.48,44.21,23.886080972684994,9.720008237775572,16.889835
2018-12-18 08:30:00,72.86,53.35,54.04,42.968372271692886,74.8426808067368,61.635914
2018-12-18 08:45:00,66.42,46.94,61.74,42.2126027258447,74.50773069107649,61.736923
2018-12-18 09:00:00,81.4,52.06,69.48,48.227012512319945,75.21880633656077,64.12772
2018-12-18 09:15:00,66.28,54.83,75.38,63.109244441850635,83.02671730852923,62.057472
2018-12-18 09:30:00,78.3,56.12,71.82,63.89939727025627,83.58715044645577,63.77252
2018-12-18 09:45:00,77.72,58.0,71.24,66.52855683576828,84.3805917491631,64.884415
2018-12-18 10:00:00,74.59,50.08,54.86,54.14545118217184,83.86870496811039,62.88425
2018-12-18 10:15:00,63.04,46.04,66.13,66.87487747307704,84.21994251568948,60.398327
2018-12-18 10:30:00,58.68,49.54,73.08,70.88102023202403,83.34233633455152,63.121716
2018-12-18 10:45:00,62.96,54.14,77.51,71.73485178337096,82.69452151857304,60.628212
2018-12-18 11:00:00,68.36,53.78,72.54,67.2451042440359,82.59612042131748,62.18063
2018-12-18 11:15:00,60.05,52.67,63.83,65.7881221776386,82.728283654839,60.213886
2018-12-18 11:30:00,58.82,55.84,67.07,69.55969624137796,83.36874892111467,62.902832
2018-12-18 11:45:00,64.73,49.64,84.24,70.61584702024571,83.3339713311519,61.149776
2018-12-18 12:00:00,67.54,54.5,72.79,72.77946590608991,83.16576180981092,61.234066
2018-12-18 12:15:00,8.14,11.12,7.96,21.424290442528676,13.598591362914904,7.3691587
2018-12-18 12:30:00,8.64,7.06,5.8,20.95708974972625,8.665591001070158,5.9200807
2018-12-18 12:45:00,8.78,7.13,6.98,24.063510588449226,14.073379203292792,5.572156
2018-12-18 13:00:00,9.4,8.21,6.95,25.543032952898415,15.431259912197593,9.696166
2018-12-18 13:15:00,52.45,33.26,38.45,45.11827492316975,73.69023182413169,51.69502
2018-12-18 13:30:00,67.46,56.99,59.36,54.18117609713461,77.40191291230641,60.74795
2018-12-18 13:45:00,62.53,56.59,66.02,58.93261005518298,79.56529598311563,61.787563
2018-12-18 14:00:00,62.46,55.08,80.28,59.125779614628456,82.02523449051577,60.561676
2018-12-18 14:15:00,67.18,51.05,75.53,57.89361361795763,83.18734851287691,60.049866
2018-12-18 14:30:00,113.51,47.95,72.0,56.25495436728772,82.19429184395258,60.865314
2018-12-18 14:45:00,99.5,57.82,72.61,56.03451551218458,82.66370804472375,60.644604
2018-12-18 15:00:00,68.0,59.11,78.55,59.84307760132684,82.87512865127437,63.214165
2018-12-18 15:15:00,120.82,60.62,73.98,59.785205916455155,82.9931039351503,62.379574
2018-12-18 15:30:00,79.45,53.6,76.79,54.64279435503343,82.66308645504695,59.455227
2018-12-18 15:45:00,117.68,60.44,80.46,60.57793332716473,82.6487318689291,63.03743
2018-12-18 16:00:00,114.08,67.5,68.11,57.13516500340235,82.2927919570899,63.313725
2018-12-18 16:15:00,106.27,85.86,71.68,62.23546265429063,82.13124321789526,61.77451
2018-12-18 16:30:00,93.28,82.33,69.8,63.27008447895426,80.17735490286404,61.866856
2018-12-18 16:45:00,127.58,59.8,75.46,61.047681140556506,80.44646924617395,59.86817
2018-12-18 17:00:00,94.61,60.37,70.27,56.5966299671185,82.3107669285208,61.672062
2018-12-18 17:15:00,101.02,56.38,78.48,62.44999085661688,84.09925906442818,59.7797
2018-12-18 17:30:00,112.14,52.99,66.78,59.42392833541948,82.96000558672459,57.84451
2018-12-18 17:45:00,68.08,35.35,32.11,38.93923835743303,35.023984696786904,32.310516
2018-12-18 18:00:00,15.95,31.32,31.25,36.972459235645104,32.37215446418995,30.24195
2018-12-18 18:15:00,7.16,16.09,36.4,38.95531562064013,53.66719522168419,39.041237
2018-12-18 18:30:00,5.58,6.37,39.56,43.268259952648734,56.6075687045726,48.709435
2018-12-18 18:45:00,5.65,5.8,51.44,47.68965892363667,55.068282810956624,48.082504
2018-12-18 19:00:00,5.0,5.54,51.52,47.332502097272126,56.70670602376756,48.805214
2018-12-18 19:15:00,4.5,5.54,53.57,47.77211201317848,56.5663361881848,48.7447
2018-12-18 19:30:00,4.39,5.62,52.81,47.70184489481521,56.157234092003186,49.492966
2018-12-18 19:45:00,4.43,5.54,52.38,45.31800575441926,57.549803511970204,46.737564
2018-12-18 20:00:00,4.39,5.62,53.21,46.27440606961673,56.97831734047736,46.54652
2018-12-18 20:15:00,4.43,5.54,51.91,38.49905404002366,56.9179291409412,48.219234
2018-12-18 20:30:00,4.36,4.75,53.46,37.11339493078624,56.80073341841397,46.51265
2018-12-18 20:45:00,4.39,4.46,32.36,29.873760811143875,40.82820661164944,36.24986
2018-12-18 21:00:00,4.43,4.46,28.37,24.33416901531497,30.60377307701383,19.148745
2018-12-18 21:15:00,4.39,4.43,6.77,13.970434186286646,8.499446791646998,5.4556
2018-12-18 21:30:00,4.46,4.43,5.69,13.152348073694839,7.270077487339786,4.8909535
2018-12-18 21:45:00,4.39,4.46,5.8,13.512118904100927,7.18574860609423,4.8377705
2018-12-18 22:00:00,4.39,4.46,5.69,12.927877981889242,7.173928339220645,4.6830444
2018-12-18 22:15:00,4.25,4.14,5.47,21.18176267752372,6.002967130208282,3.7887673
2018-12-18 22:30:00,5.18,4.18,5.44,21.570903410239463,5.890688364393784,4.0030017
2018-12-18 22:45:00,5.15,4.21,4.97,21.7530058284924,5.87985837968128,3.8876638
2018-12-18 23:00:00,4.14,4.18,4.36,21.162901103752258,4.905092556515586,3.9645944
2018-12-18 23:15:00,4.14,4.14,4.25,-4.734516726428982,4.2304236485063065,6.325285
2018-12-18 23:30:00,4.14,4.07,4.21,-4.441572405656512,4.185920432501305,5.6300426
2018-12-18 23:45:00,4.1,4.07,4.14,-4.054340321710232,4.1911976976475875,5.62172
2018-12-19 00:00:00,3.92,4.14,4.21,2.329949202607647,4.742473284065584,5.600892
2018-12-19 00:15:00,4.14,5.22,4.21,3.0487996169886493,6.460885228574222,6.135027
2018-12-19 00:30:00,4.14,4.68,4.14,3.2330946150353235,7.107508386738159,6.299346
2018-12-19 00:45:00,4.14,4.14,4.14,3.478084415758463,6.878326466910518,6.0848355
2018-12-19 01:00:00,4.21,4.1,4.14,2.9369352518872383,6.3444364418628405,6.0364714
2018-12-19 01:15:00,4.14,4.18,4.21,3.39001324630728,5.826415840499339,6.1259284
2018-12-19 01:30:00,4.14,4.07,4.18,3.794568742087865,4.324833036036319,5.6617155
2018-12-19 01:45:00,4.18,4.18,4.75,4.350370796878497,4.393645034935249,5.9806433
2018-12-19 02:00:00,4.18,4.1,5.33,4.049945919373702,4.339264195544313,5.872615
2018-12-19 02:15:00,4.93,4.18,4.25,4.096522294341181,4.462578885662864,5.7819896
2018-12-19 02:30:00,5.26,4.14,4.25,4.425645002891667,9.221630906313973,5.8564587
2018-12-19 02:45:00,4.14,4.21,4.18,4.749582371619663,9.573627347549369,5.7725472
2018-12-19 03:00:00,4.14,4.18,4.21,4.174287170801417,10.287574832609458,4.7572956
2018-12-19 03:15:00,4.1,3.6,4.18,4.507748957196643,4.417336679644837,3.6108825
2018-12-19 03:30:00,4.25,3.42,4.18,4.882942967392385,4.355302848954966,3.4790432
2018-12-19 03:45:00,3.82,3.42,4.25,5.130450686500222,4.508210636169377,3.5176046
2018-12-19 04:00:00,3.49,3.38,4.18,4.575199211071304,4.405642587778426,3.4971697
2018-12-19 04:15:00,3.42,3.42,4.03,4.835115863750271,4.579343724480835,3.4560606
2018-12-19 04:30:00,3.42,3.71,3.46,5.01811078954054,4.969454764420569,3.3636997
2018-12-19 04:45:00,3.49,4.18,3.46,5.39307628833814,5.950367751807763,3.4659474
2018-12-19 05:00:00,3.38,3.53,3.53,4.612920152370219,6.590658796346241,3.2796566
2018-12-19 05:15:00,3.42,3.46,3.46,4.929545838279385,4.598833534874744,3.3298085
2018-12-19 05:30:00,3.38,3.38,3.49,5.024717123889612,4.32260975990929,3.2154844
2018-12-19 05:45:00,3.42,4.03,4.0,5.433480331577055,5.357773230818249,3.494202
2018-12-19 06:00:00,3.42,4.14,4.25,4.848331148848768,5.269501215973758,3.7154033
2018-12-19 06:15:00,4.07,3.6,3.85,4.694056238577577,5.521123875310756,3.2314146
2018-12-19 06:30:00,4.18,3.38,3.42,4.673189215147776,5.451284379788841,3.117832
2018-12-19 06:45:00,3.96,3.35,3.42,4.761808833303281,4.185042246713656,4.0734673
2018-12-19 07:00:00,4.1,3.31,3.96,4.335349831830616,4.147135400786499,3.1952655
2018-12-19 07:15:00,4.1,3.28,4.1,4.4498773660828626,3.767490312511039,3.2841485
2018-12-19 07:30:00,4.07,3.42,4.32,4.6316305504933375,5.286043740704986,3.5822146
2018-12-19 07:45:00,5.76,5.58,5.83,5.830681825234468,6.405795769433088,4.485789
2018-12-19 08:00:00,6.23,7.27,5.8,5.5306752388620986,6.630408523154441,6.843969
2018-12-19 08:15:00,36.14,38.38,36.86,28.209910930538697,36.92843359112888,38.88484
2018-12-19 08:30:00,70.81,72.86,60.37,47.28451170095033,78.08860706609639,66.10726
2018-12-19 08:45:00,59.54,66.42,66.46,45.53853618254449,80.43876156408402,66.77884
2018-12-19 09:00:00,63.86,81.4,69.05,52.6676439897911,80.54660645941844,75.850975
2018-12-19 09:15:00,77.4,66.28,63.86,59.9419047360325,85.76255346930053,68.79476
2018-12-19 09:30:00,65.23,78.3,65.59,65.41880984409221,85.682649099238,69.604546
2018-12-19 09:45:00,69.3,77.72,60.98,66.04556258554429,85.66133781234247,74.60773
2018-12-19 10:00:00,61.13,74.59,65.74,60.649367328684306,84.85362786924297,67.41616
2018-12-19 10:15:00,61.16,63.04,57.17,66.4064390496664,86.30656219158169,68.574646
2018-12-19 10:30:00,70.42,58.68,64.55,68.65891614705862,87.97143510649803,69.56473
2018-12-19 10:45:00,63.68,62.96,53.42,65.38966264782788,86.72971298483641,64.21204
2018-12-19 11:00:00,83.09,68.36,65.88,67.16515853055417,85.5718005019838,64.68456
2018-12-19 11:15:00,140.8,60.05,57.71,64.47425320742751,85.67316672820651,64.34305
2018-12-19 11:30:00,110.88,58.82,59.76,66.23149279664024,86.02329641847321,67.296005
2018-12-19 11:45:00,115.13,64.73,79.85,69.61696517956229,85.11207473442838,62.432293
2018-12-19 12:00:00,101.99,67.54,49.64,67.09526201678784,83.72034094164472,68.40892
2018-12-19 12:15:00,12.13,8.14,27.97,22.380175245747875,12.282390162826909,11.803785
2018-12-19 12:30:00,6.66,8.64,29.74,23.867368116834438,9.574192033440951,11.049223
2018-12-19 12:45:00,6.8,8.78,29.56,27.04273616430333,12.461349605540745,13.015648
2018-12-19 13:00:00,6.98,9.4,29.3,28.81280270667657,13.89904311375593,18.305656
2018-12-19 13:15:00,62.42,52.45,58.86,52.19873614701578,75.04589179093027,55.24811
2018-12-19 13:30:00,116.46,67.46,61.78,55.65887281311099,80.18100596885138,63.26553
2018-12-19 13:45:00,89.86,62.53,77.0,60.494682978500904,83.12682606562859,62.268257
2018-12-19 14:00:00,98.03,62.46,65.56,54.89287315999047,85.31616119341378,62.545937
2018-12-19 14:15:00,149.18,67.18,86.51,61.468484577972504,85.9461756802587,62.50173
2018-12-19 14:30:00,116.64,113.51,60.44,69.13380532473093,81.53481170681566,66.30123
2018-12-19 14:45:00,105.48,99.5,64.8,60.61987915621448,81.55263244107785,62.595886
2018-12-19 15:00:00,145.22,68.0,72.18,54.080139572787516,81.0591591023537,63.274956
2018-12-19 15:15:00,101.38,120.82,69.08,70.7268082519748,79.47643830142066,64.37329
2018-12-19 15:30:00,130.46,79.45,66.17,53.35614570221796,79.97971747544099,60.914867
2018-12-19 15:45:00,115.24,117.68,61.67,67.80853963534938,79.30819221459019,64.05488
2018-12-19 16:00:00,125.21,114.08,70.6,66.1477877025801,78.07675575885374,67.11102
2018-12-19 16:15:00,133.56,106.27,68.36,62.757455411737325,80.65310770462531,63.79792
2018-12-19 16:30:00,81.65,93.28,75.1,62.94711056807073,79.55227250144698,66.294495
2018-12-19 16:45:00,62.68,127.58,66.13,74.05147546118194,78.89032484010706,62.34619
2018-12-19 17:00:00,125.5,94.61,70.7,60.4383071799724,78.38497232204253,61.51771
2018-12-19 17:15:00,68.0,101.02,60.7,64.08571502109359,79.86477518967783,59.119736
2018-12-19 17:30:00,40.5,112.14,57.92,67.03046595809917,79.59747779325579,60.18506
2018-12-19 17:45:00,31.68,68.08,32.9,43.251775528025476,45.10417726311212,35.97664
2018-12-19 18:00:00,26.82,15.95,30.53,26.53522134883556,40.117480193892554,28.662415
2018-12-19 18:15:00,5.98,7.16,49.9,34.65541775989203,36.564025298603504,35.124928
2018-12-19 18:30:00,5.47,5.58,67.25,46.00552837672164,35.787838212905605,35.821068
2018-12-19 18:45:00,5.54,5.65,69.37,49.29417923178745,35.76039880767213,35.623363
2018-12-19 19:00:00,5.44,5.0,65.99,47.730500666395045,35.47783093681051,37.142986
2018-12-19 19:15:00,5.47,4.5,66.02,47.01762061924376,35.32169996758301,37.84319
2018-12-19 19:30:00,5.47,4.39,60.19,45.96137551639579,35.48173770046206,38.78021
2018-12-19 19:45:00,5.4,4.43,58.54,42.77564929214404,34.23316939317647,36.760323
2018-12-19 20:00:00,5.33,4.39,61.85,44.520716025240404,34.79433301528692,37.57254
2018-12-19 20:15:00,5.36,4.43,67.07,38.32076922910537,34.29353482692671,36.914005
2018-12-19 20:30:00,5.33,4.36,58.82,34.47866642826247,41.50544108828377,35.204582
2018-12-19 20:45:00,5.44,4.39,53.35,32.220778274543186,38.652625252119556,30.272348
2018-12-19 21:00:00,5.4,4.43,30.35,22.193814086187032,27.899437098264904,13.013978
2018-12-19 21:15:00,5.4,4.39,12.2,13.256333390239863,9.087285541803018,5.8419504
2018-12-19 21:30:00,5.04,4.46,5.8,11.374486836506719,7.2843587730226655,4.268101
2018-12-19 21:45:00,4.25,4.39,5.76,11.674351292915915,7.212730200176124,4.2360125
2018-12-19 22:00:00,4.39,4.39,5.65,11.093491726014001,7.1646513811210175,4.0489874
2018-12-19 22:15:00,4.03,4.25,5.04,19.28664396287099,6.91447056088109,4.877971
2018-12-19 22:30:00,4.03,5.18,4.25,19.730024498626637,7.660867934878197,5.077667
2018-12-19 22:45:00,3.96,5.15,4.25,20.010153778877683,7.835565296218748,4.9557023
2018-12-19 23:00:00,4.07,4.14,4.21,19.332533043091065,7.460440570736255,3.491653
2018-12-19 23:15:00,4.03,4.14,4.14,-6.570195430667493,8.993547860144787,5.7785063
2018-12-19 23:30:00,3.92,4.14,4.1,-6.26178279637038,8.197403313371137,5.618549
2018-12-19 23:45:00,3.96,4.1,4.1,-5.8329271091308605,4.814715813457208,6.0790844
2018-12-20 00:00:00,3.89,3.92,5.26,2.043513558805852,4.452783183843806,3.5858257
2018-12-20 00:15:00,4.03,4.14,4.1,2.3175714872597304,4.089528738446826,3.767506
2018-12-20 00:30:00,4.03,4.14,4.18,2.685989471700271,4.077992125885329,3.7754428
2018-12-20 00:45:00,4.0,4.14,4.21,3.083378531704998,4.071754835528232,3.7715838
2018-12-20 01:00:00,4.0,4.21,4.14,2.552090914347442,4.229219937546268,3.94535
2018-12-20 01:15:00,4.0,4.14,4.28,2.9511609481037446,4.099316638946307,3.8985517
2018-12-20 01:30:00,4.1,4.14,4.18,3.3568957054946615,4.097439227354183,3.8812578
2018-12-20 01:45:00,4.0,4.18,4.25,3.7626236613326576,4.157726410981642,3.957537
2018-12-20 02:00:00,4.07,4.18,5.36,3.528880656308022,4.167652746361678,3.962939
2018-12-20 02:15:00,4.43,4.93,4.79,3.9550349416596724,7.654748260796973,3.9681966
2018-12-20 02:30:00,5.18,5.26,4.25,4.251526209165473,8.725160433772823,3.850282
2018-12-20 02:45:00,4.1,4.14,4.18,4.219093042387069,8.526255749357874,4.186278
2018-12-20 03:00:00,4.0,4.14,4.21,3.632961800727177,6.963583294977605,4.4502234
2018-12-20 03:15:00,4.1,4.1,4.18,4.117341778875261,7.017762511294565,3.8425024
2018-12-20 03:30:00,4.03,4.25,4.21,4.615750342565963,4.520892396408397,3.7993762
2018-12-20 03:45:00,4.1,3.82,4.21,4.702896848991646,4.188645857147156,3.5679533
2018-12-20 04:00:00,3.31,3.49,4.21,4.058353201906325,4.063734084551119,3.5273635
2018-12-20 04:15:00,3.35,3.42,4.18,4.332258160813343,4.257621433929818,3.5116923
2018-12-20 04:30:00,3.46,3.42,4.21,4.596901018635915,3.817602024697249,3.5267336
2018-12-20 04:45:00,3.38,3.49,4.21,4.911827778644618,4.595746058442173,3.59387
2018-12-20 05:00:00,3.35,3.38,4.18,4.282868803870553,4.050771893786169,3.4534228
2018-12-20 05:15:00,3.35,3.42,3.67,4.532936670578703,3.9992414689767437,3.481448
2018-12-20 05:30:00,3.38,3.38,3.42,4.581802695528761,3.780959931049248,3.4153202
2018-12-20 05:45:00,3.38,3.42,3.89,4.794106846920517,3.821937885433542,3.4484642
2018-12-20 06:00:00,3.92,3.42,4.32,4.195547737785663,3.8117054202332104,3.4105356
2018-12-20 06:15:00,3.67,4.07,3.46,4.273997751444245,3.9473372157280786,3.3262837
2018-12-20 06:30:00,3.35,4.18,3.38,4.454386625252813,3.9659583076775107,3.2780297
2018-12-20 06:45:00,4.0,3.96,3.38,4.412747827595769,4.1683255518291045,3.352578
2018-12-20 07:00:00,4.03,4.1,3.42,3.820489382140064,4.019744855913946,3.3640363
2018-12-20 07:15:00,3.96,4.1,3.42,3.783823671837755,4.020320626758117,3.4457476
2018-12-20 07:30:00,4.18,4.07,3.71,3.948685415896808,4.670298951021428,3.8559587
2018-12-20 07:45:00,4.79,5.76,5.69,5.157563245358208,6.857355170977953,5.120361
2018-12-20 08:00:00,5.87,6.23,6.23,4.706505137257739,7.361052085495524,5.165075
2018-12-20 08:15:00,39.49,36.14,35.57,25.63093148363879,36.322096116003,38.958652
2018-12-20 08:30:00,79.85,70.81,72.86,48.469591133539,76.97977572896806,66.370476
2018-12-20 08:45:00,66.96,59.54,61.74,41.55919647642612,80.86423671478975,66.5973
2018-12-20 09:00:00,63.14,63.86,76.36,48.85134330327567,77.68591878284558,62.920654
2018-12-20 09:15:00,64.12,77.4,63.11,62.47058753044821,83.39777663484094,70.87547
2018-12-20 09:30:00,64.37,65.23,65.66,61.355706149277125,85.407388460566,64.145485
2018-12-20 09:45:00,83.16,69.3,72.07,65.58601312532863,83.86494413952602,66.25109
2018-12-20 10:00:00,71.14,61.13,56.84,54.181178819715825,84.78070578907773,65.85661
2018-12-20 10:15:00,58.72,61.16,69.3,67.94934942633273,85.28092221391776,64.76117
2018-12-20 10:30:00,68.72,70.42,65.66,71.0791039958822,86.11319871176384,65.037056
2018-12-20 10:45:00,75.53,63.68,85.43,71.17375618363508,85.31300675270954,63.50886
2018-12-20 11:00:00,77.51,83.09,53.17,67.38973604461724,86.15916029736564,68.000206
2018-12-20 11:15:00,64.4,140.8,55.4,85.68864228178197,85.83105703105488,71.38382
2018-12-20 11:30:00,63.0,110.88,60.08,77.54440358655863,85.51257910808224,68.54817
2018-12-20 11:45:00,71.46,115.13,58.0,73.76890499875674,84.0237038419195,68.33017
2018-12-20 12:00:00,71.06,101.99,51.3,72.62316307643778,84.98803154840395,64.76509
2018-12-20 12:15:00,16.96,12.13,11.38,13.50851699604711,11.538938855623785,9.622232
2018-12-20 12:30:00,7.67,6.66,10.91,13.099870112844883,8.645563849975323,6.746738
2018-12-20 12:45:00,7.49,6.8,30.1,22.254810702490925,8.514347793248268,8.075217
2018-12-20 13:00:00,6.66,6.98,36.4,26.915695367057687,64.21382063033204,12.317569
2018-12-20 13:15:00,42.7,62.42,41.69,49.328639615709506,75.45843737900924,51.292572
2018-12-20 13:30:00,63.07,116.46,56.92,66.9373857362099,84.29224879614104,71.100746
2018-12-20 13:45:00,71.5,89.86,46.66,58.242235619697965,86.94540583976632,67.45507
2018-12-20 14:00:00,76.9,98.03,52.52,59.16168343093311,85.24222325363607,66.63808
2018-12-20 14:15:00,63.5,149.18,58.25,74.87446110943273,84.63075331487062,65.46296
2018-12-20 14:30:00,78.41,116.64,72.61,70.07281964972141,85.88169052791774,65.47037
2018-12-20 14:45:00,73.4,105.48,66.24,61.01265115047437,87.22898201910006,66.46005
2018-12-20 15:00:00,64.44,145.22,73.08,75.0666674507092,84.47789837999628,68.19793
2018-12-20 15:15:00,60.26,101.38,60.52,62.671188103233135,86.37430166944914,65.15946
2018-12-20 15:30:00,58.9,130.46,59.87,65.80807223716556,83.6563377986479,65.94143
2018-12-20 15:45:00,60.59,115.24,63.5,66.79151520874899,84.52726644047384,66.30423
2018-12-20 16:00:00,56.92,125.21,60.52,67.9584618129165,84.24402200045405,65.21387
2018-12-20 16:15:00,60.08,133.56,88.92,74.42849847993948,82.90966848634164,65.11186
2018-12-20 16:30:00,58.68,81.65,105.37,64.87045301933766,83.46810868128354,68.91841
2018-12-20 16:45:00,57.56,62.68,102.89,63.76849146342086,87.91852287920662,67.159966
2018-12-20 17:00:00,46.51,125.5,77.83,71.50748416688324,83.52263314917582,67.42672
2018-12-20 17:15:00,58.07,68.0,67.18,57.46693671694036,87.1281923292199,71.31209
2018-12-20 17:30:00,41.22,40.5,70.13,52.03512957394131,86.57738215349136,68.54655
2018-12-20 17:45:00,41.51,31.68,31.72,34.426580251376876,42.88446759649201,40.172253
2018-12-20 18:00:00,24.8,26.82,31.5,32.58481233460124,37.15240918088212,30.367714
2018-12-20 18:15:00,5.44,5.98,54.79,35.583634247028556,53.37226664832098,37.17979
2018-12-20 18:30:00,5.18,5.47,77.04,44.04182118718843,53.851983645419054,45.783325
2018-12-20 18:45:00,5.29,5.54,79.63,45.78092485280398,53.965911067228944,44.45019
2018-12-20 19:00:00,5.29,5.44,80.46,46.13169245082424,62.43022674329701,47.61721
2018-12-20 19:15:00,5.29,5.47,71.89,43.30396974026705,62.59458305789588,49.14861
2018-12-20 19:30:00,4.18,5.47,78.52,45.91190732849829,62.728489121194386,47.725044
2018-12-20 19:45:00,4.07,5.4,52.31,37.00729837514275,61.744171794386666,41.046406
2018-12-20 20:00:00,4.1,5.33,61.16,39.58836541027859,61.811123442782275,45.38501
2018-12-20 20:15:00,4.07,5.36,61.6,31.916047159897772,61.744040656586996,43.226368
2018-12-20 20:30:00,4.18,5.33,49.68,28.119673450871705,61.336626733008416,38.6881
2018-12-20 20:45:00,4.1,5.44,41.54,25.973066805235334,62.03502482468947,33.14205
2018-12-20 21:00:00,4.1,5.4,20.16,17.950893628100616,18.587195952438446,14.089145
2018-12-20 21:15:00,4.14,5.4,6.16,10.82524642607757,9.813239369615253,4.976152
2018-12-20 21:30:00,4.14,5.04,5.69,10.879917637304537,5.755981280791884,3.7164328
2018-12-20 21:45:00,4.21,4.25,5.69,11.038251374502742,5.359079837395141,3.7721255
2018-12-20 22:00:00,4.18,4.39,5.65,10.528210904164204,5.412330545149857,3.6728976
2018-12-20 22:15:00,3.85,4.03,5.47,18.81740346409151,5.125827313085866,7.870549
2018-12-20 22:30:00,3.85,4.03,5.4,19.244156742110047,4.709484160601099,4.4004793
2018-12-20 22:45:00,4.64,3.96,5.36,19.541141600484785,4.808329441710211,4.755598
2018-12-20 23:00:00,5.04,4.07,5.36,19.16621841250711,4.677028075856902,4.412241
2018-12-20 23:15:00,4.07,4.03,5.26,-6.75775034061056,4.208319931573462,3.717839
2018-12-20 23:30:00,3.82,3.92,5.22,-6.5035497618033595,4.197206339919071,3.7332919
2018-12-20 23:45:00,3.85,3.96,5.18,-6.099910709981717,4.196399676817634,3.6967113
2018-12-21 00:00:00,3.92,3.89,4.1,1.9498330501780252,4.723339104948877,3.7895772
2018-12-21 00:15:00,3.89,4.03,5.33,2.8265325096524343,3.916050426975669,3.7978065
2018-12-21 00:30:00,3.85,4.03,5.29,3.14819862117945,3.951319749070429,3.7813323
2018-12-21 00:45:00,3.89,4.0,5.26,3.5039965554512555,3.9262239995242756,3.761634
2018-12-21 01:00:00,3.89,4.0,5.29,2.9806174012399076,3.956088133769421,3.716942
2018-12-21 01:15:00,3.96,4.0,5.26,3.369016498766012,3.935425510720752,3.6869423
2018-12-21 01:30:00,3.89,4.1,5.36,3.8300304699909695,3.9409157171485782,3.7089121
2018-12-21 01:45:00,3.89,4.0,5.33,4.188046244755693,3.930106641280525,3.7465007
2018-12-21 02:00:00,3.89,4.07,4.79,3.507147402839859,4.11369805334105,3.7583282
2018-12-21 02:15:00,3.92,4.43,4.14,3.90411857372602,4.141755348305974,3.732835
2018-12-21 02:30:00,3.92,5.18,4.18,4.526299332389929,5.9598938203984915,3.621753
2018-12-21 02:45:00,3.92,4.1,4.21,4.466254259095354,7.166668177891817,4.163601
2018-12-21 03:00:00,3.96,4.0,4.18,3.8433704239734645,7.921052759835615,4.460228
2018-12-21 03:15:00,4.79,4.1,4.25,4.348912830319218,5.825802084996638,3.8374698
2018-12-21 03:30:00,4.5,4.03,4.18,4.76415378258751,3.895729614208009,3.7777689
2018-12-21 03:45:00,3.24,4.1,4.14,4.967882562424368,4.129708374976157,3.5869005
2018-12-21 04:00:00,3.28,3.31,4.28,4.285565131544512,3.908085376930197,3.5928848
2018-12-21 04:15:00,3.24,3.35,4.18,4.572446763096604,3.7953034385675157,3.5651047
2018-12-21 04:30:00,3.24,3.46,4.18,4.847614313681884,3.77353678102665,3.5114367
2018-12-21 04:45:00,3.28,3.38,4.1,5.16835733478084,3.859966026991182,3.4736288
2018-12-21 05:00:00,3.28,3.35,4.46,4.6276705060629375,3.7393655041316456,3.505637
2018-12-21 05:15:00,3.28,3.35,5.4,5.17142974416301,3.8191844219629214,3.4887154
2018-12-21 05:30:00,3.2,3.38,4.5,5.099682615833263,3.737693317394617,3.5215409
2018-12-21 05:45:00,3.24,3.38,4.18,5.167345045427663,3.733359252786748,3.417774
2018-12-21 06:00:00,3.2,3.92,4.14,4.544873986697656,3.8233010784799677,3.423115
2018-12-21 06:15:00,3.67,3.67,4.14,4.59628219211702,3.7895220603871915,3.357775
2018-12-21 06:30:00,3.96,3.35,3.49,4.569283702067505,3.7264175769926835,3.3523
2018-12-21 06:45:00,3.92,4.0,3.42,4.75719159254491,3.9621554636905927,3.3528597
2018-12-21 07:00:00,3.89,4.03,3.35,4.080419731655223,3.917034967484939,3.5548055
2018-12-21 07:15:00,3.67,3.96,3.35,4.118571710928361,3.911876250715699,3.3646977
2018-12-21 07:30:00,3.17,4.18,4.25,4.455165757153363,7.4087813173245465,3.873441
2018-12-21 07:45:00,5.44,4.79,6.52,5.482674758839796,5.251972690167863,4.046687
2018-12-21 08:00:00,6.77,5.87,7.38,5.287681230647987,7.163421439533713,4.2976384
2018-12-21 08:15:00,28.8,39.49,36.22,27.225570223959046,36.4331989124668,38.32524
2018-12-21 08:30:00,54.22,79.85,94.18,55.48406171154582,74.41685978819878,66.01861
2018-12-21 08:45:00,56.41,66.96,97.88,50.89229207131527,76.26768193214829,68.17513
2018-12-21 09:00:00,56.74,63.14,134.5,60.407590518831796,75.28664799270076,73.06515
2018-12-21 09:15:00,43.78,64.12,93.67,65.48209144023423,87.98374272827012,67.3928
2018-12-21 09:30:00,47.52,64.37,109.26,71.06539902899618,89.39784535007763,70.03767
2018-12-21 09:45:00,56.2,83.16,128.34,81.39671721306884,88.36936509328281,75.37559
2018-12-21 10:00:00,51.59,71.14,81.47,62.95248047882278,86.83805970886779,71.274826
2018-12-21 10:15:00,66.64,58.72,109.69,74.84187143121324,90.1252579997664,67.74273
2018-12-21 10:30:00,53.14,68.72,120.67,81.25532265732919,91.02710530097987,69.03199
2018-12-21 10:45:00,58.54,75.53,92.81,74.36916640134491,89.77297261989428,73.12196
2018-12-21 11:00:00,73.12,77.51,91.58,74.71175741695787,90.6183529640481,70.141914
2018-12-21 11:15:00,67.79,64.4,104.9,78.05199026214274,88.2380931278891,72.61347
2018-12-21 11:30:00,65.59,63.0,124.2,81.34127440078763,89.20334728131968,72.80223
2018-12-21 11:45:00,57.85,71.46,88.85,73.12724744720924,90.45580420349084,73.166275
2018-12-21 12:00:00,58.9,71.06,132.01,85.9304106455151,90.10868517705558,69.58038
2018-12-21 12:15:00,7.42,16.96,13.61,19.108201021798394,12.313617015115756,9.17895
2018-12-21 12:30:00,8.35,7.67,9.86,15.571671978714875,8.964074184574383,7.5342646
2018-12-21 12:45:00,7.67,7.49,9.61,16.80748304490485,8.72956340627814,6.8971777
2018-12-21 13:00:00,7.2,6.66,9.43,17.81225342763807,8.010902374704585,5.9304557
2018-12-21 13:15:00,39.74,42.7,86.98,54.63409631735344,80.03402914376308,54.120342
2018-12-21 13:30:00,58.03,63.07,74.66,59.12407250492768,86.93093021879064,68.82371
2018-12-21 13:45:00,63.97,71.5,116.42,70.25009830242303,90.23470369872966,71.032745
2018-12-21 14:00:00,56.34,76.9,107.57,67.71403433533483,91.85603208542567,72.673584
2018-12-21 14:15:00,69.62,63.5,103.82,66.03935837804997,91.74760520147625,69.57572
2018-12-21 14:30:00,60.34,78.41,114.73,74.19812556299128,92.63541595347945,74.5133
2018-12-21 14:45:00,57.74,73.4,84.74,61.965339670354396,92.45785114284594,73.70766
2018-12-21 15:00:00,68.04,64.44,109.4,66.70045271010459,82.25117004918891,65.72258
2018-12-21 15:15:00,67.68,60.26,125.21,71.85349762325619,81.88554921973063,63.884377
2018-12-21 15:30:00,58.32,58.9,89.35,59.004357081401295,81.77307493219713,64.50129
2018-12-21 15:45:00,65.48,60.59,122.26,72.2459429336196,81.05606779024288,66.61775
2018-12-21 16:00:00,63.0,56.92,114.66,68.34194533420896,81.13207463083658,66.866165
2018-12-21 16:15:00,69.73,60.08,96.8,63.89272867492025,82.22048142988024,65.705246
2018-12-21 16:30:00,59.69,58.68,118.12,66.15524964950922,83.22999379606496,64.8783
2018-12-21 16:45:00,63.32,57.56,133.2,74.10779919461473,81.69740483592284,66.46998
2018-12-21 17:00:00,62.32,46.51,102.64,62.83171116629208,82.34405747601765,60.80649
2018-12-21 17:15:00,52.78,58.07,63.94,60.242250487983455,83.02228487961096,59.060772
2018-12-21 17:30:00,45.86,41.22,62.64,56.655270486956496,79.73859602145197,53.168823
2018-12-21 17:45:00,30.78,41.51,37.94,44.44978047566288,52.29706375086171,39.66365
2018-12-21 18:00:00,8.21,24.8,32.62,33.52879075422622,13.446016208155784,29.434883
2018-12-21 18:15:00,5.51,5.44,29.63,27.233336519859698,9.11377003904341,18.944044
2018-12-21 18:30:00,5.4,5.18,26.57,26.4951984495225,9.648461912263675,15.803207
2018-12-21 18:45:00,5.62,5.29,26.35,27.589001017177353,9.786387262026883,15.490193
2018-12-21 19:00:00,5.54,5.29,26.32,27.5626011664746,9.915041094144035,15.797515
2018-12-21 19:15:00,5.54,5.29,26.39,27.79227003541455,9.958192179116567,15.768267
2018-12-21 19:30:00,5.51,4.18,26.64,27.83747048471707,9.89957993049072,16.542995
2018-12-21 19:45:00,5.47,4.07,28.44,28.72485776992067,10.258975806625598,17.638474
2018-12-21 20:00:00,5.54,4.1,30.46,28.845453006757296,9.778622160563987,17.260021
2018-12-21 20:15:00,5.47,4.07,29.88,20.882537091869985,16.05384254898528,15.951733
2018-12-21 20:30:00,5.44,4.18,30.06,21.238782073477356,15.727617837623942,16.374735
2018-12-21 20:45:00,5.47,4.1,31.93,22.188717431046936,15.741606653135545,15.857266
2018-12-21 21:00:00,5.44,4.1,28.66,20.387740318514773,15.519965124486319,12.109469
2018-12-21 21:15:00,5.54,4.14,5.76,12.351821466804488,7.089662773270255,5.1826296
2018-12-21 21:30:00,5.4,4.14,5.8,12.647129375117515,5.65471704416127,4.2421174
2018-12-21 21:45:00,5.44,4.21,5.72,12.967406369351895,5.689012721069624,4.3328295
2018-12-21 22:00:00,5.44,4.18,5.69,12.398849122964378,5.567593527399661,4.185321
2018-12-21 22:15:00,5.18,3.85,5.4,20.63745496579593,4.7974965012874335,3.852035
2018-12-21 22:30:00,5.26,3.85,5.33,21.10988277827168,4.773362119412401,3.7228465
2018-12-21 22:45:00,5.15,4.64,5.33,21.61251190447378,5.1421234144442165,5.5102057
2018-12-21 23:00:00,5.15,5.04,5.33,21.264887578236287,5.267785712032648,5.4321866
2018-12-21 23:15:00,5.11,4.07,4.86,-4.996750421880076,4.836297207608871,3.9292285
2018-12-21 23:30:00,4.57,3.82,4.03,-4.965423503826958,6.018981639718708,4.8878284
2018-12-21 23:45:00,4.0,3.85,4.03,-4.5362058250837585,5.83249375065437,4.8814764
2018-12-22 00:00:00,3.31,3.92,3.28,-7.533310132721109,3.8687870469695,3.2152216
2018-12-22 00:15:00,4.0,3.89,4.14,-6.871181158288135,3.5110901290029286,3.4906569
2018-12-22 00:30:00,4.0,3.85,4.1,-6.5548028758715695,3.5249764303877926,3.3902855
2018-12-22 00:45:00,4.0,3.89,4.07,-6.182789394412229,8.342436582213956,3.5089784
2018-12-22 01:00:00,4.1,3.89,4.14,-6.72761197879554,9.317927219343877,3.5396495
2018-12-22 01:15:00,3.96,3.96,4.14,-6.324087822157491,9.358598190752067,3.5107903
2018-12-22 01:30:00,4.03,3.89,4.14,-5.932754536203536,9.31342371201093,3.8242664
2018-12-22 01:45:00,4.03,3.89,4.14,-5.534549334177651,9.328199427304186,3.8290172
2018-12-22 02:00:00,3.96,3.89,4.1,-6.052656574828244,9.316928698048494,3.8036036
2018-12-22 02:15:00,4.07,3.92,4.1,-5.503633722218755,3.5304155393889225,3.416768
2018-12-22 02:30:00,4.07,3.92,4.21,-5.024676249605594,3.6219787688794924,3.442574
2018-12-22 02:45:00,3.67,3.92,4.1,-4.869805623941378,8.67833795051834,3.7940097
2018-12-22 03:00:00,3.31,3.96,4.18,-5.434290531583439,9.376566039272555,3.460857
2018-12-22 03:15:00,3.82,4.79,4.82,-4.6155402204116065,3.956443802500544,3.566402
2018-12-22 03:30:00,4.07,4.5,5.26,-4.233082238572582,4.563858862928643,3.5902429
2018-12-22 03:45:00,3.42,3.24,4.18,-4.541040467448017,4.0940142863361295,3.3938851
2018-12-22 04:00:00,3.38,3.28,4.14,-5.159009702561374,4.308882387720343,3.3991375
2018-12-22 04:15:00,3.31,3.24,4.14,-4.842151492704861,3.82692678244867,3.365007
2018-12-22 04:30:00,3.38,3.24,3.82,-4.616614048562223,3.6523369077908074,3.3061066
2018-12-22 04:45:00,3.35,3.28,3.46,-4.323806021569741,3.4829796807636177,3.2178159
2018-12-22 05:00:00,3.38,3.28,3.49,-4.9605783417322264,3.524244121261563,3.2017355
2018-12-22 05:15:00,3.42,3.28,3.42,-4.731498470991131,3.4735870363578707,3.1954265
2018-12-22 05:30:00,3.96,3.2,3.42,-4.511458118122686,3.4396725642703694,3.1570954
2018-12-22 05:45:00,4.07,3.24,3.42,-4.3292272772842075,3.4414976824050827,3.139305
2018-12-22 06:00:00,4.07,3.2,3.38,-5.08946688031266,3.4217675891045936,3.1150084
2018-12-22 06:15:00,4.0,3.67,3.46,-4.844753983174531,3.499193213709756,3.146782
2018-12-22 06:30:00,3.38,3.96,3.42,-4.540168727971281,3.4697395934105035,3.081657
2018-12-22 06:45:00,3.35,3.92,3.49,-4.521437999223533,3.811479066947144,3.1487732
2018-12-22 07:00:00,3.35,3.89,4.57,-5.007510627094856,3.762048458022978,3.2519565
2018-12-22 07:15:00,3.31,3.67,4.43,-5.020502408678784,3.812941757448344,3.2406878
2018-12-22 07:30:00,3.85,3.17,4.1,-5.055211014703925,3.815868322328121,3.2879524
2018-12-22 07:45:00,4.03,5.44,4.07,-4.18071653387258,3.9282770693059366,3.7898679
2018-12-22 08:00:00,3.35,6.77,3.64,-4.594275170619749,4.659269637385408,5.606528
2018-12-22 08:15:00,3.31,28.8,3.35,8.693717924840637,36.367678741759015,21.873007
2018-12-22 08:30:00,3.24,54.22,3.35,20.631323597923565,42.57416454357173,35.115807
2018-12-22 08:45:00,3.38,56.41,3.38,18.76994264872769,43.94406990949369,29.733488
2018-12-22 09:00:00,3.82,56.74,3.49,17.93389188310082,44.29230123099092,28.049755
2018-12-22 09:15:00,4.28,43.78,3.56,14.470702759412243,32.571048921508165,7.093579
2018-12-22 09:30:00,4.28,47.52,3.38,15.626266204375932,32.998129200346966,9.4345
2018-12-22 09:45:00,4.32,56.2,3.42,18.515280342634927,33.803199918523575,12.423027
2018-12-22 10:00:00,4.21,51.59,3.35,15.0900811659095,40.69489766993726,17.068848
2018-12-22 10:15:00,3.6,66.64,3.35,17.946521770595375,70.16525805134772,15.241712
2018-12-22 10:30:00,3.6,53.14,3.35,15.299254019148067,70.16785170686978,16.306974
2018-12-22 10:45:00,3.6,58.54,4.97,15.503197087269188,67.18634505482126,11.310235
2018-12-22 11:00:00,3.6,73.12,5.36,20.499554787273485,67.00774597283255,12.324087
2018-12-22 11:15:00,3.6,67.79,4.28,23.932977198349775,65.00647639188327,12.104145
2018-12-22 11:30:00,3.6,65.59,4.18,18.840219951575357,67.45224318622374,10.924444
2018-12-22 11:45:00,3.6,57.85,3.35,17.382296056790196,68.53951351380223,19.20503
2018-12-22 12:00:00,3.6,58.9,3.38,17.087246756309305,70.66825247711805,13.061088
2018-12-22 12:15:00,3.71,7.42,3.42,-12.258716517510496,5.324203146079415,8.451583
2018-12-22 12:30:00,4.39,8.35,3.42,-12.149261509041477,4.930981552638397,8.195762
2018-12-22 12:45:00,4.1,7.67,3.42,-11.318091741246928,4.7919031983419815,8.365565
2018-12-22 13:00:00,3.71,7.2,3.38,-10.48609774341853,4.7901566421636215,8.279637
2018-12-22 13:15:00,4.28,39.74,3.31,6.749949681536439,66.237357457499,13.744517
2018-12-22 13:30:00,4.25,58.03,3.35,17.804567526287393,69.49428010925166,18.478184
2018-12-22 13:45:00,4.25,63.97,3.38,15.527054999675087,71.85618628400329,12.612843
2018-12-22 14:00:00,4.21,56.34,3.31,12.591981113250288,73.59023141419944,15.813098
2018-12-22 14:15:00,3.67,69.62,3.82,21.36742504165253,67.57679113922198,11.367767
2018-12-22 14:30:00,3.46,60.34,4.1,19.42155985507476,67.40991272652356,8.801119
2018-12-22 14:45:00,3.49,57.74,4.07,16.065141496263003,69.16058089535042,14.350734
2018-12-22 15:00:00,3.53,68.04,4.21,19.33119620449099,67.14265972202806,7.799043
2018-12-22 15:15:00,3.56,67.68,3.74,18.971733455138832,67.29945076940662,7.896661
2018-12-22 15:30:00,3.53,58.32,3.74,15.489001309161123,66.5320102757445,13.23525
2018-12-22 15:45:00,3.56,65.48,3.96,19.68722588381751,67.39467687523124,7.4472923
2018-12-22 16:00:00,3.56,63.0,3.28,18.921884644454448,70.24365421161252,9.119087
2018-12-22 16:15:00,3.49,69.73,3.35,20.98377897897461,70.20094973044554,9.435696
2018-12-22 16:30:00,3.53,59.69,3.28,12.826596933984455,72.83152367610417,11.850377
2018-12-22 16:45:00,3.56,63.32,3.24,14.58523517276044,66.19093078371384,10.607351
2018-12-22 17:00:00,4.68,62.32,3.28,17.16814813676748,17.77446959831241,6.216609
2018-12-22 17:15:00,5.44,52.78,3.28,9.722727974039987,15.73714766804674,6.4552255
2018-12-22 17:30:00,4.46,45.86,3.35,7.877019770058315,12.27528907967287,6.4752083
2018-12-22 17:45:00,4.28,30.78,4.18,-2.283817402471282,8.756340749933425,5.621132
2018-12-22 18:00:00,4.07,8.21,4.1,-13.151998555481367,7.033697446367473,5.8943853
2018-12-22 18:15:00,3.6,5.51,4.1,-16.71477085139853,5.471087074255468,4.3419647
2018-12-22 18:30:00,3.67,5.4,4.1,-17.075457828575747,6.330498561651595,3.7791038
2018-12-22 18:45:00,3.67,5.62,4.03,-16.02569098661223,6.3887288999167575,3.74681
2018-12-22 19:00:00,3.71,5.54,4.28,-16.715855666919087,6.4127404836451145,3.638959
2018-12-22 19:15:00,3.74,5.54,3.49,-16.557012006859363,6.342090392748788,3.6650906
2018-12-22 19:30:00,3.71,5.51,3.38,-16.34988190353725,6.3935771291094,3.6246886
2018-12-22 19:45:00,3.74,5.47,3.35,-16.186512441654717,6.452977315513708,3.708578
2018-12-22 20:00:00,3.67,5.54,3.38,-16.820577972841296,6.4484440337628515,3.5037498
2018-12-22 20:15:00,3.67,5.47,3.46,-16.582396267726256,6.437576718228463,3.51445
2018-12-22 20:30:00,3.67,5.44,3.42,-16.40523189082091,6.455691396642789,3.3940449
2018-12-22 20:45:00,3.67,5.47,3.35,-16.10724815377169,6.44753829391411,3.381442
2018-12-22 21:00:00,4.18,5.44,3.38,-16.713652433639925,6.427224194071079,4.1723995
2018-12-22 21:15:00,4.61,5.54,3.96,-16.309137934827636,6.210562935620701,3.397428
2018-12-22 21:30:00,5.51,5.4,4.28,-16.032121592877846,4.617806920759008,3.3551784
2018-12-22 21:45:00,4.43,5.44,4.25,-15.726046155428318,4.535221431429857,3.3353753
2018-12-22 22:00:00,4.1,5.44,4.18,-16.281690805615757,4.540526664774948,3.191227
2018-12-22 22:15:00,3.46,5.18,3.74,-16.081206213737648,4.656654954747831,3.031745
2018-12-22 22:30:00,3.38,5.26,3.31,-15.635877355746107,4.501430099322263,3.0412269
2018-12-22 22:45:00,3.42,5.15,4.07,-15.211454583230708,4.445716259214094,2.9560223
2018-12-22 23:00:00,3.38,5.15,3.56,-15.737981999606998,4.398665847491424,2.991187
2018-12-22 23:15:00,3.35,5.11,3.17,-15.481199480040818,4.380423304236287,3.0721788
2018-12-22 23:30:00,3.31,4.57,3.24,-15.309627421496831,4.576136374005999,3.0445285
2018-12-22 23:45:00,3.31,4.0,3.2,-15.064213065849078,5.623882703466932,3.0966434
2018-12-23 00:00:00,3.78,3.31,4.21,-8.336335246227751,5.079096454132802,3.0527909
2018-12-23 00:15:00,3.31,4.0,3.24,-7.839664136404526,3.361199154218697,5.583335
2018-12-23 00:30:00,3.35,4.0,3.28,-7.479128915429417,3.341608407020872,5.5212364
2018-12-23 00:45:00,3.42,4.0,3.28,-7.112214786180264,7.998513985004584,5.53536
2018-12-23 01:00:00,4.93,4.1,3.85,-7.54150266835391,9.094693877660406,5.795387
2018-12-23 01:15:00,4.93,3.96,4.18,-7.11516773599401,9.107880628970904,5.7893276
2018-12-23 01:30:00,4.14,4.03,4.07,-6.7113877160666355,9.092764394329066,5.6870074
2018-12-23 01:45:00,4.07,4.03,4.07,-6.316943114020038,9.104748591764514,5.661289
2018-12-23 02:00:00,3.49,3.96,3.92,-6.866246447387116,9.093378356115887,5.628349
2018-12-23 02:15:00,3.46,4.07,3.28,-6.418175108354834,3.4063072825885303,5.6459823
2018-12-23 02:30:00,3.49,4.07,3.42,-5.90685921717267,3.4194193098579984,5.7158837
2018-12-23 02:45:00,3.42,3.67,3.53,-5.829524325392544,8.008492528404577,5.5664296
2018-12-23 03:00:00,3.42,3.31,4.14,-6.317920462860979,8.059103344169952,3.0766919
2018-12-23 03:15:00,3.46,3.82,3.56,-5.956427339985364,3.3193741816261553,5.3432264
2018-12-23 03:30:00,3.42,4.07,3.35,-5.592639941630477,3.397790299351626,5.476775
2018-12-23 03:45:00,3.53,3.42,3.38,-5.4879855397770605,3.3570840534771476,2.8754513
2018-12-23 04:00:00,3.46,3.38,3.42,-6.180715198428512,3.675478044617126,2.9030573
2018-12-23 04:15:00,3.42,3.31,3.42,-5.901924945519898,3.4017295845982556,2.9138358
2018-12-23 04:30:00,3.6,3.38,3.42,-5.553003998247963,3.2693338977621362,2.9526274
2018-12-23 04:45:00,4.14,3.35,3.38,-5.177552438204099,3.2347554742016937,2.8882496
2018-12-23 05:00:00,5.18,3.38,4.07,-5.6762378168310725,3.416634213900693,2.9451387
2018-12-23 05:15:00,4.64,3.42,4.14,-5.413096595474752,3.4241868706299403,2.9631922
2018-12-23 05:30:00,4.1,3.96,4.07,-5.087045934455933,3.4895311583695774,5.3454504
2018-12-23 05:45:00,3.49,4.07,4.07,-4.897194293537286,3.920135526466214,5.362072
2018-12-23 06:00:00,3.38,4.07,3.53,-5.738125299063466,3.7008805721044973,5.325231
2018-12-23 06:15:00,3.35,4.0,3.31,-5.701043998119101,3.5373180150831924,5.3343806
2018-12-23 06:30:00,3.46,3.38,3.35,-5.623188202440371,3.4376448774566817,2.8380368
2018-12-23 06:45:00,3.38,3.35,3.64,-5.499248495965656,3.5964139470233247,2.819226
2018-12-23 07:00:00,3.38,3.35,4.07,-6.133440207812836,3.6254499406447485,2.9235408
2018-12-23 07:15:00,3.38,3.31,3.38,-6.206433896778886,3.2252741921549792,2.853411
2018-12-23 07:30:00,3.38,3.85,3.28,-6.050517242791155,3.323734372242208,5.379203
2018-12-23 07:45:00,3.42,4.03,3.89,-5.544614494198942,3.5771642884492043,5.721258
2018-12-23 08:00:00,3.49,3.35,3.96,-6.230410390591697,3.5613899312958694,2.8601272
2018-12-23 08:15:00,4.07,3.31,39.35,10.275552316760152,7.167399607194372,2.2792947
2018-12-23 08:30:00,4.97,3.24,63.54,23.12242569976613,8.181320888556039,3.6969788
2018-12-23 08:45:00,4.82,3.38,65.02,21.60389083675858,8.369193547748695,1.9358414
2018-12-23 09:00:00,4.28,3.82,63.79,21.024682885374414,8.435457665112812,4.6186776
2018-12-23 09:15:00,3.92,4.28,61.7,20.74668107836498,3.474278733632556,5.070587
2018-12-23 09:30:00,3.71,4.28,64.8,21.35697669173458,3.4649604505533307,5.015592
2018-12-23 09:45:00,3.64,4.32,51.16,19.667367525544886,3.4335896737180867,5.234754
2018-12-23 10:00:00,3.64,4.21,55.01,17.648706418979415,3.4164597224139333,2.2496872
2018-12-23 10:15:00,3.67,3.6,61.81,17.84751102625043,3.3848382512740653,3.0051215
2018-12-23 10:30:00,3.71,3.6,72.18,21.32847203360867,3.394385281669177,3.531144
2018-12-23 10:45:00,3.71,3.6,54.86,16.820120163060743,3.3662878154537244,4.290893
2018-12-23 11:00:00,3.74,3.6,66.78,20.920165438460987,3.428955414818423,12.363733
2018-12-23 11:15:00,3.78,3.6,69.95,25.942000458017787,3.490392455635261,13.504197
2018-12-23 11:30:00,3.71,3.6,53.35,18.206198210832685,3.3930898844419657,13.068935
2018-12-23 11:45:00,3.74,3.6,55.51,19.589191045352614,3.414828343785094,12.58567
2018-12-23 12:00:00,3.96,3.6,11.81,9.857314511979052,3.2895597026289702,7.974288
2018-12-23 12:15:00,4.86,3.71,5.65,-9.378663019769665,3.8717210667768076,3.1379056
2018-12-23 12:30:00,5.54,4.39,5.54,-10.986385661799257,4.02546407004187,3.1898828
2018-12-23 12:45:00,4.54,4.1,5.44,-11.22024997659793,3.8473807255587933,3.2327204
2018-12-23 13:00:00,4.36,3.71,5.33,-12.217446414019609,3.737250683802127,3.0947757
2018-12-23 13:15:00,3.67,4.28,36.47,4.959557272674051,3.430435405419029,6.6031294
2018-12-23 13:30:00,3.67,4.25,63.72,18.581296036729242,3.4104461244913282,7.4491043
2018-12-23 13:45:00,3.67,4.25,64.8,16.35640455581184,3.3777889597866793,6.4983935
2018-12-23 14:00:00,3.67,4.21,61.85,15.635154859036156,3.3861331936881314,6.008264
2018-12-23 14:15:00,3.71,3.67,57.89,19.929388519815532,3.494429378562986,13.296607
2018-12-23 14:30:00,3.67,3.46,54.36,20.129396051700382,3.476594862854583,8.917825
2018-12-23 14:45:00,3.67,3.49,47.38,15.76414243336598,3.4180367626976857,12.357914
2018-12-23 15:00:00,3.67,3.53,43.49,15.346763889066361,3.478703262632824,7.8944664
2018-12-23 15:15:00,3.64,3.56,45.4,15.265088296820593,3.477413004586693,7.5526814
2018-12-23 15:30:00,3.67,3.53,60.55,17.21616502748246,3.4188489439862133,8.202383
2018-12-23 15:45:00,3.74,3.56,48.42,17.177229220875695,3.4760670160394276,7.8479114
2018-12-23 16:00:00,4.36,3.56,63.22,19.803246309163026,3.475933161644641,10.900224
2018-12-23 16:15:00,4.36,3.49,62.64,20.235295936600707,3.5278269760244796,8.978831
2018-12-23 16:30:00,5.0,3.53,66.02,15.383243621488855,3.380756921072158,3.9532826
2018-12-23 16:45:00,5.33,3.56,35.42,9.94762766141638,3.438800738044964,7.2771077
2018-12-23 17:00:00,3.6,4.68,9.11,7.48417938965564,3.424175500863586,6.7080107
2018-12-23 17:15:00,3.56,5.44,8.06,2.6845188157710247,3.3727679542383853,4.9296618
2018-12-23 17:30:00,3.6,4.46,7.74,2.127289219372418,3.3365211848522587,7.5050573
2018-12-23 17:45:00,3.67,4.28,7.85,-3.971150064373102,3.348332109979536,5.274618
2018-12-23 18:00:00,3.49,4.07,6.73,-10.457300720555768,5.095834222323893,5.89648
2018-12-23 18:15:00,3.49,3.6,5.22,-15.351217103967496,3.964509751500375,4.1166406
2018-12-23 18:30:00,3.49,3.67,5.69,-16.591404938559354,4.023425007451751,4.119011
2018-12-23 18:45:00,3.64,3.67,5.72,-16.431086826394502,4.147942002075549,3.3025346
2018-12-23 19:00:00,3.64,3.71,5.69,-17.20156493184646,4.181095176728193,3.3451905
2018-12-23 19:15:00,4.03,3.74,5.72,-16.99949108671871,4.138402431368479,3.3528843
2018-12-23 19:30:00,4.25,3.71,5.44,-16.868816029427553,4.185008240925418,3.0179386
2018-12-23 19:45:00,4.28,3.74,4.46,-16.891688217778242,3.9115298114970036,2.3002458
2018-12-23 20:00:00,4.25,3.67,4.5,-17.550414701071563,3.9585914006612324,2.4805164
2018-12-23 20:15:00,4.0,3.67,4.46,-17.31276900005523,3.9115298114970036,2.4999967
2018-12-23 20:30:00,3.49,3.67,4.5,-17.11682362129054,3.9392198755995667,2.4104671
2018-12-23 20:45:00,4.21,3.67,4.54,-16.813040985164346,3.936562286313852,2.8690133
2018-12-23 21:00:00,4.14,4.18,4.46,-17.370284884710852,4.383391680153893,2.4369926
2018-12-23 21:15:00,3.49,4.61,4.5,-16.975724076937528,4.131867770497032,3.0938544
2018-12-23 21:30:00,3.42,5.51,4.5,-16.471411863408353,6.6747587812935345,3.6434088
2018-12-23 21:45:00,3.46,4.43,4.57,-16.49697422729376,6.5007019031860445,3.1994991
2018-12-23 22:00:00,3.53,4.1,4.57,-17.11283658403973,6.196796969463743,3.7740154
2018-12-23 22:15:00,3.2,3.46,4.25,-16.954087417112344,5.389366228885119,4.3283825
2018-12-23 22:30:00,3.2,3.38,4.25,-16.43940167307792,3.5535115034782385,4.802819
2018-12-23 22:45:00,3.2,3.42,4.18,-16.03964988037387,3.4954855674751957,4.70023
2018-12-23 23:00:00,3.96,3.38,5.44,-16.224226107223114,3.612887930076529,6.325804
2018-12-23 23:15:00,4.0,3.35,4.82,-16.082902349495857,3.562433785168423,6.5493984
2018-12-23 23:30:00,4.0,3.31,4.14,-15.93212508698598,4.95705494196723,4.943459
2018-12-23 23:45:00,4.0,3.31,4.18,-15.539083876391413,8.374483705193184,6.358424
2018-12-24 00:00:00,3.78,3.78,4.57,6.98894788487544,5.183603152936007,4.1154156
2018-12-24 00:15:00,3.35,3.31,4.25,7.298131818358048,3.9351711554093285,3.7595534
2018-12-24 00:30:00,3.38,3.35,4.18,7.623983387627245,3.9412831624838147,3.870058
2018-12-24 00:45:00,3.38,3.42,4.21,7.998945323534347,8.979341637281824,3.863925
2018-12-24 01:00:00,3.96,4.93,4.21,7.860330047438612,4.394387814104865,3.4996586
2018-12-24 01:15:00,3.89,4.93,4.21,8.23037905824987,4.528184722615502,3.639966
2018-12-24 01:30:00,3.38,4.14,4.36,8.373537588212411,8.473828420389204,3.2583127
2018-12-24 01:45:00,3.35,4.07,4.28,8.72769951632446,7.937701824605183,3.3121743
2018-12-24 02:00:00,3.49,3.49,4.28,8.163102144210985,9.189026145382195,3.86136
2018-12-24 02:15:00,3.38,3.46,4.28,8.674407758554818,3.918892350815717,3.57654
2018-12-24 02:30:00,3.42,3.49,3.71,9.083112709768645,3.9295784955825095,3.579513
2018-12-24 02:45:00,4.0,3.42,4.32,9.3879361410313,8.878829500087505,3.7890534
2018-12-24 03:00:00,4.07,3.42,3.82,8.754491458066678,3.9484622379014693,3.769158
2018-12-24 03:15:00,4.14,3.46,3.53,9.076310985594372,3.8309307561193093,3.420135
2018-12-24 03:30:00,4.1,3.42,3.53,9.387233856957007,3.865093100503676,3.7749696
2018-12-24 03:45:00,3.96,3.53,3.53,9.637559611424361,3.7967011438574634,3.7909756
2018-12-24 04:00:00,3.35,3.46,3.6,8.950527717739735,3.9281903411911503,3.6925812
2018-12-24 04:15:00,3.38,3.42,3.53,9.211676889884654,3.7363260274858847,3.664754
2018-12-24 04:30:00,3.64,3.6,3.53,9.565586401138901,3.870795705836793,3.7603698
2018-12-24 04:45:00,4.07,4.14,4.1,10.20941856551735,4.009981642958459,3.7156572
2018-12-24 05:00:00,3.42,5.18,4.25,9.888968856279096,5.155692834892508,3.683547
2018-12-24 05:15:00,3.31,4.64,4.28,9.905564004220754,7.765882023373885,3.187348
2018-12-24 05:30:00,3.35,4.1,4.25,9.922003692888676,7.018929626348122,3.1370454
2018-12-24 05:45:00,3.35,3.49,3.64,9.801403684603976,6.666082980589994,3.2996268
2018-12-24 06:00:00,3.35,3.38,3.49,9.106251240283814,4.585409296029353,4.234026
2018-12-24 06:15:00,3.38,3.35,3.46,9.241071575244515,3.9063989512378057,3.7534413
2018-12-24 06:30:00,3.6,3.46,4.32,9.70468169974956,3.800366922677362,3.8226676
2018-12-24 06:45:00,4.03,3.38,3.6,9.613094646640203,3.950456765541694,3.7915168
2018-12-24 07:00:00,4.0,3.38,3.42,8.80975278722251,3.7113035119420603,3.7573957
2018-12-24 07:15:00,3.96,3.38,3.49,8.892520384021484,3.7423449045469033,4.9943576
2018-12-24 07:30:00,4.54,3.38,4.36,9.214505808916424,3.9165593373342107,5.3352304
2018-12-24 07:45:00,5.36,3.42,6.19,10.076984841026754,4.847276661827976,7.2315273
2018-12-24 08:00:00,6.52,3.49,6.3,9.636181173628113,5.364467917793333,11.233609
2018-12-24 08:15:00,21.89,4.07,6.48,19.5209889409604,26.113845165772606,20.430079
2018-12-24 08:30:00,59.62,4.97,53.35,39.94752515796084,76.64179628504868,60.926586
2018-12-24 08:45:00,64.58,4.82,46.94,36.12165222889352,60.43290379630088,55.20873
2018-12-24 09:00:00,67.18,4.28,52.06,37.186125133966954,76.75628101898913,59.335747
2018-12-24 09:15:00,69.44,3.92,54.83,55.38849980621528,78.49634002876708,75.65964
2018-12-24 09:30:00,65.38,3.71,56.12,55.76921555198449,75.59265527768174,76.548805
2018-12-24 09:45:00,67.0,3.64,58.0,58.516124699466275,75.38366597963166,78.03849
2018-12-24 10:00:00,56.27,3.64,50.08,53.580097497422415,75.07366218400449,74.75091
2018-12-24 10:15:00,54.18,3.67,46.04,59.831126057645676,74.83058188836802,75.98462
2018-12-24 10:30:00,58.39,3.71,49.54,60.802421115931025,74.88443080606078,74.38012
2018-12-24 10:45:00,54.86,3.71,54.14,62.28401939627368,74.8206730423148,77.17999
2018-12-24 11:00:00,54.18,3.74,53.78,64.3622433909422,75.83188279389624,78.050735
2018-12-24 11:15:00,55.55,3.78,52.67,67.71098530937533,76.35070778106702,89.64349
2018-12-24 11:30:00,53.21,3.71,55.84,64.54075738568977,74.02906508374207,80.31836
2018-12-24 11:45:00,53.03,3.74,49.64,63.9048068255056,74.45326704405912,81.977196
2018-12-24 12:00:00,40.64,3.96,54.5,62.934150111413445,74.01436793907335,75.778046
2018-12-24 12:15:00,6.91,4.86,11.12,25.924678938251745,11.672797835140868,13.433912
2018-12-24 12:30:00,6.91,5.54,7.06,23.478852203833185,9.866986160927796,8.924421
2018-12-24 12:45:00,6.48,4.54,7.13,23.157806449505834,9.481509406931453,8.926252
2018-12-24 13:00:00,6.12,4.36,8.21,22.442803470459744,10.779811224577134,11.268711
2018-12-24 13:15:00,34.49,3.67,33.26,40.55486487877373,47.12668566829228,52.229824
2018-12-24 13:30:00,46.98,3.67,56.99,54.55264012468717,75.1924222694552,78.30515
2018-12-24 13:45:00,38.2,3.67,56.59,52.480112811565945,74.36988445583049,72.62209
2018-12-24 14:00:00,37.84,3.67,55.08,51.88827410224016,73.22705461219219,77.342064
2018-12-24 14:15:00,43.45,3.71,51.05,56.56534983126079,74.29688084432338,80.39901
2018-12-24 14:30:00,63.9,3.67,47.95,57.13544274500019,74.57535070633449,76.743004
2018-12-24 14:45:00,38.48,3.67,57.82,56.20180825687555,72.9679299635165,71.69562
2018-12-24 15:00:00,38.12,3.67,59.11,56.721470164386275,74.26576118344259,71.87772
2018-12-24 15:15:00,45.25,3.64,60.62,56.96979793600613,73.63882506367118,70.70862
2018-12-24 15:30:00,51.12,3.67,53.6,53.66842783364393,73.75711234318598,75.24528
2018-12-24 15:45:00,45.72,3.74,60.44,58.27350222927282,74.19863844244601,69.27673
2018-12-24 16:00:00,51.7,4.36,67.5,59.323135388136336,74.54026368563684,70.20971
2018-12-24 16:15:00,47.2,4.36,85.86,64.04610157375639,74.5287025219804,73.21774
2018-12-24 16:30:00,69.55,5.0,82.33,57.200076693418765,76.2173551963946,61.895782
2018-12-24 16:45:00,44.82,5.33,59.8,53.02517171296573,79.27054238375771,63.50748
2018-12-24 17:00:00,40.86,3.6,60.37,53.91826550568648,78.48624397941995,65.19124
2018-12-24 17:15:00,33.66,3.56,56.38,55.8781161990184,75.91150029022802,64.76578
2018-12-24 17:30:00,9.86,3.6,52.99,54.23955082013819,73.91996889696507,59.52636
2018-12-24 17:45:00,6.73,3.67,35.35,43.5758298841837,52.338547489861575,40.393463
2018-12-24 18:00:00,5.29,3.49,31.32,35.5305002197488,34.42292464173354,24.290958
2018-12-24 18:15:00,5.22,3.49,16.09,27.713727813398624,12.506842578126589,18.971992
2018-12-24 18:30:00,5.18,3.49,6.37,24.410077146570927,12.016779250063262,16.59373
2018-12-24 18:45:00,5.33,3.64,5.8,24.466326060035048,12.018436307726045,15.5445385
2018-12-24 19:00:00,5.04,3.64,5.54,23.610705149146607,11.775009949664229,17.664799
2018-12-24 19:15:00,4.14,4.03,5.54,23.82883985257553,11.793886474366882,18.610126
2018-12-24 19:30:00,4.18,4.25,5.62,24.05867261352118,12.055129428304896,18.181574
2018-12-24 19:45:00,4.1,4.28,5.54,24.237545250147573,11.969263935730805,18.145514
2018-12-24 20:00:00,4.18,4.25,5.62,23.596246467798725,12.945227678212321,16.317661
2018-12-24 20:15:00,4.1,4.0,5.54,15.737953386275255,18.031997821745087,14.49934
2018-12-24 20:30:00,4.14,3.49,4.75,15.685958277327465,17.82564775513897,10.944646
2018-12-24 20:45:00,4.21,4.21,4.46,16.053053022079276,18.129524241536824,14.784245
2018-12-24 21:00:00,4.18,4.14,4.46,15.387668990760957,17.726403974715055,11.068159
2018-12-24 21:15:00,4.18,3.49,4.43,15.592336638036912,7.4906479624676665,7.2712913
2018-12-24 21:30:00,4.14,3.42,4.43,15.899934246249146,6.551189837976876,5.1475115
2018-12-24 21:45:00,4.18,3.46,4.46,16.169512282282938,6.0361662063400185,5.0975847
2018-12-24 22:00:00,5.4,3.53,4.46,15.663958531861923,5.790139976142445,5.842506
2018-12-24 22:15:00,4.5,3.2,4.14,24.01601835186442,5.520217563675303,6.254227
2018-12-24 22:30:00,3.92,3.2,4.18,24.517026421387857,6.11474001364276,5.6207023
2018-12-24 22:45:00,3.89,3.2,4.21,24.917764423588558,5.625001634276551,5.581892
2018-12-24 23:00:00,3.85,3.96,4.18,24.487483982054354,6.244089788706786,5.6495004
2018-12-24 23:15:00,3.85,4.0,4.14,-1.429507202165663,4.119174721508802,4.819027
2018-12-24 23:30:00,3.82,4.0,4.07,-1.128759271949324,5.443523846405543,4.809714
2018-12-24 23:45:00,3.85,4.0,4.07,-0.77498780619052,4.913534507235667,4.838434
2018-12-25 00:00:00,3.13,3.78,4.14,4.527831118223833,5.196460804197048,3.6617498
2018-12-25 00:15:00,3.85,3.35,5.22,5.244384161905632,4.525181957104814,3.6384373
2018-12-25 00:30:00,3.92,3.38,4.68,5.4880833239564915,4.390320283671503,3.5994549
2018-12-25 00:45:00,3.89,3.38,4.14,5.749271214061405,4.387350347333084,3.5049782
2018-12-25 01:00:00,3.85,3.96,4.1,5.360062860544513,4.911411182068189,4.251359
2018-12-25 01:15:00,3.56,3.89,4.18,5.7514397378262565,4.998177255187884,3.2724419
2018-12-25 01:30:00,3.2,3.38,4.07,6.002043593586851,9.412054252432846,3.3269353
2018-12-25 01:45:00,3.92,3.35,4.18,6.418819973465876,9.433839906424291,3.3355083
2018-12-25 02:00:00,3.64,3.49,4.1,5.946055506642036,4.927656924736267,3.3892946
2018-12-25 02:15:00,3.17,3.38,4.18,6.460803187043087,4.536847959003194,3.2349167
2018-12-25 02:30:00,3.17,3.42,4.14,6.956781670787482,4.476224909644882,3.2089953
2018-12-25 02:45:00,3.2,4.0,4.21,7.214434224521437,7.350043688314503,5.321926
2018-12-25 03:00:00,3.24,4.07,4.18,6.699103888628368,4.9613920979133805,3.418096
2018-12-25 03:15:00,3.2,4.14,3.6,6.960691951450688,4.961913077031465,3.4012952
2018-12-25 03:30:00,3.2,4.1,3.42,7.2409740564910585,6.608216288399415,3.604299
2018-12-25 03:45:00,3.28,3.96,3.42,7.436689898583037,4.936488997850933,3.3436484
2018-12-25 04:00:00,3.96,3.35,3.38,6.5588306767506275,5.145668134323434,2.9969945
2018-12-25 04:15:00,3.96,3.38,3.42,6.881013998035957,4.956496439529692,3.034881
2018-12-25 04:30:00,3.92,3.64,3.71,7.345601782565165,4.184669465739336,3.3524857
2018-12-25 04:45:00,3.89,4.07,4.18,7.926240245266047,4.509567638816801,3.2415838
2018-12-25 05:00:00,3.35,3.42,3.53,7.024050701527354,4.073820376455883,3.0307398
2018-12-25 05:15:00,3.24,3.31,3.46,7.142901781380875,3.814270925350098,2.912867
2018-12-25 05:30:00,3.35,3.35,3.38,7.333127980648602,3.695838446765137,3.0808496
2018-12-25 05:45:00,3.96,3.35,4.03,7.711105040890072,3.8467744504704227,3.337338
2018-12-25 06:00:00,3.71,3.35,4.14,7.063090402943917,3.879514326002934,3.3904505
2018-12-25 06:15:00,3.17,3.38,3.6,7.073683918782908,4.2361957690062395,3.3187337
2018-12-25 06:30:00,3.2,3.6,3.38,7.2207656445871,3.7661056071595884,3.1873236
2018-12-25 06:45:00,3.2,4.03,3.35,7.455222537377967,4.62818032296298,3.3954096
2018-12-25 07:00:00,3.17,4.0,3.31,6.653030032106425,5.2280133059919,3.2498136
2018-12-25 07:15:00,3.24,3.96,3.28,6.703855781637355,4.7846424800966165,3.5104384
2018-12-25 07:30:00,3.85,4.54,3.42,7.001223406289387,5.449857859483,3.630426
2018-12-25 07:45:00,3.92,5.36,5.58,8.004257180089294,8.122651980421615,4.419381
2018-12-25 08:00:00,3.89,6.52,7.27,8.095025452720773,10.005847901103774,8.620734
2018-12-25 08:15:00,3.89,21.89,38.38,26.282974603245563,40.66275573499889,33.4521
2018-12-25 08:30:00,3.49,59.62,72.86,50.710260297626576,75.91486718313028,70.06408
2018-12-25 08:45:00,3.24,64.58,66.42,47.524123769435434,70.88266056355896,71.19364
2018-12-25 09:00:00,3.38,67.18,81.4,50.04535222935661,73.1405806326991,75.31469
2018-12-25 09:15:00,3.49,69.44,66.28,46.744684119423255,3.9611016257173923,34.724712
2018-12-25 09:30:00,3.46,65.38,78.3,47.878856859500075,3.93978260501119,34.003036
2018-12-25 09:45:00,3.82,67.0,77.72,50.377401732445804,3.6134177601900372,33.159893
2018-12-25 10:00:00,3.96,56.27,74.59,43.83135677048845,3.5921933510885333,19.279726
2018-12-25 10:15:00,3.42,54.18,63.04,40.488767675844386,3.5818556930992984,20.213808
2018-12-25 10:30:00,3.53,58.39,58.68,41.13870007099331,3.5795152429753263,20.498182
2018-12-25 10:45:00,3.46,54.86,62.96,41.69248850291138,3.544074463482452,17.457504
2018-12-25 11:00:00,3.46,54.18,68.36,44.81301853756483,3.6080711927274995,17.462973
2018-12-25 11:15:00,3.78,55.55,60.05,47.11198752975935,3.593123165256962,19.30279
2018-12-25 11:30:00,4.18,53.21,58.82,42.521800050116,3.5814476761928633,16.805935
2018-12-25 11:45:00,4.28,53.03,64.73,44.542260739428386,3.595390324189196,15.990075
2018-12-25 12:00:00,4.18,40.64,67.54,39.91736239945217,3.598039866489775,14.181485
2018-12-25 12:15:00,4.07,6.91,8.14,0.4186977108833041,8.99171318626458,9.276344
2018-12-25 12:30:00,3.56,6.91,8.64,-0.1599521201546814,8.420425403721865,9.593765
2018-12-25 12:45:00,3.53,6.48,8.78,0.8749573384914875,8.169917063927466,9.829788
2018-12-25 13:00:00,3.53,6.12,9.4,1.1591965346955355,7.932296205643186,9.307716
2018-12-25 13:15:00,5.04,34.49,52.45,28.887938906103063,3.492746850416679,10.5469475
2018-12-25 13:30:00,4.07,46.98,67.46,42.63188150973506,3.522093635205345,14.204501
2018-12-25 13:45:00,3.42,38.2,62.53,36.82820013490593,3.497943254611578,13.909564
2018-12-25 14:00:00,3.42,37.84,62.46,36.24893605562073,3.515031473980452,14.02267
2018-12-25 14:15:00,3.49,43.45,67.18,44.14849224234814,3.5262202797779323,16.034237
2018-12-25 14:30:00,3.46,63.9,113.51,59.25903394814313,3.596549977338115,13.569167
2018-12-25 14:45:00,3.53,38.48,99.5,47.02473157284955,3.600492544155308,9.20489
2018-12-25 15:00:00,4.14,38.12,68.0,40.87353708313209,3.62472070512869,14.508781
2018-12-25 15:15:00,4.14,45.25,120.82,53.10067827862652,3.605826868498313,11.890097
2018-12-25 15:30:00,4.14,51.12,79.45,45.01669561606914,3.515770092679388,13.53111
2018-12-25 15:45:00,4.1,45.72,117.68,54.331337572466865,3.5653406392658797,10.729668
2018-12-25 16:00:00,3.67,51.7,114.08,54.17485292172222,3.594560328979504,10.648486
2018-12-25 16:15:00,3.46,47.2,106.27,51.6541300135283,3.603583966133542,12.975438
2018-12-25 16:30:00,3.42,69.55,93.28,47.66894618067283,3.6043403160772196,12.728402
2018-12-25 16:45:00,3.46,44.82,127.58,49.78027933477449,3.609012990548715,11.77176
2018-12-25 17:00:00,3.42,40.86,94.61,43.8570816462735,3.6137621065500403,10.640688
2018-12-25 17:15:00,3.46,33.66,101.02,38.2094886081032,3.598892632453707,8.564436
2018-12-25 17:30:00,4.0,9.86,112.14,35.151431526331095,3.5420195355865407,8.813116
2018-12-25 17:45:00,4.0,6.73,68.08,19.588962632161568,3.506491593395753,8.183111
2018-12-25 18:00:00,3.38,5.29,15.95,1.2399150531876124,24.012271377307552,9.901353
2018-12-25 18:15:00,3.38,5.22,7.16,-4.454938043720208,10.196924773104017,11.78716
2018-12-25 18:30:00,3.74,5.18,5.58,-4.695054089268684,11.480771838639633,9.265088
2018-12-25 18:45:00,4.1,5.33,5.65,-4.418771041776562,11.288828567125785,8.957423
2018-12-25 19:00:00,4.18,5.04,5.0,-5.419762798716594,11.342807892664759,8.958379
2018-12-25 19:15:00,4.1,4.14,4.5,-5.600770049616717,9.11544037211163,10.483367
2018-12-25 19:30:00,4.18,4.18,4.39,-5.459676617317452,9.08880899027209,10.611192
2018-12-25 19:45:00,3.64,4.1,4.43,-5.233781504932654,7.773152571041499,8.888906
2018-12-25 20:00:00,3.46,4.18,4.39,-5.850277145477943,5.2262932084073785,9.180862
2018-12-25 20:15:00,3.46,4.1,4.43,-5.594318119957915,4.982715177900597,8.770185
2018-12-25 20:30:00,3.38,4.14,4.36,-5.2960695585737305,4.983604332328272,7.746029
2018-12-25 20:45:00,3.42,4.21,4.39,-5.027628516808523,5.283723930873353,8.104056
2018-12-25 21:00:00,3.42,4.18,4.43,-5.6535142540146985,5.1026228806691964,8.787114
2018-12-25 21:15:00,3.42,4.18,4.39,-5.2728257667881415,4.580670473957849,9.160611
2018-12-25 21:30:00,4.03,4.14,4.46,-4.9065322874817205,4.249914812961065,7.066988
2018-12-25 21:45:00,4.14,4.18,4.39,-4.720587990396535,4.517951175429261,5.6112523
2018-12-25 22:00:00,3.49,5.4,4.39,-4.931547881540066,7.799013103659677,5.0008936
2018-12-25 22:15:00,3.2,4.5,4.25,-4.897215122292788,8.199574769587286,4.894127
2018-12-25 22:30:00,3.85,3.92,5.18,-4.386625937103258,7.198776405685568,3.1438253
2018-12-25 22:45:00,3.89,3.89,5.15,-4.096012650804649,6.555758580899235,3.2514427
2018-12-25 23:00:00,3.89,3.85,4.14,-4.875300198488095,4.236277305083055,3.010947
2018-12-25 23:15:00,3.85,3.85,4.14,-4.55640881428182,4.183151813088699,3.5376494
2018-12-25 23:30:00,3.64,3.82,4.14,-4.236110833444261,5.039426393822789,3.9005492
2018-12-25 23:45:00,3.31,3.85,4.1,-3.8832521677957708,4.831636712732872,3.8887727
2018-12-26 00:00:00,3.67,3.13,3.92,2.4197055207863123,4.534930579288736,3.336559
2018-12-26 00:15:00,3.24,3.85,4.14,3.071659433989087,4.555172920187425,3.4041407
2018-12-26 00:30:00,3.24,3.92,4.14,3.4875736396048076,4.497844050795747,3.3677313
2018-12-26 00:45:00,3.2,3.89,4.14,3.8788777951223246,4.505984162654154,3.41443
2018-12-26 01:00:00,3.31,3.85,4.21,3.4265636736406897,5.5340355748911545,3.4114583
2018-12-26 01:15:00,3.24,3.56,4.14,3.7640425035488114,4.424886346045413,3.343291
2018-12-26 01:30:00,3.28,3.2,4.14,4.094219684534419,4.662481805056298,3.3003762
2018-12-26 01:45:00,3.24,3.92,4.18,4.617403189593286,6.357690186289795,3.3593976
2018-12-26 02:00:00,3.24,3.64,4.18,4.03058457125665,4.283762272939666,3.3616145
2018-12-26 02:15:00,3.78,3.17,4.93,4.621576813375885,4.17881046563409,3.4320896
2018-12-26 02:30:00,3.96,3.17,5.26,5.19059333362026,4.383748139289059,3.4718091
2018-12-26 02:45:00,4.97,3.2,4.14,5.087323724431737,4.394394295099904,3.2316601
2018-12-26 03:00:00,4.36,3.24,4.14,4.5758701454790405,4.719669351191669,3.2216017
2018-12-26 03:15:00,3.71,3.2,4.1,4.968817123199013,4.373699097772457,3.267594
2018-12-26 03:30:00,3.28,3.2,4.25,5.320918085700402,6.113534996439971,3.2716267
2018-12-26 03:45:00,3.31,3.28,3.82,5.4710950633061906,3.7708994306646493,3.1927373
2018-12-26 04:00:00,3.28,3.96,3.49,4.889625304524916,4.603807703747108,3.0472214
2018-12-26 04:15:00,3.28,3.96,3.42,5.148483366741235,4.828947136611892,3.0855877
2018-12-26 04:30:00,3.2,3.92,3.42,5.406991263067301,6.411749228415346,3.1104267
2018-12-26 04:45:00,3.24,3.89,3.49,5.750634494646736,6.040780721016732,3.156603
2018-12-26 05:00:00,3.28,3.35,3.38,5.079426316100996,5.309114705434253,3.0175369
2018-12-26 05:15:00,3.2,3.24,3.42,5.220846643848628,3.7116406394018844,2.9555295
2018-12-26 05:30:00,3.24,3.35,3.38,5.423144923443257,3.660819087364131,2.9131267
2018-12-26 05:45:00,3.2,3.96,3.42,5.762063346718332,4.747392381753121,3.008776
2018-12-26 06:00:00,4.79,3.71,3.42,4.987148796834976,4.844397622160594,3.0067856
2018-12-26 06:15:00,4.86,3.17,4.07,5.165357347685745,3.9215030986888,3.0721323
2018-12-26 06:30:00,3.92,3.2,4.18,5.33049682977067,3.7226977357691977,3.1007926
2018-12-26 06:45:00,3.82,3.2,3.96,5.450078820143748,4.2607186560855075,3.127805
2018-12-26 07:00:00,3.35,3.17,4.1,4.71623542161775,4.2613221330844775,3.1061747
2018-12-26 07:15:00,3.17,3.24,4.1,4.797318698160357,3.8516528558326946,3.1790402
2018-12-26 07:30:00,3.42,3.85,4.07,5.039931821512862,5.168009318984667,3.3626902
2018-12-26 07:45:00,4.82,3.92,5.76,5.726341500255959,4.803557765586063,4.0698967
2018-12-26 08:00:00,5.0,3.89,6.23,5.26847305701671,5.130304923234743,3.4991853
2018-12-26 08:15:00,34.52,3.89,36.14,19.371976759297343,7.236078453724417,10.454713
2018-12-26 08:30:00,48.06,3.49,70.81,36.18563333745122,56.73980972567752,47.275894
2018-12-26 08:45:00,78.23,3.24,59.54,32.32004361304894,56.27919366102423,46.05974
2018-12-26 09:00:00,51.08,3.38,63.86,32.49068587294549,57.180524883788856,44.37542
2018-12-26 09:15:00,70.99,3.49,77.4,53.82402284500574,73.9798795392884,63.90447
2018-12-26 09:30:00,65.74,3.46,65.23,50.43667636740564,74.16954732768608,67.39879
2018-12-26 09:45:00,52.96,3.82,69.3,53.43162023922558,76.19602617143404,68.95652
2018-12-26 10:00:00,55.44,3.96,61.13,48.1766176022651,74.21856035461897,66.04273
2018-12-26 10:15:00,52.06,3.42,61.16,56.26562952892653,75.49067106112847,64.38612
2018-12-26 10:30:00,57.64,3.53,70.42,58.81715811043959,78.2047407309313,67.85853
2018-12-26 10:45:00,62.21,3.46,63.68,57.3305400826057,78.16233045168886,66.37836
2018-12-26 11:00:00,45.58,3.46,83.09,63.630879085066596,78.63504792100058,68.09745
2018-12-26 11:15:00,54.58,3.78,140.8,79.29895580842215,83.27391630531771,77.76377
2018-12-26 11:30:00,55.15,4.18,110.88,69.32171204251011,81.21504707416612,70.543045
2018-12-26 11:45:00,58.64,4.28,115.13,70.63603334129098,82.77571170850263,71.78399
2018-12-26 12:00:00,31.28,4.18,101.99,65.53438973294072,76.49927915104257,62.970695
2018-12-26 12:15:00,6.77,4.07,12.13,20.91130681172813,9.336024046955071,7.9320774
2018-12-26 12:30:00,7.09,3.56,6.66,18.04624519989186,7.866223764744413,6.14627
2018-12-26 12:45:00,6.95,3.53,6.8,17.91456450432152,7.782082399997103,6.116199
2018-12-26 13:00:00,6.41,3.53,6.98,16.861275345613663,6.829032145488878,5.4049363
2018-12-26 13:15:00,20.66,5.04,62.42,39.7913246587258,71.19264845373449,53.548855
2018-12-26 13:30:00,59.9,4.07,116.46,59.4542507186644,79.09237991339026,69.50826
2018-12-26 13:45:00,55.3,3.42,89.86,52.34779407381173,77.73414217675986,60.012997
2018-12-26 14:00:00,51.41,3.42,98.03,53.728778722424636,78.14895621965792,62.86198
2018-12-26 14:15:00,57.02,3.49,149.18,69.76618261393459,82.23575351751772,69.872246
2018-12-26 14:30:00,43.06,3.46,116.64,59.716047077929716,80.04621150826206,80.04623
2018-12-26 14:45:00,41.4,3.53,105.48,55.4191694525956,76.26715125915112,62.204628
2018-12-26 15:00:00,52.92,4.14,145.22,67.38187429339932,81.14522819524042,67.188805
2018-12-26 15:15:00,53.42,4.14,101.38,52.6696934395021,78.64233433851922,65.28063
2018-12-26 15:30:00,40.68,4.14,130.46,61.07055876283751,81.73370241213648,76.64683
2018-12-26 15:45:00,40.64,4.1,115.24,56.642820247218694,75.97889108595153,70.334435
2018-12-26 16:00:00,41.47,3.67,125.21,58.370429015475864,81.0749247735662,77.33668
2018-12-26 16:15:00,56.2,3.46,133.56,61.741353766187984,82.96584295161422,76.940506
2018-12-26 16:30:00,59.04,3.42,81.65,46.241113941741034,80.27470619786845,74.317276
2018-12-26 16:45:00,54.68,3.46,62.68,40.40563245714915,78.19954331891152,60.40439
2018-12-26 17:00:00,57.67,3.42,125.5,57.99718465667064,74.23007628129827,66.55796
2018-12-26 17:15:00,54.79,3.46,68.0,48.774132400773446,72.3931553318732,52.67906
2018-12-26 17:30:00,34.42,4.0,40.5,39.27996628169567,72.90322933908588,47.254257
2018-12-26 17:45:00,9.5,4.0,31.68,35.26221736096223,41.12214999166107,30.358067
2018-12-26 18:00:00,5.22,3.38,26.82,29.630645444080667,21.75140031138673,15.311206
2018-12-26 18:15:00,5.04,3.38,5.98,20.600453353784346,10.246789353453723,14.236519
2018-12-26 18:30:00,5.04,3.74,5.47,20.62599487830563,10.325571628367403,16.487978
2018-12-26 18:45:00,5.08,4.1,5.54,20.884177063957445,10.33133160694766,17.30042
2018-12-26 19:00:00,5.08,4.18,5.44,20.10628034561366,11.171605025845578,18.65188
2018-12-26 19:15:00,4.68,4.1,5.47,20.26740169763684,11.308068903180926,16.846598
2018-12-26 19:30:00,3.92,4.18,5.47,20.41584178490484,11.132642515163525,16.603172
2018-12-26 19:45:00,3.89,3.64,5.4,20.505218322352032,10.80802562552511,14.449047
2018-12-26 20:00:00,3.85,3.46,5.33,19.81008118228081,10.827437848913231,13.107896
2018-12-26 20:15:00,3.89,3.46,5.36,12.046153895024744,16.268058794681153,11.111672
2018-12-26 20:30:00,3.89,3.38,5.33,12.324017807400864,16.146986869896597,10.163739
2018-12-26 20:45:00,3.96,3.42,5.44,12.646943946540034,15.944988675106867,9.692085
2018-12-26 21:00:00,3.89,3.42,5.4,12.023592490551557,15.536964521755978,6.9902062
2018-12-26 21:15:00,3.96,3.42,5.4,12.38090764961553,7.552296225085873,4.713223
2018-12-26 21:30:00,4.0,4.03,5.04,12.759902117479879,6.2363193988339365,4.0349298
2018-12-26 21:45:00,3.96,4.14,4.25,12.78817003224723,6.318998095517116,3.9771585
2018-12-26 22:00:00,4.07,3.49,4.39,12.209569191053706,6.296617634517742,3.7253313
2018-12-26 22:15:00,4.0,3.2,4.03,20.381173063833977,7.740417132325289,4.2053485
2018-12-26 22:30:00,4.9,3.85,4.03,20.887796455376165,6.24948300684292,4.1110625
2018-12-26 22:45:00,4.1,3.89,3.96,21.30527231473679,5.151748494229423,3.949818
2018-12-26 23:00:00,3.71,3.89,4.07,20.837634851805777,5.17381216570927,3.97985
2018-12-26 23:15:00,3.74,3.85,4.03,-5.095209118273335,4.328617813707552,3.703443
2018-12-26 23:30:00,3.64,3.64,3.92,-4.846281219678108,5.217197460642899,3.468073
2018-12-26 23:45:00,3.67,3.31,3.96,-4.534047327488519,4.501790414901049,3.5233269
2018-12-27 00:00:00,3.74,3.67,3.89,3.1659246002747885,5.504643791224011,3.459375
2018-12-27 00:15:00,3.64,3.24,4.03,3.5110231659969706,3.9120979132057885,3.3827968
2018-12-27 00:30:00,3.74,3.24,4.03,3.923858264682405,3.9177866597066866,3.3818245
2018-12-27 00:45:00,3.71,3.2,4.0,4.31745568712363,3.9188779751860365,3.431479
2018-12-27 01:00:00,3.71,3.31,4.0,3.955241068247336,3.951235134317723,2.958712
2018-12-27 01:15:00,3.67,3.24,4.0,4.357683334183019,3.9435125261208204,3.0092244
2018-12-27 01:30:00,3.67,3.28,4.1,4.747484640251539,3.9214087125652677,3.3392987
2018-12-27 01:45:00,3.78,3.24,4.0,5.06850723442594,3.832411279511783,3.3571134
2018-12-27 02:00:00,4.18,3.24,4.07,4.545822882535763,3.8432077392124717,3.2919888
2018-12-27 02:15:00,4.86,3.78,4.43,5.187362661660988,3.9260081148656307,3.3107061
2018-12-27 02:30:00,4.21,3.96,5.18,5.836075901687696,3.9975861228351874,3.1021996
2018-12-27 02:45:00,3.71,4.97,4.1,6.144330805189615,4.511451443659077,2.9158487
2018-12-27 03:00:00,3.78,4.36,4.0,5.362526163409054,6.309474614775424,3.5417652
2018-12-27 03:15:00,3.67,3.71,4.1,5.622458836025135,5.357674590480989,3.1759977
2018-12-27 03:30:00,3.71,3.28,4.03,5.835537403099952,4.056993829351605,3.2511349
2018-12-27 03:45:00,3.24,3.31,4.1,6.111061012998764,3.9996826231099436,3.3627434
2018-12-27 04:00:00,3.02,3.28,3.31,5.29291910121378,3.6106323955238184,3.0846124
2018-12-27 04:15:00,2.99,3.28,3.35,5.608039741328636,3.6105417773036184,3.1387677
2018-12-27 04:30:00,2.99,3.2,3.46,5.911986761066007,3.7026759412978056,3.2580528
2018-12-27 04:45:00,2.95,3.24,3.38,6.263144963075657,3.7223001061469394,3.2091322
2018-12-27 05:00:00,2.95,3.28,3.35,5.725923784341898,3.696439459305417,2.923923
2018-12-27 05:15:00,2.95,3.2,3.35,5.855136256042282,3.6408192076121084,2.8399258
2018-12-27 05:30:00,2.95,3.24,3.38,6.0401056097577985,3.6551278682284374,3.1392584
2018-12-27 05:45:00,2.95,3.2,3.38,6.203258658349245,3.666815673110933,3.1341014
2018-12-27 06:00:00,3.42,4.79,3.92,6.034602229460621,4.677433527795374,3.063323
2018-12-27 06:15:00,3.74,4.86,3.67,6.139289453254623,5.524352204539209,5.102458
2018-12-27 06:30:00,4.86,3.92,3.35,5.863113742259454,5.158048586881047,5.416595
2018-12-27 06:45:00,4.21,3.82,4.0,6.141411025944219,7.000006853506505,5.386041
2018-12-27 07:00:00,3.6,3.35,4.03,5.249644233066515,4.993143735346283,5.376067
2018-12-27 07:15:00,2.88,3.17,3.96,5.327313411259691,4.0007874689686105,5.2347574
2018-12-27 07:30:00,3.2,3.42,4.18,5.586790444202951,3.99370294480714,4.3529186
2018-12-27 07:45:00,4.9,4.82,4.79,6.311436800919051,4.812382650645824,5.0713983
2018-12-27 08:00:00,5.65,5.0,5.87,6.048960578161921,5.100184995508987,8.461719
2018-12-27 08:15:00,32.0,34.52,39.49,26.284207676970333,40.96386414484745,39.553825
2018-12-27 08:30:00,52.63,48.06,79.85,45.55251537158276,67.3333796561336,70.20697
2018-12-27 08:45:00,73.66,78.23,66.96,49.45596926183437,75.7130829700922,83.98852
2018-12-27 09:00:00,63.47,51.08,63.14,38.629797249920706,75.29475044923711,76.907745
2018-12-27 09:15:00,56.77,70.99,64.12,62.2950916493016,88.05075189546857,82.17275
2018-12-27 09:30:00,53.93,65.74,64.37,60.2990169463895,89.9476291948296,80.71469
2018-12-27 09:45:00,59.4,52.96,83.16,62.480883246841415,88.13398577315186,79.49611
2018-12-27 10:00:00,76.03,55.44,71.14,57.480632607859064,87.52393020735407,79.29836
2018-12-27 10:15:00,47.81,52.06,58.72,62.612581762929665,90.02710358789878,75.81693
2018-12-27 10:30:00,45.83,57.64,68.72,66.6520768295988,89.19099982481447,78.37153
2018-12-27 10:45:00,52.63,62.21,75.53,69.83741832123673,89.1846745920118,76.5703
2018-12-27 11:00:00,68.69,45.58,77.51,65.9930419873336,88.04496002763193,71.1136
2018-12-27 11:15:00,51.16,54.58,64.4,64.27062813541531,87.13923831033925,78.40062
2018-12-27 11:30:00,51.52,55.15,63.0,63.64388060303246,84.0861588933536,73.503426
2018-12-27 11:45:00,54.83,58.64,71.46,66.30907011155685,84.02942752402605,74.06752
2018-12-27 12:00:00,59.62,31.28,71.06,56.430411021091075,81.75503997096189,61.240368
2018-12-27 12:15:00,13.54,6.77,16.96,18.39026866735024,9.795649910725734,11.865351
2018-12-27 12:30:00,6.62,7.09,7.67,16.359821655701776,10.523622686992216,13.632288
2018-12-27 12:45:00,6.59,6.95,7.49,17.579027583881626,9.650227468399981,13.9372635
2018-12-27 13:00:00,17.82,6.41,6.66,16.992505065588055,8.791359675617604,10.159634
2018-12-27 13:15:00,40.57,20.66,42.7,36.59050734238497,69.29161121307455,44.286587
2018-12-27 13:30:00,43.7,59.9,63.07,55.44842048278852,79.25553513396044,69.883644
2018-12-27 13:45:00,46.84,55.3,71.5,55.31486733725808,83.80767960067104,67.64288
2018-12-27 14:00:00,53.32,51.41,76.9,53.06894469209831,84.43763285524896,66.85977
2018-12-27 14:15:00,55.01,57.02,63.5,52.26959206181061,86.41636948086183,69.512535
2018-12-27 14:30:00,61.74,43.06,78.41,53.22227625258816,85.22503218807917,65.71583
2018-12-27 14:45:00,54.14,41.4,73.4,49.17074201683438,84.96851430910452,65.38428
2018-12-27 15:00:00,53.5,52.92,64.44,50.28204464014624,82.02845993623936,63.06147
2018-12-27 15:15:00,44.75,53.42,60.26,49.500605172293916,81.565027782872,64.013115
2018-12-27 15:30:00,42.95,40.68,58.9,45.00210562599065,81.65415514008502,60.18553
2018-12-27 15:45:00,60.84,40.64,60.59,45.55922198868582,81.75280143724191,61.971428
2018-12-27 16:00:00,63.04,41.47,56.92,44.352343189739656,82.38088897565918,63.846546
2018-12-27 16:15:00,59.58,56.2,60.08,49.94542971353415,84.6278757738008,69.493
2018-12-27 16:30:00,63.22,59.04,58.68,50.94441717428555,85.95398289722033,73.824356
2018-12-27 16:45:00,45.79,54.68,57.56,47.44641796617874,85.3416502520015,67.96195
2018-12-27 17:00:00,41.58,57.67,46.51,43.94507709792511,85.50385312140882,67.14889
2018-12-27 17:15:00,54.58,54.79,58.07,53.35332500557128,85.52404448378509,63.91615
2018-12-27 17:30:00,36.72,34.42,41.22,40.88436745226482,78.56091820746765,43.924488
2018-12-27 17:45:00,29.38,9.5,41.51,32.70124847702934,54.232953965796455,32.417694
2018-12-27 18:00:00,28.48,5.22,24.8,24.19630310110317,16.732948066054092,16.506577
2018-12-27 18:15:00,48.56,5.04,5.44,18.687922460782207,16.824174584763202,18.37104
2018-12-27 18:30:00,53.82,5.04,5.18,19.67906600824404,13.021268549788894,18.691479
2018-12-27 18:45:00,53.5,5.08,5.29,20.023905747516476,13.28228996627035,17.954865
2018-12-27 19:00:00,53.14,5.08,5.29,19.264021549491503,13.422061910612564,17.929874
2018-12-27 19:15:00,51.01,4.68,5.29,19.288140920701135,13.450180133754598,17.84793
2018-12-27 19:30:00,47.99,3.92,4.18,18.991847001271918,12.604721908025356,14.362314
2018-12-27 19:45:00,49.18,3.89,4.07,19.22582232093202,12.147773321756157,12.358152
2018-12-27 20:00:00,50.33,3.85,4.1,18.626887810650658,11.749488473491366,12.048386
2018-12-27 20:15:00,50.04,3.89,4.07,10.855474321142452,16.955359730705922,13.53518
2018-12-27 20:30:00,40.93,3.89,4.18,11.162180847468775,19.001577256067712,13.999954
2018-12-27 20:45:00,14.51,3.96,4.1,11.443805367219372,17.09799832364573,12.180288
2018-12-27 21:00:00,8.35,3.89,4.1,10.821446416497814,16.716278867106237,8.51145
2018-12-27 21:15:00,5.26,3.96,4.14,11.208834513135088,7.442542559494028,8.515554
2018-12-27 21:30:00,5.26,4.0,4.14,11.592206445594307,5.943654711602868,6.177687
2018-12-27 21:45:00,5.26,3.96,4.21,11.813492086181235,5.843951739445973,6.1447725
2018-12-27 22:00:00,4.5,4.07,4.18,11.428853206649485,5.920823610660748,6.4621525
2018-12-27 22:15:00,3.89,4.0,3.85,19.63935212487942,6.124446213637079,5.9210653
2018-12-27 22:30:00,3.85,4.9,3.85,20.20739794107156,5.7274786066528875,5.7616057
2018-12-27 22:45:00,3.82,4.1,4.64,20.512419946736838,5.503943927726467,7.4944234
2018-12-27 23:00:00,3.82,3.71,5.04,20.022025514384456,5.109986645833341,7.987345
2018-12-27 23:15:00,3.82,3.74,4.07,-6.075368621647943,4.113164468117555,5.47906
2018-12-27 23:30:00,3.78,3.64,3.82,-5.789399314168417,4.280591779261604,5.401506
2018-12-27 23:45:00,3.74,3.67,3.85,-5.387029961440842,4.415218869586034,5.369622
2018-12-28 00:00:00,4.82,3.74,3.92,2.959526126323997,6.444127399951123,5.3845215
2018-12-28 00:15:00,3.74,3.64,3.89,3.362268064187223,4.352350286670475,5.409437
2018-12-28 00:30:00,3.78,3.74,3.85,3.787850312415795,3.864491211411746,5.394058
2018-12-28 00:45:00,3.85,3.71,3.89,4.197632004799029,3.8491131724073018,5.3866863
2018-12-28 01:00:00,4.14,3.71,3.89,3.814492758260368,3.7809540292709394,5.3979006
2018-12-28 01:15:00,4.9,3.67,3.96,4.2266441618789194,3.825828170668853,5.3844504
2018-12-28 01:30:00,4.14,3.67,3.89,4.536077663755233,3.957937766892531,5.3454165
2018-12-28 01:45:00,3.82,3.78,3.89,4.955685037085491,3.838241318471544,5.3827233
2018-12-28 02:00:00,3.85,4.18,3.89,4.509601992149637,3.9451978741282696,5.2987556
2018-12-28 02:15:00,3.82,4.86,3.92,5.108835204444436,4.247604228669955,5.289301
2018-12-28 02:30:00,3.82,4.21,3.92,5.252292623365573,5.31026943139299,7.0032024
2018-12-28 02:45:00,3.82,3.71,3.92,5.533772394422666,4.674070850616978,5.708441
2018-12-28 03:00:00,3.82,3.78,3.96,4.9860304862065625,3.821762916987183,5.256829
2018-12-28 03:15:00,3.89,3.67,4.79,5.569636366385755,3.8438958745290144,5.181606
2018-12-28 03:30:00,3.89,3.71,4.5,5.874481869803251,3.92395953149646,5.242862
2018-12-28 03:45:00,3.85,3.24,3.24,5.678150140077239,3.545048054432066,4.947621
2018-12-28 04:00:00,3.82,3.02,3.28,5.1979332531354,3.4556449155049602,4.9986076
2018-12-28 04:15:00,4.07,2.99,3.24,5.516383682990654,3.4494251420515183,4.9858103
2018-12-28 04:30:00,5.04,2.99,3.24,5.844598946435344,3.4985631401743533,5.002317
2018-12-28 04:45:00,4.1,2.95,3.28,6.245115607805406,3.5461621757844903,4.131797
2018-12-28 05:00:00,3.82,2.95,3.28,5.669221282386243,3.56997516706315,4.19431
2018-12-28 05:15:00,3.89,2.95,3.28,5.815129548957213,3.49559501976325,4.0906262
2018-12-28 05:30:00,3.38,2.95,3.2,5.981946876227486,3.612978753330749,4.011084
2018-12-28 05:45:00,3.17,2.95,3.24,6.188223291093738,3.5239227765680563,4.021544
2018-12-28 06:00:00,3.06,3.42,3.2,5.583939247383437,3.618932274439206,4.1741633
2018-12-28 06:15:00,3.06,3.74,3.67,5.8951630500787395,3.8773557135851333,4.184545
2018-12-28 06:30:00,3.1,4.86,3.96,6.340564355116118,4.851255535357502,4.3108134
2018-12-28 06:45:00,3.06,4.21,3.92,6.227594260208182,4.61144481495875,4.3447013
2018-12-28 07:00:00,3.1,3.6,3.89,5.2459376195950576,4.677807788227497,4.2704716
2018-12-28 07:15:00,3.38,2.88,3.67,5.191248602791379,4.584634234147517,4.288539
2018-12-28 07:30:00,4.97,3.2,3.17,5.36596971901999,3.598381851987614,4.202113
2018-12-28 07:45:00,6.7,4.9,5.44,6.490361180332261,4.804528971508361,5.290555
2018-12-28 08:00:00,6.16,5.65,6.77,6.361645138558931,5.134170294302984,5.877406
2018-12-28 08:15:00,35.75,32.0,28.8,22.784786497498832,30.015599987254962,31.75261
2018-12-28 08:30:00,57.78,52.63,54.22,38.90642748915223,66.23147078026597,61.60116
2018-12-28 08:45:00,57.74,73.66,56.41,46.67881166228297,69.57552916433106,65.60857
2018-12-28 09:00:00,66.46,63.47,56.74,40.61192651760305,68.56768390589231,62.229713
2018-12-28 09:15:00,66.82,56.77,43.78,54.14042012913208,76.5201335109038,59.706993
2018-12-28 09:30:00,59.9,53.93,47.52,53.46358950768399,76.68925212569634,62.1147
2018-12-28 09:45:00,63.32,59.4,56.2,57.27654435487774,75.37532166819011,61.44163
2018-12-28 10:00:00,57.17,76.03,51.59,58.83958573543505,76.5606320519167,66.34192
2018-12-28 10:15:00,55.91,47.81,66.64,62.038535442443106,76.97326423320742,58.425957
2018-12-28 10:30:00,62.42,45.83,53.14,58.518554710316366,76.84472345055588,56.688084
2018-12-28 10:45:00,59.72,52.63,58.54,62.039891296322764,76.229204123308,59.483303
2018-12-28 11:00:00,62.71,68.69,73.12,69.92422098405706,76.12864808607893,59.169777
2018-12-28 11:15:00,57.82,51.16,67.79,62.78666301622316,75.4703906211899,60.00899
2018-12-28 11:30:00,64.94,51.52,65.59,61.90126432661354,76.23589861507038,60.047825
2018-12-28 11:45:00,58.97,54.83,57.85,61.011018431631754,76.92517732835309,60.32514
2018-12-28 12:00:00,47.05,59.62,58.9,60.277805954580884,75.50511074632627,50.38074
2018-12-28 12:15:00,10.01,13.54,7.42,18.644540099603375,9.151813497514256,6.88129
2018-12-28 12:30:00,7.81,6.62,8.35,17.132414171818297,7.175086487901289,6.734744
2018-12-28 12:45:00,7.27,6.59,7.67,17.874499290117182,7.127092815698504,6.6498523
2018-12-28 13:00:00,7.31,17.82,7.2,22.33566892425803,8.100206290578283,5.892673
2018-12-28 13:15:00,42.55,40.57,39.74,40.72528955013442,65.77834379807103,34.975636
2018-12-28 13:30:00,56.12,43.7,58.03,48.55012372375131,70.42237319557611,54.84892
2018-12-28 13:45:00,45.0,46.84,63.97,49.47782622681217,73.02986254117745,53.31885
2018-12-28 14:00:00,45.22,53.32,56.34,47.76771308946877,74.66963823057668,49.546894
2018-12-28 14:15:00,42.62,55.01,69.62,52.195698221711666,75.65000291241763,54.115524
2018-12-28 14:30:00,34.2,61.74,60.34,52.62504763068421,77.52142148348202,54.403908
2018-12-28 14:45:00,42.8,54.14,57.74,46.85447338515603,77.2983016571985,52.76965
2018-12-28 15:00:00,48.02,53.5,68.04,49.0663935552422,77.84483926384962,53.077377
2018-12-28 15:15:00,44.6,44.75,67.68,46.619008202162874,77.21677297063975,55.27191
2018-12-28 15:30:00,35.78,42.95,58.32,43.73499992462695,75.18776399183983,52.4079
2018-12-28 15:45:00,32.62,60.84,65.48,51.002700516583715,76.12192470321203,52.640648
2018-12-28 16:00:00,31.39,63.04,63.0,50.46247636194006,76.96763201138083,52.35497
2018-12-28 16:15:00,30.06,59.58,69.73,50.98084989759195,78.7669938745984,56.568977
2018-12-28 16:30:00,30.13,63.22,59.69,51.04464485576585,79.87193208804781,60.06516
2018-12-28 16:45:00,23.58,45.79,63.32,44.32689378984742,77.8539799516626,54.85291
2018-12-28 17:00:00,8.57,41.58,62.32,42.29707979463415,76.58095867342861,52.33964
2018-12-28 17:15:00,9.58,54.58,52.78,51.522947839718114,75.44216883339543,46.37857
2018-12-28 17:30:00,9.14,36.72,45.86,42.37828928464471,72.09815083361954,40.744576
2018-12-28 17:45:00,5.47,29.38,30.78,34.91760687076465,24.85790996694041,13.374458
2018-12-28 18:00:00,5.08,28.48,8.21,27.330354672087303,17.57010220825921,12.577302
2018-12-28 18:15:00,5.08,48.56,5.51,35.1670502696501,39.19420238482455,33.741478
2018-12-28 18:30:00,5.11,53.82,5.4,36.949653410828695,38.51553162264057,37.185974
2018-12-28 18:45:00,5.15,53.5,5.62,36.57393017608672,37.24781633804398,37.145638
2018-12-28 19:00:00,5.15,53.14,5.54,35.49519625006323,37.75046441300796,37.444046
2018-12-28 19:15:00,5.15,51.01,5.54,34.87155210501658,37.52713576594651,37.71806
2018-12-28 19:30:00,5.18,47.99,5.51,34.00502030228371,36.788785619814526,36.325977
2018-12-28 19:45:00,5.22,49.18,5.47,34.83702041898466,36.52793806156381,37.036003
2018-12-28 20:00:00,5.15,50.33,5.54,34.78412656395646,37.14379914280395,34.921444
2018-12-28 20:15:00,5.15,50.04,5.47,26.940637484411678,31.218391205400167,34.01566
2018-12-28 20:30:00,5.18,40.93,5.44,23.624361642174467,33.510257047393814,27.785902
2018-12-28 20:45:00,5.26,14.51,5.47,13.678064241352548,10.617419820397277,16.35446
2018-12-28 21:00:00,5.18,8.35,5.44,11.42924809686162,10.765241443649751,12.28314
2018-12-28 21:15:00,5.15,5.26,5.54,11.737272420000053,9.567751494612791,6.2346582
2018-12-28 21:30:00,5.26,5.26,5.4,13.202886436014268,6.001731309709079,5.567513
2018-12-28 21:45:00,5.26,5.26,5.44,13.741725098261519,6.45059776392767,4.7306404
2018-12-28 22:00:00,5.22,4.5,5.44,13.172720695901628,6.115694630341298,4.5174775
2018-12-28 22:15:00,4.97,3.89,5.18,21.273740984703043,6.90185293730044,6.0510044
2018-12-28 22:30:00,4.97,3.85,5.26,21.688128589365093,5.266632926949956,5.8925347
2018-12-28 22:45:00,4.93,3.82,5.15,22.010387954366106,5.673078262124903,5.812058
2018-12-28 23:00:00,5.04,3.82,5.15,21.511821716919282,4.790741280973113,3.7690816
2018-12-28 23:15:00,4.86,3.82,5.11,-4.310981916610363,3.9431501837105034,3.5421226
2018-12-28 23:30:00,4.86,3.78,4.57,-4.1029318149678,4.30818255678721,3.4969523
2018-12-28 23:45:00,4.86,3.74,4.0,-3.8680940206110854,4.323101078525189,3.5398676
2018-12-29 00:00:00,4.28,4.82,3.31,-6.632771487276646,4.347433062435008,4.4915757
2018-12-29 00:15:00,4.9,3.74,4.0,-6.4445102581221825,4.056300547138511,5.115234
2018-12-29 00:30:00,4.82,3.78,4.0,-6.01823029572137,3.802400810415817,5.108623
2018-12-29 00:45:00,3.85,3.85,4.0,-5.592916861919466,3.785058307734962,5.1051426
2018-12-29 01:00:00,3.74,4.14,4.1,-5.847423328780803,3.425648102215264,5.30756
2018-12-29 01:15:00,3.82,4.9,3.96,-5.235617070826773,3.7905565264546475,4.846883
2018-12-29 01:30:00,3.78,4.14,4.03,-5.152628701319902,4.85867973949784,5.024403
2018-12-29 01:45:00,3.67,3.82,4.03,-4.867724662460585,4.481478409574375,5.0482554
2018-12-29 02:00:00,3.74,3.85,3.96,-5.408652096893714,3.7072373320847714,5.06259
2018-12-29 02:15:00,3.71,3.82,4.07,-4.899433940867883,3.688816975728528,4.8903737
2018-12-29 02:30:00,3.82,3.82,4.07,-4.55634864099088,3.8153259306364795,4.983875
2018-12-29 02:45:00,3.78,3.82,3.67,-4.182557828117151,3.57098596790739,4.8630967
2018-12-29 03:00:00,3.71,3.82,3.31,-4.861855584687792,3.3653443966936423,4.9483576
2018-12-29 03:15:00,3.74,3.89,3.82,-4.4450308773494775,3.7201113543743274,4.8373356
2018-12-29 03:30:00,3.78,3.89,4.07,-4.032090220954604,3.738811266443557,4.8329706
2018-12-29 03:45:00,3.78,3.85,3.42,-3.903326003465576,3.9992479265308725,4.7564697
2018-12-29 04:00:00,3.74,3.82,3.38,-4.487915377882278,4.037132975265741,4.7584157
2018-12-29 04:15:00,3.02,4.07,3.31,-4.1226348240093,4.022341241862568,4.7488437
2018-12-29 04:30:00,3.74,5.04,3.38,-3.511259404736389,4.755515066291319,4.622208
2018-12-29 04:45:00,3.6,4.1,3.35,-3.5182186413555634,5.081323498768469,4.7514386
2018-12-29 05:00:00,3.06,3.82,3.38,-4.170349541363787,5.489853116862409,4.713686
2018-12-29 05:15:00,3.02,3.89,3.42,-3.984562961731033,4.978930441047044,4.6682773
2018-12-29 05:30:00,3.02,3.38,3.96,-3.7996590216926798,4.344793139202375,4.8172936
2018-12-29 05:45:00,2.99,3.17,4.07,-3.608454978397898,3.732719300388535,4.659325
2018-12-29 06:00:00,3.06,3.06,4.07,-4.260584622754944,3.653193083819356,4.541225
2018-12-29 06:15:00,3.06,3.06,4.0,-4.089629372128368,3.605100778191601,4.5354705
2018-12-29 06:30:00,3.67,3.1,3.38,-4.108352364493559,3.406891169580543,4.545433
2018-12-29 06:45:00,3.74,3.06,3.35,-4.027220266263196,3.339837122256186,4.5015855
2018-12-29 07:00:00,3.71,3.1,3.35,-4.879341211913204,3.332472587989947,4.4510846
2018-12-29 07:15:00,3.67,3.38,3.31,-4.874475239724585,3.274766983132159,4.482094
2018-12-29 07:30:00,3.38,4.97,3.85,-4.165719760084553,4.232676030791715,4.6910973
2018-12-29 07:45:00,3.02,6.7,4.03,-3.524276617459879,4.535883051070194,7.264245
2018-12-29 08:00:00,2.92,6.16,3.35,-4.572611633584007,4.663400479459619,7.4044347
2018-12-29 08:15:00,2.95,35.75,3.31,8.976663028681333,37.97979530194595,23.183619
2018-12-29 08:30:00,3.13,57.78,3.24,19.64785209497064,40.95589705368237,34.387398
2018-12-29 08:45:00,3.78,57.74,3.38,22.54042185947307,41.811069584428445,30.250418
2018-12-29 09:00:00,3.24,66.46,3.82,21.197063332748144,40.41536806763831,28.608316
2018-12-29 09:15:00,3.17,66.82,4.28,22.42087204800249,30.58438958335569,8.571952
2018-12-29 09:30:00,3.2,59.9,4.28,19.21105138907193,29.59909476429675,8.878257
2018-12-29 09:45:00,3.31,63.32,4.32,19.37870822579408,31.284773195138296,9.293591
2018-12-29 10:00:00,4.03,57.17,4.21,16.583136210675057,36.61313228268562,9.185502
2018-12-29 10:15:00,4.03,55.91,3.6,14.860208164809501,65.42070199770282,7.919196
2018-12-29 10:30:00,4.03,62.42,3.6,17.54770185887613,65.1400843822627,7.813641
2018-12-29 10:45:00,4.03,59.72,3.6,17.019223491573626,65.48298287302619,8.564599
2018-12-29 11:00:00,6.19,62.71,3.6,16.248677776711972,66.00675631884464,9.948407
2018-12-29 11:15:00,26.17,57.82,3.6,14.584405931399925,65.53232557320139,9.63256
2018-12-29 11:30:00,9.36,64.94,3.6,16.26568679083847,65.52938945802026,8.979332
2018-12-29 11:45:00,3.64,58.97,3.6,14.966591101723912,65.70457703969284,10.444063
2018-12-29 12:00:00,4.14,47.05,3.6,7.243255028944784,66.57031501039273,9.201609
2018-12-29 12:15:00,3.78,10.01,3.71,-11.242550505186681,5.241365582123733,8.304332
2018-12-29 12:30:00,3.46,7.81,4.39,-11.277834685544075,4.8866357019115725,8.221892
2018-12-29 12:45:00,3.42,7.27,4.1,-10.347068380248931,4.8664934953975925,8.289681
2018-12-29 13:00:00,3.42,7.31,3.71,-8.994651928941646,4.8916500662466635,8.1041155
2018-12-29 13:15:00,4.1,42.55,4.28,5.531133860754057,62.985233166340805,9.490916
2018-12-29 13:30:00,4.14,56.12,4.25,12.549111822780793,64.70593299619505,9.7891445
2018-12-29 13:45:00,4.07,45.0,4.25,7.1998107049922275,65.30800869784134,9.077527
2018-12-29 14:00:00,4.03,45.22,4.21,6.048598499360875,66.51724668575712,9.641523
2018-12-29 14:15:00,3.92,42.62,3.67,5.989371165507077,66.62540446612492,9.372274
2018-12-29 14:30:00,3.31,34.2,3.46,5.008229990910085,71.44421510030823,9.662067
2018-12-29 14:45:00,3.35,42.8,3.49,4.359834427671135,68.9604138340205,9.229347
2018-12-29 15:00:00,3.31,48.02,3.53,6.195321311248595,68.50750510469926,8.978778
2018-12-29 15:15:00,3.31,44.6,3.56,4.8877290099855095,68.41346401282817,9.059836
2018-12-29 15:30:00,3.31,35.78,3.53,1.38183641319225,68.31575936895354,8.898639
2018-12-29 15:45:00,3.35,32.62,3.56,1.0049009674809462,70.59449649251373,9.11986
2018-12-29 16:00:00,3.49,31.39,3.56,0.9472071679796166,70.85050405874878,9.115905
2018-12-29 16:15:00,4.1,30.06,3.49,1.8760626431678595,71.1642716735389,9.112879
2018-12-29 16:30:00,3.71,30.13,3.53,4.670255542180332,71.33519872806096,9.032255
2018-12-29 16:45:00,3.67,23.58,3.56,-0.9354143856005201,4.505323563727976,8.20433
2018-12-29 17:00:00,4.1,8.57,4.68,-5.103514345490449,4.378806147832747,7.3833413
2018-12-29 17:15:00,4.07,9.58,5.44,-4.026368105661714,4.329379463184611,7.418255
2018-12-29 17:30:00,4.07,9.14,4.46,-8.833983951713815,4.545742435805293,7.2591605
2018-12-29 17:45:00,4.1,5.47,4.28,-12.475062115089639,5.9453350725250225,7.8381824
2018-12-29 18:00:00,3.56,5.08,4.07,-13.572640565710213,6.13453897910489,8.021835
2018-12-29 18:15:00,3.31,5.08,3.6,-10.826356059468306,5.561702344999713,5.933535
2018-12-29 18:30:00,3.24,5.11,3.67,-9.879238093383659,4.6199311323123675,5.3124585
2018-12-29 18:45:00,3.35,5.15,3.67,-9.79265063390594,4.632711900993404,5.0629897
2018-12-29 19:00:00,3.31,5.15,3.71,-10.600810815653961,4.628934551784278,5.061303
2018-12-29 19:15:00,3.35,5.15,3.74,-10.723188316215701,4.8583468689493206,5.757595
2018-12-29 19:30:00,3.35,5.18,3.71,-10.956265163298927,5.429107216410463,6.0731235
2018-12-29 19:45:00,3.31,5.22,3.74,-10.599395864969917,5.423187656873143,5.020436
2018-12-29 20:00:00,3.71,5.15,3.67,-11.173087020184642,5.307545902211322,4.945513
2018-12-29 20:15:00,4.36,5.15,3.67,-10.993961175066257,5.385688320939649,4.991161
2018-12-29 20:30:00,4.28,5.18,3.67,-11.951518013603813,6.06406926814712,5.1117187
2018-12-29 20:45:00,4.14,5.26,3.67,-15.14877647920525,5.841755398094247,5.0434885
2018-12-29 21:00:00,4.1,5.18,4.18,-16.458706851922788,6.004632720164139,4.886885
2018-12-29 21:15:00,4.07,5.15,4.61,-16.351779468847443,5.884423246759581,5.1861186
2018-12-29 21:30:00,3.85,5.26,5.51,-15.752055649566788,4.6076873531521425,5.1452947
2018-12-29 21:45:00,3.46,5.26,4.43,-15.721947413972298,4.471706744872688,5.1871977
2018-12-29 22:00:00,3.31,5.22,4.1,-16.289304173406325,4.340726170765883,4.6681437
2018-12-29 22:15:00,3.13,4.97,3.46,-16.208330913582014,4.941894822929645,4.6567187
2018-12-29 22:30:00,3.13,4.97,3.38,-15.81022837501843,4.5463219773837364,4.604905
2018-12-29 22:45:00,3.13,4.93,3.42,-15.521006313772727,4.7825819326956385,4.5849743
2018-12-29 23:00:00,3.17,5.04,3.38,-16.018458643801427,4.29783246895166,4.462107
2018-12-29 23:15:00,3.06,4.86,3.35,-15.696685490855327,4.305972039650703,4.5831304
2018-12-29 23:30:00,2.99,4.86,3.31,-15.300707219228965,4.709034399227673,4.5805674
2018-12-29 23:45:00,3.42,4.86,3.31,-14.883867110950707,5.387815614099215,4.5703588
2018-12-30 00:00:00,3.1,4.28,3.78,-8.300113520817039,5.435015173278018,6.8606496
2018-12-30 00:15:00,3.92,4.9,3.31,-7.82472246870697,6.797027003056129,5.1230574
2018-12-30 00:30:00,3.82,4.82,3.35,-7.433836835942369,6.439325501544158,5.154096
2018-12-30 00:45:00,3.74,3.85,3.42,-7.332558475348737,6.156038785176962,4.8902283
2018-12-30 01:00:00,3.78,3.74,4.93,-7.421754608224713,4.082663220583718,4.9518948
2018-12-30 01:15:00,3.42,3.82,4.93,-6.904780662567735,3.512238886122137,5.0804834
2018-12-30 01:30:00,3.17,3.78,4.14,-6.777376299318629,3.5634887050165784,5.0529833
2018-12-30 01:45:00,3.02,3.67,4.07,-6.443173587744457,3.501763484570206,5.010554
2018-12-30 02:00:00,3.1,3.74,3.49,-7.0616561353320115,3.383623863351689,4.9696035
2018-12-30 02:15:00,3.06,3.71,3.46,-6.585254199049334,3.304485541118134,4.9405994
2018-12-30 02:30:00,3.1,3.82,3.49,-6.249482233676861,3.4964860301893705,4.97219
2018-12-30 02:45:00,3.13,3.78,3.42,-5.815618746136405,3.2935862694799636,4.8544583
2018-12-30 03:00:00,3.1,3.71,3.42,-6.44664561333143,3.4397939738486243,4.883482
2018-12-30 03:15:00,3.13,3.74,3.46,-6.134394277847594,3.3196917183923933,4.8766985
2018-12-30 03:30:00,3.6,3.78,3.42,-5.791523856285384,3.424229675275479,4.8200827
2018-12-30 03:45:00,4.86,3.78,3.53,-5.469076502911403,3.8639755358646366,4.8486195
2018-12-30 04:00:00,3.85,3.74,3.46,-6.0697638676546966,3.840714910473568,4.850385
2018-12-30 04:15:00,3.82,3.02,3.42,-5.8990989689335755,3.2877391730482155,4.88706
2018-12-30 04:30:00,3.82,3.74,3.6,-5.327953386006033,3.427584240191097,4.8313813
2018-12-30 04:45:00,3.46,3.6,4.14,-5.0009236155775945,3.4699117919909046,4.941985
2018-12-30 05:00:00,3.17,3.06,5.18,-5.482093723018242,3.4714392197609034,3.2931707
2018-12-30 05:15:00,3.13,3.02,4.64,-5.445622784190629,3.398150783980158,3.3333895
2018-12-30 05:30:00,3.1,3.02,4.1,-5.418648777993578,3.288159510515113,3.3193896
2018-12-30 05:45:00,3.1,2.99,3.49,-5.310780692083558,3.2069374791190493,3.1867597
2018-12-30 06:00:00,3.1,3.06,3.38,-5.898111858462361,3.227713683936579,3.1846848
2018-12-30 06:15:00,3.13,3.06,3.35,-5.730014745563327,3.1908618233929613,3.1760073
2018-12-30 06:30:00,3.13,3.67,3.46,-5.435535643497065,3.2722621364906366,3.1195645
2018-12-30 06:45:00,3.1,3.74,3.38,-5.377268564547183,3.303874996999653,3.1255817
2018-12-30 07:00:00,3.82,3.71,3.38,-6.263325435192396,3.2722147055814097,3.1002111
2018-12-30 07:15:00,4.36,3.67,3.38,-6.194941788436207,3.7389902555599237,4.7111087
2018-12-30 07:30:00,4.97,3.38,3.38,-6.036451769449062,3.253724606933431,4.7468905
2018-12-30 07:45:00,3.96,3.02,3.42,-5.755052656610655,3.2789867397648216,4.809867
2018-12-30 08:00:00,3.46,2.92,3.49,-6.3926564197590885,3.2739202278328294,4.8309827
2018-12-30 08:15:00,3.06,2.95,4.07,1.3347921454581346,4.040445601626911,5.0192003
2018-12-30 08:30:00,3.06,3.13,4.97,8.418578038820737,3.6671415619219125,4.9957166
2018-12-30 08:45:00,3.17,3.78,4.82,13.139469226733537,3.492711740105417,5.5587835
2018-12-30 09:00:00,3.28,3.24,4.28,9.698422829937677,3.4187235207875393,5.3380585
2018-12-30 09:15:00,3.35,3.17,3.92,10.847100262747379,3.2324643912648203,3.8304207
2018-12-30 09:30:00,3.38,3.2,3.71,9.339532857744906,3.230526085266039,4.438768
2018-12-30 09:45:00,3.35,3.31,3.64,8.822823570470096,3.2377033154416006,4.6357727
2018-12-30 10:00:00,3.46,4.03,3.64,7.9744067845726825,3.2607936739697316,5.1270595
2018-12-30 10:15:00,3.38,4.03,3.67,5.351312100859477,3.257631032099326,3.956566
2018-12-30 10:30:00,4.0,4.03,3.71,6.217513588081967,3.2501949384150417,4.152447
2018-12-30 10:45:00,4.1,4.03,3.71,6.502356437150727,3.251657846266822,8.509852
2018-12-30 11:00:00,4.1,6.19,3.74,5.837535277691291,3.3242651227374926,3.8606236
2018-12-30 11:15:00,4.28,26.17,3.78,8.104860470317103,5.832566223963247,3.6459377
2018-12-30 11:30:00,4.61,9.36,3.71,4.529983400977134,4.184833053097489,3.8700883
2018-12-30 11:45:00,3.56,3.64,3.74,3.9846840493979236,3.213847221511653,4.974868
2018-12-30 12:00:00,3.42,4.14,3.96,-0.4242629364479278,3.2250324627823814,6.1807737
2018-12-30 12:15:00,3.46,3.78,4.86,-10.250839284871706,6.607526838554255,3.953453
2018-12-30 12:30:00,3.46,3.46,5.54,-10.914430630313841,3.3706569020917314,3.4512486
2018-12-30 12:45:00,3.31,3.42,4.54,-11.312455315620152,3.277002358544901,3.45532
2018-12-30 13:00:00,3.28,3.42,4.36,-10.940291749665878,3.2401808696059424,3.4204888
2018-12-30 13:15:00,3.2,4.1,3.67,-4.038846136727766,3.2623896470267066,4.221431
2018-12-30 13:30:00,3.24,4.14,3.67,0.8706188501904428,3.2612170152484765,7.5922976
2018-12-30 13:45:00,3.24,4.07,3.67,-0.7434168056277137,3.252252825376989,5.234057
2018-12-30 14:00:00,4.03,4.03,3.67,-1.4122628922049536,3.25031839447573,5.1681757
2018-12-30 14:15:00,4.0,3.92,3.71,-0.6632186946458098,3.236909022387084,5.1210747
2018-12-30 14:30:00,4.03,3.31,3.67,0.2932983660692976,3.2246721236062212,5.031733
2018-12-30 14:45:00,4.82,3.35,3.67,-3.0000033747104204,3.225862140030367,5.109318
2018-12-30 15:00:00,4.1,3.31,3.67,-2.4276630800008157,3.22796071816971,5.193988
2018-12-30 15:15:00,3.31,3.31,3.64,-2.8384789486892252,3.2304327400101114,6.3182654
2018-12-30 15:30:00,3.24,3.31,3.67,-3.9384296006802195,3.2332589857828746,5.0370154
2018-12-30 15:45:00,3.24,3.35,3.74,-2.927128673197668,3.2344593310543543,5.327845
2018-12-30 16:00:00,3.35,3.49,4.36,-2.7822241835446313,3.2338812667778383,5.6265817
2018-12-30 16:15:00,3.31,4.1,4.36,-1.9365557214942903,3.2801386203539575,5.0507774
2018-12-30 16:30:00,3.35,3.71,5.0,0.982288571061364,3.24697682594175,4.4857454
2018-12-30 16:45:00,3.24,3.67,5.33,-3.54512872383113,3.259896476304998,3.9430923
2018-12-30 17:00:00,3.24,4.1,3.6,-4.532277678455873,3.28154458366236,3.7815962
2018-12-30 17:15:00,3.42,4.07,3.56,-3.7884595040427804,3.271303296195512,3.6598773
2018-12-30 17:30:00,4.0,4.07,3.6,-9.484338710972917,3.4027017444667202,3.502932
2018-12-30 17:45:00,4.75,4.1,3.67,-12.884103505749,3.46461748883789,3.917553
2018-12-30 18:00:00,4.68,3.56,3.49,-14.063058898242591,3.3459268300766003,3.9483929
2018-12-30 18:15:00,3.89,3.31,3.49,-10.629174371800271,3.352553179563197,3.6663356
2018-12-30 18:30:00,3.53,3.24,3.49,-9.616282992190857,3.272319988152142,3.6674843
2018-12-30 18:45:00,3.2,3.35,3.64,-9.445828113834882,3.2638157703183954,3.629006
2018-12-30 19:00:00,3.28,3.31,3.64,-10.235721105343753,3.261031548043374,3.6682158
2018-12-30 19:15:00,3.24,3.35,4.03,-10.315977336629917,3.332037049873332,3.2905688
2018-12-30 19:30:00,3.24,3.35,4.25,-10.580341829338533,3.339068417693797,3.422781
2018-12-30 19:45:00,3.2,3.31,4.28,-10.163367953653616,3.3434287880429,3.4317331
2018-12-30 20:00:00,3.24,3.71,4.25,-10.5553251925211,3.3978028331833485,3.3859525
2018-12-30 20:15:00,3.31,4.36,4.0,-10.28111780011076,3.8787708288771365,3.2445483
2018-12-30 20:30:00,3.24,4.28,3.49,-11.68345324569179,3.9326483197512045,3.1178913
2018-12-30 20:45:00,3.78,4.14,4.21,-15.732389692371168,3.7964903550270575,4.361785
2018-12-30 21:00:00,4.32,4.1,4.14,-17.362286794650547,6.10607250059098,4.191458
2018-12-30 21:15:00,4.07,4.07,3.49,-17.59684942048177,3.3882481121242716,4.2920275
2018-12-30 21:30:00,4.07,3.85,3.42,-17.33292090010791,3.2262683779019157,3.1035666
2018-12-30 21:45:00,4.03,3.46,3.46,-17.05596255961061,3.217418078021668,3.1110845
2018-12-30 22:00:00,4.0,3.31,3.53,-17.5703175965641,3.2216500903223624,3.1586833
2018-12-30 22:15:00,3.2,3.13,3.2,-17.417378840373363,3.2033107429360665,3.0280733
2018-12-30 22:30:00,2.99,3.13,3.2,-16.99153040534497,3.170376287001491,2.9535832
2018-12-30 22:45:00,3.1,3.13,3.2,-16.699448496438276,3.167112719351806,2.9994016
2018-12-30 23:00:00,3.02,3.17,3.96,-17.062066319298427,3.3294865222581724,3.020873
2018-12-30 23:15:00,2.95,3.06,4.0,-16.69551526719815,3.3745494966533545,3.041726
2018-12-30 23:30:00,2.99,2.99,4.0,-16.311765082716423,3.3893013962273053,3.0081768
2018-12-30 23:45:00,2.92,3.42,4.0,-15.842035261710325,3.396406654460574,2.978807
2018-12-31 00:00:00,3.67,3.1,3.78,6.411816082319735,5.310507762907909,3.6189327
2018-12-31 00:15:00,3.64,3.92,3.35,6.838679129922237,3.842649883884297,3.3311505
2018-12-31 00:30:00,3.31,3.82,3.38,7.202684110281101,3.79538929509617,3.3782191
2018-12-31 00:45:00,3.49,3.74,3.38,7.517957491637599,3.8621063912462517,3.3174586
2018-12-31 01:00:00,3.71,3.78,3.96,7.159269706150429,3.906271139573519,3.4223094
2018-12-31 01:15:00,3.78,3.42,3.89,7.571748280895097,3.8398820931161306,3.482881
2018-12-31 01:30:00,3.71,3.17,3.38,7.719461763042407,3.5566300417864416,3.243433
2018-12-31 01:45:00,3.67,3.02,3.35,8.098570625021718,3.5614640468736742,3.1647115
2018-12-31 02:00:00,3.02,3.1,3.49,7.668197482478778,3.656174969815178,3.2826924
2018-12-31 02:15:00,2.99,3.06,3.38,8.126390950163913,3.709873004769905,3.3230548
2018-12-31 02:30:00,3.06,3.1,3.42,8.452955746736006,3.6365539069491954,3.2969685
2018-12-31 02:45:00,3.02,3.13,4.0,9.027732215427083,3.771917804595671,3.4334788
2018-12-31 03:00:00,3.06,3.1,4.07,8.430922160087757,3.7614879351149866,3.3639216
2018-12-31 03:15:00,3.02,3.13,4.14,8.74782802919243,3.774287394973002,3.3759985
2018-12-31 03:30:00,3.46,3.6,4.1,9.147898551629954,3.9074679941874515,3.329361
2018-12-31 03:45:00,3.74,4.86,3.96,9.786372755238393,4.595905495592228,3.552783
2018-12-31 04:00:00,3.06,3.85,3.35,8.733288431103464,4.4262716036885905,3.3718972
2018-12-31 04:15:00,3.74,3.82,3.38,9.070767037898488,4.570888910514301,3.2494857
2018-12-31 04:30:00,3.74,3.82,3.64,9.475562034017269,4.187288091230339,3.4505181
2018-12-31 04:45:00,3.78,3.46,4.07,9.696332941359376,4.90218247707304,3.3023467
2018-12-31 05:00:00,3.78,3.17,3.42,8.748910846566066,3.3723052937330467,3.1087554
2018-12-31 05:15:00,3.56,3.13,3.31,8.963446508419114,3.215510401092043,2.9645379
2018-12-31 05:30:00,2.99,3.1,3.35,9.149117496592734,3.2017094142877425,3.003506
2018-12-31 05:45:00,3.02,3.1,3.35,9.42059953115277,3.2111686303754734,3.0546858
2018-12-31 06:00:00,2.95,3.1,3.35,8.8519951075824,3.5448620426713267,3.136985
2018-12-31 06:15:00,3.02,3.13,3.38,9.040033886697746,3.549994620074018,3.166178
2018-12-31 06:30:00,2.99,3.13,3.6,9.219421544504225,3.777686071676641,3.2778492
2018-12-31 06:45:00,3.02,3.1,4.03,9.373534812675693,3.770784590196881,3.286775
2018-12-31 07:00:00,3.74,3.82,4.0,8.657296891698305,3.8775172301026997,3.3756003
2018-12-31 07:15:00,3.17,4.36,3.96,8.901407853390626,4.113748311750796,3.1046028
2018-12-31 07:30:00,2.95,4.97,4.54,9.41410771596789,4.501449271146342,3.6807475
2018-12-31 07:45:00,3.56,3.96,5.36,9.643174960776129,6.567854261044623,6.2991405
2018-12-31 08:00:00,3.64,3.46,6.52,9.041323496897885,5.063766951847639,7.0755997
2018-12-31 08:15:00,3.6,3.06,21.89,20.739052788157707,24.99826265429637,15.448407
2018-12-31 08:30:00,3.74,3.06,59.62,36.08838277912568,57.20674370913838,35.33129
2018-12-31 08:45:00,3.74,3.17,64.58,41.760024416020045,65.6856690050504,54.276207
2018-12-31 09:00:00,3.06,3.28,67.18,39.45217182036777,63.77797613487216,50.252846
2018-12-31 09:15:00,3.17,3.35,69.44,41.140092409059505,3.964130825445856,31.471172
2018-12-31 09:30:00,3.13,3.38,65.38,38.63941323471086,3.9359120129641862,30.884575
2018-12-31 09:45:00,3.17,3.35,67.0,38.57245169709451,3.8950983797509102,29.753
2018-12-31 10:00:00,3.24,3.46,56.27,35.24385624968292,3.4664102412809683,15.884857
2018-12-31 10:15:00,3.2,3.38,54.18,32.19937503657309,3.569213996933278,10.8661785
2018-12-31 10:30:00,4.03,4.0,58.39,34.280699080453125,3.4255852203589323,10.838027
2018-12-31 10:45:00,3.67,4.1,54.86,33.808534590033574,3.392095786060878,11.738472
2018-12-31 11:00:00,3.35,4.1,54.18,32.635770149909334,3.3934260705488155,10.052611
2018-12-31 11:15:00,3.35,4.28,55.55,30.89884240474133,3.4762666730089298,12.2828245
2018-12-31 11:30:00,3.82,4.61,53.21,31.773163123943306,3.401448914327206,11.76958
2018-12-31 11:45:00,4.0,3.56,53.03,32.29988733449495,3.4337960191449457,12.407
2018-12-31 12:00:00,4.07,3.42,40.64,24.803285156133263,3.4219111441912604,7.3156643
2018-12-31 12:15:00,4.03,3.46,6.91,6.154153589683549,4.8884690485835955,4.477219
2018-12-31 12:30:00,4.1,3.46,6.91,5.2053552696898,4.7272678238394255,4.3249025
2018-12-31 12:45:00,3.35,3.31,6.48,4.88529426933972,4.580677661181757,4.154176
2018-12-31 13:00:00,3.35,3.28,6.12,5.168692183369057,4.654212066866822,4.101135
2018-12-31 13:15:00,3.35,3.2,34.49,18.997799168187562,4.201202809419443,4.9249587
2018-12-31 13:30:00,3.31,3.24,46.98,26.716424103424337,3.44382485080189,11.668079
2018-12-31 13:45:00,3.31,3.24,38.2,23.009449398223715,3.58400629489143,8.140453
2018-12-31 14:00:00,3.35,4.03,37.84,22.4302577698326,3.591029621890459,7.7488794
2018-12-31 14:15:00,3.35,4.0,43.45,24.23919900761794,3.545456602979444,10.904663
2018-12-31 14:30:00,3.56,4.03,63.9,29.173755416906893,3.4231544558581732,8.09228
2018-12-31 14:45:00,4.07,4.82,38.48,21.196842594954337,3.5761091058306884,7.1970906
2018-12-31 15:00:00,3.53,4.1,38.12,21.680879711053866,3.5812580869994446,8.339303
2018-12-31 15:15:00,3.42,3.31,45.25,22.204810973885966,3.579880457242238,13.569665
2018-12-31 15:30:00,4.07,3.24,51.12,21.89561534451188,3.5781263958861085,9.659728
2018-12-31 15:45:00,4.07,3.24,45.72,21.717749206414187,3.433697362289808,9.038556
2018-12-31 16:00:00,4.03,3.35,51.7,22.92469575397576,3.4359746934994755,9.890138
2018-12-31 16:15:00,4.07,3.31,47.2,22.69316656856496,3.4452234375764874,8.16615
2018-12-31 16:30:00,3.92,3.35,69.55,30.0177168083978,3.4395567417778685,8.213615
2018-12-31 16:45:00,3.31,3.24,44.82,20.256896254627236,3.5955968225732304,9.188344
2018-12-31 17:00:00,3.31,3.24,40.86,18.09450462867295,3.569021149217647,6.520214
2018-12-31 17:15:00,3.35,3.42,33.66,17.478657220198365,24.779770419322098,5.4287515
2018-12-31 17:30:00,3.31,4.0,9.86,7.0915938031831836,26.963333782055848,6.24305
2018-12-31 17:45:00,3.46,4.75,6.73,3.0472289012437095,6.679130453322049,7.3122344
2018-12-31 18:00:00,3.42,4.68,5.29,1.7105069916898508,8.418300038160108,7.0054846
2018-12-31 18:15:00,3.35,3.89,5.22,5.002531857944636,15.295539053549104,8.575494
2018-12-31 18:30:00,3.82,3.53,5.18,5.9345421399849805,32.595160693276675,7.4636436
2018-12-31 18:45:00,4.14,3.2,5.33,6.012278652642788,21.11910864384537,8.238501
2018-12-31 19:00:00,3.49,3.28,5.04,5.226146045973945,26.11324525421528,8.398827
2018-12-31 19:15:00,3.96,3.24,4.14,4.889645756773998,16.99390341444195,9.567833
2018-12-31 19:30:00,4.14,3.24,4.18,4.602880589507084,11.318690429315096,7.5758224
2018-12-31 19:45:00,4.21,3.2,4.1,5.003038731715048,11.593078840433037,9.593583
2018-12-31 20:00:00,4.14,3.24,4.18,4.548963852700776,12.626123268940166,9.599284
2018-12-31 20:15:00,4.18,3.31,4.1,4.723214196072025,12.908811539459876,9.593658
2018-12-31 20:30:00,3.38,3.24,4.14,3.456065227326821,6.31981558326824,6.4685655
2018-12-31 20:45:00,3.42,3.78,4.21,-0.5620758673979971,4.760653990990715,6.413968
2018-12-31 21:00:00,3.42,4.32,4.18,-2.0786354095188493,4.996677017466004,5.1696343
2018-12-31 21:15:00,3.42,4.07,4.18,-2.272815716683535,4.226916469039862,5.3710537
2018-12-31 21:30:00,3.49,4.07,4.14,-1.970292934649688,4.070664206133002,3.4959278
2018-12-31 21:45:00,3.42,4.03,4.18,-1.5971209579229217,4.066424096193619,3.3904114
2018-12-31 22:00:00,3.42,4.0,5.4,-1.8412748558054481,4.191100849094247,3.2483459
2018-12-31 22:15:00,3.24,3.2,4.5,-1.953208659634445,4.237654286980199,3.7774873
2018-12-31 22:30:00,3.67,2.99,3.92,-1.6768194641361198,3.988386702105551,3.7132454
2018-12-31 22:45:00,3.82,3.1,3.89,-1.3600029108539822,3.962132618924762,3.7534556
2018-12-31 23:00:00,3.85,3.02,3.85,-1.8666470584630623,3.9068658431848076,3.751196
2018-12-31 23:15:00,3.74,2.95,3.85,-1.4594624745477809,3.9480593851361148,3.726662
2018-12-31 23:30:00,3.78,2.99,3.82,-1.067463402787201,3.9587856230595873,3.7459662
2018-12-31 23:45:00,3.78,2.92,3.85,-0.672611722977468,4.052566691138937,3.7069535
