date,actual,Naive (persistence),Seasonal naive (24h),Seasonal naive (7 ngày),Linear Regression,Random Forest,XGBoost
2018-12-01 00:00:00,3.35,3.82,3.96,3.02,2.046329011710771,11.219105203786366,3.4736772
2018-12-01 00:15:00,3.89,3.35,4.07,3.49,2.0644092062800965,3.3438065126645826,3.5320506
2018-12-01 00:30:00,3.85,3.89,4.0,3.56,2.7586079891403834,3.885400957096673,3.8949804
2018-12-01 00:45:00,3.89,3.85,4.0,3.56,3.0349180162778637,3.824084245677816,3.8179002
2018-12-01 01:00:00,3.89,3.89,4.0,3.56,2.6994623333990546,3.7229212878140956,3.6360736
2018-12-01 01:15:00,4.03,3.89,4.97,3.6,3.0033492607769503,3.8664385247443316,3.847107
2018-12-01 01:30:00,3.89,4.03,5.18,3.56,3.430274065177695,4.001182554525555,3.94332
2018-12-01 01:45:00,3.92,3.89,4.0,3.49,3.541666993070276,3.8665377345373826,3.8513
2018-12-01 02:00:00,3.92,3.92,4.0,3.56,3.185481687382044,3.891046037140186,3.9040391
2018-12-01 02:15:00,3.96,3.92,4.1,3.6,3.482279797558803,3.9427351692164825,3.9390652
2018-12-01 02:30:00,4.03,3.96,4.1,3.6,3.7990041066339373,3.945237948659596,3.909061
2018-12-01 02:45:00,4.14,4.03,4.07,3.56,4.183049078931557,4.005563696925484,3.9803007
2018-12-01 03:00:00,5.08,4.14,3.85,3.56,3.8378177303839003,4.109277110379747,4.017041
2018-12-01 03:15:00,4.72,5.08,3.46,3.64,4.7218661033106635,4.479596437512598,3.9260867
2018-12-01 03:30:00,3.96,4.72,3.42,3.56,4.708984213232316,4.369135078964376,4.006308
2018-12-01 03:45:00,3.92,3.96,3.46,3.89,4.463584735963497,3.9395334031072,3.9425771
2018-12-01 04:00:00,3.35,3.92,3.42,4.79,4.022663559513987,3.939727504440635,4.0313945
2018-12-01 04:15:00,3.28,3.35,3.42,4.25,3.8203072886927316,3.3463609944068926,3.3197768
2018-12-01 04:30:00,3.35,3.28,3.46,3.64,3.9548328772238257,3.324561153098473,3.320019
2018-12-01 04:45:00,3.24,3.35,3.46,3.6,4.203908838112113,3.355153777713393,3.2479565
2018-12-01 05:00:00,3.31,3.24,3.46,3.13,3.6492223043825227,3.3395264672137928,3.2468383
2018-12-01 05:15:00,3.31,3.31,3.46,3.02,3.8842423646565614,3.3483311299801626,3.297996
2018-12-01 05:30:00,3.28,3.31,3.92,3.02,4.0903608461341925,3.3478205717771647,3.3106132
2018-12-01 05:45:00,3.28,3.28,4.93,3.1,4.316327348138135,3.3450435265888276,3.3149757
2018-12-01 06:00:00,3.2,3.28,5.11,3.02,3.8877963876671124,3.3445020392587916,3.3504086
2018-12-01 06:15:00,3.46,3.2,3.67,3.06,3.9178307131071897,3.288931253008912,3.2213368
2018-12-01 06:30:00,4.03,3.46,3.42,3.02,4.274491105559459,3.419972790025746,3.436251
2018-12-01 06:45:00,3.89,4.03,3.31,3.02,4.764230121321667,3.5433761435906415,3.436702
2018-12-01 07:00:00,3.89,3.89,3.35,3.1,4.135395210280656,3.579665491675894,3.5823581
2018-12-01 07:15:00,4.46,3.89,3.28,3.64,4.275837499456795,3.75883613532435,3.6706693
2018-12-01 07:30:00,3.67,4.46,3.74,3.71,4.8295617635369865,4.485669762752627,4.1477647
2018-12-01 07:45:00,3.46,3.67,5.22,3.53,4.593840813704585,4.546905548581041,3.7486813
2018-12-01 08:00:00,3.46,3.46,5.33,3.35,3.9316625968836654,4.668742048525862,3.6565711
2018-12-01 08:15:00,3.71,3.46,35.57,3.92,10.212715455556904,18.87930870015991,22.439152
2018-12-01 08:30:00,4.72,3.71,62.71,3.13,15.132057025218359,4.149576544459176,6.137948
2018-12-01 08:45:00,4.46,4.72,63.18,3.2,16.58259791943736,5.522192536538886,4.9723806
2018-12-01 09:00:00,5.22,4.46,68.11,3.24,17.750503386321228,5.041860024760304,4.130356
2018-12-01 09:15:00,28.58,5.22,51.48,3.38,15.832241777590314,5.1373179516204726,7.4976206
2018-12-01 09:30:00,30.56,28.58,57.67,3.42,35.597917509670246,33.62618228137859,42.901814
2018-12-01 09:45:00,28.08,30.56,59.26,3.38,39.60295438595848,32.589784121402474,34.420307
2018-12-01 10:00:00,28.58,28.08,63.22,3.46,35.57917497502806,27.578117398746773,28.335941
2018-12-01 10:15:00,28.73,28.58,49.21,3.42,32.55503973186024,29.309819022577038,26.708765
2018-12-01 10:30:00,29.56,28.73,60.34,3.74,34.00621881472094,30.165769307564855,30.31357
2018-12-01 10:45:00,30.06,29.56,73.26,3.85,34.99348455015391,31.24708416854803,31.99024
2018-12-01 11:00:00,29.2,30.06,60.34,3.92,33.88701893164125,31.456513943315738,31.340622
2018-12-01 11:15:00,27.94,29.2,69.62,3.78,33.438569161909676,31.07770018918241,31.07469
2018-12-01 11:30:00,27.94,27.94,54.18,3.24,32.215329146673774,27.06084155354348,27.295927
2018-12-01 11:45:00,25.63,27.94,49.32,3.28,31.565805764036824,27.683227726056206,26.002821
2018-12-01 12:00:00,3.64,25.63,61.06,3.78,28.100116564013735,20.901248794159017,11.931344
2018-12-01 12:15:00,3.85,3.64,5.65,4.18,2.7557650868400962,4.046718224601428,3.3613133
2018-12-01 12:30:00,3.71,3.85,6.34,3.46,2.5434125094860143,4.027335858275034,3.893155
2018-12-01 12:45:00,3.74,3.71,6.48,3.35,1.9364876479051851,4.025783574707248,3.8433256
2018-12-01 13:00:00,3.71,3.74,6.41,3.46,1.1019515684474506,4.479126855342847,5.5149107
2018-12-01 13:15:00,11.3,3.71,41.76,3.89,9.65377815501554,14.519339511394964,10.82034
2018-12-01 13:30:00,27.29,11.3,62.96,5.72,20.586574460751304,29.454729413987366,22.651669
2018-12-01 13:45:00,26.86,27.29,50.72,5.83,32.727225264221445,31.73923210526294,29.24525
2018-12-01 14:00:00,25.31,26.86,48.24,5.26,30.602458483575127,27.272248048323846,26.659977
2018-12-01 14:15:00,26.21,25.31,50.29,4.57,28.221711581204353,25.06460277938789,18.333942
2018-12-01 14:30:00,26.28,26.21,51.77,4.57,26.198916780145883,24.89707738457251,30.114758
2018-12-01 14:45:00,18.68,26.28,52.96,4.64,26.80750081462371,25.202455088059757,26.299973
2018-12-01 15:00:00,5.18,18.68,44.71,4.61,22.14452107177875,9.001308937017338,10.120516
2018-12-01 15:15:00,5.08,5.18,51.19,4.57,12.781595826736591,8.621111352771276,7.12191
2018-12-01 15:30:00,4.75,5.08,42.77,4.54,11.962047154287287,13.84828309154255,8.658492
2018-12-01 15:45:00,4.75,4.75,41.72,5.33,10.341132636450215,14.210164869144492,9.974639
2018-12-01 16:00:00,4.72,4.75,45.72,5.44,9.771511807511441,5.708636094884344,5.552639
2018-12-01 16:15:00,4.64,4.72,67.68,4.61,11.628947553521726,5.457861810790948,4.6068187
2018-12-01 16:30:00,4.72,4.64,44.75,4.61,10.150520663169285,4.712534228658031,4.6845417
2018-12-01 16:45:00,4.68,4.72,48.28,5.69,9.427093227708308,4.68591634305584,4.6790695
2018-12-01 17:00:00,4.64,4.68,66.13,5.83,10.630075443351032,4.634122402870582,4.728041
2018-12-01 17:15:00,4.79,4.64,44.42,5.9,9.19737145553188,4.602809131404024,4.7937994
2018-12-01 17:30:00,4.75,4.79,49.43,4.79,8.33320300232537,4.675517962576038,4.861141
2018-12-01 17:45:00,4.72,4.75,28.8,3.85,3.9808683750679776,4.683796478274309,4.6244173
2018-12-01 18:00:00,4.68,4.72,28.66,3.67,3.2110625438843634,4.662257238517082,4.591311
2018-12-01 18:15:00,5.76,4.68,42.84,3.6,5.168886084335536,4.614447218737613,5.056727
2018-12-01 18:30:00,5.4,5.76,50.54,3.71,8.770950137221117,5.1363918708433545,4.5056257
2018-12-01 18:45:00,4.79,5.4,45.61,3.71,8.121978317290754,4.902213122171903,4.456918
2018-12-01 19:00:00,4.79,4.79,63.11,3.74,8.889467469843218,4.630975047519843,4.420337
2018-12-01 19:15:00,4.79,4.79,44.96,3.67,6.153215806082386,4.627983028159563,4.5579987
2018-12-01 19:30:00,4.79,4.79,66.46,4.14,8.133506576192808,4.636271077097626,4.5925155
2018-12-01 19:45:00,4.9,4.79,45.61,3.96,7.407487268072021,4.677037900508477,4.8810215
2018-12-01 20:00:00,4.75,4.9,38.09,3.2,6.406502049542926,4.71977274882191,5.7332144
2018-12-01 20:15:00,4.79,4.75,54.79,3.1,7.269459470325593,4.670332601303372,4.726987
2018-12-01 20:30:00,4.75,4.79,52.63,3.06,7.248612223832826,4.673810987644551,4.6737156
2018-12-01 20:45:00,4.82,4.75,37.91,3.06,4.667033540373808,4.668789706631563,5.0049253
2018-12-01 21:00:00,4.82,4.82,9.14,3.2,1.864563763246597,4.708915016395518,4.6833324
2018-12-01 21:15:00,4.75,4.82,5.69,3.06,0.28301219788583865,4.696718002678818,4.8003793
2018-12-01 21:30:00,4.79,4.75,5.58,3.1,0.15502719317385782,4.68300316066146,4.735776
2018-12-01 21:45:00,4.79,4.79,5.47,3.06,0.44107977175521995,4.682471227922579,4.7019763
2018-12-01 22:00:00,4.9,4.79,5.44,3.06,0.047395671182684396,4.683442539397988,4.675195
2018-12-01 22:15:00,5.76,4.9,5.22,3.53,0.416351280022468,4.740970277768688,4.640931
2018-12-01 22:30:00,4.61,5.76,5.18,3.46,1.3522178479064628,5.238609183556787,4.9037485
2018-12-01 22:45:00,3.42,4.61,5.11,3.38,0.8442524367564879,4.533048300587506,5.4320354
2018-12-01 23:00:00,3.42,3.42,3.92,2.92,-0.4954721712783332,3.350487496157014,3.477966
2018-12-01 23:15:00,3.28,3.42,3.92,2.84,-0.2661507275874726,3.3543645879084267,3.3974793
2018-12-01 23:30:00,3.38,3.28,3.89,2.84,-0.09528615207672786,3.282366475337979,3.2255595
2018-12-01 23:45:00,3.31,3.38,3.82,2.77,0.2534170740856361,3.3569031165132337,3.340594
2018-12-02 00:00:00,4.36,3.31,3.35,2.88,-0.2270373812521207,5.803014002089378,3.2388823
2018-12-02 00:15:00,3.35,4.36,3.89,3.38,0.9662226472036366,4.014902564501618,3.5596144
2018-12-02 00:30:00,3.35,3.35,3.85,3.28,0.5284104720348282,3.311960869266558,3.3104026
2018-12-02 00:45:00,3.38,3.35,3.89,2.88,0.7722532775518438,3.3025567335242436,3.3138397
2018-12-02 01:00:00,3.89,3.38,3.89,2.77,0.3565694116775795,3.302785693485994,3.3016331
2018-12-02 01:15:00,4.46,3.89,4.03,2.77,1.055875104893925,3.5470320842607,3.482233
2018-12-02 01:30:00,4.43,4.46,3.89,3.31,1.8463852252276425,3.7526693422429527,3.704609
2018-12-02 01:45:00,4.14,4.43,3.92,3.46,2.127078835190762,3.7662157542030483,3.6400962
2018-12-02 02:00:00,3.46,4.14,3.92,3.46,1.5376693113532234,4.055361513125678,4.0078073
2018-12-02 02:15:00,3.38,3.46,3.96,3.2,1.2764829218167648,3.382630863284197,3.498621
2018-12-02 02:30:00,3.38,3.38,4.03,2.84,1.476123570184729,3.3082800412026376,3.3337708
2018-12-02 02:45:00,3.38,3.38,4.14,2.84,1.802915011188162,3.3174017123211583,3.318955
2018-12-02 03:00:00,4.32,3.38,5.08,2.88,1.4509945839594458,3.3620542254766512,3.3497884
2018-12-02 03:15:00,4.64,4.32,4.72,2.92,2.349797117101229,3.784214051202022,3.730918
2018-12-02 03:30:00,3.82,4.64,3.96,2.84,2.8084148074714044,3.8924682758887266,3.787858
2018-12-02 03:45:00,3.46,3.82,3.92,2.92,2.487921577075575,3.7016414449192188,3.4655242
2018-12-02 04:00:00,3.42,3.46,3.35,2.92,1.6990409570316096,3.3659645147428487,3.435907
2018-12-02 04:15:00,3.46,3.42,3.28,2.88,1.8743294459118154,3.348920633709513,3.3707137
2018-12-02 04:30:00,4.32,3.46,3.35,2.88,2.117101096847268,3.3910857927255624,3.3808875
2018-12-02 04:45:00,4.5,4.32,3.24,2.84,2.983365605777525,3.821791892434108,3.6503816
2018-12-02 05:00:00,4.54,4.5,3.31,2.88,2.7279225950333448,3.8502390780796545,3.7495685
2018-12-02 05:15:00,4.39,4.54,3.31,2.88,2.9767191472073016,3.884863466586638,3.8220778
2018-12-02 05:30:00,3.35,4.39,3.28,4.18,3.0549686315124163,4.212980405729894,4.13192
2018-12-02 05:45:00,3.46,3.35,3.28,4.28,2.541216080867695,3.344275313687612,3.3727179
2018-12-02 06:00:00,3.35,3.46,3.2,3.53,2.1393929693377665,3.412265021276879,3.445417
2018-12-02 06:15:00,3.42,3.35,3.46,3.13,2.22970352298449,3.307506286395489,3.2873335
2018-12-02 06:30:00,3.42,3.42,4.03,2.88,2.492122857350992,3.3876861045050966,3.3665063
2018-12-02 06:45:00,3.38,3.42,3.89,2.84,2.541466281633493,3.387735192297812,3.3850543
2018-12-02 07:00:00,3.46,3.38,3.89,2.81,1.9653018205610628,3.354964340195103,3.305308
2018-12-02 07:15:00,3.38,3.46,4.46,2.95,2.172389841204133,3.4128106254260446,3.3799045
2018-12-02 07:30:00,3.46,3.38,3.67,2.84,2.186698738397073,3.511523200091128,3.4076674
2018-12-02 07:45:00,3.46,3.46,3.46,2.88,2.4971007901532047,3.994947212424545,3.5642512
2018-12-02 08:00:00,3.49,3.46,3.46,2.92,1.9828719912809483,4.153026330211316,3.5144255
2018-12-02 08:15:00,4.57,3.49,3.71,2.88,7.071496250060225,12.614136888712167,15.777244
2018-12-02 08:30:00,4.54,4.57,4.72,2.92,11.592071053779875,6.2051057882209015,9.811342
2018-12-02 08:45:00,5.54,4.54,4.46,2.92,12.365870390957895,5.050082945727416,4.8644056
2018-12-02 09:00:00,4.75,5.54,5.22,3.46,14.394669347922232,5.274142981560229,6.10622
2018-12-02 09:15:00,3.74,4.75,28.58,4.93,12.667595811531253,5.070735091984992,5.4476256
2018-12-02 09:30:00,3.71,3.74,30.56,4.32,13.669141114007314,3.8569131808830357,3.4930854
2018-12-02 09:45:00,3.6,3.71,28.08,3.49,15.463678125889858,3.799795445933289,2.8997421
2018-12-02 10:00:00,3.56,3.6,28.58,2.88,12.631259027081333,3.737518674435906,3.269621
2018-12-02 10:15:00,3.6,3.56,28.73,2.95,12.544940734154713,3.7795442773328007,3.365725
2018-12-02 10:30:00,3.64,3.6,29.56,3.56,13.56044175709209,3.7818516546977747,3.5321155
2018-12-02 10:45:00,3.64,3.64,30.06,2.95,13.042501063426936,4.317371226389423,4.3429976
2018-12-02 11:00:00,3.64,3.64,29.2,2.99,11.999487163766286,3.8697960003486553,3.7311997
2018-12-02 11:15:00,3.64,3.64,27.94,2.95,10.879215934286037,3.826737868734085,3.5330727
2018-12-02 11:30:00,3.56,3.64,27.94,2.95,11.346148635661656,3.8222866248755425,3.7004085
2018-12-02 11:45:00,3.64,3.56,25.63,2.99,10.877443587977492,3.8032264326080742,3.4200456
2018-12-02 12:00:00,4.03,3.64,3.64,2.99,7.689602072931226,3.7934440006457546,3.1409404
2018-12-02 12:15:00,4.86,4.03,3.85,3.1,-0.43812631672371793,3.9307828109113423,3.614267
2018-12-02 12:30:00,4.75,4.86,3.71,3.02,0.030872247764651917,5.479674951250658,5.675571
2018-12-02 12:45:00,5.36,4.75,3.74,3.17,-0.03852783167056373,5.083709871193568,4.7295876
2018-12-02 13:00:00,4.9,5.36,3.71,3.71,-0.2046836406642818,4.961441471547978,5.0629263
2018-12-02 13:15:00,3.78,4.9,11.3,3.67,6.674533743427595,5.241186845950117,11.276096
2018-12-02 13:30:00,3.64,3.78,27.29,3.64,10.47413818085747,3.907321123161844,4.2473807
2018-12-02 13:45:00,3.6,3.64,26.86,3.2,10.813461411597174,3.717970780843193,3.2217453
2018-12-02 14:00:00,3.6,3.6,25.31,3.67,9.242438622452664,3.6876474795449794,3.2884157
2018-12-02 14:15:00,3.6,3.6,26.21,3.1,8.37444396569201,3.8177936147928935,4.0584598
2018-12-02 14:30:00,3.56,3.6,26.28,2.95,7.213514429040771,3.8736220663923717,4.1530504
2018-12-02 14:45:00,3.56,3.56,18.68,3.06,7.60343830135837,4.1941390768695355,4.745993
2018-12-02 15:00:00,3.64,3.56,5.18,2.99,8.164313350057544,3.7808598922614784,4.100445
2018-12-02 15:15:00,3.6,3.64,5.08,2.99,7.377053694716746,3.7598445015407918,3.5623558
2018-12-02 15:30:00,3.56,3.6,4.75,2.95,6.818932699110412,3.748846142364545,3.5531285
2018-12-02 15:45:00,3.85,3.56,4.75,2.95,5.78864528743642,3.7949456421132406,3.763273
2018-12-02 16:00:00,4.68,3.85,4.72,2.95,5.416716471093611,4.259586178422799,3.7467117
2018-12-02 16:15:00,4.72,4.68,4.64,3.35,6.864190091578415,4.933899987150481,3.7568011
2018-12-02 16:30:00,4.72,4.72,4.72,3.56,6.8139076674656955,4.111212275478753,3.794323
2018-12-02 16:45:00,3.89,4.72,4.68,3.6,5.993701560985166,4.1346122203354465,3.7952447
2018-12-02 17:00:00,3.53,3.89,4.64,3.42,6.143375685058825,3.867323391484502,3.877677
2018-12-02 17:15:00,3.6,3.53,4.79,2.95,5.611771646891288,3.5266765444268535,3.6314416
2018-12-02 17:30:00,3.6,3.6,4.75,2.92,4.462838185538054,3.623446136086963,3.5328918
2018-12-02 17:45:00,3.74,3.6,4.72,2.99,1.1053734132357782,3.6208570058271925,3.548008
2018-12-02 18:00:00,4.72,3.74,4.68,3.17,0.5274435137574294,3.7872142526231323,3.6971576
2018-12-02 18:15:00,3.89,4.72,5.76,3.46,2.722815776041511,4.0128405488657775,3.9084067
2018-12-02 18:30:00,3.53,3.89,5.4,3.02,4.555924213731981,3.8629832630678416,3.6830344
2018-12-02 18:45:00,3.53,3.53,4.79,3.02,4.227807605057681,3.5282406580287615,3.5656433
2018-12-02 19:00:00,3.56,3.53,4.79,2.99,4.4850144843823365,3.5271271845525742,3.4979882
2018-12-02 19:15:00,3.67,3.56,4.79,3.02,2.728801172408726,3.557286636726537,3.5441785
2018-12-02 19:30:00,3.56,3.67,4.79,2.99,3.7879103951499893,3.668374552409802,3.6222858
2018-12-02 19:45:00,4.39,3.56,4.9,3.02,4.101030229086938,3.56141341125003,3.552843
2018-12-02 20:00:00,4.72,4.39,4.75,3.1,3.985845151427508,4.007651775798687,4.036106
2018-12-02 20:15:00,4.68,4.72,4.79,3.6,4.412643816520838,3.962779209562052,3.7400908
2018-12-02 20:30:00,4.75,4.68,4.75,3.6,4.610767636422835,3.949606438521471,3.6223264
2018-12-02 20:45:00,3.71,4.75,4.82,3.6,2.4854518576747573,4.530163767413495,4.2456503
2018-12-02 21:00:00,3.53,3.71,4.82,3.38,0.19688522441570555,3.7535174233645536,3.647109
2018-12-02 21:15:00,3.6,3.53,4.75,2.99,-1.4916219871941827,3.528344568991565,3.5531964
2018-12-02 21:30:00,3.6,3.6,4.79,2.95,-1.5482874935613005,3.6228570181402557,3.55485
2018-12-02 21:45:00,3.6,3.6,4.79,2.92,-1.2662947572195407,3.6201702160187663,3.6079793
2018-12-02 22:00:00,3.56,3.6,4.9,3.13,-1.6243127731552605,3.621811301598125,3.6052916
2018-12-02 22:15:00,4.07,3.56,5.76,3.46,-1.3354521262059613,3.6089645812231153,3.464246
2018-12-02 22:30:00,4.32,4.07,4.61,2.92,-0.7582697938591672,4.022082614455726,3.98497
2018-12-02 22:45:00,3.35,4.32,3.42,2.74,-0.3585214235199814,3.9826424739829926,3.7645888
2018-12-02 23:00:00,3.31,3.35,3.42,2.77,-1.4742181006937294,3.2784976571374678,3.1609244
2018-12-02 23:15:00,3.31,3.31,3.28,2.84,-1.2331111102733736,3.288810060311951,3.2244635
2018-12-02 23:30:00,3.28,3.31,3.38,2.88,-0.9508646811204393,3.287968894995236,3.2463465
2018-12-02 23:45:00,3.35,3.28,3.31,2.88,-0.7005725873448725,3.3325487261848363,3.2989075
2018-12-03 00:00:00,4.57,3.35,4.36,4.68,4.424290596497265,7.594490102097784,3.6264126
2018-12-03 00:15:00,4.43,4.57,3.35,3.2,5.527373837168952,4.2289193253842345,3.6762757
2018-12-03 00:30:00,4.36,4.43,3.35,3.53,5.8057200459516345,3.7752108919667036,3.6702323
2018-12-03 00:45:00,4.21,4.36,3.38,3.46,6.024873237414383,3.7330657557163023,3.6406884
2018-12-03 01:00:00,3.35,4.21,3.89,3.49,5.470273075933537,4.149598615025908,4.096389
2018-12-03 01:15:00,3.38,3.35,4.46,2.92,5.207526020610047,3.3004632532684766,3.2649133
2018-12-03 01:30:00,3.35,3.38,4.43,2.92,5.526731459693952,3.319796484330346,3.2858307
2018-12-03 01:45:00,3.42,3.35,4.14,3.06,5.752530235337392,3.3177651785372433,3.3133852
2018-12-03 02:00:00,3.49,3.42,3.46,3.56,5.467767794383757,3.4181884552333175,3.420531
2018-12-03 02:15:00,3.42,3.49,3.38,3.13,5.766413504453784,3.4187501140367362,3.448509
2018-12-03 02:30:00,3.38,3.42,3.38,2.92,5.991355678889811,3.386904253517037,3.39873
2018-12-03 02:45:00,4.36,3.38,3.38,2.92,6.288738389980512,3.359217281432569,3.3946645
2018-12-03 03:00:00,4.14,4.36,4.32,2.88,6.63863280265284,3.834982300585558,3.7207959
2018-12-03 03:15:00,3.42,4.14,4.64,2.95,6.6958712731439185,3.801676382608782,3.7161539
2018-12-03 03:30:00,3.38,3.42,3.82,2.95,6.389130482006397,3.3449110575918928,3.2770631
2018-12-03 03:45:00,3.35,3.38,3.46,3.31,6.565819544406022,3.3432130111201777,3.3463233
2018-12-03 04:00:00,3.35,3.35,3.42,3.49,6.117778808072558,3.344898085346005,3.3056118
2018-12-03 04:15:00,4.1,3.35,3.46,3.46,6.351161355796815,3.3814315270017246,3.3353837
2018-12-03 04:30:00,4.43,4.1,4.32,3.24,7.179134604299556,3.7013152021349915,3.681619
2018-12-03 04:45:00,4.5,4.43,4.5,2.88,7.678094114928637,3.783486107968503,3.6332676
2018-12-03 05:00:00,3.78,4.5,4.54,2.95,7.2910588952805035,3.8005586080341787,3.6155708
2018-12-03 05:15:00,3.31,3.78,4.39,2.84,6.886881145900514,3.7585224792362095,3.6628132
2018-12-03 05:30:00,3.38,3.31,3.35,2.88,6.702840284537469,3.2808580809925414,3.2683678
2018-12-03 05:45:00,3.31,3.38,3.46,2.84,6.9231710384143526,3.32065242702625,3.3847778
2018-12-03 06:00:00,3.31,3.31,3.35,3.17,6.482248505115262,3.3035829509415864,3.2639532
2018-12-03 06:15:00,3.35,3.31,3.42,3.38,6.685850492016495,3.356460843735835,3.3265326
2018-12-03 06:30:00,3.31,3.35,3.42,2.88,6.863281345962502,3.3587664565212307,3.3320906
2018-12-03 06:45:00,3.24,3.31,3.38,2.88,6.897571749420742,3.341250600774633,3.310768
2018-12-03 07:00:00,3.24,3.24,3.46,2.99,6.27132035000788,3.335575325638371,3.2391875
2018-12-03 07:15:00,4.21,3.24,3.38,3.35,6.395553152210503,3.3443642033543757,3.2654793
2018-12-03 07:30:00,5.76,4.21,3.46,3.53,7.309407688861857,4.164264910892931,3.9685495
2018-12-03 07:45:00,5.98,5.76,3.46,5.22,8.896433542032398,7.025413885176494,7.083799
2018-12-03 08:00:00,5.58,5.98,3.49,5.58,8.625636733434352,7.889012399469173,8.032532
2018-12-03 08:15:00,34.99,5.58,4.57,45.36,16.21966318974074,30.48987171333741,26.484404
2018-12-03 08:30:00,56.84,34.99,4.54,88.92,45.288056412301714,74.18240566843136,62.784683
2018-12-03 08:45:00,61.06,56.84,5.54,88.99,63.270651621704715,60.04613524862325,60.952232
2018-12-03 09:00:00,57.89,61.06,4.75,90.61,68.65176370303553,62.47631269516241,63.074738
2018-12-03 09:15:00,70.49,57.89,3.74,93.31,61.66685122200276,58.095122572951226,58.21804
2018-12-03 09:30:00,50.11,70.49,3.71,92.2,70.55473757446595,62.691595802627454,60.827984
2018-12-03 09:45:00,66.38,50.11,3.6,94.43,58.52452044454277,58.07984135072402,56.950737
2018-12-03 10:00:00,56.88,66.38,3.56,85.43,67.0400894982978,62.57095667812946,59.313667
2018-12-03 10:15:00,47.09,56.88,3.6,64.55,59.02049205422247,60.71235787084646,61.1974
2018-12-03 10:30:00,55.8,47.09,3.64,70.06,55.19763186894197,54.09409111484323,54.841152
2018-12-03 10:45:00,66.89,55.8,3.64,73.12,60.16418010940215,59.025114771134284,60.017326
2018-12-03 11:00:00,62.89,66.89,3.64,80.75,68.06015762448803,59.33178240462637,61.307053
2018-12-03 11:15:00,63.79,62.89,3.64,82.66,65.74578282647633,59.242334828965554,60.36305
2018-12-03 11:30:00,58.1,63.79,3.56,79.13,65.20420209906798,62.18298173856723,62.718952
2018-12-03 11:45:00,54.5,58.1,3.64,84.74,61.058371548398114,60.46800494489442,59.417088
2018-12-03 12:00:00,35.35,54.5,4.03,61.34,54.81394940343076,58.0537725334679,54.485798
2018-12-03 12:15:00,6.34,35.35,4.86,7.24,29.157887931609757,11.714744530571771,6.459803
2018-12-03 12:30:00,5.76,6.34,4.75,6.84,9.778993826926847,5.995816357886494,5.484252
2018-12-03 12:45:00,6.3,5.76,5.36,6.3,9.077663935727838,5.868368188615222,5.4889207
2018-12-03 13:00:00,6.19,6.3,4.9,6.01,8.086273455662955,6.186094740558181,6.479629
2018-12-03 13:15:00,35.35,6.19,3.78,56.52,18.30753986187763,41.71351028471242,36.829636
2018-12-03 13:30:00,51.95,35.35,3.64,93.17,47.14530635696861,64.74396905014306,59.467182
2018-12-03 13:45:00,48.46,51.95,3.6,82.58,60.10960776927027,58.211286991821375,57.434376
2018-12-03 14:00:00,65.02,48.46,3.6,90.65,56.69140675163824,54.995813721090514,53.78763
2018-12-03 14:15:00,69.91,65.02,3.6,77.51,63.670241518943826,57.73899878628912,57.857304
2018-12-03 14:30:00,55.12,69.91,3.56,88.63,66.06350218370333,60.95429959250711,61.139164
2018-12-03 14:45:00,56.84,55.12,3.56,69.05,55.41646029826264,58.99409321185764,58.55375
2018-12-03 15:00:00,54.22,56.84,3.64,71.6,56.58407352799662,60.10475481290449,59.304115
2018-12-03 15:15:00,49.97,54.22,3.6,67.97,54.24514473188738,58.33260046443668,57.500458
2018-12-03 15:30:00,48.17,49.97,3.56,64.51,51.148882436760644,55.05620771041357,53.624233
2018-12-03 15:45:00,49.86,48.17,3.85,70.96,49.14919217625068,53.58285915115715,52.513916
2018-12-03 16:00:00,58.75,49.86,4.68,65.34,49.84565120771383,54.36124444332539,53.027863
2018-12-03 16:15:00,65.7,58.75,4.72,64.22,57.733077921521925,57.16727384179304,57.150543
2018-12-03 16:30:00,51.88,65.7,4.72,61.45,62.51472127090389,58.31951882529291,59.930046
2018-12-03 16:45:00,57.2,51.88,3.89,51.52,51.32416614172958,55.90689593312285,55.913837
2018-12-03 17:00:00,76.03,57.2,3.53,65.34,56.18236337325824,57.647981669777984,56.59362
2018-12-03 17:15:00,72.18,76.03,3.6,74.05,69.77262575974541,64.49574594473064,63.554813
2018-12-03 17:30:00,61.42,72.18,3.6,50.65,65.53078441905707,67.59207607207838,64.713615
2018-12-03 17:45:00,36.61,61.42,3.74,32.58,52.85513168612197,36.94255881289117,30.652868
2018-12-03 18:00:00,29.56,36.61,4.72,32.72,34.618739670075556,31.792440142648758,33.457283
2018-12-03 18:15:00,34.13,29.56,3.89,43.16,31.87120303153574,37.58788233663549,40.47271
2018-12-03 18:30:00,42.26,34.13,3.53,61.88,37.81469318935978,43.407116686501865,43.403355
2018-12-03 18:45:00,56.81,42.26,3.53,71.03,44.507713766357654,45.263718282873526,42.446804
2018-12-03 19:00:00,43.02,56.81,3.56,58.43,56.46655843629658,54.78996904252928,56.237923
2018-12-03 19:15:00,47.74,43.02,3.67,59.33,44.53578137097669,49.72804436524677,43.893364
2018-12-03 19:30:00,39.17,47.74,3.56,60.05,48.02860327421946,52.44218568131629,50.001236
2018-12-03 19:45:00,43.67,39.17,4.39,66.17,41.08122562604598,45.13003941607351,42.60281
2018-12-03 20:00:00,50.44,43.67,4.72,78.98,44.280649881578555,45.740657740452676,44.59413
2018-12-03 20:15:00,46.22,50.44,4.68,58.18,48.01303194417419,52.25523684671242,50.884136
2018-12-03 20:30:00,45.36,46.22,4.75,51.77,45.628848688406606,50.09040772465811,48.87025
2018-12-03 20:45:00,50.11,45.36,3.71,43.6,42.30634165506202,40.63225554835724,37.418606
2018-12-03 21:00:00,25.45,50.11,3.53,40.64,42.892115161061106,31.495085975016753,25.16793
2018-12-03 21:15:00,8.6,25.45,3.6,16.09,23.504914481993588,9.640364275679456,5.732653
2018-12-03 21:30:00,6.19,8.6,3.6,6.23,11.133773231356681,5.62733043382572,5.889722
2018-12-03 21:45:00,5.62,6.19,3.6,5.26,8.98113199189131,5.353653005485743,5.290377
2018-12-03 22:00:00,4.93,5.62,3.56,5.11,8.004247826126033,5.1035143541965615,5.122304
2018-12-03 22:15:00,4.72,4.93,4.07,4.79,7.497539038359676,4.711475666262899,4.73033
2018-12-03 22:30:00,4.75,4.72,4.32,4.72,7.594817629228974,4.61157604448129,4.401589
2018-12-03 22:45:00,4.68,4.75,3.35,4.75,8.004540578807632,4.6468227511426266,5.713165
2018-12-03 23:00:00,4.68,4.68,3.31,4.72,6.73532624397766,4.630842568228902,4.658997
2018-12-03 23:15:00,4.61,4.68,3.31,4.82,6.523902340298033,4.630842568228902,4.7006135
2018-12-03 23:30:00,4.57,4.61,3.28,4.64,6.678056656298157,4.589728153999729,4.7143245
2018-12-03 23:45:00,4.61,4.57,3.35,4.64,6.932936649687434,4.770964083776414,4.603946
2018-12-04 00:00:00,3.89,4.61,4.57,23.65,6.817618735113697,17.210854202280174,4.33701
2018-12-04 00:15:00,4.61,3.89,4.43,4.72,5.351111005187391,3.8970113219499556,3.8148031
2018-12-04 00:30:00,4.57,4.61,4.36,4.79,6.172386746686605,4.529856081959121,4.3659415
2018-12-04 00:45:00,4.61,4.57,4.21,4.72,6.432886464403705,4.514795042138289,4.291984
2018-12-04 01:00:00,4.64,4.61,3.35,4.75,6.108350172861478,4.163600701305533,4.07257
2018-12-04 01:15:00,5.04,4.64,3.38,5.62,6.432497762050492,4.609802364299353,4.549129
2018-12-04 01:30:00,5.8,5.04,3.35,5.94,7.072079758196555,4.848598187198765,4.41275
2018-12-04 01:45:00,4.68,5.8,3.42,4.72,7.850901995265531,5.326652182184035,5.6559815
2018-12-04 02:00:00,3.6,4.68,3.49,4.68,6.67429679713182,4.5603019845481505,4.2645726
2018-12-04 02:15:00,3.56,3.6,3.42,4.72,6.228858103136783,3.668220494774361,3.6362221
2018-12-04 02:30:00,3.64,3.56,3.38,4.72,6.4301998685143325,3.605807002609578,3.559097
2018-12-04 02:45:00,3.67,3.64,4.36,4.72,6.848216618773723,3.694308511875056,3.5922492
2018-12-04 03:00:00,3.64,3.67,4.14,4.72,6.447012016426758,3.7041508352217254,3.630766
2018-12-04 03:15:00,3.64,3.64,3.42,4.18,6.539131068074411,3.6880742544186713,3.6278439
2018-12-04 03:30:00,3.71,3.64,3.38,3.71,6.752101891171062,3.689126223565983,3.5604038
2018-12-04 03:45:00,3.67,3.71,3.35,3.71,7.025217812885423,3.7517717554261725,3.7307434
2018-12-04 04:00:00,3.71,3.67,3.35,3.74,6.539156100159399,3.701831123900058,3.6408653
2018-12-04 04:15:00,3.67,3.71,4.1,3.78,6.8504249880405546,3.7497167012379307,3.6972556
2018-12-04 04:30:00,3.6,3.67,4.43,3.74,7.058840953115169,3.7090760339129414,3.6661067
2018-12-04 04:45:00,4.36,3.6,4.5,3.71,7.23195445491552,3.6679527570131216,3.6099625
2018-12-04 05:00:00,4.64,4.36,3.78,3.71,7.318147417800127,4.040490955496253,4.1799345
2018-12-04 05:15:00,4.72,4.64,3.31,3.74,7.731720921476157,3.9434044688587413,3.8526268
2018-12-04 05:30:00,5.44,4.72,3.38,3.78,8.01707816828402,4.005492442478452,3.828271
2018-12-04 05:45:00,4.43,5.44,3.31,3.92,8.69111235011751,4.751012520836934,6.0916457
2018-12-04 06:00:00,3.64,4.43,3.31,5.9,7.701220727039878,4.1888564663575085,4.0923944
2018-12-04 06:15:00,3.56,3.64,3.35,5.62,7.308746151124204,3.6913474347141375,3.8196936
2018-12-04 06:30:00,3.67,3.56,3.31,4.64,7.315071186140724,3.601109184475205,3.7162447
2018-12-04 06:45:00,3.64,3.67,3.24,3.82,7.397642250644907,3.713402272728506,3.5883617
2018-12-04 07:00:00,3.56,3.64,3.24,3.71,6.821598209669908,3.687316728616488,3.6088524
2018-12-04 07:15:00,3.56,3.56,4.21,3.71,7.076583718424704,3.6553616008285075,3.5591266
2018-12-04 07:30:00,3.82,3.56,5.76,3.78,7.323561304007871,3.7319714928123684,3.7969425
2018-12-04 07:45:00,4.54,3.82,5.98,5.11,7.83167753823388,4.587791353607052,4.469387
2018-12-04 08:00:00,5.94,4.54,5.58,6.88,7.956970710845166,5.830300927074339,5.4447603
2018-12-04 08:15:00,28.4,5.94,34.99,49.61,18.035392876692143,37.96988081703361,35.559067
2018-12-04 08:30:00,55.04,28.4,56.84,72.36,41.14022935353684,52.62675540472898,51.954735
2018-12-04 08:45:00,61.13,55.04,61.06,73.62,62.7138670487507,60.47309193876613,60.59331
2018-12-04 09:00:00,82.33,61.13,57.89,111.64,71.83293501036289,62.46353637551741,62.13522
2018-12-04 09:15:00,82.37,82.33,70.49,81.54,82.56051469727196,80.53659087321255,75.62408
2018-12-04 09:30:00,64.08,82.37,50.11,103.1,82.53468138446695,76.70745267078527,80.47105
2018-12-04 09:45:00,59.36,64.08,66.38,126.43,74.00884411920977,68.18617686951745,66.93039
2018-12-04 10:00:00,52.16,59.36,56.88,104.44,64.73378629695084,64.67027896820564,60.67251
2018-12-04 10:15:00,56.95,52.16,47.09,129.2,61.67413622542378,58.86255625430039,56.206505
2018-12-04 10:30:00,53.42,56.95,55.8,131.8,67.27671776064035,57.92279839681984,60.075706
2018-12-04 10:45:00,58.86,53.42,66.89,133.42,65.17977800569201,57.70025552017208,55.475616
2018-12-04 11:00:00,59.98,58.86,62.89,151.67,69.77906902729309,57.97661124862374,57.609833
2018-12-04 11:15:00,61.24,59.98,63.79,126.11,67.56117530516696,57.93934856715882,58.855198
2018-12-04 11:30:00,84.1,61.24,58.1,145.01,69.74359112206669,58.30262521608712,61.190998
2018-12-04 11:45:00,63.86,84.1,54.5,123.8,84.44143746410548,76.05911009918968,74.87462
2018-12-04 12:00:00,49.86,63.86,35.35,108.61,66.3579859452165,66.88821917792065,62.86765
2018-12-04 12:15:00,6.91,49.86,6.34,7.81,40.478618378346724,8.970673234511406,9.616274
2018-12-04 12:30:00,7.38,6.91,5.76,5.51,9.856716673454848,6.494033254081524,6.1131
2018-12-04 12:45:00,6.62,7.38,6.3,5.76,10.07047961448912,7.403028249680851,7.5624967
2018-12-04 13:00:00,6.55,6.62,6.19,6.34,8.091899436819503,6.582102563322873,6.623902
2018-12-04 13:15:00,32.51,6.55,35.35,71.06,19.923279060162265,43.9850482086413,37.322178
2018-12-04 13:30:00,57.28,32.51,51.95,121.25,48.12571592435152,62.99857069816448,61.04771
2018-12-04 13:45:00,55.51,57.28,48.46,132.59,68.52059104658703,62.263918488827535,63.341587
2018-12-04 14:00:00,56.12,55.51,65.02,126.68,66.36658265994618,58.52427104686165,59.09104
2018-12-04 14:15:00,58.82,56.12,69.91,93.46,60.84132251212209,56.13704899251113,56.22871
2018-12-04 14:30:00,52.88,58.82,55.12,77.36,56.5885893155709,57.330493956277316,57.327705
2018-12-04 14:45:00,53.46,52.88,56.84,76.72,54.07756584802472,56.863631214657836,55.185818
2018-12-04 15:00:00,62.96,53.46,54.22,107.42,57.26888683954759,56.358810167780305,55.284077
2018-12-04 15:15:00,64.62,62.96,49.97,81.58,62.17499288529095,57.87032724034643,59.34143
2018-12-04 15:30:00,60.01,64.62,48.17,79.38,64.00269733090425,58.46887135874499,59.796616
2018-12-04 15:45:00,55.66,60.01,49.86,57.85,58.027383194239775,59.462568921850895,61.638203
2018-12-04 16:00:00,53.82,55.66,58.75,59.08,54.61103673099767,59.05390087305516,58.165157
2018-12-04 16:15:00,71.86,53.82,65.7,59.26,54.79850436118964,57.381431484775035,55.593742
2018-12-04 16:30:00,60.73,71.86,51.88,53.46,66.46370704341436,64.44390221364277,63.704597
2018-12-04 16:45:00,68.22,60.73,57.2,59.4,59.37956286159586,60.832422407559,62.14856
2018-12-04 17:00:00,80.46,68.22,76.03,47.48,66.29774459394653,62.652295142995364,61.56881
2018-12-04 17:15:00,61.52,80.46,72.18,62.78,74.17164908354324,74.78353100977318,74.2726
2018-12-04 17:30:00,71.1,61.52,61.42,50.15,59.47483647203768,65.14492527723085,60.931747
2018-12-04 17:45:00,35.21,71.1,36.61,34.13,59.723013506813345,50.02893672114421,34.18538
2018-12-04 18:00:00,30.31,35.21,29.56,31.93,33.20607244225327,31.733923266560414,31.560658
2018-12-04 18:15:00,43.56,30.31,34.13,36.76,32.613002619297205,38.03601842086685,38.00208
2018-12-04 18:30:00,40.97,43.56,42.26,56.84,44.28821174439561,54.556600656835414,54.043808
2018-12-04 18:45:00,38.56,40.97,56.81,48.17,43.46523081029592,44.02545921279098,42.439445
2018-12-04 19:00:00,41.65,38.56,43.02,61.16,43.08507675364391,42.14718784364583,40.562115
2018-12-04 19:15:00,49.07,41.65,47.74,41.98,40.74556617100756,40.67855163058331,42.515213
2018-12-04 19:30:00,40.46,49.07,39.17,43.38,47.140556253169535,52.66753185625376,50.39885
2018-12-04 19:45:00,48.64,40.46,43.67,47.48,40.75093363053503,43.572875640183824,43.214684
2018-12-04 20:00:00,49.75,48.64,50.44,48.46,45.98748294931833,49.89717751272292,47.781036
2018-12-04 20:15:00,48.89,49.75,46.22,49.61,47.248001072227936,51.24852742268121,49.750404
2018-12-04 20:30:00,37.84,48.89,45.36,49.21,47.40925371326462,50.44691964105215,48.51161
2018-12-04 20:45:00,30.67,37.84,50.11,35.5,36.701120777766604,38.39649181153575,39.31827
2018-12-04 21:00:00,5.08,30.67,25.45,29.99,28.007433276615274,20.16539021742843,17.90068
2018-12-04 21:15:00,5.69,5.08,8.6,25.96,8.584033102724263,5.150651174395087,4.9680595
2018-12-04 21:30:00,5.44,5.69,6.19,25.02,8.56307921865378,5.366156543145205,4.7223544
2018-12-04 21:45:00,5.4,5.44,5.62,25.13,8.345789466434688,5.186516487710821,5.1301794
2018-12-04 22:00:00,5.44,5.4,4.93,25.2,7.727155577513397,5.275603067600218,4.9626665
2018-12-04 22:15:00,5.26,5.44,4.72,24.88,7.914379719730327,5.28920182655909,4.9367814
2018-12-04 22:30:00,4.64,5.26,4.75,24.77,7.717185225365167,5.158751613913705,4.709582
2018-12-04 22:45:00,3.92,4.64,4.68,24.88,7.386305490866064,4.746447251186637,5.5506215
2018-12-04 23:00:00,3.96,3.92,4.68,23.65,5.57363832387604,4.009074224680226,3.9958801
2018-12-04 23:15:00,3.92,3.96,4.61,23.62,5.894134142528454,4.0168984371104735,3.9007874
2018-12-04 23:30:00,3.85,3.92,4.57,23.58,6.134086366585311,4.033352872269726,3.9069247
2018-12-04 23:45:00,3.89,3.85,4.61,23.54,6.376471759055267,4.264687123989296,3.839531
2018-12-05 00:00:00,3.96,3.89,3.89,3.92,3.093202200537082,10.490878150742008,3.649156
2018-12-05 00:15:00,3.89,3.96,4.61,23.51,5.858247648756393,4.416334304284109,3.8542514
2018-12-05 00:30:00,3.92,3.89,4.57,23.65,6.115784289909396,3.951347376756208,3.8275604
2018-12-05 00:45:00,3.89,3.92,4.61,23.65,6.41875721892124,4.012122138972768,3.905385
2018-12-05 01:00:00,3.96,3.89,4.64,23.65,6.039223472017227,3.949270584217345,3.8758826
2018-12-05 01:15:00,3.78,3.96,5.04,23.58,6.421031127564337,4.01862048276707,3.895904
2018-12-05 01:30:00,3.85,3.78,5.8,23.65,6.6452834620912355,3.8496166448641422,3.7097437
2018-12-05 01:45:00,3.82,3.85,4.68,23.62,6.9158596353702,3.9058236624021183,3.7948186
2018-12-05 02:00:00,3.82,3.82,3.6,23.65,6.46401205305985,3.8705507233606053,3.7473233
2018-12-05 02:15:00,3.85,3.82,3.56,23.58,6.744204194155099,3.8671088648799072,3.7035284
2018-12-05 02:30:00,4.64,3.85,3.64,23.65,7.059122971433595,3.9027765528350824,3.7552004
2018-12-05 02:45:00,4.86,4.64,3.67,24.66,8.077783782529554,4.256823358773083,4.088546
2018-12-05 03:00:00,3.82,4.86,3.64,24.12,7.8265280509490935,4.270314000765419,6.215879
2018-12-05 03:15:00,3.49,3.82,3.64,22.46,7.156645828758467,3.8884174020068274,3.6360939
2018-12-05 03:30:00,3.13,3.49,3.71,22.39,7.081841817188323,3.585614082771124,3.5969713
2018-12-05 03:45:00,3.2,3.13,3.67,22.54,6.917923036179097,3.567954030801747,3.3539736
2018-12-05 04:00:00,3.13,3.2,3.71,22.46,6.524120731427669,3.623302786842368,3.2509649
2018-12-05 04:15:00,3.1,3.13,3.67,22.54,6.717404001378082,3.4840246478506347,3.014375
2018-12-05 04:30:00,3.17,3.1,3.6,22.5,6.936562057230223,3.5744992040977808,2.9888477
2018-12-05 04:45:00,3.06,3.17,4.36,22.46,7.243571808420093,3.561600045022057,3.1538148
2018-12-05 05:00:00,3.17,3.06,4.64,22.46,6.68034160927138,3.5540872169290445,2.9591117
2018-12-05 05:15:00,3.06,3.17,4.72,22.46,6.9551505413482,3.5913910282578603,3.3137953
2018-12-05 05:30:00,3.1,3.06,5.44,22.54,7.1018685111447155,3.5678601878143685,3.1488614
2018-12-05 05:45:00,3.02,3.1,4.43,22.5,7.271719732276328,3.59845110993704,3.2099931
2018-12-05 06:00:00,3.1,3.02,3.64,23.62,6.801962537693441,3.5639683775262476,3.097398
2018-12-05 06:15:00,3.02,3.1,3.56,23.87,7.039332616652494,3.606759946933377,3.1919127
2018-12-05 06:30:00,4.61,3.02,3.67,24.55,7.2319713711676314,3.5639683775262476,3.1050086
2018-12-05 06:45:00,4.9,4.61,3.64,23.11,8.423307910463091,3.9187202398903516,4.0789514
2018-12-05 07:00:00,3.85,4.9,3.56,22.5,8.082958898666881,4.285837049727356,9.062982
2018-12-05 07:15:00,3.49,3.85,3.56,22.46,7.467895794672511,3.9571826472908924,4.1793118
2018-12-05 07:30:00,3.2,3.49,3.82,22.93,7.293758437633823,3.9055724688313442,3.8015273
2018-12-05 07:45:00,4.32,3.2,4.54,24.62,7.442310631420856,4.684857691297714,4.8415422
2018-12-05 08:00:00,4.72,4.32,5.94,25.09,7.8228903600458075,6.338057831865266,15.359668
2018-12-05 08:15:00,27.65,4.72,28.4,54.18,15.055018506612974,38.090335886792595,33.86253
2018-12-05 08:30:00,61.56,27.65,55.04,52.27,36.99418864525441,50.79408450439592,52.52353
2018-12-05 08:45:00,57.71,61.56,61.13,51.88,64.30895222676682,66.23018819989326,62.016636
2018-12-05 09:00:00,57.82,57.71,82.33,54.43,64.17542813168163,60.23697542615115,61.256706
2018-12-05 09:15:00,68.08,57.82,82.37,58.72,61.773918692962,59.664242375900876,58.20174
2018-12-05 09:30:00,64.08,68.08,64.08,52.78,64.23072236418253,62.590338602221586,63.05022
2018-12-05 09:45:00,64.76,64.08,59.36,58.97,63.4490870970141,62.30395639448719,63.790325
2018-12-05 10:00:00,62.68,64.76,52.16,51.16,61.098535310307,62.70575243924793,61.367447
2018-12-05 10:15:00,49.28,62.68,56.95,50.0,59.2896584498388,61.91684621607778,62.554375
2018-12-05 10:30:00,56.52,49.28,53.42,48.56,52.115203633913524,56.64022200958828,54.84922
2018-12-05 10:45:00,59.04,56.52,58.86,66.2,58.6666427528612,57.957387010122815,56.771362
2018-12-05 11:00:00,66.85,59.04,59.98,62.1,58.07050168434476,57.4830449467996,58.576084
2018-12-05 11:15:00,68.83,66.85,61.24,51.98,64.26331142292895,59.44384320030507,60.703625
2018-12-05 11:30:00,60.3,68.83,84.1,53.89,66.3411920846759,63.14245998152462,64.06284
2018-12-05 11:45:00,53.21,60.3,63.86,63.94,60.06579282174738,60.716565291976764,60.79485
2018-12-05 12:00:00,40.97,53.21,49.86,51.77,51.40255877567086,57.44742894861247,51.22295
2018-12-05 12:15:00,10.69,40.97,6.91,8.5,31.528099417846207,9.463102999052605,5.702787
2018-12-05 12:30:00,9.43,10.69,7.38,6.98,11.270563968406218,6.451996012321354,5.687335
2018-12-05 12:45:00,10.33,9.43,6.62,7.42,10.091248937908961,8.459139745422119,9.292273
2018-12-05 13:00:00,26.68,10.33,6.55,8.28,9.73984581476364,9.40982463277526,8.638442
2018-12-05 13:15:00,43.34,26.68,32.51,60.88,31.840931183630712,43.443838957081255,52.137516
2018-12-05 13:30:00,46.51,43.34,57.28,71.89,49.24461699610872,51.91308073927433,51.19138
2018-12-05 13:45:00,50.44,46.51,55.51,79.24,52.64350931956048,54.19407621882278,53.607033
2018-12-05 14:00:00,63.4,50.44,56.12,58.39,51.0988261506158,54.34026957498195,52.23607
2018-12-05 14:15:00,54.36,63.4,58.82,84.46,61.065198390445815,57.32391312459192,57.43498
2018-12-05 14:30:00,61.52,54.36,52.88,62.39,51.492158567832206,56.4562269138222,55.87411
2018-12-05 14:45:00,58.93,61.52,53.46,92.81,59.70408935959668,57.88185778749476,57.00617
2018-12-05 15:00:00,85.46,58.93,62.96,98.53,58.03453799027308,58.723853304425454,57.83802
2018-12-05 15:15:00,109.3,85.46,64.62,105.91,80.215453945748,79.62916461111082,75.943634
2018-12-05 15:30:00,87.16,109.3,60.01,96.91,96.77479951281508,90.26721965015282,86.73717
2018-12-05 15:45:00,96.01,87.16,55.66,65.66,78.88580384465466,93.79274515887569,97.60411
2018-12-05 16:00:00,105.91,96.01,53.82,73.44,83.31561774890727,93.61012537664794,89.84016
2018-12-05 16:15:00,68.18,105.91,71.86,100.84,93.14424523994066,90.02478420664482,91.45564
2018-12-05 16:30:00,64.91,68.18,60.73,97.63,67.14629652776671,85.35856208271802,84.65201
2018-12-05 16:45:00,56.05,64.91,68.22,83.3,63.465016276199805,70.65763810454649,69.22758
2018-12-05 17:00:00,62.96,56.05,80.46,111.78,61.021579564599094,59.746611982166144,59.04942
2018-12-05 17:15:00,47.12,62.96,61.52,83.74,61.79958910362967,62.867467107992546,60.35744
2018-12-05 17:30:00,44.57,47.12,71.1,90.11,51.25752129445556,55.14122009331697,49.08626
2018-12-05 17:45:00,44.24,44.57,35.21,37.91,40.75190899123202,34.04148182765457,30.847755
2018-12-05 18:00:00,27.32,44.24,30.31,31.68,38.524782494743675,32.06214024755402,32.82597
2018-12-05 18:15:00,5.87,27.32,43.56,35.17,28.43549371970719,24.719212342576974,27.918959
2018-12-05 18:30:00,5.36,5.87,40.97,60.73,16.82494727225272,5.261597582302584,5.5552845
2018-12-05 18:45:00,5.47,5.36,38.56,50.44,15.351766523386633,5.003728530039375,5.1223316
2018-12-05 19:00:00,5.58,5.47,41.65,62.21,16.07831519213194,5.073358198812017,6.426999
2018-12-05 19:15:00,5.58,5.58,49.07,50.65,14.230562724791067,5.205820646021779,6.233947
2018-12-05 19:30:00,5.47,5.58,40.46,54.07,14.33850717370432,5.156410838115238,5.6614113
2018-12-05 19:45:00,5.44,5.47,48.64,40.86,13.861316219672169,5.1145095299037475,5.62903
2018-12-05 20:00:00,5.44,5.44,49.75,50.8,13.367889938203461,5.080893013048418,5.7719717
2018-12-05 20:15:00,5.44,5.44,48.89,49.82,13.066727831602401,5.072635219113183,4.712899
2018-12-05 20:30:00,5.51,5.44,37.84,41.44,11.994054544075173,5.0948750664598625,5.688849
2018-12-05 20:45:00,5.44,5.51,30.67,20.45,8.727278399110311,5.152172000223404,5.7010007
2018-12-05 21:00:00,4.82,5.44,5.08,8.86,4.055469169488553,5.01855261523636,5.2319007
2018-12-05 21:15:00,4.28,4.82,5.69,6.34,2.0314327843518996,4.670515990999585,4.683274
2018-12-05 21:30:00,4.25,4.28,5.44,5.54,1.7601322686159229,4.115024358707003,4.2086015
2018-12-05 21:45:00,4.28,4.25,5.4,5.54,1.9819160913492269,4.119521241953055,4.1946654
2018-12-05 22:00:00,4.36,4.28,5.44,5.54,1.5727279270219334,4.14751125335857,4.1512046
2018-12-05 22:15:00,4.03,4.36,5.26,5.18,1.8612961639093122,4.163385651503641,4.113343
2018-12-05 22:30:00,4.0,4.03,4.64,5.22,1.855233783766213,3.9885949649080232,3.8985014
2018-12-05 22:45:00,4.03,4.0,3.92,5.15,2.097918716569449,3.9669440308591684,3.897419
2018-12-05 23:00:00,4.0,4.03,3.96,5.11,1.675604573690972,3.9880845788843233,3.9318314
2018-12-05 23:15:00,4.0,4.0,3.92,5.11,1.9326376636139706,3.965507963934232,3.8654513
2018-12-05 23:30:00,3.92,4.0,3.85,4.61,2.176868078885402,3.9638010298597175,3.869822
2018-12-05 23:45:00,4.0,3.92,3.89,3.92,2.353689404480175,3.920485628594178,3.8684564
2018-12-06 00:00:00,4.0,4.0,3.96,4.07,2.4762739617947886,4.413806614544756,3.8741846
2018-12-06 00:15:00,3.96,4.0,3.89,3.89,2.7551497404662477,3.961333093906729,3.9073868
2018-12-06 00:30:00,4.79,3.96,3.92,4.03,3.0442001877409197,3.9265595929129304,3.9355688
2018-12-06 00:45:00,5.18,4.79,3.89,4.0,3.971746500500579,4.391735954077743,4.108105
2018-12-06 01:00:00,4.03,5.18,3.96,4.0,3.924337444863543,4.4913074892733835,4.858209
2018-12-06 01:15:00,3.92,4.03,3.78,4.0,3.485526232341492,3.9673169656480254,3.8670595
2018-12-06 01:30:00,4.0,3.92,3.85,4.0,3.6837133093679277,3.918887196923798,3.923381
2018-12-06 01:45:00,3.92,4.0,3.82,4.1,3.914526663621313,3.954835187123815,3.9452298
2018-12-06 02:00:00,4.07,3.92,3.82,4.0,3.439453297810335,3.9241596869802544,3.9353497
2018-12-06 02:15:00,3.46,4.07,3.85,3.96,3.8458977277553785,3.9943577055262085,4.0454903
2018-12-06 02:30:00,3.28,3.46,4.64,4.03,3.810340023657055,3.4174818443328414,3.4817188
2018-12-06 02:45:00,3.38,3.28,4.86,4.03,4.010950083521973,3.310764442564986,3.29375
2018-12-06 03:00:00,3.31,3.38,3.82,4.79,3.667485868436671,3.3720641016850976,3.3291657
2018-12-06 03:15:00,3.35,3.31,3.49,5.15,3.899906934503793,3.3571071774282153,3.3381941
2018-12-06 03:30:00,3.35,3.35,3.13,4.18,4.021908308140457,3.384254447796905,3.3544178
2018-12-06 03:45:00,3.38,3.35,3.2,4.0,4.237255675497337,3.3797892625220554,3.3452954
2018-12-06 04:00:00,3.42,3.38,3.13,4.0,3.8296391613382177,3.3886988179772968,3.3571696
2018-12-06 04:15:00,3.31,3.42,3.1,4.07,4.108819134718239,3.417305984991012,3.3974433
2018-12-06 04:30:00,4.61,3.31,3.17,3.71,4.261168552320385,3.346763763537341,3.3253932
2018-12-06 04:45:00,5.04,4.61,3.06,3.35,5.481393724919634,3.833410685191014,3.8132894
2018-12-06 05:00:00,4.07,5.04,3.17,3.35,5.367308868506701,4.181489575247131,5.5035973
2018-12-06 05:15:00,3.71,4.07,3.06,3.38,4.884620773157998,3.6316594547515715,3.670084
2018-12-06 05:30:00,3.31,3.71,3.1,3.46,4.7436916038948596,3.7119711785957588,3.7068262
2018-12-06 05:45:00,3.31,3.31,3.02,3.38,4.6137299504132265,3.3021201249755023,3.2729497
2018-12-06 06:00:00,3.38,3.31,3.1,3.38,4.1023304705794175,3.319364332510928,3.3089194
2018-12-06 06:15:00,3.31,3.38,3.02,3.35,4.233450026344968,3.3701454147167857,3.3630617
2018-12-06 06:30:00,3.28,3.31,4.61,3.31,4.5767947815262175,3.3507037734046774,3.3144388
2018-12-06 06:45:00,3.31,3.28,4.9,3.71,4.768421784340205,3.3549850789949685,3.3334203
2018-12-06 07:00:00,3.24,3.31,3.85,4.68,4.241554910301428,3.366840302898379,3.4958186
2018-12-06 07:15:00,3.28,3.24,3.49,3.89,4.246624866838037,3.3497535937573617,3.2699676
2018-12-06 07:30:00,3.46,3.28,3.2,4.25,4.4554051494947124,3.699537346980021,3.7311792
2018-12-06 07:45:00,4.21,3.46,4.32,5.62,4.967230593888964,4.412750301426015,4.3280215
2018-12-06 08:00:00,6.44,4.21,4.72,5.69,5.046788058848605,5.079586849820196,4.922859
2018-12-06 08:15:00,32.29,6.44,27.65,41.58,14.399523486845816,37.61441233323777,36.89778
2018-12-06 08:30:00,64.98,32.29,61.56,73.98,42.23625280213365,57.33628582297704,56.769066
2018-12-06 08:45:00,60.84,64.98,57.71,88.06,69.08045424543296,65.66561902858278,66.353775
2018-12-06 09:00:00,59.87,60.84,57.82,100.58,68.16064957856139,62.28320931787504,63.689396
2018-12-06 09:15:00,67.0,59.87,68.08,82.08,63.90986922112418,60.68066568821516,59.322704
2018-12-06 09:30:00,71.17,67.0,64.08,102.82,66.52559403186697,63.99884198717314,63.327736
2018-12-06 09:45:00,76.86,71.17,64.76,128.41,73.23693690278084,68.40019593663153,66.97861
2018-12-06 10:00:00,66.67,76.86,62.68,104.26,74.24208344996406,73.04544563060315,75.756256
2018-12-06 10:15:00,63.18,66.67,49.28,104.9,65.99861270456071,66.87901861678095,65.77337
2018-12-06 10:30:00,68.87,63.18,56.52,116.71,66.56061311835263,65.8633908502876,64.46566
2018-12-06 10:45:00,71.06,68.87,59.04,93.02,68.55647969942483,66.14168310817547,64.328125
2018-12-06 11:00:00,62.78,71.06,66.85,56.05,66.39619590476606,70.02902849572854,67.884674
2018-12-06 11:15:00,60.88,62.78,68.83,55.55,61.596736753949045,63.82418174851887,63.44151
2018-12-06 11:30:00,74.45,60.88,60.3,57.35,59.2592630332405,61.6700363178462,60.059483
2018-12-06 11:45:00,67.82,74.45,53.21,64.58,68.81183976673375,69.5091460530764,67.23302
2018-12-06 12:00:00,69.26,67.82,40.97,46.01,60.665990920171026,64.58301686837014,62.802155
2018-12-06 12:15:00,9.94,69.26,10.69,9.36,52.39060260223574,11.974468141237962,9.84741
2018-12-06 12:30:00,6.88,9.94,9.43,6.84,12.092717908206364,6.829790596896996,5.872138
2018-12-06 12:45:00,7.02,6.88,10.33,6.19,9.864967037289386,7.032454798304725,8.534285
2018-12-06 13:00:00,6.95,7.02,26.68,6.34,9.10125226939968,7.688768321612669,8.122704
2018-12-06 13:15:00,35.78,6.95,43.34,40.21,15.113063856535751,41.56275458351754,35.467773
2018-12-06 13:30:00,61.78,35.78,46.51,62.24,41.82453855715063,67.76745426516246,63.449524
2018-12-06 13:45:00,60.8,61.78,50.44,77.36,63.15249854662099,63.833051959425504,61.917484
2018-12-06 14:00:00,71.78,60.8,63.4,64.76,63.17091590756124,61.648635459088325,61.352898
2018-12-06 14:15:00,72.11,71.78,54.36,57.28,65.57030988728931,69.18611888773597,64.68871
2018-12-06 14:30:00,68.22,72.11,61.52,50.54,62.9241504180941,69.76688829976696,67.433044
2018-12-06 14:45:00,73.44,68.22,58.93,59.51,61.32620082874439,65.57705121786002,64.71223
2018-12-06 15:00:00,56.88,73.44,85.46,57.46,65.12761931915016,71.26873569063272,69.81926
2018-12-06 15:15:00,50.29,56.88,109.3,59.69,56.90332727236723,63.57564260903523,61.88282
2018-12-06 15:30:00,48.78,50.29,87.16,57.67,51.159721154922565,57.699240332184395,54.860107
2018-12-06 15:45:00,48.96,48.78,96.01,66.2,50.979042144649114,55.84913561722617,52.569748
2018-12-06 16:00:00,49.97,48.96,105.91,63.5,51.32258321540489,54.61256960320359,52.15673
2018-12-06 16:15:00,62.28,49.97,68.18,50.36,50.035350034954476,54.636540337924195,52.564095
2018-12-06 16:30:00,47.95,62.28,64.91,70.24,59.776178853712096,58.01094799181791,57.638348
2018-12-06 16:45:00,57.35,47.95,56.05,59.22,48.7064302283144,54.506482515269354,51.780163
2018-12-06 17:00:00,47.77,57.35,62.96,56.88,55.99921130219117,56.611828048577806,55.82975
2018-12-06 17:15:00,48.6,47.77,47.12,59.8,46.268644656719275,53.17357600316777,49.314323
2018-12-06 17:30:00,57.46,48.6,44.57,51.7,46.37472560872321,52.40908460039105,48.266113
2018-12-06 17:45:00,31.86,57.46,44.24,33.59,48.27085743039288,33.05819383383017,30.430082
2018-12-06 18:00:00,31.61,31.86,27.32,33.05,29.188282058275696,31.032732215578168,30.655176
2018-12-06 18:15:00,36.61,31.61,5.87,43.99,30.661057217754628,40.80605270456194,35.037327
2018-12-06 18:30:00,40.07,36.61,5.36,46.91,33.78015923524926,44.73414385862604,45.105305
2018-12-06 18:45:00,37.87,40.07,5.47,59.83,38.72659191881834,42.98700978143235,40.783665
2018-12-06 19:00:00,47.23,37.87,5.58,51.88,35.774810912925226,39.39837329176998,38.934505
2018-12-06 19:15:00,53.03,47.23,5.58,39.89,41.26992390843028,50.03100286278341,47.15773
2018-12-06 19:30:00,38.63,53.03,5.47,39.49,46.04483846830311,52.25706669543888,51.628212
2018-12-06 19:45:00,37.51,38.63,5.44,63.5,37.786734317355624,42.40217243192845,41.167686
2018-12-06 20:00:00,38.3,37.51,5.44,40.57,33.730835822512375,39.59627369378628,39.28187
2018-12-06 20:15:00,54.36,38.3,5.44,39.82,34.45717126912386,42.521695206218155,39.925877
2018-12-06 20:30:00,38.84,54.36,5.51,54.07,48.196925991107676,50.87107018762667,50.823616
2018-12-06 20:45:00,27.72,38.84,5.44,33.41,34.78726718859337,38.335698266305236,39.604286
2018-12-06 21:00:00,8.86,27.72,4.82,27.68,24.20877638671912,11.051587462798642,14.310683
2018-12-06 21:15:00,5.51,8.86,4.28,5.72,7.571937514831301,5.720200108603515,5.1855326
2018-12-06 21:30:00,5.58,5.51,4.25,5.69,4.778539645527562,5.007466075551906,4.7383485
2018-12-06 21:45:00,5.62,5.58,4.28,5.65,4.6338211606552235,5.076892009024237,5.078872
2018-12-06 22:00:00,5.54,5.62,4.36,4.61,3.9943906016773916,5.092968887576256,5.1137156
2018-12-06 22:15:00,5.26,5.54,4.03,4.21,4.64650708879822,5.00922745902985,5.0594926
2018-12-06 22:30:00,5.22,5.26,4.0,4.14,4.201147457368702,4.9471423743353835,4.832152
2018-12-06 22:45:00,5.26,5.22,4.03,4.18,4.11760142578369,4.943895148164737,4.9205995
2018-12-06 23:00:00,4.18,5.26,4.0,4.03,3.132559139494518,4.936403617509878,4.930429
2018-12-06 23:15:00,3.96,4.18,4.0,4.03,2.618099869454941,4.137513912840581,4.0938563
2018-12-06 23:30:00,4.0,3.96,3.92,3.96,2.7508598546839593,3.9270496438152667,3.888537
2018-12-06 23:45:00,4.0,4.0,4.0,4.0,3.064353829476179,3.964756249950338,3.915265
2018-12-07 00:00:00,4.03,4.0,4.0,3.96,3.666633535227618,6.33437378462927,3.767314
2018-12-07 00:15:00,3.96,4.03,3.96,4.07,4.000351605217336,3.9945778557219205,3.9452152
2018-12-07 00:30:00,4.03,3.96,4.79,4.0,4.304791815109699,3.934741497274584,3.9149885
2018-12-07 00:45:00,4.03,4.03,5.18,4.0,4.68792307454105,3.994181142991446,3.9564767
2018-12-07 01:00:00,4.0,4.03,4.03,4.0,4.197597692255737,3.995796839671746,3.9879255
2018-12-07 01:15:00,4.03,4.0,3.92,4.97,4.606945396931405,3.9750545964099033,3.9644394
2018-12-07 01:30:00,4.03,4.03,4.0,5.18,4.975684107898278,3.9939916824881605,3.999802
2018-12-07 01:45:00,4.03,4.03,3.92,4.0,5.086670628560022,3.993791766024782,3.9956155
2018-12-07 02:00:00,4.1,4.03,4.07,4.0,4.691088683960746,3.9954940802355954,3.989984
2018-12-07 02:15:00,4.0,4.1,3.46,4.1,5.003241181241972,4.016131968764715,4.076055
2018-12-07 02:30:00,4.72,4.0,3.28,4.1,5.242426607465948,3.974614636001796,3.9613624
2018-12-07 02:45:00,4.79,4.72,3.38,4.07,6.100351177653131,4.395473212802314,4.1849008
2018-12-07 03:00:00,4.14,4.79,3.31,3.85,5.764539581348426,4.418632800247149,4.202892
2018-12-07 03:15:00,4.07,4.14,3.35,3.46,5.550356452545675,4.081785434692539,3.9962947
2018-12-07 03:30:00,4.03,4.07,3.35,3.42,5.642465550567447,3.9942828766235507,4.055939
2018-12-07 03:45:00,4.0,4.03,3.38,3.46,5.836321006701933,3.9913222098634584,3.9704907
2018-12-07 04:00:00,3.42,4.0,3.42,3.42,5.374671826581533,3.9931264456784703,3.9727263
2018-12-07 04:15:00,3.49,3.42,3.31,3.42,5.24876603437551,3.389207556120546,3.477608
2018-12-07 04:30:00,3.46,3.49,4.61,3.46,5.6830796692153704,3.4379756487967614,3.4668686
2018-12-07 04:45:00,3.38,3.46,5.04,3.46,5.935114160440843,3.4187454096786754,3.537287
2018-12-07 05:00:00,3.42,3.38,4.07,3.46,5.322384500030154,3.3819052731539845,3.3941178
2018-12-07 05:15:00,3.42,3.42,3.71,3.46,5.5143815647826635,3.4165860966944948,3.4200678
2018-12-07 05:30:00,3.74,3.42,3.31,3.92,5.728617310627097,3.416057409654021,3.431642
2018-12-07 05:45:00,4.07,3.74,3.31,4.93,6.227856183219789,3.7132634958055335,3.7471604
2018-12-07 06:00:00,3.49,4.07,3.38,5.11,5.969020167486292,3.9131928559669933,3.8256323
2018-12-07 06:15:00,3.42,3.49,3.31,3.67,5.5636658503825345,3.423208912285184,3.4021516
2018-12-07 06:30:00,3.64,3.42,3.28,3.42,5.67720131990508,3.395800744699199,3.420419
2018-12-07 06:45:00,4.1,3.64,3.31,3.31,5.951295005489644,3.6435569024443795,3.5502872
2018-12-07 07:00:00,4.0,4.1,3.24,3.35,5.747669023773529,3.9303459761142197,3.893944
2018-12-07 07:15:00,4.0,4.0,3.28,3.28,5.875803926077332,3.896800519101707,3.733629
2018-12-07 07:30:00,3.82,4.0,3.46,3.74,6.123640747453383,4.199039441428021,3.9530041
2018-12-07 07:45:00,4.54,3.82,4.21,5.22,6.288568635870117,4.53136158761888,4.450914
2018-12-07 08:00:00,4.79,4.54,6.44,5.33,6.454445435852271,5.389755564191795,4.365479
2018-12-07 08:15:00,47.66,4.79,32.29,35.57,13.779954807568794,33.45542036793503,28.605196
2018-12-07 08:30:00,60.19,47.66,64.98,62.71,54.48200478836074,72.71822003042314,68.99378
2018-12-07 08:45:00,60.19,60.19,60.84,63.18,65.09816727706655,61.52165086604678,61.749336
2018-12-07 09:00:00,53.32,60.19,59.87,68.11,65.72335487218179,61.0293676760871,62.36227
2018-12-07 09:15:00,58.86,53.32,67.0,51.48,55.773527369618066,57.21956104983163,55.9023
2018-12-07 09:30:00,49.5,58.86,71.17,57.67,58.340159058406805,57.6458003855862,58.258255
2018-12-07 09:45:00,48.42,49.5,76.86,59.26,52.744156541776555,55.5805955307492,53.696465
2018-12-07 10:00:00,62.78,48.42,66.67,63.22,50.83844302721397,53.524722900911726,52.320774
2018-12-07 10:15:00,48.02,62.78,63.18,49.21,60.089727743128506,56.861902264907464,59.048332
2018-12-07 10:30:00,46.22,48.02,68.87,60.34,52.45331926835236,54.37261166433382,52.36482
2018-12-07 10:45:00,57.46,46.22,71.06,73.26,53.34734468398244,52.943069716745846,52.302814
2018-12-07 11:00:00,48.78,57.46,62.78,60.34,57.81128872288964,55.913668057674776,58.245262
2018-12-07 11:15:00,47.02,48.78,60.88,69.62,53.2564497995472,54.364128720658776,52.655518
2018-12-07 11:30:00,58.0,47.02,74.45,54.18,51.49209120648061,53.211155331880626,52.24819
2018-12-07 11:45:00,51.48,58.0,67.82,49.32,56.87362044048294,56.142038082651915,57.523407
2018-12-07 12:00:00,44.28,51.48,69.26,61.06,52.844789223076084,53.58907452113914,49.593624
2018-12-07 12:15:00,26.6,44.28,9.94,5.65,34.77169559506372,8.22596563294892,8.232211
2018-12-07 12:30:00,12.49,26.6,6.88,6.34,22.011611786960586,10.272518240221103,10.356816
2018-12-07 12:45:00,9.79,12.49,7.02,6.48,12.73570045777302,6.861706804489859,7.530648
2018-12-07 13:00:00,10.76,9.79,6.95,6.41,10.279066362572294,8.449388801078383,8.489793
2018-12-07 13:15:00,44.06,10.76,35.78,41.76,17.795122939030623,31.62888355877773,30.170233
2018-12-07 13:30:00,49.82,44.06,61.78,62.96,48.83390900399155,56.81910836754789,60.01674
2018-12-07 13:45:00,54.36,49.82,60.8,50.72,52.61499138715128,55.824518452901685,54.356556
2018-12-07 14:00:00,55.98,54.36,71.78,48.24,56.80409100527062,57.37192677394795,56.628517
2018-12-07 14:15:00,56.48,55.98,72.11,50.29,54.44601741364649,55.612465340919336,55.90212
2018-12-07 14:30:00,47.41,56.48,68.22,51.77,53.2367955332917,56.26794667937606,56.052486
2018-12-07 14:45:00,47.95,47.41,73.44,52.96,47.14966614312138,52.6611746722163,51.93044
2018-12-07 15:00:00,58.86,47.95,56.88,44.71,46.04793695857392,51.82445744466329,51.753227
2018-12-07 15:15:00,50.08,58.86,50.29,51.19,55.570996889463295,56.32163897726852,57.298153
2018-12-07 15:30:00,51.88,50.08,48.78,42.77,48.425297644554306,53.077534623184434,52.309395
2018-12-07 15:45:00,53.82,51.88,48.96,41.72,49.9058746046578,53.98429803672217,54.477833
2018-12-07 16:00:00,49.9,53.82,49.97,45.72,50.91038752471819,55.75470616960749,55.89573
2018-12-07 16:15:00,57.1,49.9,62.28,67.68,51.63702929397951,54.071094642753856,53.0498
2018-12-07 16:30:00,50.33,57.1,47.95,44.75,52.312392089178005,55.887966946456835,57.492596
2018-12-07 16:45:00,68.54,50.33,57.35,48.28,48.808917318187454,54.464623934358144,53.134754
2018-12-07 17:00:00,60.12,68.54,47.77,66.13,64.6912370913924,58.721934601864376,55.879013
2018-12-07 17:15:00,72.11,60.12,48.6,44.42,54.88880392382879,57.96703978705783,57.14971
2018-12-07 17:30:00,46.33,72.11,57.46,49.43,65.42846826766988,62.67147271308504,59.69531
2018-12-07 17:45:00,34.16,46.33,31.86,28.8,40.78453785433297,34.47032738601316,29.749998
2018-12-07 18:00:00,30.35,34.16,31.61,28.66,31.49658194318615,31.975326889733005,32.178436
2018-12-07 18:15:00,42.48,30.35,36.61,42.84,30.675550030553225,38.045631580410685,34.878777
2018-12-07 18:30:00,52.85,42.48,40.07,50.54,40.16498399111913,48.59359475112161,46.37753
2018-12-07 18:45:00,58.97,52.85,37.87,45.61,49.077099199707575,52.793786095169395,52.343445
2018-12-07 19:00:00,57.17,58.97,47.23,63.11,55.719815382452246,54.775404036884694,55.11131
2018-12-07 19:15:00,44.39,57.17,53.03,44.96,53.25242903141427,56.70752416478321,56.25878
2018-12-07 19:30:00,47.84,44.39,38.63,66.46,43.231632132437596,50.27435160141445,47.2908
2018-12-07 19:45:00,54.07,47.84,37.51,45.61,43.467424654693936,50.9051902118513,47.545715
2018-12-07 20:00:00,43.38,54.07,38.3,38.09,46.73391165414647,51.01800448601166,50.56407
2018-12-07 20:15:00,57.64,43.38,54.36,54.79,43.25004996142306,47.3637502833448,45.048508
2018-12-07 20:30:00,41.72,57.64,38.84,52.63,51.9052234840257,51.79856607961685,52.23729
2018-12-07 20:45:00,31.9,41.72,27.72,37.91,38.40804814273453,40.05974788663309,41.35738
2018-12-07 21:00:00,19.69,31.9,8.86,9.14,25.805569159223964,18.83670473455396,17.603775
2018-12-07 21:15:00,5.62,19.69,5.51,5.69,15.092732014865279,6.132250595153939,6.023595
2018-12-07 21:30:00,5.62,5.62,5.58,5.58,5.697217726207576,5.0855114860835,4.863436
2018-12-07 21:45:00,5.15,5.62,5.62,5.47,5.850023237970699,5.108718642948058,5.2331414
2018-12-07 22:00:00,4.28,5.15,5.54,5.44,4.494521293211758,4.976936390795329,4.8651357
2018-12-07 22:15:00,4.0,4.28,5.26,5.22,4.473269160879006,4.194345831810741,4.1688423
2018-12-07 22:30:00,4.07,4.0,5.22,5.18,4.005157170227154,4.018861349867778,3.8726368
2018-12-07 22:45:00,4.03,4.07,5.26,5.11,4.026258502956434,4.023184564505767,4.0037265
2018-12-07 23:00:00,4.0,4.03,4.18,3.92,3.036523917350465,4.039387692699359,3.9516177
2018-12-07 23:15:00,3.96,4.0,3.96,3.92,2.8682673253122317,4.03116700096476,3.8968844
2018-12-07 23:30:00,4.03,3.96,4.0,3.89,3.13333888939626,3.99007241523527,3.8773103
2018-12-07 23:45:00,4.0,4.03,4.0,3.82,3.470241646556861,4.036200818060895,3.9467564
2018-12-08 00:00:00,3.78,4.0,4.03,3.35,1.1187013092206008,6.92871281740669,3.6591735
2018-12-08 00:15:00,4.0,3.78,3.96,3.89,1.3076506588696297,3.8005942582911634,3.797976
2018-12-08 00:30:00,3.96,4.0,4.03,3.85,1.784255997317576,4.051360037726611,4.0162215
2018-12-08 00:45:00,4.0,3.96,4.03,3.89,2.0705941785865782,3.982094414471963,3.945858
2018-12-08 01:00:00,4.0,4.0,4.0,3.89,1.7104930983857685,4.0306280225128495,3.9259825
2018-12-08 01:15:00,5.15,4.0,4.03,4.03,2.03412145430973,4.019200974603816,3.9694004
2018-12-08 01:30:00,4.79,5.15,4.03,3.89,3.251252060880706,4.517735386387005,4.7642474
2018-12-08 01:45:00,3.96,4.79,4.03,3.92,3.2451396413578735,4.3806962448512365,3.9917014
2018-12-08 02:00:00,3.96,3.96,4.1,3.92,2.259919707817758,3.9908806789680438,3.8624947
2018-12-08 02:15:00,4.1,3.96,4.0,3.96,2.468748753904496,3.992093322057117,3.9147117
2018-12-08 02:30:00,4.0,4.1,4.72,4.03,2.936210427607957,4.065407355019994,4.0486665
2018-12-08 02:45:00,4.0,4.0,4.79,4.14,3.1878002784109434,4.029195504067649,3.9495585
2018-12-08 03:00:00,4.0,4.0,4.14,5.08,2.811519349656958,4.028623810406312,3.9572341
2018-12-08 03:15:00,3.96,4.0,4.07,4.72,3.06815236548211,4.033172703369746,3.9482398
2018-12-08 03:30:00,3.64,3.96,4.03,3.96,3.177743962475656,3.995997692029466,3.9314857
2018-12-08 03:45:00,3.38,3.64,4.0,3.92,3.1748923727918132,3.6864172716469854,3.667095
2018-12-08 04:00:00,3.31,3.38,3.42,3.35,2.476925379554295,3.3328545409620554,3.3506966
2018-12-08 04:15:00,3.35,3.31,3.49,3.28,2.659079641320382,3.309285650977995,3.3154805
2018-12-08 04:30:00,3.35,3.35,3.46,3.35,2.9832807825082064,3.372318919407931,3.376476
2018-12-08 04:45:00,3.42,3.35,3.38,3.24,3.2332184602781133,3.3656882699028334,3.3856225
2018-12-08 05:00:00,3.49,3.42,3.42,3.31,2.804937178412626,3.402315207312942,3.3847804
2018-12-08 05:15:00,4.0,3.49,3.42,3.31,3.042486602307619,3.4265249326089604,3.4177563
2018-12-08 05:30:00,3.53,4.0,3.74,3.28,3.6381968845001573,3.749585754128533,3.730764
2018-12-08 05:45:00,3.35,3.53,4.07,3.28,3.4582980342968206,3.5182229091492534,3.47448
2018-12-08 06:00:00,3.38,3.35,3.49,3.2,2.745429311278439,3.308975349320161,3.3041694
2018-12-08 06:15:00,4.03,3.38,3.42,3.46,2.9181066114856584,3.3510287216831744,3.364049
2018-12-08 06:30:00,4.03,4.03,3.64,4.03,3.677655668919538,3.987236025399125,3.8319452
2018-12-08 06:45:00,4.0,4.03,4.1,3.89,3.885558884047665,3.7058208187856954,3.6755352
2018-12-08 07:00:00,3.78,4.0,4.0,3.89,3.292183929741473,3.8384570988010487,3.753918
2018-12-08 07:15:00,3.35,3.78,4.0,4.46,3.293226700411804,3.801391220487668,3.7936828
2018-12-08 07:30:00,3.31,3.35,3.82,3.67,3.0943955713399056,3.6235616516334797,3.437092
2018-12-08 07:45:00,3.53,3.31,4.54,3.46,3.2320473196333026,4.421146733970585,3.6026757
2018-12-08 08:00:00,3.67,3.53,4.79,3.46,2.9318220270639657,4.166681475632852,3.6742194
2018-12-08 08:15:00,29.23,3.67,47.66,3.71,9.100349906146125,20.445552509706687,22.406704
2018-12-08 08:30:00,38.16,29.23,60.19,4.72,33.42221254000886,39.008690484026225,47.89589
2018-12-08 08:45:00,33.08,38.16,60.19,4.46,41.057843976691615,41.46932839238812,38.984802
2018-12-08 09:00:00,51.52,33.08,53.32,5.22,36.74238467217691,35.091684056991404,35.204018
2018-12-08 09:15:00,47.77,51.52,58.86,28.58,50.662049580573296,47.5287525920959,49.25274
2018-12-08 09:30:00,42.05,47.77,49.5,30.56,46.004312747413984,48.02023737517769,46.33004
2018-12-08 09:45:00,32.4,42.05,48.42,28.08,42.642806516729586,43.455176630700926,40.94422
2018-12-08 10:00:00,31.43,32.4,62.78,28.58,34.40376034106273,35.67377513538259,33.98993
2018-12-08 10:15:00,31.57,31.43,48.02,28.73,32.592501588907666,37.63568547225865,32.972813
2018-12-08 10:30:00,31.43,31.57,46.22,29.56,33.17930778814104,35.53049831425152,32.680325
2018-12-08 10:45:00,47.66,31.43,57.46,30.06,34.37234018049913,33.965587385197416,32.732132
2018-12-08 11:00:00,49.28,47.66,48.78,29.2,46.22308719030581,47.220733610205976,48.254307
2018-12-08 11:15:00,38.16,49.28,47.02,27.94,47.624538681244964,46.194970613120134,48.7654
2018-12-08 11:30:00,44.14,38.16,58.0,27.94,40.84235151963536,41.353386582813236,38.240383
2018-12-08 11:45:00,38.27,44.14,51.48,25.63,41.79314226355112,46.495129543160026,41.75964
2018-12-08 12:00:00,22.46,38.27,44.28,3.64,33.701713686064856,38.21806691677743,31.404308
2018-12-08 12:15:00,3.92,22.46,26.6,3.85,17.92904848053305,10.583266064983547,3.7605233
2018-12-08 12:30:00,4.57,3.92,12.49,3.71,3.7244209314948833,4.1614078621602655,4.163684
2018-12-08 12:45:00,5.36,4.57,9.79,3.74,4.059123702351005,4.638303967796919,4.8057775
2018-12-08 13:00:00,6.08,5.36,10.76,3.71,4.4957522256697935,5.862414490779591,8.080066
2018-12-08 13:15:00,34.09,6.08,44.06,11.3,10.09745773900249,20.266047621484745,19.594255
2018-12-08 13:30:00,55.69,34.09,49.82,27.29,35.15961451688835,56.97255059442707,48.74152
2018-12-08 13:45:00,40.61,55.69,54.36,26.86,52.31540923767653,53.731142263107095,50.903812
2018-12-08 14:00:00,50.51,40.61,55.98,25.31,41.9304263243256,41.25843458576209,39.485382
2018-12-08 14:15:00,37.98,50.51,56.48,26.21,45.90499125115214,46.561339846189995,47.396717
2018-12-08 14:30:00,48.89,37.98,47.41,26.28,34.484796465256345,41.546442933886,38.26955
2018-12-08 14:45:00,37.73,48.89,47.95,18.68,42.42126525228475,44.796919894643494,45.95153
2018-12-08 15:00:00,40.03,37.73,58.86,5.18,34.11831277359555,39.85749199952926,37.879677
2018-12-08 15:15:00,43.67,40.03,50.08,5.08,37.0289924504303,41.89658101869639,39.696312
2018-12-08 15:30:00,46.15,43.67,51.88,4.75,38.72034946790406,46.21380235851149,41.99175
2018-12-08 15:45:00,49.68,46.15,53.82,4.75,40.933059146033074,46.26803681080273,46.30926
2018-12-08 16:00:00,49.32,49.68,49.9,4.72,43.481734046234436,45.79119533172487,47.008713
2018-12-08 16:15:00,49.46,49.32,57.1,4.64,43.3488422888826,47.673582697866074,47.24025
2018-12-08 16:30:00,49.54,49.46,50.33,4.72,41.85547784350007,46.4430398297987,47.055298
2018-12-08 16:45:00,34.63,49.54,68.54,4.68,43.08573913890856,45.50096241464064,46.85529
2018-12-08 17:00:00,27.0,34.63,60.12,4.64,33.13503610703519,35.19881473018836,29.956842
2018-12-08 17:15:00,9.9,27.0,72.11,4.79,27.827480287118732,21.862055426717973,21.501009
2018-12-08 17:30:00,5.22,9.9,46.33,4.75,14.295680458532047,5.933006686910741,4.764141
2018-12-08 17:45:00,5.29,5.22,34.16,4.72,7.791376963463303,4.936569512751251,4.2723536
2018-12-08 18:00:00,5.22,5.29,30.35,4.68,5.819278954445998,4.955461728070836,4.1958194
2018-12-08 18:15:00,5.18,5.22,42.48,5.76,7.3328655704300125,4.940932480018496,4.9361405
2018-12-08 18:30:00,5.15,5.18,52.85,5.4,8.405373725165855,4.934814821110768,4.8089647
2018-12-08 18:45:00,5.33,5.15,58.97,4.79,8.974553340389747,4.922013013900496,4.6798787
2018-12-08 19:00:00,5.15,5.33,57.17,4.79,8.004744693698449,4.963673086192206,5.845051
2018-12-08 19:15:00,4.1,5.15,44.39,4.79,7.242426565545099,4.942773200912271,5.954005
2018-12-08 19:30:00,4.14,4.1,47.84,4.79,5.73855002373854,4.054940401738669,4.154067
2018-12-08 19:45:00,4.1,4.14,54.07,4.9,6.828928625154052,4.17056391468954,4.2265553
2018-12-08 20:00:00,4.14,4.1,43.38,4.75,5.828542319770616,4.055316256443134,4.1667943
2018-12-08 20:15:00,4.1,4.14,57.64,4.79,7.433150582990386,4.169531716377856,4.1277
2018-12-08 20:30:00,4.03,4.1,41.72,4.75,5.477789984116811,4.060658466821295,4.2008266
2018-12-08 20:45:00,4.14,4.03,31.9,4.82,4.3405811834918815,4.034405301844403,3.9797866
2018-12-08 21:00:00,4.1,4.14,19.69,4.82,1.0476501356002146,4.16285957575984,4.055723
2018-12-08 21:15:00,4.14,4.1,5.62,4.75,-0.7517978557079701,4.060327266167305,4.1077127
2018-12-08 21:30:00,4.1,4.14,5.62,4.79,-0.5450596093660955,4.155332520648329,4.110963
2018-12-08 21:45:00,4.14,4.1,5.15,4.79,-0.3579361899628708,4.055738899715622,4.1407413
2018-12-08 22:00:00,4.1,4.14,4.28,4.9,-0.7762842190821253,4.160326542010422,4.11003
2018-12-08 22:15:00,3.82,4.1,4.0,5.76,-0.478079212741612,4.050085916953802,3.9975107
2018-12-08 22:30:00,3.89,3.82,4.07,4.61,-0.5150921802681481,3.817078487174859,3.775533
2018-12-08 22:45:00,5.0,3.89,4.03,3.42,-0.268515529536689,3.8952261967449355,3.8426
2018-12-08 23:00:00,4.75,5.0,4.0,3.42,0.16431723270014587,4.449684573522496,4.0089808
2018-12-08 23:15:00,3.82,4.75,3.96,3.28,0.3092296286451841,4.1452079250041525,3.8538425
2018-12-08 23:30:00,3.71,3.82,4.03,3.38,-0.03759495215716058,3.8227788824777424,3.6305583
2018-12-08 23:45:00,3.82,3.71,4.0,3.31,0.11816589531896327,3.759147815232093,3.694245
2018-12-09 00:00:00,3.17,3.82,3.78,4.36,-0.20104400825531243,8.486474585781052,3.5819361
2018-12-09 00:15:00,3.74,3.17,4.0,3.35,-0.44360813220071194,3.209903537834141,3.270295
2018-12-09 00:30:00,3.74,3.74,3.96,3.35,0.2867560673046796,3.7563338833771356,3.6576493
2018-12-09 00:45:00,3.82,3.74,4.0,3.38,0.6348166838118807,3.760943191985485,3.6792796
2018-12-09 01:00:00,3.85,3.82,4.0,3.89,0.3539117484878602,3.622392640927454,3.6257303
2018-12-09 01:15:00,3.78,3.85,5.15,4.46,0.7524861061467369,3.803776816543393,3.797463
2018-12-09 01:30:00,3.82,3.78,4.79,4.43,0.9941964626698336,3.7679743033505475,3.7503116
2018-12-09 01:45:00,3.78,3.82,3.96,4.14,1.1769730405888623,3.7799200336667695,3.763283
2018-12-09 02:00:00,3.78,3.78,3.96,3.46,0.6801328599266974,3.7256485024701873,3.7701857
2018-12-09 02:15:00,3.17,3.78,4.1,3.38,0.9790926250100007,3.769069877181467,3.7766945
2018-12-09 02:30:00,3.13,3.17,4.0,3.38,0.9135457573351538,3.1909362076638788,3.1647682
2018-12-09 02:45:00,3.35,3.13,4.0,3.38,1.1736843075189292,3.1409853411054756,3.147553
2018-12-09 03:00:00,3.67,3.35,4.0,4.32,0.9352618659123415,3.3724170227682007,3.3383746
2018-12-09 03:15:00,3.02,3.67,3.96,4.64,1.4695480768621252,3.458597040762733,3.4334736
2018-12-09 03:30:00,3.13,3.02,3.64,3.82,1.1313953863715014,3.0937979439391885,3.0310106
2018-12-09 03:45:00,3.06,3.13,3.38,3.46,1.3885314598305918,3.1396325494580375,3.1870918
2018-12-09 04:00:00,3.06,3.06,3.31,3.42,0.8751250800100969,3.1063326931838366,3.0768182
2018-12-09 04:15:00,3.06,3.06,3.35,3.46,1.1276289444829004,3.1150043780856707,3.072591
2018-12-09 04:30:00,3.2,3.06,3.35,4.32,1.4876347716177172,3.1158633598434884,3.1019413
2018-12-09 04:45:00,3.78,3.2,3.42,4.5,1.8814284679801112,3.3201412410104605,3.4621372
2018-12-09 05:00:00,3.78,3.78,3.49,4.54,1.8493395565216773,3.4438876863931123,3.436881
2018-12-09 05:15:00,3.74,3.78,4.0,4.39,2.053657537557786,3.438684151560608,3.4119
2018-12-09 05:30:00,3.74,3.74,3.53,3.35,2.1156952830299325,3.5939285659635116,3.508197
2018-12-09 05:45:00,3.13,3.74,3.35,3.46,2.195906801483602,3.7390764474979923,3.7201607
2018-12-09 06:00:00,3.74,3.13,3.38,3.35,1.2418612465934906,3.1339526311033103,3.1241596
2018-12-09 06:15:00,3.56,3.74,4.03,3.42,1.8884156327944446,3.716297700395315,3.6118405
2018-12-09 06:30:00,3.1,3.56,4.03,3.42,1.9655936653809682,3.524975754104535,3.4303362
2018-12-09 06:45:00,2.95,3.1,4.0,3.38,1.8590295444880987,3.1247263739515723,3.0653784
2018-12-09 07:00:00,3.06,2.95,3.78,3.46,1.106056844425467,2.9816681800863893,2.990407
2018-12-09 07:15:00,3.02,3.06,3.35,3.38,1.2804980853566796,3.10641805849328,3.0831008
2018-12-09 07:30:00,2.95,3.02,3.31,3.46,1.4496977961549362,3.1580437677262005,3.0471935
2018-12-09 07:45:00,3.02,2.95,3.53,3.46,1.5620530232031058,3.13016446035191,3.0361607
2018-12-09 08:00:00,2.99,3.02,3.67,3.49,1.1825922324266145,3.195332191610557,3.025059
2018-12-09 08:15:00,3.13,2.99,29.23,4.57,6.283329348962887,6.077210247580203,6.8718615
2018-12-09 08:30:00,3.74,3.13,38.16,4.54,10.497324662796718,3.5268085050467963,3.4038625
2018-12-09 08:45:00,3.82,3.74,33.08,5.54,11.017045906674724,4.269879028365407,4.8385415
2018-12-09 09:00:00,3.96,3.82,51.52,4.75,11.384859682796485,4.523598783019634,4.274901
2018-12-09 09:15:00,4.03,3.96,47.77,3.74,12.314475821572612,4.129078930297384,4.566275
2018-12-09 09:30:00,3.35,4.03,42.05,3.71,10.821931330039057,4.4768290625573055,4.6631513
2018-12-09 09:45:00,3.31,3.35,32.4,3.6,10.422421043168455,3.757681914677637,3.2481465
2018-12-09 10:00:00,3.89,3.31,31.43,3.56,9.23400381974804,3.8178688933164313,3.25288
2018-12-09 10:15:00,4.03,3.89,31.57,3.6,8.572071906950299,4.142448395925234,4.4355993
2018-12-09 10:30:00,3.31,4.03,31.43,3.64,9.213903780520294,4.219568902902828,4.206945
2018-12-09 10:45:00,3.35,3.31,47.66,3.64,10.420642269993124,3.8032067834607703,3.237661
2018-12-09 11:00:00,3.42,3.35,49.28,3.64,9.657265860729826,3.9113646698916513,3.2955787
2018-12-09 11:15:00,3.35,3.42,38.16,3.64,9.091980663955379,3.894274527209935,3.2903106
2018-12-09 11:30:00,3.31,3.35,44.14,3.56,10.012351242296546,3.7736308580852302,3.212362
2018-12-09 11:45:00,3.38,3.31,38.27,3.64,8.512926134544823,3.9231922400410615,3.3814147
2018-12-09 12:00:00,3.89,3.38,22.46,4.03,5.755873764627822,3.753954083243197,3.0978239
2018-12-09 12:15:00,4.18,3.89,3.92,4.86,0.6531251400438336,3.867538643003197,3.4719937
2018-12-09 12:30:00,4.1,4.18,4.57,4.75,0.20072643963526104,3.99307148574094,3.6170604
2018-12-09 12:45:00,4.1,4.1,5.36,5.36,0.1683749347108261,4.010402813599106,3.5472639
2018-12-09 13:00:00,3.6,4.1,6.08,4.9,0.3125606626308297,4.11961029274284,3.9483435
2018-12-09 13:15:00,3.42,3.6,34.09,3.78,4.571576952140987,3.8307255919446055,4.4320717
2018-12-09 13:30:00,3.42,3.42,55.69,3.64,7.796723908940933,3.924699178896688,3.949036
2018-12-09 13:45:00,3.35,3.42,40.61,3.6,6.862426396127951,3.8639078225879575,3.1071823
2018-12-09 14:00:00,3.92,3.35,50.51,3.6,7.847088800763554,3.92860373798945,3.4080484
2018-12-09 14:15:00,3.78,3.92,37.98,3.6,7.654436904488893,4.369104836380115,4.630741
2018-12-09 14:30:00,3.42,3.78,48.89,3.56,7.407100211563574,4.007268365897312,3.5396402
2018-12-09 14:45:00,3.38,3.42,37.73,3.56,6.602738968171867,3.8681295940751435,3.2183855
2018-12-09 15:00:00,3.46,3.38,40.03,3.64,6.632134995913784,3.767801412632864,3.3163483
2018-12-09 15:15:00,3.42,3.46,43.67,3.6,7.366568900876999,3.7477904357593057,3.3975089
2018-12-09 15:30:00,3.53,3.42,46.15,3.56,6.452226414943059,3.902523044765364,3.4878147
2018-12-09 15:45:00,4.07,3.53,49.68,3.85,6.999960531708734,3.73645653047139,3.9004486
2018-12-09 16:00:00,4.03,4.07,49.32,4.68,7.269438662762507,4.481499600209233,4.4527063
2018-12-09 16:15:00,4.14,4.03,49.46,4.72,7.362766864446851,4.524197724278449,3.680814
2018-12-09 16:30:00,4.0,4.14,49.54,4.72,6.061399705362394,4.120411805216936,4.010398
2018-12-09 16:45:00,3.31,4.0,34.63,3.89,6.127443487169465,3.943681128655877,4.028205
2018-12-09 17:00:00,3.35,3.31,27.0,3.53,5.543516259322189,3.3079286780523014,3.3413818
2018-12-09 17:15:00,3.49,3.35,9.9,3.6,4.557377721990385,3.3469469345759872,3.3048673
2018-12-09 17:30:00,4.1,3.49,5.22,3.6,4.1099141167316375,3.4342923689485088,3.3459105
2018-12-09 17:45:00,3.64,4.1,5.29,3.74,1.7650513869327895,3.6623582086222926,3.6585984
2018-12-09 18:00:00,3.24,3.64,5.22,4.72,0.08618625916982481,3.6517319694078894,3.4112256
2018-12-09 18:15:00,3.28,3.24,5.18,3.89,0.8858062653058099,3.303324702221019,3.2095265
2018-12-09 18:30:00,3.31,3.28,5.15,3.53,1.544496189063711,3.321689730794736,3.3193884
2018-12-09 18:45:00,3.42,3.31,5.33,3.53,2.3530229868630457,3.3359106586586997,3.3288631
2018-12-09 19:00:00,3.64,3.42,5.15,3.56,1.7476724060683253,3.409070969014516,3.3835707
2018-12-09 19:15:00,4.07,3.64,4.1,3.67,2.492113955140656,3.5843215608376493,3.4944248
2018-12-09 19:30:00,4.03,4.07,4.14,3.56,1.9331490039427734,3.706330650396682,3.763918
2018-12-09 19:45:00,4.03,4.03,4.1,4.39,2.74597949699044,3.8791536963802224,3.8129544
2018-12-09 20:00:00,4.0,4.03,4.14,4.72,2.3695989920695766,3.912685621433693,3.9067483
2018-12-09 20:15:00,3.31,4.0,4.1,4.68,3.3298548791488614,3.9186730570394737,3.9601667
2018-12-09 20:30:00,3.31,3.31,4.03,4.75,1.6517614708491841,3.3208523718311085,3.271297
2018-12-09 20:45:00,3.35,3.31,4.14,3.71,0.9081588650459125,3.3281830307182942,3.2681828
2018-12-09 21:00:00,3.35,3.35,4.1,3.53,-1.9754355252785345,3.347716614797225,3.2468805
2018-12-09 21:15:00,3.67,3.35,4.14,3.6,-3.0314409858184987,3.3744611910073705,3.3275006
2018-12-09 21:30:00,4.14,3.67,4.1,3.6,-2.618206135607263,3.5926236878835516,3.5080333
2018-12-09 21:45:00,3.38,4.14,4.14,3.6,-2.0056400225411046,3.696034130999704,3.6836495
2018-12-09 22:00:00,3.28,3.38,4.1,3.56,-2.9681537627321433,3.336072232955574,3.269579
2018-12-09 22:15:00,3.13,3.28,3.82,4.07,-2.803378176974398,3.315087329785101,3.229823
2018-12-09 22:30:00,3.17,3.13,3.89,4.32,-2.660670060941264,3.134643194523406,3.0406637
2018-12-09 22:45:00,3.78,3.17,5.0,3.35,-2.3402415760244644,3.2340473639596206,3.179998
2018-12-09 23:00:00,3.78,3.78,4.75,3.31,-2.302460743511663,3.4853333080886157,3.465221
2018-12-09 23:15:00,3.74,3.78,3.82,3.31,-2.0384444642153277,3.6275045742636696,3.3429227
2018-12-09 23:30:00,3.74,3.74,3.71,3.28,-1.7589391694340293,3.7961399725921647,3.4427881
2018-12-09 23:45:00,3.46,3.74,3.82,3.35,-1.5308939268847581,3.7254349380528615,3.62756
2018-12-10 00:00:00,5.36,3.46,3.17,4.57,3.22930326251927,7.084082923573252,3.6624303
2018-12-10 00:15:00,3.06,5.36,3.74,4.43,4.9707999964909995,5.089136071689683,4.348812
2018-12-10 00:30:00,3.02,3.06,3.74,4.36,3.698944142789916,4.057140594064255,3.1606221
2018-12-10 00:45:00,3.31,3.02,3.82,4.21,4.016651277916342,3.09862444604319,3.085421
2018-12-10 01:00:00,3.85,3.31,3.85,3.35,3.637469783714721,3.32712107477222,3.294231
2018-12-10 01:15:00,3.42,3.85,3.78,3.38,4.408626318980069,3.454961842904979,3.439782
2018-12-10 01:30:00,3.1,3.42,3.82,3.35,4.428792437496149,3.315049697609085,3.112676
2018-12-10 01:45:00,3.1,3.1,3.78,3.42,4.397011620589797,3.123356678360505,3.0733864
2018-12-10 02:00:00,3.17,3.1,3.78,3.49,4.030534519879012,3.1290021809270674,3.0847616
2018-12-10 02:15:00,3.31,3.17,3.17,3.42,4.254724510432524,3.225559551233667,3.2365434
2018-12-10 02:30:00,3.82,3.31,3.13,3.38,4.705551256167691,3.365247205858244,3.327071
2018-12-10 02:45:00,3.78,3.82,3.35,4.36,5.4885445205982855,3.4271740901029526,3.4080136
2018-12-10 03:00:00,3.82,3.78,3.67,4.14,5.020917459433264,3.5626018014823915,3.4671814
2018-12-10 03:15:00,3.74,3.82,3.02,3.42,5.196111752822713,3.624288231762696,3.5426786
2018-12-10 03:30:00,3.1,3.74,3.13,3.38,5.326001982064053,3.713235265351382,3.7364366
2018-12-10 03:45:00,3.2,3.1,3.06,3.35,5.1473417649070115,3.123356678360505,3.0895233
2018-12-10 04:00:00,3.1,3.2,3.06,3.35,4.770099821636727,3.2407213456066097,3.1959267
2018-12-10 04:15:00,3.13,3.1,3.06,4.1,5.006746362096024,3.129560395931612,3.1193366
2018-12-10 04:30:00,3.17,3.13,3.2,4.43,5.3617971221805085,3.165401496752896,3.1781056
2018-12-10 04:45:00,3.49,3.17,3.78,4.5,5.675499911736903,3.2342353625147475,3.1759984
2018-12-10 05:00:00,3.74,3.49,3.78,3.78,5.372048675407594,3.43101450061898,3.384516
2018-12-10 05:15:00,3.13,3.74,3.74,3.31,5.731869175886597,3.438315572394466,3.4136982
2018-12-10 05:30:00,3.1,3.13,3.74,3.38,5.509908438907335,3.133603445546096,3.0524464
2018-12-10 05:45:00,3.82,3.1,3.13,3.31,5.58087464084085,3.1290021809270674,3.096266
2018-12-10 06:00:00,3.82,3.82,3.74,3.31,5.568758933692841,3.5743327982334154,3.549907
2018-12-10 06:15:00,3.85,3.82,3.56,3.35,5.783369651583698,3.416159239120502,3.463844
2018-12-10 06:30:00,3.82,3.85,3.1,3.31,5.995573761230251,3.5341764938357056,3.4885693
2018-12-10 06:45:00,3.46,3.82,2.95,3.24,6.068888028880107,3.7586097598249375,3.7233503
2018-12-10 07:00:00,3.06,3.46,3.06,3.24,5.26574969203827,3.399606116630382,3.4701521
2018-12-10 07:15:00,3.13,3.06,3.02,4.21,5.176993313641955,3.103936777805461,3.1028388
2018-12-10 07:30:00,3.56,3.13,2.95,5.76,5.506391989678935,3.428667695986205,3.491854
2018-12-10 07:45:00,5.87,3.56,3.02,5.98,6.046555046483821,4.316329060990264,3.9853957
2018-12-10 08:00:00,6.8,5.87,2.99,5.58,7.380209094834942,6.9202216748894445,6.4471927
2018-12-10 08:15:00,33.48,6.8,3.13,34.99,14.3010618629314,30.553627478566376,29.779688
2018-12-10 08:30:00,61.06,33.48,3.74,56.84,39.87649552391745,71.30796512019941,58.45312
2018-12-10 08:45:00,58.36,61.06,3.82,61.06,61.7570637487505,63.015831741028684,62.02614
2018-12-10 09:00:00,68.62,58.36,3.96,57.89,59.880123151194155,59.66403390988145,60.833794
2018-12-10 09:15:00,69.23,68.62,4.03,70.49,67.07981398229887,66.79282317676063,60.48834
2018-12-10 09:30:00,70.78,69.23,3.35,50.11,62.640659451956026,63.29273056476673,64.10138
2018-12-10 09:45:00,61.74,70.78,3.31,66.38,65.93139566844116,67.32145047211316,64.70267
2018-12-10 10:00:00,72.0,61.74,3.89,56.88,57.29668554417785,65.01101033402041,62.98083
2018-12-10 10:15:00,56.2,72.0,4.03,47.09,63.64270092281048,65.92874841727127,62.431103
2018-12-10 10:30:00,56.02,56.2,3.31,55.8,54.67821952864024,60.70596179711939,59.744556
2018-12-10 10:45:00,63.9,56.02,3.35,66.89,56.64256785087213,59.47770030473767,58.631252
2018-12-10 11:00:00,68.47,63.9,3.42,62.89,60.80273813795773,62.139720126068596,61.324886
2018-12-10 11:15:00,61.56,68.47,3.35,63.79,64.9629783693897,62.73754456024667,60.99707
2018-12-10 11:30:00,70.31,61.56,3.31,58.1,60.66807499575005,60.98437264556744,62.32459
2018-12-10 11:45:00,62.42,70.31,3.38,54.5,64.72263108358135,64.40615282797391,61.011066
2018-12-10 12:00:00,44.75,62.42,3.89,35.35,55.944545684328624,61.24092782050119,57.126556
2018-12-10 12:15:00,9.11,44.75,4.18,6.34,37.26638824004321,9.453641909551722,5.890315
2018-12-10 12:30:00,10.33,9.11,4.1,5.76,12.11155981173341,6.245194105635063,5.4161143
2018-12-10 12:45:00,11.45,10.33,4.1,6.3,12.60795181936973,8.828264937217904,9.396886
2018-12-10 13:00:00,11.09,11.45,3.6,6.19,12.95501621940709,9.636349998310891,10.146468
2018-12-10 13:15:00,42.66,11.09,3.42,35.35,17.905083379322917,36.21002798544831,32.308826
2018-12-10 13:30:00,72.9,42.66,3.42,51.95,45.97626661159509,50.601013444642895,59.894
2018-12-10 13:45:00,71.03,72.9,3.35,48.46,69.10865014674104,73.4137658546116,62.390324
2018-12-10 14:00:00,67.32,71.03,3.92,65.02,69.9940973137649,70.71179776913196,64.7243
2018-12-10 14:15:00,64.22,67.32,3.78,69.91,63.75030135474894,66.29044056604168,64.280426
2018-12-10 14:30:00,69.91,64.22,3.42,55.12,57.10474684080823,65.57618469569488,63.769638
2018-12-10 14:45:00,51.23,69.91,3.38,56.84,61.32730202046419,66.28975187138418,63.556545
2018-12-10 15:00:00,58.39,51.23,3.46,54.22,48.81824490291196,58.68380989680012,58.212666
2018-12-10 15:15:00,69.62,58.39,3.42,49.97,55.0596530476237,60.9741359550615,58.946335
2018-12-10 15:30:00,66.71,69.62,3.53,48.17,62.702539509906416,62.385692580378524,61.55175
2018-12-10 15:45:00,65.99,66.71,4.07,49.86,62.25768936335264,62.09314560105896,63.304928
2018-12-10 16:00:00,64.98,65.99,4.03,58.75,61.530048516916935,62.95363209503545,63.096928
2018-12-10 16:15:00,64.55,64.98,4.14,65.7,60.549058288896944,65.18027578862493,63.11674
2018-12-10 16:30:00,63.72,64.55,4.0,51.88,58.23425243395973,63.83161543789681,62.23728
2018-12-10 16:45:00,66.53,63.72,3.31,57.2,58.484490318134576,62.95662194537519,63.32295
2018-12-10 17:00:00,62.57,66.53,3.35,76.03,62.27845321272234,63.47798509493903,60.626568
2018-12-10 17:15:00,63.72,62.57,3.49,72.18,59.443077351393754,61.997703144774604,60.520336
2018-12-10 17:30:00,58.64,63.72,4.1,61.42,58.987274346481264,62.371600671330114,59.00387
2018-12-10 17:45:00,60.12,58.64,3.64,36.61,50.761547166771216,34.98165798502607,32.480946
2018-12-10 18:00:00,24.73,60.12,3.24,29.56,49.94324403986646,42.820781366062434,32.947884
2018-12-10 18:15:00,5.47,24.73,3.28,34.13,27.965554141852746,18.788619485129406,15.18834
2018-12-10 18:30:00,4.5,5.47,3.31,42.26,16.213489419985756,4.951353767895448,6.3416624
2018-12-10 18:45:00,4.46,4.5,3.42,56.81,16.405575259860527,4.263371716346225,5.799388
2018-12-10 19:00:00,4.46,4.46,3.64,43.02,14.149778025333207,4.199486198106748,5.2883787
2018-12-10 19:15:00,4.75,4.46,4.07,47.74,14.85880680329317,4.204639284600798,4.6638527
2018-12-10 19:30:00,5.69,4.75,4.03,39.17,13.447825689487095,4.636152743205756,4.435377
2018-12-10 19:45:00,5.62,5.69,4.03,43.67,15.383382323126824,5.092707028082453,4.8002157
2018-12-10 20:00:00,4.46,5.62,4.0,50.44,14.292400642051529,5.0151050760789975,4.993229
2018-12-10 20:15:00,4.46,4.46,3.31,46.22,13.688072630070169,4.176249867188724,4.7382545
2018-12-10 20:30:00,4.5,4.46,3.31,45.36,12.208431575241187,4.193873776661078,4.616513
2018-12-10 20:45:00,4.43,4.5,3.35,50.11,11.773678425362359,4.26738728843474,4.612942
2018-12-10 21:00:00,4.46,4.43,3.35,25.45,7.068465191787418,4.232953547589651,4.2455025
2018-12-10 21:15:00,4.5,4.46,3.67,8.6,4.797868015857642,4.301761642203159,4.4283957
2018-12-10 21:30:00,4.57,4.5,4.14,6.19,4.869501981034443,4.326623465953072,4.358192
2018-12-10 21:45:00,4.54,4.57,3.38,5.62,5.116447062549419,4.514995019640769,4.4719815
2018-12-10 22:00:00,4.46,4.54,3.28,4.93,4.576823558121287,4.352064540094586,4.434771
2018-12-10 22:15:00,4.28,4.46,3.13,4.72,4.758984741195331,4.262803393043353,4.338493
2018-12-10 22:30:00,4.25,4.28,3.17,4.75,4.898473658662802,4.169615104218713,4.1373143
2018-12-10 22:45:00,4.32,4.25,3.78,4.68,5.180232456264839,4.139787898908409,5.2843823
2018-12-10 23:00:00,4.18,4.32,3.78,4.68,4.81219083877156,4.175695982561776,4.142154
2018-12-10 23:15:00,4.18,4.18,3.74,4.61,4.980229724506845,4.112744422585903,4.0686526
2018-12-10 23:30:00,4.21,4.18,3.74,4.57,5.282917940204893,4.11425586663644,4.0779843
2018-12-10 23:45:00,4.28,4.21,3.46,4.61,5.600642033525148,4.228399226224014,4.111776
2018-12-11 00:00:00,4.18,4.28,5.36,3.89,4.259179691106791,13.211546289218894,4.0454555
2018-12-11 00:15:00,4.86,4.18,3.06,4.61,4.4082590024762,4.243505830059429,4.0491605
2018-12-11 00:30:00,4.21,4.86,3.02,4.57,5.257395680894117,4.476875281061922,4.093924
2018-12-11 00:45:00,4.18,4.21,3.31,4.61,5.145516526919042,4.078484365156169,3.9992547
2018-12-11 01:00:00,4.21,4.18,3.85,4.64,4.73575925749665,4.097061133279556,4.066529
2018-12-11 01:15:00,4.32,4.21,3.42,5.04,5.096852079625858,4.115570202078994,4.089
2018-12-11 01:30:00,4.25,4.32,3.1,5.8,5.534193782394329,4.1651501211025685,4.183329
2018-12-11 01:45:00,4.18,4.25,3.1,4.68,5.6331779131829975,4.115004987239948,4.192928
2018-12-11 02:00:00,4.21,4.18,3.17,3.6,5.115283693711067,4.102585022593304,4.1099467
2018-12-11 02:15:00,4.28,4.21,3.31,3.56,5.430552582111403,4.101171125201128,4.136767
2018-12-11 02:30:00,4.25,4.28,3.82,3.64,5.836199216253352,4.139087918818666,4.16641
2018-12-11 02:45:00,4.21,4.25,3.78,3.67,6.104047239516067,4.102758881197961,4.1897683
2018-12-11 03:00:00,3.56,4.21,3.82,3.64,5.610449451424859,4.105185925727669,4.116936
2018-12-11 03:15:00,3.56,3.56,3.74,3.64,5.447657773012704,3.5815064357803235,3.5757067
2018-12-11 03:30:00,3.53,3.56,3.1,3.71,5.654745861850177,3.5876987886134004,3.5481122
2018-12-11 03:45:00,3.53,3.53,3.2,3.67,5.86104122596187,3.5552027788047327,3.5187247
2018-12-11 04:00:00,3.85,3.53,3.1,3.71,5.413921511369168,3.5436057155348766,3.5158424
2018-12-11 04:15:00,4.18,3.85,3.13,3.67,5.8955622547904305,3.8066421126507324,3.850951
2018-12-11 04:30:00,3.49,4.18,3.17,3.6,6.430802760769311,3.990725067329379,3.9951737
2018-12-11 04:45:00,3.56,3.49,3.49,4.36,6.287122847822491,3.4312055005242805,3.401214
2018-12-11 05:00:00,3.56,3.56,3.74,4.64,5.843053454588709,3.5867334117672764,3.678898
2018-12-11 05:15:00,3.74,3.56,3.13,4.72,6.004057638200855,3.584750746317355,3.6753616
2018-12-11 05:30:00,4.18,3.74,3.1,5.44,6.405874343118192,3.763795060644638,3.8552666
2018-12-11 05:45:00,4.25,4.18,3.82,4.43,6.856371029587461,4.00386585990051,4.075368
2018-12-11 06:00:00,4.28,4.25,3.82,3.64,6.342009130209494,3.9151437379379543,3.9365447
2018-12-11 06:15:00,3.56,4.28,3.85,3.56,6.538633502470841,4.021513065746625,4.2210264
2018-12-11 06:30:00,3.53,3.56,3.82,3.67,6.196942027817322,3.5813884401423297,3.5418906
2018-12-11 06:45:00,3.6,3.53,3.46,3.64,6.322474387764768,3.5564520686946213,3.5485277
2018-12-11 07:00:00,3.49,3.6,3.06,3.56,5.751583842870044,3.643871153899958,3.5530894
2018-12-11 07:15:00,4.1,3.49,3.13,3.56,5.810325644308808,3.4505600667263017,3.44595
2018-12-11 07:30:00,4.07,4.1,3.56,3.82,6.604367889278848,4.366668360506659,4.3559217
2018-12-11 07:45:00,4.86,4.07,5.87,4.54,7.004250094014996,4.772094867803649,4.1939945
2018-12-11 08:00:00,14.83,4.86,6.8,5.94,7.357159410675809,6.306434131122715,5.3598523
2018-12-11 08:15:00,44.21,14.83,33.48,28.4,21.864855526379667,45.06705701553703,37.428543
2018-12-11 08:30:00,54.04,44.21,61.06,55.04,51.64409309021751,55.47440620293742,58.738743
2018-12-11 08:45:00,61.74,54.04,58.36,61.13,60.12723506726135,58.363084316058185,58.16839
2018-12-11 09:00:00,69.48,61.74,68.62,82.33,67.24102711816082,63.413596542653224,61.555202
2018-12-11 09:15:00,75.38,69.48,69.23,82.37,71.16083143009783,60.0330054981988,59.82906
2018-12-11 09:30:00,71.82,75.38,70.78,64.08,73.29104358836888,69.89731652782073,66.32196
2018-12-11 09:45:00,71.24,71.82,61.74,59.36,69.08245650840698,72.516969855859,67.99725
2018-12-11 10:00:00,54.86,71.24,72.0,52.16,67.77121656611544,71.77193362047683,66.73828
2018-12-11 10:15:00,66.13,54.86,56.2,56.95,55.76718706855368,62.5680169835879,59.96341
2018-12-11 10:30:00,73.08,66.13,56.02,53.42,63.85323985017692,64.0941308097509,62.41885
2018-12-11 10:45:00,77.51,73.08,63.9,58.86,70.77610280934202,68.49076806185113,64.75839
2018-12-11 11:00:00,72.54,77.51,68.47,59.98,75.19131599554508,76.94690801926384,73.22714
2018-12-11 11:15:00,63.83,72.54,61.56,61.24,70.2833923043303,72.77856544749912,68.902985
2018-12-11 11:30:00,67.07,63.83,70.31,84.1,66.94997997155501,65.75157670774058,63.601776
2018-12-11 11:45:00,84.24,67.07,62.42,63.86,65.79790481980353,66.0694168307279,63.923588
2018-12-11 12:00:00,72.79,84.24,44.75,49.86,74.03704285046926,73.8074860250145,76.5751
2018-12-11 12:15:00,7.96,72.79,9.11,6.91,57.539929244203215,13.371007504095076,12.162326
2018-12-11 12:30:00,5.8,7.96,10.33,7.38,13.787740790018518,7.692477456642725,6.9916763
2018-12-11 12:45:00,6.98,5.8,11.45,6.62,11.12377491044522,5.884824462350826,6.3505774
2018-12-11 13:00:00,6.95,6.98,11.09,6.55,10.372141790051597,7.8750039403883925,8.464922
2018-12-11 13:15:00,38.45,6.95,42.66,32.51,16.470830008655845,42.05164336078866,36.588245
2018-12-11 13:30:00,59.36,38.45,72.9,57.28,46.69462123076171,61.85614093612749,61.001255
2018-12-11 13:45:00,66.02,59.36,71.03,55.51,63.385712468592615,61.23749821551298,60.0035
2018-12-11 14:00:00,80.28,66.02,67.32,56.12,68.7860714690935,67.85758730230631,64.36004
2018-12-11 14:15:00,75.53,80.28,64.22,58.82,74.43624813603363,82.06369030702302,78.06967
2018-12-11 14:30:00,72.0,75.53,69.91,52.88,69.32080336620452,72.6383549848148,69.48192
2018-12-11 14:45:00,72.61,72.0,51.23,53.46,64.7952019017137,73.62331917409692,68.29372
2018-12-11 15:00:00,78.55,72.61,58.39,62.96,65.4988023215758,75.5583956980414,67.84169
2018-12-11 15:15:00,73.98,78.55,69.62,64.62,72.33240757229326,75.81428346852591,72.748886
2018-12-11 15:30:00,76.79,73.98,66.71,60.01,68.69072477998294,74.52259331654024,68.70474
2018-12-11 15:45:00,80.46,76.79,65.99,55.66,70.82020270578846,77.28351269818717,75.23473
2018-12-11 16:00:00,68.11,80.46,64.98,53.82,73.05782892823206,76.14791798359398,77.14903
2018-12-11 16:15:00,71.68,68.11,64.55,71.86,65.97839905711105,72.83760663058544,67.527115
2018-12-11 16:30:00,69.8,71.68,63.72,60.73,66.54438573800338,72.26611822706205,66.69537
2018-12-11 16:45:00,75.46,69.8,66.53,68.22,66.39557078377109,68.43367945314137,66.70199
2018-12-11 17:00:00,70.27,75.46,62.57,80.46,70.88073274126491,69.02404446144763,66.62685
2018-12-11 17:15:00,78.48,70.27,63.72,61.52,65.42490359617665,68.14288488165573,65.450806
2018-12-11 17:30:00,66.78,78.48,58.64,71.1,71.81777913736175,71.30284327078942,69.935196
2018-12-11 17:45:00,32.11,66.78,60.12,35.21,59.007263772660394,50.56514467629422,37.25241
2018-12-11 18:00:00,31.25,32.11,24.73,30.31,31.795812076885042,31.279515288180008,31.733696
2018-12-11 18:15:00,36.4,31.25,5.47,43.56,31.46411097872728,45.52525655354159,47.16475
2018-12-11 18:30:00,39.56,36.4,4.5,40.97,34.53675532903671,44.97748274493439,46.497875
2018-12-11 18:45:00,51.44,39.56,4.46,38.56,37.22399373954499,43.07406669982744,41.134003
2018-12-11 19:00:00,51.52,51.44,4.46,41.65,46.551880815769465,52.57226320449294,49.80169
2018-12-11 19:15:00,53.57,51.52,4.75,49.07,47.62431035757164,52.46793397589186,49.931984
2018-12-11 19:30:00,52.81,53.57,5.69,40.46,47.402954577444575,51.65751693907555,44.31085
2018-12-11 19:45:00,52.38,52.81,5.62,48.64,45.93977498622646,52.761946008052924,51.244957
2018-12-11 20:00:00,53.21,52.38,4.46,49.75,44.84589439599968,52.54710319503061,48.74508
2018-12-11 20:15:00,51.91,53.21,4.46,48.89,46.913800899243554,53.91170181398998,52.48592
2018-12-11 20:30:00,53.46,51.91,4.5,37.84,43.915711987845256,47.60306726277837,42.81621
2018-12-11 20:45:00,32.36,53.46,4.43,30.67,44.04348700786424,35.013169266698775,31.994255
2018-12-11 21:00:00,28.37,32.36,4.46,5.08,25.72306996163272,19.978880767029413,18.800833
2018-12-11 21:15:00,6.77,28.37,4.5,5.69,22.516016659878176,17.654822518826066,15.188807
2018-12-11 21:30:00,5.69,6.77,4.57,5.44,7.567563914725898,5.312125397669992,4.850833
2018-12-11 21:45:00,5.8,5.69,4.54,5.4,7.064694892457261,5.2196801184150425,5.239556
2018-12-11 22:00:00,5.69,5.8,4.46,5.44,6.2608602770072075,5.428450427955153,5.164883
2018-12-11 22:15:00,5.47,5.69,4.28,5.26,6.170313985627512,5.2045968129050415,5.076669
2018-12-11 22:30:00,5.44,5.47,4.25,4.64,6.279243039118217,4.998244868585444,5.0644364
2018-12-11 22:45:00,4.97,5.44,4.32,3.92,5.852052260817953,4.993296297564884,5.0741944
2018-12-11 23:00:00,4.36,4.97,4.18,3.96,4.979193371689259,4.735848273576876,4.7768846
2018-12-11 23:15:00,4.25,4.36,4.18,3.92,4.168145886816266,4.221335967554312,4.189285
2018-12-11 23:30:00,4.21,4.25,4.21,3.85,4.346883236154845,4.212045272143142,4.1435003
2018-12-11 23:45:00,4.14,4.21,4.28,3.89,4.633302840123488,4.5114811744045635,4.127069
2018-12-12 00:00:00,4.21,4.14,4.18,3.96,3.72985410649132,12.34328802602486,4.0257754
2018-12-12 00:15:00,4.21,4.21,4.86,3.89,4.089420929759957,4.595755413362036,4.140679
2018-12-12 00:30:00,4.14,4.21,4.21,3.92,4.3776431744470266,4.2191403501530385,4.162213
2018-12-12 00:45:00,4.14,4.14,4.18,3.89,4.625926923016461,4.167436028804815,4.0912175
2018-12-12 01:00:00,4.14,4.14,4.21,3.96,4.184062380188568,4.181754352306483,4.1319265
2018-12-12 01:15:00,4.21,4.14,4.32,3.78,4.535375830680888,4.165881528119249,4.0998197
2018-12-12 01:30:00,4.18,4.21,4.25,3.85,4.884759781004618,4.2178680145562355,4.1796565
2018-12-12 01:45:00,4.75,4.18,4.18,3.82,5.1240556318068755,4.2225895381676875,4.145697
2018-12-12 02:00:00,5.33,4.75,4.21,3.82,5.1986911111355525,4.462866447432876,4.310844
2018-12-12 02:15:00,4.25,5.33,4.28,3.85,5.936040606176395,4.624738337847866,5.053949
2018-12-12 02:30:00,4.25,4.25,4.25,4.64,5.569137875424833,4.164902315444785,3.9785712
2018-12-12 02:45:00,4.18,4.25,4.21,4.86,5.825188738126279,4.202740138568585,4.1049027
2018-12-12 03:00:00,4.21,4.18,3.56,3.82,5.165294905986393,4.198471561249902,4.172297
2018-12-12 03:15:00,4.18,4.21,3.56,3.49,5.419812991924573,4.1972008121035715,4.1335006
2018-12-12 03:30:00,4.18,4.18,3.53,3.13,5.60746690333265,4.217561796529333,4.1449895
2018-12-12 03:45:00,4.25,4.18,3.53,3.2,5.874362471432942,4.217403124833584,4.1291966
2018-12-12 04:00:00,4.18,4.25,3.85,3.13,5.522091076695343,4.235777368482423,4.3444123
2018-12-12 04:15:00,4.03,4.18,4.18,3.1,5.706832042915412,4.222234787293569,4.117622
2018-12-12 04:30:00,3.46,4.03,3.49,3.17,5.835733787742537,4.076707615843534,4.011659
2018-12-12 04:45:00,3.46,3.46,3.56,3.06,5.687512620194983,3.3760767460462113,3.4962723
2018-12-12 05:00:00,3.53,3.46,3.56,3.17,5.19335483038261,3.3842690593630773,3.4681885
2018-12-12 05:15:00,3.46,3.53,3.74,3.06,5.441900131687365,3.5203812440553666,3.5219479
2018-12-12 05:30:00,3.49,3.46,4.18,3.1,5.607025294320678,3.415327497513223,3.4310713
2018-12-12 05:45:00,4.0,3.49,4.25,3.02,5.825820617281384,3.429833531425747,3.505035
2018-12-12 06:00:00,4.25,4.0,4.28,3.1,5.713362510861426,4.069951588792422,3.9515693
2018-12-12 06:15:00,3.85,4.25,3.56,3.02,6.036801743571228,3.9262055616536116,3.9363616
2018-12-12 06:30:00,3.42,3.85,3.53,4.61,6.03516132370331,3.829922489779879,3.831529
2018-12-12 06:45:00,3.42,3.42,3.6,4.9,5.8801696659445675,3.403765938430577,3.6128674
2018-12-12 07:00:00,3.96,3.42,3.49,3.85,5.210003634794514,3.4021770920544583,3.4661748
2018-12-12 07:15:00,4.1,3.96,4.1,3.49,5.720584220911849,4.058701766218669,3.8347013
2018-12-12 07:30:00,4.32,4.1,4.07,3.2,5.9497973543069484,4.323432957521069,4.1097984
2018-12-12 07:45:00,5.83,4.32,4.86,4.32,6.499094517716689,5.453118480580827,4.814907
2018-12-12 08:00:00,5.8,5.83,14.83,4.72,8.039457401696943,6.553966666971288,6.9378195
2018-12-12 08:15:00,36.86,5.8,44.21,27.65,15.0384777865471,35.179047258969234,26.462494
2018-12-12 08:30:00,60.37,36.86,54.04,61.56,44.972437410628956,67.93926068643259,61.88735
2018-12-12 08:45:00,66.46,60.37,61.74,57.71,63.61440564652578,61.36425256062494,61.976063
2018-12-12 09:00:00,69.05,66.46,69.48,57.82,69.01832425668847,65.35278900138015,67.2548
2018-12-12 09:15:00,63.86,69.05,75.38,68.08,69.99318341745426,65.81636141051322,64.287674
2018-12-12 09:30:00,65.59,63.86,71.82,64.08,63.41170288737892,63.143500325729704,63.055874
2018-12-12 09:45:00,60.98,65.59,71.24,64.76,64.00238922839107,65.32161935800762,63.38398
2018-12-12 10:00:00,65.74,60.98,54.86,62.68,58.962136559687664,60.94135573906385,60.80754
2018-12-12 10:15:00,57.17,65.74,66.13,49.28,62.011264724083546,63.35757245939019,63.177105
2018-12-12 10:30:00,64.55,57.17,73.08,56.52,58.166926668961665,59.68512553493227,60.51089
2018-12-12 10:45:00,53.42,64.55,77.51,59.04,64.8601627466273,62.78865451790471,61.834755
2018-12-12 11:00:00,65.88,53.42,72.54,66.85,56.53362950620301,58.46622658518658,57.944065
2018-12-12 11:15:00,57.71,65.88,63.83,68.83,64.84029453913689,61.97743266416364,62.762108
2018-12-12 11:30:00,59.76,57.71,67.07,60.3,58.9960435066206,59.6363744237145,60.71666
2018-12-12 11:45:00,79.85,59.76,84.24,53.21,60.68341592246803,58.60695081051151,57.92595
2018-12-12 12:00:00,49.64,79.85,72.79,40.97,72.15113691419938,72.6869446479701,64.53588
2018-12-12 12:15:00,27.97,49.64,7.96,10.69,40.83690161420474,8.358721248344935,8.482629
2018-12-12 12:30:00,29.74,27.97,5.8,9.43,25.444792424643083,12.56226846360146,13.403435
2018-12-12 12:45:00,29.56,29.74,6.98,10.33,24.934687546341447,21.76300025953634,22.546124
2018-12-12 13:00:00,29.3,29.56,6.95,26.68,25.944238430932238,21.910617490427803,22.551676
2018-12-12 13:15:00,58.86,29.3,38.45,43.34,31.78764551632805,37.9514663183822,41.10486
2018-12-12 13:30:00,61.78,58.86,59.36,46.51,58.10882501178057,60.59111024457943,60.935234
2018-12-12 13:45:00,77.0,61.78,66.02,50.44,62.39312499876918,64.95246569407395,60.333668
2018-12-12 14:00:00,65.56,77.0,80.28,63.4,75.04025435738025,75.1422146088511,70.89001
2018-12-12 14:15:00,86.51,65.56,75.53,54.36,62.33383235343649,63.81642634537932,65.52318
2018-12-12 14:30:00,60.44,86.51,72.0,61.52,78.04824647610099,82.1418925399959,78.688416
2018-12-12 14:45:00,64.8,60.44,72.61,58.93,58.31410679010783,67.84917908724904,63.97032
2018-12-12 15:00:00,72.18,64.8,78.55,85.46,64.13558966982521,67.50088986721073,62.7936
2018-12-12 15:15:00,69.08,72.18,73.98,109.3,70.82876935227983,69.51696980931459,67.367966
2018-12-12 15:30:00,66.17,69.08,76.79,87.16,67.5274074742172,64.84998183422626,65.40793
2018-12-12 15:45:00,61.67,66.17,80.46,96.01,66.77596373788526,66.49893904800156,65.40205
2018-12-12 16:00:00,70.6,61.67,68.11,105.91,62.18364141070708,63.242468083018565,61.99675
2018-12-12 16:15:00,68.36,70.6,71.68,68.18,66.4362413981257,66.6158829600243,65.12251
2018-12-12 16:30:00,75.1,68.36,69.8,64.91,63.33286691629061,65.52595530855609,65.70491
2018-12-12 16:45:00,66.13,75.1,75.46,56.05,69.16187480976737,71.2209423735738,67.96
2018-12-12 17:00:00,70.7,66.13,70.27,62.96,61.62313073936454,67.21036712828794,64.956985
2018-12-12 17:15:00,60.7,70.7,78.48,47.12,64.68661165226091,67.22542996475937,64.542114
2018-12-12 17:30:00,57.92,60.7,66.78,44.57,55.718638456093885,63.01645694028836,58.830986
2018-12-12 17:45:00,32.9,57.92,32.11,44.24,50.28384954526318,43.22787729036019,36.804962
2018-12-12 18:00:00,30.53,32.9,31.25,27.32,30.42299028731545,31.655764094206077,31.087673
2018-12-12 18:15:00,49.9,30.53,36.4,5.87,27.997550858421896,39.25652286266395,35.854515
2018-12-12 18:30:00,67.25,49.9,39.56,5.36,42.30557699601037,54.69463754407308,53.840946
2018-12-12 18:45:00,69.37,67.25,51.44,5.47,57.818618520634516,66.7287068744802,60.033596
2018-12-12 19:00:00,65.99,69.37,51.52,5.58,60.216275319643884,68.36686165339697,62.48137
2018-12-12 19:15:00,66.02,65.99,53.57,5.58,55.90439510753158,59.02692267667358,60.017628
2018-12-12 19:30:00,60.19,66.02,52.81,5.47,53.675786630161184,62.581905194279585,60.21222
2018-12-12 19:45:00,58.54,60.19,52.38,5.44,49.301135529791054,59.07658078883247,57.331512
2018-12-12 20:00:00,61.85,58.54,53.21,5.44,47.25659838334393,57.176413613269226,54.809727
2018-12-12 20:15:00,67.07,61.85,51.91,5.44,51.53027245177661,57.15097156975537,56.810795
2018-12-12 20:30:00,58.82,67.07,53.46,5.51,55.11855593048135,58.493041812991336,58.56751
2018-12-12 20:45:00,53.35,58.82,32.36,5.44,47.33776697557856,38.30789810679243,33.195137
2018-12-12 21:00:00,30.35,53.35,28.37,4.82,41.3084466235413,29.82349179006679,20.181068
2018-12-12 21:15:00,12.2,30.35,6.77,4.28,23.27530735510861,18.45080374038158,16.352308
2018-12-12 21:30:00,5.8,12.2,5.69,4.25,10.951975678786184,5.523387906905203,5.273889
2018-12-12 21:45:00,5.76,5.8,5.8,4.28,6.191359258503066,5.29347923015391,5.096463
2018-12-12 22:00:00,5.65,5.76,5.69,4.36,5.445987192079393,5.437278378405784,5.166662
2018-12-12 22:15:00,5.04,5.65,5.47,4.03,5.551757441685282,5.17172617068434,5.0145197
2018-12-12 22:30:00,4.25,5.04,5.44,4.0,5.116276896418675,4.812363175788161,4.718218
2018-12-12 22:45:00,4.25,4.25,4.97,4.03,4.683996705019769,4.1822978081751625,6.1327024
2018-12-12 23:00:00,4.21,4.25,4.36,4.0,3.487478530404019,4.205547245768821,4.1617827
2018-12-12 23:15:00,4.14,4.21,4.25,4.0,3.1467584248154026,4.216960721855791,4.0875387
2018-12-12 23:30:00,4.1,4.14,4.21,3.92,3.195545218696253,4.17790927299643,4.0678005
2018-12-12 23:45:00,4.1,4.1,4.14,4.0,3.479063230035429,4.113404376605512,4.093845
2018-12-13 00:00:00,5.26,4.1,4.21,4.0,3.5650990065113533,10.279030511068791,3.8568053
2018-12-13 00:15:00,4.1,5.26,4.21,3.96,4.715114038262708,4.776328465084515,5.118773
2018-12-13 00:30:00,4.18,4.1,4.14,4.79,4.2532625835423765,4.055959344253634,3.941544
2018-12-13 00:45:00,4.21,4.18,4.14,5.18,4.645514021357712,4.172126783831939,4.093188
2018-12-13 01:00:00,4.14,4.21,4.14,4.03,4.09138136009593,4.213553652766519,4.1165557
2018-12-13 01:15:00,4.28,4.14,4.21,3.92,4.395148877989964,4.164659301665261,4.1064925
2018-12-13 01:30:00,4.18,4.28,4.18,4.0,4.788714938692543,4.237392051205151,4.247049
2018-12-13 01:45:00,4.25,4.18,4.75,3.92,5.0215749373033525,4.187681898338891,4.128346
2018-12-13 02:00:00,5.36,4.25,5.33,4.07,4.801913362859732,4.20748541494889,4.292274
2018-12-13 02:15:00,4.79,5.36,4.25,3.46,5.776006406569596,4.625710736117353,5.0576396
2018-12-13 02:30:00,4.25,4.79,4.25,3.28,5.6862563904256795,4.461521528021124,4.4444823
2018-12-13 02:45:00,4.18,4.25,4.18,3.38,5.577423875621154,4.160287623698619,4.191653
2018-12-13 03:00:00,4.21,4.18,4.21,3.31,5.029640673376864,4.202534575777754,4.1446815
2018-12-13 03:15:00,4.18,4.21,4.18,3.35,5.313265193716205,4.209677988156648,4.114906
2018-12-13 03:30:00,4.21,4.18,4.18,3.35,5.526175063014879,4.1966969107718555,4.1223197
2018-12-13 03:45:00,4.21,4.21,4.25,3.38,5.804963816426707,4.200812921240396,4.138389
2018-12-13 04:00:00,4.21,4.21,4.18,3.42,5.404762748919179,4.202365779935782,4.15443
2018-12-13 04:15:00,4.18,4.21,4.03,3.31,5.619891796596587,4.203165445031417,4.140865
2018-12-13 04:30:00,4.21,4.18,3.46,4.61,5.87813202510544,4.19848869386832,4.1314683
2018-12-13 04:45:00,4.21,4.21,3.46,5.04,6.176821713302683,4.190289307583342,4.1203475
2018-12-13 05:00:00,4.18,4.21,3.53,4.07,5.615913416964897,4.205895502592258,4.161849
2018-12-13 05:15:00,3.67,4.18,3.46,3.71,5.776915878054478,4.198929291141157,4.1151834
2018-12-13 05:30:00,3.42,3.67,3.49,3.31,5.609139448725536,3.689321643381739,3.6690269
2018-12-13 05:45:00,3.89,3.42,4.0,3.31,5.6735546370898255,3.3777013833581897,3.5676894
2018-12-13 06:00:00,4.32,3.89,4.25,3.38,5.512247951051766,3.955509418196838,4.0078435
2018-12-13 06:15:00,3.46,4.32,3.85,3.31,5.973801161798985,4.060610682634854,4.0429688
2018-12-13 06:30:00,3.38,3.46,3.42,3.28,5.525047351842417,3.3811475478623416,3.3883169
2018-12-13 06:45:00,3.38,3.38,3.42,3.31,5.5827533281771515,3.3369422687606582,3.3695765
2018-12-13 07:00:00,3.42,3.38,3.96,3.24,5.0406635158894595,3.342358516915921,3.3547099
2018-12-13 07:15:00,3.42,3.42,4.1,3.28,5.194615145926132,3.403549013916837,3.4189706
2018-12-13 07:30:00,3.71,3.42,4.32,3.46,5.330684103453887,3.607632972846408,3.7657185
2018-12-13 07:45:00,5.69,3.71,5.83,4.21,5.9768586679322375,4.607186367310406,4.234086
2018-12-13 08:00:00,6.23,5.69,5.8,6.44,7.537914903747396,6.090270499146266,6.0212884
2018-12-13 08:15:00,35.57,6.23,36.86,32.29,15.404145681440435,37.2642965480722,36.801132
2018-12-13 08:30:00,72.86,35.57,60.37,64.98,44.38392178297903,63.67733889251839,61.15291
2018-12-13 08:45:00,61.74,72.86,66.46,60.84,73.5917457693433,79.21161023377019,73.15825
2018-12-13 09:00:00,76.36,61.74,69.05,59.87,66.43590928591057,64.3738791058129,66.519554
2018-12-13 09:15:00,63.11,76.36,63.86,67.0,74.95153436305303,75.17908636933025,71.03569
2018-12-13 09:30:00,65.66,63.11,65.59,71.17,62.865355409203744,65.1828800001162,65.67189
2018-12-13 09:45:00,72.07,65.66,60.98,76.86,65.0177273981454,64.42403135251331,64.154526
2018-12-13 10:00:00,56.84,72.07,65.74,66.67,67.71521559892194,69.96975626539601,67.40805
2018-12-13 10:15:00,69.3,56.84,57.17,63.18,57.00580076406168,60.66011672789593,60.453556
2018-12-13 10:30:00,65.66,69.3,64.55,68.87,68.11231213911059,65.18415753205154,62.953167
2018-12-13 10:45:00,85.43,65.66,53.42,71.06,64.87979838332022,64.20762172903783,64.48438
2018-12-13 11:00:00,53.17,85.43,65.88,62.78,80.38554662627583,81.75492175336987,79.68857
2018-12-13 11:15:00,55.4,53.17,57.71,60.88,55.48720406170116,63.059869180963055,61.224495
2018-12-13 11:30:00,60.08,55.4,59.76,74.45,59.31571744149478,59.21212820511077,59.416256
2018-12-13 11:45:00,58.0,60.08,79.85,67.82,62.24042333745999,61.622364297883045,60.910522
2018-12-13 12:00:00,51.3,58.0,49.64,69.26,56.9460212405221,56.17976235331828,52.90455
2018-12-13 12:15:00,11.38,51.3,27.97,9.94,42.589654295530984,10.742757802801231,11.224951
2018-12-13 12:30:00,10.91,11.38,29.74,6.88,15.177880715897018,6.883678552063031,6.7858014
2018-12-13 12:45:00,30.1,10.91,29.56,7.02,15.030621408147848,9.387473930922026,9.639528
2018-12-13 13:00:00,36.4,30.1,29.3,6.95,26.04253656072365,28.46259065222488,30.790047
2018-12-13 13:15:00,41.69,36.4,58.86,35.78,39.37565727727588,42.23889081790852,48.330406
2018-12-13 13:30:00,56.92,41.69,61.78,61.78,48.30338190878541,45.56207167925857,48.86445
2018-12-13 13:45:00,46.66,56.92,77.0,60.8,59.14078248534699,55.49881141993151,57.232132
2018-12-13 14:00:00,52.52,46.66,65.56,71.78,51.1745551658596,52.810613305346244,51.90503
2018-12-13 14:15:00,58.25,52.52,86.51,72.11,54.965718360447106,55.52852715177876,54.38616
2018-12-13 14:30:00,72.61,58.25,60.44,68.22,55.95558839740545,57.14692331953717,57.627285
2018-12-13 14:45:00,66.24,72.61,64.8,73.44,68.45557216532333,66.96313802765249,61.261024
2018-12-13 15:00:00,73.08,66.24,72.18,56.88,62.64894983784414,62.86821341699271,63.528633
2018-12-13 15:15:00,60.52,73.08,69.08,50.29,66.65082016932993,70.0239530044248,65.297455
2018-12-13 15:30:00,59.87,60.52,66.17,48.78,56.981680249944716,63.702403266220514,61.479183
2018-12-13 15:45:00,63.5,59.87,61.67,48.96,56.259245201429536,60.352759987633604,59.61714
2018-12-13 16:00:00,60.52,63.5,70.6,49.97,58.37742440728042,62.325191745813896,61.3852
2018-12-13 16:15:00,88.92,60.52,68.36,62.28,57.861550203056204,60.34020066990006,58.987923
2018-12-13 16:30:00,105.37,88.92,75.1,47.95,79.05044702272673,82.09012585384284,82.47368
2018-12-13 16:45:00,102.89,105.37,66.13,57.35,92.54363464312138,89.61390039673402,87.94509
2018-12-13 17:00:00,77.83,102.89,70.7,47.77,90.32574885619485,92.1183698138721,96.91708
2018-12-13 17:15:00,67.18,77.83,60.7,48.6,70.17050690926354,87.06662413707902,92.13074
2018-12-13 17:30:00,70.13,67.18,57.92,57.46,61.63551785745669,69.4036987055907,69.159424
2018-12-13 17:45:00,31.72,70.13,32.9,31.86,57.59021213663631,62.566778928756015,38.68848
2018-12-13 18:00:00,31.5,31.72,30.53,31.61,29.994792054530304,31.68902860831484,31.530422
2018-12-13 18:15:00,54.79,31.5,49.9,36.61,33.27017196528277,44.80606692777541,47.426067
2018-12-13 18:30:00,77.04,54.79,67.25,40.07,51.642147602087526,62.57538407620701,64.92581
2018-12-13 18:45:00,79.63,77.04,69.37,37.87,70.86283241919425,77.75793071606597,74.66408
2018-12-13 19:00:00,80.46,79.63,65.99,47.23,72.96128916359876,81.31438519831124,83.30498
2018-12-13 19:15:00,71.89,80.46,66.02,53.03,71.62164915972279,75.82512035770772,81.33008
2018-12-13 19:30:00,78.52,71.89,60.19,38.63,61.93066098765716,75.7080819162701,69.97409
2018-12-13 19:45:00,52.31,78.52,58.54,37.51,65.51292973618177,76.34386386078246,72.624
2018-12-13 20:00:00,61.16,52.31,61.85,38.3,47.239148346773675,63.4069437972202,60.593258
2018-12-13 20:15:00,61.6,61.16,67.07,54.36,57.037679015706225,63.18090947366808,59.797005
2018-12-13 20:30:00,49.68,61.6,58.82,38.84,54.822150741788626,59.694747104424984,58.456806
2018-12-13 20:45:00,41.54,49.68,53.35,27.72,44.8354324725113,50.70756786241776,47.602943
2018-12-13 21:00:00,20.16,41.54,30.35,8.86,34.4187133956266,21.000161542768303,22.623743
2018-12-13 21:15:00,6.16,20.16,12.2,5.51,16.712323690680417,6.9675809113095255,6.5075574
2018-12-13 21:30:00,5.69,6.16,5.8,5.58,7.010725057414636,5.431646329196184,4.9842415
2018-12-13 21:45:00,5.69,5.69,5.76,5.62,5.619817453186723,5.247078306147694,5.0609517
2018-12-13 22:00:00,5.65,5.69,5.65,5.54,5.152977980910379,5.248902928087119,5.0704594
2018-12-13 22:15:00,5.47,5.65,5.04,5.26,5.1953828502352195,5.213821022837687,4.985215
2018-12-13 22:30:00,5.4,5.47,4.25,5.22,4.932387191215774,5.025083191731627,5.0215764
2018-12-13 22:45:00,5.36,5.4,4.25,5.26,4.921605748877987,4.987043959592594,4.865867
2018-12-13 23:00:00,5.36,5.36,4.21,4.18,3.719816397999942,4.96734833133632,4.9250884
2018-12-13 23:15:00,5.26,5.36,4.14,3.96,3.5382899432110193,4.958912468748556,4.9499807
2018-12-13 23:30:00,5.22,5.26,4.1,4.0,3.7635171301976627,4.94359829650055,4.971753
2018-12-13 23:45:00,5.18,5.22,4.1,4.0,4.046879922505099,5.1824852175632286,5.025164
2018-12-14 00:00:00,4.1,5.18,5.26,4.03,4.776031766861561,6.687328218909926,5.1778026
2018-12-14 00:15:00,5.33,4.1,4.1,3.96,4.2443468525410815,4.106748728106544,4.087978
2018-12-14 00:30:00,5.29,5.33,4.18,4.03,5.407141420513543,4.999795725284274,5.386439
2018-12-14 00:45:00,5.26,5.29,4.21,4.03,5.678939755939378,4.991107694436496,5.672095
2018-12-14 01:00:00,5.29,5.26,4.14,4.0,5.342647744222916,4.680122225299828,5.623362
2018-12-14 01:15:00,5.26,5.29,4.28,4.03,5.602258891295378,4.9988961526601905,5.855677
2018-12-14 01:30:00,5.36,5.26,4.18,4.03,5.867715993439948,4.991405880690218,5.754849
2018-12-14 01:45:00,5.33,5.36,4.25,4.03,6.231684020233068,5.00781670683004,5.7657075
2018-12-14 02:00:00,4.79,5.33,5.36,4.1,5.925050347983163,4.974974166044802,5.7661233
2018-12-14 02:15:00,4.14,4.79,4.79,4.0,5.807770921946485,4.668038524746344,4.645983
2018-12-14 02:30:00,4.18,4.14,4.25,4.72,5.67393887884808,4.177864567145396,4.170155
2018-12-14 02:45:00,4.21,4.18,4.18,4.79,5.951672650631185,4.196793721482144,4.2113786
2018-12-14 03:00:00,4.18,4.21,4.21,4.14,5.495081954444444,4.210624039266149,4.1706424
2018-12-14 03:15:00,4.25,4.18,4.18,4.07,5.7468624862572675,4.195712451144885,4.1592546
2018-12-14 03:30:00,4.18,4.25,4.21,4.03,6.0466361015266585,4.205029308499752,4.206697
2018-12-14 03:45:00,4.14,4.18,4.21,4.0,6.243482267190121,4.190549002169842,4.0933166
2018-12-14 04:00:00,4.28,4.14,4.21,3.42,5.734340580074413,4.171703098622728,4.093394
2018-12-14 04:15:00,4.18,4.28,4.18,3.49,6.060147540283044,4.237767391732829,4.179504
2018-12-14 04:30:00,4.18,4.18,4.21,3.46,6.177218580431681,4.193676184528557,4.126065
2018-12-14 04:45:00,4.1,4.18,4.21,3.38,6.403868930450731,4.196890068020057,4.0985274
2018-12-14 05:00:00,4.46,4.1,4.18,3.42,5.889952702376,4.0796980203020645,4.0852647
2018-12-14 05:15:00,5.4,4.46,3.67,3.42,6.345480498258286,4.313526424950032,4.263453
2018-12-14 05:30:00,4.5,5.4,3.42,3.74,7.280568914403194,4.627225449379676,5.1688876
2018-12-14 05:45:00,4.18,4.5,3.89,4.07,6.917260968257352,4.26766836778509,4.2103295
2018-12-14 06:00:00,4.14,4.18,4.32,3.49,6.168898687181539,4.193794944517102,4.136125
2018-12-14 06:15:00,4.14,4.14,3.46,3.42,6.154001717426645,4.170567463628387,4.262214
2018-12-14 06:30:00,3.49,4.14,3.38,3.64,6.312482994779227,4.188713277745206,4.1007867
2018-12-14 06:45:00,3.42,3.49,3.38,4.1,6.071787370309885,3.4321766946867327,3.518878
2018-12-14 07:00:00,3.35,3.42,3.42,4.0,5.513494751233303,3.4039165661636677,3.4774702
2018-12-14 07:15:00,3.35,3.35,3.42,4.0,5.592742025486462,3.35417817951075,3.3655689
2018-12-14 07:30:00,4.25,3.35,3.71,3.82,5.680425736169219,3.6283597364074125,3.655554
2018-12-14 07:45:00,6.52,4.25,5.69,4.54,6.819656045310875,4.976421722263053,4.8970504
2018-12-14 08:00:00,7.38,6.52,6.23,4.79,8.512208720229815,6.868665271835316,7.6018667
2018-12-14 08:15:00,36.22,7.38,35.57,47.66,17.81658619520175,41.88211487312528,32.260094
2018-12-14 08:30:00,94.18,36.22,72.86,60.19,45.459427502242185,66.89312273291775,60.010975
2018-12-14 08:45:00,97.88,94.18,61.74,60.19,90.07107805782327,90.9000608895632,89.75132
2018-12-14 09:00:00,134.5,97.88,76.36,53.32,95.032049835047,93.71913804203452,98.68668
2018-12-14 09:15:00,93.67,134.5,63.11,58.86,119.46907678816365,99.99742113710984,105.335144
2018-12-14 09:30:00,109.26,93.67,65.66,49.5,85.16526561458082,99.1788787808517,106.5262
2018-12-14 09:45:00,128.34,109.26,72.07,48.42,95.91855083987991,97.92386822603645,100.12216
2018-12-14 10:00:00,81.47,128.34,56.84,62.78,106.95177568885187,97.34482017134698,98.2877
2018-12-14 10:15:00,109.69,81.47,69.3,48.02,76.41901034330195,98.61923120169395,105.168365
2018-12-14 10:30:00,120.67,109.69,65.66,46.22,97.03187975659316,95.30603008348123,92.7379
2018-12-14 10:45:00,92.81,120.67,85.43,57.46,106.63903761223277,97.26246145192763,97.27057
2018-12-14 11:00:00,91.58,92.81,53.17,48.78,87.11118734923905,100.2667544065324,105.683205
2018-12-14 11:15:00,104.9,91.58,55.4,47.02,82.17122464928765,96.0527353154687,93.427666
2018-12-14 11:30:00,124.2,104.9,60.08,58.0,92.94371251065925,97.29711986308125,94.481064
2018-12-14 11:45:00,88.85,124.2,58.0,51.48,109.18302281932999,98.33726063646397,105.03237
2018-12-14 12:00:00,132.01,88.85,51.3,44.28,79.6807398458569,99.42699335244615,100.6866
2018-12-14 12:15:00,13.61,132.01,11.38,26.6,103.5178270656314,15.089619691070647,16.20977
2018-12-14 12:30:00,9.86,13.61,10.91,12.49,21.167230125829477,8.210266385852654,1.9500273
2018-12-14 12:45:00,9.61,9.86,30.1,9.79,20.176555829884293,10.878173642761116,11.905064
2018-12-14 13:00:00,9.43,9.61,36.4,10.76,15.884886492435308,20.154535158097595,16.755035
2018-12-14 13:15:00,86.98,9.43,41.69,44.06,20.494922142203844,52.84548514849872,49.34319
2018-12-14 13:30:00,74.66,86.98,56.92,49.82,84.5778226151809,97.17658007146001,104.73672
2018-12-14 13:45:00,116.42,74.66,46.66,54.36,76.4993229623592,88.80302964861569,77.5083
2018-12-14 14:00:00,107.57,116.42,52.52,55.98,109.07736585843642,100.22926358345919,103.02421
2018-12-14 14:15:00,103.82,107.57,58.25,56.48,93.3338497533988,99.02201879848835,102.84187
2018-12-14 14:30:00,114.73,103.82,72.61,47.41,91.6262137570397,97.3929130456067,104.150566
2018-12-14 14:45:00,84.74,114.73,66.24,47.95,94.69257735683729,93.50849058037413,95.72027
2018-12-14 15:00:00,109.4,84.74,73.08,58.86,76.15043913049368,95.90509311567388,101.22448
2018-12-14 15:15:00,125.21,109.4,60.52,50.08,94.60315894331289,94.66835446924506,93.191246
2018-12-14 15:30:00,89.35,125.21,59.87,51.88,105.50269406563024,94.44993843595405,98.490395
2018-12-14 15:45:00,122.26,89.35,63.5,53.82,83.99272891161056,99.82172803585884,107.663086
2018-12-14 16:00:00,114.66,122.26,60.52,49.9,104.25769168834998,93.38000352568763,92.40156
2018-12-14 16:15:00,96.8,114.66,88.92,57.1,100.55346808221601,97.36301647526844,98.69826
2018-12-14 16:30:00,118.12,96.8,105.37,50.33,90.97055943685815,97.8283205977237,97.66015
2018-12-14 16:45:00,133.2,118.12,102.89,68.54,104.3052508719856,94.79293821287156,96.79562
2018-12-14 17:00:00,102.64,133.2,77.83,60.12,113.7293993304963,94.8762603682989,100.041435
2018-12-14 17:15:00,63.94,102.64,67.18,72.11,94.94073767411757,99.88394954789564,102.60409
2018-12-14 17:30:00,62.64,63.94,70.13,46.33,63.840238927535395,73.83347878988761,71.560905
2018-12-14 17:45:00,37.94,62.64,31.72,34.16,56.86116528730646,64.16910416910704,48.81388
2018-12-14 18:00:00,32.62,37.94,31.5,30.35,37.16220427656783,31.584257499164615,33.777523
2018-12-14 18:15:00,29.63,32.62,54.79,42.48,36.82270550279509,40.90712561387762,38.15315
2018-12-14 18:30:00,26.57,29.63,77.04,52.85,38.36440325294127,41.584174771554146,40.932755
2018-12-14 18:45:00,26.35,26.57,79.63,58.97,37.946378523950855,26.834842432204397,30.291708
2018-12-14 19:00:00,26.32,26.35,80.46,57.17,36.004344442544735,28.885773085403294,28.622858
2018-12-14 19:15:00,26.39,26.32,71.89,44.39,33.08389913166618,28.48510730206311,27.563177
2018-12-14 19:30:00,26.64,26.39,78.52,47.84,33.75189606885533,29.15220724412955,27.253992
2018-12-14 19:45:00,28.44,26.64,52.31,54.07,32.17032575621188,29.441659735617982,26.495249
2018-12-14 20:00:00,30.46,28.44,61.16,43.38,32.651010793529025,32.50501972628069,29.619162
2018-12-14 20:15:00,29.88,30.46,61.6,57.64,35.93800552601874,34.42248225455378,32.92144
2018-12-14 20:30:00,30.06,29.88,49.68,41.72,32.88159173459111,34.373924662982255,34.77255
2018-12-14 20:45:00,31.93,30.06,41.54,31.9,30.397412355095476,34.130352201292574,34.33707
2018-12-14 21:00:00,28.66,31.93,20.16,19.69,27.568460305877267,23.895229519939647,24.71095
2018-12-14 21:15:00,5.76,28.66,6.16,5.62,21.778714379698727,17.470499912413587,15.593953
2018-12-14 21:30:00,5.8,5.76,5.69,5.62,6.684260657691556,5.467897279068443,4.818256
2018-12-14 21:45:00,5.72,5.8,5.69,5.15,6.712546005684548,5.556315413711951,4.971654
2018-12-14 22:00:00,5.69,5.72,5.65,4.28,5.7240243190786195,5.39295382447999,4.979164
2018-12-14 22:15:00,5.4,5.69,5.47,4.0,5.681167289959305,5.211801032228088,4.964617
2018-12-14 22:30:00,5.33,5.4,5.4,4.07,5.75923483803383,4.979734177757465,4.7495117
2018-12-14 22:45:00,5.33,5.33,5.36,4.03,6.039696933568507,4.966635433185975,4.7928324
2018-12-14 23:00:00,5.33,5.33,5.36,4.0,5.531094288266363,4.960980958255753,4.794302
2018-12-14 23:15:00,4.86,5.33,5.26,3.96,5.091504143026402,4.956529749711202,4.9426193
2018-12-14 23:30:00,4.03,4.86,5.22,4.03,5.0888782592849715,4.714240136583541,4.8008013
2018-12-14 23:45:00,4.03,4.03,5.18,4.0,4.833736754264649,4.118998106380053,3.9430046
2018-12-15 00:00:00,3.28,4.03,4.1,3.78,2.522356378735676,8.18725451153151,3.032032
2018-12-15 00:15:00,4.14,3.28,5.33,4.0,2.3178922554319428,3.3875666435078005,3.849266
2018-12-15 00:30:00,4.1,4.14,5.29,3.96,3.20471807385168,4.145810704160099,4.1845994
2018-12-15 00:45:00,4.07,4.1,5.26,4.0,3.478188797391951,4.010289220441868,3.9894695
2018-12-15 01:00:00,4.14,4.07,5.29,4.0,3.1414232368127237,3.6991384475422917,3.761241
2018-12-15 01:15:00,4.14,4.14,5.26,5.15,3.5186981592361413,4.1531117476021455,4.071892
2018-12-15 01:30:00,4.14,4.14,5.36,4.79,3.7659959654963977,4.145005901445113,4.063669
2018-12-15 01:45:00,4.14,4.14,5.33,3.96,4.001534467889446,4.143383120727887,4.0553026
2018-12-15 02:00:00,4.1,4.14,4.79,3.96,3.6144576975134264,4.103359771431216,4.0778894
2018-12-15 02:15:00,4.1,4.1,4.14,4.1,3.8117601782850947,4.033916892881879,4.067605
2018-12-15 02:30:00,4.21,4.1,4.18,4.0,4.077746377403507,4.044032186667511,4.049343
2018-12-15 02:45:00,4.1,4.21,4.21,4.0,4.423594165083639,4.187185019906377,4.08924
2018-12-15 03:00:00,4.18,4.1,4.18,4.0,3.942831461348117,4.044128086584644,4.031501
2018-12-15 03:15:00,4.82,4.18,4.25,3.96,4.283851102212825,4.182738036507479,4.0479956
2018-12-15 03:30:00,5.26,4.82,4.18,3.64,4.994335932797387,4.484307715270835,4.206422
2018-12-15 03:45:00,4.18,5.26,4.14,3.38,5.583364090593914,4.539270914456761,5.896636
2018-12-15 04:00:00,4.14,4.18,4.28,3.31,4.415174754658143,4.127871094034734,3.8933609
2018-12-15 04:15:00,4.14,4.14,4.18,3.35,4.583486464135614,4.1517389561918545,4.0203714
2018-12-15 04:30:00,3.82,4.14,4.18,3.35,4.737285173903107,4.150731878146547,4.021557
2018-12-15 04:45:00,3.46,3.82,4.1,3.42,4.73114145657955,3.811149313750879,3.7947657
2018-12-15 05:00:00,3.49,3.46,4.46,3.49,4.073671346374091,3.4138039931316544,3.4732234
2018-12-15 05:15:00,3.42,3.49,5.4,4.0,4.426343398025367,3.4400168335308283,3.4591703
2018-12-15 05:30:00,3.42,3.42,4.5,3.53,4.471598877338376,3.4119951530909565,3.4154348
2018-12-15 05:45:00,3.42,3.42,4.18,3.35,4.6042559339713485,3.4065446673273385,3.4152336
2018-12-15 06:00:00,3.38,3.42,4.14,3.38,4.120035533014498,3.4084070672751254,3.4762588
2018-12-15 06:15:00,3.46,3.38,4.14,4.03,4.267078690635305,3.3895359129632987,3.373436
2018-12-15 06:30:00,3.42,3.46,3.49,4.03,4.423408273158376,3.4339922481260463,3.449883
2018-12-15 06:45:00,3.49,3.42,3.42,4.0,4.517841823278243,3.4191533501244535,3.4180236
2018-12-15 07:00:00,4.57,3.49,3.35,3.78,4.032497999936282,3.4379071199509563,3.4343581
2018-12-15 07:15:00,4.43,4.57,3.35,3.35,4.978104484091222,3.9643763379297647,3.870365
2018-12-15 07:30:00,4.1,4.43,4.25,3.31,5.09762119974517,4.286906206273696,3.749244
2018-12-15 07:45:00,4.07,4.1,6.52,3.53,5.325474316027314,4.853419014974854,4.572119
2018-12-15 08:00:00,3.64,4.07,7.38,3.67,5.132172783898671,4.890002722069392,4.1682844
2018-12-15 08:15:00,3.35,3.64,36.22,29.23,11.84257100254662,32.891978996901486,33.153664
2018-12-15 08:30:00,3.35,3.35,94.18,38.16,18.95214245805017,3.5892075680924465,7.3263946
2018-12-15 08:45:00,3.38,3.35,97.88,33.08,18.8803731105743,3.5053841613422074,5.6956434
2018-12-15 09:00:00,3.49,3.38,134.5,51.52,23.17525218352834,3.5790101075917695,2.113865
2018-12-15 09:15:00,3.56,3.49,93.67,47.77,19.704983934546263,3.5753677410578257,3.288939
2018-12-15 09:30:00,3.38,3.56,109.26,42.05,20.461993341152898,3.5513746457906565,3.225319
2018-12-15 09:45:00,3.42,3.38,128.34,32.4,20.92586559179491,3.534315184132563,1.7791687
2018-12-15 10:00:00,3.35,3.42,81.47,31.43,16.374205674040155,3.5377247588432117,5.1182475
2018-12-15 10:15:00,3.35,3.35,109.69,31.57,18.146632690935107,3.530304026769325,3.2504058
2018-12-15 10:30:00,3.35,3.35,120.67,31.43,19.287154789085054,3.526715517278504,2.5623128
2018-12-15 10:45:00,4.97,3.35,92.81,47.66,18.972447858688465,3.5228248358867273,3.3086054
2018-12-15 11:00:00,5.36,4.97,91.58,49.28,18.985229434316693,6.59245173269186,9.109438
2018-12-15 11:15:00,4.28,5.36,104.9,38.16,18.720864030028448,6.268213234470545,10.901161
2018-12-15 11:30:00,4.18,4.28,124.2,44.14,20.279995380457255,5.104957889213335,4.678812
2018-12-15 11:45:00,3.35,4.18,88.85,38.27,18.020414722595667,4.6296754865396235,7.70569
2018-12-15 12:00:00,3.38,3.35,132.01,22.46,17.201212714427314,4.450322528387392,2.1251504
2018-12-15 12:15:00,3.42,3.38,13.61,3.92,2.606989249909031,3.6482731895261007,3.5487828
2018-12-15 12:30:00,3.42,3.42,9.86,4.57,2.527826241891752,3.620324250655038,3.4232168
2018-12-15 12:45:00,3.42,3.42,9.61,5.36,3.3682184210319583,3.8468478579748746,3.5548043
2018-12-15 13:00:00,3.38,3.42,9.43,6.08,2.9281694098377073,4.108653119963403,3.7046423
2018-12-15 13:15:00,3.31,3.38,86.98,34.09,12.660739751783986,3.5374771591061136,8.067613
2018-12-15 13:30:00,3.35,3.31,74.66,55.69,15.17110226576002,3.518882809385157,4.2520146
2018-12-15 13:45:00,3.38,3.35,116.42,40.61,17.32113963569902,3.5167696367301757,3.446491
2018-12-15 14:00:00,3.31,3.38,107.57,50.51,16.6297713438532,3.5215416042048333,4.0862207
2018-12-15 14:15:00,3.82,3.31,103.82,37.98,15.865154013380348,3.5022253303074367,3.7938015
2018-12-15 14:30:00,4.1,3.82,114.73,48.89,17.20484932816864,3.9673394270099878,3.4905918
2018-12-15 14:45:00,4.07,4.1,84.74,37.73,14.020357022618587,4.214057919290768,10.006991
2018-12-15 15:00:00,4.21,4.07,109.4,40.03,15.866772799181913,4.048600601020757,6.594169
2018-12-15 15:15:00,3.74,4.21,125.21,43.67,17.06068155471442,4.3832578961896225,7.2321215
2018-12-15 15:30:00,3.74,3.74,89.35,46.15,14.1115630050267,3.9467221046547265,4.3555756
2018-12-15 15:45:00,3.96,3.74,122.26,49.68,16.707961568321657,3.960169319088806,4.581366
2018-12-15 16:00:00,3.28,3.96,114.66,49.32,15.214976238536728,4.561230676461265,4.395063
2018-12-15 16:15:00,3.35,3.28,96.8,49.46,14.19163851307102,4.232326354392958,4.346009
2018-12-15 16:30:00,3.28,3.35,118.12,49.54,16.371118997302077,3.6323111271516275,3.5273104
2018-12-15 16:45:00,3.24,3.28,133.2,34.63,16.149766554049517,3.3544192545740903,3.8225372
2018-12-15 17:00:00,3.28,3.24,102.64,27.0,12.095668350966276,3.364473601526611,3.2670186
2018-12-15 17:15:00,3.28,3.28,63.94,9.9,8.77158537508129,3.3642967771293235,3.4287355
2018-12-15 17:30:00,3.35,3.28,62.64,5.22,8.063247769198679,3.3571501225977767,3.413318
2018-12-15 17:45:00,4.18,3.35,37.94,5.29,3.852279485485351,3.3900294092214183,3.9394782
2018-12-15 18:00:00,4.1,4.18,32.62,5.22,2.600874248378542,3.629081860084062,4.161187
2018-12-15 18:15:00,4.1,4.1,29.63,5.18,3.8554671488021164,3.673526654822461,4.3602133
2018-12-15 18:30:00,4.1,4.1,26.57,5.15,5.335176384601894,3.6606782027575604,3.813165
2018-12-15 18:45:00,4.03,4.1,26.35,5.33,5.949804264611505,3.9817322980636347,4.160037
2018-12-15 19:00:00,4.28,4.03,26.32,5.15,5.225041755973464,3.952102211134026,4.02878
2018-12-15 19:15:00,3.49,4.28,26.39,4.1,5.413757331359481,4.146092846367694,4.176199
2018-12-15 19:30:00,3.38,3.49,26.64,4.14,4.87552447143641,3.432945009091253,3.4851143
2018-12-15 19:45:00,3.35,3.38,28.44,4.1,4.358257993156048,3.3604139514948987,3.3955243
2018-12-15 20:00:00,3.38,3.35,30.46,4.14,4.4746214179857695,3.356657140386116,3.3700368
2018-12-15 20:15:00,3.46,3.38,29.88,4.1,4.710862539175526,3.3918325273937007,3.4035766
2018-12-15 20:30:00,3.42,3.46,30.06,4.03,4.335270955655744,3.4288742819845166,3.4193385
2018-12-15 20:45:00,3.35,3.42,31.93,4.14,3.284081485552271,3.414105779324387,3.3996093
2018-12-15 21:00:00,3.38,3.35,28.66,4.1,1.0726420951857492,3.377239023942949,3.361328
2018-12-15 21:15:00,3.96,3.38,5.76,4.14,-2.0721621631264107,3.3951087769561545,3.3715456
2018-12-15 21:30:00,4.28,3.96,5.8,4.1,-1.6805799463617568,3.7801980830601214,3.713584
2018-12-15 21:45:00,4.25,4.28,5.72,4.14,-1.1276390996921002,3.6982462217420378,3.5835347
2018-12-15 22:00:00,4.18,4.25,5.69,4.1,-1.5354415012945957,3.739001915373645,3.7598906
2018-12-15 22:15:00,3.74,4.18,5.4,3.82,-1.42520194369067,4.091521804753355,3.9398456
2018-12-15 22:30:00,3.31,3.74,5.33,3.89,-1.4840600943976199,3.7459969863510643,3.6387987
2018-12-15 22:45:00,4.07,3.31,5.33,5.0,-1.4339010762698408,3.3291812640829903,3.253016
2018-12-15 23:00:00,3.56,4.07,5.33,4.75,-1.3151755713706912,3.9397806479962356,3.923973
2018-12-15 23:15:00,3.17,3.56,4.86,3.82,-1.4669245439826888,3.6109464207202593,3.4269557
2018-12-15 23:30:00,3.24,3.17,4.03,3.71,-1.4990785435905245,3.191668977211538,3.087326
2018-12-15 23:45:00,3.2,3.24,4.03,3.82,-1.186851307275635,3.337454876145042,3.1840992
2018-12-16 00:00:00,4.21,3.2,3.28,3.17,-1.6578975521847283,4.647432926754971,3.212667
2018-12-16 00:15:00,3.24,4.21,4.14,3.74,-0.5431191543878988,4.001117901358492,3.498693
2018-12-16 00:30:00,3.28,3.24,4.1,3.74,-0.957804777405439,3.3015989771850314,3.1314878
2018-12-16 00:45:00,3.28,3.28,4.07,3.82,-0.6060146420885211,3.3209148900171552,3.2572832
2018-12-16 01:00:00,3.85,3.28,4.14,3.85,-1.0514403136956716,3.3225025499376275,3.2620196
2018-12-16 01:15:00,4.18,3.85,4.14,3.78,-0.3192642574528257,3.5012126111335835,3.5164025
2018-12-16 01:30:00,4.07,4.18,4.14,3.82,0.25491417030139374,3.6574940386517416,3.6567962
2018-12-16 01:45:00,4.07,4.07,4.14,3.78,0.4957056663630155,3.5967936631610162,3.6752622
2018-12-16 02:00:00,3.92,4.07,4.1,3.78,0.14418924195540583,3.983595326715638,4.010993
2018-12-16 02:15:00,3.28,3.92,4.1,3.17,0.15802129189380665,3.8447537282831505,3.9126732
2018-12-16 02:30:00,3.42,3.28,4.21,3.13,0.013872780004550833,3.27946598963981,3.2115548
2018-12-16 02:45:00,3.53,3.42,4.1,3.35,0.3710883471959896,3.3888732742649057,3.3999445
2018-12-16 03:00:00,4.14,3.53,4.18,3.67,0.07628601131659352,3.549911150719454,3.4196541
2018-12-16 03:15:00,3.56,4.14,4.82,3.02,0.8526432279375555,3.723632764496181,3.7618444
2018-12-16 03:30:00,3.35,3.56,5.26,3.13,0.7341736277492572,3.5425180907862854,3.388893
2018-12-16 03:45:00,3.38,3.35,4.18,3.06,0.750566964735377,3.3013487085192206,3.3202975
2018-12-16 04:00:00,3.42,3.38,4.14,3.06,0.31114257976418,3.326681660168978,3.3455565
2018-12-16 04:15:00,3.42,3.42,4.14,3.06,0.5524734479121491,3.399058635878376,3.4413679
2018-12-16 04:30:00,3.42,3.42,3.82,3.2,0.7399126469476691,3.3977537415736134,3.3530128
2018-12-16 04:45:00,3.38,3.42,3.46,3.78,0.9742212734088938,3.418287819743482,3.3902457
2018-12-16 05:00:00,4.07,3.38,3.49,3.78,0.5233937594577149,3.3889065012797386,3.3655145
2018-12-16 05:15:00,4.14,4.07,3.42,3.74,1.2609866466342332,3.8918482682400692,3.9176376
2018-12-16 05:30:00,4.07,4.14,3.42,3.74,1.4939153730755166,3.8093352865673213,3.783645
2018-12-16 05:45:00,4.07,4.07,3.42,3.13,1.608923818601017,3.6959675890977297,3.7140725
2018-12-16 06:00:00,3.53,4.07,3.38,3.74,1.1002456278095671,3.95141848520348,4.049544
2018-12-16 06:15:00,3.31,3.53,3.46,3.56,0.842403006058337,3.551598483617484,3.524297
2018-12-16 06:30:00,3.35,3.31,3.42,3.1,0.788825864159552,3.2838045135298732,3.2684286
2018-12-16 06:45:00,3.64,3.35,3.49,2.95,0.9372915112084641,3.3026468453616715,3.2994945
2018-12-16 07:00:00,4.07,3.64,4.57,3.06,0.7452477796991772,3.6165504114490092,3.4922154
2018-12-16 07:15:00,3.38,4.07,4.43,3.02,1.2326060474288667,3.7007492072203734,3.7693155
2018-12-16 07:30:00,3.28,3.38,4.1,2.95,0.8596255882844623,3.5407306321340486,3.387254
2018-12-16 07:45:00,3.89,3.28,4.07,3.02,1.110589837629469,4.332985913611555,3.4191601
2018-12-16 08:00:00,3.96,3.89,3.64,2.99,1.3580405597402887,4.411022984223855,3.784457
2018-12-16 08:15:00,39.35,3.96,3.35,3.13,5.7261239694428845,12.718918134620104,14.7224455
2018-12-16 08:30:00,63.54,39.35,3.35,3.74,37.202692805909194,71.8482972220663,53.9284
2018-12-16 08:45:00,65.02,63.54,3.38,3.82,56.360884028038285,70.70744756197155,55.363613
2018-12-16 09:00:00,63.79,65.02,3.49,3.96,59.8421935733697,70.55160896781311,59.368874
2018-12-16 09:15:00,61.7,63.79,3.56,4.03,54.59595420800902,57.765643334495905,55.404354
2018-12-16 09:30:00,64.8,61.7,3.38,3.35,51.040331753735,60.70716368853391,56.78632
2018-12-16 09:45:00,51.16,64.8,3.42,3.31,53.613166315712974,62.25351213611249,59.158665
2018-12-16 10:00:00,55.01,51.16,3.35,3.89,42.53121999949938,55.589778543320364,52.527706
2018-12-16 10:15:00,61.81,55.01,3.35,4.03,46.887122720560484,53.91397608655968,52.330956
2018-12-16 10:30:00,72.18,61.81,3.35,3.31,52.898251645159846,56.84852553107139,54.512806
2018-12-16 10:45:00,54.86,72.18,4.97,3.35,61.88626766206572,64.76056947573765,57.775223
2018-12-16 11:00:00,66.78,54.86,5.36,3.42,48.03760252423504,58.64736532946842,55.10804
2018-12-16 11:15:00,69.95,66.78,4.28,3.35,55.52872181375032,61.194777741396,58.083317
2018-12-16 11:30:00,53.35,69.95,4.18,3.31,58.52463426836293,63.36172212394407,61.63056
2018-12-16 11:45:00,55.51,53.35,3.35,3.38,47.80920246470262,57.49078795483286,53.696774
2018-12-16 12:00:00,11.81,55.51,3.38,3.89,47.177855010818746,57.00008483361512,55.746258
2018-12-16 12:15:00,5.65,11.81,3.42,4.18,9.928370565001526,6.522647402246037,3.8107913
2018-12-16 12:30:00,5.54,5.65,3.42,4.1,6.195504650725315,5.81495040222648,5.0994434
2018-12-16 12:45:00,5.44,5.54,3.42,4.1,5.285503754677286,5.9293331944047605,6.2128778
2018-12-16 13:00:00,5.33,5.44,3.38,3.6,4.665131846369917,8.840317397112836,13.039826
2018-12-16 13:15:00,36.47,5.33,3.31,3.42,8.999305592085957,32.04874446877337,27.731728
2018-12-16 13:30:00,63.72,36.47,3.35,3.42,34.554521339442424,61.549829980269784,53.659897
2018-12-16 13:45:00,64.8,63.72,3.38,3.35,57.40325336988252,70.52876275875403,56.19881
2018-12-16 14:00:00,61.85,64.8,3.31,3.92,57.124674409577366,69.28396388977869,54.84921
2018-12-16 14:15:00,57.89,61.85,3.82,3.78,52.60840730244219,62.18342498802067,54.63454
2018-12-16 14:30:00,54.36,57.89,4.1,3.42,47.003792857914235,59.416520706397705,56.9141
2018-12-16 14:45:00,47.38,54.36,4.07,3.38,43.47288499314356,56.02058751562166,52.5384
2018-12-16 15:00:00,43.49,47.38,4.21,3.46,39.40131098887153,52.14985226917535,48.334732
2018-12-16 15:15:00,45.4,43.49,3.74,3.42,37.78356136994968,47.813272279277115,43.654793
2018-12-16 15:30:00,60.55,45.4,3.74,3.53,39.04482203810952,49.00105653734399,44.2356
2018-12-16 15:45:00,48.42,60.55,3.96,4.07,51.45654519065692,53.43265750164714,52.390747
2018-12-16 16:00:00,63.22,48.42,3.28,4.03,42.15088093972264,50.77714482450026,47.847393
2018-12-16 16:15:00,62.64,63.22,3.35,4.14,53.52655696984823,55.533789106638494,53.727077
2018-12-16 16:30:00,66.02,62.64,3.28,4.0,53.44678604354705,57.55091738130092,58.166283
2018-12-16 16:45:00,35.42,66.02,3.24,3.31,56.87088957440723,59.28276583076372,60.721275
2018-12-16 17:00:00,9.11,35.42,3.28,3.35,32.67776567122861,33.36236541859923,35.81379
2018-12-16 17:15:00,8.06,9.11,3.28,3.49,13.984464548286375,4.921321728949946,5.500472
2018-12-16 17:30:00,7.74,8.06,3.35,4.1,12.419647404918498,9.24590560890736,4.5338774
2018-12-16 17:45:00,7.85,7.74,4.18,3.64,7.632692445190571,8.960771459739666,5.637512
2018-12-16 18:00:00,6.73,7.85,4.1,3.24,6.238338510690941,13.858058493655566,6.0557213
2018-12-16 18:15:00,5.22,6.73,4.1,3.28,7.076162452539876,5.925871804877131,5.0035505
2018-12-16 18:30:00,5.69,5.22,4.1,3.31,7.992372417413808,4.8879669424894,4.4022083
2018-12-16 18:45:00,5.72,5.69,4.03,3.42,8.084993289379653,5.087314473587342,4.380786
2018-12-16 19:00:00,5.69,5.72,4.28,3.64,6.663947144822497,5.232518650215431,4.5381384
2018-12-16 19:15:00,5.72,5.69,3.49,4.07,6.68550985083461,5.138806740845109,4.7303467
2018-12-16 19:30:00,5.44,5.72,3.38,4.03,6.695798386405862,5.227114725085732,4.781025
2018-12-16 19:45:00,4.46,5.44,3.35,4.03,5.819706945812406,4.975308612745523,4.8285246
2018-12-16 20:00:00,4.5,4.46,3.38,4.0,5.302952127898802,4.235754650008294,4.1089478
2018-12-16 20:15:00,4.46,4.5,3.46,3.31,5.533461927747215,4.314996623034907,4.10281
2018-12-16 20:30:00,4.5,4.46,3.42,3.31,5.034795597730941,4.264857808256701,4.0661135
2018-12-16 20:45:00,4.54,4.5,3.35,3.35,3.9499540531560378,4.365992319656493,4.2867274
2018-12-16 21:00:00,4.46,4.54,3.38,3.35,1.870952399494179,4.397954801588182,4.305323
2018-12-16 21:15:00,4.5,4.46,3.96,3.67,-0.5005664131237033,4.311960119920784,4.31416
2018-12-16 21:30:00,4.5,4.5,4.28,4.14,-0.4920069645927576,4.367912304244532,4.391559
2018-12-16 21:45:00,4.57,4.5,4.25,3.38,-0.2808250543183206,4.374953582941927,4.446481
2018-12-16 22:00:00,4.57,4.57,4.18,3.28,-0.6226070180637251,4.55042137556697,4.4646306
2018-12-16 22:15:00,4.25,4.57,3.74,3.13,-0.40763155481785773,4.556705622257717,4.352795
2018-12-16 22:30:00,4.25,4.25,3.31,3.17,-0.36856315241173476,4.191142626513707,4.117267
2018-12-16 22:45:00,4.18,4.25,4.07,3.78,-0.049913727260623375,4.194566616995549,5.303926
2018-12-16 23:00:00,5.44,4.18,3.56,3.78,-0.5087805924967022,4.182132465550804,4.0703607
2018-12-16 23:15:00,4.82,5.44,3.17,3.74,0.7208864018936403,4.669780495297173,4.362554
2018-12-16 23:30:00,4.14,4.82,3.24,3.74,0.5872869976388877,4.482008135903236,4.3759828
2018-12-16 23:45:00,4.18,4.14,3.2,3.46,0.40502496428097956,4.218483148252822,4.055591
2018-12-17 00:00:00,4.57,4.18,4.21,5.36,5.483507791415629,13.970964231907438,4.1285944
2018-12-17 00:15:00,4.25,4.57,3.24,3.06,5.827389211148798,4.665366972853269,4.140939
2018-12-17 00:30:00,4.18,4.25,3.28,3.02,5.919814996231647,4.167478348653899,4.157157
2018-12-17 00:45:00,4.21,4.18,3.28,3.31,6.182635429628181,4.166308173425365,4.1243777
2018-12-17 01:00:00,4.21,4.21,3.85,3.85,5.904149363941663,4.191065353778463,4.1423287
2018-12-17 01:15:00,4.21,4.21,4.18,3.42,6.183302582640248,4.175906532305344,4.1466584
2018-12-17 01:30:00,4.36,4.21,4.07,3.1,6.446870751231579,4.171026598178186,4.141002
2018-12-17 01:45:00,4.28,4.36,4.07,3.1,6.874076085803583,4.228752420803985,4.1991324
2018-12-17 02:00:00,4.28,4.28,3.92,3.17,6.500306818390033,4.210317557404767,4.239224
2018-12-17 02:15:00,4.28,4.28,3.28,3.31,6.680612772364949,4.204863136495872,4.2161717
2018-12-17 02:30:00,3.71,4.28,3.42,3.82,6.971308304002758,4.224514554651751,4.229342
2018-12-17 02:45:00,4.32,3.71,3.53,3.78,6.867377031352788,3.7521997516399748,3.7579987
2018-12-17 03:00:00,3.82,4.32,4.14,3.82,6.929995622696335,4.206235594969448,4.3319287
2018-12-17 03:15:00,3.53,3.82,3.56,3.74,6.82629925796175,3.8023307526157555,3.7743566
2018-12-17 03:30:00,3.53,3.53,3.35,3.1,6.887932524474753,3.522672806794391,3.513715
2018-12-17 03:45:00,3.53,3.53,3.38,3.2,7.080034802315954,3.524183930634073,3.5932887
2018-12-17 04:00:00,3.6,3.53,3.42,3.1,6.654397440046846,3.5194725710369,3.6323497
2018-12-17 04:15:00,3.53,3.6,3.42,3.13,6.945866102862958,3.59725941688726,3.6097836
2018-12-17 04:30:00,3.53,3.53,3.42,3.17,7.0739877383151075,3.510846451934806,3.5043821
2018-12-17 04:45:00,4.1,3.53,3.38,3.49,7.3221471635302535,3.549917811508235,3.491632
2018-12-17 05:00:00,4.25,4.1,4.07,3.74,7.357001937561325,4.061842687404999,4.1352615
2018-12-17 05:15:00,4.28,4.25,4.14,3.13,7.682065141124763,3.895611291463422,3.8747382
2018-12-17 05:30:00,4.25,4.28,4.07,3.1,7.869907025449134,3.9351583336577014,3.8596666
2018-12-17 05:45:00,3.64,4.25,4.07,3.82,8.018141442907567,4.147071543489958,4.2157464
2018-12-17 06:00:00,3.49,3.64,3.53,3.82,7.113721868341777,3.6923484552727026,3.6602032
2018-12-17 06:15:00,3.46,3.49,3.31,3.85,7.107755123036053,3.434171850658323,3.50117
2018-12-17 06:30:00,4.32,3.46,3.35,3.82,7.188280448819519,3.4157055473098525,3.4898167
2018-12-17 06:45:00,3.6,4.32,3.64,3.46,7.980085525031974,4.031619715108481,4.1617527
2018-12-17 07:00:00,3.42,3.6,4.07,3.06,7.026646175969255,3.607566805845019,3.481302
2018-12-17 07:15:00,3.49,3.42,3.38,3.13,7.008497038808965,3.3644265196576133,3.4083445
2018-12-17 07:30:00,4.36,3.49,3.28,3.56,7.157874816381106,3.6711735135438643,3.8704598
2018-12-17 07:45:00,6.19,4.36,3.89,5.87,8.374364361900781,5.308605866614602,6.095522
2018-12-17 08:00:00,6.3,6.19,3.96,6.8,9.775442158038135,7.495468811084896,9.173676
2018-12-17 08:15:00,6.48,6.3,39.35,33.48,17.709985693954522,33.84032520914525,26.570484
2018-12-17 08:30:00,53.35,6.48,63.54,61.06,25.294963741699494,11.344227748874431,26.044704
2018-12-17 08:45:00,46.94,53.35,65.02,58.36,61.339621891334986,95.13124313309382,71.83331
2018-12-17 09:00:00,52.06,46.94,63.79,68.62,59.809512257310224,55.113536840239334,56.98684
2018-12-17 09:15:00,54.83,52.06,61.7,69.23,62.13463121968573,57.40011993949116,56.670208
2018-12-17 09:30:00,56.12,54.83,64.8,70.78,60.29435935592767,56.756142495560404,57.186993
2018-12-17 09:45:00,58.0,56.12,51.16,61.74,60.97689846308623,57.04869326186308,56.662346
2018-12-17 10:00:00,50.08,58.0,55.01,72.0,60.44379388670929,57.377794855854,57.847267
2018-12-17 10:15:00,46.04,50.08,61.81,56.2,54.90389612790692,55.23045869911354,53.247253
2018-12-17 10:30:00,49.54,46.04,72.18,56.02,54.841088109407345,52.0364600341135,52.594727
2018-12-17 10:45:00,54.14,49.54,54.86,63.9,56.18250486123497,54.235370707696575,53.09991
2018-12-17 11:00:00,53.78,54.14,66.78,68.47,59.40543659743569,56.39921555858028,55.790085
2018-12-17 11:15:00,52.67,53.78,69.95,61.56,59.21229307725465,55.989720798642836,55.690624
2018-12-17 11:30:00,55.84,52.67,53.35,70.31,58.86765551934813,56.12958982915499,55.697704
2018-12-17 11:45:00,49.64,55.84,55.51,62.42,60.38573203439314,56.88224427121433,56.71716
2018-12-17 12:00:00,54.5,49.64,11.81,44.75,51.98419456502411,54.18771206043987,51.71485
2018-12-17 12:15:00,11.12,54.5,5.65,9.11,44.090502597566754,9.523511240367553,9.271706
2018-12-17 12:30:00,7.06,11.12,5.54,10.33,15.394125491633194,7.529239992109597,5.533987
2018-12-17 12:45:00,7.13,7.06,5.44,11.45,13.679849667535796,8.418535669882333,8.598868
2018-12-17 13:00:00,8.21,7.13,5.33,11.09,12.029176048942844,12.824374458953308,12.88667
2018-12-17 13:15:00,33.26,8.21,36.47,42.66,20.477600962845035,44.09970207308877,42.02416
2018-12-17 13:30:00,56.99,33.26,63.72,72.9,45.1665728106601,60.86631026944252,54.767967
2018-12-17 13:45:00,56.59,56.99,64.8,71.03,65.02095658422598,60.227458557835064,59.246696
2018-12-17 14:00:00,55.08,56.59,61.85,67.32,64.25200581017988,58.40546545493741,59.893127
2018-12-17 14:15:00,51.05,55.08,57.89,64.22,59.51413524812476,56.47797510665354,56.090755
2018-12-17 14:30:00,47.95,51.05,54.36,69.91,54.363619741663484,55.1079632323718,54.399956
2018-12-17 14:45:00,57.82,47.95,47.38,51.23,49.35755172358247,53.10668881858392,52.200222
2018-12-17 15:00:00,59.11,57.82,43.49,58.39,57.543820964743034,56.96341970873666,57.629883
2018-12-17 15:15:00,60.62,59.11,45.4,69.62,60.861809719717044,57.6579728072325,57.65363
2018-12-17 15:30:00,53.6,60.62,60.55,66.71,62.590958252008036,58.45796653475527,58.02434
2018-12-17 15:45:00,60.44,53.6,48.42,65.99,57.16602271287124,57.47082347251293,55.854244
2018-12-17 16:00:00,67.5,60.44,63.22,64.98,61.55816678880507,58.73664730371045,58.431786
2018-12-17 16:15:00,85.86,67.5,62.64,64.55,67.11828920739157,62.500481460568786,62.27294
2018-12-17 16:30:00,82.33,85.86,66.02,63.72,83.00589141426909,79.72037482227688,79.095825
2018-12-17 16:45:00,59.8,82.33,35.42,66.53,79.88591708722359,79.06829460582283,82.29527
2018-12-17 17:00:00,60.37,59.8,9.11,62.57,60.198868718947054,68.25912231750375,61.55884
2018-12-17 17:15:00,56.38,60.37,8.06,63.72,58.328033342007885,63.81773055961696,59.675858
2018-12-17 17:30:00,52.99,56.38,7.74,58.64,54.22110466339312,60.529360542029536,55.89966
2018-12-17 17:45:00,35.35,52.99,7.85,60.12,48.40997236873031,35.76292636841778,36.930862
2018-12-17 18:00:00,31.32,35.35,6.73,24.73,32.682471708597134,31.631192544161596,31.093779
2018-12-17 18:15:00,16.09,31.32,5.22,5.47,30.68378940194902,38.432128386267635,37.021393
2018-12-17 18:30:00,6.37,16.09,5.69,4.5,21.597931945578875,5.846783477817588,7.5984116
2018-12-17 18:45:00,5.8,6.37,5.72,4.46,15.064653937656278,5.512592316069311,5.58385
2018-12-17 19:00:00,5.54,5.8,5.69,4.46,13.652864241989269,5.441505722978033,5.517646
2018-12-17 19:15:00,5.54,5.54,5.72,4.75,13.197627681280757,5.036275119035265,5.211809
2018-12-17 19:30:00,5.62,5.54,5.44,5.69,13.112665347007594,5.035654651975483,5.291663
2018-12-17 19:45:00,5.54,5.62,4.46,5.62,11.903386818042442,5.084795616430008,4.9710255
2018-12-17 20:00:00,5.62,5.54,4.5,4.46,11.828227159424667,5.006759083768229,4.804472
2018-12-17 20:15:00,5.54,5.62,4.46,4.46,11.711379445228449,5.080007262740015,4.9079676
2018-12-17 20:30:00,4.75,5.54,4.5,4.5,10.892852981110224,5.002691466240753,4.79723
2018-12-17 20:45:00,4.46,4.75,4.54,4.43,9.260935573652645,4.652677409894308,4.8977
2018-12-17 21:00:00,4.46,4.46,4.46,4.46,6.916539270656809,4.2703617146204,4.6444945
2018-12-17 21:15:00,4.43,4.46,4.5,4.5,4.390006800622746,4.295012892031994,4.278109
2018-12-17 21:30:00,4.43,4.43,4.5,4.57,4.309714509570082,4.303467674509566,4.1824822
2018-12-17 21:45:00,4.46,4.43,4.57,4.54,4.579931754226497,4.295714247458548,4.2575526
2018-12-17 22:00:00,4.46,4.46,4.57,4.46,4.207155055393844,4.343284895386079,4.39092
2018-12-17 22:15:00,4.14,4.46,4.25,4.28,4.435202822978873,4.344015775356169,4.3659368
2018-12-17 22:30:00,4.18,4.14,4.25,4.25,4.479478029989494,4.179618277714977,4.0229173
2018-12-17 22:45:00,4.21,4.18,4.18,4.32,4.745411620914528,4.212229200445632,4.0922923
2018-12-17 23:00:00,4.18,4.21,5.44,4.18,4.469303199698402,4.218572083476592,4.1003175
2018-12-17 23:15:00,4.14,4.18,4.82,4.18,4.687707499520563,4.216877592132091,4.0786576
2018-12-17 23:30:00,4.07,4.14,4.14,4.21,4.88427450146877,4.181235027139306,4.0625587
2018-12-17 23:45:00,4.07,4.07,4.18,4.28,5.148204182484967,4.113639511883432,4.0262675
2018-12-18 00:00:00,4.14,4.07,4.57,4.18,3.692614463706196,9.83862081225958,3.956215
2018-12-18 00:15:00,5.22,4.14,4.25,4.86,4.093469063999933,4.3992941982916935,4.0151505
2018-12-18 00:30:00,4.68,5.22,4.18,4.21,5.16521458187885,4.564015534750037,4.7686543
2018-12-18 00:45:00,4.14,4.68,4.21,4.18,5.100171721929954,4.402854115514467,3.988194
2018-12-18 01:00:00,4.1,4.14,4.21,4.21,4.3424895425473515,4.146189957883443,3.953423
2018-12-18 01:15:00,4.18,4.1,4.21,4.32,4.550840602616493,4.062383080166236,4.0300555
2018-12-18 01:30:00,4.07,4.18,4.36,4.25,4.900144535640951,4.194163722463489,4.1259494
2018-12-18 01:45:00,4.18,4.07,4.28,4.18,5.122327881861228,4.04191876415433,4.0651
2018-12-18 02:00:00,4.1,4.18,4.28,4.21,4.881865380139935,4.1884520778343575,4.139423
2018-12-18 02:15:00,4.18,4.1,4.28,4.28,5.089036614996147,4.068463031927947,4.1242414
2018-12-18 02:30:00,4.14,4.18,3.71,4.25,5.373157367366755,4.203434505221939,4.1387057
2018-12-18 02:45:00,4.21,4.14,4.32,4.21,5.6131233762517745,4.181609434186198,4.089578
2018-12-18 03:00:00,4.18,4.21,3.82,3.56,5.201127909754295,4.200356598102758,4.166403
2018-12-18 03:15:00,3.6,4.18,3.53,3.56,5.453129644390824,4.191748044254193,4.130733
2018-12-18 03:30:00,3.42,3.6,3.53,3.53,5.3484696016173885,3.674616281282742,3.630151
2018-12-18 03:45:00,3.42,3.42,3.53,3.53,5.440529840101139,3.392901753973835,3.5336282
2018-12-18 04:00:00,3.38,3.42,3.6,3.85,5.025728357358695,3.3993576301690207,3.5098736
2018-12-18 04:15:00,3.42,3.38,3.53,4.18,5.2367315590846175,3.3887209975176473,3.484392
2018-12-18 04:30:00,3.71,3.42,3.53,3.49,5.413911736407762,3.41744314691237,3.43827
2018-12-18 04:45:00,4.18,3.71,4.1,3.56,5.895730573358115,3.717052337392714,3.6089575
2018-12-18 05:00:00,3.53,4.18,4.25,3.56,5.837287819316774,3.895613881095584,3.88814
2018-12-18 05:15:00,3.46,3.53,4.28,3.74,5.609922727204108,3.5582810283248523,3.4515393
2018-12-18 05:30:00,3.38,3.46,4.25,4.18,5.729740564562054,3.421341724377698,3.5249898
2018-12-18 05:45:00,4.03,3.38,3.64,4.25,5.788039312788396,3.35694114057685,3.4354124
2018-12-18 06:00:00,4.14,4.03,3.49,4.28,5.803084605139432,4.02352674035904,3.8436372
2018-12-18 06:15:00,3.6,4.14,3.46,3.56,5.9603663701519345,3.8969202942857963,3.8343835
2018-12-18 06:30:00,3.38,3.6,4.32,3.53,5.783133314723145,3.649488833843946,3.456793
2018-12-18 06:45:00,3.35,3.38,3.6,3.6,5.6919975318229135,3.3443223006573177,3.3362193
2018-12-18 07:00:00,3.31,3.35,3.42,3.49,5.145000127397267,3.3497184625135077,3.3317125
2018-12-18 07:15:00,3.28,3.31,3.49,4.1,5.271209883051778,3.360236288438392,3.3572876
2018-12-18 07:30:00,3.42,3.28,4.36,4.07,5.417905728547417,3.764753596431879,3.7181358
2018-12-18 07:45:00,5.58,3.42,6.19,4.86,6.002591092777045,4.490256442951836,4.240665
2018-12-18 08:00:00,7.27,5.58,6.3,14.83,8.241970034181698,7.128033318614296,8.846399
2018-12-18 08:15:00,38.38,7.27,6.48,44.21,15.956395298475856,37.75993161620057,31.918596
2018-12-18 08:30:00,72.86,38.38,53.35,54.04,46.83195833446581,63.52877030783476,60.0837
2018-12-18 08:45:00,66.42,72.86,46.94,61.74,74.11576855238705,77.21555373427341,70.964836
2018-12-18 09:00:00,81.4,66.42,52.06,69.48,72.42250751104729,66.7285097380945,69.99872
2018-12-18 09:15:00,66.28,81.4,54.83,75.38,79.60157173190501,80.48849339030407,78.81681
2018-12-18 09:30:00,78.3,66.28,56.12,71.82,66.24612395625196,66.98384155910938,68.7974
2018-12-18 09:45:00,77.72,78.3,58.0,71.24,76.05407729674909,74.72824793749884,73.3327
2018-12-18 10:00:00,74.59,77.72,50.08,54.86,70.3831203520369,75.49581427795212,75.18989
2018-12-18 10:15:00,63.04,74.59,46.04,66.13,71.90836660888155,74.15810377800649,69.19785
2018-12-18 10:30:00,58.68,63.04,49.54,73.08,65.76831014724137,67.64887233565365,65.00002
2018-12-18 10:45:00,62.96,58.68,54.14,77.51,62.53563691328094,62.741170925158464,59.92631
2018-12-18 11:00:00,68.36,62.96,53.78,72.54,63.93815288486573,62.53995696712085,61.839306
2018-12-18 11:15:00,60.05,68.36,52.67,63.83,67.00790864153402,63.38932272096543,62.506294
2018-12-18 11:30:00,58.82,60.05,55.84,67.07,62.99415231665809,60.57318084914959,60.98556
2018-12-18 11:45:00,64.73,58.82,49.64,84.24,62.804591511906025,60.087811981428686,58.53093
2018-12-18 12:00:00,67.54,64.73,54.5,72.79,65.72627113294831,63.12978988893166,59.653942
2018-12-18 12:15:00,8.14,67.54,11.12,7.96,52.9267333831761,12.067170257758177,8.97634
2018-12-18 12:30:00,8.64,8.14,7.06,5.8,13.08491141012657,6.653985412251959,5.0753937
2018-12-18 12:45:00,8.78,8.64,7.13,6.98,13.92949994435045,9.121280778364415,9.637782
2018-12-18 13:00:00,9.4,8.78,8.21,6.95,12.281773016911815,14.913337479461084,12.974103
2018-12-18 13:15:00,52.45,9.4,33.26,38.45,19.548323196200595,40.38354397842652,39.433456
2018-12-18 13:30:00,67.46,52.45,56.99,59.36,56.6017229187711,69.13989765719384,67.21586
2018-12-18 13:45:00,62.53,67.46,56.59,66.02,71.36262804508767,66.9276340344564,66.107056
2018-12-18 14:00:00,62.46,62.53,55.08,80.28,68.46811231490693,65.7271790931071,64.81058
2018-12-18 14:15:00,67.18,62.46,51.05,75.53,62.115705488571635,61.73540566397278,60.931328
2018-12-18 14:30:00,113.51,67.18,47.95,72.0,63.63914682684029,63.85409619421164,62.447517
2018-12-18 14:45:00,99.5,113.51,57.82,72.61,99.05924381962451,91.59068756126639,92.202126
2018-12-18 15:00:00,68.0,99.5,59.11,78.55,91.14645460710223,95.98687323777315,102.25661
2018-12-18 15:15:00,120.82,68.0,60.62,73.98,69.8731399050903,81.94856541885173,79.77557
2018-12-18 15:30:00,79.45,120.82,53.6,76.79,103.81479683015343,93.13593744600617,99.94868
2018-12-18 15:45:00,117.68,79.45,60.44,80.46,76.97779695642751,94.91237067532533,99.24763
2018-12-18 16:00:00,114.08,117.68,67.5,68.11,105.1292087734938,94.71463518596786,96.31465
2018-12-18 16:15:00,106.27,114.08,85.86,71.68,101.31561332871846,92.77263429978166,105.15921
2018-12-18 16:30:00,93.28,106.27,82.33,69.8,100.51599134552988,98.75763934040411,102.62317
2018-12-18 16:45:00,127.58,93.28,59.8,75.46,87.40412196614668,95.53589468742697,100.64222
2018-12-18 17:00:00,94.61,127.58,60.37,70.27,108.88519352029684,95.28165817643196,97.67705
2018-12-18 17:15:00,101.02,94.61,56.38,78.48,86.9317740336408,99.57863519956645,105.50442
2018-12-18 17:30:00,112.14,101.02,52.99,66.78,89.76307461834747,95.23937733209199,98.996056
2018-12-18 17:45:00,68.08,112.14,35.35,32.11,89.29318437748395,48.27586909460063,46.99866
2018-12-18 18:00:00,15.95,68.08,31.32,31.25,59.166335423131244,41.14330597394751,34.61434
2018-12-18 18:15:00,7.16,15.95,16.09,36.4,24.84890915452316,7.185332702878168,9.432105
2018-12-18 18:30:00,5.58,7.16,6.37,39.56,18.37946297058731,7.2886650843029095,9.473628
2018-12-18 18:45:00,5.65,5.58,5.8,51.44,18.7572802024958,5.050852347618013,5.1599507
2018-12-18 19:00:00,5.0,5.65,5.54,51.52,16.637089005804828,5.224128280345281,6.0990586
2018-12-18 19:15:00,4.5,5.0,5.54,53.57,16.489314652450165,4.735833138116174,5.4126086
2018-12-18 19:30:00,4.39,4.5,5.62,52.81,16.520503325463203,4.32562647015743,4.6915994
2018-12-18 19:45:00,4.43,4.39,5.54,52.38,14.37192459027183,4.213647653056729,4.1292024
2018-12-18 20:00:00,4.39,4.43,5.62,53.21,13.007816008657658,4.24566228170422,4.241593
2018-12-18 20:15:00,4.43,4.39,5.54,51.91,12.910897390252632,4.257197203259288,4.231176
2018-12-18 20:30:00,4.36,4.43,4.75,53.46,12.510850815344753,4.243839434637245,4.181647
2018-12-18 20:45:00,4.39,4.36,4.46,32.36,9.922740006455466,4.229239648622168,4.1633472
2018-12-18 21:00:00,4.43,4.39,4.46,28.37,7.525450978079604,4.26465440825146,4.2423563
2018-12-18 21:15:00,4.39,4.43,4.43,6.77,3.560725583074092,4.286891418357607,4.292
2018-12-18 21:30:00,4.46,4.39,4.43,5.69,3.4051808508240455,4.2581599916212065,4.3049593
2018-12-18 21:45:00,4.39,4.46,4.46,5.8,3.7367251050181416,4.313900960742339,4.4823666
2018-12-18 22:00:00,4.39,4.39,4.46,5.69,3.28443366773897,4.2724128263585825,4.319257
2018-12-18 22:15:00,4.25,4.39,4.14,5.47,3.5136501636372905,4.258870279220438,4.232477
2018-12-18 22:30:00,5.18,4.25,4.18,5.44,3.690865677531786,4.202012462064376,4.17317
2018-12-18 22:45:00,5.15,5.18,4.21,4.97,4.621375977014996,4.70618766810244,4.2820997
2018-12-18 23:00:00,4.14,5.15,4.18,4.36,4.235767038820715,4.709783447880221,4.5134745
2018-12-18 23:15:00,4.14,4.14,4.14,4.25,3.7984964865385216,4.11807327237462,4.148201
2018-12-18 23:30:00,4.14,4.14,4.07,4.21,3.9907280355518076,4.149948340850768,4.06085
2018-12-18 23:45:00,4.1,4.14,4.07,4.14,4.262092672476115,4.165846998420916,4.0468235
2018-12-19 00:00:00,3.92,4.1,4.14,4.21,3.3537478968012415,7.263916354820933,3.834547
2018-12-19 00:15:00,4.14,3.92,5.22,4.21,3.6194800052134433,3.991551869551825,3.9221015
2018-12-19 00:30:00,4.14,4.14,4.68,4.14,4.0493450052847315,4.155511335925163,4.1323624
2018-12-19 00:45:00,4.14,4.14,4.14,4.14,4.317434896471074,4.149222244828053,4.0905333
2018-12-19 01:00:00,4.21,4.14,4.1,4.14,3.9259361181536434,4.133349161456854,4.080769
2018-12-19 01:15:00,4.14,4.21,4.18,4.21,4.2668999259686835,4.179632345610321,4.1794586
2018-12-19 01:30:00,4.14,4.14,4.07,4.18,4.51583384224395,4.149444097742352,4.1236095
2018-12-19 01:45:00,4.18,4.14,4.18,4.75,4.867497386536041,4.146677939280408,4.121417
2018-12-19 02:00:00,4.18,4.18,4.1,5.33,4.595619295833803,4.161916032575526,4.179124
2018-12-19 02:15:00,4.93,4.18,4.18,4.25,4.758008570868537,4.172505671653585,4.1431465
2018-12-19 02:30:00,5.26,4.93,4.14,4.25,5.602679848594487,4.4753866879472985,4.2208014
2018-12-19 02:45:00,4.14,5.26,4.21,4.18,6.137382152676302,4.594209846221115,5.026717
2018-12-19 03:00:00,4.14,4.14,4.18,4.21,4.955361859401279,4.126759972648782,3.9490867
2018-12-19 03:15:00,4.1,4.14,3.6,4.18,5.173505611384638,4.150212022815039,4.073594
2018-12-19 03:30:00,4.25,4.1,3.42,4.18,5.384143622972861,4.0216729423146385,4.075926
2018-12-19 03:45:00,3.82,4.25,3.42,4.25,5.710525902908746,4.199912566992159,4.291417
2018-12-19 04:00:00,3.49,3.82,3.38,4.18,4.993711574316947,3.8143918700167836,3.912102
2018-12-19 04:15:00,3.42,3.49,3.42,4.03,5.016013740912964,3.436034331298956,3.6087677
2018-12-19 04:30:00,3.42,3.42,3.71,3.46,5.143147537995631,3.3961607688643753,3.509998
2018-12-19 04:45:00,3.49,3.42,4.18,3.46,5.360949122461008,3.411436389715117,3.4815276
2018-12-19 05:00:00,3.38,3.49,3.53,3.53,4.938877722518644,3.4478610572842867,3.525432
2018-12-19 05:15:00,3.42,3.38,3.46,3.46,5.090608495500785,3.379137059022191,3.4111362
2018-12-19 05:30:00,3.38,3.42,3.38,3.49,5.274250713831886,3.4151255170349772,3.4340968
2018-12-19 05:45:00,3.42,3.38,4.03,4.0,5.46685117600553,3.388373584516635,3.471083
2018-12-19 06:00:00,3.42,3.42,4.14,4.25,5.0430646183548795,3.4220828901346727,3.5180655
2018-12-19 06:15:00,4.07,3.42,3.6,3.85,5.097265151735051,3.4177310184141456,3.4264135
2018-12-19 06:30:00,4.18,4.07,3.38,3.42,5.708321449522764,3.7963800870612596,3.7802143
2018-12-19 06:45:00,3.96,4.18,3.35,3.42,5.927110507083636,3.863283439645878,3.893623
2018-12-19 07:00:00,4.1,3.96,3.31,3.96,5.352220832621011,3.857708700047858,3.7386224
2018-12-19 07:15:00,4.1,4.1,3.28,4.1,5.510702849014784,4.021625772980638,4.136071
2018-12-19 07:30:00,4.07,4.1,3.42,4.32,5.722219284630878,4.51657791678296,4.3752184
2018-12-19 07:45:00,5.76,4.07,5.58,5.83,6.241858731187222,5.316788942407715,5.656771
2018-12-19 08:00:00,6.23,5.76,7.27,5.8,7.152749228460202,6.386262554277985,7.393283
2018-12-19 08:15:00,36.14,6.23,38.38,36.86,15.833310863610487,41.83404391841468,30.422544
2018-12-19 08:30:00,70.81,36.14,72.86,60.37,46.609810943480326,69.85781834677904,62.9842
2018-12-19 08:45:00,59.54,70.81,66.42,66.46,73.60563960828158,78.6157829721792,70.48305
2018-12-19 09:00:00,63.86,59.54,81.4,69.05,68.60122503034887,62.542871937726936,63.623978
2018-12-19 09:15:00,77.4,63.86,66.28,63.86,65.67496243479282,66.23465831366644,63.022205
2018-12-19 09:30:00,65.23,77.4,78.3,65.59,74.35567746919735,74.05145523442818,76.949905
2018-12-19 09:45:00,69.3,65.23,77.72,60.98,66.7697990982595,64.9987198160928,67.19136
2018-12-19 10:00:00,61.13,69.3,74.59,65.74,67.07012038797448,66.64380415699638,66.93396
2018-12-19 10:15:00,61.16,61.13,63.04,57.17,61.07590541348651,63.7401304183697,62.245323
2018-12-19 10:30:00,70.42,61.16,58.68,64.55,63.33198081396135,61.19905405911641,59.876873
2018-12-19 10:45:00,63.68,70.42,62.96,53.42,68.1062844369145,64.1378847416317,64.627106
2018-12-19 11:00:00,83.09,63.68,68.36,65.88,63.979435766036204,62.871559244260474,63.84535
2018-12-19 11:15:00,140.8,83.09,60.05,57.71,78.19430327291754,77.47557730605705,80.45041
2018-12-19 11:30:00,110.88,140.8,58.82,59.76,122.37775044595926,102.20123998779073,104.25808
2018-12-19 11:45:00,115.13,110.88,64.73,79.85,103.84574170990275,100.6105375030371,105.82882
2018-12-19 12:00:00,101.99,115.13,67.54,49.64,102.99101499972737,101.29900783607262,101.559006
2018-12-19 12:15:00,12.13,101.99,8.14,27.97,77.30170720748363,14.363621572180543,19.003136
2018-12-19 12:30:00,6.66,12.13,8.64,29.74,18.774575967669726,8.145601121485315,6.8403997
2018-12-19 12:45:00,6.8,6.66,8.78,29.56,14.624678801334625,7.600010661485282,8.641754
2018-12-19 13:00:00,6.98,6.8,9.4,29.3,12.755790419937057,11.58090068881614,12.920745
2018-12-19 13:15:00,62.42,6.98,52.45,58.86,22.30930847883581,56.50575070553315,56.74302
2018-12-19 13:30:00,116.46,62.42,67.46,61.78,66.46391768382863,95.52336805260617,92.50306
2018-12-19 13:45:00,89.86,116.46,62.53,77.0,111.32600310800323,105.278263821487,103.15501
2018-12-19 14:00:00,98.03,89.86,62.46,65.56,90.94313355243578,101.14379862171431,104.684685
2018-12-19 14:15:00,149.18,98.03,67.18,86.51,91.1234093680775,99.58041044014817,97.94348
2018-12-19 14:30:00,116.64,149.18,113.51,60.44,126.97971108429205,96.26212172571323,92.82727
2018-12-19 14:45:00,105.48,116.64,99.5,64.8,103.88375296922285,101.84812416973062,102.10428
2018-12-19 15:00:00,145.22,105.48,68.0,72.18,93.98032916545712,102.12811955933452,106.048775
2018-12-19 15:15:00,101.38,145.22,120.82,69.08,125.30962455160922,108.78882730554228,100.806015
2018-12-19 15:30:00,130.46,101.38,79.45,66.17,92.71229342681943,101.2875581483763,105.327385
2018-12-19 15:45:00,115.24,130.46,117.68,61.67,117.31204965939514,101.73292117405619,101.075
2018-12-19 16:00:00,125.21,115.24,114.08,70.6,104.110493214362,113.22383026321683,108.12588
2018-12-19 16:15:00,133.56,125.21,106.27,68.36,114.02925158739487,99.5196212902534,101.007614
2018-12-19 16:30:00,81.65,133.56,93.28,75.1,117.71565444082395,115.35298417166312,112.55595
2018-12-19 16:45:00,62.68,81.65,127.58,66.13,85.41419116320101,92.83273163576905,94.416336
2018-12-19 17:00:00,125.5,62.68,94.61,70.7,68.75444014924699,72.99957918530002,74.4291
2018-12-19 17:15:00,68.0,125.5,101.02,60.7,108.4880546041879,96.52761741717167,102.446556
2018-12-19 17:30:00,40.5,68.0,112.14,57.92,71.67000879197411,78.53840255497232,74.558876
2018-12-19 17:45:00,31.68,40.5,68.08,32.9,45.54696897717636,47.72693538966623,35.611
2018-12-19 18:00:00,26.82,31.68,15.95,30.53,31.262523718735277,33.83369646828237,41.117626
2018-12-19 18:15:00,5.98,26.82,7.16,49.9,29.800409351141592,35.23256666001317,36.04239
2018-12-19 18:30:00,5.47,5.98,5.58,67.25,17.002424300996687,5.494816310858568,5.293674
2018-12-19 18:45:00,5.54,5.47,5.65,69.37,16.49196036398238,5.082488010632181,5.1248307
2018-12-19 19:00:00,5.44,5.54,5.0,65.99,17.103488873092694,5.101955902118902,6.0616355
2018-12-19 19:15:00,5.47,5.44,4.5,66.02,14.948913204193392,5.047173079436584,4.810621
2018-12-19 19:30:00,5.47,5.47,4.39,60.19,13.825868389691859,5.081278574581231,4.7581325
2018-12-19 19:45:00,5.4,5.47,4.43,58.54,12.5534572794764,5.071823467536534,4.6545978
2018-12-19 20:00:00,5.33,5.4,4.39,61.85,12.832077180208978,5.0376686498597945,4.643767
2018-12-19 20:15:00,5.36,5.33,4.43,67.07,12.89606415346126,5.03229213020868,4.571384
2018-12-19 20:30:00,5.33,5.36,4.36,58.82,11.623088143026244,5.044887728107544,4.7663693
2018-12-19 20:45:00,5.44,5.33,4.39,53.35,10.925786964869495,5.037316704473931,4.928257
2018-12-19 21:00:00,5.4,5.44,4.43,30.35,7.200043477749748,5.265189092209168,5.0454397
2018-12-19 21:15:00,5.4,5.4,4.39,12.2,3.978802904932053,5.155088985829819,5.035678
2018-12-19 21:30:00,5.04,5.4,4.46,5.8,3.504087544542738,4.978408717176913,5.0684366
2018-12-19 21:45:00,4.25,5.04,4.39,5.76,3.519739112985267,4.853901503048271,5.058712
2018-12-19 22:00:00,4.39,4.25,4.39,5.65,2.593949024795222,4.384005797806487,4.233076
2018-12-19 22:15:00,4.03,4.39,4.25,5.04,2.876958565929357,4.356923805482136,4.0933685
2018-12-19 22:30:00,4.03,4.03,5.18,4.25,2.9010225684656668,4.291910895338919,4.8414736
2018-12-19 22:45:00,3.96,4.03,5.15,4.25,3.180920521918658,4.293343323213375,4.915449
2018-12-19 23:00:00,4.07,3.96,4.14,4.21,2.729214611006796,4.249226544175612,4.8807535
2018-12-19 23:15:00,4.03,4.07,4.14,4.14,3.062443589449959,4.292833393901528,4.0445137
2018-12-19 23:30:00,3.92,4.03,4.14,4.1,3.2731387968201524,4.289925805837689,5.427617
2018-12-19 23:45:00,3.96,3.92,4.1,4.1,3.4797731330416823,4.2423726320348525,5.4183984
2018-12-20 00:00:00,3.89,3.96,3.92,5.26,3.620346791184126,9.536883608544471,5.155549
2018-12-20 00:15:00,4.03,3.89,4.14,4.1,3.8264868870140525,4.0909548296757485,4.352663
2018-12-20 00:30:00,4.03,4.03,4.14,4.18,4.216264579911549,4.301187711662725,5.433416
2018-12-20 00:45:00,4.0,4.03,4.14,4.21,4.508703449780917,4.298303569374037,4.93296
2018-12-20 01:00:00,4.0,4.0,4.21,4.14,4.12383786419716,4.287345980143438,4.8755
2018-12-20 01:15:00,4.0,4.0,4.14,4.28,4.416711216634784,4.286809672642842,4.8889723
2018-12-20 01:30:00,4.1,4.0,4.14,4.18,4.7119329770467,4.286809672642842,4.911682
2018-12-20 01:45:00,4.0,4.1,4.18,4.25,5.091042979247121,4.323477611810891,4.048628
2018-12-20 02:00:00,4.07,4.0,4.18,5.36,4.741924769373327,4.289601471430385,4.9098463
2018-12-20 02:15:00,4.43,4.07,4.93,4.79,5.078213303944054,4.2993929520913445,4.0238504
2018-12-20 02:30:00,5.18,4.43,5.26,4.25,5.592742940821019,4.369968307790909,4.243663
2018-12-20 02:45:00,4.1,5.18,4.14,4.18,6.371813804283995,4.500602852219925,5.0095663
2018-12-20 03:00:00,4.0,4.1,4.14,4.21,5.206511967338994,4.328080429772188,3.9131162
2018-12-20 03:15:00,4.1,4.0,4.1,4.18,5.40705379803352,4.289641424427974,4.866582
2018-12-20 03:30:00,4.03,4.1,4.25,4.21,5.72325702547646,4.322763190896551,3.990956
2018-12-20 03:45:00,4.1,4.03,3.82,4.21,5.846601121219148,4.298163777961736,4.9494543
2018-12-20 04:00:00,3.31,4.1,3.49,4.21,5.471218696912114,4.332073057541705,4.0695124
2018-12-20 04:15:00,3.35,3.31,3.42,4.18,5.152349536342385,3.316748460762759,3.3425581
2018-12-20 04:30:00,3.46,3.35,3.42,4.21,5.418587500457235,3.3535718131637506,3.406462
2018-12-20 04:45:00,3.38,3.46,3.49,4.21,5.684738745424063,3.4232791441068064,3.5698707
2018-12-20 05:00:00,3.35,3.38,3.38,4.18,5.184448109652347,3.3861022393121476,3.406037
2018-12-20 05:15:00,3.35,3.35,3.42,3.67,5.362327212179576,3.376945989171447,3.3353872
2018-12-20 05:30:00,3.38,3.35,3.38,3.42,5.487123782286783,3.3780771034131925,3.3583198
2018-12-20 05:45:00,3.38,3.38,3.42,3.89,5.70871751142035,3.3899140277771633,3.392449
2018-12-20 06:00:00,3.92,3.38,3.42,4.32,5.232395730433673,3.398598299123786,3.3871279
2018-12-20 06:15:00,3.67,3.92,4.07,3.46,5.76165263954595,3.9426147084850443,4.5948997
2018-12-20 06:30:00,3.35,3.67,4.18,3.38,5.760174597180967,3.6665625681889407,3.5542912
2018-12-20 06:45:00,4.0,3.35,3.96,3.38,5.632254452721256,3.3229955597442307,3.305275
2018-12-20 07:00:00,4.03,4.0,4.1,3.42,5.6034782464207,4.295947577212262,4.857053
2018-12-20 07:15:00,3.96,4.03,4.1,3.42,5.754918631054355,4.251029738956476,4.801254
2018-12-20 07:30:00,4.18,3.96,4.07,3.71,5.903069358778659,4.395182717699512,4.9574103
2018-12-20 07:45:00,4.79,4.18,5.76,5.69,6.547430144124473,5.854643766762729,5.0577946
2018-12-20 08:00:00,5.87,4.79,6.23,6.23,6.6435593589796476,6.346068677473876,5.53331
2018-12-20 08:15:00,39.49,5.87,36.14,35.57,15.334774185653544,42.976680261211015,39.55222
2018-12-20 08:30:00,79.85,39.49,70.81,72.86,50.32736369148593,79.6170546694285,67.0848
2018-12-20 08:45:00,66.96,79.85,59.54,61.74,80.03189967622832,90.76173925873739,91.2388
2018-12-20 09:00:00,63.14,66.96,63.86,76.36,74.34274508583603,75.19697325621432,78.74766
2018-12-20 09:15:00,64.12,63.14,77.4,63.11,66.53795096531158,65.04726553891989,65.75196
2018-12-20 09:30:00,64.37,64.12,65.23,65.66,64.07155134135301,65.80634810441225,63.983707
2018-12-20 09:45:00,83.16,64.37,69.3,72.07,65.52991615627782,64.04510068079408,62.673702
2018-12-20 10:00:00,71.14,83.16,61.13,56.84,76.02246995589017,77.22252398988789,81.72779
2018-12-20 10:15:00,58.72,71.14,61.16,69.3,70.48118197946049,72.03271305961765,70.245544
2018-12-20 10:30:00,68.72,58.72,70.42,65.66,64.06398520663704,64.75416613436487,61.747
2018-12-20 10:45:00,75.53,68.72,63.68,85.43,69.8219339001362,66.75981186364366,64.35466
2018-12-20 11:00:00,77.51,75.53,83.09,53.17,72.80259179287955,71.59058063900979,71.00295
2018-12-20 11:15:00,64.4,77.51,140.8,55.4,80.33779445752889,76.5334098470825,81.05533
2018-12-20 11:30:00,63.0,64.4,110.88,60.08,68.88794448571409,67.83396096064358,66.63881
2018-12-20 11:45:00,71.46,63.0,115.13,58.0,66.73407424196049,67.24287992421381,63.857006
2018-12-20 12:00:00,71.06,71.46,101.99,51.3,71.56320477689334,68.13359886216007,62.414
2018-12-20 12:15:00,16.96,71.06,12.13,11.38,54.31907787622124,14.900705673364303,11.681072
2018-12-20 12:30:00,7.67,16.96,6.66,10.91,18.151807822717803,7.529017064001722,6.753128
2018-12-20 12:45:00,7.49,7.67,6.8,30.1,13.617753114267856,7.9903386791632816,8.180797
2018-12-20 13:00:00,6.66,7.49,6.98,36.4,12.270650940776015,11.19773193798419,9.662654
2018-12-20 13:15:00,42.7,6.66,62.42,41.69,18.927979744340814,46.10579508187059,44.300262
2018-12-20 13:30:00,63.07,42.7,116.46,56.92,52.605268141230326,74.62892858855022,64.52939
2018-12-20 13:45:00,71.5,63.07,89.86,46.66,67.77485024571033,66.45833111430119,65.99245
2018-12-20 14:00:00,76.9,71.5,98.03,52.52,75.05008351720734,75.21999133780628,68.96173
2018-12-20 14:15:00,63.5,76.9,149.18,58.25,78.43381396871109,75.99495627765712,77.600296
2018-12-20 14:30:00,78.41,63.5,116.64,72.61,67.37040452034097,66.91664641254097,65.20817
2018-12-20 14:45:00,73.4,78.41,105.48,66.24,74.33199477666975,78.63504351989485,76.570015
2018-12-20 15:00:00,64.44,73.4,145.22,73.08,73.51176853858081,72.04809185733927,70.90416
2018-12-20 15:15:00,60.26,64.44,101.38,60.52,66.89781823091889,67.00749873870613,65.356865
2018-12-20 15:30:00,58.9,60.26,130.46,59.87,63.10644346255164,63.663517072524556,60.305115
2018-12-20 15:45:00,60.59,58.9,115.24,63.5,63.97984746438475,61.06724372400559,59.613636
2018-12-20 16:00:00,56.92,60.59,125.21,60.52,64.76077150305132,60.947781930058746,59.85274
2018-12-20 16:15:00,60.08,56.92,133.56,88.92,64.11380115428611,59.58139847608014,57.35521
2018-12-20 16:30:00,58.68,60.08,81.65,105.37,65.25233881997015,59.720582931475924,58.92393
2018-12-20 16:45:00,57.56,58.68,62.68,102.89,63.920778918998025,59.45184099569291,58.17132
2018-12-20 17:00:00,46.51,57.56,125.5,77.83,62.607676619132505,58.53587221830518,54.338684
2018-12-20 17:15:00,58.07,46.51,68.0,67.18,49.008502557281915,53.703784559917196,50.260357
2018-12-20 17:30:00,41.22,58.07,40.5,70.13,55.83494074504768,56.555076236407416,55.103645
2018-12-20 17:45:00,41.51,41.22,31.68,31.72,37.45426032151009,39.92036209790161,33.972153
2018-12-20 18:00:00,24.8,41.51,26.82,31.5,35.77064682360525,32.10800605508838,31.859663
2018-12-20 18:15:00,5.44,24.8,5.98,54.79,24.595003726021417,18.11026092792599,14.802092
2018-12-20 18:30:00,5.18,5.44,5.47,77.04,14.307735751480323,5.024654967494744,5.3598223
2018-12-20 18:45:00,5.29,5.18,5.54,79.63,14.013148327992413,5.002449763629028,4.6154203
2018-12-20 19:00:00,5.29,5.29,5.44,80.46,12.970372593775396,5.039202152040253,5.109132
2018-12-20 19:15:00,5.29,5.29,5.47,71.89,12.293810012514069,5.024916204370528,4.6635475
2018-12-20 19:30:00,4.18,5.29,5.47,78.52,12.796917613933502,5.042444969684451,4.685381
2018-12-20 19:45:00,4.07,4.18,5.4,52.31,9.216321379144212,4.229370450019849,3.8108244
2018-12-20 20:00:00,4.1,4.07,5.33,61.16,9.287862159059063,4.016722032237937,3.9914937
2018-12-20 20:15:00,4.07,4.1,5.36,61.6,8.944144664515019,4.039595601686386,4.3170757
2018-12-20 20:30:00,4.18,4.07,5.33,49.68,7.765876269810516,4.0190810020458,4.0236545
2018-12-20 20:45:00,4.1,4.18,5.44,41.54,7.297386327346196,4.165865610027922,4.027924
2018-12-20 21:00:00,4.1,4.1,5.4,20.16,4.210040917424976,4.051367241302875,4.015495
2018-12-20 21:15:00,4.14,4.1,5.4,6.16,1.839350148599248,4.057470424010178,4.058171
2018-12-20 21:30:00,4.14,4.14,5.04,5.69,2.0143449385785708,4.163532154966056,4.1077123
2018-12-20 21:45:00,4.21,4.14,4.25,5.69,2.245026904735507,4.153065437235184,4.127933
2018-12-20 22:00:00,4.18,4.21,4.39,5.65,1.9145557312697825,4.180678612312889,4.1601996
2018-12-20 22:15:00,3.85,4.18,4.03,5.47,2.1258531893678203,4.1798286654460135,4.036223
2018-12-20 22:30:00,3.85,3.85,4.03,5.4,2.219879295753593,3.8502954487735557,3.7810736
2018-12-20 22:45:00,4.64,3.85,3.96,5.36,2.4826850639389946,3.8488690460147503,3.802784
2018-12-20 23:00:00,5.04,4.64,4.07,5.36,2.7278105989354167,4.422442003112922,4.2653747
2018-12-20 23:15:00,4.07,5.04,4.03,5.26,3.3222096023658985,4.236489316429467,3.8839011
2018-12-20 23:30:00,3.82,4.07,3.92,5.22,2.885217632421334,4.012520194599666,3.8394475
2018-12-20 23:45:00,3.85,3.82,3.96,5.18,2.9640048666409164,3.8120949186024777,3.7524958
2018-12-21 00:00:00,3.92,3.85,3.89,4.1,3.4535729114360656,4.93418954861374,3.7923727
2018-12-21 00:15:00,3.89,3.92,4.03,5.33,3.9569514318555896,3.9709792989545107,3.9050336
2018-12-21 00:30:00,3.85,3.89,4.03,5.29,4.213321445737908,3.8933386253533118,3.8320093
2018-12-21 00:45:00,3.89,3.85,4.0,5.26,4.491201312076512,3.848628670653536,3.8430114
2018-12-21 01:00:00,3.89,3.89,4.0,5.29,4.1599455356597765,3.8965275364277256,3.8601413
2018-12-21 01:15:00,3.96,3.89,4.0,5.26,4.429787680292655,3.8977291857668614,3.8505244
2018-12-21 01:30:00,3.89,3.96,4.1,5.36,4.795168867144909,3.9702088925677805,3.8986144
2018-12-21 01:45:00,3.89,3.89,4.0,5.33,5.03197435162485,3.8955283005409758,3.862226
2018-12-21 02:00:00,3.89,3.89,4.07,4.79,4.599336269468758,3.9001396197665112,3.8727493
2018-12-21 02:15:00,3.92,3.89,4.43,4.14,4.882702077827776,3.8959379051123375,3.9139442
2018-12-21 02:30:00,3.92,3.92,5.18,4.18,5.261100837988966,3.9764893354035356,3.9463377
2018-12-21 02:45:00,3.92,3.92,4.1,4.21,5.426943341235582,3.9921940179870745,3.9388418
2018-12-21 03:00:00,3.96,3.92,4.0,4.18,5.011546730909853,3.9935057653237975,3.9259515
2018-12-21 03:15:00,4.79,3.96,4.1,4.25,5.345570634750526,3.9817527659620207,3.9391642
2018-12-21 03:30:00,4.5,4.79,4.03,4.18,6.259723783738707,4.333038739327668,4.137717
2018-12-21 03:45:00,3.24,4.5,4.1,4.14,6.271748641862988,4.1521749765025096,4.7831306
2018-12-21 04:00:00,3.28,3.24,3.31,4.28,4.9235268690200655,3.3166532505325304,3.2244184
2018-12-21 04:15:00,3.24,3.28,3.35,4.18,5.128342926237998,3.332415579123374,3.335613
2018-12-21 04:30:00,3.24,3.24,3.46,4.18,5.292837574616765,3.326225981130783,3.299361
2018-12-21 04:45:00,3.28,3.24,3.38,4.1,5.5236357218586605,3.3514730597074576,3.2470598
2018-12-21 05:00:00,3.28,3.28,3.35,4.46,5.136940388084621,3.357925593750427,3.326078
2018-12-21 05:15:00,3.28,3.28,3.35,5.4,5.472782351610753,3.3590147801233248,3.5639462
2018-12-21 05:30:00,3.2,3.28,3.38,4.5,5.557897677797712,3.3578636242290463,3.3304458
2018-12-21 05:45:00,3.24,3.2,3.38,4.18,5.588857494818651,3.290900355329803,3.2548647
2018-12-21 06:00:00,3.2,3.24,3.92,4.14,5.144309416477572,3.3516957830876857,3.2791681
2018-12-21 06:15:00,3.67,3.2,3.67,4.14,5.254787820172449,3.290900355329803,3.2551656
2018-12-21 06:30:00,3.96,3.67,3.35,3.49,5.723411529501778,3.4209667031851616,3.4403899
2018-12-21 06:45:00,3.92,3.96,4.0,3.42,6.103198183443258,3.5525991017031577,3.6089845
2018-12-21 07:00:00,3.89,3.92,4.03,3.35,5.607614805982124,3.6172917346846125,3.7711685
2018-12-21 07:15:00,3.67,3.89,3.96,3.35,5.645220275223728,3.7975457699182122,3.7779467
2018-12-21 07:30:00,3.17,3.67,4.18,4.25,5.691962897358032,3.7143126349357907,3.996422
2018-12-21 07:45:00,5.44,3.17,4.79,6.52,5.847479276275731,4.072997445966525,3.742602
2018-12-21 08:00:00,6.77,5.44,5.87,7.38,7.203729424249733,5.988874657666664,7.0169497
2018-12-21 08:15:00,28.8,6.77,39.49,36.22,16.426332023995876,36.02542505256004,30.065186
2018-12-21 08:30:00,54.22,28.8,79.85,94.18,44.22519793109172,53.66147731436424,57.2174
2018-12-21 08:45:00,56.41,54.22,66.96,97.88,62.93778805929833,60.131884283759135,60.63749
2018-12-21 09:00:00,56.74,56.41,63.14,134.5,68.7168354024843,58.93836875632603,58.317284
2018-12-21 09:15:00,43.78,56.74,64.12,93.67,62.90476674500873,57.53420248359995,58.085777
2018-12-21 09:30:00,47.52,43.78,64.37,109.26,53.21705056310917,49.07047026043778,49.42889
2018-12-21 09:45:00,56.2,47.52,83.16,128.34,58.84601386977694,53.577936944224234,51.86128
2018-12-21 10:00:00,51.59,56.2,71.14,81.47,58.65406231347288,55.99858649892559,56.455517
2018-12-21 10:15:00,66.64,51.59,58.72,109.69,58.30759824762234,54.63759035971645,53.78507
2018-12-21 10:30:00,53.14,66.64,68.72,120.67,72.29076900912035,59.35828579293397,59.956898
2018-12-21 10:45:00,58.54,53.14,75.53,92.81,59.565239776181016,57.27847966665982,57.043293
2018-12-21 11:00:00,73.12,58.54,77.51,91.58,63.93379431766158,58.15694902121213,57.67021
2018-12-21 11:15:00,67.79,73.12,64.4,104.9,75.25551686121563,65.63511459057126,61.34068
2018-12-21 11:30:00,65.59,67.79,63.0,124.2,73.56767629630718,63.59182291658852,65.49012
2018-12-21 11:45:00,57.85,65.59,71.46,88.85,68.66517862603118,64.33368075874769,65.80718
2018-12-21 12:00:00,58.9,57.85,71.06,132.01,65.9502073603751,61.96622818049064,60.467247
2018-12-21 12:15:00,7.42,58.9,16.96,13.61,46.152923350948136,9.516464890821707,7.3151875
2018-12-21 12:30:00,8.35,7.42,7.67,9.86,10.343844638825505,7.055060167963763,5.3343215
2018-12-21 12:45:00,7.67,8.35,7.49,9.61,10.964522327834676,8.52003980989738,10.108308
2018-12-21 13:00:00,7.2,7.67,6.66,9.43,9.006216192144585,7.708109528268316,7.619227
2018-12-21 13:15:00,39.74,7.2,42.7,86.98,21.657163744872193,43.08474510237116,38.538483
2018-12-21 13:30:00,58.03,39.74,63.07,74.66,49.17023190463101,61.22217856692307,59.433376
2018-12-21 13:45:00,63.97,58.03,71.5,116.42,67.69034004357775,60.584756297805534,58.870506
2018-12-21 14:00:00,56.34,63.97,76.9,107.57,71.99599493073609,65.27234276772626,62.674652
2018-12-21 14:15:00,69.62,56.34,63.5,103.82,62.05832702003066,58.0627602711681,53.063774
2018-12-21 14:30:00,60.34,69.62,78.41,114.73,73.10213655778792,62.956097763746854,62.359703
2018-12-21 14:45:00,57.74,60.34,73.4,84.74,61.890941077953855,61.17548596760734,61.639713
2018-12-21 15:00:00,68.04,57.74,64.44,109.4,61.881705258129,60.58161160753589,57.296833
2018-12-21 15:15:00,67.68,68.04,60.26,125.21,71.51970648518596,63.28194113837133,60.62155
2018-12-21 15:30:00,58.32,67.68,58.9,89.35,67.69325134796857,63.35262832148472,62.27231
2018-12-21 15:45:00,65.48,58.32,60.59,122.26,66.44095880728094,60.78361003712203,61.170757
2018-12-21 16:00:00,63.0,65.48,56.92,114.66,69.19501079071946,63.85995792931939,60.64856
2018-12-21 16:15:00,69.73,63.0,60.08,96.8,66.26483935051894,63.28182115223149,61.812874
2018-12-21 16:30:00,59.69,69.73,58.68,118.12,71.79374330827658,63.787599563698215,62.143707
2018-12-21 16:45:00,63.32,59.69,57.56,133.2,66.47430311820686,61.16027633252848,58.657585
2018-12-21 17:00:00,62.32,63.32,46.51,102.64,65.47919213002305,62.8859951859875,58.354794
2018-12-21 17:15:00,52.78,62.32,58.07,63.94,59.56844008939059,62.27706196092258,59.21002
2018-12-21 17:30:00,45.86,52.78,41.22,62.64,51.77653979157358,56.26782814658824,52.31967
2018-12-21 17:45:00,30.78,45.86,41.51,37.94,42.49836784879206,38.96410367263621,34.327587
2018-12-21 18:00:00,8.21,30.78,24.8,32.62,28.14792750144606,30.874337010295335,29.790852
2018-12-21 18:15:00,5.51,8.21,5.44,29.63,10.681774836845666,6.463692047884427,7.632944
2018-12-21 18:30:00,5.4,5.51,5.18,26.57,7.632440717621289,5.129800607466979,5.5410953
2018-12-21 18:45:00,5.62,5.4,5.29,26.35,7.336681902362411,5.140522298185393,5.5617375
2018-12-21 19:00:00,5.54,5.62,5.29,26.32,6.745524067924123,5.216351791212406,5.8409295
2018-12-21 19:15:00,5.54,5.54,5.29,26.39,6.579978961642993,5.294391114775929,5.7829657
2018-12-21 19:30:00,5.51,5.54,4.18,26.64,6.55346926652647,5.365817113588344,5.7132587
2018-12-21 19:45:00,5.47,5.51,4.07,28.44,6.469306982086241,5.293989022804301,6.00292
2018-12-21 20:00:00,5.54,5.47,4.1,30.46,5.559273156878497,5.285971209182931,5.338227
2018-12-21 20:15:00,5.47,5.54,4.07,29.88,5.681531045855461,5.284731691492752,5.264851
2018-12-21 20:30:00,5.44,5.47,4.18,30.06,5.889117865943891,5.274899531560015,4.976188
2018-12-21 20:45:00,5.47,5.44,4.1,31.93,6.350958625769131,5.264393351816146,4.925406
2018-12-21 21:00:00,5.44,5.47,4.1,28.66,5.54778357387017,5.269043152078844,5.228756
2018-12-21 21:15:00,5.54,5.44,4.14,5.76,2.973955927589195,5.002171421130608,5.095506
2018-12-21 21:30:00,5.4,5.54,4.14,5.8,3.304507155483428,5.010081626736233,5.0540156
2018-12-21 21:45:00,5.44,5.4,4.21,5.72,3.4602764902808296,4.985987455797007,5.1540017
2018-12-21 22:00:00,5.44,5.44,4.18,5.69,3.1023420457994924,4.996380913306114,5.3222346
2018-12-21 22:15:00,5.18,5.44,3.85,5.4,3.319482672773077,4.994268313652952,5.244739
2018-12-21 22:30:00,5.26,5.18,3.85,5.33,3.4781010484185977,4.953950218896887,4.9615455
2018-12-21 22:45:00,5.15,5.26,4.64,5.33,3.8516903566960714,4.963327410468479,4.9876037
2018-12-21 23:00:00,5.15,5.15,5.04,5.33,3.4531424039431897,4.960143244065558,4.974281
2018-12-21 23:15:00,5.11,5.15,4.07,4.86,3.628386488213696,4.936434649363215,4.902946
2018-12-21 23:30:00,4.57,5.11,3.82,4.03,3.768726690199525,4.9297812930472125,4.906569
2018-12-21 23:45:00,4.0,4.57,3.85,4.03,3.722924354655664,4.759956091148368,4.4774957
2018-12-22 00:00:00,3.31,4.0,3.92,3.28,1.0095240355630217,6.351623931861137,3.5608525
2018-12-22 00:15:00,4.0,3.31,3.89,4.14,0.916584642243496,3.3525174908020285,3.5761437
2018-12-22 00:30:00,4.0,4.0,3.85,4.1,1.6633205778574762,3.9904341258881892,3.9552312
2018-12-22 00:45:00,4.0,4.0,3.89,4.07,1.9609959832970425,3.958019911664984,3.8990784
2018-12-22 01:00:00,4.1,4.0,3.89,4.14,1.6308482637585122,3.6640459056977464,3.7366598
2018-12-22 01:15:00,3.96,4.1,3.96,4.14,1.9346465999404963,4.016736062862155,4.091002
2018-12-22 01:30:00,4.03,3.96,3.89,4.14,2.118928279068399,3.925316114145806,3.9518132
2018-12-22 01:45:00,4.03,4.03,3.89,4.14,2.44844448499666,3.9881174129778665,3.9914188
2018-12-22 02:00:00,3.96,4.03,3.89,4.1,2.043833683308126,3.9373802943262914,3.987936
2018-12-22 02:15:00,4.07,3.96,3.92,4.1,2.3675815998272505,3.931194235314754,3.9400353
2018-12-22 02:30:00,4.07,4.07,3.92,4.21,2.7695764792564397,3.9968446966653626,4.0591416
2018-12-22 02:45:00,3.67,4.07,3.92,4.1,2.9670425439868033,3.997383920349585,4.084206
2018-12-22 03:00:00,3.31,3.67,3.96,4.18,2.306369178872206,3.6900123708214823,3.7150152
2018-12-22 03:15:00,3.82,3.31,4.79,4.82,2.4574069204951634,3.3286569096605163,3.2866662
2018-12-22 03:30:00,4.07,3.82,4.5,5.26,3.090463989233335,3.773382171055481,3.6978476
2018-12-22 03:45:00,3.42,4.07,3.24,4.18,3.3409887310858544,3.9811672252829724,3.9829915
2018-12-22 04:00:00,3.38,3.42,3.28,4.14,2.460678085117891,3.387021421023092,3.3163679
2018-12-22 04:15:00,3.31,3.38,3.24,4.14,2.6334490985453094,3.356925505397672,3.373953
2018-12-22 04:30:00,3.38,3.31,3.24,3.82,2.76319471816036,3.3251914741998547,3.2862148
2018-12-22 04:45:00,3.35,3.38,3.28,3.46,3.026454759304343,3.393116472122946,3.3471384
2018-12-22 05:00:00,3.38,3.35,3.28,3.49,2.545759529580252,3.3775888942319514,3.3329077
2018-12-22 05:15:00,3.42,3.38,3.28,3.42,2.788848356265138,3.389358544139049,3.3566446
2018-12-22 05:30:00,3.96,3.42,3.2,3.42,3.0059992515551635,3.4173687711003793,3.3807902
2018-12-22 05:45:00,4.07,3.96,3.24,3.42,3.5859464399084935,3.5907966832823295,3.5176861
2018-12-22 06:00:00,4.07,4.07,3.2,3.38,3.177947017938596,3.7095669126255126,3.7167046
2018-12-22 06:15:00,4.0,4.07,3.67,3.46,3.360039709778743,3.8430141555628885,3.8288949
2018-12-22 06:30:00,3.38,4.0,3.96,3.42,3.4640752874195684,3.93656937085982,3.92444
2018-12-22 06:45:00,3.35,3.38,3.92,3.49,3.1711196926669345,3.3386307154201815,3.3633094
2018-12-22 07:00:00,3.35,3.35,3.89,4.57,2.733282524790937,3.361923359922021,3.5825174
2018-12-22 07:15:00,3.31,3.35,3.67,4.43,2.8101068658256985,3.3697521980428173,3.3268983
2018-12-22 07:30:00,3.85,3.31,3.17,4.1,2.8901344874090675,3.643207477592026,3.5427556
2018-12-22 07:45:00,4.03,3.85,5.44,4.07,3.754900021933544,4.234562387977872,3.9025242
2018-12-22 08:00:00,3.35,4.03,6.77,3.64,3.5073142982521794,4.372517393677053,3.6806848
2018-12-22 08:15:00,3.31,3.35,28.8,3.35,8.492881117718017,17.759316799070913,19.917225
2018-12-22 08:30:00,3.24,3.31,54.22,3.35,13.79202982195579,3.8835740977312465,4.1939626
2018-12-22 08:45:00,3.38,3.24,56.41,3.38,13.155359495968433,3.8049873743459286,3.609339
2018-12-22 09:00:00,3.82,3.38,56.74,3.49,12.897111575023368,4.180598635699613,3.4676516
2018-12-22 09:15:00,4.28,3.82,43.78,3.56,12.553238215965543,4.4656259871582975,4.4909697
2018-12-22 09:30:00,4.28,4.28,47.52,3.38,13.274948350015155,4.888628229493433,8.463901
2018-12-22 09:45:00,4.32,4.28,56.2,3.42,14.113004716573812,4.784619156791074,5.6364927
2018-12-22 10:00:00,4.21,4.32,51.59,3.35,12.442427914436138,4.945698534845033,7.2677593
2018-12-22 10:15:00,3.6,4.21,66.64,3.35,12.95898575123381,4.8941287010845045,4.3705177
2018-12-22 10:30:00,3.6,3.6,53.14,3.35,12.307029144906888,3.9519104305012265,3.5735204
2018-12-22 10:45:00,3.6,3.6,58.54,4.97,12.186238130194562,4.079864577209685,3.5376787
2018-12-22 11:00:00,3.6,3.6,73.12,5.36,13.632983852907305,3.8294226970083485,3.438929
2018-12-22 11:15:00,3.6,3.6,67.79,4.28,14.632762128030498,3.957661046775067,3.6007254
2018-12-22 11:30:00,3.6,3.6,65.59,4.18,12.87555200294123,3.9211978762989155,3.573771
2018-12-22 11:45:00,3.6,3.6,57.85,3.35,12.722877623122068,3.9828793496822414,3.5258791
2018-12-22 12:00:00,3.6,3.6,58.9,3.38,11.892799200156322,3.9702568069166917,3.013594
2018-12-22 12:15:00,3.71,3.6,7.42,3.42,1.2251134680887006,3.8014325528567343,3.429456
2018-12-22 12:30:00,4.39,3.71,8.35,3.42,0.8586896825075065,3.725181658565619,3.6030138
2018-12-22 12:45:00,4.1,4.39,7.67,3.42,1.3472453705305192,4.373714412190991,3.7931445
2018-12-22 13:00:00,3.71,4.1,7.2,3.38,0.5121547738091721,4.090697818525535,3.6791508
2018-12-22 13:15:00,4.28,3.71,39.74,3.31,7.106874642861364,4.089463742416778,5.093385
2018-12-22 13:30:00,4.25,4.28,58.03,3.35,12.086824045061999,4.644191390966338,4.545233
2018-12-22 13:45:00,4.25,4.25,63.97,3.38,11.693914960814485,4.807926794947938,5.675889
2018-12-22 14:00:00,4.21,4.25,56.34,3.31,10.794692617437885,4.673994575900554,3.9012
2018-12-22 14:15:00,3.67,4.21,69.62,3.82,13.21119350471053,4.576414803771076,4.1338124
2018-12-22 14:30:00,3.46,3.67,60.34,4.1,13.054601593310855,3.7581463710756453,3.4751952
2018-12-22 14:45:00,3.49,3.46,57.74,4.07,11.617412991922567,3.835967497685745,3.4007256
2018-12-22 15:00:00,3.53,3.49,68.04,4.21,11.702650729942782,3.728352614093799,3.5392923
2018-12-22 15:15:00,3.56,3.53,67.68,3.74,11.872401687408459,3.78778378410621,3.4126818
2018-12-22 15:30:00,3.53,3.56,58.32,3.74,10.77333903865306,3.877545606384258,3.3687751
2018-12-22 15:45:00,3.56,3.53,65.48,3.96,12.376991380956817,3.9363695350996446,3.74276
2018-12-22 16:00:00,3.56,3.56,63.0,3.28,11.899620170708292,4.29634064457865,3.49346
2018-12-22 16:15:00,3.49,3.56,69.73,3.35,12.539674794126357,4.144402784156736,3.3251064
2018-12-22 16:30:00,3.53,3.49,59.69,3.28,9.883038165144725,3.5860875988811656,3.441275
2018-12-22 16:45:00,3.56,3.53,63.32,3.24,9.639979669814803,3.5364244587565192,3.5329063
2018-12-22 17:00:00,4.68,3.56,62.32,3.28,10.146477862922982,3.5609483899784506,3.5971668
2018-12-22 17:15:00,5.44,4.68,52.78,3.28,8.624248756360945,4.040474423716511,4.005189
2018-12-22 17:30:00,4.46,5.44,45.86,3.35,8.17509296742087,4.468313891276078,3.7480557
2018-12-22 17:45:00,4.28,4.46,30.78,4.18,4.256357516831436,3.942123614954006,3.8399017
2018-12-22 18:00:00,4.07,4.28,8.21,4.1,0.1639263992972495,4.167358318452544,4.0447392
2018-12-22 18:15:00,3.6,4.07,5.51,4.1,-1.9602238558629104,3.967468333180331,4.376154
2018-12-22 18:30:00,3.67,3.6,5.4,4.1,-2.6518289824037424,3.6740820134036283,4.0010195
2018-12-22 18:45:00,3.67,3.67,5.62,4.03,-2.424513148835281,3.724572964847107,4.063887
2018-12-22 19:00:00,3.71,3.67,5.54,4.28,-2.9033104292230583,3.723507652410433,4.2325597
2018-12-22 19:15:00,3.74,3.71,5.54,3.49,-2.6697814281389007,3.7524064570447226,4.0595007
2018-12-22 19:30:00,3.71,3.74,5.51,3.38,-2.4950230863952143,3.777402300269065,4.1168895
2018-12-22 19:45:00,3.74,3.71,5.47,3.35,-2.3469849838826384,3.756795534404812,4.11089
2018-12-22 20:00:00,3.67,3.74,5.54,3.38,-2.7735945772598463,3.777402300269065,4.106244
2018-12-22 20:15:00,3.67,3.67,5.47,3.46,-2.61275874650676,3.7089381234306247,3.9094946
2018-12-22 20:30:00,3.67,3.67,5.44,3.42,-2.409235729116535,3.705928008600576,3.6523101
2018-12-22 20:45:00,3.67,3.67,5.47,3.35,-2.166361144760181,3.7068938384696315,3.6583273
2018-12-22 21:00:00,4.18,3.67,5.44,3.38,-2.5822762585324632,3.7023421656079782,3.6669486
2018-12-22 21:15:00,4.61,4.18,5.54,3.96,-1.8959849656872443,4.093791816809163,4.152787
2018-12-22 21:30:00,5.51,4.61,5.4,4.28,-1.301858354864354,3.9145634803549516,3.8711624
2018-12-22 21:45:00,4.43,5.51,5.44,4.25,-0.3500899781759834,4.446931095637054,4.224804
2018-12-22 22:00:00,4.1,4.43,5.44,4.18,-1.5406427873689026,4.150935867935461,4.1556764
2018-12-22 22:15:00,3.46,4.1,5.18,3.74,-1.5809557594805987,3.9823726963930364,3.9504266
2018-12-22 22:30:00,3.38,3.46,5.26,3.31,-1.7589466435248333,3.3945170766706307,3.5170383
2018-12-22 22:45:00,3.42,3.38,5.15,4.07,-1.4961685893339514,3.357164981731565,3.3364854
2018-12-22 23:00:00,3.38,3.42,5.15,3.56,-1.842361559688669,3.4009479766511053,3.3815098
2018-12-22 23:15:00,3.35,3.38,5.11,3.17,-1.629173330453252,3.3661141587680388,3.316582
2018-12-22 23:30:00,3.31,3.35,4.57,3.24,-1.3891921608118487,3.3592724277993486,3.2646406
2018-12-22 23:45:00,3.31,3.31,4.0,3.2,-1.1865251870988054,3.347712420760038,3.276254
2018-12-23 00:00:00,3.78,3.31,3.31,4.21,-1.5823286641478695,5.72873009907739,3.3147576
2018-12-23 00:15:00,3.31,3.78,4.0,3.24,-0.9408348080665725,3.4707614105159763,3.4347801
2018-12-23 00:30:00,3.35,3.31,4.0,3.28,-0.9844924665923038,3.2947023741150847,3.2059917
2018-12-23 00:45:00,3.42,3.35,4.0,3.28,-0.6640462044602096,3.32835620444243,3.2859173
2018-12-23 01:00:00,4.93,3.42,4.1,3.85,-0.9837680008152105,3.4013206590862812,3.3591194
2018-12-23 01:15:00,4.93,4.93,3.96,4.18,0.5060796867199677,4.080789295070984,5.3506203
2018-12-23 01:30:00,4.14,4.93,4.03,4.07,0.8400338719888829,4.059684695531643,4.2919025
2018-12-23 01:45:00,4.07,4.14,4.03,4.07,0.5733592784412345,3.8216739351955433,3.671599
2018-12-23 02:00:00,3.49,4.07,3.96,3.92,0.03255727556445365,3.970053239358311,4.0742793
2018-12-23 02:15:00,3.46,3.49,4.07,3.28,-0.08638690882403566,3.404048744351248,3.4828131
2018-12-23 02:30:00,3.49,3.46,4.07,3.42,0.22710729111421202,3.4130864912525922,3.4385784
2018-12-23 02:45:00,3.42,3.49,3.67,3.53,0.4234187456804115,3.4337102389853102,3.4707196
2018-12-23 03:00:00,3.42,3.42,3.31,4.14,0.05248499287639774,3.4204502119266387,3.420513
2018-12-23 03:15:00,3.46,3.42,3.82,3.56,0.3010076221289886,3.415899151863313,3.4117548
2018-12-23 03:30:00,3.42,3.46,4.07,3.35,0.5641355841858626,3.422454249619582,3.4336336
2018-12-23 03:45:00,3.53,3.42,3.42,3.38,0.7115227241472617,3.4101925917845093,3.4043047
2018-12-23 04:00:00,3.46,3.53,3.38,3.42,0.31856780476771007,3.5300602142599837,3.4628546
2018-12-23 04:15:00,3.42,3.46,3.31,3.42,0.4971071769613502,3.4299392372954776,3.4156387
2018-12-23 04:30:00,3.6,3.42,3.38,3.42,0.7170383382543122,3.4180800797669524,3.3890102
2018-12-23 04:45:00,4.14,3.6,3.35,3.38,1.1032432002639716,3.6240218662468093,3.4864743
2018-12-23 05:00:00,5.18,4.14,3.38,4.07,1.1222653876084365,3.8988313834393247,3.817672
2018-12-23 05:15:00,4.64,5.18,3.42,4.14,2.15132330509503,4.377593748904521,6.641246
2018-12-23 05:30:00,4.1,4.64,3.96,4.07,1.9890580170326508,3.957617391805379,3.656075
2018-12-23 05:45:00,3.49,4.1,4.07,4.07,1.7559970118019983,3.9740937778531147,3.9564507
2018-12-23 06:00:00,3.38,3.49,4.07,3.53,0.744405166735266,3.4265135582761985,3.4604852
2018-12-23 06:15:00,3.35,3.38,4.0,3.31,0.7865407430590352,3.340053985686264,3.3481605
2018-12-23 06:30:00,3.46,3.35,3.38,3.35,0.9126892294800193,3.3358063874645425,3.3135374
2018-12-23 06:45:00,3.38,3.46,3.35,3.64,1.1473756021142698,3.432245522885309,3.4232798
2018-12-23 07:00:00,3.38,3.38,3.35,4.07,0.6496802679376223,3.386950814911651,3.3559773
2018-12-23 07:15:00,3.38,3.38,3.31,3.38,0.688037807394938,3.381618315881919,3.3262331
2018-12-23 07:30:00,3.38,3.38,3.85,3.28,0.84429475996048,3.5298439118084253,3.424287
2018-12-23 07:45:00,3.42,3.38,4.03,3.89,1.1690879157601302,4.04349501476471,3.539427
2018-12-23 08:00:00,3.49,3.42,3.35,3.96,0.7558161154208456,3.9965802733170834,3.547168
2018-12-23 08:15:00,4.07,3.49,3.31,39.35,7.841591557034114,17.004766158159647,18.628645
2018-12-23 08:30:00,4.97,4.07,3.24,63.54,14.367005897144912,4.63555470701692,13.492403
2018-12-23 08:45:00,4.82,4.97,3.38,65.02,14.498336619705615,5.183737734539043,8.633981
2018-12-23 09:00:00,4.28,4.82,3.82,63.79,13.964875294923932,5.129221236319943,5.709378
2018-12-23 09:15:00,3.92,4.28,4.28,61.7,13.376067712121005,4.63925666844013,15.756635
2018-12-23 09:30:00,3.71,3.92,4.28,64.8,13.465022977565988,4.011119484861698,7.028854
2018-12-23 09:45:00,3.64,3.71,4.32,51.16,12.944163084809443,3.626295001557127,3.415355
2018-12-23 10:00:00,3.64,3.64,4.21,55.01,11.69649482980148,3.535938239314021,3.3038876
2018-12-23 10:15:00,3.67,3.64,3.6,61.81,12.03866228534524,3.543800360634796,3.364731
2018-12-23 10:30:00,3.71,3.67,3.6,72.18,13.323516989135975,3.5944692232280135,3.4143493
2018-12-23 10:45:00,3.71,3.71,3.6,54.86,11.850117854583154,3.642503738309772,3.6560419
2018-12-23 11:00:00,3.74,3.71,3.6,66.78,13.438707427074032,3.6153513810491162,3.5718172
2018-12-23 11:15:00,3.78,3.74,3.6,69.95,14.855461250066686,3.7180511068662594,3.7459042
2018-12-23 11:30:00,3.71,3.78,3.6,53.35,12.164554302922461,3.7242210873532056,3.6136234
2018-12-23 11:45:00,3.74,3.71,3.6,55.51,12.629865205492617,3.6478101915510646,3.559983
2018-12-23 12:00:00,3.96,3.74,3.6,11.81,8.851259284164797,3.867785053590545,3.485799
2018-12-23 12:15:00,4.86,3.96,3.71,5.65,0.14252829548098944,3.8839151712923248,3.6820893
2018-12-23 12:30:00,5.54,4.86,4.39,5.54,0.2803659537844396,4.668518744717365,5.4865494
2018-12-23 12:45:00,4.54,5.54,4.1,5.44,0.8059774652194633,5.07160953942379,4.618691
2018-12-23 13:00:00,4.36,4.54,3.71,5.33,-0.5403021056037716,4.242815481868499,3.842752
2018-12-23 13:15:00,3.67,4.36,4.28,36.47,6.921868433516835,5.440785734721789,21.399193
2018-12-23 13:30:00,3.67,3.67,4.25,63.72,12.158034422361261,3.536294402016158,3.8987746
2018-12-23 13:45:00,3.67,3.67,4.25,64.8,11.659530854082067,3.52949504249229,3.1362057
2018-12-23 14:00:00,3.67,3.67,4.21,61.85,11.003882155795385,3.535382357162871,3.2171798
2018-12-23 14:15:00,3.71,3.67,3.67,57.89,12.565067903473285,3.609815762064767,4.068856
2018-12-23 14:30:00,3.67,3.71,3.46,54.36,13.180574871558392,4.26391993848423,4.9012265
2018-12-23 14:45:00,3.67,3.67,3.49,47.38,11.532190568900536,3.5891502730671347,3.4812858
2018-12-23 15:00:00,3.67,3.67,3.53,43.49,10.850731111703464,3.578123463370125,3.17844
2018-12-23 15:15:00,3.64,3.67,3.56,45.4,11.19269041814589,3.5602995820883847,3.4758623
2018-12-23 15:30:00,3.67,3.64,3.53,60.55,11.62102909471562,3.553768355880836,3.7616632
2018-12-23 15:45:00,3.74,3.67,3.56,48.42,12.179995418797233,3.562874172302144,3.8173025
2018-12-23 16:00:00,4.36,3.74,3.56,63.22,12.96866891030609,4.130027885766345,3.5805
2018-12-23 16:15:00,4.36,4.36,3.49,62.64,13.865802403813015,5.219176737294517,6.9244413
2018-12-23 16:30:00,5.0,4.36,3.53,66.02,12.015210653886324,4.4635163250481025,6.2746773
2018-12-23 16:45:00,5.33,5.0,3.56,35.42,10.081122321102683,4.483861447121555,4.9502726
2018-12-23 17:00:00,3.6,5.33,4.68,9.11,9.1164145170234,4.807666890774807,4.215333
2018-12-23 17:15:00,3.56,3.6,5.44,8.06,6.0223247574614724,3.6762796704534972,3.6646423
2018-12-23 17:30:00,3.6,3.56,4.46,7.74,5.133996475354127,3.610314043644499,3.6096673
2018-12-23 17:45:00,3.67,3.6,4.28,7.85,2.4969580514953513,3.6771447085157485,3.5990262
2018-12-23 18:00:00,3.49,3.67,4.07,6.73,-0.6382351118784904,3.7253161492134534,3.7159662
2018-12-23 18:15:00,3.49,3.49,3.6,5.22,-2.8379791980681546,3.45717320262604,3.705346
2018-12-23 18:30:00,3.49,3.49,3.67,5.69,-3.1359108392755637,3.4597363563310575,3.9464884
2018-12-23 18:45:00,3.64,3.49,3.67,5.72,-2.9495669742266983,3.462139478710778,3.8798838
2018-12-23 19:00:00,3.64,3.64,3.71,5.69,-3.3968720118258737,3.6830850670959876,3.9354386
2018-12-23 19:15:00,4.03,3.64,3.74,5.72,-3.1961291067299804,3.6980649256264564,4.008791
2018-12-23 19:30:00,4.25,4.03,3.71,5.44,-2.7256206644688596,4.004238650976191,4.343369
2018-12-23 19:45:00,4.28,4.25,3.74,4.46,-2.444336820921567,4.046371754653475,4.3807926
2018-12-23 20:00:00,4.25,4.28,3.67,4.5,-2.85799769861012,4.0384080822598385,4.3381963
2018-12-23 20:15:00,4.0,4.25,3.67,4.46,-2.6916550333367653,4.139343108385157,4.3585215
2018-12-23 20:30:00,3.49,4.0,3.67,4.5,-2.670969886079355,4.003088755761575,3.9529748
2018-12-23 20:45:00,4.21,3.49,3.67,4.54,-2.7569542143408796,3.4324931360071482,3.5245614
2018-12-23 21:00:00,4.14,4.21,4.18,4.46,-2.662344951181055,4.14385418174109,4.183736
2018-12-23 21:15:00,3.49,4.14,4.61,4.5,-2.401446451011015,4.1280135996095755,4.0230327
2018-12-23 21:30:00,3.42,3.49,5.51,4.5,-2.499836097370313,3.4368791142202184,3.5766473
2018-12-23 21:45:00,3.46,3.42,4.43,4.57,-2.417277419070011,3.406318597706957,3.4577074
2018-12-23 22:00:00,3.53,3.46,4.1,4.57,-2.80494101903745,3.4251985081558223,3.495026
2018-12-23 22:15:00,3.2,3.53,3.46,4.25,-2.5498107445594194,3.553637727476345,3.3852932
2018-12-23 22:30:00,3.2,3.2,3.38,4.25,-2.496874580898133,3.2729249330219528,3.1632442
2018-12-23 22:45:00,3.2,3.2,3.42,4.18,-2.181070267133098,3.2559639689957227,3.1952682
2018-12-23 23:00:00,3.96,3.2,3.38,5.44,-2.453023689955643,3.2707975061933245,3.20611
2018-12-23 23:15:00,4.0,3.96,3.35,4.82,-1.6844548043936136,3.542087496997289,3.5958266
2018-12-23 23:30:00,4.0,4.0,3.31,4.14,-1.4285018985335363,3.5695674724932207,3.6398258
2018-12-23 23:45:00,4.0,4.0,3.31,4.18,-1.1243215345721929,3.646695613383031,3.6934662
2018-12-24 00:00:00,3.78,4.0,3.78,4.57,3.7380828808836064,9.7788820585773,3.9953806
2018-12-24 00:15:00,3.35,3.78,3.31,4.25,3.8793812380577997,3.7148566501747062,3.7657547
2018-12-24 00:30:00,3.38,3.35,3.35,4.18,3.8693638672094686,3.3447908580777557,3.405672
2018-12-24 00:45:00,3.38,3.38,3.42,4.21,4.174500487620559,3.3659081769513235,3.401763
2018-12-24 01:00:00,3.96,3.38,4.93,4.21,3.912006023210619,3.3802274730313613,3.3487616
2018-12-24 01:15:00,3.89,3.96,4.93,4.21,4.660979785311955,3.607988487822235,3.6721919
2018-12-24 01:30:00,3.38,3.89,4.14,4.36,4.866285128482755,3.71469767362006,3.6576717
2018-12-24 01:45:00,3.35,3.38,4.07,4.28,4.796840993549765,3.3514936234708825,3.3210564
2018-12-24 02:00:00,3.49,3.35,3.49,4.28,4.347260403096268,3.353317000993654,3.3451521
2018-12-24 02:15:00,3.38,3.49,3.46,4.28,4.746566427565718,3.447130191466308,3.4014976
2018-12-24 02:30:00,3.42,3.38,3.49,3.71,4.964520146195969,3.3860220086989017,3.4120843
2018-12-24 02:45:00,4.0,3.42,3.42,4.32,5.237581982000922,3.4244707344888496,3.4437006
2018-12-24 03:00:00,4.07,4.0,3.42,3.82,5.256184544418826,3.9117688382450924,3.8983805
2018-12-24 03:15:00,4.14,4.07,3.46,3.53,5.587186857470439,3.744760042240764,3.7736218
2018-12-24 03:30:00,4.1,4.14,3.42,3.53,5.883507583320849,3.8400521735600606,3.862244
2018-12-24 03:45:00,3.96,4.1,3.53,3.53,5.999440265270863,3.9596544723285834,4.051304
2018-12-24 04:00:00,3.35,3.96,3.46,3.6,5.44662334179694,3.900019906929944,4.284317
2018-12-24 04:15:00,3.38,3.35,3.42,3.53,5.262479253756531,3.322843071254391,3.3503218
2018-12-24 04:30:00,3.64,3.38,3.6,3.53,5.531046053949343,3.3552086290921634,3.3764546
2018-12-24 04:45:00,4.07,3.64,4.14,4.1,6.066034829116546,3.687796095146651,3.557093
2018-12-24 05:00:00,3.42,4.07,5.18,4.25,6.045981013675174,3.7004675007597947,3.723262
2018-12-24 05:15:00,3.31,3.42,4.64,4.28,5.74882656989919,3.39647746302965,3.359384
2018-12-24 05:30:00,3.35,3.31,4.1,4.25,5.806456414900563,3.3284630532377806,3.3171399
2018-12-24 05:45:00,3.35,3.35,3.49,3.64,5.89627212239321,3.352503127856019,3.3000531
2018-12-24 06:00:00,3.35,3.35,3.38,3.49,5.381441710003401,3.38121333624751,3.3377454
2018-12-24 06:15:00,3.38,3.35,3.35,3.46,5.533690867866554,3.3805074061739537,3.3403919
2018-12-24 06:30:00,3.6,3.38,3.46,4.32,5.808376457226164,3.400727539500756,3.38017
2018-12-24 06:45:00,4.03,3.6,3.38,3.6,6.066251063733059,3.6147035701517902,3.5186892
2018-12-24 07:00:00,4.0,4.03,3.38,3.42,5.8451113504057695,3.6563871267062282,3.6266325
2018-12-24 07:15:00,3.96,4.0,3.38,3.49,5.952782065714995,3.704737896367093,3.71194
2018-12-24 07:30:00,4.54,3.96,3.38,4.36,6.122801786281556,4.021507509224178,3.9751136
2018-12-24 07:45:00,5.36,4.54,3.42,6.19,6.974061697609187,5.6487879549404045,5.4265566
2018-12-24 08:00:00,6.52,5.36,3.49,6.3,7.221821024891952,6.6095955408406075,8.274742
2018-12-24 08:15:00,21.89,6.52,4.07,6.48,12.432102565345213,28.248390845089208,22.470951
2018-12-24 08:30:00,59.62,21.89,4.97,53.35,32.47614239944267,54.18812018639862,41.329765
2018-12-24 08:45:00,64.58,59.62,4.82,46.94,60.0357998031465,65.97643452751812,64.62193
2018-12-24 09:00:00,67.18,64.58,4.28,52.06,65.01213352387876,67.06054869344112,64.02474
2018-12-24 09:15:00,69.44,67.18,3.92,54.83,66.07309406547239,67.87142912468144,62.864105
2018-12-24 09:30:00,65.38,69.44,3.71,56.12,64.26391173824058,63.67158778221515,62.75233
2018-12-24 09:45:00,67.0,65.38,3.64,58.0,62.346884228886964,65.28773717763438,65.18198
2018-12-24 10:00:00,56.27,67.0,3.64,50.08,61.18763048230309,65.2512947141251,64.09685
2018-12-24 10:15:00,54.18,56.27,3.67,46.04,53.89457940240342,59.83952344270229,59.18582
2018-12-24 10:30:00,58.39,54.18,3.71,49.54,54.113686405970704,58.740883002496815,57.940647
2018-12-24 10:45:00,54.86,58.39,3.71,54.14,57.64205432689799,59.14027921982024,57.909546
2018-12-24 11:00:00,54.18,54.86,3.74,53.78,56.15853144182849,58.29277344936088,57.85236
2018-12-24 11:15:00,55.55,54.18,3.78,52.67,56.71661533945476,58.36413409249013,59.14934
2018-12-24 11:30:00,53.21,55.55,3.71,55.84,56.341851873715896,57.863402903307794,57.29081
2018-12-24 11:45:00,53.03,53.21,3.74,49.64,54.70320164300834,57.246231789726856,56.88295
2018-12-24 12:00:00,40.64,53.03,3.96,54.5,53.80164279275488,55.67542290595714,52.558678
2018-12-24 12:15:00,6.91,40.64,4.86,11.12,33.61255974078983,13.020410534658703,6.927615
2018-12-24 12:30:00,6.91,6.91,5.54,7.06,10.535230797208445,6.6108238309471306,5.4978294
2018-12-24 12:45:00,6.48,6.91,4.54,7.13,9.859522049501745,6.914615182114948,7.4717436
2018-12-24 13:00:00,6.12,6.48,4.36,8.21,8.28312821165559,6.256918305915429,6.571784
2018-12-24 13:15:00,34.49,6.12,3.67,33.26,15.362108067294178,40.98979746409976,34.09338
2018-12-24 13:30:00,46.98,34.49,3.67,56.99,42.69728967703059,64.39500682354678,57.87365
2018-12-24 13:45:00,38.2,46.98,3.67,56.59,52.450854274146025,54.8178753800272,54.373295
2018-12-24 14:00:00,37.84,38.2,3.67,55.08,45.56720095647347,40.85121591517453,44.34792
2018-12-24 14:15:00,43.45,37.84,3.71,51.05,43.07335318488492,41.67598312990568,42.49217
2018-12-24 14:30:00,63.9,43.45,3.67,47.95,46.99055577403976,48.48077951330133,47.33756
2018-12-24 14:45:00,38.48,63.9,3.67,57.82,62.76045477338427,55.59702694864686,56.28673
2018-12-24 15:00:00,38.12,38.48,3.67,59.11,44.672493813362706,41.826785741815726,43.543
2018-12-24 15:15:00,45.25,38.12,3.64,60.62,45.37201293058857,42.6033016033366,42.116016
2018-12-24 15:30:00,51.12,45.25,3.67,53.6,48.01410352635392,53.32830259433044,50.022163
2018-12-24 15:45:00,45.72,51.12,3.74,60.44,54.81815764816882,54.01678272863077,53.379417
2018-12-24 16:00:00,51.7,45.72,4.36,67.5,51.18092350087611,50.20768969811322,48.993008
2018-12-24 16:15:00,47.2,51.7,4.36,85.86,56.97574119183663,54.67368782824303,54.280357
2018-12-24 16:30:00,69.55,47.2,5.0,82.33,51.50238514787334,52.96421012146238,51.997833
2018-12-24 16:45:00,44.82,69.55,5.33,59.8,66.26320515581642,58.032130839730634,57.124855
2018-12-24 17:00:00,40.86,44.82,3.6,60.37,48.97671171107091,52.29060058345626,48.253635
2018-12-24 17:15:00,33.66,40.86,3.56,56.38,44.54303336675011,44.24696570208109,42.417473
2018-12-24 17:30:00,9.86,33.66,3.6,52.99,37.28430002740117,39.5496629501182,35.954876
2018-12-24 17:45:00,6.73,9.86,3.67,35.35,17.28987826810541,6.604152976356164,5.2539473
2018-12-24 18:00:00,5.29,6.73,3.49,31.32,11.517820439728148,6.092036638500969,5.502349
2018-12-24 18:15:00,5.22,5.29,3.49,16.09,6.788980301199089,5.11468992852805,6.133176
2018-12-24 18:30:00,5.18,5.22,3.49,6.37,6.193159583187946,4.956594865289532,5.733463
2018-12-24 18:45:00,5.33,5.18,3.64,5.8,5.512085836491497,4.9501365271826385,5.352745
2018-12-24 19:00:00,5.04,5.33,3.64,5.54,4.956702711631593,4.974442011746136,5.7500467
2018-12-24 19:15:00,4.14,5.04,4.03,5.54,4.736015401376697,4.856551041896637,5.7625704
2018-12-24 19:30:00,4.18,4.14,4.25,5.62,3.605949469938455,4.12344486888347,4.478813
2018-12-24 19:45:00,4.1,4.18,4.28,5.54,3.721402983126776,4.161747625899786,4.48822
2018-12-24 20:00:00,4.18,4.1,4.25,5.62,3.1683068809368145,4.020276220132771,4.4151726
2018-12-24 20:15:00,4.1,4.18,4.0,5.54,3.4300724810954826,4.169165801252526,4.3683395
2018-12-24 20:30:00,4.14,4.1,3.49,4.75,3.5064651386023336,4.028592220795471,4.063734
2018-12-24 20:45:00,4.21,4.14,4.21,4.46,3.7931995901348614,4.141821877163017,4.065813
2018-12-24 21:00:00,4.18,4.21,4.14,4.46,3.404874663681806,4.171536660661391,4.143426
2018-12-24 21:15:00,4.18,4.18,3.49,4.43,3.609106556526484,4.163266833549291,4.157037
2018-12-24 21:30:00,4.14,4.18,3.42,4.43,3.8805205739830875,4.162078203700861,4.172348
2018-12-24 21:45:00,4.18,4.14,3.46,4.46,4.067438172116553,4.134611075954395,4.157507
2018-12-24 22:00:00,5.4,4.18,3.53,4.46,3.714375775280292,4.161797717825155,4.1560545
2018-12-24 22:15:00,4.5,5.4,3.2,4.14,4.88252841345237,4.622407347171332,4.1509323
2018-12-24 22:30:00,3.92,4.5,3.2,4.18,4.602320594504679,4.240858346346977,4.0374527
2018-12-24 22:45:00,3.89,3.92,3.2,4.21,4.507039594341393,3.923738671489926,3.8871825
2018-12-24 23:00:00,3.85,3.89,3.96,4.18,4.088701338528754,3.8923551045840643,3.9313834
2018-12-24 23:15:00,3.85,3.85,4.0,4.14,4.306904966246972,3.845818403002984,3.8088496
2018-12-24 23:30:00,3.82,3.85,4.0,4.07,4.571693299676941,3.860408537610857,3.807719
2018-12-24 23:45:00,3.85,3.82,4.0,4.07,4.8418907548481265,3.8279071505057405,3.751633
2018-12-25 00:00:00,3.13,3.85,3.78,4.14,3.406513141864142,6.966708483508232,3.6880295
2018-12-25 00:15:00,3.85,3.13,3.35,5.22,3.2541693550900526,3.206540185397401,3.430928
2018-12-25 00:30:00,3.92,3.85,3.38,4.68,3.986030034978576,3.7960385722442758,3.824024
2018-12-25 00:45:00,3.89,3.92,3.38,4.14,4.288786033393443,3.920628045941254,3.8441112
2018-12-25 01:00:00,3.85,3.89,3.96,4.1,3.987433739685464,3.6322925406299307,3.6557252
2018-12-25 01:15:00,3.56,3.85,3.89,4.18,4.185288169490477,3.8040165581695162,3.8303268
2018-12-25 01:30:00,3.2,3.56,3.38,4.07,4.251065435355731,3.591771448770222,3.583243
2018-12-25 01:45:00,3.92,3.2,3.35,4.18,4.31290255856079,3.2292602398933443,3.2225523
2018-12-25 02:00:00,3.64,3.92,3.49,4.1,4.419453218654834,3.873034851567883,3.846899
2018-12-25 02:15:00,3.17,3.64,3.38,4.18,4.59470624129203,3.666551098526132,3.5339174
2018-12-25 02:30:00,3.17,3.17,3.42,4.14,4.624729802013579,3.189635407675198,3.121964
2018-12-25 02:45:00,3.2,3.17,4.0,4.21,4.794560353175523,3.1988036362576158,3.202177
2018-12-25 03:00:00,3.24,3.2,4.07,4.18,4.421219014719117,3.243473748115543,3.2488613
2018-12-25 03:15:00,3.2,3.24,4.14,3.6,4.68351359743242,3.350362226121755,3.2530816
2018-12-25 03:30:00,3.2,3.2,4.1,3.42,4.890760277267113,3.285515377667024,3.223891
2018-12-25 03:45:00,3.28,3.2,3.96,3.42,5.10728348396184,3.286043466160084,3.225444
2018-12-25 04:00:00,3.96,3.28,3.35,3.38,4.646916734757969,3.3465389181198923,3.34075
2018-12-25 04:15:00,3.96,3.96,3.38,3.42,5.4013929825501386,3.5150982191556968,3.5335858
2018-12-25 04:30:00,3.92,3.96,3.64,3.71,5.7045366058254,3.5861671331192193,3.7385528
2018-12-25 04:45:00,3.89,3.92,4.07,4.18,5.998729634064102,3.624924583250473,3.7212205
2018-12-25 05:00:00,3.35,3.89,3.42,3.53,5.386135901067576,3.7868211541324035,3.8485262
2018-12-25 05:15:00,3.24,3.35,3.31,3.46,5.194629840126392,3.3250424577703397,3.3174875
2018-12-25 05:30:00,3.35,3.24,3.35,3.38,5.300091461835258,3.310569374405756,3.2439182
2018-12-25 05:45:00,3.96,3.35,3.35,4.03,5.6013705581108155,3.361901523244441,3.3272033
2018-12-25 06:00:00,3.71,3.96,3.35,4.14,5.625042447179737,3.6162037393421134,3.63977
2018-12-25 06:15:00,3.17,3.71,3.38,3.6,5.581672444709909,3.633775317870577,3.5786448
2018-12-25 06:30:00,3.2,3.17,3.6,3.38,5.343773645623845,3.186792238107965,3.1111257
2018-12-25 06:45:00,3.2,3.2,4.03,3.35,5.50905134956259,3.2409337252991834,3.2941697
2018-12-25 07:00:00,3.17,3.2,4.0,3.31,4.954249142212316,3.2389705518587744,3.201834
2018-12-25 07:15:00,3.24,3.17,3.96,3.28,5.041013374475931,3.2316987274184212,3.1778474
2018-12-25 07:30:00,3.85,3.24,4.54,3.42,5.278827419289907,3.653045837213199,3.604055
2018-12-25 07:45:00,3.92,3.85,5.36,5.58,6.246592718265163,4.519832089736816,4.2363143
2018-12-25 08:00:00,3.89,3.92,6.52,7.27,6.093164768908839,4.663318490890643,4.035192
2018-12-25 08:15:00,3.89,3.89,21.89,38.38,13.088270645555632,31.15496568479503,29.689945
2018-12-25 08:30:00,3.49,3.89,59.62,72.86,22.241968240224562,4.481814071776542,17.57191
2018-12-25 08:45:00,3.24,3.49,64.58,66.42,21.16499446285831,3.5032927833828618,6.804515
2018-12-25 09:00:00,3.38,3.24,67.18,81.4,21.798643802201866,3.419689136586227,4.228464
2018-12-25 09:15:00,3.49,3.38,69.44,66.28,20.81938392931679,3.47568325140504,4.3931413
2018-12-25 09:30:00,3.46,3.49,65.38,78.3,21.437005329467382,3.5288169366879387,4.9054585
2018-12-25 09:45:00,3.82,3.46,67.0,77.72,22.476525647186957,3.5246917964369255,4.9031005
2018-12-25 10:00:00,3.96,3.82,56.27,74.59,20.171829000291403,3.905340547607026,9.816658
2018-12-25 10:15:00,3.42,3.96,54.18,63.04,19.123575281035404,3.978017995072547,14.889478
2018-12-25 10:30:00,3.53,3.42,58.39,58.68,18.74808782539142,3.4708166422340105,4.003943
2018-12-25 10:45:00,3.46,3.53,54.86,62.96,18.969899941020174,3.467737102480333,4.30602
2018-12-25 11:00:00,3.46,3.46,54.18,68.36,19.973181557583136,3.4731940012117084,3.380232
2018-12-25 11:15:00,3.78,3.46,55.55,60.05,20.31462039565427,3.519591188536123,3.933861
2018-12-25 11:30:00,4.18,3.78,53.21,58.82,18.99102257879477,3.730414869214468,8.691911
2018-12-25 11:45:00,4.28,4.18,53.03,64.73,20.035165104963465,4.527961718188696,10.859107
2018-12-25 12:00:00,4.18,4.28,40.64,67.54,18.576232782279007,5.00796527345545,10.262362
2018-12-25 12:15:00,4.07,4.18,6.91,8.14,4.15074618667127,4.422296996082255,4.0253167
2018-12-25 12:30:00,3.56,4.07,6.91,8.64,3.5635862556968263,4.281415484689092,4.279253
2018-12-25 12:45:00,3.53,3.56,6.48,8.78,3.215227373180962,3.610793298274266,3.1372044
2018-12-25 13:00:00,3.53,3.53,6.12,9.4,2.561114898067469,3.605158600922709,3.3124182
2018-12-25 13:15:00,5.04,3.53,34.49,52.45,12.698058991996472,3.498267737294468,5.4202695
2018-12-25 13:30:00,4.07,5.04,46.98,67.46,19.067291582079225,7.227070685022301,9.947288
2018-12-25 13:45:00,3.42,4.07,38.2,62.53,17.06070137845423,5.647436846727009,16.451971
2018-12-25 14:00:00,3.42,3.42,37.84,62.46,16.103103332476838,4.356443838061111,2.943693
2018-12-25 14:15:00,3.49,3.42,43.45,67.18,18.603591575784684,4.1896708481764895,3.1116512
2018-12-25 14:30:00,3.46,3.49,63.9,113.51,23.902905676985778,3.486409887420994,3.7323253
2018-12-25 14:45:00,3.53,3.46,38.48,99.5,20.213334781614577,3.5183900234405634,3.1544216
2018-12-25 15:00:00,4.14,3.53,38.12,68.0,17.555070153036883,3.5378894143928195,3.6925118
2018-12-25 15:15:00,4.14,4.14,45.25,120.82,22.321456276137916,5.203604226665982,12.572132
2018-12-25 15:30:00,4.14,4.14,51.12,79.45,18.9222462501037,5.181742822960404,11.7630005
2018-12-25 15:45:00,4.1,4.14,45.72,117.68,22.72133961563189,5.42528019723069,11.730185
2018-12-25 16:00:00,3.67,4.1,51.7,114.08,22.026500339797355,5.110713608567099,11.181584
2018-12-25 16:15:00,3.46,3.67,47.2,106.27,21.032983975414297,4.243809606522676,4.045847
2018-12-25 16:30:00,3.42,3.46,69.55,93.28,18.843912009438363,3.6991802787175274,3.2774518
2018-12-25 16:45:00,3.46,3.42,44.82,127.58,20.283470928003705,3.430208486068334,3.9205067
2018-12-25 17:00:00,3.42,3.46,40.86,94.61,18.154535909908024,3.466026051140187,3.5926993
2018-12-25 17:15:00,3.46,3.42,33.66,101.02,16.283287998304548,3.429595320098387,3.4017498
2018-12-25 17:30:00,4.0,3.46,9.86,112.14,15.329365068833699,3.45653425994842,3.6757224
2018-12-25 17:45:00,4.0,4.0,6.73,68.08,10.216662076531367,3.9941847621071775,3.8789973
2018-12-25 18:00:00,3.38,4.0,5.29,15.95,2.926122120877416,3.844987462558073,4.030646
2018-12-25 18:15:00,3.38,3.38,5.22,7.16,0.058273414072147034,3.3608785501090725,3.5025706
2018-12-25 18:30:00,3.74,3.38,5.18,5.58,0.006836819592930254,3.3721878443582343,3.7409825
2018-12-25 18:45:00,4.1,3.74,5.33,5.65,0.450212830508665,3.744334793099898,4.079942
2018-12-25 19:00:00,4.18,4.1,5.04,5.0,0.17298933992625365,3.752100819385408,4.1194096
2018-12-25 19:15:00,4.1,4.18,4.14,4.5,0.335186533267656,3.745138639856039,4.259241
2018-12-25 19:30:00,4.18,4.1,4.18,4.39,0.4295442977949726,3.9926656094706185,4.387762
2018-12-25 19:45:00,3.64,4.18,4.1,4.43,0.657659681248294,4.142468432289445,4.5089383
2018-12-25 20:00:00,3.46,3.64,4.18,4.39,-0.16835330285133665,3.6672785887405417,3.9375477
2018-12-25 20:15:00,3.46,3.46,4.1,4.43,-0.06031153592256189,3.421116618054338,3.7277398
2018-12-25 20:30:00,3.38,3.46,4.14,4.36,0.17522226457074552,3.4235565002048314,3.4398508
2018-12-25 20:45:00,3.42,3.38,4.21,4.39,0.3753742759404872,3.3867045768822934,3.3508744
2018-12-25 21:00:00,3.42,3.42,4.18,4.43,-0.01199565860167695,3.4207752219987917,3.4235547
2018-12-25 21:15:00,3.42,3.42,4.18,4.39,0.2653249701932161,3.4185676415472637,3.4245646
2018-12-25 21:30:00,4.03,3.42,4.14,4.46,0.5572602931963004,3.420464416227475,3.4439056
2018-12-25 21:45:00,4.14,4.03,4.18,4.39,1.2120485427074108,3.901074308463177,3.8986626
2018-12-25 22:00:00,3.49,4.14,5.4,4.39,1.014391540350168,3.8269361382016793,3.8154712
2018-12-25 22:15:00,3.2,3.49,4.5,4.25,0.7454209700498531,3.4271509737250283,3.316358
2018-12-25 22:30:00,3.85,3.2,3.92,5.18,0.8649903344858991,3.238659768535152,3.1375113
2018-12-25 22:45:00,3.89,3.85,3.89,5.15,1.607782713424509,3.7489527115155057,3.72371
2018-12-25 23:00:00,3.89,3.89,3.85,4.14,1.1978065470576773,3.7565353644852357,3.6640282
2018-12-25 23:15:00,3.85,3.89,3.85,4.14,1.4833728074535166,3.5968476076231886,3.5870838
2018-12-25 23:30:00,3.64,3.85,3.82,4.14,1.6772462893377984,3.782244878929126,3.750726
2018-12-25 23:45:00,3.31,3.64,3.85,4.1,1.8266236779822513,3.67813483056783,3.5946674
2018-12-26 00:00:00,3.67,3.31,3.13,3.92,0.6399393648598775,5.636521439063401,3.4765491
2018-12-26 00:15:00,3.24,3.67,3.85,4.14,1.2578165562670627,3.6684750311590535,3.584351
2018-12-26 00:30:00,3.24,3.24,3.92,4.14,1.2896192905974644,3.3099651070876286,3.2697177
2018-12-26 00:45:00,3.2,3.24,3.89,4.14,1.604653857737361,3.3254322223329456,3.259893
2018-12-26 01:00:00,3.31,3.2,3.85,4.21,1.221647808129351,3.2434931650006487,3.2041383
2018-12-26 01:15:00,3.24,3.31,3.56,4.14,1.583848455018753,3.360126569500898,3.335079
2018-12-26 01:30:00,3.28,3.24,3.2,4.14,1.808791311927017,3.3500164554679537,3.2600567
2018-12-26 01:45:00,3.24,3.28,3.92,4.18,2.145700975178105,3.352893099232407,3.3292716
2018-12-26 02:00:00,3.24,3.24,3.64,4.18,1.7239943607129504,3.348899439792321,3.26846
2018-12-26 02:15:00,3.78,3.24,3.17,4.93,2.086248811349382,3.360157152731578,3.2674801
2018-12-26 02:30:00,3.96,3.78,3.17,5.26,2.8560909480190944,3.4992178213906686,3.4884207
2018-12-26 02:45:00,4.97,3.96,3.2,4.14,3.1150798593388345,3.5367361508058197,3.6162899
2018-12-26 03:00:00,4.36,4.97,3.24,4.14,3.5058239678207457,4.098228022975783,4.6785984
2018-12-26 03:15:00,3.71,4.36,3.2,4.1,3.3301254496718222,3.9058315856147434,4.1274443
2018-12-26 03:30:00,3.28,3.71,3.2,4.25,3.135466981576915,3.6994520038517953,3.6520326
2018-12-26 03:45:00,3.31,3.28,3.28,3.82,2.952712801365873,3.3130718365422713,3.283541
2018-12-26 04:00:00,3.28,3.31,3.96,3.49,2.511491817402149,3.3263006693190214,3.2907422
2018-12-26 04:15:00,3.28,3.28,3.96,3.42,2.727873252209914,3.3212549301489798,3.28916
2018-12-26 04:30:00,3.2,3.28,3.92,3.42,2.966236992045264,3.347865673385697,3.3081124
2018-12-26 04:45:00,3.24,3.2,3.89,3.49,3.2011786405537634,3.2849132143751234,3.2031596
2018-12-26 05:00:00,3.28,3.24,3.35,3.38,2.7514617566232005,3.344358638653691,3.24072
2018-12-26 05:15:00,3.2,3.28,3.24,3.42,2.930016156617544,3.350373703425017,3.3010309
2018-12-26 05:30:00,3.24,3.2,3.35,3.38,3.0520431222006117,3.2857954511034184,3.2193873
2018-12-26 05:45:00,3.2,3.24,3.96,3.42,3.2904990975616,3.34913464689336,3.2313964
2018-12-26 06:00:00,4.79,3.2,3.71,3.42,2.7623474551552363,3.285963923389852,3.2168152
2018-12-26 06:15:00,4.86,4.79,3.17,4.07,4.188479033201336,3.955580645029438,5.630356
2018-12-26 06:30:00,3.92,4.86,3.2,4.18,4.437276057760997,4.1167551965539015,5.294835
2018-12-26 06:45:00,3.82,3.92,3.2,3.96,3.9301585329738806,3.595415123919858,3.55282
2018-12-26 07:00:00,3.35,3.82,3.17,4.1,3.2230190012880904,3.7286186305013476,3.7380536
2018-12-26 07:15:00,3.17,3.35,3.24,4.1,3.0049110263314525,3.353626236046438,3.3007667
2018-12-26 07:30:00,3.42,3.17,3.85,4.07,3.0430670670384394,3.6695602374945535,3.4155467
2018-12-26 07:45:00,4.82,3.42,3.92,5.76,3.5785752231336225,5.764777660281398,3.8729317
2018-12-26 08:00:00,5.0,4.82,3.89,6.23,4.325231211712659,5.898330893997829,7.0534897
2018-12-26 08:15:00,34.52,5.0,3.89,36.14,10.16546237922471,27.961234066022833,27.854984
2018-12-26 08:30:00,48.06,34.52,3.49,70.81,39.712660828082605,70.97237052008293,59.251354
2018-12-26 08:45:00,78.23,48.06,3.24,59.54,49.383443536661645,54.9528721758531,56.115574
2018-12-26 09:00:00,51.08,78.23,3.38,63.86,72.25731694781616,79.04868120707333,76.46914
2018-12-26 09:15:00,70.99,51.08,3.49,77.4,51.76428627124608,58.21187773538312,56.933014
2018-12-26 09:30:00,65.74,70.99,3.46,65.23,64.02994964857619,70.12454277341595,64.65648
2018-12-26 09:45:00,52.96,65.74,3.82,69.3,59.72514577438258,64.78467121405761,66.07367
2018-12-26 10:00:00,55.44,52.96,3.96,61.13,49.69878327228267,58.99238178281122,58.53732
2018-12-26 10:15:00,52.06,55.44,3.42,61.16,51.19760573440878,59.318394320432304,58.654896
2018-12-26 10:30:00,57.64,52.06,3.53,70.42,50.11494267268553,56.85967500042061,55.191086
2018-12-26 10:45:00,62.21,57.64,3.46,63.68,54.79400449696448,57.943105267301256,58.383533
2018-12-26 11:00:00,45.58,62.21,3.46,83.09,59.52108373812034,58.34377458397304,59.56037
2018-12-26 11:15:00,54.58,45.58,3.78,140.8,54.13365396255203,52.601630634702616,54.16709
2018-12-26 11:30:00,55.15,54.58,4.18,110.88,56.59472892207903,56.05324785829022,56.697357
2018-12-26 11:45:00,58.64,55.15,4.28,115.13,56.83158306353113,56.80405740977847,57.038956
2018-12-26 12:00:00,31.28,58.64,4.18,101.99,58.05000729893165,55.00573853985,52.429546
2018-12-26 12:15:00,6.77,31.28,4.07,12.13,24.95184362132096,11.52028049646261,6.6711884
2018-12-26 12:30:00,7.09,6.77,3.56,6.66,7.646673186419406,6.523109955533217,5.4540696
2018-12-26 12:45:00,6.95,7.09,3.53,6.8,7.062028579547814,7.080577877001495,7.4005885
2018-12-26 13:00:00,6.41,6.95,3.53,6.98,5.266622499196881,6.815100746410464,8.01628
2018-12-26 13:15:00,20.66,6.41,5.04,62.42,13.924172853745578,40.37999085550013,33.597565
2018-12-26 13:30:00,59.9,20.66,4.07,116.46,32.20971817453726,58.18426389770883,41.109627
2018-12-26 13:45:00,55.3,59.9,3.42,89.86,60.50536028848978,66.46365746954726,63.011112
2018-12-26 14:00:00,51.41,55.3,3.42,98.03,57.61697910923016,58.513474559207864,57.700535
2018-12-26 14:15:00,57.02,51.41,3.49,149.18,58.49198614065914,57.32711851375129,56.111866
2018-12-26 14:30:00,43.06,57.02,3.46,116.64,55.93449084695597,58.05042806581541,58.58794
2018-12-26 14:45:00,41.4,43.06,3.53,105.48,44.63836626171454,48.64401208315472,44.53972
2018-12-26 15:00:00,52.92,41.4,4.14,145.22,47.365494560732884,45.32301829044091,45.140373
2018-12-26 15:15:00,53.42,52.92,4.14,101.38,50.85075959820715,53.56194227718063,52.527454
2018-12-26 15:30:00,40.68,53.42,4.14,130.46,56.11547593294237,55.97439080829919,53.262547
2018-12-26 15:45:00,40.64,40.68,4.1,115.24,45.836996886907485,44.46833089731772,44.282833
2018-12-26 16:00:00,41.47,40.64,3.67,125.21,45.35585647531982,44.75051437575497,45.02266
2018-12-26 16:15:00,56.2,41.47,3.46,133.56,47.03720450167168,46.23885000837291,45.075787
2018-12-26 16:30:00,59.04,56.2,3.42,81.65,52.97884165574227,54.78020370893111,54.210533
2018-12-26 16:45:00,54.68,59.04,3.46,62.68,53.19089369152833,55.51271333446315,56.04487
2018-12-26 17:00:00,57.67,54.68,3.42,125.5,55.83768969934626,55.75702994542613,54.582893
2018-12-26 17:15:00,54.79,57.67,3.46,68.0,50.53403074301015,55.09917225049042,53.912548
2018-12-26 17:30:00,34.42,54.79,4.0,40.5,44.1151788873464,50.24116079246073,44.233227
2018-12-26 17:45:00,9.5,34.42,4.0,31.68,29.327725766415107,32.83202731269953,30.79878
2018-12-26 18:00:00,5.22,9.5,3.38,26.82,9.993570112367198,6.271089677622868,5.762193
2018-12-26 18:15:00,5.04,5.22,3.38,5.98,3.758445486939671,4.975801459200912,5.91312
2018-12-26 18:30:00,5.04,5.04,3.74,5.47,3.3000519008955287,4.804400168216321,5.589863
2018-12-26 18:45:00,5.08,5.04,4.1,5.54,3.1253393036690156,4.804333889429471,5.638251
2018-12-26 19:00:00,5.08,5.08,4.18,5.44,2.70456294322938,4.950307452814604,5.5917873
2018-12-26 19:15:00,4.68,5.08,4.1,5.47,2.795432567869291,4.941934986557531,5.6717687
2018-12-26 19:30:00,3.92,4.68,4.18,5.47,2.0819961663549194,4.620578368124125,4.995415
2018-12-26 19:45:00,3.89,3.92,3.64,5.4,0.98783574919835,3.921801071150917,4.339969
2018-12-26 20:00:00,3.85,3.89,3.46,5.33,0.36750211338932814,3.84366466013322,4.205668
2018-12-26 20:15:00,3.89,3.85,3.46,5.36,0.5468238166135571,3.800593020889037,4.078055
2018-12-26 20:30:00,3.89,3.89,3.38,5.33,0.8023600034943819,3.8482813380690377,3.8465567
2018-12-26 20:45:00,3.96,3.89,3.42,5.44,1.0680222731304276,3.8482813380690377,3.8455076
2018-12-26 21:00:00,3.89,3.96,3.42,5.4,0.7066357974862889,3.928297764957224,3.8935113
2018-12-26 21:15:00,3.96,3.89,3.42,5.4,0.917649563303641,3.847690463043889,3.8845854
2018-12-26 21:30:00,4.0,3.96,4.03,5.04,1.2226449295052682,3.928297799924585,3.9283843
2018-12-26 21:45:00,3.96,4.0,4.14,4.25,1.4050994159495005,3.9735224487960408,3.977284
2018-12-26 22:00:00,4.07,3.96,3.49,4.39,1.0183705315797624,3.926074360323261,3.8921313
2018-12-26 22:15:00,4.0,4.07,3.2,4.03,1.2847584632562388,3.9878488091701447,3.9433684
2018-12-26 22:30:00,4.9,4.0,3.85,4.03,1.5393893940337477,3.9649317767121035,3.8122158
2018-12-26 22:45:00,4.1,4.9,3.89,3.96,2.5450300356772395,4.385087089155138,4.0584483
2018-12-26 23:00:00,3.71,4.1,3.89,4.07,1.6378542126197964,3.9950164192286812,3.898223
2018-12-26 23:15:00,3.74,3.71,3.85,4.03,1.6285646728572232,3.739568231375928,3.6758604
2018-12-26 23:30:00,3.64,3.74,3.64,3.92,1.8462414032570145,3.761004588457212,3.6910672
2018-12-26 23:45:00,3.67,3.64,3.31,3.96,2.0502239514864478,3.6694594816726727,3.6118941
2018-12-27 00:00:00,3.74,3.67,3.67,3.89,2.104420259757127,4.327940115088803,3.6667004
2018-12-27 00:15:00,3.64,3.74,3.24,4.03,2.452547645540033,3.7678495830156224,3.673119
2018-12-27 00:30:00,3.74,3.64,3.24,4.03,2.7211450723893513,3.670657795762843,3.6330886
2018-12-27 00:45:00,3.71,3.74,3.2,4.0,3.0684616299733314,3.767479863704068,3.7344766
2018-12-27 01:00:00,3.71,3.71,3.31,4.0,2.7144823975993226,3.740912912992693,3.7222013
2018-12-27 01:15:00,3.67,3.71,3.24,4.0,3.019965127929396,3.7412705022946953,3.7022343
2018-12-27 01:30:00,3.67,3.67,3.28,4.1,3.2699019062338337,3.689016750039801,3.6566086
2018-12-27 01:45:00,3.78,3.67,3.24,4.0,3.5524757261477795,3.6890292579153394,3.6564355
2018-12-27 02:00:00,4.18,3.78,3.24,4.07,3.2482883419905626,3.7667912857147976,3.7683423
2018-12-27 02:15:00,4.86,4.18,3.78,4.43,3.9189406491919385,4.078718824918804,4.0638466
2018-12-27 02:30:00,4.21,4.86,3.96,5.18,4.8295801368485805,4.0464538691344565,3.877073
2018-12-27 02:45:00,3.71,4.21,4.97,4.1,4.60548804283458,3.9460198807692133,3.8431528
2018-12-27 03:00:00,3.78,3.71,4.36,4.0,3.7850345868008475,3.732312792650608,3.6993954
2018-12-27 03:15:00,3.67,3.78,3.71,4.1,4.050831897892767,3.7577713521485263,3.7416823
2018-12-27 03:30:00,3.71,3.67,3.28,4.03,4.196597932138847,3.6881276934278846,3.6354463
2018-12-27 03:45:00,3.24,3.71,3.31,4.1,4.435057620869671,3.7442428963426755,3.7268581
2018-12-27 04:00:00,3.02,3.24,3.28,3.31,3.6214132258039378,3.2863019995341576,3.2139885
2018-12-27 04:15:00,2.99,3.02,3.28,3.35,3.6715255703558647,3.094021772294816,3.068191
2018-12-27 04:30:00,2.99,2.99,3.2,3.46,3.8501711951555393,2.9926786390442053,3.0249605
2018-12-27 04:45:00,2.95,2.99,3.24,3.38,4.082892417339277,3.0076279601356943,3.0086672
2018-12-27 05:00:00,2.95,2.95,3.28,3.35,3.6087666410297636,3.001272659262571,2.9848711
2018-12-27 05:15:00,2.95,2.95,3.2,3.35,3.7737166809374685,3.001272659262571,2.9855258
2018-12-27 05:30:00,2.95,2.95,3.24,3.38,3.9638784858111364,3.001272659262571,2.985276
2018-12-27 05:45:00,2.95,2.95,3.2,3.38,4.128073428400974,3.0014612813639836,2.981692
2018-12-27 06:00:00,3.42,2.95,4.79,3.92,3.7847054865207035,3.0023094016687804,3.0018256
2018-12-27 06:15:00,3.74,3.42,4.86,3.67,4.297261452055487,3.2623820155453758,3.3818662
2018-12-27 06:30:00,4.86,3.74,3.92,3.35,4.600582664769426,3.397682547917438,3.357565
2018-12-27 06:45:00,4.21,4.86,3.82,4.0,5.675750458272688,4.038490023301369,5.542083
2018-12-27 07:00:00,3.6,4.21,3.35,4.03,4.636034627783328,3.752823041934609,3.6885493
2018-12-27 07:15:00,2.88,3.6,3.17,3.96,4.287366115862643,3.5814712902237353,3.542853
2018-12-27 07:30:00,3.2,2.88,3.42,4.18,3.8841864931278707,3.2970324433245883,3.1204662
2018-12-27 07:45:00,4.9,3.2,4.82,4.79,4.429983633371744,4.269162847528718,3.908828
2018-12-27 08:00:00,5.65,4.9,5.0,5.87,5.381900431739659,5.725650122778927,5.1739645
2018-12-27 08:15:00,32.0,5.65,34.52,39.49,13.247056897150072,32.38587039851213,32.154625
2018-12-27 08:30:00,52.63,32.0,48.06,79.85,41.04869654137424,54.50070090026476,56.066322
2018-12-27 08:45:00,73.66,52.63,78.23,66.96,58.72795984649009,59.04611446950521,59.00164
2018-12-27 09:00:00,63.47,73.66,51.08,63.14,72.32442174037041,74.14086238395647,66.59584
2018-12-27 09:15:00,56.77,63.47,70.99,64.12,64.4758407232102,65.25344097178038,61.843998
2018-12-27 09:30:00,53.93,56.77,65.74,64.37,57.467660845151094,60.16009530288297,58.998074
2018-12-27 09:45:00,59.4,53.93,52.96,83.16,55.16520195872973,58.89982124502924,57.35713
2018-12-27 10:00:00,76.03,59.4,55.44,71.14,56.712322390312345,57.51679394996731,57.534344
2018-12-27 10:15:00,47.81,76.03,52.06,58.72,69.53770905006807,66.2329764650281,64.168785
2018-12-27 10:30:00,45.83,47.81,57.64,68.72,51.95190718785872,55.22842002652851,54.42747
2018-12-27 10:45:00,52.63,45.83,62.21,75.53,51.985054468241024,53.626306742268575,50.20406
2018-12-27 11:00:00,68.69,52.63,45.58,77.51,54.09445916483857,56.35613920408352,54.72793
2018-12-27 11:15:00,51.16,68.69,54.58,64.4,65.69899568679573,58.86183041528721,59.054913
2018-12-27 11:30:00,51.52,51.16,55.15,63.0,53.27102427534465,56.012700261679726,55.56228
2018-12-27 11:45:00,54.83,51.52,58.64,71.46,53.88978573839549,56.34102488255445,54.476562
2018-12-27 12:00:00,59.62,54.83,31.28,71.06,52.49389737217279,54.55819649781127,50.682343
2018-12-27 12:15:00,13.54,59.62,6.77,16.96,44.98768802547762,8.402784376958065,7.015133
2018-12-27 12:30:00,6.62,13.54,7.09,7.67,13.252220486816345,7.123881889551939,5.16694
2018-12-27 12:45:00,6.59,6.62,6.95,7.49,8.361929696955894,6.5423045674132645,6.2815213
2018-12-27 13:00:00,17.82,6.59,6.41,6.66,6.730573870277755,6.452798045248479,6.2796283
2018-12-27 13:15:00,40.57,17.82,20.66,42.7,21.103016890180943,45.759416850817914,39.903595
2018-12-27 13:30:00,43.7,40.57,59.9,63.07,45.49851653816201,46.05926160307427,50.10467
2018-12-27 13:45:00,46.84,43.7,55.3,71.5,48.98877969561859,49.97968392800987,49.15574
2018-12-27 14:00:00,53.32,46.84,51.41,76.9,49.83413394323122,53.10521236277086,52.68203
2018-12-27 14:15:00,55.01,53.32,57.02,63.5,50.99502830384212,53.80912464237524,53.732773
2018-12-27 14:30:00,61.74,55.01,43.06,78.41,52.79662122191339,54.45783483500759,55.07731
2018-12-27 14:45:00,54.14,61.74,41.4,73.4,56.061601909793936,55.69037500194337,56.83251
2018-12-27 15:00:00,53.5,54.14,52.92,64.44,50.39006406720242,55.10214036686183,54.258247
2018-12-27 15:15:00,44.75,53.5,53.42,60.26,50.34296069351949,55.73883843335807,54.494614
2018-12-27 15:30:00,42.95,44.75,40.68,58.9,43.0106796755377,50.10559937412052,48.7536
2018-12-27 15:45:00,60.84,42.95,40.64,60.59,42.127035172961385,47.28652257189411,44.94483
2018-12-27 16:00:00,63.04,60.84,41.47,56.92,54.50949429388368,53.65149552549179,54.791325
2018-12-27 16:15:00,59.58,63.04,56.2,60.08,58.74596088733465,57.48243013353098,58.414906
2018-12-27 16:30:00,63.22,59.58,59.04,58.68,57.42101521440293,58.07787946731545,57.75
2018-12-27 16:45:00,45.79,63.22,54.68,57.56,56.85149265641225,61.85105060223246,61.56824
2018-12-27 17:00:00,41.58,45.79,57.67,46.51,43.391086126548004,51.03062711965297,47.362507
2018-12-27 17:15:00,54.58,41.58,54.79,58.07,40.884118361987134,44.6415383268195,41.13458
2018-12-27 17:30:00,36.72,54.58,34.42,41.22,45.37675010431294,48.59509914363759,43.526333
2018-12-27 17:45:00,29.38,36.72,9.5,41.51,31.65711454117529,35.59543870019774,29.441515
2018-12-27 18:00:00,28.48,29.38,5.22,24.8,23.36538596489624,20.238954253607076,23.683311
2018-12-27 18:15:00,48.56,28.48,5.04,5.44,19.54244955517463,24.936583757179477,23.112663
2018-12-27 18:30:00,53.82,48.56,5.04,5.18,34.56723805701444,32.63058909688434,29.397104
2018-12-27 18:45:00,53.5,53.82,5.08,5.29,39.16003711380707,25.939143939291224,25.318275
2018-12-27 19:00:00,53.14,53.5,5.08,5.29,38.66540255412632,25.2918996881327,27.470871
2018-12-27 19:15:00,51.01,53.14,4.68,5.29,36.913878502690835,26.346285614435047,27.260422
2018-12-27 19:30:00,47.99,51.01,3.92,4.18,34.50001297374912,27.871478380680013,28.685469
2018-12-27 19:45:00,49.18,47.99,3.89,4.07,32.470621879029636,29.765280932463643,27.203173
2018-12-27 20:00:00,50.33,49.18,3.85,4.1,32.784059713519575,28.096264675877247,28.712715
2018-12-27 20:15:00,50.04,50.33,3.89,4.07,34.438040758739206,26.9708903981888,25.504696
2018-12-27 20:30:00,40.93,50.04,3.89,4.18,34.82107980268793,27.472739946024006,25.24133
2018-12-27 20:45:00,14.51,40.93,3.96,4.1,28.940714219672913,29.246556839743413,24.211927
2018-12-27 21:00:00,8.35,14.51,3.89,4.1,10.923670241158089,6.089508015241256,6.2738495
2018-12-27 21:15:00,5.26,8.35,3.96,4.14,6.5631338973450895,6.554775910564903,5.8059897
2018-12-27 21:30:00,5.26,5.26,4.0,4.14,4.0311704771617265,4.913185250808069,4.5031285
2018-12-27 21:45:00,5.26,5.26,3.96,4.21,4.0411816575196156,4.9446884309326435,4.6905837
2018-12-27 22:00:00,4.5,5.26,4.07,4.18,3.6660037783837325,4.938778227225245,4.7693496
2018-12-27 22:15:00,3.89,4.5,4.0,3.85,3.329831660752614,4.235160145613614,4.335337
2018-12-27 22:30:00,3.85,3.89,4.9,3.85,2.979678780861608,3.8409797517712385,3.7258396
2018-12-27 22:45:00,3.82,3.85,4.1,4.64,2.4156667697664638,3.8008987639707836,4.014585
2018-12-27 23:00:00,3.82,3.82,3.71,5.04,1.8503117654738617,3.775667762288943,3.7164488
2018-12-27 23:15:00,3.82,3.82,3.74,4.07,1.9407789968323819,3.7812184980135863,3.7132401
2018-12-27 23:30:00,3.78,3.82,3.64,3.82,2.190210356036612,3.7812184980135863,3.683434
2018-12-27 23:45:00,3.74,3.78,3.67,3.85,2.4602589856749866,3.7682796866265584,3.7316103
2018-12-28 00:00:00,4.82,3.74,3.74,3.92,3.0091361102894254,4.8035361388300855,3.6780329
2018-12-28 00:15:00,3.74,4.82,3.64,3.89,4.121281303033452,4.267480869416475,3.8744135
2018-12-28 00:30:00,3.78,3.74,3.74,3.85,3.6815019627528542,3.752971635096723,3.6217666
2018-12-28 00:45:00,3.85,3.78,3.71,3.89,4.016631737499456,3.7607112407052146,3.7238507
2018-12-28 01:00:00,4.14,3.85,3.71,3.89,3.680570854034414,3.798081086624903,3.80935
2018-12-28 01:15:00,4.9,4.14,3.67,3.96,4.204833782599032,4.056221378816603,3.9993098
2018-12-28 01:30:00,4.14,4.9,3.67,3.89,5.051687540859444,4.118181908013902,3.9739115
2018-12-28 01:45:00,3.82,4.14,3.78,3.89,4.823051285647519,3.9545744409945756,3.8071077
2018-12-28 02:00:00,3.85,3.82,4.18,3.89,4.245813936950601,3.7751401582779778,3.7529004
2018-12-28 02:15:00,3.82,3.85,4.86,3.92,4.536015792241891,3.798481370473203,3.8034747
2018-12-28 02:30:00,3.82,3.82,4.21,3.92,4.745428591034447,3.7791966659112277,3.794706
2018-12-28 02:45:00,3.82,3.82,3.71,3.92,5.017185735899744,3.7799818455919336,3.9257207
2018-12-28 03:00:00,3.82,3.82,3.78,3.96,4.622188882695269,3.7812184980135863,3.7671738
2018-12-28 03:15:00,3.89,3.82,3.67,4.79,4.9823187833700935,3.7812184980135863,3.7519932
2018-12-28 03:30:00,3.89,3.89,3.71,4.5,5.252725953020779,3.8486771709430583,3.8042064
2018-12-28 03:45:00,3.85,3.89,3.24,3.24,5.32099298448621,3.8483224078435434,3.818347
2018-12-28 04:00:00,3.82,3.85,3.02,3.28,4.869039067739326,3.8045600668892243,3.8046904
2018-12-28 04:15:00,4.07,3.82,2.99,3.24,5.074301764221087,3.780304569079905,3.7712283
2018-12-28 04:30:00,5.04,4.07,2.99,3.24,5.503541263851766,4.002197697383697,4.025608
2018-12-28 04:45:00,4.1,5.04,2.95,3.28,6.517696850104418,4.266223650528035,4.0584817
2018-12-28 05:00:00,3.82,4.1,2.95,3.28,5.42439183321353,3.9667064127018663,3.8445222
2018-12-28 05:15:00,3.89,3.82,2.95,3.28,5.384401514717098,3.77537212971443,3.7246943
2018-12-28 05:30:00,3.38,3.89,2.95,3.2,5.554092045799411,3.844516007879009,3.8068352
2018-12-28 05:45:00,3.17,3.38,2.95,3.24,5.389612090323286,3.314954582660877,3.409594
2018-12-28 06:00:00,3.06,3.17,3.42,3.2,4.802852818860284,3.1871599964346045,3.3118258
2018-12-28 06:15:00,3.06,3.06,3.74,3.67,4.934776535777157,3.104966841803892,3.2126548
2018-12-28 06:30:00,3.1,3.06,4.86,3.96,5.189094252006093,3.108941829573421,3.103793
2018-12-28 06:45:00,3.06,3.1,4.21,3.92,5.286058616060895,3.1486397677343105,3.145571
2018-12-28 07:00:00,3.1,3.06,3.6,3.89,4.667697067339091,3.113968593004925,3.0719748
2018-12-28 07:15:00,3.38,3.1,2.88,3.67,4.770303240180208,3.1486397677343105,3.0929666
2018-12-28 07:30:00,4.97,3.38,3.2,3.17,5.1793354852688225,3.5576746069898704,3.7229416
2018-12-28 07:45:00,6.7,4.97,4.9,5.44,6.88584608229646,5.822110248907184,6.52031
2018-12-28 08:00:00,6.16,6.7,5.65,6.77,7.926492416629095,7.548050577213124,8.527843
2018-12-28 08:15:00,35.75,6.16,32.0,28.8,13.407011039127088,34.23248125044331,23.503656
2018-12-28 08:30:00,57.78,35.75,52.63,54.22,42.20238494441306,60.01495778010164,60.785465
2018-12-28 08:45:00,57.74,57.78,73.66,56.41,62.54665315495427,60.96620149198306,59.50163
2018-12-28 09:00:00,66.46,57.74,63.47,56.74,61.2495000202354,59.77783194464117,60.629383
2018-12-28 09:15:00,66.82,66.46,56.77,43.78,63.87993599732778,60.19120242144191,61.335613
2018-12-28 09:30:00,59.9,66.82,53.93,47.52,62.22284892541039,62.17516892264375,62.75577
2018-12-28 09:45:00,63.32,59.9,59.4,56.2,58.411717116759775,60.398984034344274,60.97325
2018-12-28 10:00:00,57.17,63.32,76.03,51.59,59.84878365683554,62.81546530660512,61.132275
2018-12-28 10:15:00,55.91,57.17,47.81,66.64,55.82723919495615,59.274666961547034,58.718204
2018-12-28 10:30:00,62.42,55.91,45.83,53.14,54.772654222497295,57.05830594248037,56.34138
2018-12-28 10:45:00,59.72,62.42,52.63,58.54,60.31266883245158,59.22246366164479,59.312828
2018-12-28 11:00:00,62.71,59.72,68.69,73.12,60.50340767265217,57.78176084063736,57.746082
2018-12-28 11:15:00,57.82,62.71,51.16,67.79,61.16761130267405,60.34234037182355,60.603
2018-12-28 11:30:00,64.94,57.82,51.52,65.59,56.83118066213892,59.07348846082559,59.56716
2018-12-28 11:45:00,58.97,64.94,54.83,57.85,61.98974279796707,62.56668576644202,60.57344
2018-12-28 12:00:00,47.05,58.97,59.62,58.9,55.986314456054025,58.50037475816138,54.08989
2018-12-28 12:15:00,10.01,47.05,13.54,7.42,37.23242075498521,10.874268287124856,6.759637
2018-12-28 12:30:00,7.81,10.01,6.62,8.35,11.958879812761129,6.259525898616578,5.627889
2018-12-28 12:45:00,7.27,7.81,6.59,7.67,9.876432997720581,7.6264300199553965,7.778142
2018-12-28 13:00:00,7.31,7.27,17.82,7.2,9.034024637682489,7.754098833980609,8.233811
2018-12-28 13:15:00,42.55,7.31,40.57,39.74,15.136476402244694,38.453264811037464,31.931269
2018-12-28 13:30:00,56.12,42.55,43.7,58.03,46.28991830763684,62.7585142312483,60.28753
2018-12-28 13:45:00,45.0,56.12,46.84,63.97,57.66797406358521,58.003527451507395,57.509293
2018-12-28 14:00:00,45.22,45.0,53.32,56.34,48.76224457579556,50.98694099279136,48.73255
2018-12-28 14:15:00,42.62,45.22,55.01,69.62,45.9948918154019,49.61080422810079,47.552948
2018-12-28 14:30:00,34.2,42.62,61.74,60.34,43.333999469844585,46.75146381196014,44.963345
2018-12-28 14:45:00,42.8,34.2,54.14,57.74,35.79168963661337,37.815412660671,37.859505
2018-12-28 15:00:00,48.02,42.8,53.5,68.04,42.31423042073186,45.181780497497854,43.801502
2018-12-28 15:15:00,44.6,48.02,44.75,67.68,46.946709254185855,50.88792613829552,50.1167
2018-12-28 15:30:00,35.78,44.6,42.95,58.32,44.45125536863689,49.76726531079617,47.8912
2018-12-28 15:45:00,32.62,35.78,60.84,65.48,39.36779303479938,38.86458020462787,42.101463
2018-12-28 16:00:00,31.39,32.62,63.04,63.0,36.524488594522666,37.10386956205035,37.541557
2018-12-28 16:15:00,30.06,31.39,59.58,69.73,36.00794081689024,37.28119942080041,36.398445
2018-12-28 16:30:00,30.13,30.06,63.22,59.69,35.04593094279292,32.28946064448039,34.51449
2018-12-28 16:45:00,23.58,30.13,45.79,63.32,33.27014819442077,32.580590809149335,34.0045
2018-12-28 17:00:00,8.57,23.58,41.58,62.32,28.07962702078061,10.0546791032319,9.824868
2018-12-28 17:15:00,9.58,8.57,54.58,52.78,17.93643271729849,8.641127427095666,6.0382032
2018-12-28 17:30:00,9.14,9.58,36.72,45.86,14.696206537878977,13.197055580928168,8.036205
2018-12-28 17:45:00,5.47,9.14,29.38,30.78,11.289237200377126,9.798205566191777,8.143473
2018-12-28 18:00:00,5.08,5.47,28.48,8.21,5.576121242093709,5.011411617926271,6.7477293
2018-12-28 18:15:00,5.08,5.08,48.56,5.51,7.090871283120073,4.911722222595848,6.3331246
2018-12-28 18:30:00,5.11,5.08,53.82,5.4,7.653399371694121,4.91291171678325,6.341409
2018-12-28 18:45:00,5.15,5.11,53.5,5.62,7.567764877004283,4.926630311649958,6.2572703
2018-12-28 19:00:00,5.15,5.15,53.14,5.54,6.578409039884672,4.94913718455378,7.4613404
2018-12-28 19:15:00,5.15,5.15,51.01,5.54,6.552202895155219,4.948183831272874,6.978042
2018-12-28 19:30:00,5.18,5.15,47.99,5.51,6.409859113258239,4.945796340008024,6.979438
2018-12-28 19:45:00,5.22,5.18,49.18,5.47,6.608963962788337,4.948309561636294,6.9877787
2018-12-28 20:00:00,5.15,5.22,50.33,5.54,6.271446228333119,4.955030772836825,7.0528255
2018-12-28 20:15:00,5.15,5.15,50.04,5.47,6.381557043906113,4.947247334189753,7.0396833
2018-12-28 20:30:00,5.18,5.15,40.93,5.44,5.682868749654656,4.9457344344281715,7.2982616
2018-12-28 20:45:00,5.26,5.18,14.51,5.47,3.344687090553922,4.979879608049532,6.661683
2018-12-28 21:00:00,5.18,5.26,8.35,5.44,2.402341014715894,4.980906919667163,5.208764
2018-12-28 21:15:00,5.15,5.18,5.26,5.54,2.3592021552141205,4.969676702164724,4.9998417
2018-12-28 21:30:00,5.26,5.15,5.26,5.4,2.6224242567234164,4.962568988398503,4.9509907
2018-12-28 21:45:00,5.26,5.26,5.26,5.44,2.93592246449424,4.9767002142098,4.9860163
2018-12-28 22:00:00,5.22,5.26,4.5,5.44,2.533370594775313,4.962826358126732,5.0200176
2018-12-28 22:15:00,4.97,5.22,3.89,5.18,2.6839234077435172,4.952140423632376,4.911887
2018-12-28 22:30:00,4.97,4.97,3.85,5.26,2.8190514324076794,4.789496797974653,4.7291822
2018-12-28 22:45:00,4.93,4.97,3.82,5.15,3.0696354875454936,4.785953347575724,4.7254505
2018-12-28 23:00:00,5.04,4.93,3.82,5.15,2.6620916776610635,4.78107085411734,4.750227
2018-12-28 23:15:00,4.86,5.04,3.82,5.11,3.037257055844055,4.85364239800415,4.8291597
2018-12-28 23:30:00,4.86,4.86,3.78,4.57,3.1526580557544435,4.720433066292977,4.709491
2018-12-28 23:45:00,4.86,4.86,3.74,4.0,3.4021847019557327,4.983929482955115,4.7483406
2018-12-29 00:00:00,4.28,4.86,4.82,3.31,1.128023142313669,14.125581636849407,4.1115417
2018-12-29 00:15:00,4.9,4.28,3.74,4.0,1.0085224142343314,4.357388622773056,4.070881
2018-12-29 00:30:00,4.82,4.9,3.78,4.0,1.7567467194811606,4.695791162426697,4.2358675
2018-12-29 00:45:00,3.85,4.82,3.85,4.0,2.0085632827526076,4.676414925765268,4.347539
2018-12-29 01:00:00,3.74,3.85,4.14,4.1,1.093944188102185,3.801395504405776,3.7512014
2018-12-29 01:15:00,3.82,3.74,4.9,3.96,1.3339105720156894,3.761728913547721,3.7051225
2018-12-29 01:30:00,3.78,3.82,4.14,4.03,1.5740620691159428,3.775102081235217,3.7365599
2018-12-29 01:45:00,3.67,3.78,3.82,4.03,1.8137446302923799,3.7682416095837987,3.7612417
2018-12-29 02:00:00,3.74,3.67,3.85,3.96,1.3357188567221776,3.687912045238081,3.6650925
2018-12-29 02:15:00,3.71,3.74,3.82,4.07,1.7241943780923883,3.766256654810882,3.7254634
2018-12-29 02:30:00,3.82,3.71,3.82,4.07,1.9690540884924488,3.745357806193961,3.7354834
2018-12-29 02:45:00,3.78,3.82,3.82,3.67,2.30137414855972,3.77927894378886,3.727806
2018-12-29 03:00:00,3.71,3.78,3.82,3.31,1.8265199008907054,3.76600918656201,3.7406142
2018-12-29 03:15:00,3.74,3.71,3.89,3.82,2.0710847055952755,3.741633248741223,3.7195182
2018-12-29 03:30:00,3.78,3.74,3.89,4.07,2.3700835062792223,3.765347636405518,3.7333758
2018-12-29 03:45:00,3.78,3.78,3.85,3.42,2.571357453139658,3.7646758583737747,3.7495372
2018-12-29 04:00:00,3.74,3.78,3.82,3.38,2.1571456442733847,3.766501190730453,3.7479336
2018-12-29 04:15:00,3.02,3.74,4.07,3.31,2.3798781036078474,3.7644824931922796,3.731325
2018-12-29 04:30:00,3.74,3.02,5.04,3.38,2.2137196646786315,3.0939475607150815,3.096866
2018-12-29 04:45:00,3.6,3.74,4.1,3.35,2.889036359247136,3.742565927574273,3.653861
2018-12-29 05:00:00,3.06,3.6,3.82,3.38,2.3258764767124482,3.5953822826727833,3.4560819
2018-12-29 05:15:00,3.02,3.06,3.89,3.42,2.1713443421678456,3.105240552265211,3.021544
2018-12-29 05:30:00,3.02,3.02,3.38,3.96,2.2875341754603546,3.0952930649316297,3.0309193
2018-12-29 05:45:00,2.99,3.02,3.17,4.07,2.4585103412882248,3.094141098877743,3.0380816
2018-12-29 06:00:00,3.06,2.99,3.06,4.07,1.9591658337026452,3.0116770526560104,3.0053957
2018-12-29 06:15:00,3.06,3.06,3.06,4.0,2.1481306884140494,3.1163595965213196,3.0741968
2018-12-29 06:30:00,3.67,3.06,3.1,3.38,2.2744505010628338,3.115760852609932,3.0588913
2018-12-29 06:45:00,3.74,3.67,3.06,3.35,2.872846718033653,3.349253364737327,3.3852913
2018-12-29 07:00:00,3.71,3.74,3.1,3.35,2.357738800973241,3.3840107071798,3.2808444
2018-12-29 07:15:00,3.67,3.71,3.38,3.31,2.475597069608952,3.4954974484735675,3.3526542
2018-12-29 07:30:00,3.38,3.67,4.97,3.85,2.7062080471094134,3.6993373980669206,3.674467
2018-12-29 07:45:00,3.02,3.38,6.7,4.03,2.8343958921015364,4.082910255233731,3.5481389
2018-12-29 08:00:00,2.92,3.02,6.16,3.35,2.021867044300457,3.256230847246424,3.0987346
2018-12-29 08:15:00,2.95,2.92,35.75,3.31,6.739462911182322,7.286879963585182,6.0787544
2018-12-29 08:30:00,3.13,2.95,57.78,3.24,11.018179264927024,3.1932655263648164,3.328009
2018-12-29 08:45:00,3.78,3.13,57.74,3.38,13.021874068316727,3.5388100438792813,3.3001232
2018-12-29 09:00:00,3.24,3.78,66.46,3.82,12.51099070583513,4.397508565611557,5.0207305
2018-12-29 09:15:00,3.17,3.24,66.82,4.28,12.7843647465605,3.78996635551652,3.826825
2018-12-29 09:30:00,3.2,3.17,59.9,4.28,11.76262788221458,3.7429580694089366,3.1853166
2018-12-29 09:45:00,3.31,3.2,63.32,4.32,11.679610554873396,3.7496851176288652,3.5780816
2018-12-29 10:00:00,4.03,3.31,57.17,4.21,10.569757439398465,3.9356378244407657,3.6850696
2018-12-29 10:15:00,4.03,4.03,55.91,3.6,10.205463811234566,4.846644362067856,5.2309155
2018-12-29 10:30:00,4.03,4.03,62.42,3.6,10.95738049143397,4.575997219901454,4.679527
2018-12-29 10:45:00,4.03,4.03,59.72,3.6,10.981416381388836,4.4722030003773385,4.25167
2018-12-29 11:00:00,6.19,4.03,62.71,3.6,10.147438370930125,4.646270691853129,4.3603086
2018-12-29 11:15:00,26.17,6.19,57.82,3.6,11.379138483659485,6.313544640882837,7.518114
2018-12-29 11:30:00,9.36,26.17,64.94,3.6,27.148526447493676,29.42968246946265,40.605804
2018-12-29 11:45:00,3.64,9.36,58.97,3.6,15.390222664869924,10.011362107469889,8.384236
2018-12-29 12:00:00,4.14,3.64,47.05,3.6,8.106935307024997,4.0931479207493595,7.0823016
2018-12-29 12:15:00,3.78,4.14,10.01,3.71,0.8975505640293555,4.897969660277248,3.565255
2018-12-29 12:30:00,3.46,3.78,7.81,4.39,0.14322285302862525,4.001319612854834,3.7664044
2018-12-29 12:45:00,3.42,3.46,7.27,4.1,-0.15345895752624727,3.4425107917401676,3.3420112
2018-12-29 13:00:00,3.42,3.42,7.31,3.71,-0.417156863107607,3.9786754902698993,3.3618906
2018-12-29 13:15:00,4.1,3.42,42.55,4.28,5.156456013909686,11.430379714619518,10.032008
2018-12-29 13:30:00,4.14,4.1,56.12,4.25,8.079907457799667,7.0623934560413,7.022776
2018-12-29 13:45:00,4.07,4.14,45.0,4.25,6.72455967688477,5.0681995147963645,4.9482713
2018-12-29 14:00:00,4.03,4.07,45.22,4.21,6.14158029568279,4.930065045883119,5.2900224
2018-12-29 14:15:00,3.92,4.03,42.62,3.67,6.2139482997138415,4.773356505894283,4.8978133
2018-12-29 14:30:00,3.31,3.92,34.2,3.46,5.911011845695747,4.4114259396267395,4.6820054
2018-12-29 14:45:00,3.35,3.31,42.8,3.49,4.830125101217625,3.81502991820993,3.2085836
2018-12-29 15:00:00,3.31,3.35,48.02,3.53,5.116976913853986,3.910903668379977,3.5710118
2018-12-29 15:15:00,3.31,3.31,44.6,3.56,4.794422098191816,3.8207093320201126,3.516865
2018-12-29 15:30:00,3.31,3.31,35.78,3.53,3.8664559573617154,3.928163515875136,3.4606965
2018-12-29 15:45:00,3.35,3.31,32.62,3.56,3.9346405535454743,4.005630825162812,3.4550016
2018-12-29 16:00:00,3.49,3.35,31.39,3.56,3.6116419096571235,4.131771005931352,3.5952084
2018-12-29 16:15:00,4.1,3.49,30.06,3.49,4.065584005491413,3.925071000184515,3.657797
2018-12-29 16:30:00,3.71,4.1,30.13,3.53,5.64008455607776,3.9803422986993255,3.7089508
2018-12-29 16:45:00,3.67,3.71,23.58,3.56,3.297155078063028,3.6391798970638534,3.567581
2018-12-29 17:00:00,4.1,3.67,8.57,4.68,1.6682598646499613,3.674204594370186,3.5984275
2018-12-29 17:15:00,4.07,4.1,9.58,5.44,2.3932725034566396,3.987301200889904,4.0571394
2018-12-29 17:30:00,4.07,4.07,9.14,4.46,0.2198924511229663,3.917964309294822,4.0051646
2018-12-29 17:45:00,4.1,4.07,5.47,4.28,-1.2974111853959478,3.927436999631427,4.1982527
2018-12-29 18:00:00,3.56,4.1,5.08,4.07,-1.9972753668975542,3.988809787588916,4.379671
2018-12-29 18:15:00,3.31,3.56,5.08,3.6,-1.2151212075070355,3.593130983509199,3.5292728
2018-12-29 18:30:00,3.24,3.31,5.11,3.67,-0.9622064514762876,3.3088547678901,3.3275826
2018-12-29 18:45:00,3.35,3.24,5.15,3.67,-0.8607483072686719,3.319221315195235,3.320522
2018-12-29 19:00:00,3.31,3.35,5.15,3.71,-1.2734681224734494,3.38008029554545,3.3724463
2018-12-29 19:15:00,3.35,3.31,5.15,3.74,-1.2218807450733102,3.3513940324049343,3.328347
2018-12-29 19:30:00,3.35,3.35,5.18,3.71,-1.1386712445490765,3.3742163596888815,3.3393795
2018-12-29 19:45:00,3.31,3.35,5.22,3.74,-0.875470216470351,3.3735651224289156,3.351537
2018-12-29 20:00:00,3.71,3.31,5.15,3.67,-1.312934055403872,3.35120472205302,3.326287
2018-12-29 20:15:00,4.36,3.71,5.15,3.67,-0.8055376799983058,3.5931104168366423,3.6152618
2018-12-29 20:30:00,4.28,4.36,5.18,3.67,-0.5195686880204597,3.6670598595408253,3.4819658
2018-12-29 20:45:00,4.14,4.28,5.26,3.67,-1.6064529770605454,3.62720083353395,3.6776488
2018-12-29 21:00:00,4.1,4.14,5.18,4.18,-2.420331986898155,3.9522589172860965,3.9555137
2018-12-29 21:15:00,4.07,4.1,5.15,4.61,-2.326240463020344,3.9633473455548853,4.082835
2018-12-29 21:30:00,3.85,4.07,5.26,5.51,-1.982992078233206,3.9330462246026348,4.0561666
2018-12-29 21:45:00,3.46,3.85,5.26,4.43,-1.9678945368868064,3.747445833138495,3.884946
2018-12-29 22:00:00,3.31,3.46,5.22,4.1,-2.616542922805781,3.413562565369939,3.4953716
2018-12-29 22:15:00,3.13,3.31,4.97,3.46,-2.533801118224307,3.309306801797813,3.2400234
2018-12-29 22:30:00,3.13,3.13,4.97,3.38,-2.364671745355423,3.134591100387246,3.0945637
2018-12-29 22:45:00,3.13,3.13,4.93,3.42,-2.118831971707543,3.1492735285829836,3.143493
2018-12-29 23:00:00,3.17,3.13,5.04,3.38,-2.492955359840206,3.165737699155227,3.1341648
2018-12-29 23:15:00,3.06,3.17,4.86,3.35,-2.1831983299452027,3.232156065252897,3.1429203
2018-12-29 23:30:00,2.99,3.06,4.86,3.31,-1.9684964484683505,3.1127535743127956,3.0361702
2018-12-29 23:45:00,3.42,2.99,4.86,3.31,-1.7226318279699449,3.1026005945181527,3.0161667
2018-12-30 00:00:00,3.1,3.42,4.28,3.78,-1.8332144190032942,7.68261910218442,3.2206888
2018-12-30 00:15:00,3.92,3.1,4.9,3.31,-1.766915131844062,3.1645655782172537,3.1327486
2018-12-30 00:30:00,3.82,3.92,4.82,3.35,-0.844264560506307,3.4211845143271855,3.3951194
2018-12-30 00:45:00,3.74,3.82,3.85,3.42,-0.6994544323233001,3.673044312197607,3.6125906
2018-12-30 01:00:00,3.78,3.74,3.74,4.93,-0.9409588408030523,3.5903420859854402,3.4601905
2018-12-30 01:15:00,3.42,3.78,3.82,4.93,-0.6573320160166176,3.724428194823857,3.7737098
2018-12-30 01:30:00,3.17,3.42,3.78,4.14,-0.7212113485289962,3.3778852200750937,3.4702458
2018-12-30 01:45:00,3.02,3.17,3.67,4.07,-0.5955532918596163,3.1899730441823744,3.1708088
2018-12-30 02:00:00,3.1,3.02,3.74,3.49,-1.1356399317529622,3.0933106762890605,3.0549948
2018-12-30 02:15:00,3.06,3.1,3.71,3.46,-0.7417089703670534,3.1276923991327834,3.1165047
2018-12-30 02:30:00,3.1,3.06,3.82,3.49,-0.5034825064326505,3.113716417747519,3.0730567
2018-12-30 02:45:00,3.13,3.1,3.78,3.42,-0.16821480531720567,3.148387592476905,3.1018775
2018-12-30 03:00:00,3.1,3.13,3.71,3.42,-0.5694206142702107,3.16554140338041,3.1395757
2018-12-30 03:15:00,3.13,3.1,3.74,3.46,-0.3475451389464901,3.148387592476905,3.0978563
2018-12-30 03:30:00,3.6,3.13,3.78,3.42,-0.07902814867777153,3.1647324582234,3.1449277
2018-12-30 03:45:00,4.86,3.6,3.78,3.53,0.526774951383203,3.345990358527349,3.3819108
2018-12-30 04:00:00,3.85,4.86,3.74,3.46,1.0846246117995975,3.976865189351607,5.4284
2018-12-30 04:15:00,3.82,3.85,3.02,3.42,0.5841053709083006,3.524972325190331,3.4361768
2018-12-30 04:30:00,3.82,3.82,3.74,3.6,0.8387138358989716,3.7162349284091842,3.6553826
2018-12-30 04:45:00,3.46,3.82,3.6,4.14,1.0057968764985254,3.724632734962547,3.7418404
2018-12-30 05:00:00,3.17,3.46,3.06,5.18,0.35461839355510705,3.3889986815848596,3.6541348
2018-12-30 05:15:00,3.13,3.17,3.02,4.64,0.2961469504090566,3.1934825609247945,3.1824486
2018-12-30 05:30:00,3.1,3.13,3.02,4.1,0.39177308405866285,3.1401465762574303,3.1132708
2018-12-30 05:45:00,3.1,3.1,2.99,3.49,0.5399194014375155,3.133363228954553,3.1010656
2018-12-30 06:00:00,3.1,3.1,3.06,3.38,0.0643644458184518,3.148387592476905,3.095085
2018-12-30 06:15:00,3.13,3.1,3.06,3.35,0.2287815164638758,3.148387592476905,3.1093
2018-12-30 06:30:00,3.13,3.13,3.67,3.46,0.454775335711016,3.1653178871328644,3.1437743
2018-12-30 06:45:00,3.1,3.13,3.74,3.38,0.5751156581771184,3.1653178871328644,3.1552112
2018-12-30 07:00:00,3.82,3.1,3.71,3.38,-0.021264366677790747,3.1486397677343105,3.1085746
2018-12-30 07:15:00,4.36,3.82,3.67,3.38,0.6494565741185596,3.4346771850016196,3.4880958
2018-12-30 07:30:00,4.97,4.36,3.38,3.38,1.2597165089332698,4.0679263104591294,3.5618663
2018-12-30 07:45:00,3.96,4.97,3.02,3.42,1.9863496088538035,5.903624636284924,6.447079
2018-12-30 08:00:00,3.46,3.96,2.92,3.49,0.7184332565948033,4.1462018434470895,4.5999446
2018-12-30 08:15:00,3.06,3.46,2.95,4.07,3.9596536882537876,14.133209612600762,12.085284
2018-12-30 08:30:00,3.06,3.06,3.13,4.97,7.062873048737583,3.2428084789601783,5.129968
2018-12-30 08:45:00,3.17,3.06,3.78,4.82,9.11187954534844,3.247299540928659,3.098324
2018-12-30 09:00:00,3.28,3.17,3.24,4.28,7.668967323862116,3.604289387478219,3.5122223
2018-12-30 09:15:00,3.35,3.28,3.17,3.92,8.386053894352681,3.694873742231722,3.5599196
2018-12-30 09:30:00,3.38,3.35,3.2,3.71,7.8582176268622845,3.7807032217075416,3.4575648
2018-12-30 09:45:00,3.35,3.38,3.31,3.64,7.71968407521447,3.7051872101286607,3.3992748
2018-12-30 10:00:00,3.46,3.35,4.03,3.64,6.992636674343299,3.6860616062061444,3.3866022
2018-12-30 10:15:00,3.38,3.46,4.03,3.67,6.096689021036145,3.6700958029964577,3.3495307
2018-12-30 10:30:00,4.0,3.38,4.03,3.71,6.49952923755486,3.6730212065231354,3.3905275
2018-12-30 10:45:00,4.1,4.0,4.03,3.71,7.238240690928077,3.8360353461220074,4.4136767
2018-12-30 11:00:00,4.1,4.1,6.19,3.74,6.683984218788531,3.9475471970066716,4.140898
2018-12-30 11:15:00,4.28,4.1,26.17,3.78,7.220052442652214,4.322655089143819,3.4652135
2018-12-30 11:30:00,4.61,4.28,9.36,3.71,6.7997808924369885,4.440557701792255,5.0090466
2018-12-30 11:45:00,3.56,4.61,3.64,3.74,7.191825428253832,4.386548379306175,4.278609
2018-12-30 12:00:00,3.42,3.56,4.14,3.96,4.001972378790743,3.732029515106949,2.5962324
2018-12-30 12:15:00,3.46,3.42,3.78,4.86,-0.7727450014647417,3.7067085092658827,3.0379643
2018-12-30 12:30:00,3.46,3.46,3.46,5.54,-1.0126908648641155,3.563612091149855,3.3374925
2018-12-30 12:45:00,3.31,3.46,3.42,4.54,-1.107366982770671,3.546114706785783,3.430387
2018-12-30 13:00:00,3.28,3.31,3.42,4.36,-1.3997158598313462,3.599197305954387,3.319396
2018-12-30 13:15:00,3.2,3.28,4.1,3.67,1.9369876753164945,3.6961102385861175,3.3463502
2018-12-30 13:30:00,3.24,3.2,4.14,3.67,4.222903366889533,3.6507724273934445,3.327335
2018-12-30 13:45:00,3.24,3.24,4.07,3.67,3.500365203528734,3.6162652613057573,3.2747223
2018-12-30 14:00:00,4.03,3.24,4.03,3.67,3.0354227435466754,3.63582965815504,3.274492
2018-12-30 14:15:00,4.0,4.03,3.92,3.71,4.061282191965045,3.9803530215588037,5.0343966
2018-12-30 14:30:00,4.03,4.0,3.31,3.67,4.3445628932930305,3.8250946061443436,4.328961
2018-12-30 14:45:00,4.82,4.03,3.35,3.67,3.2629541844531076,3.8313464579876713,4.945338
2018-12-30 15:00:00,4.1,4.82,3.31,3.67,3.86185100812315,4.738369087721016,7.464511
2018-12-30 15:15:00,3.31,4.1,3.31,3.64,3.1978901149962553,4.1970049376323635,6.0600605
2018-12-30 15:30:00,3.24,3.31,3.31,3.67,2.098857339439924,3.618673081420144,3.3219838
2018-12-30 15:45:00,3.24,3.24,3.35,3.74,2.3606831707516704,3.6121295504243345,3.3049297
2018-12-30 16:00:00,3.35,3.24,3.49,4.36,2.1737148161106,4.518001094881144,3.1889658
2018-12-30 16:15:00,3.31,3.35,4.1,4.36,2.696008844259392,3.782712576418647,3.3663564
2018-12-30 16:30:00,3.35,3.31,3.71,5.0,3.9058460845618903,3.552891366594904,3.3365355
2018-12-30 16:45:00,3.24,3.35,3.67,5.33,2.117445704602332,3.385857469356197,3.3524055
2018-12-30 17:00:00,3.24,3.24,4.1,3.6,1.0061990649463084,3.346301829597552,3.249804
2018-12-30 17:15:00,3.42,3.24,4.07,3.56,1.4308161171570326,3.3481175578213005,3.257502
2018-12-30 17:30:00,4.0,3.42,4.07,3.6,-0.6485376638207327,3.416955983091637,3.4529772
2018-12-30 17:45:00,4.75,4.0,4.1,3.67,-1.5659227317361726,3.5655366000067494,3.725719
2018-12-30 18:00:00,4.68,4.75,3.56,3.49,-1.6647546866184761,3.9705941403115808,4.086578
2018-12-30 18:15:00,3.89,4.68,3.31,3.49,-0.4334418652540606,3.8461514123311646,3.6105852
2018-12-30 18:30:00,3.53,3.89,3.24,3.49,-0.5732576553098383,3.7882236134689036,3.7488704
2018-12-30 18:45:00,3.2,3.53,3.35,3.64,-0.6882377351278492,3.536618091983834,3.5989623
2018-12-30 19:00:00,3.28,3.2,3.31,3.64,-1.4368002701571143,3.2294310052436765,3.2178946
2018-12-30 19:15:00,3.24,3.28,3.35,4.03,-1.2932475392100073,3.3254624492072766,3.3156729
2018-12-30 19:30:00,3.24,3.24,3.35,4.25,-1.2632128927077915,3.3464196915493636,3.2790122
2018-12-30 19:45:00,3.2,3.24,3.31,4.28,-0.9606723716328247,3.3494125178973517,3.2794588
2018-12-30 20:00:00,3.24,3.2,3.71,4.25,-1.3568837406618606,3.286381245870895,3.2539976
2018-12-30 20:15:00,3.31,3.24,4.36,4.0,-1.1264983697022473,3.3480892572835574,3.280153
2018-12-30 20:30:00,3.24,3.31,4.28,3.49,-1.4027726876602706,3.353731306777351,3.2870047
2018-12-30 20:45:00,3.78,3.24,4.14,4.21,-2.6522793137607756,3.3500127763049905,3.2518113
2018-12-30 21:00:00,4.32,3.78,4.1,4.14,-2.9983452058058866,3.4912896832694917,3.503376
2018-12-30 21:15:00,4.07,4.32,4.07,3.49,-2.507811397204158,3.648867789727214,3.5332093
2018-12-30 21:30:00,4.07,4.07,3.85,3.42,-2.412796287605758,3.5997529542072773,3.6342616
2018-12-30 21:45:00,4.03,4.07,3.46,3.46,-2.201095887922037,3.919457058784179,3.953453
2018-12-30 22:00:00,4.0,4.03,3.31,3.53,-2.6453267712979844,3.9194228589313647,3.9526463
2018-12-30 22:15:00,3.2,4.0,3.13,3.2,-2.4697888571636852,3.891201361708083,3.789521
2018-12-30 22:30:00,2.99,3.2,3.13,3.2,-2.6879247071986967,3.21805824398358,3.0723615
2018-12-30 22:45:00,3.1,2.99,3.13,3.2,-2.5645705716321103,2.9927329217321272,3.039783
2018-12-30 23:00:00,3.02,3.1,3.17,3.96,-2.810756663417031,3.1302630033515566,3.0547523
2018-12-30 23:15:00,2.95,3.02,3.06,4.0,-2.586079613610604,3.103323974674697,3.0181787
2018-12-30 23:30:00,2.99,2.95,2.99,4.0,-2.3488222644746237,3.001334285654277,2.9517717
2018-12-30 23:45:00,2.92,2.99,3.42,4.0,-2.0141384819143795,3.196258853088033,3.0889256
2018-12-31 00:00:00,3.67,2.92,3.1,3.78,2.801050588991444,3.7557906888426054,3.8410401
2018-12-31 00:15:00,3.64,3.67,3.92,3.35,3.6466062321409183,3.253370083640464,3.1233292
2018-12-31 00:30:00,3.31,3.64,3.82,3.38,3.9354088230612945,3.316486366425112,3.2487369
2018-12-31 00:45:00,3.49,3.31,3.74,3.38,3.9850437329160506,3.159968134577689,3.1774402
2018-12-31 01:00:00,3.71,3.49,3.78,3.96,3.733105723682435,3.407991198125574,3.4073062
2018-12-31 01:15:00,3.78,3.71,3.42,3.89,4.197992849917185,3.660713874439157,3.5761635
2018-12-31 01:30:00,3.71,3.78,3.17,3.38,4.4866614842367305,3.6238633198635033,3.591493
2018-12-31 01:45:00,3.67,3.71,3.02,3.35,4.717516803451641,3.688207526981298,3.6503766
2018-12-31 02:00:00,3.02,3.67,3.1,3.49,4.337055348264421,3.6915468013236827,3.6428335
2018-12-31 02:15:00,2.99,3.02,3.06,3.38,4.214524289565304,3.0918155552966198,3.028046
2018-12-31 02:30:00,3.06,2.99,3.1,3.42,4.45091551946895,2.9911403521356372,3.0076425
2018-12-31 02:45:00,3.02,3.06,3.13,4.0,4.839531877427966,3.104311112427836,3.061439
2018-12-31 03:00:00,3.06,3.02,3.1,4.07,4.406874840792671,3.100861984581122,3.047984
2018-12-31 03:15:00,3.02,3.06,3.13,4.14,4.6932604556109325,3.113716417747519,3.0802505
2018-12-31 03:30:00,3.46,3.02,3.6,4.1,4.929708375325664,3.100861984581122,3.051419
2018-12-31 03:45:00,3.74,3.46,4.86,3.96,5.598389378805525,3.370310352276437,3.4886696
2018-12-31 04:00:00,3.06,3.74,3.85,3.35,5.260167350393168,3.396470165980277,3.3381875
2018-12-31 04:15:00,3.74,3.06,3.82,3.38,5.032286656286519,3.103108546846749,3.0176208
2018-12-31 04:30:00,3.74,3.74,3.82,3.64,5.772766876930898,3.560836311752915,3.5273368
2018-12-31 04:45:00,3.78,3.74,3.46,4.07,5.965961747862611,3.6928374876882093,3.6235812
2018-12-31 05:00:00,3.78,3.78,3.17,3.42,5.4725427519026795,3.56257835726154,3.384827
2018-12-31 05:15:00,3.56,3.78,3.13,3.31,5.589283411803681,3.720852316912193,3.730664
2018-12-31 05:30:00,2.99,3.56,3.1,3.35,5.63715442002648,3.5651983760780195,3.5262623
2018-12-31 05:45:00,3.02,2.99,3.1,3.35,5.467366213164134,2.9905025331599107,3.016264
2018-12-31 06:00:00,2.95,3.02,3.1,3.35,5.025796529456898,3.0933106762890605,3.0025697
2018-12-31 06:15:00,3.02,2.95,3.13,3.38,5.157190783464248,2.981820020448135,2.9755363
2018-12-31 06:30:00,2.99,3.02,3.13,3.6,5.387742133743931,3.101114159838528,3.060108
2018-12-31 06:45:00,3.02,2.99,3.1,4.03,5.528756564789791,3.0085612809849693,3.0116565
2018-12-31 07:00:00,3.74,3.02,3.82,4.0,5.029240640983868,3.1017130196925997,3.0306423
2018-12-31 07:15:00,3.17,3.74,4.36,3.96,5.738174560055665,3.4573175874963717,3.5696418
2018-12-31 07:30:00,2.95,3.17,4.97,4.54,5.611604066281149,3.458745420953995,3.4410083
2018-12-31 07:45:00,3.56,2.95,3.96,5.36,5.6893139219129445,3.4560853713820316,3.2854254
2018-12-31 08:00:00,3.64,3.56,3.46,6.52,5.6350621547507735,4.637769150932468,3.9172466
2018-12-31 08:15:00,3.6,3.64,3.06,21.89,10.52752139280014,23.47223862641124,17.164204
2018-12-31 08:30:00,3.74,3.6,3.06,59.62,16.580232160249285,3.643120377393934,10.132334
2018-12-31 08:45:00,3.74,3.74,3.17,64.58,19.000023413951993,3.934077789586743,9.830261
2018-12-31 09:00:00,3.06,3.74,3.28,67.18,17.77910135358232,3.933227837438989,7.571766
2018-12-31 09:15:00,3.17,3.06,3.35,69.44,18.101526689247503,3.371452456548086,4.049162
2018-12-31 09:30:00,3.13,3.17,3.38,65.38,17.245237287821784,3.5645434161631395,4.147174
2018-12-31 09:45:00,3.17,3.13,3.35,67.0,17.228818051355105,3.4958045457604134,4.0608964
2018-12-31 10:00:00,3.24,3.17,3.46,56.27,15.780731034781745,3.599469803877768,4.187364
2018-12-31 10:15:00,3.2,3.24,3.38,54.18,14.70963542525653,3.6140741285406413,4.122638
2018-12-31 10:30:00,4.03,3.2,4.0,58.39,15.494343339599254,3.602994970725871,3.2696998
2018-12-31 10:45:00,3.67,4.03,4.1,54.86,16.134045310257953,4.956916254375223,11.569081
2018-12-31 11:00:00,3.35,3.67,4.1,54.18,15.090017235245742,3.619346547160276,3.1612544
2018-12-31 11:15:00,3.35,3.35,4.28,55.55,14.483970842328677,3.6129133097337824,4.807172
2018-12-31 11:30:00,3.82,3.35,4.61,53.21,14.49557382432448,3.6171522981767543,4.085474
2018-12-31 11:45:00,4.0,3.82,3.56,53.03,15.124413803550453,4.189857370333771,6.4095297
2018-12-31 12:00:00,4.07,4.0,3.42,40.64,11.852824539698904,4.334675454179197,9.367805
2018-12-31 12:15:00,4.03,4.07,3.46,6.91,4.6657695215157595,4.171134538376171,3.891748
2018-12-31 12:30:00,4.1,4.03,3.46,6.91,4.315902949345773,4.221665246121538,3.6887202
2018-12-31 12:45:00,3.35,4.1,3.31,6.48,4.289458421372309,4.865103918980156,3.955139
2018-12-31 13:00:00,3.35,3.35,3.28,6.12,3.5612871316972274,3.502846014728465,3.1295366
2018-12-31 13:15:00,3.35,3.35,3.2,34.49,9.092068770409298,3.6572678574677275,3.4379778
2018-12-31 13:30:00,3.31,3.35,3.24,46.98,12.36063291283108,3.6266385081681416,3.3273506
2018-12-31 13:45:00,3.31,3.31,3.24,38.2,10.948376026214774,3.6658430207689032,3.4809334
2018-12-31 14:00:00,3.35,3.31,4.03,37.84,10.491671741424057,3.4462864764915624,3.4268186
2018-12-31 14:15:00,3.35,3.35,4.0,43.45,11.295968846923017,3.452329794632489,3.4795134
2018-12-31 14:30:00,3.56,3.35,4.03,63.9,12.95570922894085,3.4591081054395145,3.4866116
2018-12-31 14:45:00,4.07,3.56,4.82,38.48,10.338366938106795,3.4883670545480028,3.243743
2018-12-31 15:00:00,3.53,4.07,4.1,38.12,10.794218698872612,4.677006801427383,15.929977
2018-12-31 15:15:00,3.42,3.53,3.31,45.25,10.696179789836396,3.4205203230294052,3.2183952
2018-12-31 15:30:00,4.07,3.42,3.24,51.12,10.37720658400135,3.414001518177581,3.4051986
2018-12-31 15:45:00,4.07,4.07,3.24,45.72,10.77898860454092,5.48873209486718,17.204096
2018-12-31 16:00:00,4.03,4.07,3.35,51.7,10.98251347191417,4.260155295079754,13.649883
2018-12-31 16:15:00,4.07,4.03,3.31,47.2,11.07204030113131,4.170749104058289,9.678401
2018-12-31 16:30:00,3.92,4.07,3.35,69.55,13.774568610774146,4.114985434159594,8.881534
2018-12-31 16:45:00,3.31,3.92,3.24,44.82,10.102261416021726,4.010208672624099,3.9322762
2018-12-31 17:00:00,3.31,3.31,3.24,40.86,8.38613701385264,3.3472778500818077,3.340396
2018-12-31 17:15:00,3.35,3.31,3.42,33.66,8.34922167541097,3.349976778821342,3.3799558
2018-12-31 17:30:00,3.31,3.35,4.0,9.86,4.575571942135152,3.3610527468299343,3.308412
2018-12-31 17:45:00,3.46,3.31,4.75,6.73,2.9638190917370757,3.3586247462300567,3.315767
2018-12-31 18:00:00,3.42,3.46,4.68,5.29,2.324392317003255,3.430709517080514,3.5925038
2018-12-31 18:15:00,3.35,3.42,3.89,5.22,3.54465373314763,3.480829658904422,3.1516933
2018-12-31 18:30:00,3.82,3.35,3.53,5.18,3.9394895737518745,3.4497562339837606,3.4050012
2018-12-31 18:45:00,4.14,3.82,3.2,5.33,4.421937147571985,3.6502750289733785,3.6913242
2018-12-31 19:00:00,3.49,4.14,3.28,5.04,4.162795796363898,3.7826257545900344,3.8836641
2018-12-31 19:15:00,3.96,3.49,3.24,4.14,3.712080330799008,3.420217146788685,3.4192667
2018-12-31 19:30:00,4.14,3.96,3.24,4.18,4.040332090567556,3.8629098151370895,3.8460832
2018-12-31 19:45:00,4.21,4.14,3.2,4.1,4.427855012155948,4.034447032757724,4.005043
2018-12-31 20:00:00,4.14,4.21,3.24,4.18,4.150917861379572,3.847152877671105,3.8754935
2018-12-31 20:15:00,4.18,4.14,3.31,4.1,4.267215010575871,4.035073594901952,4.000841
2018-12-31 20:30:00,3.38,4.18,3.24,4.14,4.017422237739439,4.1004867524304185,4.06594
2018-12-31 20:45:00,3.42,3.38,3.78,4.21,2.2880783447936963,3.462676203920383,3.3592653
2018-12-31 21:00:00,3.42,3.42,4.32,4.18,1.5657019642568706,3.400677131615827,3.3766189
2018-12-31 21:15:00,3.42,3.42,4.07,4.18,1.6650025807492916,3.5181744662686167,3.416883
2018-12-31 21:30:00,3.49,3.42,4.07,4.14,1.9323984983959157,3.413455824452015,3.4273093
2018-12-31 21:45:00,3.42,3.49,4.03,4.18,2.268435859853998,3.4383039905993282,3.4700878
2018-12-31 22:00:00,3.42,3.42,4.0,5.4,1.9279192400371628,3.477562419107046,3.4071887
2018-12-31 22:15:00,3.24,3.42,3.2,4.5,2.0575638420281663,3.481008399345761,3.308705
2018-12-31 22:30:00,3.67,3.24,2.99,3.92,2.1742634894979602,3.3350429627598537,3.152864
2018-12-31 22:45:00,3.82,3.67,3.1,3.89,2.746002061305365,3.597856609242772,3.4905057
2018-12-31 23:00:00,3.85,3.82,3.02,3.85,2.4895009829233388,3.6509563270717473,3.49189
2018-12-31 23:15:00,3.74,3.85,2.95,3.85,2.8248884000309005,3.581641991168272,3.483654
2018-12-31 23:30:00,3.78,3.74,2.99,3.82,3.0003198996728564,3.750825598511793,3.6104994
2018-12-31 23:45:00,3.78,3.78,2.92,3.85,3.3113647371918873,3.7396044326008298,3.6387193
