date,actual,Naive (persistence),Seasonal naive (7 ngày),Linear Regression,Random Forest,XGBoost
2018-12-01 00:00:00,3.35,3.96,3.02,-4.750480847503457,3.8633448866151383,3.3964226
2018-12-01 00:15:00,3.89,4.07,3.49,-4.588776336474684,3.699589305430212,3.7057354
2018-12-01 00:30:00,3.85,4.0,3.56,-4.492081252402624,3.742311545842201,3.5760152
2018-12-01 00:45:00,3.89,4.0,3.56,-4.390604848938327,3.7222988728287563,3.6028063
2018-12-01 01:00:00,3.89,4.0,3.56,-5.075129831599629,3.7318654620854645,3.641881
2018-12-01 01:15:00,4.03,4.97,3.6,-4.745575841941406,4.361369319834319,4.088018
2018-12-01 01:30:00,3.89,5.18,3.56,-4.534286668925265,4.451912683993842,4.009997
2018-12-01 01:45:00,3.92,4.0,3.49,-4.640293007730509,4.195474957394264,3.8105445
2018-12-01 02:00:00,3.92,4.0,3.56,-5.212086786253796,4.21283606751384,3.8034213
2018-12-01 02:15:00,3.96,4.1,3.6,-4.948637093247097,4.148309702120412,3.9806426
2018-12-01 02:30:00,4.03,4.1,3.6,-4.627027324872149,3.7433155265290194,3.8850956
2018-12-01 02:45:00,4.14,4.07,3.56,-4.202050926933605,3.766836591903498,3.8439584
2018-12-01 03:00:00,5.08,3.85,3.56,-4.852949764908264,3.633256339149917,3.5129082
2018-12-01 03:15:00,4.72,3.46,3.64,-4.864985182063254,3.5404430524678263,3.4432075
2018-12-01 03:30:00,3.96,3.42,3.56,-4.542791471681799,3.561906991316713,3.3523128
2018-12-01 03:45:00,3.92,3.46,3.89,-4.050810448383093,3.5972532196598537,3.3033519
2018-12-01 04:00:00,3.35,3.42,4.79,-4.258793273054184,3.6893915091110654,3.950226
2018-12-01 04:15:00,3.28,3.42,4.25,-3.9629589916058485,3.658030684987043,3.3275728
2018-12-01 04:30:00,3.35,3.46,3.64,-3.6641997851458683,3.550102807722837,3.3514361
2018-12-01 04:45:00,3.24,3.46,3.6,-3.223277228901132,3.5531115969466645,3.3931398
2018-12-01 05:00:00,3.31,3.46,3.13,-3.6773907499743466,3.514677033742205,3.2832265
2018-12-01 05:15:00,3.31,3.46,3.02,-3.2226327063439797,3.5163632039880803,3.2971075
2018-12-01 05:30:00,3.28,3.92,3.02,-2.638209912135384,3.5159280972502778,3.2574642
2018-12-01 05:45:00,3.28,4.93,3.1,-1.9387100179321948,3.8521580018700723,3.6433876
2018-12-01 06:00:00,3.2,5.11,3.02,-2.024090378649557,5.032324487079352,3.790696
2018-12-01 06:15:00,3.46,3.67,3.06,-1.760254492374493,4.589589461360041,3.552
2018-12-01 06:30:00,4.03,3.42,3.02,-1.2828244767704646,4.591335847937831,3.481456
2018-12-01 06:45:00,3.89,3.31,3.02,-0.9503691355570361,3.742835556643529,3.2100797
2018-12-01 07:00:00,3.89,3.35,3.1,-1.2422465559467888,3.48200677853506,3.1490848
2018-12-01 07:15:00,4.46,3.28,3.64,-0.5549594398698652,3.557782041830488,3.211782
2018-12-01 07:30:00,3.67,3.74,3.71,0.15596097343992454,3.5471867266632313,3.2457078
2018-12-01 07:45:00,3.46,5.22,3.53,1.170130910288787,4.373320322767472,3.7293801
2018-12-01 08:00:00,3.46,5.33,3.35,0.9906751920550363,4.94800999635975,3.8413897
2018-12-01 08:15:00,3.71,35.57,3.92,16.163671308982195,36.00625608154249,31.318708
2018-12-01 08:30:00,4.72,62.71,3.13,28.535543617954175,47.63847938526896,49.822865
2018-12-01 08:45:00,4.46,63.18,3.2,30.55836468153954,49.93198643048896,51.775944
2018-12-01 09:00:00,5.22,68.11,3.24,36.70870735841227,49.6661236124247,50.54835
2018-12-01 09:15:00,28.58,51.48,3.38,30.854578541418682,49.19427782089203,50.55512
2018-12-01 09:30:00,30.56,57.67,3.42,35.60878286454522,48.11267982731241,49.6327
2018-12-01 09:45:00,28.08,59.26,3.38,40.5538800939311,52.71024623164195,45.825043
2018-12-01 10:00:00,28.58,63.22,3.46,37.0767952050072,52.86668002779675,41.96965
2018-12-01 10:15:00,28.73,49.21,3.42,34.4877760134933,51.9059030327979,40.269676
2018-12-01 10:30:00,29.56,60.34,3.74,39.71477248859931,53.37872047323078,40.221577
2018-12-01 10:45:00,30.06,73.26,3.85,42.60829914834801,55.457538105051064,43.03827
2018-12-01 11:00:00,29.2,60.34,3.92,40.26485210056541,54.11197662384835,38.679558
2018-12-01 11:15:00,27.94,69.62,3.78,40.50759655695401,54.35587342787761,38.75853
2018-12-01 11:30:00,27.94,54.18,3.24,38.52716526718264,56.67312396981145,42.37643
2018-12-01 11:45:00,25.63,49.32,3.28,36.26525097893155,57.99251009794755,40.28402
2018-12-01 12:00:00,3.64,61.06,3.78,34.76925992525898,52.97769467866201,32.072903
2018-12-01 12:15:00,3.85,5.65,4.18,3.045447869432099,6.036691006611448,5.9690337
2018-12-01 12:30:00,3.71,6.34,3.46,2.360897082827236,5.7509103912034885,7.128869
2018-12-01 12:45:00,3.74,6.48,3.35,2.486294304528844,5.621936844778576,6.9203167
2018-12-01 13:00:00,3.71,6.41,3.46,4.376393767995154,5.6823099548595986,6.8952355
2018-12-01 13:15:00,11.3,41.76,3.89,25.419040239543772,47.42967482529407,28.280273
2018-12-01 13:30:00,27.29,62.96,5.72,38.447194311588675,56.033952548802894,43.43718
2018-12-01 13:45:00,26.86,50.72,5.83,37.44541131089156,55.59290912244719,42.828495
2018-12-01 14:00:00,25.31,48.24,5.26,36.588842171076436,56.335564597103804,40.68094
2018-12-01 14:15:00,26.21,50.29,4.57,35.1532328820969,56.39835913464572,40.830093
2018-12-01 14:30:00,26.28,51.77,4.57,33.81322483513306,55.94675551038443,39.66127
2018-12-01 14:45:00,18.68,52.96,4.64,34.975628748583134,58.35023985831126,43.509132
2018-12-01 15:00:00,5.18,44.71,4.61,35.56314168112793,56.11685593584584,39.351982
2018-12-01 15:15:00,5.08,51.19,4.57,34.953262445634735,56.89734184225426,43.31793
2018-12-01 15:30:00,4.75,42.77,4.54,31.67351140799697,56.156092315110556,34.665432
2018-12-01 15:45:00,4.75,41.72,5.33,28.52005245862719,57.29698279285463,34.59989
2018-12-01 16:00:00,4.72,45.72,5.44,28.637822696305406,56.898577534168275,35.432743
2018-12-01 16:15:00,4.64,67.68,4.61,34.95388001523458,55.99508968207343,41.662006
2018-12-01 16:30:00,4.72,44.75,4.61,28.839661203813712,57.43950556428616,35.104588
2018-12-01 16:45:00,4.68,48.28,5.69,27.95497740125305,55.413803608893225,36.03674
2018-12-01 17:00:00,4.64,66.13,5.83,34.516022523356185,18.734458215838902,23.809563
2018-12-01 17:15:00,4.79,44.42,5.9,28.17810653998079,5.393783338783229,11.238308
2018-12-01 17:30:00,4.75,49.43,4.79,26.838977358928155,4.3460402649865335,8.796215
2018-12-01 17:45:00,4.72,28.8,3.85,13.797392060555172,4.887295823399605,7.7841063
2018-12-01 18:00:00,4.68,28.66,3.67,12.554612709054204,5.527781555139303,7.196815
2018-12-01 18:15:00,5.76,42.84,3.6,17.917488274438902,4.047418487648162,9.132119
2018-12-01 18:30:00,5.4,50.54,3.71,24.276319024950872,4.046500846474859,8.106266
2018-12-01 18:45:00,4.79,45.61,3.71,22.607133808210662,4.036146848920127,8.715226
2018-12-01 19:00:00,4.79,63.11,3.74,27.442543464765393,4.042370879400592,10.605772
2018-12-01 19:15:00,4.79,44.96,3.67,19.687944192036447,4.026304276082477,8.855564
2018-12-01 19:30:00,4.79,66.46,4.14,25.914367113687042,4.024478171179783,12.482064
2018-12-01 19:45:00,4.9,45.61,3.96,20.718340958408305,4.023868358202925,10.73364
2018-12-01 20:00:00,4.75,38.09,3.2,18.007775804161202,4.6620873960024465,8.823674
2018-12-01 20:15:00,4.79,54.79,3.1,20.934686820257944,4.659682942206476,12.291248
2018-12-01 20:30:00,4.75,52.63,3.06,20.138664493708,4.665364510180984,13.132711
2018-12-01 20:45:00,4.82,37.91,3.06,12.309233957283945,4.628792446466948,8.517742
2018-12-01 21:00:00,4.82,9.14,3.2,1.8104478166302371,9.256603153298906,5.94088
2018-12-01 21:15:00,4.75,5.69,3.06,-2.9210316176480937,5.88951789790347,5.0694737
2018-12-01 21:30:00,4.79,5.58,3.1,-3.338757672052356,5.020887610322375,5.097345
2018-12-01 21:45:00,4.79,5.47,3.06,-2.2820394048124797,5.051286877277835,4.7017856
2018-12-01 22:00:00,4.9,5.44,3.06,-3.0359819236637335,4.869629794417166,4.716528
2018-12-01 22:15:00,5.76,5.22,3.53,-3.1342187771712595,4.879932316700487,4.8623857
2018-12-01 22:30:00,4.61,5.18,3.46,-3.252659736632072,4.899039620692012,4.8119535
2018-12-01 22:45:00,3.42,5.11,3.38,-3.3357923476731663,4.8716904896833215,4.812251
2018-12-01 23:00:00,3.42,3.92,2.92,-4.7878835007467195,4.274337661368748,3.4375715
2018-12-01 23:15:00,3.28,3.92,2.84,-4.853216848759235,4.266415937436405,3.4038906
2018-12-01 23:30:00,3.38,3.89,2.84,-4.878535267196835,4.659958217805659,3.5963695
2018-12-01 23:45:00,3.31,3.82,2.77,-4.861515884518948,3.3973188187283943,3.5663905
2018-12-02 00:00:00,4.36,3.35,2.88,-9.05355007677731,3.4858666669142138,3.0911846
2018-12-02 00:15:00,3.35,3.89,3.38,-8.801052745098811,3.4142632670874886,3.6497116
2018-12-02 00:30:00,3.35,3.85,3.28,-8.730744210609348,3.415771394097863,3.5658226
2018-12-02 00:45:00,3.38,3.89,2.88,-8.712159534332546,3.407786928796968,3.5321574
2018-12-02 01:00:00,3.89,3.89,2.77,-9.394974286427885,3.403084373022945,3.797229
2018-12-02 01:15:00,4.46,4.03,2.77,-9.237553713873037,3.5902432800373982,4.3747926
2018-12-02 01:30:00,4.43,3.89,3.31,-8.963818581400485,3.52254629742368,3.7537103
2018-12-02 01:45:00,4.14,3.92,3.46,-8.731285704583197,3.5503496127098426,3.7989817
2018-12-02 02:00:00,3.46,3.92,3.46,-9.321292258286324,3.5242599698544406,3.8169482
2018-12-02 02:15:00,3.38,3.96,3.2,-9.138393291864066,3.7213521358526336,3.8549855
2018-12-02 02:30:00,3.38,4.03,2.84,-8.927951064062828,3.5639002614779423,4.4678597
2018-12-02 02:45:00,3.38,4.14,2.84,-8.468159366440037,3.6005782900633654,4.493372
2018-12-02 03:00:00,4.32,5.08,2.88,-8.861890751363877,4.5337570730207775,5.0715446
2018-12-02 03:15:00,4.64,4.72,2.92,-8.83301523178373,5.138761646111327,4.87664
2018-12-02 03:30:00,3.82,3.96,2.84,-8.691173845192065,4.634641539493,3.9463599
2018-12-02 03:45:00,3.46,3.92,2.92,-8.296684778424254,4.48688782686656,3.8832252
2018-12-02 04:00:00,3.42,3.35,2.92,-8.852388487417752,3.6119006037937305,3.593308
2018-12-02 04:15:00,3.46,3.28,2.88,-8.438548870367963,3.453861174337836,3.1971056
2018-12-02 04:30:00,4.32,3.35,2.88,-8.001114152726718,3.3615319599700446,3.2411861
2018-12-02 04:45:00,4.5,3.24,2.84,-7.550640353664274,3.3444657844512027,3.2892854
2018-12-02 05:00:00,4.54,3.31,2.88,-7.872963702247635,3.342284462612122,3.182631
2018-12-02 05:15:00,4.39,3.31,2.88,-7.394141870510925,3.3437962681676776,3.1957421
2018-12-02 05:30:00,3.35,3.28,4.18,-6.607521699190304,3.4466954147200384,3.3162553
2018-12-02 05:45:00,3.46,3.28,4.28,-6.100754563195498,3.465908168407275,3.4540029
2018-12-02 06:00:00,3.35,3.2,3.53,-6.373465217740321,3.360168677946841,3.234622
2018-12-02 06:15:00,3.42,3.46,3.13,-5.829823958766443,3.3577664052630998,3.1966295
2018-12-02 06:30:00,3.42,4.03,2.88,-5.164523871162633,3.4816513791276384,4.000094
2018-12-02 06:45:00,3.38,3.89,2.84,-4.884525467402089,3.4290550142324254,3.1964347
2018-12-02 07:00:00,3.46,3.89,2.81,-5.225239040289207,3.387575263763551,3.2547207
2018-12-02 07:15:00,3.38,4.46,2.95,-4.536580421168917,3.659805615058767,4.015137
2018-12-02 07:30:00,3.46,3.67,2.84,-4.12943198444982,3.4352114153490416,3.8559756
2018-12-02 07:45:00,3.46,3.46,2.88,-3.3681728349811273,3.6874072402116242,4.251595
2018-12-02 08:00:00,3.49,3.46,2.92,-3.527255023891083,3.675838510311384,4.2092524
2018-12-02 08:15:00,4.57,3.71,2.88,6.81843486180642,3.80169693437707,4.6295066
2018-12-02 08:30:00,4.54,4.72,2.92,14.846253166393582,4.493252013402723,9.451773
2018-12-02 08:45:00,5.54,4.46,2.92,16.80264528480763,4.306799544241295,8.03799
2018-12-02 09:00:00,4.75,5.22,3.46,20.77935843939105,3.9306320962631722,9.902883
2018-12-02 09:15:00,3.74,28.58,4.93,20.225106566194615,37.97591407363813,19.069431
2018-12-02 09:30:00,3.71,30.56,4.32,24.421820927631885,44.79587866995932,18.803581
2018-12-02 09:45:00,3.6,28.08,3.49,29.336768307415518,43.28547593036561,26.210245
2018-12-02 10:00:00,3.56,28.58,2.88,25.201884350335355,55.398284130851295,30.86918
2018-12-02 10:15:00,3.6,28.73,2.95,26.518619604189638,51.264750060868145,27.29747
2018-12-02 10:30:00,3.64,29.56,3.56,28.921017624144966,55.90248970538966,26.63768
2018-12-02 10:45:00,3.64,30.06,2.95,27.60104180552033,67.05068382639,33.225204
2018-12-02 11:00:00,3.64,29.2,2.99,27.37300765884718,64.36959790845988,30.012304
2018-12-02 11:15:00,3.64,27.94,2.95,24.537139845980775,52.89916643904423,22.865322
2018-12-02 11:30:00,3.56,27.94,2.95,26.720402442569323,48.86864334728982,23.95486
2018-12-02 11:45:00,3.64,25.63,2.99,25.274189241337638,16.273794257448174,21.799202
2018-12-02 12:00:00,4.03,3.64,2.99,15.703295309126538,4.465625914985108,6.539421
2018-12-02 12:15:00,4.86,3.85,3.1,-2.3548925589252256,5.527618361645698,5.6867814
2018-12-02 12:30:00,4.75,3.71,3.02,-2.442035387972595,5.424791511568033,6.0909452
2018-12-02 12:45:00,5.36,3.74,3.17,-1.2352850001071367,3.589170427351895,3.7982814
2018-12-02 13:00:00,4.9,3.71,3.71,-1.6308631297793603,3.731644076544419,3.3048613
2018-12-02 13:15:00,3.78,11.3,3.67,14.240671971363938,12.919054084575679,8.766273
2018-12-02 13:30:00,3.64,27.29,3.64,25.14282800106978,40.933587097380894,19.432306
2018-12-02 13:45:00,3.6,26.86,3.2,26.68184603434014,26.743618363335074,25.51899
2018-12-02 14:00:00,3.6,25.31,3.67,24.814507803300714,13.049933405115818,13.767883
2018-12-02 14:15:00,3.6,26.21,3.1,23.084171091232115,15.48869556738747,19.378067
2018-12-02 14:30:00,3.56,26.28,2.95,20.731031083922723,15.040881422877424,17.56005
2018-12-02 14:45:00,3.56,18.68,3.06,20.269026153978373,13.821154890501033,16.647564
2018-12-02 15:00:00,3.64,5.18,2.99,20.247714300898174,4.7840393281024305,12.414352
2018-12-02 15:15:00,3.6,5.08,2.99,17.959864807909717,4.777543216991321,11.608124
2018-12-02 15:30:00,3.56,4.75,2.95,16.96936684526439,4.777543216991321,10.74904
2018-12-02 15:45:00,3.85,4.75,2.95,14.79582645219747,4.687839681553437,10.401034
2018-12-02 16:00:00,4.68,4.72,2.95,13.86372878728271,4.668377653678519,10.332711
2018-12-02 16:15:00,4.72,4.64,3.35,15.432590164308877,4.699323215910345,10.343018
2018-12-02 16:30:00,4.72,4.72,3.56,15.340882270165219,4.026820678672442,9.554998
2018-12-02 16:45:00,3.89,4.68,3.6,12.955779885420641,3.9945989078632222,9.915082
2018-12-02 17:00:00,3.53,4.64,3.42,15.007706567595632,3.999469433848422,5.629236
2018-12-02 17:15:00,3.6,4.79,2.95,13.741803476691448,4.768720007980572,8.573669
2018-12-02 17:30:00,3.6,4.75,2.92,10.982147540867178,4.768720007980572,5.743746
2018-12-02 17:45:00,3.74,4.72,2.99,3.095980658488102,4.74702859513861,7.6833625
2018-12-02 18:00:00,4.72,4.68,3.17,1.665253112293641,4.665814895369766,8.555775
2018-12-02 18:15:00,3.89,5.76,3.46,4.115081285927818,4.405069320763455,7.8234177
2018-12-02 18:30:00,3.53,5.4,3.02,8.54408517678965,4.860297979731264,6.2502728
2018-12-02 18:45:00,3.53,4.79,3.02,8.07181119365648,4.677349939598336,7.2317734
2018-12-02 19:00:00,3.56,4.79,2.99,8.125406260618362,5.396705252026646,6.105624
2018-12-02 19:15:00,3.67,4.79,3.02,4.183300186166786,5.349355280331675,7.6566396
2018-12-02 19:30:00,3.56,4.79,2.99,5.689015022717033,7.086091646851257,8.1645
2018-12-02 19:45:00,4.39,4.9,3.02,6.113520221745517,8.413545597990161,9.348479
2018-12-02 20:00:00,4.72,4.75,3.1,4.797346670020229,11.68603069112688,11.332687
2018-12-02 20:15:00,4.68,4.79,3.6,3.729883389559273,9.63454125787955,9.6623535
2018-12-02 20:30:00,4.75,4.75,3.6,3.8771126721025766,11.785265947034482,9.68398
2018-12-02 20:45:00,3.71,4.82,3.6,-0.6706043776480968,10.37464582708318,13.717728
2018-12-02 21:00:00,3.53,4.82,3.38,-3.217910648244409,11.061295099489293,13.485941
2018-12-02 21:15:00,3.6,4.75,2.99,-7.379119179420631,13.5728961867374,13.452383
2018-12-02 21:30:00,3.6,4.79,2.95,-8.200827328238457,11.53506782860413,13.442278
2018-12-02 21:45:00,3.6,4.79,2.92,-8.322284643136353,11.53603950665315,13.407684
2018-12-02 22:00:00,3.56,4.9,3.13,-9.175537146720462,10.8711900748207,13.626414
2018-12-02 22:15:00,4.07,5.76,3.46,-9.100251675684195,10.932721322954896,11.728746
2018-12-02 22:30:00,4.32,4.61,2.92,-9.565118675877802,9.866344222563429,15.002408
2018-12-02 22:45:00,3.35,3.42,2.74,-9.948312930203901,9.66050937419382,10.764852
2018-12-02 23:00:00,3.31,3.42,2.77,-10.983045416093763,9.438709113973564,10.796077
2018-12-02 23:15:00,3.31,3.28,2.84,-10.991731014331098,3.9056284218622066,3.4773583
2018-12-02 23:30:00,3.28,3.38,2.88,-10.936607412677002,3.53061539366594,3.9001882
2018-12-02 23:45:00,3.35,3.31,2.88,-10.94878874418205,3.3389792383507486,3.9170825
2018-12-03 00:00:00,4.57,4.36,4.68,13.809383618395174,6.282948201411072,5.541847
2018-12-03 00:15:00,4.43,3.35,3.2,13.285893831496342,4.866239136062303,4.054201
2018-12-03 00:30:00,4.36,3.35,3.53,13.459046940877911,4.989708403866569,4.186599
2018-12-03 00:45:00,4.21,3.38,3.46,13.548798307857219,5.093150978102121,4.220745
2018-12-03 01:00:00,3.35,3.89,3.49,12.994370548498967,5.144916968159419,3.732746
2018-12-03 01:15:00,3.38,4.46,2.92,13.120224758199907,5.825473363263081,4.4948916
2018-12-03 01:30:00,3.35,4.43,2.92,13.31364683050103,6.049506714221488,5.2185388
2018-12-03 01:45:00,3.42,4.14,3.06,13.47226704782522,6.055212822902373,4.420147
2018-12-03 02:00:00,3.49,3.46,3.56,12.83106824350178,5.527610883379739,3.900334
2018-12-03 02:15:00,3.42,3.38,3.13,12.938156149077503,5.269888300246072,3.909782
2018-12-03 02:30:00,3.38,3.38,2.92,13.17430755328983,4.8803989743824925,3.630216
2018-12-03 02:45:00,4.36,3.38,2.92,13.639753799502232,5.300287342063042,3.8809123
2018-12-03 03:00:00,4.14,4.32,2.88,13.1911686676792,5.78982179356106,4.8439293
2018-12-03 03:15:00,3.42,4.64,2.95,13.354558853483473,6.024121968430605,6.171989
2018-12-03 03:30:00,3.38,3.82,2.95,13.538009216630652,5.118014163436211,3.9989367
2018-12-03 03:45:00,3.35,3.46,3.31,13.942272669736575,5.06768168783043,3.8451953
2018-12-03 04:00:00,3.35,3.42,3.49,13.551592565206665,5.116563062312537,4.4814024
2018-12-03 04:15:00,4.1,3.46,3.46,14.011512175054113,4.959503412763812,4.652295
2018-12-03 04:30:00,4.43,4.32,3.24,14.541975107358573,4.873265433611518,3.8864293
2018-12-03 04:45:00,4.5,4.5,2.88,14.936923565958143,5.179854510422705,4.1891932
2018-12-03 05:00:00,3.78,4.54,2.95,14.624379486625244,5.961669541707993,4.021086
2018-12-03 05:15:00,3.31,4.39,2.84,15.090806106732343,7.287853338083804,4.5235114
2018-12-03 05:30:00,3.38,3.35,2.88,15.33254063377058,6.014019163663149,4.828034
2018-12-03 05:45:00,3.31,3.46,2.84,15.846183734380263,5.231970928864994,5.352302
2018-12-03 06:00:00,3.31,3.35,3.17,15.762607811721878,5.858707473928174,4.7304206
2018-12-03 06:15:00,3.35,3.42,3.38,16.3978781566126,4.99458937660657,4.711788
2018-12-03 06:30:00,3.31,3.42,2.88,16.88956755179327,4.763585470615512,4.6436496
2018-12-03 06:45:00,3.24,3.38,2.88,17.199344650291515,4.963618005461799,3.9620333
2018-12-03 07:00:00,3.24,3.46,2.99,16.89055129394639,4.93674169320972,4.0420265
2018-12-03 07:15:00,4.21,3.38,3.35,17.474049007971903,4.90144834185679,4.1499887
2018-12-03 07:30:00,5.76,3.46,3.53,18.17041541074377,4.963313216184765,4.0721774
2018-12-03 07:45:00,5.98,3.46,5.22,19.40263373594477,6.550944009984019,4.5127664
2018-12-03 08:00:00,5.58,3.49,5.58,19.327690855836437,7.189607993663141,5.839738
2018-12-03 08:15:00,34.99,4.57,45.36,39.50158104638812,44.486907947522106,43.35672
2018-12-03 08:30:00,56.84,4.54,88.92,57.98176183273689,75.99586985677979,71.0247
2018-12-03 08:45:00,61.06,5.54,88.99,60.18804435273137,76.49225400635355,69.7411
2018-12-03 09:00:00,57.89,4.75,90.61,64.41385355965755,77.60093413825275,79.93972
2018-12-03 09:15:00,70.49,3.74,93.31,59.08700093936534,76.61991903284628,71.61288
2018-12-03 09:30:00,50.11,3.71,92.2,62.90385348694649,76.83108555961655,72.411354
2018-12-03 09:45:00,66.38,3.6,94.43,68.70885887121366,77.96290353634872,82.083305
2018-12-03 10:00:00,56.88,3.56,85.43,61.441589822048144,73.50136961014461,73.71963
2018-12-03 10:15:00,47.09,3.6,64.55,57.58288395543147,72.30772798442915,71.96472
2018-12-03 10:30:00,55.8,3.64,70.06,61.22943983488153,73.4110575301592,73.83685
2018-12-03 10:45:00,66.89,3.64,73.12,60.86601771594812,73.51971421054925,72.94986
2018-12-03 11:00:00,62.89,3.64,80.75,62.203559579067985,73.41748188275787,73.93579
2018-12-03 11:15:00,63.79,3.64,82.66,60.359849636672976,71.04689864187779,72.38973
2018-12-03 11:30:00,58.1,3.56,79.13,61.30213073118573,71.78389010217974,74.79626
2018-12-03 11:45:00,54.5,3.64,84.74,61.559355139288144,71.35962363536663,70.89126
2018-12-03 12:00:00,35.35,4.03,61.34,53.54308509481635,68.96745366752579,71.68855
2018-12-03 12:15:00,6.34,4.86,7.24,21.958384225415152,8.313372647966249,8.579646
2018-12-03 12:30:00,5.76,4.75,6.84,21.725375567655444,8.258657364413445,8.45933
2018-12-03 12:45:00,6.3,5.36,6.3,21.944437875025667,7.857630080740894,6.314283
2018-12-03 13:00:00,6.19,4.9,6.01,21.358691770946326,8.326551952861355,8.014985
2018-12-03 13:15:00,35.35,3.78,56.52,48.00208718788417,55.944858686650576,59.106617
2018-12-03 13:30:00,51.95,3.64,93.17,64.59668098885487,75.80013568135091,74.58778
2018-12-03 13:45:00,48.46,3.6,82.58,63.46101567804851,75.98537990380575,75.03953
2018-12-03 14:00:00,65.02,3.6,90.65,63.097164996870234,71.72588370892115,69.817154
2018-12-03 14:15:00,69.91,3.6,77.51,57.49360283562467,70.31953035609179,68.54071
2018-12-03 14:30:00,55.12,3.56,88.63,57.834356400111176,68.35855301605869,68.11629
2018-12-03 14:45:00,56.84,3.56,69.05,55.5281463603355,63.95282457025409,69.917946
2018-12-03 15:00:00,54.22,3.64,71.6,59.82514752190758,64.29084294762333,66.11127
2018-12-03 15:15:00,49.97,3.6,67.97,57.14933044026077,63.359506978710016,66.6774
2018-12-03 15:30:00,48.17,3.56,64.51,54.991125955395,63.025775964185826,68.025696
2018-12-03 15:45:00,49.86,3.85,70.96,53.70281932272002,63.832775443154425,68.97793
2018-12-03 16:00:00,58.75,4.68,65.34,51.734007466312136,67.6647583038502,71.42896
2018-12-03 16:15:00,65.7,4.72,64.22,53.740088359845714,67.49380986629687,68.3041
2018-12-03 16:30:00,51.88,4.72,61.45,52.35495576489252,67.13200644294265,70.59403
2018-12-03 16:45:00,57.2,3.89,51.52,47.778064811195904,67.64770671684187,70.89955
2018-12-03 17:00:00,76.03,3.53,65.34,53.561679511605796,67.26706213261001,67.83868
2018-12-03 17:15:00,72.18,3.6,74.05,53.69963635097635,67.6948095269906,69.24024
2018-12-03 17:30:00,61.42,3.6,50.65,45.930238063272895,62.965758021104946,65.59706
2018-12-03 17:45:00,36.61,3.74,32.58,33.381821934464746,35.86787052093142,34.002464
2018-12-03 18:00:00,29.56,4.72,32.72,32.052989940697636,35.57687160700318,34.009937
2018-12-03 18:15:00,34.13,3.89,43.16,36.972987154853655,46.9003056756402,43.091866
2018-12-03 18:30:00,42.26,3.53,61.88,46.02057805629759,55.82843021625033,62.168453
2018-12-03 18:45:00,56.81,3.53,71.03,47.66232386113494,55.894395169045005,59.289375
2018-12-03 19:00:00,43.02,3.56,58.43,45.57575760724616,56.72610842102377,65.27564
2018-12-03 19:15:00,47.74,3.67,59.33,41.37270786153734,51.05221913202075,52.164906
2018-12-03 19:30:00,39.17,3.56,60.05,43.395696857406655,52.68222271560298,55.028503
2018-12-03 19:45:00,43.67,4.39,66.17,44.714006845478075,54.80208809969724,60.010292
2018-12-03 20:00:00,50.44,4.72,78.98,46.18779133182044,49.365514932224144,51.909443
2018-12-03 20:15:00,46.22,4.68,58.18,40.90040633215179,55.30379635794028,58.77325
2018-12-03 20:30:00,45.36,4.75,51.77,39.19906773222847,54.0856386328323,57.78846
2018-12-03 20:45:00,50.11,3.71,43.6,31.98729911067364,44.677032908255256,45.340763
2018-12-03 21:00:00,25.45,3.53,40.64,27.90977240197004,25.56930849631853,24.776913
2018-12-03 21:15:00,8.6,3.6,16.09,18.223053495594602,12.285131636247307,9.357575
2018-12-03 21:30:00,6.19,3.6,6.23,15.223866195766501,7.643190840831544,5.920888
2018-12-03 21:45:00,5.62,3.6,5.26,14.889897501880323,7.4976292320484905,4.8136024
2018-12-03 22:00:00,4.93,3.56,5.11,13.928685662595186,6.596509808400769,4.387991
2018-12-03 22:15:00,4.72,4.07,4.79,13.772145075617141,6.706256715249546,5.146184
2018-12-03 22:30:00,4.75,4.32,4.72,13.725115050882488,6.5571105191884245,6.3671026
2018-12-03 22:45:00,4.68,3.35,4.75,13.516075855967332,6.835263562477194,4.7461505
2018-12-03 23:00:00,4.68,3.31,4.72,12.442059325329886,6.3468885827647,4.1744504
2018-12-03 23:15:00,4.61,3.31,4.82,12.41749545247617,6.370187092651055,4.1683774
2018-12-03 23:30:00,4.57,3.28,4.64,12.402452806259642,5.723715495136664,4.404825
2018-12-03 23:45:00,4.61,3.35,4.64,12.419583505248887,5.1296745770845265,4.455369
2018-12-04 00:00:00,3.89,4.57,23.65,12.700772539641935,6.0078950214456,5.992112
2018-12-04 00:15:00,4.61,4.43,4.72,8.473081442019485,6.6123653819671615,5.2380905
2018-12-04 00:30:00,4.57,4.36,4.79,8.591790929162737,7.075123199710838,4.9044256
2018-12-04 00:45:00,4.61,4.21,4.72,8.68804993883688,9.445154595261034,4.8031125
2018-12-04 01:00:00,4.64,3.35,4.75,7.772942291884739,5.653155805613879,4.520606
2018-12-04 01:15:00,5.04,3.38,5.62,8.103601111526231,5.733410706047425,5.1761537
2018-12-04 01:30:00,5.8,3.35,5.94,8.363729935298242,5.584235000736547,5.168156
2018-12-04 01:45:00,4.68,3.42,4.72,8.308550269115358,5.371114101077852,4.385012
2018-12-04 02:00:00,3.6,3.49,4.68,7.742555410212997,5.388210213438499,4.3768716
2018-12-04 02:15:00,3.56,3.42,4.72,7.971307592753909,5.40766507581,4.3908734
2018-12-04 02:30:00,3.64,3.38,4.72,8.239685867966866,5.420063427901546,4.396961
2018-12-04 02:45:00,3.67,4.36,4.72,8.845670187747945,6.458497002177805,5.499995
2018-12-04 03:00:00,3.64,4.14,4.72,8.198509141274428,6.112866286721098,5.4686074
2018-12-04 03:15:00,3.64,3.42,4.18,8.003805946847624,6.2817140790871004,4.680338
2018-12-04 03:30:00,3.71,3.38,3.71,8.234781421070128,4.965876953655838,4.368773
2018-12-04 03:45:00,3.67,3.35,3.71,8.639441925837833,4.960624424066325,4.339954
2018-12-04 04:00:00,3.71,3.35,3.74,8.247040645143851,4.947760848987733,4.95942
2018-12-04 04:15:00,3.67,4.1,3.78,8.808286314824425,4.977805275909172,4.125349
2018-12-04 04:30:00,3.6,4.43,3.74,9.259039318993175,5.109788537766144,4.852759
2018-12-04 04:45:00,4.36,4.5,3.71,9.713960323362148,5.2006616904683165,4.1385226
2018-12-04 05:00:00,4.64,3.78,3.71,9.234296103492294,5.598566178130698,4.3947043
2018-12-04 05:15:00,4.72,3.31,3.74,9.595160671015769,5.114413921919231,4.9905705
2018-12-04 05:30:00,5.44,3.38,3.78,10.144605901045946,5.113881482277512,4.974755
2018-12-04 05:45:00,4.43,3.31,3.92,10.693835745533114,4.966784139172875,5.004121
2018-12-04 06:00:00,3.64,3.31,5.9,11.0632975973223,5.916539958987344,5.8278303
2018-12-04 06:15:00,3.56,3.35,5.62,11.549152914145377,5.155098684319095,5.613197
2018-12-04 06:30:00,3.67,3.31,4.64,11.939639352675368,4.832729481522718,5.138631
2018-12-04 06:45:00,3.64,3.24,3.82,12.07438428467329,4.869936620200331,4.7190013
2018-12-04 07:00:00,3.56,3.24,3.71,11.69503728934038,4.886358097425224,4.7752376
2018-12-04 07:15:00,3.56,4.21,3.71,12.400106091641607,5.190295167086098,4.58163
2018-12-04 07:30:00,3.82,5.76,3.78,13.30916242067369,6.716346459237892,6.1833982
2018-12-04 07:45:00,4.54,5.98,5.11,14.48526406277964,8.936400207627527,7.0334363
2018-12-04 08:00:00,5.94,5.58,6.88,14.697931798057002,9.341158539591689,8.0181
2018-12-04 08:15:00,28.4,34.99,49.61,38.803398580016115,40.99298013869179,45.631107
2018-12-04 08:30:00,55.04,56.84,72.36,54.62008389374738,75.88558668172513,73.461044
2018-12-04 08:45:00,61.13,61.06,73.62,57.8021304070959,76.70678132087292,72.83562
2018-12-04 09:00:00,82.33,57.89,111.64,72.03359436554402,78.12225362934535,78.16113
2018-12-04 09:15:00,82.37,70.49,81.54,63.99663571803251,78.02974504826166,82.8612
2018-12-04 09:30:00,64.08,50.11,103.1,67.93292790039352,77.02004088260686,77.62942
2018-12-04 09:45:00,59.36,66.38,126.43,82.91500725881102,80.00020108065473,82.82606
2018-12-04 10:00:00,52.16,56.88,104.44,70.78592676595869,76.99560982303645,76.37722
2018-12-04 10:15:00,56.95,47.09,129.2,76.392467728156,79.15066403606234,72.11034
2018-12-04 10:30:00,53.42,55.8,131.8,81.46029442502807,79.06320396411824,76.61613
2018-12-04 10:45:00,58.86,66.89,133.42,83.42115415706388,78.74241072909895,76.38717
2018-12-04 11:00:00,59.98,62.89,151.67,85.78284030635226,79.03926720377665,77.22995
2018-12-04 11:15:00,61.24,63.79,126.11,78.26550273844362,77.24251432865013,77.83096
2018-12-04 11:30:00,84.1,58.1,145.01,83.50010564934097,77.16497796395608,80.5015
2018-12-04 11:45:00,63.86,54.5,123.8,76.1539737052397,76.31117752139961,77.81112
2018-12-04 12:00:00,49.86,35.35,108.61,65.1854150916022,66.94889442969297,65.74771
2018-12-04 12:15:00,6.91,6.34,7.81,16.43031353658302,9.388695158574988,8.953883
2018-12-04 12:30:00,7.38,5.76,5.51,15.316909291795994,7.175026363879098,6.8228507
2018-12-04 12:45:00,6.62,6.3,5.76,16.38798188398521,7.341629794148944,7.089555
2018-12-04 13:00:00,6.55,6.19,6.34,17.33269555661392,7.944491866108633,8.349995
2018-12-04 13:15:00,32.51,35.35,71.06,51.30490353224543,44.63294305714485,51.062202
2018-12-04 13:30:00,57.28,51.95,121.25,73.2154152090942,76.53378238723533,67.117455
2018-12-04 13:45:00,55.51,48.46,132.59,77.85968214219655,76.84688931932088,69.67373
2018-12-04 14:00:00,56.12,65.02,126.68,78.56653237532804,76.06061901281105,72.92631
2018-12-04 14:15:00,58.82,69.91,93.46,71.37607612787879,75.04203214048613,75.19045
2018-12-04 14:30:00,52.88,55.12,77.36,60.49128729865012,73.57232460181045,74.22687
2018-12-04 14:45:00,53.46,56.84,76.72,64.54965966553733,73.62032521371931,71.960724
2018-12-04 15:00:00,62.96,54.22,107.42,74.04403020192319,74.11685571316424,68.1363
2018-12-04 15:15:00,64.62,49.97,81.58,65.87458580714808,73.787257706165,64.0544
2018-12-04 15:30:00,60.01,48.17,79.38,63.548814363912115,73.19107705675687,62.055374
2018-12-04 15:45:00,55.66,49.86,57.85,55.74873816895901,70.52795639096631,65.99663
2018-12-04 16:00:00,53.82,58.75,59.08,57.787677080391234,72.11186073205114,69.275055
2018-12-04 16:15:00,71.86,65.7,59.26,61.96746653116223,72.16351011348124,66.91493
2018-12-04 16:30:00,60.73,51.88,53.46,56.563036222689476,72.2057258926121,66.36713
2018-12-04 16:45:00,68.22,57.2,59.4,57.96437582107075,72.24235818834796,70.18663
2018-12-04 17:00:00,80.46,76.03,47.48,61.87170579441441,74.06438634565063,76.44156
2018-12-04 17:15:00,61.52,72.18,62.78,61.741515339100715,73.8515486196394,75.73836
2018-12-04 17:30:00,71.1,61.42,50.15,55.41621646151508,72.09987699106202,69.33035
2018-12-04 17:45:00,35.21,36.61,34.13,36.805767159021016,44.489707356797695,44.25724
2018-12-04 18:00:00,30.31,29.56,31.93,32.20176538156376,32.48371631219609,33.88802
2018-12-04 18:15:00,43.56,34.13,36.76,36.97054505323916,40.47422690768031,42.262516
2018-12-04 18:30:00,40.97,42.26,56.84,48.17263142233182,52.07271373869764,60.840954
2018-12-04 18:45:00,38.56,56.81,48.17,48.78398958877594,54.49643572960204,62.177475
2018-12-04 19:00:00,41.65,43.02,61.16,49.891773187615925,52.848566875042025,62.53762
2018-12-04 19:15:00,49.07,47.74,41.98,42.68833392275931,60.598885806507475,55.333508
2018-12-04 19:30:00,40.46,39.17,43.38,42.16367464768013,60.1860030360829,53.48132
2018-12-04 19:45:00,48.64,43.67,47.48,43.76616079477846,53.5324795890061,55.994087
2018-12-04 20:00:00,49.75,50.44,48.46,43.76729331945164,58.260296006322555,52.138226
2018-12-04 20:15:00,48.89,46.22,49.61,43.666790521863085,52.59759995211935,56.109707
2018-12-04 20:30:00,37.84,45.36,49.21,43.66531691350538,51.880478503784595,56.225124
2018-12-04 20:45:00,30.67,50.11,35.5,37.48837989945378,62.74266959478688,48.43804
2018-12-04 21:00:00,5.08,25.45,29.99,25.032292545922015,26.438618681864526,17.855537
2018-12-04 21:15:00,5.69,8.6,25.96,16.30861948067736,11.764191625268081,7.0234084
2018-12-04 21:30:00,5.44,6.19,25.02,14.921567062667393,8.627727071203825,6.3824286
2018-12-04 21:45:00,5.4,5.62,25.13,15.547568703061678,8.342408258308096,6.4373655
2018-12-04 22:00:00,5.44,4.93,25.2,15.169944559356775,7.5263743383168915,5.867014
2018-12-04 22:15:00,5.26,4.72,24.88,14.963234585941512,6.2774440258666715,6.3825145
2018-12-04 22:30:00,4.64,4.75,24.77,14.846253664616631,6.221495089229257,6.1407304
2018-12-04 22:45:00,3.92,4.68,24.88,14.866760363047291,7.6701469670095035,5.787133
2018-12-04 23:00:00,3.96,4.68,23.65,13.544404548378882,7.565378509281342,6.284222
2018-12-04 23:15:00,3.92,4.61,23.62,13.485830957572635,7.425154157062651,5.8616033
2018-12-04 23:30:00,3.85,4.57,23.58,13.44517481420118,7.225080670835579,6.526636
2018-12-04 23:45:00,3.89,4.61,23.54,13.442411482306147,6.770764981264166,6.2297187
2018-12-05 00:00:00,3.96,3.89,3.92,4.758175454048814,8.21509597235377,4.39767
2018-12-05 00:15:00,3.89,4.61,23.51,12.180729587960748,6.123814695903857,5.873114
2018-12-05 00:30:00,3.92,4.57,23.65,12.30283860270869,6.271702838823533,5.8559623
2018-12-05 00:45:00,3.89,4.61,23.65,12.413889748824943,6.12467302923719,5.906959
2018-12-05 01:00:00,3.96,4.64,23.65,11.79354058241088,7.742777880660484,7.3062825
2018-12-05 01:15:00,3.78,5.04,23.58,11.989509793163197,7.631587951484915,6.3955884
2018-12-05 01:30:00,3.85,5.8,23.65,12.326945845187346,7.73176647340829,6.6806574
2018-12-05 01:45:00,3.82,4.68,23.62,12.252010478858677,7.58799642662228,6.5138307
2018-12-05 02:00:00,3.82,3.6,23.65,11.394389762981884,6.342798972256265,5.4121428
2018-12-05 02:15:00,3.85,3.56,23.58,11.579825587699595,6.198727922603408,5.4038687
2018-12-05 02:30:00,4.64,3.64,23.65,11.928589182574814,5.215763090228009,4.934876
2018-12-05 02:45:00,4.86,3.67,24.66,12.620599891845394,4.943191687912846,5.973066
2018-12-05 03:00:00,3.82,3.64,24.12,11.929424518475141,5.071328661065883,5.850114
2018-12-05 03:15:00,3.49,3.64,22.46,11.667693130614428,5.826958075568146,6.48161
2018-12-05 03:30:00,3.13,3.71,22.39,11.985823587875,5.023634341669946,6.296848
2018-12-05 03:45:00,3.2,3.67,22.54,12.405457638657953,5.018046841669946,6.40434
2018-12-05 04:00:00,3.13,3.71,22.46,11.964917798659744,5.214823824900032,5.7365775
2018-12-05 04:15:00,3.1,3.67,22.54,12.38262443236913,5.095660954069166,6.280309
2018-12-05 04:30:00,3.17,3.6,22.5,12.77657466126809,4.945330983292387,5.7827277
2018-12-05 04:45:00,3.06,4.36,22.46,13.34412867152713,5.2128002185163815,6.2480245
2018-12-05 05:00:00,3.17,4.64,22.46,13.06239077741047,5.300031888826433,5.8718667
2018-12-05 05:15:00,3.06,4.72,22.46,13.574167439330214,6.3174204057836505,6.0857434
2018-12-05 05:30:00,3.1,5.44,22.54,14.264255922637183,6.663989920076073,6.2294874
2018-12-05 05:45:00,3.02,4.43,22.5,14.542142348546136,6.686416159701808,6.0505695
2018-12-05 06:00:00,3.1,3.64,23.62,14.466172790750168,6.283072899389578,5.5596323
2018-12-05 06:15:00,3.02,3.56,23.87,15.029662110629129,5.711074813414666,6.085091
2018-12-05 06:30:00,4.61,3.67,24.55,15.879781736827539,4.97804608859089,5.0639334
2018-12-05 06:45:00,4.9,3.64,23.11,15.90261646024559,4.999724759382907,5.696487
2018-12-05 07:00:00,3.85,3.56,22.5,15.218144312897733,5.106110820305525,5.526322
2018-12-05 07:15:00,3.49,3.56,22.46,15.721628489451188,4.97282292749894,5.5710015
2018-12-05 07:30:00,3.2,3.82,22.93,16.468766296539222,5.148293669893418,4.865507
2018-12-05 07:45:00,4.32,4.54,24.62,17.790732642871752,6.0465891852255,5.7548265
2018-12-05 08:00:00,4.72,5.94,25.09,17.96399637992608,6.425604758310656,7.184469
2018-12-05 08:15:00,27.65,28.4,54.18,36.28738294692312,36.60677769503063,36.587513
2018-12-05 08:30:00,61.56,55.04,52.27,47.09575277195317,73.11436393636565,65.90943
2018-12-05 08:45:00,57.71,61.13,51.88,50.37362368423247,73.40825511376431,69.73349
2018-12-05 09:00:00,57.82,82.33,54.43,58.645932970279155,74.15514075294243,78.472824
2018-12-05 09:15:00,68.08,82.37,58.72,58.63045812358753,74.70123132481703,74.84668
2018-12-05 09:30:00,64.08,64.08,52.78,53.8237800948058,73.99110011429802,75.00639
2018-12-05 09:45:00,64.76,59.36,58.97,57.82921277401027,73.65647883569558,80.816826
2018-12-05 10:00:00,62.68,52.16,51.16,50.750622718598436,72.97087870458112,75.04031
2018-12-05 10:15:00,49.28,56.95,50.0,52.07515287212692,72.62602128340424,72.25454
2018-12-05 10:30:00,56.52,53.42,48.56,53.28477868912299,71.9908768493588,73.87816
2018-12-05 10:45:00,59.04,58.86,66.2,58.544400846713145,71.81091877963304,72.00914
2018-12-05 11:00:00,66.85,59.98,62.1,54.26241012459542,70.30525048970944,69.238075
2018-12-05 11:15:00,68.83,61.24,51.98,52.52796243833292,71.05489798212483,70.72348
2018-12-05 11:30:00,60.3,84.1,53.89,57.769587493866055,72.54884487195545,75.88145
2018-12-05 11:45:00,53.21,63.86,63.94,56.159846392941105,70.8086418973348,67.47648
2018-12-05 12:00:00,40.97,49.86,51.77,48.005779607402545,61.99704569584757,56.252285
2018-12-05 12:15:00,10.69,6.91,8.5,14.590465420683678,9.068215083190648,9.58984
2018-12-05 12:30:00,9.43,7.38,6.98,14.263613125031181,7.51351363236354,7.4650874
2018-12-05 12:45:00,10.33,6.62,7.42,14.856862961959514,7.553022958717409,7.1881714
2018-12-05 13:00:00,26.68,6.55,8.28,16.427110374665148,7.284115246687456,7.316989
2018-12-05 13:15:00,43.34,32.51,60.88,43.228695681592825,38.527493100387964,41.282715
2018-12-05 13:30:00,46.51,57.28,71.89,55.00998231223163,71.31814976893851,66.40134
2018-12-05 13:45:00,50.44,55.51,79.24,57.88492898505267,72.08142142304867,62.661465
2018-12-05 14:00:00,63.4,56.12,58.39,52.08194272189161,69.33334028539682,66.67572
2018-12-05 14:15:00,54.36,58.82,84.46,61.369222556043454,70.9333465178366,66.42558
2018-12-05 14:30:00,61.52,52.88,62.39,52.31817305395498,68.71858962600497,61.681705
2018-12-05 14:45:00,58.93,53.46,92.81,62.552845058343536,70.84801862215214,67.19033
2018-12-05 15:00:00,85.46,62.96,98.53,66.29726857249584,71.17994483488131,68.27798
2018-12-05 15:15:00,109.3,64.62,105.91,69.38191044805066,71.59531346469566,71.93574
2018-12-05 15:30:00,87.16,60.01,96.91,65.00496053020456,71.0657604461274,65.64485
2018-12-05 15:45:00,96.01,55.66,65.66,55.25587981020391,69.33135726654156,65.53879
2018-12-05 16:00:00,105.91,53.82,73.44,56.10874089044849,69.94443069624101,64.93777
2018-12-05 16:15:00,68.18,71.86,100.84,69.60770601798268,72.54322678592524,71.39896
2018-12-05 16:30:00,64.91,60.73,97.63,65.18935524653915,71.60027070834262,69.35388
2018-12-05 16:45:00,56.05,68.22,83.3,62.45377805721775,73.46681769317803,69.336334
2018-12-05 17:00:00,62.96,80.46,111.78,75.19912492990719,73.91725262159092,75.20655
2018-12-05 17:15:00,47.12,61.52,83.74,60.30594640157288,72.29548580887037,67.834526
2018-12-05 17:30:00,44.57,71.1,90.11,64.1582975127569,72.34947588647483,63.714725
2018-12-05 17:45:00,44.24,35.21,37.91,34.11976915237642,37.77981585642862,39.92643
2018-12-05 18:00:00,27.32,30.31,31.68,29.25806577345022,31.33252565788817,32.049126
2018-12-05 18:15:00,5.87,43.56,35.17,35.74505890687756,34.703068885728925,32.022503
2018-12-05 18:30:00,5.36,40.97,60.73,44.21788866335261,41.16266230348349,35.494923
2018-12-05 18:45:00,5.47,38.56,50.44,41.770748770742614,31.038124729266087,39.284515
2018-12-05 19:00:00,5.58,41.65,62.21,45.72897835934749,45.01048733227224,41.1487
2018-12-05 19:15:00,5.58,49.07,50.65,42.00024602737407,26.362206248623032,33.53554
2018-12-05 19:30:00,5.47,40.46,54.07,41.553752423722756,43.68510077732212,38.692764
2018-12-05 19:45:00,5.44,48.64,40.86,39.87972199418368,32.46603098949749,34.442616
2018-12-05 20:00:00,5.44,49.75,50.8,40.717092236447286,32.91771332851941,31.328941
2018-12-05 20:15:00,5.44,48.89,49.82,40.76048642716928,29.128997080013917,35.19555
2018-12-05 20:30:00,5.51,37.84,41.44,35.83418730995449,37.84839533962872,32.515705
2018-12-05 20:45:00,5.44,30.67,20.45,25.258810269882435,31.31880623012358,23.115637
2018-12-05 21:00:00,4.82,5.08,8.86,10.748488710289603,24.09008774950854,12.648042
2018-12-05 21:15:00,4.28,5.69,6.34,6.199469231269543,9.58972566768641,5.547917
2018-12-05 21:30:00,4.25,5.44,5.54,5.852948733390416,6.74114054878402,5.3489113
2018-12-05 21:45:00,4.28,5.4,5.54,6.801808324280252,6.974298272846797,4.9105105
2018-12-05 22:00:00,4.36,5.44,5.54,5.849640501294832,6.791453092953074,4.7295895
2018-12-05 22:15:00,4.03,5.26,5.18,5.590764892297653,6.702944047935077,4.683442
2018-12-05 22:30:00,4.0,4.64,5.22,5.237744149122943,7.145035037106784,6.3144298
2018-12-05 22:45:00,4.03,3.92,5.15,5.040019057360087,6.7951077140401095,4.400403
2018-12-05 23:00:00,4.0,3.96,5.11,4.087100308171038,6.586426743651116,4.3405013
2018-12-05 23:15:00,4.0,3.92,5.11,4.072802674570475,4.649827879271433,4.1483517
2018-12-05 23:30:00,3.92,3.85,4.61,3.907539784031723,4.679013279434392,4.166977
2018-12-05 23:45:00,4.0,3.89,3.92,3.7116033192547953,5.0816019701534625,4.1317296
2018-12-06 00:00:00,4.0,3.96,4.07,4.956644126751719,5.74650939629853,4.2110963
2018-12-06 00:15:00,3.96,3.89,3.89,4.9441158507588625,4.301822316599358,4.1368704
2018-12-06 00:30:00,4.79,3.92,4.03,5.051943753650686,5.389821021967952,4.247976
2018-12-06 00:45:00,5.18,3.89,4.0,5.123679247460519,5.558848955343893,4.218198
2018-12-06 01:00:00,4.03,3.96,4.0,4.443124463904848,5.591019637204192,4.1388245
2018-12-06 01:15:00,3.92,3.78,4.0,4.690252085306351,4.347164398334015,4.1792006
2018-12-06 01:30:00,4.0,3.85,4.0,4.9478826508430735,4.342396203733061,4.145203
2018-12-06 01:45:00,3.92,3.82,4.1,4.9545073762606116,5.516533268135909,4.139369
2018-12-06 02:00:00,4.07,3.82,4.0,4.289743779864114,4.5041240566507,4.0100613
2018-12-06 02:15:00,3.46,3.85,3.96,4.547688361540178,4.507322924934203,4.0405273
2018-12-06 02:30:00,3.28,4.64,4.03,5.028677733117803,4.611381232372519,4.4300694
2018-12-06 02:45:00,3.38,4.86,4.03,5.39142889776452,6.439897176641629,4.658366
2018-12-06 03:00:00,3.31,3.82,4.79,4.90109418043804,5.93036909550867,4.738482
2018-12-06 03:15:00,3.35,3.49,5.15,5.324526659653078,5.147814711414099,4.3425536
2018-12-06 03:30:00,3.35,3.13,4.18,5.3545585154950395,4.200166201076659,3.9363244
2018-12-06 03:45:00,3.38,3.2,4.0,5.696800305665022,3.6321660268201117,3.5808291
2018-12-06 04:00:00,3.42,3.13,4.0,5.248039837191676,3.6166571754675236,2.8038297
2018-12-06 04:15:00,3.31,3.1,4.07,5.763811613724986,3.643197994164104,3.6110134
2018-12-06 04:30:00,4.61,3.17,3.71,6.18750597939415,4.0991419562588325,3.667315
2018-12-06 04:45:00,5.04,3.06,3.35,6.618009529817908,3.89047343328208,3.4820044
2018-12-06 05:00:00,4.07,3.17,3.35,6.252701902519508,3.8983979453593967,3.4872646
2018-12-06 05:15:00,3.71,3.06,3.38,6.699475688812452,3.707907805192733,3.3901079
2018-12-06 05:30:00,3.31,3.1,3.46,7.247519689008538,3.819412504324618,3.3818226
2018-12-06 05:45:00,3.31,3.02,3.38,7.749501743475843,3.8152605182682344,3.4303367
2018-12-06 06:00:00,3.38,3.1,3.38,7.455045360536527,3.5730903046581104,3.369626
2018-12-06 06:15:00,3.31,3.02,3.35,7.772266993724745,3.7399303804923374,3.193959
2018-12-06 06:30:00,3.28,4.61,3.31,8.68999926025461,4.837692892736623,4.4171824
2018-12-06 06:45:00,3.31,4.9,3.71,9.400890338679876,5.585873249923284,5.236195
2018-12-06 07:00:00,3.24,3.85,4.68,9.130368341081851,4.918923760576246,3.8245566
2018-12-06 07:15:00,3.28,3.49,3.89,9.447945124448669,5.578353056357729,3.7396116
2018-12-06 07:30:00,3.46,3.2,4.25,10.156909124828143,4.491548208254067,3.790305
2018-12-06 07:45:00,4.21,4.32,5.62,11.461817296264417,4.749317985095446,4.4604645
2018-12-06 08:00:00,6.44,4.72,5.69,11.314378350355863,5.340734799893725,4.8823876
2018-12-06 08:15:00,32.29,27.65,41.58,32.27712357944825,37.42393651797265,34.692677
2018-12-06 08:30:00,64.98,61.56,73.98,54.339519262282494,65.14978220215269,62.69757
2018-12-06 08:45:00,60.84,57.71,88.06,58.60443117341269,64.99981121676318,62.803947
2018-12-06 09:00:00,59.87,57.82,100.58,64.65731804815017,64.83032345541687,63.113373
2018-12-06 09:15:00,67.0,68.08,82.08,62.55480670344919,65.50846343945332,67.98601
2018-12-06 09:30:00,71.17,64.08,102.82,66.28214880566196,64.87345193899071,64.496994
2018-12-06 09:45:00,76.86,64.76,128.41,76.28848572645082,65.32108848570859,68.10461
2018-12-06 10:00:00,66.67,62.68,104.26,67.31914580082632,65.30723600553489,66.432045
2018-12-06 10:15:00,63.18,49.28,104.9,63.02056770864941,64.67557524289373,60.58556
2018-12-06 10:30:00,68.87,56.52,116.71,69.97510578200696,64.44666356171598,65.29395
2018-12-06 10:45:00,71.06,59.04,93.02,64.94314850501583,64.30104422036126,62.76716
2018-12-06 11:00:00,62.78,66.85,56.05,54.86555577021602,64.23259328096077,64.67827
2018-12-06 11:15:00,60.88,68.83,55.55,56.76701374870754,65.29483069765554,69.59045
2018-12-06 11:30:00,74.45,60.3,57.35,54.74119945911174,65.06295012313814,71.34848
2018-12-06 11:45:00,67.82,53.21,64.58,54.0748280052309,64.30150997453586,65.18496
2018-12-06 12:00:00,69.26,40.97,46.01,44.44099556838412,49.379701832995764,54.21634
2018-12-06 12:15:00,9.94,10.69,9.36,17.368403817060546,8.82816372760394,8.593665
2018-12-06 12:30:00,6.88,9.43,6.84,16.209254352770902,7.035120335330168,8.052387
2018-12-06 12:45:00,7.02,10.33,6.19,16.985369997585707,6.732087546921509,7.403725
2018-12-06 13:00:00,6.95,26.68,6.34,22.830622277993662,8.24224366625554,7.586609
2018-12-06 13:15:00,35.78,43.34,40.21,40.360790455069235,44.52622290469574,37.728573
2018-12-06 13:30:00,61.78,46.51,62.24,50.66026119152632,64.30282599429056,60.386692
2018-12-06 13:45:00,60.8,50.44,77.36,55.83882201760126,64.33792739300658,59.94972
2018-12-06 14:00:00,71.78,63.4,64.76,56.751888942314636,64.86010916985865,63.893322
2018-12-06 14:15:00,72.11,54.36,57.28,52.602457827631255,64.29635876586282,63.9869
2018-12-06 14:30:00,68.22,61.52,50.54,51.89332204688648,64.34637730487569,60.98118
2018-12-06 14:45:00,73.44,58.93,59.51,54.88621567353353,64.54991875759764,63.29332
2018-12-06 15:00:00,56.88,85.46,57.46,60.19911715955298,65.60694719342688,67.44777
2018-12-06 15:15:00,50.29,109.3,59.69,66.65592838465062,65.23542270897934,65.72741
2018-12-06 15:30:00,48.78,87.16,57.67,59.4236101411721,65.68500152933107,63.97794
2018-12-06 15:45:00,48.96,96.01,66.2,65.77587391844051,65.14794493251605,63.099335
2018-12-06 16:00:00,49.97,105.91,63.5,67.94280106883414,65.16595547406934,64.59191
2018-12-06 16:15:00,62.28,68.18,50.36,55.318086807854144,64.92570315732239,63.10525
2018-12-06 16:30:00,47.95,64.91,70.24,56.657657398285906,64.55777561187875,61.570274
2018-12-06 16:45:00,57.35,56.05,59.22,51.24593392161734,64.36416961267278,60.701546
2018-12-06 17:00:00,47.77,62.96,56.88,55.9921718999501,64.18470476795476,60.510147
2018-12-06 17:15:00,48.6,47.12,59.8,49.60515212774598,63.47524522836598,56.55757
2018-12-06 17:30:00,57.46,44.57,51.7,46.10369731994837,63.32229581587383,57.14764
2018-12-06 17:45:00,31.86,44.24,33.59,36.101004081643964,37.55065913990834,34.322945
2018-12-06 18:00:00,31.61,27.32,33.05,29.4631341931966,35.032528544163206,33.375946
2018-12-06 18:15:00,36.61,5.87,43.99,29.275532019584897,36.10424969585737,40.30016
2018-12-06 18:30:00,40.07,5.36,46.91,30.682319384709242,37.58146466294649,45.352364
2018-12-06 18:45:00,37.87,5.47,59.83,35.84475512971476,36.323933016382576,44.819942
2018-12-06 19:00:00,47.23,5.58,51.88,33.63560108589498,38.74452832356695,48.705177
2018-12-06 19:15:00,53.03,5.58,39.89,29.286447725445772,38.76570317495733,46.597664
2018-12-06 19:30:00,38.63,5.47,39.49,29.37820386021258,36.413727667149416,45.373558
2018-12-06 19:45:00,37.51,5.44,63.5,35.50704935729489,45.827614623876244,49.33383
2018-12-06 20:00:00,38.3,5.44,40.57,27.752319869956416,38.80113993313289,45.548046
2018-12-06 20:15:00,54.36,5.44,39.82,28.192607715925885,41.699381807105574,49.28662
2018-12-06 20:30:00,38.84,5.51,54.07,31.71812463397246,37.4909367319137,46.09445
2018-12-06 20:45:00,27.72,5.44,33.41,23.914345564316143,40.15074717729881,37.106457
2018-12-06 21:00:00,8.86,4.82,27.68,16.773590915126416,22.344143394176573,10.941224
2018-12-06 21:15:00,5.51,4.28,5.72,7.0844438055313255,9.740887551353964,6.2232704
2018-12-06 21:30:00,5.58,4.25,5.69,6.666102268317754,7.29873599217114,4.8205357
2018-12-06 21:45:00,5.62,4.28,5.65,6.5147901533564685,7.1239122578280485,4.7921815
2018-12-06 22:00:00,5.54,4.36,4.61,5.295096090752136,6.291148097385254,4.776142
2018-12-06 22:15:00,5.26,4.03,4.21,5.026664436712043,6.10978542403465,4.483666
2018-12-06 22:30:00,5.22,4.0,4.14,4.785825192544845,5.1876045114401315,4.3299565
2018-12-06 22:45:00,5.26,4.03,4.18,4.775864692903301,4.558804037482194,4.072144
2018-12-06 23:00:00,4.18,4.0,4.03,3.7840907845153957,4.658434055168396,4.2053943
2018-12-06 23:15:00,3.96,4.0,4.03,3.7563187025392892,4.588332090756106,4.6167803
2018-12-06 23:30:00,4.0,3.92,3.96,3.6927133609074403,4.333617183536413,4.0348244
2018-12-06 23:45:00,4.0,4.0,4.0,3.7385111576342247,4.475254388887472,4.022307
2018-12-07 00:00:00,4.03,4.0,3.96,4.937770791286791,6.254659394062054,4.177339
2018-12-07 00:15:00,3.96,3.96,4.07,5.02312788711119,4.097894747900577,4.064315
2018-12-07 00:30:00,4.03,4.79,4.0,5.269473129988725,4.510410614624084,4.689473
2018-12-07 00:45:00,4.03,5.18,4.0,5.466288615483524,6.325583774399719,4.56045
2018-12-07 01:00:00,4.0,4.03,4.0,4.4310187978768205,7.606734624062418,4.066658
2018-12-07 01:15:00,4.03,3.92,4.97,4.929376895920729,5.64833122804724,4.0881853
2018-12-07 01:30:00,4.03,4.0,5.18,5.2508714062512,4.824759529152414,4.2006254
2018-12-07 01:45:00,4.03,3.92,4.0,4.966969376799149,5.207227857130785,3.977293
2018-12-07 02:00:00,4.1,4.07,4.0,4.328834082847308,4.107836207788906,3.9184787
2018-12-07 02:15:00,4.0,3.46,4.1,4.439329291202544,4.547927773408434,3.6890879
2018-12-07 02:30:00,4.72,3.28,4.1,4.720062119559781,3.9039318407822026,3.666457
2018-12-07 02:45:00,4.79,3.38,4.07,5.068662205711721,3.8948547052632487,3.8596187
2018-12-07 03:00:00,4.14,3.31,3.85,4.567367082380887,3.8433189646997605,3.58686
2018-12-07 03:15:00,4.07,3.35,3.46,4.819819524092107,3.8493626711664692,3.6133351
2018-12-07 03:30:00,4.03,3.35,3.42,5.015834591439816,3.5378653615080764,3.3978927
2018-12-07 03:45:00,4.0,3.38,3.46,5.365047956815189,3.533737582020653,3.345675
2018-12-07 04:00:00,3.42,3.42,3.42,4.910719998301154,3.667705874381776,3.3206782
2018-12-07 04:15:00,3.49,3.31,3.42,5.367215357567371,3.5362629438438686,3.3651905
2018-12-07 04:30:00,3.46,4.61,3.46,6.199257506964489,4.451891995032167,3.9222753
2018-12-07 04:45:00,3.38,5.04,3.46,6.820018142782903,4.512522951098439,3.7766583
2018-12-07 05:00:00,3.42,4.07,3.46,6.18656649462589,5.48195876496958,3.837215
2018-12-07 05:15:00,3.42,3.71,3.46,6.587459667860752,6.45191825634328,3.9647698
2018-12-07 05:30:00,3.74,3.31,3.92,7.118870356187397,4.765828926530212,3.6484785
2018-12-07 05:45:00,4.07,3.31,4.93,7.861013880663968,4.05210432252476,3.417197
2018-12-07 06:00:00,3.49,3.38,5.11,7.5895531132485665,3.652619437355167,3.2689528
2018-12-07 06:15:00,3.42,3.31,3.67,7.504407427218716,3.771081005185612,3.4921558
2018-12-07 06:30:00,3.64,3.28,3.42,8.06486631158192,3.831494119160969,3.402212
2018-12-07 06:45:00,4.1,3.31,3.31,8.60571710664988,3.7081116760732926,3.4172857
2018-12-07 07:00:00,4.0,3.24,3.35,8.239612797054676,3.52309820519545,3.2568357
2018-12-07 07:15:00,4.0,3.28,3.28,8.886592754599132,3.8583067215814504,3.3685548
2018-12-07 07:30:00,3.82,3.46,3.74,9.705706926900536,4.016710569182937,3.8118873
2018-12-07 07:45:00,4.54,4.21,5.22,10.82499589548058,4.130226265970695,4.388617
2018-12-07 08:00:00,4.79,6.44,5.33,11.169845139352223,5.448310693375245,4.8539386
2018-12-07 08:15:00,47.66,32.29,35.57,30.730250749697397,35.189277436375605,34.82744
2018-12-07 08:30:00,60.19,64.98,62.71,51.42534100634052,74.63757224181839,65.44737
2018-12-07 08:45:00,60.19,60.84,63.18,51.96781944055496,74.92723888133577,66.11426
2018-12-07 09:00:00,53.32,59.87,68.11,55.25169820958231,74.7420527914062,69.22737
2018-12-07 09:15:00,58.86,67.0,51.48,54.366700674098624,76.18035319282286,71.3376
2018-12-07 09:30:00,49.5,71.17,57.67,54.92245148707187,76.0425713003263,71.6167
2018-12-07 09:45:00,48.42,76.86,59.26,58.01964470321709,75.45135456738191,71.953964
2018-12-07 10:00:00,62.78,66.67,63.22,55.42690257006818,75.23424051254307,69.31399
2018-12-07 10:15:00,48.02,63.18,49.21,49.87204679071489,73.17231813767472,65.255165
2018-12-07 10:30:00,46.22,68.87,60.34,55.57872307314463,74.30788224759586,68.929665
2018-12-07 10:45:00,57.46,71.06,73.26,61.91283582738468,75.00913052606771,72.1008
2018-12-07 11:00:00,48.78,62.78,60.34,55.51282984073876,73.9600755414811,69.09497
2018-12-07 11:15:00,47.02,60.88,69.62,58.28095132443937,73.95507021406867,69.36866
2018-12-07 11:30:00,58.0,74.45,54.18,58.583591571413635,74.6820757393389,70.25114
2018-12-07 11:45:00,51.48,67.82,49.32,54.02403477130521,73.95890917965006,68.72527
2018-12-07 12:00:00,44.28,69.26,61.06,56.51827741669288,51.62929509664851,58.63752
2018-12-07 12:15:00,26.6,9.94,5.65,15.585101447237442,7.6437522327404634,11.371773
2018-12-07 12:30:00,12.49,6.88,6.34,14.238539380900644,6.485657117355268,7.786373
2018-12-07 12:45:00,9.79,7.02,6.48,14.668030928192705,6.3615991016198,7.467903
2018-12-07 13:00:00,10.76,6.95,6.41,18.525229715061137,6.91216541489867,7.5511065
2018-12-07 13:15:00,44.06,35.78,41.76,38.24872355442044,40.98230451906846,38.29761
2018-12-07 13:30:00,49.82,61.78,62.96,53.01029045414906,72.33968779578741,63.167847
2018-12-07 13:45:00,54.36,60.8,50.72,49.357721214875646,70.59555652605437,60.86168
2018-12-07 14:00:00,55.98,71.78,48.24,54.185570663336776,74.20942667727488,66.89311
2018-12-07 14:15:00,56.48,72.11,50.29,56.35852752452314,74.98163881612686,68.76623
2018-12-07 14:30:00,47.41,68.22,51.77,54.66074282123175,73.94817823667307,66.28286
2018-12-07 14:45:00,47.95,73.44,52.96,57.205604713809535,75.70767434515993,71.42329
2018-12-07 15:00:00,58.86,56.88,44.71,51.41158378897336,73.10094701488765,66.54801
2018-12-07 15:15:00,50.08,50.29,51.19,52.42793129207129,71.9740642006846,64.05918
2018-12-07 15:30:00,51.88,48.78,42.77,47.642253965768056,70.08640716071972,59.463356
2018-12-07 15:45:00,53.82,48.96,41.72,48.2519992500361,70.17852164394951,58.545574
2018-12-07 16:00:00,49.9,49.97,45.72,50.988575726267214,72.657092253241,63.285038
2018-12-07 16:15:00,57.1,62.28,67.68,59.94655282234784,72.97140825496663,65.60156
2018-12-07 16:30:00,50.33,47.95,44.75,47.38881361945084,69.43364805907859,62.299324
2018-12-07 16:45:00,68.54,57.35,48.28,51.43020525852842,71.41553006214991,66.52195
2018-12-07 17:00:00,60.12,47.77,66.13,55.761016331418745,73.37579354026559,69.52052
2018-12-07 17:15:00,72.11,48.6,44.42,47.34299794156483,67.72781265158474,61.30377
2018-12-07 17:30:00,46.33,57.46,49.43,50.93400378178177,70.1261230118203,65.08487
2018-12-07 17:45:00,34.16,31.86,28.8,32.985218821739444,33.06105855175023,37.46868
2018-12-07 18:00:00,30.35,31.61,28.66,30.207961277979255,31.782893927532736,33.27345
2018-12-07 18:15:00,42.48,36.61,42.84,37.74408288365637,37.20266019909127,40.74295
2018-12-07 18:30:00,52.85,40.07,50.54,42.02649772706237,44.64759408633748,49.526775
2018-12-07 18:45:00,58.97,37.87,45.61,40.779246317030974,41.02652951252999,49.06294
2018-12-07 19:00:00,57.17,47.23,63.11,46.88339617244134,45.94616105096287,53.062317
2018-12-07 19:15:00,44.39,53.03,44.96,43.902780637026616,51.70756939308328,57.59867
2018-12-07 19:30:00,47.84,38.63,66.46,44.62285466405086,47.19235208928142,50.23209
2018-12-07 19:45:00,54.07,37.51,45.61,38.85897334311438,39.51857047721678,46.934185
2018-12-07 20:00:00,43.38,38.3,38.09,36.4116538474249,41.326438315320196,49.848526
2018-12-07 20:15:00,57.64,54.36,54.79,45.51881594747472,52.630205119197754,58.70098
2018-12-07 20:30:00,41.72,38.84,52.63,39.087694965667374,46.67772313864448,51.64604
2018-12-07 20:45:00,31.9,27.72,37.91,30.818477887512064,28.426276681184373,38.574474
2018-12-07 21:00:00,19.69,8.86,9.14,11.565461577435045,10.745837135658277,13.405438
2018-12-07 21:15:00,5.62,5.51,5.69,7.410736080298278,8.058303462908706,7.2855406
2018-12-07 21:30:00,5.62,5.58,5.58,7.31816216172037,6.171597654859429,5.6825933
2018-12-07 21:45:00,5.15,5.62,5.47,7.914143854725477,5.999014549183074,5.762217
2018-12-07 22:00:00,4.28,5.54,5.44,7.060903585526081,5.942929560281708,5.1726217
2018-12-07 22:15:00,4.0,5.26,5.22,6.814818963272426,5.9002608005501855,5.390827
2018-12-07 22:30:00,4.07,5.22,5.18,6.585160938128695,5.829466849017493,5.5117426
2018-12-07 22:45:00,4.03,5.26,5.11,6.575316442098686,6.938485210439576,5.5596485
2018-12-07 23:00:00,4.0,4.18,3.92,4.992057220942147,6.2635281379790655,5.715824
2018-12-07 23:15:00,3.96,3.96,3.92,4.881555865277022,6.3680509624285495,4.7389903
2018-12-07 23:30:00,4.03,4.0,3.89,4.861757700814376,5.853752402236466,4.6309566
2018-12-07 23:45:00,4.0,4.0,3.82,4.906922429489921,4.323374797474605,4.2474866
2018-12-08 00:00:00,3.78,4.03,3.35,-6.483714789503605,5.4651260416183725,4.0578704
2018-12-08 00:15:00,4.0,3.96,3.89,-6.314000454815488,3.841980096702426,4.1262546
2018-12-08 00:30:00,3.96,4.03,3.85,-6.204369075990979,3.787536465819656,4.14716
2018-12-08 00:45:00,4.0,4.03,3.89,-6.075937100488435,3.940942843251627,4.1370254
2018-12-08 01:00:00,4.0,4.0,3.89,-6.845531293188518,5.078509655831778,4.098964
2018-12-08 01:15:00,5.15,4.03,4.03,-6.5794550539025956,3.752613111276909,4.1266856
2018-12-08 01:30:00,4.79,4.03,3.89,-6.349031505091535,3.7782075533598336,4.1462665
2018-12-08 01:45:00,3.96,4.03,3.92,-6.313571933838116,4.449255513227488,4.189965
2018-12-08 02:00:00,3.96,4.1,3.92,-6.963674751995033,3.97271962455345,4.126718
2018-12-08 02:15:00,4.1,4.0,3.96,-6.739327084608082,4.071757798926721,3.9760396
2018-12-08 02:30:00,4.0,4.72,4.03,-6.167369515911748,4.867000125637011,4.6922255
2018-12-08 02:45:00,4.0,4.79,4.14,-5.798538845511533,5.315724573556145,4.970155
2018-12-08 03:00:00,4.0,4.14,5.08,-6.26542864424535,5.2704372988549135,6.308194
2018-12-08 03:15:00,3.96,4.07,4.72,-6.036800405975956,5.379133754616563,5.1264296
2018-12-08 03:30:00,3.64,4.03,3.96,-6.000724120435255,5.506758581469765,4.6475887
2018-12-08 03:45:00,3.38,4.0,3.92,-5.649188036762556,4.313653044552038,4.7219777
2018-12-08 04:00:00,3.31,3.42,3.35,-6.427668073990585,4.159395742254429,4.1597905
2018-12-08 04:15:00,3.35,3.49,3.28,-5.949029292066758,3.954752720393062,4.0182843
2018-12-08 04:30:00,3.35,3.46,3.35,-5.367691745399899,3.4537986985529345,3.9547794
2018-12-08 04:45:00,3.42,3.38,3.24,-4.853281762640616,3.4852195252500247,4.063276
2018-12-08 05:00:00,3.49,3.42,3.31,-5.246245691162056,3.4427608403678702,3.960815
2018-12-08 05:15:00,4.0,3.42,3.31,-4.781079422187762,3.421404586905631,3.955973
2018-12-08 05:30:00,3.53,3.74,3.28,-4.196802950057094,3.4799422266458806,3.8845987
2018-12-08 05:45:00,3.35,4.07,3.28,-3.743455980218709,3.5708027519651893,3.954262
2018-12-08 06:00:00,3.38,3.49,3.2,-4.329273708572675,3.9378379702444524,3.9730082
2018-12-08 06:15:00,4.03,3.42,3.46,-3.7558540791804838,4.222793785877196,4.0176654
2018-12-08 06:30:00,4.03,3.64,4.03,-2.8914445341069417,3.8187626719778907,3.9702914
2018-12-08 06:45:00,4.0,4.1,3.89,-2.2416163775492315,3.9141342138337314,4.1877036
2018-12-08 07:00:00,3.78,4.0,3.89,-2.663142431767856,4.430128044744328,5.281612
2018-12-08 07:15:00,3.35,4.0,4.46,-1.9553101639314079,4.109914853143949,5.1962132
2018-12-08 07:30:00,3.31,3.82,3.67,-1.4808359982801953,3.7781852368537043,4.905845
2018-12-08 07:45:00,3.53,4.54,3.46,-0.7779459430069089,3.8437093792747588,5.4159803
2018-12-08 08:00:00,3.67,4.79,3.46,-0.8158762282777658,5.508425969894752,5.717491
2018-12-08 08:15:00,29.23,47.66,3.71,15.363633781019503,37.02773281130755,29.831192
2018-12-08 08:30:00,38.16,60.19,4.72,25.80428103549791,47.00726584549564,37.27405
2018-12-08 08:45:00,33.08,60.19,4.46,27.27996599562634,47.52516590985178,32.19749
2018-12-08 09:00:00,51.52,53.32,5.22,28.279694913836785,47.652197663492515,38.497658
2018-12-08 09:15:00,47.77,58.86,28.58,36.441220909080954,49.078127921796685,45.0952
2018-12-08 09:30:00,42.05,49.5,30.56,32.178166515795006,47.24483572301992,40.747368
2018-12-08 09:45:00,32.4,48.42,28.08,32.825897312805694,52.70804437621802,43.60334
2018-12-08 10:00:00,31.43,62.78,28.58,34.70830716975367,52.48509151390777,44.840572
2018-12-08 10:15:00,31.57,48.02,28.73,29.71517167326989,51.52751986623916,40.091988
2018-12-08 10:30:00,31.43,46.22,29.56,30.683174123594664,52.13782300474772,39.44964
2018-12-08 10:45:00,47.66,57.46,30.06,35.579604481815394,54.787680104026585,44.22866
2018-12-08 11:00:00,49.28,48.78,29.2,33.089695868289056,53.03864311148777,38.53783
2018-12-08 11:15:00,38.16,47.02,27.94,32.93243049089985,52.899989829479345,38.2143
2018-12-08 11:30:00,44.14,58.0,27.94,37.17236774368599,56.71665567495181,43.87641
2018-12-08 11:45:00,38.27,51.48,25.63,33.10234576716358,53.64807567478862,34.458866
2018-12-08 12:00:00,22.46,44.28,3.64,23.955428786727097,52.34405551154116,27.43694
2018-12-08 12:15:00,3.92,26.6,3.85,10.521858700636432,15.05161692933322,7.399439
2018-12-08 12:30:00,4.57,12.49,3.71,5.267219802882369,5.886948891131213,5.794377
2018-12-08 12:45:00,5.36,9.79,3.74,4.709780422997337,5.467791025932281,5.914079
2018-12-08 13:00:00,6.08,10.76,3.71,7.145776694646106,6.729626960558395,5.1920676
2018-12-08 13:15:00,34.09,44.06,11.3,21.63655108833029,44.06175853472025,26.55706
2018-12-08 13:30:00,55.69,49.82,27.29,29.7562479338486,50.87481880154933,33.555458
2018-12-08 13:45:00,40.61,54.36,26.86,31.337878455014152,51.66603174203478,34.985405
2018-12-08 14:00:00,50.51,55.98,25.31,34.81696843245939,58.42602074984466,37.62572
2018-12-08 14:15:00,37.98,56.48,26.21,35.542358492018685,58.60185555781444,37.902645
2018-12-08 14:30:00,48.89,47.41,26.28,31.950751934630333,54.77869885980621,35.799007
2018-12-08 14:45:00,37.73,47.95,18.68,31.095560913945544,55.44961718329442,36.425465
2018-12-08 15:00:00,40.03,58.86,5.18,32.62115868569043,57.23646740759653,37.264526
2018-12-08 15:15:00,43.67,50.08,5.08,32.34782600712013,54.89003405576988,38.78261
2018-12-08 15:30:00,46.15,51.88,4.75,30.27451628203657,54.964675900936975,36.05035
2018-12-08 15:45:00,49.68,53.82,4.75,31.497430475220344,55.15629113398007,35.485985
2018-12-08 16:00:00,49.32,49.9,4.72,31.154166972218277,55.82368389045959,35.667995
2018-12-08 16:15:00,49.46,57.1,4.64,32.14325514974138,58.38023820981512,35.326904
2018-12-08 16:30:00,49.54,50.33,4.72,27.7362789795614,54.40757619934228,32.609196
2018-12-08 16:45:00,34.63,68.54,4.68,32.75058733945847,56.613295417555555,29.888145
2018-12-08 17:00:00,27.0,60.12,4.64,32.12957471979515,17.786592035342117,14.972156
2018-12-08 17:15:00,9.9,72.11,4.79,32.66616630490928,5.0500086575885526,11.756819
2018-12-08 17:30:00,5.22,46.33,4.75,25.062438664593323,4.339296396975478,7.990705
2018-12-08 17:45:00,5.29,34.16,4.72,15.73754482157902,4.185814171324508,8.742119
2018-12-08 18:00:00,5.22,30.35,4.68,11.480660433198839,4.455247444068641,7.1638923
2018-12-08 18:15:00,5.18,42.48,5.76,17.5772361168167,4.449608760438584,8.227354
2018-12-08 18:30:00,5.15,52.85,5.4,20.596358846025023,4.468162457906205,7.3616266
2018-12-08 18:45:00,5.33,58.97,4.79,23.181634939264264,4.189315338728092,11.262919
2018-12-08 19:00:00,5.15,57.17,4.79,21.656824689653558,4.197299183656324,9.482597
2018-12-08 19:15:00,4.1,44.39,4.79,19.337757315882357,4.218507482886834,8.9056835
2018-12-08 19:30:00,4.14,47.84,4.79,17.864766406991837,4.169981409377716,8.424305
2018-12-08 19:45:00,4.1,54.07,4.9,20.592361454862584,4.27089861763252,8.627751
2018-12-08 20:00:00,4.14,43.38,4.75,17.311314569279013,4.144281503899346,8.102019
2018-12-08 20:15:00,4.1,57.64,4.79,21.496238359519886,4.191670884608518,9.908063
2018-12-08 20:30:00,4.03,41.72,4.75,14.805538014560266,4.134012052893557,7.893737
2018-12-08 20:45:00,4.14,31.9,4.82,10.684514156274357,4.201571364992408,7.197164
2018-12-08 21:00:00,4.1,19.69,4.82,1.5096056506351587,8.296840040680756,4.766033
2018-12-08 21:15:00,4.14,5.62,4.75,-5.1712920480352516,6.367523147117101,4.3162313
2018-12-08 21:30:00,4.1,5.62,4.79,-5.478264855652075,5.3806551160960305,4.449802
2018-12-08 21:45:00,4.14,5.15,4.79,-5.361376417935272,5.092362598052512,3.9615152
2018-12-08 22:00:00,4.1,4.28,4.9,-5.939111403108964,5.061676285059827,3.7465312
2018-12-08 22:15:00,3.82,4.0,5.76,-5.914687998964585,4.815742553915501,3.8292415
2018-12-08 22:30:00,3.89,4.07,4.61,-6.380542757656205,4.845761981952554,4.3421764
2018-12-08 22:45:00,5.0,4.03,3.42,-6.665567974662732,3.7247308730861333,3.462931
2018-12-08 23:00:00,4.75,4.0,3.42,-7.59267832825692,3.5793772358869758,3.4198081
2018-12-08 23:15:00,3.82,3.96,3.28,-7.671551260680548,3.7740105938433754,3.2513173
2018-12-08 23:30:00,3.71,4.03,3.38,-7.652534110944718,3.7178159502905843,3.6785567
2018-12-08 23:45:00,3.82,4.0,3.31,-7.655496375135339,3.680494854126975,3.5887048
2018-12-09 00:00:00,3.17,3.78,4.36,-11.616156833060746,4.2663571206576325,3.3920534
2018-12-09 00:15:00,3.74,4.0,3.35,-11.696650016909775,3.630823043411568,3.9070075
2018-12-09 00:30:00,3.74,3.96,3.35,-11.580325540214407,3.5103975953801174,3.9101658
2018-12-09 00:45:00,3.82,4.0,3.38,-11.434873812290167,3.52492526074599,3.8817084
2018-12-09 01:00:00,3.85,4.0,3.89,-12.10394903894954,4.840677149141832,3.9553268
2018-12-09 01:15:00,3.78,5.15,4.46,-11.477700653490135,4.934263907669924,4.598652
2018-12-09 01:30:00,3.82,4.79,4.43,-11.345870446717687,4.571988413779213,4.706849
2018-12-09 01:45:00,3.78,3.96,4.14,-11.593370689046768,5.942110916816165,4.0810933
2018-12-09 02:00:00,3.78,3.96,3.46,-12.406169868659251,4.9917009271339,3.7582371
2018-12-09 02:15:00,3.17,4.1,3.38,-12.149340551234157,4.037549253760156,3.6128805
2018-12-09 02:30:00,3.13,4.0,3.38,-11.745693629634015,3.4584930026834013,3.584389
2018-12-09 02:45:00,3.35,4.0,3.38,-11.412571812902659,3.5450480435021747,3.8781538
2018-12-09 03:00:00,3.67,4.0,4.32,-11.814895673286347,5.257202233479724,4.0690045
2018-12-09 03:15:00,3.02,3.96,4.64,-11.408046609549434,3.6598976932207945,3.8607981
2018-12-09 03:30:00,3.13,3.64,3.82,-11.405229170862324,3.6738570249972597,3.737997
2018-12-09 03:45:00,3.06,3.38,3.46,-11.220762953628427,3.848939321143097,3.3707905
2018-12-09 04:00:00,3.06,3.31,3.42,-11.65630941715045,3.500155264650275,3.2947094
2018-12-09 04:15:00,3.06,3.35,3.46,-11.148629884641142,3.3106517910998146,3.282982
2018-12-09 04:30:00,3.2,3.35,4.32,-10.335342820728915,3.525401506235052,3.3792315
2018-12-09 04:45:00,3.78,3.42,4.5,-9.739277501011276,3.444425428404296,3.356607
2018-12-09 05:00:00,3.78,3.49,4.54,-10.162986815969543,3.5251132545321364,3.2321508
2018-12-09 05:15:00,3.74,4.0,4.39,-9.638568697559595,3.721537771961102,3.4762964
2018-12-09 05:30:00,3.74,3.53,3.35,-9.462051453660724,3.289131760857832,3.2704678
2018-12-09 05:45:00,3.13,3.35,3.46,-9.090818500427172,3.4227904663361284,3.4130738
2018-12-09 06:00:00,3.74,3.38,3.35,-9.542722938379026,3.568784264439717,3.2505727
2018-12-09 06:15:00,3.56,4.03,3.42,-8.81110556971802,3.434206822450226,4.6151905
2018-12-09 06:30:00,3.1,4.03,3.42,-8.18592563537204,3.5974685222537435,3.5638537
2018-12-09 06:45:00,2.95,4.0,3.38,-7.608906075361315,3.421334715029691,3.4904678
2018-12-09 07:00:00,3.06,3.78,3.46,-8.008851454789284,3.878156619502953,3.871995
2018-12-09 07:15:00,3.02,3.35,3.38,-7.573487579538234,3.8026278828588107,3.2871912
2018-12-09 07:30:00,2.95,3.31,3.46,-6.810299280721306,3.415869239015974,3.7349586
2018-12-09 07:45:00,3.02,3.53,3.46,-6.137389482471942,3.3669024380523864,3.72574
2018-12-09 08:00:00,2.99,3.67,3.49,-6.128684479563798,3.465949033023967,3.9662201
2018-12-09 08:15:00,3.13,29.23,4.57,6.194910556184382,39.59515679220796,17.01686
2018-12-09 08:30:00,3.74,38.16,4.54,15.395205908096585,41.499941699607355,17.88553
2018-12-09 08:45:00,3.82,33.08,5.54,15.756428595129668,43.297989822921984,20.80108
2018-12-09 09:00:00,3.96,51.52,4.75,20.61083158679704,44.05658789323253,23.550007
2018-12-09 09:15:00,4.03,47.77,3.74,22.33216120929786,47.07153345134689,22.698906
2018-12-09 09:30:00,3.35,42.05,3.71,19.361633519363696,43.63716887203254,24.900717
2018-12-09 09:45:00,3.31,32.4,3.6,18.91936252660151,51.8380076007303,24.742626
2018-12-09 10:00:00,3.89,31.43,3.56,16.907403961936563,55.37094515452654,23.42648
2018-12-09 10:15:00,4.03,31.57,3.6,15.585058815526144,52.89367897015609,20.282291
2018-12-09 10:30:00,3.31,31.43,3.64,17.463543349806653,53.32016652676616,20.548775
2018-12-09 10:45:00,3.35,47.66,3.64,22.19985003564888,55.06444295640602,21.345352
2018-12-09 11:00:00,3.42,49.28,3.64,21.8838803139848,53.41325751806308,22.827822
2018-12-09 11:15:00,3.35,38.16,3.64,20.1388287835596,53.29797714878589,19.982065
2018-12-09 11:30:00,3.31,44.14,3.56,23.684848039334177,58.709298721428034,23.24885
2018-12-09 11:45:00,3.38,38.27,3.64,20.206851427493007,53.31412342981968,20.42058
2018-12-09 12:00:00,3.89,22.46,4.03,13.487441715844422,10.072217512227024,5.832118
2018-12-09 12:15:00,4.18,3.92,4.86,-0.43237010715242263,5.640347493634199,3.5408983
2018-12-09 12:30:00,4.1,4.57,4.75,-1.7408543273944055,5.406460738985452,3.6728907
2018-12-09 12:45:00,4.1,5.36,5.36,-0.7906254280425848,5.355664777968638,6.097679
2018-12-09 13:00:00,3.6,6.08,4.9,1.64280394198639,6.184512176356081,5.254504
2018-12-09 13:15:00,3.42,34.09,3.78,12.260260835954128,49.7750773766326,16.055145
2018-12-09 13:30:00,3.42,55.69,3.64,21.086818981018258,51.91612546925721,22.039337
2018-12-09 13:45:00,3.35,40.61,3.6,17.99663143607776,53.75405563883596,22.601286
2018-12-09 14:00:00,3.92,50.51,3.6,23.355256005105424,57.6566733560473,24.351555
2018-12-09 14:15:00,3.78,37.98,3.6,21.00633006021413,58.003923791523995,22.969425
2018-12-09 14:30:00,3.42,48.89,3.56,22.306501156357566,55.72901410929364,22.786392
2018-12-09 14:45:00,3.38,37.73,3.56,20.03079943263366,55.75454449250471,21.116991
2018-12-09 15:00:00,3.46,40.03,3.64,21.182782413711795,59.33720116822139,22.288223
2018-12-09 15:15:00,3.42,43.67,3.6,23.99648943570996,57.929600526321146,22.840334
2018-12-09 15:30:00,3.53,46.15,3.56,21.951464984417484,55.90910836369393,23.18236
2018-12-09 15:45:00,4.07,49.68,3.85,23.529601435955396,58.07538372415592,20.98368
2018-12-09 16:00:00,4.03,49.32,4.68,24.257570948633486,58.26134481946871,17.155159
2018-12-09 16:15:00,4.14,49.46,4.72,23.51357364567728,57.98871684063783,16.953423
2018-12-09 16:30:00,4.0,49.54,4.72,21.053822072791505,55.2815096181531,21.297989
2018-12-09 16:45:00,3.31,34.63,3.89,18.167832864725384,58.289650812419325,18.809612
2018-12-09 17:00:00,3.35,27.0,3.53,17.13124598263572,14.509575190998081,10.147487
2018-12-09 17:15:00,3.49,9.9,3.6,12.107781392653898,9.716918657537114,6.9859023
2018-12-09 17:30:00,4.1,5.22,3.6,10.423936996709248,4.384060651045673,6.001707
2018-12-09 17:45:00,3.64,5.29,3.74,4.140329847454463,4.332587360662793,6.9463882
2018-12-09 18:00:00,3.24,5.22,4.72,2.079788790959082,4.551067532414968,5.6854134
2018-12-09 18:15:00,3.28,5.18,3.89,4.293620280853528,4.377087065666074,5.1045523
2018-12-09 18:30:00,3.31,5.15,3.53,5.113161342303272,4.32875160532251,6.224738
2018-12-09 18:45:00,3.42,5.33,3.53,6.398071222442155,4.295361736189553,6.4348783
2018-12-09 19:00:00,3.64,5.15,3.56,4.802564769228944,4.221667513995157,6.351981
2018-12-09 19:15:00,4.07,4.1,3.67,5.364717651131297,4.095269871248586,5.9509797
2018-12-09 19:30:00,4.03,4.14,3.56,2.6569012832303223,4.296872361108755,5.657522
2018-12-09 19:45:00,4.03,4.1,4.39,3.8724962471377538,3.9595607056178794,4.416621
2018-12-09 20:00:00,4.0,4.14,4.72,3.232811093852728,4.249195282056649,6.334847
2018-12-09 20:15:00,3.31,4.1,4.68,4.585827890512576,4.040434246770881,5.6672244
2018-12-09 20:30:00,3.31,4.03,4.75,1.349652950000337,3.9009231724044926,6.1645217
2018-12-09 20:45:00,3.35,4.14,3.71,-0.6305650666208713,4.163756360885487,5.7421813
2018-12-09 21:00:00,3.35,4.1,3.53,-6.863579416798135,5.481871714555369,6.4302955
2018-12-09 21:15:00,3.67,4.14,3.6,-10.038914001132756,6.089332955180716,6.0678
2018-12-09 21:30:00,4.14,4.1,3.6,-10.44241088351897,6.506105781714749,5.821882
2018-12-09 21:45:00,3.38,4.14,3.6,-10.615696010398334,5.890590418886057,5.777361
2018-12-09 22:00:00,3.28,4.1,3.56,-11.617393853322415,4.996106231433182,5.194474
2018-12-09 22:15:00,3.13,3.82,4.07,-11.732860653702044,4.44609161615517,3.295226
2018-12-09 22:30:00,3.17,3.89,4.32,-11.820218134913073,4.228882215629188,3.2361412
2018-12-09 22:45:00,3.78,5.0,3.35,-11.838052069289422,6.92453851591764,7.566311
2018-12-09 23:00:00,3.78,4.75,3.31,-12.861122918262733,6.6794932217020815,7.5473223
2018-12-09 23:15:00,3.74,3.82,3.31,-13.165643249579777,7.510244309302661,5.4135437
2018-12-09 23:30:00,3.74,3.71,3.28,-13.213427084794564,6.270038967830618,5.016098
2018-12-09 23:45:00,3.46,3.82,3.35,-13.15290806798281,5.327817982912895,5.4522157
2018-12-10 00:00:00,5.36,3.17,4.57,11.24191351861052,4.882990603002737,4.329928
2018-12-10 00:15:00,3.06,3.74,4.43,11.3653480067704,5.383486372973546,3.9275925
2018-12-10 00:30:00,3.02,3.74,4.36,11.475901469005684,5.904406272598115,3.8842373
2018-12-10 00:45:00,3.31,3.82,4.21,11.59362083776104,4.353266727272825,3.976797
2018-12-10 01:00:00,3.85,3.85,3.35,10.666219014423934,5.694652002947973,3.893958
2018-12-10 01:15:00,3.42,3.78,3.38,10.92398240977186,4.334955519778011,3.813659
2018-12-10 01:30:00,3.1,3.82,3.35,11.152804129989995,4.346133982533665,4.0394235
2018-12-10 01:45:00,3.1,3.78,3.42,11.174121308913307,5.246356434355466,3.808025
2018-12-10 02:00:00,3.17,3.78,3.49,10.537087593824253,4.784345741948294,3.6567786
2018-12-10 02:15:00,3.31,3.17,3.42,10.610535204062096,4.34017333750938,3.52031
2018-12-10 02:30:00,3.82,3.13,3.38,11.022887048412695,3.8887399012502115,3.5744152
2018-12-10 02:45:00,3.78,3.35,4.36,11.618181584865471,4.34389138554492,3.905477
2018-12-10 03:00:00,3.82,3.67,4.14,10.97140721175169,4.803103927557833,3.678542
2018-12-10 03:15:00,3.74,3.02,3.42,11.03866583692363,3.4988576182702946,3.1721458
2018-12-10 03:30:00,3.1,3.13,3.38,11.382795088852223,3.462336430061457,3.1220484
2018-12-10 03:45:00,3.2,3.06,3.35,11.722164483610548,3.43596276016892,2.9992478
2018-12-10 04:00:00,3.1,3.06,3.35,11.280459593517072,3.380456716012608,3.0399663
2018-12-10 04:15:00,3.13,3.06,4.1,11.930123932210503,3.591672557932047,3.2253723
2018-12-10 04:30:00,3.17,3.2,4.43,12.596135011918918,4.18750793830999,3.4193633
2018-12-10 04:45:00,3.49,3.78,4.5,13.244591747718287,4.503747166129557,3.4786496
2018-12-10 05:00:00,3.74,3.78,3.78,12.608364097085811,4.385940925438401,3.3638523
2018-12-10 05:15:00,3.13,3.74,3.31,12.980913686555247,3.900349398309142,3.2089765
2018-12-10 05:30:00,3.1,3.74,3.38,13.608343050387177,4.406923560668108,3.5773618
2018-12-10 05:45:00,3.82,3.13,3.31,13.829953807697544,3.516261537846558,3.0353544
2018-12-10 06:00:00,3.82,3.74,3.31,13.53433092452139,3.8405204651965352,2.976755
2018-12-10 06:15:00,3.85,3.56,3.35,14.046387171348806,3.4794054744505387,3.0140927
2018-12-10 06:30:00,3.82,3.1,3.31,14.57845909889383,3.689381915353407,3.197636
2018-12-10 06:45:00,3.46,2.95,3.24,15.168914845414882,3.9163497616718725,3.244604
2018-12-10 07:00:00,3.06,3.06,3.24,14.804269362849217,3.4893972265161026,3.0899787
2018-12-10 07:15:00,3.13,3.02,4.21,15.610371959751372,3.699156553626302,3.3547537
2018-12-10 07:30:00,3.56,2.95,5.76,16.69339233378328,4.196333360766219,3.943357
2018-12-10 07:45:00,5.87,3.02,5.98,17.41032440142312,4.765043811101877,4.2901645
2018-12-10 08:00:00,6.8,2.99,5.58,17.297692342176884,5.184216151908955,4.4245515
2018-12-10 08:15:00,33.48,3.13,34.99,32.55318103410683,30.679144317176462,29.74676
2018-12-10 08:30:00,61.06,3.74,56.84,45.28789018888405,66.09039390529749,65.26769
2018-12-10 08:45:00,58.36,3.82,61.06,47.312741306853596,65.78082317825834,63.617607
2018-12-10 09:00:00,68.62,3.96,57.89,46.10437949198868,66.26689838697487,66.16656
2018-12-10 09:15:00,69.23,4.03,70.49,51.57951454883121,66.36562461867851,67.64662
2018-12-10 09:30:00,70.78,3.35,50.11,44.92158066857678,66.2260702693834,67.39762
2018-12-10 09:45:00,61.74,3.31,66.38,50.414059194592184,66.31062572737227,69.10971
2018-12-10 10:00:00,72.0,3.89,56.88,47.07404503208579,65.6459530355172,67.10493
2018-12-10 10:15:00,56.2,4.03,47.09,42.8996304115864,65.9910620663151,59.711872
2018-12-10 10:30:00,56.02,3.31,55.8,46.2430707464851,65.91200774791005,67.23069
2018-12-10 10:45:00,63.9,3.35,66.89,50.63307105166726,65.8953005707953,65.75957
2018-12-10 11:00:00,68.47,3.42,62.89,48.780464677637674,65.91722439080395,66.81335
2018-12-10 11:15:00,61.56,3.35,63.79,49.615636090980004,65.96003166748244,67.84829
2018-12-10 11:30:00,70.31,3.31,58.1,50.3476182816011,67.20265064404622,66.2118
2018-12-10 11:45:00,62.42,3.38,54.5,47.3199706553178,65.93682843619666,68.60131
2018-12-10 12:00:00,44.75,3.89,35.35,40.335314036635054,55.012051932356094,53.316925
2018-12-10 12:15:00,9.11,4.18,6.34,24.653239566337156,9.93777051486543,7.6723456
2018-12-10 12:30:00,10.33,4.1,5.76,22.733595278068478,6.915358867791403,7.022682
2018-12-10 12:45:00,11.45,4.1,6.3,22.906973379611067,6.670677952184855,6.917828
2018-12-10 13:00:00,11.09,3.6,6.19,24.401134905941134,9.110298382005292,7.2354164
2018-12-10 13:15:00,42.66,3.42,35.35,37.358384011029976,39.610231444667264,39.246006
2018-12-10 13:30:00,72.9,3.42,51.95,45.78373815800285,66.04066919455529,63.93732
2018-12-10 13:45:00,71.03,3.35,48.46,45.02201015639571,66.19929301677661,66.45196
2018-12-10 14:00:00,67.32,3.92,65.02,50.42173846201278,66.10087394159,67.58811
2018-12-10 14:15:00,64.22,3.78,69.91,51.95045117926404,65.90970668354898,66.462845
2018-12-10 14:30:00,69.91,3.42,55.12,46.764060165546,66.28685207568454,66.996796
2018-12-10 14:45:00,51.23,3.38,56.84,47.56121772357643,65.91982512723962,67.97868
2018-12-10 15:00:00,58.39,3.46,54.22,47.76673527021046,66.63584171633698,68.51358
2018-12-10 15:15:00,69.62,3.42,49.97,48.35327715974333,66.75642371228416,65.00607
2018-12-10 15:30:00,66.71,3.53,48.17,45.17959141997032,66.73143485037521,67.953
2018-12-10 15:45:00,65.99,4.07,49.86,46.18061287282221,66.44941333067887,64.02169
2018-12-10 16:00:00,64.98,4.03,58.75,48.416203318213206,66.43989804430328,63.651287
2018-12-10 16:15:00,64.55,4.14,65.7,49.10454198307024,66.44079098130584,69.94002
2018-12-10 16:30:00,63.72,4.0,51.88,43.412381648303025,66.25750276785729,69.76019
2018-12-10 16:45:00,66.53,3.31,57.2,46.72398371563457,66.33694026325912,70.90341
2018-12-10 17:00:00,62.57,3.35,76.03,52.47766022828522,66.11824256437943,68.49291
2018-12-10 17:15:00,63.72,3.49,72.18,51.47761849285516,66.64240797823028,63.977093
2018-12-10 17:30:00,58.64,4.1,61.42,47.79121785863445,65.24039351378543,59.131863
2018-12-10 17:45:00,60.12,3.64,36.61,35.275079628532225,43.73554134326538,36.90378
2018-12-10 18:00:00,24.73,3.24,29.56,30.6592519149489,33.02230834398871,31.683828
2018-12-10 18:15:00,5.47,3.28,34.13,34.178680439398114,42.929381784572016,41.57963
2018-12-10 18:30:00,4.5,3.31,42.26,37.26658143076951,47.45667166424028,51.078663
2018-12-10 18:45:00,4.46,3.42,56.81,42.00936132631766,48.54935162883778,52.349228
2018-12-10 19:00:00,4.46,3.64,43.02,37.37888096660312,49.06492594969154,52.114143
2018-12-10 19:15:00,4.75,4.07,47.74,38.98503147681459,51.23999067134509,53.870888
2018-12-10 19:30:00,5.69,4.03,39.17,34.50877659407563,45.79568639021179,49.249928
2018-12-10 19:45:00,5.62,4.03,43.67,36.853255413876035,46.27497809310617,50.514458
2018-12-10 20:00:00,4.46,4.0,50.44,37.35343629628138,57.83510342780326,52.710228
2018-12-10 20:15:00,4.46,3.31,46.22,38.05243769169142,53.32527950707757,56.955
2018-12-10 20:30:00,4.5,3.31,45.36,34.17557518515537,47.10072194507435,50.854015
2018-12-10 20:45:00,4.43,3.35,50.11,33.14307806749002,43.30259139457308,45.39063
2018-12-10 21:00:00,4.46,3.35,25.45,21.05424484574519,22.642993081326196,9.423752
2018-12-10 21:15:00,4.5,3.67,8.6,13.68253726587457,9.162595622564352,6.648538
2018-12-10 21:30:00,4.57,4.14,6.19,12.789678630251203,7.56069341960992,6.586539
2018-12-10 21:45:00,4.54,3.38,5.62,12.364119283634414,7.0405350488454,5.669048
2018-12-10 22:00:00,4.46,3.28,4.93,11.180313670097156,6.337603764338129,4.6312904
2018-12-10 22:15:00,4.28,3.13,4.72,10.961860729805451,6.396606018284108,4.6172485
2018-12-10 22:30:00,4.25,3.17,4.75,10.851440043913772,5.062551050485023,4.586029
2018-12-10 22:45:00,4.32,3.78,4.68,10.838629983321937,4.672244423787339,3.8423746
2018-12-10 23:00:00,4.18,3.78,4.68,9.890320956421707,6.387368843503402,3.9242485
2018-12-10 23:15:00,4.18,3.74,4.61,9.795635880259827,5.795352325428777,3.4291408
2018-12-10 23:30:00,4.21,3.74,4.57,9.810978028496109,5.683068769074434,3.728852
2018-12-10 23:45:00,4.28,3.46,4.61,9.77748974684037,5.6628728713808325,3.6457608
2018-12-11 00:00:00,4.18,5.36,3.89,5.855633171433457,5.397670556551795,6.804143
2018-12-11 00:15:00,4.86,3.06,4.61,5.482472094394037,5.399229580500262,4.5512333
2018-12-11 00:30:00,4.21,3.02,4.57,5.600387138310186,5.17595114538746,4.270661
2018-12-11 00:45:00,4.18,3.31,4.61,5.779308019621194,5.1225007609210556,3.9206362
2018-12-11 01:00:00,4.21,3.85,4.64,5.132880082131319,6.0395157218043645,4.1931767
2018-12-11 01:15:00,4.32,3.42,5.04,5.471958734017431,4.568287966354893,3.84501
2018-12-11 01:30:00,4.25,3.1,5.8,5.810781297803626,4.818065781236585,5.4991083
2018-12-11 01:45:00,4.18,3.1,4.68,5.558422750621542,4.587995936231161,4.1547494
2018-12-11 02:00:00,4.21,3.17,3.6,4.696255232787625,5.329298895581691,4.004134
2018-12-11 02:15:00,4.28,3.31,3.56,4.959621548262486,3.92625051203222,3.9967804
2018-12-11 02:30:00,4.25,3.82,3.64,5.475168225431258,4.468930016339728,3.900665
2018-12-11 02:45:00,4.21,3.78,3.67,5.771387979127173,4.58949422519232,3.9605322
2018-12-11 03:00:00,3.56,3.82,3.64,5.103660558300145,5.106874871283183,4.014017
2018-12-11 03:15:00,3.56,3.74,3.64,5.472694131249185,4.046891519386724,4.106354
2018-12-11 03:30:00,3.53,3.1,3.71,5.6341177270223675,3.763584103857116,3.8563957
2018-12-11 03:45:00,3.53,3.2,3.67,5.993147915611878,3.7619312828619034,3.672145
2018-12-11 04:00:00,3.85,3.1,3.71,5.517046761388254,3.342815698059774,3.5277386
2018-12-11 04:15:00,4.18,3.13,3.67,5.946657592301531,3.34164535892496,3.5722938
2018-12-11 04:30:00,3.49,3.17,3.6,6.4926178463431405,3.784403283960759,3.77937
2018-12-11 04:45:00,3.56,3.49,4.36,7.268609351164873,4.220915996476425,3.836457
2018-12-11 05:00:00,3.56,3.74,4.64,6.951719843926252,4.386632779315579,4.0441384
2018-12-11 05:15:00,3.74,3.13,4.72,7.341306638859617,4.264824535211828,4.0673585
2018-12-11 05:30:00,4.18,3.1,5.44,8.061785194591092,4.172559327795029,4.7928576
2018-12-11 05:45:00,4.25,3.82,4.43,8.398166831542525,4.067301072648486,3.9442785
2018-12-11 06:00:00,4.28,3.82,3.64,7.790744958451622,4.030321811867875,3.694477
2018-12-11 06:15:00,3.56,3.85,3.56,8.351783610959519,4.207222962678014,3.9204235
2018-12-11 06:30:00,3.53,3.82,3.67,9.042074671004645,4.8313854220771795,4.122673
2018-12-11 06:45:00,3.6,3.46,3.64,9.53930226807297,4.785012396859251,4.073858
2018-12-11 07:00:00,3.49,3.06,3.56,9.0236988834146,3.8864810112858135,3.948631
2018-12-11 07:15:00,4.1,3.13,3.56,9.527327551740502,3.6417719084367133,3.6707366
2018-12-11 07:30:00,4.07,3.56,3.82,10.230499965982286,3.8503305074256993,3.7310324
2018-12-11 07:45:00,4.86,5.87,4.54,11.652573202642134,5.702994686782718,4.99518
2018-12-11 08:00:00,14.83,6.8,5.94,12.207127503056041,10.663762089034215,5.860223
2018-12-11 08:15:00,44.21,33.48,28.4,30.21687913078012,36.09351893652239,36.514866
2018-12-11 08:30:00,54.04,61.06,55.04,48.858568816910605,64.83109568025219,74.67795
2018-12-11 08:45:00,61.74,58.36,61.13,50.762103889242056,64.7679168406963,74.961205
2018-12-11 09:00:00,69.48,68.62,82.33,60.05138857072547,65.22712220704179,73.70265
2018-12-11 09:15:00,75.38,69.23,82.37,63.34460990044852,65.71646915874521,74.38498
2018-12-11 09:30:00,71.82,70.78,64.08,59.23840497554466,66.5640460036137,83.01132
2018-12-11 09:45:00,71.24,61.74,59.36,56.469303340521066,66.05269006499805,79.43297
2018-12-11 10:00:00,54.86,72.0,52.16,57.05287008751711,65.75260519435952,78.651405
2018-12-11 10:15:00,66.13,56.2,56.95,52.2790540352581,64.47663669322593,65.6931
2018-12-11 10:30:00,73.08,56.02,53.42,52.453190470344154,65.51781634835748,74.19062
2018-12-11 10:45:00,77.51,63.9,58.86,57.60203931140627,65.52827534935612,75.03115
2018-12-11 11:00:00,72.54,68.47,59.98,58.838620517138764,65.96502412078348,79.13841
2018-12-11 11:15:00,63.83,61.56,61.24,57.701568599080495,65.52226883409882,73.79077
2018-12-11 11:30:00,67.07,70.31,84.1,68.15949762573253,66.56357839981968,73.23906
2018-12-11 11:45:00,84.24,62.42,63.86,59.49774488746196,65.7226245940088,71.39821
2018-12-11 12:00:00,72.79,44.75,49.86,48.54032862399572,62.91089822821558,64.21194
2018-12-11 12:15:00,7.96,9.11,6.91,19.474722674432805,9.484449409114523,10.764387
2018-12-11 12:30:00,5.8,10.33,7.38,17.99393308639891,9.95855007186293,8.747675
2018-12-11 12:45:00,6.98,11.45,6.62,18.845818932899295,8.42493765375637,6.6105976
2018-12-11 13:00:00,6.95,11.09,6.55,21.630366832754696,11.662683988777319,7.2583637
2018-12-11 13:15:00,38.45,42.66,32.51,40.414928404044495,41.58448091526632,39.87045
2018-12-11 13:30:00,59.36,72.9,57.28,57.201166176776226,66.32527887046933,72.066345
2018-12-11 13:45:00,66.02,71.03,55.51,56.691945448818146,66.25148847642296,74.6403
2018-12-11 14:00:00,80.28,67.32,56.12,58.81636395407159,64.66760013734307,74.799194
2018-12-11 14:15:00,75.53,64.22,58.82,59.450116768966026,65.06687140413983,76.35379
2018-12-11 14:30:00,72.0,69.91,52.88,59.73230900682377,66.38656170680092,75.733154
2018-12-11 14:45:00,72.61,51.23,53.46,54.12714098218343,65.41859621850496,72.48145
2018-12-11 15:00:00,78.55,58.39,62.96,59.2221816991498,65.25729104157476,70.74921
2018-12-11 15:15:00,73.98,69.62,64.62,64.37653609453912,65.80017089271789,71.94149
2018-12-11 15:30:00,76.79,66.71,60.01,60.37744922436049,65.27986489186864,73.63616
2018-12-11 15:45:00,80.46,65.99,55.66,60.324342413300386,64.50951696195783,66.84249
2018-12-11 16:00:00,68.11,64.98,53.82,60.03064339605115,64.65303221486651,67.75783
2018-12-11 16:15:00,71.68,64.55,71.86,63.022971345930074,64.66643553246207,69.33096
2018-12-11 16:30:00,69.8,63.72,60.73,58.49068642769004,64.93873668781663,72.61577
2018-12-11 16:45:00,75.46,66.53,68.22,62.425795875810635,65.57328011246442,72.85501
2018-12-11 17:00:00,70.27,62.57,80.46,63.330794058260665,65.61415556354417,68.77916
2018-12-11 17:15:00,78.48,63.72,61.52,58.884603748393815,66.60404209149958,71.513306
2018-12-11 17:30:00,66.78,58.64,71.1,58.9116165584219,66.74903790546,60.38242
2018-12-11 17:45:00,32.11,60.12,35.21,46.436138752820355,68.98990681991307,46.54023
2018-12-11 18:00:00,31.25,24.73,30.31,31.197063245025507,33.26271091869094,30.480434
2018-12-11 18:15:00,36.4,5.47,43.56,31.130801006962816,30.895986953465023,27.616825
2018-12-11 18:30:00,39.56,4.5,40.97,30.866992018296514,32.660072825582,25.48621
2018-12-11 18:45:00,51.44,4.46,38.56,31.549870380129335,33.15343626434715,28.740337
2018-12-11 19:00:00,51.52,4.46,41.65,33.15677536232071,31.565086631807336,29.455912
2018-12-11 19:15:00,53.57,4.75,49.07,34.91174730451603,30.450146670395874,30.450932
2018-12-11 19:30:00,52.81,5.69,40.46,30.96828429218194,29.796292561404947,24.105597
2018-12-11 19:45:00,52.38,5.62,48.64,33.96412977853312,30.51617956284821,30.207094
2018-12-11 20:00:00,53.21,4.46,49.75,32.129923696373154,30.07866625144405,26.543678
2018-12-11 20:15:00,51.91,4.46,48.89,34.727347981638246,33.8221489747903,32.774536
2018-12-11 20:30:00,53.46,4.5,37.84,28.011224511554328,29.13435651445349,23.589994
2018-12-11 20:45:00,32.36,4.43,30.67,23.564281212168638,38.976075396208216,18.799845
2018-12-11 21:00:00,28.37,4.46,5.08,11.85455860233553,16.959801268533646,12.517623
2018-12-11 21:15:00,6.77,4.5,5.69,9.785801854495901,12.726257938755737,6.3519125
2018-12-11 21:30:00,5.69,4.57,5.44,9.549821276112215,6.9870720918870814,4.800844
2018-12-11 21:45:00,5.8,4.54,5.4,9.438140856403422,9.59844045938349,4.635633
2018-12-11 22:00:00,5.69,4.46,5.44,8.477390841133413,8.976791199864055,4.567601
2018-12-11 22:15:00,5.47,4.28,5.26,8.253940094944806,8.887113236685336,4.3236203
2018-12-11 22:30:00,5.44,4.25,4.64,7.941655823536973,7.821045459669814,4.2218046
2018-12-11 22:45:00,4.97,4.32,3.92,7.715615696763894,6.02346616658729,3.7951014
2018-12-11 23:00:00,4.36,4.18,3.96,6.697193024907065,7.021878066079927,3.7476785
2018-12-11 23:15:00,4.25,4.18,3.92,6.5717201821304805,11.448344269048896,4.0526032
2018-12-11 23:30:00,4.21,4.21,3.85,6.563740797134219,9.657345144299128,3.9874575
2018-12-11 23:45:00,4.14,4.28,3.89,6.638767740307159,9.931880901998406,4.077355
2018-12-12 00:00:00,4.21,4.18,3.96,5.499545978537871,5.970495937704531,3.7609723
2018-12-12 00:15:00,4.21,4.86,3.89,5.6573037747922434,8.942923052150173,5.6624603
2018-12-12 00:30:00,4.14,4.21,3.92,5.597598964108382,8.281685160101755,3.887105
2018-12-12 00:45:00,4.14,4.18,3.89,5.6894777042869045,7.557998542505316,3.9185822
2018-12-12 01:00:00,4.14,4.21,3.96,4.840235248173986,12.041879628632001,3.9478948
2018-12-12 01:15:00,4.21,4.32,3.78,5.168627558370641,6.315132403171989,3.8058238
2018-12-12 01:30:00,4.18,4.25,3.85,5.331067265363796,7.198343392251535,3.9145064
2018-12-12 01:45:00,4.75,4.18,3.82,5.429024100536051,8.608371143724321,3.8657737
2018-12-12 02:00:00,5.33,4.21,3.82,4.847720157533093,9.063427624012025,3.9265552
2018-12-12 02:15:00,4.25,4.28,3.85,5.109019166265721,6.97216879718704,4.1928873
2018-12-12 02:30:00,4.25,4.25,4.64,5.649185626651086,6.264116878178317,4.1460776
2018-12-12 02:45:00,4.18,4.21,4.86,5.984692458755376,6.200109583609828,4.2357554
2018-12-12 03:00:00,4.21,3.56,3.82,4.897203612285569,4.915193140873004,3.4741766
2018-12-12 03:15:00,4.18,3.56,3.49,5.1557038100951935,4.401068154685445,2.3561356
2018-12-12 03:30:00,4.18,3.53,3.13,5.392961467947437,3.9683313119437678,3.496467
2018-12-12 03:45:00,4.25,3.53,3.2,5.786704237782477,3.637594933903696,3.33747
2018-12-12 04:00:00,4.18,3.85,3.13,5.3883136777932386,5.445802792316683,3.2240713
2018-12-12 04:15:00,4.03,4.18,3.1,5.8922116246270235,6.530641761982982,4.085141
2018-12-12 04:30:00,3.46,3.49,3.17,6.25272816409419,5.448597766852548,3.5303254
2018-12-12 04:45:00,3.46,3.56,3.06,6.758071495000383,5.312686197226977,3.635416
2018-12-12 05:00:00,3.53,3.56,3.17,6.303688513808606,4.664297562081547,3.6288462
2018-12-12 05:15:00,3.46,3.74,3.06,6.850077326652784,4.971844830450599,3.1313336
2018-12-12 05:30:00,3.49,4.18,3.1,7.432131876975323,6.713624191710453,4.17289
2018-12-12 05:45:00,4.0,4.25,3.02,7.955075845959989,6.740767469544897,4.1658382
2018-12-12 06:00:00,4.25,4.28,3.1,7.656018909220084,6.84483049221074,4.2222824
2018-12-12 06:15:00,3.85,3.56,3.02,7.980104534972607,5.693398423994914,3.574864
2018-12-12 06:30:00,3.42,3.53,4.61,8.938792647166622,4.80713529798569,2.4688995
2018-12-12 06:45:00,3.42,3.6,4.9,9.625662513962116,4.809735716901482,2.5091047
2018-12-12 07:00:00,3.96,3.49,3.85,8.974875658694206,3.8227609360892134,3.6891422
2018-12-12 07:15:00,4.1,4.1,3.49,9.344977009204957,5.362198506352061,4.8447914
2018-12-12 07:30:00,4.32,4.07,3.2,9.791218095069276,6.8011062418914605,5.314623
2018-12-12 07:45:00,5.83,4.86,4.32,11.013360667515403,5.053150351326278,5.0778685
2018-12-12 08:00:00,5.8,14.83,4.72,13.823062267883005,5.816277835663797,5.362278
2018-12-12 08:15:00,36.86,44.21,27.65,32.379170354853294,37.68416249219826,36.707703
2018-12-12 08:30:00,60.37,54.04,61.56,48.27174837204413,73.2387526080011,67.86121
2018-12-12 08:45:00,66.46,61.74,57.71,50.16815229086295,73.46376830531909,63.483116
2018-12-12 09:00:00,69.05,69.48,57.82,53.14893061578573,74.51138090496006,68.212845
2018-12-12 09:15:00,63.86,75.38,68.08,58.96306467614396,75.09606244057663,67.72574
2018-12-12 09:30:00,65.59,71.82,64.08,58.09219743447913,75.14355305800832,71.584404
2018-12-12 09:45:00,60.98,71.24,64.76,58.969581884369845,74.26147581233599,73.13814
2018-12-12 10:00:00,65.74,54.86,62.68,53.17838619656018,73.6419906418318,70.92916
2018-12-12 10:15:00,57.17,66.13,49.28,51.29915849571982,72.57000638746274,66.97752
2018-12-12 10:30:00,64.55,73.08,56.52,56.17800724111714,73.17784372272504,69.40011
2018-12-12 10:45:00,53.42,77.51,59.04,59.05133933519966,73.4516961447968,74.08948
2018-12-12 11:00:00,65.88,72.54,66.85,59.65000837462017,73.33330255858294,76.4593
2018-12-12 11:15:00,57.71,63.83,68.83,57.60505343801174,71.56888743417505,73.84205
2018-12-12 11:30:00,59.76,67.07,60.3,57.93874268459871,72.73287892578773,72.72635
2018-12-12 11:45:00,79.85,84.24,53.21,59.42905433925469,72.89739420487194,71.48872
2018-12-12 12:00:00,49.64,72.79,40.97,52.40744391658981,64.55951141355702,64.841354
2018-12-12 12:15:00,27.97,7.96,10.69,18.175210864409514,11.018524472218376,11.119337
2018-12-12 12:30:00,29.74,5.8,9.43,14.714559646768237,8.461013959475606,6.8478546
2018-12-12 12:45:00,29.56,6.98,10.33,15.737525759339395,8.542496503314785,6.660137
2018-12-12 13:00:00,29.3,6.95,26.68,23.6962011815988,8.89757778872796,8.200261
2018-12-12 13:15:00,58.86,38.45,43.34,39.59488844815489,43.301647254867135,41.074924
2018-12-12 13:30:00,61.78,59.36,46.51,48.80432502763813,70.00894701529566,63.943813
2018-12-12 13:45:00,77.0,66.02,50.44,51.79005673959827,70.52015499884142,65.57768
2018-12-12 14:00:00,65.56,80.28,63.4,60.56311226862455,72.48243041364292,69.283005
2018-12-12 14:15:00,86.51,75.53,54.36,57.98068030940776,72.58922628902408,69.40996
2018-12-12 14:30:00,60.44,72.0,61.52,59.36212815055856,71.95170775716491,68.86972
2018-12-12 14:45:00,64.8,72.61,58.93,58.89065580746617,72.10957017000665,72.79825
2018-12-12 15:00:00,72.18,78.55,85.46,67.14349779819504,73.7533935048529,69.58346
2018-12-12 15:15:00,69.08,73.98,109.3,72.97356337425994,73.24648007023923,76.78736
2018-12-12 15:30:00,66.17,76.79,87.16,66.96063176645426,73.16759410136692,72.00911
2018-12-12 15:45:00,61.67,80.46,96.01,70.78286476507125,73.26096030330135,74.522385
2018-12-12 16:00:00,70.6,68.11,105.91,69.11997475681319,73.4126996506383,75.63439
2018-12-12 16:15:00,68.36,71.68,68.18,59.531023803305985,72.32861587434994,70.68569
2018-12-12 16:30:00,75.1,69.8,64.91,57.03284840375122,71.5123545254292,70.44998
2018-12-12 16:45:00,66.13,75.46,56.05,57.72065470248273,72.38730250905886,72.24634
2018-12-12 17:00:00,70.7,70.27,62.96,56.54302884737997,72.15737597662101,70.28066
2018-12-12 17:15:00,60.7,78.48,47.12,56.01598875075044,71.48338344710689,71.022125
2018-12-12 17:30:00,57.92,66.78,44.57,50.55637129269853,62.40115975892136,63.54486
2018-12-12 17:45:00,32.9,32.11,44.24,36.778358732210364,41.695557106381855,42.59812
2018-12-12 18:00:00,30.53,31.25,27.32,28.44566709718127,31.66112572575045,31.64429
2018-12-12 18:15:00,49.9,36.4,5.87,26.973538449840937,33.57482804678509,38.631607
2018-12-12 18:30:00,67.25,39.56,5.36,30.091349967543803,39.88596730682964,42.325462
2018-12-12 18:45:00,69.37,51.44,5.47,33.686491794602794,35.928275543454504,44.53797
2018-12-12 19:00:00,65.99,51.52,5.58,33.65724542580439,33.23646541668056,44.108086
2018-12-12 19:15:00,66.02,53.57,5.58,33.820546591628116,32.05683248799759,42.944534
2018-12-12 19:30:00,60.19,52.81,5.47,32.792682122152314,33.92061787899877,38.67234
2018-12-12 19:45:00,58.54,52.38,5.44,33.13401127962853,33.44739890402127,42.67982
2018-12-12 20:00:00,61.85,53.21,5.44,31.345259979517607,32.42692861508591,37.540314
2018-12-12 20:15:00,67.07,51.91,5.44,33.89544183077561,33.867811419413975,46.57728
2018-12-12 20:30:00,58.82,53.46,5.51,30.96957484210626,30.921182105801222,36.519962
2018-12-12 20:45:00,53.35,32.36,5.44,21.531539877373497,23.80525707255237,20.212206
2018-12-12 21:00:00,30.35,28.37,4.82,16.118246521147103,19.37778477839196,11.404781
2018-12-12 21:15:00,12.2,6.77,4.28,6.447898693599928,12.53897325496309,4.8783655
2018-12-12 21:30:00,5.8,5.69,4.25,6.208117569222299,7.562024817555588,4.80159
2018-12-12 21:45:00,5.76,5.8,4.28,6.268413446174101,7.280733585490628,4.956196
2018-12-12 22:00:00,5.65,5.69,4.36,6.23604772433659,7.306763897640919,4.643434
2018-12-12 22:15:00,5.04,5.47,4.03,6.004031162444743,7.541232681442949,4.5713015
2018-12-12 22:30:00,4.25,5.44,4.0,5.892295793922024,7.38046801304463,4.5111537
2018-12-12 22:45:00,4.25,4.97,4.03,5.674229839616739,6.8211508208698195,4.9770875
2018-12-12 23:00:00,4.21,4.36,4.0,4.490473789507956,8.210740146364387,5.00309
2018-12-12 23:15:00,4.14,4.25,4.0,4.353074744693938,8.884251638308966,6.293645
2018-12-12 23:30:00,4.1,4.21,3.92,4.339418116051839,9.543402587499951,5.463047
2018-12-12 23:45:00,4.1,4.14,4.0,4.394605380296568,11.060935070890723,5.553116
2018-12-13 00:00:00,5.26,4.21,4.0,5.727603246933736,5.238753168563203,4.1699333
2018-12-13 00:15:00,4.1,4.21,3.96,5.697408265048956,4.905577587826107,4.899172
2018-12-13 00:30:00,4.18,4.14,4.79,5.971884143403276,4.417255657986063,4.5989237
2018-12-13 00:45:00,4.21,4.14,5.18,6.173554608151047,4.426139433581064,3.8349707
2018-12-13 01:00:00,4.14,4.14,4.03,5.0638851456636225,12.466138602307378,3.9385161
2018-12-13 01:15:00,4.28,4.21,3.92,5.35756211611174,4.487654358484487,4.1139
2018-12-13 01:30:00,4.18,4.18,4.0,5.527225444232176,4.455061390594595,4.1237926
2018-12-13 01:45:00,4.25,4.75,3.92,5.778460681182441,6.060665980992942,5.9817867
2018-12-13 02:00:00,5.36,5.33,4.07,5.386007241901098,6.452765361277442,4.5841265
2018-12-13 02:15:00,4.79,4.25,3.46,5.179030524373733,6.762678739101055,5.528335
2018-12-13 02:30:00,4.25,4.25,3.28,5.45269842058288,5.9951324295723865,5.532539
2018-12-13 02:45:00,4.18,4.18,3.38,5.717890468245116,5.494256497576644,5.2730975
2018-12-13 03:00:00,4.21,4.21,3.31,5.189473531136873,5.738497732433734,4.7071686
2018-12-13 03:15:00,4.18,4.18,3.35,5.540814015115583,5.53664052824664,5.084376
2018-12-13 03:30:00,4.21,4.18,3.35,5.865661400828877,4.436475432670555,5.8524103
2018-12-13 03:45:00,4.21,4.25,3.38,6.253746741442338,5.959822469207512,5.6167707
2018-12-13 04:00:00,4.21,4.18,3.42,5.7987790177625875,5.647441298295641,5.5904994
2018-12-13 04:15:00,4.18,4.03,3.31,6.1600986923512515,5.115687867503298,5.5102253
2018-12-13 04:30:00,4.21,3.46,4.61,6.778909257292053,5.139051276897411,4.687243
2018-12-13 04:45:00,4.21,3.46,5.04,7.381245827177647,4.395523108325133,3.7010243
2018-12-13 05:00:00,4.18,3.53,4.07,6.704771394631059,4.2781441211113895,3.6681464
2018-12-13 05:15:00,3.67,3.46,3.71,7.123590616085135,3.7442632966375573,3.9574442
2018-12-13 05:30:00,3.42,3.49,3.31,7.534028054638096,3.6001333706128684,3.7093613
2018-12-13 05:45:00,3.89,4.0,3.31,8.187987173160536,4.189048404037063,5.058363
2018-12-13 06:00:00,4.32,4.25,3.38,7.9346297954897445,4.941537706369136,4.6965737
2018-12-13 06:15:00,3.46,3.85,3.31,8.322573782512084,5.126225324397342,4.078977
2018-12-13 06:30:00,3.38,3.42,3.28,8.780278575536652,4.971846708424082,3.617672
2018-12-13 06:45:00,3.38,3.42,3.31,9.349289491842889,5.0089918353245855,3.6013033
2018-12-13 07:00:00,3.42,3.96,3.24,9.192798365458053,3.9990754261315473,5.603933
2018-12-13 07:15:00,3.42,4.1,3.28,9.793233223973072,4.785253361468613,5.4786057
2018-12-13 07:30:00,3.71,4.32,3.46,10.427178871667191,5.055853291498755,5.5092773
2018-12-13 07:45:00,5.69,5.83,4.21,11.80395657026228,5.566728975273081,5.176353
2018-12-13 08:00:00,6.23,5.8,6.44,13.006237629718164,5.880728702101968,5.3411045
2018-12-13 08:15:00,35.57,36.86,32.29,32.61531911635694,35.392180349101615,37.38159
2018-12-13 08:30:00,72.86,60.37,64.98,50.595857083441814,70.06313932662657,65.95969
2018-12-13 08:45:00,61.74,66.46,60.84,51.928421775253106,70.32884291867579,67.24776
2018-12-13 09:00:00,76.36,69.05,59.87,54.414626999998035,70.92839847668982,70.99377
2018-12-13 09:15:00,63.11,63.86,67.0,56.97856741894869,71.10394235961441,73.13272
2018-12-13 09:30:00,65.66,65.59,71.17,59.30665113142163,71.42120556231157,72.7353
2018-12-13 09:45:00,72.07,60.98,76.86,59.274945234155055,71.7416845911226,71.22758
2018-12-13 10:00:00,56.84,65.74,66.67,58.21274774121491,70.56844019183877,73.99324
2018-12-13 10:15:00,69.3,57.17,63.18,53.58161838304058,69.63231294520077,66.52037
2018-12-13 10:30:00,65.66,64.55,68.87,58.07611500651741,69.63944238431023,67.32886
2018-12-13 10:45:00,85.43,53.42,71.06,56.844457602614,71.26719293097928,66.85528
2018-12-13 11:00:00,53.17,65.88,62.78,57.197964885132315,71.4362887741178,67.6953
2018-12-13 11:15:00,55.4,57.71,60.88,53.976091422478376,70.40708552996034,66.2138
2018-12-13 11:30:00,60.08,59.76,74.45,59.937203842281534,71.84168031022192,68.70713
2018-12-13 11:45:00,58.0,79.85,67.82,63.60953838614803,72.81389289726819,69.689186
2018-12-13 12:00:00,51.3,49.64,69.26,53.55254960749966,66.42258923104116,69.62494
2018-12-13 12:15:00,11.38,27.97,9.94,25.669908044634514,14.635428668856742,11.876417
2018-12-13 12:30:00,10.91,29.74,6.88,24.070082859464,12.59507389423965,8.002218
2018-12-13 12:45:00,30.1,29.56,7.02,25.28582013518329,12.368572393306055,7.5108876
2018-12-13 13:00:00,36.4,29.3,6.95,25.469202320352128,12.96776341750324,7.7258735
2018-12-13 13:15:00,41.69,58.86,35.78,44.29722806162694,49.93475376039163,45.476368
2018-12-13 13:30:00,56.92,61.78,61.78,55.663081305156894,69.40589557812606,61.87812
2018-12-13 13:45:00,46.66,77.0,60.8,59.828384390693365,70.58310369293409,66.53806
2018-12-13 14:00:00,52.52,65.56,71.78,60.85680902856976,71.25994321682909,63.572212
2018-12-13 14:15:00,58.25,86.51,72.11,66.13274261708722,71.3501914494647,67.21493
2018-12-13 14:30:00,72.61,60.44,68.22,58.14420061775816,69.62064110268294,63.994564
2018-12-13 14:45:00,66.24,64.8,73.44,59.73771725806175,70.06677450785486,64.68259
2018-12-13 15:00:00,73.08,72.18,56.88,57.08886906931137,71.01538733709741,66.25668
2018-12-13 15:15:00,60.52,69.08,50.29,55.34019266600285,71.63491681890436,66.49343
2018-12-13 15:30:00,59.87,66.17,48.78,54.19129518271359,70.88134556655186,65.14845
2018-12-13 15:45:00,63.5,61.67,48.96,52.92338542312012,70.95598159639589,65.25776
2018-12-13 16:00:00,60.52,70.6,49.97,54.37011073287,71.2551879518845,66.64294
2018-12-13 16:15:00,88.92,68.36,62.28,57.40476909724191,71.20433063821835,65.83426
2018-12-13 16:30:00,105.37,75.1,47.95,54.810283018049674,71.53819164278295,65.972176
2018-12-13 16:45:00,102.89,66.13,57.35,56.409138441999474,70.86369829021596,67.75356
2018-12-13 17:00:00,77.83,70.7,47.77,53.542301197128836,72.03476969351297,67.840775
2018-12-13 17:15:00,67.18,60.7,48.6,52.61162119404486,71.22347683542954,64.61483
2018-12-13 17:30:00,70.13,57.92,57.46,51.94463128295155,69.05134597764201,64.241974
2018-12-13 17:45:00,31.72,32.9,31.86,34.44814475241595,34.25111901364785,34.17412
2018-12-13 18:00:00,31.5,30.53,31.61,29.9469992400997,32.21676930174133,31.345858
2018-12-13 18:15:00,54.79,49.9,36.61,38.17468552711223,44.473120402076454,45.62426
2018-12-13 18:30:00,77.04,67.25,40.07,44.84279792904489,46.385871119703694,50.58591
2018-12-13 18:45:00,79.63,69.37,37.87,45.94638964228878,46.49982892098041,50.389587
2018-12-13 19:00:00,80.46,65.99,47.23,47.68710174871955,56.92158751658171,57.53671
2018-12-13 19:15:00,71.89,66.02,53.03,49.213293505023714,51.91007408603154,57.891186
2018-12-13 19:30:00,78.52,60.19,38.63,43.014474506778825,45.84026031861778,47.43257
2018-12-13 19:45:00,52.31,58.54,37.51,42.59958786985003,46.52009331417673,45.93472
2018-12-13 20:00:00,61.16,61.85,38.3,41.9330634015793,46.300632299765255,47.46167
2018-12-13 20:15:00,61.6,67.07,54.36,49.188301791782024,60.0215542420804,59.15319
2018-12-13 20:30:00,49.68,58.82,38.84,40.805841608239604,46.17223444606542,46.953526
2018-12-13 20:45:00,41.54,53.35,27.72,33.576285972651156,33.89970139935009,35.071316
2018-12-13 21:00:00,20.16,30.35,8.86,18.538347510809714,22.720762729411113,15.812825
2018-12-13 21:15:00,6.16,12.2,5.51,8.637144363269204,8.915250831275303,4.9812346
2018-12-13 21:30:00,5.69,5.8,5.58,6.101085145796599,6.303129294939974,4.4918604
2018-12-13 21:45:00,5.69,5.76,5.62,6.7173163021485,6.237655289280301,4.5089955
2018-12-13 22:00:00,5.65,5.65,5.54,6.423026914860234,6.184275135485199,4.634639
2018-12-13 22:15:00,5.47,5.04,5.26,6.305627708582911,6.25948599673693,4.1263175
2018-12-13 22:30:00,5.4,4.25,5.22,5.952659520611565,5.913625801737296,4.136943
2018-12-13 22:45:00,5.36,4.25,5.26,5.85396269672734,5.7867332943850815,4.0402036
2018-12-13 23:00:00,5.36,4.21,4.18,4.620423504104444,6.062054731407588,4.055178
2018-12-13 23:15:00,5.26,4.14,3.96,4.492833308783251,10.107518842499752,3.7678676
2018-12-13 23:30:00,5.22,4.1,4.0,4.491357759694356,12.258186904574819,3.99549
2018-12-13 23:45:00,5.18,4.1,4.0,4.524386854386975,12.128086306117629,4.035556
2018-12-14 00:00:00,4.1,5.26,4.03,6.1708546217778775,5.133177880982984,4.800362
2018-12-14 00:15:00,5.33,4.1,3.96,5.815718029504058,4.903327979078077,4.75187
2018-12-14 00:30:00,5.29,4.18,4.03,5.890312279899806,5.7038510087369385,4.949742
2018-12-14 00:45:00,5.26,4.21,4.03,5.961400019237974,7.876621778297019,4.9059095
2018-12-14 01:00:00,5.29,4.14,4.0,5.231568486502805,11.632519372994523,5.0405955
2018-12-14 01:15:00,5.26,4.28,4.03,5.5741796981960015,4.884583031628719,4.971859
2018-12-14 01:30:00,5.36,4.18,4.03,5.707676486533014,4.889578749771002,4.9219217
2018-12-14 01:45:00,5.33,4.25,4.03,5.886613385074664,5.025315638761173,4.8938227
2018-12-14 02:00:00,4.79,5.36,4.1,5.645975990669083,5.33662334177019,5.137405
2018-12-14 02:15:00,4.14,4.79,4.0,5.638657414511314,5.934281858041663,5.6269965
2018-12-14 02:30:00,4.18,4.25,4.72,5.942519203189562,5.58999421039214,6.0333505
2018-12-14 02:45:00,4.21,4.18,4.79,6.2025770921458445,5.515383587332245,5.1796384
2018-12-14 03:00:00,4.18,4.21,4.14,5.503207327092962,8.603418926839726,5.2105927
2018-12-14 03:15:00,4.25,4.18,4.07,5.882457092283143,4.8456200290903535,4.8829236
2018-12-14 03:30:00,4.18,4.21,4.03,6.225448102364545,4.936563087002508,4.6936755
2018-12-14 03:45:00,4.14,4.21,4.0,6.591374246844769,5.241396511576619,4.758127
2018-12-14 04:00:00,4.28,4.21,3.42,6.031892294757629,5.694685178353862,4.319879
2018-12-14 04:15:00,4.18,4.18,3.49,6.470526178189406,5.524338970437764,3.7717655
2018-12-14 04:30:00,4.18,4.21,3.46,6.810543614172101,6.473608731596975,4.2255483
2018-12-14 04:45:00,4.1,4.21,3.38,7.244607164472601,6.311367674539382,3.7434137
2018-12-14 05:00:00,4.46,4.18,3.42,6.896396600193821,5.819197645069703,4.1924934
2018-12-14 05:15:00,5.4,3.67,3.42,7.247846439575003,5.343034726599756,3.3445423
2018-12-14 05:30:00,4.5,3.42,3.74,7.757208928015057,5.105938565169094,3.6742685
2018-12-14 05:45:00,4.18,3.89,4.07,8.493411298785396,4.390565737737367,3.5541751
2018-12-14 06:00:00,4.14,4.32,3.49,8.157690354953257,5.36710243928155,3.4682758
2018-12-14 06:15:00,4.14,3.46,3.42,8.386289543106368,4.527507195949078,3.245048
2018-12-14 06:30:00,3.49,3.38,3.64,8.992555008796234,5.104004458819925,3.5397851
2018-12-14 06:45:00,3.42,3.38,4.1,9.665189177399018,3.9988644936694127,3.6347682
2018-12-14 07:00:00,3.35,3.42,4.0,9.40751882091175,3.6536420401484935,3.7529435
2018-12-14 07:15:00,3.35,3.42,4.0,9.992643702946399,3.6654496978868756,3.78476
2018-12-14 07:30:00,4.25,3.71,3.82,10.545825390583243,4.2534768961326135,3.5587475
2018-12-14 07:45:00,6.52,5.69,4.54,12.020844800669025,5.029109631700053,5.530126
2018-12-14 08:00:00,7.38,6.23,4.79,13.077974456237177,5.435381846561062,5.9033375
2018-12-14 08:15:00,36.22,35.57,47.66,36.365094433243044,40.76005775939995,36.211563
2018-12-14 08:30:00,94.18,72.86,60.19,51.91207111964546,70.37842083981927,68.38059
2018-12-14 08:45:00,97.88,61.74,60.19,50.70634385329629,70.23123667498207,65.09039
2018-12-14 09:00:00,134.5,76.36,53.32,55.177600222990236,72.61090843940461,68.70298
2018-12-14 09:15:00,93.67,63.11,58.86,54.988720114716855,70.95690691416752,68.02061
2018-12-14 09:30:00,109.26,65.66,49.5,53.92937143108627,71.78578934977878,67.16429
2018-12-14 09:45:00,128.34,72.07,48.42,55.30904668230483,71.76572066290395,70.713196
2018-12-14 10:00:00,81.47,56.84,62.78,54.27751073406282,69.71665204316862,66.50403
2018-12-14 10:15:00,109.69,69.3,48.02,53.422972111979824,70.85719733757905,67.04043
2018-12-14 10:30:00,120.67,65.66,46.22,53.228630025972926,70.57596934494387,66.618164
2018-12-14 10:45:00,92.81,85.43,57.46,62.10295915317165,70.72240612433819,70.40161
2018-12-14 11:00:00,91.58,53.17,48.78,50.91339491345838,70.42142839900916,66.11964
2018-12-14 11:15:00,104.9,55.4,47.02,49.730540182308616,70.0978701091841,64.69515
2018-12-14 11:30:00,124.2,60.08,58.0,55.10876156850546,69.24964207712166,66.495636
2018-12-14 11:45:00,88.85,58.0,51.48,55.69327894294025,70.74858196695811,66.08084
2018-12-14 12:00:00,132.01,51.3,44.28,48.304350064319586,63.997590226930114,54.74913
2018-12-14 12:15:00,13.61,11.38,26.6,25.36480865450295,14.810064564790236,10.052836
2018-12-14 12:30:00,9.86,10.91,12.49,20.66633201439231,11.868997387869872,10.736656
2018-12-14 12:45:00,9.61,30.1,9.79,26.472878706871626,17.046490417972066,10.479185
2018-12-14 13:00:00,9.43,36.4,10.76,28.54164567572379,24.39957540698383,23.839525
2018-12-14 13:15:00,86.98,41.69,44.06,42.49465246651488,51.39188483555826,47.83755
2018-12-14 13:30:00,74.66,56.92,49.82,52.41995585705264,69.42667437291243,63.289165
2018-12-14 13:45:00,116.42,46.66,54.36,52.30911238966989,70.28609997952186,62.44895
2018-12-14 14:00:00,107.57,52.52,55.98,53.9049242089337,69.31914032845846,63.00931
2018-12-14 14:15:00,103.82,58.25,56.48,56.15052620219708,69.86866936751582,62.833694
2018-12-14 14:30:00,114.73,72.61,47.41,56.796540929358635,71.10750242335261,64.030426
2018-12-14 14:45:00,84.74,66.24,47.95,54.41867252371519,70.20810231175442,62.053066
2018-12-14 15:00:00,109.4,73.08,58.86,59.842092889623345,70.90031282434933,62.547794
2018-12-14 15:15:00,125.21,60.52,50.08,54.54314879531914,71.12590261830623,62.462944
2018-12-14 15:30:00,89.35,59.87,51.88,54.46987457976024,71.59033000416304,62.470203
2018-12-14 15:45:00,122.26,63.5,53.82,55.87294002936346,71.57026227662776,62.30309
2018-12-14 16:00:00,114.66,60.52,49.9,53.28521963499903,70.29539082710569,59.873966
2018-12-14 16:15:00,96.8,88.92,57.1,61.48117754305251,71.00209313357281,63.121876
2018-12-14 16:30:00,118.12,105.37,50.33,63.512027578093395,69.69420082232422,65.229805
2018-12-14 16:45:00,133.2,102.89,68.54,68.30687827798278,67.69418362783162,64.2952
2018-12-14 17:00:00,102.64,77.83,60.12,59.05241810088887,68.14377097195685,63.723377
2018-12-14 17:15:00,63.94,67.18,72.11,60.055685633107004,66.93444306510297,61.65256
2018-12-14 17:30:00,62.64,70.13,46.33,52.58236073516298,68.24090559957925,59.998447
2018-12-14 17:45:00,37.94,31.72,34.16,34.484557416251704,37.1959764518044,33.873287
2018-12-14 18:00:00,32.62,31.5,30.35,29.537366323559976,31.884763662183595,29.863316
2018-12-14 18:15:00,29.63,54.79,42.48,41.287768590661145,44.532558726291455,41.452736
2018-12-14 18:30:00,26.57,77.04,52.85,51.8187817682281,53.574804729878316,49.920296
2018-12-14 18:45:00,26.35,79.63,58.97,55.27485264255162,60.15422981499496,56.86715
2018-12-14 19:00:00,26.32,80.46,57.17,55.06989317854021,60.11583743041105,55.619743
2018-12-14 19:15:00,26.39,71.89,44.39,49.89599140846585,58.632107992017396,55.151474
2018-12-14 19:30:00,26.64,78.52,47.84,52.05574944711104,60.95414760890133,57.248142
2018-12-14 19:45:00,28.44,52.31,54.07,45.32992012526691,58.21492055041564,53.835804
2018-12-14 20:00:00,30.46,61.16,43.38,44.01730420694983,48.05684376577156,46.80856
2018-12-14 20:15:00,29.88,61.6,57.64,48.36378688107025,59.429129843900085,54.604984
2018-12-14 20:30:00,30.06,49.68,41.72,39.93829060517291,48.416879961462925,46.72072
2018-12-14 20:45:00,31.93,41.54,31.9,31.98010987768974,34.17499954652528,36.464565
2018-12-14 21:00:00,28.66,20.16,19.69,18.781751862638654,18.771198376500344,17.39173
2018-12-14 21:15:00,5.76,6.16,5.62,7.221712656141836,8.122388322384767,5.749006
2018-12-14 21:30:00,5.8,5.69,5.62,6.378770980472101,6.104165624922439,5.085604
2018-12-14 21:45:00,5.72,5.69,5.15,6.953241259690998,5.976532465077537,5.2894554
2018-12-14 22:00:00,5.69,5.65,4.28,6.411324181984956,5.682318329414386,5.084229
2018-12-14 22:15:00,5.4,5.47,4.0,6.167264767902331,5.620537964989559,4.914409
2018-12-14 22:30:00,5.33,5.4,4.07,6.044023046969226,5.993373570167056,4.8530326
2018-12-14 22:45:00,5.33,5.36,4.03,5.894020654277998,5.287640631122357,4.743515
2018-12-14 23:00:00,5.33,5.36,4.0,4.974327764339634,5.849492012783407,4.9705677
2018-12-14 23:15:00,4.86,5.26,3.96,4.868865685226577,6.808450053774494,5.53973
2018-12-14 23:30:00,4.03,5.22,4.03,4.8620199560771376,6.678682841477719,5.202024
2018-12-14 23:45:00,4.03,5.18,4.0,4.862668887770848,6.7012540921065815,5.48024
2018-12-15 00:00:00,3.28,4.1,3.78,-6.665405179175313,4.879203750776714,4.2655745
2018-12-15 00:15:00,4.14,5.33,4.0,-6.319567489105022,5.25686702418156,4.0835276
2018-12-15 00:30:00,4.1,5.29,3.96,-6.316617367138566,5.314599455590762,3.9735582
2018-12-15 00:45:00,4.07,5.26,4.0,-6.245456587779888,5.107518073393937,3.9848068
2018-12-15 01:00:00,4.14,5.29,4.0,-6.888693425547789,4.6600724383183305,4.2349415
2018-12-15 01:15:00,4.14,5.26,5.15,-6.378145469134214,4.645183712406475,5.634545
2018-12-15 01:30:00,4.14,5.36,4.79,-6.280024087602083,4.75564975647733,4.804266
2018-12-15 01:45:00,4.14,5.33,3.96,-6.292036248645079,4.788868587498778,4.1285505
2018-12-15 02:00:00,4.1,4.79,3.96,-6.96004787630547,4.493852576480911,4.3165765
2018-12-15 02:15:00,4.1,4.14,4.1,-7.010343905834024,4.32490856724135,4.4307547
2018-12-15 02:30:00,4.21,4.18,4.0,-6.7990832092711635,5.42427890918914,4.4652324
2018-12-15 02:45:00,4.1,4.21,4.0,-6.523086477362231,7.798693713813374,4.4206605
2018-12-15 03:00:00,4.18,4.18,4.0,-7.039711416523229,10.478733315727172,4.124023
2018-12-15 03:15:00,4.82,4.25,3.96,-6.646610377527711,4.129475716921,4.1764364
2018-12-15 03:30:00,5.26,4.18,3.64,-6.386933315237162,3.979200967213817,3.8247142
2018-12-15 03:45:00,4.18,4.14,3.38,-6.082555166138679,3.6696055665406426,3.7599328
2018-12-15 04:00:00,4.14,4.28,3.31,-6.463899396508328,3.991088879947935,3.7372298
2018-12-15 04:15:00,4.14,4.18,3.35,-6.060434894889074,3.980234651336365,4.1415114
2018-12-15 04:30:00,3.82,4.18,3.35,-5.7108695789515345,3.9030178256935004,4.340668
2018-12-15 04:45:00,3.46,4.1,3.42,-5.288894983042798,3.8120028022666594,3.6692526
2018-12-15 05:00:00,3.49,4.46,3.49,-5.522796119576949,4.622965959712037,3.8675444
2018-12-15 05:15:00,3.42,5.4,4.0,-4.635106223502678,4.983553444389125,4.33968
2018-12-15 05:30:00,3.42,4.5,3.53,-4.522299478482669,4.817554151527254,4.588943
2018-12-15 05:45:00,3.42,4.18,3.35,-4.128491755548634,4.0984121200211545,4.2385306
2018-12-15 06:00:00,3.38,4.14,3.38,-4.437710421687033,6.694732918508523,4.4600787
2018-12-15 06:15:00,3.46,4.14,4.03,-3.792182838527868,4.665396959001564,3.8921852
2018-12-15 06:30:00,3.42,3.49,4.03,-3.4414533464422377,3.7881532452081075,3.814366
2018-12-15 06:45:00,3.49,3.42,4.0,-2.970709612661757,3.7416149176157214,3.8191972
2018-12-15 07:00:00,4.57,3.35,3.78,-3.253435880283007,3.6429305411972237,4.547874
2018-12-15 07:15:00,4.43,3.35,3.35,-2.7294554808383786,3.4089165995881605,4.2556596
2018-12-15 07:30:00,4.1,4.25,3.31,-1.9701347419050173,3.531946927248381,4.1932206
2018-12-15 07:45:00,4.07,6.52,3.53,-0.500837195873185,4.88667769334325,5.686773
2018-12-15 08:00:00,3.64,7.38,3.67,0.5292028691688095,5.293147002673311,5.6649384
2018-12-15 08:15:00,3.35,36.22,29.23,19.057138724614518,37.36270914072232,27.712458
2018-12-15 08:30:00,3.35,94.18,38.16,40.03987057282701,99.7271598521012,48.987072
2018-12-15 08:45:00,3.38,97.88,33.08,40.98917746312249,60.24642865584775,48.61241
2018-12-15 09:00:00,3.49,134.5,51.52,57.224817336091945,95.6714883213154,54.439743
2018-12-15 09:15:00,3.56,93.67,47.77,47.1609974423821,73.0021607699275,52.728245
2018-12-15 09:30:00,3.38,109.26,42.05,51.23397461117119,72.76376173176028,52.39552
2018-12-15 09:45:00,3.42,128.34,32.4,55.42577297678535,35.68189379142383,53.60154
2018-12-15 10:00:00,3.35,81.47,31.43,40.34370705650019,31.902955256382715,50.14969
2018-12-15 10:15:00,3.35,109.69,31.57,48.71194616072491,33.93103233160802,51.092907
2018-12-15 10:30:00,3.35,120.67,31.43,53.30121009703569,33.82261647879285,50.360977
2018-12-15 10:45:00,4.97,92.81,47.66,50.25872554762225,63.49486756902095,43.94802
2018-12-15 11:00:00,5.36,91.58,49.28,49.641714036536726,64.51109912537947,39.829426
2018-12-15 11:15:00,4.28,104.9,38.16,50.175869831896016,64.86246720182478,36.915974
2018-12-15 11:30:00,4.18,124.2,44.14,58.581572774622884,65.01105804210817,37.48173
2018-12-15 11:45:00,3.35,88.85,38.27,49.410755715236974,72.01623033357023,36.15368
2018-12-15 12:00:00,3.38,132.01,22.46,55.64192384873017,32.30618738412309,48.120064
2018-12-15 12:15:00,3.42,13.61,3.92,5.51365004845016,9.138630080888653,10.056651
2018-12-15 12:30:00,3.42,9.86,4.57,4.078344694668594,7.48471188716886,5.7470846
2018-12-15 12:45:00,3.42,9.61,5.36,5.195848178007093,8.71893501091734,11.104904
2018-12-15 13:00:00,3.38,9.43,6.08,10.33602474286149,12.083977663649893,11.591474
2018-12-15 13:15:00,3.31,86.98,34.09,39.0509807123909,30.069400100773848,28.068691
2018-12-15 13:30:00,3.35,74.66,55.69,43.97559623291742,90.43950470452076,37.02998
2018-12-15 13:45:00,3.38,116.42,40.61,53.95194601514324,90.87785794127439,40.61412
2018-12-15 14:00:00,3.31,107.57,50.51,55.96528765653302,81.33679267349272,39.144836
2018-12-15 14:15:00,3.82,103.82,37.98,53.49724374825209,80.18094837139805,36.2281
2018-12-15 14:30:00,4.1,114.73,48.89,59.29430385295856,79.26615824807908,38.03713
2018-12-15 14:45:00,4.07,84.74,37.73,46.90334782730244,79.99484018242171,38.828957
2018-12-15 15:00:00,4.21,109.4,40.03,54.86491735109557,80.426185923904,36.0773
2018-12-15 15:15:00,3.74,125.21,43.67,60.04324071389365,80.37772149710673,37.735416
2018-12-15 15:30:00,3.74,89.35,46.15,49.78415720284704,81.65030351606171,39.900593
2018-12-15 15:45:00,3.96,122.26,49.68,60.67221003033718,80.85271803501325,37.608456
2018-12-15 16:00:00,3.28,114.66,49.32,57.13610806227365,81.35555452463876,40.951508
2018-12-15 16:15:00,3.35,96.8,49.46,53.00651138844405,80.00213764290888,36.928238
2018-12-15 16:30:00,3.28,118.12,49.54,60.84560204317856,79.1813114358757,35.164135
2018-12-15 16:45:00,3.24,133.2,34.63,61.69987420064227,77.96988547456445,36.608326
2018-12-15 17:00:00,3.28,102.64,27.0,48.66909187416083,38.20859099558746,19.368807
2018-12-15 17:15:00,3.28,63.94,9.9,33.20726920329938,35.337362466847395,15.058163
2018-12-15 17:30:00,3.35,62.64,5.22,30.234688409120096,34.55070807519641,8.510166
2018-12-15 17:45:00,4.18,37.94,5.29,18.40923140401749,32.67482826842109,9.908536
2018-12-15 18:00:00,4.1,32.62,5.22,14.087788450146578,32.804367043981955,7.3574605
2018-12-15 18:15:00,4.1,29.63,5.18,16.335788951307578,31.684154331764304,11.827082
2018-12-15 18:30:00,4.1,26.57,5.15,19.73965470183484,17.062696599744445,6.378691
2018-12-15 18:45:00,4.03,26.35,5.33,20.817906875943198,13.340351715076778,6.2381244
2018-12-15 19:00:00,4.28,26.32,5.15,19.516408000712843,13.070113346934194,7.0136247
2018-12-15 19:15:00,3.49,26.39,4.1,18.996850711544052,10.95241519191659,8.958521
2018-12-15 19:30:00,3.38,26.64,4.14,18.43398755279391,18.918337042722353,10.775782
2018-12-15 19:45:00,3.35,28.44,4.1,16.970580652339944,35.24386529917722,13.330216
2018-12-15 20:00:00,3.38,30.46,4.14,17.4804998239047,42.09601016785258,13.141775
2018-12-15 20:15:00,3.46,29.88,4.1,17.474687196190267,41.36330827684341,12.77981
2018-12-15 20:30:00,3.42,30.06,4.03,16.103958944026655,42.38749311145647,12.859193
2018-12-15 20:45:00,3.35,31.93,4.14,13.602689016903946,42.68817136465878,11.785529
2018-12-15 21:00:00,3.38,28.66,4.1,8.538737056574771,35.21233673764467,10.051257
2018-12-15 21:15:00,3.96,5.76,4.14,-3.2341797859477985,5.842425771386075,3.527392
2018-12-15 21:30:00,4.28,5.8,4.1,-4.528563566098395,4.9839326576766965,3.8957515
2018-12-15 21:45:00,4.25,5.72,4.14,-4.471179916791439,5.018773387110303,3.600659
2018-12-15 22:00:00,4.18,5.69,4.1,-4.398802861942894,5.009555661591945,4.509575
2018-12-15 22:15:00,3.74,5.4,3.82,-4.704388150523865,4.7562234537067605,3.7384868
2018-12-15 22:30:00,3.31,5.33,3.89,-4.840738538073058,4.668875000702909,3.7445683
2018-12-15 22:45:00,4.07,5.33,5.0,-4.737578315961567,4.888947684244805,4.401503
2018-12-15 23:00:00,3.56,5.33,4.75,-5.67486918064731,4.812019451974703,4.3813925
2018-12-15 23:15:00,3.17,4.86,3.82,-6.10568262949452,4.836187032196742,3.6377082
2018-12-15 23:30:00,3.24,4.03,3.71,-6.40733593549545,4.8049735777588225,3.6551619
2018-12-15 23:45:00,3.2,4.03,3.82,-6.371970672506382,4.845087228895678,3.6190991
2018-12-16 00:00:00,4.21,3.28,3.17,-10.56147108492068,3.7414848531471927,3.1161475
2018-12-16 00:15:00,3.24,4.14,3.74,-10.276164102064218,3.7907874349883346,4.1532025
2018-12-16 00:30:00,3.28,4.1,3.74,-10.25734368064428,3.8253575181855735,4.2049575
2018-12-16 00:45:00,3.28,4.07,3.82,-10.17512701885796,4.130470086207458,4.1544323
2018-12-16 01:00:00,3.85,4.14,3.85,-10.825182057588965,4.029650080620846,4.3340425
2018-12-16 01:15:00,4.18,4.14,3.78,-10.66011973847505,3.9324978461142557,4.2721744
2018-12-16 01:30:00,4.07,4.14,3.82,-10.453071936531177,4.0360832340932955,4.264575
2018-12-16 01:45:00,4.07,4.14,3.78,-10.227815314899889,4.218722105633937,4.3346295
2018-12-16 02:00:00,3.92,4.1,3.78,-10.723691467345876,4.0359154784915185,4.3741984
2018-12-16 02:15:00,3.28,4.1,3.17,-10.770447409705387,3.7083734639831643,3.7884398
2018-12-16 02:30:00,3.42,4.21,3.13,-10.533872445888338,9.698846566696453,3.7842102
2018-12-16 02:45:00,3.53,4.1,3.35,-10.266593887586577,10.372852263902688,3.8352141
2018-12-16 03:00:00,4.14,4.18,3.67,-10.702708844421448,10.300115009131588,4.5950217
2018-12-16 03:15:00,3.56,4.82,3.02,-10.3114230040803,4.564867176809055,3.8039584
2018-12-16 03:30:00,3.35,5.26,3.13,-9.804587172968002,5.48493450411859,3.8654375
2018-12-16 03:45:00,3.38,4.18,3.06,-9.750912956364427,5.153743816550842,3.8864837
2018-12-16 04:00:00,3.42,4.14,3.06,-10.16834415080309,5.077978997787345,3.6335711
2018-12-16 04:15:00,3.42,4.14,3.06,-9.757488405396852,4.384259881543294,3.5847974
2018-12-16 04:30:00,3.42,3.82,3.2,-9.418661910721926,3.3861723354845688,3.1895304
2018-12-16 04:45:00,3.38,3.46,3.78,-8.969363839355655,3.6704884866329994,3.1549072
2018-12-16 05:00:00,4.07,3.49,3.78,-9.291743203832528,3.691171975384302,3.0777507
2018-12-16 05:15:00,4.14,3.42,3.74,-8.739885074434813,3.4869349532256204,2.9325519
2018-12-16 05:30:00,4.07,3.42,3.74,-8.29599453167926,3.407511661510061,3.2020345
2018-12-16 05:45:00,4.07,3.42,3.13,-7.915652436268179,3.338169599735051,3.2160344
2018-12-16 06:00:00,3.53,3.38,3.74,-8.067861383438302,10.484059009062932,3.2877522
2018-12-16 06:15:00,3.31,3.46,3.56,-7.672905953215274,4.078021521342632,3.9500527
2018-12-16 06:30:00,3.35,3.42,3.1,-7.2910214336729275,3.2707638215657444,3.3616574
2018-12-16 06:45:00,3.64,3.49,2.95,-6.776092221362443,3.366946430929298,3.375451
2018-12-16 07:00:00,4.07,4.57,3.06,-6.701325767116106,3.850508698762388,3.2675655
2018-12-16 07:15:00,3.38,4.43,3.02,-6.158160630599216,3.483171695404543,3.259342
2018-12-16 07:30:00,3.28,4.1,2.95,-5.681681009928315,3.843563138062093,3.586793
2018-12-16 07:45:00,3.89,4.07,3.02,-4.651477919687206,4.741649819628012,4.22438
2018-12-16 08:00:00,3.96,3.64,2.99,-3.9001167502888983,3.986821750627968,3.2204022
2018-12-16 08:15:00,39.35,3.35,3.13,5.018189220907125,3.924271319675447,3.0601115
2018-12-16 08:30:00,63.54,3.35,3.74,14.295817519846965,3.5110287764462713,1.5256923
2018-12-16 08:45:00,65.02,3.38,3.82,14.803460741461889,3.474425392304648,-0.3241452
2018-12-16 09:00:00,63.79,3.49,3.96,18.631172231039017,3.5942918706256903,-3.5496125
2018-12-16 09:15:00,61.7,3.56,4.03,16.310552184712293,3.4646285951240583,0.3995252
2018-12-16 09:30:00,64.8,3.38,3.35,17.32329582204126,3.7057831880967242,0.9207185
2018-12-16 09:45:00,51.16,3.42,3.31,18.470683895098873,3.817825495398188,0.57308364
2018-12-16 10:00:00,55.01,3.35,3.89,14.927566525979332,3.4609158142292253,-0.12785819
2018-12-16 10:15:00,61.81,3.35,4.03,16.447235640907106,3.4711463765076487,0.3105499
2018-12-16 10:30:00,72.18,3.35,3.31,17.93973488448187,3.8231842359116506,2.5232487
2018-12-16 10:45:00,54.86,4.97,3.35,18.870348737987335,4.343900515893136,6.281962
2018-12-16 11:00:00,66.78,5.36,3.42,16.642825790138623,4.211445242765906,6.0782614
2018-12-16 11:15:00,69.95,4.28,3.35,15.955587358484513,4.351657998178768,6.243728
2018-12-16 11:30:00,53.35,4.18,3.31,18.481514962232794,4.769460127974627,7.981953
2018-12-16 11:45:00,55.51,3.35,3.38,19.067918732771687,3.6496336468319175,5.185608
2018-12-16 12:00:00,11.81,3.38,3.89,17.261828545037645,3.6108728997016315,4.016458
2018-12-16 12:15:00,5.65,3.42,4.18,1.3433956910658686,4.1001625884013375,2.741389
2018-12-16 12:30:00,5.54,3.42,4.1,1.877880431706508,4.722130917006283,3.4045198
2018-12-16 12:45:00,5.44,3.42,4.1,4.015770864076234,3.7916125752175867,2.25678
2018-12-16 13:00:00,5.33,3.38,3.6,3.919711069565242,3.5991384867842218,3.0817196
2018-12-16 13:15:00,36.47,3.31,3.42,12.242945567417257,3.4834903913758133,2.2952895
2018-12-16 13:30:00,63.72,3.35,3.42,16.06125205524669,3.5679750296864383,3.9386516
2018-12-16 13:45:00,64.8,3.38,3.35,18.69182620429882,3.7359099938293823,5.4060793
2018-12-16 14:00:00,61.85,3.31,3.92,17.602491846605403,3.456943771639989,3.6705465
2018-12-16 14:15:00,57.89,3.82,3.78,18.659347064175254,3.427682462151052,3.2994165
2018-12-16 14:30:00,54.36,4.1,3.42,18.09400188091376,4.032479361416604,6.435805
2018-12-16 14:45:00,47.38,4.07,3.38,15.716434086945961,3.9616203203688847,6.3809953
2018-12-16 15:00:00,43.49,4.21,3.46,17.445471855172265,4.101575778161099,8.162733
2018-12-16 15:15:00,45.4,3.74,3.42,17.36006008032188,3.6237990222552185,4.2078013
2018-12-16 15:30:00,60.55,3.74,3.53,15.351136548192708,3.495299295265233,2.202752
2018-12-16 15:45:00,48.42,3.96,4.07,16.849008795259575,3.542891530796558,2.7740748
2018-12-16 16:00:00,63.22,3.28,4.03,14.561630114866368,3.40174669591854,2.5949123
2018-12-16 16:15:00,62.64,3.35,4.14,15.646033280738367,3.400747758808833,0.1596462
2018-12-16 16:30:00,66.02,3.28,4.0,17.793533730519194,3.384861499809935,0.18361965
2018-12-16 16:45:00,35.42,3.24,3.31,18.56181158561705,5.083564792945898,3.7335885
2018-12-16 17:00:00,9.11,3.28,3.35,14.722381466440744,5.767711394765732,1.7762479
2018-12-16 17:15:00,8.06,3.28,3.49,12.369314071369782,3.5464599261520684,4.012896
2018-12-16 17:30:00,7.74,3.35,4.1,12.0682348187594,3.512782330849667,5.5502033
2018-12-16 17:45:00,7.85,4.18,3.64,4.7960764230393735,9.845157857174321,7.63382
2018-12-16 18:00:00,6.73,4.1,3.24,0.9635909920466759,12.248623226876472,9.344515
2018-12-16 18:15:00,5.22,4.1,3.28,4.618593893156682,11.150265796397163,10.280402
2018-12-16 18:30:00,5.69,4.1,3.31,8.610928204903193,11.995448788139957,12.072607
2018-12-16 18:45:00,5.72,4.03,3.42,9.657887633727054,6.585897200635624,9.993807
2018-12-16 19:00:00,5.69,4.28,3.64,8.388561897865191,8.799030351302731,12.887045
2018-12-16 19:15:00,5.72,3.49,4.07,7.569598397233687,3.4349559214036804,4.5417676
2018-12-16 19:30:00,5.44,3.38,4.03,7.0732850935170895,3.439755737568969,3.9895897
2018-12-16 19:45:00,4.46,3.35,4.03,4.416628937637558,3.485887266897331,3.3214076
2018-12-16 20:00:00,4.5,3.38,4.0,4.722012377595306,3.4596568903570346,3.481985
2018-12-16 20:15:00,4.46,3.46,3.31,4.604922302785123,6.488021504684556,5.062216
2018-12-16 20:30:00,4.5,3.42,3.31,2.628086959668167,6.464749743592493,5.081629
2018-12-16 20:45:00,4.54,3.35,3.35,-0.6479753288411558,6.077188490009459,4.2490473
2018-12-16 21:00:00,4.46,3.38,3.35,-4.924299619010998,6.082827960870598,3.4685736
2018-12-16 21:15:00,4.5,3.96,3.67,-10.351304818174253,6.143270137597155,4.1159825
2018-12-16 21:30:00,4.5,4.28,4.14,-11.185309298317119,7.717349654903807,6.441814
2018-12-16 21:45:00,4.57,4.25,3.38,-11.410199418133363,8.567594250215741,9.019413
2018-12-16 22:00:00,4.57,4.18,3.28,-12.335651455394288,11.430070488248303,12.489453
2018-12-16 22:15:00,4.25,3.74,3.13,-12.633007810940018,5.88087829855897,5.870373
2018-12-16 22:30:00,4.25,3.31,3.17,-12.850202604347668,3.9731681383825252,3.855475
2018-12-16 22:45:00,4.18,4.07,3.78,-12.748784739119802,4.444355972401003,5.9509516
2018-12-16 23:00:00,5.44,3.56,3.78,-13.720176525839403,3.5496189640637144,3.07811
2018-12-16 23:15:00,4.82,3.17,3.74,-13.837779475519095,3.5987073709842177,3.0666516
2018-12-16 23:30:00,4.14,3.24,3.74,-13.877386370429708,3.6875828967818363,3.269595
2018-12-16 23:45:00,4.18,3.2,3.46,-13.911518241196763,3.409436809452678,3.204587
2018-12-17 00:00:00,4.57,4.21,5.36,10.967940420634502,4.648025314378729,4.616103
2018-12-17 00:15:00,4.25,3.24,3.06,10.269187827299586,4.472674742344158,3.5577002
2018-12-17 00:30:00,4.18,3.28,3.02,10.290804361909291,4.4329684099505995,3.6561852
2018-12-17 00:45:00,4.21,3.28,3.31,10.434179720712478,4.430959389468024,3.819134
2018-12-17 01:00:00,4.21,3.85,3.85,9.951948959193665,4.3797504276872194,3.7851715
2018-12-17 01:15:00,4.21,4.18,3.42,10.090673995213486,4.492833034126597,3.836773
2018-12-17 01:30:00,4.36,4.07,3.1,10.207494025118816,4.453434791540605,4.042959
2018-12-17 01:45:00,4.28,4.07,3.1,10.464118373833305,4.445424412008092,4.254698
2018-12-17 02:00:00,4.28,3.92,3.17,9.949391076801785,4.391680374091503,4.3606
2018-12-17 02:15:00,4.28,3.28,3.31,9.88278158365205,4.35736534037623,3.8632054
2018-12-17 02:30:00,3.71,3.42,3.82,10.215813486591895,13.682194590303215,4.112833
2018-12-17 02:45:00,4.32,3.53,3.78,10.497930961923334,13.610185647989,4.0565615
2018-12-17 03:00:00,3.82,4.14,3.82,10.117920610634375,13.368093827404637,4.396019
2018-12-17 03:15:00,3.53,3.56,3.74,10.355648463056585,4.525786990007094,4.1787863
2018-12-17 03:30:00,3.53,3.35,3.1,10.586940513415964,4.337857813312972,4.041924
2018-12-17 03:45:00,3.53,3.38,3.2,10.920670036548731,4.556971711328993,3.9390366
2018-12-17 04:00:00,3.6,3.42,3.1,10.523602959273969,5.422204005132281,3.7626612
2018-12-17 04:15:00,3.53,3.42,3.13,10.946040433506486,5.569444662416961,3.8332207
2018-12-17 04:30:00,3.53,3.42,3.17,11.327295956046903,4.171595503792959,3.7546122
2018-12-17 04:45:00,4.1,3.38,3.49,11.81708512053461,4.6919321980681765,3.9614031
2018-12-17 05:00:00,4.25,4.07,3.74,11.68886020350148,6.133488480760081,3.9745653
2018-12-17 05:15:00,4.28,4.14,3.13,12.160151245710388,4.438947247635779,4.2215786
2018-12-17 05:30:00,4.25,4.07,3.1,12.554066573840649,4.510248943449676,4.0479784
2018-12-17 05:45:00,3.64,4.07,3.82,13.209458016809304,13.062367674255938,4.3231564
2018-12-17 06:00:00,3.49,3.53,3.82,12.826274528110156,13.561348086995155,4.253958
2018-12-17 06:15:00,3.46,3.31,3.85,13.190841785992031,5.3108736807477674,4.135845
2018-12-17 06:30:00,4.32,3.35,3.82,13.639755829342437,4.091775483616888,4.2949963
2018-12-17 06:45:00,3.6,3.64,3.46,14.153128445058412,4.402277516922629,3.7729297
2018-12-17 07:00:00,3.42,4.07,3.06,14.027813010174363,3.998837500915224,4.350236
2018-12-17 07:15:00,3.49,3.38,3.13,14.450375324739166,4.001114641723924,3.8762276
2018-12-17 07:30:00,4.36,3.28,3.56,15.083158543409716,6.478859937200706,4.177629
2018-12-17 07:45:00,6.19,3.89,5.87,16.74199554240233,5.152462497564836,7.1585126
2018-12-17 08:00:00,6.3,3.96,6.8,17.907091931775987,6.964580975203312,7.9995666
2018-12-17 08:15:00,6.48,39.35,33.48,38.17505182136599,41.02057921071117,41.38499
2018-12-17 08:30:00,53.35,63.54,61.06,58.35826811265562,70.23978926689678,74.85627
2018-12-17 08:45:00,46.94,65.02,58.36,59.4122181091917,70.26636693330445,73.16229
2018-12-17 09:00:00,52.06,63.79,68.62,68.22266449859626,70.37801130520174,82.4785
2018-12-17 09:15:00,54.83,61.7,69.23,65.78369969866644,70.30541900150372,77.03834
2018-12-17 09:30:00,56.12,64.8,70.78,68.78163991070312,70.32452389142162,76.49339
2018-12-17 09:45:00,58.0,51.16,61.74,65.36522187920018,69.68166225274645,76.13858
2018-12-17 10:00:00,50.08,55.01,72.0,63.6061646060855,69.13924715534014,70.56753
2018-12-17 10:15:00,46.04,61.81,56.2,64.33624579237727,69.57497709788053,70.966194
2018-12-17 10:30:00,49.54,72.18,56.02,68.46181121619317,71.00544850329788,77.2638
2018-12-17 10:45:00,54.14,54.86,63.9,65.81009774573616,68.9618372382416,71.04036
2018-12-17 11:00:00,53.78,66.78,68.47,67.8449769483407,69.46095856903068,69.878204
2018-12-17 11:15:00,52.67,69.95,61.56,67.78459470901113,70.29039622580568,74.94136
2018-12-17 11:30:00,55.84,53.35,70.31,68.72732508293298,68.880367758099,71.31884
2018-12-17 11:45:00,49.64,55.51,62.42,66.95957581522755,69.86423959106291,73.003174
2018-12-17 12:00:00,54.5,11.81,44.75,53.08345702128207,69.94574462218874,66.71086
2018-12-17 12:15:00,11.12,5.65,9.11,24.080587059388222,12.87171044186639,10.424205
2018-12-17 12:30:00,7.06,5.54,10.33,24.720109598596004,11.189759512455066,9.284141
2018-12-17 12:45:00,7.13,5.44,11.45,28.887750816140535,19.205054412839896,10.294101
2018-12-17 13:00:00,8.21,5.33,11.09,29.05687449137212,20.205638615487434,13.800166
2018-12-17 13:15:00,33.26,36.47,42.66,51.047922490791635,56.33755724363907,56.648914
2018-12-17 13:30:00,56.99,63.72,72.9,65.94509548343324,69.53341371943745,69.96014
2018-12-17 13:45:00,56.59,64.8,71.03,70.18563281091677,70.08188647429898,68.946846
2018-12-17 14:00:00,55.08,61.85,67.32,69.11869998544927,69.8132073702375,66.232475
2018-12-17 14:15:00,51.05,57.89,64.22,69.50368513438333,69.1700530210985,67.74464
2018-12-17 14:30:00,47.95,54.36,69.91,69.91889139541992,68.64557180894485,66.834076
2018-12-17 14:45:00,57.82,47.38,51.23,60.93250212675396,68.17285384695741,66.919685
2018-12-17 15:00:00,59.11,43.49,58.39,64.13166733494992,68.3534419894906,62.387543
2018-12-17 15:15:00,60.62,45.4,69.62,68.19852593757248,68.80698828051077,63.502
2018-12-17 15:30:00,53.6,60.55,66.71,67.51813913138444,69.0442458559601,62.717884
2018-12-17 15:45:00,60.44,48.42,65.99,67.57864034492123,68.44268348870143,61.15162
2018-12-17 16:00:00,67.5,63.22,64.98,68.70050652319348,69.60813973871609,63.6226
2018-12-17 16:15:00,85.86,62.64,64.55,69.16464957036267,69.48801739861254,66.10031
2018-12-17 16:30:00,82.33,66.02,63.72,72.91942101410031,69.83566039241606,67.650696
2018-12-17 16:45:00,59.8,35.42,66.53,67.61934366182174,69.25096660332979,60.71739
2018-12-17 17:00:00,60.37,9.11,62.57,55.238533105336515,68.78838410260101,62.51492
2018-12-17 17:15:00,56.38,8.06,63.72,51.57892946890681,68.525737722363,61.888638
2018-12-17 17:30:00,52.99,7.74,58.64,50.30551034285696,66.51563480282067,59.43296
2018-12-17 17:45:00,35.35,7.85,60.12,43.64129047304473,47.68202631248999,33.324104
2018-12-17 18:00:00,31.32,6.73,24.73,31.576201159306635,34.14822257488935,32.13865
2018-12-17 18:15:00,16.09,5.22,5.47,30.62629118689114,47.58551980683878,35.55015
2018-12-17 18:30:00,6.37,5.69,4.5,34.39517111632402,73.3172996622327,38.5569
2018-12-17 18:45:00,5.8,5.72,4.46,35.50897369371879,71.69116651540661,39.520874
2018-12-17 19:00:00,5.54,5.69,4.46,34.22015585093424,72.2474937660353,39.331905
2018-12-17 19:15:00,5.54,5.72,4.75,33.679364024041185,70.97711873213831,42.462936
2018-12-17 19:30:00,5.62,5.44,5.69,33.44267625009519,52.92752270916595,47.052273
2018-12-17 19:45:00,5.54,4.46,5.62,30.686936956615128,53.174534835906755,45.185467
2018-12-17 20:00:00,5.62,4.5,4.46,30.840177764625267,72.63457721675081,48.752632
2018-12-17 20:15:00,5.54,4.46,4.46,30.909871376193752,72.1071413735746,50.137203
2018-12-17 20:30:00,4.75,4.5,4.5,29.118712705732893,75.28007193519262,47.759636
2018-12-17 20:45:00,4.46,4.54,4.43,25.953182780837004,63.95023279384232,39.075413
2018-12-17 21:00:00,4.46,4.46,4.46,20.978217171937516,31.44631552969927,19.557438
2018-12-17 21:15:00,4.43,4.5,4.5,14.738070396614212,10.70522246032831,6.9228024
2018-12-17 21:30:00,4.43,4.5,4.57,13.753296383476325,7.439326598837932,5.0775094
2018-12-17 21:45:00,4.46,4.57,4.54,13.635748645855529,7.365121484198479,4.6772175
2018-12-17 22:00:00,4.46,4.57,4.46,12.687487012413943,6.999488004957437,4.441494
2018-12-17 22:15:00,4.14,4.25,4.28,12.433450575159481,6.378455032210274,4.4579744
2018-12-17 22:30:00,4.18,4.25,4.25,12.35363915535481,6.7369277253728725,4.0932565
2018-12-17 22:45:00,4.21,4.18,4.32,12.161708665224051,5.172304206192894,3.9186783
2018-12-17 23:00:00,4.18,5.44,4.18,11.586974430847402,6.409445350103102,3.6854932
2018-12-17 23:15:00,4.14,4.82,4.18,11.354932987818511,7.253577747645671,4.202373
2018-12-17 23:30:00,4.07,4.14,4.21,11.108523018864208,7.20670848303164,4.070614
2018-12-17 23:45:00,4.07,4.18,4.28,11.123509605563086,7.270030971497451,4.006218
2018-12-18 00:00:00,4.14,4.57,4.18,7.012558778500452,6.549305477418643,4.2815595
2018-12-18 00:15:00,5.22,4.25,4.86,7.206911535254488,8.113415711980709,4.5260434
2018-12-18 00:30:00,4.68,4.18,4.21,7.065826249451941,7.754961941298996,4.340202
2018-12-18 00:45:00,4.14,4.21,4.18,7.16170516984722,7.700900649235064,4.2740245
2018-12-18 01:00:00,4.1,4.21,4.21,6.440737736137663,5.821975253685935,4.454035
2018-12-18 01:15:00,4.18,4.21,4.32,6.594533401937909,5.781089076225727,4.6254954
2018-12-18 01:30:00,4.07,4.36,4.25,6.794378909552304,6.249034829654453,4.4791613
2018-12-18 01:45:00,4.18,4.28,4.18,6.976469061372608,6.011991496853759,4.5116405
2018-12-18 02:00:00,4.1,4.28,4.21,6.4931567426879155,5.871709054993669,4.5589504
2018-12-18 02:15:00,4.18,4.28,4.28,6.643237062579463,7.21916094400703,4.4793615
2018-12-18 02:30:00,4.14,3.71,4.25,6.701560938899053,13.68684062387658,4.3075314
2018-12-18 02:45:00,4.21,4.32,4.21,7.075956318472841,13.644433365915395,4.4080505
2018-12-18 03:00:00,4.18,3.82,3.56,6.292753832378491,13.391714509956381,4.1428013
2018-12-18 03:15:00,3.6,3.53,3.56,6.639847162406621,4.531695302795426,4.0711317
2018-12-18 03:30:00,3.42,3.53,3.53,7.045738825577331,4.583003951897769,4.132206
2018-12-18 03:45:00,3.42,3.53,3.53,7.339466566391419,6.5660482625884145,3.966792
2018-12-18 04:00:00,3.38,3.6,3.85,7.007098784682253,13.123509766390244,4.0535107
2018-12-18 04:15:00,3.42,3.53,4.18,7.482578191302423,13.178339016262845,4.062531
2018-12-18 04:30:00,3.71,3.53,3.49,7.7089567653172075,4.9177709803567495,3.7917857
2018-12-18 04:45:00,4.18,4.1,3.56,8.284752053286073,5.299396236594882,4.070171
2018-12-18 05:00:00,3.53,4.25,3.56,7.985574237528905,9.014756674662475,4.3902926
2018-12-18 05:15:00,3.46,4.28,3.74,8.613592800689343,4.574122357579795,4.3030505
2018-12-18 05:30:00,3.38,4.25,4.18,9.147639534317921,6.944503434889725,4.55045
2018-12-18 05:45:00,4.03,3.64,4.25,9.462212058826982,9.237080966508136,4.01757
2018-12-18 06:00:00,4.14,3.49,4.28,9.198158060691117,7.017635734708993,3.9288867
2018-12-18 06:15:00,3.6,3.46,3.56,9.433077889833324,4.440323367523241,3.7063563
2018-12-18 06:30:00,3.38,4.32,3.53,10.132933478492163,4.868582010955256,4.342505
2018-12-18 06:45:00,3.35,3.6,3.6,10.446882273790788,5.371362746817997,3.900229
2018-12-18 07:00:00,3.31,3.42,3.49,10.27177909842845,4.451107492594581,3.7831306
2018-12-18 07:15:00,3.28,3.49,4.1,10.991887590836008,4.7793695854175935,3.7938006
2018-12-18 07:30:00,3.42,4.36,4.07,11.674365176448298,13.7780045556182,5.061567
2018-12-18 07:45:00,5.58,6.19,4.86,13.157543551355545,5.822765247215419,5.835164
2018-12-18 08:00:00,7.27,6.3,14.83,16.31209166716931,7.983501675376528,7.96964
2018-12-18 08:15:00,38.38,6.48,44.21,31.970674810517142,28.30120663794576,33.013115
2018-12-18 08:30:00,72.86,53.35,54.04,50.40023418495748,73.95140676156741,62.838345
2018-12-18 08:45:00,66.42,46.94,61.74,51.48884051849096,73.90940891954078,64.95389
2018-12-18 09:00:00,81.4,52.06,69.48,59.31259227895907,74.01848222311901,67.21936
2018-12-18 09:15:00,66.28,54.83,75.38,59.58265385641002,73.94350017390087,67.5145
2018-12-18 09:30:00,78.3,56.12,71.82,60.749614512125135,73.9049549611539,68.39253
2018-12-18 09:45:00,77.72,58.0,71.24,63.9193678790966,73.48773084887661,71.5957
2018-12-18 10:00:00,74.59,50.08,54.86,52.29511444531516,73.23571985825912,69.22472
2018-12-18 10:15:00,63.04,46.04,66.13,57.36092344051545,73.27104172423657,64.274994
2018-12-18 10:30:00,58.68,49.54,73.08,61.810023926920564,73.55350018283974,67.65442
2018-12-18 10:45:00,62.96,54.14,77.51,63.13649481491838,72.56078153630015,64.96524
2018-12-18 11:00:00,68.36,53.78,72.54,59.52250102096575,72.15704744149106,65.1246
2018-12-18 11:15:00,60.05,52.67,63.83,58.50397870342068,71.67952738350944,64.51264
2018-12-18 11:30:00,58.82,55.84,67.07,62.71853176346036,71.56677056706519,68.83065
2018-12-18 11:45:00,64.73,49.64,84.24,64.78202536656165,72.48559111940249,63.182312
2018-12-18 12:00:00,67.54,54.5,72.79,66.18444425187101,72.4996225013773,71.48744
2018-12-18 12:15:00,8.14,11.12,7.96,21.314962808531096,12.78052602139758,9.449637
2018-12-18 12:30:00,8.64,7.06,5.8,19.660780126495645,8.289895436239023,6.5573854
2018-12-18 12:45:00,8.78,7.13,6.98,22.03687158582473,13.17825884010893,6.2374787
2018-12-18 13:00:00,9.4,8.21,6.95,24.13661440934954,15.234448178558154,10.917083
2018-12-18 13:15:00,52.45,33.26,38.45,44.148584841933896,44.91345873728663,45.862995
2018-12-18 13:30:00,67.46,56.99,59.36,54.510858921241464,70.65548508497356,65.18653
2018-12-18 13:45:00,62.53,56.59,66.02,60.75337236922839,70.92633430534855,63.403706
2018-12-18 14:00:00,62.46,55.08,80.28,63.79765082838384,71.81785020476818,63.8253
2018-12-18 14:15:00,67.18,51.05,75.53,63.78801034965238,71.22794713202964,64.71516
2018-12-18 14:30:00,113.51,47.95,72.0,61.990098393233254,71.55458461144269,62.73403
2018-12-18 14:45:00,99.5,57.82,72.61,61.97260332960609,71.73902342393228,63.83944
2018-12-18 15:00:00,68.0,59.11,78.55,65.99445326572683,72.00505209733247,64.25956
2018-12-18 15:15:00,120.82,60.62,73.98,65.89409369218136,71.86191424024132,64.853676
2018-12-18 15:30:00,79.45,53.6,76.79,61.854329268584365,71.71229579047704,62.21719
2018-12-18 15:45:00,117.68,60.44,80.46,67.43191692850976,72.15502845151805,64.113884
2018-12-18 16:00:00,114.08,67.5,68.11,63.93256785145306,71.11345192677341,65.182724
2018-12-18 16:15:00,106.27,85.86,71.68,68.66246885521677,72.4627990250411,65.77926
2018-12-18 16:30:00,93.28,82.33,69.8,70.49916287343605,71.81460774541252,65.435776
2018-12-18 16:45:00,127.58,59.8,75.46,68.36346171576399,72.17687435146378,66.732216
2018-12-18 17:00:00,94.61,60.37,70.27,63.47887540650946,71.54844333753094,69.223564
2018-12-18 17:15:00,101.02,56.38,78.48,60.93869340390174,72.35221337346678,66.53614
2018-12-18 17:30:00,112.14,52.99,66.78,57.34846049485253,69.57988200354166,65.4834
2018-12-18 17:45:00,68.08,35.35,32.11,35.37607874479798,33.1540994158347,34.263794
2018-12-18 18:00:00,15.95,31.32,31.25,32.45376326954206,31.760916255517913,32.936253
2018-12-18 18:15:00,7.16,16.09,36.4,33.07661570143262,38.107659550498575,37.106766
2018-12-18 18:30:00,5.58,6.37,39.56,35.818904151719224,36.26388476762051,42.20248
2018-12-18 18:45:00,5.65,5.8,51.44,39.45356739289264,35.88080962666214,43.90676
2018-12-18 19:00:00,5.0,5.54,51.52,38.659296299871386,36.62252601562537,43.848766
2018-12-18 19:15:00,4.5,5.54,53.57,38.885525677474845,34.73585556070505,43.25218
2018-12-18 19:30:00,4.39,5.62,52.81,38.41797947921181,34.732938931212615,42.61925
2018-12-18 19:45:00,4.43,5.54,52.38,35.855313939462405,34.951196625160655,40.15254
2018-12-18 20:00:00,4.39,5.62,53.21,36.42207472768851,34.95152150269542,41.991722
2018-12-18 20:15:00,4.43,5.54,51.91,36.18957942043699,34.90088891605245,42.046856
2018-12-18 20:30:00,4.36,4.75,53.46,34.51858864057208,34.292513423298,40.83548
2018-12-18 20:45:00,4.39,4.46,32.36,26.53257800586624,42.000812303455035,37.27141
2018-12-18 21:00:00,4.43,4.46,28.37,20.67461789635421,30.826369706729412,18.857775
2018-12-18 21:15:00,4.39,4.43,6.77,9.591601675098804,9.221790619283507,7.340332
2018-12-18 21:30:00,4.46,4.43,5.69,8.373911140521383,7.347529800327309,4.9931436
2018-12-18 21:45:00,4.39,4.46,5.8,8.275607040808215,7.1416398517135455,5.5541887
2018-12-18 22:00:00,4.39,4.46,5.69,7.314093314898582,6.753603453583548,4.6215568
2018-12-18 22:15:00,4.25,4.14,5.47,7.0495730190956785,6.284722422967824,4.444905
2018-12-18 22:30:00,5.18,4.18,5.44,6.963188166440997,5.897149197085693,4.229512
2018-12-18 22:45:00,5.15,4.21,4.97,6.699269558049817,5.797181401343516,4.2658834
2018-12-18 23:00:00,4.14,4.18,4.36,5.749264195006042,4.702436081348226,4.2955537
2018-12-18 23:15:00,4.14,4.14,4.25,5.631482980437255,4.63170642551478,4.1837196
2018-12-18 23:30:00,4.14,4.07,4.21,5.513465976433363,4.587902933608702,4.2048187
2018-12-18 23:45:00,4.1,4.07,4.14,5.505668444207082,4.585828199202052,4.168034
2018-12-19 00:00:00,3.92,4.14,4.21,4.317164067490982,4.895279125717009,4.536122
2018-12-19 00:15:00,4.14,5.22,4.21,4.6357183573775735,6.365800106950838,5.752349
2018-12-19 00:30:00,4.14,4.68,4.14,4.52445760829108,6.833485179287387,6.10969
2018-12-19 00:45:00,4.14,4.14,4.14,4.480913231597388,7.152436057829354,4.448254
2018-12-19 01:00:00,4.21,4.1,4.14,3.747626032971315,6.570821626445898,4.5353255
2018-12-19 01:15:00,4.14,4.18,4.21,3.9372228362493935,6.349872023871276,4.7254195
2018-12-19 01:30:00,4.14,4.07,4.18,4.110871474418193,4.65577532255943,4.483691
2018-12-19 01:45:00,4.18,4.18,4.75,4.477421670342423,4.743256272827045,4.7430606
2018-12-19 02:00:00,4.18,4.1,5.33,4.098439693631949,4.553148040741045,4.7430453
2018-12-19 02:15:00,4.93,4.18,4.25,3.977942779637413,4.731795032364312,4.5198655
2018-12-19 02:30:00,5.26,4.14,4.25,4.200491629988498,13.589484152112432,4.864778
2018-12-19 02:45:00,4.14,4.21,4.18,4.450483779467849,13.607041455360521,4.621149
2018-12-19 03:00:00,4.14,4.18,4.21,3.9222925042866628,13.92146253552306,4.7901244
2018-12-19 03:15:00,4.1,3.6,4.18,4.204466717573421,4.467425172032759,4.3767767
2018-12-19 03:30:00,4.25,3.42,4.18,4.568358105271042,4.475028611594525,4.306902
2018-12-19 03:45:00,3.82,3.42,4.25,4.8619692851035445,5.888330774300422,4.140592
2018-12-19 04:00:00,3.49,3.38,4.18,4.463059690294937,5.889360451487068,4.163817
2018-12-19 04:15:00,3.42,3.42,4.03,4.838113589270261,5.321914553095255,4.185778
2018-12-19 04:30:00,3.42,3.71,3.46,5.147767820338256,5.559462904972159,4.067287
2018-12-19 04:45:00,3.49,4.18,3.46,5.704344181620069,6.389150421932147,4.4909353
2018-12-19 05:00:00,3.38,3.53,3.53,5.253796467955212,8.93493168563125,4.184652
2018-12-19 05:15:00,3.42,3.46,3.46,5.802986886307291,4.499782947325743,4.1322165
2018-12-19 05:30:00,3.38,3.38,3.49,6.175271962570701,4.360915362723645,3.9353905
2018-12-19 05:45:00,3.42,4.03,4.0,6.899110330606032,7.092071660612595,4.0610495
2018-12-19 06:00:00,3.42,4.14,4.25,6.73868575126512,6.764065508612891,4.2872367
2018-12-19 06:15:00,4.07,3.6,3.85,6.95338427640219,5.611904959876785,3.9694283
2018-12-19 06:30:00,4.18,3.38,3.42,7.31814746052833,5.5756790101122276,3.8172197
2018-12-19 06:45:00,3.96,3.35,3.42,7.797203843340448,4.360707271183248,3.8551533
2018-12-19 07:00:00,4.1,3.31,3.96,7.86835024608455,4.25168610003969,3.8750217
2018-12-19 07:15:00,4.1,3.28,4.1,8.431485734106012,3.9377869671228285,3.8709087
2018-12-19 07:30:00,4.07,3.42,4.32,9.103596289974877,7.44172873949289,4.1562977
2018-12-19 07:45:00,5.76,5.58,5.83,10.770186790422862,5.755837234071641,5.331808
2018-12-19 08:00:00,6.23,7.27,5.8,11.049606151234169,6.792721020657636,7.3729405
2018-12-19 08:15:00,36.14,38.38,36.86,33.809870152309934,40.61994281772341,38.865147
2018-12-19 08:30:00,70.81,72.86,60.37,54.16412294265723,74.55299655344785,70.567116
2018-12-19 08:45:00,59.54,66.42,66.46,55.04232148303841,74.4929466570877,69.175575
2018-12-19 09:00:00,63.86,81.4,69.05,64.9897844711558,74.85575365040214,81.31794
2018-12-19 09:15:00,77.4,66.28,63.86,56.913219422131434,74.46415467985462,73.59456
2018-12-19 09:30:00,65.23,78.3,65.59,62.65675543243468,74.84439805820061,76.7146
2018-12-19 09:45:00,69.3,77.72,60.98,63.900774249447295,74.378570647142,87.04342
2018-12-19 10:00:00,61.13,74.59,65.74,59.60040101721883,74.86521186098865,73.102516
2018-12-19 10:15:00,61.16,63.04,57.17,57.6354615742182,74.25352418048533,74.29426
2018-12-19 10:30:00,70.42,58.68,64.55,60.02003547281016,74.03065875888963,75.382195
2018-12-19 10:45:00,63.68,62.96,53.42,56.78655278295476,72.88956300842868,72.502686
2018-12-19 11:00:00,83.09,68.36,65.88,59.626113068330504,73.35021796102541,70.28283
2018-12-19 11:15:00,140.8,60.05,57.71,57.1559247683286,72.27708132730434,71.60504
2018-12-19 11:30:00,110.88,58.82,59.76,59.333180371289984,72.26501004486808,75.860054
2018-12-19 11:45:00,115.13,64.73,79.85,63.796234318028326,73.71796887953153,68.45926
2018-12-19 12:00:00,101.99,67.54,49.64,60.29904481688179,71.9945373532526,74.273125
2018-12-19 12:15:00,12.13,8.14,27.97,22.706782028935827,12.71219958610167,11.28204
2018-12-19 12:30:00,6.66,8.64,29.74,22.830980064691374,9.426929971366059,9.759495
2018-12-19 12:45:00,6.8,8.78,29.56,25.017954830236942,11.743782752754159,10.950738
2018-12-19 13:00:00,6.98,9.4,29.3,27.64771199933437,14.090145045297088,14.221678
2018-12-19 13:15:00,62.42,52.45,58.86,50.78812636098339,53.142880001131225,55.01719
2018-12-19 13:30:00,116.46,67.46,61.78,55.733670859690235,71.96859939992704,64.27509
2018-12-19 13:45:00,89.86,62.53,77.0,62.71414354828141,72.6929428258921,67.39464
2018-12-19 14:00:00,98.03,62.46,65.56,60.159164551228955,71.61729768091153,65.61984
2018-12-19 14:15:00,149.18,67.18,86.51,67.8936392656277,73.26532166041493,65.9847
2018-12-19 14:30:00,116.64,113.51,60.44,73.09612119377944,70.20948754267444,74.62579
2018-12-19 14:45:00,105.48,99.5,64.8,66.83682819037635,70.13670042445467,67.254265
2018-12-19 15:00:00,145.22,68.0,72.18,61.84293674137864,69.27492974618079,66.768234
2018-12-19 15:15:00,101.38,120.82,69.08,77.9952903538375,69.38173270733782,66.631714
2018-12-19 15:30:00,130.46,79.45,66.17,61.53058552944934,70.10180140344677,64.454475
2018-12-19 15:45:00,115.24,117.68,61.67,74.67686783334422,69.73543245743762,70.27363
2018-12-19 16:00:00,125.21,114.08,70.6,75.56396853717098,68.94744757227004,68.842186
2018-12-19 16:15:00,133.56,106.27,68.36,72.59494653382475,68.51066993550026,68.54109
2018-12-19 16:30:00,81.65,93.28,75.1,73.93999305350579,68.8061381845708,68.70871
2018-12-19 16:45:00,62.68,127.58,66.13,82.97914833592557,69.5365855315738,65.098656
2018-12-19 17:00:00,125.5,94.61,70.7,70.14203937671692,69.31940302346423,65.44224
2018-12-19 17:15:00,68.0,101.02,60.7,65.18552596615824,69.67294879071625,64.989525
2018-12-19 17:30:00,40.5,112.14,57.92,68.11007092161086,68.37499469883456,61.102913
2018-12-19 17:45:00,31.68,68.08,32.9,43.081699828450425,40.1358195413524,35.34401
2018-12-19 18:00:00,26.82,15.95,30.53,24.021830278900683,35.68057455511234,32.225117
2018-12-19 18:15:00,5.98,7.16,49.9,29.01718759366495,30.705338820994402,24.720116
2018-12-19 18:30:00,5.47,5.58,67.25,38.37825973638259,25.487284689336963,26.949612
2018-12-19 18:45:00,5.54,5.65,69.37,41.378098562202574,25.65613849767919,28.85245
2018-12-19 19:00:00,5.44,5.0,65.99,39.50622009562372,25.592478897132466,27.973166
2018-12-19 19:15:00,5.47,4.5,66.02,38.48015488625839,25.823894774653006,27.416481
2018-12-19 19:30:00,5.47,4.39,60.19,36.86665522324395,25.373732411981702,28.258032
2018-12-19 19:45:00,5.4,4.43,58.54,33.511831793293375,24.345290722448738,24.102015
2018-12-19 20:00:00,5.33,4.39,61.85,34.876317399631404,24.98805640971706,24.480724
2018-12-19 20:15:00,5.36,4.43,67.07,36.365599630340796,25.930617635489977,26.039024
2018-12-19 20:30:00,5.33,4.36,58.82,32.07721698505222,24.310453454803824,24.131207
2018-12-19 20:45:00,5.44,4.39,53.35,29.35808794347761,22.716103210029626,18.481573
2018-12-19 21:00:00,5.4,4.43,30.35,18.783858118372173,25.0083994328649,12.476222
2018-12-19 21:15:00,5.4,4.39,12.2,9.377017624759294,10.683521537527806,6.509243
2018-12-19 21:30:00,5.04,4.46,5.8,6.968822625611278,8.025605087399649,4.5446067
2018-12-19 21:45:00,4.25,4.39,5.76,6.810338298767519,7.637294730436408,4.3010855
2018-12-19 22:00:00,4.39,4.39,5.65,5.851502987531315,7.467742036533658,4.296599
2018-12-19 22:15:00,4.03,4.25,5.04,5.527377729908103,7.477481770908491,4.1496716
2018-12-19 22:30:00,4.03,5.18,4.25,5.463543555227609,7.46870746851177,4.219918
2018-12-19 22:45:00,3.96,5.15,4.25,5.327197078174596,7.567067266260042,4.8931394
2018-12-19 23:00:00,4.07,4.14,4.21,4.3073378499284765,7.223784380538666,4.2309394
2018-12-19 23:15:00,4.03,4.14,4.14,4.182623686113583,8.515601403494058,4.1208286
2018-12-19 23:30:00,3.92,4.14,4.1,4.06634957378628,7.915961043327244,4.8779163
2018-12-19 23:45:00,3.96,4.1,4.1,4.111493476678209,4.5753979389875,3.7580779
2018-12-20 00:00:00,3.89,3.92,5.26,5.510075781263232,4.6734536290991056,3.8688543
2018-12-20 00:15:00,4.03,4.14,4.1,5.398756455211366,4.3819051702607945,3.8991873
2018-12-20 00:30:00,4.03,4.14,4.18,5.442059628312737,4.363299969651551,3.92889
2018-12-20 00:45:00,4.0,4.14,4.21,5.530793488034721,4.359579721974055,3.8503606
2018-12-20 01:00:00,4.0,4.21,4.14,4.817052435559884,4.454653327041122,4.0610747
2018-12-20 01:15:00,4.0,4.14,4.28,4.968253732816343,4.395326272919045,4.0745506
2018-12-20 01:30:00,4.1,4.14,4.18,5.136978905497518,4.389046504334705,4.0044627
2018-12-20 01:45:00,4.0,4.18,4.25,5.345052186532126,4.435183629419753,4.134004
2018-12-20 02:00:00,4.07,4.18,5.36,5.0468844069008405,4.454587607918728,4.2031593
2018-12-20 02:15:00,4.43,4.93,4.79,5.286965046892444,7.697878256182759,4.3110595
2018-12-20 02:30:00,5.18,5.26,4.25,5.466241414975368,8.747460172360645,4.1675844
2018-12-20 02:45:00,4.1,4.14,4.18,5.396592391057371,9.925218543824942,3.9806452
2018-12-20 03:00:00,4.0,4.14,4.21,4.854960054662069,8.248539260154036,4.138309
2018-12-20 03:15:00,4.1,4.1,4.18,5.281283075621484,7.261630224750374,4.333527
2018-12-20 03:30:00,4.03,4.25,4.21,5.793188416376793,4.558777798421653,3.979518
2018-12-20 03:45:00,4.1,3.82,4.21,5.935182321094846,4.552072869681074,3.6645331
2018-12-20 04:00:00,3.31,3.49,4.21,5.438269219829831,4.561287546536405,3.5816073
2018-12-20 04:15:00,3.35,3.42,4.18,5.811077643452702,4.760402624520782,3.5494304
2018-12-20 04:30:00,3.46,3.42,4.21,6.227111169378851,4.387212484254181,3.542756
2018-12-20 04:45:00,3.38,3.49,4.21,6.7324471052743995,5.104012906972477,3.7374797
2018-12-20 05:00:00,3.35,3.38,4.18,6.398251717012279,5.030389784376608,3.6859133
2018-12-20 05:15:00,3.35,3.42,3.67,6.864572023995191,4.424653449680857,3.6316013
2018-12-20 05:30:00,3.38,3.38,3.42,7.189680513576686,4.080606397542176,3.5361798
2018-12-20 05:45:00,3.38,3.42,3.89,7.738291181167757,4.402164118192256,3.5485816
2018-12-20 06:00:00,3.92,3.42,4.32,7.564023987415215,4.113939913406494,3.517835
2018-12-20 06:15:00,3.67,4.07,3.46,7.958856019304278,3.916575134585709,3.4046745
2018-12-20 06:30:00,3.35,4.18,3.38,8.529848909688656,4.043893354361056,3.3802536
2018-12-20 06:45:00,4.0,3.96,3.38,8.934642205788602,4.3318209916241806,3.4650843
2018-12-20 07:00:00,4.03,4.1,3.42,8.878096909148109,4.331441797003623,3.5825305
2018-12-20 07:15:00,3.96,4.1,3.42,9.327671296815165,4.140078090372566,3.398975
2018-12-20 07:30:00,4.18,4.07,3.71,9.982403690800222,5.681046109613913,3.8334298
2018-12-20 07:45:00,4.79,5.76,5.69,11.692146144559228,7.0532233235839525,4.899571
2018-12-20 08:00:00,5.87,6.23,6.23,11.865734711108612,7.963851140141922,6.555084
2018-12-20 08:15:00,39.49,36.14,35.57,33.006722971708875,40.71990174310158,36.36004
2018-12-20 08:30:00,79.85,70.81,72.86,57.331830079608224,71.04031511825174,66.3272
2018-12-20 08:45:00,66.96,59.54,61.74,52.46570367803892,70.30999232597571,67.44597
2018-12-20 09:00:00,63.14,63.86,76.36,62.82195239795992,70.48738039376039,65.74347
2018-12-20 09:15:00,64.12,77.4,63.11,60.0636985815654,71.8524162487289,70.11821
2018-12-20 09:30:00,64.37,65.23,65.66,59.72703797455716,70.96071299757574,67.54672
2018-12-20 09:45:00,83.16,69.3,72.07,64.74565363319535,71.02335123353149,69.104385
2018-12-20 10:00:00,71.14,61.13,56.84,53.94266640301538,71.23810445224197,68.92661
2018-12-20 10:15:00,58.72,61.16,69.3,60.087691789784536,70.54020072742743,66.109505
2018-12-20 10:30:00,68.72,70.42,65.66,63.38675746042708,70.54603083639417,69.673325
2018-12-20 10:45:00,75.53,63.68,85.43,64.80544017177593,69.31209627608156,63.652905
2018-12-20 11:00:00,77.51,83.09,53.17,60.6187506319892,71.22490124114717,66.228645
2018-12-20 11:15:00,64.4,140.8,55.4,77.58394336928171,74.71678336611376,73.46224
2018-12-20 11:30:00,63.0,110.88,60.08,72.22462837921475,72.82792007671414,72.60687
2018-12-20 11:45:00,71.46,115.13,58.0,71.20006959174104,70.39489594399363,69.09835
2018-12-20 12:00:00,71.06,101.99,51.3,71.22579214169625,71.71701423046176,68.582275
2018-12-20 12:15:00,16.96,12.13,11.38,17.20671721436704,11.681192902399083,13.4303
2018-12-20 12:30:00,7.67,6.66,10.91,13.957608099165366,8.98277937279591,8.077966
2018-12-20 12:45:00,7.49,6.8,30.1,21.550676611347953,8.572994143195627,8.532797
2018-12-20 13:00:00,6.66,6.98,36.4,27.275186895733714,14.164209486675919,9.771933
2018-12-20 13:15:00,42.7,62.42,41.69,48.39840282113519,57.58087589261858,51.18234
2018-12-20 13:30:00,63.07,116.46,56.92,66.65853899067498,69.36201921357468,71.77212
2018-12-20 13:45:00,71.5,89.86,46.66,61.242942618669545,72.09740781581539,71.00753
2018-12-20 14:00:00,76.9,98.03,52.52,66.64196252128764,71.01654531690616,71.18207
2018-12-20 14:15:00,63.5,149.18,58.25,83.01345110804323,68.94236562077421,70.406075
2018-12-20 14:30:00,78.41,116.64,72.61,80.13837387776269,69.10302279729129,68.69458
2018-12-20 14:45:00,73.4,105.48,66.24,72.32458988110444,69.91072789713702,72.92141
2018-12-20 15:00:00,64.44,145.22,73.08,86.59653041909957,70.38248078353085,68.53331
2018-12-20 15:15:00,60.26,101.38,60.52,74.20078619237675,70.99906167771455,72.09898
2018-12-20 15:30:00,58.9,130.46,59.87,77.06724918184885,70.32733666002096,69.405
2018-12-20 15:45:00,60.59,115.24,63.5,78.89918680378723,70.69991042200306,69.556496
2018-12-20 16:00:00,56.92,125.21,60.52,79.85333909305834,70.18184016421652,69.38274
2018-12-20 16:15:00,60.08,133.56,88.92,88.41633101548693,70.02280526288875,69.595764
2018-12-20 16:30:00,58.68,81.65,105.37,78.25879631623384,70.82221070447163,73.017204
2018-12-20 16:45:00,57.56,62.68,102.89,74.60582776584197,71.63344958589104,72.555824
2018-12-20 17:00:00,46.51,125.5,77.83,80.0315613538652,70.48354754346342,69.240295
2018-12-20 17:15:00,58.07,68.0,67.18,58.107563687545735,72.0616466328519,70.94986
2018-12-20 17:30:00,41.22,40.5,70.13,51.451572568487364,68.86997786350759,63.549347
2018-12-20 17:45:00,41.51,31.68,31.72,31.835651011778822,43.23772253822374,40.452164
2018-12-20 18:00:00,24.8,26.82,31.5,28.923194005338257,35.680953394316546,35.361088
2018-12-20 18:15:00,5.44,5.98,54.79,30.828366076002872,21.432455600314732,29.550785
2018-12-20 18:30:00,5.18,5.47,77.04,38.28521354644056,22.117630032450368,32.71109
2018-12-20 18:45:00,5.29,5.54,79.63,39.24394365248568,22.49287021148582,33.129864
2018-12-20 19:00:00,5.29,5.44,80.46,39.48658644783101,22.969056934963223,31.686153
2018-12-20 19:15:00,5.29,5.47,71.89,36.21073075928702,23.232085104231466,30.649033
2018-12-20 19:30:00,4.18,5.47,78.52,38.493383498541974,23.41374410666564,31.544178
2018-12-20 19:45:00,4.07,5.4,52.31,28.923851362136883,22.626166267975766,26.245035
2018-12-20 20:00:00,4.1,5.33,61.16,31.252332526799968,23.074698741627216,28.847494
2018-12-20 20:15:00,4.07,5.36,61.6,31.193313554281467,23.140618741627215,28.654093
2018-12-20 20:30:00,4.18,5.33,49.68,26.817470888832897,22.61112763486424,27.110226
2018-12-20 20:45:00,4.1,5.44,41.54,24.10046757113335,22.109167562394276,22.57435
2018-12-20 21:00:00,4.1,5.4,20.16,15.45643773926454,17.45971976460321,15.128886
2018-12-20 21:15:00,4.14,5.4,6.16,7.941868670167562,11.046058512773998,6.013894
2018-12-20 21:30:00,4.14,5.04,5.69,7.5254066682335115,6.086175394851819,4.8336496
2018-12-20 21:45:00,4.21,4.25,5.69,7.184682577613987,5.773586308520563,4.250502
2018-12-20 22:00:00,4.18,4.39,5.65,6.268861595931124,5.712268053094409,4.4970527
2018-12-20 22:15:00,3.85,4.03,5.47,6.035433956079764,5.612729668349951,4.4093
2018-12-20 22:30:00,3.85,4.03,5.4,6.0015194403096785,4.867241550180781,4.323226
2018-12-20 22:45:00,4.64,3.96,5.36,5.858669829608136,4.633939282272858,4.047097
2018-12-20 23:00:00,5.04,4.07,5.36,5.121160889217894,4.534155853931947,4.0993543
2018-12-20 23:15:00,4.07,4.03,5.26,4.9818149204735604,4.521459587851757,4.048805
2018-12-20 23:30:00,3.82,3.92,5.22,4.832387003377168,4.505509904089555,3.9278598
2018-12-20 23:45:00,3.85,3.96,5.18,4.843691883183784,4.494203711510365,3.801379
2018-12-21 00:00:00,3.92,3.89,4.1,5.719081168168973,4.941697734113863,4.1307516
2018-12-21 00:15:00,3.89,4.03,5.33,6.257166192591999,4.14546574940797,4.0843287
2018-12-21 00:30:00,3.85,4.03,5.29,6.2550588987634335,4.152338268449189,4.0260224
2018-12-21 00:45:00,3.89,4.0,5.26,6.305852050247147,4.14785880898973,3.9830987
2018-12-21 01:00:00,3.89,4.0,5.29,5.598645208805838,4.180880652462735,4.461661
2018-12-21 01:15:00,3.96,4.0,5.26,5.730966099315861,4.190521671683651,4.5795407
2018-12-21 01:30:00,3.89,4.1,5.36,5.958431574314478,4.146680920095024,4.3108296
2018-12-21 01:45:00,3.89,4.0,5.33,6.118014000320446,4.160545194845802,4.3679094
2018-12-21 02:00:00,3.89,4.07,4.79,5.342798075856084,4.459818920250381,4.3397355
2018-12-21 02:15:00,3.92,4.43,4.14,5.567571059443413,4.384871166985556,4.491311
2018-12-21 02:30:00,3.92,5.18,4.18,6.056253855888894,6.298766449917996,4.667977
2018-12-21 02:45:00,3.92,4.1,4.21,5.965813667589163,8.003034566467988,4.5319805
2018-12-21 03:00:00,3.96,4.0,4.18,5.387359741208179,9.163038196431165,4.5012608
2018-12-21 03:15:00,4.79,4.1,4.25,5.850112787592209,6.199286363108194,4.797722
2018-12-21 03:30:00,4.5,4.03,4.18,6.280964241094427,4.1080069822303455,4.266881
2018-12-21 03:45:00,3.24,4.1,4.14,6.541793597797433,4.4128889819090835,4.0894713
2018-12-21 04:00:00,3.28,3.31,4.28,5.98479729516222,4.035831494188009,4.035817
2018-12-21 04:15:00,3.24,3.35,4.18,6.364395024945072,3.800558059698872,4.0306892
2018-12-21 04:30:00,3.24,3.46,4.18,6.783535972971688,3.9196360796466774,3.9544399
2018-12-21 04:45:00,3.28,3.38,4.1,7.28565011660638,4.157692079088402,3.9169643
2018-12-21 05:00:00,3.28,3.35,4.46,7.0545580172751094,4.028828388427106,3.9459095
2018-12-21 05:15:00,3.28,3.35,5.4,7.856183152933834,4.351160810677651,3.648052
2018-12-21 05:30:00,3.2,3.38,4.5,8.048883450152179,3.9980028777506633,3.9466913
2018-12-21 05:45:00,3.24,3.38,4.18,8.424728004674822,4.331276962656316,3.9391177
2018-12-21 06:00:00,3.2,3.92,4.14,8.20148837499401,4.344610384079694,3.93987
2018-12-21 06:15:00,3.67,3.67,4.14,8.637381757129031,4.045355027662914,3.9378974
2018-12-21 06:30:00,3.96,3.35,3.49,8.983268072971079,3.7001093017984537,3.8339496
2018-12-21 06:45:00,3.92,4.0,3.42,9.586597464490428,4.0112140123856,3.845846
2018-12-21 07:00:00,3.89,4.03,3.35,9.423034443783767,4.096577396261514,4.2364554
2018-12-21 07:15:00,3.67,3.96,3.35,9.919505049350054,4.137071548993049,3.964574
2018-12-21 07:30:00,3.17,4.18,4.25,10.793028785629808,9.594057593050733,4.4214725
2018-12-21 07:45:00,5.44,4.79,6.52,12.361542122949775,5.342782264717985,5.2826953
2018-12-21 08:00:00,6.77,5.87,7.38,12.75563381658678,7.531736667922613,7.056064
2018-12-21 08:15:00,28.8,39.49,36.22,34.71147627611108,46.90308616764743,35.895847
2018-12-21 08:30:00,54.22,79.85,94.18,64.85926459230922,72.93024404378517,66.62914
2018-12-21 08:45:00,56.41,66.96,97.88,63.014967885446936,72.29083917101775,66.2656
2018-12-21 09:00:00,56.74,63.14,134.5,76.45060334550784,72.46561988405969,72.791626
2018-12-21 09:15:00,43.78,64.12,93.67,64.6569028749681,72.75747008762923,69.72869
2018-12-21 09:30:00,47.52,64.37,109.26,70.99969516996681,72.83955649320067,74.38711
2018-12-21 09:45:00,56.2,83.16,128.34,81.55403499695664,72.7222991933059,73.00861
2018-12-21 10:00:00,51.59,71.14,81.47,63.45979181258153,72.35439351879826,69.33144
2018-12-21 10:15:00,66.64,58.72,109.69,68.48923744650386,72.13880451844216,68.857704
2018-12-21 10:30:00,53.14,68.72,120.67,75.60371114390334,72.51442651847456,72.41488
2018-12-21 10:45:00,58.54,75.53,92.81,68.56725223688699,71.83608879014203,68.36207
2018-12-21 11:00:00,73.12,77.51,91.58,69.61666633410022,71.88835641080712,67.875946
2018-12-21 11:15:00,67.79,64.4,104.9,74.0788552985625,69.68554958677474,66.4099
2018-12-21 11:30:00,65.59,63.0,124.2,77.90857000873885,70.16138348426057,65.35806
2018-12-21 11:45:00,57.85,71.46,88.85,69.29003401934054,69.56707556127125,64.571335
2018-12-21 12:00:00,58.9,71.06,132.01,83.05099948281068,70.78996625665187,65.03695
2018-12-21 12:15:00,7.42,16.96,13.61,20.93465496937502,12.208511706477951,11.657852
2018-12-21 12:30:00,8.35,7.67,9.86,15.951047690813294,8.919525714285683,7.8973784
2018-12-21 12:45:00,7.67,7.49,9.61,16.128634936761518,8.79131264760727,7.384815
2018-12-21 13:00:00,7.2,6.66,9.43,17.664053142262674,7.7836348142467155,7.338589
2018-12-21 13:15:00,39.74,42.7,86.98,55.43137623931598,58.630654256797634,51.98381
2018-12-21 13:30:00,58.03,63.07,74.66,60.45819706862348,68.14074176255058,71.05115
2018-12-21 13:45:00,63.97,71.5,116.42,74.0929089067388,69.82014568294272,75.82382
2018-12-21 14:00:00,56.34,76.9,107.57,74.37598196311593,70.46501604866978,73.16204
2018-12-21 14:15:00,69.62,63.5,103.82,74.07236276348353,72.00579121174003,69.489296
2018-12-21 14:30:00,60.34,78.41,114.73,82.62056336581276,73.40641114629757,69.91102
2018-12-21 14:45:00,57.74,73.4,84.74,70.21229685759641,71.95594783089736,68.14168
2018-12-21 15:00:00,68.04,64.44,109.4,75.28171275932235,67.75527277634205,63.161854
2018-12-21 15:15:00,67.68,60.26,125.21,80.51481257412863,68.01100117804812,65.72419
2018-12-21 15:30:00,58.32,58.9,89.35,66.82969720331933,67.23253630107453,64.01403
2018-12-21 15:45:00,65.48,60.59,122.26,80.2722768351841,67.5743318715938,65.39201
2018-12-21 16:00:00,63.0,56.92,114.66,76.30273612125481,67.28063941187126,63.954338
2018-12-21 16:15:00,69.73,60.08,96.8,71.57204245209662,67.16366505556839,63.81523
2018-12-21 16:30:00,59.69,58.68,118.12,74.19377587653435,67.77993383348284,68.00926
2018-12-21 16:45:00,63.32,57.56,133.2,81.41936748162335,68.22098305656677,66.925995
2018-12-21 17:00:00,62.32,46.51,102.64,69.5128480892185,71.80886560655887,62.55694
2018-12-21 17:15:00,52.78,58.07,63.94,57.62484358575816,70.04300512427903,61.13416
2018-12-21 17:30:00,45.86,41.22,62.64,53.195089222856026,54.7289141380683,53.415
2018-12-21 17:45:00,30.78,41.51,37.94,40.25206426774762,43.63305374160905,38.175045
2018-12-21 18:00:00,8.21,24.8,32.62,28.73796679109021,22.97734548384033,30.221968
2018-12-21 18:15:00,5.51,5.44,29.63,20.708528001276925,9.52931502298333,16.041504
2018-12-21 18:30:00,5.4,5.18,26.57,18.659232400528378,9.39448021052769,14.110254
2018-12-21 18:45:00,5.62,5.29,26.35,18.996259424582,9.403455807958473,15.02477
2018-12-21 19:00:00,5.54,5.29,26.32,18.858757186214028,9.439002142888047,15.045013
2018-12-21 19:15:00,5.54,5.29,26.39,18.72292067703588,9.292709731130254,14.746077
2018-12-21 19:30:00,5.51,4.18,26.64,18.35510992464744,9.159558079202826,11.833755
2018-12-21 19:45:00,5.47,4.07,28.44,18.80804642202393,9.419682230480669,12.781521
2018-12-21 20:00:00,5.54,4.1,30.46,18.59392549048151,9.408716053670107,10.060521
2018-12-21 20:15:00,5.47,4.07,29.88,18.243451391106767,8.340626067796645,11.56209
2018-12-21 20:30:00,5.44,4.18,30.06,18.161370117840335,8.472027057618858,10.322884
2018-12-21 20:45:00,5.47,4.1,31.93,18.685273360120668,8.177206460395922,10.876989
2018-12-21 21:00:00,5.44,4.1,28.66,16.49239820270102,8.523432682283703,11.073581
2018-12-21 21:15:00,5.54,4.14,5.76,7.813620826029286,7.15094766606355,6.9773645
2018-12-21 21:30:00,5.4,4.14,5.8,7.654962746550524,5.317984347425809,5.4922643
2018-12-21 21:45:00,5.44,4.21,5.72,7.507718204048526,5.735863788986816,5.4092255
2018-12-21 22:00:00,5.44,4.18,5.69,6.568992706223835,5.521941654087917,5.1095724
2018-12-21 22:15:00,5.18,3.85,5.4,6.29293689066132,4.778054369350338,4.4008927
2018-12-21 22:30:00,5.26,3.85,5.33,6.293506862286414,4.222662940436493,4.067766
2018-12-21 22:45:00,5.15,4.64,5.33,6.341191844042335,4.734135822646074,4.287045
2018-12-21 23:00:00,5.15,5.04,5.33,5.63139845553167,5.170533766119646,4.3321404
2018-12-21 23:15:00,5.11,4.07,4.86,5.182410821644819,5.500005782515581,4.2013087
2018-12-21 23:30:00,4.57,3.82,4.03,4.800689983925281,6.972365442538073,4.441285
2018-12-21 23:45:00,4.0,3.85,4.03,4.8157547042151485,6.7607509666375885,4.444285
2018-12-22 00:00:00,3.31,3.92,3.28,-6.5854200187072,4.062189241813277,3.6457279
2018-12-22 00:15:00,4.0,3.89,4.14,-6.257824663068643,3.538285675669583,3.804326
2018-12-22 00:30:00,4.0,3.85,4.1,-6.264428352699294,3.5082137866385144,3.8749878
2018-12-22 00:45:00,4.0,3.89,4.07,-6.1980523646642744,10.57545191338567,4.000562
2018-12-22 01:00:00,4.1,3.89,4.14,-6.928862718212361,11.949366223246248,4.005812
2018-12-22 01:15:00,3.96,3.96,4.14,-6.7810822542386155,11.902360037981849,4.064478
2018-12-22 01:30:00,4.03,3.89,4.14,-6.61771838206398,11.973130612516217,3.9566746
2018-12-22 01:45:00,4.03,3.89,4.14,-6.421282058453432,11.9726495004931,3.960832
2018-12-22 02:00:00,3.96,3.89,4.1,-7.028161422461341,11.961192943532426,3.9838002
2018-12-22 02:15:00,4.07,3.92,4.1,-6.635876081924639,3.575190749176139,3.8564184
2018-12-22 02:30:00,4.07,3.92,4.21,-6.268211804588763,3.809238609008139,3.8082123
2018-12-22 02:45:00,3.67,3.92,4.1,-6.179192242364902,11.245463008721336,3.8698971
2018-12-22 03:00:00,3.31,3.96,4.18,-6.696030275584409,12.032718225066164,4.0896077
2018-12-22 03:15:00,3.82,4.79,4.82,-5.925644375276864,4.217099967647698,4.126356
2018-12-22 03:30:00,4.07,4.5,5.26,-5.49640259991504,4.899448441252531,5.4111233
2018-12-22 03:45:00,3.42,3.24,4.18,-5.79297875992096,4.305775294928964,3.8610718
2018-12-22 04:00:00,3.38,3.28,4.14,-6.271162693063356,4.342176229498429,4.1171136
2018-12-22 04:15:00,3.31,3.24,4.14,-5.862136424564174,3.8141851976401617,4.012638
2018-12-22 04:30:00,3.38,3.24,3.82,-5.478185886331762,3.7170108310513212,3.9641643
2018-12-22 04:45:00,3.35,3.28,3.46,-5.018436963234077,3.5075588015888335,3.5105932
2018-12-22 05:00:00,3.38,3.28,3.49,-5.353244048426955,3.5425299278628724,3.4599423
2018-12-22 05:15:00,3.42,3.28,3.42,-4.879482275832796,3.4549374132952404,3.48077
2018-12-22 05:30:00,3.96,3.2,3.42,-4.3946141378768395,3.43811903877973,3.468575
2018-12-22 05:45:00,4.07,3.24,3.42,-3.903469936648804,3.4364644395256025,3.466074
2018-12-22 06:00:00,4.07,3.2,3.38,-4.2405839371216025,3.416856741854987,3.48308
2018-12-22 06:15:00,4.0,3.67,3.46,-3.6434405531420886,3.5027531539759087,3.399433
2018-12-22 06:30:00,3.38,3.96,3.42,-2.964319964902714,3.5919417832974756,3.3807435
2018-12-22 06:45:00,3.35,3.92,3.49,-2.496958739528143,3.9723127766517647,3.396129
2018-12-22 07:00:00,3.35,3.89,4.57,-2.4048058175732194,3.807140695705415,4.6824155
2018-12-22 07:15:00,3.31,3.67,4.43,-1.9657418305175973,3.8100245995919835,4.4689775
2018-12-22 07:30:00,3.85,3.17,4.1,-1.5635737443251934,4.164196417420171,4.637763
2018-12-22 07:45:00,4.03,5.44,4.07,-0.2548220917031294,4.516779971787624,5.4150143
2018-12-22 08:00:00,3.35,6.77,3.64,-0.1029536424729649,5.109654312003471,6.266326
2018-12-22 08:15:00,3.31,28.8,3.35,12.988300123526678,37.18122630971582,23.020061
2018-12-22 08:30:00,3.24,54.22,3.35,25.627446981103,47.471171571003445,40.317753
2018-12-22 08:45:00,3.38,56.41,3.38,25.532400223646725,48.573886924891774,37.160233
2018-12-22 09:00:00,3.82,56.74,3.49,27.352325657442556,49.22038195341679,39.83622
2018-12-22 09:15:00,4.28,43.78,3.56,25.68274096441677,47.57318013141202,37.064713
2018-12-22 09:30:00,4.28,47.52,3.38,27.09343904315602,49.32446652349216,38.723732
2018-12-22 09:45:00,4.32,56.2,3.42,30.234910874710145,55.877661460266545,42.114384
2018-12-22 10:00:00,4.21,51.59,3.35,27.482599558218187,55.72122526611186,44.693176
2018-12-22 10:15:00,3.6,66.64,3.35,30.936574602149726,54.939744783244,40.669773
2018-12-22 10:30:00,3.6,53.14,3.35,29.405635703776692,56.80170211250529,40.53445
2018-12-22 10:45:00,3.6,58.54,4.97,30.201029147986237,54.568913158823534,40.69581
2018-12-22 11:00:00,3.6,73.12,5.36,35.82213230413528,56.201710183412835,43.546383
2018-12-22 11:15:00,3.6,67.79,4.28,39.28422720079284,55.33879412375724,38.82187
2018-12-22 11:30:00,3.6,65.59,4.18,35.57744783450441,57.37871954490532,37.67111
2018-12-22 11:45:00,3.6,57.85,3.35,34.68431572116444,61.52086718944968,43.366978
2018-12-22 12:00:00,3.6,58.9,3.38,34.43403393360095,60.24627486310503,40.373585
2018-12-22 12:15:00,3.71,7.42,3.42,4.067968198883225,7.140450776989396,8.885235
2018-12-22 12:30:00,4.39,8.35,3.42,2.919484831612163,5.855738988427496,8.576556
2018-12-22 12:45:00,4.1,7.67,3.42,3.0764889740912373,5.5490022740797995,8.192158
2018-12-22 13:00:00,3.71,7.2,3.38,4.727059126928783,5.5464285633640955,8.445817
2018-12-22 13:15:00,4.28,39.74,3.31,21.209355302243246,47.045043631394435,28.253149
2018-12-22 13:30:00,4.25,58.03,3.35,32.6896180328576,59.8324578763069,43.17537
2018-12-22 13:45:00,4.25,63.97,3.38,32.294987244576944,60.06024039469247,38.682777
2018-12-22 14:00:00,4.21,56.34,3.31,32.187360188890615,61.85874816236564,41.95466
2018-12-22 14:15:00,3.67,69.62,3.82,41.35097669851603,57.38273619372976,40.920467
2018-12-22 14:30:00,3.46,60.34,4.1,40.07730296576722,57.51401144866613,41.453773
2018-12-22 14:45:00,3.49,57.74,4.07,36.919752464543535,59.32163775594997,38.62418
2018-12-22 15:00:00,3.53,68.04,4.21,40.22745206233371,57.08913718098755,38.546154
2018-12-22 15:15:00,3.56,67.68,3.74,40.03649385551709,57.401117862237854,38.78484
2018-12-22 15:30:00,3.53,58.32,3.74,36.83294401323694,56.904305781575474,39.951927
2018-12-22 15:45:00,3.56,65.48,3.96,41.048857179378686,57.63453822807575,37.129253
2018-12-22 16:00:00,3.56,63.0,3.28,40.3467399334252,59.25781465059589,41.954025
2018-12-22 16:15:00,3.49,69.73,3.35,42.332454603539546,60.56443533519375,42.391556
2018-12-22 16:30:00,3.53,59.69,3.28,34.846125754412164,60.72023005521776,37.976646
2018-12-22 16:45:00,3.56,63.32,3.24,35.97302764329025,60.197426779429215,39.561523
2018-12-22 17:00:00,4.68,62.32,3.28,38.09736306056328,19.28075861045156,19.593546
2018-12-22 17:15:00,5.44,52.78,3.28,30.698809537738473,5.542861832534788,12.059473
2018-12-22 17:30:00,4.46,45.86,3.35,27.89586558842887,4.718031611119456,7.860316
2018-12-22 17:45:00,4.28,30.78,4.18,17.208464290786704,4.100587853754694,7.187529
2018-12-22 18:00:00,4.07,8.21,4.1,5.013659220529725,8.186932371136276,7.143221
2018-12-22 18:15:00,3.6,5.51,4.1,0.07515403570598878,6.230876967121067,6.867479
2018-12-22 18:30:00,3.67,5.4,4.1,-1.0356403547755413,7.103644508957771,8.088741
2018-12-22 18:45:00,3.67,5.62,4.03,-0.22134042591716607,7.1508211920787135,6.7801075
2018-12-22 19:00:00,3.71,5.54,4.28,-1.136373023097292,7.182721350528473,6.54651
2018-12-22 19:15:00,3.74,5.54,3.49,-1.375916487608766,7.067189372035251,5.918122
2018-12-22 19:30:00,3.71,5.51,3.38,-1.5579251181212221,7.56457367561877,6.8650618
2018-12-22 19:45:00,3.74,5.47,3.35,-1.806398153056616,7.227422143467769,5.835933
2018-12-22 20:00:00,3.67,5.54,3.38,-2.7696811282836826,7.2299495334655575,5.878794
2018-12-22 20:15:00,3.67,5.47,3.46,-2.9553510468543784,7.132724764833758,5.980779
2018-12-22 20:30:00,3.67,5.44,3.42,-3.212856645210824,7.153770882170208,5.7329817
2018-12-22 20:45:00,3.67,5.47,3.35,-3.369018415246938,7.133760658275696,5.6944885
2018-12-22 21:00:00,4.18,5.44,3.38,-4.343556983065131,7.108761200905537,4.508379
2018-12-22 21:15:00,4.61,5.54,3.96,-4.380182306419737,6.979066484074556,4.6162252
2018-12-22 21:30:00,5.51,5.4,4.28,-4.546759704817678,5.034486037465892,4.0663996
2018-12-22 21:45:00,4.43,5.44,4.25,-4.706242517408295,4.929370649036659,3.6563442
2018-12-22 22:00:00,4.1,5.44,4.18,-5.640838977994296,4.935897596038757,3.3552313
2018-12-22 22:15:00,3.46,5.18,3.74,-5.9265911285012685,5.287509709165213,3.5123146
2018-12-22 22:30:00,3.38,5.26,3.31,-5.963767040928833,4.71059905744496,3.3108106
2018-12-22 22:45:00,3.42,5.15,4.07,-5.951442065207136,4.7140703695063255,3.491274
2018-12-22 23:00:00,3.38,5.15,3.56,-6.848443400873055,4.621903569508898,3.467775
2018-12-22 23:15:00,3.35,5.11,3.17,-7.029791245265219,4.70208214557956,3.326763
2018-12-22 23:30:00,3.31,4.57,3.24,-7.275992723095644,4.994359369008532,3.3228362
2018-12-22 23:45:00,3.31,4.0,3.2,-7.453723027877377,6.033675313516157,3.488863
2018-12-23 00:00:00,3.78,3.31,4.21,-11.494440771278246,5.865036260279261,3.2102413
2018-12-23 00:15:00,3.31,4.0,3.24,-11.412890254035734,3.599917703650813,3.5303931
2018-12-23 00:30:00,3.35,4.0,3.28,-11.379530254414885,3.438809658346494,3.441362
2018-12-23 00:45:00,3.42,4.0,3.28,-11.317683985879949,10.32953497767038,3.4956229
2018-12-23 01:00:00,4.93,4.1,3.85,-11.880930998929802,11.71497300512126,3.9766212
2018-12-23 01:15:00,4.93,3.96,4.18,-11.699030818419455,11.773026917323229,3.9629507
2018-12-23 01:30:00,4.14,4.03,4.07,-11.531927196362208,11.767750790708828,4.5278397
2018-12-23 01:45:00,4.07,4.03,4.07,-11.33860844095189,11.769151026516326,4.5464396
2018-12-23 02:00:00,3.49,3.96,3.92,-11.980719008685849,11.714156989545085,3.9145613
2018-12-23 02:15:00,3.46,4.07,3.28,-11.707496846872903,3.5257068188876346,4.497504
2018-12-23 02:30:00,3.49,4.07,3.42,-11.31456314826693,3.5314444413698722,4.3764267
2018-12-23 02:45:00,3.42,3.67,3.53,-11.301556283121773,10.520001623195661,3.6596515
2018-12-23 03:00:00,3.42,3.31,4.14,-11.757479921119778,10.362800395646051,3.556735
2018-12-23 03:15:00,3.46,3.82,3.56,-11.44245703330763,3.660480383161919,3.1341078
2018-12-23 03:30:00,3.42,4.07,3.35,-11.070888212682863,3.475744664854188,3.564835
2018-12-23 03:45:00,3.53,3.42,3.38,-10.912966768808406,3.383452756068138,3.1335664
2018-12-23 04:00:00,3.46,3.38,3.42,-11.421179242228835,3.7746274137093767,3.1940072
2018-12-23 04:15:00,3.42,3.31,3.42,-11.035674350133572,3.497185301836815,3.2291334
2018-12-23 04:30:00,3.6,3.38,3.42,-10.535634161924104,3.375046726117313,3.2057629
2018-12-23 04:45:00,4.14,3.35,3.38,-9.988170440958253,3.247405974839342,3.2815266
2018-12-23 05:00:00,5.18,3.38,4.07,-10.169776957177557,3.4130495498924334,3.565774
2018-12-23 05:15:00,4.64,3.42,4.14,-9.656104585078946,3.431646224631245,3.2385793
2018-12-23 05:30:00,4.1,3.96,4.07,-9.074799808613921,3.571230409551475,3.2959383
2018-12-23 05:45:00,3.49,4.07,4.07,-8.562164510567545,4.0790298781714505,3.4832664
2018-12-23 06:00:00,3.38,4.07,3.53,-8.977692550934666,3.7168315146009454,3.423073
2018-12-23 06:15:00,3.35,4.0,3.31,-8.540333100537683,3.8002620175870554,3.3435395
2018-12-23 06:30:00,3.46,3.38,3.35,-8.101580141314056,3.500047912807971,3.2061324
2018-12-23 06:45:00,3.38,3.35,3.64,-7.570170342696439,3.724637406472782,3.117897
2018-12-23 07:00:00,3.38,3.35,4.07,-7.690445329260516,3.760427900766468,3.229655
2018-12-23 07:15:00,3.38,3.31,3.38,-7.3269982480838145,3.2356225381411376,3.2029154
2018-12-23 07:30:00,3.38,3.85,3.28,-6.681816709096029,3.4085117017453026,3.6006792
2018-12-23 07:45:00,3.42,4.03,3.89,-5.639211599799186,3.862656044803421,4.5601788
2018-12-23 08:00:00,3.49,3.35,3.96,-5.717422230105488,3.7908218845151236,3.7334554
2018-12-23 08:15:00,4.07,3.31,39.35,12.089276249424781,5.201916138468994,2.0932784
2018-12-23 08:30:00,4.97,3.24,63.54,26.263662218706273,4.658296270289867,2.7492251
2018-12-23 08:45:00,4.82,3.38,65.02,25.38629175866557,4.8012175418685334,5.5723677
2018-12-23 09:00:00,4.28,3.82,63.79,25.42974617534512,4.718190772829835,5.091198
2018-12-23 09:15:00,3.92,4.28,61.7,25.572581806321192,6.46375460591352,6.2729397
2018-12-23 09:30:00,3.71,4.28,64.8,26.916584317502192,5.790631859065068,6.209785
2018-12-23 09:45:00,3.64,4.32,51.16,25.372044146966957,4.667619895702322,5.2680326
2018-12-23 10:00:00,3.64,4.21,55.01,24.161850144613528,4.873200902980151,7.680172
2018-12-23 10:15:00,3.67,3.6,61.81,25.221034833313603,4.7937697128983014,3.3097756
2018-12-23 10:30:00,3.71,3.6,72.18,29.312881048020724,4.601392359498166,5.2856545
2018-12-23 10:45:00,3.71,3.6,54.86,24.97721097979008,4.845738333385039,4.715368
2018-12-23 11:00:00,3.74,3.6,66.78,30.01170051913922,5.559322482228539,4.3382316
2018-12-23 11:15:00,3.78,3.6,69.95,35.02992781268163,5.85101452235945,9.879258
2018-12-23 11:30:00,3.71,3.6,53.35,27.62306383393303,5.846825792059907,5.1073623
2018-12-23 11:45:00,3.74,3.6,55.51,29.39201289017859,5.8760187587773585,5.785023
2018-12-23 12:00:00,3.96,3.6,11.81,18.933981675326237,3.406122152001903,3.5029967
2018-12-23 12:15:00,4.86,3.71,5.65,0.26853668818852583,4.957844355198739,6.109042
2018-12-23 12:30:00,5.54,4.39,5.54,-0.8161262960432509,4.832222571306188,6.9557996
2018-12-23 12:45:00,4.54,4.1,5.44,-0.6269608847461718,4.749654882152961,6.5380917
2018-12-23 13:00:00,4.36,3.71,5.33,-1.162917633745156,4.819383465639217,5.1066937
2018-12-23 13:15:00,3.67,4.28,36.47,17.146961203356277,7.015134036720804,3.0633469
2018-12-23 13:30:00,3.67,4.25,63.72,31.631211341602047,5.745496451158507,7.0568104
2018-12-23 13:45:00,3.67,4.25,64.8,29.949000090507802,5.5072047190298345,5.173082
2018-12-23 14:00:00,3.67,4.21,61.85,29.349395594739555,5.561252456228639,5.928489
2018-12-23 14:15:00,3.71,3.67,57.89,33.203222166381934,5.910007458100751,6.1327324
2018-12-23 14:30:00,3.67,3.46,54.36,33.401389784142694,5.826118669620711,8.489702
2018-12-23 14:45:00,3.67,3.49,47.38,29.152940221063872,5.352366722958559,2.9923067
2018-12-23 15:00:00,3.67,3.53,43.49,28.639472070234767,5.727184947976858,2.03049
2018-12-23 15:15:00,3.64,3.56,45.4,28.69424859248458,5.54061294936874,3.2746336
2018-12-23 15:30:00,3.67,3.53,60.55,31.00834482372592,5.880806763970805,4.7993197
2018-12-23 15:45:00,3.74,3.56,48.42,30.489464282008257,5.630174716481258,5.9310365
2018-12-23 16:00:00,4.36,3.56,63.22,33.47986447656238,5.82256322852477,5.756612
2018-12-23 16:15:00,4.36,3.49,62.64,33.86810435884598,17.05189796989395,11.330219
2018-12-23 16:30:00,5.0,3.53,66.02,29.219080859435728,16.462936429295105,11.804502
2018-12-23 16:45:00,5.33,3.56,35.42,22.36477606466954,15.796994493977103,7.9482713
2018-12-23 17:00:00,3.6,4.68,9.11,18.611441594580945,5.448967752829488,2.3028378
2018-12-23 17:15:00,3.56,5.44,8.06,13.764320686221204,6.153953336482653,3.8529382
2018-12-23 17:30:00,3.6,4.46,7.74,12.596079733416314,6.488766181064709,9.138915
2018-12-23 17:45:00,3.67,4.28,7.85,6.6218384305594356,6.044227319947152,6.892282
2018-12-23 18:00:00,3.49,4.07,6.73,0.006791819387604647,5.684776681942181,9.627555
2018-12-23 18:15:00,3.49,3.6,5.22,-5.06581092543836,8.940844329305452,6.7969737
2018-12-23 18:30:00,3.49,3.67,5.69,-6.466596673741353,8.341902817071631,5.341517
2018-12-23 18:45:00,3.64,3.67,5.72,-6.626404461190727,7.954232491813949,4.9856725
2018-12-23 19:00:00,3.64,3.71,5.69,-7.651420360935749,7.614932385685212,4.9157395
2018-12-23 19:15:00,4.03,3.74,5.72,-7.8079808290659365,7.81206331392524,4.6836915
2018-12-23 19:30:00,4.25,3.71,5.44,-8.067435357495878,7.750616146833074,4.73479
2018-12-23 19:45:00,4.28,3.74,4.46,-8.519865592356641,5.529665914683763,3.7211807
2018-12-23 20:00:00,4.25,3.67,4.5,-9.506213277584667,5.694832350391468,3.3456645
2018-12-23 20:15:00,4.0,3.67,4.46,-9.697895428993338,5.508798859335983,3.3407676
2018-12-23 20:30:00,3.49,3.67,4.5,-9.933449089323151,5.650620151779474,3.0998495
2018-12-23 20:45:00,4.21,3.67,4.54,-10.077608780444084,5.6461346835871415,3.0789418
2018-12-23 21:00:00,4.14,4.18,4.46,-11.018267501681823,6.561380177351144,6.1489196
2018-12-23 21:15:00,3.49,4.61,4.5,-11.079503695902549,6.726749959527877,6.072177
2018-12-23 21:30:00,3.42,5.51,4.5,-11.034498966121117,9.799461435505608,7.0990553
2018-12-23 21:45:00,3.46,4.43,4.57,-11.452568627577339,9.640053015096406,8.4930725
2018-12-23 22:00:00,3.53,4.1,4.57,-12.442681997639706,9.334202235185737,7.9654193
2018-12-23 22:15:00,3.2,3.46,4.25,-12.792418704133038,8.798370635197937,6.3396344
2018-12-23 22:30:00,3.2,3.38,4.25,-12.76801790086449,4.42517345979315,2.986309
2018-12-23 22:45:00,3.2,3.42,4.18,-12.827920142502112,3.6373542365289646,3.033375
2018-12-23 23:00:00,3.96,3.38,5.44,-13.331925365990248,3.7495340966423525,3.227453
2018-12-23 23:15:00,4.0,3.35,4.82,-13.622849664728054,3.6593822052445315,3.6023514
2018-12-23 23:30:00,4.0,3.31,4.14,-13.893419543053358,5.119753308054973,3.6621861
2018-12-23 23:45:00,4.0,3.31,4.18,-13.89185178683464,10.572457907646932,3.6735775
2018-12-24 00:00:00,3.78,3.78,4.57,10.461383995189156,6.112634329495505,4.643675
2018-12-24 00:15:00,3.35,3.31,4.25,10.420186986632114,4.375898034709181,3.9754236
2018-12-24 00:30:00,3.38,3.35,4.18,10.421278891214737,4.598151845570215,4.0147095
2018-12-24 00:45:00,3.38,3.42,4.21,10.49613585925103,13.388057830320012,4.1503778
2018-12-24 01:00:00,3.96,4.93,4.21,10.111778379075282,5.145644508616437,4.918081
2018-12-24 01:15:00,3.89,4.93,4.21,10.26148938999373,5.361338269095292,4.8667707
2018-12-24 01:30:00,3.38,4.14,4.36,10.241201770053099,11.062194447465197,4.3025417
2018-12-24 01:45:00,3.35,4.07,4.28,10.428047822610882,9.892588385740977,4.51304
2018-12-24 02:00:00,3.49,3.49,4.28,9.73724370008048,13.294444043836343,4.2870584
2018-12-24 02:15:00,3.38,3.46,4.28,10.078460569564367,4.552013465128219,4.326849
2018-12-24 02:30:00,3.42,3.49,3.71,10.335406189212453,4.369420862246864,4.3085275
2018-12-24 02:45:00,4.0,3.42,4.32,10.594154454182004,13.318402060076483,4.5067263
2018-12-24 03:00:00,4.07,3.42,3.82,9.978606637133211,5.311556437946247,4.490973
2018-12-24 03:15:00,4.14,3.46,3.53,10.276641208094748,4.408675737298303,4.135835
2018-12-24 03:30:00,4.1,3.42,3.53,10.612292843474396,4.941639729409526,4.1052094
2018-12-24 03:45:00,3.96,3.53,3.53,10.908870462713065,3.764512664868561,4.5102563
2018-12-24 04:00:00,3.35,3.46,3.6,10.403548787613754,4.031224028702408,4.3705015
2018-12-24 04:15:00,3.38,3.42,3.53,10.782417473748016,3.808748356923606,4.381913
2018-12-24 04:30:00,3.64,3.6,3.53,11.284783878052572,3.897786657615697,4.5267897
2018-12-24 04:45:00,4.07,4.14,4.1,12.098470623504445,4.73658355187767,4.7216177
2018-12-24 05:00:00,3.42,5.18,4.25,12.057005777895068,5.26808982312272,4.1904244
2018-12-24 05:15:00,3.31,4.64,4.28,12.38539405497553,8.500570830459685,4.9500976
2018-12-24 05:30:00,3.35,4.1,4.25,12.726167517372913,7.4269945581236225,5.3647094
2018-12-24 05:45:00,3.35,3.49,3.64,12.888421306594157,7.037643670178489,4.614716
2018-12-24 06:00:00,3.35,3.38,3.49,12.571611240591809,4.7710486077716485,4.0405703
2018-12-24 06:15:00,3.38,3.35,3.46,13.05835346834457,5.031794362476735,4.1577864
2018-12-24 06:30:00,3.6,3.46,4.32,13.915784542211892,4.4361817339672,4.3620043
2018-12-24 06:45:00,4.03,3.38,3.6,14.224615651503814,4.697880247651173,4.1939697
2018-12-24 07:00:00,4.0,3.38,3.42,13.930672118167022,3.8444076718948312,4.2499027
2018-12-24 07:15:00,3.96,3.38,3.49,14.472667782389912,3.7610784414556657,4.2402534
2018-12-24 07:30:00,4.54,3.38,4.36,15.292428637001736,4.4137979838642085,4.275984
2018-12-24 07:45:00,5.36,3.42,6.19,16.6919198192562,5.135793327024231,5.8813925
2018-12-24 08:00:00,6.52,3.49,6.3,16.823115531750194,6.150276044902769,7.812094
2018-12-24 08:15:00,21.89,4.07,6.48,26.793810589548432,25.833772399376986,28.205677
2018-12-24 08:30:00,59.62,4.97,53.35,48.65373013794819,70.21299287996918,74.946556
2018-12-24 08:45:00,64.58,4.82,46.94,45.43701835594224,70.38781058130967,70.506645
2018-12-24 09:00:00,67.18,4.28,52.06,47.25081096396723,71.23389339413215,77.77731
2018-12-24 09:15:00,69.44,3.92,54.83,47.89663292121597,71.02813966463818,76.01683
2018-12-24 09:30:00,65.38,3.71,56.12,48.8473480247266,70.51603886165029,76.800415
2018-12-24 09:45:00,67.0,3.64,58.0,52.058561094351674,68.92103296061069,80.42833
2018-12-24 10:00:00,56.27,3.64,50.08,47.62670662049261,66.7489668878421,73.27559
2018-12-24 10:15:00,54.18,3.67,46.04,46.43256299603141,66.05712048667051,71.78655
2018-12-24 10:30:00,58.39,3.71,49.54,47.94665905793593,65.55785981969153,72.46682
2018-12-24 10:45:00,54.86,3.71,54.14,50.11355172161319,65.32624284167609,76.225426
2018-12-24 11:00:00,54.18,3.74,53.78,52.70695468665933,66.34438486062456,78.24564
2018-12-24 11:15:00,55.55,3.78,52.67,56.03275072895248,66.63039685574492,79.52854
2018-12-24 11:30:00,53.21,3.71,55.84,53.77730254212506,64.37438550605447,75.77945
2018-12-24 11:45:00,53.03,3.74,49.64,53.39135758815054,64.17560950388629,73.470436
2018-12-24 12:00:00,40.64,3.96,54.5,53.2178128676113,64.47597759337701,72.5048
2018-12-24 12:15:00,6.91,4.86,11.12,24.260807842942796,11.348407060488908,10.356439
2018-12-24 12:30:00,6.91,5.54,7.06,22.274624587583645,9.447202549052086,8.359878
2018-12-24 12:45:00,6.48,4.54,7.13,22.407782002694855,9.315847665641678,7.624828
2018-12-24 13:00:00,6.12,4.36,8.21,22.189154406557567,10.671865507340359,7.577999
2018-12-24 13:15:00,34.49,3.67,33.26,40.79042049750319,46.56670687134289,50.238724
2018-12-24 13:30:00,46.98,3.67,56.99,55.25587577013842,68.60153107412019,76.96573
2018-12-24 13:45:00,38.2,3.67,56.59,53.704066804290434,67.38904042704145,74.96559
2018-12-24 14:00:00,37.84,3.67,55.08,53.287160362392,63.47845771089544,71.93947
2018-12-24 14:15:00,43.45,3.71,51.05,57.64744932715615,65.2664103003529,72.34102
2018-12-24 14:30:00,63.9,3.67,47.95,58.31396740811226,65.13724465348433,71.52816
2018-12-24 14:45:00,38.48,3.67,57.82,58.01536075049515,63.75713485878232,71.54108
2018-12-24 15:00:00,38.12,3.67,59.11,58.67708807041218,64.47564324319063,70.583786
2018-12-24 15:15:00,45.25,3.64,60.62,59.11039580547131,64.46787927367411,71.725784
2018-12-24 15:30:00,51.12,3.67,53.6,55.74007521984004,64.26250551657225,72.196884
2018-12-24 15:45:00,45.72,3.74,60.44,60.40960878033165,64.73278717641449,67.848404
2018-12-24 16:00:00,51.7,4.36,67.5,61.700140031936016,69.18665779981063,74.45955
2018-12-24 16:15:00,47.2,4.36,85.86,66.92277469421633,69.2238800811924,72.53816
2018-12-24 16:30:00,69.55,5.0,82.33,60.29308790814308,68.4582953824963,68.50841
2018-12-24 16:45:00,44.82,5.33,59.8,55.37672335380256,68.38155635072421,69.8484
2018-12-24 17:00:00,40.86,3.6,60.37,56.11621375209444,68.7655427288141,70.70429
2018-12-24 17:15:00,33.66,3.56,56.38,50.145207382275714,66.9249085927225,69.337074
2018-12-24 17:30:00,9.86,3.6,52.99,47.94501895896764,54.98541762743253,58.275146
2018-12-24 17:45:00,6.73,3.67,35.35,37.0973933741772,49.639996199749135,39.78098
2018-12-24 18:00:00,5.29,3.49,31.32,29.005459927274874,31.047717628004037,18.499083
2018-12-24 18:15:00,5.22,3.49,16.09,20.724724826694434,19.54275034492582,12.223079
2018-12-24 18:30:00,5.18,3.49,6.37,17.021962004649332,16.868840361727784,11.133276
2018-12-24 18:45:00,5.33,3.64,5.8,16.748701171494734,16.587704693413645,11.58656
2018-12-24 19:00:00,5.04,3.64,5.54,15.637761458456463,17.37346391942776,11.726154
2018-12-24 19:15:00,4.14,4.03,5.54,15.494332082409521,16.726753345941844,13.560825
2018-12-24 19:30:00,4.18,4.25,5.62,15.345137564394658,16.129231957000016,16.906668
2018-12-24 19:45:00,4.1,4.28,5.54,15.144799853440148,15.891198088513208,17.362272
2018-12-24 20:00:00,4.18,4.25,5.62,14.20614739108262,16.42802884298586,16.76022
2018-12-24 20:15:00,4.1,4.0,5.54,13.959690930303001,15.966314018919338,14.498171
2018-12-24 20:30:00,4.14,3.49,4.75,13.429154966499395,16.150143293124998,13.003207
2018-12-24 20:45:00,4.21,4.21,4.46,13.32838245297268,16.995791854239688,15.657882
2018-12-24 21:00:00,4.18,4.14,4.46,12.305261585817075,17.32546764854444,14.305519
2018-12-24 21:15:00,4.18,3.49,4.43,12.04602143734813,10.228666438493013,7.0213294
2018-12-24 21:30:00,4.14,3.42,4.43,11.892872263268632,7.011364992622973,5.063314
2018-12-24 21:45:00,4.18,3.46,4.46,11.687271289914332,6.901552873324431,4.0940814
2018-12-24 22:00:00,5.4,3.53,4.46,10.808034381723541,6.328395407522643,3.9620612
2018-12-24 22:15:00,4.5,3.2,4.14,10.608347808053043,6.4463688605070795,5.0104494
2018-12-24 22:30:00,3.92,3.2,4.18,10.642686781633689,5.37501949826875,4.4259686
2018-12-24 22:45:00,3.89,3.2,4.21,10.599430520801334,4.6502602010458896,4.6992693
2018-12-24 23:00:00,3.85,3.96,4.18,9.804370861051584,4.772880807126404,4.557771
2018-12-24 23:15:00,3.85,4.0,4.14,9.689330621121645,4.775128301820231,3.6851692
2018-12-24 23:30:00,3.82,4.0,4.07,9.610643236596434,6.547481006392965,4.046668
2018-12-24 23:45:00,3.85,4.0,4.07,9.62474383444022,7.110796381644094,4.861762
2018-12-25 00:00:00,3.13,3.78,4.14,5.354995643322713,5.83709926508591,4.295798
2018-12-25 00:15:00,3.85,3.35,5.22,5.708374066948696,4.706163376759313,4.2949023
2018-12-25 00:30:00,3.92,3.38,4.68,5.596820278638884,4.760513173944082,4.359854
2018-12-25 00:45:00,3.89,3.38,4.14,5.533130350745775,5.605137971727051,4.3149786
2018-12-25 01:00:00,3.85,3.96,4.1,4.93905613125791,5.3496997287728725,3.9048405
2018-12-25 01:15:00,3.56,3.89,4.18,5.086763042365536,5.144773582816502,3.9405444
2018-12-25 01:30:00,3.2,3.38,4.07,5.115484995050071,13.087114293353187,4.133112
2018-12-25 01:45:00,3.92,3.35,4.18,5.331474882882567,13.147953159283118,4.1730995
2018-12-25 02:00:00,3.64,3.49,4.1,4.753618711339389,6.635819974817968,4.3428855
2018-12-25 02:15:00,3.17,3.38,4.18,5.12135305710402,4.662156500380568,4.3295336
2018-12-25 02:30:00,3.17,3.42,4.14,5.4963283352714605,4.604772870071399,4.347634
2018-12-25 02:45:00,3.2,4.0,4.21,5.68152416462458,10.283340102200219,4.238262
2018-12-25 03:00:00,3.24,4.07,4.18,5.2072330893815,6.326836468820956,4.1451416
2018-12-25 03:15:00,3.2,4.14,3.6,5.462015263135651,4.841208588235718,4.484383
2018-12-25 03:30:00,3.2,4.1,3.42,5.7950994479352005,8.505321799000331,4.480967
2018-12-25 03:45:00,3.28,3.96,3.42,6.041131863141178,4.950210028751189,4.550968
2018-12-25 04:00:00,3.96,3.35,3.38,5.319271981687624,5.24587642599395,4.1439004
2018-12-25 04:15:00,3.96,3.38,3.42,5.738921073375767,4.998530865543166,4.0478
2018-12-25 04:30:00,3.92,3.64,3.71,6.34888712828317,4.189870475984021,4.4280896
2018-12-25 04:45:00,3.89,4.07,4.18,7.105417358022574,4.68760595131012,4.5340495
2018-12-25 05:00:00,3.35,3.42,3.53,6.501168020427979,4.0495863624926525,3.9753435
2018-12-25 05:15:00,3.24,3.31,3.46,6.871406759694441,3.8918426921608194,4.4865246
2018-12-25 05:30:00,3.35,3.35,3.38,7.328991625551801,3.706423935247113,4.4690733
2018-12-25 05:45:00,3.96,3.35,4.03,8.029821660940929,3.84324217779348,4.4832106
2018-12-25 06:00:00,3.71,3.35,4.14,7.801089222427738,3.980680115815422,4.1837306
2018-12-25 06:15:00,3.17,3.38,3.6,8.17047272554731,4.980804350744829,4.1241956
2018-12-25 06:30:00,3.2,3.6,3.38,8.68762038593459,3.808337858120927,4.2620153
2018-12-25 06:45:00,3.2,4.03,3.35,9.32908786713999,5.274223821976124,4.8572474
2018-12-25 07:00:00,3.17,4.0,3.31,9.060435775280457,5.40004272155947,5.45281
2018-12-25 07:15:00,3.24,3.96,3.28,9.586977540245837,5.2642051201232265,5.4396043
2018-12-25 07:30:00,3.85,4.54,3.42,10.36122521669403,5.114405037804901,5.189491
2018-12-25 07:45:00,3.92,5.36,5.58,11.903433115492202,8.158035459430462,6.3209405
2018-12-25 08:00:00,3.89,6.52,7.27,12.610810358093289,10.263518207429803,8.426735
2018-12-25 08:15:00,3.89,21.89,38.38,31.38673764425553,39.43505110991601,36.81726
2018-12-25 08:30:00,3.49,59.62,72.86,56.37437968139964,69.5023991581561,70.79301
2018-12-25 08:45:00,3.24,64.58,66.42,55.213223332702626,70.2092993896208,71.891525
2018-12-25 09:00:00,3.38,67.18,81.4,61.025026997978955,70.45808525072474,75.76981
2018-12-25 09:15:00,3.49,69.44,66.28,60.5129966610405,71.10442349984295,81.48548
2018-12-25 09:30:00,3.46,65.38,78.3,63.10098704217759,70.97756361724652,79.44163
2018-12-25 09:45:00,3.82,67.0,77.72,66.24247178829495,70.44027077977518,78.77723
2018-12-25 10:00:00,3.96,56.27,74.59,60.08846478167989,69.69863631196355,78.04188
2018-12-25 10:15:00,3.42,54.18,63.04,56.76267208892118,69.54656641440498,76.3434
2018-12-25 10:30:00,3.53,58.39,58.68,57.64038836583816,69.2867609154843,77.51013
2018-12-25 10:45:00,3.46,54.86,62.96,58.9203035322232,68.9190317413326,71.97614
2018-12-25 11:00:00,3.46,54.18,68.36,62.699406798314754,68.10458896698275,72.391106
2018-12-25 11:15:00,3.78,55.55,60.05,64.85877933020018,69.44810352224438,77.463974
2018-12-25 11:30:00,4.18,53.21,58.82,61.09266767328717,67.67317304397164,73.91454
2018-12-25 11:45:00,4.28,53.03,64.73,63.644682619697164,67.678610615619,69.02799
2018-12-25 12:00:00,4.18,40.64,67.54,59.34461201314933,67.0197853606134,70.265076
2018-12-25 12:15:00,4.07,6.91,8.14,18.072343664718808,9.659928446596693,10.882299
2018-12-25 12:30:00,3.56,6.91,8.64,16.68951601993233,8.834177021984907,10.306458
2018-12-25 12:45:00,3.53,6.48,8.78,17.33460086197111,8.67188986406353,9.728763
2018-12-25 13:00:00,3.53,6.12,9.4,18.321168373730544,8.392932668916485,9.522241
2018-12-25 13:15:00,5.04,34.49,52.45,46.0097484208995,44.676948261928494,47.898094
2018-12-25 13:30:00,4.07,46.98,67.46,60.31813648170706,67.66256744386419,67.30666
2018-12-25 13:45:00,3.42,38.2,62.53,56.22021155407778,67.12430982810184,65.70884
2018-12-25 14:00:00,3.42,37.84,62.46,57.56466208988057,67.14279880327965,66.34189
2018-12-25 14:15:00,3.49,43.45,67.18,65.53004043565632,68.57459020638456,68.48604
2018-12-25 14:30:00,3.46,63.9,113.51,81.43834542712011,68.64236660526639,72.90336
2018-12-25 14:45:00,3.53,38.48,99.5,69.8364648903158,67.53388772903735,64.60041
2018-12-25 15:00:00,4.14,38.12,68.0,63.02741446936888,68.06208850841979,65.90108
2018-12-25 15:15:00,4.14,45.25,120.82,76.58693033014416,68.87580580230508,67.15319
2018-12-25 15:30:00,4.14,51.12,79.45,67.5282368717384,67.78663379956426,63.256905
2018-12-25 15:45:00,4.1,45.72,117.68,78.062823057688,68.96824408120668,65.19538
2018-12-25 16:00:00,3.67,51.7,114.08,78.19056890630364,67.74233123681003,70.08333
2018-12-25 16:15:00,3.46,47.2,106.27,75.68866931076923,67.93204283705838,68.05324
2018-12-25 16:30:00,3.42,69.55,93.28,71.22011354137938,67.33370773958666,65.23086
2018-12-25 16:45:00,3.46,44.82,127.58,74.49119182572029,67.84273771585227,65.8465
2018-12-25 17:00:00,3.42,40.86,94.61,67.08429463689369,67.58452296292987,61.75483
2018-12-25 17:15:00,3.46,33.66,101.02,61.57717482858699,66.2572638702253,59.006138
2018-12-25 17:30:00,4.0,9.86,112.14,57.336577357244046,38.063604685457975,44.408447
2018-12-25 17:45:00,4.0,6.73,68.08,39.8947674428738,32.72101713187838,29.930264
2018-12-25 18:00:00,3.38,5.29,15.95,19.729321639712786,35.1214901210891,21.650873
2018-12-25 18:15:00,3.38,5.22,7.16,13.913924320917504,14.782584324766747,16.248468
2018-12-25 18:30:00,3.74,5.18,5.58,13.325977630409927,15.953268526438173,18.182795
2018-12-25 18:45:00,4.1,5.33,5.65,13.293083028540085,15.739885915669907,17.924593
2018-12-25 19:00:00,4.18,5.04,5.0,12.019072344635514,16.651993879797395,17.564734
2018-12-25 19:15:00,4.1,4.14,4.5,11.43088824159889,15.478945065077347,15.102228
2018-12-25 19:30:00,4.18,4.18,4.39,11.158831367767643,15.008498596616391,17.2322
2018-12-25 19:45:00,3.64,4.1,4.43,10.970921241854658,14.574916638092375,16.56044
2018-12-25 20:00:00,3.46,4.18,4.39,10.02990132137202,14.346764456636775,16.963495
2018-12-25 20:15:00,3.46,4.1,4.43,9.8576199849211,13.817134830504134,16.52953
2018-12-25 20:30:00,3.38,4.14,4.36,9.709593365514671,14.264583191068136,15.209145
2018-12-25 20:45:00,3.42,4.21,4.39,9.542822268208557,13.736636974685734,16.063547
2018-12-25 21:00:00,3.42,4.18,4.43,8.555559632446677,14.490052060574623,13.412603
2018-12-25 21:15:00,3.42,4.18,4.39,8.471694916759507,10.749972641248402,6.747345
2018-12-25 21:30:00,4.03,4.14,4.46,8.3773029836536,7.240091810809672,5.0456223
2018-12-25 21:45:00,4.14,4.18,4.39,8.104865969537382,7.381644258322066,4.249987
2018-12-25 22:00:00,3.49,5.4,4.39,7.469255712337652,8.384172834903195,4.393945
2018-12-25 22:15:00,3.2,4.5,4.25,7.070391003862948,9.798331210080955,5.031235
2018-12-25 22:30:00,3.85,3.92,5.18,7.148865357260657,7.844561704044687,4.4114914
2018-12-25 22:45:00,3.89,3.89,5.15,7.019178919789329,7.260975838675669,4.0763893
2018-12-25 23:00:00,3.89,3.85,4.14,5.869552176518244,4.597382187698614,3.8999426
2018-12-25 23:15:00,3.85,3.85,4.14,5.775932791383948,4.57536856979794,3.7531722
2018-12-25 23:30:00,3.64,3.82,4.14,5.6928404600207365,5.992471914406311,3.917849
2018-12-25 23:45:00,3.31,3.85,4.1,5.6586320752970245,6.553943356026541,4.065354
2018-12-26 00:00:00,3.67,3.13,3.92,4.293945243766888,5.3284963825092815,4.006275
2018-12-26 00:15:00,3.24,3.85,4.14,4.577733732207481,5.440207612145863,3.9766505
2018-12-26 00:30:00,3.24,3.92,4.14,4.662500146987529,5.431503376229163,3.9417918
2018-12-26 00:45:00,3.2,3.89,4.14,4.7470726522668905,5.417586012198644,3.9617813
2018-12-26 01:00:00,3.31,3.85,4.21,4.148211639972477,5.92131780583417,4.0967975
2018-12-26 01:15:00,3.24,3.56,4.14,4.213657802107246,4.725006945237705,4.037863
2018-12-26 01:30:00,3.28,3.2,4.14,4.288366617235166,5.564545309194714,4.0812793
2018-12-26 01:45:00,3.24,3.92,4.18,4.597107325869018,8.728363135220576,4.0423346
2018-12-26 02:00:00,3.24,3.64,4.18,3.9253071124517938,5.093022297451276,3.9681847
2018-12-26 02:15:00,3.78,3.17,4.93,4.3742656852312045,4.455423750191066,4.0115533
2018-12-26 02:30:00,3.96,3.17,5.26,4.829731835406665,4.563216997699894,4.194363
2018-12-26 02:45:00,4.97,3.2,4.14,4.636022481296973,4.896525952110637,3.9970782
2018-12-26 03:00:00,4.36,3.24,4.14,4.165368686819683,5.334432315572297,3.9414742
2018-12-26 03:15:00,3.71,3.2,4.1,4.5465905783742,4.474415130509623,4.1009026
2018-12-26 03:30:00,3.28,3.2,4.25,4.926390835645726,8.172716496911825,4.1021667
2018-12-26 03:45:00,3.31,3.28,3.82,5.115515996481356,3.8586524007041954,3.8187401
2018-12-26 04:00:00,3.28,3.96,3.49,4.6733808953928495,4.710796756248672,4.1262364
2018-12-26 04:15:00,3.28,3.96,3.42,5.065842253415866,4.958082481085726,4.1024685
2018-12-26 04:30:00,3.2,3.92,3.42,5.506050704760035,6.538301741858614,3.673489
2018-12-26 04:45:00,3.24,3.89,3.49,6.070412930107114,6.325148563273503,3.8320422
2018-12-26 05:00:00,3.28,3.35,3.38,5.659316160458221,5.323269585244077,3.8633997
2018-12-26 05:15:00,3.2,3.24,3.42,6.035420003206955,3.8298137204264617,3.6311755
2018-12-26 05:30:00,3.24,3.35,3.38,6.506886051881416,3.7257349465644296,3.773344
2018-12-26 05:45:00,3.2,3.96,3.42,7.137013477641549,4.8279361159790595,3.948941
2018-12-26 06:00:00,4.79,3.71,3.42,6.797386139387111,4.932852922999432,3.500294
2018-12-26 06:15:00,4.86,3.17,4.07,7.36753233128962,4.023842403554196,3.4965093
2018-12-26 06:30:00,3.92,3.2,4.18,7.914075895808018,3.847655437784295,3.6640327
2018-12-26 06:45:00,3.82,3.2,3.96,8.436301805714098,4.910607771608875,3.8267715
2018-12-26 07:00:00,3.35,3.17,4.1,8.227453103845587,4.9697275426285366,3.8095553
2018-12-26 07:15:00,3.17,3.24,4.1,8.762245957363682,4.300803522106707,3.790987
2018-12-26 07:30:00,3.42,3.85,4.07,9.46037351993768,5.131280468611257,3.9452279
2018-12-26 07:45:00,4.82,3.92,5.76,10.694195616915561,5.01959031933457,4.7196555
2018-12-26 08:00:00,5.0,3.89,6.23,10.85779956885193,5.301768400742128,4.4766684
2018-12-26 08:15:00,34.52,3.89,36.14,25.926899518467163,23.370061071498036,17.838345
2018-12-26 08:30:00,48.06,3.49,70.81,43.900870281554774,64.75732146375402,55.014336
2018-12-26 08:45:00,78.23,3.24,59.54,40.40956564691672,64.1668205029298,56.80931
2018-12-26 09:00:00,51.08,3.38,63.86,41.265168795094084,64.05890614138049,51.78393
2018-12-26 09:15:00,70.99,3.49,77.4,45.06705122483655,47.91693546667656,48.452805
2018-12-26 09:30:00,65.74,3.46,65.23,41.995400164160245,60.55380664409491,51.75314
2018-12-26 09:45:00,52.96,3.82,69.3,45.54208670753761,64.48503996816316,58.68521
2018-12-26 10:00:00,55.44,3.96,61.13,40.80774538091083,63.48389189566259,56.940853
2018-12-26 10:15:00,52.06,3.42,61.16,41.40151405023251,63.652949778529134,55.44194
2018-12-26 10:30:00,57.64,3.53,70.42,44.629156940803696,64.00858862434555,54.466312
2018-12-26 10:45:00,62.21,3.46,63.68,43.4778914767286,64.14060147832274,51.59273
2018-12-26 11:00:00,45.58,3.46,83.09,50.577161633296726,64.42851765464609,58.604225
2018-12-26 11:15:00,54.58,3.78,140.8,67.72563342622838,67.85353860938888,71.50648
2018-12-26 11:30:00,55.15,4.18,110.88,57.785796386156726,66.18561196043392,66.3302
2018-12-26 11:45:00,58.64,4.28,115.13,59.601619276073976,67.31919960645008,68.16952
2018-12-26 12:00:00,31.28,4.18,101.99,54.668740135864645,29.117456133628007,56.53484
2018-12-26 12:15:00,6.77,4.07,12.13,17.190444106676008,8.477789336092691,8.305177
2018-12-26 12:30:00,7.09,3.56,6.66,14.733119143192152,6.40415034177683,7.573505
2018-12-26 12:45:00,6.95,3.53,6.8,14.983069915766485,6.222889885476786,7.236693
2018-12-26 13:00:00,6.41,3.53,6.98,14.384945918995426,5.45126808614249,5.268706
2018-12-26 13:15:00,20.66,5.04,62.42,38.56153210386837,24.422347150690868,37.945915
2018-12-26 13:30:00,59.9,4.07,116.46,59.33719877441793,61.51079844659877,65.35693
2018-12-26 13:45:00,55.3,3.42,89.86,51.892393539177334,25.736629745103336,43.249702
2018-12-26 14:00:00,51.41,3.42,98.03,53.71985030076138,26.32807786009505,49.02303
2018-12-26 14:15:00,57.02,3.49,149.18,70.75000270480807,45.76285411923687,63.851826
2018-12-26 14:30:00,43.06,3.46,116.64,60.62828601289479,67.59478071301889,71.65886
2018-12-26 14:45:00,41.4,3.53,105.48,55.976914288753974,27.489958985300454,55.453506
2018-12-26 15:00:00,52.92,4.14,145.22,68.63492272299163,42.39529506714273,62.599144
2018-12-26 15:15:00,53.42,4.14,101.38,53.56794521437892,55.74514333216591,60.63687
2018-12-26 15:30:00,40.68,4.14,130.46,62.50512650570785,68.2294836555505,74.935905
2018-12-26 15:45:00,40.64,4.1,115.24,57.76510707612927,57.83446095143269,69.41145
2018-12-26 16:00:00,41.47,3.67,125.21,59.70555649099836,68.4150036761901,72.26025
2018-12-26 16:15:00,56.2,3.46,133.56,62.9121492434011,65.55576696240524,72.16807
2018-12-26 16:30:00,59.04,3.42,81.65,46.65729108217487,64.70257730328484,62.606606
2018-12-26 16:45:00,54.68,3.46,62.68,40.017351489364856,55.8568808921078,49.888157
2018-12-26 17:00:00,57.67,3.42,125.5,58.32484993931671,38.793442764103425,60.36675
2018-12-26 17:15:00,54.79,3.46,68.0,39.87981395240317,33.22320671860058,41.62859
2018-12-26 17:30:00,34.42,4.0,40.5,29.403675060172848,27.367235453268616,24.3695
2018-12-26 17:45:00,9.5,4.0,31.68,25.087832629175324,35.25139246102701,24.446865
2018-12-26 18:00:00,5.22,3.38,26.82,19.428611881116595,19.785262361643877,10.908971
2018-12-26 18:15:00,5.04,3.38,5.98,10.028163122441264,13.19082434728942,11.461179
2018-12-26 18:30:00,5.04,3.74,5.47,9.74254429093563,12.6552896765049,10.555357
2018-12-26 18:45:00,5.08,4.1,5.54,9.676542037536965,12.944492158755939,12.673562
2018-12-26 19:00:00,5.08,4.18,5.44,8.656846670755488,12.574349364016317,12.4731045
2018-12-26 19:15:00,4.68,4.1,5.47,8.479084366723022,11.983538894876258,13.375295
2018-12-26 19:30:00,3.92,4.18,5.47,8.273639364603081,11.953159143759047,12.927958
2018-12-26 19:45:00,3.89,3.64,5.4,7.948022213219826,11.349431101977181,12.0377245
2018-12-26 20:00:00,3.85,3.46,5.33,6.903482987523997,11.66494592450645,9.93844
2018-12-26 20:15:00,3.89,3.46,5.36,6.730850630597178,11.476043096412539,9.979983
2018-12-26 20:30:00,3.89,3.38,5.33,6.566594745700467,11.62714079440998,9.478846
2018-12-26 20:45:00,3.96,3.42,5.44,6.449275836830946,11.776389571466467,9.091364
2018-12-26 21:00:00,3.89,3.42,5.4,5.459954366908217,12.058652534571268,7.7923245
2018-12-26 21:15:00,3.96,3.42,5.4,5.354021493667641,9.29471860247866,5.036829
2018-12-26 21:30:00,4.0,4.03,5.04,5.246763384225385,6.328016782907004,4.0944567
2018-12-26 21:45:00,3.96,4.14,4.25,4.816813649005898,6.649307607960999,5.3828926
2018-12-26 22:00:00,4.07,3.49,4.39,3.880862335069253,6.230210202697232,4.014309
2018-12-26 22:15:00,4.0,3.2,4.03,3.5411160815817553,7.099628635501732,3.8849063
2018-12-26 22:30:00,4.9,3.85,4.03,3.57806435054405,5.78125323816295,3.698222
2018-12-26 22:45:00,4.1,3.89,3.96,3.548813473223614,4.7298389017872005,3.6907394
2018-12-26 23:00:00,3.71,3.89,4.07,2.748763259525429,4.749913131644965,3.5282774
2018-12-26 23:15:00,3.74,3.85,4.03,2.646249109685492,4.627968285717392,3.7742295
2018-12-26 23:30:00,3.64,3.64,3.92,2.482724693416767,6.03012027900545,3.9548988
2018-12-26 23:45:00,3.67,3.31,3.96,2.391021320935188,5.229840317150084,3.9833846
2018-12-27 00:00:00,3.74,3.67,3.89,3.5822381272017694,5.785502949234253,4.0761023
2018-12-27 00:15:00,3.64,3.24,4.03,3.577357729781813,4.3177483694285455,4.009379
2018-12-27 00:30:00,3.74,3.24,4.03,3.6507910338960805,4.387106949290144,4.0168023
2018-12-27 00:45:00,3.71,3.2,4.0,3.733593431544964,4.529415853050741,4.008244
2018-12-27 01:00:00,3.71,3.31,4.0,3.1708246774028304,4.407806684486203,3.934901
2018-12-27 01:15:00,3.67,3.24,4.0,3.3136956783692177,4.414087128421168,4.0410805
2018-12-27 01:30:00,3.67,3.28,4.1,3.473662605416319,4.213065319041068,4.0206876
2018-12-27 01:45:00,3.78,3.24,4.0,3.602638091228659,4.4697438580999345,3.9926643
2018-12-27 02:00:00,4.18,3.24,4.07,2.990954204480918,4.562703303733321,3.9829133
2018-12-27 02:15:00,4.86,3.78,4.43,3.4740867506361646,4.308287977014329,4.014778
2018-12-27 02:30:00,4.21,3.96,5.18,4.028839701271092,4.466730930219332,3.9574542
2018-12-27 02:45:00,3.71,4.97,4.1,4.232143110055755,4.895646154370972,4.226063
2018-12-27 03:00:00,3.78,4.36,4.0,3.5524677445852824,6.999372330583695,3.935076
2018-12-27 03:15:00,3.67,3.71,4.1,3.8112869484094567,6.02002052306831,3.8106654
2018-12-27 03:30:00,3.71,3.28,4.03,4.024431471395765,4.441514159009534,4.156983
2018-12-27 03:45:00,3.24,3.31,4.1,4.325061519961952,4.02036973328923,4.3825502
2018-12-27 04:00:00,3.02,3.28,3.31,3.6594763508167034,3.597106204016785,3.6763618
2018-12-27 04:15:00,2.99,3.28,3.35,4.097331728918736,3.589777208988753,3.80567
2018-12-27 04:30:00,2.99,3.2,3.46,4.555534669320007,3.6866725313487034,3.8752544
2018-12-27 04:45:00,2.95,3.24,3.38,5.079414763024165,3.727936659382693,4.0270987
2018-12-27 05:00:00,2.95,3.28,3.35,4.825517146107369,3.704237523471936,3.9203262
2018-12-27 05:15:00,2.95,3.2,3.35,5.208856837946751,3.6347846761595495,3.8194296
2018-12-27 05:30:00,2.95,3.24,3.38,5.679944149848712,3.64995611264767,3.9209504
2018-12-27 05:45:00,2.95,3.2,3.38,6.154651963039438,3.6617608367595462,3.9873633
2018-12-27 06:00:00,3.42,4.79,3.92,6.360293698479698,4.865572238631643,3.9053497
2018-12-27 06:15:00,3.74,4.86,3.67,6.850124312365125,5.90587055951662,4.7354627
2018-12-27 06:30:00,4.86,3.92,3.35,7.015357886046015,5.157313940843897,4.4986553
2018-12-27 06:45:00,4.21,3.82,4.0,7.757569999552917,7.342197246689149,5.7461405
2018-12-27 07:00:00,3.6,3.35,4.03,7.356103554867243,5.00825504630185,4.5135107
2018-12-27 07:15:00,2.88,3.17,3.96,7.857054875063874,3.9916792149952274,4.413124
2018-12-27 07:30:00,3.2,3.42,4.18,8.585650561338596,4.105196099444966,3.9433053
2018-12-27 07:45:00,4.9,4.82,4.79,9.774510084296384,5.000991675521425,5.7967696
2018-12-27 08:00:00,5.65,5.0,5.87,10.129588282801915,5.613155092250801,6.770196
2018-12-27 08:15:00,32.0,34.52,39.49,30.466842448136994,39.21125873772388,31.555782
2018-12-27 08:30:00,52.63,48.06,79.85,51.44419732294536,68.80360416492736,59.406773
2018-12-27 08:45:00,73.66,78.23,66.96,56.319713446910086,71.87161641512685,76.128235
2018-12-27 09:00:00,63.47,51.08,63.14,49.100356667800895,70.53473883273853,73.00977
2018-12-27 09:15:00,56.77,70.99,64.12,55.901566796361735,71.71042583164684,82.389854
2018-12-27 09:30:00,53.93,65.74,64.37,55.57567496609525,73.06718186693477,76.29234
2018-12-27 09:45:00,59.4,52.96,83.16,58.65376672440041,70.85731092372279,75.85091
2018-12-27 10:00:00,76.03,55.44,71.14,54.364912083228035,69.65151752486501,77.24882
2018-12-27 10:15:00,47.81,52.06,58.72,51.511620779915006,69.93578714102085,69.080475
2018-12-27 10:30:00,45.83,57.64,68.72,56.29165359061939,69.02118275630315,69.54259
2018-12-27 10:45:00,52.63,62.21,75.53,60.21163757543518,69.14994299130572,70.14051
2018-12-27 11:00:00,68.69,45.58,77.51,56.88334661484781,67.41945975548634,65.60561
2018-12-27 11:15:00,51.16,54.58,64.4,55.43888444991815,68.79633931347172,72.80369
2018-12-27 11:30:00,51.52,55.15,63.0,55.27828254879612,68.5056628550203,70.95608
2018-12-27 11:45:00,54.83,58.64,71.46,58.57402745108945,68.28116931202516,72.013405
2018-12-27 12:00:00,59.62,31.28,71.06,48.997410145996945,37.78995194169199,54.418648
2018-12-27 12:15:00,13.54,6.77,16.96,17.412892646103167,10.19471759812757,11.617729
2018-12-27 12:30:00,6.62,7.09,7.67,14.347711097277626,10.514579744603576,11.13024
2018-12-27 12:45:00,6.59,6.95,7.49,15.437059277072764,9.718924528116913,10.86901
2018-12-27 13:00:00,17.82,6.41,6.66,15.469554731532448,8.587906391009936,8.647632
2018-12-27 13:15:00,40.57,20.66,42.7,35.294287619481906,36.49145798125857,27.80252
2018-12-27 13:30:00,43.7,59.9,63.07,53.8832461951181,67.40712010545572,63.149757
2018-12-27 13:45:00,46.84,55.3,71.5,55.489008980386586,62.51354031192317,65.471
2018-12-27 14:00:00,53.32,51.41,76.9,55.69431464726624,62.606503332136015,67.09693
2018-12-27 14:15:00,55.01,57.02,63.5,56.66373695549515,69.01978451181989,64.8356
2018-12-27 14:30:00,61.74,43.06,78.41,57.849422509734765,63.75773868493794,60.152317
2018-12-27 14:45:00,54.14,41.4,73.4,53.57473453210231,62.09118311029565,59.806595
2018-12-27 15:00:00,53.5,52.92,64.44,54.342497705446846,59.50589591925392,62.98184
2018-12-27 15:15:00,44.75,53.42,60.26,53.66074634413442,65.21105247467008,64.88268
2018-12-27 15:30:00,42.95,40.68,58.9,49.476529155578895,57.26260388072802,59.21034
2018-12-27 15:45:00,60.84,40.64,60.59,50.04738496940625,57.758295195388115,60.63943
2018-12-27 16:00:00,63.04,41.47,56.92,48.59302843279124,60.91780525349813,60.987206
2018-12-27 16:15:00,59.58,56.2,60.08,53.7729914152314,69.85939755921243,65.74984
2018-12-27 16:30:00,63.22,59.04,58.68,55.04179876927726,69.1521401592151,69.73199
2018-12-27 16:45:00,45.79,54.68,57.56,52.04351896972668,67.08967300979836,67.09834
2018-12-27 17:00:00,41.58,57.67,46.51,49.01987270104666,66.52719211012301,66.74266
2018-12-27 17:15:00,54.58,54.79,58.07,50.49370326925667,69.79048475286491,61.89935
2018-12-27 17:30:00,36.72,34.42,41.22,36.71257902956107,35.87918682862151,35.82768
2018-12-27 17:45:00,29.38,9.5,41.51,27.124173934556925,25.64435886851095,24.681383
2018-12-27 18:00:00,28.48,5.22,24.8,17.017458034802075,13.93652155654102,19.797289
2018-12-27 18:15:00,48.56,5.04,5.44,10.343510229270471,16.141625241800206,17.841192
2018-12-27 18:30:00,53.82,5.04,5.18,11.081875888153355,13.73050219858939,19.169313
2018-12-27 18:45:00,53.5,5.08,5.29,11.143785584376044,13.321809016923822,18.74105
2018-12-27 19:00:00,53.14,5.08,5.29,10.132297494246878,13.733111693486798,18.450846
2018-12-27 19:15:00,51.01,4.68,5.29,9.779182490240334,13.851328225290045,18.838114
2018-12-27 19:30:00,47.99,3.92,4.18,9.049656299959953,13.536049412912364,15.745675
2018-12-27 19:45:00,49.18,3.89,4.07,8.84321040009107,13.899708665597911,14.553967
2018-12-27 20:00:00,50.33,3.85,4.1,7.894951803589496,12.685089021381184,15.448044
2018-12-27 20:15:00,50.04,3.89,4.07,7.734891189180985,12.734357079874885,13.607179
2018-12-27 20:30:00,40.93,3.89,4.18,7.602261651127986,14.157595063527449,11.877296
2018-12-27 20:45:00,14.51,3.96,4.1,7.439570097843571,12.636942256216047,12.610538
2018-12-27 21:00:00,8.35,3.89,4.1,6.455320555968111,12.951601839558275,11.672711
2018-12-27 21:15:00,5.26,3.96,4.14,6.37862546293692,9.522503004343974,7.715411
2018-12-27 21:30:00,5.26,4.0,4.14,6.30389891634368,6.276618093038166,4.992896
2018-12-27 21:45:00,5.26,3.96,4.21,6.077807220787708,6.351930259647301,4.1083
2018-12-27 22:00:00,4.5,4.07,4.18,5.301446288512945,6.301459368452004,3.9177573
2018-12-27 22:15:00,3.89,4.0,3.85,5.01219406827779,7.077788807414258,3.922853
2018-12-27 22:30:00,3.85,4.9,3.85,5.10234937118468,5.985302752618158,5.263764
2018-12-27 22:45:00,3.82,4.1,4.64,5.016854562826307,5.641183532783006,4.0411544
2018-12-27 23:00:00,3.82,3.71,5.04,4.18439719362587,4.614692290044197,4.1939054
2018-12-27 23:15:00,3.82,3.74,4.07,3.8424455435060914,4.508156634464905,3.7743967
2018-12-27 23:30:00,3.78,3.64,3.82,3.7131808026528823,4.686796589604704,4.1214676
2018-12-27 23:45:00,3.74,3.67,3.85,3.7250335705272306,5.130593982805086,4.069086
2018-12-28 00:00:00,4.82,3.74,3.92,4.920168149143326,6.8081776783320365,4.0314355
2018-12-28 00:15:00,3.74,3.64,3.89,4.964372707759669,4.1903674947247165,3.9894514
2018-12-28 00:30:00,3.78,3.74,3.85,5.058026803289611,3.85851932693668,3.9614966
2018-12-28 00:45:00,3.85,3.71,3.89,5.161365619145247,3.8272732872648785,3.9687095
2018-12-28 01:00:00,4.14,3.71,3.89,4.576136966525034,3.924207153900379,4.088989
2018-12-28 01:15:00,4.9,3.67,3.96,4.731714155857336,3.9871046311309004,4.0905414
2018-12-28 01:30:00,4.14,3.67,3.89,4.8084229905672125,4.1178956347450955,3.9256763
2018-12-28 01:45:00,3.82,3.78,3.89,5.027291347340004,4.36947097864718,4.092898
2018-12-28 02:00:00,3.85,4.18,3.89,4.477979970393964,4.31516528705509,3.8790488
2018-12-28 02:15:00,3.82,4.86,3.92,4.921351483654277,4.409622202919022,5.183541
2018-12-28 02:30:00,3.82,4.21,3.92,5.002243803281456,6.076654695317398,4.2084007
2018-12-28 02:45:00,3.82,3.71,3.92,5.214080491672572,5.232617092619305,3.8785014
2018-12-28 03:00:00,3.82,3.78,3.96,4.692710087638822,4.193335945567422,3.8460538
2018-12-28 03:15:00,3.89,3.67,4.79,5.266731788554214,3.9856486876719246,3.7171257
2018-12-28 03:30:00,3.89,3.71,4.5,5.580553520203882,4.111924321806761,3.8192503
2018-12-28 03:45:00,3.85,3.24,3.24,5.397676351952018,3.510597126338543,3.3780365
2018-12-28 04:00:00,3.82,3.02,3.28,5.02155655362489,3.43082542722265,3.1174357
2018-12-28 04:15:00,4.07,2.99,3.24,5.4313682207148055,3.4272420639809837,3.0987508
2018-12-28 04:30:00,5.04,2.99,3.24,5.906761047971578,3.476006343040787,3.174339
2018-12-28 04:45:00,4.1,2.95,3.28,6.4732892692923265,3.522930226800466,3.314808
2018-12-28 05:00:00,3.82,2.95,3.28,6.187121017239416,3.558421497681537,3.4007916
2018-12-28 05:15:00,3.89,2.95,3.28,6.586427245423664,3.4812163816344954,3.1452813
2018-12-28 05:30:00,3.38,2.95,3.2,7.035698977199107,3.600203057157972,3.1309335
2018-12-28 05:45:00,3.17,2.95,3.24,7.550298229603715,3.513413590435611,3.1682637
2018-12-28 06:00:00,3.06,3.42,3.2,7.355996066324732,3.7372261084310763,3.3913994
2018-12-28 06:15:00,3.06,3.74,3.67,8.047471202036615,4.026463394624867,3.331724
2018-12-28 06:30:00,3.1,4.86,3.96,8.870794831731121,4.859262256951638,5.0394645
2018-12-28 06:45:00,3.06,4.21,3.92,9.24057741748884,4.608909221327612,3.9051244
2018-12-28 07:00:00,3.1,3.6,3.89,8.797014222779719,4.707675057600451,3.5306518
2018-12-28 07:15:00,3.38,2.88,3.67,9.142204529425957,4.65033518002543,3.645925
2018-12-28 07:30:00,4.97,3.2,3.17,9.742480056884656,3.6344298169658167,3.306094
2018-12-28 07:45:00,6.7,4.9,5.44,11.37936984228243,4.959255540879108,5.5878086
2018-12-28 08:00:00,6.16,5.65,6.77,11.849872511252343,5.665568218543587,6.7930846
2018-12-28 08:15:00,35.75,32.0,28.8,28.330330855119296,30.500918605597338,21.073025
2018-12-28 08:30:00,57.78,52.63,54.22,45.554143957110846,62.164582000754,53.520382
2018-12-28 08:45:00,57.74,73.66,56.41,54.69857960439141,64.59249770525466,58.058018
2018-12-28 09:00:00,66.46,63.47,56.74,51.91063494388429,63.0611588966541,59.314625
2018-12-28 09:15:00,66.82,56.77,43.78,48.90706489649713,59.9057191648277,60.48805
2018-12-28 09:30:00,59.9,53.93,47.52,49.08126643404951,61.95512720788465,60.677174
2018-12-28 09:45:00,63.32,59.4,56.2,53.47129396227089,62.8321550213177,62.563046
2018-12-28 10:00:00,57.17,76.03,51.59,55.03136249542954,63.84350546581204,66.029884
2018-12-28 10:15:00,55.91,47.81,66.64,51.53682819355991,60.24301022318171,54.06688
2018-12-28 10:30:00,62.42,45.83,53.14,47.95209400514434,56.56050854750076,51.194473
2018-12-28 10:45:00,59.72,52.63,58.54,51.78940467038103,62.2947258900059,56.097347
2018-12-28 11:00:00,62.71,68.69,73.12,60.00306163111178,59.41290777020316,56.3275
2018-12-28 11:15:00,57.82,51.16,67.79,54.09368867576765,62.40993726775124,59.19389
2018-12-28 11:30:00,64.94,51.52,65.59,53.92107698961259,62.17409972778137,56.697975
2018-12-28 11:45:00,58.97,54.83,57.85,53.3299879338292,62.446734561481804,57.88768
2018-12-28 12:00:00,47.05,59.62,58.9,52.85353867566241,42.76381739881617,43.182655
2018-12-28 12:15:00,10.01,13.54,7.42,18.031668408287665,9.534383500590279,9.200283
2018-12-28 12:30:00,7.81,6.62,8.35,15.582195016911832,7.371681397536489,8.38743
2018-12-28 12:45:00,7.27,6.59,7.67,15.539519011693757,7.0841641449017745,7.8256893
2018-12-28 13:00:00,7.31,17.82,7.2,20.253070448204866,8.243701897552647,6.390048
2018-12-28 13:15:00,42.55,40.57,39.74,38.872086750156086,31.196322572331123,28.48152
2018-12-28 13:30:00,56.12,43.7,58.03,48.31975306343584,52.71483803701488,49.884007
2018-12-28 13:45:00,45.0,46.84,63.97,50.92791492677904,45.388731619771804,45.778793
2018-12-28 14:00:00,45.22,53.32,56.34,50.7057047283226,44.49032705298029,50.082615
2018-12-28 14:15:00,42.62,55.01,69.62,55.99504779725427,48.600573717846956,49.475952
2018-12-28 14:30:00,34.2,61.74,60.34,56.53566347713016,47.975848284112196,52.42602
2018-12-28 14:45:00,42.8,54.14,57.74,51.62738076915966,44.82137580799792,48.553
2018-12-28 15:00:00,48.02,53.5,68.04,54.28807640060539,43.53141414490987,46.596348
2018-12-28 15:15:00,44.6,44.75,67.68,51.785179838858916,55.38250771873931,48.869263
2018-12-28 15:30:00,35.78,42.95,58.32,48.35579281211169,43.87916678197221,45.85456
2018-12-28 15:45:00,32.62,60.84,65.48,55.233858578843524,43.714327369361655,47.59245
2018-12-28 16:00:00,31.39,63.04,63.0,54.769886567954046,44.38375127722658,48.795197
2018-12-28 16:15:00,30.06,59.58,69.73,56.12049042700532,61.025034684218554,51.79766
2018-12-28 16:30:00,30.13,63.22,59.69,56.90827010542456,63.78383733027693,59.395363
2018-12-28 16:45:00,23.58,45.79,63.32,49.86782776744276,56.41199755026206,49.08692
2018-12-28 17:00:00,8.57,41.58,62.32,47.117140897692565,44.94111595153133,47.062206
2018-12-28 17:15:00,9.58,54.58,52.78,47.407861637543164,42.12262180261068,45.816772
2018-12-28 17:30:00,9.14,36.72,45.86,37.74407354552452,28.191449023230714,29.300999
2018-12-28 17:45:00,5.47,29.38,30.78,29.318356850329383,24.011536992117474,18.849337
2018-12-28 18:00:00,5.08,28.48,8.21,20.673697239849947,16.455565893147263,14.974453
2018-12-28 18:15:00,5.08,48.56,5.51,27.293510069701238,35.248849808083094,31.72213
2018-12-28 18:30:00,5.11,53.82,5.4,28.737796892944928,33.17250970024216,30.381336
2018-12-28 18:45:00,5.15,53.5,5.62,28.78247837467572,30.475711942070145,30.495613
2018-12-28 19:00:00,5.15,53.14,5.54,28.77859537960825,31.283816915236947,33.2754
2018-12-28 19:15:00,5.15,51.01,5.54,28.00646873172489,30.371220837109444,33.999733
2018-12-28 19:30:00,5.18,47.99,5.51,26.620757913112833,30.322600505840807,30.895052
2018-12-28 19:45:00,5.22,49.18,5.47,26.879115055017355,29.76689560351785,31.591677
2018-12-28 20:00:00,5.15,50.33,5.54,26.41525497862483,30.02665982560579,32.01821
2018-12-28 20:15:00,5.15,50.04,5.47,26.15722082296046,30.860767495834196,31.839018
2018-12-28 20:30:00,5.18,40.93,5.44,22.343733739814645,33.90453103677301,30.209436
2018-12-28 20:45:00,5.26,14.51,5.47,11.317950816198067,10.288752689051654,14.470882
2018-12-28 21:00:00,5.18,8.35,5.44,7.602235066130152,10.434972507116521,10.362864
2018-12-28 21:15:00,5.15,5.26,5.54,6.641706972389464,9.863409380996119,5.896663
2018-12-28 21:30:00,5.26,5.26,5.4,7.5107375957502605,6.1514922460538255,4.823213
2018-12-28 21:45:00,5.26,5.26,5.44,7.541293404942582,6.383067688318874,4.7984457
2018-12-28 22:00:00,5.22,4.5,5.44,6.58923181183685,6.1114210372175455,4.5049477
2018-12-28 22:15:00,4.97,3.89,5.18,6.152142475359565,6.64301056339954,4.76982
2018-12-28 22:30:00,4.97,3.85,5.26,6.087411049096531,5.490770945270673,4.4473267
2018-12-28 22:45:00,4.93,3.82,5.15,5.9535224467691705,4.5706478671575255,3.8497531
2018-12-28 23:00:00,5.04,3.82,5.15,5.110755342835301,4.034026636750731,3.7313128
2018-12-28 23:15:00,4.86,3.82,5.11,5.070300472817948,4.06817244109091,3.57568
2018-12-28 23:30:00,4.86,3.78,4.57,4.861755609695582,4.700780440238169,4.119371
2018-12-28 23:45:00,4.86,3.74,4.0,4.692014602068948,4.793618295337453,3.7761598
2018-12-29 00:00:00,4.28,4.82,3.31,-6.521042123136059,4.057984249252862,3.3549666
2018-12-29 00:15:00,4.9,3.74,4.0,-6.6337989226548935,4.137826090474574,3.487748
2018-12-29 00:30:00,4.82,3.78,4.0,-6.5385053246690426,3.8730694094813125,3.3777175
2018-12-29 00:45:00,3.85,3.85,4.0,-6.42003190608467,3.8598082579331434,3.3788538
2018-12-29 01:00:00,3.74,4.14,4.1,-6.87680064592546,3.667153013461792,3.489681
2018-12-29 01:15:00,3.82,4.9,3.96,-6.552000369291552,4.316035115161482,3.0377963
2018-12-29 01:30:00,3.78,4.14,4.03,-6.657164761442164,5.305420953566273,3.2864232
2018-12-29 01:45:00,3.67,3.82,4.03,-6.559356282488142,4.954347089167403,3.2546315
2018-12-29 02:00:00,3.74,3.85,3.96,-7.199834640479782,4.169011191167553,3.2778895
2018-12-29 02:15:00,3.71,3.82,4.07,-6.8364793131180015,3.7764653805655835,3.150229
2018-12-29 02:30:00,3.82,3.82,4.07,-6.598262495350017,3.900582386483665,3.6604152
2018-12-29 02:45:00,3.78,3.82,3.67,-6.324339577004299,3.647041154966189,3.5489213
2018-12-29 03:00:00,3.71,3.82,3.31,-6.966942057950167,3.401604840014872,3.5076256
2018-12-29 03:15:00,3.74,3.89,3.82,-6.549727156670034,4.026032733370895,3.696078
2018-12-29 03:30:00,3.78,3.89,4.07,-6.113812039572412,3.779117107193652,3.7049272
2018-12-29 03:45:00,3.78,3.85,3.42,-5.9493171241264555,4.011223632076053,3.6126783
2018-12-29 04:00:00,3.74,3.82,3.38,-6.368500724065473,3.991717896181016,3.6334546
2018-12-29 04:15:00,3.02,4.07,3.31,-5.898645250998552,3.97461124709823,3.511541
2018-12-29 04:30:00,3.74,5.04,3.38,-5.174232278278996,5.01926392880171,3.2644072
2018-12-29 04:45:00,3.6,4.1,3.35,-4.954708254669843,5.465471166642553,3.534113
2018-12-29 05:00:00,3.06,3.82,3.38,-5.314429909900074,5.746006908610249,3.5107627
2018-12-29 05:15:00,3.02,3.89,3.42,-4.8854155606325556,5.141647746278149,3.4710991
2018-12-29 05:30:00,3.02,3.38,3.96,-4.41562884602374,4.282116064613786,3.6009507
2018-12-29 05:45:00,2.99,3.17,4.07,-3.9386751243994347,3.7409570330316524,3.5946748
2018-12-29 06:00:00,3.06,3.06,4.07,-4.190984504881246,3.6727295574108476,3.4578145
2018-12-29 06:15:00,3.06,3.06,4.0,-3.666850217582354,3.663698272761332,3.4505663
2018-12-29 06:30:00,3.67,3.1,3.38,-3.303156730537065,3.391990564166646,3.5266612
2018-12-29 06:45:00,3.74,3.06,3.35,-2.8078731108025785,3.332146106723216,3.557828
2018-12-29 07:00:00,3.71,3.1,3.35,-3.1380421870170707,3.319049913598034,3.5114303
2018-12-29 07:15:00,3.67,3.38,3.31,-2.639852972452829,3.2734988106698735,4.4086623
2018-12-29 07:30:00,3.38,4.97,3.85,-1.4982281062309504,4.306365676858557,6.0050707
2018-12-29 07:45:00,3.02,6.7,4.03,-0.36026550709600613,4.892580601454846,6.712478
2018-12-29 08:00:00,2.92,6.16,3.35,-0.7313416695938351,5.036650705314135,7.842346
2018-12-29 08:15:00,2.95,35.75,3.31,12.177115744500009,38.953368267056355,27.028942
2018-12-29 08:30:00,3.13,57.78,3.24,23.380062841639052,45.41405373449596,36.499714
2018-12-29 08:45:00,3.78,57.74,3.38,28.093060703762497,49.982492655417275,39.89351
2018-12-29 09:00:00,3.24,66.46,3.82,29.580707311442772,47.51503908779707,38.938004
2018-12-29 09:15:00,3.17,66.82,4.28,32.710705362503035,48.66037076702723,36.015804
2018-12-29 09:30:00,3.2,59.9,4.28,30.41364866617373,46.63034793792113,37.32526
2018-12-29 09:45:00,3.31,63.32,4.32,31.340801074616774,51.79532506443442,37.252243
2018-12-29 10:00:00,4.03,57.17,4.21,29.188514891453348,54.2092640702604,36.002563
2018-12-29 10:15:00,4.03,55.91,3.6,27.741134494930122,51.80361262685973,36.806767
2018-12-29 10:30:00,4.03,62.42,3.6,30.72359413977979,52.2877234338795,36.850525
2018-12-29 10:45:00,4.03,59.72,3.6,30.87312119468052,52.89017881674028,38.721622
2018-12-29 11:00:00,6.19,62.71,3.6,30.756232085943573,55.62342536899232,40.90012
2018-12-29 11:15:00,26.17,57.82,3.6,29.907689000614038,53.1884645016884,39.42631
2018-12-29 11:30:00,9.36,64.94,3.6,31.909944877645444,53.10225113841161,40.319824
2018-12-29 11:45:00,3.64,58.97,3.6,31.252992550687313,53.647164778694446,39.11681
2018-12-29 12:00:00,4.14,47.05,3.6,23.720274728861817,51.63149927963506,33.129406
2018-12-29 12:15:00,3.78,10.01,3.71,4.531076034849772,6.255815477782837,7.3496895
2018-12-29 12:30:00,3.46,7.81,4.39,3.4111875367953246,5.599805947500635,6.8532176
2018-12-29 12:45:00,3.42,7.27,4.1,3.8127142347037655,5.485120672695443,7.3786693
2018-12-29 13:00:00,3.42,7.31,3.71,5.742920439807719,5.508326645535802,7.631503
2018-12-29 13:15:00,4.1,42.55,4.28,19.135806794916178,44.11774894570175,28.199215
2018-12-29 13:30:00,4.14,56.12,4.25,26.81496256907885,51.44523924888329,32.2967
2018-12-29 13:45:00,4.07,45.0,4.25,23.430259216430223,49.008904794616654,31.346598
2018-12-29 14:00:00,4.03,45.22,4.21,24.698789094004173,51.64022299850041,33.316845
2018-12-29 14:15:00,3.92,42.62,3.67,24.930349812034475,53.68940507794116,35.60005
2018-12-29 14:30:00,3.31,34.2,3.46,23.684327427695926,58.3287667716754,30.332628
2018-12-29 14:45:00,3.35,42.8,3.49,23.167101002460264,52.825696562733874,32.755814
2018-12-29 15:00:00,3.31,48.02,3.53,24.972302907073217,51.67828223097136,32.960384
2018-12-29 15:15:00,3.31,44.6,3.56,23.9888803197838,51.12370920524709,32.8922
2018-12-29 15:30:00,3.31,35.78,3.53,20.87855545231144,51.20821382395185,30.266163
2018-12-29 15:45:00,3.35,32.62,3.56,20.177241213257687,54.38808773485352,27.271538
2018-12-29 16:00:00,3.49,31.39,3.56,19.796922806797788,56.480289330942576,27.652006
2018-12-29 16:15:00,4.1,30.06,3.49,20.48401419876283,57.692011804696364,25.862082
2018-12-29 16:30:00,3.71,30.13,3.53,22.942535108150356,56.9682151812123,27.602028
2018-12-29 16:45:00,3.67,23.58,3.56,17.201365611216353,9.191363517641884,15.251364
2018-12-29 17:00:00,4.1,8.57,4.68,12.147651618452194,9.33206809499457,11.269746
2018-12-29 17:15:00,4.07,9.58,5.44,12.516687028714387,10.282648954658711,8.765315
2018-12-29 17:30:00,4.07,9.14,4.46,7.510728733599123,10.570599414735723,9.84101
2018-12-29 17:45:00,4.1,5.47,4.28,3.8416368137590204,6.520309147520699,7.723686
2018-12-29 18:00:00,3.56,5.08,4.07,2.475000572277718,6.3938816750114995,6.8583646
2018-12-29 18:15:00,3.31,5.08,3.6,4.64077308177551,5.77367205108389,8.393092
2018-12-29 18:30:00,3.24,5.11,3.67,5.264482655848102,5.0210688305508775,8.116849
2018-12-29 18:45:00,3.35,5.15,3.67,5.0498063817432985,5.4685352148131745,7.398668
2018-12-29 19:00:00,3.31,5.15,3.71,3.9987535879281246,5.484634375578656,7.406568
2018-12-29 19:15:00,3.35,5.15,3.74,3.536019259729226,5.644920700137698,6.971772
2018-12-29 19:30:00,3.35,5.18,3.71,2.9660098520732383,6.144738909080246,8.118645
2018-12-29 19:45:00,3.31,5.22,3.74,2.916656574242406,6.072924492065968,7.038343
2018-12-29 20:00:00,3.71,5.15,3.67,2.0066724778525966,5.95864220901248,7.0333767
2018-12-29 20:15:00,4.36,5.15,3.67,1.762753552851553,6.052402960374585,7.2326174
2018-12-29 20:30:00,4.28,5.18,3.67,0.4766559136288535,6.726647766143071,7.992956
2018-12-29 20:45:00,4.14,5.26,3.67,-2.8589642541079705,6.632696460545634,7.322933
2018-12-29 21:00:00,4.1,5.18,4.18,-4.449749102049697,7.055518810112358,5.674947
2018-12-29 21:15:00,4.07,5.15,4.61,-4.769322509552882,6.826474780671191,5.869067
2018-12-29 21:30:00,3.85,5.26,5.51,-4.611759753096205,5.341260581250048,5.5211587
2018-12-29 21:45:00,3.46,5.26,4.43,-5.0624727385663455,5.08409449350458,4.814075
2018-12-29 22:00:00,3.31,5.22,4.1,-6.021705520162175,4.902824013066543,4.6784186
2018-12-29 22:15:00,3.13,4.97,3.46,-6.4233833278738395,5.13540747062372,4.643041
2018-12-29 22:30:00,3.13,4.97,3.38,-6.489650007931953,4.894296683564514,4.9584904
2018-12-29 22:45:00,3.13,4.93,3.42,-6.642097461774892,5.026133070338928,5.1433625
2018-12-29 23:00:00,3.17,5.04,3.38,-7.489315047147361,4.751498713397271,5.5354347
2018-12-29 23:15:00,3.06,4.86,3.35,-7.5879550002063105,4.707482168025457,5.5134497
2018-12-29 23:30:00,2.99,4.86,3.31,-7.607587332773544,4.856779985769076,5.2252917
2018-12-29 23:45:00,3.42,4.86,3.31,-7.58823428091458,5.555404708183521,5.2107315
2018-12-30 00:00:00,3.1,4.28,3.78,-11.750404310974712,5.5153495360949005,3.807639
2018-12-30 00:15:00,3.92,4.9,3.31,-11.668321438039502,6.6898232484249105,4.731552
2018-12-30 00:30:00,3.82,4.82,3.35,-11.604735719775856,6.271737576340288,4.1657224
2018-12-30 00:45:00,3.74,3.85,3.42,-11.814068280649511,6.190474857859501,4.192286
2018-12-30 01:00:00,3.78,3.74,4.93,-12.087579614424083,5.067606901941073,4.1211734
2018-12-30 01:15:00,3.42,3.82,4.93,-11.855418748505404,3.802508937093779,4.1018453
2018-12-30 01:30:00,3.17,3.78,4.14,-11.967581080995888,3.601881226034687,3.2989967
2018-12-30 01:45:00,3.02,3.67,4.07,-11.835178028675774,3.6716962792580103,3.2647915
2018-12-30 02:00:00,3.1,3.74,3.49,-12.558441888475212,3.5529531639179193,3.0580842
2018-12-30 02:15:00,3.06,3.71,3.46,-12.235640114330078,3.3360492020764565,3.0577188
2018-12-30 02:30:00,3.1,3.82,3.49,-12.003733364940064,3.5867957848958234,3.0709956
2018-12-30 02:45:00,3.13,3.78,3.42,-11.653498463744949,3.331809767560628,3.0506096
2018-12-30 03:00:00,3.1,3.71,3.42,-12.237150975024495,3.478737711249834,3.0959907
2018-12-30 03:15:00,3.13,3.74,3.46,-11.93388163694814,3.481039002176605,3.0371041
2018-12-30 03:30:00,3.6,3.78,3.42,-11.575701765533491,3.523128030673322,3.0818923
2018-12-30 03:45:00,4.86,3.78,3.53,-11.198552697098211,3.916014623981481,3.0704963
2018-12-30 04:00:00,3.85,3.74,3.46,-11.630191269978827,3.804238503666526,3.063997
2018-12-30 04:15:00,3.82,3.02,3.42,-11.380200249467624,3.361406122639242,3.0655484
2018-12-30 04:30:00,3.82,3.74,3.6,-10.670002951080054,3.522193461945078,2.9621599
2018-12-30 04:45:00,3.46,3.6,4.14,-10.13927440571953,3.6059395052947796,3.1693265
2018-12-30 05:00:00,3.17,3.06,5.18,-10.317967116528262,3.4579647765445762,3.9678338
2018-12-30 05:15:00,3.13,3.02,4.64,-10.039764912590005,3.406718085752892,3.142746
2018-12-30 05:30:00,3.1,3.02,4.1,-9.752984195807297,3.275965082129951,3.144928
2018-12-30 05:45:00,3.1,2.99,3.49,-9.36246659560776,3.209480687955683,3.041509
2018-12-30 06:00:00,3.1,3.06,3.38,-9.542981223778046,3.235108476237823,3.1035435
2018-12-30 06:15:00,3.13,3.06,3.35,-9.015967674772998,3.192205597761971,3.033504
2018-12-30 06:30:00,3.13,3.67,3.46,-8.345056788079933,3.337903671450118,2.9236221
2018-12-30 06:45:00,3.1,3.74,3.38,-7.857244309239395,3.3651276826965284,2.9544477
2018-12-30 07:00:00,3.82,3.71,3.38,-8.203056144381637,3.2775366939979325,2.9865944
2018-12-30 07:15:00,4.36,3.67,3.38,-7.643822761901827,3.7573940590709434,3.0232131
2018-12-30 07:30:00,4.97,3.38,3.38,-7.021376337933749,3.273358769861683,3.0712793
2018-12-30 07:45:00,3.96,3.02,3.42,-6.258490350703287,3.467772426472298,3.180227
2018-12-30 08:00:00,3.46,2.92,3.49,-6.349393428877423,3.387933377883256,2.924538
2018-12-30 08:15:00,3.06,2.95,4.07,1.667850344269155,3.159462987656804,3.1487978
2018-12-30 08:30:00,3.06,3.13,4.97,9.184412251011544,3.158289426631477,4.775865
2018-12-30 08:45:00,3.17,3.78,4.82,14.181169226334214,3.183544719896773,6.705838
2018-12-30 09:00:00,3.28,3.24,4.28,11.448281029013653,3.192097699935321,4.1991267
2018-12-30 09:15:00,3.35,3.17,3.92,13.094424652757933,3.181969492307285,4.3265276
2018-12-30 09:30:00,3.38,3.2,3.71,12.145780112258935,3.1845055570365486,4.042265
2018-12-30 09:45:00,3.35,3.31,3.64,12.167622991338504,3.19131760634452,3.5282872
2018-12-30 10:00:00,3.46,4.03,3.64,11.903088313252038,3.7386873294040766,4.690358
2018-12-30 10:15:00,3.38,4.03,3.67,9.905837499748952,3.7437161157165915,5.03908
2018-12-30 10:30:00,4.0,4.03,3.71,11.206751762382712,3.7505132183176944,2.5694132
2018-12-30 10:45:00,4.1,4.03,3.71,12.054969555841605,3.740967665711002,4.463151
2018-12-30 11:00:00,4.1,6.19,3.74,11.779970585029183,4.304156073445005,9.613556
2018-12-30 11:15:00,4.28,26.17,3.78,14.135490808548976,19.681408258265467,18.643358
2018-12-30 11:30:00,4.61,9.36,3.71,11.560831444116655,24.83491335950617,14.869167
2018-12-30 11:45:00,3.56,3.64,3.74,11.479798506158676,3.2063062395807793,11.096397
2018-12-30 12:00:00,3.42,4.14,3.96,7.42438103539688,4.393126560160451,12.753422
2018-12-30 12:15:00,3.46,3.78,4.86,-1.6215813933963155,10.24773394880708,5.5344424
2018-12-30 12:30:00,3.46,3.46,5.54,-1.7562779478452875,4.521436146214917,5.344318
2018-12-30 12:45:00,3.31,3.42,4.54,-1.784002407935045,4.338859563979309,2.941999
2018-12-30 13:00:00,3.28,3.42,4.36,-1.1004464802533427,3.8171675239200553,2.9893239
2018-12-30 13:15:00,3.2,4.1,3.67,5.884157877150905,3.8971326369729558,5.0482907
2018-12-30 13:30:00,3.24,4.14,3.67,11.072671775806132,5.473019014096623,5.613501
2018-12-30 13:45:00,3.24,4.07,3.67,9.716537180952642,5.224620678611666,6.4251943
2018-12-30 14:00:00,4.03,4.03,3.67,9.3383589985871,4.928548437267433,7.6576743
2018-12-30 14:15:00,4.0,3.92,3.71,10.23688574061726,3.4992974189780672,6.0783935
2018-12-30 14:30:00,4.03,3.31,3.67,11.097906887786358,3.196553664247379,4.7394075
2018-12-30 14:45:00,4.82,3.35,3.67,8.209409035754245,3.1876887065112287,3.6128385
2018-12-30 15:00:00,4.1,3.31,3.67,8.810500968834958,3.182912193419807,4.851742
2018-12-30 15:15:00,3.31,3.31,3.64,8.568809564384907,3.1810017935580635,6.236773
2018-12-30 15:30:00,3.24,3.31,3.67,7.432743595371562,3.1848782791162575,4.3892655
2018-12-30 15:45:00,3.24,3.35,3.74,8.283295862464936,3.199867336424436,3.959328
2018-12-30 16:00:00,3.35,3.49,4.36,8.37493649864345,3.1988386218677958,4.2754292
2018-12-30 16:15:00,3.31,4.1,4.36,9.022278157030168,4.698456975365159,7.7959137
2018-12-30 16:30:00,3.35,3.71,5.0,11.629562865622447,3.202368907486391,4.1351933
2018-12-30 16:45:00,3.24,3.67,5.33,7.193319283264373,3.1990336536057256,4.5938373
2018-12-30 17:00:00,3.24,4.1,3.6,5.827755114747035,5.214355811334003,6.872575
2018-12-30 17:15:00,3.42,4.07,3.56,6.3704720494145235,5.121039974852196,7.8282943
2018-12-30 17:30:00,4.0,4.07,3.6,0.9179036568171561,5.1652746937032825,7.0622053
2018-12-30 17:45:00,4.75,4.1,3.67,-2.4715077545455912,7.973338469541568,7.794979
2018-12-30 18:00:00,4.68,3.56,3.49,-3.838633831315441,6.219765706185315,4.533062
2018-12-30 18:15:00,3.89,3.31,3.49,-1.0331598165808025,4.489087041338961,3.588872
2018-12-30 18:30:00,3.53,3.24,3.49,-0.41894992369076434,3.6987139027509457,3.7488778
2018-12-30 18:45:00,3.2,3.35,3.64,-0.5558039520723987,3.6465278767550573,3.2394824
2018-12-30 19:00:00,3.28,3.31,3.64,-1.5931364289750611,3.6861318883813534,3.3310199
2018-12-30 19:15:00,3.24,3.35,4.03,-2.0014044195992717,3.731000346998617,3.0689604
2018-12-30 19:30:00,3.24,3.35,4.25,-2.583016972056665,4.0221109035667535,3.125944
2018-12-30 19:45:00,3.2,3.31,4.28,-2.5840725829969706,4.022378414121069,3.0462115
2018-12-30 20:00:00,3.24,3.71,4.25,-3.3324372814934264,4.071910817124839,3.220896
2018-12-30 20:15:00,3.31,4.36,4.0,-3.495135778041643,5.082842368587987,6.537743
2018-12-30 20:30:00,3.24,4.28,3.49,-5.168148001378672,5.827205595900754,6.7973886
2018-12-30 20:45:00,3.78,4.14,4.21,-9.154803486012408,7.6821197865547886,9.236696
2018-12-30 21:00:00,4.32,4.1,4.14,-11.031955864154117,11.958236505338283,9.745191
2018-12-30 21:15:00,4.07,4.07,3.49,-11.707910938294827,8.016427330397201,9.167806
2018-12-30 21:30:00,4.07,3.85,3.42,-11.912095861087462,4.530596331967489,3.6019788
2018-12-30 21:45:00,4.03,3.46,3.46,-12.115218496743974,3.6150545589172824,3.539674
2018-12-30 22:00:00,4.0,3.31,3.53,-13.029071476598173,3.7983886047226187,3.1156545
2018-12-30 22:15:00,3.2,3.13,3.2,-13.355999002399873,3.4863958237519537,3.0172195
2018-12-30 22:30:00,2.99,3.13,3.2,-13.389433126663821,3.3051083144348405,2.9532604
2018-12-30 22:45:00,3.1,3.13,3.2,-13.535609304125334,3.2344514006758427,3.0218415
2018-12-30 23:00:00,3.02,3.17,3.96,-14.222357808662455,3.7008188472970724,3.0814233
2018-12-30 23:15:00,2.95,3.06,4.0,-14.274974947514433,3.4393398415360887,3.076172
2018-12-30 23:30:00,2.99,2.99,4.0,-14.3034496588519,3.493770971252121,3.06063
2018-12-30 23:45:00,2.92,3.42,4.0,-14.232558048951308,3.501745586207886,2.9887242
2018-12-31 00:00:00,3.67,3.1,3.78,9.854090033814149,5.739902176733977,4.074593
2018-12-31 00:15:00,3.64,3.92,3.35,9.910604941801175,4.0491122215142115,3.5914032
2018-12-31 00:30:00,3.31,3.82,3.38,9.974051113958428,3.98516230136931,3.5304976
2018-12-31 00:45:00,3.49,3.74,3.38,9.995444367324108,4.465018574768501,3.4618611
2018-12-31 01:00:00,3.71,3.78,3.96,9.492311546434788,4.655787756262642,3.6968246
2018-12-31 01:15:00,3.78,3.42,3.89,9.620890972727963,4.112257759310731,3.6227956
2018-12-31 01:30:00,3.71,3.17,3.38,9.510227881767605,3.5106884427003022,3.3892984
2018-12-31 01:45:00,3.67,3.02,3.35,9.671820619665837,3.528148513925411,3.3619666
2018-12-31 02:00:00,3.02,3.1,3.49,9.148580119173975,3.6306057964095606,3.5310593
2018-12-31 02:15:00,2.99,3.06,3.38,9.452312394031662,3.910508720069825,3.5023825
2018-12-31 02:30:00,3.06,3.1,3.42,9.677825643783315,3.647365774338039,3.5778542
2018-12-31 02:45:00,3.02,3.13,4.0,10.184095842278392,4.069453372295935,3.6289878
2018-12-31 03:00:00,3.06,3.1,4.07,9.63534782343115,4.326362638894553,3.682797
2018-12-31 03:15:00,3.02,3.13,4.14,9.945604641445623,3.8702125447795495,3.6241724
2018-12-31 03:30:00,3.46,3.6,4.1,10.35191420039661,4.576585641087827,3.5665107
2018-12-31 03:45:00,3.74,4.86,3.96,11.000899170776815,4.754482332270191,4.6446686
2018-12-31 04:00:00,3.06,3.85,3.35,10.165483073993247,4.339474774200199,3.3365417
2018-12-31 04:15:00,3.74,3.82,3.38,10.64001819611736,4.470128234295439,3.3775833
2018-12-31 04:30:00,3.74,3.82,3.64,11.214607927197132,4.3996314409578865,3.557404
2018-12-31 04:45:00,3.78,3.46,4.07,11.631451636260099,4.923488492132708,3.6327102
2018-12-31 05:00:00,3.78,3.17,3.42,10.948928519118592,3.3075911981960124,3.1373966
2018-12-31 05:15:00,3.56,3.13,3.31,11.387648514645633,3.2186781285133117,3.0324738
2018-12-31 05:30:00,2.99,3.1,3.35,11.849506029023662,3.2071889201988095,3.095523
2018-12-31 05:45:00,3.02,3.1,3.35,12.419280646819201,3.2152005478007157,3.0928724
2018-12-31 06:00:00,2.95,3.1,3.35,12.26108020967968,3.523601245119824,3.360393
2018-12-31 06:15:00,3.02,3.13,3.38,12.806561767340522,3.5297099598416124,3.3455637
2018-12-31 06:30:00,2.99,3.13,3.6,13.390685961118983,3.8547892348767476,3.4797602
2018-12-31 06:45:00,3.02,3.1,4.03,13.97543296430125,3.8391183703609637,3.5573032
2018-12-31 07:00:00,3.74,3.82,4.0,13.75773432905557,3.9491819264669896,3.4513617
2018-12-31 07:15:00,3.17,4.36,3.96,14.444093672073148,4.133256042735191,4.2754235
2018-12-31 07:30:00,2.95,4.97,4.54,15.45697663489312,4.847383258518675,4.5209403
2018-12-31 07:45:00,3.56,3.96,5.36,16.262784525914388,7.161878528001309,5.1697745
2018-12-31 08:00:00,3.64,3.46,6.52,16.273414130840777,5.786869132950045,5.706351
2018-12-31 08:15:00,3.6,3.06,21.89,28.413593135676678,27.05315410245604,20.400856
2018-12-31 08:30:00,3.74,3.06,59.62,44.965282679159685,64.89019620887034,56.204895
2018-12-31 08:45:00,3.74,3.17,64.58,51.076156921862605,67.4250530617684,67.104065
2018-12-31 09:00:00,3.06,3.28,67.18,49.52257167989087,66.60786627678412,65.7973
2018-12-31 09:15:00,3.17,3.35,69.44,51.801947182880255,67.86693470246044,68.63692
2018-12-31 09:30:00,3.13,3.38,65.38,49.850306645699234,66.58702147477177,67.8208
2018-12-31 09:45:00,3.17,3.35,67.0,50.403405319043635,66.44143877481952,67.38163
2018-12-31 10:00:00,3.24,3.46,56.27,47.4951762019777,65.4201835750658,67.38454
2018-12-31 10:15:00,3.2,3.38,54.18,45.051077718731804,63.7415679238367,58.927338
2018-12-31 10:30:00,4.03,4.0,58.39,47.655393026072964,64.83224354447162,57.002197
2018-12-31 10:45:00,3.67,4.1,54.86,47.704732654700194,64.73190665624068,63.630413
2018-12-31 11:00:00,3.35,4.1,54.18,47.076039235729525,65.78166043279656,59.522186
2018-12-31 11:15:00,3.35,4.28,55.55,46.25992730744015,65.34680596896946,65.97806
2018-12-31 11:30:00,3.82,4.61,53.21,47.34468149613541,64.9305123975982,64.83685
2018-12-31 11:45:00,4.0,3.56,53.03,48.244732486165276,66.2989979861753,68.34142
2018-12-31 12:00:00,4.07,3.42,40.64,40.979181544315004,50.15964263790927,48.77364
2018-12-31 12:15:00,4.03,3.46,6.91,22.479084795914055,7.764232783102822,8.154806
2018-12-31 12:30:00,4.1,3.46,6.91,22.02729707214071,6.61625576463962,8.874305
2018-12-31 12:45:00,3.35,3.31,6.48,22.09838869495622,6.409606305788209,7.8817124
2018-12-31 13:00:00,3.35,3.28,6.12,22.692023082494693,6.574180193316174,6.2457027
2018-12-31 13:15:00,3.35,3.2,34.49,37.18015798431517,41.39364941556062,33.10479
2018-12-31 13:30:00,3.31,3.24,46.98,45.42939032274076,60.78814376826298,57.636528
2018-12-31 13:45:00,3.31,3.24,38.2,41.86308348603324,50.897130390729586,54.835323
2018-12-31 14:00:00,3.35,4.03,37.84,41.57568493303479,46.26335992665208,54.240692
2018-12-31 14:15:00,3.35,4.0,43.45,43.77439095995832,48.097622240065554,56.67985
2018-12-31 14:30:00,3.56,4.03,63.9,49.25026522704954,52.977439714963516,53.982105
2018-12-31 14:45:00,4.07,4.82,38.48,41.12952072976104,46.979208469901074,54.600002
2018-12-31 15:00:00,3.53,4.1,38.12,41.72726580012404,43.841918035405484,55.600975
2018-12-31 15:15:00,3.42,3.31,45.25,42.64446908117389,62.14605126464476,61.57439
2018-12-31 15:30:00,4.07,3.24,51.12,42.522626834300176,49.16244967986848,55.901714
2018-12-31 15:45:00,4.07,3.24,45.72,42.11387920435427,49.98702104353541,54.234818
2018-12-31 16:00:00,4.03,3.35,51.7,43.48057962589895,51.0104455232899,54.83265
2018-12-31 16:15:00,4.07,3.31,47.2,43.056086214329255,50.10535608387432,52.92805
2018-12-31 16:30:00,3.92,3.35,69.55,50.6596594170377,54.58718850544415,52.821064
2018-12-31 16:45:00,3.31,3.24,44.82,40.47376597609194,48.29365679203512,52.922176
2018-12-31 17:00:00,3.31,3.24,40.86,37.97869523761702,50.49192526755506,45.689323
2018-12-31 17:15:00,3.35,3.42,33.66,36.97997530620555,45.62580920433548,41.965435
2018-12-31 17:30:00,3.31,4.0,9.86,26.22752402201842,38.048288648127,22.295956
2018-12-31 17:45:00,3.46,4.75,6.73,22.113556249182523,18.56353556564336,15.862197
2018-12-31 18:00:00,3.42,4.68,5.29,20.61742912160739,17.38728933630676,15.061227
2018-12-31 18:15:00,3.35,3.89,5.22,23.342350778467008,28.89822544968148,19.602499
2018-12-31 18:30:00,3.82,3.53,5.18,23.87806755964146,44.597189257996575,21.467272
2018-12-31 18:45:00,4.14,3.2,5.33,23.616151030666156,36.96699068829337,20.7255
2018-12-31 19:00:00,3.49,3.28,5.04,22.556557628726225,39.970391943374764,18.067913
2018-12-31 19:15:00,3.96,3.24,4.14,21.852877128741884,32.95678231741454,22.704899
2018-12-31 19:30:00,4.14,3.24,4.18,21.23756596413228,28.06018782473171,22.389448
2018-12-31 19:45:00,4.21,3.2,4.1,21.21421043723071,28.268106114036414,26.54322
2018-12-31 20:00:00,4.14,3.24,4.18,20.418345133087826,28.100117792706236,26.67106
2018-12-31 20:15:00,4.18,3.31,4.1,20.178257935770404,27.350295980132564,23.356413
2018-12-31 20:30:00,3.38,3.24,4.14,18.630444992682744,19.845858381291297,19.48757
2018-12-31 20:45:00,3.42,3.78,4.21,14.599967527253972,16.94680873374257,14.73141
2018-12-31 21:00:00,3.42,4.32,4.18,12.81550165044179,16.796499050513773,13.05821
2018-12-31 21:15:00,3.42,4.07,4.18,12.233780512541394,9.521543581023854,7.7393513
2018-12-31 21:30:00,3.49,4.07,4.14,12.116479746814829,6.264918234869982,5.51362
2018-12-31 21:45:00,3.42,4.03,4.18,12.037752045273983,6.487522535645606,4.743579
2018-12-31 22:00:00,3.42,4.0,5.4,11.439381638552486,7.6323065351415424,5.6941376
2018-12-31 22:15:00,3.24,3.2,4.5,10.818850044980511,7.901407200981729,5.4910364
2018-12-31 22:30:00,3.67,2.99,3.92,10.59571207409774,5.867223104881882,5.3807216
2018-12-31 22:45:00,3.82,3.1,3.89,10.455566992703684,4.851261933763071,4.8930545
2018-12-31 23:00:00,3.85,3.02,3.85,9.599959915200035,4.408242744920566,4.8677597
2018-12-31 23:15:00,3.74,2.95,3.85,9.571725016109678,4.396614019216967,4.2408156
2018-12-31 23:30:00,3.78,2.99,3.82,9.552790800858087,4.381742594221656,4.1525774
2018-12-31 23:45:00,3.78,2.92,3.85,9.552462952782687,4.631315698356573,4.173543
