date,actual,Naive (persistence),Seasonal naive (24h),Seasonal naive (7 ngày),Linear Regression,Random Forest,XGBoost
2018-12-01 00:00:00,3.35,3.82,3.96,3.02,2.0390303114863144,11.334023028292789,3.4727833
2018-12-01 00:15:00,3.89,3.35,4.07,3.49,2.1049088195322554,3.3357045014614544,3.4744475
2018-12-01 00:30:00,3.85,3.89,4.0,3.56,2.8220432179480106,3.8944528581728295,3.8937962
2018-12-01 00:45:00,3.89,3.85,4.0,3.56,3.129531154587145,3.8354013381677965,3.847266
2018-12-01 01:00:00,3.89,3.89,4.0,3.56,2.837241806345954,3.729110231543681,3.761083
2018-12-01 01:15:00,4.03,3.89,4.97,3.6,3.1457514113073017,3.8662931321591434,3.8833668
2018-12-01 01:30:00,3.89,4.03,5.18,3.56,3.5875097255111292,3.9859727382776606,3.9903824
2018-12-01 01:45:00,3.92,3.89,4.0,3.49,3.7292018733192087,3.8645850700800177,3.905278
2018-12-01 02:00:00,3.92,3.92,4.0,3.56,3.3915925750298257,3.8900491529912045,3.9249232
2018-12-01 02:15:00,3.96,3.92,4.1,3.6,3.6919458197963877,3.932620514698842,3.9505646
2018-12-01 02:30:00,4.03,3.96,4.1,3.6,4.017201807712215,3.9390431807483672,3.9409792
2018-12-01 02:45:00,4.14,4.03,4.07,3.56,4.407948617489868,3.9887691616130847,4.002701
2018-12-01 03:00:00,5.08,4.14,3.85,3.56,4.060056453987169,4.094720463465154,4.043835
2018-12-01 03:15:00,4.72,5.08,3.46,3.64,4.944222356541488,4.581639002086291,4.281765
2018-12-01 03:30:00,3.96,4.72,3.42,3.56,4.940243062967323,4.38656449594657,4.1532073
2018-12-01 03:45:00,3.92,3.96,3.46,3.89,4.694826902062683,3.938167502849762,3.7583487
2018-12-01 04:00:00,3.35,3.92,3.42,4.79,4.244332225737111,3.9361888921341386,3.9155877
2018-12-01 04:15:00,3.28,3.35,3.42,4.25,4.037064137009089,3.3374524728354644,3.4259388
2018-12-01 04:30:00,3.35,3.28,3.46,3.64,4.1520819424885325,3.3223426346903007,3.3402283
2018-12-01 04:45:00,3.24,3.35,3.46,3.6,4.382050440705349,3.348155242782218,3.3272364
2018-12-01 05:00:00,3.31,3.24,3.46,3.13,3.7813190934165952,3.337677343331874,3.3870552
2018-12-01 05:15:00,3.31,3.31,3.46,3.02,3.9994988055083205,3.347045826461884,3.397457
2018-12-01 05:30:00,3.28,3.31,3.92,3.02,4.185145683349788,3.3456790272194596,3.3568552
2018-12-01 05:45:00,3.28,3.28,4.93,3.1,4.3765621719032985,3.345863589104623,3.3379962
2018-12-01 06:00:00,3.2,3.28,5.11,3.02,3.9231589488788714,3.344949896837317,3.3679793
2018-12-01 06:15:00,3.46,3.2,3.67,3.06,3.936831405365126,3.287436310983832,3.342292
2018-12-01 06:30:00,4.03,3.46,3.42,3.02,4.271344650719087,3.413136404750864,3.5103867
2018-12-01 06:45:00,3.89,4.03,3.31,3.02,4.732438645389486,3.5518358357655786,3.6959956
2018-12-01 07:00:00,3.89,3.89,3.35,3.1,4.062950777677493,3.604702085007963,3.621692
2018-12-01 07:15:00,4.46,3.89,3.28,3.64,4.16468453034447,3.7692886911946806,3.7249491
2018-12-01 07:30:00,3.67,4.46,3.74,3.71,4.673722580921087,4.848069726157438,4.070037
2018-12-01 07:45:00,3.46,3.67,5.22,3.53,4.391485502230584,4.5164666137745355,3.6477616
2018-12-01 08:00:00,3.46,3.46,5.33,3.35,3.6948756283367423,4.772263534348052,3.4966772
2018-12-01 08:15:00,3.71,3.46,35.57,3.92,9.676817300984826,17.061161439125577,20.225437
2018-12-01 08:30:00,4.72,3.71,62.71,3.13,14.316107564219635,4.841906195928873,5.233363
2018-12-01 08:45:00,4.46,4.72,63.18,3.2,15.73150265814005,7.518067724444799,4.9258866
2018-12-01 09:00:00,5.22,4.46,68.11,3.24,16.772153354487177,6.183473205932071,5.6209793
2018-12-01 09:15:00,28.58,5.22,51.48,3.38,14.5252798813928,7.863329835608811,3.680428
2018-12-01 09:30:00,30.56,28.58,57.67,3.42,34.40755884672242,33.62074229025859,40.06278
2018-12-01 09:45:00,28.08,30.56,59.26,3.38,38.36189745103042,32.589784121402474,32.862335
2018-12-01 10:00:00,28.58,28.08,63.22,3.46,34.310048885049106,27.519871412451533,29.049688
2018-12-01 10:15:00,28.73,28.58,49.21,3.42,35.57096845647427,29.28659929127952,27.798264
2018-12-01 10:30:00,29.56,28.73,60.34,3.74,36.93671421945024,30.12605962917739,29.092005
2018-12-01 10:45:00,30.06,29.56,73.26,3.85,37.78015123323708,31.19083452837339,31.256758
2018-12-01 11:00:00,29.2,30.06,60.34,3.92,36.76132527902138,31.375608901772914,29.996569
2018-12-01 11:15:00,27.94,29.2,69.62,3.78,35.87962954783986,30.983700113969547,30.409245
2018-12-01 11:30:00,27.94,27.94,54.18,3.24,34.70239230868432,27.04388247189846,30.971786
2018-12-01 11:45:00,25.63,27.94,49.32,3.28,34.11474126740273,27.696326564070052,26.510292
2018-12-01 12:00:00,3.64,25.63,61.06,3.78,30.640757264879092,20.972361799543116,14.407453
2018-12-01 12:15:00,3.85,3.64,5.65,4.18,1.6591797791589862,3.818504122975589,4.0868015
2018-12-01 12:30:00,3.71,3.85,6.34,3.46,1.5002449311783117,4.125185048112553,3.9399498
2018-12-01 12:45:00,3.74,3.71,6.48,3.35,0.7799074429977111,3.9668094175316675,3.895089
2018-12-01 13:00:00,3.71,3.74,6.41,3.46,-0.542037994803966,4.5909373747440405,4.950309
2018-12-01 13:15:00,11.3,3.71,41.76,3.89,7.729782373218374,6.291894918498548,6.7386847
2018-12-01 13:30:00,27.29,11.3,62.96,5.72,18.489276329361694,30.787329474870905,24.077345
2018-12-01 13:45:00,26.86,27.29,50.72,5.83,30.84074176331458,31.768287979090474,29.391075
2018-12-01 14:00:00,25.31,26.86,48.24,5.26,29.1154644620898,27.195665344833408,28.373913
2018-12-01 14:15:00,26.21,25.31,50.29,4.57,26.669174084291104,25.00200612507129,19.886415
2018-12-01 14:30:00,26.28,26.21,51.77,4.57,24.401804070918,24.86948317707088,28.746117
2018-12-01 14:45:00,18.68,26.28,52.96,4.64,24.98831554346036,25.13515423534439,26.693914
2018-12-01 15:00:00,5.18,18.68,44.71,4.61,20.611610171925427,9.725055741440842,12.221421
2018-12-01 15:15:00,5.08,5.18,51.19,4.57,11.47706191361717,8.429383696021935,10.667211
2018-12-01 15:30:00,4.75,5.08,42.77,4.54,10.52803082555003,8.189844684480109,12.215235
2018-12-01 15:45:00,4.75,4.75,41.72,5.33,8.83052690503202,8.259303034989138,10.68317
2018-12-01 16:00:00,4.72,4.75,45.72,5.44,7.982889316483995,5.611489355325101,4.6538873
2018-12-01 16:15:00,4.64,4.72,67.68,4.61,9.703811493527834,5.724385931968778,4.601131
2018-12-01 16:30:00,4.72,4.64,44.75,4.61,8.310063659196391,4.788965800954993,4.452224
2018-12-01 16:45:00,4.68,4.72,48.28,5.69,7.74594695658066,4.69345295199188,4.561434
2018-12-01 17:00:00,4.64,4.68,66.13,5.83,9.104116362261458,4.6344668188619895,4.343019
2018-12-01 17:15:00,4.79,4.64,44.42,5.9,12.600298986076588,4.642187264128637,4.333309
2018-12-01 17:30:00,4.75,4.79,49.43,4.79,11.72529899406615,4.712371076147265,4.5402694
2018-12-01 17:45:00,4.72,4.75,28.8,3.85,7.647971551549848,4.637322749654472,4.577101
2018-12-01 18:00:00,4.68,4.72,28.66,3.67,6.942939865195992,4.60548583105608,4.859057
2018-12-01 18:15:00,5.76,4.68,42.84,3.6,8.844366486495538,4.60789845926653,5.7743506
2018-12-01 18:30:00,5.4,5.76,50.54,3.71,12.450729313138634,5.310220362451455,5.4723396
2018-12-01 18:45:00,4.79,5.4,45.61,3.71,11.802780419496958,4.929905884248867,4.660291
2018-12-01 19:00:00,4.79,4.79,63.11,3.74,12.644557403730168,4.697323856253152,4.6606145
2018-12-01 19:15:00,4.79,4.79,44.96,3.67,10.002169381324812,4.666810548595076,4.6579657
2018-12-01 19:30:00,4.79,4.79,66.46,4.14,11.931704173221881,4.6906569256036805,4.5478377
2018-12-01 19:45:00,4.9,4.79,45.61,3.96,11.299879024488312,4.707885584917797,4.9201503
2018-12-01 20:00:00,4.75,4.9,38.09,3.2,10.381360203806643,4.81190970359194,4.8263474
2018-12-01 20:15:00,4.79,4.75,54.79,3.1,6.580247704536504,4.896945889132422,4.671508
2018-12-01 20:30:00,4.75,4.79,52.63,3.06,6.616198794838002,5.0812790831851675,4.6438904
2018-12-01 20:45:00,4.82,4.75,37.91,3.06,4.1989982633555805,4.6603275147750285,4.9139433
2018-12-01 21:00:00,4.82,4.82,9.14,3.2,1.5786583671278578,4.6703727686312515,4.9287133
2018-12-01 21:15:00,4.75,4.82,5.69,3.06,0.1330894892555996,4.661422404557536,4.958668
2018-12-01 21:30:00,4.79,4.75,5.58,3.1,0.06822249137138314,4.650683139924621,4.8890224
2018-12-01 21:45:00,4.79,4.79,5.47,3.06,0.4077213981030354,4.649791418910978,4.9369445
2018-12-01 22:00:00,4.9,4.79,5.44,3.06,0.07098102167035947,4.650762730386388,4.8901286
2018-12-01 22:15:00,5.76,4.9,5.22,3.53,5.20802073974696,4.764471015212789,4.8646955
2018-12-01 22:30:00,4.61,5.76,5.18,3.46,6.201523707347789,5.263806377029251,5.624801
2018-12-01 22:45:00,3.42,4.61,5.11,3.38,5.754694673060534,4.577040894538194,5.1360164
2018-12-01 23:00:00,3.42,3.42,3.92,2.92,4.4988532074859435,3.391620518126007,3.6008308
2018-12-01 23:15:00,3.28,3.42,3.92,2.84,0.42700414617763016,3.3501150684131042,3.5366595
2018-12-01 23:30:00,3.38,3.28,3.89,2.84,0.6187740079343804,3.2857960460261966,3.3217413
2018-12-01 23:45:00,3.31,3.38,3.82,2.77,0.9819725902661744,3.3572453146013665,3.2838342
2018-12-02 00:00:00,4.36,3.31,3.35,2.88,-0.06838064309594571,5.332688003735678,3.3371565
2018-12-02 00:15:00,3.35,4.36,3.89,3.38,1.1443974167154103,4.007095371128957,3.634895
2018-12-02 00:30:00,3.35,3.35,3.85,3.28,0.7658475224526988,3.312714347285839,3.332475
2018-12-02 00:45:00,3.38,3.35,3.89,2.88,1.0589571821648356,3.307362326114503,3.2943156
2018-12-02 01:00:00,3.89,3.38,3.89,2.77,0.6704441906221632,3.305974450530171,3.3827703
2018-12-02 01:15:00,4.46,3.89,4.03,2.77,1.3688090153787158,3.5505607573423346,3.6280825
2018-12-02 01:30:00,4.43,4.46,3.89,3.31,2.175802395143805,3.789819475515729,3.8142412
2018-12-02 01:45:00,4.14,4.43,3.92,3.46,2.482352401737824,3.9752429066554282,3.766342
2018-12-02 02:00:00,3.46,4.14,3.92,3.46,1.8822386472755532,4.055220867695655,4.080005
2018-12-02 02:15:00,3.38,3.46,3.96,3.2,1.666894694018751,3.3751277747362374,3.5401967
2018-12-02 02:30:00,3.38,3.38,4.03,2.84,1.879657949662807,3.3136202497779386,3.3927338
2018-12-02 02:45:00,3.38,3.38,4.14,2.84,2.205815948659705,3.3182279670880543,3.4123862
2018-12-02 03:00:00,4.32,3.38,5.08,2.88,1.8246024210754932,3.3609900758722335,3.4434626
2018-12-02 03:15:00,4.64,4.32,4.72,2.92,2.7180239770375536,3.8375929843023635,3.8738778
2018-12-02 03:30:00,3.82,4.64,3.96,2.84,3.186085692261088,3.9382915427794143,3.9453595
2018-12-02 03:45:00,3.46,3.82,3.92,2.92,2.867246654426978,3.7043559830511503,3.6376274
2018-12-02 04:00:00,3.42,3.46,3.35,2.92,2.0878081164748536,3.362419330778336,3.4610336
2018-12-02 04:15:00,3.46,3.42,3.28,2.88,2.255642091208035,3.3482873071238455,3.4560192
2018-12-02 04:30:00,4.32,3.46,3.35,2.88,2.4675380496028616,3.3838032011091808,3.432667
2018-12-02 04:45:00,4.5,4.32,3.24,2.84,3.319402948677986,3.889728402482698,3.7998817
2018-12-02 05:00:00,4.54,4.5,3.31,2.88,3.030735962580561,3.918256382337627,3.868666
2018-12-02 05:15:00,4.39,4.54,3.31,2.88,3.2494914226329676,3.9626326470771605,3.961589
2018-12-02 05:30:00,3.35,4.39,3.28,4.18,3.295475289340555,4.2538823146102756,4.2041473
2018-12-02 05:45:00,3.46,3.35,3.28,4.28,2.786457477297695,3.3387725148742313,3.4305737
2018-12-02 06:00:00,3.35,3.46,3.2,3.53,2.3546540080544887,3.398909972267556,3.4704425
2018-12-02 06:15:00,3.42,3.35,3.46,3.13,2.426300159066212,3.3102171028612606,3.365144
2018-12-02 06:30:00,3.42,3.42,4.03,2.88,2.6280938919675165,3.383672346569897,3.424246
2018-12-02 06:45:00,3.38,3.42,3.89,2.84,2.642927824904202,3.37991659490167,3.3982208
2018-12-02 07:00:00,3.46,3.38,3.89,2.81,2.026891971837653,3.3573511861975014,3.3615835
2018-12-02 07:15:00,3.38,3.46,4.46,2.95,2.1971030510024505,3.4029900797397494,3.4822733
2018-12-02 07:30:00,3.46,3.38,3.67,2.84,2.1965415881892127,3.5253359383563527,3.4331877
2018-12-02 07:45:00,3.46,3.46,3.46,2.88,2.4531767685208266,4.026458490888744,3.546254
2018-12-02 08:00:00,3.49,3.46,3.46,2.92,1.8981590608866021,4.243955632364242,3.5171258
2018-12-02 08:15:00,4.57,3.49,3.71,2.88,6.824730906357836,11.94352167386932,16.48846
2018-12-02 08:30:00,4.54,4.57,4.72,2.92,11.20400064157596,7.467679695088652,11.076822
2018-12-02 08:45:00,5.54,4.54,4.46,2.92,11.975572115483633,5.911456698724457,5.683986
2018-12-02 09:00:00,4.75,5.54,5.22,3.46,13.899928448243852,6.846436469138576,5.6119385
2018-12-02 09:15:00,3.74,4.75,28.58,4.93,11.866288293785672,9.528348957787202,5.504484
2018-12-02 09:30:00,3.71,3.74,30.56,4.32,12.848324751313022,4.103882017590493,5.3437204
2018-12-02 09:45:00,3.6,3.71,28.08,3.49,14.621360130825357,4.132001214376702,3.7078855
2018-12-02 10:00:00,3.56,3.6,28.58,2.88,11.771941311143276,3.812216281592838,3.5798004
2018-12-02 10:15:00,3.6,3.56,28.73,2.95,11.597780491454678,3.7283937385780823,3.4242961
2018-12-02 10:30:00,3.64,3.6,29.56,3.56,12.576402345989207,3.6657741258427707,3.6651957
2018-12-02 10:45:00,3.64,3.64,30.06,2.95,11.88955300263575,3.80177987844116,3.6752932
2018-12-02 11:00:00,3.64,3.64,29.2,2.99,10.893850395345716,3.768085071515778,3.551448
2018-12-02 11:15:00,3.64,3.64,27.94,2.95,9.75091602591688,3.752268103351812,3.6706693
2018-12-02 11:30:00,3.56,3.64,27.94,2.95,10.244382252723895,3.7511633004309943,3.1453307
2018-12-02 11:45:00,3.64,3.56,25.63,2.99,9.811761380164999,3.719428388259665,3.6626627
2018-12-02 12:00:00,4.03,3.64,3.64,2.99,6.838674258798328,3.7657289769332003,3.7788355
2018-12-02 12:15:00,4.86,4.03,3.85,3.1,-1.0559673978661905,4.144649022355126,3.8995497
2018-12-02 12:30:00,4.75,4.86,3.71,3.02,-0.5911907557337415,6.2453579430290915,5.4126782
2018-12-02 12:45:00,5.36,4.75,3.74,3.17,-0.6762763204055418,6.231593774393338,5.3443046
2018-12-02 13:00:00,4.9,5.36,3.71,3.71,-0.8646066946487849,7.81587491449198,6.0528073
2018-12-02 13:15:00,3.78,4.9,11.3,3.67,5.757429872988123,11.240481785270875,7.2560754
2018-12-02 13:30:00,3.64,3.78,27.29,3.64,9.269496767738403,4.641588485896154,7.533144
2018-12-02 13:45:00,3.6,3.64,26.86,3.2,9.703322269447057,4.234922437038839,3.1617715
2018-12-02 14:00:00,3.6,3.6,25.31,3.67,8.131361303138434,4.161109226495738,3.543298
2018-12-02 14:15:00,3.6,3.6,26.21,3.1,7.2622825305373055,3.8619426522541502,3.6763942
2018-12-02 14:30:00,3.56,3.6,26.28,2.95,6.096632282361817,3.908389550515109,3.6618936
2018-12-02 14:45:00,3.56,3.56,18.68,3.06,6.578275523420061,3.8075001092469667,3.6946604
2018-12-02 15:00:00,3.64,3.56,5.18,2.99,7.385560127119671,3.767673412075108,3.672829
2018-12-02 15:15:00,3.6,3.64,5.08,2.99,6.5745366782493235,3.853982529895951,3.6667683
2018-12-02 15:30:00,3.56,3.6,4.75,2.95,6.1012382300124735,3.853428690605978,3.6721056
2018-12-02 15:45:00,3.85,3.56,4.75,2.95,5.168798981506573,3.901959867373338,3.6410215
2018-12-02 16:00:00,4.68,3.85,4.72,2.95,4.797490031806433,4.226024312279884,3.8607576
2018-12-02 16:15:00,4.72,4.68,4.64,3.35,6.1455405101215455,5.118959916187496,4.7709055
2018-12-02 16:30:00,4.72,4.72,4.72,3.56,6.178981822062312,4.331315865329819,3.8508618
2018-12-02 16:45:00,3.89,4.72,4.68,3.6,5.390428666788875,4.196415900523817,3.9878705
2018-12-02 17:00:00,3.53,3.89,4.64,3.42,5.523585195209172,3.865532006968453,3.8337495
2018-12-02 17:15:00,3.6,3.53,4.79,2.95,5.1721113491952835,3.5286573667858123,3.5251153
2018-12-02 17:30:00,3.6,3.6,4.75,2.92,3.99108742820631,3.628948893840455,3.5523083
2018-12-02 17:45:00,3.74,3.6,4.72,2.99,0.7985834498286017,3.622043553532965,3.6050398
2018-12-02 18:00:00,4.72,3.74,4.68,3.17,0.265119327535416,3.7832692678805326,3.6709116
2018-12-02 18:15:00,3.89,4.72,5.76,3.46,2.446649830384331,4.301459942065783,4.5063176
2018-12-02 18:30:00,3.53,3.89,5.4,3.02,4.317010634041075,3.863173296590209,3.5457318
2018-12-02 18:45:00,3.53,3.53,4.79,3.02,4.0288366802201026,3.528252082104066,3.5009892
2018-12-02 19:00:00,3.56,3.53,4.79,2.99,4.386084886450551,3.5266224928156626,3.7520316
2018-12-02 19:15:00,3.67,3.56,4.79,3.02,2.6421610676677645,3.55594018602675,3.5955713
2018-12-02 19:30:00,3.56,3.67,4.79,2.99,3.7015895464365265,3.6718272265804504,3.6207697
2018-12-02 19:45:00,4.39,3.56,4.9,3.02,4.118523553141593,3.5602330006954404,3.580342
2018-12-02 20:00:00,4.72,4.39,4.75,3.1,4.00572862255305,4.063395617246324,3.948808
2018-12-02 20:15:00,4.68,4.72,4.79,3.6,4.550922374679423,4.166815761287621,4.0069213
2018-12-02 20:30:00,4.75,4.68,4.75,3.6,4.826697803852625,4.159980960232944,3.819389
2018-12-02 20:45:00,3.71,4.75,4.82,3.6,2.766991593020144,4.556454961136795,4.5781736
2018-12-02 21:00:00,3.53,3.71,4.82,3.38,0.6221397386488903,3.761360980678513,3.6803787
2018-12-02 21:15:00,3.6,3.53,4.75,2.99,-0.9727078579838739,3.5294273701482926,3.5535367
2018-12-02 21:30:00,3.6,3.6,4.79,2.95,-0.9671905084735748,3.626516845368954,3.6081002
2018-12-02 21:45:00,3.6,3.6,4.79,2.92,-0.665379788719509,3.621943034254676,3.6636436
2018-12-02 22:00:00,3.56,3.6,4.9,3.13,-0.979119129147314,3.6219148911349217,3.6196287
2018-12-02 22:15:00,4.07,3.56,5.76,3.46,-0.6447984244509684,3.5974362411881704,3.4967844
2018-12-02 22:30:00,4.32,4.07,4.61,2.92,-0.007252253539771658,4.001444691008565,3.8412235
2018-12-02 22:45:00,3.35,4.32,3.42,2.74,0.4690459084545928,4.044060020885373,3.7757242
2018-12-02 23:00:00,3.31,3.35,3.42,2.77,-0.5837669550767401,3.284793320014019,3.191789
2018-12-02 23:15:00,3.31,3.31,3.28,2.84,-0.2974550830176952,3.2907332735517767,3.2896683
2018-12-02 23:30:00,3.28,3.31,3.38,2.88,0.028581533222613587,3.290671697129035,3.3005574
2018-12-02 23:45:00,3.35,3.28,3.31,2.88,0.2967982925220056,3.3349247565004574,3.2692392
2018-12-03 00:00:00,4.57,3.35,4.36,4.68,4.3710396496533015,6.723536988926152,5.363925
2018-12-03 00:15:00,4.43,4.57,3.35,3.2,5.5174978310866365,4.254716887025366,3.8708007
2018-12-03 00:30:00,4.36,4.43,3.35,3.53,5.823850818338634,3.830519179020805,3.716089
2018-12-03 00:45:00,4.21,4.36,3.38,3.46,6.081756032755219,3.7905749124078874,3.7177722
2018-12-03 01:00:00,3.35,4.21,3.89,3.49,5.536171584763139,4.2954042914087,4.0783505
2018-12-03 01:15:00,3.38,3.35,4.46,2.92,5.311185120709876,3.304675042910484,3.3758805
2018-12-03 01:30:00,3.35,3.38,4.43,2.92,5.650276470907301,3.322182155847824,3.4236004
2018-12-03 01:45:00,3.42,3.35,4.14,3.06,5.895562414541523,3.316956899988555,3.397055
2018-12-03 02:00:00,3.49,3.42,3.46,3.56,5.589150709627678,3.4058340345281684,3.4485528
2018-12-03 02:15:00,3.42,3.49,3.38,3.13,5.902778588012296,3.4152054792376894,3.46515
2018-12-03 02:30:00,3.38,3.42,3.38,2.92,6.137597386043279,3.3812501723779484,3.4438326
2018-12-03 02:45:00,4.36,3.38,3.38,2.92,6.4438967673502745,3.3604696077666434,3.4288056
2018-12-03 03:00:00,4.14,4.36,4.32,2.88,6.800726407745433,3.9623136202838776,3.736756
2018-12-03 03:15:00,3.42,4.14,4.64,2.95,6.8565928929377336,3.8420154675966525,3.6396983
2018-12-03 03:30:00,3.38,3.42,3.82,2.95,6.567647720677076,3.3429327926139507,3.338889
2018-12-03 03:45:00,3.35,3.38,3.46,3.31,6.7405067282868885,3.3405820242147555,3.430796
2018-12-03 04:00:00,3.35,3.35,3.42,3.49,6.278888995123118,3.3386133348379694,3.3771799
2018-12-03 04:15:00,4.1,3.35,3.46,3.46,6.485129227370848,3.3793656392458296,3.39492
2018-12-03 04:30:00,4.43,4.1,4.32,3.24,7.299412751626697,3.7864633954877074,3.7916024
2018-12-03 04:45:00,4.5,4.43,4.5,2.88,7.769718518896436,3.8333391990588317,4.8777666
2018-12-03 05:00:00,3.78,4.5,4.54,2.95,7.363356686646256,3.911935652003696,4.8121657
2018-12-03 05:15:00,3.31,3.78,4.39,2.84,6.952068400926191,3.7650918118554983,3.658675
2018-12-03 05:30:00,3.38,3.31,3.35,2.88,6.766253620539544,3.285200158041277,3.36779
2018-12-03 05:45:00,3.31,3.38,3.46,2.84,6.954841086443775,3.3219187108926946,3.4551294
2018-12-03 06:00:00,3.31,3.31,3.35,3.17,6.466599911758571,3.304924877463461,3.4086807
2018-12-03 06:15:00,3.35,3.31,3.42,3.38,6.623806672919301,3.3523164632974196,3.3153985
2018-12-03 06:30:00,3.31,3.35,3.42,2.88,6.7698428374052355,3.3588506953109727,3.437372
2018-12-03 06:45:00,3.24,3.31,3.38,2.88,6.770915969867705,3.338665101447868,3.370197
2018-12-03 07:00:00,3.24,3.24,3.46,2.99,6.115300587602714,3.3343608313276643,3.3218834
2018-12-03 07:15:00,4.21,3.24,3.38,3.35,6.211346000456754,3.341377475072044,3.2955878
2018-12-03 07:30:00,5.76,4.21,3.46,3.53,7.094731322319241,4.289281748420134,4.259242
2018-12-03 07:45:00,5.98,5.76,3.46,5.22,8.64235912247333,7.348299941597869,5.795247
2018-12-03 08:00:00,5.58,5.98,3.49,5.58,8.329795008185432,8.29366820279334,4.8991537
2018-12-03 08:15:00,34.99,5.58,4.57,45.36,15.747797462625662,30.763298356542442,30.49261
2018-12-03 08:30:00,56.84,34.99,4.54,88.92,44.878260395176525,74.37404708538587,58.138
2018-12-03 08:45:00,61.06,56.84,5.54,88.99,62.97284327104698,60.08053315467872,60.455673
2018-12-03 09:00:00,57.89,61.06,4.75,90.61,68.22347405414675,62.54353778299726,61.575634
2018-12-03 09:15:00,70.49,57.89,3.74,93.31,60.139986888983074,58.09326310489891,58.270363
2018-12-03 09:30:00,50.11,70.49,3.71,92.2,68.6369175211848,62.68252243650324,60.587204
2018-12-03 09:45:00,66.38,50.11,3.6,94.43,56.89162179465109,58.230847323375265,57.359215
2018-12-03 10:00:00,56.88,66.38,3.56,85.43,65.25225888395208,62.529822327156765,58.80093
2018-12-03 10:15:00,47.09,56.88,3.6,64.55,61.56869705290687,60.800168605161744,60.003826
2018-12-03 10:30:00,55.8,47.09,3.64,70.06,57.421730114973755,54.14027438720165,55.784912
2018-12-03 10:45:00,66.89,55.8,3.64,73.12,62.100723900813065,59.03189386348635,60.586704
2018-12-03 11:00:00,62.89,66.89,3.64,80.75,69.9051383394236,59.35861677734277,62.008278
2018-12-03 11:15:00,63.79,62.89,3.64,82.66,67.40264907504644,59.27886000523535,59.119846
2018-12-03 11:30:00,58.1,63.79,3.56,79.13,67.03614748422883,62.2526066103711,63.733807
2018-12-03 11:45:00,54.5,58.1,3.64,84.74,62.68798293956726,60.45964907292541,60.146843
2018-12-03 12:00:00,35.35,54.5,4.03,61.34,56.87382728161178,58.165733393839766,53.430805
2018-12-03 12:15:00,6.34,35.35,4.86,7.24,27.37846150667414,11.695752489002231,8.315355
2018-12-03 12:30:00,5.76,6.34,4.75,6.84,8.641469379701537,5.827367693653154,6.567765
2018-12-03 12:45:00,6.3,5.76,5.36,6.3,7.7611674577633,5.7291436813496235,5.675188
2018-12-03 13:00:00,6.19,6.3,4.9,6.01,6.425435710825457,6.213395719538635,6.5395803
2018-12-03 13:15:00,35.35,6.19,3.78,56.52,15.784045782848787,38.84683713935217,43.78901
2018-12-03 13:30:00,51.95,35.35,3.64,93.17,44.673399673997494,65.03877299380702,59.256775
2018-12-03 13:45:00,48.46,51.95,3.6,82.58,57.88236045867929,58.211162022165105,58.45021
2018-12-03 14:00:00,65.02,48.46,3.6,90.65,54.7258571733466,54.971547518570866,53.011032
2018-12-03 14:15:00,69.91,65.02,3.6,77.51,61.74311906491582,57.74540921992421,57.781292
2018-12-03 14:30:00,55.12,69.91,3.56,88.63,64.0269590625882,60.945761492794375,60.336666
2018-12-03 14:45:00,56.84,55.12,3.56,69.05,53.61044495381033,58.942927304706465,59.20752
2018-12-03 15:00:00,54.22,56.84,3.64,71.6,54.879733224555615,60.18477522304495,59.87169
2018-12-03 15:15:00,49.97,54.22,3.6,67.97,52.11034261851739,58.42870700089883,57.796516
2018-12-03 15:30:00,48.17,49.97,3.56,64.51,48.65788194281143,55.11116075610816,53.104362
2018-12-03 15:45:00,49.86,48.17,3.85,70.96,46.86976996492001,53.67251628934555,53.017418
2018-12-03 16:00:00,58.75,49.86,4.68,65.34,47.226750089073576,54.32103664569041,52.762554
2018-12-03 16:15:00,65.7,58.75,4.72,64.22,54.9580610553526,57.181482792705935,56.373726
2018-12-03 16:30:00,51.88,65.7,4.72,61.45,60.07005650442996,58.311284274398204,59.158867
2018-12-03 16:45:00,57.2,51.88,3.89,51.52,49.04140214084845,55.899394661092195,55.406906
2018-12-03 17:00:00,76.03,57.2,3.53,65.34,53.84334789338802,57.675727900520215,57.63813
2018-12-03 17:15:00,72.18,76.03,3.6,74.05,72.32912691116358,64.39629947912566,62.52495
2018-12-03 17:30:00,61.42,72.18,3.6,50.65,68.17295647046326,67.54388980508523,64.39407
2018-12-03 17:45:00,36.61,61.42,3.74,32.58,55.65854042965961,37.28615231586968,31.189789
2018-12-03 18:00:00,29.56,36.61,4.72,32.72,38.0260202793155,31.80211725644044,32.591385
2018-12-03 18:15:00,34.13,29.56,3.89,43.16,35.367222671236085,37.51835252117533,40.368034
2018-12-03 18:30:00,42.26,34.13,3.53,61.88,41.26026715728133,43.40711668650186,43.50449
2018-12-03 18:45:00,56.81,42.26,3.53,71.03,47.361860348882765,45.248270917538854,43.714664
2018-12-03 19:00:00,43.02,56.81,3.56,58.43,59.237635441109255,54.76482439659625,55.2003
2018-12-03 19:15:00,47.74,43.02,3.67,59.33,47.42554930976907,49.74128415730963,45.04683
2018-12-03 19:30:00,39.17,47.74,3.56,60.05,51.00007427861546,52.42292635803684,50.581886
2018-12-03 19:45:00,43.67,39.17,4.39,66.17,44.67523783818349,45.141137250563304,43.59311
2018-12-03 20:00:00,50.44,43.67,4.72,78.98,47.728792053122135,45.598825775666675,45.19958
2018-12-03 20:15:00,46.22,50.44,4.68,58.18,46.82492800333941,52.23485087126791,49.765045
2018-12-03 20:30:00,45.36,46.22,4.75,51.77,44.40637078352745,50.068880122318916,48.49109
2018-12-03 20:45:00,50.11,45.36,3.71,43.6,40.872981014906365,40.604971116448866,40.90646
2018-12-03 21:00:00,25.45,50.11,3.53,40.64,41.70144055185137,31.97643308374137,25.545277
2018-12-03 21:15:00,8.6,25.45,3.6,16.09,22.961670098736437,9.715377419295098,7.730673
2018-12-03 21:30:00,6.19,8.6,3.6,6.23,11.327908999107404,5.621351325805858,6.6607704
2018-12-03 21:45:00,5.62,6.19,3.6,5.26,9.258947197251224,5.402536415094095,5.199644
2018-12-03 22:00:00,4.93,5.62,3.56,5.11,7.750906635270685,5.141819089761756,4.9511614
2018-12-03 22:15:00,4.72,4.93,4.07,4.79,11.734469481711741,4.616957268760178,5.1837697
2018-12-03 22:30:00,4.75,4.72,4.32,4.72,11.856553415956654,4.612402267010319,5.080955
2018-12-03 22:45:00,4.68,4.75,3.35,4.75,12.241136015600922,4.63401451654865,5.2036023
2018-12-03 23:00:00,4.68,4.68,3.31,4.72,11.401133536910816,4.5989892840934905,4.5513964
2018-12-03 23:15:00,4.61,4.68,3.31,4.82,7.147762641274003,4.633436867174451,4.6533365
2018-12-03 23:30:00,4.57,4.61,3.28,4.64,7.384876490343153,4.576542310693425,4.4873905
2018-12-03 23:45:00,4.61,4.57,3.35,4.64,7.689348191463555,4.611388500906594,4.455019
2018-12-04 00:00:00,3.89,4.61,4.57,23.65,6.858241597571862,19.092464547019098,4.8096924
2018-12-04 00:15:00,4.61,3.89,4.43,4.72,5.470579932399868,3.9122176229903753,3.902819
2018-12-04 00:30:00,4.57,4.61,4.36,4.79,6.313433305382201,4.572167131949768,4.312659
2018-12-04 00:45:00,4.61,4.57,4.21,4.72,6.604197487884843,4.525501739113324,4.327825
2018-12-04 01:00:00,4.64,4.61,3.35,4.75,6.306279643165894,4.189089057294124,4.1404386
2018-12-04 01:15:00,5.04,4.64,3.38,5.62,6.63061682888199,4.599288854476154,4.5329328
2018-12-04 01:30:00,5.8,5.04,3.35,5.94,7.291818031132916,4.819258097805844,4.534886
2018-12-04 01:45:00,4.68,5.8,3.42,4.72,8.100958385354769,5.5719097436354454,4.83122
2018-12-04 02:00:00,3.6,4.68,3.49,4.68,6.965773199628668,4.5565151406020865,4.4171624
2018-12-04 02:15:00,3.56,3.6,3.42,4.72,6.547789888551634,3.667366042909101,3.780411
2018-12-04 02:30:00,3.64,3.56,3.38,4.72,6.766067711165309,3.602310548171,3.7346246
2018-12-04 02:45:00,3.67,3.64,4.36,4.72,7.157945163904579,3.692559069625451,3.6602156
2018-12-04 03:00:00,3.64,3.67,4.14,4.72,6.725589205389291,3.7047103863631787,3.6593835
2018-12-04 03:15:00,3.64,3.64,3.42,4.18,6.814613088438115,3.6822282327476215,3.63999
2018-12-04 03:30:00,3.71,3.64,3.38,3.71,7.021457885485017,3.681478303178513,3.636414
2018-12-04 03:45:00,3.67,3.71,3.35,3.71,7.3086494051253155,3.754370797977959,3.7449925
2018-12-04 04:00:00,3.71,3.67,3.35,3.74,6.832153500367312,3.697569156646873,3.771085
2018-12-04 04:15:00,3.67,3.71,4.1,3.78,7.125937933413919,3.750756198483895,3.7339828
2018-12-04 04:30:00,3.6,3.67,4.43,3.74,7.310773389948409,3.7099852903928285,3.697705
2018-12-04 04:45:00,4.36,3.6,4.5,3.71,7.467679096482296,3.6658836203386396,3.6374624
2018-12-04 05:00:00,4.64,4.36,3.78,3.71,7.543621184654626,4.068756262332684,4.1066756
2018-12-04 05:15:00,4.72,4.64,3.31,3.74,7.941453260686554,4.021857579230581,4.2566185
2018-12-04 05:30:00,5.44,4.72,3.38,3.78,8.203567777559797,4.075831993444167,4.080496
2018-12-04 05:45:00,4.43,5.44,3.31,3.92,8.838912683656396,4.9394876634444245,4.8861136
2018-12-04 06:00:00,3.64,4.43,3.31,5.9,7.82540216563747,4.250949437327204,4.130142
2018-12-04 06:15:00,3.56,3.64,3.35,5.62,7.431670286474606,3.686185533417694,3.6639974
2018-12-04 06:30:00,3.67,3.56,3.31,4.64,7.421458840632486,3.597950907817338,3.7339733
2018-12-04 06:45:00,3.64,3.67,3.24,3.82,7.439179999520185,3.706447896673,3.6935923
2018-12-04 07:00:00,3.56,3.64,3.24,3.71,6.803907372841877,3.6782266719116032,3.6695416
2018-12-04 07:15:00,3.56,3.56,4.21,3.71,7.041569727564241,3.6389701966521413,3.5767066
2018-12-04 07:30:00,3.82,3.56,5.76,3.78,7.22898429772135,3.775243720787468,3.7271397
2018-12-04 07:45:00,4.54,3.82,5.98,5.11,7.706657738321095,4.5577092774258015,4.373764
2018-12-04 08:00:00,5.94,4.54,5.58,6.88,7.809744727169452,5.764736248758266,5.8102684
2018-12-04 08:15:00,28.4,5.94,34.99,49.61,17.595926330661463,36.0021521075993,34.200794
2018-12-04 08:30:00,55.04,28.4,56.84,72.36,40.71618809096577,52.50483803363763,51.72392
2018-12-04 08:45:00,61.13,55.04,61.06,73.62,62.34940873067596,60.53220681837972,62.11762
2018-12-04 09:00:00,82.33,61.13,57.89,111.64,71.36714616648777,62.44008631715344,61.456387
2018-12-04 09:15:00,82.37,82.33,70.49,81.54,81.20551925016686,80.5066948099261,77.264275
2018-12-04 09:30:00,64.08,82.37,50.11,103.1,80.92453604817572,76.59151089710275,82.103966
2018-12-04 09:45:00,59.36,64.08,66.38,126.43,72.372878687956,68.19369183756359,67.79697
2018-12-04 10:00:00,52.16,59.36,56.88,104.44,63.24062345561241,64.73412042653854,60.481987
2018-12-04 10:15:00,56.95,52.16,47.09,129.2,64.64638173556285,59.01912752701172,56.213844
2018-12-04 10:30:00,53.42,56.95,55.8,131.8,69.33682160154135,57.950544627562074,58.780598
2018-12-04 10:45:00,58.86,53.42,66.89,133.42,66.89616822888271,57.72769820209628,54.1702
2018-12-04 11:00:00,59.98,58.86,62.89,151.67,71.10632933392611,58.00435747936597,58.534134
2018-12-04 11:15:00,61.24,59.98,63.79,126.11,68.85774916567003,57.96721976755734,58.473984
2018-12-04 11:30:00,84.1,61.24,58.1,145.01,71.35137366355094,58.33049641648563,60.942265
2018-12-04 11:45:00,63.86,84.1,54.5,123.8,86.22251878691333,76.30731135770488,75.79916
2018-12-04 12:00:00,49.86,63.86,35.35,108.61,68.74095639997019,66.99870238958283,60.615883
2018-12-04 12:15:00,6.91,49.86,6.34,7.81,38.65673010939796,8.969057045030318,8.3395405
2018-12-04 12:30:00,7.38,6.91,5.76,5.51,9.391521502472894,6.464129786212525,6.4759536
2018-12-04 12:45:00,6.62,7.38,6.3,5.76,9.331792929356492,7.33037697578117,7.561209
2018-12-04 13:00:00,6.55,6.62,6.19,6.34,7.009362497167654,6.476863950254156,6.4542403
2018-12-04 13:15:00,32.51,6.55,35.35,71.06,17.565021785762525,40.75601487289608,44.129803
2018-12-04 13:30:00,57.28,32.51,51.95,121.25,45.28107768006542,63.01697556837804,62.63655
2018-12-04 13:45:00,55.51,57.28,48.46,132.59,66.14899648395634,62.32935263171227,55.30626
2018-12-04 14:00:00,56.12,55.51,65.02,126.68,64.18370691063882,58.55503132934752,57.699146
2018-12-04 14:15:00,58.82,56.12,69.91,93.46,58.967777643891495,56.09498172682385,56.315716
2018-12-04 14:30:00,52.88,58.82,55.12,77.36,54.39866973412755,57.32317126340844,57.302963
2018-12-04 14:45:00,53.46,52.88,56.84,76.72,52.05121927581317,56.856129942627184,55.106243
2018-12-04 15:00:00,62.96,53.46,54.22,107.42,55.40203126078849,56.386252849704505,53.840168
2018-12-04 15:15:00,64.62,62.96,49.97,81.58,59.868044450678234,57.906852416616225,58.149982
2018-12-04 15:30:00,60.01,64.62,48.17,79.38,61.38069780466431,58.46063680785029,58.834763
2018-12-04 15:45:00,55.66,60.01,49.86,57.85,55.54215007927047,59.45658504249702,60.543243
2018-12-04 16:00:00,53.82,55.66,58.75,59.08,52.12141573159923,59.144566011801594,57.604813
2018-12-04 16:15:00,71.86,53.82,65.7,59.26,52.24884756302933,57.3738052430881,56.102795
2018-12-04 16:30:00,60.73,71.86,51.88,53.46,64.02952801733224,64.43553739375457,63.659546
2018-12-04 16:45:00,68.22,60.73,57.2,59.4,57.091829706739034,60.79498735486457,61.762478
2018-12-04 17:00:00,80.46,68.22,76.03,47.48,63.68957317570566,62.74106145238269,60.40353
2018-12-04 17:15:00,61.52,80.46,72.18,62.78,76.27552455235497,74.96156788949668,74.57541
2018-12-04 17:30:00,71.1,61.52,61.42,50.15,61.91566997497972,65.02393314037273,59.671772
2018-12-04 17:45:00,35.21,71.1,36.61,34.13,62.36543493571328,50.35392660453045,34.93969
2018-12-04 18:00:00,30.31,35.21,29.56,31.93,36.860335299644625,31.7488565731993,33.20389
2018-12-04 18:15:00,43.56,30.31,34.13,36.76,36.018785999277846,37.968394814557016,38.481983
2018-12-04 18:30:00,40.97,43.56,42.26,56.84,47.67538491481665,54.54960104748146,52.210464
2018-12-04 18:45:00,38.56,40.97,56.81,48.17,46.19606368037253,44.09082244807472,42.656315
2018-12-04 19:00:00,41.65,38.56,43.02,61.16,45.73550593701053,42.1705763170248,41.61024
2018-12-04 19:15:00,49.07,41.65,47.74,41.98,43.59167002497984,40.705537078867366,44.95008
2018-12-04 19:30:00,40.46,49.07,39.17,43.38,49.871653488885954,52.65664466268342,51.01272
2018-12-04 19:45:00,48.64,40.46,43.67,47.48,44.18522631106478,43.60549780262465,44.086113
2018-12-04 20:00:00,49.75,48.64,50.44,48.46,49.47975996930283,50.00779258722319,49.4025
2018-12-04 20:15:00,48.89,49.75,46.22,49.61,45.873623329705076,51.26822427521538,49.299446
2018-12-04 20:30:00,37.84,48.89,45.36,49.21,46.121370316784,50.46661649358633,48.629257
2018-12-04 20:45:00,30.67,37.84,50.11,35.5,35.70913580135689,38.39672973064479,38.514503
2018-12-04 21:00:00,5.08,30.67,25.45,29.99,27.394906398989523,20.26189943772041,19.62938
2018-12-04 21:15:00,5.69,5.08,8.6,25.96,8.67199024447347,6.362020455178913,5.423293
2018-12-04 21:30:00,5.44,5.69,6.19,25.02,8.773850846378682,6.553973020013953,4.8598404
2018-12-04 21:45:00,5.4,5.44,5.62,25.13,8.304600093694567,6.341022145534867,4.7845345
2018-12-04 22:00:00,5.44,5.4,4.93,25.2,7.1719527783808275,6.6502364041531,4.764332
2018-12-04 22:15:00,5.26,5.44,4.72,24.88,12.137518980045158,5.098361396756506,5.336434
2018-12-04 22:30:00,4.64,5.26,4.75,24.77,12.166526163381434,5.074861275335475,5.2053776
2018-12-04 22:45:00,3.92,4.64,4.68,24.88,12.028511883196302,4.7360544599520304,5.9735484
2018-12-04 23:00:00,3.96,3.92,4.68,23.65,10.695653466976282,3.989711382600899,4.443786
2018-12-04 23:15:00,3.92,3.96,4.61,23.62,6.694047718304095,4.109939696518484,3.8948553
2018-12-04 23:30:00,3.85,3.92,4.57,23.58,6.967528132040833,4.13116472642084,3.9656317
2018-12-04 23:45:00,3.89,3.85,4.61,23.54,7.236936010745396,5.945459163487239,3.8665273
2018-12-05 00:00:00,3.96,3.89,3.89,3.92,3.127633911883951,10.964642129751203,3.8108146
2018-12-05 00:15:00,3.89,3.96,4.61,23.51,5.9440935115984495,6.179154492384234,4.0551643
2018-12-05 00:30:00,3.92,3.89,4.57,23.65,6.242709254078974,4.023220212417326,4.0129967
2018-12-05 00:45:00,3.89,3.92,4.61,23.65,6.584021962306778,4.0915555533045485,4.081188
2018-12-05 01:00:00,3.96,3.89,4.64,23.65,6.232195790105287,3.9957960826167414,3.9012444
2018-12-05 01:15:00,3.78,3.96,5.04,23.58,6.626532735372312,4.091527214824024,3.9454281
2018-12-05 01:30:00,3.85,3.78,5.8,23.65,6.868766708661834,3.901594838205306,3.779178
2018-12-05 01:45:00,3.82,3.85,4.68,23.62,7.165930975626143,3.9534223374874795,3.877217
2018-12-05 02:00:00,3.82,3.82,3.6,23.65,6.738219097975271,3.9223158336914024,3.836253
2018-12-05 02:15:00,3.85,3.82,3.56,23.58,7.02818383641835,3.9002072419880656,3.8379571
2018-12-05 02:30:00,4.64,3.85,3.64,23.65,7.348576998917302,3.9511981556487656,3.8859417
2018-12-05 02:45:00,4.86,4.64,3.67,24.66,8.373149973555677,6.829421293357021,4.189045
2018-12-05 03:00:00,3.82,4.86,3.64,24.12,8.11652696375916,7.620452286135483,4.0805182
2018-12-05 03:15:00,3.49,3.82,3.64,22.46,7.4642085666717755,3.9387889517877195,3.677582
2018-12-05 03:30:00,3.13,3.49,3.71,22.39,7.395939877637051,3.538259204521212,3.7636626
2018-12-05 03:45:00,3.2,3.13,3.67,22.54,7.210085036920148,3.820281012915178,3.650318
2018-12-05 04:00:00,3.13,3.2,3.71,22.46,6.787746197461836,3.7029898385267166,3.292496
2018-12-05 04:15:00,3.1,3.13,3.67,22.54,6.958804739136472,3.6365221145901288,3.1382382
2018-12-05 04:30:00,3.17,3.1,3.6,22.5,7.1380683865155845,3.8253599624508774,3.1506288
2018-12-05 04:45:00,3.06,3.17,4.36,22.46,7.420512457452659,3.672454412985773,4.400267
2018-12-05 05:00:00,3.17,3.06,4.64,22.46,6.851683754274827,3.828401635156906,4.3125024
2018-12-05 05:15:00,3.06,3.17,4.72,22.46,7.109827551675025,3.738896150651079,4.4465976
2018-12-05 05:30:00,3.1,3.06,5.44,22.54,7.235882998172244,3.9471033954017876,4.4754443
2018-12-05 05:45:00,3.02,3.1,4.43,22.5,7.38069768976024,3.8810991651938056,4.3465877
2018-12-05 06:00:00,3.1,3.02,3.64,23.62,6.890804541767132,3.8501074311315633,3.2894013
2018-12-05 06:15:00,3.02,3.1,3.56,23.87,7.101868992230507,3.885313816581496,3.3290403
2018-12-05 06:30:00,4.61,3.02,3.67,24.55,7.2622941345201575,3.855889653353786,3.1070802
2018-12-05 06:45:00,4.9,4.61,3.64,23.11,8.432955631077526,5.762186483699444,4.032607
2018-12-05 07:00:00,3.85,4.9,3.56,22.5,8.057121529446178,6.172916116711297,4.8942485
2018-12-05 07:15:00,3.49,3.85,3.56,22.46,7.411356102927915,3.9990776328946627,4.005421
2018-12-05 07:30:00,3.2,3.49,3.82,22.93,7.190088381949813,4.0312133447127945,5.825466
2018-12-05 07:45:00,4.32,3.2,4.54,24.62,7.301547437903203,4.738361187755737,6.1790056
2018-12-05 08:00:00,4.72,4.32,5.94,25.09,7.611187657874794,8.219923058338779,8.540128
2018-12-05 08:15:00,27.65,4.72,28.4,54.18,14.532181597307881,37.17867303681203,31.801285
2018-12-05 08:30:00,61.56,27.65,55.04,52.27,36.40997468287583,50.79913655908615,50.999542
2018-12-05 08:45:00,57.71,61.56,61.13,51.88,63.8308114208116,66.11428983669185,62.51434
2018-12-05 09:00:00,57.82,57.71,82.33,54.43,63.58209590363265,60.20979154933955,60.37541
2018-12-05 09:15:00,68.08,57.82,82.37,58.72,60.23401948163446,59.51551419722204,58.74749
2018-12-05 09:30:00,64.08,68.08,64.08,52.78,62.2182792628188,62.72699264077437,63.362804
2018-12-05 09:45:00,64.76,64.08,59.36,58.97,61.40703237859043,62.325123257633074,62.860344
2018-12-05 10:00:00,62.68,64.76,52.16,51.16,59.0440381964828,62.81091577244477,61.273735
2018-12-05 10:15:00,49.28,62.68,56.95,50.0,61.545031411055874,62.001948623421,61.206085
2018-12-05 10:30:00,56.52,49.28,53.42,48.56,54.12793499158933,56.79122798223952,54.025177
2018-12-05 10:45:00,59.04,56.52,58.86,66.2,60.56730554789989,57.930468569169435,56.315163
2018-12-05 11:00:00,66.85,59.04,59.98,62.1,59.97009990089351,57.50627412834891,57.786552
2018-12-05 11:15:00,68.83,66.85,61.24,51.98,65.87923006180549,59.43560864941036,60.29224
2018-12-05 11:30:00,60.3,68.83,84.1,53.89,67.79824569225839,63.28669379091195,63.69271
2018-12-05 11:45:00,53.21,60.3,63.86,63.94,61.72420654030651,60.708209420007755,60.193928
2018-12-05 12:00:00,40.97,53.21,49.86,51.77,53.54486163098938,57.53540126661997,52.21582
2018-12-05 12:15:00,10.69,40.97,6.91,8.5,29.804271548608,9.387794307003917,6.7829366
2018-12-05 12:30:00,9.43,10.69,7.38,6.98,10.169026208044048,6.3789558002686375,5.283936
2018-12-05 12:45:00,10.33,9.43,6.62,7.42,8.951576147494972,8.561521967007586,7.3265576
2018-12-05 13:00:00,26.68,10.33,6.55,8.28,8.18016097550256,9.498238864275272,7.3935027
2018-12-05 13:15:00,43.34,26.68,32.51,60.88,29.34956879764003,44.08379554189091,53.00551
2018-12-05 13:30:00,46.51,43.34,57.28,71.89,46.74458562812418,52.064290970061116,53.70321
2018-12-05 13:45:00,50.44,46.51,55.51,79.24,50.239560298535835,54.23122733639802,51.634304
2018-12-05 14:00:00,63.4,50.44,56.12,58.39,48.669522742323906,54.24550683907537,50.61211
2018-12-05 14:15:00,54.36,63.4,58.82,84.46,58.82747406974596,57.331694948532686,56.41244
2018-12-05 14:30:00,61.52,54.36,52.88,62.39,49.45068561518701,56.45436744576987,55.426895
2018-12-05 14:45:00,58.93,61.52,53.46,92.81,57.47433557532893,57.87466006428217,55.91461
2018-12-05 15:00:00,85.46,58.93,62.96,98.53,55.61484141628469,58.71665558121285,58.65632
2018-12-05 15:15:00,109.3,85.46,64.62,105.91,77.58103397301234,79.4523289236348,76.28511
2018-12-05 15:30:00,87.16,109.3,60.01,96.91,94.28474485848838,90.12033669449593,87.86581
2018-12-05 15:45:00,96.01,87.16,55.66,65.66,76.60655035239459,93.50511599022337,99.66647
2018-12-05 16:00:00,105.91,96.01,53.82,73.44,80.36557659760304,93.27615801561119,90.05298
2018-12-05 16:15:00,68.18,105.91,71.86,100.84,90.11823195384737,89.88331359061654,91.13327
2018-12-05 16:30:00,64.91,68.18,60.73,97.63,64.71897377453824,85.3525428843648,86.1148
2018-12-05 16:45:00,56.05,64.91,68.22,83.3,61.37488075364574,70.42935691066944,69.20021
2018-12-05 17:00:00,62.96,56.05,80.46,111.78,58.57899860561484,59.74596266777229,60.165703
2018-12-05 17:15:00,47.12,62.96,61.52,83.74,63.086353209703816,62.84749169606759,61.24003
2018-12-05 17:30:00,44.57,47.12,71.1,90.11,53.15548785503651,55.10598583562912,49.604595
2018-12-05 17:45:00,44.24,44.57,35.21,37.91,42.940280274677576,34.49399215429838,32.450478
2018-12-05 18:00:00,27.32,44.24,30.31,31.68,40.67529043486479,31.948922716321654,32.8849
2018-12-05 18:15:00,5.87,27.32,43.56,35.17,31.32884733751189,24.88017284479806,29.340221
2018-12-05 18:30:00,5.36,5.87,40.97,60.73,20.36423338352024,5.358607843420049,6.6530757
2018-12-05 18:45:00,5.47,5.36,38.56,50.44,19.144150642763314,5.080563230402346,5.25345
2018-12-05 19:00:00,5.58,5.47,41.65,62.21,19.44599889110123,5.099589846787396,5.018089
2018-12-05 19:15:00,5.58,5.58,49.07,50.65,17.43673774571078,5.1293904740298,5.388425
2018-12-05 19:30:00,5.47,5.58,40.46,54.07,17.60990421655218,5.140405676316528,4.876265
2018-12-05 19:45:00,5.44,5.47,48.64,40.86,17.158068670776405,5.1065379993011515,4.904288
2018-12-05 20:00:00,5.44,5.44,49.75,50.8,17.005384080893645,5.105255869168367,4.840106
2018-12-05 20:15:00,5.44,5.44,48.89,49.82,12.390077934049502,5.702520241609094,4.9740696
2018-12-05 20:30:00,5.51,5.44,37.84,41.44,11.418648231271174,5.690487136575781,4.986303
2018-12-05 20:45:00,5.44,5.51,30.67,20.45,8.251982741500662,5.345549450106929,4.8037667
2018-12-05 21:00:00,4.82,5.44,5.08,8.86,3.875135469493781,5.178029280380696,5.4580855
2018-12-05 21:15:00,4.28,4.82,5.69,6.34,1.9135528266890844,4.64975722999969,4.655507
2018-12-05 21:30:00,4.25,4.28,5.44,5.54,1.7222804106284215,4.17358371152714,4.0788527
2018-12-05 21:45:00,4.28,4.25,5.4,5.54,1.9987073856569992,4.168060795380339,4.109432
2018-12-05 22:00:00,4.36,4.28,5.44,5.54,1.6286876248847868,4.19343658529806,4.1746492
2018-12-05 22:15:00,4.03,4.36,5.26,5.18,6.6729836688257365,4.164613372952879,4.0433416
2018-12-05 22:30:00,4.0,4.03,4.64,5.22,6.721295679175473,4.023645447641378,3.8866289
2018-12-05 22:45:00,4.03,4.0,3.92,5.15,7.032449833331036,3.9985462834812764,3.9447615
2018-12-05 23:00:00,4.0,4.03,3.96,5.11,6.663129427116978,4.0382086115066205,3.9146602
2018-12-05 23:15:00,4.0,4.0,3.92,5.11,2.6126770533356662,3.9540379828961187,3.9162328
2018-12-05 23:30:00,3.92,4.0,3.85,4.61,2.898139457679271,3.95144517525861,3.88845
2018-12-05 23:45:00,4.0,3.92,3.89,3.92,3.1137159457655557,3.913339715857346,3.8883936
2018-12-06 00:00:00,4.0,4.0,3.96,4.07,2.4002205273900152,4.464909892634401,3.9570482
2018-12-06 00:15:00,3.96,4.0,3.89,3.89,2.716328162193207,3.9620499877665756,3.9476454
2018-12-06 00:30:00,4.79,3.96,3.92,4.03,3.0359630749748696,3.9346162723903575,3.930176
2018-12-06 00:45:00,5.18,4.79,3.89,4.0,3.995132707234877,4.470583817308453,4.293797
2018-12-06 01:00:00,4.03,5.18,3.96,4.0,3.9766148302583773,4.546739817725715,4.37067
2018-12-06 01:15:00,3.92,4.03,3.78,4.0,3.5723445846899686,3.9619540600632193,3.7635505
2018-12-06 01:30:00,4.0,3.92,3.85,4.0,3.7929303413607407,3.9160249408677617,3.882734
2018-12-06 01:45:00,3.92,4.0,3.82,4.1,4.03969558913785,3.9506014725894207,3.9174817
2018-12-06 02:00:00,4.07,3.92,3.82,4.0,3.5606818875844652,3.913701501887039,3.9107964
2018-12-06 02:15:00,3.46,4.07,3.85,3.96,3.9778848523074473,3.977850588352551,4.0337887
2018-12-06 02:30:00,3.28,3.46,4.64,4.03,3.9477494024023514,3.397583230645087,3.5085418
2018-12-06 02:45:00,3.38,3.28,4.86,4.03,4.1472491690913,3.30927922614302,3.3054512
2018-12-06 03:00:00,3.31,3.38,3.82,4.79,3.823865841139156,3.364354794088736,3.3817642
2018-12-06 03:15:00,3.35,3.31,3.49,5.15,4.052153622073952,3.3591550843581346,3.331332
2018-12-06 03:30:00,3.35,3.35,3.13,4.18,4.171083078349135,3.3831744498698137,3.3566225
2018-12-06 03:45:00,3.38,3.35,3.2,4.0,4.3793987194043105,3.3797138455480047,3.3618252
2018-12-06 04:00:00,3.42,3.38,3.13,4.0,3.9605746224789193,3.3874079483988484,3.3708584
2018-12-06 04:15:00,3.31,3.42,3.1,4.07,4.23764295797092,3.408423801268616,3.4028718
2018-12-06 04:30:00,4.61,3.31,3.17,3.71,4.378787834117087,3.346836433298336,3.329419
2018-12-06 04:45:00,5.04,4.61,3.06,3.35,5.590243628009034,3.889788996830748,3.9426444
2018-12-06 05:00:00,4.07,5.04,3.17,3.35,5.459624211711411,4.590990342547066,4.474362
2018-12-06 05:15:00,3.71,4.07,3.06,3.38,4.961571003282003,3.6659566984761933,4.0404677
2018-12-06 05:30:00,3.31,3.71,3.1,3.46,4.79535478838093,3.716364506349046,3.6531026
2018-12-06 05:45:00,3.31,3.31,3.02,3.38,4.653961040279992,3.300952377031512,3.2667205
2018-12-06 06:00:00,3.38,3.31,3.1,3.38,4.098516122656601,3.31457991960992,3.321668
2018-12-06 06:15:00,3.31,3.38,3.02,3.35,4.191658012025815,3.3700886974359463,3.3349345
2018-12-06 06:30:00,3.28,3.31,4.61,3.31,4.480386885585727,3.34877050815826,3.3563368
2018-12-06 06:45:00,3.31,3.28,4.9,3.71,4.632233176594234,3.3542279878999985,3.3644187
2018-12-06 07:00:00,3.24,3.31,3.85,4.68,4.089332884508988,3.384862634290299,3.413338
2018-12-06 07:15:00,3.28,3.24,3.49,3.89,4.067640627701834,3.346675284678242,3.2806637
2018-12-06 07:30:00,3.46,3.28,3.2,4.25,4.247285250789616,3.703189334179708,3.7694552
2018-12-06 07:45:00,4.21,3.46,4.32,5.62,4.714195213565478,4.355955707827052,4.2620945
2018-12-06 08:00:00,6.44,4.21,4.72,5.69,4.758126958847232,5.042744347891631,4.557066
2018-12-06 08:15:00,32.29,6.44,27.65,41.58,13.854599935894413,36.96166048891998,36.918503
2018-12-06 08:30:00,64.98,32.29,61.56,73.98,41.59255336275934,57.64041327449099,57.665573
2018-12-06 08:45:00,60.84,64.98,57.71,88.06,68.5400798834556,65.5859872463611,68.35608
2018-12-06 09:00:00,59.87,60.84,57.82,100.58,67.48829820079504,62.24509135015435,63.02489
2018-12-06 09:15:00,67.0,59.87,68.08,82.08,62.29658132867307,60.586617417464176,60.17896
2018-12-06 09:30:00,71.17,67.0,64.08,102.82,64.3206131834316,64.11722813872089,63.80759
2018-12-06 09:45:00,76.86,71.17,64.76,128.41,70.96786145433481,68.54608543744956,65.78499
2018-12-06 10:00:00,66.67,76.86,62.68,104.26,71.97676279567075,73.05943698087482,74.6315
2018-12-06 10:15:00,63.18,66.67,49.28,104.9,68.10682318566153,66.89745640787943,66.86481
2018-12-06 10:30:00,68.87,63.18,56.52,116.71,68.14804284548681,65.88987324837552,63.686607
2018-12-06 10:45:00,71.06,68.87,59.04,93.02,70.13271060474841,66.24746116513036,64.56389
2018-12-06 11:00:00,62.78,71.06,66.85,56.05,67.92420370581335,70.27371815449862,67.857925
2018-12-06 11:15:00,60.88,62.78,68.83,55.55,63.09961769516842,63.85642915184299,63.57681
2018-12-06 11:30:00,74.45,60.88,60.3,57.35,60.65586091803374,61.68386044294173,61.526325
2018-12-06 11:45:00,67.82,74.45,53.21,64.58,70.15458803419519,69.41495210209132,66.28668
2018-12-06 12:00:00,69.26,67.82,40.97,46.01,62.445578748976686,64.63484278588702,61.2167
2018-12-06 12:15:00,9.94,69.26,10.69,9.36,49.752455748521086,11.947634591454408,10.32569
2018-12-06 12:30:00,6.88,9.94,9.43,6.84,11.07505019406965,6.812949724344383,5.984405
2018-12-06 12:45:00,7.02,6.88,10.33,6.19,9.011840249353803,7.030728362164772,6.7608323
2018-12-06 13:00:00,6.95,7.02,26.68,6.34,8.206620980039983,7.537021129683553,7.2204404
2018-12-06 13:15:00,35.78,6.95,43.34,40.21,12.66903908916761,41.895982118211585,44.010918
2018-12-06 13:30:00,61.78,35.78,46.51,62.24,39.11718224326744,68.06188403907704,63.06514
2018-12-06 13:45:00,60.8,61.78,50.44,77.36,60.634219403939795,63.818054916709166,60.3305
2018-12-06 14:00:00,71.78,60.8,63.4,64.76,60.64803933739714,61.55458718833733,62.285587
2018-12-06 14:15:00,72.11,71.78,54.36,57.28,63.50449284360728,69.22896713136933,65.87187
2018-12-06 14:30:00,68.22,72.11,61.52,50.54,60.61231113580402,69.90892374256784,69.119606
2018-12-06 14:45:00,73.44,68.22,58.93,59.51,59.10430934849468,65.71292704460463,65.66054
2018-12-06 15:00:00,56.88,73.44,85.46,57.46,62.68189676742249,71.21972781112191,68.7762
2018-12-06 15:15:00,50.29,56.88,109.3,59.69,54.25899547363761,63.52835807660295,61.44691
2018-12-06 15:30:00,48.78,50.29,87.16,57.67,48.45597150775943,57.78826007200874,54.520493
2018-12-06 15:45:00,48.96,48.78,96.01,66.2,48.34272436479561,55.90408866292077,53.027946
2018-12-06 16:00:00,49.97,48.96,105.91,63.5,48.14548537620317,54.63711196148613,53.435333
2018-12-06 16:15:00,62.28,49.97,68.18,50.36,46.994813085556935,54.54168475459824,52.0707
2018-12-06 16:30:00,47.95,62.28,64.91,70.24,56.88072953571658,58.00763893810856,56.830826
2018-12-06 16:45:00,57.35,47.95,56.05,59.22,45.98157684455741,54.520001947044655,52.479862
2018-12-06 17:00:00,47.77,57.35,62.96,56.88,53.41004839914463,56.55473325219049,53.411327
2018-12-06 17:15:00,48.6,47.77,47.12,59.8,48.78194716252591,53.213717279918605,49.59716
2018-12-06 17:30:00,57.46,48.6,44.57,51.7,48.81860535125049,52.31162541038428,48.221115
2018-12-06 17:45:00,31.86,57.46,44.24,33.59,50.8308468096474,33.471019406220734,33.51912
2018-12-06 18:00:00,31.61,31.86,27.32,33.05,32.355094006632484,31.019238638660422,31.259129
2018-12-06 18:15:00,36.61,31.61,5.87,43.99,33.94213830876972,40.860659676838026,39.12237
2018-12-06 18:30:00,40.07,36.61,5.36,46.91,37.316858070751145,44.71254756232974,47.24792
2018-12-06 18:45:00,37.87,40.07,5.47,59.83,41.71578528815715,43.02165128886334,40.729813
2018-12-06 19:00:00,47.23,37.87,5.58,51.88,38.9658133639494,39.432622260063184,39.282078
2018-12-06 19:15:00,53.03,47.23,5.58,39.89,44.482035834561536,50.037793023355064,49.2767
2018-12-06 19:30:00,38.63,53.03,5.47,39.49,49.15507267072738,52.210513281534986,50.97548
2018-12-06 19:45:00,37.51,38.63,5.44,63.5,41.51944035294288,42.509135847923304,40.83297
2018-12-06 20:00:00,38.3,37.51,5.44,40.57,37.60389968421004,39.6201320271196,41.163124
2018-12-06 20:15:00,54.36,38.3,5.44,39.82,33.59741665291703,42.51165797381204,40.88916
2018-12-06 20:30:00,38.84,54.36,5.51,54.07,47.15607904098529,50.87983587885802,51.15615
2018-12-06 20:45:00,27.72,38.84,5.44,33.41,34.00068346977049,38.39825129123439,39.021725
2018-12-06 21:00:00,8.86,27.72,4.82,27.68,23.628831257452667,11.145610247791426,14.020864
2018-12-06 21:15:00,5.51,8.86,4.28,5.72,7.530306562188834,5.715884576332397,6.254631
2018-12-06 21:30:00,5.58,5.51,4.25,5.69,4.903667132825589,5.05279374482735,4.9341135
2018-12-06 21:45:00,5.62,5.58,4.28,5.65,4.605852479525108,5.122921307878832,5.0070257
2018-12-06 22:00:00,5.54,5.62,4.36,4.61,3.601234319109988,5.145134142205471,5.0820894
2018-12-06 22:15:00,5.26,5.54,4.03,4.21,8.692187208242146,5.013936027611812,5.514098
2018-12-06 22:30:00,5.22,5.26,4.0,4.14,8.55273854931949,4.978331145563466,5.425216
2018-12-06 22:45:00,5.26,5.22,4.03,4.18,8.710258139907982,4.973009142024946,5.429298
2018-12-06 23:00:00,4.18,5.26,4.0,4.03,8.071464316072621,4.965093619297951,4.5957685
2018-12-06 23:15:00,3.96,4.18,4.0,4.03,3.3288655169522485,4.135916266721229,4.0323253
2018-12-06 23:30:00,4.0,3.96,3.92,3.96,3.5090379927619892,3.924821218512519,3.9316285
2018-12-06 23:45:00,4.0,4.0,4.0,4.0,3.8560933237486417,3.960524075530333,3.8901532
2018-12-07 00:00:00,4.03,4.0,4.0,3.96,3.6726288283591693,5.976089436989876,3.9588845
2018-12-07 00:15:00,3.96,4.03,3.96,4.07,4.040124337084261,3.990126199419132,3.996752
2018-12-07 00:30:00,4.03,3.96,4.79,4.0,4.3725094451482605,3.9437879434886804,3.9463766
2018-12-07 00:45:00,4.03,4.03,5.18,4.0,4.7794687942915175,3.9943587155094837,3.9875648
2018-12-07 01:00:00,4.0,4.03,4.03,4.0,4.3366067682504195,3.9786532356155573,4.0140634
2018-12-07 01:15:00,4.03,4.0,3.92,4.97,4.771846964878925,3.9632911223428526,3.9467084
2018-12-07 01:30:00,4.03,4.03,4.0,5.18,5.156972118035426,3.976936654293131,4.0143266
2018-12-07 01:45:00,4.03,4.03,3.92,4.0,5.284538763705243,3.9781979686393583,4.007774
2018-12-07 02:00:00,4.1,4.03,4.07,4.0,4.904726814057334,3.977412151753716,4.0044727
2018-12-07 02:15:00,4.0,4.1,3.46,4.1,5.23208145505448,4.0161975447844265,4.0931206
2018-12-07 02:30:00,4.72,4.0,3.28,4.1,5.479422077246255,3.960962107498358,3.9688418
2018-12-07 02:45:00,4.79,4.72,3.38,4.07,6.342832027320956,4.3992920473068695,4.2077994
2018-12-07 03:00:00,4.14,4.79,3.31,3.85,6.011540253011084,4.433375087298706,4.18422
2018-12-07 03:15:00,4.07,4.14,3.35,3.46,5.808335585759728,4.086798916967654,3.8948338
2018-12-07 03:30:00,4.03,4.07,3.35,3.42,5.898886024282795,3.9886418248654056,4.0205307
2018-12-07 03:45:00,4.0,4.03,3.38,3.46,6.08474437758278,3.9809962314547866,3.9900205
2018-12-07 04:00:00,3.42,4.0,3.42,3.42,5.600239524067462,3.975624148930233,3.964018
2018-12-07 04:15:00,3.49,3.42,3.31,3.42,5.481188297345071,3.3751458419498985,3.434003
2018-12-07 04:30:00,3.46,3.49,4.61,3.46,5.882140916735732,3.428032283904432,3.5192873
2018-12-07 04:45:00,3.38,3.46,5.04,3.46,6.114640636208112,3.4059439362932338,3.5060775
2018-12-07 05:00:00,3.42,3.38,4.07,3.46,5.484537709605981,3.381534658125871,3.425255
2018-12-07 05:15:00,3.42,3.42,3.71,3.46,5.658267298681842,3.406180478967696,3.4211047
2018-12-07 05:30:00,3.74,3.42,3.31,3.92,5.850343227060016,3.4076600592316044,3.451433
2018-12-07 05:45:00,4.07,3.74,3.31,4.93,6.324550119222977,3.6784460487721815,3.6200974
2018-12-07 06:00:00,3.49,4.07,3.38,5.11,6.048599443815558,3.8931557220781405,3.8063753
2018-12-07 06:15:00,3.42,3.49,3.31,3.67,5.618312752737463,3.409102112761159,3.363365
2018-12-07 06:30:00,3.64,3.42,3.28,3.42,5.69739032762768,3.380872660956,3.3896334
2018-12-07 06:45:00,4.1,3.64,3.31,3.31,5.939225891452651,3.6426237886412665,3.5295498
2018-12-07 07:00:00,4.0,4.1,3.24,3.35,5.697794833927098,3.931843046926118,3.8771665
2018-12-07 07:15:00,4.0,4.0,3.28,3.28,5.796059710068434,3.8904945732159155,3.7539918
2018-12-07 07:30:00,3.82,4.0,3.46,3.74,6.006124226399777,4.18524999150217,4.0322995
2018-12-07 07:45:00,4.54,3.82,4.21,5.22,6.1153024451526505,4.471552208555773,4.5507245
2018-12-07 08:00:00,4.79,4.54,6.44,5.33,6.243457696704532,5.3667717712930045,5.260469
2018-12-07 08:15:00,47.66,4.79,32.29,35.57,13.317895134562294,32.227154775228804,29.54945
2018-12-07 08:30:00,60.19,47.66,64.98,62.71,54.0893612043503,72.45930811193146,71.35713
2018-12-07 08:45:00,60.19,60.19,60.84,63.18,64.83529341332381,61.51758791423954,59.250683
2018-12-07 09:00:00,53.32,60.19,59.87,68.11,65.2060789514178,61.00218379927548,61.607517
2018-12-07 09:15:00,58.86,53.32,67.0,51.48,54.03888362960781,57.164826321010864,55.194626
2018-12-07 09:30:00,49.5,58.86,71.17,57.67,56.40244941285444,57.583922754445716,57.57796
2018-12-07 09:45:00,48.42,49.5,76.86,59.26,50.900258427975956,55.57361733579781,52.9362
2018-12-07 10:00:00,62.78,48.42,66.67,63.22,49.02737121605052,53.528834398306394,52.558907
2018-12-07 10:15:00,48.02,62.78,63.18,49.21,62.259660472220844,56.908337559438515,56.05047
2018-12-07 10:30:00,46.22,48.02,68.87,60.34,54.4763871720605,54.39721216855074,52.279118
2018-12-07 10:45:00,57.46,46.22,71.06,73.26,55.35130487587388,52.91634633426063,52.20074
2018-12-07 11:00:00,48.78,57.46,62.78,60.34,59.88000411941979,55.91554363165783,56.398758
2018-12-07 11:15:00,47.02,48.78,60.88,69.62,55.158248217928495,54.31748952681484,52.32102
2018-12-07 11:30:00,58.0,47.02,74.45,54.18,53.46931083310819,53.20093557162265,52.45623
2018-12-07 11:45:00,51.48,58.0,67.82,49.32,58.87120516871789,56.1394982245362,55.07627
2018-12-07 12:00:00,44.28,51.48,69.26,61.06,54.77965838460198,53.531237396725935,50.766354
2018-12-07 12:15:00,26.6,44.28,9.94,5.65,32.75875151082699,8.33938081152035,8.150925
2018-12-07 12:30:00,12.49,26.6,6.88,6.34,20.566592952328676,10.21985516690553,11.824346
2018-12-07 12:45:00,9.79,12.49,7.02,6.48,11.414010371037595,6.883915125841241,6.8149343
2018-12-07 13:00:00,10.76,9.79,6.95,6.41,9.051217484374337,8.658578964457002,6.6805043
2018-12-07 13:15:00,44.06,10.76,35.78,41.76,15.925128193465024,34.812460288086825,36.893818
2018-12-07 13:30:00,49.82,44.06,61.78,62.96,46.448929382815145,56.95048020101157,61.822495
2018-12-07 13:45:00,54.36,49.82,60.8,50.72,50.44631842971958,55.84779600326752,52.38077
2018-12-07 14:00:00,55.98,54.36,71.78,48.24,54.56026789260822,57.31724686602007,57.17941
2018-12-07 14:15:00,56.48,55.98,72.11,50.29,51.96843328844248,55.610480903210735,54.28426
2018-12-07 14:30:00,47.41,56.48,68.22,51.77,50.90470226206729,56.211407303395866,55.097553
2018-12-07 14:45:00,47.95,47.41,73.44,52.96,45.05437179796455,52.699178822062635,51.766888
2018-12-07 15:00:00,58.86,47.95,56.88,44.71,44.110674454575616,51.81853101572072,51.207436
2018-12-07 15:15:00,50.08,58.86,50.29,51.19,52.957428072240454,56.27982875218478,56.79245
2018-12-07 15:30:00,51.88,50.08,48.78,42.77,45.89271571330139,53.02297968491282,51.676437
2018-12-07 15:45:00,53.82,51.88,48.96,41.72,47.254462616269976,53.927557801005364,53.957096
2018-12-07 16:00:00,49.9,53.82,49.97,45.72,48.1722291335482,55.725105198111,55.915703
2018-12-07 16:15:00,57.1,49.9,62.28,67.68,48.98393253345132,54.071062520516925,52.4868
2018-12-07 16:30:00,50.33,57.1,47.95,44.75,49.859642259895914,55.83234622945661,56.066402
2018-12-07 16:45:00,68.54,50.33,57.35,48.28,46.47071451341604,54.51957698005273,52.737762
2018-12-07 17:00:00,60.12,68.54,47.77,66.13,62.224170006732336,58.713396502151625,55.342754
2018-12-07 17:15:00,72.11,60.12,48.6,44.42,57.39404460673644,57.984052074059726,57.890194
2018-12-07 17:30:00,46.33,72.11,57.46,49.43,67.84726401719335,62.654577043277364,58.25649
2018-12-07 17:45:00,34.16,46.33,31.86,28.8,43.77939382425362,34.74395928002293,34.80369
2018-12-07 18:00:00,30.35,34.16,31.61,28.66,34.991068752764264,31.94141191688921,32.708965
2018-12-07 18:15:00,42.48,30.35,36.61,42.84,34.38901573657433,38.16213353677893,38.658474
2018-12-07 18:30:00,52.85,42.48,40.07,50.54,43.375683880583836,48.56702958177209,48.55154
2018-12-07 18:45:00,58.97,52.85,37.87,45.61,51.99244748343517,52.8902148678068,50.580627
2018-12-07 19:00:00,57.17,58.97,47.23,63.11,58.783865235198704,54.8306733950877,54.009617
2018-12-07 19:15:00,44.39,57.17,53.03,44.96,56.05893618854882,56.70566469673089,55.1617
2018-12-07 19:30:00,47.84,44.39,38.63,66.46,46.60062922762701,50.23338087417331,46.44877
2018-12-07 19:45:00,54.07,47.84,37.51,45.61,47.15619823298471,50.96022914128721,49.63464
2018-12-07 20:00:00,43.38,54.07,38.3,38.09,50.41924296696622,51.097828215165336,51.622055
2018-12-07 20:15:00,57.64,43.38,54.36,54.79,42.082643611056305,47.28242042711261,45.318058
2018-12-07 20:30:00,41.72,57.64,38.84,52.63,50.535187263292485,51.83518115402978,50.81321
2018-12-07 20:45:00,31.9,41.72,27.72,37.91,37.273550189831134,40.102189594483434,39.323963
2018-12-07 21:00:00,19.69,31.9,8.86,9.14,25.044457265457435,18.68250086188846,15.296298
2018-12-07 21:15:00,5.62,19.69,5.51,5.69,14.998050580214672,6.134741896234655,6.025156
2018-12-07 21:30:00,5.62,5.62,5.58,5.58,5.7187859517098865,5.09309137780265,4.796571
2018-12-07 21:45:00,5.15,5.62,5.62,5.47,5.69371495409548,5.1314681735521255,5.109207
2018-12-07 22:00:00,4.28,5.15,5.54,5.44,4.319562744628559,4.945661781186868,4.83947
2018-12-07 22:15:00,4.0,4.28,5.26,5.22,8.554740859148122,4.138607379625773,4.747976
2018-12-07 22:30:00,4.07,4.0,5.22,5.18,8.397484807679678,3.984068906045788,3.8115652
2018-12-07 22:45:00,4.03,4.07,5.26,5.11,8.626687133831634,4.0010760905840055,4.5111823
2018-12-07 23:00:00,4.0,4.03,4.18,3.92,7.865377450406022,4.0419824045291035,3.934893
2018-12-07 23:15:00,3.96,4.0,3.96,3.92,3.6113017971721035,4.01552031800114,3.897485
2018-12-07 23:30:00,4.03,3.96,4.0,3.89,3.916692948725249,3.975774278716667,3.9022472
2018-12-07 23:45:00,4.0,4.03,4.0,3.82,4.296963117666934,4.0192555767167475,3.9465296
2018-12-08 00:00:00,3.78,4.0,4.03,3.35,1.093644918557949,6.765517286226553,3.6744745
2018-12-08 00:15:00,4.0,3.78,3.96,3.89,1.3256790489454247,3.8046955401653464,3.8345573
2018-12-08 00:30:00,3.96,4.0,4.03,3.85,1.8266394532055799,4.044739421551671,3.9859598
2018-12-08 00:45:00,4.0,3.96,4.03,3.89,2.13951478745102,3.9856299777563065,3.967254
2018-12-08 01:00:00,4.0,4.0,4.0,3.89,1.8068024900363078,4.011777538474971,3.9714687
2018-12-08 01:15:00,5.15,4.0,4.03,4.03,2.1500090497759956,4.007343545257453,3.9979622
2018-12-08 01:30:00,4.79,5.15,4.03,3.89,3.3949354099852727,4.6041545074491745,4.3015985
2018-12-08 01:45:00,3.96,4.79,4.03,3.92,3.4077172843197054,4.404593091425614,4.1176934
2018-12-08 02:00:00,3.96,3.96,4.1,3.92,2.452362001291661,3.991181880461406,3.7776792
2018-12-08 02:15:00,4.1,3.96,4.0,3.96,2.6744083014622504,3.9924645658199234,3.9494731
2018-12-08 02:30:00,4.0,4.1,4.72,4.03,3.1392628336481607,4.065792118304268,4.1336246
2018-12-08 02:45:00,4.0,4.0,4.79,4.14,3.377585002871111,4.018176291696422,3.948023
2018-12-08 03:00:00,4.0,4.0,4.14,5.08,3.001265109667063,4.015190345688286,3.962157
2018-12-08 03:15:00,3.96,4.0,4.07,4.72,3.2418415965551546,4.015420359283217,3.9782069
2018-12-08 03:30:00,3.64,3.96,4.03,3.96,3.355168079369548,3.993235942890532,3.9533055
2018-12-08 03:45:00,3.38,3.64,4.0,3.92,3.3673165063762376,3.6831609372648986,3.6723006
2018-12-08 04:00:00,3.31,3.38,3.42,3.35,2.6709655354565314,3.332585119527825,3.389652
2018-12-08 04:15:00,3.35,3.31,3.49,3.28,2.834909005342439,3.30887462635567,3.313784
2018-12-08 04:30:00,3.35,3.35,3.46,3.35,3.135036754170521,3.374230226467245,3.358682
2018-12-08 04:45:00,3.42,3.35,3.38,3.24,3.3645990798061867,3.3680312244626265,3.3738015
2018-12-08 05:00:00,3.49,3.42,3.42,3.31,2.9155334246173332,3.3962417068240414,3.4032657
2018-12-08 05:15:00,4.0,3.49,3.42,3.31,3.1336319380830098,3.423213977775221,3.4089558
2018-12-08 05:30:00,3.53,4.0,3.74,3.28,3.7144214024850655,3.752114926173847,3.7444408
2018-12-08 05:45:00,3.35,3.53,4.07,3.28,3.5140598211099316,3.5210264248540764,3.4265282
2018-12-08 06:00:00,3.38,3.35,3.49,3.2,2.77856555604577,3.3116316628607403,3.2911332
2018-12-08 06:15:00,4.03,3.38,3.42,3.46,2.9230850715981234,3.3481257938332187,3.3616402
2018-12-08 06:30:00,4.03,4.03,3.64,4.03,3.639266475854967,3.9745048220811894,3.8733647
2018-12-08 06:45:00,4.0,4.03,4.1,3.89,3.8141227441974515,3.744897925389894,3.7329466
2018-12-08 07:00:00,3.78,4.0,4.0,3.89,3.1846389009435114,3.849275375926656,3.7559078
2018-12-08 07:15:00,3.35,3.78,4.0,4.46,3.1364486256689332,3.790256955134113,3.7839215
2018-12-08 07:30:00,3.31,3.35,3.82,3.67,2.925843678526583,3.649815647532421,3.3854368
2018-12-08 07:45:00,3.53,3.31,4.54,3.46,3.0203660125188456,4.329525274680293,3.4831727
2018-12-08 08:00:00,3.67,3.53,4.79,3.46,2.6688886297627796,4.329203397298104,3.6346028
2018-12-08 08:15:00,29.23,3.67,47.66,3.71,8.484697137317198,18.737746269707305,21.678436
2018-12-08 08:30:00,38.16,29.23,60.19,4.72,32.89065420360908,38.923813755291995,46.461044
2018-12-08 08:45:00,33.08,38.16,60.19,4.46,40.61089540610898,41.56996733571655,38.37208
2018-12-08 09:00:00,51.52,33.08,53.32,5.22,36.14003583979657,35.122826125804536,33.880066
2018-12-08 09:15:00,47.77,51.52,58.86,28.58,49.0587636945868,47.50663286123729,51.16569
2018-12-08 09:30:00,42.05,47.77,49.5,30.56,44.38924394056862,47.964223536442006,48.20255
2018-12-08 09:45:00,32.4,42.05,48.42,28.08,41.04563422424288,43.47080477662248,40.64161
2018-12-08 10:00:00,31.43,32.4,62.78,28.58,32.91983604926243,35.708310681653224,33.410805
2018-12-08 10:15:00,31.57,31.43,48.02,28.73,35.42301306661432,37.63568547225864,32.229515
2018-12-08 10:30:00,31.43,31.57,46.22,29.56,35.70182127208308,35.53049831425151,31.870647
2018-12-08 10:45:00,47.66,31.43,57.46,30.06,36.6895780615,33.97166091688916,31.767786
2018-12-08 11:00:00,49.28,47.66,48.78,29.2,48.42516764040294,47.2040097014648,50.169323
2018-12-08 11:15:00,38.16,49.28,47.02,27.94,49.926931531314565,46.26996990727852,47.470345
2018-12-08 11:30:00,44.14,38.16,58.0,27.94,43.131234713544735,41.3834569075756,38.369144
2018-12-08 11:45:00,38.27,44.14,51.48,25.63,44.14712366503976,46.567869559845725,43.095303
2018-12-08 12:00:00,22.46,38.27,44.28,3.64,36.34619683522264,38.15602003152374,32.239456
2018-12-08 12:15:00,3.92,22.46,26.6,3.85,16.42400945101594,10.517178160943143,5.325475
2018-12-08 12:30:00,4.57,3.92,12.49,3.71,2.849738448422645,4.16120582564098,4.0550675
2018-12-08 12:45:00,5.36,4.57,9.79,3.74,2.8459125730706347,4.836158393255238,4.3380547
2018-12-08 13:00:00,6.08,5.36,10.76,3.71,2.9292576568684936,5.594204116799069,6.1766148
2018-12-08 13:15:00,34.09,6.08,44.06,11.3,8.029577345305174,16.03290854788063,19.49149
2018-12-08 13:30:00,55.69,34.09,49.82,27.29,32.973814665430254,57.378939518001985,49.180515
2018-12-08 13:45:00,40.61,55.69,54.36,26.86,50.352517573391836,53.772586403347006,50.46062
2018-12-08 14:00:00,50.51,40.61,55.98,25.31,40.20306228713871,41.34044909468138,40.536125
2018-12-08 14:15:00,37.98,50.51,56.48,26.21,43.98145549329027,46.58567854451383,46.06898
2018-12-08 14:30:00,48.89,37.98,47.41,26.28,32.74666046361514,41.512127187771384,37.79763
2018-12-08 14:45:00,37.73,48.89,47.95,18.68,40.46866189090337,44.78012734717609,45.79445
2018-12-08 15:00:00,40.03,37.73,58.86,5.18,32.44182907906803,39.86984709351205,37.39632
2018-12-08 15:15:00,43.67,40.03,50.08,5.08,34.815406998058876,41.922246397024054,38.805607
2018-12-08 15:30:00,46.15,43.67,51.88,4.75,36.16762878599993,46.21380235851149,41.409904
2018-12-08 15:45:00,49.68,46.15,53.82,4.75,38.52476309531008,46.34108873994479,46.190376
2018-12-08 16:00:00,49.32,49.68,49.9,4.72,40.9123885233125,45.844117539748886,46.250546
2018-12-08 16:15:00,49.46,49.32,57.1,4.64,41.03080709260792,47.668396817065336,47.292473
2018-12-08 16:30:00,49.54,49.46,50.33,4.72,39.3846006061563,46.492408887269555,47.37737
2018-12-08 16:45:00,34.63,49.54,68.54,4.68,40.70601533938377,45.5368710732511,47.454967
2018-12-08 17:00:00,27.0,34.63,60.12,4.64,31.262868679315766,35.24931931343149,29.325405
2018-12-08 17:15:00,9.9,27.0,72.11,4.79,30.840395677126423,21.899914263140868,21.079601
2018-12-08 17:30:00,5.22,9.9,46.33,4.75,17.79419132773518,5.9664691462107005,5.009067
2018-12-08 17:45:00,5.29,5.22,34.16,4.72,11.340892908657512,4.910346561433207,4.3024964
2018-12-08 18:00:00,5.22,5.29,30.35,4.68,9.305588668058043,4.911924417160295,4.6193376
2018-12-08 18:15:00,5.18,5.22,42.48,5.76,10.539009434947499,4.954100823186453,5.8470063
2018-12-08 18:30:00,5.15,5.18,52.85,5.4,11.513143658824845,4.947878318593207,5.20023
2018-12-08 18:45:00,5.33,5.15,58.97,4.79,12.360059917974649,4.915673462360763,5.00889
2018-12-08 19:00:00,5.15,5.33,57.17,4.79,11.544755370874135,4.9757739205781,4.8247204
2018-12-08 19:15:00,4.1,5.15,44.39,4.79,11.185489642418883,4.929192331503165,4.9307356
2018-12-08 19:30:00,4.14,4.1,47.84,4.79,9.820141696303985,4.052469706217029,4.2402472
2018-12-08 19:45:00,4.1,4.14,54.07,4.9,10.925844362907707,4.12799850307886,4.3385067
2018-12-08 20:00:00,4.14,4.1,43.38,4.75,10.032592418348912,4.053472755764603,4.1843696
2018-12-08 20:15:00,4.1,4.14,57.64,4.79,6.879061806438028,4.153738506343722,4.1400847
2018-12-08 20:30:00,4.03,4.1,41.72,4.75,5.042355406446337,4.073230332052284,4.257469
2018-12-08 20:45:00,4.14,4.03,31.9,4.82,3.9532832813546577,4.026161306706564,4.001969
2018-12-08 21:00:00,4.1,4.14,19.69,4.82,0.7922927516591578,4.149368173330921,4.1260624
2018-12-08 21:15:00,4.14,4.1,5.62,4.75,-0.8953264436631798,4.070078233713848,4.1488667
2018-12-08 21:30:00,4.1,4.14,5.62,4.79,-0.6373960309253519,4.147090317592728,4.140876
2018-12-08 21:45:00,4.14,4.1,5.15,4.79,-0.3968817359354446,4.066652708017097,4.180505
2018-12-08 22:00:00,4.1,4.14,4.28,4.9,-0.7615263839110789,4.146939654621865,4.1195135
2018-12-08 22:15:00,3.82,4.1,4.0,5.76,4.305267461683293,4.068866167027645,3.9372132
2018-12-08 22:30:00,3.89,3.82,4.07,4.61,4.3233609826509785,3.8058386361539402,3.777058
2018-12-08 22:45:00,5.0,3.89,4.03,3.42,4.627059189798164,3.8782534883286517,3.8190563
2018-12-08 23:00:00,4.75,5.0,4.0,3.42,5.109513812335834,4.652684354774719,4.197423
2018-12-08 23:15:00,3.82,4.75,3.96,3.28,0.9491354345110814,4.181313379392699,4.0266685
2018-12-08 23:30:00,3.71,3.82,4.03,3.38,0.6520742769080847,3.8145794733498337,3.7077672
2018-12-08 23:45:00,3.82,3.71,4.0,3.31,0.8510234090121926,3.7681803568858103,3.7423441
2018-12-09 00:00:00,3.17,3.82,3.78,4.36,-0.05155353677257324,8.02850430068008,3.8485672
2018-12-09 00:15:00,3.74,3.17,4.0,3.35,-0.26414287241022194,3.208929223840202,3.267659
2018-12-09 00:30:00,3.74,3.74,3.96,3.35,0.48720330498956343,3.7536091141214607,3.685829
2018-12-09 00:45:00,3.82,3.74,4.0,3.38,0.844346985713841,3.758942986263263,3.715883
2018-12-09 01:00:00,3.85,3.82,4.0,3.89,0.590246993808428,3.6320304682282925,3.6819952
2018-12-09 01:15:00,3.78,3.85,5.15,4.46,1.012123410966698,3.8005073897198987,3.8081977
2018-12-09 01:30:00,3.82,3.78,4.79,4.43,1.2747707054845705,3.765294312787916,3.732385
2018-12-09 01:45:00,3.78,3.82,3.96,4.14,1.4743549999557253,3.7786780865179503,3.8066652
2018-12-09 02:00:00,3.78,3.78,3.96,3.46,1.0064121352986142,3.731502118655283,3.7671454
2018-12-09 02:15:00,3.17,3.78,4.1,3.38,1.3068083839076081,3.7657559466950383,3.7989604
2018-12-09 02:30:00,3.13,3.17,4.0,3.38,1.268885013306729,3.195350940490678,3.1955283
2018-12-09 02:45:00,3.35,3.13,4.0,3.38,1.5290742891377747,3.1428725679050733,3.1095827
2018-12-09 03:00:00,3.67,3.35,4.0,4.32,1.284627443500458,3.358411260094864,3.3316095
2018-12-09 03:15:00,3.02,3.67,3.96,4.64,1.8129485107818972,3.4568728547919,3.4268954
2018-12-09 03:30:00,3.13,3.02,3.64,3.82,1.475826941519081,3.0943551984053372,3.052377
2018-12-09 03:45:00,3.06,3.13,3.38,3.46,1.7263291437873463,3.1419702689529045,3.1667354
2018-12-09 04:00:00,3.06,3.06,3.31,3.42,1.208055827894455,3.1102958760929087,3.074908
2018-12-09 04:15:00,3.06,3.06,3.35,3.46,1.4457879015134765,3.117908081635621,3.0987709
2018-12-09 04:30:00,3.2,3.06,3.35,4.32,1.7894904981629658,3.118061401118254,3.1397555
2018-12-09 04:45:00,3.78,3.2,3.42,4.5,2.1631696021649063,3.306492628707268,3.4398391
2018-12-09 05:00:00,3.78,3.78,3.49,4.54,2.107678259759602,3.4544517158829855,3.4157255
2018-12-09 05:15:00,3.74,3.78,4.0,4.39,2.30100808871968,3.4556486299178393,3.420699
2018-12-09 05:30:00,3.74,3.74,3.53,3.35,2.3375904983732845,3.5985823885622152,3.5890462
2018-12-09 05:45:00,3.13,3.74,3.35,3.46,2.38308563710995,3.7372995002854683,3.6966403
2018-12-09 06:00:00,3.74,3.13,3.38,3.35,1.4194129948684768,3.136831343066584,3.1013577
2018-12-09 06:15:00,3.56,3.74,4.03,3.42,2.027155362891211,3.7190679144985315,3.5718
2018-12-09 06:30:00,3.1,3.56,4.03,3.42,2.0692845838232827,3.5340045509450215,3.3945696
2018-12-09 06:45:00,2.95,3.1,4.0,3.38,1.9250665630634067,3.1241472359131364,3.035115
2018-12-09 07:00:00,3.06,2.95,3.78,3.46,1.1401944411098235,2.9842224309449894,2.9914472
2018-12-09 07:15:00,3.02,3.06,3.35,3.38,1.2763772371152413,3.109716281905679,3.1104171
2018-12-09 07:30:00,2.95,3.02,3.31,3.46,1.403574117777751,3.1578801864667607,3.083864
2018-12-09 07:45:00,3.02,2.95,3.53,3.46,1.4788424795743964,3.1286140520411747,3.0733678
2018-12-09 08:00:00,2.99,3.02,3.67,3.49,1.0488186500365302,3.1764961363848787,3.1130464
2018-12-09 08:15:00,3.13,2.99,29.23,4.57,5.692280384299487,6.008727875960822,3.679785
2018-12-09 08:30:00,3.74,3.13,38.16,4.54,9.737633572534858,3.6744984359240593,3.5133374
2018-12-09 08:45:00,3.82,3.74,33.08,5.54,10.294439075090114,3.9735589804120126,3.77094
2018-12-09 09:00:00,3.96,3.82,51.52,4.75,10.397791205518953,3.9177487983532955,4.2537866
2018-12-09 09:15:00,4.03,3.96,47.77,3.74,11.327414693338088,3.861575160105788,3.5288641
2018-12-09 09:30:00,3.35,4.03,42.05,3.71,9.870121542313683,4.530323600106997,3.8723714
2018-12-09 09:45:00,3.31,3.35,32.4,3.6,9.550681125137952,3.756837478140225,3.2729714
2018-12-09 10:00:00,3.89,3.31,31.43,3.56,8.336643865169176,3.690253686617576,3.238994
2018-12-09 10:15:00,4.03,3.89,31.57,3.6,7.644227213471687,3.8356676442741877,3.388055
2018-12-09 10:30:00,3.31,4.03,31.43,3.64,8.241475306997089,3.914361191681855,3.6068418
2018-12-09 10:45:00,3.35,3.31,47.66,3.64,9.256788873322286,3.690034054914326,3.132695
2018-12-09 11:00:00,3.42,3.35,49.28,3.64,8.50937765640625,3.707773337345289,3.2361841
2018-12-09 11:15:00,3.35,3.42,38.16,3.64,8.006876242209046,3.7027718436027013,3.2986076
2018-12-09 11:30:00,3.31,3.35,44.14,3.56,8.744560908543257,3.721620826944574,3.5964224
2018-12-09 11:45:00,3.38,3.31,38.27,3.64,7.338423974350871,3.7064992828725742,3.3916614
2018-12-09 12:00:00,3.89,3.38,22.46,4.03,4.707197865714573,3.7612960781663953,3.6521218
2018-12-09 12:15:00,4.18,3.89,3.92,4.86,-0.07043136818786877,3.80432642722395,3.4907887
2018-12-09 12:30:00,4.1,4.18,4.57,4.75,-0.5102800066097082,4.644417814131058,3.826648
2018-12-09 12:45:00,4.1,4.1,5.36,5.36,-0.5640805277774632,4.263124496903889,3.9542606
2018-12-09 13:00:00,3.6,4.1,6.08,4.9,-0.41839036649264116,4.885627164501439,4.245297
2018-12-09 13:15:00,3.42,3.6,34.09,3.78,3.456069603743554,4.529089991981672,4.4516487
2018-12-09 13:30:00,3.42,3.42,55.69,3.64,6.481820818448117,4.386956554820831,3.7280602
2018-12-09 13:45:00,3.35,3.42,40.61,3.6,5.619663051011255,3.8052902415381036,3.278714
2018-12-09 14:00:00,3.92,3.35,50.51,3.6,6.4706526961290365,3.736225126763294,3.2911777
2018-12-09 14:15:00,3.78,3.92,37.98,3.6,6.39042347497395,4.085294814733768,3.563411
2018-12-09 14:30:00,3.42,3.78,48.89,3.56,6.099454077225133,4.0548912061126385,3.4404984
2018-12-09 14:45:00,3.38,3.42,37.73,3.56,5.37543472727922,3.798359259808605,3.2724998
2018-12-09 15:00:00,3.46,3.38,40.03,3.64,5.349514714210592,3.814550539257369,3.292393
2018-12-09 15:15:00,3.42,3.46,43.67,3.6,6.079123992069064,3.718968629570436,3.4564354
2018-12-09 15:30:00,3.53,3.42,46.15,3.56,5.1717604234847805,3.7580934133438535,3.4402711
2018-12-09 15:45:00,4.07,3.53,49.68,3.85,5.705666768209301,3.6374876021144518,3.5740595
2018-12-09 16:00:00,4.03,4.07,49.32,4.68,5.990537202250032,4.297584104050841,3.8295145
2018-12-09 16:15:00,4.14,4.03,49.46,4.72,6.173966804265422,4.253049444840651,3.669446
2018-12-09 16:30:00,4.0,4.14,49.54,4.72,4.943331449602859,4.36999258548901,3.9746356
2018-12-09 16:45:00,3.31,4.0,34.63,3.89,5.14241052143467,3.9397495235786817,4.003077
2018-12-09 17:00:00,3.35,3.31,27.0,3.53,4.7151646497336195,3.306074670333106,3.2850468
2018-12-09 17:15:00,3.49,3.35,9.9,3.6,3.954842931634875,3.4080671723108407,3.347841
2018-12-09 17:30:00,4.1,3.49,5.22,3.6,3.63515228023995,3.4183588089570693,3.3849728
2018-12-09 17:45:00,3.64,4.1,5.29,3.74,1.3813646788891418,3.6961458640790497,3.7685044
2018-12-09 18:00:00,3.24,3.64,5.22,4.72,-0.21487793460275384,3.6475283987158846,3.4861143
2018-12-09 18:15:00,3.28,3.24,5.18,3.89,0.718954438542692,3.300524712050738,3.2301
2018-12-09 18:30:00,3.31,3.28,5.15,3.53,1.416846373620821,3.31795341214918,3.3275034
2018-12-09 18:45:00,3.42,3.31,5.33,3.53,2.2670479688575966,3.335326466379867,3.3280876
2018-12-09 19:00:00,3.64,3.42,5.15,3.56,1.7073381136675785,3.4041143938436353,3.3873065
2018-12-09 19:15:00,4.07,3.64,4.1,3.67,2.5754839824021367,3.5617416154629433,3.5343907
2018-12-09 19:30:00,4.03,4.07,4.14,3.56,2.021923140951362,3.717670386066814,3.8099535
2018-12-09 19:45:00,4.03,4.03,4.1,4.39,2.868869432599169,3.8901867203617204,3.7820342
2018-12-09 20:00:00,4.0,4.03,4.14,4.72,2.585420603334857,3.9129504467478764,3.9901621
2018-12-09 20:15:00,3.31,4.0,4.1,4.68,3.5893190131821164,3.9107703615529066,3.9781759
2018-12-09 20:30:00,3.31,3.31,4.03,4.75,1.987866082072511,3.3158664604190307,3.3012826
2018-12-09 20:45:00,3.35,3.31,4.14,3.71,1.254332218767935,3.321988098866821,3.2995555
2018-12-09 21:00:00,3.35,3.35,4.1,3.53,-1.5670094679768098,3.345705017728914,3.3164227
2018-12-09 21:15:00,3.67,3.35,4.14,3.6,-2.585097482744075,3.3764800822669647,3.362964
2018-12-09 21:30:00,4.14,3.67,4.1,3.6,-2.1158022430290693,3.5751209288745915,3.5516837
2018-12-09 21:45:00,3.38,4.14,4.14,3.6,-1.4486356789472907,3.7076057607914223,3.8225567
2018-12-09 22:00:00,3.28,3.38,4.1,3.56,-2.351817515551545,3.335794992671875,3.337145
2018-12-09 22:15:00,3.13,3.28,3.82,4.07,-2.1237140670554453,3.310385885133711,3.2394984
2018-12-09 22:30:00,3.17,3.13,3.89,4.32,-1.9314300240473266,3.1370009755589416,3.0318825
2018-12-09 22:45:00,3.78,3.17,5.0,3.35,-1.5792063638333218,3.2355030502758146,3.220734
2018-12-09 23:00:00,3.78,3.78,4.75,3.31,-1.4951510863815827,3.4869931712013424,3.3907516
2018-12-09 23:15:00,3.74,3.78,3.82,3.31,-1.1881073979975056,3.64168650170917,3.4510891
2018-12-09 23:30:00,3.74,3.74,3.71,3.28,-0.8777090559817609,3.8059620624557744,3.590896
2018-12-09 23:45:00,3.46,3.74,3.82,3.35,-0.6114821510675057,3.73280084503143,3.7139966
2018-12-10 00:00:00,5.36,3.46,3.17,4.57,3.124658193169555,6.200251994723109,3.6948903
2018-12-10 00:15:00,3.06,5.36,3.74,4.43,4.8989025543905065,5.637749728677396,3.9658911
2018-12-10 00:30:00,3.02,3.06,3.74,4.36,3.6876646197662915,4.05262026534049,3.1219056
2018-12-10 00:45:00,3.31,3.02,3.82,4.21,4.026074620865479,3.098396873099323,3.144632
2018-12-10 01:00:00,3.85,3.31,3.85,3.35,3.6797340605980153,3.318183341182613,3.4361932
2018-12-10 01:15:00,3.42,3.85,3.78,3.38,4.432465211477371,3.4712112359133593,3.3930519
2018-12-10 01:30:00,3.1,3.42,3.82,3.35,4.474019448164821,3.3064509032298686,3.1557543
2018-12-10 01:45:00,3.1,3.1,3.78,3.42,4.466436139056821,3.122508354683634,3.0637362
2018-12-10 02:00:00,3.17,3.1,3.78,3.49,4.0864655373793894,3.1270239488789,3.0796182
2018-12-10 02:15:00,3.31,3.17,3.17,3.42,4.3557512526886875,3.2283628858640183,3.2561858
2018-12-10 02:30:00,3.82,3.31,3.13,3.38,4.812992705410128,3.356834068037119,3.3040168
2018-12-10 02:45:00,3.78,3.82,3.35,4.36,5.592767723579122,3.43986610526381,3.4503267
2018-12-10 03:00:00,3.82,3.78,3.67,4.14,5.115673061998372,3.564040933421223,3.5458786
2018-12-10 03:15:00,3.74,3.82,3.02,3.42,5.301493550505228,3.6358005149112373,3.6431835
2018-12-10 03:30:00,3.1,3.74,3.13,3.38,5.426219363282648,3.725121331148823,3.7057993
2018-12-10 03:45:00,3.2,3.1,3.06,3.35,5.261118587733648,3.122508354683634,3.078685
2018-12-10 04:00:00,3.1,3.2,3.06,3.35,4.873836929813109,3.24408499611835,3.24629
2018-12-10 04:15:00,3.13,3.1,3.06,4.1,5.093638661795509,3.127582163883445,3.1260855
2018-12-10 04:30:00,3.17,3.13,3.2,4.43,5.411935798828274,3.1628267493059856,3.1810124
2018-12-10 04:45:00,3.49,3.17,3.78,4.5,5.703782645597801,3.235907120613578,3.2554839
2018-12-10 05:00:00,3.74,3.49,3.78,3.78,5.380525247296628,3.411567113948142,3.4604352
2018-12-10 05:15:00,3.13,3.74,3.74,3.31,5.722295931444805,3.453066398228734,3.4073765
2018-12-10 05:30:00,3.1,3.13,3.74,3.38,5.495072941675808,3.1358197443803015,3.0682437
2018-12-10 05:45:00,3.82,3.1,3.13,3.31,5.544828227459462,3.1270239488789,3.0811837
2018-12-10 06:00:00,3.82,3.82,3.74,3.31,5.496339000528582,3.5827774799507326,3.4657624
2018-12-10 06:15:00,3.85,3.82,3.56,3.35,5.680014743875876,3.4304164680469738,3.4149716
2018-12-10 06:30:00,3.82,3.85,3.1,3.31,5.859951297847189,3.562285859508989,3.5508378
2018-12-10 06:45:00,3.46,3.82,2.95,3.24,5.885340466654881,3.7618048824658405,3.7417483
2018-12-10 07:00:00,3.06,3.46,3.06,3.24,5.055797274179891,3.3938707827808865,3.5180142
2018-12-10 07:15:00,3.13,3.06,3.02,4.21,4.953979419490885,3.108429247199766,3.1012657
2018-12-10 07:30:00,3.56,3.13,2.95,5.76,5.247717616579923,3.4236880515929706,3.4059803
2018-12-10 07:45:00,5.87,3.56,3.02,5.98,5.724829192626249,4.240627355173865,4.138951
2018-12-10 08:00:00,6.8,5.87,2.99,5.58,7.03657589037282,7.1539143839387584,5.2298245
2018-12-10 08:15:00,33.48,6.8,3.13,34.99,13.625973976736606,30.148186704771852,32.057858
2018-12-10 08:30:00,61.06,33.48,3.74,56.84,39.20830238585266,71.33569154631144,54.288116
2018-12-10 08:45:00,58.36,61.06,3.82,61.06,61.26527477099995,62.98654948463713,60.721027
2018-12-10 09:00:00,68.62,58.36,3.96,57.89,59.11821296165451,59.625915942160766,61.845684
2018-12-10 09:15:00,69.23,68.62,4.03,70.49,65.44310157028204,66.70078111351202,60.582016
2018-12-10 09:30:00,70.78,69.23,3.35,50.11,60.69570885313995,63.44087259984746,64.020515
2018-12-10 09:45:00,61.74,70.78,3.31,66.38,63.95216951341891,67.43843402053614,64.1333
2018-12-10 10:00:00,72.0,61.74,3.89,56.88,55.35965593694115,65.04093439768798,62.865356
2018-12-10 10:15:00,56.2,72.0,4.03,47.09,65.86190492258358,66.0076657296129,63.18427
2018-12-10 10:30:00,56.02,56.2,3.31,55.8,56.72703507829508,60.73603245020652,59.570072
2018-12-10 10:45:00,63.9,56.02,3.35,66.89,58.56564926481865,59.55021944284746,58.408
2018-12-10 11:00:00,68.47,63.9,3.42,62.89,62.50994484190733,62.150436846722066,60.313904
2018-12-10 11:15:00,61.56,68.47,3.35,63.79,66.54943596993145,62.72847119412244,60.63925
2018-12-10 11:30:00,70.31,61.56,3.31,58.1,62.12950217729046,60.976666087992335,60.93137
2018-12-10 11:45:00,62.42,70.31,3.38,54.5,66.27294930555622,64.51875640166169,60.60248
2018-12-10 12:00:00,44.75,62.42,3.89,35.35,57.55218703461566,61.28246769556181,59.290894
2018-12-10 12:15:00,9.11,44.75,4.18,6.34,35.14416172431746,9.482498823933636,6.367524
2018-12-10 12:30:00,10.33,9.11,4.1,5.76,11.071368079604675,6.174744745998069,6.7410192
2018-12-10 12:45:00,11.45,10.33,4.1,6.3,11.37723165456628,8.915880203190262,7.389679
2018-12-10 13:00:00,11.09,11.45,3.6,6.19,11.260851813018562,9.773668259139852,8.942412
2018-12-10 13:15:00,42.66,11.09,3.42,35.35,15.288520870150426,37.51563193739987,39.271454
2018-12-10 13:30:00,72.9,42.66,3.42,51.95,43.28531405253941,50.64970986590586,61.180634
2018-12-10 13:45:00,71.03,72.9,3.35,48.46,66.79151855522147,73.42370115905472,62.430607
2018-12-10 14:00:00,67.32,71.03,3.92,65.02,67.8221947848438,70.70241525872707,63.67672
2018-12-10 14:15:00,64.22,67.32,3.78,69.91,61.74508749012068,66.2872978971463,64.80031
2018-12-10 14:30:00,69.91,64.22,3.42,55.12,54.75837347926752,65.672990046249,62.251965
2018-12-10 14:45:00,51.23,69.91,3.38,56.84,58.91596027645038,66.4198451202688,62.12115
2018-12-10 15:00:00,58.39,51.23,3.46,54.22,46.80050931901559,58.830154419691766,57.294617
2018-12-10 15:15:00,69.62,58.39,3.42,49.97,52.43041950290248,61.08603172993502,58.515045
2018-12-10 15:30:00,66.71,69.62,3.53,48.17,59.54105121406921,62.499871398002675,61.29269
2018-12-10 15:45:00,65.99,66.71,4.07,49.86,59.07204194504192,62.11243940516402,62.731594
2018-12-10 16:00:00,64.98,65.99,4.03,58.75,58.29677554705876,62.90962737240488,62.42597
2018-12-10 16:15:00,64.55,64.98,4.14,65.7,57.384166432423925,65.20454171562757,61.76718
2018-12-10 16:30:00,63.72,64.55,4.0,51.88,55.0056310835549,63.84233215855027,62.619587
2018-12-10 16:45:00,66.53,63.72,3.31,57.2,55.69481653906499,62.98747961207447,62.67767
2018-12-10 17:00:00,62.57,66.53,3.35,76.03,59.4226968206687,63.50884276163832,61.25084
2018-12-10 17:15:00,63.72,62.57,3.49,72.18,61.39893111741239,61.98999658719948,59.016937
2018-12-10 17:30:00,58.64,63.72,4.1,61.42,61.05723251563103,62.38231739198357,57.317726
2018-12-10 17:45:00,60.12,58.64,3.64,36.61,53.09516307174755,35.430690670211234,32.010647
2018-12-10 18:00:00,24.73,60.12,3.24,29.56,52.32989679939893,42.803024602918164,35.653225
2018-12-10 18:15:00,5.47,24.73,3.28,34.13,31.552684809971545,18.81062802575545,18.492764
2018-12-10 18:30:00,4.5,5.47,3.31,42.26,20.426592972134355,5.029698111093736,8.796517
2018-12-10 18:45:00,4.46,4.5,3.42,56.81,20.61398921717441,4.336572490099534,6.3051
2018-12-10 19:00:00,4.46,4.46,3.64,43.02,17.769246322212663,4.172265072494802,4.975661
2018-12-10 19:15:00,4.75,4.46,4.07,47.74,18.12500762360403,4.1557214687198885,5.0553
2018-12-10 19:30:00,5.69,4.75,4.03,39.17,16.805284843120738,4.755744144649838,4.4448156
2018-12-10 19:45:00,5.62,5.69,4.03,43.67,18.766039136636284,5.226219779676131,4.9877563
2018-12-10 20:00:00,4.46,5.62,4.0,50.44,18.313446325984067,5.14386322246853,4.314819
2018-12-10 20:15:00,4.46,4.46,3.31,46.22,13.404511891426207,4.555781540495288,3.892267
2018-12-10 20:30:00,4.5,4.46,3.31,45.36,11.97212065487182,4.480277786073106,3.8506324
2018-12-10 20:45:00,4.43,4.5,3.35,50.11,11.508217827150109,4.537829733643686,3.8584497
2018-12-10 21:00:00,4.46,4.43,3.35,25.45,6.8491320415436405,4.490837132300013,4.33014
2018-12-10 21:15:00,4.5,4.46,3.67,8.6,4.620405154794788,4.435739238632523,4.4229603
2018-12-10 21:30:00,4.57,4.5,4.14,6.19,4.726563131625102,4.348129952821639,4.3884444
2018-12-10 21:45:00,4.54,4.57,3.38,5.62,5.0366732056141075,4.498881220104147,4.477985
2018-12-10 22:00:00,4.46,4.54,3.28,4.93,4.566329435583988,4.3653899369564835,4.4061456
2018-12-10 22:15:00,4.28,4.46,3.13,4.72,9.524246458517396,4.2174955280333934,4.2393284
2018-12-10 22:30:00,4.25,4.28,3.17,4.75,9.713477324393967,4.153025620827668,4.0719905
2018-12-10 22:45:00,4.32,4.25,3.78,4.68,10.032492533337319,4.11636422131112,4.920585
2018-12-10 23:00:00,4.18,4.32,3.78,4.68,9.705781951516581,4.16442422951928,4.162749
2018-12-10 23:15:00,4.18,4.18,3.74,4.61,5.5655115760369505,4.104099078627718,4.062304
2018-12-10 23:30:00,4.21,4.18,3.74,4.57,5.907990283865384,4.102900905701134,4.070946
2018-12-10 23:45:00,4.28,4.21,3.46,4.61,6.266136424652036,4.165427869770811,4.106007
2018-12-11 00:00:00,4.18,4.28,5.36,3.89,4.228011328416919,10.431914015729971,5.004378
2018-12-11 00:15:00,4.86,4.18,3.06,4.61,4.422191450024101,4.178265249253425,4.1225724
2018-12-11 00:30:00,4.21,4.86,3.02,4.57,5.305932452513023,4.548986896775103,4.4406395
2018-12-11 00:45:00,4.18,4.21,3.31,4.61,5.22586387818556,4.116084277786443,3.9965174
2018-12-11 01:00:00,4.21,4.18,3.85,4.64,4.8363931313961785,4.0920877760257355,4.0562057
2018-12-11 01:15:00,4.32,4.21,3.42,5.04,5.228584520357696,4.126744946910298,4.109026
2018-12-11 01:30:00,4.25,4.32,3.1,5.8,5.67273542683084,4.189260519415779,4.194747
2018-12-11 01:45:00,4.18,4.25,3.1,4.68,5.788823849827104,4.13788680587261,4.1458726
2018-12-11 02:00:00,4.21,4.18,3.17,3.6,5.2890121850389065,4.090700718032045,4.0961576
2018-12-11 02:15:00,4.28,4.21,3.31,3.56,5.606745727489454,4.100315062674403,4.1195664
2018-12-11 02:30:00,4.25,4.28,3.82,3.64,6.0271494659039995,4.186651125797665,4.140835
2018-12-11 02:45:00,4.21,4.25,3.78,3.67,6.297198487430133,4.126595508360573,4.1561584
2018-12-11 03:00:00,3.56,4.21,3.82,3.64,5.8017465056582616,4.103059406649705,4.124477
2018-12-11 03:15:00,3.56,3.56,3.74,3.64,5.66275781832967,3.5802801412464715,3.6148546
2018-12-11 03:30:00,3.53,3.56,3.1,3.71,5.872629890987692,3.585783705305213,3.563578
2018-12-11 03:45:00,3.53,3.53,3.2,3.67,6.070523158487692,3.5506126467641463,3.551915
2018-12-11 04:00:00,3.85,3.53,3.1,3.71,5.600328121432188,3.5323136761310465,3.5230048
2018-12-11 04:15:00,4.18,3.85,3.13,3.67,6.070183017513283,3.795257947478579,3.7698128
2018-12-11 04:30:00,3.49,4.18,3.17,3.6,6.591835338432475,4.0036552305961175,3.9354484
2018-12-11 04:45:00,3.56,3.49,3.49,4.36,6.434252656681135,3.419466675314602,3.4613998
2018-12-11 05:00:00,3.56,3.56,3.74,4.64,5.9774408847628635,3.6059094898211885,3.562185
2018-12-11 05:15:00,3.74,3.56,3.13,4.72,6.1232040804142684,3.6044043334909444,3.57116
2018-12-11 05:30:00,4.18,3.74,3.1,5.44,6.489601706733723,3.7564877786311954,3.716142
2018-12-11 05:45:00,4.25,4.18,3.82,4.43,6.915058966553353,4.017700137361251,3.9821126
2018-12-11 06:00:00,4.28,4.25,3.82,3.64,6.365615905905919,3.9662621202267845,3.9614894
2018-12-11 06:15:00,3.56,4.28,3.85,3.56,6.525099627088622,4.050835719292333,4.406733
2018-12-11 06:30:00,3.53,3.56,3.82,3.67,6.175098691676286,3.578374899553901,3.5506427
2018-12-11 06:45:00,3.6,3.53,3.46,3.64,6.27417022063819,3.551939909699871,3.546079
2018-12-11 07:00:00,3.49,3.6,3.06,3.56,5.671205702880666,3.643961877272273,3.5831091
2018-12-11 07:15:00,4.1,3.49,3.13,3.56,5.683270064372273,3.4361935647506563,3.4893548
2018-12-11 07:30:00,4.07,4.1,3.56,3.82,6.46266867331607,4.399861049427673,4.2593427
2018-12-11 07:45:00,4.86,4.07,5.87,4.54,6.809621101392736,4.679048599783494,4.5683565
2018-12-11 08:00:00,14.83,4.86,6.8,5.94,7.11962830192844,6.103784174260503,6.6655974
2018-12-11 08:15:00,44.21,14.83,33.48,28.4,21.324317548306315,45.272431848123276,43.655407
2018-12-11 08:30:00,54.04,44.21,61.06,55.04,51.053564490706606,55.5054251333126,62.317245
2018-12-11 08:45:00,61.74,54.04,58.36,61.13,59.60015067450147,58.43334476567042,58.123924
2018-12-11 09:00:00,69.48,61.74,68.62,82.33,66.24688575029721,63.386412665841625,62.30998
2018-12-11 09:15:00,75.38,69.48,69.23,82.37,69.35192119026848,60.1047547529834,58.5102
2018-12-11 09:30:00,71.82,75.38,70.78,64.08,71.44850626300733,69.89129840046418,65.14483
2018-12-11 09:45:00,71.24,71.82,61.74,59.36,67.15263453329725,72.5732929612765,67.58066
2018-12-11 10:00:00,54.86,71.24,72.0,52.16,65.52843059124017,71.88935164219293,65.7987
2018-12-11 10:15:00,66.13,54.86,56.2,56.95,58.254832343839354,62.69192160831529,58.897808
2018-12-11 10:30:00,73.08,66.13,56.02,53.42,65.97782319658366,64.17344648510817,62.50738
2018-12-11 10:45:00,77.51,73.08,63.9,58.86,72.56144936797163,68.57541433534284,64.206345
2018-12-11 11:00:00,72.54,77.51,68.47,59.98,76.80879442768942,76.92001975754623,71.722305
2018-12-11 11:15:00,63.83,72.54,61.56,61.24,71.72535890025189,72.87847503108902,69.89493
2018-12-11 11:30:00,67.07,63.83,70.31,84.1,68.41539788278473,65.8040251928896,64.834564
2018-12-11 11:45:00,84.24,67.07,62.42,63.86,67.37353085037499,66.10640986012896,63.13887
2018-12-11 12:00:00,72.79,84.24,44.75,49.86,75.92343876772274,73.9839243817206,73.24785
2018-12-11 12:15:00,7.96,72.79,9.11,6.91,55.04645209043255,13.30187727224631,12.205575
2018-12-11 12:30:00,5.8,7.96,10.33,7.38,12.917027215571153,7.7593232731849096,7.29273
2018-12-11 12:45:00,6.98,5.8,11.45,6.62,10.556998772257604,5.982178416667988,6.808278
2018-12-11 13:00:00,6.95,6.98,11.09,6.55,9.526235948185583,7.93535992446098,8.391478
2018-12-11 13:15:00,38.45,6.95,42.66,32.51,13.969791151418464,44.278043180141275,44.997498
2018-12-11 13:30:00,59.36,38.45,72.9,57.28,44.080995221433554,62.06320017899903,64.341896
2018-12-11 13:45:00,66.02,59.36,71.03,55.51,60.66977313033297,61.08230420309969,59.960976
2018-12-11 14:00:00,80.28,66.02,67.32,56.12,66.16205199349771,67.70718047675484,67.05683
2018-12-11 14:15:00,75.53,80.28,64.22,58.82,72.45289613645491,81.86369542551047,77.982796
2018-12-11 14:30:00,72.0,75.53,69.91,52.88,67.11958930333395,72.74275765559882,71.91829
2018-12-11 14:45:00,72.61,72.0,51.23,53.46,62.594915943408694,73.62132045150689,69.3842
2018-12-11 15:00:00,78.55,72.61,58.39,62.96,63.168594385981635,75.60792659472757,69.13611
2018-12-11 15:15:00,73.98,78.55,69.62,64.62,69.3005680891165,75.73535428000473,76.57881
2018-12-11 15:30:00,76.79,73.98,66.71,60.01,65.42743802888089,74.53540570506131,71.512955
2018-12-11 15:45:00,80.46,76.79,65.99,55.66,67.41333777412304,77.26591342617883,73.85466
2018-12-11 16:00:00,68.11,80.46,64.98,53.82,69.41918308832354,76.04886868727438,76.7171
2018-12-11 16:15:00,71.68,68.11,64.55,71.86,62.73173093330632,72.96064148683428,67.63434
2018-12-11 16:30:00,69.8,71.68,63.72,60.73,63.3992041678909,72.27052806111686,68.86502
2018-12-11 16:45:00,75.46,69.8,66.53,68.22,63.35812799349674,68.52056316173756,67.559105
2018-12-11 17:00:00,70.27,75.46,62.57,80.46,67.6193121629946,68.91477724767178,67.02156
2018-12-11 17:15:00,78.48,70.27,63.72,61.52,67.1831256318566,68.23755294407933,64.89998
2018-12-11 17:30:00,66.78,78.48,58.64,71.1,73.5765774092908,71.80667055675862,74.182365
2018-12-11 17:45:00,32.11,66.78,60.12,35.21,60.986342384314725,50.686659715976745,44.114567
2018-12-11 18:00:00,31.25,32.11,24.73,30.31,35.242942081722795,31.251376844776267,33.797924
2018-12-11 18:15:00,36.4,31.25,5.47,43.56,35.23362927058993,45.477893721317656,49.233097
2018-12-11 18:30:00,39.56,36.4,4.5,40.97,38.02064053966443,44.938530323281974,49.275536
2018-12-11 18:45:00,51.44,39.56,4.46,38.56,40.01658825901741,43.13999590617664,40.690228
2018-12-11 19:00:00,51.52,51.44,4.46,41.65,49.550338006377004,52.711711300902245,50.692623
2018-12-11 19:15:00,53.57,51.52,4.75,49.07,50.53740935097382,52.56012103588076,50.24069
2018-12-11 19:30:00,52.81,53.57,5.69,40.46,50.45784051159602,51.7789945669338,47.22886
2018-12-11 19:45:00,52.38,52.81,5.62,48.64,49.43223237356132,52.91587045861454,50.651814
2018-12-11 20:00:00,53.21,52.38,4.46,49.75,48.413045901720494,52.701027645592234,50.37302
2018-12-11 20:15:00,51.91,53.21,4.46,48.89,45.75876148229158,53.992386681218264,51.853153
2018-12-11 20:30:00,53.46,51.91,4.5,37.84,42.770347227460014,47.67258392465862,42.952625
2018-12-11 20:45:00,32.36,53.46,4.43,30.67,42.74151718153857,35.007632225591735,32.995296
2018-12-11 21:00:00,28.37,32.36,4.46,5.08,25.106794407551334,19.95167376340039,16.639164
2018-12-11 21:15:00,6.77,28.37,4.5,5.69,22.062779212414448,17.556210509740374,14.469908
2018-12-11 21:30:00,5.69,6.77,4.57,5.44,7.684497045308785,5.326320725358484,5.9871316
2018-12-11 21:45:00,5.8,5.69,4.54,5.4,7.017656815737169,5.320000535684892,5.2763124
2018-12-11 22:00:00,5.69,5.8,4.46,5.44,6.135846203572431,5.550056331744806,5.2288384
2018-12-11 22:15:00,5.47,5.69,4.28,5.26,10.367527994576502,5.232869645037926,5.6621895
2018-12-11 22:30:00,5.44,5.47,4.25,4.64,10.48162237678848,5.021454991168081,5.538377
2018-12-11 22:45:00,4.97,5.44,4.32,3.92,10.436592534251833,5.017389006533569,5.5584903
2018-12-11 23:00:00,4.36,4.97,4.18,3.96,9.682014769190786,4.721055573910212,4.512356
2018-12-11 23:15:00,4.25,4.36,4.18,3.92,4.9257500159503,4.264181988292296,4.0896935
2018-12-11 23:30:00,4.21,4.25,4.21,3.85,5.1655190146816246,4.241288814178919,4.1017165
2018-12-11 23:45:00,4.14,4.21,4.28,3.89,5.481496557157165,4.342239401679271,4.0566907
2018-12-12 00:00:00,4.21,4.14,4.18,3.96,3.7671607139453442,11.780044414020624,4.985724
2018-12-12 00:15:00,4.21,4.21,4.86,3.89,4.163477345016844,4.744553128148658,4.1263003
2018-12-12 00:30:00,4.14,4.21,4.21,3.92,4.484324316480276,4.204888573863221,4.1560044
2018-12-12 00:45:00,4.14,4.14,4.18,3.89,4.76470412903107,4.160847079554992,4.103556
2018-12-12 01:00:00,4.14,4.14,4.21,3.96,4.350542478362797,4.150380378723699,4.2684884
2018-12-12 01:15:00,4.21,4.14,4.32,3.78,4.731312843526137,4.145669675235602,4.0960364
2018-12-12 01:30:00,4.18,4.21,4.25,3.85,5.102864321872612,4.190206895692904,4.1262155
2018-12-12 01:45:00,4.75,4.18,4.18,3.82,5.361298770136745,4.176196939408145,4.0938635
2018-12-12 02:00:00,5.33,4.75,4.21,3.82,5.450785150580991,4.498394422529552,4.258041
2018-12-12 02:15:00,4.25,5.33,4.28,3.85,6.205198003441577,4.669355432118603,4.439138
2018-12-12 02:30:00,4.25,4.25,4.25,4.64,5.856028796765791,4.189434433608264,4.032392
2018-12-12 02:45:00,4.18,4.25,4.21,4.86,6.114509726962414,4.232154714120967,4.135305
2018-12-12 03:00:00,4.21,4.18,3.56,3.82,5.4627938978756845,4.178996657014326,4.047108
2018-12-12 03:15:00,4.18,4.21,3.56,3.49,5.696468213898633,4.186217674614544,4.1659613
2018-12-12 03:30:00,4.18,4.18,3.53,3.13,5.8843582961389345,4.18048344418424,4.1017833
2018-12-12 03:45:00,4.25,4.18,3.53,3.2,6.133378462624723,4.178116911881367,4.139853
2018-12-12 04:00:00,4.18,4.25,3.85,3.13,5.761966957251527,4.220779328794625,4.2151794
2018-12-12 04:15:00,4.03,4.18,4.18,3.1,5.951383284026036,4.183290713714075,4.116297
2018-12-12 04:30:00,3.46,4.03,3.49,3.17,6.070768499372367,4.051592209314136,4.052417
2018-12-12 04:45:00,3.46,3.46,3.56,3.06,5.919014866001422,3.37151633600192,3.4978292
2018-12-12 05:00:00,3.53,3.46,3.56,3.17,5.402121602577424,3.3758550018146263,3.4840405
2018-12-12 05:15:00,3.46,3.53,3.74,3.06,5.628451474511216,3.520221884625875,3.5562298
2018-12-12 05:30:00,3.49,3.46,4.18,3.1,5.75684792589141,3.408796995151682,3.478791
2018-12-12 05:45:00,4.0,3.49,4.25,3.02,5.946859408095861,3.427487004141987,3.454006
2018-12-12 06:00:00,4.25,4.0,4.28,3.1,5.807416351395798,4.0323210607392985,3.8485105
2018-12-12 06:15:00,3.85,4.25,3.56,3.02,6.110098445913454,3.97585500893595,4.2055283
2018-12-12 06:30:00,3.42,3.85,3.53,4.61,6.0849303031588065,3.817355426006118,3.6296856
2018-12-12 06:45:00,3.42,3.42,3.6,4.9,5.903207702053173,3.390938831136194,3.4657066
2018-12-12 07:00:00,3.96,3.42,3.49,3.85,5.206177771653852,3.3867171939340106,3.4814894
2018-12-12 07:15:00,4.1,3.96,4.1,3.49,5.6692911280783775,4.020045204697491,3.8547194
2018-12-12 07:30:00,4.32,4.1,4.07,3.2,5.861722215728278,4.368132663477608,4.1298294
2018-12-12 07:45:00,5.83,4.32,4.86,4.32,6.349400326876101,5.30917881305168,4.735425
2018-12-12 08:00:00,5.8,5.83,14.83,4.72,7.812076141936956,6.572904178580916,5.425452
2018-12-12 08:15:00,36.86,5.8,44.21,27.65,14.372839711383733,35.29109696675157,35.607708
2018-12-12 08:30:00,60.37,36.86,54.04,61.56,44.300187121628014,67.9932227159049,61.285473
2018-12-12 08:45:00,66.46,60.37,61.74,57.71,63.06780217824743,61.3601896088177,60.51107
2018-12-12 09:00:00,69.05,66.46,69.48,57.82,68.21094781845996,65.45822426768208,65.30566
2018-12-12 09:15:00,63.86,69.05,75.38,68.08,68.25732089535762,65.91149148571935,64.504135
2018-12-12 09:30:00,65.59,63.86,71.82,64.08,61.39058460620876,63.23943245130342,64.55422
2018-12-12 09:45:00,60.98,65.59,71.24,64.76,61.89495125972202,65.36602623105611,63.21629
2018-12-12 10:00:00,65.74,60.98,54.86,62.68,56.984255032388404,60.953790127534546,60.713997
2018-12-12 10:15:00,57.17,65.74,66.13,49.28,64.09171297428506,63.58253169474555,63.458416
2018-12-12 10:30:00,64.55,57.17,73.08,56.52,59.999108008452524,59.67676966296326,60.602787
2018-12-12 10:45:00,53.42,64.55,77.51,59.04,66.30855477295029,62.86444569743263,62.31377
2018-12-12 11:00:00,65.88,53.42,72.54,66.85,58.188072361355665,58.54445733546233,57.00183
2018-12-12 11:15:00,57.71,65.88,63.83,68.83,66.4967875306708,61.9889383835947,61.94988
2018-12-12 11:30:00,59.76,57.71,67.07,60.3,60.613989408009786,59.63480597645938,60.359005
2018-12-12 11:45:00,79.85,59.76,84.24,53.21,62.21458603741722,58.6239630975134,60.010406
2018-12-12 12:00:00,49.64,79.85,72.79,40.97,73.82437801097886,72.7733057324922,69.13915
2018-12-12 12:15:00,27.97,49.64,7.96,10.69,38.92792703118849,8.346982142939197,9.618964
2018-12-12 12:30:00,29.74,27.97,5.8,9.43,24.01925194327307,12.604323716235537,13.456306
2018-12-12 12:45:00,29.56,29.74,6.98,10.33,23.809647063462307,21.75605513031455,21.759876
2018-12-12 13:00:00,29.3,29.56,6.95,26.68,23.993221481796343,21.93569481541846,23.741085
2018-12-12 13:15:00,58.86,29.3,38.45,43.34,29.12918391920188,37.89201530647744,43.687035
2018-12-12 13:30:00,61.78,58.86,59.36,46.51,55.343299315573894,60.42194019074215,63.104923
2018-12-12 13:45:00,77.0,61.78,66.02,50.44,59.39021321111417,64.88153834832734,63.245373
2018-12-12 14:00:00,65.56,77.0,80.28,63.4,72.28961737570607,75.27182752934678,69.92324
2018-12-12 14:15:00,86.51,65.56,75.53,54.36,59.74815174191399,63.8519300312172,66.369125
2018-12-12 14:30:00,60.44,86.51,72.0,61.52,75.33999271720683,81.81587764213242,77.65083
2018-12-12 14:45:00,64.8,60.44,72.61,58.93,56.02266586626989,67.92652820032285,64.97105
2018-12-12 15:00:00,72.18,64.8,78.55,85.46,61.67447550065263,67.55991199897417,63.186737
2018-12-12 15:15:00,69.08,72.18,73.98,109.3,67.76472553824742,69.59007293818728,68.392456
2018-12-12 15:30:00,66.17,69.08,76.79,87.16,64.21588218842868,64.96836798577402,66.897285
2018-12-12 15:45:00,61.67,66.17,80.46,96.01,63.15275642286322,66.55025462218987,65.52221
2018-12-12 16:00:00,70.6,61.67,68.11,105.91,58.90591499246125,63.248310731792635,61.814297
2018-12-12 16:15:00,68.36,70.6,71.68,68.18,62.84353913682088,66.70761781232697,64.65224
2018-12-12 16:30:00,75.1,68.36,69.8,64.91,60.21586008442712,65.64434146010386,66.28486
2018-12-12 16:45:00,66.13,75.1,75.46,56.05,66.02491911399592,71.16388570937566,68.684074
2018-12-12 17:00:00,70.7,66.13,70.27,62.96,58.568423363944035,67.24615336213667,66.341415
2018-12-12 17:15:00,60.7,70.7,78.48,47.12,66.44860864938366,67.18500836208365,64.607315
2018-12-12 17:30:00,57.92,60.7,66.78,44.57,57.909072202502685,63.014455575088554,59.24571
2018-12-12 17:45:00,32.9,57.92,32.11,44.24,52.71827744440541,43.30676393714871,36.95449
2018-12-12 18:00:00,30.53,32.9,31.25,27.32,33.64742271747674,31.664333211346378,32.02143
2018-12-12 18:15:00,49.9,30.53,36.4,5.87,31.41793686882664,39.13820567042155,39.76446
2018-12-12 18:30:00,67.25,49.9,39.56,5.36,45.324431110279136,54.75939335873634,55.48197
2018-12-12 18:45:00,69.37,67.25,51.44,5.47,60.890210262749534,66.7660588029025,61.368958
2018-12-12 19:00:00,65.99,69.37,51.52,5.58,63.27756428215386,68.30834265681493,62.90463
2018-12-12 19:15:00,66.02,65.99,53.57,5.58,58.88989668926231,59.604324352428,61.826073
2018-12-12 19:30:00,60.19,66.02,52.81,5.47,56.47425645396609,62.930295537802536,60.66027
2018-12-12 19:45:00,58.54,60.19,52.38,5.44,52.73479267227336,59.3222897624766,56.98085
2018-12-12 20:00:00,61.85,58.54,53.21,5.44,50.778355211560935,57.598194772199534,54.21892
2018-12-12 20:15:00,67.07,61.85,51.91,5.44,50.0683040075031,57.41509728658604,58.34
2018-12-12 20:30:00,58.82,67.07,53.46,5.51,53.318415425323856,58.870628118055066,60.035606
2018-12-12 20:45:00,53.35,58.82,32.36,5.44,45.74538415687793,38.60941961960424,34.695934
2018-12-12 21:00:00,30.35,53.35,28.37,4.82,39.960345638922824,30.020873004963008,18.029377
2018-12-12 21:15:00,12.2,30.35,6.77,4.28,22.727568344127693,18.52349937564144,16.239464
2018-12-12 21:30:00,5.8,12.2,5.69,4.25,10.99009818857736,5.566682047667715,5.9121494
2018-12-12 21:45:00,5.76,5.8,5.8,4.28,6.381235821370765,5.345381281131855,5.095674
2018-12-12 22:00:00,5.65,5.76,5.69,4.36,5.20384763967353,5.553300031047576,5.2333097
2018-12-12 22:15:00,5.04,5.65,5.47,4.03,9.626169401936938,5.187410929448628,5.7640743
2018-12-12 22:30:00,4.25,5.04,5.44,4.0,9.247510069420173,4.772679049649499,5.40227
2018-12-12 22:45:00,4.25,4.25,4.97,4.03,8.9658793243085,4.133797801544176,5.6323543
2018-12-12 23:00:00,4.21,4.25,4.36,4.0,8.186437095525328,4.153845761324545,4.0684204
2018-12-12 23:15:00,4.14,4.21,4.25,4.0,3.818042410772872,4.20616088471373,4.041963
2018-12-12 23:30:00,4.1,4.14,4.21,3.92,3.996090595227571,4.149890127187035,4.0576572
2018-12-12 23:45:00,4.1,4.1,4.14,4.0,4.320456257484068,4.075537129063529,4.0850077
2018-12-13 00:00:00,5.26,4.1,4.21,4.0,3.5796995190555947,10.612996847868757,4.9858017
2018-12-13 00:15:00,4.1,5.26,4.21,3.96,4.780010537657962,4.926912502637255,4.2148466
2018-12-13 00:30:00,4.18,4.1,4.14,4.79,4.375203257292739,4.082239934630759,3.9765942
2018-12-13 00:45:00,4.21,4.18,4.14,5.18,4.789256239159894,4.172914296920633,4.08779
2018-12-13 01:00:00,4.14,4.21,4.14,4.03,4.25841273232756,4.198742350866737,4.256143
2018-12-13 01:15:00,4.28,4.14,4.21,3.92,4.567319648848716,4.14621274561399,4.0687127
2018-12-13 01:30:00,4.18,4.28,4.18,4.0,4.9827361881374195,4.255934004315511,4.1763473
2018-12-13 01:45:00,4.25,4.18,4.75,3.92,5.231250105818376,4.172374849376366,4.105514
2018-12-13 02:00:00,5.36,4.25,5.33,4.07,5.001974327790766,4.2262293849155235,4.20854
2018-12-13 02:15:00,4.79,5.36,4.25,3.46,6.0237018300403165,4.694587958238036,4.4032254
2018-12-13 02:30:00,4.25,4.79,4.25,3.28,5.943406910199627,4.473688617629625,4.3277473
2018-12-13 02:45:00,4.18,4.25,4.18,3.38,5.841187388365356,4.196559499782932,4.005292
2018-12-13 03:00:00,4.21,4.18,4.21,3.31,5.30182807781576,4.172076441977015,4.070091
2018-12-13 03:15:00,4.18,4.21,4.18,3.35,5.57461024141125,4.2123311471245675,4.0842977
2018-12-13 03:30:00,4.21,4.18,4.18,3.35,5.775040662558581,4.179031087073897,4.101917
2018-12-13 03:45:00,4.21,4.21,4.25,3.38,6.043615373667336,4.184324250942482,4.1696277
2018-12-13 04:00:00,4.21,4.21,4.18,3.42,5.616392976858286,4.188878249580101,4.1302977
2018-12-13 04:15:00,4.18,4.21,4.03,3.31,5.828150308523732,4.189443504794416,4.1574135
2018-12-13 04:30:00,4.21,4.18,3.46,4.61,6.0814194948947,4.179228682551981,4.142332
2018-12-13 04:45:00,4.21,4.21,3.46,5.04,6.359588152390629,4.191712879867612,4.1656938
2018-12-13 05:00:00,4.18,4.21,3.53,4.07,5.776185198684935,4.18764172396412,4.1540585
2018-12-13 05:15:00,3.67,4.18,3.46,3.71,5.920120118032337,4.175450150504835,4.4041243
2018-12-13 05:30:00,3.42,3.67,3.49,3.31,5.743191189231286,3.689314698456796,3.7211316
2018-12-13 05:45:00,3.89,3.42,4.0,3.31,5.788533793621088,3.3677505921458897,3.4472096
2018-12-13 06:00:00,4.32,3.89,4.25,3.38,5.587089339064821,3.9356071048792476,3.8099377
2018-12-13 06:15:00,3.46,4.32,3.85,3.31,6.0176623248989785,4.086037374876935,4.3274255
2018-12-13 06:30:00,3.38,3.46,3.42,3.28,5.55316693638364,3.3744009200533918,3.343428
2018-12-13 06:45:00,3.38,3.38,3.42,3.31,5.579430737676617,3.3375964827279976,3.3957417
2018-12-13 07:00:00,3.42,3.38,3.96,3.24,5.006490228498574,3.339831023344835,3.4288266
2018-12-13 07:15:00,3.42,3.42,4.1,3.28,5.112824212740428,3.397225838742161,3.4044936
2018-12-13 07:30:00,3.71,3.42,4.32,3.46,5.213194544448754,3.63361631897329,3.7181566
2018-12-13 07:45:00,5.69,3.71,5.83,4.21,5.805770443705537,4.554083333131992,4.442709
2018-12-13 08:00:00,6.23,5.69,5.8,6.44,7.316809480934708,6.208569528972359,5.9424167
2018-12-13 08:15:00,35.57,6.23,36.86,32.29,14.724894254358736,36.7983859083143,36.54505
2018-12-13 08:30:00,72.86,35.57,60.37,64.98,43.6669986301844,63.83753047690701,59.26671
2018-12-13 08:45:00,61.74,72.86,66.46,60.84,73.04304355293431,79.1190046811021,73.30233
2018-12-13 09:00:00,76.36,61.74,69.05,59.87,65.76196943234233,64.36185350220957,66.75251
2018-12-13 09:15:00,63.11,76.36,63.86,67.0,73.2916453301913,75.234580837445,70.378586
2018-12-13 09:30:00,65.66,63.11,65.59,71.17,61.0316407984468,65.26944493515394,66.80606
2018-12-13 09:45:00,72.07,65.66,60.98,76.86,63.065325950072435,64.4684382255618,63.867264
2018-12-13 10:00:00,56.84,72.07,65.74,66.67,65.6915489472504,69.9900739989551,67.51267
2018-12-13 10:15:00,69.3,56.84,57.17,63.18,59.373814208314116,60.73059808303738,60.364323
2018-12-13 10:30:00,65.66,69.3,64.55,68.87,69.67091861677648,65.24707618359932,65.588646
2018-12-13 10:45:00,85.43,65.66,53.42,71.06,66.56901359356158,64.22913043687079,65.51429
2018-12-13 11:00:00,53.17,85.43,65.88,62.78,81.77223647264746,81.59817799759834,77.468666
2018-12-13 11:15:00,55.4,53.17,57.71,60.88,57.63216335268258,63.12232315040553,60.142063
2018-12-13 11:30:00,60.08,55.4,59.76,74.45,61.310268185473234,59.21135392106062,60.46687
2018-12-13 11:45:00,58.0,60.08,79.85,67.82,64.03548478415168,61.43539662019869,60.351116
2018-12-13 12:00:00,51.3,58.0,49.64,69.26,58.68254999531733,56.172564630105676,52.857254
2018-12-13 12:15:00,11.38,51.3,27.97,9.94,40.033441478986354,10.761432471512148,10.477783
2018-12-13 12:30:00,10.91,11.38,29.74,6.88,13.890764678176096,6.787564290208007,7.749481
2018-12-13 12:45:00,30.1,10.91,29.56,7.02,13.51766792199987,9.55916881009077,8.137605
2018-12-13 13:00:00,36.4,30.1,29.3,6.95,24.571920387203363,28.422800410779224,29.761337
2018-12-13 13:15:00,41.69,36.4,58.86,35.78,36.971413274962785,42.222394796921094,51.01902
2018-12-13 13:30:00,56.92,41.69,61.78,61.78,45.59001894913618,45.58001766325691,49.381985
2018-12-13 13:45:00,46.66,56.92,77.0,60.8,56.201426604660014,55.33078628875132,56.11631
2018-12-13 14:00:00,52.52,46.66,65.56,71.78,48.31757982082171,52.83814352195438,52.632915
2018-12-13 14:15:00,58.25,52.52,86.51,72.11,52.576805939608874,55.422630311940736,52.24358
2018-12-13 14:30:00,72.61,58.25,60.44,68.22,53.63621867061448,57.074091375014405,57.008327
2018-12-13 14:45:00,66.24,72.61,64.8,73.44,65.87475594507559,66.9200835001219,63.518
2018-12-13 15:00:00,73.08,66.24,72.18,56.88,59.91046944001659,62.84434964040795,64.57616
2018-12-13 15:15:00,60.52,73.08,69.08,50.29,63.72489907748036,69.9890352360516,66.83873
2018-12-13 15:30:00,59.87,60.52,66.17,48.78,53.9547230326867,63.74251396098306,62.83231
2018-12-13 15:45:00,63.5,59.87,61.67,48.96,53.40709991631866,60.43721308058293,59.906246
2018-12-13 16:00:00,60.52,63.5,70.6,49.97,55.45448330112495,62.493791890260155,61.970825
2018-12-13 16:15:00,88.92,60.52,68.36,62.28,54.69873750420956,60.41020824521456,59.753414
2018-12-13 16:30:00,105.37,88.92,75.1,47.95,75.82101655340509,81.74864954993927,82.40875
2018-12-13 16:45:00,102.89,105.37,66.13,57.35,89.67544629515807,89.39483606657514,88.840515
2018-12-13 17:00:00,77.83,102.89,70.7,47.77,87.42718519247575,91.82853880090862,97.98938
2018-12-13 17:15:00,67.18,77.83,60.7,48.6,72.40394436303184,86.86790875016582,92.66671
2018-12-13 17:30:00,70.13,67.18,57.92,57.46,64.41449850287758,69.52207564650284,67.51175
2018-12-13 17:45:00,31.72,70.13,32.9,31.86,60.37775803456546,62.80126944054172,41.886585
2018-12-13 18:00:00,31.5,31.72,30.53,31.61,33.53995256505712,31.688461146899233,32.023354
2018-12-13 18:15:00,54.79,31.5,49.9,36.61,36.41791956080084,44.79004299615147,48.10022
2018-12-13 18:30:00,77.04,54.79,67.25,40.07,54.138053216862104,62.55341479127488,62.892746
2018-12-13 18:45:00,79.63,77.04,69.37,37.87,73.18713539682167,77.63498238273264,74.730774
2018-12-13 19:00:00,80.46,79.63,65.99,47.23,75.76180765909308,81.26628209753606,83.114586
2018-12-13 19:15:00,71.89,80.46,66.02,53.03,74.24258883053417,75.71663765201434,80.005486
2018-12-13 19:30:00,78.52,71.89,60.19,38.63,64.3911363517268,75.68484848907453,74.15997
2018-12-13 19:45:00,52.31,78.52,58.54,37.51,68.60106425424758,76.05136674216133,80.868935
2018-12-13 20:00:00,61.16,52.31,61.85,38.3,51.024361590315294,63.43878764833849,58.03673
2018-12-13 20:15:00,61.6,61.16,67.07,54.36,55.64144285851392,63.2418018707968,60.767487
2018-12-13 20:30:00,49.68,61.6,58.82,38.84,53.11291895741921,59.61762392477331,58.76585
2018-12-13 20:45:00,41.54,49.68,53.35,27.72,43.03291416668093,50.91989178370345,45.682186
2018-12-13 21:00:00,20.16,41.54,30.35,8.86,33.033601684618446,20.814873982261933,18.952038
2018-12-13 21:15:00,6.16,20.16,12.2,5.51,16.17888999903694,6.967052221850834,6.388255
2018-12-13 21:30:00,5.69,6.16,5.8,5.58,6.688147895558206,5.396029782305414,4.937897
2018-12-13 21:45:00,5.69,5.69,5.76,5.62,5.655411574600578,5.271395857809066,5.1762366
2018-12-13 22:00:00,5.65,5.69,5.65,5.54,4.667636304287015,5.378511794121677,5.1886253
2018-12-13 22:15:00,5.47,5.65,5.04,5.26,9.169911550931822,5.221351259743046,5.64864
2018-12-13 22:30:00,5.4,5.47,4.25,5.22,9.144581154642655,5.069166583562076,5.548902
2018-12-13 22:45:00,5.36,5.4,4.25,5.26,9.305273156618838,5.0462362361489745,5.4877424
2018-12-13 23:00:00,5.36,5.36,4.21,4.18,8.495224917125576,5.012970644060568,4.640874
2018-12-13 23:15:00,5.26,5.36,4.14,3.96,4.228685112020955,4.95702249334933,4.8940363
2018-12-13 23:30:00,5.22,5.26,4.1,4.0,4.5039151168202665,4.917593873494832,4.908209
2018-12-13 23:45:00,5.18,5.22,4.1,4.0,4.827653096532487,5.126993893771938,4.8674536
2018-12-14 00:00:00,4.1,5.18,5.26,4.03,4.797638733666439,6.714179148177668,4.437662
2018-12-14 00:15:00,5.33,4.1,4.1,3.96,4.337922126859009,4.0747007347758,5.328429
2018-12-14 00:30:00,5.29,5.33,4.18,4.03,5.520763909786297,5.069317336378817,4.75466
2018-12-14 00:45:00,5.26,5.29,4.21,4.03,5.8170995158111225,5.023833479863536,4.8434396
2018-12-14 01:00:00,5.29,5.26,4.14,4.0,5.497496290643628,4.687062781855464,4.7109447
2018-12-14 01:15:00,5.26,5.29,4.28,4.03,5.763815301805224,4.947821115483663,4.8986363
2018-12-14 01:30:00,5.36,5.26,4.18,4.03,6.052938629616829,4.942488329126289,4.936335
2018-12-14 01:45:00,5.33,5.36,4.25,4.03,6.432418760814215,4.988441276936689,4.908548
2018-12-14 02:00:00,4.79,5.33,5.36,4.1,6.152313807414373,4.952422439121643,4.8249454
2018-12-14 02:15:00,4.14,4.79,4.79,4.0,6.046411832065079,4.64462579740951,4.6254606
2018-12-14 02:30:00,4.18,4.14,4.25,4.72,5.9395512214362185,4.161113463159646,4.080009
2018-12-14 02:45:00,4.21,4.18,4.18,4.79,6.219273713634095,4.180263176548891,4.1304994
2018-12-14 03:00:00,4.18,4.21,4.21,4.14,5.752604174470477,4.200658485017654,4.11521
2018-12-14 03:15:00,4.25,4.18,4.18,4.07,5.998260936732208,4.1678797672983166,4.0754347
2018-12-14 03:30:00,4.18,4.25,4.21,4.03,6.2935096409249915,4.225327317375471,4.186743
2018-12-14 03:45:00,4.14,4.18,4.21,4.0,6.48468086186897,4.174418639162945,4.127599
2018-12-14 04:00:00,4.28,4.14,4.21,3.42,5.977270565696095,4.15318704759652,4.089863
2018-12-14 04:15:00,4.18,4.28,4.18,3.49,6.3003714506321735,4.256542410311092,4.2099743
2018-12-14 04:30:00,4.18,4.18,4.21,3.46,6.401294990618936,4.176905988815647,4.1191807
2018-12-14 04:45:00,4.1,4.18,4.21,3.38,6.605786496174105,4.178589910405601,4.0971985
2018-12-14 05:00:00,4.46,4.1,4.18,3.42,6.072843857660935,4.083903787344727,4.1041536
2018-12-14 05:15:00,5.4,4.46,3.67,3.42,6.509958660771865,4.336633508474662,4.3111243
2018-12-14 05:30:00,4.5,5.4,3.42,3.74,7.429070052450925,4.8330634720531584,4.6760306
2018-12-14 05:45:00,4.18,4.5,3.89,4.07,7.04491475407368,4.31077441197829,4.0762415
2018-12-14 06:00:00,4.14,4.18,4.32,3.49,6.265383198753778,4.17038316871852,4.0037146
2018-12-14 06:15:00,4.14,4.14,3.46,3.42,6.231707151203228,4.159068653643808,4.0997906
2018-12-14 06:30:00,3.49,4.14,3.38,3.64,6.345709895635622,4.165880642341659,4.116279
2018-12-14 06:45:00,3.42,3.49,3.38,4.1,6.088372694419675,3.419763682072856,3.5261786
2018-12-14 07:00:00,3.35,3.42,3.42,4.0,5.497410558786367,3.389449876672187,3.489795
2018-12-14 07:15:00,3.35,3.35,3.42,4.0,5.52165905252874,3.350094008939735,3.3770335
2018-12-14 07:30:00,4.25,3.35,3.71,3.82,5.571524633587529,3.630184568798041,3.639963
2018-12-14 07:45:00,6.52,4.25,5.69,4.54,6.669253205832575,5.018311637439299,4.784595
2018-12-14 08:00:00,7.38,6.52,6.23,4.79,8.340833936794034,7.266103731473366,6.7876625
2018-12-14 08:15:00,36.22,7.38,35.57,47.66,17.159311370405277,41.86947093080636,43.105263
2018-12-14 08:30:00,94.18,36.22,72.86,60.19,44.65691271855724,67.00386163697745,62.02182
2018-12-14 08:45:00,97.88,94.18,61.74,60.19,89.68429558913259,91.18610966712583,92.16776
2018-12-14 09:00:00,134.5,97.88,76.36,53.32,94.52321556623967,93.78701338110173,99.296364
2018-12-14 09:15:00,93.67,134.5,63.11,58.86,118.05660548345193,99.83304428472627,102.772026
2018-12-14 09:30:00,109.26,93.67,65.66,49.5,83.53321602383356,99.1545434887581,107.475624
2018-12-14 09:45:00,128.34,109.26,72.07,48.42,94.00800985497324,97.92217673420741,97.73191
2018-12-14 10:00:00,81.47,128.34,56.84,62.78,104.87125119922656,97.31922701113709,101.21055
2018-12-14 10:15:00,109.69,81.47,69.3,48.02,79.07335191976311,98.6749498863274,101.74488
2018-12-14 10:30:00,120.67,109.69,65.66,46.22,98.40135160311102,95.2724792434657,95.84645
2018-12-14 10:45:00,92.81,120.67,85.43,57.46,107.69096443705281,97.33365176261755,102.1322
2018-12-14 11:00:00,91.58,92.81,53.17,48.78,87.77944914600288,100.35954143362444,103.85499
2018-12-14 11:15:00,104.9,91.58,55.4,47.02,83.51341025866705,96.14691768538715,93.74366
2018-12-14 11:30:00,124.2,104.9,60.08,58.0,93.78234918953135,97.48207150375244,96.06464
2018-12-14 11:45:00,88.85,124.2,58.0,51.48,109.44102341890463,98.39225995100766,101.789246
2018-12-14 12:00:00,132.01,88.85,51.3,44.28,81.28910744243373,99.78469587027767,99.78689
2018-12-14 12:15:00,13.61,132.01,11.38,26.6,100.09738363734503,14.986408768752229,12.0876465
2018-12-14 12:30:00,9.86,13.61,10.91,12.49,20.365529701769432,8.319539223886126,3.8239756
2018-12-14 12:45:00,9.61,9.86,30.1,9.79,19.976166264038163,10.978375842596856,9.367819
2018-12-14 13:00:00,9.43,9.61,36.4,10.76,15.838848912058056,20.112527502869085,9.950132
2018-12-14 13:15:00,86.98,9.43,41.69,44.06,17.21374436155986,55.242316033624675,52.975567
2018-12-14 13:30:00,74.66,86.98,56.92,49.82,81.37302654387747,97.38425055414399,103.72929
2018-12-14 13:45:00,116.42,74.66,46.66,54.36,74.14350471601475,88.77841418009058,81.27229
2018-12-14 14:00:00,107.57,116.42,52.52,55.98,105.5890765843674,100.14528991610491,101.028885
2018-12-14 14:15:00,103.82,107.57,58.25,56.48,90.95349865785079,98.83645517932923,104.72378
2018-12-14 14:30:00,114.73,103.82,72.61,47.41,89.32677609223309,97.31381358434551,103.343735
2018-12-14 14:45:00,84.74,114.73,66.24,47.95,91.91688205411495,93.50121927694312,94.2458
2018-12-14 15:00:00,109.4,84.74,73.08,58.86,73.91385427644751,95.69867476470837,100.51779
2018-12-14 15:15:00,125.21,109.4,60.52,50.08,90.94627664356105,94.61996010095523,94.72314
2018-12-14 15:30:00,89.35,125.21,59.87,51.88,102.04404825830485,94.41444909610787,98.40615
2018-12-14 15:45:00,122.26,89.35,63.5,53.82,80.24281813776321,99.81270811435566,103.30805
2018-12-14 16:00:00,114.66,122.26,60.52,49.9,100.31351912563944,93.60645991409758,95.37232
2018-12-14 16:15:00,96.8,114.66,88.92,57.1,96.62270983807134,97.34110157934434,101.89716
2018-12-14 16:30:00,118.12,96.8,105.37,50.33,86.88446667962663,97.83239607203487,99.26181
2018-12-14 16:45:00,133.2,118.12,102.89,68.54,100.47523998653566,94.87376761169764,96.027985
2018-12-14 17:00:00,102.64,133.2,77.83,60.12,109.72669869035457,94.86213716855387,96.54144
2018-12-14 17:15:00,63.94,102.64,67.18,72.11,95.99697360186231,100.03405172114712,99.202934
2018-12-14 17:30:00,62.64,63.94,70.13,46.33,66.6420206350732,73.90025162788949,70.71345
2018-12-14 17:45:00,37.94,62.64,31.72,34.16,59.593254803439265,64.08885684164723,53.33692
2018-12-14 18:00:00,32.62,37.94,31.5,30.35,40.10536995118602,31.614448679061702,33.732296
2018-12-14 18:15:00,29.63,32.62,54.79,42.48,39.60522863485112,40.907125613877625,40.340134
2018-12-14 18:30:00,26.57,29.63,77.04,52.85,40.708243746182234,41.56764820229007,41.298935
2018-12-14 18:45:00,26.35,26.57,79.63,58.97,39.681188314008594,26.94428976799819,28.424023
2018-12-14 19:00:00,26.32,26.35,80.46,57.17,38.19062188506724,28.90251861507121,26.79633
2018-12-14 19:15:00,26.39,26.32,71.89,44.39,35.931188777680944,28.585424412788853,28.166908
2018-12-14 19:30:00,26.64,26.39,78.52,47.84,36.55573140943482,29.065409210155934,27.614328
2018-12-14 19:45:00,28.44,26.64,52.31,54.07,35.59730039365126,29.40559946062028,28.066372
2018-12-14 20:00:00,30.46,28.44,61.16,43.38,36.16888403310428,32.617931708568584,28.805458
2018-12-14 20:15:00,29.88,30.46,61.6,57.64,34.84575473860677,34.470668215008814,32.718857
2018-12-14 20:30:00,30.06,29.88,49.68,41.72,31.930507438347103,34.35929303084471,34.37954
2018-12-14 20:45:00,31.93,30.06,41.54,31.9,29.468202371762793,34.041666929588956,34.243416
2018-12-14 21:00:00,28.66,31.93,20.16,19.69,26.807008543879522,23.72804324149587,19.570034
2018-12-14 21:15:00,5.76,28.66,6.16,5.62,21.18698906330078,17.343753211475626,11.77285
2018-12-14 21:30:00,5.8,5.76,5.69,5.62,6.858379857581266,5.531016324405175,5.885394
2018-12-14 21:45:00,5.72,5.8,5.69,5.15,7.005178334057682,5.624749239408689,5.0812855
2018-12-14 22:00:00,5.69,5.72,5.65,4.28,5.928198253621037,5.50681911940496,5.142994
2018-12-14 22:15:00,5.4,5.69,5.47,4.0,10.16090904990433,5.23195184212903,5.686822
2018-12-14 22:30:00,5.33,5.4,5.4,4.07,10.292906840175867,5.026139721126534,5.354818
2018-12-14 22:45:00,5.33,5.33,5.36,4.03,10.580992843373565,5.019129397526973,5.4626994
2018-12-14 23:00:00,5.33,5.33,5.36,4.0,10.168624268268783,5.016165460778837,5.4924855
2018-12-14 23:15:00,4.86,5.33,5.26,3.96,5.784990663385162,4.933448834970787,4.8392935
2018-12-14 23:30:00,4.03,4.86,5.22,4.03,5.8350570317820925,4.67158534639345,4.7681327
2018-12-14 23:45:00,4.03,4.03,5.18,4.0,5.645226917149554,4.1378448926020805,5.220088
2018-12-15 00:00:00,3.28,4.03,4.1,3.78,2.48012828526824,9.125123175772167,3.3464344
2018-12-15 00:15:00,4.14,3.28,5.33,4.0,2.313106179285235,3.3752750549598627,3.6774838
2018-12-15 00:30:00,4.1,4.14,5.29,3.96,3.2097143368233496,4.173709761571706,4.1083546
2018-12-15 00:45:00,4.07,4.1,5.26,4.0,3.507655890941546,4.035455965009605,3.9959118
2018-12-15 01:00:00,4.14,4.07,5.29,4.0,3.1898033133627344,3.724481685074474,3.8429983
2018-12-15 01:15:00,4.14,4.14,5.26,5.15,3.58458858497648,4.13034454861985,4.111981
2018-12-15 01:30:00,4.14,4.14,5.36,4.79,3.866166991140968,4.128344580438364,4.09905
2018-12-15 01:45:00,4.14,4.14,5.33,3.96,4.119329076498428,4.128344580438364,4.0739536
2018-12-15 02:00:00,4.1,4.14,4.79,3.96,3.756697873958032,4.210330203096725,4.066254
2018-12-15 02:15:00,4.1,4.1,4.14,4.1,3.9571350956869757,4.037789457979169,4.0635166
2018-12-15 02:30:00,4.21,4.1,4.18,4.0,4.231287715754259,4.039198192664518,4.066775
2018-12-15 02:45:00,4.1,4.21,4.21,4.0,4.579216800653455,4.171791558314609,4.1023355
2018-12-15 03:00:00,4.18,4.1,4.18,4.0,4.098549631923209,4.036918978678356,4.042443
2018-12-15 03:15:00,4.82,4.18,4.25,3.96,4.443709578729393,4.15508890335344,4.0408635
2018-12-15 03:30:00,5.26,4.82,4.18,3.64,5.156939841398426,4.488799496732748,4.3031034
2018-12-15 03:45:00,4.18,5.26,4.14,3.38,5.742810537000242,4.587260437826137,5.977005
2018-12-15 04:00:00,4.14,4.18,4.28,3.31,4.578246484568055,4.125893157751558,3.929754
2018-12-15 04:15:00,4.14,4.14,4.18,3.35,4.7374015649412655,4.1356731954374375,4.082078
2018-12-15 04:30:00,3.82,4.14,4.18,3.35,4.873336887009483,4.130775240486641,4.035862
2018-12-15 04:45:00,3.46,3.82,4.1,3.42,4.831757643913356,3.804598886630025,3.832423
2018-12-15 05:00:00,3.49,3.46,4.46,3.49,4.160837461337078,3.4035486501118277,3.512533
2018-12-15 05:15:00,3.42,3.49,5.4,4.0,4.48082749065366,3.4326222693530197,3.485994
2018-12-15 05:30:00,3.42,3.42,4.5,3.53,4.4942708055599425,3.404883046570277,3.4416878
2018-12-15 05:45:00,3.42,3.42,4.18,3.35,4.611219482820314,3.3998322017950215,3.4430716
2018-12-15 06:00:00,3.38,3.42,4.14,3.38,4.094420610525617,3.40352557053523,3.444833
2018-12-15 06:15:00,3.46,3.38,4.14,4.03,4.2129540638831955,3.38632594433408,3.4142144
2018-12-15 06:30:00,3.42,3.46,3.49,4.03,4.350261203698096,3.4222781752086484,3.4193876
2018-12-15 06:45:00,3.49,3.42,3.42,4.0,4.420113047025989,3.409771930912697,3.4025009
2018-12-15 07:00:00,4.57,3.49,3.35,3.78,3.9024260993940665,3.432409335773923,3.4193103
2018-12-15 07:15:00,4.43,4.57,3.35,3.35,4.824139739876035,4.019698318940745,3.9949553
2018-12-15 07:30:00,4.1,4.43,4.25,3.31,4.905295006242877,4.52803758356305,3.9112036
2018-12-15 07:45:00,4.07,4.1,6.52,3.53,5.077944850702593,4.809032604505889,5.2380424
2018-12-15 08:00:00,3.64,4.07,7.38,3.67,4.832832289865067,4.707725468641862,4.9227014
2018-12-15 08:15:00,3.35,3.64,36.22,29.23,11.098781032433802,31.770890572633657,27.570408
2018-12-15 08:30:00,3.35,3.35,94.18,38.16,17.678998892564557,3.9269590264634635,6.5258594
2018-12-15 08:45:00,3.38,3.35,97.88,33.08,17.58768165981723,3.6387701344154935,3.5375645
2018-12-15 09:00:00,3.49,3.38,134.5,51.52,21.45399963825794,3.6509386186355846,4.546306
2018-12-15 09:15:00,3.56,3.49,93.67,47.77,18.21167229093635,3.648595578825444,6.9090924
2018-12-15 09:30:00,3.38,3.56,109.26,42.05,18.871765974399455,3.5753280296108367,4.4091077
2018-12-15 09:45:00,3.42,3.38,128.34,32.4,19.259897665906635,3.546972764516892,4.6365232
2018-12-15 10:00:00,3.35,3.42,81.47,31.43,14.9818417856761,3.5254109449323794,5.3468447
2018-12-15 10:15:00,3.35,3.35,109.69,31.57,16.517578744389937,3.4989694732007344,3.1637638
2018-12-15 10:30:00,3.35,3.35,120.67,31.43,17.598119765466258,3.4798681931939646,6.1560674
2018-12-15 10:45:00,4.97,3.35,92.81,47.66,17.274785957525832,3.4850762767265975,6.047013
2018-12-15 11:00:00,5.36,4.97,91.58,49.28,17.321043403603735,10.113200858535514,5.163498
2018-12-15 11:15:00,4.28,5.36,104.9,38.16,16.993764202528656,10.333931914732318,7.0846524
2018-12-15 11:30:00,4.18,4.28,124.2,44.14,18.376725800359303,6.739219714250928,6.1575356
2018-12-15 11:45:00,3.35,4.18,88.85,38.27,16.349423236445787,6.650835916138582,6.4753633
2018-12-15 12:00:00,3.38,3.35,132.01,22.46,15.462863121179304,3.795985883950923,3.0848918
2018-12-15 12:15:00,3.42,3.38,13.61,3.92,1.6753561119229587,3.9625659851380792,3.7545006
2018-12-15 12:30:00,3.42,3.42,9.86,4.57,1.610694102115911,3.731552441207857,3.9758275
2018-12-15 12:45:00,3.42,3.42,9.61,5.36,2.374765660328606,4.034029494983586,5.1193366
2018-12-15 13:00:00,3.38,3.42,9.43,6.08,1.900226230882609,4.041993191847742,5.165016
2018-12-15 13:15:00,3.31,3.38,86.98,34.09,10.965859077000285,3.5981409654006415,6.403929
2018-12-15 13:30:00,3.35,3.31,74.66,55.69,13.389839441813645,3.5632679461379597,5.040967
2018-12-15 13:45:00,3.38,3.35,116.42,40.61,15.416499584737423,3.517908811466801,5.786968
2018-12-15 14:00:00,3.31,3.38,107.57,50.51,14.675839578555706,3.524069219117785,4.6361055
2018-12-15 14:15:00,3.82,3.31,103.82,37.98,13.985025755639281,3.490360950235375,5.1724825
2018-12-15 14:30:00,4.1,3.82,114.73,48.89,15.179665382449967,4.139118781478434,4.9351535
2018-12-15 14:45:00,4.07,4.1,84.74,37.73,12.29627280772017,4.511849891409452,5.488391
2018-12-15 15:00:00,4.21,4.07,109.4,40.03,13.96329810364072,4.739246866196038,4.5585575
2018-12-15 15:15:00,3.74,4.21,125.21,43.67,15.076290891420665,6.40084109887023,4.49906
2018-12-15 15:30:00,3.74,3.74,89.35,46.15,12.350857087555534,4.608533385954104,4.3564625
2018-12-15 15:45:00,3.96,3.74,122.26,49.68,14.731304146634736,4.574240054950151,2.723825
2018-12-15 16:00:00,3.28,3.96,114.66,49.32,13.321579039840536,4.643867362065529,3.129723
2018-12-15 16:15:00,3.35,3.28,96.8,49.46,12.387374731573537,4.05420517946587,2.8862638
2018-12-15 16:30:00,3.28,3.35,118.12,49.54,14.452704640604829,3.65158117739861,2.5004373
2018-12-15 16:45:00,3.24,3.28,133.2,34.63,14.287011743682912,3.3412447239066463,2.9557896
2018-12-15 17:00:00,3.28,3.24,102.64,27.0,10.560706689029566,3.3414824217422607,3.2961626
2018-12-15 17:15:00,3.28,3.28,63.94,9.9,7.691904671916802,3.357691546723188,3.1708598
2018-12-15 17:30:00,3.35,3.28,62.64,5.22,7.090641710246736,3.352217257237223,3.336964
2018-12-15 17:45:00,4.18,3.35,37.94,5.29,3.0663013201825073,3.386791266732491,3.3247812
2018-12-15 18:00:00,4.1,4.18,32.62,5.22,1.9850263696377155,3.8952184412880912,3.7555478
2018-12-15 18:15:00,4.1,4.1,29.63,5.18,3.318279992967039,3.835298209172557,3.7704875
2018-12-15 18:30:00,4.1,4.1,26.57,5.15,4.825291528795908,3.842961130690382,3.8435485
2018-12-15 18:45:00,4.03,4.1,26.35,5.33,5.468641285851927,4.047931982040932,4.232237
2018-12-15 19:00:00,4.28,4.03,26.32,5.15,4.78150095479338,3.9505415630290925,4.0793977
2018-12-15 19:15:00,3.49,4.28,26.39,4.1,5.062475032132042,4.409205259756136,4.1601977
2018-12-15 19:30:00,3.38,3.49,26.64,4.14,4.543158833483307,3.4215326097766106,3.5118015
2018-12-15 19:45:00,3.35,3.38,28.44,4.1,4.146849907532452,3.3547028570073354,3.4704025
2018-12-15 20:00:00,3.38,3.35,30.46,4.14,4.321876737218396,3.3491476647539824,3.4305785
2018-12-15 20:15:00,3.46,3.38,29.88,4.1,4.585626070777572,3.3875160114060376,3.4556005
2018-12-15 20:30:00,3.42,3.46,30.06,4.03,4.286542466468386,3.4192522155241045,3.3827698
2018-12-15 20:45:00,3.35,3.42,31.93,4.14,3.280368586134152,3.4054913115172507,3.3791158
2018-12-15 21:00:00,3.38,3.35,28.66,4.1,1.1743300620952581,3.376910594410461,3.4223225
2018-12-15 21:15:00,3.96,3.38,5.76,4.14,-1.8266723870938506,3.3892716581096307,3.36815
2018-12-15 21:30:00,4.28,3.96,5.8,4.1,-1.3811488941767749,3.7742956460719483,3.6736405
2018-12-15 21:45:00,4.25,4.28,5.72,4.14,-0.7664620845005068,3.767964364890249,3.7759774
2018-12-15 22:00:00,4.18,4.25,5.69,4.1,-1.1237876074172348,3.8398558900470636,3.781812
2018-12-15 22:15:00,3.74,4.18,5.4,3.82,-0.9714710937207691,4.098126700485221,3.9186232
2018-12-15 22:30:00,3.31,3.74,5.33,3.89,-0.9746788182109754,3.7554920725676393,3.5924304
2018-12-15 22:45:00,4.07,3.31,5.33,5.0,-0.8748845598093205,3.326665016459774,3.2276208
2018-12-15 23:00:00,3.56,4.07,5.33,4.75,-0.72288159540933,3.9332938421812953,3.8481348
2018-12-15 23:15:00,3.17,3.56,4.86,3.82,-0.8347008851289281,3.5979160501682563,3.448465
2018-12-15 23:30:00,3.24,3.17,4.03,3.71,-0.8265117646677993,3.194951300463307,3.153282
2018-12-15 23:45:00,3.2,3.24,4.03,3.82,-0.47328114231167717,3.324766394762359,3.2471592
2018-12-16 00:00:00,4.21,3.2,3.28,3.17,-1.5064291583195626,4.599692398637135,3.326104
2018-12-16 00:15:00,3.24,4.21,4.14,3.74,-0.36155968337141786,3.972643159150297,3.5539196
2018-12-16 00:30:00,3.28,3.24,4.1,3.74,-0.7283257764047519,3.299030998170689,3.175812
2018-12-16 00:45:00,3.28,3.28,4.07,3.82,-0.36564159906752636,3.3175774361906294,3.273218
2018-12-16 01:00:00,3.85,3.28,4.14,3.85,-0.7811232604774823,3.3195897419015803,3.293699
2018-12-16 01:15:00,4.18,3.85,4.14,3.78,-0.03330210349377083,3.5104913660930213,3.5231078
2018-12-16 01:30:00,4.07,4.18,4.14,3.82,0.5639274296259984,3.6687750013259035,3.661092
2018-12-16 01:45:00,4.07,4.07,4.14,3.78,0.820691890759651,3.6406025274530696,3.7246559
2018-12-16 02:00:00,3.92,4.07,4.1,3.78,0.45853142918791434,3.973641715311422,4.015841
2018-12-16 02:15:00,3.28,3.92,4.1,3.17,0.5040766162013277,3.862029991895613,3.8472688
2018-12-16 02:30:00,3.42,3.28,4.21,3.13,0.38306881841135265,3.2864273189577333,3.2392395
2018-12-16 02:45:00,3.53,3.42,4.1,3.35,0.7408676441403017,3.3730498280853296,3.4097683
2018-12-16 03:00:00,4.14,3.53,4.18,3.67,0.4312866790059857,3.536333135280916,3.4672477
2018-12-16 03:15:00,3.56,4.14,4.82,3.02,1.1995020430932541,3.7335323136194742,3.7315328
2018-12-16 03:30:00,3.35,3.56,5.26,3.13,1.0841226586709602,3.544183043102621,3.535897
2018-12-16 03:45:00,3.38,3.35,4.18,3.06,1.102962997120983,3.3076328491354943,3.2708395
2018-12-16 04:00:00,3.42,3.38,4.14,3.06,0.6579520377455452,3.327474863348877,3.3679307
2018-12-16 04:15:00,3.42,3.42,4.14,3.06,0.8843286054267168,3.395292807314256,3.3478997
2018-12-16 04:30:00,3.42,3.42,3.82,3.2,1.0503811641799885,3.3914129222517615,3.3476985
2018-12-16 04:45:00,3.38,3.42,3.46,3.78,1.2610328027579598,3.4069568062777504,3.4008572
2018-12-16 05:00:00,4.07,3.38,3.49,3.78,0.7792965351062335,3.386140631098628,3.397848
2018-12-16 05:15:00,4.14,4.07,3.42,3.74,1.5124142680265003,3.901900248881713,3.75966
2018-12-16 05:30:00,4.07,4.14,3.42,3.74,1.7274470689971757,3.8710686639414926,3.7591946
2018-12-16 05:45:00,4.07,4.07,3.42,3.13,1.8141213300625907,3.717094629116072,3.7221673
2018-12-16 06:00:00,3.53,4.07,3.38,3.74,1.2610169018091781,3.943408118736302,3.9821975
2018-12-16 06:15:00,3.31,3.53,3.46,3.56,0.9905361383069469,3.5440245909949546,3.5155675
2018-12-16 06:30:00,3.35,3.31,3.42,3.1,0.9188396692313319,3.290185202405336,3.2849019
2018-12-16 06:45:00,3.64,3.35,3.49,2.95,1.0360637235714805,3.307646465784634,3.3085606
2018-12-16 07:00:00,4.07,3.64,4.57,3.06,0.7836356662871609,3.5878798214647585,3.5126255
2018-12-16 07:15:00,3.38,4.07,4.43,3.02,1.2377691454084214,3.728330225755677,3.7998927
2018-12-16 07:30:00,3.28,3.38,4.1,2.95,0.8350439262097069,3.5866831441929437,3.3400114
2018-12-16 07:45:00,3.89,3.28,4.07,3.02,1.0408622206527731,4.302324945924627,3.2998674
2018-12-16 08:00:00,3.96,3.89,3.64,2.99,1.2561206018805002,4.321040648471954,3.7548692
2018-12-16 08:15:00,39.35,3.96,3.35,3.13,5.502505562279968,11.429799858211219,18.292595
2018-12-16 08:30:00,63.54,39.35,3.35,3.74,37.013327177448275,71.89696104078571,56.26076
2018-12-16 08:45:00,65.02,63.54,3.38,3.82,56.251033939631675,70.6575969344762,59.776745
2018-12-16 09:00:00,63.79,65.02,3.49,3.96,59.48045962564788,70.65960824772519,62.67035
2018-12-16 09:15:00,61.7,63.79,3.56,4.03,53.42028583043212,57.73649084145871,56.3846
2018-12-16 09:30:00,64.8,61.7,3.38,3.35,49.40004051146917,60.73287694201051,59.521576
2018-12-16 09:45:00,51.16,64.8,3.42,3.31,51.83139337404867,62.35375383715816,60.737453
2018-12-16 10:00:00,55.01,51.16,3.35,3.89,41.2473702892964,55.763120456900616,53.894054
2018-12-16 10:15:00,61.81,55.01,3.35,4.03,49.54090879956618,53.91836923808363,53.083088
2018-12-16 10:30:00,72.18,61.81,3.35,3.31,55.05525886809825,56.82811381308836,58.714916
2018-12-16 10:45:00,54.86,72.18,4.97,3.35,64.06522030005793,64.66992041190427,60.77157
2018-12-16 11:00:00,66.78,54.86,5.36,3.42,50.358241137476035,58.66899424922406,56.491405
2018-12-16 11:15:00,69.95,66.78,4.28,3.35,57.63418018340418,61.33925863107293,61.342957
2018-12-16 11:30:00,53.35,69.95,4.18,3.31,60.49218252183394,63.45065221246326,66.20315
2018-12-16 11:45:00,55.51,53.35,3.35,3.38,50.33630552819988,57.58762599392764,54.853104
2018-12-16 12:00:00,11.81,55.51,3.38,3.89,49.477404021917486,57.232533776064784,57.07194
2018-12-16 12:15:00,5.65,11.81,3.42,4.18,8.93385305180863,6.485810714141846,4.291611
2018-12-16 12:30:00,5.54,5.65,3.42,4.1,5.161187543308227,5.704886999161566,5.1957874
2018-12-16 12:45:00,5.44,5.54,3.42,4.1,4.469894668379133,5.704804029132563,5.159886
2018-12-16 13:00:00,5.33,5.44,3.38,3.6,2.71289469566376,5.96417516974915,6.923684
2018-12-16 13:15:00,36.47,5.33,3.31,3.42,6.576737456062347,21.949943599118637,21.674828
2018-12-16 13:30:00,63.72,36.47,3.35,3.42,32.73677152585475,61.91541524799549,50.47938
2018-12-16 13:45:00,64.8,63.72,3.38,3.35,55.57746242826178,70.59399916829575,58.03663
2018-12-16 14:00:00,61.85,64.8,3.31,3.92,55.98720730782223,69.23779937339448,59.762257
2018-12-16 14:15:00,57.89,61.85,3.82,3.78,51.08667888727807,62.190746469502145,56.59317
2018-12-16 14:30:00,54.36,57.89,4.1,3.42,45.139625435262374,59.415961850065976,57.30014
2018-12-16 14:45:00,47.38,54.36,4.07,3.38,41.874299341039396,56.020526603286044,54.68508
2018-12-16 15:00:00,43.49,47.38,4.21,3.46,37.85521324703738,52.174004684648416,48.388527
2018-12-16 15:15:00,45.4,43.49,3.74,3.42,35.748683744106415,47.761500071742404,41.987183
2018-12-16 15:30:00,60.55,45.4,3.74,3.53,36.64268020371143,49.158720612851994,44.542336
2018-12-16 15:45:00,48.42,60.55,3.96,4.07,48.83382292798507,53.453100537561866,53.32305
2018-12-16 16:00:00,63.22,48.42,3.28,4.03,39.76897251564502,50.72480583976565,49.364685
2018-12-16 16:15:00,62.64,63.22,3.35,4.14,51.21363846663519,55.51775816803455,54.91825
2018-12-16 16:30:00,66.02,62.64,3.28,4.0,51.12084786698135,57.575127391515416,57.94173
2018-12-16 16:45:00,35.42,66.02,3.24,3.31,54.586739149572324,59.297928814511515,59.881176
2018-12-16 17:00:00,9.11,35.42,3.28,3.35,31.264966376450843,33.463755255810625,34.969627
2018-12-16 17:15:00,8.06,9.11,3.28,3.49,18.240824665198605,4.930166174411893,6.5619836
2018-12-16 17:30:00,7.74,8.06,3.35,4.1,16.559050175026943,9.338123708870599,4.6114345
2018-12-16 17:45:00,7.85,7.74,4.18,3.64,11.40651864197832,8.968602060264525,5.814907
2018-12-16 18:00:00,6.73,7.85,4.1,3.24,9.337420771441789,13.74107974148574,6.8162913
2018-12-16 18:15:00,5.22,6.73,4.1,3.28,10.309154202457211,6.154342866003802,6.446982
2018-12-16 18:30:00,5.69,5.22,4.1,3.31,11.280282815066972,4.927296054728614,5.035561
2018-12-16 18:45:00,5.72,5.69,4.03,3.42,11.908079482674314,5.19740423218422,5.406291
2018-12-16 19:00:00,5.69,5.72,4.28,3.64,10.922882524140817,5.338184893877555,4.9913673
2018-12-16 19:15:00,5.72,5.69,3.49,4.07,11.017808393849187,5.21097151411606,5.2696915
2018-12-16 19:30:00,5.44,5.72,3.38,4.03,11.042158617758986,5.318344351539947,5.2729177
2018-12-16 19:45:00,4.46,5.44,3.35,4.03,10.253779550844662,5.0088557436399475,4.726966
2018-12-16 20:00:00,4.5,4.46,3.38,4.0,9.861671727471762,4.200494631248291,4.0140963
2018-12-16 20:15:00,4.46,4.5,3.46,3.31,5.440870172103921,4.461001567399927,4.1016674
2018-12-16 20:30:00,4.5,4.46,3.42,3.31,4.981056967754974,4.308695652452449,4.1262617
2018-12-16 20:45:00,4.54,4.5,3.35,3.35,3.904407458170297,4.370481286811789,4.296565
2018-12-16 21:00:00,4.46,4.54,3.38,3.35,1.8783456456058047,4.400773234408533,4.4530783
2018-12-16 21:15:00,4.5,4.46,3.96,3.67,-0.4555153150018789,4.336879788799829,4.401196
2018-12-16 21:30:00,4.5,4.5,4.28,4.14,-0.3991039048351297,4.379812322711621,4.369603
2018-12-16 21:45:00,4.57,4.5,4.25,3.38,-0.11168081629456239,4.385957582520348,4.410859
2018-12-16 22:00:00,4.57,4.57,4.18,3.28,-0.40177421304402117,4.518005754358603,4.3975177
2018-12-16 22:15:00,4.25,4.57,3.74,3.13,4.5879730584291,4.540086715622869,4.2541885
2018-12-16 22:30:00,4.25,4.25,3.31,3.17,4.684751544997475,4.163777668672651,4.0433125
2018-12-16 22:45:00,4.18,4.25,4.07,3.78,5.033999283702457,4.145885434799743,4.8985953
2018-12-16 23:00:00,5.44,4.18,3.56,3.78,4.627954649365279,4.127044408490601,4.0908227
2018-12-16 23:15:00,4.82,5.44,3.17,3.74,1.5539947928609656,4.882841592146322,4.4619546
2018-12-16 23:30:00,4.14,4.82,3.24,3.74,1.4689737863967025,4.491523206592663,4.280824
2018-12-16 23:45:00,4.18,4.14,3.2,3.46,1.334431616219014,4.122250107340492,5.202836
2018-12-17 00:00:00,4.57,4.18,4.21,5.36,5.372771707829905,10.171442301794182,5.1569657
2018-12-17 00:15:00,4.25,4.57,3.24,3.06,5.748622192373112,4.539141201558573,4.2136064
2018-12-17 00:30:00,4.18,4.25,3.28,3.02,5.870664516658106,4.206617077317126,4.1155353
2018-12-17 00:45:00,4.21,4.18,3.28,3.31,6.159773594015519,4.165363388512719,4.115047
2018-12-17 01:00:00,4.21,4.21,3.85,3.85,5.874824446820213,4.19110006181665,4.1361814
2018-12-17 01:15:00,4.21,4.21,4.18,3.42,6.179671875132861,4.170268492711404,4.160443
2018-12-17 01:30:00,4.36,4.21,4.07,3.1,6.477414539079124,4.169311550222292,4.122503
2018-12-17 01:45:00,4.28,4.36,4.07,3.1,6.920465652624294,4.2596998326845785,4.2116985
2018-12-17 02:00:00,4.28,4.28,3.92,3.17,6.556127559222421,4.237198835194908,4.2096434
2018-12-17 02:15:00,4.28,4.28,3.28,3.31,6.756327057405684,4.234219097239011,4.2201486
2018-12-17 02:30:00,3.71,4.28,3.42,3.82,7.049984356767421,4.247461809966767,4.2321625
2018-12-17 02:45:00,4.32,3.71,3.53,3.78,6.9649187132006105,3.7611638741615647,3.747975
2018-12-17 03:00:00,3.82,4.32,4.14,3.82,7.019326597663202,4.2668974214268705,4.2121196
2018-12-17 03:15:00,3.53,3.82,3.56,3.74,6.923929145037768,3.802815500341605,3.7786877
2018-12-17 03:30:00,3.53,3.53,3.35,3.1,6.989045403289104,3.5245850688617466,3.498751
2018-12-17 03:45:00,3.53,3.53,3.38,3.2,7.180623548902371,3.5237393292940427,3.5571868
2018-12-17 04:00:00,3.6,3.53,3.42,3.1,6.734414050864508,3.5189377823127925,3.5703018
2018-12-17 04:15:00,3.53,3.6,3.42,3.13,7.007136381357348,3.597195042884622,3.5508692
2018-12-17 04:30:00,3.53,3.53,3.42,3.17,7.13033838532461,3.5029286966723028,3.491339
2018-12-17 04:45:00,4.1,3.53,3.38,3.49,7.349815608737401,3.536682439377201,3.506014
2018-12-17 05:00:00,4.25,4.1,4.07,3.74,7.370332518151205,4.038567738567672,3.9746854
2018-12-17 05:15:00,4.28,4.25,4.14,3.13,7.685449973015714,3.9667285577937332,4.17595
2018-12-17 05:30:00,4.25,4.28,4.07,3.1,7.847234717940964,3.9910682228311445,3.817395
2018-12-17 05:45:00,3.64,4.25,4.07,3.82,7.952143667909851,4.173851336945816,4.2105618
2018-12-17 06:00:00,3.49,3.64,3.53,3.82,7.040902970800381,3.6860528933155647,3.602637
2018-12-17 06:15:00,3.46,3.49,3.31,3.85,7.014049442619836,3.4190760980898327,3.4934332
2018-12-17 06:30:00,4.32,3.46,3.35,3.82,7.062617208712933,3.3990072460005707,3.509062
2018-12-17 06:45:00,3.6,4.32,3.64,3.46,7.801402841001597,4.0451070652111385,4.3238773
2018-12-17 07:00:00,3.42,3.6,4.07,3.06,6.819751085489521,3.6182703834477987,3.4439523
2018-12-17 07:15:00,3.49,3.42,3.38,3.13,6.771871799521993,3.361947416638204,3.4511921
2018-12-17 07:30:00,4.36,3.49,3.28,3.56,6.884732331859894,3.6682241496433554,3.967368
2018-12-17 07:45:00,6.19,4.36,3.89,5.87,8.056957178091544,5.23327075530343,5.8764005
2018-12-17 08:00:00,6.3,6.19,3.96,6.8,9.438600788040624,7.684871052204699,6.099799
2018-12-17 08:15:00,6.48,6.3,39.35,33.48,16.946667179729456,32.992230765645544,35.832924
2018-12-17 08:30:00,53.35,6.48,63.54,61.06,24.093624208534294,17.967108695262752,35.420532
2018-12-17 08:45:00,46.94,53.35,65.02,58.36,60.451902105654085,95.0278228354748,68.73595
2018-12-17 09:00:00,52.06,46.94,63.79,68.62,58.93346280849137,55.07619301451979,56.624783
2018-12-17 09:15:00,54.83,52.06,61.7,69.23,60.73968346709313,57.44474774761269,55.614635
2018-12-17 09:30:00,56.12,54.83,64.8,70.78,58.10337499349933,56.7541580578518,56.217846
2018-12-17 09:45:00,58.0,56.12,51.16,61.74,58.81528681285481,57.06199339545806,56.616924
2018-12-17 10:00:00,50.08,58.0,55.01,72.0,58.227826339382496,57.37047216298511,57.7661
2018-12-17 10:15:00,46.04,50.08,61.81,56.2,57.429086882230095,55.28541174480813,51.98482
2018-12-17 10:30:00,49.54,46.04,72.18,56.02,56.6391414536248,52.063824361938856,53.552666
2018-12-17 10:45:00,54.14,49.54,54.86,63.9,58.141811647320296,54.1951629100616,51.70542
2018-12-17 11:00:00,53.78,54.14,66.78,68.47,61.03137713201086,56.357964262791526,55.573807
2018-12-17 11:15:00,52.67,53.78,69.95,61.56,60.76711337062723,55.94734998413751,55.664852
2018-12-17 11:30:00,55.84,52.67,53.35,70.31,60.367438964784355,56.14258641393193,55.01922
2018-12-17 11:45:00,49.64,55.84,55.51,62.42,61.85519876408817,56.88025983350573,55.6865
2018-12-17 12:00:00,54.5,49.64,11.81,44.75,54.12545783701455,54.242767795215926,50.161976
2018-12-17 12:15:00,11.12,54.5,5.65,9.11,41.74493856262126,9.48505288719295,8.733644
2018-12-17 12:30:00,7.06,11.12,5.54,10.33,14.260511348851011,7.507401526255324,8.940272
2018-12-17 12:45:00,7.13,7.06,5.44,11.45,12.677780766953507,8.73747184916447,9.307486
2018-12-17 13:00:00,8.21,7.13,5.33,11.09,10.975326256157125,11.611150960104027,10.659833
2018-12-17 13:15:00,33.26,8.21,36.47,42.66,17.98066263410245,45.082505338379335,46.98244
2018-12-17 13:30:00,56.99,33.26,63.72,72.9,42.541069498503504,61.23706876482753,56.04799
2018-12-17 13:45:00,56.59,56.99,64.8,71.03,62.55247282257061,60.31565046057645,58.70514
2018-12-17 14:00:00,55.08,56.59,61.85,67.32,61.6937988520793,58.450093263058925,60.207096
2018-12-17 14:15:00,51.05,55.08,57.89,64.22,57.26191650758189,56.443229322447735,55.850266
2018-12-17 14:30:00,47.95,51.05,54.36,69.91,51.93777337231992,55.10783826271551,54.54368
2018-12-17 14:45:00,57.82,47.95,47.38,51.23,47.193496986589686,53.16805808628115,52.186317
2018-12-17 15:00:00,59.11,57.82,43.49,58.39,55.24059506857479,56.96087985062093,57.2986
2018-12-17 15:15:00,60.62,59.11,45.4,69.62,58.13610431247383,57.67139791048377,56.93259
2018-12-17 15:30:00,53.6,60.62,60.55,66.71,59.436204561924875,58.450768811542666,57.125317
2018-12-17 15:45:00,60.44,53.6,48.42,65.99,54.053852691565595,57.498391124093395,55.522247
2018-12-17 16:00:00,67.5,60.44,63.22,64.98,58.344603408574685,58.76451850410895,57.034706
2018-12-17 16:15:00,85.86,67.5,62.64,64.55,64.05471162759169,62.45660352467878,60.460438
2018-12-17 16:30:00,82.33,85.86,66.02,63.72,80.06108979140134,79.69001361328135,77.46301
2018-12-17 16:45:00,59.8,82.33,35.42,66.53,77.01791296149857,79.05289391768127,83.23295
2018-12-17 17:00:00,60.37,59.8,9.11,62.57,58.002911136170376,68.19384635159422,62.59464
2018-12-17 17:15:00,56.38,60.37,8.06,63.72,61.04850077982486,63.775414488188375,59.570293
2018-12-17 17:30:00,52.99,56.38,7.74,58.64,57.091312220110055,60.609505921826276,56.05789
2018-12-17 17:45:00,35.35,52.99,7.85,60.12,50.81860255200701,35.852128476088694,35.796535
2018-12-17 18:00:00,31.32,35.35,6.73,24.73,35.67288949373928,31.504855981338114,32.569763
2018-12-17 18:15:00,16.09,31.32,5.22,5.47,33.64125854199451,38.38233848727774,35.260506
2018-12-17 18:30:00,6.37,16.09,5.69,4.5,24.956313108190244,6.044949543973654,7.537043
2018-12-17 18:45:00,5.8,6.37,5.72,4.46,18.84663519049867,5.799855497119601,5.379664
2018-12-17 19:00:00,5.54,5.8,5.69,4.46,17.408419920155037,5.512173186819461,5.4357967
2018-12-17 19:15:00,5.54,5.54,5.72,4.75,16.793262158091995,5.0335280510158045,5.278135
2018-12-17 19:30:00,5.62,5.54,5.44,5.69,16.57130648805417,5.117160765168908,4.8443427
2018-12-17 19:45:00,5.54,5.62,4.46,5.62,15.729405053411298,5.135975707805687,4.814638
2018-12-17 20:00:00,5.62,5.54,4.5,4.46,15.797742329069642,5.0234692091939515,4.8863688
2018-12-17 20:15:00,5.54,5.62,4.46,4.46,11.241526550165318,5.650603446319256,4.938038
2018-12-17 20:30:00,4.75,5.54,4.5,4.5,10.633283377831614,5.491748995717458,4.9307365
2018-12-17 20:45:00,4.46,4.75,4.54,4.43,9.067416217386004,4.63632006415284,4.4942107
2018-12-17 21:00:00,4.46,4.46,4.46,4.46,6.784287240217495,4.320006401079505,4.1713834
2018-12-17 21:15:00,4.43,4.46,4.5,4.5,4.2515922108871855,4.334296700450658,4.135675
2018-12-17 21:30:00,4.43,4.43,4.5,4.57,4.2014986045318246,4.336399992702976,4.280227
2018-12-17 21:45:00,4.46,4.43,4.57,4.54,4.517678840139002,4.324659220757432,4.357246
2018-12-17 22:00:00,4.46,4.46,4.57,4.46,4.194983701051793,4.3661740590026845,4.3668666
2018-12-17 22:15:00,4.14,4.46,4.25,4.28,9.200354792028932,4.256657372854166,4.1568108
2018-12-17 22:30:00,4.18,4.14,4.25,4.25,9.318015919892716,4.117393073723157,3.9712636
2018-12-17 22:45:00,4.21,4.18,4.18,4.32,9.625701632120855,4.13466389984819,4.8664036
2018-12-17 23:00:00,4.18,4.21,5.44,4.18,9.393372704495128,4.161731264447381,4.0775247
2018-12-17 23:15:00,4.14,4.18,4.82,4.18,5.3027323474871615,4.183392472217998,4.08404
2018-12-17 23:30:00,4.07,4.14,4.14,4.21,5.542261163317015,4.1515557467921305,4.0892677
2018-12-17 23:45:00,4.07,4.07,4.18,4.28,5.845429645752329,4.04565726626377,4.0337696
2018-12-18 00:00:00,4.14,4.07,4.57,4.18,3.690453294627922,10.390879493938495,5.0493283
2018-12-18 00:15:00,5.22,4.14,4.25,4.86,4.130724062533822,4.2154642803027285,4.0984006
2018-12-18 00:30:00,4.68,5.22,4.18,4.21,5.2409691018460585,4.685847868477919,4.406144
2018-12-18 00:45:00,4.14,4.68,4.21,4.18,5.207489633111869,4.469530674376692,4.24828
2018-12-18 01:00:00,4.1,4.14,4.21,4.21,4.473983185675554,4.135737521936973,3.9412544
2018-12-18 01:15:00,4.18,4.1,4.21,4.32,4.7046080823237375,4.067379811386892,4.077471
2018-12-18 01:30:00,4.07,4.18,4.36,4.25,5.062440015703295,4.177292600776673,4.0958004
2018-12-18 01:45:00,4.18,4.07,4.28,4.18,5.291628533565568,4.032024036895909,4.053337
2018-12-18 02:00:00,4.1,4.18,4.28,4.21,5.064479563814793,4.168971442949295,4.071031
2018-12-18 02:15:00,4.18,4.1,4.28,4.28,5.273028027806134,4.075129356957019,4.0857477
2018-12-18 02:30:00,4.14,4.18,3.71,4.25,5.575972378516397,4.173957536739454,4.096022
2018-12-18 02:45:00,4.21,4.14,4.32,4.21,5.822211067223851,4.1562125783656025,4.0833087
2018-12-18 03:00:00,4.18,4.21,3.82,3.56,5.414978091560965,4.189562542356141,4.149088
2018-12-18 03:15:00,3.6,4.18,3.53,3.56,5.669806722442374,4.170920712415832,4.0716133
2018-12-18 03:30:00,3.42,3.6,3.53,3.53,5.581887703164064,3.6760685567209945,3.6853006
2018-12-18 03:45:00,3.42,3.42,3.53,3.53,5.672765584812986,3.3799913167841167,3.4645483
2018-12-18 04:00:00,3.38,3.42,3.6,3.85,5.244450273193401,3.384136826027599,3.4884431
2018-12-18 04:15:00,3.42,3.38,3.53,4.18,5.427747657107847,3.388227409492765,3.4109137
2018-12-18 04:30:00,3.71,3.42,3.53,3.49,5.588501105141987,3.4061345123391966,3.419923
2018-12-18 04:45:00,4.18,3.71,4.1,3.56,6.0515336836369755,3.695542703823834,3.6027992
2018-12-18 05:00:00,3.53,4.18,4.25,3.56,5.973271652763053,3.9079086123473092,3.8953483
2018-12-18 05:15:00,3.46,3.53,4.28,3.74,5.738301246574956,3.5573746320302955,3.507807
2018-12-18 05:30:00,3.38,3.46,4.25,4.18,5.839309826166556,3.4058717618355123,3.4652545
2018-12-18 05:45:00,4.03,3.38,3.64,4.25,5.873840614773652,3.350654040167617,3.4560907
2018-12-18 06:00:00,4.14,4.03,3.49,4.28,5.855705310929686,4.001825804180001,3.8298194
2018-12-18 06:15:00,3.6,4.14,3.46,3.56,5.98560992736472,3.936941652818494,4.170628
2018-12-18 06:30:00,3.38,3.6,4.32,3.53,5.774547297973786,3.6489028496038167,3.4847958
2018-12-18 06:45:00,3.35,3.38,3.6,3.6,5.647957393009513,3.3431660302457873,3.7560318
2018-12-18 07:00:00,3.31,3.35,3.42,3.49,5.077428067023689,3.3438419503793475,3.360154
2018-12-18 07:15:00,3.28,3.31,3.49,4.1,5.157905654748777,3.3585881998543203,3.3424442
2018-12-18 07:30:00,3.42,3.28,4.36,4.07,5.258126220410723,3.7588581760611244,3.6714728
2018-12-18 07:45:00,5.58,3.42,6.19,4.86,5.77543016217458,4.404465547026675,4.0319657
2018-12-18 08:00:00,7.27,5.58,6.3,14.83,7.985862707945273,7.434699836687072,6.112313
2018-12-18 08:15:00,38.38,7.27,6.48,44.21,15.52788591059245,37.77498165953067,37.744934
2018-12-18 08:30:00,72.86,38.38,53.35,54.04,45.959440987778464,63.78759969296291,62.69831
2018-12-18 08:45:00,66.42,72.86,46.94,61.74,73.42289621182724,77.27056260468228,71.87291
2018-12-18 09:00:00,81.4,66.42,52.06,69.48,71.5881044151676,66.74134001401647,68.73265
2018-12-18 09:15:00,66.28,81.4,54.83,75.38,77.82275259778282,80.4197789591282,79.47915
2018-12-18 09:30:00,78.3,66.28,56.12,71.82,64.17129148009278,67.01542913898815,69.846275
2018-12-18 09:45:00,77.72,78.3,58.0,71.24,73.81209555049739,74.82389047046105,76.12487
2018-12-18 10:00:00,74.59,77.72,50.08,54.86,68.20154311716837,75.68544558494224,76.27015
2018-12-18 10:15:00,63.04,74.59,46.04,66.13,73.81818011724208,74.08507484684033,70.9178
2018-12-18 10:30:00,58.68,63.04,49.54,73.08,67.22613675705978,67.62188609596511,65.45946
2018-12-18 10:45:00,62.96,58.68,54.14,77.51,64.25387409959419,62.72722586617047,59.746056
2018-12-18 11:00:00,68.36,62.96,53.78,72.54,65.23819715925431,62.55067368777432,61.362194
2018-12-18 11:15:00,60.05,68.36,52.67,63.83,68.30030761943503,63.5077088725132,63.0936
2018-12-18 11:30:00,58.82,60.05,55.84,67.07,64.18617050462903,60.56482497718059,60.459938
2018-12-18 11:45:00,64.73,58.82,49.64,84.24,64.0801354163163,60.07945610945968,58.508945
2018-12-18 12:00:00,67.54,64.73,54.5,72.79,67.26351756535907,63.11649040074881,59.71351
2018-12-18 12:15:00,8.14,67.54,11.12,7.96,50.303478012031256,11.990561632818302,9.889868
2018-12-18 12:30:00,8.64,8.14,7.06,5.8,12.205731870873699,6.644492860104384,7.1953874
2018-12-18 12:45:00,8.78,8.64,7.13,6.98,13.24249774459995,9.226703133837166,8.901886
2018-12-18 13:00:00,9.4,8.78,8.21,6.95,11.362058264573381,14.564085527682309,9.86191
2018-12-18 13:15:00,52.45,9.4,33.26,38.45,16.932534496329644,41.551528735671916,43.71534
2018-12-18 13:30:00,67.46,52.45,56.99,59.36,54.08617904328168,69.37291133283595,70.69696
2018-12-18 13:45:00,62.53,67.46,56.59,66.02,68.82951897885481,66.85891615474422,63.74643
2018-12-18 14:00:00,62.46,62.53,55.08,80.28,65.77223838557245,65.6825319068856,61.681652
2018-12-18 14:15:00,67.18,62.46,51.05,75.53,59.68677001932057,61.73056947805553,58.74216
2018-12-18 14:30:00,113.51,67.18,47.95,72.0,61.078227866387905,63.9724823457594,63.08777
2018-12-18 14:45:00,99.5,113.51,57.82,72.61,96.8842573811872,91.81720396516182,91.72303
2018-12-18 15:00:00,68.0,99.5,59.11,78.55,89.08447220273807,95.84162796844693,102.61139
2018-12-18 15:15:00,120.82,68.0,60.62,73.98,67.38481919256556,82.07527033117172,81.61964
2018-12-18 15:30:00,79.45,120.82,53.6,76.79,100.63858032380479,93.28133322707261,100.097404
2018-12-18 15:45:00,117.68,79.45,60.44,80.46,74.30187736057432,94.79812195739963,101.46014
2018-12-18 16:00:00,114.08,117.68,67.5,68.11,102.02374801389209,94.74461077981312,89.27957
2018-12-18 16:15:00,106.27,114.08,85.86,71.68,97.96529769458076,92.68289253727698,100.18965
2018-12-18 16:30:00,93.28,106.27,82.33,69.8,96.30607356104355,98.47934653082918,103.56928
2018-12-18 16:45:00,127.58,93.28,59.8,75.46,83.7309103901157,95.5644309455429,99.24242
2018-12-18 17:00:00,94.61,127.58,60.37,70.27,105.80044801861567,95.1470452003639,98.437935
2018-12-18 17:15:00,101.02,94.61,56.38,78.48,88.23619860367658,99.49724443181445,100.2575
2018-12-18 17:30:00,112.14,101.02,52.99,66.78,91.73596453993211,95.04653589100597,96.79486
2018-12-18 17:45:00,68.08,112.14,35.35,32.11,90.70487644200661,48.7921066751682,49.411915
2018-12-18 18:00:00,15.95,68.08,31.32,31.25,61.3402615103997,41.275216228507766,36.63121
2018-12-18 18:15:00,7.16,15.95,16.09,36.4,28.88135320079292,7.3448840075919755,14.518613
2018-12-18 18:30:00,5.58,7.16,6.37,39.56,23.164571978098966,7.097910195372679,7.6925917
2018-12-18 18:45:00,5.65,5.58,5.8,51.44,22.19677208757407,5.131230816256038,5.9406366
2018-12-18 19:00:00,5.0,5.65,5.54,51.52,19.54677038234364,5.341559338346501,5.943299
2018-12-18 19:15:00,4.5,5.0,5.54,53.57,19.196994522696937,4.779387342469933,5.0897408
2018-12-18 19:30:00,4.39,4.5,5.62,52.81,19.061755987692006,4.420585830033952,4.948515
2018-12-18 19:45:00,4.43,4.39,5.54,52.38,17.72137210052701,4.1999155898752685,5.0220575
2018-12-18 20:00:00,4.39,4.43,5.62,53.21,17.254341460282852,4.295498973777513,3.9919918
2018-12-18 20:15:00,4.43,4.39,5.54,51.91,12.607029748482509,4.379162674074352,4.1443458
2018-12-18 20:30:00,4.36,4.43,4.75,53.46,12.29034466166425,4.371383084561457,4.380473
2018-12-18 20:45:00,4.39,4.36,4.46,32.36,9.761325894078283,4.325163382825139,4.2254825
2018-12-18 21:00:00,4.43,4.39,4.46,28.37,7.424919541941335,4.335825023808591,4.2318068
2018-12-18 21:15:00,4.39,4.43,4.43,6.77,3.4897540630654547,4.32005555065916,4.428495
2018-12-18 21:30:00,4.46,4.39,4.43,5.69,3.385820272377739,4.295699303665939,4.384899
2018-12-18 21:45:00,4.39,4.46,4.46,5.8,3.7662320624047254,4.34388282385476,4.5037074
2018-12-18 22:00:00,4.39,4.39,4.46,5.69,3.366484407327345,4.306602428057984,4.3393645
2018-12-18 22:15:00,4.25,4.39,4.14,5.47,8.371870781083562,4.227203238535747,4.113549
2018-12-18 22:30:00,5.18,4.25,4.18,5.44,8.603950869628363,4.18179497998272,4.1018667
2018-12-18 22:45:00,5.15,5.18,4.21,4.97,9.57515702930272,4.947528661481357,4.346396
2018-12-18 23:00:00,4.14,5.15,4.18,4.36,9.238967926603944,4.858396930100022,5.2263236
2018-12-18 23:15:00,4.14,4.14,4.14,4.25,4.510356104528185,4.116813978497163,3.9727929
2018-12-18 23:30:00,4.14,4.14,4.07,4.21,4.746719341704129,4.133862787376553,4.0940785
2018-12-18 23:45:00,4.1,4.14,4.07,4.14,5.053844418317844,4.146637894849104,4.0670505
2018-12-19 00:00:00,3.92,4.1,4.14,4.21,3.3203713729277666,8.230171791423327,3.8578422
2018-12-19 00:15:00,4.14,3.92,5.22,4.21,3.624252717574695,3.999908507404087,3.9792564
2018-12-19 00:30:00,4.14,4.14,4.68,4.14,4.067317017190025,4.149935890844962,4.1612086
2018-12-19 00:45:00,4.14,4.14,4.14,4.14,4.3654144796447945,4.140083852797832,4.1251016
2018-12-19 01:00:00,4.21,4.14,4.1,4.14,4.009975982260997,4.116019812480458,4.118152
2018-12-19 01:15:00,4.14,4.21,4.18,4.21,4.366079110071656,4.171353351729542,4.1816626
2018-12-19 01:30:00,4.14,4.14,4.07,4.18,4.636175065073878,4.12806507617016,4.1221557
2018-12-19 01:45:00,4.18,4.14,4.18,4.75,5.002326587766593,4.128171668880201,4.1631145
2018-12-19 02:00:00,4.18,4.18,4.1,5.33,4.748601408163715,4.144607999082326,4.1956825
2018-12-19 02:15:00,4.93,4.18,4.18,4.25,4.9234244440247075,4.156578660388791,4.138125
2018-12-19 02:30:00,5.26,4.93,4.14,4.25,5.784424235001254,4.512365807113474,4.5710206
2018-12-19 02:45:00,4.14,5.26,4.21,4.18,6.32072117410047,4.65330649659639,4.6082335
2018-12-19 03:00:00,4.14,4.14,4.18,4.21,5.149833799500634,4.11561684852536,4.014489
2018-12-19 03:15:00,4.1,4.14,3.6,4.18,5.381265492043976,4.139185798861431,4.116447
2018-12-19 03:30:00,4.25,4.1,3.42,4.18,5.5927207621305755,4.030493260179006,4.282028
2018-12-19 03:45:00,3.82,4.25,3.42,4.25,5.887894047026759,4.202288051774251,4.262513
2018-12-19 04:00:00,3.49,3.82,3.38,4.18,5.170715115956941,3.803302888667678,3.8508222
2018-12-19 04:15:00,3.42,3.49,3.42,4.03,5.178243854522819,3.423680164798314,3.5273635
2018-12-19 04:30:00,3.42,3.42,3.71,3.46,5.286092463093418,3.3825398034056753,3.470843
2018-12-19 04:45:00,3.49,3.42,4.18,3.46,5.494832983196165,3.4025970159193095,3.4420707
2018-12-19 05:00:00,3.38,3.49,3.53,3.53,5.044884934250433,3.4380931830085575,3.4389155
2018-12-19 05:15:00,3.42,3.38,3.46,3.46,5.177443499587902,3.381675319635642,3.426325
2018-12-19 05:30:00,3.38,3.42,3.38,3.49,5.335059606983375,3.4067615257852237,3.4334576
2018-12-19 05:45:00,3.42,3.38,4.03,4.0,5.503413760579111,3.385229308314079,3.3981206
2018-12-19 06:00:00,3.42,3.42,4.14,4.25,5.05864984974194,3.4128240404186134,3.4768832
2018-12-19 06:15:00,4.07,3.42,3.6,3.85,5.086260893095911,3.408913797927589,3.4108493
2018-12-19 06:30:00,4.18,4.07,3.38,3.42,5.672418807662769,3.8092006561962624,3.860266
2018-12-19 06:45:00,3.96,4.18,3.35,3.42,5.859183409554934,3.893185932564616,3.8062475
2018-12-19 07:00:00,4.1,3.96,3.31,3.96,5.252836603287115,3.8478937197743033,3.7508647
2018-12-19 07:15:00,4.1,4.1,3.28,4.1,5.367318129099726,4.052836424687483,4.472594
2018-12-19 07:30:00,4.07,4.1,3.42,4.32,5.5476862409440315,4.5127461316559945,4.4356756
2018-12-19 07:45:00,5.76,4.07,5.58,5.83,5.999655788671191,5.30780450740199,6.6321983
2018-12-19 08:00:00,6.23,5.76,7.27,5.8,6.882776371548381,6.37852283739665,5.7195477
2018-12-19 08:15:00,36.14,6.23,38.38,36.86,15.332383923611005,39.56501544742986,34.53272
2018-12-19 08:30:00,70.81,36.14,72.86,60.37,45.60681618128393,69.88569544854069,62.396217
2018-12-19 08:45:00,59.54,70.81,66.42,66.46,72.83624250594022,78.78830659086543,70.255516
2018-12-19 09:00:00,63.86,59.54,81.4,69.05,67.64600023380964,62.50405381023868,64.25606
2018-12-19 09:15:00,77.4,63.86,66.28,63.86,63.90590960213042,66.08623806972676,64.46849
2018-12-19 09:30:00,65.23,77.4,78.3,65.59,72.08918389581235,73.9735696230504,76.4261
2018-12-19 09:45:00,69.3,65.23,77.72,60.98,64.5496630683706,65.02056620913598,68.36648
2018-12-19 10:00:00,61.13,69.3,74.59,65.74,64.8302138675804,66.70202909122389,66.60655
2018-12-19 10:15:00,61.16,61.13,63.04,57.17,63.22873407618724,63.69771476633934,61.666443
2018-12-19 10:30:00,70.42,61.16,58.68,64.55,64.72206249866532,61.19134750154129,60.48957
2018-12-19 10:45:00,63.68,70.42,62.96,53.42,69.60770211214069,64.25627089317946,65.31289
2018-12-19 11:00:00,83.09,63.68,68.36,65.88,65.38109908325204,62.882275964913944,64.78064
2018-12-19 11:15:00,140.8,83.09,60.05,57.71,79.3650868479872,77.6046292077392,79.58677
2018-12-19 11:30:00,110.88,140.8,58.82,59.76,124.08778593529921,102.2032617662228,102.62962
2018-12-19 11:45:00,115.13,110.88,64.73,79.85,105.72599331198303,100.72354747634319,97.98157
2018-12-19 12:00:00,101.99,115.13,67.54,49.64,104.7866246614757,101.35315573328779,103.21679
2018-12-19 12:15:00,12.13,101.99,8.14,27.97,74.9153442550442,14.28404007807552,17.052155
2018-12-19 12:30:00,6.66,12.13,8.64,29.74,18.524378878316632,8.2286390834901,8.451
2018-12-19 12:45:00,6.8,6.66,8.78,29.56,14.964056431892876,13.71915658477617,8.866548
2018-12-19 13:00:00,6.98,6.8,9.4,29.3,12.331598865781485,14.422746797232058,9.463901
2018-12-19 13:15:00,62.42,6.98,52.45,58.86,18.386415642179678,51.94243624804749,57.552925
2018-12-19 13:30:00,116.46,62.42,67.46,61.78,63.18820292469131,95.34306207377017,92.3075
2018-12-19 13:45:00,89.86,116.46,62.53,77.0,108.26591236720243,105.09835255169445,106.841415
2018-12-19 14:00:00,98.03,89.86,62.46,65.56,88.15452270119957,101.10789215270006,107.81709
2018-12-19 14:15:00,149.18,98.03,67.18,86.51,88.78451923150698,99.53508653253655,95.048325
2018-12-19 14:30:00,116.64,149.18,113.51,60.44,124.33596605517008,96.29479980077697,89.54915
2018-12-19 14:45:00,105.48,116.64,99.5,64.8,101.5485864129833,101.99502778789643,98.08444
2018-12-19 15:00:00,145.22,105.48,68.0,72.18,91.75581039213792,102.13164638756588,104.21795
2018-12-19 15:15:00,101.38,145.22,120.82,69.08,121.65736211778668,108.67048671891321,102.3972
2018-12-19 15:30:00,130.46,101.38,79.45,66.17,88.70995300440458,101.3768530617466,102.910774
2018-12-19 15:45:00,115.24,130.46,117.68,61.67,113.31998747784971,101.92744736178093,102.942345
2018-12-19 16:00:00,125.21,115.24,114.08,70.6,100.13856074057242,112.95199687581709,108.37746
2018-12-19 16:15:00,133.56,125.21,106.27,68.36,108.77777923923881,99.51961923914455,98.512474
2018-12-19 16:30:00,81.65,133.56,93.28,75.1,112.77036796047818,115.22589893753357,112.820564
2018-12-19 16:45:00,62.68,81.65,127.58,66.13,81.9619557114639,92.78252873993942,91.31814
2018-12-19 17:00:00,125.5,62.68,94.61,70.7,65.76066815905736,72.83427999944563,73.96131
2018-12-19 17:15:00,68.0,125.5,101.02,60.7,110.23539831816112,96.68275292963504,106.75655
2018-12-19 17:30:00,40.5,68.0,112.14,57.92,73.25017915580833,78.27092288109067,70.04009
2018-12-19 17:45:00,31.68,40.5,68.08,32.9,48.29900133156177,48.01475903754613,33.39455
2018-12-19 18:00:00,26.82,31.68,15.95,30.53,34.76218158967193,33.80898118805974,42.31855
2018-12-19 18:15:00,5.98,26.82,7.16,49.9,32.26825577099352,35.375868422863604,35.37125
2018-12-19 18:30:00,5.47,5.98,5.58,67.25,20.46131801704103,5.651949329930324,6.476618
2018-12-19 18:45:00,5.54,5.47,5.65,69.37,20.271280083940713,5.15483201403306,4.3490806
2018-12-19 19:00:00,5.44,5.54,5.0,65.99,19.78716408442267,5.175759863936813,4.244436
2018-12-19 19:15:00,5.47,5.44,4.5,66.02,18.171747244128,5.1353788178597135,4.497022
2018-12-19 19:30:00,5.47,5.47,4.39,60.19,17.514796485680577,5.168107348722795,4.072672
2018-12-19 19:45:00,5.4,5.47,4.43,58.54,16.434022664428213,5.129012321560414,4.2489624
2018-12-19 20:00:00,5.33,5.4,4.39,61.85,16.87072272457911,5.1276394064915145,4.165041
2018-12-19 20:15:00,5.36,5.33,4.43,67.07,12.59404647228801,5.4887067839033765,4.170718
2018-12-19 20:30:00,5.33,5.36,4.36,58.82,11.361220161704367,5.4860325767404925,4.2873583
2018-12-19 20:45:00,5.44,5.33,4.39,53.35,10.70436552110278,5.478489867091989,4.2454696
2018-12-19 21:00:00,5.4,5.44,4.43,30.35,7.0515241775188535,5.952729507847209,5.140429
2018-12-19 21:15:00,5.4,5.4,4.39,12.2,3.867845596460441,5.676007555136005,4.9745736
2018-12-19 21:30:00,5.04,5.4,4.46,5.8,3.443721973420896,5.082229031561823,5.000771
2018-12-19 21:45:00,4.25,5.04,4.39,5.76,3.5222072990584223,4.828426311464144,4.864793
2018-12-19 22:00:00,4.39,4.25,4.39,5.65,2.6717699386034006,4.442560689295281,4.282531
2018-12-19 22:15:00,4.03,4.39,4.25,5.04,7.729323254679578,4.268799068143605,3.6041753
2018-12-19 22:30:00,4.03,4.03,5.18,4.25,7.801394937035159,4.146512195267385,4.5544724
2018-12-19 22:45:00,3.96,4.03,5.15,4.25,8.105892608693868,4.172236345046201,5.145039
2018-12-19 23:00:00,4.07,3.96,4.14,4.21,7.70993961817922,4.131799396734134,4.582746
2018-12-19 23:15:00,4.03,4.07,4.14,4.14,3.7273288674590574,4.422594631208134,3.7368996
2018-12-19 23:30:00,3.92,4.03,4.14,4.1,3.984578141964196,4.4156848348886415,4.653132
2018-12-19 23:45:00,3.96,3.92,4.1,4.1,4.2438170230438175,4.376196155662268,4.5819497
2018-12-20 00:00:00,3.89,3.96,3.92,5.26,3.549936358531358,9.89436778413057,4.7395377
2018-12-20 00:15:00,4.03,3.89,4.14,4.1,3.793878804493019,4.2797060637879625,3.9331748
2018-12-20 00:30:00,4.03,4.03,4.14,4.18,4.2112207998963065,4.435383387487373,5.0249066
2018-12-20 00:45:00,4.0,4.03,4.14,4.21,4.533695109870351,4.436381265334163,4.954151
2018-12-20 01:00:00,4.0,4.0,4.21,4.14,4.1666580422919495,4.418713082238524,4.969278
2018-12-20 01:15:00,4.0,4.0,4.14,4.28,4.4777798393550725,4.418239810365328,4.9858255
2018-12-20 01:30:00,4.1,4.0,4.14,4.18,4.795002645376204,4.418239810365328,4.984761
2018-12-20 01:45:00,4.0,4.1,4.18,4.25,5.188518350217201,4.455207097166498,4.074988
2018-12-20 02:00:00,4.07,4.0,4.18,5.36,4.855225857132922,4.410955640549139,4.938801
2018-12-20 02:15:00,4.43,4.07,4.93,4.79,5.202401180347859,4.418422733482705,4.057587
2018-12-20 02:30:00,5.18,4.43,5.26,4.25,5.725211604499755,4.41617713570002,4.1733375
2018-12-20 02:45:00,4.1,5.18,4.14,4.18,6.516243954688875,4.558566992267683,4.4125934
2018-12-20 03:00:00,4.0,4.1,4.14,4.21,5.360394872050719,4.46015296246477,3.928676
2018-12-20 03:15:00,4.1,4.0,4.1,4.18,5.571554279644566,4.4264929942069955,4.917377
2018-12-20 03:30:00,4.03,4.1,4.25,4.21,5.886363802322997,4.458475908787661,4.0912642
2018-12-20 03:45:00,4.1,4.03,3.82,4.21,5.983780041428773,4.399614277635307,4.9320254
2018-12-20 04:00:00,3.31,4.1,3.49,4.21,5.598028919080736,4.448594504440623,4.0348597
2018-12-20 04:15:00,3.35,3.31,3.42,4.18,5.279057397539756,3.3168405884821928,3.2534683
2018-12-20 04:30:00,3.46,3.35,3.42,4.21,5.517519972050323,3.3605834462422854,3.3858187
2018-12-20 04:45:00,3.38,3.46,3.49,4.21,5.780557641022703,3.4161008284977354,3.4631412
2018-12-20 05:00:00,3.35,3.38,3.38,4.18,5.249485977855215,3.387213324322727,3.3493903
2018-12-20 05:15:00,3.35,3.35,3.42,3.67,5.403845437674605,3.3917051657378297,3.3356645
2018-12-20 05:30:00,3.38,3.35,3.38,3.42,5.507277958672088,3.3927712152612393,3.3257077
2018-12-20 05:45:00,3.38,3.38,3.42,3.89,5.695813038293405,3.4011166661888876,3.3735974
2018-12-20 06:00:00,3.92,3.38,3.42,4.32,5.204614692253163,3.408562198919214,3.5022857
2018-12-20 06:15:00,3.67,3.92,4.07,3.46,5.707683032774693,4.043789472548148,4.6986446
2018-12-20 06:30:00,3.35,3.67,4.18,3.38,5.676679042277886,3.6663315264522165,3.5356624
2018-12-20 06:45:00,4.0,3.35,3.96,3.38,5.52020809435124,3.322585056369037,3.253322
2018-12-20 07:00:00,4.03,4.0,4.1,3.42,5.453731876787909,4.394332660015942,4.880284
2018-12-20 07:15:00,3.96,4.03,4.1,3.42,5.571925209134442,4.371965476950087,5.1251354
2018-12-20 07:30:00,4.18,3.96,4.07,3.71,5.681748133970661,4.462506340697006,4.9872646
2018-12-20 07:45:00,4.79,4.18,5.76,5.69,6.2510703481439265,5.960341240166613,5.545476
2018-12-20 08:00:00,5.87,4.79,6.23,6.23,6.303658324356292,6.168639417228032,6.3777575
2018-12-20 08:15:00,39.49,5.87,36.14,35.57,14.724894600766158,40.83662559462465,32.780178
2018-12-20 08:30:00,79.85,39.49,70.81,72.86,49.28928452196769,79.51242364642371,65.572525
2018-12-20 08:45:00,66.96,79.85,59.54,61.74,79.27442146422135,90.76121489725595,91.63423
2018-12-20 09:00:00,63.14,66.96,63.86,76.36,73.41009954368214,75.42208552081009,75.23543
2018-12-20 09:15:00,64.12,63.14,77.4,63.11,64.72817789361389,65.09523374729969,65.957596
2018-12-20 09:30:00,64.37,64.12,65.23,65.66,61.92427486822466,65.8460612601405,63.80701
2018-12-20 09:45:00,83.16,64.37,69.3,72.07,63.05814569831625,64.07595834749335,62.291004
2018-12-20 10:00:00,71.14,83.16,61.13,56.84,73.73987638593695,77.32275158689066,79.94515
2018-12-20 10:15:00,58.72,71.14,61.16,69.3,72.40693218988642,72.07060742749613,72.08677
2018-12-20 10:30:00,68.72,58.72,70.42,65.66,65.46555396530165,64.70945876664943,61.33059
2018-12-20 10:45:00,75.53,68.72,63.68,85.43,71.35051398566873,66.74344365476225,65.41639
2018-12-20 11:00:00,77.51,75.53,83.09,53.17,74.09535311091189,71.58400524716754,70.32294
2018-12-20 11:15:00,64.4,77.51,140.8,55.4,81.31022935833983,76.49362378155176,80.187096
2018-12-20 11:30:00,63.0,64.4,110.88,60.08,70.08882586396878,67.79443903788112,66.254486
2018-12-20 11:45:00,71.46,63.0,115.13,58.0,67.64851488454725,67.24804239800307,63.437798
2018-12-20 12:00:00,71.06,71.46,101.99,51.3,72.84444907015099,68.21904445642295,65.07867
2018-12-20 12:15:00,16.96,71.06,12.13,11.38,51.66544504262001,14.821833914246515,10.57083
2018-12-20 12:30:00,7.67,16.96,6.66,10.91,16.838502432461645,7.567661101650471,8.101213
2018-12-20 12:45:00,7.49,7.67,6.8,30.1,12.661367213871275,9.42556805156459,8.502894
2018-12-20 13:00:00,6.66,7.49,6.98,36.4,11.153708022805496,10.938312117570158,11.050371
2018-12-20 13:15:00,42.7,6.66,62.42,41.69,16.233563340745,45.09943364911625,49.48822
2018-12-20 13:30:00,63.07,42.7,116.46,56.92,49.55201950866525,74.572871358188,66.27548
2018-12-20 13:45:00,71.5,63.07,89.86,46.66,64.922291954443,66.35575834715478,65.43244
2018-12-20 14:00:00,76.9,71.5,98.03,52.52,72.11262700982044,75.4097338697614,70.75277
2018-12-20 14:15:00,63.5,76.9,149.18,58.25,75.53633208321709,76.1463587345925,74.52844
2018-12-20 14:30:00,78.41,63.5,116.64,72.61,64.63799079135958,66.86280924699403,65.76798
2018-12-20 14:45:00,73.4,78.41,105.48,66.24,71.4933557209852,78.66284096644875,78.90224
2018-12-20 15:00:00,64.44,73.4,145.22,73.08,70.63722747905575,72.0147532273309,71.2761
2018-12-20 15:15:00,60.26,64.44,101.38,60.52,63.67221559311787,66.9652273693819,63.69418
2018-12-20 15:30:00,58.9,60.26,130.46,59.87,59.55990213022884,63.666021805527976,58.36358
2018-12-20 15:45:00,60.59,58.9,115.24,63.5,60.35829091548342,61.0837485792272,58.76193
2018-12-20 16:00:00,56.92,60.59,125.21,60.52,60.76071091153399,60.9886574549584,58.21739
2018-12-20 16:15:00,60.08,56.92,133.56,88.92,60.21728784213086,59.609269676478654,58.86939
2018-12-20 16:30:00,58.68,60.08,81.65,105.37,61.361898952671254,59.74845413187443,59.08436
2018-12-20 16:45:00,57.56,58.68,62.68,102.89,60.40160353188867,59.47971219609142,58.30002
2018-12-20 17:00:00,46.51,57.56,125.5,77.83,59.28845795773027,58.56361844904741,54.672173
2018-12-20 17:15:00,58.07,46.51,68.0,67.18,51.090702575582014,53.7320463453635,50.843407
2018-12-20 17:30:00,41.22,58.07,40.5,70.13,57.92349184823185,56.58226704674253,54.725918
2018-12-20 17:45:00,41.51,41.22,31.68,31.72,40.04621192235924,40.30509417629389,30.785847
2018-12-20 18:00:00,24.8,41.51,26.82,31.5,38.656406352016205,32.04867378358497,34.147167
2018-12-20 18:15:00,5.44,24.8,5.98,54.79,28.043002043779566,18.116123966646533,20.45177
2018-12-20 18:30:00,5.18,5.44,5.47,77.04,18.22029335628952,5.118931734656755,6.7470326
2018-12-20 18:45:00,5.29,5.18,5.54,79.63,18.030141936063163,5.109582602628992,4.930098
2018-12-20 19:00:00,5.29,5.29,5.44,80.46,16.881512108673608,5.121005044794039,4.5914407
2018-12-20 19:15:00,5.29,5.29,5.47,71.89,15.639682685310461,5.095408845746153,4.737779
2018-12-20 19:30:00,4.18,5.29,5.47,78.52,16.47201340042339,5.1367659471329015,4.3900027
2018-12-20 19:45:00,4.07,4.18,5.4,52.31,12.96430486529228,4.0880264262996695,4.548391
2018-12-20 20:00:00,4.1,4.07,5.33,61.16,13.368696175005756,4.143299475113138,3.7872698
2018-12-20 20:15:00,4.07,4.1,5.36,61.6,8.666789002019321,4.283593791357571,3.8894851
2018-12-20 20:30:00,4.18,4.07,5.33,49.68,7.5250907707333425,4.086853552025878,4.039498
2018-12-20 20:45:00,4.1,4.18,5.44,41.54,7.1178056824069245,4.418190515972758,4.1195455
2018-12-20 21:00:00,4.1,4.1,5.4,20.16,4.070907745738364,4.2840143141737554,4.1180797
2018-12-20 21:15:00,4.14,4.1,5.4,6.16,1.7225125562199572,4.067948931187636,4.1677194
2018-12-20 21:30:00,4.14,4.14,5.04,5.69,1.9658308391208408,4.147770617933273,4.1829324
2018-12-20 21:45:00,4.21,4.14,4.25,5.69,2.254804845515043,4.14124501475139,4.205683
2018-12-20 22:00:00,4.18,4.21,4.39,5.65,1.9730357130544363,4.17955641487351,4.1960826
2018-12-20 22:15:00,3.85,4.18,4.03,5.47,6.962565643418845,4.141014870062882,3.9195254
2018-12-20 22:30:00,3.85,3.85,4.03,5.4,7.112040906533835,3.807900091464708,3.801573
2018-12-20 22:45:00,4.64,3.85,3.96,5.36,7.4173477742992375,3.8037142573599576,3.8320186
2018-12-20 23:00:00,5.04,4.64,4.07,5.36,7.709924515877908,4.578617896433159,4.1961436
2018-12-20 23:15:00,4.07,5.04,4.03,5.26,3.9991813608244087,4.334776967162288,4.308994
2018-12-20 23:30:00,3.82,4.07,3.92,5.22,3.611523173723299,4.016941314188032,3.8239977
2018-12-20 23:45:00,3.85,3.82,3.96,5.18,3.7319807925406216,3.812084550066774,3.824375
2018-12-21 00:00:00,3.92,3.85,3.89,4.1,3.4658078596326867,4.977885440096618,3.8331258
2018-12-21 00:15:00,3.89,3.92,4.03,5.33,3.982972114137077,3.9747789088772008,3.985545
2018-12-21 00:30:00,3.85,3.89,4.03,5.29,4.264943941534753,3.903313021842565,3.8958495
2018-12-21 00:45:00,3.89,3.85,4.0,5.26,4.558138490222497,3.8538325293753033,3.9023435
2018-12-21 01:00:00,3.89,3.89,4.0,5.29,4.239383430467939,3.888960196158878,3.8855412
2018-12-21 01:15:00,3.96,3.89,4.0,5.26,4.544601355636303,3.8912001287740385,3.8766024
2018-12-21 01:30:00,3.89,3.96,4.1,5.36,4.932647855408895,3.9649571631007112,3.908447
2018-12-21 01:45:00,3.89,3.89,4.0,5.33,5.185930406715769,3.8899634763523863,3.8787482
2018-12-21 02:00:00,3.89,3.89,4.07,4.79,4.7655122407699295,3.897697580761644,3.8712509
2018-12-21 02:15:00,3.92,3.89,4.43,4.14,5.0636542446250665,3.8902433723548318,3.8609035
2018-12-21 02:30:00,3.92,3.92,5.18,4.18,5.44681060404622,3.967065604524228,3.9373856
2018-12-21 02:45:00,3.92,3.92,4.1,4.21,5.6190998292916206,3.9746857286036206,3.953396
2018-12-21 03:00:00,3.96,3.92,4.0,4.18,5.202723514738146,3.975242554820999,4.080156
2018-12-21 03:15:00,4.79,3.96,4.1,4.25,5.541009973328848,3.9778499046700895,3.9255407
2018-12-21 03:30:00,4.5,4.79,4.03,4.18,6.461413962612085,4.3420161802048955,4.2222514
2018-12-21 03:45:00,3.24,4.5,4.1,4.14,6.469967827256269,4.187540850048466,4.025585
2018-12-21 04:00:00,3.28,3.24,3.31,4.28,5.1368388997199865,3.3154796499543115,3.249963
2018-12-21 04:15:00,3.24,3.28,3.35,4.18,5.335547244420908,3.326005685355913,3.3593986
2018-12-21 04:30:00,3.24,3.24,3.46,4.18,5.474891874921266,3.321859430346006,3.3485234
2018-12-21 04:45:00,3.28,3.24,3.38,4.1,5.66267905758011,3.3488139792922493,3.3047984
2018-12-21 05:00:00,3.28,3.28,3.35,4.46,5.255028165701706,3.3556699195527773,3.3564374
2018-12-21 05:15:00,3.28,3.28,3.35,5.4,5.554159278077684,3.3609305703107077,3.390619
2018-12-21 05:30:00,3.2,3.28,3.38,4.5,5.620740330195744,3.3772338900419023,3.375178
2018-12-21 05:45:00,3.24,3.2,3.38,4.18,5.6441405745707165,3.2904983681732634,3.3126962
2018-12-21 06:00:00,3.2,3.24,3.92,4.14,5.168225878376255,3.348061996517644,3.313337
2018-12-21 06:15:00,3.67,3.2,3.67,4.14,5.250025366580601,3.2904983681732634,3.2949212
2018-12-21 06:30:00,3.96,3.67,3.35,3.49,5.692963652934473,3.421558917727739,3.4606168
2018-12-21 06:45:00,3.92,3.96,4.0,3.42,6.037233096391283,3.560125700256189,3.6531618
2018-12-21 07:00:00,3.89,3.92,4.03,3.35,5.50898619247215,3.6452169292996897,3.688372
2018-12-21 07:15:00,3.67,3.89,3.96,3.35,5.504405429411296,3.802968573162183,3.7871287
2018-12-21 07:30:00,3.17,3.67,4.18,4.25,5.5164576861261665,3.7302029829895424,4.0345125
2018-12-21 07:45:00,5.44,3.17,4.79,6.52,5.626788752814754,4.000197090663537,3.96752
2018-12-21 08:00:00,6.77,5.44,5.87,7.38,6.94213294264889,6.519522251651709,6.4775457
2018-12-21 08:15:00,28.8,6.77,39.49,36.22,15.876449171668112,35.56064045397687,32.271347
2018-12-21 08:30:00,54.22,28.8,79.85,94.18,43.074180399088085,53.870209799583854,55.490788
2018-12-21 08:45:00,56.41,54.22,66.96,97.88,61.97923799264859,60.21690391123056,62.500072
2018-12-21 09:00:00,56.74,56.41,63.14,134.5,67.59870259411815,58.97854433751721,57.020275
2018-12-21 09:15:00,43.78,56.74,64.12,93.67,61.07833977467402,57.539235978554785,58.81022
2018-12-21 09:30:00,47.52,43.78,64.37,109.26,51.23584433119676,49.03527306085896,48.745052
2018-12-21 09:45:00,56.2,47.52,83.16,128.34,56.67541083114408,53.59827315562644,51.820766
2018-12-21 10:00:00,51.59,56.2,71.14,81.47,56.551980212683716,55.99613948822924,54.72585
2018-12-21 10:15:00,66.64,51.59,58.72,109.69,60.48896440522941,54.59521954521111,53.693962
2018-12-21 10:30:00,53.14,66.64,68.72,120.67,73.87807417538804,59.364708447667326,59.055576
2018-12-21 10:45:00,58.54,53.14,75.53,92.81,61.230696718574805,57.27097839462917,55.555958
2018-12-21 11:00:00,73.12,58.54,77.51,91.58,65.43201840187805,58.129214610360215,56.519688
2018-12-21 11:15:00,67.79,73.12,64.4,104.9,76.77830956098848,65.66963022798687,63.270905
2018-12-21 11:30:00,65.59,67.79,63.0,124.2,75.1493334406766,63.59613679151891,66.04708
2018-12-21 11:45:00,57.85,65.59,71.46,88.85,69.97767705822925,64.36563960907306,65.18582
2018-12-21 12:00:00,58.9,57.85,71.06,132.01,67.69693943452135,61.988805241746945,59.53864
2018-12-21 12:15:00,7.42,58.9,16.96,13.61,43.55313540977418,9.527063210953395,7.955141
2018-12-21 12:30:00,8.35,7.42,7.67,9.86,9.485671275629272,7.085196637078664,7.229233
2018-12-21 12:45:00,7.67,8.35,7.49,9.61,10.092612426668786,8.618416961527357,9.138941
2018-12-21 13:00:00,7.2,7.67,6.66,9.43,7.782490783417149,7.793337818303139,8.461455
2018-12-21 13:15:00,39.74,7.2,42.7,86.98,18.760575687888917,46.926877968166195,44.53879
2018-12-21 13:30:00,58.03,39.74,63.07,74.66,46.16981033839136,61.26572256227107,60.14631
2018-12-21 13:45:00,63.97,58.03,71.5,116.42,64.92657428347229,60.605627272179206,57.59
2018-12-21 14:00:00,56.34,63.97,76.9,107.57,69.15480163032964,65.15247012387388,61.502747
2018-12-21 14:15:00,69.62,56.34,63.5,103.82,59.55227738759878,58.08350685590085,54.6656
2018-12-21 14:30:00,60.34,69.62,78.41,114.73,70.41747321502692,62.934081954471765,61.55687
2018-12-21 14:45:00,57.74,60.34,73.4,84.74,59.35952037738288,61.15798657541424,60.3369
2018-12-21 15:00:00,68.04,57.74,64.44,109.4,59.29723000111596,60.620964333193164,54.645023
2018-12-21 15:15:00,67.68,68.04,60.26,125.21,68.44354632534147,63.355296650188464,60.044163
2018-12-21 15:30:00,58.32,67.68,58.9,89.35,64.1824973600542,63.425983833301856,62.839794
2018-12-21 15:45:00,65.48,58.32,60.59,122.26,63.071800430490526,60.79626859604733,58.941643
2018-12-21 16:00:00,63.0,65.48,56.92,114.66,65.80818736366447,63.84578495628803,59.72025
2018-12-21 16:15:00,69.73,63.0,60.08,96.8,62.65417072608602,63.30966897044591,60.357437
2018-12-21 16:30:00,59.69,69.73,58.68,118.12,68.39707366041895,63.776996565896816,61.07995
2018-12-21 16:45:00,63.32,59.69,57.56,133.2,63.502489696064444,61.14212762594153,59.175785
2018-12-21 17:00:00,62.32,63.32,46.51,102.64,62.43043035709455,62.91772633753528,59.910236
2018-12-21 17:15:00,52.78,62.32,58.07,63.94,61.40115818993026,62.26935540334745,58.659794
2018-12-21 17:30:00,45.86,52.78,41.22,62.64,54.046221264029455,56.37961042779834,53.876804
2018-12-21 17:45:00,30.78,45.86,41.51,37.94,45.01373399548986,39.274811118290366,33.507137
2018-12-21 18:00:00,8.21,30.78,24.8,32.62,31.30417425010375,30.76083409003562,32.064026
2018-12-21 18:15:00,5.51,8.21,5.44,29.63,14.449048498023462,6.490856291190599,10.295292
2018-12-21 18:30:00,5.4,5.51,5.18,26.57,11.639170069664416,5.036977963541541,6.5846305
2018-12-21 18:45:00,5.62,5.4,5.29,26.35,11.033980777132747,5.054115747199092,5.728024
2018-12-21 19:00:00,5.54,5.62,5.29,26.32,10.022519558055972,5.160369751863938,5.34625
2018-12-21 19:15:00,5.54,5.54,5.29,26.39,10.013302995400998,5.109720879710704,5.7774115
2018-12-21 19:30:00,5.51,5.54,4.18,26.64,10.162443296303636,5.105346959702465,5.6739016
2018-12-21 19:45:00,5.47,5.51,4.07,28.44,10.378200650165716,5.107500938858937,5.7799892
2018-12-21 20:00:00,5.54,5.47,4.1,30.46,9.888799914680604,5.122706430641787,5.696267
2018-12-21 20:15:00,5.47,5.54,4.07,29.88,5.386713195833401,5.834609174383232,5.8590946
2018-12-21 20:30:00,5.44,5.47,4.18,30.06,5.654031128336282,5.817283874044551,5.448248
2018-12-21 20:45:00,5.47,5.44,4.1,31.93,6.170490058910339,5.58497172933181,5.438833
2018-12-21 21:00:00,5.44,5.47,4.1,28.66,5.417894444378081,5.893885075486089,5.464815
2018-12-21 21:15:00,5.54,5.44,4.14,5.76,2.865564778363346,5.074329885825698,5.039935
2018-12-21 21:30:00,5.4,5.54,4.14,5.8,3.246104568147846,5.057737873909854,5.031229
2018-12-21 21:45:00,5.44,5.4,4.21,5.72,3.45807848111723,5.042185861577432,4.990964
2018-12-21 22:00:00,5.44,5.44,4.18,5.69,3.1486059221845295,5.079507310259606,5.0719366
2018-12-21 22:15:00,5.18,5.44,3.85,5.4,8.145515256329247,5.0412544637444485,5.6143355
2018-12-21 22:30:00,5.26,5.18,3.85,5.33,8.362092121294253,5.012614726960963,5.427846
2018-12-21 22:45:00,5.15,5.26,4.64,5.33,8.768451269063931,5.012331560754404,5.5009174
2018-12-21 23:00:00,5.15,5.15,5.04,5.33,8.418019078991904,5.008655354686607,5.4882784
2018-12-21 23:15:00,5.11,5.15,4.07,4.86,4.286743529048167,4.908196662803689,4.8145304
2018-12-21 23:30:00,4.57,5.11,3.82,4.03,4.473653046608984,4.897609475504961,4.8539753
2018-12-21 23:45:00,4.0,4.57,3.85,4.03,4.479430337948063,4.54781761683604,4.3092437
2018-12-22 00:00:00,3.31,4.0,3.92,3.28,0.9190280258924801,5.982242936385471,3.6076877
2018-12-22 00:15:00,4.0,3.31,3.89,4.14,0.8793338645087267,3.3313131281485435,3.4723394
2018-12-22 00:30:00,4.0,4.0,3.85,4.1,1.6358323258793774,3.982092020825948,3.9333093
2018-12-22 00:45:00,4.0,4.0,3.89,4.07,1.9556696521724426,3.963736787813439,3.897425
2018-12-22 01:00:00,4.1,4.0,3.89,4.14,1.6417296336802956,3.692470776038443,3.76768
2018-12-22 01:15:00,3.96,4.1,3.96,4.14,1.9537913043769422,4.016988765588418,4.4788895
2018-12-22 01:30:00,4.03,3.96,3.89,4.14,2.16801416508239,3.916333539762111,4.102945
2018-12-22 01:45:00,4.03,4.03,3.89,4.14,2.52265567233378,3.9705398725457326,4.296395
2018-12-22 02:00:00,3.96,4.03,3.89,4.1,2.143261246036939,3.9285343442678196,4.1208005
2018-12-22 02:15:00,4.07,3.96,3.92,4.1,2.4708932095571967,3.921814362468112,3.9280694
2018-12-22 02:30:00,4.07,4.07,3.92,4.21,2.879734862622506,3.982872066025935,4.016974
2018-12-22 02:45:00,3.67,4.07,3.92,4.1,3.0799557210105597,3.9825133162276893,4.0465355
2018-12-22 03:00:00,3.31,3.67,3.96,4.18,2.426285492815545,3.6873112403831207,3.8543193
2018-12-22 03:15:00,3.82,3.31,4.79,4.82,2.593605084280121,3.3263052748200823,3.3257744
2018-12-22 03:30:00,4.07,3.82,4.5,5.26,3.2154832127107085,3.777836054788354,3.7046463
2018-12-22 03:45:00,3.42,4.07,3.24,4.18,3.4628292428626892,3.9696898273418126,3.9538038
2018-12-22 04:00:00,3.38,3.42,3.28,4.14,2.583443055296307,3.3746096106988763,3.399121
2018-12-22 04:15:00,3.31,3.38,3.24,4.14,2.7429437870741467,3.3514074482386156,3.3929822
2018-12-22 04:30:00,3.38,3.31,3.24,3.82,2.859128154608271,3.319860026650878,3.2733448
2018-12-22 04:45:00,3.35,3.38,3.28,3.46,3.0983085659168523,3.3887459481750217,3.3328025
2018-12-22 05:00:00,3.38,3.35,3.28,3.49,2.6033297055042333,3.377101733948909,3.3436143
2018-12-22 05:15:00,3.42,3.38,3.28,3.42,2.8158242509153375,3.3870598275277075,3.3491642
2018-12-22 05:30:00,3.96,3.42,3.2,3.42,3.0049166970555667,3.4050523596300026,3.3739913
2018-12-22 05:45:00,4.07,3.96,3.24,3.42,3.571837403663249,3.5952033167106134,3.6550276
2018-12-22 06:00:00,4.07,4.07,3.2,3.38,3.137384572842649,3.7364960848518693,3.7248986
2018-12-22 06:15:00,4.0,4.07,3.67,3.46,3.285216545423282,3.850856696730906,3.7731793
2018-12-22 06:30:00,3.38,4.0,3.96,3.42,3.3496245455727305,3.9260481031640095,3.8889048
2018-12-22 06:45:00,3.35,3.38,3.92,3.49,3.039591343477497,3.336775713934312,3.338661
2018-12-22 07:00:00,3.35,3.35,3.89,4.57,2.56914549047886,3.373003713382706,3.3684652
2018-12-22 07:15:00,3.31,3.35,3.67,4.43,2.6108759292749824,3.359436876262626,3.3073342
2018-12-22 07:30:00,3.85,3.31,3.17,4.1,2.6396313847919934,3.6407375078091393,3.4461968
2018-12-22 07:45:00,4.03,3.85,5.44,4.07,3.4520387592897634,4.276571842905785,3.8540199
2018-12-22 08:00:00,3.35,4.03,6.77,3.64,3.1641342247065722,4.410464580407213,3.823941
2018-12-22 08:15:00,3.31,3.35,28.8,3.35,7.945991441985864,17.121910071342427,19.829338
2018-12-22 08:30:00,3.24,3.31,54.22,3.35,12.665636982199237,4.266045564987611,4.37506
2018-12-22 08:45:00,3.38,3.24,56.41,3.38,12.064549762264647,3.7765063993311476,3.7919626
2018-12-22 09:00:00,3.82,3.38,56.74,3.49,11.68171901888973,3.904362516629237,4.6490874
2018-12-22 09:15:00,4.28,3.82,43.78,3.56,11.397075338295036,3.918668335604548,4.917449
2018-12-22 09:30:00,4.28,4.28,47.52,3.38,12.04863734865685,8.597178227234092,5.176974
2018-12-22 09:45:00,4.32,4.28,56.2,3.42,12.728053835657619,8.593529398343945,5.150815
2018-12-22 10:00:00,4.21,4.32,51.59,3.35,11.10605513404444,8.769573281641527,4.28267
2018-12-22 10:15:00,3.6,4.21,66.64,3.35,11.598256723585678,6.332164911908112,3.9490447
2018-12-22 10:30:00,3.6,3.6,53.14,3.35,10.934571344213008,3.8528846454095804,3.5729046
2018-12-22 10:45:00,3.6,3.6,58.54,4.97,10.683671051363124,3.9086756527066124,3.8268666
2018-12-22 11:00:00,3.6,3.6,73.12,5.36,11.999524007188729,3.878158054380296,3.712316
2018-12-22 11:15:00,3.6,3.6,67.79,4.28,12.941993016226453,3.7729005834590383,3.5695095
2018-12-22 11:30:00,3.6,3.6,65.59,4.18,11.190705109822307,3.8278767063716796,3.735664
2018-12-22 11:45:00,3.6,3.6,57.85,3.35,11.04230577595888,3.785745698325194,3.5596719
2018-12-22 12:00:00,3.6,3.6,58.9,3.38,10.450568387022283,3.8221306944837914,3.4704475
2018-12-22 12:15:00,3.71,3.6,7.42,3.42,0.2764203363167006,3.717100527094614,3.733876
2018-12-22 12:30:00,4.39,3.71,8.35,3.42,-0.07712556225944311,4.233437231721757,3.7658546
2018-12-22 12:45:00,4.1,4.39,7.67,3.42,0.4080093916327314,8.452411927927802,4.185939
2018-12-22 13:00:00,3.71,4.1,7.2,3.38,-0.428473672561271,4.300145798606987,3.9917457
2018-12-22 13:15:00,4.28,3.71,39.74,3.31,5.701018874349252,4.905302942691057,4.9980392
2018-12-22 13:30:00,4.25,4.28,58.03,3.35,10.339791413314,9.111005469103619,5.168189
2018-12-22 13:45:00,4.25,4.25,63.97,3.38,9.936606374937053,9.365308859566978,4.4156704
2018-12-22 14:00:00,4.21,4.25,56.34,3.31,9.058738918301096,9.357781854496553,3.8207316
2018-12-22 14:15:00,3.67,4.21,69.62,3.82,11.42335615388712,6.494466604776782,3.4535148
2018-12-22 14:30:00,3.46,3.67,60.34,4.1,11.351222269214677,4.662332352941679,3.6214085
2018-12-22 14:45:00,3.49,3.46,57.74,4.07,9.937402039597028,4.325499976739092,3.5599303
2018-12-22 15:00:00,3.53,3.49,68.04,4.21,10.004308468864146,4.1922239510182315,3.1379085
2018-12-22 15:15:00,3.56,3.53,67.68,3.74,10.183096544834147,3.7635717855592703,3.6202302
2018-12-22 15:30:00,3.53,3.56,58.32,3.74,9.098267441099456,3.789377113168124,4.723902
2018-12-22 15:45:00,3.56,3.53,65.48,3.96,10.778123965492405,3.8558528314041047,4.789371
2018-12-22 16:00:00,3.56,3.56,63.0,3.28,10.282095347290753,4.183529262598664,3.6106098
2018-12-22 16:15:00,3.49,3.56,69.73,3.35,10.85164511634332,4.121438636960352,3.6305637
2018-12-22 16:30:00,3.53,3.49,59.69,3.28,8.373678717580496,3.62497265071675,3.5816848
2018-12-22 16:45:00,3.56,3.53,63.32,3.24,8.228823795431051,3.5210782225020285,3.5007112
2018-12-22 17:00:00,4.68,3.56,62.32,3.28,9.035847138129778,3.55116617322868,3.4031465
2018-12-22 17:15:00,5.44,4.68,52.78,3.28,7.572556110875414,4.3429726974463065,4.039525
2018-12-22 17:30:00,4.46,5.44,45.86,3.35,7.264863767274818,5.446767922713075,4.223335
2018-12-22 17:45:00,4.28,4.46,30.78,4.18,3.484979394857387,4.020050532252234,3.6030438
2018-12-22 18:00:00,4.07,4.28,8.21,4.1,-0.3247499828473188,4.211862276310785,3.9959934
2018-12-22 18:15:00,3.6,4.07,5.51,4.1,-2.326465017702642,3.9763964877557236,4.1205053
2018-12-22 18:30:00,3.67,3.6,5.4,4.1,-2.9865370474755935,3.670706234537672,3.6490757
2018-12-22 18:45:00,3.67,3.67,5.62,4.03,-2.7111978595296264,3.720235012074463,3.6575196
2018-12-22 19:00:00,3.71,3.67,5.54,4.28,-3.163656485495583,3.716328592582374,3.714615
2018-12-22 19:15:00,3.74,3.71,5.54,3.49,-2.8850727423672353,3.7565618291184038,3.6762707
2018-12-22 19:30:00,3.71,3.74,5.51,3.38,-2.6336793351263985,3.7810017596667747,3.729956
2018-12-22 19:45:00,3.74,3.71,5.47,3.35,-2.430927936012502,3.7621526692661305,3.7702386
2018-12-22 20:00:00,3.67,3.74,5.54,3.38,-2.801957309594812,3.7796032019744668,3.7069075
2018-12-22 20:15:00,3.67,3.67,5.47,3.46,-2.578763371052851,3.7077550911639157,3.6700218
2018-12-22 20:30:00,3.67,3.67,5.44,3.42,-2.323053097088561,3.706233688526304,3.6717703
2018-12-22 20:45:00,3.67,3.67,5.47,3.35,-2.0246825706431686,3.705954112416974,3.6907575
2018-12-22 21:00:00,4.18,3.67,5.44,3.38,-2.389515683065845,3.699970557804836,3.658015
2018-12-22 21:15:00,4.61,4.18,5.54,3.96,-1.6538686317913367,4.089961688766505,4.0787477
2018-12-22 21:30:00,5.51,4.61,5.4,4.28,-1.0079830111916017,4.009705438581873,4.1051087
2018-12-22 21:45:00,4.43,5.51,5.44,4.25,-0.0032372893036587413,4.799864690453153,4.326774
2018-12-22 22:00:00,4.1,4.43,5.44,4.18,-1.1372443730932176,4.211051635128648,4.003871
2018-12-22 22:15:00,3.46,4.1,5.18,3.74,-1.1136791086607651,3.9969416244406535,3.9639528
2018-12-22 22:30:00,3.38,3.46,5.26,3.31,-1.2190581903904487,3.3845574182658384,3.4246967
2018-12-22 22:45:00,3.42,3.38,5.15,4.07,-0.9366339340124554,3.353116138670264,3.39129
2018-12-22 23:00:00,3.38,3.42,5.15,3.56,-1.2516695454098503,3.388121347168448,3.4522517
2018-12-22 23:15:00,3.35,3.38,5.11,3.17,-1.0094154936499322,3.366770465835439,3.3449852
2018-12-22 23:30:00,3.31,3.35,4.57,3.24,-0.7415363116603864,3.359124933710995,3.2776864
2018-12-22 23:45:00,3.31,3.31,4.0,3.2,-0.4792445591918444,3.3458947353997863,3.2809927
2018-12-23 00:00:00,3.78,3.31,3.31,4.21,-1.4387719443422,5.2843991776714,3.4682257
2018-12-23 00:15:00,3.31,3.78,4.0,3.24,-0.753365747511225,3.492535438711031,3.4621775
2018-12-23 00:30:00,3.35,3.31,4.0,3.28,-0.7604790869729463,3.29632057500709,3.262758
2018-12-23 00:45:00,3.42,3.35,4.0,3.28,-0.41313565103274996,3.3300920737499986,3.286732
2018-12-23 01:00:00,4.93,3.42,4.1,3.85,-0.7152337368980888,3.382157520241598,3.540757
2018-12-23 01:15:00,4.93,4.93,3.96,4.18,0.7997462002061617,4.151778727558492,4.366374
2018-12-23 01:30:00,4.14,4.93,4.03,4.07,1.1565290776623058,4.2650026424670715,4.1696105
2018-12-23 01:45:00,4.07,4.14,4.03,4.07,0.9083061206656993,3.9855616084613423,3.971904
2018-12-23 02:00:00,3.49,4.07,3.96,3.92,0.36918278854930975,3.971537710363529,4.148001
2018-12-23 02:15:00,3.46,3.49,4.07,3.28,0.28534244482677096,3.39773863560084,3.4760382
2018-12-23 02:30:00,3.49,3.46,4.07,3.42,0.5970995859173485,3.397201628062474,3.4650767
2018-12-23 02:45:00,3.42,3.49,3.67,3.53,0.7928494411170348,3.4170379362485663,3.4898283
2018-12-23 03:00:00,3.42,3.42,3.31,4.14,0.3906367375579265,3.4094314623377917,3.4395401
2018-12-23 03:15:00,3.46,3.42,3.82,3.56,0.6342211211952211,3.40425622978064,3.435912
2018-12-23 03:30:00,3.42,3.46,4.07,3.35,0.9085874206968043,3.408824032678696,3.4029167
2018-12-23 03:45:00,3.53,3.42,3.42,3.38,1.0556965375803387,3.400349101041987,3.4026916
2018-12-23 04:00:00,3.46,3.53,3.38,3.42,0.6624142310314483,3.4976619015622363,3.6026943
2018-12-23 04:15:00,3.42,3.46,3.31,3.42,0.8303503976965949,3.418247608612005,3.5690887
2018-12-23 04:30:00,3.6,3.42,3.38,3.42,1.034082267881729,3.4079883068762045,3.535598
2018-12-23 04:45:00,4.14,3.6,3.35,3.38,1.404591288541699,3.610917715603292,3.5414093
2018-12-23 05:00:00,5.18,4.14,3.38,4.07,1.4064584910622209,3.9146251255229547,3.8259966
2018-12-23 05:15:00,4.64,5.18,3.42,4.14,2.4186456936519853,4.76117240108051,4.183535
2018-12-23 05:30:00,4.1,4.64,3.96,4.07,2.231907680507561,4.020344781249314,3.9296467
2018-12-23 05:45:00,3.49,4.1,4.07,4.07,1.9705796872394359,3.999920421902916,3.8953373
2018-12-23 06:00:00,3.38,3.49,4.07,3.53,0.9507165187544828,3.420269856110696,3.4805028
2018-12-23 06:15:00,3.35,3.38,4.0,3.31,0.9564058399060968,3.3368335083639726,3.3586214
2018-12-23 06:30:00,3.46,3.35,3.38,3.35,1.0420341092650425,3.3327527581912775,3.3390367
2018-12-23 06:45:00,3.38,3.46,3.35,3.64,1.2198590931610198,3.421596771626048,3.4483898
2018-12-23 07:00:00,3.38,3.38,3.35,4.07,0.673608462017242,3.3850976045506456,3.419625
2018-12-23 07:15:00,3.38,3.38,3.31,3.38,0.686825129202326,3.381328853153089,3.3555982
2018-12-23 07:30:00,3.38,3.38,3.85,3.28,0.8167162619764206,3.531748342833843,3.4649527
2018-12-23 07:45:00,3.42,3.38,4.03,3.89,1.0914298369602804,4.079839207455943,3.620794
2018-12-23 08:00:00,3.49,3.42,3.35,3.96,0.6481556467655487,4.057096177880178,3.5897748
2018-12-23 08:15:00,4.07,3.49,3.31,39.35,7.594875943691871,16.486233241741573,19.39404
2018-12-23 08:30:00,4.97,4.07,3.24,63.54,13.643322661120461,4.686009564194819,6.8282003
2018-12-23 08:45:00,4.82,4.97,3.38,65.02,13.8045755820452,8.96826337421059,7.6825576
2018-12-23 09:00:00,4.28,4.82,3.82,63.79,13.154881955717562,8.759710621186974,7.1344304
2018-12-23 09:15:00,3.92,4.28,4.28,61.7,12.592878885921643,9.841093272125727,6.300077
2018-12-23 09:30:00,3.71,3.92,4.28,64.8,12.632439652990794,4.289624697279899,5.0116277
2018-12-23 09:45:00,3.64,3.71,4.32,51.16,12.033683205386545,4.04195155324333,3.563062
2018-12-23 10:00:00,3.64,3.64,4.21,55.01,10.788438604021938,3.72784454703538,3.5033462
2018-12-23 10:15:00,3.67,3.64,3.6,61.81,11.108549805453027,3.8007770917485324,3.4283426
2018-12-23 10:30:00,3.71,3.67,3.6,72.18,12.325940319016393,4.370187077744498,3.6478035
2018-12-23 10:45:00,3.71,3.71,3.6,54.86,10.795515599799021,4.334587081555129,3.8507369
2018-12-23 11:00:00,3.74,3.71,3.6,66.78,12.302934133567817,4.547768205266214,3.7760842
2018-12-23 11:15:00,3.78,3.74,3.6,69.95,13.632679868589841,4.456569439376103,3.8035095
2018-12-23 11:30:00,3.71,3.78,3.6,53.35,10.963686308479204,4.3904607309175026,3.944236
2018-12-23 11:45:00,3.74,3.71,3.6,55.51,11.425973679447296,4.374156035190201,3.6770089
2018-12-23 12:00:00,3.96,3.74,3.6,11.81,7.93605637807131,4.476564636884825,3.624921
2018-12-23 12:15:00,4.86,3.96,3.71,5.65,-0.49618220212329334,4.527546748226254,3.8822658
2018-12-23 12:30:00,5.54,4.86,4.39,5.54,-0.3678193599379789,7.709708918322238,5.5347853
2018-12-23 12:45:00,4.54,5.54,4.1,5.44,0.1559278795660468,6.475607437470766,4.8633013
2018-12-23 13:00:00,4.36,4.54,3.71,5.33,-1.1862198040752325,5.4721487287133215,4.2791967
2018-12-23 13:15:00,3.67,4.36,4.28,36.47,5.901420342675127,12.191693355271656,7.9855113
2018-12-23 13:30:00,3.67,3.67,4.25,63.72,10.877484565147615,4.507324635333964,5.8981805
2018-12-23 13:45:00,3.67,3.67,4.25,64.8,10.384628540714118,4.559697251880949,3.8387625
2018-12-23 14:00:00,3.67,3.67,4.21,61.85,9.74244090335451,4.315282491066362,3.5179179
2018-12-23 14:15:00,3.71,3.67,3.67,57.89,11.254897517111555,4.500494045156493,3.3780637
2018-12-23 14:30:00,3.67,3.71,3.46,54.36,11.959747032877704,5.050001916746421,3.8945968
2018-12-23 14:45:00,3.67,3.67,3.49,47.38,10.33246656280771,4.9371854210812725,3.6538198
2018-12-23 15:00:00,3.67,3.67,3.53,43.49,9.640650724223846,5.036563785381057,3.4314845
2018-12-23 15:15:00,3.64,3.67,3.56,45.4,10.006772934354956,4.919910169733856,3.6548026
2018-12-23 15:30:00,3.67,3.64,3.53,60.55,10.412054529785486,3.6086145872259325,3.6729496
2018-12-23 15:45:00,3.74,3.67,3.56,48.42,11.080826479448604,4.517278092656284,3.7024398
2018-12-23 16:00:00,4.36,3.74,3.56,63.22,11.812332501023647,4.138199056454807,3.7283437
2018-12-23 16:15:00,4.36,4.36,3.49,62.64,12.655030536936662,5.762916080978524,4.604478
2018-12-23 16:30:00,5.0,4.36,3.53,66.02,10.94594154809775,5.089978786839743,4.631419
2018-12-23 16:45:00,5.33,5.0,3.56,35.42,9.14361860805446,5.220934204903632,4.101517
2018-12-23 17:00:00,3.6,5.33,4.68,9.11,8.460583257060748,5.176292014149886,4.1808667
2018-12-23 17:15:00,3.56,3.6,5.44,8.06,5.432056659606882,3.6776415811816316,3.469003
2018-12-23 17:30:00,3.6,3.56,4.46,7.74,4.646074765622892,3.608452117694704,3.5643098
2018-12-23 17:45:00,3.67,3.6,4.28,7.85,2.1078704702704094,3.6792795565830465,3.532933
2018-12-23 18:00:00,3.49,3.67,4.07,6.73,-0.8753590175927037,3.7210159667936926,3.497084
2018-12-23 18:15:00,3.49,3.49,3.6,5.22,-2.9969514737755496,3.4425038271656514,3.7801902
2018-12-23 18:30:00,3.49,3.49,3.67,5.69,-3.265592983531292,3.443812740132967,3.623987
2018-12-23 18:45:00,3.64,3.49,3.67,5.72,-3.0327586043024475,3.4450281011322232,3.5792096
2018-12-23 19:00:00,3.64,3.64,3.71,5.69,-3.4030861293405685,3.6683569392723205,3.6291106
2018-12-23 19:15:00,4.03,3.64,3.74,5.72,-3.1473821109687847,3.689650821655712,3.6852276
2018-12-23 19:30:00,4.25,4.03,3.71,5.44,-2.6171065639562805,3.986411156955707,3.928558
2018-12-23 19:45:00,4.28,4.25,3.74,4.46,-2.284427754909956,4.081347867615765,4.009639
2018-12-23 20:00:00,4.25,4.28,3.67,4.5,-2.6415459231498417,4.087371987102487,3.8875096
2018-12-23 20:15:00,4.0,4.25,3.67,4.46,-2.4271662718777165,4.173736164998529,4.13457
2018-12-23 20:30:00,3.49,4.0,3.67,4.5,-2.3495356026187437,4.000598056790003,3.9779093
2018-12-23 20:45:00,4.21,3.49,3.67,4.54,-2.3678383533311447,3.4183600792508657,3.5349276
2018-12-23 21:00:00,4.14,4.21,4.18,4.46,-2.234649226200883,4.165787977190797,4.0699773
2018-12-23 21:15:00,3.49,4.14,4.61,4.5,-1.932559545561066,4.127958667963503,3.9873116
2018-12-23 21:30:00,3.42,3.49,5.51,4.5,-1.9781604620469828,3.421668787818371,3.471223
2018-12-23 21:45:00,3.46,3.42,4.43,4.57,-1.8365151573799636,3.3945410987627724,3.5388935
2018-12-23 22:00:00,3.53,3.46,4.1,4.57,-2.174455379002808,3.410460432541883,3.5616891
2018-12-23 22:15:00,3.2,3.53,3.46,4.25,-1.868332561608348,3.529689075581854,3.427129
2018-12-23 22:30:00,3.2,3.2,3.38,4.25,-1.7583333116168731,3.278111562313033,3.171858
2018-12-23 22:45:00,3.2,3.2,3.42,4.18,-1.4094579734110653,3.261523348492308,3.2276385
2018-12-23 23:00:00,3.96,3.2,3.38,5.44,-1.638220284413272,3.280195846237091,3.2481148
2018-12-23 23:15:00,4.0,3.96,3.35,4.82,-0.8162367801310495,3.543916478925139,3.6210458
2018-12-23 23:30:00,4.0,4.0,3.31,4.14,-0.5138337096731753,3.613440754804122,3.6151783
2018-12-23 23:45:00,4.0,4.0,3.31,4.18,-0.17367602971912532,3.7054133579221027,3.6173537
2018-12-24 00:00:00,3.78,4.0,3.78,4.57,3.6351588233881778,8.187229021993616,3.5570543
2018-12-24 00:15:00,3.35,3.78,3.31,4.25,3.820270082978986,3.737510277764486,3.782303
2018-12-24 00:30:00,3.38,3.35,3.35,4.18,3.852906188699915,3.3386707183220556,3.4197924
2018-12-24 00:45:00,3.38,3.38,3.42,4.21,4.185356808174259,3.358170051054961,3.4962485
2018-12-24 01:00:00,3.96,3.38,4.93,4.21,3.9180709123359705,3.3713960795102547,4.374678
2018-12-24 01:15:00,3.89,3.96,4.93,4.21,4.684701182917113,3.619879963835188,4.691284
2018-12-24 01:30:00,3.38,3.89,4.14,4.36,4.912497662847834,3.7277329662805307,4.791682
2018-12-24 01:45:00,3.35,3.38,4.07,4.28,4.865467554353444,3.3458355940271827,3.477843
2018-12-24 02:00:00,3.49,3.35,3.49,4.28,4.4430895301377475,3.3450205051382342,3.3849423
2018-12-24 02:15:00,3.38,3.49,3.46,4.28,4.853663534130003,3.4239718484353907,3.4150507
2018-12-24 02:30:00,3.42,3.38,3.49,3.71,5.075016257945972,3.3847984791940293,3.4206293
2018-12-24 02:45:00,4.0,3.42,3.42,4.32,5.3518768839226745,3.4122769249528986,3.4446442
2018-12-24 03:00:00,4.07,4.0,3.42,3.82,5.370211636660464,3.891411360433196,3.764149
2018-12-24 03:15:00,4.14,4.07,3.46,3.53,5.699519076955816,3.7659793637974577,3.7532785
2018-12-24 03:30:00,4.1,4.14,3.42,3.53,5.999134268282766,3.8688464552819117,3.8480394
2018-12-24 03:45:00,3.96,4.1,3.53,3.53,6.101449644483111,4.006529797070648,4.044522
2018-12-24 04:00:00,3.35,3.96,3.46,3.6,5.539638253285148,3.903479542914231,4.1882443
2018-12-24 04:15:00,3.38,3.35,3.42,3.53,5.364521041743785,3.322380404239208,3.6809504
2018-12-24 04:30:00,3.64,3.38,3.6,3.53,5.61623107512213,3.3515531455874776,3.4019368
2018-12-24 04:45:00,4.07,3.64,4.14,4.1,6.115204747751896,3.678739365991837,4.60129
2018-12-24 05:00:00,3.42,4.07,5.18,4.25,6.066161233164504,3.719343043616293,4.8200674
2018-12-24 05:15:00,3.31,3.42,4.64,4.28,5.754136593603029,3.3848553496270792,3.4274619
2018-12-24 05:30:00,3.35,3.31,4.1,4.25,5.791252061248258,3.327309520183927,3.3229764
2018-12-24 05:45:00,3.35,3.35,3.49,3.64,5.860982918589137,3.3475635790523754,3.3037026
2018-12-24 06:00:00,3.35,3.35,3.38,3.49,5.315073460463637,3.3800486759644675,3.35274
2018-12-24 06:15:00,3.38,3.35,3.35,3.46,5.433297132546521,3.3797480660371066,3.3482435
2018-12-24 06:30:00,3.6,3.38,3.46,4.32,5.67368716575335,3.395637497803481,3.3883958
2018-12-24 06:45:00,4.03,3.6,3.38,3.6,5.895089764967594,3.5793100320005564,3.5400994
2018-12-24 07:00:00,4.0,4.03,3.38,3.42,5.654235175829182,3.6919085370956313,3.7687876
2018-12-24 07:15:00,3.96,4.0,3.38,3.49,5.729532838854233,3.741649148031956,4.0844545
2018-12-24 07:30:00,4.54,3.96,3.38,4.36,5.8583936331445265,4.034368668349405,4.0007277
2018-12-24 07:45:00,5.36,4.54,3.42,6.19,6.657787179293681,5.652889744502609,6.6353865
2018-12-24 08:00:00,6.52,5.36,3.49,6.3,6.8792846960837615,6.770306788928883,6.6060953
2018-12-24 08:15:00,21.89,6.52,4.07,6.48,12.120819164792724,22.383579244789953,29.627853
2018-12-24 08:30:00,59.62,21.89,4.97,53.35,32.01404592075032,54.205896898715274,47.599674
2018-12-24 08:45:00,64.58,59.62,4.82,46.94,59.8134000765072,65.93828863476297,61.625484
2018-12-24 09:00:00,67.18,64.58,4.28,52.06,64.7203159204562,66.94278914884002,64.31108
2018-12-24 09:15:00,69.44,67.18,3.92,54.83,65.09012183396109,67.56944467854157,63.858738
2018-12-24 09:30:00,65.38,69.44,3.71,56.12,62.5950976061916,63.739160716172286,61.99703
2018-12-24 09:45:00,67.0,65.38,3.64,58.0,60.590831632655124,65.31859484433365,65.36919
2018-12-24 10:00:00,56.27,67.0,3.64,50.08,59.365261702928905,65.36968086567286,62.45133
2018-12-24 10:15:00,54.18,56.27,3.67,46.04,56.874235370229265,59.93463067546094,57.674377
2018-12-24 10:30:00,58.39,54.18,3.71,49.54,56.45812855581675,58.84319879333078,58.9746
2018-12-24 10:45:00,54.86,58.39,3.71,54.14,59.787623854374445,59.157166537165864,58.726433
2018-12-24 11:00:00,54.18,54.86,3.74,53.78,58.13093592147811,58.28545075649199,57.055756
2018-12-24 11:15:00,55.55,54.18,3.78,52.67,58.51787666779817,58.391880323232364,59.254856
2018-12-24 11:30:00,53.21,55.55,3.71,55.84,58.177258746451585,57.89114913405002,56.244698
2018-12-24 11:45:00,53.03,53.21,3.74,49.64,56.49003586615134,57.2592283745038,56.052654
2018-12-24 12:00:00,40.64,53.03,3.96,54.5,55.753380562377956,55.688419490734084,51.198387
2018-12-24 12:15:00,6.91,40.64,4.86,11.12,31.39848569330612,12.980397306682974,8.581036
2018-12-24 12:30:00,6.91,6.91,5.54,7.06,9.235502177056578,6.481543716185538,7.4570045
2018-12-24 12:45:00,6.48,6.91,4.54,7.13,8.708455556182248,6.865389425673869,8.881484
2018-12-24 13:00:00,6.12,6.48,4.36,8.21,6.863651871568816,6.399182072502601,7.667837
2018-12-24 13:15:00,34.49,6.12,3.67,33.26,13.09894512210472,38.14274606649853,40.04235
2018-12-24 13:30:00,46.98,34.49,3.67,56.99,40.56430310539634,64.67965477819973,56.04031
2018-12-24 13:45:00,38.2,46.98,3.67,56.59,50.494460619366095,54.74024397774689,53.41038
2018-12-24 14:00:00,37.84,38.2,3.67,55.08,43.75944875305908,40.81241591517452,43.19961
2018-12-24 14:15:00,43.45,37.84,3.71,51.05,41.381231090583114,41.675983129905674,43.16376
2018-12-24 14:30:00,63.9,43.45,3.67,47.95,45.32573737120276,48.460018987650486,47.504974
2018-12-24 14:45:00,38.48,63.9,3.67,57.82,61.120989040623485,55.63619999374692,56.234737
2018-12-24 15:00:00,38.12,38.48,3.67,59.11,43.281276480534466,41.83022376919518,45.42861
2018-12-24 15:15:00,45.25,38.12,3.64,60.62,43.58579076126645,42.62001714870828,41.18669
2018-12-24 15:30:00,51.12,45.25,3.67,53.6,46.011970632778784,53.381850167498,50.461002
2018-12-24 15:45:00,45.72,51.12,3.74,60.44,52.68044290690369,53.976574930995795,52.14043
2018-12-24 16:00:00,51.7,45.72,4.36,67.5,49.07298734392484,50.15506540601142,48.615288
2018-12-24 16:15:00,47.2,51.7,4.36,85.86,54.6052272152306,54.646508737621915,53.299114
2018-12-24 16:30:00,69.55,47.2,5.0,82.33,48.93320474314602,53.019328273335404,52.040936
2018-12-24 16:45:00,44.82,69.55,5.33,59.8,64.152845961588,58.06970657352247,55.554813
2018-12-24 17:00:00,40.86,44.82,3.6,60.37,47.27201610391691,52.18135342621339,48.250175
2018-12-24 17:15:00,33.66,40.86,3.56,56.38,47.56688673618905,44.258063536570894,43.356827
2018-12-24 17:30:00,9.86,33.66,3.6,52.99,40.541370632251414,39.70522267234042,35.473705
2018-12-24 17:45:00,6.73,9.86,3.67,35.35,20.956979401249665,6.622935318643507,6.1506147
2018-12-24 18:00:00,5.29,6.73,3.49,31.32,15.331394296480447,6.214148149342828,6.95879
2018-12-24 18:15:00,5.22,5.29,3.49,16.09,10.605311851625899,4.998502212490897,7.7046084
2018-12-24 18:30:00,5.18,5.22,3.49,6.37,9.203824283197491,4.952034646606145,6.2718453
2018-12-24 18:45:00,5.33,5.18,3.64,5.8,8.909870142077441,4.958236177203579,5.7877116
2018-12-24 19:00:00,5.04,5.33,3.64,5.54,8.43762450188363,5.016554685690327,5.9507084
2018-12-24 19:15:00,4.14,5.04,4.03,5.54,8.386523617334245,4.813883836099536,6.133973
2018-12-24 19:30:00,4.18,4.14,4.25,5.62,7.717546487119936,4.060731841357367,4.9235625
2018-12-24 19:45:00,4.1,4.18,4.28,5.54,7.939865618439068,4.083073139110166,4.4327006
2018-12-24 20:00:00,4.18,4.1,4.25,5.62,7.458957201465758,3.9950615757095207,4.502744
2018-12-24 20:15:00,4.1,4.18,4.0,5.54,3.0389279478751945,4.148018022116889,4.590685
2018-12-24 20:30:00,4.14,4.1,3.49,4.75,3.1767333792440837,4.027837090357423,4.157853
2018-12-24 20:45:00,4.21,4.14,4.21,4.46,3.5072589797889755,4.119963591856716,4.121232
2018-12-24 21:00:00,4.18,4.21,4.14,4.46,3.172534347504122,4.16004360831141,4.1765757
2018-12-24 21:15:00,4.18,4.18,3.49,4.43,3.4496166836762363,4.142571949906662,4.1734695
2018-12-24 21:30:00,4.14,4.18,3.42,4.43,3.770484993406445,4.140785699819181,4.208076
2018-12-24 21:45:00,4.18,4.14,3.46,4.46,4.0117904148462245,4.114238900237196,4.213783
2018-12-24 22:00:00,5.4,4.18,3.53,4.46,3.707315584969045,4.140724728701904,4.1698127
2018-12-24 22:15:00,4.5,5.4,3.2,4.14,9.666561408062655,4.904324719204229,4.2821503
2018-12-24 22:30:00,3.92,4.5,3.2,4.18,9.444067845707892,4.269707840839723,4.7604117
2018-12-24 22:45:00,3.89,3.92,3.2,4.21,9.401230661879428,3.8923705618260156,3.869303
2018-12-24 23:00:00,3.85,3.89,3.96,4.18,9.032852207180465,3.8366612730360288,3.8207824
2018-12-24 23:15:00,3.85,3.85,4.0,4.14,4.922123551468069,3.8346755584957815,3.8195555
2018-12-24 23:30:00,3.82,3.85,4.0,4.07,5.2165635832868915,3.8432663554671165,3.822028
2018-12-24 23:45:00,3.85,3.82,4.0,4.07,5.524703228270724,3.8158906175517555,3.7791073
2018-12-25 00:00:00,3.13,3.85,3.78,4.14,3.3745916634395456,6.170977780655772,3.8721411
2018-12-25 00:15:00,3.85,3.13,3.35,5.22,3.2815443794176744,3.19085286102539,3.3428228
2018-12-25 00:30:00,3.92,3.85,3.38,4.68,4.0444688048220705,3.7924874026962136,3.7751334
2018-12-25 00:45:00,3.89,3.92,3.38,4.14,4.376052265981123,3.910360386915232,3.8384268
2018-12-25 01:00:00,3.85,3.89,3.96,4.1,4.084214118994275,3.653726223146496,3.67433
2018-12-25 01:15:00,3.56,3.85,3.89,4.18,4.292327044344972,3.7997180561646005,3.8417256
2018-12-25 01:30:00,3.2,3.56,3.38,4.07,4.396298048371406,3.588989340064572,3.614432
2018-12-25 01:45:00,3.92,3.2,3.35,4.18,4.484341795043527,3.235389885066584,3.279867
2018-12-25 02:00:00,3.64,3.92,3.49,4.1,4.609761473182068,3.864659001249764,3.7844665
2018-12-25 02:15:00,3.17,3.64,3.38,4.18,4.7856091295178445,3.6621091414114866,3.5290434
2018-12-25 02:30:00,3.17,3.17,3.42,4.14,4.829892532893396,3.1914747240876693,3.161555
2018-12-25 02:45:00,3.2,3.17,4.0,4.21,5.001848644719971,3.2021053278872165,3.217374
2018-12-25 03:00:00,3.24,3.2,4.07,4.18,4.62732477073984,3.2506346400036574,3.2600439
2018-12-25 03:15:00,3.2,3.24,4.14,3.6,4.879944960435836,3.345795938988918,3.2557905
2018-12-25 03:30:00,3.2,3.2,4.1,3.42,5.090524490545626,3.2859138191024964,3.2649596
2018-12-25 03:45:00,3.28,3.2,3.96,3.42,5.291505137544178,3.285982857868809,3.2592375
2018-12-25 04:00:00,3.96,3.28,3.35,3.38,4.828906475585452,3.3455925643255737,3.480127
2018-12-25 04:15:00,3.96,3.96,3.38,3.42,5.584068001091062,3.516051131239601,3.957805
2018-12-25 04:30:00,3.92,3.96,3.64,3.71,5.871101555394247,3.6121944207735464,3.643625
2018-12-25 04:45:00,3.89,3.92,4.07,4.18,6.141843572307476,3.647756885068778,3.659249
2018-12-25 05:00:00,3.35,3.89,3.42,3.53,5.502094092739682,3.7975259151515632,3.8133714
2018-12-25 05:15:00,3.24,3.35,3.31,3.46,5.306297624530888,3.323452543861279,3.2993257
2018-12-25 05:30:00,3.35,3.24,3.35,3.38,5.392002786411439,3.305703428948906,3.2745864
2018-12-25 05:45:00,3.96,3.35,3.35,4.03,5.662074799853258,3.3559365772028715,3.301442
2018-12-25 06:00:00,3.71,3.96,3.35,4.14,5.640153438094536,3.6028277568193636,3.6748488
2018-12-25 06:15:00,3.17,3.71,3.38,3.6,5.567484500126948,3.624153106842385,3.5203707
2018-12-25 06:30:00,3.2,3.17,3.6,3.38,5.306376404642538,3.1903222611026854,3.1266053
2018-12-25 06:45:00,3.2,3.2,4.03,3.35,5.441969719090054,3.2470090611523266,3.2197149
2018-12-25 07:00:00,3.17,3.2,4.0,3.31,4.857012694555351,3.2466625139335368,3.2059844
2018-12-25 07:15:00,3.24,3.17,3.96,3.28,4.899975684410329,3.2334287573150093,3.2020352
2018-12-25 07:30:00,3.85,3.24,4.54,3.42,5.097741788860848,3.623482372525425,3.4925916
2018-12-25 07:45:00,3.92,3.85,5.36,5.58,6.009278518124837,4.5031103802709005,4.3035026
2018-12-25 08:00:00,3.89,3.92,6.52,7.27,5.821012866506859,4.675719675872886,3.8674538
2018-12-25 08:15:00,3.89,3.89,21.89,38.38,12.669826253650642,30.296858438904547,26.603485
2018-12-25 08:30:00,3.49,3.89,59.62,72.86,21.521814287624053,4.817560908455469,8.307856
2018-12-25 08:45:00,3.24,3.49,64.58,66.42,20.450145562104332,3.6202644333918594,4.399907
2018-12-25 09:00:00,3.38,3.24,67.18,81.4,20.97583379159971,3.383555605597357,3.8335433
2018-12-25 09:15:00,3.49,3.38,69.44,66.28,20.011565108027703,3.5079582953364077,3.9920812
2018-12-25 09:30:00,3.46,3.49,65.38,78.3,20.562482925584796,3.5390902657820287,4.0489087
2018-12-25 09:45:00,3.82,3.46,67.0,77.72,21.547651876399563,3.5284355552164834,3.5007243
2018-12-25 10:00:00,3.96,3.82,56.27,74.59,19.24806424597593,3.9176864811528236,3.9191742
2018-12-25 10:15:00,3.42,3.96,54.18,63.04,18.22628153107498,4.263135193810835,4.9744825
2018-12-25 10:30:00,3.53,3.42,58.39,58.68,17.806520869895348,3.4959577219124602,3.577353
2018-12-25 10:45:00,3.46,3.53,54.86,62.96,17.98210078004957,3.7659070376636268,3.911725
2018-12-25 11:00:00,3.46,3.46,54.18,68.36,18.98180523146094,3.50827253445464,3.4247046
2018-12-25 11:15:00,3.78,3.46,55.55,60.05,19.16056601428992,3.5347296433322883,3.1119854
2018-12-25 11:30:00,4.18,3.78,53.21,58.82,17.843625909317097,3.854258820036144,3.6959696
2018-12-25 11:45:00,4.28,4.18,53.03,64.73,18.84766529653176,6.879771024277909,5.4728947
2018-12-25 12:00:00,4.18,4.28,40.64,67.54,17.47103295218333,10.699309873665554,5.1072936
2018-12-25 12:15:00,4.07,4.18,6.91,8.14,3.3175798239493908,5.177329670366333,4.6621857
2018-12-25 12:30:00,3.56,4.07,6.91,8.64,2.699555032846277,4.969918778238127,4.5093894
2018-12-25 12:45:00,3.53,3.56,6.48,8.78,2.3704928365612545,3.7659656825077166,3.8485734
2018-12-25 13:00:00,3.53,3.53,6.12,9.4,1.7160135187571122,3.7705463507237,3.4432476
2018-12-25 13:15:00,5.04,3.53,34.49,52.45,11.618777276582705,3.628912041400191,4.964923
2018-12-25 13:30:00,4.07,5.04,46.98,67.46,17.839567024797546,10.897308527440677,18.487015
2018-12-25 13:45:00,3.42,4.07,38.2,62.53,15.970972778271184,5.503730404647593,6.301867
2018-12-25 14:00:00,3.42,3.42,37.84,62.46,14.996841228072114,4.462155174086061,3.1003387
2018-12-25 14:15:00,3.49,3.42,43.45,67.18,17.444621030398878,4.177838587284066,4.0226493
2018-12-25 14:30:00,3.46,3.49,63.9,113.51,22.626429969768914,3.5206869664478027,3.5557318
2018-12-25 14:45:00,3.53,3.46,38.48,99.5,19.116671640706947,3.5110607263058653,3.5668147
2018-12-25 15:00:00,4.14,3.53,38.12,68.0,16.45647688489617,3.5350599629565296,4.1736746
2018-12-25 15:15:00,4.14,4.14,45.25,120.82,21.135498087688493,5.5571269026093795,5.7292356
2018-12-25 15:30:00,4.14,4.14,51.12,79.45,17.741846718392345,5.76758330522476,6.081311
2018-12-25 15:45:00,4.1,4.14,45.72,117.68,21.662835480423848,6.180035476340961,5.6620903
2018-12-25 16:00:00,3.67,4.1,51.7,114.08,20.914086938420805,5.151473678654207,6.8030276
2018-12-25 16:15:00,3.46,3.67,47.2,106.27,19.964087928241376,4.194027283980194,3.6764743
2018-12-25 16:30:00,3.42,3.46,69.55,93.28,17.737093807719468,3.704099145756993,3.5080886
2018-12-25 16:45:00,3.46,3.42,44.82,127.58,19.262376349379668,3.4560552070403956,3.8126357
2018-12-25 17:00:00,3.42,3.46,40.86,94.61,17.237801474519067,3.4653434570856234,3.8852646
2018-12-25 17:15:00,3.46,3.42,33.66,101.02,15.455372624943294,3.4337635312962447,3.4729078
2018-12-25 17:30:00,4.0,3.46,9.86,112.14,14.771205507608792,3.453653348271101,3.5171444
2018-12-25 17:45:00,4.0,4.0,6.73,68.08,9.76058181714745,3.99446931680976,3.4773614
2018-12-25 18:00:00,3.38,4.0,5.29,15.95,2.582454208826359,3.8669249886742856,3.8796608
2018-12-25 18:15:00,3.38,3.38,5.22,7.16,-0.2355710606873238,3.3554751320490754,3.70975
2018-12-25 18:30:00,3.74,3.38,5.18,5.58,-0.23106254884714517,3.3632213617410867,3.6588328
2018-12-25 18:45:00,4.1,3.74,5.33,5.65,0.2530937338498944,3.7452882138610835,3.6764557
2018-12-25 19:00:00,4.18,4.1,5.04,5.0,0.024633870601277863,3.7820158572243425,3.8875234
2018-12-25 19:15:00,4.1,4.18,4.14,4.5,0.2397200374590227,3.7963227727547837,4.234641
2018-12-25 19:30:00,4.18,4.1,4.18,4.39,0.37202317462834245,4.000130558645065,5.086119
2018-12-25 19:45:00,3.64,4.18,4.1,4.43,0.6477118128816031,4.129837964335081,4.1960106
2018-12-25 20:00:00,3.46,3.64,4.18,4.39,-0.09988906956048993,3.667678753124645,3.6645849
2018-12-25 20:15:00,3.46,3.46,4.1,4.43,0.0696525229066367,3.4020096997105806,3.5568273
2018-12-25 20:30:00,3.38,3.46,4.14,4.36,0.3575254794116347,3.40333178237475,3.48754
2018-12-25 20:45:00,3.42,3.38,4.21,4.39,0.5898539303358596,3.3835011940825126,4.4012375
2018-12-25 21:00:00,3.42,3.42,4.18,4.43,0.2475759888488973,3.408799404034768,4.4131775
2018-12-25 21:15:00,3.42,3.42,4.18,4.39,0.5842370555106591,3.408090035501688,4.4332366
2018-12-25 21:30:00,4.03,3.42,4.14,4.46,0.9269973672775578,3.4078827328668355,4.452349
2018-12-25 21:45:00,4.14,4.03,4.18,4.39,1.644006912621606,3.910277736906895,3.814687
2018-12-25 22:00:00,3.49,4.14,5.4,4.39,1.4975412909326664,3.871839331555576,3.857219
2018-12-25 22:15:00,3.2,3.49,4.5,4.25,1.2946420040309192,3.4176081407825025,3.3785617
2018-12-25 22:30:00,3.85,3.2,3.92,5.18,1.474618385481424,3.2493578963013423,3.2449906
2018-12-25 22:45:00,3.89,3.85,3.89,5.15,2.252819561429991,3.759594708201833,3.6812127
2018-12-25 23:00:00,3.89,3.89,3.85,4.14,1.8764342022903975,3.7620786421111565,3.660772
2018-12-25 23:15:00,3.85,3.89,3.85,4.14,2.202220245164362,3.617336098552402,3.6105335
2018-12-25 23:30:00,3.64,3.85,3.82,4.14,2.4161880566241365,3.7854542530385915,3.7899053
2018-12-25 23:45:00,3.31,3.64,3.85,4.1,2.6083787533225014,3.675440488267055,3.668903
2018-12-26 00:00:00,3.67,3.31,3.13,3.92,0.6501154375142768,5.2447768987973715,3.4115813
2018-12-26 00:15:00,3.24,3.67,3.85,4.14,1.2974130082884514,3.6686492314503196,3.6233542
2018-12-26 00:30:00,3.24,3.24,3.92,4.14,1.3520767653147594,3.307470177974343,3.309551
2018-12-26 00:45:00,3.2,3.24,3.89,4.14,1.6916245039819806,3.324324764501004,3.2955024
2018-12-26 01:00:00,3.31,3.2,3.85,4.21,1.3263929110357076,3.250044184033456,3.2594473
2018-12-26 01:15:00,3.24,3.31,3.56,4.14,1.7056713241382333,3.3569881863956144,3.3209822
2018-12-26 01:30:00,3.28,3.24,3.2,4.14,1.964684823597615,3.3462571289211516,3.285497
2018-12-26 01:45:00,3.24,3.28,3.92,4.18,2.3140103839483253,3.3501696274788033,3.2997959
2018-12-26 02:00:00,3.24,3.24,3.64,4.18,1.9025254920448624,3.3448903296787273,3.295408
2018-12-26 02:15:00,3.78,3.24,3.17,4.93,2.2867444986882717,3.3574613039309136,3.304115
2018-12-26 02:30:00,3.96,3.78,3.17,5.26,3.0685784337181836,3.504468541623103,3.505532
2018-12-26 02:45:00,4.97,3.96,3.2,4.14,3.3321144677406167,3.5469652927385793,3.7093775
2018-12-26 03:00:00,4.36,4.97,3.24,4.14,3.7264901594413935,4.242003287287397,4.0623984
2018-12-26 03:15:00,3.71,4.36,3.2,4.1,3.5468725742869083,4.079564330190871,3.605047
2018-12-26 03:30:00,3.28,3.71,3.2,4.25,3.3559892283211035,3.7107938268424627,3.7532408
2018-12-26 03:45:00,3.31,3.28,3.28,3.82,3.1845789302149257,3.308986865580008,3.5738432
2018-12-26 04:00:00,3.28,3.31,3.96,3.49,2.7213582315984546,3.3220883291053496,3.3582613
2018-12-26 04:15:00,3.28,3.28,3.96,3.42,2.9041338866796096,3.3196161097444143,3.2958372
2018-12-26 04:30:00,3.2,3.28,3.92,3.42,3.11374740977654,3.3461205154365463,3.3153749
2018-12-26 04:45:00,3.24,3.2,3.89,3.49,3.3168947977561345,3.28483644257265,3.2494066
2018-12-26 05:00:00,3.28,3.24,3.35,3.38,2.863214126866943,3.3416051383506713,3.2537262
2018-12-26 05:15:00,3.2,3.28,3.24,3.42,3.029359210384353,3.3473759528112885,3.2927544
2018-12-26 05:30:00,3.24,3.2,3.35,3.38,3.1331700043271695,3.284970544787282,3.260162
2018-12-26 05:45:00,3.2,3.24,3.96,3.42,3.3407255905307807,3.3449700886611424,3.2411234
2018-12-26 06:00:00,4.79,3.2,3.71,3.42,2.7867363121107083,3.284970544787282,3.2307155
2018-12-26 06:15:00,4.86,4.79,3.17,4.07,4.196747419887071,4.053196838082559,4.4476447
2018-12-26 06:30:00,3.92,4.86,3.2,4.18,4.4185270822020435,4.254392108588334,4.176643
2018-12-26 06:45:00,3.82,3.92,3.2,3.96,3.8836895523426342,3.6196278070845875,4.316928
2018-12-26 07:00:00,3.35,3.82,3.17,4.1,3.1381795725738257,3.738223879254011,3.831889
2018-12-26 07:15:00,3.17,3.35,3.24,4.1,2.896618694880683,3.3447587935817626,3.4272954
2018-12-26 07:30:00,3.42,3.17,3.85,4.07,2.8799878611861374,3.6935209239327027,3.4020827
2018-12-26 07:45:00,4.82,3.42,3.92,5.76,3.364763376643964,5.807215632254394,3.875963
2018-12-26 08:00:00,5.0,4.82,3.89,6.23,4.0577499411793205,5.895623029594932,5.6404157
2018-12-26 08:15:00,34.52,5.0,3.89,36.14,9.843088352920788,27.436229222076143,31.942028
2018-12-26 08:30:00,48.06,34.52,3.49,70.81,39.55754890855731,71.09762144761947,55.11035
2018-12-26 08:45:00,78.23,48.06,3.24,59.54,49.33190190816153,54.91615580867697,55.73664
2018-12-26 09:00:00,51.08,78.23,3.38,63.86,72.13408070258853,79.09065858891177,77.8665
2018-12-26 09:15:00,70.99,51.08,3.49,77.4,51.02149718576949,58.210733288493465,58.246094
2018-12-26 09:30:00,65.74,70.99,3.46,65.23,62.967391162324574,70.24824283986474,63.580807
2018-12-26 09:45:00,52.96,65.74,3.82,69.3,58.56669444212238,64.8768881881162,66.297325
2018-12-26 10:00:00,55.44,52.96,3.96,61.13,48.53806375915031,59.054758209177244,57.395775
2018-12-26 10:15:00,52.06,55.44,3.42,61.16,54.26929146314118,59.43937146720012,57.391094
2018-12-26 10:30:00,57.64,52.06,3.53,70.42,52.857213738160766,56.85204875873368,56.315075
2018-12-26 10:45:00,62.21,57.64,3.46,63.68,56.77048929728288,57.941120829592656,58.007637
2018-12-26 11:00:00,45.58,62.21,3.46,83.09,61.92922022596795,58.32680755840314,58.91744
2018-12-26 11:15:00,54.58,45.58,3.78,140.8,56.33898098653681,52.59544761584374,53.954636
2018-12-26 11:30:00,55.15,54.58,4.18,110.88,58.803378150909154,56.06599257147808,55.023468
2018-12-26 11:45:00,58.64,55.15,4.28,115.13,59.22186164272665,56.81735754337345,56.490223
2018-12-26 12:00:00,31.28,58.64,4.18,101.99,60.27291659775908,54.95612335480574,52.34812
2018-12-26 12:15:00,6.77,31.28,4.07,12.13,23.21881393689502,11.465094607629219,8.321421
2018-12-26 12:30:00,7.09,6.77,3.56,6.66,6.569722638637973,6.237629457866608,7.6637936
2018-12-26 12:45:00,6.95,7.09,3.53,6.8,5.956584804022157,7.001640155964566,7.73147
2018-12-26 13:00:00,6.41,6.95,3.53,6.98,3.875892489551564,7.078780573534069,7.459071
2018-12-26 13:15:00,20.66,6.41,5.04,62.42,11.776557689471307,38.511730569217704,37.72531
2018-12-26 13:30:00,59.9,20.66,4.07,116.46,30.085826957585017,57.867943728775145,46.92601
2018-12-26 13:45:00,55.3,59.9,3.42,89.86,58.67248010039563,66.51286733162962,58.35413
2018-12-26 14:00:00,51.41,55.3,3.42,98.03,56.29155132834103,58.513474559207864,56.993805
2018-12-26 14:15:00,57.02,51.41,3.49,149.18,57.21736797209375,57.35039606411712,55.412117
2018-12-26 14:30:00,43.06,57.02,3.46,116.64,54.16286420847178,58.07817429655763,58.191395
2018-12-26 14:45:00,41.4,43.06,3.53,105.48,43.15988656217326,48.589302393745506,45.4963
2018-12-26 15:00:00,52.92,41.4,4.14,145.22,45.91384448526628,45.22248641702673,43.475086
2018-12-26 15:15:00,53.42,52.92,4.14,101.38,49.13603560902544,53.592509749538316,52.59155
2018-12-26 15:30:00,40.68,53.42,4.14,130.46,53.66567368993857,55.94730456509745,54.758995
2018-12-26 15:45:00,40.64,40.68,4.1,115.24,43.66569546371392,44.48395904323928,43.9814
2018-12-26 16:00:00,41.47,40.64,3.67,125.21,43.31008687226029,44.73150101424554,44.863693
2018-12-26 16:15:00,56.2,41.47,3.46,133.56,44.881862339850954,46.16881570138382,46.97599
2018-12-26 16:30:00,59.04,56.2,3.42,81.65,51.04270125455877,54.77034363430167,54.32627
2018-12-26 16:45:00,54.68,59.04,3.46,62.68,51.41811607165259,55.52124498222847,57.220566
2018-12-26 17:00:00,57.67,54.68,3.42,125.5,53.75428879312899,55.74112228322964,54.05136
2018-12-26 17:15:00,54.79,57.67,3.46,68.0,53.05328472544739,55.10908048898228,55.21158
2018-12-26 17:30:00,34.42,54.79,4.0,40.5,46.99584853348927,50.20410908030692,46.89273
2018-12-26 17:45:00,9.5,34.42,4.0,31.68,32.81493536395881,32.9603965204064,31.238598
2018-12-26 18:00:00,5.22,9.5,3.38,26.82,14.313216089207206,6.278492336418322,8.4710245
2018-12-26 18:15:00,5.04,5.22,3.38,5.98,7.965278694728333,4.971882697232633,7.7580476
2018-12-26 18:30:00,5.04,5.04,3.74,5.47,7.110851546885151,4.724492086068656,6.736117
2018-12-26 18:45:00,5.08,5.04,4.1,5.54,6.520862405966948,4.75827002283356,6.3372645
2018-12-26 19:00:00,5.08,5.08,4.18,5.44,6.00679203924788,4.8654523608096865,5.690118
2018-12-26 19:15:00,4.68,5.08,4.1,5.47,6.191294422412284,4.864230761810232,6.17527
2018-12-26 19:30:00,3.92,4.68,4.18,5.47,5.870249397994421,4.667654859516393,6.068154
2018-12-26 19:45:00,3.89,3.92,3.64,5.4,5.260263863775872,3.8914074177683875,4.6710587
2018-12-26 20:00:00,3.85,3.89,3.46,5.33,4.767443082257646,3.8008076710873837,4.4428196
2018-12-26 20:15:00,3.89,3.85,3.46,5.36,0.276955928751601,3.795710266263913,4.419944
2018-12-26 20:30:00,3.89,3.89,3.38,5.33,0.572952665912748,3.8469123211469705,3.9377868
2018-12-26 20:45:00,3.96,3.89,3.42,5.44,0.8874140947211409,3.8469123211469705,3.959315
2018-12-26 21:00:00,3.89,3.96,3.42,5.4,0.5771828354880775,3.920586265429456,3.9658134
2018-12-26 21:15:00,3.96,3.89,3.42,5.4,0.8504444787789112,3.846321446121822,3.946883
2018-12-26 21:30:00,4.0,3.96,4.03,5.04,1.2132933902502572,3.9216640928762385,3.9772613
2018-12-26 21:45:00,3.96,4.0,4.14,4.25,1.4456513672348166,3.9577134725722036,3.9968693
2018-12-26 22:00:00,4.07,3.96,3.49,4.39,1.1153692981056267,3.9175572318005947,3.989505
2018-12-26 22:15:00,4.0,4.07,3.2,4.03,6.158308479728873,4.031870373008357,3.8938024
2018-12-26 22:30:00,4.9,4.0,3.85,4.03,6.456380225106564,3.98474448855159,3.8400834
2018-12-26 22:45:00,4.1,4.9,3.89,3.96,7.511668327067948,4.635844399588317,4.2614384
2018-12-26 23:00:00,3.71,4.1,3.89,4.07,6.654580441840231,3.9758567330567627,4.6880426
2018-12-26 23:15:00,3.74,3.71,3.85,4.03,2.3404869806425843,3.7421539977348446,3.7049563
2018-12-26 23:30:00,3.64,3.74,3.64,3.92,2.603181578283028,3.7612342735555586,3.8453524
2018-12-26 23:45:00,3.67,3.64,3.31,3.96,2.8356332267248554,3.6660438685693606,3.6719563
2018-12-27 00:00:00,3.74,3.67,3.67,3.89,2.052091280134512,4.360298716134596,3.6792533
2018-12-27 00:15:00,3.64,3.74,3.24,4.03,2.4341667829222793,3.7809550137515187,3.770058
2018-12-27 00:30:00,3.74,3.64,3.24,4.03,2.7184165968813545,3.6661465095274717,3.6865857
2018-12-27 00:45:00,3.71,3.74,3.2,4.0,3.1055153616687683,3.782574889527916,3.770158
2018-12-27 01:00:00,3.71,3.71,3.31,4.0,2.77570026991463,3.7415365378885843,3.7045429
2018-12-27 01:15:00,3.67,3.71,3.24,4.0,3.105428817738403,3.741325238550644,3.6947515
2018-12-27 01:30:00,3.67,3.67,3.28,4.1,3.382096768482576,3.686725344441073,3.663358
2018-12-27 01:45:00,3.78,3.67,3.24,4.0,3.6760318214713372,3.6854123992019283,3.6875684
2018-12-27 02:00:00,4.18,3.78,3.24,4.07,3.38392069716037,3.7643661400716892,3.7610419
2018-12-27 02:15:00,4.86,4.18,3.78,4.43,4.069042478834138,4.067540206640871,4.011538
2018-12-27 02:30:00,4.21,4.86,3.96,5.18,4.987541230231582,4.152052246206792,4.1722445
2018-12-27 02:45:00,3.71,4.21,4.97,4.1,4.767491121355903,4.017350062707938,3.8172438
2018-12-27 03:00:00,3.78,3.71,4.36,4.0,3.9610628958911214,3.7373440599139927,3.687844
2018-12-27 03:15:00,3.67,3.78,3.71,4.1,4.228719031083216,3.7584527893555197,3.7035258
2018-12-27 03:30:00,3.71,3.67,3.28,4.03,4.364325242045275,3.686223287785633,3.640177
2018-12-27 03:45:00,3.24,3.71,3.31,4.1,4.58348320751066,3.744866521238567,3.7155387
2018-12-27 04:00:00,3.02,3.24,3.28,3.31,3.7664205361496244,3.2884771039720295,3.2828333
2018-12-27 04:15:00,2.99,3.02,3.28,3.35,3.788278096398603,3.0946298720154704,3.0946686
2018-12-27 04:30:00,2.99,2.99,3.2,3.46,3.9604334583695255,2.999284668634672,3.039654
2018-12-27 04:45:00,2.95,2.99,3.24,3.38,4.174404419091747,3.0115574713052986,3.063
2018-12-27 05:00:00,2.95,2.95,3.28,3.35,3.676144398604336,3.0008376937777883,3.0204837
2018-12-27 05:15:00,2.95,2.95,3.2,3.35,3.8205153092725155,3.0008376937777883,3.0194538
2018-12-27 05:30:00,2.95,2.95,3.24,3.38,3.983913611519977,3.0008376937777883,3.012355
2018-12-27 05:45:00,2.95,2.95,3.2,3.38,4.126954920456079,3.0010263158792014,3.0505276
2018-12-27 06:00:00,3.42,2.95,4.79,3.92,3.7511739890930116,3.0018285738640538,3.0656762
2018-12-27 06:15:00,3.74,3.42,4.86,3.67,4.239959218672361,3.2585782938112926,3.5827801
2018-12-27 06:30:00,4.86,3.74,3.92,3.35,4.517759852469009,3.4073850190782777,3.3316562
2018-12-27 06:45:00,4.21,4.86,3.82,4.0,5.565415843167777,4.083124649638806,4.2309074
2018-12-27 07:00:00,3.6,4.21,3.35,4.03,4.4947446357303775,3.9485092134127626,3.5691512
2018-12-27 07:15:00,2.88,3.6,3.17,3.96,4.1182187269619845,3.6002671535245874,3.5507696
2018-12-27 07:30:00,3.2,2.88,3.42,4.18,3.6928472820066034,3.2755879174960496,3.140309
2018-12-27 07:45:00,4.9,3.2,4.82,4.79,4.173648126431743,4.157082629579767,4.040241
2018-12-27 08:00:00,5.65,4.9,5.0,5.87,5.076835174903586,5.664144209113371,5.7444615
2018-12-27 08:15:00,32.0,5.65,34.52,39.49,12.790017525271594,31.611152269563213,32.39488
2018-12-27 08:30:00,52.63,32.0,48.06,79.85,40.67904945196063,54.410607656005155,55.479614
2018-12-27 08:45:00,73.66,52.63,78.23,66.96,58.40913741638671,59.12607172359527,57.703117
2018-12-27 09:00:00,63.47,73.66,51.08,63.14,72.07758098558527,74.12110673606921,65.40632
2018-12-27 09:15:00,56.77,63.47,70.99,64.12,63.44933177758861,65.10718117163901,64.64151
2018-12-27 09:30:00,53.93,56.77,65.74,64.37,56.220360236416184,60.28869869133771,58.446854
2018-12-27 09:45:00,59.4,53.93,52.96,83.16,53.910135538864154,59.05626754808428,57.87681
2018-12-27 10:00:00,76.03,59.4,55.44,71.14,55.15310133761707,57.50959622675472,56.715607
2018-12-27 10:15:00,47.81,76.03,52.06,58.72,72.32459781799176,66.14978809611031,62.501232
2018-12-27 10:30:00,45.83,47.81,57.64,68.72,54.74424272348112,55.27793276031596,56.075127
2018-12-27 10:45:00,52.63,45.83,62.21,75.53,54.485790917646966,53.61156791908848,50.239014
2018-12-27 11:00:00,68.69,52.63,45.58,77.51,56.75299670130702,56.42147883541245,55.14431
2018-12-27 11:15:00,51.16,68.69,54.58,64.4,68.06595839837267,58.868399873092024,57.829014
2018-12-27 11:30:00,51.52,51.16,55.15,63.0,55.82601682193007,56.01270026167971,55.74493
2018-12-27 11:45:00,54.83,51.52,58.64,71.46,56.24046906819343,56.333398640867514,54.8741
2018-12-27 12:00:00,59.62,54.83,31.28,71.06,54.58839904812285,54.4964127609945,50.911217
2018-12-27 12:15:00,13.54,59.62,6.77,16.96,42.630081554251106,8.450043456119642,7.7919464
2018-12-27 12:30:00,6.62,13.54,7.09,7.67,12.141491250495427,6.858279562404526,6.3425684
2018-12-27 12:45:00,6.59,6.62,6.95,7.49,7.495618378650548,6.4986812122093625,6.7884245
2018-12-27 13:00:00,17.82,6.59,6.41,6.66,5.558661709749664,6.403636595940431,6.6303015
2018-12-27 13:15:00,40.57,17.82,20.66,42.7,19.11487079881943,45.449348494284365,45.117393
2018-12-27 13:30:00,43.7,40.57,59.9,63.07,43.56310431557602,46.08492698140194,51.43322
2018-12-27 13:45:00,46.84,43.7,55.3,71.5,46.99318142947542,50.07929981536231,47.66466
2018-12-27 14:00:00,53.32,46.84,51.41,76.9,47.53171809981445,53.062421755961815,50.33848
2018-12-27 14:15:00,55.01,53.32,57.02,63.5,49.15334480984086,53.80692950326795,52.223675
2018-12-27 14:30:00,61.74,55.01,43.06,78.41,51.07693721250524,54.455943244718355,55.021038
2018-12-27 14:45:00,54.14,61.74,41.4,73.4,54.30190206206734,55.63250688191845,56.042046
2018-12-27 15:00:00,53.5,54.14,52.92,64.44,48.461867508006534,55.03893399167665,53.38565
2018-12-27 15:15:00,44.75,53.5,53.42,60.26,48.09187588846213,55.73121219167115,53.2748
2018-12-27 15:30:00,42.95,44.75,40.68,58.9,41.03720299122735,50.08269122996249,48.493103
2018-12-27 15:45:00,60.84,42.95,40.64,60.59,40.06674931582195,47.29098788248489,44.916634
2018-12-27 16:00:00,63.04,60.84,41.47,56.92,52.27159521444759,53.71346821773476,54.849445
2018-12-27 16:15:00,59.58,63.04,56.2,60.08,56.49918857799166,57.517492029042735,58.06705
2018-12-27 16:30:00,63.22,59.58,59.04,58.68,55.11633705041049,58.07068174410284,57.904617
2018-12-27 16:45:00,45.79,63.22,54.68,57.56,54.367361068156555,61.88270377758974,60.01618
2018-12-27 17:00:00,41.58,45.79,57.67,46.51,41.408091151019825,51.01966663519384,48.45344
2018-12-27 17:15:00,54.58,41.58,54.79,58.07,43.924175438179915,44.665519573036455,42.902092
2018-12-27 17:30:00,36.72,54.58,34.42,41.22,48.36756949497372,48.55167787760831,45.96885
2018-12-27 17:45:00,29.38,36.72,9.5,41.51,34.59286794936124,35.55381320236225,33.38905
2018-12-27 18:00:00,28.48,29.38,5.22,24.8,26.532084442831785,20.117123798321618,27.422935
2018-12-27 18:15:00,48.56,28.48,5.04,5.44,22.923157624833728,24.96254427203499,30.07293
2018-12-27 18:30:00,53.82,48.56,5.04,5.18,37.55419251073397,32.348831017093765,33.211388
2018-12-27 18:45:00,53.5,53.82,5.08,5.29,42.54319664933653,26.07156501329348,29.999916
2018-12-27 19:00:00,53.14,53.5,5.08,5.29,42.120663563958196,25.59252112889782,29.194538
2018-12-27 19:15:00,51.01,53.14,4.68,5.29,39.87752401720272,26.863068296497854,33.46982
2018-12-27 19:30:00,47.99,51.01,3.92,4.18,37.801686987820474,28.693819463637592,34.124374
2018-12-27 19:45:00,49.18,47.99,3.89,4.07,36.0383956457777,30.0393257136448,34.93239
2018-12-27 20:00:00,50.33,49.18,3.85,4.1,36.40306428339975,28.67699210956013,34.31458
2018-12-27 20:15:00,50.04,50.33,3.89,4.07,33.01701429178795,27.089231486828393,31.678097
2018-12-27 20:30:00,40.93,50.04,3.89,4.18,33.36064372369378,27.725535646048392,30.821442
2018-12-27 20:45:00,14.51,40.93,3.96,4.1,27.786686720444855,28.96530947553584,26.157234
2018-12-27 21:00:00,8.35,14.51,3.89,4.1,10.640253678087522,6.084844085441741,8.876335
2018-12-27 21:15:00,5.26,8.35,3.96,4.14,6.5866315524803944,6.526337385478878,5.6604333
2018-12-27 21:30:00,5.26,5.26,4.0,4.14,4.022889499495456,4.892498052442619,4.759784
2018-12-27 21:45:00,5.26,5.26,3.96,4.21,3.529610296120108,4.918977675630388,4.878339
2018-12-27 22:00:00,4.5,5.26,4.07,4.18,3.0665063603681837,4.918876153684777,4.858028
2018-12-27 22:15:00,3.89,4.5,4.0,3.85,7.465491267194732,4.265169128315394,4.82647
2018-12-27 22:30:00,3.85,3.89,4.9,3.85,7.321091676057058,3.8231368401590884,3.6792166
2018-12-27 22:45:00,3.82,3.85,4.1,4.64,7.23014355024533,3.7776713555316093,3.7575257
2018-12-27 23:00:00,3.82,3.82,3.71,5.04,6.793069060348358,3.7449934919122736,3.7518003
2018-12-27 23:15:00,3.82,3.82,3.74,4.07,2.6088398320293464,3.7802887477465803,3.7392776
2018-12-27 23:30:00,3.78,3.82,3.64,3.82,2.8998296919120534,3.7802887477465803,3.7707722
2018-12-27 23:45:00,3.74,3.78,3.67,3.85,3.211399211224297,3.7692023033975737,3.7724636
2018-12-28 00:00:00,4.82,3.74,3.74,3.92,3.0141103975925,4.799098806790166,3.722645
2018-12-28 00:15:00,3.74,4.82,3.64,3.89,4.176912007957711,4.450173632769845,4.0711865
2018-12-28 00:30:00,3.78,3.74,3.74,3.85,3.7798379740542423,3.7707259732814586,3.6145227
2018-12-28 00:45:00,3.85,3.78,3.71,3.89,4.142185961455638,3.7769511831156137,3.698661
2018-12-28 01:00:00,4.14,3.85,3.71,3.89,3.8267867021591506,3.7938158872403718,3.8232286
2018-12-28 01:15:00,4.9,4.14,3.67,3.96,4.3562272357382525,4.047428449985463,3.98547
2018-12-28 01:30:00,4.14,4.9,3.67,3.89,5.231091844732486,4.201837011107348,4.2392735
2018-12-28 01:45:00,3.82,4.14,3.78,3.89,5.023100182759418,3.9794251699481067,3.7758925
2018-12-28 02:00:00,3.85,3.82,4.18,3.89,4.444048942588857,3.7792430849809366,3.8259938
2018-12-28 02:15:00,3.82,3.85,4.86,3.92,4.762853556806512,3.797615538610833,3.7706845
2018-12-28 02:30:00,3.82,3.82,4.21,3.92,4.966275047661611,3.7804560458899563,3.79966
2018-12-28 02:45:00,3.82,3.82,3.71,3.92,5.232730156649264,3.7771636739311787,3.7924833
2018-12-28 03:00:00,3.82,3.82,3.78,3.96,4.837478146202699,3.7800202021292293,3.7912445
2018-12-28 03:15:00,3.89,3.82,3.67,4.79,5.1819008838822604,3.781021763550038,3.7482808
2018-12-28 03:30:00,3.89,3.89,3.71,4.5,5.46408290549542,3.846008624348167,3.8276942
2018-12-28 03:45:00,3.85,3.89,3.24,3.24,5.534241595312388,3.8454049296262975,3.8236086
2018-12-28 04:00:00,3.82,3.85,3.02,3.28,5.07502015879659,3.7990882470177865,3.803539
2018-12-28 04:15:00,4.07,3.82,2.99,3.24,5.269395841348164,3.7772374657967953,3.7758977
2018-12-28 04:30:00,5.04,4.07,2.99,3.24,5.6842302394722495,3.9799588178861054,4.0219955
2018-12-28 04:45:00,4.1,5.04,2.95,3.28,6.688918379341384,4.425103122231852,4.38514
2018-12-28 05:00:00,3.82,4.1,2.95,3.28,5.586465588101369,3.973183342839524,3.745362
2018-12-28 05:15:00,3.89,3.82,2.95,3.28,5.526746740729852,3.77352784269847,3.73229
2018-12-28 05:30:00,3.38,3.89,2.95,3.2,5.674743889145628,3.8426317022169254,3.7999232
2018-12-28 05:45:00,3.17,3.38,2.95,3.24,5.477717860754822,3.3154793133148424,3.347935
2018-12-28 06:00:00,3.06,3.17,3.42,3.2,4.858328560258737,3.190173800909934,3.2245963
2018-12-28 06:15:00,3.06,3.06,3.74,3.67,4.9571441490521835,3.1083066276560447,3.0751512
2018-12-28 06:30:00,3.1,3.06,4.86,3.96,5.1504107131422785,3.113113965596992,3.1165078
2018-12-28 06:45:00,3.06,3.1,4.21,3.92,5.228972582066952,3.1429909960483413,3.1492932
2018-12-28 07:00:00,3.1,3.06,3.6,3.89,4.583893522839375,3.1168408929419495,3.0962913
2018-12-28 07:15:00,3.38,3.1,2.88,3.67,4.657861559747634,3.142984149634549,3.1241257
2018-12-28 07:30:00,4.97,3.38,3.2,3.17,5.0498457014476585,3.5712999310974403,3.7356393
2018-12-28 07:45:00,6.7,4.97,4.9,5.44,6.7161758955177575,5.802142440296922,6.0133343
2018-12-28 08:00:00,6.16,6.7,5.65,6.77,7.732489809566324,7.967401558260585,8.901823
2018-12-28 08:15:00,35.75,6.16,32.0,28.8,13.032784441734478,32.952661720744366,30.422428
2018-12-28 08:30:00,57.78,35.75,52.63,54.22,41.94244727085993,60.248656223102735,57.47525
2018-12-28 08:45:00,57.74,57.78,73.66,56.41,62.266972352556394,61.00095187833006,58.427963
2018-12-28 09:00:00,66.46,57.74,63.47,56.74,60.97433372275425,59.75728300687209,59.818363
2018-12-28 09:15:00,66.82,66.46,56.77,43.78,62.67305946664003,60.146176128511314,60.37008
2018-12-28 09:30:00,59.9,66.82,53.93,47.52,60.713486261725876,62.31940273203106,62.54804
2018-12-28 09:45:00,63.32,59.9,59.4,56.2,56.89493540711425,60.45922711707909,59.48058
2018-12-28 10:00:00,57.17,63.32,76.03,51.59,58.12717704922282,62.9189909921769,61.19192
2018-12-28 10:15:00,55.91,57.17,47.81,66.64,58.547867161492604,59.33491004428186,57.382183
2018-12-28 10:30:00,62.42,55.91,45.83,53.14,57.112410509209056,57.159407889455615,57.856644
2018-12-28 10:45:00,59.72,62.42,52.63,58.54,62.554724644872906,59.14889967078029,59.77232
2018-12-28 11:00:00,62.71,59.72,68.69,73.12,62.46739856244818,57.82013971675134,58.803535
2018-12-28 11:15:00,57.82,62.71,51.16,67.79,63.14175102743208,60.238045927379126,59.73521
2018-12-28 11:30:00,64.94,57.82,51.52,65.59,58.93680372666192,59.06750458147171,59.152905
2018-12-28 11:45:00,58.97,64.94,54.83,57.85,63.99481263641415,62.47310804265103,59.31918
2018-12-28 12:00:00,47.05,58.97,59.62,58.9,58.091661585932826,58.553862812535165,54.72974
2018-12-28 12:15:00,10.01,47.05,13.54,7.42,35.115865272294926,10.854838807186244,6.6398406
2018-12-28 12:30:00,7.81,10.01,6.62,8.35,10.889115216719045,6.116163983562819,5.144426
2018-12-28 12:45:00,7.27,7.81,6.59,7.67,8.9327095966805,7.712692058335294,6.946943
2018-12-28 13:00:00,7.31,7.27,17.82,7.2,7.733019228634493,7.566489345251639,7.320604
2018-12-28 13:15:00,42.55,7.31,40.57,39.74,12.982050634966663,39.42273741734869,36.759407
2018-12-28 13:30:00,56.12,42.55,43.7,58.03,44.222987036587725,62.690676578585446,60.846046
2018-12-28 13:45:00,45.0,56.12,46.84,63.97,55.776779350912065,57.9845297490592,55.029446
2018-12-28 14:00:00,45.22,45.0,53.32,56.34,47.04268030020691,51.01999768794806,49.234978
2018-12-28 14:15:00,42.62,45.22,55.01,69.62,44.30677905175713,49.596471161504084,46.561085
2018-12-28 14:30:00,34.2,42.62,61.74,60.34,41.80443073109523,46.72426999556679,44.684093
2018-12-28 14:45:00,42.8,34.2,54.14,57.74,34.32219356775749,37.815412660671,37.797398
2018-12-28 15:00:00,48.02,42.8,53.5,68.04,40.69145348002523,45.128403654582314,43.921383
2018-12-28 15:15:00,44.6,48.02,44.75,67.68,44.79697098085428,50.887894016058596,49.68629
2018-12-28 15:30:00,35.78,44.6,42.95,58.32,42.17338253366048,49.73132854321849,48.65145
2018-12-28 15:45:00,32.62,35.78,60.84,65.48,37.307505831124814,38.86458020462787,40.13448
2018-12-28 16:00:00,31.39,32.62,63.04,63.0,34.635258868543154,37.08301357954234,37.82744
2018-12-28 16:15:00,30.06,31.39,59.58,69.73,34.122922780190194,37.28119942080041,35.897034
2018-12-28 16:30:00,30.13,30.06,63.22,59.69,33.23537589237817,32.24410485357891,35.15481
2018-12-28 16:45:00,23.58,30.13,45.79,63.32,31.297586456982852,32.58011982798544,35.145596
2018-12-28 17:00:00,8.57,23.58,41.58,62.32,26.2373863865338,10.223185823090681,11.688743
2018-12-28 17:15:00,9.58,8.57,54.58,52.78,21.308929599046312,8.497590344548582,6.7317123
2018-12-28 17:30:00,9.14,9.58,36.72,45.86,18.30966720672244,13.232928177590766,6.509979
2018-12-28 17:45:00,5.47,9.14,29.38,30.78,14.969855401596988,9.896699722683433,6.920847
2018-12-28 18:00:00,5.08,5.47,28.48,8.21,9.136998321452818,5.003263024771146,6.480182
2018-12-28 18:15:00,5.08,5.08,48.56,5.51,10.728013666796592,4.778913602013755,6.372725
2018-12-28 18:30:00,5.11,5.08,53.82,5.4,11.308754040397126,4.842631328934933,6.713233
2018-12-28 18:45:00,5.15,5.11,53.5,5.62,11.290872595499064,4.848729327257831,5.622547
2018-12-28 19:00:00,5.15,5.15,53.14,5.54,10.58487743408605,4.988002225154429,5.65235
2018-12-28 19:15:00,5.15,5.15,51.01,5.54,10.59495335119211,4.980610078074729,5.6094623
2018-12-28 19:30:00,5.18,5.15,47.99,5.51,10.516727975053858,4.984232809642603,5.687583
2018-12-28 19:45:00,5.22,5.18,49.18,5.47,10.8248859135997,4.996462171873938,5.620173
2018-12-28 20:00:00,5.15,5.22,50.33,5.54,10.543676521708832,5.008593406813958,5.527888
2018-12-28 20:15:00,5.15,5.15,50.04,5.47,5.986072194637224,4.9654538669005,5.655068
2018-12-28 20:30:00,5.18,5.15,40.93,5.44,5.354096513845853,4.94547437593861,5.4161844
2018-12-28 20:45:00,5.26,5.18,14.51,5.47,3.1053421953005937,4.934123076312013,5.484559
2018-12-28 21:00:00,5.18,5.26,8.35,5.44,2.2252615241084897,4.937279785428497,5.4540186
2018-12-28 21:15:00,5.15,5.18,5.26,5.54,2.247623621601008,4.9275193472898335,4.981241
2018-12-28 21:30:00,5.26,5.15,5.26,5.4,2.559731330268061,4.923094413127541,5.0084734
2018-12-28 21:45:00,5.26,5.26,5.26,5.44,2.921800713337184,4.9371204554397465,5.0598974
2018-12-28 22:00:00,5.22,5.26,4.5,5.44,2.576654627971397,4.929897383666368,5.0431833
2018-12-28 22:15:00,4.97,5.22,3.89,5.18,7.505251764582091,4.9994400025181625,5.4985685
2018-12-28 22:30:00,4.97,4.97,3.85,5.26,7.690011008778988,4.7910818567241735,5.4347687
2018-12-28 22:45:00,4.93,4.97,3.82,5.15,7.986346481954229,4.7931185648616825,5.5086894
2018-12-28 23:00:00,5.04,4.93,3.82,5.15,7.621516851062154,4.781711111240109,5.5717483
2018-12-28 23:15:00,4.86,5.04,3.82,5.11,3.681200697603039,4.825691230169123,4.861288
2018-12-28 23:30:00,4.86,4.86,3.78,4.57,3.839696095797116,4.672934631992805,4.7769003
2018-12-28 23:45:00,4.86,4.86,3.74,4.0,4.130531910036499,4.883528978086815,4.788452
2018-12-29 00:00:00,4.28,4.86,4.82,3.31,0.9927610604483057,11.584036112628436,3.6030018
2018-12-29 00:15:00,4.9,4.28,3.74,4.0,0.928292563037818,4.24671587923143,5.3033967
2018-12-29 00:30:00,4.82,4.9,3.78,4.0,1.6995843587135617,4.745036286007532,4.5257726
2018-12-29 00:45:00,3.85,4.82,3.85,4.0,1.9797896432280844,4.725848598659281,4.4705224
2018-12-29 01:00:00,3.74,3.85,4.14,4.1,1.0993462396967963,3.798128652141604,3.7497876
2018-12-29 01:15:00,3.82,3.74,4.9,3.96,1.3733706724888464,3.7647713043297024,3.747893
2018-12-29 01:30:00,3.78,3.82,4.14,4.03,1.6329765031616823,3.7780937752523567,3.81835
2018-12-29 01:45:00,3.67,3.78,3.82,4.03,1.8669057698654292,3.7696153796677794,3.8058155
2018-12-29 02:00:00,3.74,3.67,3.85,3.96,1.4117742157382338,3.686958652430356,3.708933
2018-12-29 02:15:00,3.71,3.74,3.82,4.07,1.8001243100383277,3.7676558294037945,3.7498863
2018-12-29 02:30:00,3.82,3.71,3.82,4.07,2.05430331599176,3.749450936074344,3.737583
2018-12-29 02:45:00,3.78,3.82,3.82,3.67,2.405622804745871,3.776911925441071,3.7407148
2018-12-29 03:00:00,3.71,3.78,3.82,3.31,1.9360403472198087,3.7640885548969147,3.7436163
2018-12-29 03:15:00,3.74,3.71,3.89,3.82,2.1760301585589303,3.743282351778305,3.6978104
2018-12-29 03:30:00,3.78,3.74,3.89,4.07,2.4734476925629814,3.7639330648435756,3.7418034
2018-12-29 03:45:00,3.78,3.78,3.85,3.42,2.6696391131748314,3.762736455471438,3.7453272
2018-12-29 04:00:00,3.74,3.78,3.82,3.38,2.2467923224763666,3.7640885548969147,3.7422717
2018-12-29 04:15:00,3.02,3.74,4.07,3.31,2.457439822727931,3.76496496823563,3.7157662
2018-12-29 04:30:00,3.74,3.02,5.04,3.38,2.2895196212507685,3.0946171811086094,3.0989344
2018-12-29 04:45:00,3.6,3.74,4.1,3.35,2.9447935499574243,3.7430353015471542,3.657883
2018-12-29 05:00:00,3.06,3.6,3.82,3.38,2.363962363922724,3.593019869291889,3.4356916
2018-12-29 05:15:00,3.02,3.06,3.89,3.42,2.1918574061125398,3.1086854278960714,3.072852
2018-12-29 05:30:00,3.02,3.02,3.38,3.96,2.286236558475018,3.095279059146548,3.0523546
2018-12-29 05:45:00,2.99,3.02,3.17,4.07,2.428914032694326,3.095279059146548,3.095895
2018-12-29 06:00:00,3.06,2.99,3.06,4.07,1.8852093604191786,3.0135802032891723,3.0573328
2018-12-29 06:15:00,3.06,3.06,3.06,4.0,2.0557199378562885,3.1181123095216776,3.131642
2018-12-29 06:30:00,3.67,3.06,3.1,3.38,2.1372677909826585,3.1183644847790837,3.08101
2018-12-29 06:45:00,3.74,3.67,3.06,3.35,2.7114348841773825,3.3471037357271562,3.4290507
2018-12-29 07:00:00,3.71,3.74,3.1,3.35,2.1738035441159695,3.392726308821695,3.3352654
2018-12-29 07:15:00,3.67,3.71,3.38,3.31,2.2585884686781803,3.497201880532697,3.372317
2018-12-29 07:30:00,3.38,3.67,4.97,3.85,2.4320753367684738,3.697665463129293,3.6690886
2018-12-29 07:45:00,3.02,3.38,6.7,4.03,2.514002138464299,4.191075311766593,3.5178993
2018-12-29 08:00:00,2.92,3.02,6.16,3.35,1.6818181005683428,3.356015104801963,3.1562216
2018-12-29 08:15:00,2.95,2.92,35.75,3.31,6.24268137687563,6.982904585666894,4.0725083
2018-12-29 08:30:00,3.13,2.95,57.78,3.24,10.425228801076763,3.2019616702661735,3.1421332
2018-12-29 08:45:00,3.78,3.13,57.74,3.38,12.361013055624818,3.700564529205623,3.2233877
2018-12-29 09:00:00,3.24,3.78,66.46,3.82,11.798323466524486,4.213865680706248,3.352909
2018-12-29 09:15:00,3.17,3.24,66.82,4.28,12.068992218868335,3.757978964315655,3.1128764
2018-12-29 09:30:00,3.2,3.17,59.9,4.28,11.03969766599321,3.7387198680989644,3.282909
2018-12-29 09:45:00,3.31,3.2,63.32,4.32,10.884444829638479,3.739515936519252,3.1977482
2018-12-29 10:00:00,4.03,3.31,57.17,4.21,9.69048292581207,3.8046296507558606,3.3384438
2018-12-29 10:15:00,4.03,4.03,55.91,3.6,9.39335687150761,4.06167672136887,3.395255
2018-12-29 10:30:00,4.03,4.03,62.42,3.6,10.07035706204729,4.0936445342863745,3.5828023
2018-12-29 10:45:00,4.03,4.03,59.72,3.6,10.079145965435728,4.3756963209518736,3.6847205
2018-12-29 11:00:00,6.19,4.03,62.71,3.6,9.120553260088435,4.874232700044105,3.9521914
2018-12-29 11:15:00,26.17,6.19,57.82,3.6,10.451625963670086,9.159921828421371,7.4103546
2018-12-29 11:30:00,9.36,26.17,64.94,3.6,26.293331161951986,29.293246422225582,34.109627
2018-12-29 11:45:00,3.64,9.36,58.97,3.6,14.731365566231721,10.899753132881065,10.193826
2018-12-29 12:00:00,4.14,3.64,47.05,3.6,7.40270343511591,3.936854093784453,5.095192
2018-12-29 12:15:00,3.78,4.14,10.01,3.71,0.42322650342233104,4.360477901213888,4.5633497
2018-12-29 12:30:00,3.46,3.78,7.81,4.39,-0.6711920374037952,3.9807357299252333,4.677541
2018-12-29 12:45:00,3.42,3.46,7.27,4.1,-1.0759634491906453,3.6260346616538635,3.4873054
2018-12-29 13:00:00,3.42,3.42,7.31,3.71,-1.3907483274479944,3.8382305945418573,3.3498385
2018-12-29 13:15:00,4.1,3.42,42.55,4.28,3.6934451458459883,4.1567486420137,5.626536
2018-12-29 13:30:00,4.14,4.1,56.12,4.25,6.896789758003184,5.034562257211481,4.5799828
2018-12-29 13:45:00,4.07,4.14,45.0,4.25,5.653819753594284,5.5367357936975505,4.1772776
2018-12-29 14:00:00,4.03,4.07,45.22,4.21,5.067755254096337,5.0053842767825065,3.8137195
2018-12-29 14:15:00,3.92,4.03,42.62,3.67,5.168918600892987,5.623265095913973,3.9479058
2018-12-29 14:30:00,3.31,3.92,34.2,3.46,4.878651032959972,5.606862928158421,3.798177
2018-12-29 14:45:00,3.35,3.31,42.8,3.49,3.8021107033602206,4.4798660625896325,3.470998
2018-12-29 15:00:00,3.31,3.35,48.02,3.53,4.111133808602219,3.9159885559645424,3.558983
2018-12-29 15:15:00,3.31,3.31,44.6,3.56,3.8379805924624684,3.854867381458154,3.263521
2018-12-29 15:30:00,3.31,3.31,35.78,3.53,2.9191090304849894,3.964505847484186,3.6243556
2018-12-29 15:45:00,3.35,3.31,32.62,3.56,2.9610660181757176,4.006592730150984,3.6785738
2018-12-29 16:00:00,3.49,3.35,31.39,3.56,2.6714265141190765,4.018762292114337,3.6974647
2018-12-29 16:15:00,4.1,3.49,30.06,3.49,3.197260927106889,3.848201237738818,3.7352054
2018-12-29 16:30:00,3.71,4.1,30.13,3.53,4.816986131826216,4.065841619358648,3.8472455
2018-12-29 16:45:00,3.67,3.71,23.58,3.56,2.5380136726633573,3.6478318484863856,3.5748603
2018-12-29 17:00:00,4.1,3.67,8.57,4.68,1.0027108800055693,3.673148429057622,3.489251
2018-12-29 17:15:00,4.07,4.1,9.58,5.44,1.766210737492262,4.04665158624871,3.9758356
2018-12-29 17:30:00,4.07,4.07,9.14,4.46,-0.3371451608508522,3.948563977629061,3.9190743
2018-12-29 17:45:00,4.1,4.07,5.47,4.28,-1.8186551772546196,3.9252149311513462,4.0738864
2018-12-29 18:00:00,3.56,4.1,5.08,4.07,-2.456806931734228,3.9966839592654892,4.239427
2018-12-29 18:15:00,3.31,3.56,5.08,3.6,-1.6081127573030223,3.591422783686359,3.5124557
2018-12-29 18:30:00,3.24,3.31,5.11,3.67,-1.2918863748299572,3.305983018685712,3.34747
2018-12-29 18:45:00,3.35,3.24,5.15,3.67,-1.1425600058856666,3.312755289456229,3.3588016
2018-12-29 19:00:00,3.31,3.35,5.15,3.71,-1.5234147968771907,3.3781244952075284,3.4152973
2018-12-29 19:15:00,3.35,3.31,5.15,3.74,-1.4243714534153362,3.350441813259288,3.3566124
2018-12-29 19:30:00,3.35,3.35,5.18,3.71,-1.2888201370231158,3.375307935761297,3.3583543
2018-12-29 19:45:00,3.31,3.35,5.22,3.74,-0.9715756690406359,3.373298888660823,3.4044745
2018-12-29 20:00:00,3.71,3.31,5.15,3.67,-1.3434283404705383,3.349729005512525,3.337458
2018-12-29 20:15:00,4.36,3.71,5.15,3.67,-0.7759496540601276,3.566013278679946,3.5764706
2018-12-29 20:30:00,4.28,4.36,5.18,3.67,-0.4338028251393773,3.748112539280991,3.7345378
2018-12-29 20:45:00,4.14,4.28,5.26,3.67,-1.4844707352005706,3.711189148450657,3.7638218
2018-12-29 21:00:00,4.1,4.14,5.18,4.18,-2.2537023212428764,4.000719962396105,3.955273
2018-12-29 21:15:00,4.07,4.1,5.15,4.61,-2.106464908103895,4.001144841070852,4.103387
2018-12-29 21:30:00,3.85,4.07,5.26,5.51,-1.7173355162976556,3.9306931585225735,4.063304
2018-12-29 21:45:00,3.46,3.85,5.26,4.43,-1.6461537296571649,3.761550469814234,3.8716533
2018-12-29 22:00:00,3.31,3.46,5.22,4.1,-2.2356231405701195,3.395479670992236,3.4915369
2018-12-29 22:15:00,3.13,3.31,4.97,3.46,-2.1010685107967078,3.3082479472064144,3.274821
2018-12-29 22:30:00,3.13,3.13,4.97,3.38,-1.8853114721090698,3.137357120374336,3.0473568
2018-12-29 22:45:00,3.13,3.13,4.93,3.42,-1.6002152732216466,3.152947924841476,3.106424
2018-12-29 23:00:00,3.17,3.13,5.04,3.38,-1.9364109797739069,3.1638406614475714,3.1101286
2018-12-29 23:15:00,3.06,3.17,4.86,3.35,-1.5877335376240183,3.232088894265685,3.1737177
2018-12-29 23:30:00,2.99,3.06,4.86,3.31,-1.3260730035776156,3.115178334950933,3.0718205
2018-12-29 23:45:00,3.42,2.99,4.86,3.31,-1.0326952619260865,3.195787489713783,3.0039237
2018-12-30 00:00:00,3.1,3.42,4.28,3.78,-1.7095261702744722,6.855545708723027,5.226692
2018-12-30 00:15:00,3.92,3.1,4.9,3.31,-1.601380656358117,3.264990803277289,3.1425264
2018-12-30 00:30:00,3.82,3.92,4.82,3.35,-0.6498363144072492,3.456014494702183,3.5205066
2018-12-30 00:45:00,3.74,3.82,3.85,3.42,-0.4732960343711632,3.6780947013236687,3.5347774
2018-12-30 01:00:00,3.78,3.74,3.74,4.93,-0.6978599341959786,3.6004935500217212,3.496524
2018-12-30 01:15:00,3.42,3.78,3.82,4.93,-0.39907467905123184,3.7312415805913415,3.7021854
2018-12-30 01:30:00,3.17,3.42,3.78,4.14,-0.42983566617861513,3.3700257242645133,3.483638
2018-12-30 01:45:00,3.02,3.17,3.67,4.07,-0.28943091110736674,3.193716429738538,3.235903
2018-12-30 02:00:00,3.1,3.02,3.74,3.49,-0.8075875078722774,3.0932898107096842,3.0579107
2018-12-30 02:15:00,3.06,3.1,3.71,3.46,-0.42263390631798003,3.1268219298039797,3.1328843
2018-12-30 02:30:00,3.1,3.06,3.82,3.49,-0.18097816021435165,3.11653780928112,3.09813
2018-12-30 02:45:00,3.13,3.1,3.78,3.42,0.15677052566763905,3.142731974377143,3.1253693
2018-12-30 03:00:00,3.1,3.13,3.71,3.42,-0.24426580010618082,3.1629666559335,3.1620939
2018-12-30 03:15:00,3.13,3.1,3.74,3.46,-0.018060035250393014,3.142731974377143,3.1229188
2018-12-30 03:30:00,3.6,3.13,3.78,3.42,0.251506816576498,3.1621577107764898,3.1577704
2018-12-30 03:45:00,4.86,3.6,3.78,3.53,0.8561236869541524,3.3538416064434666,3.3708456
2018-12-30 04:00:00,3.85,4.86,3.74,3.46,1.4135715583221433,4.003131601355296,4.0196238
2018-12-30 04:15:00,3.82,3.85,3.02,3.42,0.9138782318777565,3.556743194559225,3.5146472
2018-12-30 04:30:00,3.82,3.82,3.74,3.6,1.1390330218744715,3.7309481509266176,3.5422618
2018-12-30 04:45:00,3.46,3.82,3.6,4.14,1.2925824469533609,3.7363040496457787,3.6964762
2018-12-30 05:00:00,3.17,3.46,3.06,5.18,0.6145561813939047,3.383872501686628,3.5348756
2018-12-30 05:15:00,3.13,3.17,3.02,4.64,0.5428684529585368,3.216667549009051,3.2151005
2018-12-30 05:30:00,3.1,3.13,3.02,4.1,0.6082241713815577,3.141764617418593,3.1210196
2018-12-30 05:45:00,3.1,3.1,2.99,3.49,0.7045400347998374,3.1315317690913824,3.0975974
2018-12-30 06:00:00,3.1,3.1,3.06,3.38,0.21037042098390657,3.1426810659737194,3.102544
2018-12-30 06:15:00,3.13,3.1,3.06,3.35,0.3457657723354117,3.1426810659737194,3.1060169
2018-12-30 06:30:00,3.13,3.13,3.67,3.46,0.5339030066088171,3.162409886033896,3.1345894
2018-12-30 06:45:00,3.1,3.13,3.74,3.38,0.6283946891358667,3.162409886033896,3.145242
2018-12-30 07:00:00,3.82,3.1,3.71,3.38,0.0027538437938012805,3.1429332412311255,3.1159933
2018-12-30 07:15:00,4.36,3.82,3.67,3.38,0.6469505401739397,3.434793391410382,3.4498413
2018-12-30 07:30:00,4.97,4.36,3.38,3.38,1.2200118874660788,4.2772162551991055,3.8444264
2018-12-30 07:45:00,3.96,4.97,3.02,3.42,1.9074941880167309,5.679031474622252,6.3164735
2018-12-30 08:00:00,3.46,3.96,2.92,3.49,0.609216304664006,4.1279786549287385,5.920182
2018-12-30 08:15:00,3.06,3.46,2.95,4.07,3.8238566418803757,12.121500583325847,15.742893
2018-12-30 08:30:00,3.06,3.06,3.13,4.97,6.950821300470878,3.5570655023938964,5.9868345
2018-12-30 08:45:00,3.17,3.06,3.78,4.82,8.961741766261703,3.38068159165148,3.136463
2018-12-30 09:00:00,3.28,3.17,3.24,4.28,7.450720789541364,3.651636679498486,3.2493203
2018-12-30 09:15:00,3.35,3.28,3.17,3.92,8.140990556386441,3.690013408051256,3.290211
2018-12-30 09:30:00,3.38,3.35,3.2,3.71,7.573730748206735,3.6977518090794828,3.4863389
2018-12-30 09:45:00,3.35,3.38,3.31,3.64,7.390609061344488,3.6952449398719627,3.414055
2018-12-30 10:00:00,3.46,3.35,4.03,3.64,6.6081483924838835,3.674768245553479,3.3838484
2018-12-30 10:15:00,3.38,3.46,4.03,3.67,5.717776893561304,3.6731606246601056,3.2209408
2018-12-30 10:30:00,4.0,3.38,4.03,3.71,6.0593207559795985,3.671176849454395,3.426922
2018-12-30 10:45:00,4.1,4.0,4.03,3.71,6.806842431298062,3.7773491361941742,3.5632007
2018-12-30 11:00:00,4.1,4.1,6.19,3.74,6.145316948505705,4.120223196638543,3.8731987
2018-12-30 11:15:00,4.28,4.1,26.17,3.78,6.506732704973338,4.238936103462744,3.9291837
2018-12-30 11:30:00,4.61,4.28,9.36,3.71,6.186461734383755,8.153809340242553,4.2978578
2018-12-30 11:45:00,3.56,4.61,3.64,3.74,6.680050582146993,9.102716286089292,4.642853
2018-12-30 12:00:00,3.42,3.56,4.14,3.96,3.3783563023488234,3.778718444201906,2.9706852
2018-12-30 12:15:00,3.46,3.42,3.78,4.86,-1.3849825036816696,3.7277839441785954,3.155399
2018-12-30 12:30:00,3.46,3.46,3.46,5.54,-1.6380464577600051,3.71095827207774,3.4725301
2018-12-30 12:45:00,3.31,3.46,3.42,4.54,-1.7589088021679231,3.5916435306700327,3.4962065
2018-12-30 13:00:00,3.28,3.31,3.42,4.36,-2.0506452097004626,3.6313597878656156,3.389188
2018-12-30 13:15:00,3.2,3.28,4.1,3.67,1.2428515684418677,3.71810564116156,3.5533803
2018-12-30 13:30:00,3.24,3.2,4.14,3.67,3.570632776429548,3.693661309384641,3.5080292
2018-12-30 13:45:00,3.24,3.24,4.07,3.67,2.8621910975149802,3.628083531078365,3.3160336
2018-12-30 14:00:00,4.03,3.24,4.03,3.67,2.4188880735858653,3.6506706468363164,3.2700284
2018-12-30 14:15:00,4.0,4.03,3.92,3.71,3.4761238154627456,4.081827014305834,3.6188514
2018-12-30 14:30:00,4.03,4.0,3.31,3.67,3.7660842603273075,4.1388571376585235,3.5522678
2018-12-30 14:45:00,4.82,4.03,3.35,3.67,2.6734181864244597,4.632710632591082,3.5725324
2018-12-30 15:00:00,4.1,4.82,3.31,3.67,3.2966270539436664,11.061983396232609,5.6310654
2018-12-30 15:15:00,3.31,4.1,3.31,3.64,2.677136376481272,5.203319445815119,4.9526052
2018-12-30 15:30:00,3.24,3.31,3.31,3.67,1.5924514743149842,4.3216108339046775,4.6735578
2018-12-30 15:45:00,3.24,3.24,3.35,3.74,1.8617298389907297,4.354719747863199,4.918896
2018-12-30 16:00:00,3.35,3.24,3.49,4.36,1.6784936576769027,4.368068744376165,3.2640145
2018-12-30 16:15:00,3.31,3.35,4.1,4.36,2.2329780277163565,3.7911972467778576,3.4306972
2018-12-30 16:30:00,3.35,3.31,3.71,5.0,3.4825338472978444,3.569110543384795,3.372516
2018-12-30 16:45:00,3.24,3.35,3.67,5.33,1.690480519390082,3.388649632987054,3.384722
2018-12-30 17:00:00,3.24,3.24,4.1,3.6,0.6505098678915857,3.3436047687345405,3.299032
2018-12-30 17:15:00,3.42,3.24,4.07,3.56,1.164916971531035,3.3445377338180213,3.2672727
2018-12-30 17:30:00,4.0,3.42,4.07,3.6,-0.8869344202628895,3.4078992838805764,3.4131596
2018-12-30 17:45:00,4.75,4.0,4.1,3.67,-1.786875926169074,3.553115447015394,3.838445
2018-12-30 18:00:00,4.68,4.75,3.56,3.49,-1.8115450576303154,4.0048916259515375,4.1346126
2018-12-30 18:15:00,3.89,4.68,3.31,3.49,-0.48108375395105796,3.9794313661980474,4.1743927
2018-12-30 18:30:00,3.53,3.89,3.24,3.49,-0.5580191095725624,3.795666199051744,3.7398937
2018-12-30 18:45:00,3.2,3.53,3.35,3.64,-0.6143977457810905,3.5409308770137926,3.602883
2018-12-30 19:00:00,3.28,3.2,3.31,3.64,-1.3060566031065335,3.2353072439048045,3.3046162
2018-12-30 19:15:00,3.24,3.28,3.35,4.03,-1.1348071926205137,3.3201253879384645,3.3100903
2018-12-30 19:30:00,3.24,3.24,3.35,4.25,-1.074306636403005,3.345551118855365,3.309573
2018-12-30 19:45:00,3.2,3.24,3.31,4.28,-0.7306121040647398,3.346921909768577,3.3116462
2018-12-30 20:00:00,3.24,3.2,3.71,4.25,-1.0701628104128709,3.2859792587143555,3.2743547
2018-12-30 20:15:00,3.31,3.24,4.36,4.0,-0.7794581486605274,3.344102691310491,3.3035667
2018-12-30 20:30:00,3.24,3.31,4.28,3.49,-1.0151111104053854,3.351127729926015,3.2899163
2018-12-30 20:45:00,3.78,3.24,4.14,4.21,-2.274592980728002,3.347517069951128,3.2837389
2018-12-30 21:00:00,4.32,3.78,4.1,4.14,-2.5786103588315115,3.4842883311856774,3.5078046
2018-12-30 21:15:00,4.07,4.32,4.07,3.49,-2.0299784347720973,3.7296377022982665,3.637615
2018-12-30 21:30:00,4.07,4.07,3.85,3.42,-1.8833895562354925,3.6309172867911395,3.6329534
2018-12-30 21:45:00,4.03,4.07,3.46,3.46,-1.6248336607530511,3.9177204869319304,4.0398436
2018-12-30 22:00:00,4.0,4.03,3.31,3.53,-2.0183697615938883,3.9137577496997307,4.041902
2018-12-30 22:15:00,3.2,4.0,3.13,3.2,-1.793518641584427,3.882910433930945,3.8096645
2018-12-30 22:30:00,2.99,3.2,3.13,3.2,-1.9407469584124613,3.225434258082189,3.1362126
2018-12-30 22:45:00,3.1,2.99,3.13,3.2,-1.7745928642342363,2.9983986783921637,2.9850328
2018-12-30 23:00:00,3.02,3.1,3.17,3.96,-1.9943207236128657,3.1273914879599864,3.0905402
2018-12-30 23:15:00,2.95,3.02,3.06,4.0,-1.7378503621415256,3.1024792056233705,3.049793
2018-12-30 23:30:00,2.99,2.95,2.99,4.0,-1.4628318353926488,3.0012310013342445,2.9998162
2018-12-30 23:45:00,2.92,2.99,3.42,4.0,-1.0940645990011433,3.1543803216558848,3.1173441
2018-12-31 00:00:00,3.67,2.92,3.1,3.78,2.6882801022455283,3.6780579301355942,3.9112656
2018-12-31 00:15:00,3.64,3.67,3.92,3.35,3.576120318463282,3.267537783696873,3.122772
2018-12-31 00:30:00,3.31,3.64,3.82,3.38,3.900280079880691,3.3136705591944144,3.2865398
2018-12-31 00:45:00,3.49,3.31,3.74,3.38,3.9801496799958223,3.165878184507405,3.137143
2018-12-31 01:00:00,3.71,3.49,3.78,3.96,3.7421060652531004,3.3963207598422063,3.433718
2018-12-31 01:15:00,3.78,3.71,3.42,3.89,4.232410864303237,3.650485726557403,3.5364015
2018-12-31 01:30:00,3.71,3.78,3.17,3.38,4.543831205935987,3.6274972748901755,3.6439812
2018-12-31 01:45:00,3.67,3.71,3.02,3.35,4.7919903165476185,3.6942683831331715,3.6691039
2018-12-31 02:00:00,3.02,3.67,3.1,3.49,4.407946314706976,3.685104732567493,3.6576092
2018-12-31 02:15:00,2.99,3.02,3.06,3.38,4.318029487387534,3.0923659499684732,3.0157893
2018-12-31 02:30:00,3.06,2.99,3.1,3.42,4.568605130789237,2.9967617092898196,3.0016072
2018-12-31 02:45:00,3.02,3.06,3.13,4.0,4.952183523786143,3.1083066276560447,3.1031554
2018-12-31 03:00:00,3.06,3.02,3.1,4.07,4.505090394416108,3.100368752204618,3.081847
2018-12-31 03:15:00,3.02,3.06,3.13,4.14,4.788362472565929,3.1165887176845435,3.1377146
2018-12-31 03:30:00,3.46,3.02,3.6,4.1,5.018518028111508,3.100368752204618,3.10196
2018-12-31 03:45:00,3.74,3.46,4.86,3.96,5.679139338459912,3.3530503526485558,3.6922157
2018-12-31 04:00:00,3.06,3.74,3.85,3.35,5.350844002228104,3.4099222546550623,3.3472097
2018-12-31 04:15:00,3.74,3.06,3.82,3.38,5.121554460672606,3.1064919515731506,3.0198772
2018-12-31 04:30:00,3.74,3.74,3.82,3.64,5.833241559069627,3.5807377079424296,3.500889
2018-12-31 04:45:00,3.78,3.74,3.46,4.07,6.013407557340436,3.698339368080085,3.5555212
2018-12-31 05:00:00,3.78,3.78,3.17,3.42,5.502198810889638,3.578086671600088,3.4675462
2018-12-31 05:15:00,3.56,3.78,3.13,3.31,5.5869147015212555,3.7281413174426326,3.705652
2018-12-31 05:30:00,2.99,3.56,3.1,3.35,5.609591637084954,3.568766697018668,3.540404
2018-12-31 05:45:00,3.02,2.99,3.1,3.35,5.426697518188803,2.996106818915489,3.0150993
2018-12-31 06:00:00,2.95,3.02,3.1,3.35,4.968246547441485,3.0932898107096842,3.0767262
2018-12-31 06:15:00,3.02,2.95,3.13,3.38,5.05502020132603,2.984028854947957,2.952165
2018-12-31 06:30:00,2.99,3.02,3.13,3.6,5.23865656824465,3.1006209274620242,3.1352093
2018-12-31 06:45:00,3.02,2.99,3.1,4.03,5.347414228999249,3.0120566114520377,3.0659459
2018-12-31 07:00:00,3.74,3.02,3.82,4.0,4.8088646223156,3.101219787316096,3.105714
2018-12-31 07:15:00,3.17,3.74,4.36,3.96,5.491812098343615,3.464726101077829,3.548639
2018-12-31 07:30:00,2.95,3.17,4.97,4.54,5.338807306959502,3.4706669462681483,3.3345354
2018-12-31 07:45:00,3.56,2.95,3.96,5.36,5.381433998124855,3.395224866031735,3.2729805
2018-12-31 08:00:00,3.64,3.56,3.46,6.52,5.294298683692055,4.57706902119355,4.0742984
2018-12-31 08:15:00,3.6,3.64,3.06,21.89,10.19346872981611,21.70721606419947,14.40304
2018-12-31 08:30:00,3.74,3.6,3.06,59.62,16.264417462053594,3.608641289473761,5.4675827
2018-12-31 08:45:00,3.74,3.74,3.17,64.58,18.646014935346148,4.41462868816364,4.4848747
2018-12-31 09:00:00,3.06,3.74,3.28,67.18,17.376013850260872,4.667894957658855,4.0373297
2018-12-31 09:15:00,3.17,3.06,3.35,69.44,17.7070022677592,3.2504253119573105,3.387613
2018-12-31 09:30:00,3.13,3.17,3.38,65.38,16.814028832258877,3.378051216374924,4.0122166
2018-12-31 09:45:00,3.17,3.13,3.35,67.0,16.732013164357422,3.3600947646374753,3.3630993
2018-12-31 10:00:00,3.24,3.17,3.46,56.27,15.207785186301294,3.4267485958734847,3.7570488
2018-12-31 10:15:00,3.2,3.24,3.38,54.18,14.137454368693977,3.514138882791242,3.7278788
2018-12-31 10:30:00,4.03,3.2,4.0,58.39,14.85945419921593,3.3816862688479628,3.8473828
2018-12-31 10:45:00,3.67,4.03,4.1,54.86,15.509131595192938,4.1759426966883035,5.2862043
2018-12-31 11:00:00,3.35,3.67,4.1,54.18,14.383868978514911,3.780345198127577,3.6088765
2018-12-31 11:15:00,3.35,3.35,4.28,55.55,13.634795751998006,3.567563130027554,3.7776587
2018-12-31 11:30:00,3.82,3.35,4.61,53.21,13.725177001978702,3.65521652058355,3.874637
2018-12-31 11:45:00,4.0,3.82,3.56,53.03,14.43157935914686,3.921194307479814,4.0306253
2018-12-31 12:00:00,4.07,4.0,3.42,40.64,11.02410738047271,4.134109812579533,4.3144293
2018-12-31 12:15:00,4.03,4.07,3.46,6.91,3.807273083371669,3.8732465575218287,4.043295
2018-12-31 12:30:00,4.1,4.03,3.46,6.91,3.4318422240268234,4.698668904319562,4.425201
2018-12-31 12:45:00,3.35,4.1,3.31,6.48,3.40154042639319,4.853742415896214,4.598085
2018-12-31 13:00:00,3.35,3.35,3.28,6.12,2.6967163253392528,3.755350734155392,3.4348958
2018-12-31 13:15:00,3.35,3.35,3.2,34.49,8.22568586552168,4.39356739634449,4.0294113
2018-12-31 13:30:00,3.31,3.35,3.24,46.98,11.544350295799966,3.6222222173721956,4.072344
2018-12-31 13:45:00,3.31,3.31,3.24,38.2,10.101487939408734,3.668764744943969,3.9625866
2018-12-31 14:00:00,3.35,3.31,4.03,37.84,9.655157371676491,3.7001384549455203,3.8872998
2018-12-31 14:15:00,3.35,3.35,4.0,43.45,10.475359944338955,3.7055679253512124,3.9518082
2018-12-31 14:30:00,3.56,3.35,4.03,63.9,12.09758172124977,3.7440171846104713,3.9058
2018-12-31 14:45:00,4.07,3.56,4.82,38.48,9.51835383542538,3.6787731107410337,3.9259017
2018-12-31 15:00:00,3.53,4.07,4.1,38.12,10.027490850693088,4.716569560953393,4.8716865
2018-12-31 15:15:00,3.42,3.53,3.31,45.25,9.964395211893976,3.700297478417752,4.945612
2018-12-31 15:30:00,4.07,3.42,3.24,51.12,9.62086714778172,3.646221170990553,3.8505204
2018-12-31 15:45:00,4.07,4.07,3.24,45.72,10.01819989738625,5.677364408081058,5.5800347
2018-12-31 16:00:00,4.03,4.07,3.35,51.7,10.245933832677114,4.762558166925852,5.0181007
2018-12-31 16:15:00,4.07,4.03,3.31,47.2,10.38786875018922,4.513141948568338,6.845354
2018-12-31 16:30:00,3.92,4.07,3.35,69.55,13.095806332581327,4.294087996144098,5.5027347
2018-12-31 16:45:00,3.31,3.92,3.24,44.82,9.44671322401237,4.044659725406199,3.9983714
2018-12-31 17:00:00,3.31,3.31,3.24,40.86,7.776366101499697,3.343881931808388,3.7185671
2018-12-31 17:15:00,3.35,3.31,3.42,33.66,7.828044681929189,3.353778463684634,3.306414
2018-12-31 17:30:00,3.31,3.35,4.0,9.86,4.085567103057578,3.3574568710685533,3.2639344
2018-12-31 17:45:00,3.46,3.31,4.75,6.73,2.465320778745287,3.36047634378316,3.397463
2018-12-31 18:00:00,3.42,3.46,4.68,5.29,1.8988399948078971,3.420355211007846,3.616535
2018-12-31 18:15:00,3.35,3.42,3.89,5.22,3.2252096256399234,3.521912964368727,3.4455621
2018-12-31 18:30:00,3.82,3.35,3.53,5.18,3.6866794505033162,3.500329587312839,3.596619
2018-12-31 18:45:00,4.14,3.82,3.2,5.33,4.228074977303407,3.6445797861004,3.688577
2018-12-31 19:00:00,3.49,4.14,3.28,5.04,4.0222702107069885,3.8540299465692827,3.8266914
2018-12-31 19:15:00,3.96,3.49,3.24,4.14,3.627138031915848,3.4104868536962907,3.4660738
2018-12-31 19:30:00,4.14,3.96,3.24,4.18,3.9964200210508736,3.8633837902185215,3.9046795
2018-12-31 19:45:00,4.21,4.14,3.2,4.1,4.439898564250726,4.037656997117279,4.1160517
2018-12-31 20:00:00,4.14,4.21,3.24,4.18,4.216365479247884,3.881427983313357,3.8762786
2018-12-31 20:15:00,4.18,4.14,3.31,4.1,4.376427195833923,4.069826347414601,4.0500073
2018-12-31 20:30:00,3.38,4.18,3.24,4.14,4.1483489141202945,4.0870650014603775,4.571731
2018-12-31 20:45:00,3.42,3.38,3.78,4.21,2.4209896832338593,3.457855129664458,3.4434955
2018-12-31 21:00:00,3.42,3.42,4.32,4.18,1.746472152007378,3.3859204928830735,3.4453552
2018-12-31 21:15:00,3.42,3.42,4.07,4.18,1.8878307332511142,3.5027769160078703,3.4822228
2018-12-31 21:30:00,3.49,3.42,4.07,4.14,2.1852124491916634,3.4028437059509518,3.44968
2018-12-31 21:45:00,3.42,3.49,4.03,4.18,2.574980075721662,3.4319968174829274,3.464814
2018-12-31 22:00:00,3.42,3.42,4.0,5.4,2.2889520673725556,3.5181213810705905,3.4354756
2018-12-31 22:15:00,3.24,3.42,3.2,4.5,2.478095327987454,3.522834662976267,3.3459203
2018-12-31 22:30:00,3.67,3.24,2.99,3.92,2.6611652517994173,3.334577110160645,3.20529
2018-12-31 22:45:00,3.82,3.67,3.1,3.89,3.272661599399541,3.5793412392657116,3.5109675
2018-12-31 23:00:00,3.85,3.82,3.02,3.85,3.062760865758616,3.6509620920141517,3.5671227
2018-12-31 23:15:00,3.74,3.85,2.95,3.85,3.441734600921194,3.6050622890503345,3.6375334
2018-12-31 23:30:00,3.78,3.74,2.99,3.82,3.6501123260270987,3.751118142670633,3.6894453
2018-12-31 23:45:00,3.78,3.78,2.92,3.85,3.996959399981378,3.7460831163862744,3.7297041
