date,actual,Naive (persistence),Seasonal naive (24h),Seasonal naive (7 ngày),Linear Regression,Random Forest,XGBoost
2018-12-01 00:00:00,3.35,3.92,3.96,3.02,1.3608273403776359,11.738155778389066,3.3634727
2018-12-01 00:15:00,3.89,3.92,4.07,3.49,1.5551144386816667,3.9673242311645573,3.6952493
2018-12-01 00:30:00,3.85,3.89,4.0,3.56,1.6153999932295058,3.8853764886633986,3.684621
2018-12-01 00:45:00,3.89,3.82,4.0,3.56,1.4145923748705833,3.7463489628582383,3.8017764
2018-12-01 01:00:00,3.89,3.35,4.0,3.56,2.6657177104850796,3.40858188334544,3.4841604
2018-12-01 01:15:00,4.03,3.89,4.97,3.6,3.0112210184658146,3.665662382266039,3.646649
2018-12-01 01:30:00,3.89,3.85,5.18,3.56,3.0610340640066873,3.659387365338817,3.6195376
2018-12-01 01:45:00,3.92,3.89,4.0,3.49,2.893754507178098,3.650466123522299,3.640404
2018-12-01 02:00:00,3.92,3.89,4.0,3.56,4.065284560403999,3.630733194305254,3.8243043
2018-12-01 02:15:00,3.96,4.03,4.1,3.6,4.143899322065504,3.7945723358947157,3.7776291
2018-12-01 02:30:00,4.03,3.89,4.1,3.6,4.049538072050833,3.7635207734957405,3.7530699
2018-12-01 02:45:00,4.14,3.92,4.07,3.56,4.136487470313714,3.7827785768192386,3.8074324
2018-12-01 03:00:00,5.08,3.92,3.85,3.56,5.237463345849566,3.7779257870407266,3.642878
2018-12-01 03:15:00,4.72,3.96,3.46,3.64,4.826311758033032,3.7945236568510663,3.7208936
2018-12-01 03:30:00,3.96,4.03,3.42,3.56,4.66457020120853,3.7760486764272265,3.8540988
2018-12-01 03:45:00,3.92,4.14,3.46,3.89,4.634752013875701,3.799011921796278,3.8157086
2018-12-01 04:00:00,3.35,5.08,3.42,4.79,6.374506825029616,4.066879081155008,4.1496773
2018-12-01 04:15:00,3.28,4.72,3.42,4.25,5.926191397201517,4.090291150370865,4.692247
2018-12-01 04:30:00,3.35,3.96,3.46,3.64,5.334871605502048,3.853109576413361,3.593762
2018-12-01 04:45:00,3.24,3.92,3.46,3.6,5.063169716903364,3.859336674896922,3.836494
2018-12-01 05:00:00,3.31,3.35,3.46,3.13,5.874766268243125,3.307814465333984,3.358274
2018-12-01 05:15:00,3.31,3.28,3.46,3.02,5.400347734419274,3.2748185880169474,3.4091818
2018-12-01 05:30:00,3.28,3.35,3.92,3.02,5.069870976068909,3.3811599991167536,3.3662271
2018-12-01 05:45:00,3.28,3.24,4.93,3.1,4.613652394958411,3.4948303988181033,3.955348
2018-12-01 06:00:00,3.2,3.31,5.11,3.02,5.714921666702846,3.5523877335579823,3.9324539
2018-12-01 06:15:00,3.46,3.31,3.67,3.06,5.127391635127683,3.5663804384777595,3.9983287
2018-12-01 06:30:00,4.03,3.28,3.42,3.02,4.681129878913492,3.591704749226594,4.05009
2018-12-01 06:45:00,3.89,3.28,3.31,3.02,3.9046740710420913,3.6005387398285698,4.058447
2018-12-01 07:00:00,3.89,3.2,3.35,3.1,4.548058147792968,3.560812413667577,3.4490926
2018-12-01 07:15:00,4.46,3.46,3.28,3.64,4.183581543892547,3.5169393860811153,3.4020364
2018-12-01 07:30:00,3.67,4.03,3.74,3.71,4.039646065665263,3.7461920121994376,3.392451
2018-12-01 07:45:00,3.46,3.89,5.22,3.53,3.8295876195693843,4.866738445752,3.4749975
2018-12-01 08:00:00,3.46,3.89,5.33,3.35,4.546654914475663,6.387422717876768,3.5944955
2018-12-01 08:15:00,3.71,4.46,35.57,3.92,18.173516685210725,29.25826048745733,20.856504
2018-12-01 08:30:00,4.72,3.67,62.71,3.13,28.332631477656445,30.02065825407275,21.914558
2018-12-01 08:45:00,4.46,3.46,63.18,3.2,29.01977137020881,29.928206439368683,21.211876
2018-12-01 09:00:00,5.22,3.46,68.11,3.24,34.58023737443871,27.866434656030403,19.967833
2018-12-01 09:15:00,28.58,3.71,51.48,3.38,26.39942159911092,16.750630968034475,9.589619
2018-12-01 09:30:00,30.56,4.72,57.67,3.42,30.39733853174426,15.026280305401139,12.990977
2018-12-01 09:45:00,28.08,4.46,59.26,3.38,34.25455091447611,15.300108931613423,16.05752
2018-12-01 10:00:00,28.58,5.22,63.22,3.46,30.585822983581526,15.629304114403443,15.985951
2018-12-01 10:15:00,28.73,28.58,49.21,3.42,49.50761244603439,34.24987721965364,34.084476
2018-12-01 10:30:00,29.56,30.56,60.34,3.74,53.296639658050495,46.109346839325184,40.30142
2018-12-01 10:45:00,30.06,28.08,73.26,3.85,50.87289652548509,32.223220864149894,26.906763
2018-12-01 11:00:00,29.2,28.58,60.34,3.92,45.214014723544906,27.227405941361216,23.17056
2018-12-01 11:15:00,27.94,28.73,69.62,3.78,44.12860388141732,30.85743053688179,34.102524
2018-12-01 11:30:00,27.94,29.56,54.18,3.24,43.08901389138303,36.77323129649306,34.004776
2018-12-01 11:45:00,25.63,30.06,49.32,3.28,40.36612793795434,37.50646773708475,35.555477
2018-12-01 12:00:00,3.64,29.2,61.06,3.78,37.72952571255932,31.377460778079932,29.25378
2018-12-01 12:15:00,3.85,27.94,5.65,4.18,1.779296443607553,11.304220343955937,5.398025
2018-12-01 12:30:00,3.71,27.94,6.34,3.46,0.7053502732833401,10.413059229856739,4.857997
2018-12-01 12:45:00,3.74,25.63,6.48,3.35,-0.559720188664155,10.426915685374517,5.173773
2018-12-01 13:00:00,3.71,3.64,6.41,3.46,-2.0560987659034247,7.786714195023348,6.673402
2018-12-01 13:15:00,11.3,3.85,41.76,3.89,18.734933295193336,19.465406673650847,16.568151
2018-12-01 13:30:00,27.29,3.71,62.96,5.72,29.53428043915798,31.98987942232156,28.81599
2018-12-01 13:45:00,26.86,3.74,50.72,5.83,23.43152718858683,30.703466779802127,27.761248
2018-12-01 14:00:00,25.31,3.71,48.24,5.26,20.939377051639813,19.409795508103254,15.708099
2018-12-01 14:15:00,26.21,11.3,50.29,4.57,22.125538823204874,31.423607896962487,26.507635
2018-12-01 14:30:00,26.28,27.29,51.77,4.57,27.34102598328371,31.00515208811921,29.829826
2018-12-01 14:45:00,18.68,26.86,52.96,4.64,27.705780329588524,30.943465030121025,28.514036
2018-12-01 15:00:00,5.18,25.31,44.71,4.61,28.394618749398212,28.90617335156532,26.212534
2018-12-01 15:15:00,5.08,26.21,51.19,4.57,23.797440219403892,26.52035505672529,21.713472
2018-12-01 15:30:00,4.75,26.28,42.77,4.54,21.70634269371312,26.807385662341588,22.128925
2018-12-01 15:45:00,4.75,18.68,41.72,5.33,16.868029109572376,27.353100737962382,21.43352
2018-12-01 16:00:00,4.72,5.18,45.72,5.44,16.92417397549137,11.215964629506932,12.161176
2018-12-01 16:15:00,4.64,5.08,67.68,4.61,21.933880329830956,9.986108170354116,10.69561
2018-12-01 16:30:00,4.72,4.75,44.75,4.61,16.486493804910303,5.566164458689864,8.726297
2018-12-01 16:45:00,4.68,4.75,48.28,5.69,11.090912277621605,5.185464743419752,4.9995174
2018-12-01 17:00:00,4.64,4.72,66.13,5.83,16.99271396516236,4.854899586554675,4.0716777
2018-12-01 17:15:00,4.79,4.64,44.42,5.9,20.85610318499874,4.488348302280584,5.3133187
2018-12-01 17:30:00,4.75,4.72,49.43,4.79,18.508132129748248,4.483809929180668,4.4549785
2018-12-01 17:45:00,4.72,4.68,28.8,3.85,7.188226905089522,4.475364819575185,4.178393
2018-12-01 18:00:00,4.68,4.64,28.66,3.67,7.518723031591662,4.4284872858885045,4.1785626
2018-12-01 18:15:00,5.76,4.79,42.84,3.6,11.724778415267952,4.448789857378024,4.9805927
2018-12-01 18:30:00,5.4,4.75,50.54,3.71,17.68043875933975,4.450158071673903,4.9663873
2018-12-01 18:45:00,4.79,4.72,45.61,3.71,16.416238805733443,4.451574353152127,4.772956
2018-12-01 19:00:00,4.79,4.68,63.11,3.74,21.248068086624478,4.588590095761253,4.369709
2018-12-01 19:15:00,4.79,5.76,44.96,3.67,15.503686392726493,4.5373527680532035,3.8364816
2018-12-01 19:30:00,4.79,5.4,66.46,4.14,19.678900134787874,4.647681043340658,3.6946733
2018-12-01 19:45:00,4.9,4.79,45.61,3.96,16.743232427310375,4.4653931178989765,3.949817
2018-12-01 20:00:00,4.75,4.79,38.09,3.2,16.979144905334806,4.45371527824535,4.110675
2018-12-01 20:15:00,4.79,4.79,54.79,3.1,9.493189939348436,4.545161987764073,4.1688094
2018-12-01 20:30:00,4.75,4.79,52.63,3.06,8.841524266822336,4.533072833765141,4.499956
2018-12-01 20:45:00,4.82,4.9,37.91,3.06,2.210582385959956,4.4761017622705515,4.346359
2018-12-01 21:00:00,4.82,4.75,9.14,3.2,-1.9193509819104868,4.445036166354808,4.29042
2018-12-01 21:15:00,4.75,4.79,5.69,3.06,-6.3553280540298935,4.451349970556117,4.7514167
2018-12-01 21:30:00,4.79,4.75,5.58,3.1,-6.7931321596453,4.445191346538854,4.2959294
2018-12-01 21:45:00,4.79,4.82,5.47,3.06,-6.5672449373805115,4.511748749335913,4.2910147
2018-12-01 22:00:00,4.9,4.82,5.44,3.06,-5.174100199500234,4.518651024871146,4.194404
2018-12-01 22:15:00,5.76,4.75,5.22,3.53,3.3921326115025607,4.460445557847803,4.2527685
2018-12-01 22:30:00,4.61,4.79,5.18,3.46,3.4642151178758454,4.504650886359566,4.1608434
2018-12-01 22:45:00,3.42,4.79,5.11,3.38,3.56326104029565,4.503375665233554,4.2066283
2018-12-01 23:00:00,3.42,4.9,3.92,2.92,4.629027144312548,4.433870223629361,4.4399805
2018-12-01 23:15:00,3.28,5.76,3.92,2.84,-1.8539807263925887,4.51588131393419,4.2780514
2018-12-01 23:30:00,3.38,4.61,3.89,2.84,-2.1236453201563243,4.338381988445255,3.7463248
2018-12-01 23:45:00,3.31,3.42,3.82,2.77,-2.218416973105594,3.604341706464359,3.5854254
2018-12-02 00:00:00,4.36,3.42,3.35,2.88,-1.7103637751059217,10.753104380643387,3.5358596
2018-12-02 00:15:00,3.35,3.28,3.89,3.38,-1.7050247062798398,3.2490006313401043,3.7673538
2018-12-02 00:30:00,3.35,3.38,3.85,3.28,-1.8971289266734992,3.453038466489797,3.3249145
2018-12-02 00:45:00,3.38,3.31,3.89,2.88,-1.9848858512524181,3.448265165198775,3.326527
2018-12-02 01:00:00,3.89,4.36,3.89,2.77,-0.0985867063516217,3.3382124664994945,3.2503257
2018-12-02 01:15:00,4.46,3.35,4.03,2.77,-0.3777956890934,3.208007271484096,3.1012547
2018-12-02 01:30:00,4.43,3.35,3.89,3.31,-0.25245644101789466,3.2732165328545397,3.2459123
2018-12-02 01:45:00,4.14,3.38,3.92,3.46,-0.24839481185230383,3.3145971050251997,3.2452013
2018-12-02 02:00:00,3.46,3.89,3.92,3.46,1.1831478290437651,3.5646965627099334,3.4286158
2018-12-02 02:15:00,3.38,4.46,3.96,3.2,1.3305198573434716,3.4138944012217145,3.4686525
2018-12-02 02:30:00,3.38,4.43,4.03,2.84,1.2121100991000624,3.527385171062412,3.3422115
2018-12-02 02:45:00,3.38,4.14,4.14,2.84,1.0969205141729113,3.705235352715825,3.367119
2018-12-02 03:00:00,4.32,3.46,5.08,2.88,2.258152244494493,3.4560352152160485,3.221163
2018-12-02 03:15:00,4.64,3.38,4.72,2.92,1.8942911230418282,3.2118872813025274,3.275276
2018-12-02 03:30:00,3.82,3.38,3.96,2.84,1.5553494572655673,3.2442152645823836,3.1836863
2018-12-02 03:45:00,3.46,3.38,3.92,2.92,1.2561025177261875,3.544379116814204,3.250546
2018-12-02 04:00:00,3.42,4.32,3.35,2.92,2.7457469798795593,3.356759263453705,3.4842525
2018-12-02 04:15:00,3.46,4.64,3.28,2.88,2.6850760287962494,3.4413724692785572,3.6696835
2018-12-02 04:30:00,4.32,3.82,3.35,2.88,2.1088091201907453,3.4746373310628367,3.4134886
2018-12-02 04:45:00,4.5,3.46,3.24,2.84,1.662513049427968,3.3720938987411238,3.361743
2018-12-02 05:00:00,4.54,3.42,3.31,2.88,2.752325312120842,3.2313074133508604,3.2256262
2018-12-02 05:15:00,4.39,3.46,3.31,2.88,2.28733885241434,3.2837635485661765,3.2600617
2018-12-02 05:30:00,3.35,4.32,3.28,4.18,2.483523037503563,3.60200197094755,3.5445638
2018-12-02 05:45:00,3.46,4.5,3.28,4.28,2.1813765491485704,3.4741372669076025,3.56304
2018-12-02 06:00:00,3.35,4.54,3.2,3.53,3.1300233098476973,3.765938819749077,3.7414463
2018-12-02 06:15:00,3.42,4.39,3.46,3.13,2.434843089591322,3.8824118367977993,3.8204727
2018-12-02 06:30:00,3.42,3.35,4.03,2.88,2.004633223557658,3.5027859745338445,3.384958
2018-12-02 06:45:00,3.38,3.46,3.89,2.84,1.320820370289244,3.258685242304604,3.2104416
2018-12-02 07:00:00,3.46,3.35,3.89,2.81,2.0553057082222246,3.224144237439858,3.2516866
2018-12-02 07:15:00,3.38,3.42,4.46,2.95,1.3934506900629664,3.527585753687435,3.2973557
2018-12-02 07:30:00,3.46,3.42,3.67,2.84,0.7176755384341043,3.583483471262744,3.3283582
2018-12-02 07:45:00,3.46,3.38,3.46,2.88,0.40972966416736156,3.587226961335065,3.41528
2018-12-02 08:00:00,3.49,3.46,3.46,2.92,1.2434807214489147,3.818965983476334,3.5973687
2018-12-02 08:15:00,4.57,3.38,3.71,2.88,11.680033664897348,12.59205627513259,13.550379
2018-12-02 08:30:00,4.54,3.46,4.72,2.92,19.548234402329847,13.420942720203595,20.408388
2018-12-02 08:45:00,5.54,3.46,4.46,2.92,20.480112075750853,13.632175151772024,20.190847
2018-12-02 09:00:00,4.75,3.49,5.22,3.46,25.808354172577502,14.380984397004937,21.64806
2018-12-02 09:15:00,3.74,4.57,28.58,4.93,22.772899126456693,3.8449599908361733,9.128543
2018-12-02 09:30:00,3.71,4.54,30.56,4.32,26.159109834640958,3.768690557580268,6.091671
2018-12-02 09:45:00,3.6,5.54,28.08,3.49,30.69398433569623,3.8290784852689543,8.277146
2018-12-02 10:00:00,3.56,4.75,28.58,2.88,25.308705489650706,3.7838628919361312,6.5547967
2018-12-02 10:15:00,3.6,3.74,28.73,2.95,25.169298813347897,3.7251389797788512,5.718904
2018-12-02 10:30:00,3.64,3.71,29.56,3.56,26.498207058657133,3.7059925357684254,5.321316
2018-12-02 10:45:00,3.64,3.6,30.06,2.95,23.822327968020552,3.7234042954661444,7.1964602
2018-12-02 11:00:00,3.64,3.56,29.2,2.99,24.119109396572185,3.7514517276412396,5.2480845
2018-12-02 11:15:00,3.64,3.6,27.94,2.95,20.135618267741844,3.7394961314356587,5.0477324
2018-12-02 11:30:00,3.56,3.64,27.94,2.95,21.062353242320057,3.7477205178733843,5.2844872
2018-12-02 11:45:00,3.64,3.64,25.63,2.99,18.59705365610027,3.569803627384403,7.2378645
2018-12-02 12:00:00,4.03,3.64,3.64,2.99,13.124258244481979,3.57914584218736,5.0814276
2018-12-02 12:15:00,4.86,3.64,3.85,3.1,-8.197583016436365,3.6078743806949007,4.417392
2018-12-02 12:30:00,4.75,3.56,3.71,3.02,-9.491699445334174,3.5803100880922467,4.29367
2018-12-02 12:45:00,5.36,3.64,3.74,3.17,-10.304252504960932,3.5758266527720965,4.3733277
2018-12-02 13:00:00,4.9,4.03,3.71,3.71,-9.367387638141746,3.548401327903294,4.274811
2018-12-02 13:15:00,3.78,4.86,11.3,3.67,7.535288504286111,3.5994522022660362,5.861699
2018-12-02 13:30:00,3.64,4.75,27.29,3.64,17.754974033537195,3.6328076258681485,5.4287324
2018-12-02 13:45:00,3.6,5.36,26.86,3.2,18.426557759122012,3.660242779846046,7.0904965
2018-12-02 14:00:00,3.6,4.9,25.31,3.67,17.165969997611015,3.607077805449619,7.6071444
2018-12-02 14:15:00,3.6,3.78,26.21,3.1,13.610433101241574,3.650512995649818,7.272816
2018-12-02 14:30:00,3.56,3.64,26.28,2.95,10.350013968584225,3.688503835057993,5.8221726
2018-12-02 14:45:00,3.56,3.6,18.68,3.06,10.293851775526438,3.6075477411467833,5.6211944
2018-12-02 15:00:00,3.64,3.6,5.18,2.99,13.67336851939733,3.610256768148809,5.698833
2018-12-02 15:15:00,3.6,3.6,5.08,2.99,10.738757190294319,3.6198476662936545,4.78962
2018-12-02 15:30:00,3.56,3.56,4.75,2.95,8.82818667480699,3.623764634851309,5.4525127
2018-12-02 15:45:00,3.85,3.56,4.75,2.95,5.565146696124504,3.751428028919865,4.803202
2018-12-02 16:00:00,4.68,3.64,4.72,2.95,6.443145167323923,4.51633574814005,5.2253757
2018-12-02 16:15:00,4.72,3.6,4.64,3.35,8.13420292608139,4.381234003618421,5.5587955
2018-12-02 16:30:00,4.72,3.56,4.72,3.56,7.446021900530329,3.8615790602374402,3.8571103
2018-12-02 16:45:00,3.89,3.85,4.68,3.6,4.786443608086952,3.730868221797414,3.7266905
2018-12-02 17:00:00,3.53,4.68,4.64,3.42,9.744179692914127,3.6815094900898906,6.460021
2018-12-02 17:15:00,3.6,4.72,4.79,2.95,7.943027878836443,3.92071108368638,7.061206
2018-12-02 17:30:00,3.6,4.72,4.75,2.92,4.87007898549459,4.052936319345099,4.6539993
2018-12-02 17:45:00,3.74,3.89,4.72,2.99,-4.4136220196923865,3.8523785545042144,3.6534483
2018-12-02 18:00:00,4.72,3.53,4.68,3.17,-3.8426345457047084,3.6316804674475303,3.65338
2018-12-02 18:15:00,3.89,3.6,5.76,3.46,-1.0260613477501543,3.6360505522710915,3.6264675
2018-12-02 18:30:00,3.53,3.6,5.4,3.02,3.886767674009217,3.6280219430733442,3.5109649
2018-12-02 18:45:00,3.53,3.74,4.79,3.02,3.4737812251556726,3.6818273739770424,3.62892
2018-12-02 19:00:00,3.56,4.72,4.79,2.99,6.533324002048229,3.5816429022480625,4.2446456
2018-12-02 19:15:00,3.67,3.89,4.79,3.02,1.9594758256965612,3.570473209674555,3.7487745
2018-12-02 19:30:00,3.56,3.53,4.79,2.99,3.5762404771021146,3.3428201222039626,3.5691092
2018-12-02 19:45:00,4.39,3.53,4.9,3.02,4.012906271594577,3.3620846568703935,3.4441278
2018-12-02 20:00:00,4.72,3.56,4.75,3.1,4.859205863330654,3.6069465965958134,3.5825262
2018-12-02 20:15:00,4.68,3.67,4.79,3.6,3.919100407026715,3.7285060016424274,3.6607165
2018-12-02 20:30:00,4.75,3.56,4.75,3.6,3.7409889998398107,3.6673334096924433,3.8985524
2018-12-02 20:45:00,3.71,4.39,4.82,3.6,-1.0284195081403702,3.5808778988110657,3.5624115
2018-12-02 21:00:00,3.53,4.72,4.82,3.38,-1.502274801891165,3.7947401897174906,4.3726864
2018-12-02 21:15:00,3.6,4.68,4.75,2.99,-5.94162037593372,3.999158900995593,4.51672
2018-12-02 21:30:00,3.6,4.75,4.79,2.95,-6.842648248200181,4.163828396247402,4.4439025
2018-12-02 21:45:00,3.6,3.71,4.79,2.92,-6.896695242560295,3.7426181463525716,3.5523345
2018-12-02 22:00:00,3.56,3.53,4.9,3.13,-5.424855148804877,3.5818241742390895,3.5749989
2018-12-02 22:15:00,4.07,3.6,5.76,3.46,-5.241644058145599,3.608465586793227,3.498413
2018-12-02 22:30:00,4.32,3.6,4.61,2.92,-5.588195293724471,3.5808804640280454,4.402292
2018-12-02 22:45:00,3.35,3.6,3.42,2.74,-5.7083191836299,3.567828734149519,3.4368086
2018-12-02 23:00:00,3.31,3.56,3.42,2.77,-4.506836716128657,3.5233465478020047,3.3810372
2018-12-02 23:15:00,3.31,4.07,3.28,2.84,-4.141574354931198,3.500385047680048,3.3485382
2018-12-02 23:30:00,3.28,4.32,3.38,2.88,-3.913123325141516,3.5134115023143324,3.3068392
2018-12-02 23:45:00,3.35,3.35,3.31,2.88,-4.112789510911401,3.20466428109478,3.1138833
2018-12-03 00:00:00,4.57,3.31,4.36,4.68,8.260439294460557,3.4871508966257547,4.648054
2018-12-03 00:15:00,4.43,3.31,3.35,3.2,8.046113789878977,3.278305573523737,3.4349873
2018-12-03 00:30:00,4.36,3.28,3.35,3.53,7.964309632606426,3.584874292293158,3.5127652
2018-12-03 00:45:00,4.21,3.35,3.38,3.46,7.986002832877443,3.5833617802761832,3.6427684
2018-12-03 01:00:00,3.35,4.57,3.89,3.49,10.065745266967607,3.4819674789878414,3.4210494
2018-12-03 01:15:00,3.38,4.43,4.46,2.92,10.066324140529165,3.449388386341884,3.4166756
2018-12-03 01:30:00,3.35,4.36,4.43,2.92,10.017642653079204,3.667470475684782,3.5251596
2018-12-03 01:45:00,3.42,4.21,4.14,3.06,9.721547358450696,3.840572953849451,3.7407088
2018-12-03 02:00:00,3.49,3.35,3.46,3.56,11.002971142488338,3.527400970573759,3.4777546
2018-12-03 02:15:00,3.42,3.38,3.38,3.13,10.916586386247197,3.280065353955656,3.4049227
2018-12-03 02:30:00,3.38,3.35,3.38,2.92,10.791789200598192,3.2562082180132688,3.3147297
2018-12-03 02:45:00,4.36,3.42,3.38,2.92,10.720336499506406,3.5793690571494183,3.4339156
2018-12-03 03:00:00,4.14,3.49,4.32,2.88,11.926953386555606,3.500801621104269,3.3070915
2018-12-03 03:15:00,3.42,3.42,4.64,2.95,11.568302092660087,3.4904890654886884,3.3972754
2018-12-03 03:30:00,3.38,3.38,3.82,2.95,11.282405910124492,3.5503104984330474,3.4292014
2018-12-03 03:45:00,3.35,4.36,3.46,3.31,11.65585145649786,3.4324994916804243,3.4918103
2018-12-03 04:00:00,3.35,4.14,3.42,3.49,12.725766754713879,3.48359753687561,3.64586
2018-12-03 04:15:00,4.1,3.42,3.46,3.46,12.276509049479026,3.3695702666009115,3.4278262
2018-12-03 04:30:00,4.43,3.38,4.32,3.24,12.05544121528568,3.3124499262757956,3.2819915
2018-12-03 04:45:00,4.5,3.35,4.5,2.88,11.738030671725657,3.2761523828724015,3.368223
2018-12-03 05:00:00,3.78,3.35,4.54,2.95,12.590810771349759,3.6000786653096695,3.4175794
2018-12-03 05:15:00,3.31,4.1,4.39,2.84,12.564181711689647,3.5367088032610727,3.3557673
2018-12-03 05:30:00,3.38,4.43,3.35,2.88,12.275704219746713,3.429601033496944,3.5566578
2018-12-03 05:45:00,3.31,4.5,3.46,2.84,11.901609506635243,3.620299254218611,3.7990255
2018-12-03 06:00:00,3.31,3.78,3.35,3.17,12.730174957804142,3.671654950892047,3.709253
2018-12-03 06:15:00,3.35,3.31,3.42,3.38,12.333214973641509,3.3441300523859683,3.61994
2018-12-03 06:30:00,3.31,3.38,3.42,2.88,11.896672491536993,3.2565663954273067,3.4516532
2018-12-03 06:45:00,3.24,3.31,3.38,2.88,10.996655504750962,3.42947125528284,3.33526
2018-12-03 07:00:00,3.24,3.31,3.46,2.99,11.600120905222344,3.6285809520211214,3.4468064
2018-12-03 07:15:00,4.21,3.35,3.38,3.35,11.057337411614693,3.642197028046981,3.6005752
2018-12-03 07:30:00,5.76,3.31,3.46,3.53,10.594420497965753,3.7464152622046814,3.9334164
2018-12-03 07:45:00,5.98,3.24,3.46,5.22,10.538901490672504,5.039791451370668,4.8318553
2018-12-03 08:00:00,5.58,3.24,3.49,5.58,11.413909409293066,5.518222263357189,4.970628
2018-12-03 08:15:00,34.99,4.21,4.57,45.36,29.190621647516743,28.322987949167295,36.623833
2018-12-03 08:30:00,56.84,5.76,4.54,88.92,45.077558160145045,76.33929152710478,69.56897
2018-12-03 08:45:00,61.06,5.98,5.54,88.99,46.18877963255643,76.35981697282934,69.626045
2018-12-03 09:00:00,57.89,5.58,4.75,90.61,51.30339754946388,78.4715561530105,75.28721
2018-12-03 09:15:00,70.49,34.99,3.74,93.31,58.290184837410465,77.65329699552883,63.466644
2018-12-03 09:30:00,50.11,56.84,3.71,92.2,72.36002312142027,62.50428266398812,63.52437
2018-12-03 09:45:00,66.38,61.06,3.6,94.43,78.37375468379723,63.533163878801155,66.09737
2018-12-03 10:00:00,56.88,57.89,3.56,85.43,64.3850333664282,60.99195117510633,58.65961
2018-12-03 10:15:00,47.09,70.49,3.6,64.55,72.088178562736,68.6663568285069,69.93936
2018-12-03 10:30:00,55.8,50.11,3.64,70.06,70.29202578933446,59.95524067706999,68.52392
2018-12-03 10:45:00,66.89,66.38,3.64,73.12,74.490684442968,64.60160686169024,69.83956
2018-12-03 11:00:00,62.89,56.88,3.64,80.75,73.08935879040766,63.13435711571036,68.487076
2018-12-03 11:15:00,63.79,47.09,3.64,82.66,67.54695413455045,60.293518349211055,61.34619
2018-12-03 11:30:00,58.1,55.8,3.56,79.13,69.02297914270588,62.6027973106171,65.48589
2018-12-03 11:45:00,54.5,66.89,3.64,84.74,72.49611680912649,63.920219012166164,63.848537
2018-12-03 12:00:00,35.35,62.89,4.03,61.34,64.82909304207482,63.5025359664646,61.999443
2018-12-03 12:15:00,6.34,63.79,4.86,7.24,23.25146594421859,10.5160817176494,7.5080204
2018-12-03 12:30:00,5.76,58.1,4.75,6.84,20.255455111115452,8.104660144627456,6.9447126
2018-12-03 12:45:00,6.3,54.5,5.36,6.3,19.521560957410014,7.915282621013084,6.427995
2018-12-03 13:00:00,6.19,35.35,4.9,6.01,17.772904704824676,8.287269070348168,6.4284334
2018-12-03 13:15:00,35.35,6.34,3.78,56.52,38.55047813715772,49.24305082177171,45.63521
2018-12-03 13:30:00,51.95,5.76,3.64,93.17,53.25850308413406,59.306125664347356,63.907787
2018-12-03 13:45:00,48.46,6.3,3.6,82.58,48.31397188164405,60.73892878963291,65.15818
2018-12-03 14:00:00,65.02,6.19,3.6,90.65,41.26077896229739,54.96670394432696,52.370296
2018-12-03 14:15:00,69.91,35.35,3.6,77.51,49.74093596635022,59.87473779891011,57.700195
2018-12-03 14:30:00,55.12,51.95,3.56,88.63,56.77983585777092,59.62248145602989,59.01523
2018-12-03 14:45:00,56.84,48.46,3.56,69.05,52.29942550812335,58.50783444507342,57.037773
2018-12-03 15:00:00,54.22,65.02,3.64,71.6,58.652176677254914,62.968171108814275,58.834133
2018-12-03 15:15:00,49.97,69.91,3.6,67.97,57.634064839225104,66.20594027685176,64.70336
2018-12-03 15:30:00,48.17,55.12,3.56,64.51,50.94857988821498,61.695853502677906,61.957962
2018-12-03 15:45:00,49.86,56.84,3.85,70.96,47.457787459198954,62.694345657449475,63.02411
2018-12-03 16:00:00,58.75,54.22,4.68,65.34,48.06856302150027,60.941270771409656,60.62078
2018-12-03 16:15:00,65.7,49.97,4.72,64.22,47.24266707378921,59.19457847475637,57.4848
2018-12-03 16:30:00,51.88,48.17,4.72,61.45,44.77373040055265,56.69202007628181,56.442116
2018-12-03 16:45:00,57.2,49.86,3.89,51.52,40.632096335788205,56.7371478722101,57.88503
2018-12-03 17:00:00,76.03,58.75,3.53,65.34,51.447538657247364,59.80465818534671,55.21799
2018-12-03 17:15:00,72.18,65.7,3.6,74.05,62.49736706004562,61.874941553264286,55.740196
2018-12-03 17:30:00,61.42,51.88,3.6,50.65,50.93803620531099,56.00605884655946,53.953545
2018-12-03 17:45:00,36.61,57.2,3.74,32.58,39.75281751297419,32.04638109577278,31.354366
2018-12-03 18:00:00,29.56,76.03,4.72,32.72,48.903172706041175,35.20950545559947,34.19059
2018-12-03 18:15:00,34.13,72.18,3.89,43.16,53.13426576704611,45.49503347475826,40.15241
2018-12-03 18:30:00,42.26,61.42,3.53,61.88,55.72191256808813,47.915868571660006,57.341045
2018-12-03 18:45:00,56.81,36.61,3.53,71.03,53.41404537462787,57.015694720820136,56.605984
2018-12-03 19:00:00,43.02,29.56,3.56,58.43,54.96100501683047,58.206864571771284,60.014114
2018-12-03 19:15:00,47.74,34.13,3.67,59.33,49.4957925823779,45.498654671499715,50.834167
2018-12-03 19:30:00,39.17,42.26,3.56,60.05,49.89506603496241,44.79223072520528,47.970406
2018-12-03 19:45:00,43.67,56.81,4.39,66.17,56.9187009536379,54.042872142811056,56.58172
2018-12-03 20:00:00,50.44,43.02,4.72,78.98,53.50926795661813,48.07871589645086,46.999714
2018-12-03 20:15:00,46.22,47.74,4.68,58.18,41.55811823878313,51.413602272750595,48.977394
2018-12-03 20:30:00,45.36,39.17,4.75,51.77,38.58281890029426,43.821467939178625,44.73821
2018-12-03 20:45:00,50.11,43.67,3.71,43.6,32.4103784355427,42.970415730660974,39.472103
2018-12-03 21:00:00,25.45,50.44,3.53,40.64,32.66824677056475,21.48124284203244,21.37736
2018-12-03 21:15:00,8.6,46.22,3.6,16.09,23.281043040308425,12.805443556812937,7.45946
2018-12-03 21:30:00,6.19,45.36,3.6,6.23,19.310075377083486,8.503905549595968,7.19449
2018-12-03 21:45:00,5.62,50.11,3.6,5.26,20.85643068393094,7.399836953423408,6.764331
2018-12-03 22:00:00,4.93,25.45,3.56,5.11,18.864961141138913,7.046276722271197,7.140557
2018-12-03 22:15:00,4.72,8.6,4.07,4.79,25.872760025084983,7.285582009401138,5.2459946
2018-12-03 22:30:00,4.75,6.19,4.32,4.72,26.184694090078697,4.809067426810155,4.591436
2018-12-03 22:45:00,4.68,5.62,3.35,4.75,21.906995065792778,4.638635192622092,5.6393876
2018-12-03 23:00:00,4.68,4.93,3.31,4.72,18.06539585724523,4.77825053153985,4.8719735
2018-12-03 23:15:00,4.61,4.72,3.31,4.82,9.71038892078769,4.441584792725792,4.697565
2018-12-03 23:30:00,4.57,4.75,3.28,4.64,9.527595184724117,4.458851870968431,4.5836425
2018-12-03 23:45:00,4.61,4.68,3.35,4.64,9.429519783597922,4.394269845506183,4.730355
2018-12-04 00:00:00,3.89,4.68,4.57,23.65,10.907230628573846,11.692741126288016,6.632944
2018-12-04 00:15:00,4.61,4.61,4.43,4.72,7.998962268856165,4.448888544025697,4.7400174
2018-12-04 00:30:00,4.57,4.57,4.36,4.79,8.093148436139675,4.418435426240549,4.692806
2018-12-04 00:45:00,4.61,4.61,4.21,4.72,8.135688153229989,4.40083262527005,4.7442346
2018-12-04 01:00:00,4.64,3.89,3.35,4.75,9.324275687434554,3.8918469363922434,4.5072784
2018-12-04 01:15:00,5.04,4.61,3.38,5.62,9.74879945285998,4.298021213981415,4.6931915
2018-12-04 01:30:00,5.8,4.57,3.35,5.94,9.82965798048733,4.282374713904272,5.1487265
2018-12-04 01:45:00,4.68,4.61,3.42,4.72,9.62515562450523,4.280147743633008,4.6984067
2018-12-04 02:00:00,3.6,4.64,3.49,4.68,10.742857262263751,4.292477795667688,4.985049
2018-12-04 02:15:00,3.56,5.04,3.42,4.72,10.958285448272587,4.416620511610308,4.94673
2018-12-04 02:30:00,3.64,5.8,3.38,4.72,11.29611480495539,4.574169092557903,5.540023
2018-12-04 02:45:00,3.67,4.68,4.36,4.72,11.121739657853364,4.4086923730122995,4.932289
2018-12-04 03:00:00,3.64,3.6,4.14,4.72,12.067860005248075,3.8330636591077822,4.4519243
2018-12-04 03:15:00,3.64,3.56,3.42,4.18,11.612878088200436,3.8245124814936546,4.7272434
2018-12-04 03:30:00,3.71,3.64,3.38,3.71,11.215436892617983,3.5986594733132318,4.265269
2018-12-04 03:45:00,3.67,3.67,3.35,3.71,10.794891138811526,3.6496558597096738,4.3540006
2018-12-04 04:00:00,3.71,3.64,3.35,3.74,11.819613123478387,3.606023354389192,4.19315
2018-12-04 04:15:00,3.67,3.64,4.1,3.78,11.676452597033784,3.6286975966407296,4.214822
2018-12-04 04:30:00,3.6,3.71,4.43,3.74,11.473958315083447,3.6356391214049175,4.212017
2018-12-04 04:45:00,4.36,3.67,4.5,3.71,11.174296380339182,3.6346191522784865,4.197918
2018-12-04 05:00:00,4.64,3.71,3.78,3.71,12.100472191120087,3.632319757707139,4.2459073
2018-12-04 05:15:00,4.72,3.67,3.31,3.74,11.700417490382744,3.6258624199591387,4.388468
2018-12-04 05:30:00,5.44,3.6,3.38,3.78,11.368171036753441,3.640747890689279,4.2436237
2018-12-04 05:45:00,4.43,4.36,3.31,3.92,11.37996867816679,3.5702461923389586,4.445404
2018-12-04 06:00:00,3.64,4.64,3.31,5.9,12.960115348089372,3.779723489141834,5.9755836
2018-12-04 06:15:00,3.56,4.72,3.35,5.62,12.483297560492039,4.0078021459747335,5.688591
2018-12-04 06:30:00,3.67,5.44,3.31,4.64,12.115076298278987,4.205523281870634,7.627705
2018-12-04 06:45:00,3.64,4.43,3.24,3.82,10.9383706685804,4.0649741178508325,4.8040295
2018-12-04 07:00:00,3.56,3.64,3.24,3.71,11.536158162487876,3.8412480611589186,4.3481183
2018-12-04 07:15:00,3.56,3.56,4.21,3.71,11.133736632075685,3.7966518029051577,4.455636
2018-12-04 07:30:00,3.82,3.67,5.76,3.78,10.718866222477804,3.7863789896099576,4.3534007
2018-12-04 07:45:00,4.54,3.64,5.98,5.11,10.437570205407606,5.619941405747121,5.355916
2018-12-04 08:00:00,5.94,3.56,5.58,6.88,11.823560277553511,6.453844110305929,7.687323
2018-12-04 08:15:00,28.4,3.56,34.99,49.61,31.722219429554364,41.03853008693454,43.64145
2018-12-04 08:30:00,55.04,3.82,56.84,72.36,44.32591593392887,59.67460621789924,58.868736
2018-12-04 08:45:00,61.13,4.54,61.06,73.62,45.843114986638255,61.69858858625231,64.070496
2018-12-04 09:00:00,82.33,5.94,57.89,111.64,57.99651837481517,69.69968030000379,68.40121
2018-12-04 09:15:00,82.37,28.4,70.49,81.54,59.01018459352382,68.67653814749843,63.54068
2018-12-04 09:30:00,64.08,55.04,50.11,103.1,76.22941448911378,62.87276332655122,63.57907
2018-12-04 09:45:00,59.36,61.13,66.38,126.43,89.07477799964771,63.24289067758515,64.48352
2018-12-04 10:00:00,52.16,82.33,56.88,104.44,84.08628812353925,76.15013798783907,74.00993
2018-12-04 10:15:00,56.95,82.37,47.09,129.2,93.36259750981759,76.79527310097727,75.47854
2018-12-04 10:30:00,53.42,64.08,55.8,131.8,90.42935298332846,66.39472265185084,64.943695
2018-12-04 10:45:00,58.86,59.36,66.89,133.42,88.94317333498391,65.40644692522005,66.155235
2018-12-04 11:00:00,59.98,52.16,62.89,151.67,90.70054884188106,62.391942566601614,67.06608
2018-12-04 11:15:00,61.24,56.95,63.79,126.11,81.17592352309163,63.17833219720083,65.89625
2018-12-04 11:30:00,84.1,53.42,58.1,145.01,81.47688903501619,58.53783128124064,59.554504
2018-12-04 11:45:00,63.86,58.86,54.5,123.8,76.1921556106173,60.41634649720575,59.72089
2018-12-04 12:00:00,49.86,59.98,35.35,108.61,69.41073354926841,61.74171010452565,57.33672
2018-12-04 12:15:00,6.91,61.24,6.34,7.81,21.75762007502031,10.343314509469877,7.06975
2018-12-04 12:30:00,7.38,84.1,5.76,5.51,30.88684051228208,8.685517090478353,7.740115
2018-12-04 12:45:00,6.62,63.86,6.3,5.76,23.627265361491304,8.098318737776918,6.342653
2018-12-04 13:00:00,6.55,49.86,6.19,6.34,21.462051500107506,8.195165002742902,6.43829
2018-12-04 13:15:00,32.51,6.91,35.35,71.06,45.07528150779409,49.58421881719214,50.170586
2018-12-04 13:30:00,57.28,7.38,51.95,121.25,63.21725841263485,62.48938319918149,76.61319
2018-12-04 13:45:00,55.51,6.62,48.46,132.59,62.11250995513298,60.15714038190369,64.430855
2018-12-04 14:00:00,56.12,6.55,65.02,126.68,51.143061429199264,57.1031686869216,57.115612
2018-12-04 14:15:00,58.82,32.51,69.91,93.46,55.699254970938654,58.64879841776652,56.887154
2018-12-04 14:30:00,52.88,57.28,55.12,77.36,58.90919050634854,60.5213895296994,58.86991
2018-12-04 14:45:00,53.46,55.51,56.84,76.72,60.492444600025905,59.60589425308932,58.65506
2018-12-04 15:00:00,62.96,56.12,54.22,107.42,63.814056055272104,59.51454512093238,57.299046
2018-12-04 15:15:00,64.62,58.82,49.97,81.58,54.08045054949038,61.4528546672536,56.941612
2018-12-04 15:30:00,60.01,52.88,48.17,79.38,51.57478118361172,56.684153490414026,54.943417
2018-12-04 15:45:00,55.66,53.46,49.86,57.85,44.32085926715958,56.42637075083307,56.53777
2018-12-04 16:00:00,53.82,62.96,58.75,59.08,51.207363177317816,62.92455830579393,60.062775
2018-12-04 16:15:00,71.86,64.62,65.7,59.26,56.0849281507283,63.0627887752971,61.502224
2018-12-04 16:30:00,60.73,60.01,51.88,53.46,49.40677177880019,62.35585591649055,61.44833
2018-12-04 16:45:00,68.22,55.66,57.2,59.4,47.28160004917915,60.779070106260384,61.50932
2018-12-04 17:00:00,80.46,53.82,76.03,47.48,53.30496491540448,59.68497763096817,57.432976
2018-12-04 17:15:00,61.52,71.86,72.18,62.78,67.85710700457096,66.82800942821606,62.713192
2018-12-04 17:30:00,71.1,60.73,61.42,50.15,59.05861224199076,58.57909143766907,56.487354
2018-12-04 17:45:00,35.21,68.22,36.61,34.13,46.1323732562155,37.5428675510127,35.07752
2018-12-04 18:00:00,30.31,80.46,29.56,31.93,48.49020775615361,34.00606233369549,35.14643
2018-12-04 18:15:00,43.56,61.52,34.13,36.76,47.74647248689765,39.44485769492657,37.836983
2018-12-04 18:30:00,40.97,71.1,42.26,56.84,58.01232798160973,66.63955812825435,59.887554
2018-12-04 18:45:00,38.56,35.21,56.81,48.17,52.85887467720569,55.00585629214954,59.3859
2018-12-04 19:00:00,41.65,30.31,43.02,61.16,56.44708984392332,58.834084894520394,59.905273
2018-12-04 19:15:00,49.07,43.56,47.74,41.98,52.066392247478575,52.474816843439186,53.413498
2018-12-04 19:30:00,40.46,40.97,39.17,43.38,47.19611584385396,41.66962937365226,48.405277
2018-12-04 19:45:00,48.64,38.56,43.67,47.48,44.66969280083936,42.518567340582905,44.931427
2018-12-04 20:00:00,49.75,41.65,50.44,48.46,45.034470923735,41.29126656087222,44.4959
2018-12-04 20:15:00,48.89,49.07,46.22,49.61,41.232138726266164,50.873163442376956,47.478317
2018-12-04 20:30:00,37.84,40.46,45.36,49.21,38.42177544302005,42.77638050167031,44.252064
2018-12-04 20:45:00,30.67,48.64,50.11,35.5,34.70626414183922,46.338441123219994,43.734962
2018-12-04 21:00:00,5.08,49.75,25.45,29.99,28.565135700714794,23.338602237221924,20.424225
2018-12-04 21:15:00,5.69,48.89,8.6,25.96,22.894553195659206,14.649129215746362,6.2684636
2018-12-04 21:30:00,5.44,37.84,6.19,25.02,18.861024038715378,12.424373191200557,7.3612046
2018-12-04 21:45:00,5.4,30.67,5.62,25.13,18.914297489286774,11.427747754532371,7.623414
2018-12-04 22:00:00,5.44,5.08,4.93,25.2,16.95973315316033,6.412118142965134,6.2649455
2018-12-04 22:15:00,5.26,5.69,4.72,24.88,25.36197568496077,4.775526974021038,5.9455667
2018-12-04 22:30:00,4.64,5.44,4.75,24.77,23.117291241916973,4.662348462181319,5.701591
2018-12-04 22:45:00,3.92,5.4,4.68,24.88,17.428079744557763,4.649184717294623,7.2396884
2018-12-04 23:00:00,3.96,5.44,4.68,23.65,16.86111040368774,4.676211633212326,5.4382753
2018-12-04 23:15:00,3.92,5.26,4.61,23.62,9.88831983736102,4.661931836779019,5.9411964
2018-12-04 23:30:00,3.85,4.64,4.57,23.58,9.89033922990345,4.55866043656428,6.4757886
2018-12-04 23:45:00,3.89,3.92,4.61,23.54,9.900024886392476,4.013508587359307,5.385452
2018-12-05 00:00:00,3.96,3.96,3.89,3.92,3.418499359794037,12.873526344747747,4.1059365
2018-12-05 00:15:00,3.89,3.92,4.61,23.51,9.454277916875366,4.103220063765793,6.4706707
2018-12-05 00:30:00,3.92,3.85,4.57,23.65,9.382073339118495,3.91280874528488,4.8415103
2018-12-05 00:45:00,3.89,3.89,4.61,23.65,9.427209771694546,3.932695055422402,4.8403544
2018-12-05 01:00:00,3.96,3.96,4.64,23.65,10.834298992694922,3.988888007621198,4.959141
2018-12-05 01:15:00,3.78,3.89,5.04,23.58,10.895916827507907,3.912708579117393,4.9308352
2018-12-05 01:30:00,3.85,3.92,5.8,23.65,11.04136574197663,3.9693167604917523,5.3247256
2018-12-05 01:45:00,3.82,3.89,4.68,23.62,10.877177872453029,3.8997300827366232,4.922968
2018-12-05 02:00:00,3.82,3.96,3.6,23.65,12.081614374465918,3.985442701065515,4.31242
2018-12-05 02:15:00,3.85,3.78,3.56,23.58,11.987513656129778,3.79794099730579,4.6526055
2018-12-05 02:30:00,4.64,3.85,3.64,23.65,11.996143702094948,3.8542734002888195,4.648368
2018-12-05 02:45:00,4.86,3.82,3.67,24.66,12.228165536582068,3.8650795862327283,4.438951
2018-12-05 03:00:00,3.82,3.82,3.64,24.12,13.285001617162528,3.8893274294426714,3.9409518
2018-12-05 03:15:00,3.49,3.85,3.64,22.46,12.644571550633215,3.8637261521495923,4.5972223
2018-12-05 03:30:00,3.13,4.64,3.71,22.39,12.877543661518539,4.050547626217769,5.316082
2018-12-05 03:45:00,3.2,4.86,3.67,22.54,12.858443404657697,4.172927502660081,5.471944
2018-12-05 04:00:00,3.13,3.82,3.71,22.46,13.606423133328386,3.9382953845706856,4.4225683
2018-12-05 04:15:00,3.1,3.49,3.67,22.54,13.25481063199877,3.683032066887957,4.7248826
2018-12-05 04:30:00,3.17,3.13,3.6,22.5,12.504366402864193,3.3373695027391204,4.220756
2018-12-05 04:45:00,3.06,3.2,4.36,22.46,12.148778100506554,3.3835816062748734,4.5141478
2018-12-05 05:00:00,3.17,3.13,4.64,22.46,13.052658766556526,3.410182932777206,3.679245
2018-12-05 05:15:00,3.06,3.1,4.72,22.46,12.607927438692204,3.541370752562795,4.339269
2018-12-05 05:30:00,3.1,3.17,5.44,22.54,12.351196656674883,3.54322936680476,4.3409424
2018-12-05 05:45:00,3.02,3.06,4.43,22.5,11.75815578262969,3.5106022384668116,4.287453
2018-12-05 06:00:00,3.1,3.17,3.64,23.62,12.945571738201266,3.4741773368970197,3.595221
2018-12-05 06:15:00,3.02,3.06,3.56,23.87,12.506096548090797,3.4585857449418436,4.0168
2018-12-05 06:30:00,4.61,3.1,3.67,24.55,12.276794660145244,3.472475506003775,4.2527347
2018-12-05 06:45:00,4.9,3.02,3.64,23.11,11.238494954027413,3.466661482563192,3.6748247
2018-12-05 07:00:00,3.85,3.1,3.56,22.5,11.86098999922483,3.5515850253387073,3.1735933
2018-12-05 07:15:00,3.49,3.02,3.56,22.46,11.249356166512452,3.546940014466293,3.6986024
2018-12-05 07:30:00,3.2,4.61,3.82,22.93,11.68903392350763,3.848116665890976,4.287219
2018-12-05 07:45:00,4.32,4.9,4.54,24.62,11.885258208755534,6.915042875441997,5.97576
2018-12-05 08:00:00,4.72,3.85,5.94,25.09,12.471961341677813,8.662182610452092,10.670106
2018-12-05 08:15:00,27.65,3.49,28.4,54.18,27.13952359361783,51.95881474140811,40.340023
2018-12-05 08:30:00,61.56,3.2,55.04,52.27,35.898239458977706,66.3930492997655,55.63212
2018-12-05 08:45:00,57.71,4.32,61.13,51.88,37.63894147670438,63.46916825207011,59.82845
2018-12-05 09:00:00,57.82,4.72,82.33,54.43,44.30795233084383,64.97070335275914,63.93967
2018-12-05 09:15:00,68.08,27.65,82.37,58.72,52.52583233070443,65.90336518042967,60.37825
2018-12-05 09:30:00,64.08,61.56,64.08,52.78,65.4306892961875,64.71609482553853,61.79518
2018-12-05 09:45:00,64.76,57.71,59.36,58.97,66.80691320427619,60.9942705578507,59.14399
2018-12-05 10:00:00,62.68,57.82,52.16,51.16,56.02726591997204,59.43236742959862,58.427704
2018-12-05 10:15:00,49.28,68.08,56.95,50.0,62.39756225344773,62.94312461956654,59.01435
2018-12-05 10:30:00,56.52,64.08,53.42,48.56,63.82082072524169,62.995277846255064,59.581417
2018-12-05 10:45:00,59.04,64.76,58.86,66.2,65.81248842137119,63.715242813445634,60.20315
2018-12-05 11:00:00,66.85,62.68,59.98,62.1,60.499728844792386,63.98328861855453,61.863194
2018-12-05 11:15:00,68.83,49.28,61.24,51.98,57.09921498830737,58.206286459478164,59.32953
2018-12-05 11:30:00,60.3,56.52,84.1,53.89,61.39537061959618,61.01571123059053,61.25244
2018-12-05 11:45:00,53.21,59.04,63.86,63.94,60.17505623603506,61.86566697842678,59.440903
2018-12-05 12:00:00,40.97,66.85,49.86,51.77,58.07043687813356,61.586430779477425,55.179996
2018-12-05 12:15:00,10.69,68.83,6.91,8.5,22.264625247244783,7.421752041937924,6.7679543
2018-12-05 12:30:00,9.43,60.3,7.38,6.98,18.168716829203664,6.53337931862322,5.6531672
2018-12-05 12:45:00,10.33,53.21,6.62,7.42,16.314138575769178,6.712523270349397,6.482476
2018-12-05 13:00:00,26.68,40.97,6.55,8.28,16.12462994992177,6.689542610843625,6.1223283
2018-12-05 13:15:00,43.34,10.69,32.51,60.88,33.95200046315321,46.08330359952393,42.049946
2018-12-05 13:30:00,46.51,9.43,57.28,71.89,42.96754718471492,56.731520034775556,58.26057
2018-12-05 13:45:00,50.44,10.33,55.51,79.24,41.8344093951162,57.03906575953053,59.166504
2018-12-05 14:00:00,63.4,26.68,56.12,58.39,38.622497552047605,57.176432212945926,59.77117
2018-12-05 14:15:00,54.36,43.34,58.82,84.46,50.899508053596904,57.334487302834226,59.13642
2018-12-05 14:30:00,61.52,46.51,52.88,62.39,43.697188452115284,55.003579938387475,54.50475
2018-12-05 14:45:00,58.93,50.44,53.46,92.81,49.3279632167162,56.403040170362644,54.55989
2018-12-05 15:00:00,85.46,63.4,62.96,98.53,57.11884530817895,61.83483120287505,57.931786
2018-12-05 15:15:00,109.3,54.36,64.62,105.91,56.325758134576915,58.21131833796721,56.913773
2018-12-05 15:30:00,87.16,61.52,60.01,96.91,53.934266684498425,62.15956788774013,59.36101
2018-12-05 15:45:00,96.01,58.93,55.66,65.66,44.28143477782669,61.05366532830867,59.12586
2018-12-05 16:00:00,105.91,85.46,53.82,73.44,60.395139342916664,74.43006224943115,77.49034
2018-12-05 16:15:00,68.18,109.3,71.86,100.84,80.68848520138809,82.50373126074446,85.60911
2018-12-05 16:30:00,64.91,87.16,60.73,97.63,68.71699868764156,82.73411142160468,82.52985
2018-12-05 16:45:00,56.05,96.01,68.22,83.3,63.54199024735986,88.137801775821,89.870995
2018-12-05 17:00:00,62.96,105.91,80.46,111.78,79.71629909390819,86.53318545274512,84.58504
2018-12-05 17:15:00,47.12,68.18,61.52,83.74,69.183265771305,72.59974956026059,70.04484
2018-12-05 17:30:00,44.57,64.91,71.1,90.11,71.12933269223593,67.08290794790805,62.468838
2018-12-05 17:45:00,44.24,56.05,35.21,37.91,47.379543918505675,45.92319209153929,36.886375
2018-12-05 18:00:00,27.32,62.96,30.31,31.68,41.20548465611344,32.93907657462241,32.070484
2018-12-05 18:15:00,5.87,47.12,43.56,35.17,40.505834956699815,35.719826458143956,33.51821
2018-12-05 18:30:00,5.36,44.57,40.97,60.73,46.11062494926901,41.7578241408444,40.21307
2018-12-05 18:45:00,5.47,44.24,38.56,50.44,44.53292447521015,42.15735500958364,42.687347
2018-12-05 19:00:00,5.58,27.32,41.65,62.21,44.566828440541784,38.54363614371035,36.460655
2018-12-05 19:15:00,5.58,5.87,49.07,50.65,37.78222846655524,5.489575364897087,9.191867
2018-12-05 19:30:00,5.47,5.36,40.46,54.07,38.563789059988366,4.929217850808669,5.6661954
2018-12-05 19:45:00,5.44,5.47,48.64,40.86,33.90514411640986,5.000491124526875,5.7708645
2018-12-05 20:00:00,5.44,5.58,49.75,50.8,30.515953676698444,29.01128524533286,8.092708
2018-12-05 20:15:00,5.44,5.58,48.89,49.82,20.98599643911757,5.464610052426811,4.589598
2018-12-05 20:30:00,5.51,5.47,37.84,41.44,18.01612239105223,5.473289029625735,4.5302315
2018-12-05 20:45:00,5.44,5.44,30.67,20.45,9.936686639159557,4.638493778752186,5.5302086
2018-12-05 21:00:00,4.82,5.44,5.08,8.86,1.6359282450942878,4.618559781212703,4.300399
2018-12-05 21:15:00,4.28,5.44,5.69,6.34,-3.0472567228925307,4.686815556719159,4.7814217
2018-12-05 21:30:00,4.25,5.51,5.44,5.54,-3.3920845260831065,4.641631862322239,4.8810897
2018-12-05 21:45:00,4.28,5.44,5.4,5.54,-3.3793476373183715,4.638817779242076,5.106468
2018-12-05 22:00:00,4.36,4.82,5.44,5.54,-2.1078811064360785,4.442265009469054,4.54882
2018-12-05 22:15:00,4.03,4.28,5.26,5.18,6.317791860218115,3.9192371075040517,4.4076557
2018-12-05 22:30:00,4.0,4.25,4.64,5.22,6.237534165476813,3.8911508295560338,4.426417
2018-12-05 22:45:00,4.03,4.28,3.92,5.15,6.1928986760398175,3.8878410003035864,4.0799723
2018-12-05 23:00:00,4.0,4.36,3.96,5.11,7.391988841558888,3.9827577616002867,3.8470502
2018-12-05 23:15:00,4.0,4.03,3.92,5.11,0.37869754140745115,3.8690529117801633,3.7462475
2018-12-05 23:30:00,3.92,4.0,3.85,4.61,0.34458305122312893,3.821389377111979,3.7721667
2018-12-05 23:45:00,4.0,4.03,3.89,3.92,0.28490208548070584,3.832629701943412,3.7736287
2018-12-06 00:00:00,4.0,4.0,3.96,4.07,1.7040025725351065,4.263737069591643,3.9574468
2018-12-06 00:15:00,3.96,4.0,3.89,3.89,1.7297597192182756,3.7487508368323295,4.0141144
2018-12-06 00:30:00,4.79,3.92,3.92,4.03,1.8099446930584229,3.7300643639583395,4.011017
2018-12-06 00:45:00,5.18,4.0,3.89,4.0,1.878626913610848,3.7396881257796304,4.026178
2018-12-06 01:00:00,4.03,4.0,3.96,4.0,3.2383600910035604,3.7458105285037173,4.037497
2018-12-06 01:15:00,3.92,3.96,3.78,4.0,3.4096806315585475,3.734699251639209,3.8657906
2018-12-06 01:30:00,4.0,4.79,3.85,4.0,3.948091671479954,3.9410847538685636,3.9139276
2018-12-06 01:45:00,3.92,5.18,3.82,4.1,3.9434290501145064,4.11711441656083,4.883326
2018-12-06 02:00:00,4.07,4.03,3.82,4.0,4.774647991680876,3.8345726385942394,3.8130555
2018-12-06 02:15:00,3.46,3.92,3.85,3.96,4.727525607943445,3.8150347328116907,3.7287872
2018-12-06 02:30:00,3.28,4.0,4.64,4.03,4.931356375656012,3.8552863124443166,3.7253072
2018-12-06 02:45:00,3.38,3.92,4.86,4.03,4.694728440892138,3.71943764258258,3.8678699
2018-12-06 03:00:00,3.31,4.07,3.82,4.79,5.970784498067044,3.7662793619175763,3.9133503
2018-12-06 03:15:00,3.35,3.46,3.49,5.15,5.818410561364868,3.424573394128307,3.4339035
2018-12-06 03:30:00,3.35,3.28,3.13,4.18,5.248457302674378,3.3479138302475433,3.3591783
2018-12-06 03:45:00,3.38,3.38,3.2,4.0,5.0424300981872,3.357547852290391,3.2789605
2018-12-06 04:00:00,3.42,3.31,3.13,4.0,5.981311504637649,3.320719793925361,3.3249373
2018-12-06 04:15:00,3.31,3.35,3.1,4.07,5.796003549548008,3.3650376677830307,3.3733695
2018-12-06 04:30:00,4.61,3.35,3.17,3.71,5.539756756588343,3.3466578841981467,3.3714767
2018-12-06 04:45:00,5.04,3.38,3.06,3.35,5.282970086780164,3.3384841769646623,3.383997
2018-12-06 05:00:00,4.07,3.42,3.17,3.35,6.261056288074368,3.3487702270900392,3.3584163
2018-12-06 05:15:00,3.71,3.31,3.06,3.38,5.870330059948007,3.3373015162882287,3.3303566
2018-12-06 05:30:00,3.31,4.61,3.1,3.46,6.225351837355529,3.426418314019632,3.5395281
2018-12-06 05:45:00,3.31,5.04,3.02,3.38,6.041062724569972,3.7571998467132652,4.556964
2018-12-06 06:00:00,3.38,4.07,3.1,3.38,6.530364269588315,3.6965953036718586,3.5801153
2018-12-06 06:15:00,3.31,3.71,3.02,3.35,5.672328133312437,3.7006207420206434,3.5339658
2018-12-06 06:30:00,3.28,3.31,4.61,3.31,5.537678051445301,3.356305739309468,3.3949814
2018-12-06 06:45:00,3.31,3.31,4.9,3.71,5.036032348198535,3.362471324195609,3.4011204
2018-12-06 07:00:00,3.24,3.38,3.85,4.68,5.732589743140682,3.3025805107936828,3.363772
2018-12-06 07:15:00,3.28,3.31,3.49,3.89,5.152101600712438,3.453775481109404,3.5216253
2018-12-06 07:30:00,3.46,3.28,3.2,4.25,4.7425902873893655,3.640369882069896,3.6701117
2018-12-06 07:45:00,4.21,3.31,4.32,5.62,4.713567466135078,4.873290096188382,4.766212
2018-12-06 08:00:00,6.44,3.24,4.72,5.69,5.482776593521809,5.709086046042365,4.850842
2018-12-06 08:15:00,32.29,3.28,27.65,41.58,22.47899916697794,40.447327065266435,35.521484
2018-12-06 08:30:00,64.98,3.46,61.56,73.98,39.94751935114474,64.31373287439705,58.997223
2018-12-06 08:45:00,60.84,4.21,57.71,88.06,42.69940016217892,70.69542899926097,64.47434
2018-12-06 09:00:00,59.87,6.44,57.82,100.58,49.093975896073005,72.34236831447043,72.29922
2018-12-06 09:15:00,67.0,32.29,68.08,82.08,56.90029929108509,72.09663371117308,66.48067
2018-12-06 09:30:00,71.17,64.98,64.08,102.82,74.73310620409978,65.4885231396524,65.75539
2018-12-06 09:45:00,76.86,60.84,64.76,128.41,79.26050213239289,62.72520562205634,64.2548
2018-12-06 10:00:00,66.67,59.87,62.68,104.26,65.89574522609395,60.66905313878084,60.46103
2018-12-06 10:15:00,63.18,67.0,49.28,104.9,68.78516168858366,63.62437226954133,62.168617
2018-12-06 10:30:00,68.87,71.17,56.52,116.71,77.30055455326328,68.27649944175671,66.544846
2018-12-06 10:45:00,71.06,76.86,59.04,93.02,74.71485714301883,72.11575212083983,74.49327
2018-12-06 11:00:00,62.78,66.67,66.85,56.05,62.482577299759285,65.92476321922969,68.50121
2018-12-06 11:15:00,60.88,63.18,68.83,55.55,62.7941315138015,64.87820746313353,68.43899
2018-12-06 11:30:00,74.45,68.87,60.3,57.35,62.49457913052538,65.36583147037892,68.9821
2018-12-06 11:45:00,67.82,71.06,53.21,64.58,60.88760471760125,70.3431675112642,71.1907
2018-12-06 12:00:00,69.26,62.78,40.97,46.01,51.95347128508544,62.184297415746705,61.60344
2018-12-06 12:15:00,9.94,60.88,10.69,9.36,20.318741540810592,10.275010069154686,7.75503
2018-12-06 12:30:00,6.88,74.45,9.43,6.84,24.178215265443104,7.3155093015144015,6.807117
2018-12-06 12:45:00,7.02,67.82,10.33,6.19,21.35463374693024,7.342925732411763,6.7925754
2018-12-06 13:00:00,6.95,69.26,26.68,6.34,25.83000968949886,9.613416534551725,8.844509
2018-12-06 13:15:00,35.78,9.94,43.34,40.21,32.87399416302815,41.875590189901416,36.94504
2018-12-06 13:30:00,61.78,6.88,46.51,62.24,43.937884393356875,62.06144974936936,71.03534
2018-12-06 13:45:00,60.8,7.02,50.44,77.36,44.55158296350085,58.02564537539427,66.64579
2018-12-06 14:00:00,71.78,6.95,63.4,64.76,33.36743686304115,58.99767126633775,65.85911
2018-12-06 14:15:00,72.11,35.78,54.36,57.28,41.105384488449126,57.5738559016024,57.97346
2018-12-06 14:30:00,68.22,61.78,61.52,50.54,52.05180084424835,61.53552842138472,61.39914
2018-12-06 14:45:00,73.44,60.8,58.93,59.51,52.52889598113299,60.979466892350075,59.1325
2018-12-06 15:00:00,56.88,71.78,85.46,57.46,55.654449464705266,69.77496216945622,69.71658
2018-12-06 15:15:00,50.29,72.11,109.3,59.69,57.73598496340412,68.852890442712,70.16636
2018-12-06 15:30:00,48.78,68.22,87.16,57.67,51.4123238106809,63.963670396916214,67.89082
2018-12-06 15:45:00,48.96,73.44,96.01,66.2,54.62362783847996,71.02124498095426,72.79146
2018-12-06 16:00:00,49.97,56.88,105.91,63.5,55.21455333894771,63.21183523111202,64.49839
2018-12-06 16:15:00,62.28,50.29,68.18,50.36,47.415709883611925,60.53583306746223,64.69098
2018-12-06 16:30:00,47.95,48.78,64.91,70.24,47.53313278329621,56.938932212464096,60.838448
2018-12-06 16:45:00,57.35,48.96,56.05,59.22,41.02537923330961,57.298658833968695,59.1027
2018-12-06 17:00:00,47.77,49.97,62.96,56.88,44.92412628479134,55.260800298480945,52.248055
2018-12-06 17:15:00,48.6,62.28,47.12,59.8,54.37042980034482,59.55760673681884,55.00245
2018-12-06 17:30:00,57.46,47.95,44.57,51.7,47.03363507803613,53.46577927744929,50.162285
2018-12-06 17:45:00,31.86,57.35,44.24,33.59,40.2392301430103,34.40366108226595,34.069466
2018-12-06 18:00:00,31.61,47.77,27.32,33.05,34.65852290761802,32.60819200163122,31.466026
2018-12-06 18:15:00,36.61,48.6,5.87,43.99,37.306462214251866,37.16021890026209,36.005424
2018-12-06 18:30:00,40.07,57.46,5.36,46.91,41.056708267209565,46.82827938856678,45.534782
2018-12-06 18:45:00,37.87,31.86,5.47,59.83,39.97577941932845,42.7753575849328,47.19413
2018-12-06 19:00:00,47.23,31.61,5.58,51.88,40.052063245484376,44.497352457273045,47.64113
2018-12-06 19:15:00,53.03,36.61,5.58,39.89,38.127492528744774,42.022844740587864,45.772766
2018-12-06 19:30:00,38.63,40.07,5.47,39.49,36.416532087691635,41.89491561886695,44.57054
2018-12-06 19:45:00,37.51,37.87,5.44,63.5,38.64432244810213,41.783739111965794,42.724586
2018-12-06 20:00:00,38.3,47.23,5.44,40.57,38.00996586077946,46.724150828745486,46.335423
2018-12-06 20:15:00,54.36,53.03,5.44,39.82,33.229296346168795,49.269023996904195,46.72836
2018-12-06 20:30:00,38.84,38.63,5.51,54.07,31.595820531403064,41.019299369381464,41.817
2018-12-06 20:45:00,27.72,37.51,5.44,33.41,24.6655049003066,39.519445940014236,39.48589
2018-12-06 21:00:00,8.86,38.3,4.82,27.68,20.688233942135724,23.064275899005914,16.00366
2018-12-06 21:15:00,5.51,54.36,4.28,5.72,18.321243479613997,12.190421034358662,6.3931704
2018-12-06 21:30:00,5.58,38.84,4.25,5.69,12.187015755607485,8.830106552236943,7.131813
2018-12-06 21:45:00,5.62,27.72,4.28,5.65,9.989844936229158,8.498384928286242,7.3422155
2018-12-06 22:00:00,5.54,8.86,4.36,4.61,9.213678681886758,5.627799709462201,6.1597004
2018-12-06 22:15:00,5.26,5.51,4.03,4.21,16.683538427440514,4.572223738994005,5.5821333
2018-12-06 22:30:00,5.22,5.58,4.0,4.14,13.774714674933193,4.559083863337126,5.4695697
2018-12-06 22:45:00,5.26,5.62,4.03,4.18,9.382291930832988,4.555743884357201,5.180255
2018-12-06 23:00:00,4.18,5.54,4.0,4.03,8.799270198205843,4.572023897521322,4.6093106
2018-12-06 23:15:00,3.96,5.26,4.0,4.03,1.645876149990702,4.499140627852212,6.287116
2018-12-06 23:30:00,4.0,5.22,3.92,3.96,1.7207183878212042,4.49326786777223,4.6880636
2018-12-06 23:45:00,4.0,5.26,4.0,4.0,1.8395060458770338,4.499112593531593,4.7370877
2018-12-07 00:00:00,4.03,4.18,4.0,3.96,4.198940310002694,10.268295842050925,4.890546
2018-12-07 00:15:00,3.96,3.96,3.96,4.07,4.3115483444948985,3.996718741001617,4.7255363
2018-12-07 00:30:00,4.03,4.0,4.79,4.0,4.509858718810033,3.9945255303581138,4.70664
2018-12-07 00:45:00,4.03,4.0,5.18,4.0,4.431450118759631,3.8500356380707377,4.631001
2018-12-07 01:00:00,4.0,4.03,4.03,4.0,5.472281071047565,3.816946798040399,4.691167
2018-12-07 01:15:00,4.03,3.96,3.92,4.97,5.7896117862020695,3.7962114921122634,4.7092776
2018-12-07 01:30:00,4.03,4.03,4.0,5.18,5.98426720302837,3.8385619230726022,4.736726
2018-12-07 01:45:00,4.03,4.03,3.92,4.0,5.538960018680864,3.8034379826027216,4.7050314
2018-12-07 02:00:00,4.1,4.0,4.07,4.0,6.758557765826705,3.800197519374101,4.706292
2018-12-07 02:15:00,4.0,4.03,3.46,4.1,6.673337457939564,3.8304295286059635,4.5981092
2018-12-07 02:30:00,4.72,4.03,3.28,4.1,6.687350031043959,3.832050771336985,4.7561684
2018-12-07 02:45:00,4.79,4.03,3.38,4.07,6.6769349804447735,3.850093128985885,4.6320105
2018-12-07 03:00:00,4.14,4.1,3.31,3.85,7.913249801896267,3.839452608230743,4.5179987
2018-12-07 03:15:00,4.07,4.0,3.35,3.46,7.694941314152917,3.8129311290388546,4.576923
2018-12-07 03:30:00,4.03,4.72,3.35,3.42,7.7354902300117026,3.984523131786616,4.73948
2018-12-07 03:45:00,4.0,4.79,3.38,3.46,7.574417502876177,4.100105852540682,4.7640767
2018-12-07 04:00:00,3.42,4.14,3.42,3.42,8.428235832854714,3.9071260924458975,4.540113
2018-12-07 04:15:00,3.49,4.07,3.31,3.42,8.223197165512683,3.8936262143074107,4.0414352
2018-12-07 04:30:00,3.46,4.03,4.61,3.46,8.334249962417292,3.9131657737874432,4.654974
2018-12-07 04:45:00,3.38,4.0,5.04,3.46,8.063511080481359,3.9762211294958947,4.1608195
2018-12-07 05:00:00,3.42,3.42,4.07,3.46,8.75953964416625,3.4158985362193524,4.0508804
2018-12-07 05:15:00,3.42,3.49,3.71,3.46,8.392635418929348,3.4093598960799336,3.5626945
2018-12-07 05:30:00,3.74,3.46,3.31,3.92,8.072034402691767,3.399925691990535,3.506659
2018-12-07 05:45:00,4.07,3.38,3.31,4.93,7.697605620364751,3.472802658247439,3.3662455
2018-12-07 06:00:00,3.49,3.42,3.38,5.11,8.548809418139047,3.4722763583447356,3.3676353
2018-12-07 06:15:00,3.42,3.42,3.31,3.67,7.6717946056403115,3.448692025448278,3.41225
2018-12-07 06:30:00,3.64,3.74,3.28,3.42,7.43561699639589,3.429312558666302,3.8370218
2018-12-07 06:45:00,4.1,4.07,3.31,3.31,7.099590015665431,3.4646216247309476,4.01625
2018-12-07 07:00:00,4.0,3.49,3.24,3.35,7.572835508708597,3.3560651607812497,4.0130787
2018-12-07 07:15:00,4.0,3.42,3.28,3.28,7.103781309662121,3.3702876984845487,4.058681
2018-12-07 07:30:00,3.82,3.64,3.46,3.74,6.872820762179575,3.732399823692985,4.274248
2018-12-07 07:45:00,4.54,4.1,4.21,5.22,6.907111780791556,5.166586430940185,5.736257
2018-12-07 08:00:00,4.79,4.0,6.44,5.33,8.050747379694034,6.866772959091533,4.9646153
2018-12-07 08:15:00,47.66,4.0,32.29,35.57,23.80703753257732,40.0031489320554,35.173992
2018-12-07 08:30:00,60.19,3.82,64.98,62.71,40.16208283712531,58.70214903189904,60.196472
2018-12-07 08:45:00,60.19,4.54,60.84,63.18,39.75218674231918,59.51916448975152,60.72742
2018-12-07 09:00:00,53.32,4.79,59.87,68.11,42.5023988599061,62.257128260002986,64.72373
2018-12-07 09:15:00,58.86,47.66,67.0,51.48,61.36394826673512,70.8404989191682,67.914024
2018-12-07 09:30:00,49.5,60.19,71.17,57.67,66.44164195562051,62.82845050208913,65.09678
2018-12-07 09:45:00,48.42,60.19,76.86,59.26,65.89247824181936,61.542017625260996,61.88517
2018-12-07 10:00:00,62.78,53.32,66.67,63.22,52.310922932544926,57.26121481297425,57.09267
2018-12-07 10:15:00,48.02,58.86,63.18,49.21,58.07237312205062,60.09806012326633,58.818592
2018-12-07 10:30:00,46.22,49.5,68.87,60.34,60.01157742197799,56.571477515012035,57.8362
2018-12-07 10:45:00,57.46,48.42,71.06,73.26,63.77534909235814,56.28732205357679,54.973736
2018-12-07 11:00:00,48.78,62.78,62.78,60.34,65.27047389402794,61.511025546803864,60.185955
2018-12-07 11:15:00,47.02,48.02,60.88,69.62,62.31465540094821,56.449547214088305,56.83792
2018-12-07 11:30:00,58.0,46.22,74.45,54.18,60.34466162625381,56.120937033036064,55.073986
2018-12-07 11:45:00,51.48,57.46,67.82,49.32,58.769057744004385,58.93069438923964,58.70222
2018-12-07 12:00:00,44.28,48.78,69.26,61.06,57.64179997715449,51.161996031454414,50.552357
2018-12-07 12:15:00,26.6,47.02,9.94,5.65,16.945895851438998,8.521885518188885,5.9027963
2018-12-07 12:30:00,12.49,58.0,6.88,6.34,19.15730248901299,6.8945887193220745,5.4181333
2018-12-07 12:45:00,9.79,51.48,7.02,6.48,16.7042687443784,6.789068253192472,5.598878
2018-12-07 13:00:00,10.76,44.28,6.95,6.41,17.092935242241047,6.849669072228526,5.241131
2018-12-07 13:15:00,44.06,26.6,35.78,41.76,30.52208265987604,41.27936172914843,32.48041
2018-12-07 13:30:00,49.82,12.49,61.78,62.96,40.375539849290554,55.897351232333534,56.484825
2018-12-07 13:45:00,54.36,9.79,60.8,50.72,34.842157714523225,54.21847478876562,57.801613
2018-12-07 14:00:00,55.98,10.76,71.78,48.24,35.56396923972524,56.90804822601259,59.05374
2018-12-07 14:15:00,56.48,44.06,72.11,50.29,49.119661533546775,57.24182863381062,56.694843
2018-12-07 14:30:00,47.41,49.82,68.22,51.77,49.505799535591066,57.04803787269994,55.09642
2018-12-07 14:45:00,47.95,54.36,73.44,52.96,50.28923669980746,57.99215421819213,56.323914
2018-12-07 15:00:00,58.86,55.98,56.88,44.71,42.41812405536584,58.005468072539166,55.339233
2018-12-07 15:15:00,50.08,56.48,50.29,51.19,44.87667175142923,58.44665586138138,55.91289
2018-12-07 15:30:00,51.88,47.41,48.78,42.77,38.00792122550112,52.61741429532799,53.345074
2018-12-07 15:45:00,53.82,47.95,48.96,41.72,38.97143381113482,53.732650676264775,54.879505
2018-12-07 16:00:00,49.9,58.86,49.97,45.72,46.09897257060369,58.89600313474314,58.72325
2018-12-07 16:15:00,57.1,50.08,62.28,67.68,49.08332517473866,55.92066024245983,58.167187
2018-12-07 16:30:00,50.33,51.88,47.95,44.75,38.678239024462286,52.804717801476684,55.46824
2018-12-07 16:45:00,68.54,53.82,57.35,48.28,41.239512349302785,56.20606468508784,56.6716
2018-12-07 17:00:00,60.12,49.9,47.77,66.13,46.27262782646942,54.758732024190465,53.3273
2018-12-07 17:15:00,72.11,57.1,48.6,44.42,49.197018915353475,56.235633876550125,53.70081
2018-12-07 17:30:00,46.33,50.33,57.46,49.43,49.4471632249216,52.54960140575232,49.281292
2018-12-07 17:45:00,34.16,68.54,31.86,28.8,43.60628410692253,36.4751827574023,32.522274
2018-12-07 18:00:00,30.35,60.12,31.61,28.66,39.25339694773284,31.858858931900073,30.285885
2018-12-07 18:15:00,42.48,72.11,36.61,42.84,50.14586921964732,40.59815509439443,37.009872
2018-12-07 18:30:00,52.85,46.33,40.07,50.54,44.90496405420218,43.09313994922572,46.730034
2018-12-07 18:45:00,58.97,34.16,37.87,45.61,44.14611766372923,41.3616867870671,47.15178
2018-12-07 19:00:00,57.17,30.35,47.23,63.11,50.0682982481649,48.39175776135471,51.61713
2018-12-07 19:15:00,44.39,42.48,53.03,44.96,47.60832800927544,46.08166453870069,48.072647
2018-12-07 19:30:00,47.84,52.85,38.63,66.46,51.44654073246119,50.42431202550328,50.906536
2018-12-07 19:45:00,54.07,58.97,37.51,45.61,49.481210458176065,48.76216322907278,48.741783
2018-12-07 20:00:00,43.38,57.17,38.3,38.09,46.26339705782699,51.278979254328014,48.474243
2018-12-07 20:15:00,57.64,44.39,54.36,54.79,40.486179770248036,51.51284239939499,46.923756
2018-12-07 20:30:00,41.72,47.84,38.84,52.63,37.95869497450192,47.181586359766264,45.295113
2018-12-07 20:45:00,31.9,54.07,27.72,37.91,34.184351806121406,47.20277356521148,42.678993
2018-12-07 21:00:00,19.69,43.38,8.86,9.14,17.82161813235645,22.342602121937944,15.016839
2018-12-07 21:15:00,5.62,57.64,5.51,5.69,18.59518005752232,12.564033822599171,5.6351905
2018-12-07 21:30:00,5.62,41.72,5.58,5.58,14.175965068062503,7.927073289022801,7.1506925
2018-12-07 21:45:00,5.15,31.9,5.62,5.47,12.95243683771623,7.477554055069534,7.142319
2018-12-07 22:00:00,4.28,19.69,5.54,5.44,12.503044112384055,6.12061598584308,6.784592
2018-12-07 22:15:00,4.0,5.62,5.26,5.22,17.78312595476707,4.850526881081508,5.078401
2018-12-07 22:30:00,4.07,5.62,5.22,5.18,15.90888671631636,4.603254170052287,5.9954753
2018-12-07 22:45:00,4.03,5.15,5.26,5.11,13.095399351305549,4.540400977799826,5.9474864
2018-12-07 23:00:00,4.0,4.28,4.18,3.92,10.204887535455924,3.994364100142815,3.8752892
2018-12-07 23:15:00,3.96,4.0,3.96,3.92,2.392669734590381,3.9366974692929504,3.9570522
2018-12-07 23:30:00,4.03,4.07,4.0,3.89,2.4232317911406476,3.929054664259265,3.7649736
2018-12-07 23:45:00,4.0,4.03,4.0,3.82,2.3066525272370235,3.8843566329271124,3.8107715
2018-12-08 00:00:00,3.78,4.0,4.03,3.35,-1.7698661612891122,5.356795545685807,3.6877024
2018-12-08 00:15:00,4.0,3.96,3.96,3.89,-1.620847720714675,3.829884742909572,3.9156694
2018-12-08 00:30:00,3.96,4.03,4.03,3.85,-1.4803635163061308,3.8759566646958206,3.942813
2018-12-08 00:45:00,4.0,4.0,4.03,3.89,-1.3955388911983384,3.8795569784243895,3.9564617
2018-12-08 01:00:00,4.0,3.78,4.0,3.89,-0.1630997498252249,3.684986257998625,3.8323483
2018-12-08 01:15:00,5.15,4.0,4.03,4.03,0.05902420813663056,3.7943193557116093,3.870212
2018-12-08 01:30:00,4.79,3.96,4.03,3.89,0.14908722380173955,3.7939259056282677,3.8746235
2018-12-08 01:45:00,3.96,4.0,4.03,3.92,-0.0012842479655397199,3.785360117550224,3.8989208
2018-12-08 02:00:00,3.96,4.0,4.1,3.92,1.169551035446954,3.798582244313225,3.8686025
2018-12-08 02:15:00,4.1,5.15,4.0,3.96,1.7528250551876745,4.208260693539233,5.0726876
2018-12-08 02:30:00,4.0,4.79,4.72,4.03,1.8342388830145389,4.202849358466206,4.330397
2018-12-08 02:45:00,4.0,3.96,4.79,4.14,1.5799125234146594,3.9164540197080813,3.9220161
2018-12-08 03:00:00,4.0,3.96,4.14,5.08,2.834156005878132,3.924783765877634,3.8507905
2018-12-08 03:15:00,3.96,4.1,4.07,4.72,2.6721461934149353,3.8891983570664435,3.7526698
2018-12-08 03:30:00,3.64,4.0,4.03,3.96,2.055793389782945,3.903982821147737,3.846907
2018-12-08 03:45:00,3.38,4.0,4.0,3.92,1.791163516542536,3.923920792412495,3.7862818
2018-12-08 04:00:00,3.31,4.0,3.42,3.35,2.6552482560216752,3.939845554783058,3.7799528
2018-12-08 04:15:00,3.35,3.96,3.49,3.28,2.4855619932946276,3.85109868721183,3.699185
2018-12-08 04:30:00,3.35,3.64,3.46,3.35,2.3768057937466445,3.5939810878438676,3.530214
2018-12-08 04:45:00,3.42,3.38,3.38,3.24,2.1394824928454916,3.356887644829908,3.4836617
2018-12-08 05:00:00,3.49,3.31,3.42,3.31,2.9678872756085006,3.32883083492025,3.4229665
2018-12-08 05:15:00,4.0,3.35,3.42,3.31,2.559985611251097,3.4779993209175517,3.366561
2018-12-08 05:30:00,3.53,3.35,3.74,3.28,2.1902489144136474,3.567727960117533,3.6773381
2018-12-08 05:45:00,3.35,3.42,4.07,3.28,1.7324584209157585,3.5582036666495354,3.7575183
2018-12-08 06:00:00,3.38,3.49,3.49,3.2,2.4087900316256885,3.5181365584442474,3.7839572
2018-12-08 06:15:00,4.03,4.0,3.42,3.46,2.2620773587786367,3.4833625089889066,3.475881
2018-12-08 06:30:00,4.03,3.53,3.64,4.03,1.905542806180332,3.4594228477506213,3.663187
2018-12-08 06:45:00,4.0,3.35,4.1,3.89,1.4387490661569764,3.3911446543575043,3.6376507
2018-12-08 07:00:00,3.78,3.38,4.0,3.89,2.1117310279314303,3.3769049229536923,3.6816552
2018-12-08 07:15:00,3.35,4.03,4.0,4.46,1.9803140986942758,3.671638234435284,3.6856766
2018-12-08 07:30:00,3.31,4.03,3.82,3.67,1.396924234174147,3.7355402002643237,3.5707707
2018-12-08 07:45:00,3.53,4.0,4.54,3.46,0.8786163889633407,4.757881334865494,3.6543965
2018-12-08 08:00:00,3.67,3.78,4.79,3.46,1.65533237069776,5.244981943237176,3.8319888
2018-12-08 08:15:00,29.23,3.35,47.66,3.71,15.146230661580567,27.467347343242817,16.214767
2018-12-08 08:30:00,38.16,3.31,60.19,4.72,24.456002114710685,28.254072762223714,23.745731
2018-12-08 08:45:00,33.08,3.53,60.19,4.46,24.126164502066352,27.914425925099614,22.283945
2018-12-08 09:00:00,51.52,3.67,53.32,5.22,24.51060954506124,28.6460410325569,23.060713
2018-12-08 09:15:00,47.77,29.23,58.86,28.58,41.67697582383571,39.56778937576072,41.504684
2018-12-08 09:30:00,42.05,38.16,49.5,30.56,41.821004790101085,44.64184706080876,41.805653
2018-12-08 09:45:00,32.4,33.08,48.42,28.08,38.402729291178936,43.217980633148464,37.330578
2018-12-08 10:00:00,31.43,51.52,62.78,28.58,42.400072374059356,43.352954091660216,47.303806
2018-12-08 10:15:00,31.57,47.77,48.02,28.73,45.577039237270924,43.764995737453006,44.65909
2018-12-08 10:30:00,31.43,42.05,46.22,29.56,44.116010369810155,41.332806823848394,41.452106
2018-12-08 10:45:00,47.66,32.4,57.46,30.06,43.52647400145578,39.27663388412945,36.760708
2018-12-08 11:00:00,49.28,31.43,48.78,29.2,43.35649554196749,41.69343607191914,37.760796
2018-12-08 11:15:00,38.16,31.57,47.02,27.94,41.07259949003626,38.007736237923595,35.88453
2018-12-08 11:30:00,44.14,31.43,58.0,27.94,41.02322456041887,36.99893573097029,34.12387
2018-12-08 11:45:00,38.27,47.66,51.48,25.63,44.24221824506361,41.927874241754985,45.276558
2018-12-08 12:00:00,22.46,49.28,44.28,3.64,39.12510703042585,42.06897843704436,35.93773
2018-12-08 12:15:00,3.92,38.16,26.6,3.85,12.881087223169043,10.645399725092519,4.3282294
2018-12-08 12:30:00,4.57,44.14,12.49,3.71,8.725553741293364,10.087011592428869,4.233166
2018-12-08 12:45:00,5.36,38.27,9.79,3.74,6.873716654902186,7.28934372978343,4.1881266
2018-12-08 13:00:00,6.08,22.46,10.76,3.71,7.02026160128052,16.933906388134332,4.3887606
2018-12-08 13:15:00,34.09,3.92,44.06,11.3,16.24314826111165,22.75325338859217,22.59544
2018-12-08 13:30:00,55.69,4.57,49.82,27.29,23.266889971225638,38.93196051597857,35.712345
2018-12-08 13:45:00,40.61,5.36,54.36,26.86,20.058123246837887,36.87949158292966,30.23906
2018-12-08 14:00:00,50.51,6.08,55.98,25.31,19.308852893958072,32.4816452353069,24.7918
2018-12-08 14:15:00,37.98,34.09,56.48,26.21,32.65518087339632,44.04425423305314,42.6254
2018-12-08 14:30:00,48.89,55.69,47.41,26.28,40.197447967180054,49.342747419411296,50.853775
2018-12-08 14:45:00,37.73,40.61,47.95,18.68,31.968079282638378,45.77895511107733,41.989487
2018-12-08 15:00:00,40.03,50.51,58.86,5.18,32.29933314498795,42.58651900087499,43.541767
2018-12-08 15:15:00,43.67,37.98,50.08,5.08,29.309696633916463,40.13718492895576,37.92952
2018-12-08 15:30:00,46.15,48.89,51.88,4.75,30.141373044834857,44.17205989622048,43.152206
2018-12-08 15:45:00,49.68,37.73,53.82,4.75,26.43122612461662,39.415334831976885,38.55304
2018-12-08 16:00:00,49.32,40.03,49.9,4.72,28.8605561871281,40.42416369112466,39.829838
2018-12-08 16:15:00,49.46,43.67,57.1,4.64,28.99369823044597,40.50592354012146,40.94993
2018-12-08 16:30:00,49.54,46.15,50.33,4.72,25.55334723212338,41.1547100455768,42.3048
2018-12-08 16:45:00,34.63,49.68,68.54,4.68,29.70260022663735,39.99966586186555,42.2773
2018-12-08 17:00:00,27.0,49.32,60.12,4.64,31.007078114652238,20.67871617369629,16.536564
2018-12-08 17:15:00,9.9,49.46,72.11,4.79,38.33652696977998,14.194097037134494,9.689294
2018-12-08 17:30:00,5.22,49.54,46.33,4.75,32.85543853478371,19.110489968214683,15.204719
2018-12-08 17:45:00,5.29,34.63,34.16,4.72,23.30863288892938,9.278459719927639,4.589004
2018-12-08 18:00:00,5.22,27.0,30.35,4.68,21.17618019861503,11.665975155347697,4.6610856
2018-12-08 18:15:00,5.18,9.9,42.48,5.76,22.691968015827577,5.393601337099263,4.113123
2018-12-08 18:30:00,5.15,5.22,52.85,5.4,22.78289985231381,4.902641708641627,4.0908656
2018-12-08 18:45:00,5.33,5.29,58.97,4.79,22.85393467943604,4.941446233525586,3.5233955
2018-12-08 19:00:00,5.15,5.22,57.17,4.79,19.10684498029152,4.717420506045176,4.0434775
2018-12-08 19:15:00,4.1,5.18,44.39,4.79,16.126004320805144,4.59961392915364,5.205964
2018-12-08 19:30:00,4.14,5.15,47.84,4.79,13.830955859776253,4.597019764686471,4.97897
2018-12-08 19:45:00,4.1,5.33,54.07,4.9,16.093541824380324,4.771931750195275,5.0665917
2018-12-08 20:00:00,4.14,5.15,43.38,4.75,16.03373128671275,4.5460130775732575,4.953265
2018-12-08 20:15:00,4.1,4.1,57.64,4.79,10.543674963200512,3.9708017919769842,3.704741
2018-12-08 20:30:00,4.03,4.14,41.72,4.75,5.513347151496209,3.9690001615767057,3.8202782
2018-12-08 20:45:00,4.14,4.1,31.9,4.82,2.713071789602541,3.952580619503246,3.8395805
2018-12-08 21:00:00,4.1,4.14,19.69,4.82,-2.9966625762793733,4.080763432507355,4.037764
2018-12-08 21:15:00,4.14,4.1,5.62,4.75,-8.152000044373768,4.073636658807405,4.1011047
2018-12-08 21:30:00,4.1,4.03,5.62,4.79,-8.41627125797201,4.021997571810064,4.110338
2018-12-08 21:45:00,4.14,4.14,5.15,4.79,-8.443131837552212,4.037076636658563,4.0430975
2018-12-08 22:00:00,4.1,4.1,4.28,4.9,-7.213274821070218,3.974865620443863,3.9737358
2018-12-08 22:15:00,3.82,4.14,4.0,5.76,1.5043076596503369,3.974394174632252,4.386082
2018-12-08 22:30:00,3.89,4.1,4.07,4.61,1.2329649714334252,3.969215175694541,3.8995247
2018-12-08 22:45:00,5.0,4.14,4.03,3.42,1.1655240849615431,3.9238137798739885,3.8076258
2018-12-08 23:00:00,4.75,4.1,4.0,3.42,2.469940370842245,3.9094528697455515,3.7862782
2018-12-08 23:15:00,3.82,3.82,3.96,3.28,-4.5133707659029305,3.730085406396651,3.5400007
2018-12-08 23:30:00,3.71,3.89,4.03,3.38,-4.369882154736683,3.6944841357797493,3.5658338
2018-12-08 23:45:00,3.82,5.0,4.0,3.31,-3.747636305334577,4.050566464410272,4.5583873
2018-12-09 00:00:00,3.17,4.75,3.78,4.36,-3.2736954435972514,10.567034456426535,4.535381
2018-12-09 00:15:00,3.74,3.82,4.0,3.35,-3.5970952191033128,3.789497331381159,3.575044
2018-12-09 00:30:00,3.74,3.71,3.96,3.35,-3.474024412308342,3.7552953079244364,3.5574868
2018-12-09 00:45:00,3.82,3.82,4.0,3.38,-3.322129592480838,3.6795584861896553,3.639654
2018-12-09 01:00:00,3.85,3.17,4.0,3.89,-2.467328911909018,3.3575327093778022,3.4218912
2018-12-09 01:15:00,3.78,3.74,5.15,4.46,-1.9153673911428264,3.5878425844456343,3.3972452
2018-12-09 01:30:00,3.82,3.74,4.79,4.43,-1.8927467503535702,3.5728882820902754,3.388018
2018-12-09 01:45:00,3.78,3.82,3.96,4.14,-2.2012026229284807,3.564348997369285,3.4390292
2018-12-09 02:00:00,3.78,3.85,3.96,3.46,-1.2348910807626616,3.536447611230568,3.585053
2018-12-09 02:15:00,3.17,3.78,4.1,3.38,-1.2679458681656008,3.607472943809692,3.616516
2018-12-09 02:30:00,3.13,3.82,4.0,3.38,-1.1785635992389665,3.628575182671634,3.6218991
2018-12-09 02:45:00,3.35,3.78,4.0,3.38,-1.2032271660544716,3.642662483096399,3.6592696
2018-12-09 03:00:00,3.67,3.78,4.0,4.32,0.02391187216977997,3.649496313740063,3.7235577
2018-12-09 03:15:00,3.02,3.17,3.96,4.64,-0.10332847972245318,3.3170224353260807,3.2287781
2018-12-09 03:30:00,3.13,3.13,3.64,3.82,-0.5350075960769409,3.2875756437923735,3.1364563
2018-12-09 03:45:00,3.06,3.35,3.38,3.46,-0.7867465875402324,3.247682068784622,3.111121
2018-12-09 04:00:00,3.06,3.67,3.31,3.42,0.3504588488751388,3.268317163420177,3.206004
2018-12-09 04:15:00,3.06,3.02,3.35,3.46,-0.1638581521718656,3.2037132294643937,3.0645638
2018-12-09 04:30:00,3.2,3.13,3.35,4.32,-0.05125189353480053,3.255196443006578,3.1158938
2018-12-09 04:45:00,3.78,3.06,3.42,4.5,-0.19950324675133047,3.284431543372478,3.0984323
2018-12-09 05:00:00,3.78,3.06,3.49,4.54,0.6212108345704799,3.3172364657642164,3.2043056
2018-12-09 05:15:00,3.74,3.06,4.0,4.39,0.25837110661025164,3.319374827759988,3.2397006
2018-12-09 05:30:00,3.74,3.2,3.53,3.35,-0.23902891697532525,3.264491086241642,3.1531856
2018-12-09 05:45:00,3.13,3.78,3.35,3.46,-0.4558637740199778,3.217833939116387,3.0880165
2018-12-09 06:00:00,3.74,3.78,3.38,3.35,0.2731857736174028,3.24729116647105,3.099688
2018-12-09 06:15:00,3.56,3.74,4.03,3.42,-0.10295521344521674,3.4517520702462607,3.236917
2018-12-09 06:30:00,3.1,3.74,4.03,3.42,-0.5848535461470128,3.5690021436863852,3.5759962
2018-12-09 06:45:00,2.95,3.13,4.0,3.38,-1.0640980984389508,3.233061472096184,3.1564076
2018-12-09 07:00:00,3.06,3.74,3.78,3.46,-0.23758862410346993,3.548979982963254,3.3163764
2018-12-09 07:15:00,3.02,3.56,3.35,3.38,-0.8915991834511097,3.5058439840816153,3.2215931
2018-12-09 07:30:00,2.95,3.1,3.31,3.46,-1.3639389701423674,3.2953384333497606,3.1598074
2018-12-09 07:45:00,3.02,2.95,3.53,3.46,-1.992089516634831,3.379342076771664,2.943509
2018-12-09 08:00:00,2.99,3.06,3.67,3.49,-0.9884524714634217,3.2533296122393143,3.216374
2018-12-09 08:15:00,3.13,3.02,29.23,4.57,9.970363426154808,10.932240599531147,8.47573
2018-12-09 08:30:00,3.74,2.95,38.16,4.54,18.2612036971935,10.886334705821637,12.687537
2018-12-09 08:45:00,3.82,3.02,33.08,5.54,17.453932272399232,10.873971247590855,10.575015
2018-12-09 09:00:00,3.96,2.99,51.52,4.75,20.68986567284464,11.383235237338926,10.084403
2018-12-09 09:15:00,4.03,3.13,47.77,3.74,21.687993712729046,4.002305613467746,4.918584
2018-12-09 09:30:00,3.35,3.74,42.05,3.71,17.982656533716906,3.7911311214806998,5.9244795
2018-12-09 09:45:00,3.31,3.82,32.4,3.6,17.335058604258904,3.7452250170679076,5.233896
2018-12-09 10:00:00,3.89,3.96,31.43,3.56,16.39815248758881,3.696692075141387,5.293863
2018-12-09 10:15:00,4.03,4.03,31.57,3.6,13.190504071933876,3.68136145054479,4.510439
2018-12-09 10:30:00,3.31,3.35,31.43,3.64,13.382904828226106,3.6146835316399075,3.908074
2018-12-09 10:45:00,3.35,3.31,47.66,3.64,16.3912592217078,3.619197100678019,3.775198
2018-12-09 11:00:00,3.42,3.89,49.28,3.64,16.89558711755525,3.6203927884217704,4.4251075
2018-12-09 11:15:00,3.35,4.03,38.16,3.64,14.884830331923869,3.617792343703201,3.8092477
2018-12-09 11:30:00,3.31,3.31,44.14,3.56,16.454898009340205,3.5954527453306278,3.6575482
2018-12-09 11:45:00,3.38,3.35,38.27,3.64,12.089143444897442,3.6205341360226204,3.7037282
2018-12-09 12:00:00,3.89,3.42,22.46,4.03,8.062967791721146,3.45246612647611,3.4905536
2018-12-09 12:15:00,4.18,3.35,3.92,4.86,-5.588431009161329,3.438247864691819,4.602286
2018-12-09 12:30:00,4.1,3.31,4.57,4.75,-8.321768501202722,3.4536044472105907,4.608946
2018-12-09 12:45:00,4.1,3.38,5.36,5.36,-9.10809546066147,3.4567793773455984,3.9098585
2018-12-09 13:00:00,3.6,3.89,6.08,4.9,-5.882147408885064,3.449738314698931,3.9530778
2018-12-09 13:15:00,3.42,4.18,34.09,3.78,3.6294619706713966,3.6001522777185437,3.3757105
2018-12-09 13:30:00,3.42,4.1,55.69,3.64,10.624596247594955,3.6363360910947713,3.9939933
2018-12-09 13:45:00,3.35,4.1,40.61,3.6,7.581750847223457,3.699432545276782,4.396672
2018-12-09 14:00:00,3.92,3.6,50.51,3.6,12.202288919563085,3.674532950329502,5.0676856
2018-12-09 14:15:00,3.78,3.42,37.98,3.6,10.124526332540508,3.6366460665395244,4.9350066
2018-12-09 14:30:00,3.42,3.42,48.89,3.56,9.247630003541506,3.638123480738408,3.8771985
2018-12-09 14:45:00,3.38,3.35,37.73,3.56,7.340304526436011,3.6631122072747613,3.9271739
2018-12-09 15:00:00,3.46,3.92,40.03,3.64,10.116513135518087,3.6490353082850104,3.8688228
2018-12-09 15:15:00,3.42,3.78,43.67,3.6,11.859893024404272,3.6445521673632886,3.7168398
2018-12-09 15:30:00,3.53,3.42,46.15,3.56,8.528924799200201,3.6504661898891673,3.7492769
2018-12-09 15:45:00,4.07,3.38,49.68,3.85,9.21114578724504,3.82760602841887,3.7699227
2018-12-09 16:00:00,4.03,3.46,49.32,4.68,11.44917254259154,4.050534927424459,3.4158463
2018-12-09 16:15:00,4.14,3.42,49.46,4.72,9.960557578669668,3.8224664723957176,3.4253614
2018-12-09 16:30:00,4.0,3.53,49.54,4.72,6.52946000542639,3.5493041673803485,3.463302
2018-12-09 16:45:00,3.31,4.07,34.63,3.89,6.159942365739038,3.667309890651199,3.5893111
2018-12-09 17:00:00,3.35,4.03,27.0,3.53,8.155493404216497,3.481490476723268,3.347069
2018-12-09 17:15:00,3.49,4.14,9.9,3.6,4.699801353195685,3.4969754018094377,3.3494065
2018-12-09 17:30:00,4.1,4.0,5.22,3.6,2.9580397118902475,3.826447545670255,3.7606723
2018-12-09 17:45:00,3.64,3.31,5.29,3.74,-4.472362542322269,3.354118411246195,4.9040213
2018-12-09 18:00:00,3.24,3.35,5.22,4.72,-5.127075585404487,3.3539581192218746,3.3549218
2018-12-09 18:15:00,3.28,3.49,5.18,3.89,-2.844793911011184,3.380206444035436,3.3569345
2018-12-09 18:30:00,3.31,4.1,5.15,3.53,-1.6026809675612377,3.66625389682482,3.421517
2018-12-09 18:45:00,3.42,3.64,5.33,3.53,-0.3091388313666066,3.4270852697939436,3.3604193
2018-12-09 19:00:00,3.64,3.24,5.15,3.56,0.12849786042215428,3.292091077996813,3.2960694
2018-12-09 19:15:00,4.07,3.28,4.1,3.67,0.87031305463805,3.316653709861096,3.4057367
2018-12-09 19:30:00,4.03,3.31,4.14,3.56,-1.8704889339873638,3.189812301629678,3.3157685
2018-12-09 19:45:00,4.03,3.42,4.1,4.39,-0.34899895152750204,3.2944574096560717,3.3644588
2018-12-09 20:00:00,4.0,3.64,4.14,4.72,1.1920289707266356,3.233447812211253,3.297335
2018-12-09 20:15:00,3.31,4.07,4.1,4.68,3.1509319315179276,3.3991517178246444,3.3196216
2018-12-09 20:30:00,3.31,4.03,4.03,4.75,-0.308306650612149,3.4422768039785123,3.3915982
2018-12-09 20:45:00,3.35,4.03,4.14,3.71,-2.2552033084744956,3.513430444161915,3.4043446
2018-12-09 21:00:00,3.35,4.0,4.1,3.53,-6.755569423542365,3.7744235970936013,3.7833056
2018-12-09 21:15:00,3.67,3.31,4.14,3.6,-10.191040318538715,3.340101936230014,3.2846787
2018-12-09 21:30:00,4.14,3.31,4.1,3.6,-10.384514925690372,3.32837190017875,3.321345
2018-12-09 21:45:00,3.38,3.35,4.14,3.6,-10.382333117449907,3.2917598540973247,3.2163875
2018-12-09 22:00:00,3.28,3.35,4.1,3.56,-9.213587195106573,3.2936443602988352,3.4738352
2018-12-09 22:15:00,3.13,3.67,3.82,4.07,-9.01571362198445,3.2146480732816047,3.188524
2018-12-09 22:30:00,3.17,4.14,3.89,4.32,-8.714833686414234,3.3862057062314435,3.2253978
2018-12-09 22:45:00,3.78,3.38,5.0,3.35,-8.832820100195281,3.2583044543152693,3.1386442
2018-12-09 23:00:00,3.78,3.28,4.75,3.31,-7.589511876424044,3.217145533001383,3.1071758
2018-12-09 23:15:00,3.74,3.13,3.82,3.31,-7.667074947346638,3.1568580173742933,3.0001285
2018-12-09 23:30:00,3.74,3.17,3.71,3.28,-7.6862071988677165,3.1703004279494613,3.0249882
2018-12-09 23:45:00,3.46,3.78,3.82,3.35,-7.325504910561538,3.1726058656297984,3.0736623
2018-12-10 00:00:00,5.36,3.78,3.17,4.57,4.775956831061581,3.684132182843482,5.8622994
2018-12-10 00:15:00,3.06,3.74,3.74,4.43,4.833757549843579,3.415957610621784,3.261564
2018-12-10 00:30:00,3.02,3.74,3.74,4.36,4.823996578089076,3.5339154314290213,3.5737047
2018-12-10 00:45:00,3.31,3.46,3.82,4.21,4.922251721347681,3.6224879656372906,3.4260492
2018-12-10 01:00:00,3.85,5.36,3.85,3.35,6.951882700682955,3.798220923849075,6.825287
2018-12-10 01:15:00,3.42,3.06,3.78,3.38,6.456772892375458,3.241228512626112,3.207877
2018-12-10 01:30:00,3.1,3.02,3.82,3.35,6.5790048305873405,3.214685620492963,3.1930044
2018-12-10 01:45:00,3.1,3.31,3.78,3.42,6.478691268718972,3.296613319041286,3.2507842
2018-12-10 02:00:00,3.17,3.85,3.78,3.49,7.690463602439248,3.3075392156564587,3.3078022
2018-12-10 02:15:00,3.31,3.42,3.17,3.42,7.288240295187887,3.1620612468492957,3.0465488
2018-12-10 02:30:00,3.82,3.1,3.13,3.38,7.267141411967625,3.1624664693966618,3.0960388
2018-12-10 02:45:00,3.78,3.1,3.35,4.36,7.45576133803095,3.2054765603145325,3.170181
2018-12-10 03:00:00,3.82,3.17,3.67,4.14,8.457702031220553,3.2033774359834704,3.1218405
2018-12-10 03:15:00,3.74,3.31,3.02,3.42,8.118527867016393,3.1686349590260714,3.1753538
2018-12-10 03:30:00,3.1,3.82,3.13,3.38,8.189726955068725,3.2000375546174933,3.1325998
2018-12-10 03:45:00,3.2,3.78,3.06,3.35,7.971238502900068,3.3184960095777325,3.1235673
2018-12-10 04:00:00,3.1,3.82,3.06,3.35,9.000586151993343,3.395843888611442,3.2317967
2018-12-10 04:15:00,3.13,3.74,3.06,4.1,8.84447602107478,3.5200638018600126,3.5079057
2018-12-10 04:30:00,3.17,3.1,3.2,4.43,8.77848918229142,3.3115581763031527,3.221253
2018-12-10 04:45:00,3.49,3.2,3.78,4.5,8.716940077860183,3.2913861219642384,3.1680176
2018-12-10 05:00:00,3.74,3.1,3.78,3.78,9.418707528715384,3.1636113319475134,3.0817854
2018-12-10 05:15:00,3.13,3.13,3.74,3.31,8.89315411611631,3.196955755402688,3.1864858
2018-12-10 05:30:00,3.1,3.17,3.74,3.38,8.601190241343122,3.2227519344281257,3.2183027
2018-12-10 05:45:00,3.82,3.49,3.13,3.31,8.183639350054687,3.1224660103960966,3.0957587
2018-12-10 06:00:00,3.82,3.74,3.74,3.31,9.117746853920718,3.139309994853969,3.1045945
2018-12-10 06:15:00,3.85,3.13,3.56,3.35,8.482812557962465,3.134093233806677,3.0711505
2018-12-10 06:30:00,3.82,3.1,3.1,3.31,8.07554216256916,3.1464286338946437,3.0728757
2018-12-10 06:45:00,3.46,3.82,2.95,3.24,7.901830509893795,3.2017282612477223,3.2100892
2018-12-10 07:00:00,3.06,3.82,3.06,3.24,8.578485960864572,3.3278237167226408,3.2671773
2018-12-10 07:15:00,3.13,3.85,3.02,4.21,8.148536399051164,3.4558699555350025,3.4352171
2018-12-10 07:30:00,3.56,3.82,2.95,5.76,7.8352936682777035,3.8738154612382942,3.8808591
2018-12-10 07:45:00,5.87,3.46,3.02,5.98,7.4159041754456005,4.781734579903082,4.6334753
2018-12-10 08:00:00,6.8,3.06,2.99,5.58,8.280186015690024,5.29858247530968,4.3023763
2018-12-10 08:15:00,33.48,3.13,3.13,34.99,21.73560267969942,23.673151059408188,24.137594
2018-12-10 08:30:00,61.06,3.56,3.74,56.84,32.82204447078973,58.951419688471226,51.128532
2018-12-10 08:45:00,58.36,5.87,3.82,61.06,34.426007121194836,75.1722047502223,66.39038
2018-12-10 09:00:00,68.62,6.8,3.96,57.89,35.28156176703272,76.30733073756889,70.77885
2018-12-10 09:15:00,69.23,33.48,4.03,70.49,50.74978180017982,73.64541201470605,63.19969
2018-12-10 09:30:00,70.78,61.06,3.35,50.11,57.482159835851974,63.72659841137293,62.836086
2018-12-10 09:45:00,61.74,58.36,3.31,66.38,58.99508012638948,61.94148890792653,58.53757
2018-12-10 10:00:00,72.0,68.62,3.89,56.88,55.0579130903684,63.61271690156591,61.460907
2018-12-10 10:15:00,56.2,69.23,4.03,47.09,55.72654290756083,64.51805607237316,61.371014
2018-12-10 10:30:00,56.02,70.78,3.31,55.8,59.76432941126916,69.49877315591428,64.8792
2018-12-10 10:45:00,63.9,61.74,3.35,66.89,59.04807013126552,64.23243897991519,64.69519
2018-12-10 11:00:00,68.47,72.0,3.42,62.89,62.74561699495081,70.99602763369828,70.14826
2018-12-10 11:15:00,61.56,56.2,3.35,63.79,58.73261673377971,63.12265473731774,65.07368
2018-12-10 11:30:00,70.31,56.02,3.31,58.1,59.5471278065703,63.056536667650214,63.8483
2018-12-10 11:45:00,62.42,63.9,3.38,54.5,57.44572130046831,64.11912966127369,62.854633
2018-12-10 12:00:00,44.75,68.47,3.89,35.35,53.828127193822176,62.07052204931514,52.376347
2018-12-10 12:15:00,9.11,61.56,4.18,6.34,25.546908190858566,8.042781419573373,6.0550966
2018-12-10 12:30:00,10.33,70.31,4.1,5.76,24.7667965021567,7.246499567927438,5.1969566
2018-12-10 12:45:00,11.45,62.42,4.1,6.3,22.082324446049626,6.916021159967516,5.550884
2018-12-10 13:00:00,11.09,44.75,3.6,6.19,22.817386974630672,6.9456556927316555,5.8168178
2018-12-10 13:15:00,42.66,9.11,3.42,35.35,30.54744561389119,43.94399708874806,30.855669
2018-12-10 13:30:00,72.9,10.33,3.42,51.95,39.01602177527656,60.9191367925926,61.306133
2018-12-10 13:45:00,71.03,11.45,3.35,48.46,33.84438638184173,58.913046323370956,58.72835
2018-12-10 14:00:00,67.32,11.09,3.92,65.02,31.71801443441374,58.83181885940446,60.29214
2018-12-10 14:15:00,64.22,42.66,3.78,69.91,46.5148018286294,59.126344834625925,58.136295
2018-12-10 14:30:00,69.91,72.9,3.42,55.12,57.27372446254425,73.85797719245954,69.86963
2018-12-10 14:45:00,51.23,71.03,3.38,56.84,55.762356342422976,71.98258732224356,66.749756
2018-12-10 15:00:00,58.39,67.32,3.46,54.22,49.174993763768995,64.4098683912827,64.44657
2018-12-10 15:15:00,69.62,64.22,3.42,49.97,45.744731909749845,65.59843997666104,65.494446
2018-12-10 15:30:00,66.71,69.91,3.53,48.17,45.54038684697599,67.25675802201441,66.36905
2018-12-10 15:45:00,65.99,51.23,4.07,49.86,42.75773049538591,61.92560733710981,59.604767
2018-12-10 16:00:00,64.98,58.39,4.03,58.75,48.506753707550885,62.564768031457994,61.38369
2018-12-10 16:15:00,64.55,69.62,4.14,65.7,52.462268926090346,64.3277980793982,66.37963
2018-12-10 16:30:00,63.72,66.71,4.0,51.88,46.0048019314014,64.06024834758543,61.854427
2018-12-10 16:45:00,66.53,65.99,3.31,57.2,45.49793862312602,64.32067003776982,64.55074
2018-12-10 17:00:00,62.57,64.98,3.35,76.03,50.20542646406568,63.887128795777635,58.829487
2018-12-10 17:15:00,63.72,64.55,3.49,72.18,57.42436793017075,63.49205346210373,58.656406
2018-12-10 17:30:00,58.64,63.72,4.1,61.42,53.6714874258853,59.591460504620265,53.36319
2018-12-10 17:45:00,60.12,66.53,3.64,36.61,43.12923047284515,36.91626262899611,34.068123
2018-12-10 18:00:00,24.73,62.57,3.24,29.56,39.825045570282455,31.89364877942048,33.297207
2018-12-10 18:15:00,5.47,63.72,3.28,34.13,43.43920124606467,37.61097743584161,36.83298
2018-12-10 18:30:00,4.5,58.64,3.31,42.26,45.15836109061081,48.137892849390006,47.90864
2018-12-10 18:45:00,4.46,60.12,3.42,56.81,49.3938917431895,45.41927192295745,50.889275
2018-12-10 19:00:00,4.46,24.73,3.64,43.02,43.89659917690173,20.484961438732885,22.863121
2018-12-10 19:15:00,4.75,5.47,4.07,47.74,43.765006464007584,5.189981664388858,10.927507
2018-12-10 19:30:00,5.69,4.5,4.03,39.17,39.55934396976245,4.2080376867374545,3.9720972
2018-12-10 19:45:00,5.62,4.46,4.03,43.67,35.2785032950013,4.153542766910548,5.696242
2018-12-10 20:00:00,4.46,4.46,4.0,50.44,31.30269289682839,13.76697763568195,4.180289
2018-12-10 20:15:00,4.46,4.75,3.31,46.22,22.943530345239573,4.240115342528337,5.777221
2018-12-10 20:30:00,4.5,5.69,3.31,45.36,19.483014971778665,4.415116646816858,5.1314487
2018-12-10 20:45:00,4.43,5.62,3.35,50.11,18.204496524894026,4.773816173629628,5.3364577
2018-12-10 21:00:00,4.46,4.46,3.35,25.45,9.321527169920476,4.035524583695253,3.8541863
2018-12-10 21:15:00,4.5,4.46,3.67,8.6,3.058987024924267,4.038587743391083,4.247536
2018-12-10 21:30:00,4.57,4.5,4.14,6.19,2.513037509481091,4.066041105210888,4.4597964
2018-12-10 21:45:00,4.54,4.43,3.38,5.62,2.1309249943885753,4.1078747337510775,4.4483814
2018-12-10 22:00:00,4.46,4.46,3.28,4.93,3.257483822929199,4.05992712367316,4.417311
2018-12-10 22:15:00,4.28,4.5,3.13,4.72,11.76821955811409,4.077137250171954,4.0517116
2018-12-10 22:30:00,4.25,4.57,3.17,4.75,11.83475366875771,4.152526884197809,3.973194
2018-12-10 22:45:00,4.32,4.54,3.78,4.68,11.938101925548036,4.097832280773015,3.8408256
2018-12-10 23:00:00,4.18,4.46,3.78,4.68,13.20710640809833,4.031763532673554,3.8712487
2018-12-10 23:15:00,4.18,4.28,3.74,4.61,6.188749453348567,3.910013519098392,3.6921194
2018-12-10 23:30:00,4.21,4.25,3.74,4.57,6.2879403585744065,3.8995650780974,3.7231722
2018-12-10 23:45:00,4.28,4.32,3.46,4.61,6.384768605355671,3.9268798330577814,3.789877
2018-12-11 00:00:00,4.18,4.18,5.36,3.89,4.986817745889862,10.06890029441959,4.2573137
2018-12-11 00:15:00,4.86,4.18,3.06,4.61,4.848420811274448,3.9186986356435787,3.9494178
2018-12-11 00:30:00,4.21,4.21,3.02,4.57,5.003596696149575,3.9084923636302658,3.9260497
2018-12-11 00:45:00,4.18,4.28,3.31,4.61,5.145280607706088,3.925020356017567,3.9231834
2018-12-11 01:00:00,4.21,4.18,3.85,4.64,6.382812410563478,3.9298659051671,3.9517531
2018-12-11 01:15:00,4.32,4.86,3.42,5.04,6.971927453683296,4.184247164743734,3.883589
2018-12-11 01:30:00,4.25,4.21,3.1,5.8,6.989176784636694,3.8944117638171747,3.8106973
2018-12-11 01:45:00,4.18,4.18,3.1,4.68,6.619964109853942,3.890486610141621,3.805444
2018-12-11 02:00:00,4.21,4.21,3.17,3.6,7.696527971920819,3.8866193079832745,3.707427
2018-12-11 02:15:00,4.28,4.32,3.31,3.56,7.620844960222836,3.9095182711153575,3.8485017
2018-12-11 02:30:00,4.25,4.25,3.82,3.64,7.729242397822407,3.915528054633737,3.7961862
2018-12-11 02:45:00,4.21,4.18,3.78,3.67,7.647219071500256,3.9202275356579217,3.762563
2018-12-11 03:00:00,3.56,4.21,3.82,3.64,8.680615217377703,3.916797844037419,3.6731522
2018-12-11 03:15:00,3.56,4.28,3.74,3.64,8.590328321196157,3.8995684611041446,3.7276947
2018-12-11 03:30:00,3.53,4.25,3.1,3.71,8.330484248423243,3.896242562487478,3.7484467
2018-12-11 03:45:00,3.53,4.21,3.2,3.67,8.117616003909315,3.897048999495894,3.721793
2018-12-11 04:00:00,3.85,3.56,3.1,3.71,9.112462330357648,3.6033892035165285,3.4209368
2018-12-11 04:15:00,4.18,3.56,3.13,3.67,8.914424573814447,3.547728025030164,3.4044583
2018-12-11 04:30:00,3.49,3.53,3.17,3.6,8.760707164822552,3.4474769707733413,3.4607372
2018-12-11 04:45:00,3.56,3.53,3.49,4.36,8.61673135108293,3.5348554382245143,3.5076115
2018-12-11 05:00:00,3.56,3.85,3.74,4.64,9.727319840405084,3.517837584734991,3.393919
2018-12-11 05:15:00,3.74,4.18,3.13,4.72,9.524401871650571,3.488598345791074,3.3920453
2018-12-11 05:30:00,4.18,3.49,3.1,5.44,9.126074226199169,3.395342504383009,3.3689015
2018-12-11 05:45:00,4.25,3.56,3.82,4.43,8.574727598351128,3.538049007376516,3.3932626
2018-12-11 06:00:00,4.28,3.56,3.82,3.64,9.232966067471924,3.7043843571483626,3.4700234
2018-12-11 06:15:00,3.56,3.74,3.85,3.56,8.797490504507255,3.764742543075155,3.5098052
2018-12-11 06:30:00,3.53,4.18,3.82,3.67,8.620037661987087,3.4538896316949224,3.3630214
2018-12-11 06:45:00,3.6,4.25,3.46,3.64,8.174464488834776,3.51572695357947,3.4819574
2018-12-11 07:00:00,3.49,4.28,3.06,3.56,8.725673929934334,3.646074708876759,3.4387367
2018-12-11 07:15:00,4.1,3.56,3.13,3.56,7.942595073952884,3.6204267309946885,3.5476918
2018-12-11 07:30:00,4.07,3.53,3.56,3.82,7.532832215899372,3.509732665517653,3.5388517
2018-12-11 07:45:00,4.86,3.6,5.87,4.54,7.669108469895296,4.949903124297693,4.708681
2018-12-11 08:00:00,14.83,3.49,6.8,5.94,9.005260675531904,6.226576670731778,6.328141
2018-12-11 08:15:00,44.21,4.1,33.48,28.4,25.053804502636325,35.27664809818492,35.34744
2018-12-11 08:30:00,54.04,4.07,61.06,55.04,40.02809980988471,57.890183340250175,59.00189
2018-12-11 08:45:00,61.74,4.86,58.36,61.13,40.20603321106303,62.48969690529558,65.20576
2018-12-11 09:00:00,69.48,14.83,68.62,82.33,52.06719547151445,67.66008887868433,69.25191
2018-12-11 09:15:00,75.38,44.21,69.23,82.37,66.49607956241749,71.55570706260504,69.23139
2018-12-11 09:30:00,71.82,54.04,70.78,64.08,66.41519658940754,60.6406389958587,63.331806
2018-12-11 09:45:00,71.24,61.74,61.74,59.36,63.72844234925847,63.12933213645798,63.258614
2018-12-11 10:00:00,54.86,69.48,72.0,52.16,62.40136063956318,62.60603770600045,65.416306
2018-12-11 10:15:00,66.13,75.38,56.2,56.95,68.81363635878701,71.0584508130997,66.92368
2018-12-11 10:30:00,73.08,71.82,56.02,53.42,65.59636418244033,69.19339007767547,67.55476
2018-12-11 10:45:00,77.51,71.24,63.9,58.86,67.2055360321775,68.49617727830005,72.399055
2018-12-11 11:00:00,72.54,54.86,68.47,59.98,66.90947153317116,61.83340445631659,68.001625
2018-12-11 11:15:00,63.83,66.13,61.56,61.24,68.39105396210391,64.54391983452741,68.79263
2018-12-11 11:30:00,67.07,73.08,70.31,84.1,77.5760864624855,69.05317813549298,70.65989
2018-12-11 11:45:00,84.24,77.51,62.42,63.86,71.64990431111056,73.39915456725309,76.58315
2018-12-11 12:00:00,72.79,72.54,44.75,49.86,59.61142564416639,71.4973508769925,69.5077
2018-12-11 12:15:00,7.96,63.83,9.11,6.91,26.694764613396263,10.50870201583063,10.449569
2018-12-11 12:30:00,5.8,67.07,10.33,7.38,25.858651157905406,9.16021884898386,7.0466595
2018-12-11 12:45:00,6.98,84.24,11.45,6.62,31.960400169891667,9.429454004957506,8.798326
2018-12-11 13:00:00,6.95,72.79,11.09,6.55,30.688489663204425,11.019249875117158,7.3267894
2018-12-11 13:15:00,38.45,7.96,42.66,32.51,36.59652793260174,42.74854837101864,38.801693
2018-12-11 13:30:00,59.36,5.8,72.9,57.28,53.014287722951494,81.85812614157747,78.386
2018-12-11 13:45:00,66.02,6.98,71.03,55.51,49.82183960761559,66.47880207727559,82.718796
2018-12-11 14:00:00,80.28,6.95,67.32,56.12,37.351330512366694,69.1093615425303,74.45679
2018-12-11 14:15:00,75.53,38.45,64.22,58.82,48.79503660373432,58.96919476169411,60.061485
2018-12-11 14:30:00,72.0,59.36,69.91,52.88,58.492716926863295,61.457443298851665,61.72947
2018-12-11 14:45:00,72.61,66.02,51.23,53.46,56.37983506557043,63.433396800650335,64.47516
2018-12-11 15:00:00,78.55,80.28,58.39,62.96,61.238359533435215,76.50858183606742,77.7579
2018-12-11 15:15:00,73.98,75.53,69.62,64.62,61.01994540803726,71.3448432812572,71.76786
2018-12-11 15:30:00,76.79,72.0,66.71,60.01,55.13227401189697,70.58406920637303,73.84795
2018-12-11 15:45:00,80.46,72.61,65.99,55.66,54.0545995255619,71.32332513898247,70.47339
2018-12-11 16:00:00,68.11,78.55,64.98,53.82,57.869311312934514,73.455165737814,75.977974
2018-12-11 16:15:00,71.68,73.98,64.55,71.86,57.25314293350205,72.8588972770578,74.30603
2018-12-11 16:30:00,69.8,76.79,63.72,60.73,53.56475995607771,74.71521837204475,78.91548
2018-12-11 16:45:00,75.46,80.46,66.53,68.22,57.55168293514234,76.97163297440294,80.46084
2018-12-11 17:00:00,70.27,68.11,62.57,80.46,57.39627261398455,66.8203276815759,67.77707
2018-12-11 17:15:00,78.48,71.68,63.72,61.52,63.23604968655157,72.0899558336202,69.283485
2018-12-11 17:30:00,66.78,69.8,58.64,71.1,62.66825469429642,66.28493649123561,64.96109
2018-12-11 17:45:00,32.11,75.46,60.12,35.21,52.86774461797211,46.800013783182855,44.912415
2018-12-11 18:00:00,31.25,70.27,24.73,30.31,42.40321884515224,32.32181996119461,34.87602
2018-12-11 18:15:00,36.4,78.48,5.47,43.56,48.33814642989039,43.99675359423848,46.8542
2018-12-11 18:30:00,39.56,66.78,4.5,40.97,45.284918454489826,48.99560716078047,51.56109
2018-12-11 18:45:00,51.44,32.11,4.46,38.56,41.53541312318288,57.71705175826604,60.99067
2018-12-11 19:00:00,51.52,31.25,4.46,41.65,45.96875124680903,56.69968288837716,59.564735
2018-12-11 19:15:00,53.57,36.4,4.75,49.07,46.62500565634239,51.254033775013845,56.077133
2018-12-11 19:30:00,52.81,39.56,5.69,40.46,37.82706790811366,38.752361289280856,45.519978
2018-12-11 19:45:00,52.38,51.44,5.62,48.64,44.19468118774891,51.5941835231207,51.62154
2018-12-11 20:00:00,53.21,51.52,4.46,49.75,44.00397782171933,48.97617666064673,52.074303
2018-12-11 20:15:00,51.91,53.57,4.46,48.89,38.63385949311284,52.464847452345666,53.84772
2018-12-11 20:30:00,53.46,52.81,4.5,37.84,29.808177419139447,51.087386499640964,45.557205
2018-12-11 20:45:00,32.36,52.38,4.43,30.67,26.2621727848117,33.440432906355724,35.426346
2018-12-11 21:00:00,28.37,53.21,4.46,5.08,18.25434338959927,28.250100098052826,18.595123
2018-12-11 21:15:00,6.77,51.91,4.5,5.69,15.974587515224158,20.342314006460818,9.335439
2018-12-11 21:30:00,5.69,53.46,4.57,5.44,16.497248613503388,12.234275577130942,13.08079
2018-12-11 21:45:00,5.8,32.36,4.54,5.4,14.374735518189677,12.596717365497037,10.428788
2018-12-11 22:00:00,5.69,28.37,4.46,5.44,16.065741820809798,13.963704022199757,10.593707
2018-12-11 22:15:00,5.47,6.77,4.28,5.26,20.904550325513263,6.570590791830969,7.5179586
2018-12-11 22:30:00,5.44,5.69,4.25,4.64,18.839983335043218,4.768318138146071,6.444143
2018-12-11 22:45:00,4.97,5.8,4.32,3.92,16.626398572260303,4.812923207703233,6.2699933
2018-12-11 23:00:00,4.36,5.69,4.18,3.96,12.99714369222852,4.750691009062926,6.305806
2018-12-11 23:15:00,4.25,5.47,4.18,3.92,4.4496454690327845,4.563305501295286,10.673072
2018-12-11 23:30:00,4.21,5.44,4.21,3.85,4.49903467938449,4.544400865379097,9.635024
2018-12-11 23:45:00,4.14,4.97,4.28,3.89,4.571141735369057,4.536436809540053,10.30473
2018-12-12 00:00:00,4.21,4.36,4.18,3.96,4.225217084748802,8.34824880819901,4.332144
2018-12-12 00:15:00,4.21,4.25,4.86,3.89,4.32956487124687,4.112974474114931,5.3669896
2018-12-12 00:30:00,4.14,4.21,4.21,3.92,4.271240067950718,4.095826740430188,4.6707926
2018-12-12 00:45:00,4.14,4.14,4.18,3.89,4.187273086348501,4.023476067081696,4.6514473
2018-12-12 01:00:00,4.14,4.21,4.21,3.96,5.350373216199618,4.059896690156098,4.303467
2018-12-12 01:15:00,4.21,4.21,4.32,3.78,5.541212445690153,4.048726217231752,4.7320876
2018-12-12 01:30:00,4.18,4.14,4.25,3.85,5.532789474374223,4.032775837962703,4.676963
2018-12-12 01:45:00,4.75,4.14,4.18,3.82,5.444843257253378,4.030270019902071,4.6494093
2018-12-12 02:00:00,5.33,4.14,4.21,3.82,6.759468906768273,4.033511264569503,4.65868
2018-12-12 02:15:00,4.25,4.21,4.28,3.85,6.757312169284301,4.022734325694048,4.559139
2018-12-12 02:30:00,4.25,4.18,4.25,4.64,6.934406441625281,4.014225183003324,4.2289424
2018-12-12 02:45:00,4.18,4.75,4.21,4.86,7.196613669228089,4.2231057421088085,5.253082
2018-12-12 03:00:00,4.21,5.33,3.56,3.82,8.271817310032322,4.276120018421918,7.5970793
2018-12-12 03:15:00,4.18,4.25,3.56,3.49,7.750840031022779,4.055006722760634,3.6944616
2018-12-12 03:30:00,4.18,4.25,3.53,3.13,7.490599424451215,4.064585017233463,3.7335572
2018-12-12 03:45:00,4.25,4.18,3.53,3.2,7.34321592243727,4.039650182582769,3.7777798
2018-12-12 04:00:00,4.18,4.21,3.85,3.13,8.271564304812284,4.096561026081384,3.6918025
2018-12-12 04:15:00,4.03,4.18,4.18,3.1,8.045979779491223,4.113775700457218,4.007199
2018-12-12 04:30:00,3.46,4.18,3.49,3.17,7.791222298800204,4.08067434111978,3.778267
2018-12-12 04:45:00,3.46,4.25,3.56,3.06,7.604710885866599,4.037014676527107,3.8080292
2018-12-12 05:00:00,3.53,4.18,3.56,3.17,8.469887572260657,4.089692642304047,3.7284648
2018-12-12 05:15:00,3.46,4.03,3.74,3.06,8.137239937838633,4.017756198509443,3.9952037
2018-12-12 05:30:00,3.49,3.46,4.18,3.1,7.737271527989851,3.400207360038385,3.765612
2018-12-12 05:45:00,4.0,3.46,4.25,3.02,7.395741404261468,3.384415274182211,3.745419
2018-12-12 06:00:00,4.25,3.53,4.28,3.1,8.239489074670967,3.5065222089687085,3.8167324
2018-12-12 06:15:00,3.85,3.46,3.56,3.02,7.542751750782241,3.550685347191606,3.730888
2018-12-12 06:30:00,3.42,3.49,3.53,4.61,7.382748837803785,3.5856922773185085,3.7912211
2018-12-12 06:45:00,3.42,4.0,3.6,4.9,7.260429436308623,3.563440820539905,3.5899444
2018-12-12 07:00:00,3.96,4.25,3.49,3.85,7.874259207212749,3.7474366772869274,3.6383655
2018-12-12 07:15:00,4.1,3.85,4.1,3.49,7.1573154141643265,3.665856528513854,3.922748
2018-12-12 07:30:00,4.32,3.42,4.07,3.2,6.3299163945216925,3.4676180090759225,3.9770222
2018-12-12 07:45:00,5.83,3.42,4.86,4.32,6.383865635473516,5.326022276992966,5.177492
2018-12-12 08:00:00,5.8,3.96,14.83,4.72,9.732015417577895,8.104504737720614,6.444439
2018-12-12 08:15:00,36.86,4.1,44.21,27.65,25.006287343675066,34.576206288947176,40.0143
2018-12-12 08:30:00,60.37,4.32,54.04,61.56,37.54831529027361,72.32753782099928,66.25105
2018-12-12 08:45:00,66.46,5.83,61.74,57.71,37.675062763427476,83.17313301613403,69.52839
2018-12-12 09:00:00,69.05,5.8,69.48,57.82,39.83146123354301,84.45585165480763,71.92039
2018-12-12 09:15:00,63.86,36.86,75.38,68.08,57.951769714688325,84.25908036143719,69.00249
2018-12-12 09:30:00,65.59,60.37,71.82,64.08,67.78561354290414,64.68689203094512,65.04297
2018-12-12 09:45:00,60.98,66.46,71.24,64.76,68.59634949656946,65.19581545269023,67.80666
2018-12-12 10:00:00,65.74,69.05,54.86,62.68,60.482435040876496,64.24261871077108,67.493675
2018-12-12 10:15:00,57.17,63.86,66.13,49.28,59.9869134418647,64.28438690086466,60.865288
2018-12-12 10:30:00,64.55,65.59,73.08,56.52,63.63830819127226,64.63906857190064,63.48904
2018-12-12 10:45:00,53.42,60.98,77.51,59.04,64.77267861265648,64.09088436313401,63.36582
2018-12-12 11:00:00,65.88,65.74,72.54,66.85,66.8098799423263,64.48603544471571,66.863495
2018-12-12 11:15:00,57.71,57.17,63.83,68.83,62.0634101841723,62.271432365025504,64.37029
2018-12-12 11:30:00,59.76,64.55,67.07,60.3,64.34450882769544,63.74319831358337,65.03313
2018-12-12 11:45:00,79.85,53.42,84.24,53.21,60.820269416063866,59.571720709496866,62.82617
2018-12-12 12:00:00,49.64,65.88,72.79,40.97,60.55144454603551,61.652412466578404,59.4281
2018-12-12 12:15:00,27.97,57.71,7.96,10.69,23.474513190023075,9.753503415926911,8.102803
2018-12-12 12:30:00,29.74,59.76,5.8,9.43,21.132873811837243,7.953900897077806,6.6116195
2018-12-12 12:45:00,29.56,79.85,6.98,10.33,28.388732893505257,8.28966732956822,7.8539457
2018-12-12 13:00:00,29.3,49.64,6.95,26.68,26.099045917270068,8.186888697381951,6.9490013
2018-12-12 13:15:00,58.86,27.97,38.45,43.34,36.24256593261502,42.52212234426289,36.300995
2018-12-12 13:30:00,61.78,29.74,59.36,46.51,46.089171365151344,56.68845873519314,55.514793
2018-12-12 13:45:00,77.0,29.56,66.02,50.44,42.425237948405865,59.481236494303786,61.141567
2018-12-12 14:00:00,65.56,29.3,80.28,63.4,42.986210967000474,55.62097527492901,53.14076
2018-12-12 14:15:00,86.51,58.86,75.53,54.36,53.825052809565946,60.372596489562554,60.57292
2018-12-12 14:30:00,60.44,61.78,72.0,61.52,56.115318955611244,62.71930884205998,61.95436
2018-12-12 14:45:00,64.8,77.0,72.61,58.93,59.79701908218989,72.99970549910007,72.28678
2018-12-12 15:00:00,72.18,65.56,78.55,85.46,57.48828127930163,64.62943328895608,62.625427
2018-12-12 15:15:00,69.08,86.51,73.98,109.3,71.47037539818216,77.0142032734226,78.98015
2018-12-12 15:30:00,66.17,60.44,76.79,87.16,57.805557448276545,67.57421600195971,64.657265
2018-12-12 15:45:00,61.67,64.8,80.46,96.01,62.6573880123923,67.57449011058236,66.63824
2018-12-12 16:00:00,70.6,72.18,68.11,105.91,65.0571135654199,70.5087517055215,69.804016
2018-12-12 16:15:00,68.36,69.08,71.68,68.18,54.61390033362919,66.4787954454843,69.295395
2018-12-12 16:30:00,75.1,66.17,69.8,64.91,48.67955761208998,64.66464464762666,63.197647
2018-12-12 16:45:00,66.13,61.67,75.46,56.05,48.22298671684602,63.99926354376312,62.477966
2018-12-12 17:00:00,70.7,70.6,70.27,62.96,51.68000184712909,67.34388474055038,64.80629
2018-12-12 17:15:00,60.7,68.36,78.48,47.12,58.837617260301414,62.86271806908881,57.856747
2018-12-12 17:30:00,57.92,75.1,66.78,44.57,57.08462134707858,65.3416875994088,61.4462
2018-12-12 17:45:00,32.9,66.13,32.11,44.24,44.163521327970955,37.24567483182017,34.733665
2018-12-12 18:00:00,30.53,70.7,31.25,27.32,40.98701448591587,33.33704863518726,32.816814
2018-12-12 18:15:00,49.9,60.7,36.4,5.87,37.601579287517744,36.30539304062586,34.957306
2018-12-12 18:30:00,67.25,57.92,39.56,5.36,38.85861149908,40.40912576728225,43.189995
2018-12-12 18:45:00,69.37,32.9,51.44,5.47,38.26975396292467,52.53183360741299,50.657936
2018-12-12 19:00:00,65.99,30.53,51.52,5.58,40.267259684805715,50.746756398635846,49.707836
2018-12-12 19:15:00,66.02,49.9,53.57,5.58,44.55226819936844,50.42531664932433,49.434345
2018-12-12 19:30:00,60.19,67.25,52.81,5.47,50.13687181763747,51.41150559706693,55.301395
2018-12-12 19:45:00,58.54,69.37,52.38,5.44,49.84692942685891,63.226639555491225,59.26544
2018-12-12 20:00:00,61.85,65.99,53.21,5.44,44.1863329497336,52.24530088863187,51.176495
2018-12-12 20:15:00,67.07,66.02,51.91,5.44,36.37543976342859,57.619558076062496,54.61815
2018-12-12 20:30:00,58.82,60.19,53.46,5.51,33.48899748587,47.13243584942941,48.07221
2018-12-12 20:45:00,53.35,58.54,32.36,5.44,26.984586611475876,32.74764200949623,36.886047
2018-12-12 21:00:00,30.35,61.85,28.37,4.82,25.09899149342412,37.76270479479489,22.036015
2018-12-12 21:15:00,12.2,67.07,6.77,4.28,20.435409192812685,19.774040294573613,8.914537
2018-12-12 21:30:00,5.8,58.82,5.69,4.25,17.39703996833783,11.509837434729253,10.128177
2018-12-12 21:45:00,5.76,53.35,5.8,4.28,16.533139559833288,10.87883745029858,10.160012
2018-12-12 22:00:00,5.65,30.35,5.69,4.36,15.652769079205362,11.785619729803843,10.715889
2018-12-12 22:15:00,5.04,12.2,5.47,4.03,21.938045068349865,8.144847030008489,7.568933
2018-12-12 22:30:00,4.25,5.8,5.44,4.0,20.051510246703614,5.004538404240549,6.3121076
2018-12-12 22:45:00,4.25,5.76,4.97,4.03,15.886697900768372,4.747352088877955,6.5497284
2018-12-12 23:00:00,4.21,5.65,4.36,4.0,12.095144016073434,4.724815498559021,5.7373433
2018-12-12 23:15:00,4.14,5.04,4.25,4.0,2.5650577131444514,4.528789967748629,9.057206
2018-12-12 23:30:00,4.1,4.25,4.21,3.92,2.1968380848339173,3.976168431278568,3.8437133
2018-12-12 23:45:00,4.1,4.25,4.14,4.0,2.331299665266318,3.9680149774742297,3.7889879
2018-12-13 00:00:00,5.26,4.21,4.21,4.0,3.788996016260338,9.864278456913743,4.3979316
2018-12-13 00:15:00,4.1,4.14,4.21,3.96,3.5828426226309666,4.03946942614431,4.2535477
2018-12-13 00:30:00,4.18,4.1,4.14,4.79,3.7532288883867118,4.00135722562257,4.260852
2018-12-13 00:45:00,4.21,4.1,4.14,5.18,3.8976294549097723,4.025407767307001,4.433285
2018-12-13 01:00:00,4.14,5.26,4.14,4.03,5.5156140905749105,4.249779449549125,8.155508
2018-12-13 01:15:00,4.28,4.1,4.21,3.92,5.333693940013223,3.95219355198141,4.0894475
2018-12-13 01:30:00,4.18,4.18,4.18,4.0,5.367290537226598,3.974429645854916,4.1242566
2018-12-13 01:45:00,4.25,4.21,4.75,3.92,5.3985621407741,3.9670024199565033,4.136839
2018-12-13 02:00:00,5.36,4.14,5.33,4.07,6.683169066905595,4.017945145407982,4.2151337
2018-12-13 02:15:00,4.79,4.28,4.25,3.46,6.323306020602491,4.030695905710268,4.222674
2018-12-13 02:30:00,4.25,4.18,4.25,3.28,6.272632235193736,4.0261050806058485,4.2478623
2018-12-13 02:45:00,4.18,4.25,4.18,3.38,6.214805792047127,4.023995380289683,4.1658354
2018-12-13 03:00:00,4.21,5.36,4.21,3.31,7.914986935532166,4.211318749295753,8.34748
2018-12-13 03:15:00,4.18,4.79,4.18,3.35,7.618862490805551,4.35052608874424,8.349455
2018-12-13 03:30:00,4.21,4.25,4.18,3.35,7.248035149746141,4.073528897480039,3.914457
2018-12-13 03:45:00,4.21,4.18,4.25,3.38,7.075525889993262,4.069624636294102,3.952953
2018-12-13 04:00:00,4.21,4.21,4.18,3.42,8.123186727410118,4.109695097686045,3.9098713
2018-12-13 04:15:00,4.18,4.18,4.03,3.31,7.727991397765283,4.100559867096312,4.0144663
2018-12-13 04:30:00,4.21,4.21,3.46,4.61,7.61212757762981,4.101848567741554,3.841021
2018-12-13 04:45:00,4.21,4.21,3.46,5.04,7.469434513647631,4.060605007902392,3.786689
2018-12-13 05:00:00,4.18,4.21,3.53,4.07,8.18991027960956,4.1002893885742315,3.7663007
2018-12-13 05:15:00,3.67,4.18,3.46,3.71,7.788078422937826,4.09805155052955,3.7518184
2018-12-13 05:30:00,3.42,4.21,3.49,3.31,7.380250171651863,4.08765038427305,3.803783
2018-12-13 05:45:00,3.89,4.21,4.0,3.31,7.105092441567638,4.100433623371677,4.2345223
2018-12-13 06:00:00,4.32,4.18,4.25,3.38,8.009255178225498,4.078880737968237,4.332295
2018-12-13 06:15:00,3.46,3.67,3.85,3.31,7.405955697171645,3.804782954430537,3.5766823
2018-12-13 06:30:00,3.38,3.42,3.42,3.28,6.865823887128887,3.381545164770578,3.5152676
2018-12-13 06:45:00,3.38,3.89,3.42,3.31,6.528381605693365,3.7538314968847937,3.6392405
2018-12-13 07:00:00,3.42,4.32,3.96,3.24,7.517620145770035,3.8937346638013706,3.916727
2018-12-13 07:15:00,3.42,3.46,4.1,3.28,6.7309863402995695,3.4059087748597467,3.8381112
2018-12-13 07:30:00,3.71,3.38,4.32,3.46,6.116315118055862,3.469846873481349,3.8922036
2018-12-13 07:45:00,5.69,3.38,5.83,4.21,6.266175358748587,5.106777195864327,4.6721725
2018-12-13 08:00:00,6.23,3.42,5.8,6.44,8.295480939138951,5.579902214037928,6.763659
2018-12-13 08:15:00,35.57,3.42,36.86,32.29,24.420448273559497,31.736691388588316,38.943504
2018-12-13 08:30:00,72.86,3.71,60.37,64.98,38.115694520757906,73.53834767010072,63.963223
2018-12-13 08:45:00,61.74,5.69,66.46,60.84,38.753401523870465,84.80534005326851,72.545
2018-12-13 09:00:00,76.36,6.23,69.05,59.87,40.9220420985905,85.18923391982678,74.019165
2018-12-13 09:15:00,63.11,35.57,63.86,67.0,55.14381221206469,83.54898402224958,68.553604
2018-12-13 09:30:00,65.66,72.86,65.59,71.17,74.27505763276523,79.11102510094831,73.299515
2018-12-13 09:45:00,72.07,61.74,60.98,76.86,67.97250362591461,63.694879802230524,65.924126
2018-12-13 10:00:00,56.84,76.36,65.74,66.67,66.42829334174071,71.63538234416886,74.812225
2018-12-13 10:15:00,69.3,63.11,57.17,63.18,62.2880397777879,63.908709138366675,65.35696
2018-12-13 10:30:00,65.66,65.66,64.55,68.87,67.50619955809547,64.12684339617512,65.126976
2018-12-13 10:45:00,85.43,72.07,53.42,71.06,67.72341574393117,68.39860123176004,68.724815
2018-12-13 11:00:00,53.17,56.84,65.88,62.78,64.45674331900226,62.15480893414409,65.797
2018-12-13 11:15:00,55.4,69.3,57.71,60.88,64.04666446702758,63.880843936101044,66.57721
2018-12-13 11:30:00,60.08,65.66,59.76,74.45,67.06071604291982,63.51662674708619,64.77812
2018-12-13 11:45:00,58.0,85.43,79.85,67.82,77.49668316198223,75.25533634865567,79.45377
2018-12-13 12:00:00,51.3,53.17,49.64,69.26,60.66622917231241,57.12316764821873,59.87512
2018-12-13 12:15:00,11.38,55.4,27.97,9.94,30.94597059612178,12.896354110687069,9.559906
2018-12-13 12:30:00,10.91,60.08,29.74,6.88,30.100290950617673,10.033312154538116,7.368907
2018-12-13 12:45:00,30.1,58.0,29.56,7.02,24.595948799105937,9.946752680326595,8.319892
2018-12-13 13:00:00,36.4,51.3,29.3,6.95,21.422009528965425,9.994552186846535,7.558727
2018-12-13 13:15:00,41.69,11.38,58.86,35.78,33.48777241379055,43.77586870376216,41.68199
2018-12-13 13:30:00,56.92,10.91,61.78,61.78,44.764127251752456,56.610919011446605,59.956463
2018-12-13 13:45:00,46.66,30.1,77.0,60.8,50.19960089892453,56.66126558761808,57.242012
2018-12-13 14:00:00,52.52,36.4,65.56,71.78,50.896775682099346,57.065590224056564,60.323196
2018-12-13 14:15:00,58.25,41.69,86.51,72.11,52.61616139388374,56.14661001190766,58.987885
2018-12-13 14:30:00,72.61,56.92,60.44,68.22,50.178946375374906,59.27802753259413,58.52534
2018-12-13 14:45:00,66.24,46.66,64.8,73.44,46.61243449339048,56.071718942152344,53.55771
2018-12-13 15:00:00,73.08,52.52,72.18,56.88,46.96864037939214,56.70176919579157,56.098133
2018-12-13 15:15:00,60.52,58.25,69.08,50.29,46.1555756839378,59.097017522923004,57.11672
2018-12-13 15:30:00,59.87,72.61,66.17,48.78,52.80365116718461,66.33170030107792,66.24145
2018-12-13 15:45:00,63.5,66.24,61.67,48.96,47.74757058146666,63.02572950056818,62.23561
2018-12-13 16:00:00,60.52,73.08,70.6,49.97,51.12153228271852,69.41563339849047,68.15315
2018-12-13 16:15:00,88.92,60.52,68.36,62.28,48.9699178003284,63.28437725172933,66.07311
2018-12-13 16:30:00,105.37,59.87,75.1,47.95,47.30771766048562,63.55378151127398,64.625275
2018-12-13 16:45:00,102.89,63.5,66.13,57.35,49.46678131411606,63.5607778672358,65.21219
2018-12-13 17:00:00,77.83,60.52,70.7,47.77,45.92591680600462,62.03386042444607,60.671318
2018-12-13 17:15:00,67.18,88.92,60.7,48.6,68.27545617114711,75.68569635436005,75.80717
2018-12-13 17:30:00,70.13,105.37,57.92,57.46,74.47127144973233,82.6425893491658,81.099556
2018-12-13 17:45:00,31.72,102.89,32.9,31.86,60.29738493753207,43.207053285670696,40.86126
2018-12-13 18:00:00,31.5,77.83,30.53,31.61,45.88729173908893,33.87714336394481,36.80855
2018-12-13 18:15:00,54.79,67.18,49.9,36.61,52.874181312449196,49.356226607390866,49.867096
2018-12-13 18:30:00,77.04,70.13,67.25,40.07,59.254874523353024,62.25277175636072,66.19385
2018-12-13 18:45:00,79.63,31.72,69.37,37.87,50.76062299756022,56.702392692746905,64.40402
2018-12-13 19:00:00,80.46,31.5,65.99,47.23,52.61001032706528,57.110555543436675,61.1277
2018-12-13 19:15:00,71.89,54.79,66.02,53.03,58.87071069140207,56.536993619882054,58.23452
2018-12-13 19:30:00,78.52,77.04,60.19,38.63,63.223546525484636,68.86391670695392,67.28981
2018-12-13 19:45:00,52.31,79.63,58.54,37.51,61.513432813822476,69.94883246827045,73.54039
2018-12-13 20:00:00,61.16,80.46,61.85,38.3,57.49370078377126,71.28059903468456,72.97801
2018-12-13 20:15:00,61.6,71.89,67.07,54.36,49.41182610617069,70.13274568962355,66.963326
2018-12-13 20:30:00,49.68,78.52,58.82,38.84,46.55438173268159,69.66733509624825,70.44898
2018-12-13 20:45:00,41.54,52.31,53.35,27.72,36.74183672334529,46.661490927588254,48.174454
2018-12-13 21:00:00,20.16,61.16,30.35,8.86,31.235869547398146,30.929734560434056,24.094648
2018-12-13 21:15:00,6.16,61.6,12.2,5.51,23.41817153180091,13.074355107362043,6.645696
2018-12-13 21:30:00,5.69,49.68,5.8,5.58,16.632184515371577,7.741183500476817,7.3036275
2018-12-13 21:45:00,5.69,41.54,5.76,5.62,14.320917547077334,7.503617318650889,8.08463
2018-12-13 22:00:00,5.65,20.16,5.65,5.54,13.376576805411622,5.741128160398017,6.792308
2018-12-13 22:15:00,5.47,6.16,5.04,5.26,19.10437558531205,5.11561427967526,6.2032537
2018-12-13 22:30:00,5.4,5.69,4.25,5.22,17.366769107093578,4.666698335067079,5.270531
2018-12-13 22:45:00,5.36,5.69,4.25,5.26,12.970632912145714,4.640525861341827,5.5315995
2018-12-13 23:00:00,5.36,5.65,4.21,4.18,9.749285074544126,4.6381133746580065,4.409687
2018-12-13 23:15:00,5.26,5.47,4.14,3.96,1.7637606242416162,4.575668361408343,7.73662
2018-12-13 23:30:00,5.22,5.4,4.1,4.0,1.8438630505086842,4.5566307032119475,6.5405416
2018-12-13 23:45:00,5.18,5.36,4.1,4.0,1.9469400132657846,4.556915830736952,6.492034
2018-12-14 00:00:00,4.1,5.36,5.26,4.03,4.803842634610067,8.0796364601581,6.2013993
2018-12-14 00:15:00,5.33,5.26,4.1,3.96,4.556154124402948,4.678126404677138,4.502292
2018-12-14 00:30:00,5.29,5.22,4.18,4.03,4.600613925820053,4.689683458556629,5.344104
2018-12-14 00:45:00,5.26,5.18,4.21,4.03,4.627543540564613,4.679157953464172,5.317594
2018-12-14 01:00:00,5.29,4.1,4.14,4.0,5.811500977614667,4.065856215914711,4.0412326
2018-12-14 01:15:00,5.26,5.33,4.28,4.03,6.435023693199074,4.5261493259890475,5.276599
2018-12-14 01:30:00,5.36,5.29,4.18,4.03,6.415999416032857,4.532294681117887,4.6816635
2018-12-14 01:45:00,5.33,5.26,4.25,4.03,6.397914265898404,4.530134704270918,4.91612
2018-12-14 02:00:00,4.79,5.29,5.36,4.1,7.65678895875806,4.53514920519963,5.340929
2018-12-14 02:15:00,4.14,5.26,4.79,4.0,7.474831333732222,4.673719427581956,5.3677025
2018-12-14 02:30:00,4.18,5.36,4.25,4.72,7.514328058708291,4.590233654952668,5.4304852
2018-12-14 02:45:00,4.21,5.33,4.18,4.79,7.406082618211432,4.60434555391796,4.7176166
2018-12-14 03:00:00,4.18,4.79,4.21,4.14,8.374676562721543,4.502633069249418,5.3067374
2018-12-14 03:15:00,4.25,4.14,4.18,4.07,8.22360344449486,3.988972478091019,3.8420463
2018-12-14 03:30:00,4.18,4.18,4.21,4.03,8.093066430917712,4.061969407396358,3.7496665
2018-12-14 03:45:00,4.14,4.21,4.21,4.0,7.820083926203036,4.098670420059179,3.7604296
2018-12-14 04:00:00,4.28,4.18,4.21,3.42,8.66137070279127,4.068925119509791,3.7678347
2018-12-14 04:15:00,4.18,4.25,4.18,3.49,8.44527996833337,4.103952843874928,3.778503
2018-12-14 04:30:00,4.18,4.18,4.21,3.46,8.067256590129265,4.120026317821126,3.8559637
2018-12-14 04:45:00,4.1,4.14,4.21,3.38,7.783543139984591,4.104720851598284,3.7843883
2018-12-14 05:00:00,4.46,4.28,4.18,3.42,8.837366455203455,4.100053341469809,3.7853556
2018-12-14 05:15:00,5.4,4.18,3.67,3.42,8.418709972636034,4.089114430118212,3.774027
2018-12-14 05:30:00,4.5,4.18,3.42,3.74,8.090081192324018,4.099249490947163,3.8136597
2018-12-14 05:45:00,4.18,4.1,3.89,4.07,7.8416593557086465,4.028136149220638,3.8161776
2018-12-14 06:00:00,4.14,4.46,4.32,3.49,8.860299437772877,4.107235952029989,4.1283574
2018-12-14 06:15:00,4.14,5.4,3.46,3.42,8.686375989680545,4.2625917933388875,4.906879
2018-12-14 06:30:00,3.49,4.5,3.38,3.64,7.929131555813118,4.205969680373636,4.0989175
2018-12-14 06:45:00,3.42,4.18,3.38,4.1,7.414712561309987,4.075440765769054,3.8159256
2018-12-14 07:00:00,3.35,4.14,3.42,4.0,8.212373085052459,4.058751117192222,3.7961025
2018-12-14 07:15:00,3.35,4.14,3.42,4.0,7.5842318797026245,4.07009024838781,3.783391
2018-12-14 07:30:00,4.25,3.49,3.71,3.82,6.830535921994393,3.575360717333373,3.7781768
2018-12-14 07:45:00,6.52,3.42,5.69,4.54,7.096653881125032,5.1126080946228125,4.6297126
2018-12-14 08:00:00,7.38,3.35,6.23,4.79,9.005683165432327,6.189516185013293,4.5673513
2018-12-14 08:15:00,36.22,3.35,35.57,47.66,27.659229346514394,42.40190429870979,41.34851
2018-12-14 08:30:00,94.18,4.25,72.86,60.19,39.80591649353827,73.52551838262694,68.32123
2018-12-14 08:45:00,97.88,6.52,61.74,60.19,39.22870154546844,86.09074461676627,75.29069
2018-12-14 09:00:00,134.5,7.38,76.36,53.32,42.715053490314574,84.15943838895215,75.96659
2018-12-14 09:15:00,93.67,36.22,63.11,58.86,54.51572974951236,84.0512388853809,71.47498
2018-12-14 09:30:00,109.26,94.18,65.66,49.5,82.1405811411813,92.01514590078257,96.862
2018-12-14 09:45:00,128.34,97.88,72.07,48.42,83.1683982678454,93.29555854985438,95.760994
2018-12-14 10:00:00,81.47,134.5,56.84,62.78,91.58063352236542,92.98778882420389,93.07732
2018-12-14 10:15:00,109.69,93.67,69.3,48.02,75.65576630715793,94.17598112395137,96.17333
2018-12-14 10:30:00,120.67,109.26,65.66,46.22,82.70829435082464,94.01092063804423,96.7694
2018-12-14 10:45:00,92.81,128.34,85.43,57.46,94.55111101128202,95.86483546923984,99.549934
2018-12-14 11:00:00,91.58,81.47,53.17,48.78,76.93388266554784,87.92437597999523,81.98384
2018-12-14 11:15:00,104.9,109.69,55.4,47.02,80.45096215486423,92.90234685639763,95.56374
2018-12-14 11:30:00,124.2,120.67,60.08,58.0,88.8224406072897,93.84078404527878,94.295044
2018-12-14 11:45:00,88.85,92.81,58.0,51.48,79.45374460352123,92.24142623644238,90.5973
2018-12-14 12:00:00,132.01,91.58,51.3,44.28,68.66306540175236,86.75050395621692,88.777
2018-12-14 12:15:00,13.61,104.9,11.38,26.6,48.24100738745011,12.977995024534087,7.5571127
2018-12-14 12:30:00,9.86,124.2,10.91,12.49,51.7073172787441,10.269191827811559,8.785099
2018-12-14 12:45:00,9.61,88.85,30.1,9.79,41.84893421186559,12.961030181990349,9.081247
2018-12-14 13:00:00,9.43,132.01,36.4,10.76,58.95419547353646,36.59163256393298,21.983604
2018-12-14 13:15:00,86.98,13.61,41.69,44.06,49.90773645728348,61.04179411809332,62.059967
2018-12-14 13:30:00,74.66,9.86,56.92,49.82,61.21032379392183,86.87315875629807,89.96283
2018-12-14 13:45:00,116.42,9.61,46.66,54.36,60.103411147605925,81.6018578114268,93.73468
2018-12-14 14:00:00,107.57,9.43,52.52,55.98,39.19730004064124,79.35360341332317,87.570625
2018-12-14 14:15:00,103.82,86.98,58.25,56.48,74.07664200590467,85.40947902112842,83.024124
2018-12-14 14:30:00,114.73,74.66,72.61,47.41,69.52257177625253,78.75859897913716,75.18494
2018-12-14 14:45:00,84.74,116.42,66.24,47.95,80.59791467206774,88.59405029307378,88.97928
2018-12-14 15:00:00,109.4,107.57,73.08,58.86,69.92790678540409,91.46874801486352,94.5328
2018-12-14 15:15:00,125.21,103.82,60.52,50.08,68.57781899423975,93.33590043655315,94.72889
2018-12-14 15:30:00,89.35,114.73,59.87,51.88,64.77433665125523,94.85638483091047,97.96486
2018-12-14 15:45:00,122.26,84.74,63.5,53.82,61.59622859753949,91.44238330772612,88.83338
2018-12-14 16:00:00,114.66,109.4,60.52,49.9,68.54789582292045,95.09975774369987,94.37225
2018-12-14 16:15:00,96.8,125.21,88.92,57.1,80.90112473528696,95.30573340432747,98.12002
2018-12-14 16:30:00,118.12,89.35,105.37,50.33,72.64435584166375,92.62651867393964,90.20949
2018-12-14 16:45:00,133.2,122.26,102.89,68.54,83.00061771333398,93.0081391438261,94.52553
2018-12-14 17:00:00,102.64,114.66,77.83,60.12,76.67964996142308,95.15885803425634,92.40176
2018-12-14 17:15:00,63.94,96.8,67.18,72.11,81.79472082389168,93.84882920961016,92.01324
2018-12-14 17:30:00,62.64,118.12,70.13,46.33,77.7117122609748,86.81883523838451,89.93682
2018-12-14 17:45:00,37.94,133.2,31.72,34.16,72.90319990939304,65.13166356512711,45.21238
2018-12-14 18:00:00,32.62,102.64,31.5,30.35,60.77039780802279,38.96486387067801,37.59339
2018-12-14 18:15:00,29.63,63.94,54.79,42.48,62.393767347162935,64.95317916638189,50.21089
2018-12-14 18:30:00,26.57,62.64,77.04,52.85,74.1239597870929,68.7255781111184,60.630764
2018-12-14 18:45:00,26.35,37.94,79.63,58.97,67.5662780128616,73.8849770868047,69.76143
2018-12-14 19:00:00,26.32,32.62,80.46,57.17,60.72085879699229,70.99241975669788,65.55604
2018-12-14 19:15:00,26.39,29.63,71.89,44.39,52.936183224813625,64.55391665670855,53.447075
2018-12-14 19:30:00,26.64,26.57,78.52,47.84,48.83108554090793,33.8356362796911,25.631153
2018-12-14 19:45:00,28.44,26.35,52.31,54.07,43.057783137845604,31.59377390015093,25.967834
2018-12-14 20:00:00,30.46,26.32,61.16,43.38,43.037936790180176,29.93422535081664,21.20605
2018-12-14 20:15:00,29.88,26.39,61.6,57.64,37.2623119067647,33.41668949702263,22.730148
2018-12-14 20:30:00,30.06,26.64,49.68,41.72,30.690633813950843,33.048497219272704,23.1524
2018-12-14 20:45:00,31.93,28.44,41.54,31.9,25.513071014325938,40.48072526751689,26.100826
2018-12-14 21:00:00,28.66,30.46,20.16,19.69,19.172851835202817,19.806576244186246,18.846144
2018-12-14 21:15:00,5.76,29.88,6.16,5.62,9.930785518450381,13.854322347068756,6.635347
2018-12-14 21:30:00,5.8,30.06,5.69,5.62,8.809615787872307,11.68648676884682,6.906461
2018-12-14 21:45:00,5.72,31.93,5.69,5.15,9.53033784080868,10.654858306748764,6.6932907
2018-12-14 22:00:00,5.69,28.66,5.65,4.28,10.028393449641815,9.085691473234476,7.3868256
2018-12-14 22:15:00,5.4,5.76,5.47,4.0,16.397490893674323,4.971691273515207,6.187974
2018-12-14 22:30:00,5.33,5.8,5.4,4.07,17.677743683564792,4.932342999336713,6.345057
2018-12-14 22:45:00,5.33,5.72,5.36,4.03,16.871602226952383,4.709507209866915,6.555499
2018-12-14 23:00:00,5.33,5.69,5.36,4.0,13.048218412551392,4.664207064389553,7.7159457
2018-12-14 23:15:00,4.86,5.4,5.26,3.96,4.656448705542228,4.611999803344645,7.4768324
2018-12-14 23:30:00,4.03,5.33,5.22,4.03,4.76032982072638,4.60931382921492,7.2085905
2018-12-14 23:45:00,4.03,5.33,5.18,4.0,4.843603357749149,4.6495627881938795,7.2190557
2018-12-15 00:00:00,3.28,5.33,4.1,3.78,0.839593343506035,7.121272700199419,5.5529385
2018-12-15 00:15:00,4.14,4.86,5.33,4.0,0.9897561962608314,4.6351789748047345,5.6597304
2018-12-15 00:30:00,4.1,4.03,5.29,3.96,0.9160096585441018,4.064998576105398,4.629755
2018-12-15 00:45:00,4.07,4.03,5.26,4.0,0.9941398555066918,4.165168907586928,4.660442
2018-12-15 01:00:00,4.14,3.28,5.29,4.0,2.034211686088579,3.5263179263572244,4.3090463
2018-12-15 01:15:00,4.14,4.14,5.26,5.15,2.5178329782375393,3.7715487352785075,4.510627
2018-12-15 01:30:00,4.14,4.1,5.36,4.79,2.426078924701148,3.7654615823679713,4.338379
2018-12-15 01:45:00,4.14,4.07,5.33,3.96,2.2811380240763235,3.765879332992957,4.500691
2018-12-15 02:00:00,4.1,4.14,4.79,3.96,3.400110724859278,3.887138190209186,4.262653
2018-12-15 02:15:00,4.1,4.14,4.14,4.1,3.2012812871536944,3.9793908856689937,4.383338
2018-12-15 02:30:00,4.21,4.14,4.18,4.0,3.0993209743357504,3.9838958786959235,4.3784637
2018-12-15 02:45:00,4.1,4.14,4.21,4.0,2.975375048918817,3.9814778021178943,4.656612
2018-12-15 03:00:00,4.18,4.1,4.18,4.0,4.152922492097925,3.9679337140461333,4.327483
2018-12-15 03:15:00,4.82,4.1,4.25,3.96,4.084013127658306,3.961700063055167,4.3682036
2018-12-15 03:30:00,5.26,4.21,4.18,3.64,3.918663269633033,3.941061397035619,4.531067
2018-12-15 03:45:00,4.18,4.1,4.14,3.38,3.6676730864375138,3.932738185847652,4.2243066
2018-12-15 04:00:00,4.14,4.18,4.28,3.31,4.825527412401211,3.936534412078939,4.2112417
2018-12-15 04:15:00,4.14,4.82,4.18,3.35,4.921885646160153,4.217329271851186,4.8347416
2018-12-15 04:30:00,3.82,5.26,4.18,3.35,4.822194576285515,4.336772190951535,4.560011
2018-12-15 04:45:00,3.46,4.18,4.1,3.42,4.16054489718714,3.949238682570122,4.194213
2018-12-15 05:00:00,3.49,4.14,4.46,3.49,5.239169220477759,3.9533084759846284,4.229099
2018-12-15 05:15:00,3.42,4.14,5.4,4.0,5.267531242923848,3.911798025467935,4.146268
2018-12-15 05:30:00,3.42,3.82,4.5,3.53,4.40046899955291,3.798623659294315,4.669489
2018-12-15 05:45:00,3.42,3.46,4.18,3.35,3.8467231736796172,3.4358455410973185,4.6122155
2018-12-15 06:00:00,3.38,3.49,4.14,3.38,4.757343325658351,3.4360632911492046,4.6820064
2018-12-15 06:15:00,3.46,3.42,4.14,4.03,4.260646960788645,3.442030227339128,4.585716
2018-12-15 06:30:00,3.42,3.42,3.49,4.03,3.6004145568186665,3.481969937482326,4.6318793
2018-12-15 06:45:00,3.49,3.42,3.42,4.0,3.0493848548520823,3.449356112655631,4.2066774
2018-12-15 07:00:00,4.57,3.38,3.35,3.78,3.782948457666958,3.435470494176675,4.523127
2018-12-15 07:15:00,4.43,3.46,3.35,3.35,3.2437035808167174,3.4539757727566016,4.120785
2018-12-15 07:30:00,4.1,3.42,4.25,3.31,2.8204452201224477,3.54719038696482,4.5629406
2018-12-15 07:45:00,4.07,3.49,6.52,3.53,3.0770013305244923,4.383113255821835,5.633043
2018-12-15 08:00:00,3.64,4.57,7.38,3.67,5.640283605884132,7.339794886680957,5.971885
2018-12-15 08:15:00,3.35,4.43,36.22,29.23,20.682991654050873,34.40442022604641,33.678207
2018-12-15 08:30:00,3.35,4.1,94.18,38.16,37.04682457210865,33.765388930628205,59.623684
2018-12-15 08:45:00,3.38,4.07,97.88,33.08,36.220546959790994,42.57375085222553,51.883472
2018-12-15 09:00:00,3.49,3.64,134.5,51.52,48.793088266882265,33.592989377764916,49.82308
2018-12-15 09:15:00,3.56,3.35,93.67,47.77,38.996979187718686,4.185672692582747,19.414335
2018-12-15 09:30:00,3.38,3.35,109.26,42.05,40.25319895437724,4.012296058994024,12.965012
2018-12-15 09:45:00,3.42,3.38,128.34,32.4,41.49538685653301,62.01850315432386,21.353294
2018-12-15 10:00:00,3.35,3.49,81.47,31.43,31.984802864015776,45.58745881843146,19.640606
2018-12-15 10:15:00,3.35,3.56,109.69,31.57,36.1330512114622,47.78951258333987,15.382751
2018-12-15 10:30:00,3.35,3.38,120.67,31.43,38.14076330992067,55.23339388463657,21.490746
2018-12-15 10:45:00,4.97,3.42,92.81,47.66,35.720000662950596,4.0277509280094534,17.093897
2018-12-15 11:00:00,5.36,3.35,91.58,49.28,35.04776907496368,4.035467119470693,15.554108
2018-12-15 11:15:00,4.28,3.35,104.9,38.16,33.44597410722954,4.031482296180855,12.914208
2018-12-15 11:30:00,4.18,3.35,124.2,44.14,38.45548055446346,4.032522545099289,14.9768715
2018-12-15 11:45:00,3.35,4.97,88.85,38.27,33.00204707326557,35.82108350247004,18.335455
2018-12-15 12:00:00,3.38,5.36,132.01,22.46,36.54324763184421,63.067359993435055,15.776913
2018-12-15 12:15:00,3.42,4.28,13.61,3.92,0.15181372938176807,20.205989030884624,5.767037
2018-12-15 12:30:00,3.42,4.18,9.86,4.57,-1.2005643802967718,19.462471814227488,4.2652307
2018-12-15 12:45:00,3.42,3.35,9.61,5.36,-0.34728389822203454,20.659532628358896,5.073052
2018-12-15 13:00:00,3.38,3.38,9.43,6.08,0.46309097828189394,20.086330336482114,7.833028
2018-12-15 13:15:00,3.31,3.42,86.98,34.09,22.695382793295874,18.583226606571746,11.035511
2018-12-15 13:30:00,3.35,3.42,74.66,55.69,26.90153924935528,3.997522558736663,12.817302
2018-12-15 13:45:00,3.38,3.42,116.42,40.61,32.350670149128106,4.014915135635755,15.938157
2018-12-15 14:00:00,3.31,3.38,107.57,50.51,32.7801792476495,4.040982554954754,16.086311
2018-12-15 14:15:00,3.82,3.31,103.82,37.98,30.523578942307445,3.9691789475079062,15.166808
2018-12-15 14:30:00,4.1,3.35,114.73,48.89,32.25409449398058,4.006434465674292,14.913289
2018-12-15 14:45:00,4.07,3.38,84.74,37.73,23.23335332522692,3.9960989383517034,15.29229
2018-12-15 15:00:00,4.21,3.31,109.4,40.03,30.08411979992559,3.957258887894508,16.151878
2018-12-15 15:15:00,3.74,3.82,125.21,43.67,33.00113332497396,3.950590400734127,4.611589
2018-12-15 15:30:00,3.74,4.1,89.35,46.15,25.724369332610323,4.146862653578198,7.8554907
2018-12-15 15:45:00,3.96,4.07,122.26,49.68,32.082675111717535,4.24352629148424,3.78831
2018-12-15 16:00:00,3.28,4.21,114.66,49.32,30.449537496801206,4.465749682232978,5.94473
2018-12-15 16:15:00,3.35,3.74,96.8,49.46,27.722082521021616,4.261957819875719,5.2204022
2018-12-15 16:30:00,3.28,3.74,118.12,49.54,32.68826669929845,4.2888669627528655,5.598808
2018-12-15 16:45:00,3.24,3.96,133.2,34.63,32.56728110788481,4.382399694059333,6.319045
2018-12-15 17:00:00,3.28,3.28,102.64,27.0,23.93636000729972,3.4842637365055658,6.7338023
2018-12-15 17:15:00,3.28,3.35,63.94,9.9,14.200693801768372,3.409180024190079,6.4457765
2018-12-15 17:30:00,3.35,3.28,62.64,5.22,11.681405677380031,3.4358947020716557,4.5049243
2018-12-15 17:45:00,4.18,3.24,37.94,5.29,1.2291447272468936,3.5807070789363333,3.9174907
2018-12-15 18:00:00,4.1,3.28,32.62,5.22,-0.7576272236560762,3.5863332597673607,3.943885
2018-12-15 18:15:00,4.1,3.28,29.63,5.18,2.030841136835466,3.5971479591635847,3.964262
2018-12-15 18:30:00,4.1,3.35,26.57,5.15,6.098210184793718,3.5733390368051823,4.1217446
2018-12-15 18:45:00,4.03,4.18,26.35,5.33,7.792136566467978,3.4633044972415714,4.2136197
2018-12-15 19:00:00,4.28,4.1,26.32,5.15,8.516212780692033,3.4688329275486764,4.4253454
2018-12-15 19:15:00,3.49,4.1,26.39,4.1,7.775828475638189,3.5266241304153665,4.435833
2018-12-15 19:30:00,3.38,4.1,26.64,4.14,7.155026746784966,3.929486307631729,4.0739923
2018-12-15 19:45:00,3.35,4.03,28.44,4.1,5.2055806229439305,4.050951350957134,4.548668
2018-12-15 20:00:00,3.38,4.28,30.46,4.14,8.052645936448439,4.047912934880827,4.583739
2018-12-15 20:15:00,3.46,3.49,29.88,4.1,8.075226061311017,3.4716329279849174,5.6690307
2018-12-15 20:30:00,3.42,3.38,30.06,4.03,6.453293383004013,3.4016710956958254,3.9578302
2018-12-15 20:45:00,3.35,3.35,31.93,4.14,3.457703656134367,3.3893542855126184,3.8705034
2018-12-15 21:00:00,3.38,3.38,28.66,4.1,0.4033674027250207,3.4922047877261932,3.993923
2018-12-15 21:15:00,3.96,3.46,5.76,4.14,-8.241557692420155,3.54956745898957,3.9984698
2018-12-15 21:30:00,4.28,3.42,5.8,4.1,-9.216994695894765,3.5150787573245816,4.0037904
2018-12-15 21:45:00,4.25,3.35,5.72,4.14,-9.200158658998635,3.5095728773697585,4.0159726
2018-12-15 22:00:00,4.18,3.38,5.69,4.1,-7.339476922850441,3.515303743645682,3.993877
2018-12-15 22:15:00,3.74,3.96,5.4,3.82,-7.109224961875459,3.489209825384728,3.7406845
2018-12-15 22:30:00,3.31,4.28,5.33,3.89,-6.892340990501591,3.4606199250721277,3.8370357
2018-12-15 22:45:00,4.07,4.25,5.33,5.0,-6.743841217697348,3.519426715503309,3.925547
2018-12-15 23:00:00,3.56,4.18,5.33,4.75,-5.559281343412348,3.770135043589283,4.074676
2018-12-15 23:15:00,3.17,3.74,4.86,3.82,-5.792940171674449,3.7257791408207095,3.8817384
2018-12-15 23:30:00,3.24,3.31,4.03,3.71,-5.878001348188352,3.3752875270876608,3.7054706
2018-12-15 23:45:00,3.2,4.07,4.03,3.82,-5.53312997700721,3.6836554503745274,3.9652154
2018-12-16 00:00:00,4.21,3.56,3.28,3.17,-5.304236802681668,3.532848484099701,4.658198
2018-12-16 00:15:00,3.24,3.17,4.14,3.74,-5.332366967341816,3.36175531128634,3.138431
2018-12-16 00:30:00,3.28,3.24,4.1,3.74,-5.310977172154825,3.351385768522144,3.1393938
2018-12-16 00:45:00,3.28,3.2,4.07,3.82,-5.322465525258888,3.3407779915091487,3.1430163
2018-12-16 01:00:00,3.85,4.21,4.14,3.85,-3.5299317962129955,3.4046738393023523,3.2156167
2018-12-16 01:15:00,4.18,3.24,4.14,3.78,-3.8136723485356008,3.363210846273343,3.1501913
2018-12-16 01:30:00,4.07,3.28,4.14,3.82,-3.7433844117509842,3.347100350009794,3.1651278
2018-12-16 01:45:00,4.07,3.28,4.14,3.78,-3.710688368901838,3.3549647227894366,3.1738462
2018-12-16 02:00:00,3.92,3.85,4.1,3.78,-2.135936311857531,3.4275779564367537,3.315282
2018-12-16 02:15:00,3.28,4.18,4.1,3.17,-2.3315325818852166,3.382742470954387,3.282605
2018-12-16 02:30:00,3.42,4.07,4.21,3.13,-2.479090943100413,3.4410564009117457,3.3160279
2018-12-16 02:45:00,3.53,4.07,4.1,3.35,-2.7057139435013333,3.6427087436200063,3.5440755
2018-12-16 03:00:00,4.14,3.92,4.18,3.67,-1.4910509367230738,3.808693322360758,3.4927082
2018-12-16 03:15:00,3.56,3.28,4.82,3.02,-1.603163329438086,3.2148933206240295,3.1932678
2018-12-16 03:30:00,3.35,3.42,5.26,3.13,-1.585665582424621,3.2816794109135694,3.215006
2018-12-16 03:45:00,3.38,3.53,4.18,3.06,-1.9759597333237657,3.35023647486293,3.2731676
2018-12-16 04:00:00,3.42,4.14,4.14,3.06,-0.6233269695125934,3.5648903436480093,3.285431
2018-12-16 04:15:00,3.42,3.56,4.14,3.06,-1.103214786491403,3.3625450240749526,3.2309241
2018-12-16 04:30:00,3.42,3.35,3.82,3.2,-1.5133321089501983,3.2697553117322493,3.1832867
2018-12-16 04:45:00,3.38,3.38,3.46,3.78,-1.7429431118980467,3.3418955111657094,3.2518497
2018-12-16 05:00:00,4.07,3.42,3.49,3.78,-0.7811279390157075,3.418151571660454,3.1970181
2018-12-16 05:15:00,4.14,3.42,3.42,3.74,-1.101254908151457,3.43600675497652,3.2849572
2018-12-16 05:30:00,4.07,3.42,3.42,3.74,-1.559231059132923,3.4410696652395685,3.3195598
2018-12-16 05:45:00,4.07,3.38,3.42,3.13,-2.0458985740574143,3.4403971748378352,3.282325
2018-12-16 06:00:00,3.53,4.07,3.38,3.74,-0.6846889008611505,3.4504289773029706,3.277221
2018-12-16 06:15:00,3.31,4.14,3.46,3.56,-1.2197254942867524,3.4616146107824375,3.2167897
2018-12-16 06:30:00,3.35,4.07,3.42,3.1,-1.8829121338746226,3.469543116906062,3.190332
2018-12-16 06:45:00,3.64,4.07,3.49,2.95,-2.5688091095339978,3.6958218371245253,3.6942048
2018-12-16 07:00:00,4.07,3.53,4.57,3.06,-1.524821881920726,3.385688246945399,3.2899857
2018-12-16 07:15:00,3.38,3.31,4.43,3.02,-2.0653254314730454,3.228427913775206,3.2587929
2018-12-16 07:30:00,3.28,3.35,4.1,2.95,-2.6760291818487865,3.2728552917195746,3.1931715
2018-12-16 07:45:00,3.89,3.64,4.07,3.02,-2.7377285651006638,3.6454093024498424,3.8745937
2018-12-16 08:00:00,3.96,4.07,3.64,2.99,-0.6932051567360809,5.8114874771176055,3.3790715
2018-12-16 08:15:00,39.35,3.38,3.35,3.13,7.940171125631803,11.525642502304931,9.6839695
2018-12-16 08:30:00,63.54,3.28,3.35,3.74,17.533757668862528,8.788823620297013,11.716161
2018-12-16 08:45:00,65.02,3.89,3.38,3.82,17.13169167187727,8.675655596515238,11.540738
2018-12-16 09:00:00,63.79,3.96,3.49,3.96,22.803036531903885,8.935308863780714,11.543109
2018-12-16 09:15:00,61.7,39.35,3.56,4.03,35.46224316757387,46.386024646481516,41.866463
2018-12-16 09:30:00,64.8,63.54,3.38,3.35,47.63530778479637,60.686888736978496,52.79673
2018-12-16 09:45:00,51.16,65.02,3.42,3.31,47.74749212853315,62.33974268388806,53.118027
2018-12-16 10:00:00,55.01,63.79,3.35,3.89,35.895096749534666,52.39922217864392,47.119495
2018-12-16 10:15:00,61.81,61.7,3.35,4.03,41.54626461961343,46.990327612830534,50.39138
2018-12-16 10:30:00,72.18,64.8,3.35,3.31,44.929165910949585,55.69380483265818,51.522438
2018-12-16 10:45:00,54.86,51.16,4.97,3.35,42.55064009577755,45.19244011018932,43.394382
2018-12-16 11:00:00,66.78,55.01,5.36,3.42,42.4850994087414,45.42924412836884,47.950237
2018-12-16 11:15:00,69.95,61.81,4.28,3.35,43.23025209189653,48.716390841998894,47.282967
2018-12-16 11:30:00,53.35,72.18,4.18,3.31,50.032818979826914,64.0563367077773,57.07588
2018-12-16 11:45:00,55.51,54.86,3.35,3.38,42.451708811638994,43.70051556031027,47.870266
2018-12-16 12:00:00,11.81,66.78,3.38,3.89,45.88901887448958,55.35548274011091,46.61014
2018-12-16 12:15:00,5.65,69.95,3.42,4.18,19.137776201200772,8.703763635245421,5.8550215
2018-12-16 12:30:00,5.54,53.35,3.42,4.1,14.4118168152684,8.488384265578333,5.941145
2018-12-16 12:45:00,5.44,55.51,3.42,4.1,15.408103711049646,11.087982251999547,5.6705427
2018-12-16 13:00:00,5.33,11.81,3.38,3.6,11.580382763546005,26.8093406222034,9.040824
2018-12-16 13:15:00,36.47,5.65,3.31,3.42,20.606368598763513,50.190217177419306,27.1724
2018-12-16 13:30:00,63.72,5.54,3.35,3.42,22.25590782505843,49.48564415605556,33.18126
2018-12-16 13:45:00,64.8,5.44,3.38,3.35,16.01554151245115,47.182709399485574,36.144497
2018-12-16 14:00:00,61.85,5.33,3.31,3.92,12.334157039852647,19.15180694474728,21.099575
2018-12-16 14:15:00,57.89,36.47,3.82,3.78,29.341237751871816,42.38918604267293,42.460888
2018-12-16 14:30:00,54.36,63.72,4.1,3.42,42.28677740379047,59.12646228204778,53.62728
2018-12-16 14:45:00,47.38,64.8,4.07,3.38,38.39979267346901,62.41789382015281,51.77383
2018-12-16 15:00:00,43.49,61.85,4.21,3.46,34.041715775723716,51.7568634286165,50.17252
2018-12-16 15:15:00,45.4,57.89,3.74,3.42,29.501664020669985,43.11487841109487,48.64598
2018-12-16 15:30:00,60.55,54.36,3.74,3.53,27.90927932083165,43.517253575768784,46.13395
2018-12-16 15:45:00,48.42,47.38,3.96,4.07,28.623901802570646,42.26245442913038,42.85649
2018-12-16 16:00:00,63.22,43.49,3.28,4.03,27.22870019112016,39.81278943066974,42.850338
2018-12-16 16:15:00,62.64,45.4,3.35,4.14,27.83394849001876,39.302994656779994,43.286877
2018-12-16 16:30:00,66.02,60.55,3.28,4.0,36.66653826183714,45.205126399284175,50.552654
2018-12-16 16:45:00,35.42,48.42,3.24,3.31,32.56359726550965,39.80607729721307,44.994934
2018-12-16 17:00:00,9.11,63.22,3.28,3.35,33.701194428558104,31.515071095953985,24.423594
2018-12-16 17:15:00,8.06,62.64,3.28,3.49,38.036507610608695,22.964673661445616,15.45283
2018-12-16 17:30:00,7.74,66.02,3.35,4.1,39.196471098717005,28.475678821852476,13.164905
2018-12-16 17:45:00,7.85,35.42,4.18,3.64,23.240036922814486,21.68793357532227,5.4789762
2018-12-16 18:00:00,6.73,9.11,4.1,3.24,19.82912608832691,5.223712517551272,5.361096
2018-12-16 18:15:00,5.22,8.06,4.1,3.28,24.33892349393042,5.347097653221958,3.606154
2018-12-16 18:30:00,5.69,7.74,4.1,3.31,23.153274199442578,5.542272901008513,3.0411787
2018-12-16 18:45:00,5.72,7.85,4.03,3.42,16.993556350839786,5.6738553239355065,6.810475
2018-12-16 19:00:00,5.69,6.73,4.28,3.64,15.95337240647758,5.522517903720121,4.1228766
2018-12-16 19:15:00,5.72,5.22,3.49,4.07,15.059245438713013,4.483547995823858,4.6744504
2018-12-16 19:30:00,5.44,5.69,3.38,4.03,14.8831086794935,4.5466811346637614,4.6920857
2018-12-16 19:45:00,4.46,5.72,3.35,4.03,11.995231816931408,4.534009122087032,4.4630227
2018-12-16 20:00:00,4.5,5.69,3.38,4.0,14.475298701004661,4.491689873824679,5.181313
2018-12-16 20:15:00,4.46,5.72,3.46,3.31,5.9857063603740635,4.592881065889133,4.7906146
2018-12-16 20:30:00,4.5,5.44,3.42,3.31,4.141080778043271,4.474372269286141,4.7875457
2018-12-16 20:45:00,4.54,4.46,3.35,3.35,0.7262269478677688,4.063981826334348,4.2529316
2018-12-16 21:00:00,4.46,4.5,3.38,3.35,-2.080025510713302,4.104723445150977,3.987282
2018-12-16 21:15:00,4.5,4.46,3.96,3.67,-8.094108973091526,4.068344230751561,3.941515
2018-12-16 21:30:00,4.5,4.5,4.28,4.14,-9.038950400768318,4.216504210867466,4.4099393
2018-12-16 21:45:00,4.57,4.54,4.25,3.38,-9.067383261823355,4.239656931376767,4.431973
2018-12-16 22:00:00,4.57,4.46,4.18,3.28,-7.728284119021669,4.142260213412991,4.396235
2018-12-16 22:15:00,4.25,4.5,3.74,3.13,0.7279255559678113,4.150139255714533,3.944267
2018-12-16 22:30:00,4.25,4.5,3.31,3.17,0.759561348366919,4.137518009825199,4.107231
2018-12-16 22:45:00,4.18,4.57,4.07,3.78,0.9451500561064954,4.2568086382811545,4.2747717
2018-12-16 23:00:00,5.44,4.57,3.56,3.78,2.2782110480003652,4.240823096669129,4.057396
2018-12-16 23:15:00,4.82,4.25,3.17,3.74,-4.770596133468988,3.9340115757657586,3.7832792
2018-12-16 23:30:00,4.14,4.25,3.24,3.74,-4.699838814076674,3.920731299348626,3.7579157
2018-12-16 23:45:00,4.18,4.18,3.2,3.46,-4.662161494259362,3.906446455379461,3.7394922
2018-12-17 00:00:00,4.57,5.44,4.21,5.36,8.39651870734713,11.246848205937948,6.638774
2018-12-17 00:15:00,4.25,4.82,3.24,3.06,7.784229487894347,4.302123624941469,3.9855616
2018-12-17 00:30:00,4.18,4.14,3.28,3.02,7.592197306691563,3.9148861086795903,3.7207031
2018-12-17 00:45:00,4.21,4.18,3.28,3.31,7.7454435753727005,3.9293377418879696,4.254206
2018-12-17 01:00:00,4.21,4.57,3.85,3.85,9.294032445038187,4.29091757203195,4.397856
2018-12-17 01:15:00,4.21,4.25,4.18,3.42,9.192601527398967,3.9654202005267196,3.9191754
2018-12-17 01:30:00,4.36,4.18,4.07,3.1,9.116821431878979,3.9418597076827653,3.8736866
2018-12-17 01:45:00,4.28,4.21,4.07,3.1,9.171774552393355,3.94728046595651,3.9271393
2018-12-17 02:00:00,4.28,4.21,3.92,3.17,10.523583108410275,3.9703324767135313,3.927597
2018-12-17 02:15:00,4.28,4.21,3.28,3.31,10.229305030176004,3.9531011656770336,3.9760175
2018-12-17 02:30:00,3.71,4.36,3.42,3.82,10.275701705711558,4.02225201895527,3.9055164
2018-12-17 02:45:00,4.32,4.28,3.53,3.78,10.153293396668278,3.999839044411862,3.912697
2018-12-17 03:00:00,3.82,4.28,4.14,3.82,11.425085843467262,4.040014193359757,3.9499385
2018-12-17 03:15:00,3.53,4.28,3.56,3.74,11.266047504767467,4.03146218677283,3.979428
2018-12-17 03:30:00,3.53,3.71,3.35,3.1,11.015763319433493,3.6759385802286815,3.5999486
2018-12-17 03:45:00,3.53,4.32,3.38,3.2,10.977479989733002,3.8539912695325316,3.7316186
2018-12-17 04:00:00,3.6,3.82,3.42,3.1,11.943300842714255,3.6787782424595368,3.6179492
2018-12-17 04:15:00,3.53,3.53,3.42,3.13,11.649926206476785,3.41356406879741,3.5209422
2018-12-17 04:30:00,3.53,3.53,3.42,3.17,11.319197971225346,3.382741194772573,3.4154935
2018-12-17 04:45:00,4.1,3.53,3.38,3.49,11.000690049203978,3.465186800391777,3.5154884
2018-12-17 05:00:00,4.25,3.6,4.07,3.74,12.110085033457088,3.5910316852574975,3.571775
2018-12-17 05:15:00,4.28,3.53,4.14,3.13,11.761154264237437,3.50441720980425,3.5310948
2018-12-17 05:30:00,4.25,3.53,4.07,3.1,11.294640485365822,3.4614634126765056,3.5479047
2018-12-17 05:45:00,3.64,4.1,4.07,3.82,11.26130057076217,3.546456748941611,3.4670653
2018-12-17 06:00:00,3.49,4.25,3.53,3.82,12.235456290170147,3.601221280501305,3.569934
2018-12-17 06:15:00,3.46,4.28,3.31,3.85,11.635486683096712,3.6281247549441242,3.6149356
2018-12-17 06:30:00,4.32,4.25,3.35,3.82,10.923199043245265,3.822058731521722,3.7695591
2018-12-17 06:45:00,3.6,3.64,3.64,3.46,10.322295034054502,3.6834064334561747,3.5516212
2018-12-17 07:00:00,3.42,3.49,4.07,3.06,11.282271043796658,3.3212329587989338,3.514362
2018-12-17 07:15:00,3.49,3.46,3.38,3.13,10.657034759271095,3.3180605260201266,3.520372
2018-12-17 07:30:00,4.36,4.32,3.28,3.56,10.44189635285284,3.938951856292695,3.8780022
2018-12-17 07:45:00,6.19,3.6,3.89,5.87,10.525850022330363,5.133488934188544,5.9747405
2018-12-17 08:00:00,6.3,3.42,3.96,6.8,12.592968739721499,5.833881447131867,6.346541
2018-12-17 08:15:00,6.48,3.49,39.35,33.48,29.69761312841156,35.31134150894281,32.861736
2018-12-17 08:30:00,53.35,4.36,63.54,61.06,47.22246842283623,62.791770436535394,64.73159
2018-12-17 08:45:00,46.94,6.19,65.02,58.36,47.34923873126266,70.00645221198036,69.3627
2018-12-17 09:00:00,52.06,6.3,63.79,68.62,54.79008416559998,71.67092645432426,73.57076
2018-12-17 09:15:00,54.83,6.48,61.7,69.23,47.82054106705937,70.23331581710838,65.679474
2018-12-17 09:30:00,56.12,53.35,64.8,70.78,74.06719370754293,63.28152202779078,63.882137
2018-12-17 09:45:00,58.0,46.94,51.16,61.74,70.24848572371053,58.09612095357719,60.439587
2018-12-17 10:00:00,50.08,52.06,55.01,72.0,67.3805729981735,57.96434479366906,59.025215
2018-12-17 10:15:00,46.04,54.83,61.81,56.2,67.36810148811799,58.600635884427064,57.266476
2018-12-17 10:30:00,49.54,56.12,72.18,56.02,73.22858770039574,59.424967645506186,58.609303
2018-12-17 10:45:00,54.14,58.0,54.86,63.9,69.67238044530853,59.84363640844266,57.080597
2018-12-17 11:00:00,53.78,50.08,66.78,68.47,68.83886310613144,56.93382648050637,57.72626
2018-12-17 11:15:00,52.67,46.04,69.95,61.56,67.50249835198599,56.8485373753217,57.43722
2018-12-17 11:30:00,55.84,49.54,53.35,70.31,69.83106543401968,57.03188606431123,57.38074
2018-12-17 11:45:00,49.64,54.14,55.51,62.42,67.95438718033299,58.78707867896724,58.013496
2018-12-17 12:00:00,54.5,53.78,11.81,44.75,61.98769871263384,58.142151109113414,54.825554
2018-12-17 12:15:00,11.12,52.67,5.65,9.11,23.712425974160276,11.918390242419001,7.9144526
2018-12-17 12:30:00,7.06,55.84,5.54,10.33,24.036874753008203,11.792174569713113,7.6134863
2018-12-17 12:45:00,7.13,49.64,5.44,11.45,24.404240662821312,12.072246650592438,7.8545256
2018-12-17 13:00:00,8.21,54.5,5.33,11.09,27.196249288911403,23.44588580424446,9.863916
2018-12-17 13:15:00,33.26,11.12,36.47,42.66,40.54841847049585,50.006983979174834,45.027016
2018-12-17 13:30:00,56.99,7.06,63.72,72.9,52.16397586703019,58.04244257190505,61.3944
2018-12-17 13:45:00,56.59,7.13,64.8,71.03,54.87180273405508,59.60041097948678,59.49377
2018-12-17 14:00:00,55.08,8.21,61.85,67.32,45.24094619118148,59.030663854209436,62.89402
2018-12-17 14:15:00,51.05,33.26,57.89,64.22,54.679968271417025,58.98029611352601,56.704357
2018-12-17 14:30:00,47.95,56.99,54.36,69.91,66.15244692886773,60.45220580629565,57.72415
2018-12-17 14:45:00,57.82,56.59,47.38,51.23,57.28173061449783,59.88082282574415,58.647495
2018-12-17 15:00:00,59.11,55.08,43.49,58.39,55.86328307750372,58.926233342991026,54.74458
2018-12-17 15:15:00,60.62,51.05,45.4,69.62,54.215307794452556,56.445335737900216,52.55213
2018-12-17 15:30:00,53.6,47.95,60.55,66.71,52.74926170080623,56.289067708450446,53.511448
2018-12-17 15:45:00,60.44,57.82,48.42,65.99,57.20371528865343,59.670345831782896,55.909885
2018-12-17 16:00:00,67.5,59.11,63.22,64.98,59.207230451338845,60.49922828416494,58.047962
2018-12-17 16:15:00,85.86,60.62,62.64,64.55,59.431429219459716,61.795098403747204,59.340458
2018-12-17 16:30:00,82.33,53.6,66.02,63.72,59.09011985413197,59.06407997334889,58.523113
2018-12-17 16:45:00,59.8,60.44,35.42,66.53,60.02002914368347,62.12409756094935,64.84532
2018-12-17 17:00:00,60.37,67.5,9.11,62.57,56.592873859567135,62.689713070185704,60.047916
2018-12-17 17:15:00,56.38,85.86,8.06,63.72,70.26550589284108,76.51505282836784,76.67763
2018-12-17 17:30:00,52.99,82.33,7.74,58.64,65.3447858354952,76.57024069406954,71.21364
2018-12-17 17:45:00,35.35,59.8,7.85,60.12,49.877211091364686,36.94735927711488,35.64864
2018-12-17 18:00:00,31.32,60.37,6.73,24.73,43.576615424382226,31.787918444837373,32.927822
2018-12-17 18:15:00,16.09,56.38,5.22,5.47,43.62851974736994,34.0088417976962,39.588985
2018-12-17 18:30:00,6.37,52.99,5.69,4.5,42.98836586481812,36.2743979780034,47.609127
2018-12-17 18:45:00,5.8,35.35,5.72,4.46,41.00113998817051,37.19845576023161,48.39886
2018-12-17 19:00:00,5.54,31.32,5.69,4.46,41.628611819133994,40.322382075825914,46.96925
2018-12-17 19:15:00,5.54,16.09,5.72,4.75,37.63109168890163,12.443037982845517,16.944838
2018-12-17 19:30:00,5.62,6.37,5.44,5.69,33.94643078971396,5.277539700302297,8.960897
2018-12-17 19:45:00,5.54,5.8,4.46,5.62,29.658524456191135,4.986235989421389,7.005275
2018-12-17 20:00:00,5.62,5.54,4.5,4.46,29.117746149678137,4.7085290700724025,5.9696755
2018-12-17 20:15:00,5.54,5.54,4.46,4.46,17.93011460298826,4.544611737464914,6.04442
2018-12-17 20:30:00,4.75,5.62,4.5,4.5,15.435172713956746,4.530299713058065,5.60007
2018-12-17 20:45:00,4.46,5.54,4.54,4.43,12.048869703310984,4.5921762111819096,6.374055
2018-12-17 21:00:00,4.46,5.62,4.46,4.46,9.127410736133012,4.559562339727218,4.921329
2018-12-17 21:15:00,4.43,5.54,4.5,4.5,2.596550301317091,4.559557027372218,4.6890316
2018-12-17 21:30:00,4.43,4.75,4.5,4.57,1.6797699220919604,4.459883995606051,5.788694
2018-12-17 21:45:00,4.46,4.46,4.57,4.54,1.749223087199855,4.1305299644655955,4.9152007
2018-12-17 22:00:00,4.46,4.46,4.57,4.46,3.1057075966481413,4.11880969727401,4.9072895
2018-12-17 22:15:00,4.14,4.43,4.25,4.28,11.417522541874543,4.142540141155634,4.858085
2018-12-17 22:30:00,4.18,4.43,4.25,4.25,11.413349613571206,4.216099667034815,5.3356433
2018-12-17 22:45:00,4.21,4.46,4.18,4.32,11.3935119274906,4.204642122181295,4.915652
2018-12-17 23:00:00,4.18,4.46,5.44,4.18,12.999403494401264,4.229678918376069,5.298935
2018-12-17 23:15:00,4.14,4.14,4.82,4.18,5.90213585904193,4.033128709849366,4.2910066
2018-12-17 23:30:00,4.07,4.18,4.14,4.21,5.854450867304482,3.9947307272112007,4.31362
2018-12-17 23:45:00,4.07,4.21,4.18,4.28,5.971872874775055,3.9868908936487513,4.2962184
2018-12-18 00:00:00,4.14,4.18,4.57,4.18,4.397553850248475,7.794555737999026,4.8011746
2018-12-18 00:15:00,5.22,4.14,4.25,4.86,4.5871070442106365,4.024369182273521,4.426658
2018-12-18 00:30:00,4.68,4.07,4.18,4.21,4.489401288837225,4.009123639849586,4.4211397
2018-12-18 00:45:00,4.14,4.07,4.21,4.18,4.553046830856406,4.011697225119781,4.444717
2018-12-18 01:00:00,4.1,4.14,4.21,4.21,5.895899574206222,4.010792607191482,3.9862764
2018-12-18 01:15:00,4.18,5.22,4.21,4.32,6.51886253811757,4.218631059622379,4.833375
2018-12-18 01:30:00,4.07,4.68,4.36,4.25,6.367297954988242,4.162682643622715,5.488055
2018-12-18 01:45:00,4.18,4.14,4.28,4.18,6.196252027459575,3.9542536648669215,3.9217627
2018-12-18 02:00:00,4.1,4.1,4.28,4.21,7.605817091893481,3.9642225534156825,3.8401453
2018-12-18 02:15:00,4.18,4.18,4.28,4.28,7.4348424343882975,4.008759998657205,4.3944764
2018-12-18 02:30:00,4.14,4.07,3.71,4.25,7.101118787807902,4.004018752895958,4.4086933
2018-12-18 02:45:00,4.21,4.18,4.32,4.21,7.06814233232026,4.01768479427825,4.022658
2018-12-18 03:00:00,4.18,4.1,3.82,3.56,8.07377942713467,3.9774610984370353,3.9546874
2018-12-18 03:15:00,3.6,4.18,3.53,3.56,8.029070249117577,3.9776561515724786,3.943296
2018-12-18 03:30:00,3.42,4.14,3.53,3.53,7.913016427574323,3.9764318456418377,3.9319537
2018-12-18 03:45:00,3.42,4.21,3.53,3.53,7.669590449710771,3.9834877276902034,3.8875487
2018-12-18 04:00:00,3.38,4.18,3.6,3.85,8.805591347670475,3.9966165873039174,3.9311593
2018-12-18 04:15:00,3.42,3.6,3.53,4.18,8.572637166368683,3.68929820647854,3.7149384
2018-12-18 04:30:00,3.71,3.42,3.53,3.49,8.15790320160232,3.3910793621828472,3.4955513
2018-12-18 04:45:00,4.18,3.42,4.1,3.56,7.957433872099745,3.410412186185804,3.5253057
2018-12-18 05:00:00,3.53,3.38,4.25,3.56,8.828221643701173,3.553478599001825,3.5981975
2018-12-18 05:15:00,3.46,3.42,4.28,3.74,8.571302836503346,3.634578824468303,3.6801538
2018-12-18 05:30:00,3.38,3.71,4.25,4.18,8.319381377566042,3.5134857706073177,3.5780125
2018-12-18 05:45:00,4.03,4.18,3.64,4.25,8.066089142528273,3.523671428042769,3.4900055
2018-12-18 06:00:00,4.14,3.53,3.49,4.28,8.775106977071243,3.4912798425707896,3.7145088
2018-12-18 06:15:00,3.6,3.46,3.46,3.56,8.053521581983016,3.3945832420028443,3.5314238
2018-12-18 06:30:00,3.38,3.38,4.32,3.53,7.674500082851782,3.355906227243715,3.5271375
2018-12-18 06:45:00,3.35,4.03,3.6,3.6,7.225923835669878,3.7859415444832045,3.8432071
2018-12-18 07:00:00,3.31,4.14,3.42,3.49,8.17697451355686,3.58010681137988,3.5212796
2018-12-18 07:15:00,3.28,3.6,3.49,4.1,7.547231496821116,3.5180082958705574,3.6093824
2018-12-18 07:30:00,3.42,3.38,4.36,4.07,7.02860977273809,3.5209343787370413,3.973623
2018-12-18 07:45:00,5.58,3.35,6.19,4.86,7.255226121394333,5.1415564619478475,4.6947165
2018-12-18 08:00:00,7.27,3.31,6.3,14.83,10.58130565582675,5.877981059912951,6.505541
2018-12-18 08:15:00,38.38,3.28,6.48,44.21,24.108925391434692,20.8939054261047,34.286667
2018-12-18 08:30:00,72.86,3.42,53.35,54.04,39.43775996751341,54.76816110180041,54.8892
2018-12-18 08:45:00,66.42,5.58,46.94,61.74,40.62163701934956,69.75503599624527,69.33332
2018-12-18 09:00:00,81.4,7.27,52.06,69.48,49.02375581589652,70.59750726307315,71.55069
2018-12-18 09:15:00,66.28,38.38,54.83,75.38,59.75410170402408,68.68699388783779,65.31161
2018-12-18 09:30:00,78.3,72.86,56.12,71.82,77.35159755579839,78.04179773808463,72.23861
2018-12-18 09:45:00,77.72,66.42,58.0,71.24,75.38045799034,65.04078028061011,63.522972
2018-12-18 10:00:00,74.59,81.4,50.08,54.86,65.02034630140855,74.93989484077672,75.696434
2018-12-18 10:15:00,63.04,66.28,46.04,66.13,68.99410474525074,65.59287759449863,64.61415
2018-12-18 10:30:00,58.68,78.3,49.54,73.08,78.01970157979154,70.58022058568977,72.91001
2018-12-18 10:45:00,62.96,77.72,54.14,77.51,75.75008607913573,71.07202807191916,71.93352
2018-12-18 11:00:00,68.36,74.59,53.78,72.54,72.8946174094417,70.73715922761085,71.43677
2018-12-18 11:15:00,60.05,63.04,52.67,63.83,67.39362201792649,65.76048945315836,67.15537
2018-12-18 11:30:00,58.82,58.68,55.84,67.07,70.23996776368622,63.01712655899292,66.64011
2018-12-18 11:45:00,64.73,62.96,49.64,84.24,71.37705876018983,64.05552914729296,64.15065
2018-12-18 12:00:00,67.54,68.36,54.5,72.79,73.63326921352875,64.18259413828581,61.489372
2018-12-18 12:15:00,8.14,60.05,11.12,7.96,25.13053671976629,11.637636251684992,7.922731
2018-12-18 12:30:00,8.64,58.82,7.06,5.8,22.969215763683774,7.381753733900262,6.137314
2018-12-18 12:45:00,8.78,64.73,7.13,6.98,26.74192328426801,10.554070430639939,5.5362573
2018-12-18 13:00:00,9.4,67.54,8.21,6.95,29.185453840370002,19.580041612697194,9.354381
2018-12-18 13:15:00,52.45,8.14,33.26,38.45,38.07513070738632,46.83819126340915,44.31365
2018-12-18 13:30:00,67.46,8.64,56.99,59.36,48.33129691303276,58.46421726775522,64.64039
2018-12-18 13:45:00,62.53,8.78,56.59,66.02,52.74227141402602,58.43342919084749,64.15101
2018-12-18 14:00:00,62.46,9.4,55.08,80.28,42.59946389046617,70.37476834427189,62.032536
2018-12-18 14:15:00,67.18,52.45,51.05,75.53,61.35959319638975,59.083866662892774,61.644585
2018-12-18 14:30:00,113.51,67.46,47.95,72.0,67.38189921976965,64.9007227796262,65.4926
2018-12-18 14:45:00,99.5,62.53,57.82,72.61,61.35552721157093,62.65249492400705,60.8226
2018-12-18 15:00:00,68.0,62.46,59.11,78.55,56.620238719053106,63.01006936299227,63.073322
2018-12-18 15:15:00,120.82,67.18,60.62,73.98,58.52123784584549,63.81281424324621,61.853275
2018-12-18 15:30:00,79.45,113.51,53.6,76.79,78.89027178162729,88.0819899206713,91.37083
2018-12-18 15:45:00,117.68,99.5,60.44,80.46,77.90747349888714,91.10278244385145,92.381165
2018-12-18 16:00:00,114.08,68.0,67.5,68.11,65.54661680165941,68.52905248705007,71.81974
2018-12-18 16:15:00,106.27,120.82,85.86,71.68,85.96195776374144,93.40327865247717,95.99385
2018-12-18 16:30:00,93.28,79.45,82.33,69.8,77.71381181032505,86.9081640334469,83.0585
2018-12-18 16:45:00,127.58,117.68,59.8,75.46,89.77143439185535,93.72179881260716,99.324196
2018-12-18 17:00:00,94.61,114.08,60.37,70.27,79.21596850618036,94.96785337410822,92.2949
2018-12-18 17:15:00,101.02,106.27,56.38,78.48,84.3709080682274,93.78957070005411,96.19541
2018-12-18 17:30:00,112.14,93.28,52.99,66.78,71.12185212589394,86.86136367130872,90.02547
2018-12-18 17:45:00,68.08,127.58,35.35,32.11,68.21600946357994,51.94586211999313,48.475227
2018-12-18 18:00:00,15.95,94.61,31.32,31.25,58.13664736706278,35.57760017090942,32.965866
2018-12-18 18:15:00,7.16,101.02,16.09,36.4,62.534789345609624,49.88046144535948,50.83716
2018-12-18 18:30:00,5.58,112.14,6.37,39.56,68.44903063433296,77.77557349099555,79.099434
2018-12-18 18:45:00,5.65,68.08,5.8,51.44,62.069773641334535,59.70731600511785,62.019726
2018-12-18 19:00:00,5.0,15.95,5.54,51.52,56.34530746028318,8.973545445638194,32.270596
2018-12-18 19:15:00,4.5,7.16,5.54,53.57,57.466371340145045,6.641199909132109,21.332113
2018-12-18 19:30:00,4.39,5.58,5.62,52.81,49.76161964055075,5.583143257862963,11.038931
2018-12-18 19:45:00,4.43,5.65,5.54,52.38,33.92552127644873,5.760071757284427,6.508175
2018-12-18 20:00:00,4.39,5.0,5.62,53.21,31.73212420961425,4.419724842735134,5.134852
2018-12-18 20:15:00,4.43,4.5,5.54,51.91,22.462360569541012,4.257561362732315,4.1728168
2018-12-18 20:30:00,4.36,4.39,4.75,53.46,20.718521557594,4.199415382628927,4.8481693
2018-12-18 20:45:00,4.39,4.43,4.46,32.36,14.012494573509375,4.257181705973775,4.6140122
2018-12-18 21:00:00,4.43,4.39,4.46,28.37,10.31248043626415,4.244742975250511,4.4626665
2018-12-18 21:15:00,4.39,4.43,4.43,6.77,0.4018846236958602,4.268538162158291,4.443156
2018-12-18 21:30:00,4.46,4.36,4.43,5.69,-0.6354313427918292,4.169664948314042,4.6247725
2018-12-18 21:45:00,4.39,4.39,4.46,5.8,-0.5340952838360415,4.219113030235976,4.561801
2018-12-18 22:00:00,4.39,4.43,4.46,5.69,0.8361632902760157,4.233966773395853,4.6156483
2018-12-18 22:15:00,4.25,4.39,4.14,5.47,9.295658185314188,4.1672873102178185,4.9227796
2018-12-18 22:30:00,5.18,4.46,4.18,5.44,9.407205353639448,4.19462305273438,4.813493
2018-12-18 22:45:00,5.15,4.39,4.21,4.97,9.31930279234404,4.139262423037037,4.6005316
2018-12-18 23:00:00,4.14,4.39,4.18,4.36,10.68653315247375,4.125648895672638,4.3831058
2018-12-18 23:15:00,4.14,4.25,4.14,4.25,3.650799790021889,3.9925699821763017,3.922232
2018-12-18 23:30:00,4.14,5.18,4.07,4.21,4.090191317741404,4.333586215443931,4.375923
2018-12-18 23:45:00,4.1,5.15,4.07,4.14,4.1814689902850155,4.456439361619256,4.316025
2018-12-19 00:00:00,3.92,4.14,4.14,4.21,3.548871456069758,8.505179103855347,3.6509929
2018-12-19 00:15:00,4.14,4.14,5.22,4.21,3.843775049882236,3.9554923397948913,3.8072646
2018-12-19 00:30:00,4.14,4.14,4.68,4.14,3.813717284317999,4.008230702641943,3.8275943
2018-12-19 00:45:00,4.14,4.1,4.14,4.14,3.564304763818054,4.063721793025311,3.9630892
2018-12-19 01:00:00,4.21,3.92,4.1,4.14,4.817255934987546,3.9074033412209155,3.9246042
2018-12-19 01:15:00,4.14,4.14,4.18,4.21,4.945921652056779,3.9461957950920326,3.952467
2018-12-19 01:30:00,4.14,4.14,4.07,4.18,4.971098776619147,3.9413999182012307,3.9579926
2018-12-19 01:45:00,4.18,4.14,4.18,4.75,5.10655335413038,3.940078490440652,3.9977834
2018-12-19 02:00:00,4.18,4.21,4.1,5.33,6.5688088994608655,3.9891482826972493,3.9991693
2018-12-19 02:15:00,4.93,4.14,4.18,4.25,6.210687262236707,3.9858004545069314,3.988642
2018-12-19 02:30:00,5.26,4.14,4.14,4.25,6.109067011078647,3.9811535080667393,3.976066
2018-12-19 02:45:00,4.14,4.18,4.21,4.18,6.020646964612627,3.990305196066129,3.93996
2018-12-19 03:00:00,4.14,4.18,4.18,4.21,7.202507858359173,3.9850833585397294,3.97808
2018-12-19 03:15:00,4.1,4.93,3.6,4.18,7.507853655122364,4.2091595902570695,4.1143155
2018-12-19 03:30:00,4.25,5.26,3.42,4.18,7.573601086948603,4.290412666418173,4.246227
2018-12-19 03:45:00,3.82,4.14,3.42,4.25,6.955284209813602,3.9539028376404963,3.8293445
2018-12-19 04:00:00,3.49,4.14,3.38,4.18,8.055707552684108,3.960849902641046,3.7751427
2018-12-19 04:15:00,3.42,4.1,3.42,4.03,7.832666450586718,3.930899669180044,4.00597
2018-12-19 04:30:00,3.42,4.25,3.71,3.46,7.3280262315540305,3.9153917188943046,3.981238
2018-12-19 04:45:00,3.49,3.82,4.18,3.46,6.980622906157716,3.81382472441507,3.8278675
2018-12-19 05:00:00,3.38,3.49,3.53,3.53,7.914177128602791,3.4298898160505056,3.6902282
2018-12-19 05:15:00,3.42,3.42,3.46,3.46,7.66944075781247,3.400356253703627,3.6305034
2018-12-19 05:30:00,3.38,3.42,3.38,3.49,7.12118357025086,3.377713209714326,3.537427
2018-12-19 05:45:00,3.42,3.49,4.03,4.0,6.764771480685216,3.520157386445857,3.8250809
2018-12-19 06:00:00,3.42,3.38,4.14,4.25,7.709861454602521,3.4864856107406634,3.9226215
2018-12-19 06:15:00,4.07,3.42,3.6,3.85,7.032800483064879,3.469938707138002,3.6605926
2018-12-19 06:30:00,4.18,3.38,3.38,3.42,6.435419016471382,3.4478998031156927,3.6368232
2018-12-19 06:45:00,3.96,3.42,3.35,3.42,5.860992341385558,3.442981527949198,3.5164504
2018-12-19 07:00:00,4.1,3.42,3.31,3.96,6.911173128395713,3.4737662857137352,3.586793
2018-12-19 07:15:00,4.1,4.07,3.28,4.1,6.688432825422947,3.584630200458011,4.2927356
2018-12-19 07:30:00,4.07,4.18,3.42,4.32,6.281634103813719,3.8085397648795563,4.6768723
2018-12-19 07:45:00,5.76,3.96,5.58,5.83,6.539901759231494,5.90600371554958,4.7220793
2018-12-19 08:00:00,6.23,4.1,7.27,5.8,7.591064648028198,8.028776394093441,4.326025
2018-12-19 08:15:00,36.14,4.1,38.38,36.86,26.13914529103212,42.05811929917805,40.369392
2018-12-19 08:30:00,70.81,4.07,72.86,60.37,43.14511535730859,65.22143727783047,67.07849
2018-12-19 08:45:00,59.54,5.76,66.42,66.46,43.17468570752577,83.11307967826572,73.41154
2018-12-19 09:00:00,63.86,6.23,81.4,69.05,51.489958834737266,83.92886373798474,74.9169
2018-12-19 09:15:00,77.4,36.14,66.28,63.86,56.67217070256869,83.55287021370681,70.43513
2018-12-19 09:30:00,65.23,70.81,78.3,65.59,77.54162019324026,76.87833469333863,74.98266
2018-12-19 09:45:00,69.3,59.54,77.72,60.98,72.48802464647926,63.348993350030625,67.682495
2018-12-19 10:00:00,61.13,63.86,74.59,65.74,62.800679770065884,63.86981902703558,62.98538
2018-12-19 10:15:00,61.16,77.4,63.04,57.17,72.49583162464246,73.76928663805504,73.936295
2018-12-19 10:30:00,70.42,65.23,58.68,64.55,72.21244870195672,64.95953215118229,67.127106
2018-12-19 10:45:00,63.68,69.3,62.96,53.42,67.67935244934178,66.82699678296734,65.74626
2018-12-19 11:00:00,83.09,61.13,68.36,65.88,67.58001659590352,64.28333479915287,67.108795
2018-12-19 11:15:00,140.8,61.16,60.05,57.71,65.14107213800753,63.90230368928599,64.44929
2018-12-19 11:30:00,110.88,70.42,58.82,59.76,68.99816187954295,68.01736549968834,68.46594
2018-12-19 11:45:00,115.13,63.68,64.73,79.85,67.98601734654072,64.4697733885373,63.452747
2018-12-19 12:00:00,101.99,83.09,67.54,49.64,75.08194007851199,80.93633871150445,75.023186
2018-12-19 12:15:00,12.13,140.8,8.14,27.97,65.21257472315648,12.525815129709414,14.287352
2018-12-19 12:30:00,6.66,110.88,8.64,29.74,54.64322082505937,9.432967630735783,12.051136
2018-12-19 12:45:00,6.8,115.13,8.78,29.56,51.753403507899804,10.761090539900628,9.2564
2018-12-19 13:00:00,6.98,101.99,9.4,29.3,46.4929350191689,23.59748193734931,17.569172
2018-12-19 13:15:00,62.42,12.13,52.45,58.86,56.577586104198105,68.33616694239929,69.17934
2018-12-19 13:30:00,116.46,6.66,67.46,61.78,61.73412435267386,90.20083970335914,94.8673
2018-12-19 13:45:00,89.86,6.8,62.53,77.0,63.76292956407795,98.3289974545898,106.213394
2018-12-19 14:00:00,98.03,6.98,62.46,65.56,40.976857843722655,74.79614565474091,96.923004
2018-12-19 14:15:00,149.18,62.42,67.18,86.51,69.26701343296233,79.49865180772036,79.91258
2018-12-19 14:30:00,116.64,116.46,113.51,60.44,101.00146471737298,92.4182832728983,85.3642
2018-12-19 14:45:00,105.48,89.86,99.5,64.8,82.30698029402765,86.55954785864473,86.753975
2018-12-19 15:00:00,145.22,98.03,68.0,72.18,71.70243911774108,93.0475552429841,92.732056
2018-12-19 15:15:00,101.38,149.18,120.82,69.08,102.8070983351185,91.70705473798316,95.61956
2018-12-19 15:30:00,130.46,116.64,79.45,66.17,82.55494226836507,93.48626467491806,95.753815
2018-12-19 15:45:00,115.24,105.48,117.68,61.67,85.01475545965654,94.04684343193016,92.773796
2018-12-19 16:00:00,125.21,145.22,114.08,70.6,98.77904629658472,93.02083038604232,96.17145
2018-12-19 16:15:00,133.56,101.38,106.27,68.36,84.99339852078083,94.0796758010934,98.443245
2018-12-19 16:30:00,81.65,130.46,93.28,75.1,94.34884373021842,94.80188573911597,96.06446
2018-12-19 16:45:00,62.68,115.24,127.58,66.13,93.67645623797436,93.81617161880393,93.043945
2018-12-19 17:00:00,125.5,125.21,94.61,70.7,88.10393359060089,95.47436677768327,91.26739
2018-12-19 17:15:00,68.0,133.56,101.02,60.7,88.5219234165266,93.44606571392511,94.35444
2018-12-19 17:30:00,40.5,81.65,112.14,57.92,82.29522157620735,86.204162489108,79.917786
2018-12-19 17:45:00,31.68,62.68,68.08,32.9,61.842077502598,52.381225629217525,33.29636
2018-12-19 18:00:00,26.82,125.5,15.95,30.53,73.89723628082037,45.27401364565257,43.338036
2018-12-19 18:15:00,5.98,68.0,7.16,49.9,59.741804393938835,60.62503574880393,45.48401
2018-12-19 18:30:00,5.47,40.5,5.58,67.25,58.9079164459069,70.47210842000352,55.43587
2018-12-19 18:45:00,5.54,31.68,5.65,69.37,58.86157554795584,70.3212481527622,70.63965
2018-12-19 19:00:00,5.44,26.82,5.0,65.99,51.540355798188756,55.37806274441099,45.447624
2018-12-19 19:15:00,5.47,5.98,4.5,66.02,39.423880364134604,6.392378223942995,17.245567
2018-12-19 19:30:00,5.47,5.47,4.39,60.19,36.55707133874955,5.58693750785275,11.05996
2018-12-19 19:45:00,5.4,5.54,4.43,58.54,31.57942710570876,5.645150819240665,10.021229
2018-12-19 20:00:00,5.33,5.44,4.39,61.85,30.269661828712007,29.623995688689277,11.721595
2018-12-19 20:15:00,5.36,5.47,4.43,67.07,21.757908378933585,5.8454499524800445,8.482698
2018-12-19 20:30:00,5.33,5.47,4.36,58.82,18.01902446344633,5.6288591693052945,7.414937
2018-12-19 20:45:00,5.44,5.4,4.39,53.35,15.7371111959564,5.6704602021935,8.070882
2018-12-19 21:00:00,5.4,5.33,4.43,30.35,8.648764240198869,4.873971077821434,4.9351206
2018-12-19 21:15:00,5.4,5.36,4.39,12.2,0.24411774496613603,4.881852875579883,5.778837
2018-12-19 21:30:00,5.04,5.33,4.46,5.8,-1.5998272139086573,4.883787699323182,6.155475
2018-12-19 21:45:00,4.25,5.44,4.39,5.76,-1.5118644713389067,4.85001601985661,6.4930696
2018-12-19 22:00:00,4.39,5.4,4.39,5.65,-0.17110009332264653,4.839441444615287,6.3815117
2018-12-19 22:15:00,4.03,5.4,4.25,5.04,8.23661518012262,4.832405402221234,6.4876385
2018-12-19 22:30:00,4.03,5.04,5.18,4.25,8.285711102506824,4.780472621274186,5.6723285
2018-12-19 22:45:00,3.96,4.25,5.15,4.25,8.259502806054122,4.351576983983308,4.3270993
2018-12-19 23:00:00,4.07,4.39,4.14,4.21,9.680808145185253,4.383786243077217,5.2627525
2018-12-19 23:15:00,4.03,4.03,4.14,4.14,2.513922170695931,4.292837815955551,4.6545787
2018-12-19 23:30:00,3.92,4.03,4.14,4.1,2.3687082262092183,4.186823420462772,4.6826124
2018-12-19 23:45:00,3.96,3.96,4.1,4.1,2.4050894625482364,4.14514800603316,4.6740613
2018-12-20 00:00:00,3.89,4.07,3.92,5.26,3.9955898255404954,4.966855634191531,4.506732
2018-12-20 00:15:00,4.03,4.03,4.14,4.1,3.956260477489632,4.126068636697103,4.6153154
2018-12-20 00:30:00,4.03,3.92,4.14,4.18,3.9611549841104328,3.9602121539344544,4.558423
2018-12-20 00:45:00,4.0,3.96,4.14,4.21,4.0161379737687035,3.9550646854942824,4.561051
2018-12-20 01:00:00,4.0,3.89,4.21,4.14,5.331528652685353,3.8552430196861973,5.1669803
2018-12-20 01:15:00,4.0,4.03,4.14,4.28,5.42347814542612,3.933976656900883,4.4985023
2018-12-20 01:30:00,4.1,4.03,4.14,4.18,5.449134265273454,3.9523526769075654,4.500987
2018-12-20 01:45:00,4.0,4.0,4.18,4.25,5.457008509345439,3.9629999156427136,4.491042
2018-12-20 02:00:00,4.07,4.0,4.18,5.36,6.947409386563965,3.9879808128006276,5.1707897
2018-12-20 02:15:00,4.43,4.0,4.93,4.79,6.908977758672169,3.989593198825194,4.5198903
2018-12-20 02:30:00,5.18,4.1,5.26,4.25,6.8294372898658615,4.123584225738589,4.427611
2018-12-20 02:45:00,4.1,4.0,4.14,4.18,6.488331654913491,4.087579451759962,4.4963174
2018-12-20 03:00:00,4.0,4.07,4.14,4.21,7.6834164858596345,4.0870378560678,5.1663995
2018-12-20 03:15:00,4.1,4.43,4.1,4.18,7.832376258262972,4.1751895912891515,4.9603353
2018-12-20 03:30:00,4.03,5.18,4.25,4.21,8.17766331908356,4.438864726684013,4.7562037
2018-12-20 03:45:00,4.1,4.1,3.82,4.21,7.458054884959733,4.257132866900506,4.410893
2018-12-20 04:00:00,3.31,4.0,3.49,4.21,8.52438259406912,4.260678363235853,5.02082
2018-12-20 04:15:00,3.35,4.1,3.42,4.18,8.346027661719592,4.283147782584722,4.423594
2018-12-20 04:30:00,3.46,4.03,3.42,4.21,7.865496585640944,4.120490439233034,4.3901443
2018-12-20 04:45:00,3.38,4.1,3.49,4.21,7.583205389308166,4.134642394007748,4.4621716
2018-12-20 05:00:00,3.35,3.31,3.38,4.18,8.417108138744016,3.4115594318557303,4.9077077
2018-12-20 05:15:00,3.35,3.35,3.42,3.67,8.15386452840708,3.4103763813217713,4.2315254
2018-12-20 05:30:00,3.38,3.46,3.38,3.42,7.6481113423864535,3.398345710846655,4.146637
2018-12-20 05:45:00,3.38,3.38,3.42,3.89,7.108813225524909,3.547072488563105,4.5154343
2018-12-20 06:00:00,3.92,3.35,3.42,4.32,8.027104741874137,3.542024105379962,4.1318254
2018-12-20 06:15:00,3.67,3.35,4.07,3.46,7.458487659893603,3.5376884087654528,3.9262545
2018-12-20 06:30:00,3.35,3.38,4.18,3.38,7.019399630924472,3.563503322975481,3.9037764
2018-12-20 06:45:00,4.0,3.38,3.96,3.38,6.38595873687019,3.5444407948456296,3.9380062
2018-12-20 07:00:00,4.03,3.92,4.1,3.42,7.628780678748544,3.5652628603982612,4.526805
2018-12-20 07:15:00,3.96,3.67,4.1,3.42,6.936558893090702,3.5590069463828256,3.7874892
2018-12-20 07:30:00,4.18,3.35,4.07,3.71,6.360177172413966,3.5166659069422552,3.98403
2018-12-20 07:45:00,4.79,4.0,5.76,5.69,6.979492152295673,5.887800680202334,5.736381
2018-12-20 08:00:00,5.87,4.03,6.23,6.23,8.122504442038736,7.739899076709107,8.523519
2018-12-20 08:15:00,39.49,3.96,36.14,35.57,25.33985871921272,42.790637467000394,40.721996
2018-12-20 08:30:00,79.85,4.18,70.81,72.86,45.28438442276578,75.55839517341423,73.72558
2018-12-20 08:45:00,66.96,4.79,59.54,61.74,40.77925928388638,73.7077293327598,77.568184
2018-12-20 09:00:00,63.14,5.87,63.86,76.36,50.19638030043339,93.93455585447387,80.78874
2018-12-20 09:15:00,64.12,39.49,77.4,63.11,60.67292250937325,87.12059741780861,75.92827
2018-12-20 09:30:00,64.37,79.85,65.23,65.66,80.99849790018723,85.83426968669676,82.958206
2018-12-20 09:45:00,83.16,66.96,69.3,72.07,77.60414331115064,68.39854392791213,69.10115
2018-12-20 10:00:00,71.14,63.14,61.13,56.84,59.94204310321123,65.55211899824471,69.35287
2018-12-20 10:15:00,58.72,64.12,61.16,69.3,70.16816059347725,65.23611405858998,65.032104
2018-12-20 10:30:00,68.72,64.37,70.42,65.66,71.62799033835873,65.21155291089279,66.120636
2018-12-20 10:45:00,75.53,83.16,63.68,85.43,79.9038009681697,81.14695535857334,80.371574
2018-12-20 11:00:00,77.51,71.14,83.09,53.17,72.69997738391973,74.38599482254972,72.32543
2018-12-20 11:15:00,64.4,58.72,140.8,55.4,82.01137039075496,64.14208471142041,65.44387
2018-12-20 11:30:00,63.0,68.72,110.88,60.08,80.65788338274646,67.23764475113268,69.147545
2018-12-20 11:45:00,71.46,75.53,115.13,58.0,78.69543523116135,72.8588920234205,74.73555
2018-12-20 12:00:00,71.06,77.51,101.99,51.3,81.07206200554647,75.18103116824444,76.04483
2018-12-20 12:15:00,16.96,64.4,12.13,11.38,24.295393973770743,11.608496167449509,9.947879
2018-12-20 12:30:00,7.67,63.0,6.66,10.91,22.789323616630554,8.34160496891033,7.281162
2018-12-20 12:45:00,7.49,71.46,6.8,30.1,30.47797526643456,8.541819543662928,9.733646
2018-12-20 13:00:00,6.66,71.06,6.98,36.4,31.992262541114272,56.777955124689335,12.175416
2018-12-20 13:15:00,42.7,16.96,62.42,41.69,42.55249132197683,49.95441339803681,50.53526
2018-12-20 13:30:00,63.07,7.67,116.46,56.92,57.26297867125433,59.55450581309873,67.65583
2018-12-20 13:45:00,71.5,7.49,89.86,46.66,52.96069354464028,62.58961022076737,77.12549
2018-12-20 14:00:00,76.9,6.66,98.03,52.52,44.12754903277279,69.58593040703663,77.323044
2018-12-20 14:15:00,63.5,42.7,149.18,58.25,68.43600308718328,59.68664157852338,65.04887
2018-12-20 14:30:00,78.41,63.07,116.64,72.61,77.6071002046153,64.87125375682072,65.210236
2018-12-20 14:45:00,73.4,71.5,105.48,66.24,72.07535088378303,73.81384608822326,69.02184
2018-12-20 15:00:00,64.44,76.9,145.22,73.08,76.91264136503663,74.06019236846578,73.52612
2018-12-20 15:15:00,60.26,63.5,101.38,60.52,63.85672363298498,65.22096431179989,64.12101
2018-12-20 15:30:00,58.9,78.41,130.46,59.87,68.11892841677282,75.22152070910566,72.7978
2018-12-20 15:45:00,60.59,73.4,115.24,63.5,70.11405949911932,72.72678448960889,71.108444
2018-12-20 16:00:00,56.92,64.44,125.21,60.52,69.3666766829954,66.41166945229811,62.71872
2018-12-20 16:15:00,60.08,60.26,133.56,88.92,72.13921313683193,64.32817725652723,62.184002
2018-12-20 16:30:00,58.68,58.9,81.65,105.37,67.18490046625043,63.60227711370392,62.658558
2018-12-20 16:45:00,57.56,60.59,62.68,102.89,65.59023554734235,62.98546292378625,65.040115
2018-12-20 17:00:00,46.51,56.92,125.5,77.83,64.75643838602134,60.96862224652588,57.154926
2018-12-20 17:15:00,58.07,60.08,68.0,67.18,57.85870336171047,61.62629120051176,58.890476
2018-12-20 17:30:00,41.22,58.68,40.5,70.13,54.328417705848295,59.18239597835948,55.822437
2018-12-20 17:45:00,41.51,57.56,31.68,31.72,37.38561863292277,33.519370957558124,35.39495
2018-12-20 18:00:00,24.8,46.51,26.82,31.5,33.93272779932223,32.22140836805182,32.10238
2018-12-20 18:15:00,5.44,58.07,5.98,54.79,40.02068382516023,37.27310289241179,37.615932
2018-12-20 18:30:00,5.18,41.22,5.47,77.04,41.97341358004866,41.99333811710961,46.011993
2018-12-20 18:45:00,5.29,41.51,5.54,79.63,42.64050564560395,41.435326689708255,46.81915
2018-12-20 19:00:00,5.29,24.8,5.44,80.46,40.916618039760706,19.023036699751994,23.165613
2018-12-20 19:15:00,5.29,5.44,5.47,71.89,34.9366769585201,5.085684880482949,13.282458
2018-12-20 19:30:00,4.18,5.18,5.47,78.52,36.460879704669004,4.94381331561369,7.4193296
2018-12-20 19:45:00,4.07,5.29,5.4,52.31,25.610584717997384,5.200319425720292,10.330116
2018-12-20 20:00:00,4.1,5.29,5.33,61.16,24.491464465524352,14.039208565753425,7.250783
2018-12-20 20:15:00,4.07,5.29,5.36,61.6,14.87200617176656,3.9940042169962475,7.0790076
2018-12-20 20:30:00,4.18,4.18,5.33,49.68,11.271976669984628,3.901847595556065,5.006872
2018-12-20 20:45:00,4.1,4.07,5.44,41.54,9.28819448468214,4.093487735647159,4.9981184
2018-12-20 21:00:00,4.1,4.1,5.4,20.16,4.222234897000288,3.980690904507503,4.4681115
2018-12-20 21:15:00,4.14,4.07,5.4,6.16,-2.6607529714922187,4.034849516750629,4.23501
2018-12-20 21:30:00,4.14,4.18,5.04,5.69,-2.8233207780729863,4.024957294906668,4.462579
2018-12-20 21:45:00,4.21,4.1,4.25,5.69,-2.881841015077743,4.012355288373106,4.4648013
2018-12-20 22:00:00,4.18,4.1,4.39,5.65,-1.4866977774199377,4.006059648392077,4.398491
2018-12-20 22:15:00,3.85,4.14,4.03,5.47,7.005056167613489,3.9774426926738857,4.618397
2018-12-20 22:30:00,3.85,4.14,4.03,5.4,7.14636377790664,3.981770979653013,4.5858274
2018-12-20 22:45:00,4.64,4.21,3.96,5.36,7.216187087610489,3.974842379329179,4.41763
2018-12-20 23:00:00,5.04,4.18,4.07,5.36,8.697280564150002,3.978256078785965,4.5410624
2018-12-20 23:15:00,4.07,3.85,4.03,5.26,1.6273239596254463,3.829661624444352,3.9300802
2018-12-20 23:30:00,3.82,3.85,3.92,5.22,1.6122589416514224,3.7581791209103246,3.9293587
2018-12-20 23:45:00,3.85,4.64,3.96,5.18,2.0438520904854194,4.0252276835635925,4.17008
2018-12-21 00:00:00,3.92,5.04,3.89,4.1,4.5185465902821385,10.25766872104916,5.0992494
2018-12-21 00:15:00,3.89,4.07,4.03,5.33,4.648557585863646,3.8790223368251646,5.13031
2018-12-21 00:30:00,3.85,3.82,4.03,5.29,4.569387383310055,3.829458067114606,3.93634
2018-12-21 00:45:00,3.89,3.85,4.0,5.26,4.666021308116786,3.808384588299474,3.9925604
2018-12-21 01:00:00,3.89,3.92,4.0,5.29,5.858311386867793,3.7682528979683685,4.1178493
2018-12-21 01:15:00,3.96,3.89,4.0,5.26,5.79331295518185,3.740140246393484,4.151221
2018-12-21 01:30:00,3.89,3.85,4.1,5.36,5.83147436233882,3.73015843334483,4.1309323
2018-12-21 01:45:00,3.89,3.89,4.0,5.33,5.8303228546124295,3.7437023310539,4.1115327
2018-12-21 02:00:00,3.89,3.89,4.07,4.79,6.972841541496155,3.736189240922071,3.8586047
2018-12-21 02:15:00,3.92,3.96,4.43,4.14,6.981429337994708,3.77835243112849,4.391162
2018-12-21 02:30:00,3.92,3.89,5.18,4.18,7.081466239384024,3.7668949912247234,4.1122036
2018-12-21 02:45:00,3.92,3.89,4.1,4.21,6.7219276589168295,3.7366433043128278,3.9199264
2018-12-21 03:00:00,3.96,3.89,4.0,4.18,7.872745415495633,3.7351103999497286,4.062023
2018-12-21 03:15:00,4.79,3.92,4.1,4.25,7.8704951784752275,3.7646702770449414,4.097625
2018-12-21 03:30:00,4.5,3.92,4.03,4.18,7.769575654400828,3.7654188430263194,4.0562444
2018-12-21 03:45:00,3.24,3.92,4.1,4.14,7.466919913630758,3.73354437254269,3.9935021
2018-12-21 04:00:00,3.28,3.96,3.31,4.28,8.516395453334642,3.724735031595125,3.761425
2018-12-21 04:15:00,3.24,4.79,3.35,4.18,8.71560833807715,3.9285239937541467,4.9520817
2018-12-21 04:30:00,3.24,4.5,3.46,4.18,8.332669483917702,3.956239437193235,4.0740175
2018-12-21 04:45:00,3.28,3.24,3.38,4.1,7.726429778615039,3.536508469052576,3.9028492
2018-12-21 05:00:00,3.28,3.28,3.35,4.46,8.903671643946023,3.364468646166731,3.8766766
2018-12-21 05:15:00,3.28,3.24,3.35,5.4,8.80533358465782,3.343602033701055,3.815886
2018-12-21 05:30:00,3.2,3.24,3.38,4.5,7.909091176649749,3.426004569073545,3.909382
2018-12-21 05:45:00,3.24,3.28,3.38,4.18,7.343667175550134,3.4444219613440583,3.9531543
2018-12-21 06:00:00,3.2,3.28,3.92,4.14,8.27512688795883,3.4420569795058,4.188712
2018-12-21 06:15:00,3.67,3.28,3.67,4.14,7.75860995929845,3.442330009484913,4.1560364
2018-12-21 06:30:00,3.96,3.2,3.35,3.49,7.1077124447737425,3.407762674395516,3.4194257
2018-12-21 06:45:00,3.92,3.24,4.0,3.42,6.617279122459973,3.4183034983727527,3.508084
2018-12-21 07:00:00,3.89,3.2,4.03,3.35,7.501324260543033,3.40139820632746,3.791401
2018-12-21 07:15:00,3.67,3.67,3.96,3.35,7.140043374019793,3.3130276709540682,3.4959948
2018-12-21 07:30:00,3.17,3.96,4.18,4.25,6.924179970019825,3.704292615200337,3.9015374
2018-12-21 07:45:00,5.44,3.92,4.79,6.52,7.197654220241365,5.506808212806873,4.9961195
2018-12-21 08:00:00,6.77,3.89,5.87,7.38,8.313544227275965,7.963503901417273,6.553876
2018-12-21 08:15:00,28.8,3.67,39.49,36.22,26.20352954227299,38.473777947328195,35.807827
2018-12-21 08:30:00,54.22,3.17,79.85,94.18,50.17155860717085,65.14070893569738,56.87388
2018-12-21 08:45:00,56.41,5.44,66.96,97.88,48.27814281450537,69.58693200217127,69.33868
2018-12-21 09:00:00,56.74,6.77,63.14,134.5,59.78196303819345,70.06743882702611,71.8252
2018-12-21 09:15:00,43.78,28.8,64.12,93.67,58.27778659837777,69.63186391062443,62.96765
2018-12-21 09:30:00,47.52,54.22,64.37,109.26,74.3549749499017,60.55134346837948,64.67063
2018-12-21 09:45:00,56.2,56.41,83.16,128.34,81.69105103040896,60.30253852872846,63.50057
2018-12-21 10:00:00,51.59,56.74,71.14,81.47,63.20350363209245,59.217672864007845,59.049706
2018-12-21 10:15:00,66.64,43.78,58.72,109.69,68.55759197127001,55.619630164925866,53.940483
2018-12-21 10:30:00,53.14,47.52,68.72,120.67,75.87438131581516,56.459171408047055,58.184628
2018-12-21 10:45:00,58.54,56.2,75.53,92.81,71.3225570433135,58.94663071260865,57.365463
2018-12-21 11:00:00,73.12,51.59,77.51,91.58,71.77546614994435,56.389194962239245,56.080765
2018-12-21 11:15:00,67.79,66.64,64.4,104.9,81.55842670691699,61.704059303873585,59.776337
2018-12-21 11:30:00,65.59,53.14,63.0,124.2,77.97596676676055,58.827222791259906,60.753006
2018-12-21 11:45:00,57.85,58.54,71.46,88.85,71.81328178668076,61.0909501403341,65.10738
2018-12-21 12:00:00,58.9,73.12,71.06,132.01,88.34443468089118,66.49708319325599,66.8287
2018-12-21 12:15:00,7.42,67.79,16.96,13.61,29.004966305610054,10.350495961726358,8.63087
2018-12-21 12:30:00,8.35,65.59,7.67,9.86,22.145826331559444,7.884320531783769,6.4399104
2018-12-21 12:45:00,7.67,57.85,7.49,9.61,19.275591053568622,8.092916545669038,6.3519783
2018-12-21 13:00:00,7.2,58.9,6.66,9.43,20.574968041221858,7.620918942100798,6.8417196
2018-12-21 13:15:00,39.74,7.42,42.7,86.98,45.73302476863111,49.74110648455178,46.271324
2018-12-21 13:30:00,58.03,8.35,63.07,74.66,52.68489508448748,56.98361482621772,65.13894
2018-12-21 13:45:00,63.97,7.67,71.5,116.42,59.7281860103643,57.83036570959128,60.719334
2018-12-21 14:00:00,56.34,7.2,76.9,107.57,48.7666264836739,70.73699241219595,60.650658
2018-12-21 14:15:00,69.62,39.74,63.5,103.82,63.36289032013684,57.770999958943904,55.461292
2018-12-21 14:30:00,60.34,58.03,78.41,114.73,78.22551509709466,60.0638252649071,58.215973
2018-12-21 14:45:00,57.74,63.97,73.4,84.74,68.61535396812917,62.74151226321243,60.21676
2018-12-21 15:00:00,68.04,56.34,64.44,109.4,64.76911711240278,59.454202080193355,60.552265
2018-12-21 15:15:00,67.68,69.62,60.26,125.21,72.77251622266027,63.90876101264209,65.37582
2018-12-21 15:30:00,58.32,60.34,58.9,89.35,59.19637336380032,62.81450933589218,61.781116
2018-12-21 15:45:00,65.48,57.74,60.59,122.26,69.55454274819837,61.64020165652112,62.416443
2018-12-21 16:00:00,63.0,68.04,56.92,114.66,71.15231470218484,63.71487888620609,62.38559
2018-12-21 16:15:00,69.73,67.68,60.08,96.8,67.19176612648951,63.79836904938905,64.48799
2018-12-21 16:30:00,59.69,58.32,58.68,118.12,64.06975551002812,62.32197531781279,60.671932
2018-12-21 16:45:00,63.32,65.48,57.56,133.2,71.47264690214199,63.67654906379132,62.373528
2018-12-21 17:00:00,62.32,63.0,46.51,102.64,63.77291393598128,63.0274333404773,58.91662
2018-12-21 17:15:00,52.78,69.73,58.07,63.94,62.937423439957,63.479223088349414,59.428062
2018-12-21 17:30:00,45.86,59.69,41.22,62.64,56.10257184391812,58.81836322681042,54.777477
2018-12-21 17:45:00,30.78,63.32,41.51,37.94,45.58419828829878,38.379240273702116,36.68784
2018-12-21 18:00:00,8.21,62.32,24.8,32.62,37.90257841102036,32.30939645221364,32.38071
2018-12-21 18:15:00,5.51,52.78,5.44,29.63,29.919211173165465,34.15274173377465,28.674774
2018-12-21 18:30:00,5.4,45.86,5.18,26.57,27.18670437961996,33.26288559971402,28.056074
2018-12-21 18:45:00,5.62,30.78,5.29,26.35,25.009983190952756,26.861478064155634,27.838661
2018-12-21 19:00:00,5.54,8.21,5.29,26.32,22.489192822789814,10.555307811448094,13.25474
2018-12-21 19:15:00,5.54,5.51,5.29,26.39,21.340129975431697,4.7025118586319286,10.197484
2018-12-21 19:30:00,5.51,5.4,4.18,26.64,18.094536691752566,4.653840758765828,8.881579
2018-12-21 19:45:00,5.47,5.62,4.07,28.44,13.04791497729579,4.686493811947299,9.122012
2018-12-21 20:00:00,5.54,5.54,4.1,30.46,13.034525816074058,4.603161764225297,8.803198
2018-12-21 20:15:00,5.47,5.54,4.07,29.88,4.17033419615586,4.528239667122112,8.058075
2018-12-21 20:30:00,5.44,5.51,4.18,30.06,4.188581195693015,4.594006045390563,8.229664
2018-12-21 20:45:00,5.47,5.47,4.1,31.93,4.780627316819608,4.631677781913173,7.975404
2018-12-21 21:00:00,5.44,5.54,4.1,28.66,5.11491313309747,4.630496399527443,4.9410253
2018-12-21 21:15:00,5.54,5.47,4.14,5.76,-1.9781821440309564,4.620185912395633,4.8853707
2018-12-21 21:30:00,5.4,5.44,4.14,5.8,-1.952067941301248,4.596939853440081,4.814609
2018-12-21 21:45:00,5.44,5.47,4.21,5.72,-1.9071897291649087,4.598335194072038,4.8513274
2018-12-21 22:00:00,5.44,5.44,4.18,5.69,-0.5432399612668455,4.62871132108859,4.6858716
2018-12-21 22:15:00,5.18,5.54,3.85,5.4,7.959050435301979,4.583918754438742,4.7317104
2018-12-21 22:30:00,5.26,5.4,3.85,5.33,8.109847466785276,4.577378029189572,4.5405188
2018-12-21 22:45:00,5.15,5.44,4.64,5.33,8.28410268042159,4.570861536213801,6.1607637
2018-12-21 23:00:00,5.15,5.44,5.04,5.33,9.820411968514428,4.582149153577831,6.027031
2018-12-21 23:15:00,5.11,5.18,4.07,4.86,2.545486252603471,4.503701738843423,4.355607
2018-12-21 23:30:00,4.57,5.26,3.82,4.03,2.3662819711117002,4.497158437502023,6.760427
2018-12-21 23:45:00,4.0,5.15,3.85,4.03,2.4433240815134916,4.494453706706408,6.8074007
2018-12-22 00:00:00,3.31,5.15,3.92,3.28,-1.5979982765004515,10.137615479929341,5.8406935
2018-12-22 00:15:00,4.0,5.11,3.89,4.14,-1.3158634213339901,4.6579199705571925,4.6167626
2018-12-22 00:30:00,4.0,4.57,3.85,4.1,-1.380057577084866,4.3221684578820225,3.9304729
2018-12-22 00:45:00,4.0,4.0,3.89,4.07,-1.4103469999255474,4.012050671379195,3.858327
2018-12-22 01:00:00,4.1,3.31,3.89,4.14,-0.18064444862097062,3.8125660968310884,3.6513917
2018-12-22 01:15:00,3.96,4.0,3.96,4.14,-0.021664499034070417,3.6964573246742543,4.060069
2018-12-22 01:30:00,4.03,4.0,3.89,4.14,-0.09887531764229252,3.6845438008506184,4.0380554
2018-12-22 01:45:00,4.03,4.0,3.89,4.14,-0.12279683476486625,3.677478782556728,3.9908693
2018-12-22 02:00:00,3.96,4.1,3.89,4.1,1.0090247858937325,3.6943589256130878,4.9792094
2018-12-22 02:15:00,4.07,3.96,3.92,4.1,1.1327840582261963,3.7717458158116908,4.7786727
2018-12-22 02:30:00,4.07,4.03,3.92,4.21,1.2124410633127276,3.8410292808336135,4.7701273
2018-12-22 02:45:00,3.67,4.03,3.92,4.1,0.9268647315893084,3.8285990125317912,4.844625
2018-12-22 03:00:00,3.31,3.96,3.96,4.18,2.0914186946770776,3.7661632847387962,5.035989
2018-12-22 03:15:00,3.82,4.07,4.79,4.82,2.3433661564075443,3.846289141521604,4.9103885
2018-12-22 03:30:00,4.07,4.07,4.5,5.26,2.275621861184444,3.850642532507097,4.7831626
2018-12-22 03:45:00,3.42,3.67,3.24,4.18,1.5544465636909202,3.613130486682989,3.5064766
2018-12-22 04:00:00,3.38,3.31,3.28,4.14,2.5736439638330317,3.343156488640428,3.3277876
2018-12-22 04:15:00,3.31,3.82,3.24,4.14,2.492318291149015,3.5972594901904835,3.4977167
2018-12-22 04:30:00,3.38,4.07,3.24,3.82,2.244021229749908,3.6466004143034496,3.540743
2018-12-22 04:45:00,3.35,3.42,3.28,3.46,1.7851778005567702,3.342854189166583,3.3340676
2018-12-22 05:00:00,3.38,3.38,3.28,3.49,2.7489591316768234,3.322280823566002,3.316467
2018-12-22 05:15:00,3.42,3.31,3.28,3.42,2.436802399926531,3.2979135557457693,3.2720964
2018-12-22 05:30:00,3.96,3.38,3.2,3.42,1.9559655337066566,3.426645665584631,3.4611895
2018-12-22 05:45:00,4.07,3.35,3.24,3.42,1.4926720857528615,3.4275918115697195,3.52187
2018-12-22 06:00:00,4.07,3.38,3.2,3.38,2.3552001502089404,3.4303029218913177,3.4773903
2018-12-22 06:15:00,4.0,3.42,3.67,3.46,1.9447651922525218,3.438364738932143,3.4670823
2018-12-22 06:30:00,3.38,3.96,3.96,3.42,1.8951209451628266,3.439439738076184,4.2547574
2018-12-22 06:45:00,3.35,4.07,3.92,3.49,1.3751602255668764,3.465422302260441,4.3577757
2018-12-22 07:00:00,3.35,4.07,3.89,4.57,2.395623278779521,3.5112559127301983,4.516043
2018-12-22 07:15:00,3.31,4.0,3.67,4.43,1.616470795349425,3.7373407439121875,3.7085137
2018-12-22 07:30:00,3.85,3.38,3.17,4.1,0.9462772307136298,3.4528119343703967,3.634116
2018-12-22 07:45:00,4.03,3.35,5.44,4.07,1.026300375509397,4.232014724212065,5.140196
2018-12-22 08:00:00,3.35,3.35,6.77,3.64,2.0860335004305064,4.426066518952,5.294395
2018-12-22 08:15:00,3.31,3.31,28.8,3.35,13.664226422478741,27.241342389273367,18.36885
2018-12-22 08:30:00,3.24,3.85,54.22,3.35,25.55389694910044,30.340859616688096,24.810843
2018-12-22 08:45:00,3.38,4.03,56.41,3.38,23.54481495009672,30.0105607278074,25.138912
2018-12-22 09:00:00,3.82,3.35,56.74,3.49,24.818365664303258,29.791200510067295,23.419392
2018-12-22 09:15:00,4.28,3.31,43.78,3.56,22.38162353829738,5.764124001148996,9.166851
2018-12-22 09:30:00,4.28,3.24,47.52,3.38,22.21526937067413,3.898570726380535,9.1608305
2018-12-22 09:45:00,4.32,3.38,56.2,3.42,23.39217252557733,3.9104779426384826,8.427306
2018-12-22 10:00:00,4.21,3.82,51.59,3.35,21.776602026475445,3.930759587147116,7.468179
2018-12-22 10:15:00,3.6,4.28,66.64,3.35,22.529903622256597,3.9069333157380264,4.5538664
2018-12-22 10:30:00,3.6,4.28,53.14,3.35,21.254656693035287,3.8767740283740357,4.932649
2018-12-22 10:45:00,3.6,4.32,58.54,4.97,20.122156293886963,3.9302150451312925,4.1459413
2018-12-22 11:00:00,3.6,4.21,73.12,5.36,25.419315870522542,3.966627518941297,5.0139995
2018-12-22 11:15:00,3.6,3.6,67.79,4.28,28.399660613409793,3.858438763075842,6.922591
2018-12-22 11:30:00,3.6,3.6,65.59,4.18,23.05946458300615,3.8330350731388916,5.0286674
2018-12-22 11:45:00,3.6,3.6,57.85,3.35,22.02738683069852,3.8096604747413223,5.8897934
2018-12-22 12:00:00,3.6,3.6,58.9,3.38,22.03894366992048,3.9395897349232207,5.1332064
2018-12-22 12:15:00,3.71,3.6,7.42,3.42,-3.9965225329624268,3.7666939649130198,4.9873295
2018-12-22 12:30:00,4.39,3.6,8.35,3.42,-6.038506974910685,3.727980504211084,5.298286
2018-12-22 12:45:00,4.1,3.6,7.67,3.42,-6.972100954227233,3.71702076753543,5.0514846
2018-12-22 13:00:00,3.71,3.6,7.2,3.38,-6.426067598932487,3.6727246818662973,4.9504075
2018-12-22 13:15:00,4.28,3.71,39.74,3.31,8.99255534447909,3.8344165869394997,4.9936647
2018-12-22 13:30:00,4.25,4.39,58.03,3.35,19.906902387468733,3.72358283350404,6.3181777
2018-12-22 13:45:00,4.25,4.1,63.97,3.38,17.619534789641264,3.745321443586391,5.6800156
2018-12-22 14:00:00,4.21,3.71,56.34,3.31,17.82189252521193,3.751511452598153,6.278289
2018-12-22 14:15:00,3.67,4.28,69.62,3.82,24.530049873183053,3.7406766420388764,4.757407
2018-12-22 14:30:00,3.46,4.25,60.34,4.1,23.557086523082916,3.748519212748644,6.481842
2018-12-22 14:45:00,3.49,4.25,57.74,4.07,19.71404531910675,3.720225738478659,4.7856264
2018-12-22 15:00:00,3.53,4.21,68.04,4.21,22.92541448638577,3.795555129145303,4.210889
2018-12-22 15:15:00,3.56,3.67,67.68,3.74,22.10209020413262,3.7343583618110587,5.620381
2018-12-22 15:30:00,3.53,3.46,58.32,3.74,19.160878957858255,3.7000900717484018,6.4427633
2018-12-22 15:45:00,3.56,3.49,65.48,3.96,22.070835212237405,3.958027284821913,5.2052703
2018-12-22 16:00:00,3.56,3.53,63.0,3.28,23.17958574423818,5.559745378022489,5.6853848
2018-12-22 16:15:00,3.49,3.56,69.73,3.35,24.07011826534159,5.9532767246989335,8.693184
2018-12-22 16:30:00,3.53,3.53,59.69,3.28,16.458740972959497,4.029768489040999,5.8857217
2018-12-22 16:45:00,3.56,3.56,63.32,3.24,16.41812366929281,3.832955341532429,4.200619
2018-12-22 17:00:00,4.68,3.56,62.32,3.28,20.092318218285754,3.888546290346576,4.8499913
2018-12-22 17:15:00,5.44,3.49,52.78,3.28,13.288973782438399,3.5250967542674023,4.213841
2018-12-22 17:30:00,4.46,3.53,45.86,3.35,10.910099564468144,3.594605010589625,3.7559311
2018-12-22 17:45:00,4.28,3.56,30.78,4.18,1.5153518361464826,3.6785549984839356,4.3487096
2018-12-22 18:00:00,4.07,4.68,8.21,4.1,-5.536322731921107,3.596542799063225,4.0759344
2018-12-22 18:15:00,3.6,5.44,5.51,4.1,-10.353209719287829,4.079850715428045,5.604503
2018-12-22 18:30:00,3.67,4.46,5.4,4.1,-12.27014868768644,3.8892393337196864,4.4602203
2018-12-22 18:45:00,3.67,4.28,5.62,4.03,-12.146760368102061,3.8558372358609905,4.4113464
2018-12-22 19:00:00,3.71,4.07,5.54,4.28,-10.904217961611497,4.059046358045298,4.4821925
2018-12-22 19:15:00,3.74,3.6,5.54,3.49,-11.225502129901084,3.7223095890532507,4.1247835
2018-12-22 19:30:00,3.71,3.67,5.51,3.38,-11.378233611503173,3.6322542205066255,4.1850495
2018-12-22 19:45:00,3.74,3.67,5.47,3.35,-11.554102713159818,3.6145073845534292,4.129942
2018-12-22 20:00:00,3.67,3.71,5.54,3.38,-10.342276369191861,3.6681892980958235,4.2585793
2018-12-22 20:15:00,3.67,3.74,5.47,3.46,-10.396964076335447,3.62763815426242,4.2490125
2018-12-22 20:30:00,3.67,3.71,5.44,3.42,-10.493509030441157,3.634375271615306,4.2185783
2018-12-22 20:45:00,3.67,3.74,5.47,3.35,-10.466334350905253,3.634765619850029,4.2229633
2018-12-22 21:00:00,4.18,3.67,5.44,3.38,-9.147005226105566,3.6427942499650587,4.1642623
2018-12-22 21:15:00,4.61,3.67,5.54,3.96,-9.026207020089327,3.659404398342623,4.2904854
2018-12-22 21:30:00,5.51,3.67,5.4,4.28,-9.003123024102894,3.6538848947561657,4.2313123
2018-12-22 21:45:00,4.43,3.67,5.44,4.25,-8.986369111691562,3.6634160310733135,4.23584
2018-12-22 22:00:00,4.1,4.18,5.44,4.18,-7.332163922982193,3.577806857186045,4.031379
2018-12-22 22:15:00,3.46,4.61,5.18,3.74,-7.162600931222766,3.6860924221100686,4.1760054
2018-12-22 22:30:00,3.38,5.51,5.26,3.31,-6.57678175072461,4.104018047393766,5.0975204
2018-12-22 22:45:00,3.42,4.43,5.15,4.07,-6.873053335686709,3.9008606787041775,4.0319858
2018-12-22 23:00:00,3.38,4.1,5.15,3.56,-5.534062006980154,3.909644023449057,4.049892
2018-12-22 23:15:00,3.35,3.46,5.11,3.17,-5.628313891675294,3.620203603203074,3.8587806
2018-12-22 23:30:00,3.31,3.38,4.57,3.24,-5.807578164384477,3.2755498995978627,3.7398098
2018-12-22 23:45:00,3.31,3.42,4.0,3.2,-5.923366737391095,3.320800080305615,3.7928557
2018-12-23 00:00:00,3.78,3.38,3.31,4.21,-5.559472147288179,3.5723250082977915,3.8672209
2018-12-23 00:15:00,3.31,3.35,4.0,3.24,-5.520186384352105,3.505431983199317,3.9420898
2018-12-23 00:30:00,3.35,3.31,4.0,3.28,-5.516719211836101,3.4588962263345593,3.935587
2018-12-23 00:45:00,3.42,3.31,4.0,3.28,-5.491756677723981,3.4642870568714104,3.9439468
2018-12-23 01:00:00,4.93,3.78,4.1,3.85,-3.8468167325796436,3.3822848104389034,3.8326733
2018-12-23 01:15:00,4.93,3.31,3.96,4.18,-3.9244545881023107,3.3885063744418225,3.9504917
2018-12-23 01:30:00,4.14,3.35,4.03,4.07,-3.893251834066522,3.390150706528476,3.7781076
2018-12-23 01:45:00,4.07,3.42,4.03,4.07,-3.870272506992645,3.39722699584705,4.0207305
2018-12-23 02:00:00,3.49,4.93,3.96,3.92,-1.8366204329875835,3.65547334192188,6.0503426
2018-12-23 02:15:00,3.46,4.93,4.07,3.28,-1.7952557750161624,3.866204622946537,4.615947
2018-12-23 02:30:00,3.49,4.14,4.07,3.42,-2.0601739051921193,3.7834671045863533,3.8979843
2018-12-23 02:45:00,3.42,4.07,3.67,3.53,-2.51337572506387,3.7972137921873315,3.925181
2018-12-23 03:00:00,3.42,3.49,3.31,4.14,-1.2659592668819748,3.581681842314287,3.888457
2018-12-23 03:15:00,3.46,3.46,3.82,3.56,-1.50725815769756,3.401690017859345,3.829917
2018-12-23 03:30:00,3.42,3.49,4.07,3.35,-1.7163971733129024,3.3309438941600367,3.7547174
2018-12-23 03:45:00,3.53,3.42,3.42,3.38,-2.1938075835060893,3.4461768655761063,3.810891
2018-12-23 04:00:00,3.46,3.42,3.38,3.42,-1.2171692731254673,3.4382842913939515,4.0014353
2018-12-23 04:15:00,3.42,3.46,3.31,3.42,-1.4482562246651334,3.439483152348488,4.0189033
2018-12-23 04:30:00,3.6,3.42,3.38,3.42,-1.6789467076793194,3.4377103311397574,3.8052542
2018-12-23 04:45:00,4.14,3.53,3.35,3.38,-1.8012713535632336,3.432906635952137,3.8371305
2018-12-23 05:00:00,5.18,3.46,3.38,4.07,-0.7126803094489382,3.471750437704586,3.8438284
2018-12-23 05:15:00,4.64,3.42,3.42,4.14,-1.0315366881422499,3.459460901368957,3.8418896
2018-12-23 05:30:00,4.1,3.6,3.96,4.07,-1.2676119394443823,3.482330866792235,3.8444712
2018-12-23 05:45:00,3.49,4.14,4.07,4.07,-1.3707330366036778,3.5096802243870675,3.804502
2018-12-23 06:00:00,3.38,5.18,4.07,3.53,-0.04792027473387961,3.774641246526245,4.815888
2018-12-23 06:15:00,3.35,4.64,4.0,3.31,-0.8320365891021346,3.9397657414271223,4.328427
2018-12-23 06:30:00,3.46,4.1,3.38,3.35,-1.5490658809188638,3.784079545665989,4.039191
2018-12-23 06:45:00,3.38,3.49,3.35,3.64,-2.1263397476235006,3.7075662954622803,3.8573318
2018-12-23 07:00:00,3.38,3.38,3.35,4.07,-1.2461279772343126,3.3741345089998567,3.7469811
2018-12-23 07:15:00,3.38,3.35,3.31,3.38,-2.0932290155895608,3.287406434147508,3.7204466
2018-12-23 07:30:00,3.38,3.46,3.85,3.28,-2.6433081827618174,3.467106305244428,3.8098378
2018-12-23 07:45:00,3.42,3.38,4.03,3.89,-2.7908006937234724,3.717853518013133,3.9527242
2018-12-23 08:00:00,3.49,3.38,3.35,3.96,-1.8240562749424676,3.8246653710744494,3.8343668
2018-12-23 08:15:00,4.07,3.38,3.31,39.35,13.473016664079704,10.894295339397202,11.862614
2018-12-23 08:30:00,4.97,3.38,3.24,63.54,26.47327071671902,17.09582626249854,12.173106
2018-12-23 08:45:00,4.82,3.42,3.38,65.02,24.075839415249344,16.800965643876573,14.05495
2018-12-23 09:00:00,4.28,3.49,3.82,63.79,25.277053911716134,17.372495296945132,15.814614
2018-12-23 09:15:00,3.92,4.07,4.28,61.7,24.41960869818312,3.7514826579738836,9.989067
2018-12-23 09:30:00,3.71,4.97,4.28,64.8,24.954506697987227,16.55260386667131,8.794805
2018-12-23 09:45:00,3.64,4.82,4.32,51.16,23.39279676906473,13.967516109482546,5.9843087
2018-12-23 10:00:00,3.64,4.28,4.21,55.01,22.25248874072911,4.834593716747702,5.641739
2018-12-23 10:15:00,3.67,3.92,3.6,61.81,21.734318647437473,4.773058479691914,5.7445774
2018-12-23 10:30:00,3.71,3.71,3.6,72.18,24.002689862300922,4.656740962525433,5.0930696
2018-12-23 10:45:00,3.71,3.64,3.6,54.86,19.633702825529465,3.9530425814959744,4.9380574
2018-12-23 11:00:00,3.74,3.64,3.6,66.78,25.10418337309003,3.75033334866828,8.881445
2018-12-23 11:15:00,3.78,3.67,3.6,69.95,29.0165617089636,3.8298969569547396,7.7391562
2018-12-23 11:30:00,3.71,3.71,3.6,53.35,21.360860416782025,3.8569817139231977,5.2118645
2018-12-23 11:45:00,3.74,3.71,3.6,55.51,21.926094114042186,3.8781370795912546,5.254094
2018-12-23 12:00:00,3.96,3.74,3.6,11.81,15.13146469912403,3.5653256503794584,4.921724
2018-12-23 12:15:00,4.86,3.78,3.71,5.65,-6.583346415397738,3.573325521892861,4.459966
2018-12-23 12:30:00,5.54,3.71,4.39,5.54,-8.872975471846008,3.5992296285985375,4.5025554
2018-12-23 12:45:00,4.54,3.74,4.1,5.44,-9.656622929486684,3.585563628701904,4.4626117
2018-12-23 13:00:00,4.36,3.96,3.71,5.33,-8.88507732692754,3.551116402051583,4.510724
2018-12-23 13:15:00,3.67,4.86,4.28,36.47,8.61709881218572,4.6760192195710175,5.4571786
2018-12-23 13:30:00,3.67,5.54,4.25,63.72,21.97504502168858,12.671322199359842,8.347452
2018-12-23 13:45:00,3.67,4.54,4.25,64.8,18.983912929253712,13.668868248470027,5.959256
2018-12-23 14:00:00,3.67,4.36,4.21,61.85,19.807175661757434,5.148451760712645,6.9164987
2018-12-23 14:15:00,3.71,3.67,3.67,57.89,23.80955598527669,12.936609886746073,8.833315
2018-12-23 14:30:00,3.67,3.67,3.46,54.36,23.699234811987594,4.361337343484903,7.271522
2018-12-23 14:45:00,3.67,3.67,3.49,47.38,19.01565121167313,4.001197376968459,4.4857416
2018-12-23 15:00:00,3.67,3.67,3.53,43.49,20.244156095797813,3.9091088541957864,6.1237593
2018-12-23 15:15:00,3.64,3.71,3.56,45.4,19.869357679254854,3.924527723202782,4.933548
2018-12-23 15:30:00,3.67,3.67,3.53,60.55,20.518529622317256,3.9104971673925797,4.939584
2018-12-23 15:45:00,3.74,3.67,3.56,48.42,20.798767704286625,3.933635230046979,4.5825415
2018-12-23 16:00:00,4.36,3.67,3.56,63.22,24.760393965155238,3.9366211991405997,5.6559253
2018-12-23 16:15:00,4.36,3.64,3.49,62.64,25.018537723239724,3.9217202379670275,11.906199
2018-12-23 16:30:00,5.0,3.67,3.53,66.02,19.301321456378478,3.8787726302856487,6.739083
2018-12-23 16:45:00,5.33,3.74,3.56,35.42,14.249443871506768,3.893342556937038,4.036539
2018-12-23 17:00:00,3.6,4.36,4.68,9.11,14.274733939270021,3.7671183092731106,4.214067
2018-12-23 17:15:00,3.56,4.36,5.44,8.06,8.789038270106648,3.701364766182457,4.3620954
2018-12-23 17:30:00,3.6,5.0,4.46,7.74,7.286109625658273,4.156565184450603,4.300268
2018-12-23 17:45:00,3.67,5.33,4.28,7.85,-0.04240622280343942,4.259460466765847,3.8399966
2018-12-23 18:00:00,3.49,3.6,4.07,6.73,-5.853267964043116,3.8377889574738986,3.7135875
2018-12-23 18:15:00,3.49,3.56,3.6,5.22,-11.256032924023156,3.806204783427964,4.189296
2018-12-23 18:30:00,3.49,3.6,3.67,5.69,-12.762084785982882,3.676690298651226,3.9211075
2018-12-23 18:45:00,3.64,3.67,3.67,5.72,-13.237441063796663,3.7162095502718984,3.8558216
2018-12-23 19:00:00,3.64,3.49,3.71,5.69,-12.2706894819358,3.5752789965879037,3.7823107
2018-12-23 19:15:00,4.03,3.49,3.74,5.72,-12.361106036204607,3.537845168318671,3.6582458
2018-12-23 19:30:00,4.25,3.49,3.71,5.44,-12.509401415178079,3.53443374405172,3.7527022
2018-12-23 19:45:00,4.28,3.64,3.74,4.46,-12.72889818241585,3.6346297504578198,3.718107
2018-12-23 20:00:00,4.25,3.64,3.67,4.5,-11.454852811848252,3.5729009327076975,3.705622
2018-12-23 20:15:00,4.0,4.03,3.67,4.46,-11.299094503982463,3.507216775432775,3.4764543
2018-12-23 20:30:00,3.49,4.25,3.67,4.5,-11.275897550649578,3.545080112487895,3.4507387
2018-12-23 20:45:00,4.21,4.28,3.67,4.54,-11.233403862259014,3.676099805202886,3.5795019
2018-12-23 21:00:00,4.14,4.25,4.18,4.46,-9.982326016492753,3.862909825139144,3.7697635
2018-12-23 21:15:00,3.49,4.0,4.61,4.5,-9.925681998898408,3.948372948578414,3.856968
2018-12-23 21:30:00,3.42,3.49,5.51,4.5,-9.782205559159483,3.4688465986808654,5.226715
2018-12-23 21:45:00,3.46,4.21,4.43,4.57,-9.698947082737558,3.7867550352193384,3.8377423
2018-12-23 22:00:00,3.53,4.14,4.1,4.57,-8.369191605466067,3.7504011400133535,3.744146
2018-12-23 22:15:00,3.2,3.49,3.46,4.25,-8.614118994152737,3.4181682885078932,3.389581
2018-12-23 22:30:00,3.2,3.42,3.38,4.25,-8.46108293337478,3.4040797139112895,3.31119
2018-12-23 22:45:00,3.2,3.46,3.42,4.18,-8.326830847861611,3.411707064456784,3.3070073
2018-12-23 23:00:00,3.96,3.53,3.38,5.44,-6.7710426561676265,3.644271761410558,3.5540118
2018-12-23 23:15:00,4.0,3.2,3.35,4.82,-7.1392009599467805,3.4259223274127293,3.1321442
2018-12-23 23:30:00,4.0,3.2,3.31,4.14,-7.249372570834641,3.3638309762998606,3.0712752
2018-12-23 23:45:00,4.0,3.2,3.31,4.18,-7.169003825672785,3.346412291833048,3.1449208
2018-12-24 00:00:00,3.78,3.96,3.78,4.57,5.24511672200973,3.784882047332656,5.9792123
2018-12-24 00:15:00,3.35,4.0,3.31,4.25,5.339953957051211,3.407430585976167,3.2935889
2018-12-24 00:30:00,3.38,4.0,3.35,4.18,5.300844824997032,3.4721039354523864,3.3242872
2018-12-24 00:45:00,3.38,4.0,3.42,4.21,5.1465425519199535,3.6344053201707833,3.6918175
2018-12-24 01:00:00,3.96,3.78,4.93,4.21,6.735695876485661,3.6786853533081514,3.6513903
2018-12-24 01:15:00,3.89,3.35,4.93,4.21,6.7398230415659945,3.430147927109405,3.3583028
2018-12-24 01:30:00,3.38,3.38,4.14,4.36,6.646111402032265,3.42150630242879,3.3485508
2018-12-24 01:45:00,3.35,3.38,4.07,4.28,6.589301109955681,3.4498371805610843,3.2277083
2018-12-24 02:00:00,3.49,3.96,3.49,4.28,8.076181688911536,3.56210611882187,3.3288739
2018-12-24 02:15:00,3.38,3.89,3.46,4.28,8.098375691707215,3.4499897893231415,3.290165
2018-12-24 02:30:00,3.42,3.38,3.49,3.71,7.915364710797231,3.406582741014322,3.2779975
2018-12-24 02:45:00,4.0,3.35,3.42,4.32,7.731309082443769,3.3869792282794298,3.2756722
2018-12-24 03:00:00,4.07,3.49,3.42,3.82,8.905771571190787,3.4077586426656863,3.2866335
2018-12-24 03:15:00,4.14,3.38,3.46,3.53,8.659266767574561,3.4323097060320085,3.247329
2018-12-24 03:30:00,4.1,3.42,3.42,3.53,8.479120983044059,3.4364569794056594,3.2994444
2018-12-24 03:45:00,3.96,4.0,3.53,3.53,8.486476065246304,3.450769106461217,3.2766476
2018-12-24 04:00:00,3.35,4.07,3.46,3.6,9.562404419933753,3.4643134455440245,3.2265553
2018-12-24 04:15:00,3.38,4.14,3.42,3.53,9.299146863363479,3.484284251552311,3.2391157
2018-12-24 04:30:00,3.64,4.1,3.6,3.53,8.962246054730993,3.741959289190028,3.6632676
2018-12-24 04:45:00,4.07,3.96,4.14,4.1,8.98401339930209,3.819459275083002,3.6550272
2018-12-24 05:00:00,3.42,3.35,5.18,4.25,10.155732636787778,3.3848705806133683,3.2781386
2018-12-24 05:15:00,3.31,3.38,4.64,4.28,9.733823025771425,3.385099371024512,3.325752
2018-12-24 05:30:00,3.35,3.64,4.1,4.25,9.299823448799433,3.5590603637356133,3.305831
2018-12-24 05:45:00,3.35,4.07,3.49,3.64,8.845560558543529,3.6844157312044814,3.3897896
2018-12-24 06:00:00,3.35,3.42,3.38,3.49,9.473326783819292,3.3521945066647536,3.2507648
2018-12-24 06:15:00,3.38,3.31,3.35,3.46,8.950327653465703,3.327381681235068,3.214321
2018-12-24 06:30:00,3.6,3.35,3.46,4.32,8.745142485751852,3.3615143072907356,3.2664104
2018-12-24 06:45:00,4.03,3.35,3.38,3.6,7.956068009022875,3.4424281124748246,3.3294327
2018-12-24 07:00:00,4.0,3.35,3.38,3.42,8.67446215240427,3.4429932555348532,3.3753784
2018-12-24 07:15:00,3.96,3.38,3.38,3.49,8.108079812581781,3.4586821019869,3.4918823
2018-12-24 07:30:00,4.54,3.6,3.38,4.36,7.8697122135449185,3.5958309677698352,3.6813624
2018-12-24 07:45:00,5.36,4.03,3.42,6.19,8.271226991048291,5.344701208121819,5.698319
2018-12-24 08:00:00,6.52,4.0,3.49,6.3,9.342859394505727,7.439228119047901,5.563835
2018-12-24 08:15:00,21.89,3.96,4.07,6.48,18.707651419558154,32.50651138757415,16.757835
2018-12-24 08:30:00,59.62,4.54,4.97,53.35,37.598725435094416,61.74823634828269,60.595325
2018-12-24 08:45:00,64.58,5.36,4.82,46.94,33.73964253269328,67.73008240671125,62.917736
2018-12-24 09:00:00,67.18,6.52,4.28,52.06,36.83298299806496,71.18035690785506,68.10757
2018-12-24 09:15:00,69.44,21.89,3.92,54.83,42.28783797573583,69.95956634982073,65.28173
2018-12-24 09:30:00,65.38,59.62,3.71,56.12,60.74008349597456,68.24581289485904,64.224884
2018-12-24 09:45:00,67.0,64.58,3.64,58.0,65.39457855813357,65.9233034223451,64.236084
2018-12-24 10:00:00,56.27,67.18,3.64,50.08,59.18026520287478,63.810136821549655,62.74479
2018-12-24 10:15:00,54.18,69.44,3.67,46.04,58.7373258158373,64.4677346910235,63.895916
2018-12-24 10:30:00,58.39,65.38,3.71,49.54,59.06708183778014,64.68883268177578,61.391113
2018-12-24 10:45:00,54.86,67.0,3.71,54.14,60.559007805138506,64.82245895823675,64.05553
2018-12-24 11:00:00,54.18,56.27,3.74,53.78,63.1828229892308,63.359349571580545,67.69309
2018-12-24 11:15:00,55.55,54.18,3.78,52.67,65.83456050486015,62.15219892611774,68.67854
2018-12-24 11:30:00,53.21,58.39,3.71,55.84,62.982699646434114,63.01100057810609,63.790913
2018-12-24 11:45:00,53.03,54.86,3.74,49.64,59.44212660123289,61.166652598697425,59.00116
2018-12-24 12:00:00,40.64,54.18,3.96,54.5,59.24969514671916,59.88558551555357,55.5672
2018-12-24 12:15:00,6.91,55.55,4.86,11.12,22.09950021499436,11.046655780323771,9.520388
2018-12-24 12:30:00,6.91,53.21,5.54,7.06,18.459235625580703,9.21074987637884,6.1947665
2018-12-24 12:45:00,6.48,53.03,4.54,7.13,17.56876974710992,9.094506308969311,6.542677
2018-12-24 13:00:00,6.12,40.64,4.36,8.21,17.18202588702337,9.954997071895635,6.8409176
2018-12-24 13:15:00,34.49,6.91,3.67,33.26,31.223497659382,45.69055878636585,42.006855
2018-12-24 13:30:00,46.98,6.91,3.67,56.99,45.31313380446453,58.91637807222687,60.75022
2018-12-24 13:45:00,38.2,6.48,3.67,56.59,40.13996378405669,60.21040252334813,61.514435
2018-12-24 14:00:00,37.84,6.12,3.67,55.08,33.18639548876794,55.088554386188854,57.66846
2018-12-24 14:15:00,43.45,34.49,3.71,51.05,50.47966172287488,60.51667836756191,63.028934
2018-12-24 14:30:00,63.9,46.98,3.67,47.95,57.45593106385354,59.841344692017856,60.28733
2018-12-24 14:45:00,38.48,38.2,3.67,57.82,51.090013623448726,57.80995391953946,55.298748
2018-12-24 15:00:00,38.12,37.84,3.67,59.11,46.910453059288756,56.915813533938014,55.58404
2018-12-24 15:15:00,45.25,43.45,3.64,60.62,49.81406105302656,56.77410361274055,52.55366
2018-12-24 15:30:00,51.12,63.9,3.67,53.6,57.061557008771146,63.006196335038425,59.806778
2018-12-24 15:45:00,45.72,38.48,3.74,60.44,52.33293850050687,57.20362939755166,52.06731
2018-12-24 16:00:00,51.7,38.12,4.36,67.5,54.67208438269837,56.45724296322174,52.513912
2018-12-24 16:15:00,47.2,45.25,4.36,85.86,61.029255257122315,57.282736198362365,55.087044
2018-12-24 16:30:00,69.55,51.12,5.0,82.33,54.33924790523349,57.66985471855616,56.59573
2018-12-24 16:45:00,44.82,45.72,5.33,59.8,46.83180050543372,56.44821400593542,55.49751
2018-12-24 17:00:00,40.86,51.7,3.6,60.37,50.68761325982112,57.09790268636766,53.75037
2018-12-24 17:15:00,33.66,47.2,3.56,56.38,51.690593864204516,55.368970699837554,51.376446
2018-12-24 17:30:00,9.86,69.55,3.6,52.99,60.501287641889846,59.01271554175848,57.62751
2018-12-24 17:45:00,6.73,44.82,3.67,35.35,41.883329793930706,35.363525778694694,34.21975
2018-12-24 18:00:00,5.29,40.86,3.49,31.32,35.4891003504082,32.44731300010716,31.047043
2018-12-24 18:15:00,5.22,33.66,3.49,16.09,26.585419315021095,27.920598205713414,28.016872
2018-12-24 18:30:00,5.18,9.86,3.49,6.37,17.88800030567639,11.5917492949205,12.9166975
2018-12-24 18:45:00,5.33,6.73,3.64,5.8,16.28563508417882,7.058180241777791,11.002941
2018-12-24 19:00:00,5.04,5.29,3.64,5.54,15.404411735858481,4.5065568526210615,9.640209
2018-12-24 19:15:00,4.14,5.22,4.03,5.54,10.078687517117572,4.503177911007748,7.9572215
2018-12-24 19:30:00,4.18,5.18,4.25,5.62,7.968053227313796,4.462147154374794,7.8282905
2018-12-24 19:45:00,4.1,5.33,4.28,5.54,7.445398437335285,4.539258972729104,7.9170356
2018-12-24 20:00:00,4.18,5.04,4.25,5.62,8.586524415945135,4.496725976692164,7.805313
2018-12-24 20:15:00,4.1,4.14,4.0,5.54,-0.06365481983210586,3.9595678751343506,4.0363145
2018-12-24 20:30:00,4.14,4.18,3.49,4.75,-0.24242092724297848,3.9302612927282334,4.1183705
2018-12-24 20:45:00,4.21,4.1,4.21,4.46,-0.2840649763863574,3.9177095989280093,4.076752
2018-12-24 21:00:00,4.18,4.18,4.14,4.46,0.8463938354391694,3.982176619290857,3.9518027
2018-12-24 21:15:00,4.18,4.1,3.49,4.43,0.7917248494297873,3.9622348575155235,3.903991
2018-12-24 21:30:00,4.14,4.14,3.42,4.43,0.8751448862984113,3.9655733873879693,3.956468
2018-12-24 21:45:00,4.18,4.21,3.46,4.46,0.8563597700521264,3.9540751637673854,3.96327
2018-12-24 22:00:00,5.4,4.18,3.53,4.46,2.248797549561889,3.9404734649642235,3.8514292
2018-12-24 22:15:00,4.5,4.18,3.2,4.14,10.706452527067189,3.913759393437339,4.003609
2018-12-24 22:30:00,3.92,4.14,3.2,4.18,10.917974162423889,3.910883451801128,3.9480608
2018-12-24 22:45:00,3.89,4.18,3.2,4.21,11.057008302737959,3.916864130931219,3.9745622
2018-12-24 23:00:00,3.85,5.4,3.96,4.18,13.128260673486913,4.195731984657792,4.1017733
2018-12-24 23:15:00,3.85,4.5,4.0,4.14,5.807185929551,4.041175580518856,3.8251624
2018-12-24 23:30:00,3.82,3.92,4.0,4.07,5.66642332434024,3.8633041751749193,3.7147539
2018-12-24 23:45:00,3.85,3.89,4.0,4.07,5.892321172561228,3.838161068588855,3.7387688
2018-12-25 00:00:00,3.13,3.85,3.78,4.14,4.187651905452729,5.317848594114195,4.3539076
2018-12-25 00:15:00,3.85,3.85,3.35,5.22,4.400028855537915,3.7006103154615757,4.3329453
2018-12-25 00:30:00,3.92,3.82,3.38,4.68,4.279792101961771,3.6830560479382455,3.8389487
2018-12-25 00:45:00,3.89,3.85,3.38,4.14,4.213272467974878,3.6903197832031855,3.9234123
2018-12-25 01:00:00,3.85,3.13,3.96,4.1,5.347181268332452,3.3680665218094417,3.34065
2018-12-25 01:15:00,3.56,3.85,3.89,4.18,5.6264747455175375,3.6065561410639617,3.5183825
2018-12-25 01:30:00,3.2,3.92,3.38,4.07,5.581047811105453,3.5889599138114816,3.582003
2018-12-25 01:45:00,3.92,3.89,3.35,4.18,5.6028515159584735,3.6026301187943948,3.6008608
2018-12-25 02:00:00,3.64,3.85,3.49,4.1,6.66938732587823,3.54193952764603,3.7369096
2018-12-25 02:15:00,3.17,3.56,3.38,4.18,6.779325813844512,3.61932408300092,3.550825
2018-12-25 02:30:00,3.17,3.2,3.42,4.14,6.815758251421197,3.3297831989707443,3.342623
2018-12-25 02:45:00,3.2,3.92,4.0,4.21,6.8133910674747575,3.589626179960831,3.68635
2018-12-25 03:00:00,3.24,3.64,4.07,4.18,7.943374156497409,3.563410966650845,3.474095
2018-12-25 03:15:00,3.2,3.17,4.14,3.6,7.643601849312798,3.311397485832695,3.33323
2018-12-25 03:30:00,3.2,3.17,4.1,3.42,7.444637967483676,3.2761362956583846,3.282588
2018-12-25 03:45:00,3.28,3.2,3.96,3.42,7.14831755274631,3.2506240117091107,3.1569495
2018-12-25 04:00:00,3.96,3.24,3.35,3.38,7.950535863652238,3.306736764995592,3.3030255
2018-12-25 04:15:00,3.96,3.2,3.38,3.42,7.6884921114719695,3.30828439187441,3.3334012
2018-12-25 04:30:00,3.92,3.2,3.64,3.71,7.564012234500392,3.314551627167049,3.2800741
2018-12-25 04:45:00,3.89,3.28,4.07,4.18,7.5706098470802665,3.3740199468575014,3.295771
2018-12-25 05:00:00,3.35,3.96,3.42,3.53,8.79807191549283,3.301134122520301,3.1616123
2018-12-25 05:15:00,3.24,3.96,3.31,3.46,8.371914952771743,3.390795682592567,3.2532892
2018-12-25 05:30:00,3.35,3.92,3.35,3.38,7.9118114802403845,3.416696546816164,3.3822412
2018-12-25 05:45:00,3.96,3.89,3.35,4.03,7.487955966105648,3.571003630646363,3.8798676
2018-12-25 06:00:00,3.71,3.35,3.35,4.14,8.426871552154136,3.355559413666826,3.3951528
2018-12-25 06:15:00,3.17,3.24,3.38,3.6,7.860800401046948,3.317582819414794,3.3185987
2018-12-25 06:30:00,3.2,3.35,3.6,3.38,7.383304905940502,3.2732088908164005,3.2235904
2018-12-25 06:45:00,3.2,3.96,4.03,3.35,7.166606567889101,3.4806418201686284,3.5460203
2018-12-25 07:00:00,3.17,3.71,4.0,3.31,7.832986862266427,3.4241998042182673,3.4951394
2018-12-25 07:15:00,3.24,3.17,3.96,3.28,7.082052533187007,3.2282109963226486,3.3127427
2018-12-25 07:30:00,3.85,3.2,4.54,3.42,6.702124150271278,3.380784729293689,3.5984893
2018-12-25 07:45:00,3.92,3.2,5.36,5.58,6.925712576180043,4.966111705620416,4.381644
2018-12-25 08:00:00,3.89,3.17,6.52,7.27,8.306920765961475,5.630323143307547,7.144036
2018-12-25 08:15:00,3.89,3.24,21.89,38.38,23.97869363722571,37.249077990691866,27.641954
2018-12-25 08:30:00,3.49,3.85,59.62,72.86,45.08776637217811,57.36995538040714,43.547096
2018-12-25 08:45:00,3.24,3.92,64.58,66.42,42.26924278744235,58.46854214736931,45.25029
2018-12-25 09:00:00,3.38,3.89,67.18,81.4,46.43756743007164,59.002899980059084,45.928684
2018-12-25 09:15:00,3.49,3.89,69.44,66.28,43.08117176092794,4.045631314755447,9.876985
2018-12-25 09:30:00,3.46,3.49,65.38,78.3,43.505434750277445,3.739242249203751,7.418773
2018-12-25 09:45:00,3.82,3.24,67.0,77.72,45.17346036733733,3.706659558274842,7.7434783
2018-12-25 10:00:00,3.96,3.38,56.27,74.59,41.34379707581809,3.694870782379659,6.9755955
2018-12-25 10:15:00,3.42,3.49,54.18,63.04,37.58143296987302,3.7053288107386835,5.4155016
2018-12-25 10:30:00,3.53,3.46,58.39,58.68,36.85594574761031,3.703704483968755,5.910865
2018-12-25 10:45:00,3.46,3.82,54.86,62.96,36.671919346232166,3.6911195708018005,5.289225
2018-12-25 11:00:00,3.46,3.96,54.18,68.36,41.23499377496822,3.740742878782434,8.961701
2018-12-25 11:15:00,3.78,3.42,55.55,60.05,42.65299116664539,3.7289832239732488,8.428872
2018-12-25 11:30:00,4.18,3.53,53.21,58.82,37.588913908171314,3.7578020959969898,6.2389603
2018-12-25 11:45:00,4.28,3.46,53.03,64.73,38.60642143292409,3.757767592842264,6.048793
2018-12-25 12:00:00,4.18,3.46,40.64,67.54,36.68304734831503,3.8837834502763493,6.240309
2018-12-25 12:15:00,4.07,3.78,6.91,8.14,2.029011460952109,3.938817553654616,4.7995763
2018-12-25 12:30:00,3.56,4.18,6.91,8.64,0.06229129381204146,3.841972845243068,3.3357065
2018-12-25 12:45:00,3.53,4.28,6.48,8.78,-0.7510673764772626,3.8843519557620865,4.2681036
2018-12-25 13:00:00,3.53,4.18,6.12,9.4,-0.26268095485578513,3.9150439995006803,3.4895487
2018-12-25 13:15:00,5.04,4.07,34.49,52.45,22.891374002156482,4.20735505260667,5.9419165
2018-12-25 13:30:00,4.07,3.56,46.98,67.46,35.089703886425404,4.0825246039052905,6.2210865
2018-12-25 13:45:00,3.42,3.53,38.2,62.53,30.662937247477245,4.010169776936658,6.97139
2018-12-25 14:00:00,3.42,3.53,37.84,62.46,32.0118261284447,3.827214001034453,6.429618
2018-12-25 14:15:00,3.49,5.04,43.45,67.18,39.16368289716153,42.13688386786521,49.64973
2018-12-25 14:30:00,3.46,4.07,63.9,113.51,49.54250384157511,41.83186599382993,7.2502112
2018-12-25 14:45:00,3.53,3.42,38.48,99.5,40.20439899450361,30.660673012915314,7.559166
2018-12-25 15:00:00,4.14,3.42,38.12,68.0,36.983388875494796,30.800378012937806,13.109762
2018-12-25 15:15:00,4.14,3.49,45.25,120.82,45.55377727270499,3.7887058140428946,5.42765
2018-12-25 15:30:00,4.14,3.46,51.12,79.45,37.12058845895125,3.8794720585703333,5.398053
2018-12-25 15:45:00,4.1,3.53,45.72,117.68,45.07383081679089,3.892354364411726,6.063558
2018-12-25 16:00:00,3.67,4.14,51.7,114.08,46.547576128543724,3.8326722162340996,6.0174923
2018-12-25 16:15:00,3.46,4.14,47.2,106.27,44.491632484979135,3.8901115888848947,9.746409
2018-12-25 16:30:00,3.42,4.14,69.55,93.28,38.22818862557697,4.004407811764687,4.36813
2018-12-25 16:45:00,3.46,4.1,44.82,127.58,41.106112659744,4.274807876151002,5.565499
2018-12-25 17:00:00,3.42,3.67,40.86,94.61,38.54717531268673,3.9678115644328074,6.0670404
2018-12-25 17:15:00,3.46,3.46,33.66,101.02,32.76562780470357,3.8986317335760168,3.8040636
2018-12-25 17:30:00,4.0,3.42,9.86,112.14,30.381563721097436,3.783096304504551,5.2499595
2018-12-25 17:45:00,4.0,3.46,6.73,68.08,15.910932276547006,3.7985280615330543,4.0172377
2018-12-25 18:00:00,3.38,3.42,5.29,15.95,0.7182327443218988,3.5448152447680066,3.9158301
2018-12-25 18:15:00,3.38,3.46,5.22,7.16,-5.446001441294609,3.5458953501005395,4.5362124
2018-12-25 18:30:00,3.74,4.0,5.18,5.58,-5.725612403960884,3.461910083412171,3.8825247
2018-12-25 18:45:00,4.1,4.0,5.33,5.65,-5.771665576861363,3.4533065224836066,4.3637033
2018-12-25 19:00:00,4.18,3.38,5.04,5.0,-5.007580724671261,3.3755018919811257,4.2268453
2018-12-25 19:15:00,4.1,3.38,4.14,4.5,-5.336021374561877,3.375257174553207,3.7281086
2018-12-25 19:30:00,4.18,3.74,4.18,4.39,-5.377096886371174,3.5995253944884884,3.6918855
2018-12-25 19:45:00,3.64,4.1,4.1,4.43,-5.320414108153901,3.635300250692134,3.4582112
2018-12-25 20:00:00,3.46,4.18,4.18,4.39,-4.060416412140992,3.4547923738940147,3.4703474
2018-12-25 20:15:00,3.46,4.1,4.1,4.43,-4.18689571090405,3.5832796368718314,3.5402484
2018-12-25 20:30:00,3.38,4.18,4.14,4.36,-4.2014839064944205,3.8683033885044007,4.0477185
2018-12-25 20:45:00,3.42,3.64,4.21,4.39,-4.2296884610703,3.662812195475209,3.568581
2018-12-25 21:00:00,3.42,3.46,4.18,4.43,-2.905299595965129,3.4251798151234514,3.4752297
2018-12-25 21:15:00,3.42,3.46,4.18,4.39,-2.8026559912293827,3.4186151013524895,3.505915
2018-12-25 21:30:00,4.03,3.38,4.14,4.46,-2.8134953650760544,3.4319143581358853,3.4235141
2018-12-25 21:45:00,4.14,3.42,4.18,4.39,-2.948975807648761,3.4936237172630067,3.4546313
2018-12-25 22:00:00,3.49,3.42,5.4,4.39,-1.3498591532368032,3.497554507204085,3.404602
2018-12-25 22:15:00,3.2,3.42,4.5,4.25,-1.490431552249948,3.4647505792879034,3.786064
2018-12-25 22:30:00,3.85,4.03,3.92,5.18,-0.9082176448680706,3.4082039367462853,3.4461894
2018-12-25 22:45:00,3.89,4.14,3.89,5.15,-0.7252852067736804,3.438821710097473,3.5358055
2018-12-25 23:00:00,3.89,3.49,3.85,4.14,0.23030035311411368,3.45933756223496,3.51642
2018-12-25 23:15:00,3.85,3.2,3.85,4.14,0.1805726557077243,3.3914369595533738,3.413535
2018-12-25 23:30:00,3.64,3.85,3.82,4.14,0.4391516480108315,3.582800166934609,3.700446
2018-12-25 23:45:00,3.31,3.89,3.85,4.1,0.4702381585695754,3.552408970201362,3.6972427
2018-12-26 00:00:00,3.67,3.89,3.13,3.92,-0.06751046686545337,3.4722171080876305,4.694104
2018-12-26 00:15:00,3.24,3.85,3.85,4.14,-0.023912827861916952,3.5363015434358127,3.6644623
2018-12-26 00:30:00,3.24,3.64,3.92,4.14,0.07575211755196065,3.6044762076964307,3.5570557
2018-12-26 00:45:00,3.2,3.31,3.89,4.14,0.10365690526741034,3.4643882560024957,3.3775487
2018-12-26 01:00:00,3.31,3.67,3.85,4.21,1.6942793586543594,3.5773730050534716,3.6842308
2018-12-26 01:15:00,3.24,3.24,3.56,4.14,1.5650320792003818,3.4523046614094848,3.516583
2018-12-26 01:30:00,3.28,3.24,3.2,4.14,1.5192577180382223,3.315638254134617,3.252191
2018-12-26 01:45:00,3.24,3.2,3.92,4.18,1.5481275272583908,3.3162564194041364,3.2113032
2018-12-26 02:00:00,3.24,3.31,3.64,4.18,2.7728393376521687,3.436674662893584,3.4658217
2018-12-26 02:15:00,3.78,3.24,3.17,4.93,2.9129561175966465,3.42328566250087,3.4506392
2018-12-26 02:30:00,3.96,3.28,3.17,5.26,3.0555578430689785,3.461425093886686,3.478328
2018-12-26 02:45:00,4.97,3.24,3.2,4.14,2.531829657988329,3.436807410222572,3.7665472
2018-12-26 03:00:00,4.36,3.24,3.24,4.14,3.7505433630507348,3.431584185163466,3.7979853
2018-12-26 03:15:00,3.71,3.78,3.2,4.1,3.9734541443479863,3.3410711187614623,3.5146313
2018-12-26 03:30:00,3.28,3.96,3.2,4.25,3.9441687768792413,3.426213708665373,3.5631487
2018-12-26 03:45:00,3.31,4.97,3.28,3.82,4.065139443830969,3.575569304870866,4.572815
2018-12-26 04:00:00,3.28,4.36,3.96,3.49,4.816237199516909,3.7688113976149604,3.2650993
2018-12-26 04:15:00,3.28,3.71,3.96,3.42,4.408202577518583,3.695341900310445,3.4125476
2018-12-26 04:30:00,3.2,3.28,3.92,3.42,4.132065341248573,3.4141307861495442,3.2189953
2018-12-26 04:45:00,3.24,3.31,3.89,3.49,3.9262133525606835,3.2786174855005226,3.6058846
2018-12-26 05:00:00,3.28,3.28,3.35,3.38,4.779368547972371,3.298171203705169,3.1642158
2018-12-26 05:15:00,3.2,3.28,3.24,3.42,4.229931460332256,3.4119909430278996,3.3643131
2018-12-26 05:30:00,3.24,3.2,3.35,3.38,3.797649453786409,3.380324838916454,3.2888753
2018-12-26 05:45:00,3.2,3.24,3.96,3.42,3.4795188947154934,3.3885059234874406,3.3283944
2018-12-26 06:00:00,4.79,3.28,3.71,3.42,4.360267885519331,3.3960346006791418,3.339697
2018-12-26 06:15:00,4.86,3.2,3.17,4.07,3.9467391569976478,3.3991033774761283,3.406387
2018-12-26 06:30:00,3.92,3.24,3.2,4.18,3.4871069872288665,3.4095665766080145,3.3355274
2018-12-26 06:45:00,3.82,3.2,3.2,3.96,2.971393566117886,3.3879977033391673,3.8715844
2018-12-26 07:00:00,3.35,4.79,3.17,4.1,4.630124934931228,3.4991640502638015,4.2616105
2018-12-26 07:15:00,3.17,4.86,3.24,4.1,4.1221614291930955,3.7252343654043543,4.856373
2018-12-26 07:30:00,3.42,3.92,3.85,4.07,3.2990228608209797,3.902376820166726,3.9835026
2018-12-26 07:45:00,4.82,3.82,3.92,5.76,3.1572953987451164,6.1594706503742085,4.491648
2018-12-26 08:00:00,5.0,3.35,3.89,6.23,4.292245841231274,6.01326913262329,5.0402493
2018-12-26 08:15:00,34.52,3.17,3.89,36.14,16.663901706286552,15.694339468062992,15.694907
2018-12-26 08:30:00,48.06,3.42,3.49,70.81,32.23707695367932,52.95148995626691,30.830837
2018-12-26 08:45:00,78.23,4.82,3.24,59.54,28.961119000845766,75.7701673283077,59.31191
2018-12-26 09:00:00,51.08,5.0,3.38,63.86,30.63380504423189,76.03088842175733,64.7587
2018-12-26 09:15:00,70.99,34.52,3.49,77.4,46.1756831291533,69.87899165093904,58.914417
2018-12-26 09:30:00,65.74,48.06,3.46,65.23,49.40699519905323,59.524001822450614,58.679173
2018-12-26 09:45:00,52.96,78.23,3.82,69.3,64.16935094902762,78.10497779004886,72.99449
2018-12-26 10:00:00,55.44,51.08,3.96,61.13,45.82529308164412,58.86791992637269,56.770058
2018-12-26 10:15:00,52.06,70.99,3.42,61.16,60.20721201861501,72.02850730404643,65.944695
2018-12-26 10:30:00,57.64,65.74,3.53,70.42,59.37689545434776,66.67560605380753,67.102165
2018-12-26 10:45:00,62.21,52.96,3.46,63.68,54.85546620400939,62.24009985548857,64.1387
2018-12-26 11:00:00,45.58,55.44,3.46,83.09,60.62959420321674,62.452561161056764,60.726055
2018-12-26 11:15:00,54.58,52.06,3.78,140.8,72.43622947254947,63.672373723938435,66.471085
2018-12-26 11:30:00,55.15,57.64,4.18,110.88,63.203918722955564,61.016743111386205,59.678867
2018-12-26 11:45:00,58.64,62.21,4.28,115.13,65.26663952715218,64.13341840959384,61.207775
2018-12-26 12:00:00,31.28,45.58,4.18,101.99,58.47334588918674,52.429007082716964,57.96376
2018-12-26 12:15:00,6.77,54.58,4.07,12.13,18.56563147186219,8.378247967995131,7.518648
2018-12-26 12:30:00,7.09,55.15,3.56,6.66,15.99774562869559,6.630131129974123,6.26507
2018-12-26 12:45:00,6.95,58.64,3.53,6.8,16.217557086697802,6.593579770238102,6.0858836
2018-12-26 13:00:00,6.41,31.28,3.53,6.98,10.316690174261975,6.489331173351513,5.7192497
2018-12-26 13:15:00,20.66,6.77,5.04,62.42,29.385623541017118,46.03487969064971,43.427612
2018-12-26 13:30:00,59.9,7.09,4.07,116.46,47.54655695198723,51.84400514152399,59.22821
2018-12-26 13:45:00,55.3,6.95,3.42,89.86,36.181468696452086,54.45379032365283,59.4224
2018-12-26 14:00:00,51.41,6.41,3.42,98.03,31.884012523551494,52.12117507412825,55.570637
2018-12-26 14:15:00,57.02,20.66,3.49,149.18,51.09678360416379,55.914411161761464,67.40331
2018-12-26 14:30:00,43.06,59.9,3.46,116.64,63.14331580226829,70.79058060553247,69.4467
2018-12-26 14:45:00,41.4,55.3,3.53,105.48,56.748730625295465,61.1142254362461,56.783684
2018-12-26 15:00:00,52.92,51.41,4.14,145.22,62.81746310688291,56.66232103235752,58.68505
2018-12-26 15:15:00,53.42,57.02,4.14,101.38,45.65692488530212,61.084630005775374,56.31171
2018-12-26 15:30:00,40.68,43.06,4.14,130.46,51.65503100815792,57.509611752144664,56.429855
2018-12-26 15:45:00,40.64,41.4,4.1,115.24,47.41956526455293,53.57235225390504,51.15717
2018-12-26 16:00:00,41.47,52.92,3.67,125.21,54.292352584996976,60.34447424888441,56.045715
2018-12-26 16:15:00,56.2,53.42,3.46,133.56,56.89320816533086,59.25767066347099,60.968044
2018-12-26 16:30:00,59.04,40.68,3.42,81.65,38.49482145669952,57.49984515564149,51.59682
2018-12-26 16:45:00,54.68,40.64,3.46,62.68,32.56692236547585,54.009987945969435,49.28877
2018-12-26 17:00:00,57.67,41.47,3.42,125.5,49.44067412849871,51.64653539813557,50.60695
2018-12-26 17:15:00,54.79,56.2,3.46,68.0,47.70485369291815,58.51164385707815,49.190716
2018-12-26 17:30:00,34.42,59.04,4.0,40.5,39.211457256286465,48.50216486666495,42.13073
2018-12-26 17:45:00,9.5,54.68,4.0,31.68,32.72956156859098,33.96485983323664,31.457705
2018-12-26 18:00:00,5.22,57.67,3.38,26.82,27.249673007427422,32.08524632022023,28.989784
2018-12-26 18:15:00,5.04,54.79,3.38,5.98,19.038364005994055,32.067197268608574,23.256876
2018-12-26 18:30:00,5.04,34.42,3.74,5.47,16.58850161248134,29.78470222921284,19.65085
2018-12-26 18:45:00,5.08,9.5,4.1,5.54,14.0930272935992,10.456657378850228,11.390863
2018-12-26 19:00:00,5.08,5.22,4.18,5.44,15.10564293501842,4.778587062165535,10.070936
2018-12-26 19:15:00,4.68,5.04,4.1,5.47,11.232877320286796,4.501499138437776,8.32662
2018-12-26 19:30:00,3.92,5.04,4.18,5.47,4.781191651219995,4.4981718393743195,7.566345
2018-12-26 19:45:00,3.89,5.08,3.64,5.4,2.2539001547932713,4.500174353998876,7.6199646
2018-12-26 20:00:00,3.85,5.08,3.46,5.33,3.2187664549065786,4.59618076307729,7.8329616
2018-12-26 20:15:00,3.89,4.68,3.46,5.36,-5.356006160181568,4.416066847104797,4.3657937
2018-12-26 20:30:00,3.89,3.92,3.38,5.33,-5.431050070041255,3.89178015373625,3.8788006
2018-12-26 20:45:00,3.96,3.89,3.42,5.44,-5.348349400473264,3.8532292295009474,3.945975
2018-12-26 21:00:00,3.89,3.85,3.42,5.4,-4.104777197241322,3.7496573130551942,3.726661
2018-12-26 21:15:00,3.96,3.89,3.42,5.4,-4.18656880575622,3.7173349729438723,3.9189239
2018-12-26 21:30:00,4.0,3.89,4.03,5.04,-4.149391639519532,3.7218974938111433,3.9569929
2018-12-26 21:45:00,3.96,3.96,4.14,4.25,-4.316023508083848,3.7426788441604217,3.8824368
2018-12-26 22:00:00,4.07,3.89,3.49,4.39,-2.9051122562902414,3.7238586349360494,3.695823
2018-12-26 22:15:00,4.0,3.96,3.2,4.03,5.504159020199925,3.7153166005507767,3.7294497
2018-12-26 22:30:00,4.9,4.0,3.85,4.03,5.65925548968481,3.7315048940857825,3.6235757
2018-12-26 22:45:00,4.1,3.96,3.89,3.96,5.786813370853331,3.7257693324519034,3.6171565
2018-12-26 23:00:00,3.71,4.07,3.89,4.07,7.289719872804426,3.7681763359063187,3.6933632
2018-12-26 23:15:00,3.74,4.0,3.85,4.03,0.23895834666767612,3.777514759696574,3.712475
2018-12-26 23:30:00,3.64,4.9,3.64,3.92,0.6869552764070015,4.034361633540109,6.008486
2018-12-26 23:45:00,3.67,4.1,3.31,3.96,0.4516441228167629,3.851673762381331,3.65299
2018-12-27 00:00:00,3.74,3.71,3.67,3.89,1.7993525988693797,6.795990587578113,3.6344328
2018-12-27 00:15:00,3.64,3.74,3.24,4.03,1.902599970242722,3.685670469243763,3.6208787
2018-12-27 00:30:00,3.74,3.64,3.24,4.03,1.857574861238728,3.598397760506377,3.5960972
2018-12-27 00:45:00,3.71,3.67,3.2,4.0,1.8089118606857504,3.6182553919125575,3.7058656
2018-12-27 01:00:00,3.71,3.74,3.31,4.0,3.291277138955852,3.6230708960294025,3.7153354
2018-12-27 01:15:00,3.67,3.64,3.24,4.0,3.298304902145201,3.619941599541191,3.7420762
2018-12-27 01:30:00,3.67,3.74,3.28,4.1,3.3143361222070418,3.5858280117341814,3.7170138
2018-12-27 01:45:00,3.78,3.71,3.24,4.0,3.268867411941688,3.593598080411094,3.756654
2018-12-27 02:00:00,4.18,3.71,3.24,4.07,4.540707894434444,3.609975634565063,3.6983867
2018-12-27 02:15:00,4.86,3.67,3.78,4.43,4.665156549605964,3.590362951374475,3.7061536
2018-12-27 02:30:00,4.21,3.67,3.96,5.18,4.852085432714073,3.632548606212594,3.7468762
2018-12-27 02:45:00,3.71,3.78,4.97,4.1,4.733033469400372,3.6035890517057374,3.6761382
2018-12-27 03:00:00,3.78,4.18,4.36,4.0,6.013932299963681,3.61996229615063,3.5923111
2018-12-27 03:15:00,3.67,4.86,3.71,4.1,6.232885340942158,3.8402125625892327,3.7816017
2018-12-27 03:30:00,3.71,4.21,3.28,4.03,5.752554645851628,3.772358730501488,3.5735803
2018-12-27 03:45:00,3.24,3.71,3.31,4.1,5.337232862320736,3.708381087325817,3.5283275
2018-12-27 04:00:00,3.02,3.78,3.28,3.31,6.3113552871177525,3.6724864583682346,3.4379914
2018-12-27 04:15:00,2.99,3.67,3.28,3.35,5.98273245486185,3.563639675616098,3.4741356
2018-12-27 04:30:00,2.99,3.71,3.2,3.46,5.651071438117089,3.60395349081418,3.600951
2018-12-27 04:45:00,2.95,3.24,3.24,3.38,5.371309113523143,3.2736686208900143,3.2553747
2018-12-27 05:00:00,2.95,3.02,3.28,3.35,6.241075816392371,3.224456713263641,3.0781531
2018-12-27 05:15:00,2.95,2.99,3.2,3.35,5.762299228709484,3.1979191751590004,3.0268755
2018-12-27 05:30:00,2.95,2.99,3.24,3.38,5.285807434773336,3.2142309442200023,3.0303924
2018-12-27 05:45:00,2.95,2.95,3.2,3.38,4.741485057612156,3.1502783524867595,3.133869
2018-12-27 06:00:00,3.42,2.95,4.79,3.92,5.982737684625949,3.1881884163246883,3.253278
2018-12-27 06:15:00,3.74,2.95,4.86,3.67,5.501633802714284,3.1812009488487485,3.4998612
2018-12-27 06:30:00,4.86,2.95,3.92,3.35,4.747362120322993,3.1495148787948044,3.4999845
2018-12-27 06:45:00,4.21,2.95,3.82,4.0,4.388318507615313,3.198365891479925,3.6848834
2018-12-27 07:00:00,3.6,3.42,3.35,4.03,5.371854739832745,3.141327241674205,3.1583538
2018-12-27 07:15:00,2.88,3.74,3.17,3.96,4.923653757512117,3.133476819438981,3.1777725
2018-12-27 07:30:00,3.2,4.86,3.42,4.18,5.028206511105015,3.7236178176031074,3.8305192
2018-12-27 07:45:00,4.9,4.21,4.82,4.79,4.643387641164093,6.048796434642376,5.304305
2018-12-27 08:00:00,5.65,3.6,5.0,5.87,5.686058898031096,6.163334851263068,4.80398
2018-12-27 08:15:00,32.0,2.88,34.52,39.49,21.835157965205774,51.552761724805414,27.523628
2018-12-27 08:30:00,52.63,3.2,48.06,79.85,38.69910356391772,56.27734586123741,45.702217
2018-12-27 08:45:00,73.66,4.9,78.23,66.96,41.85251488295918,63.99802880423872,62.511993
2018-12-27 09:00:00,63.47,5.65,51.08,63.14,37.23356000435072,60.07233736475218,64.46834
2018-12-27 09:15:00,56.77,32.0,70.99,64.12,52.336948539573925,59.751855923209284,60.39683
2018-12-27 09:30:00,53.93,52.63,65.74,64.37,60.90361920651959,56.35690661165528,57.67146
2018-12-27 09:45:00,59.4,73.66,52.96,83.16,71.66012049044434,72.73423081516219,67.8769
2018-12-27 10:00:00,76.03,63.47,55.44,71.14,59.21090171431793,61.44761158572695,61.37252
2018-12-27 10:15:00,47.81,56.77,52.06,58.72,59.63516996344164,59.58410812706627,59.14182
2018-12-27 10:30:00,45.83,53.93,57.64,68.72,61.592463948826676,58.632382004283585,60.88482
2018-12-27 10:45:00,52.63,59.4,62.21,75.53,64.50880172131167,61.322658288171226,60.182304
2018-12-27 11:00:00,68.69,76.03,45.58,77.51,71.45200644029947,70.5475507618227,64.246735
2018-12-27 11:15:00,51.16,47.81,54.58,64.4,60.079101823429106,55.730147585683866,59.926426
2018-12-27 11:30:00,51.52,45.83,55.15,63.0,58.771791148683796,54.593772338089536,58.05134
2018-12-27 11:45:00,54.83,52.63,58.64,71.46,62.45938422029316,55.09318337460577,58.089634
2018-12-27 12:00:00,59.62,68.69,31.28,71.06,62.261000177134505,59.50151649824056,50.456898
2018-12-27 12:15:00,13.54,51.16,6.77,16.96,20.14649702683061,8.232406077623017,7.1106653
2018-12-27 12:30:00,6.62,51.52,7.09,7.67,16.21349477086494,7.6630346161921485,6.255683
2018-12-27 12:45:00,6.59,54.83,6.95,7.49,16.695229052194343,7.2041768771243735,6.277166
2018-12-27 13:00:00,17.82,59.62,6.41,6.66,17.622340746643104,6.5846847592380415,5.37077
2018-12-27 13:15:00,40.57,13.54,20.66,42.7,26.356500919370852,43.217520950762136,29.830034
2018-12-27 13:30:00,43.7,6.62,59.9,63.07,41.628835602434485,48.98043660922592,55.29753
2018-12-27 13:45:00,46.84,6.59,55.3,71.5,42.11679838969491,48.623704783119734,58.014874
2018-12-27 14:00:00,53.32,17.82,51.41,76.9,37.694900497836684,49.005930851096025,58.893463
2018-12-27 14:15:00,55.01,40.57,57.02,63.5,45.66167447044063,51.173007816934074,55.771667
2018-12-27 14:30:00,61.74,43.7,43.06,78.41,47.96246212191048,50.695469468957675,52.067463
2018-12-27 14:45:00,54.14,46.84,41.4,73.4,41.74251849675184,50.61704302963614,52.65868
2018-12-27 15:00:00,53.5,53.32,52.92,64.44,42.23716931802945,52.84702946270511,51.561886
2018-12-27 15:15:00,44.75,55.01,53.42,60.26,42.65555551464334,55.45646457359935,52.581436
2018-12-27 15:30:00,42.95,61.74,40.68,58.9,41.887506925324494,59.59670963699888,55.248882
2018-12-27 15:45:00,60.84,54.14,40.64,60.59,38.501951777538494,56.18288454188434,54.33293
2018-12-27 16:00:00,63.04,53.5,41.47,56.92,38.9974411316517,54.40739693044748,54.53206
2018-12-27 16:15:00,59.58,44.75,56.2,60.08,41.00273031290571,51.695332816132996,54.175385
2018-12-27 16:30:00,63.22,42.95,59.04,58.68,41.276139687060024,53.99652984582,53.339115
2018-12-27 16:45:00,45.79,60.84,54.68,57.56,44.61251150409146,58.74458826742811,57.609646
2018-12-27 17:00:00,41.58,63.04,57.67,46.51,44.718505980517804,58.741210560731794,52.972843
2018-12-27 17:15:00,54.58,59.58,54.79,58.07,51.58697627844202,58.668255729369385,51.7406
2018-12-27 17:30:00,36.72,63.22,34.42,41.22,39.053097070039826,52.60694373106293,46.11563
2018-12-27 17:45:00,29.38,45.79,9.5,41.51,31.623644923479524,34.29441041815051,31.418009
2018-12-27 18:00:00,28.48,41.58,5.22,24.8,25.204009550217407,35.41249922244743,26.677118
2018-12-27 18:15:00,48.56,54.58,5.04,5.44,22.70729633412558,33.39225082994415,20.628384
2018-12-27 18:30:00,53.82,36.72,5.04,5.18,16.263148697965068,29.67623340983259,21.197044
2018-12-27 18:45:00,53.5,29.38,5.08,5.29,14.347957062723413,24.60663311953167,21.611742
2018-12-27 19:00:00,53.14,28.48,5.08,5.29,15.817747457223689,22.622744256694457,18.191414
2018-12-27 19:15:00,51.01,48.56,4.68,5.29,21.700458846019313,28.777073046273582,22.734907
2018-12-27 19:30:00,47.99,53.82,3.92,4.18,23.435957070002118,25.930164865595255,23.070696
2018-12-27 19:45:00,49.18,53.5,3.89,4.07,22.055288579979656,26.993838550131382,23.351593
2018-12-27 20:00:00,50.33,53.14,3.85,4.1,18.5102907685977,28.44301935764939,24.405457
2018-12-27 20:15:00,50.04,51.01,3.89,4.07,9.927970515583365,29.967753716303182,19.914064
2018-12-27 20:30:00,40.93,47.99,3.89,4.18,9.977005444637083,28.012739341569638,19.782343
2018-12-27 20:45:00,14.51,49.18,3.96,4.1,10.32344414007952,25.786976693913434,18.8497
2018-12-27 21:00:00,8.35,50.33,3.89,4.1,11.650278128801244,24.041702699672378,9.299711
2018-12-27 21:15:00,5.26,50.04,3.96,4.14,11.449831861445542,13.584988458877818,5.3075776
2018-12-27 21:30:00,5.26,40.93,4.0,4.14,10.142417443086519,7.921827402678978,5.3837767
2018-12-27 21:45:00,5.26,14.51,3.96,4.21,7.783048418051781,5.520123857625947,5.3480563
2018-12-27 22:00:00,4.5,8.35,4.07,4.18,9.456226996890866,5.591601204558631,4.566015
2018-12-27 22:15:00,3.89,5.26,4.0,3.85,15.62115783769896,4.429823796758357,3.9903266
2018-12-27 22:30:00,3.85,5.26,4.9,3.85,10.289826119877144,4.428582376575721,4.8814077
2018-12-27 22:45:00,3.82,5.26,4.1,4.64,7.635358062252948,4.404600964504061,4.291383
2018-12-27 23:00:00,3.82,4.5,3.71,5.04,8.000876356975951,4.055534608110914,3.8952043
2018-12-27 23:15:00,3.82,3.89,3.74,4.07,0.5986268880672405,3.79351462737301,3.710012
2018-12-27 23:30:00,3.78,3.85,3.64,3.82,0.5750611518262865,3.7694796919863855,3.690483
2018-12-27 23:45:00,3.74,3.82,3.67,3.85,0.5003806455565574,3.6521300909920593,3.6706998
2018-12-28 00:00:00,4.82,3.82,3.74,3.92,2.8174693138207054,3.773119961873155,3.661959
2018-12-28 00:15:00,3.74,3.82,3.64,3.89,2.8605329774770034,3.65141944387128,3.7580779
2018-12-28 00:30:00,3.78,3.78,3.74,3.85,2.9364208345623517,3.6342584118455177,3.7308576
2018-12-28 00:45:00,3.85,3.74,3.71,3.89,3.003076694525344,3.610993238755565,3.7402163
2018-12-28 01:00:00,4.14,4.82,3.71,3.89,5.046534525904821,3.7298281982666937,3.6846614
2018-12-28 01:15:00,4.9,3.74,3.67,3.96,4.746737645601517,3.620086168375095,3.611586
2018-12-28 01:30:00,4.14,3.78,3.67,3.89,4.684517021670029,3.6239437098260314,3.6317112
2018-12-28 01:45:00,3.82,3.85,3.78,3.89,4.724607721783347,3.6299116966057197,3.6477406
2018-12-28 02:00:00,3.85,4.14,4.18,3.89,6.05482576847319,3.6809795011481112,3.7680304
2018-12-28 02:15:00,3.82,4.9,4.86,3.92,6.505050832076261,3.8707202054241825,3.7770522
2018-12-28 02:30:00,3.82,4.14,4.21,3.92,6.0469393210542,3.7681344510945958,3.6112666
2018-12-28 02:45:00,3.82,3.82,3.71,3.92,5.875963182513633,3.748869034319861,3.5545151
2018-12-28 03:00:00,3.82,3.85,3.78,3.96,7.10460372763632,3.71598754299746,3.5463808
2018-12-28 03:15:00,3.89,3.82,3.67,4.79,7.051587217186924,3.659339037277303,3.5888166
2018-12-28 03:30:00,3.89,3.82,3.71,4.5,6.751390522572041,3.649485594771936,3.6910162
2018-12-28 03:45:00,3.85,3.82,3.24,3.24,6.148837116610675,3.630380501030359,3.6444643
2018-12-28 04:00:00,3.82,3.82,3.02,3.28,7.2423472171005265,3.630751587371225,3.5937529
2018-12-28 04:15:00,4.07,3.89,2.99,3.24,7.041838474271739,3.62626920614362,3.5654213
2018-12-28 04:30:00,5.04,3.89,2.99,3.24,6.81956599465666,3.6366936683485602,3.5845819
2018-12-28 04:45:00,4.1,3.85,2.95,3.28,6.620850357555678,3.636665730928568,3.651238
2018-12-28 05:00:00,3.82,3.82,2.95,3.28,7.66817464886309,3.648403552087761,3.6318145
2018-12-28 05:15:00,3.89,4.07,2.95,3.28,7.363211500738846,3.666775545966819,3.562768
2018-12-28 05:30:00,3.38,5.04,2.95,3.2,7.4703693090082375,3.892141783801343,3.6855958
2018-12-28 05:45:00,3.17,4.1,2.95,3.24,6.756414029031443,3.791292795917654,3.483843
2018-12-28 06:00:00,3.06,3.82,3.42,3.2,7.652283103367655,3.763887559882174,3.4535275
2018-12-28 06:15:00,3.06,3.89,3.74,3.67,7.366091345955478,3.782308245576258,3.5370567
2018-12-28 06:30:00,3.1,3.38,4.86,3.96,6.864742967537143,3.3764244707047997,3.35691
2018-12-28 06:45:00,3.06,3.17,4.21,3.92,6.140556386412985,3.3132835045613755,3.3341987
2018-12-28 07:00:00,3.1,3.06,3.6,3.89,6.76436455480054,3.1400848817078275,3.18424
2018-12-28 07:15:00,3.38,3.06,2.88,3.67,5.999968013013817,3.1133978844765613,3.1800597
2018-12-28 07:30:00,4.97,3.1,3.2,3.17,5.41728452517825,3.3100406626638486,3.4234333
2018-12-28 07:45:00,6.7,3.06,4.9,5.44,5.61269946782021,4.9319347362005885,4.503822
2018-12-28 08:00:00,6.16,3.1,5.65,6.77,6.92688650674911,4.962873276747029,5.826003
2018-12-28 08:15:00,35.75,3.38,32.0,28.8,20.22334696766276,31.065108392041893,32.05367
2018-12-28 08:30:00,57.78,4.97,52.63,54.22,34.39913341731693,58.30493687707487,63.969078
2018-12-28 08:45:00,57.74,6.7,73.66,56.41,41.528523625421435,64.59902854657767,67.12018
2018-12-28 09:00:00,66.46,6.16,63.47,56.74,38.44026324360738,60.584340491136984,63.995174
2018-12-28 09:15:00,66.82,35.75,56.77,43.78,49.04300205207532,64.24406519450179,60.91132
2018-12-28 09:30:00,59.9,57.78,53.93,47.52,59.02708337874408,59.53128361570814,58.441914
2018-12-28 09:45:00,63.32,57.74,59.4,56.2,59.57747024750009,58.514731608656426,58.455517
2018-12-28 10:00:00,57.17,66.46,76.03,51.59,57.98615486483739,60.861537485566174,60.689835
2018-12-28 10:15:00,55.91,66.82,47.81,66.64,61.671259631019396,62.73457561334299,58.95782
2018-12-28 10:30:00,62.42,59.9,45.83,53.14,57.12041390138964,61.08203098483416,59.00935
2018-12-28 10:45:00,59.72,63.32,52.63,58.54,59.21033181797714,62.63585049919366,60.748615
2018-12-28 11:00:00,62.71,57.17,68.69,73.12,64.63559111786212,59.83709756108913,60.236614
2018-12-28 11:15:00,57.82,55.91,51.16,67.79,58.97895787565224,58.96032348276043,60.60732
2018-12-28 11:30:00,64.94,62.42,51.52,65.59,59.48521335706559,61.156327855459615,60.73963
2018-12-28 11:45:00,58.97,59.72,54.83,57.85,56.955558029681406,60.24368559169994,60.936646
2018-12-28 12:00:00,47.05,62.71,59.62,58.9,56.95080945902437,60.79576519390326,53.093098
2018-12-28 12:15:00,10.01,57.82,13.54,7.42,19.674017144426294,8.542012056781568,5.7800612
2018-12-28 12:30:00,7.81,64.94,6.62,8.35,20.796988683636986,6.852468706133112,4.919034
2018-12-28 12:45:00,7.27,58.97,6.59,7.67,17.862126908177622,6.68404321836723,5.6252785
2018-12-28 13:00:00,7.31,47.05,17.82,7.2,19.288915311556707,7.826671715548486,6.068242
2018-12-28 13:15:00,42.55,10.01,40.57,39.74,30.27790152250509,42.52313859230194,24.415785
2018-12-28 13:30:00,56.12,7.81,43.7,58.03,38.98248043940335,47.70670792001297,52.97427
2018-12-28 13:45:00,45.0,7.27,46.84,63.97,36.42937346364887,48.40547159214455,54.438004
2018-12-28 14:00:00,45.22,7.31,53.32,56.34,27.793433544406682,48.858148155015186,52.94292
2018-12-28 14:15:00,42.62,42.55,55.01,69.62,47.59951753221644,50.99965262715926,55.84505
2018-12-28 14:30:00,34.2,56.12,61.74,60.34,54.25171151925535,56.933843058400754,53.038433
2018-12-28 14:45:00,42.8,45.0,54.14,57.74,43.21176104489123,50.414145422556864,50.338745
2018-12-28 15:00:00,48.02,45.22,53.5,68.04,39.60799610751292,50.4924000905925,48.35383
2018-12-28 15:15:00,44.6,42.62,44.75,67.68,39.00785230426927,50.613875780491995,48.180916
2018-12-28 15:30:00,35.78,34.2,42.95,58.32,33.594096323667856,48.25397437397066,44.62345
2018-12-28 15:45:00,32.62,42.8,60.84,65.48,39.909402660768684,49.365440774815,46.79807
2018-12-28 16:00:00,31.39,48.02,63.04,63.0,43.31805470087907,51.01481145066937,49.40427
2018-12-28 16:15:00,30.06,44.6,59.58,69.73,42.90504292214776,51.131419846240995,48.593483
2018-12-28 16:30:00,30.13,35.78,63.22,59.69,39.085781445975165,53.13781436581414,46.977966
2018-12-28 16:45:00,23.58,32.62,45.79,63.32,34.41765101056485,49.17610894905993,44.858215
2018-12-28 17:00:00,8.57,31.39,41.58,62.32,33.92396116677356,45.72523551473245,38.028774
2018-12-28 17:15:00,9.58,30.06,54.58,52.78,39.64144531128008,44.173092491410394,34.611057
2018-12-28 17:30:00,9.14,30.13,36.72,45.86,30.585292411047,40.08959103008879,31.029829
2018-12-28 17:45:00,5.47,23.58,29.38,30.78,22.4765141668517,13.681010212712065,14.686665
2018-12-28 18:00:00,5.08,8.57,28.48,8.21,15.857881929291935,8.39681280993722,11.131278
2018-12-28 18:15:00,5.08,9.58,48.56,5.51,21.02101184333312,8.996679187768505,12.551208
2018-12-28 18:30:00,5.11,9.14,53.82,5.4,20.76247431064794,9.854814533415146,14.2378845
2018-12-28 18:45:00,5.15,5.47,53.5,5.62,16.737213981449486,4.62563821314141,14.110781
2018-12-28 19:00:00,5.15,5.08,53.14,5.54,17.062472969708367,4.518357949828114,12.4029045
2018-12-28 19:15:00,5.15,5.08,51.01,5.54,16.316746027499345,4.462513383505471,13.379201
2018-12-28 19:30:00,5.18,5.11,47.99,5.51,14.627240936759296,4.442922571421664,11.019214
2018-12-28 19:45:00,5.22,5.15,49.18,5.47,14.543537454151124,4.631115397971198,9.203739
2018-12-28 20:00:00,5.15,5.15,50.33,5.54,16.052615284121288,4.622414154969386,9.070927
2018-12-28 20:15:00,5.15,5.15,50.04,5.47,7.395871611366598,4.597694902739774,8.422583
2018-12-28 20:30:00,5.18,5.18,40.93,5.44,5.001189985876291,4.588023543396951,9.275025
2018-12-28 20:45:00,5.26,5.22,14.51,5.47,-1.8129378403858674,4.588890065630083,7.987934
2018-12-28 21:00:00,5.18,5.15,8.35,5.44,-2.1022307222124788,4.5945159540771465,4.777579
2018-12-28 21:15:00,5.15,5.15,5.26,5.54,-2.755886251247066,4.598019300319142,4.826156
2018-12-28 21:30:00,5.26,5.18,5.26,5.4,-2.670770273776615,4.596180301910067,5.2009068
2018-12-28 21:45:00,5.26,5.26,5.26,5.44,-2.6439132400852223,4.540291912700667,5.177151
2018-12-28 22:00:00,5.22,5.18,4.5,5.44,-1.329265530302525,4.541579630642015,4.61257
2018-12-28 22:15:00,4.97,5.15,3.89,5.18,7.005063796479057,4.538247390149931,4.0836506
2018-12-28 22:30:00,4.97,5.26,3.85,5.26,7.182480580454829,4.533244538644814,4.019515
2018-12-28 22:45:00,4.93,5.26,3.82,5.15,7.189766755514004,4.514997484953918,3.9722564
2018-12-28 23:00:00,5.04,5.22,3.82,5.15,8.571377687956904,4.5184332649977845,3.9743512
2018-12-28 23:15:00,4.86,4.97,3.82,5.11,1.6044254454713176,4.404761681023919,3.9510455
2018-12-28 23:30:00,4.86,4.97,3.78,4.57,1.559988351244467,4.4015208062935445,3.9991312
2018-12-28 23:45:00,4.86,4.93,3.74,4.0,1.4973233107520265,4.399080423615172,4.0959024
2018-12-29 00:00:00,4.28,5.04,4.82,3.31,-2.3583277434428602,10.333919444605604,4.1317844
2018-12-29 00:15:00,4.9,4.86,3.74,4.0,-2.437286255055053,4.519326474352064,4.576489
2018-12-29 00:30:00,4.82,4.86,3.78,4.0,-2.3370770959196285,4.423573918235752,3.9894872
2018-12-29 00:45:00,3.85,4.86,3.85,4.0,-2.259102867556866,4.419236073731328,4.044617
2018-12-29 01:00:00,3.74,4.28,4.14,4.1,-0.7907339306179715,3.926979685332557,3.8123627
2018-12-29 01:15:00,3.82,4.9,4.9,3.96,-0.4192369950229029,4.345479811044985,4.290726
2018-12-29 01:30:00,3.78,4.82,4.14,4.03,-0.6461718457347523,4.342208041069228,4.078366
2018-12-29 01:45:00,3.67,3.85,3.82,4.03,-0.9035130214986999,3.799851076804165,3.7621217
2018-12-29 02:00:00,3.74,3.74,3.85,3.96,0.3530437332421492,3.7649742412363487,3.5784335
2018-12-29 02:15:00,3.71,3.82,3.82,4.07,0.4500876720076086,3.676509019950554,3.6054127
2018-12-29 02:30:00,3.82,3.78,3.82,4.07,0.1351272713664038,3.628761383512048,3.6873217
2018-12-29 02:45:00,3.78,3.67,3.82,3.67,-0.004502344129097224,3.6110568539057892,3.6042912
2018-12-29 03:00:00,3.71,3.74,3.82,3.31,1.0993509524217977,3.596277162219774,3.5285044
2018-12-29 03:15:00,3.74,3.71,3.89,3.82,1.0137168038760613,3.607291407204444,3.5522454
2018-12-29 03:30:00,3.78,3.82,3.89,4.07,0.9729249830474025,3.6060638588828025,3.5604386
2018-12-29 03:45:00,3.78,3.78,3.85,3.42,0.6033251749945343,3.5641169747335213,3.549055
2018-12-29 04:00:00,3.74,3.71,3.82,3.38,1.6987809375142184,3.5939559337510527,3.5170302
2018-12-29 04:15:00,3.02,3.74,4.07,3.31,1.5225227513212296,3.5838426645772796,3.532655
2018-12-29 04:30:00,3.74,3.78,5.04,3.38,1.520170136530698,3.6218702548448367,3.5176654
2018-12-29 04:45:00,3.6,3.78,4.1,3.35,1.10250650766935,3.6097209101230785,3.553182
2018-12-29 05:00:00,3.06,3.74,3.82,3.38,2.097276674333397,3.6084219916580227,3.5338576
2018-12-29 05:15:00,3.02,3.02,3.89,3.42,1.5878394656730954,3.245785379070255,3.104729
2018-12-29 05:30:00,3.02,3.74,3.38,3.96,1.431772407769916,3.542596852030734,3.3251834
2018-12-29 05:45:00,2.99,3.6,3.17,4.07,0.9806687966518375,3.5669185839555673,3.2475636
2018-12-29 06:00:00,3.06,3.06,3.06,4.07,1.7897193542158725,3.245118627033418,3.0553093
2018-12-29 06:15:00,3.06,3.02,3.06,4.0,1.2734765256738463,3.226432570228273,3.0229418
2018-12-29 06:30:00,3.67,3.02,3.1,3.38,0.6801930854385709,3.2138504379025297,3.0353467
2018-12-29 06:45:00,3.74,2.99,3.06,3.35,-0.03789759739874299,3.2501236583059114,3.0995371
2018-12-29 07:00:00,3.71,3.06,3.1,3.35,0.651339025689122,3.2361835900171245,3.1281192
2018-12-29 07:15:00,3.67,3.06,3.38,3.31,0.12332600708019115,3.2362433087782603,3.183512
2018-12-29 07:30:00,3.38,3.67,4.97,3.85,0.35300155450687143,3.3589427891888852,3.1328459
2018-12-29 07:45:00,3.02,3.74,6.7,4.03,0.29596302334410396,3.6845115762535827,3.310334
2018-12-29 08:00:00,2.92,3.71,6.16,3.35,0.9189810719032003,4.3123834911714445,4.047158
2018-12-29 08:15:00,2.95,3.67,35.75,3.31,11.404012123663573,21.17694602788382,15.30928
2018-12-29 08:30:00,3.13,3.38,57.78,3.24,20.431216393005535,26.008017348587774,20.528143
2018-12-29 08:45:00,3.78,3.02,57.74,3.38,24.122460084184148,23.446945081718617,18.938063
2018-12-29 09:00:00,3.24,2.92,66.46,3.82,23.743004399961617,22.72089760704248,16.947603
2018-12-29 09:15:00,3.17,2.95,66.82,4.28,24.513072122027527,5.215111774541422,5.130219
2018-12-29 09:30:00,3.2,3.13,59.9,4.28,21.40281534533828,3.9136801633481286,4.7056527
2018-12-29 09:45:00,3.31,3.78,63.32,4.32,20.846836857027874,3.8377084014331193,3.9788904
2018-12-29 10:00:00,4.03,3.24,57.17,4.21,19.976109484830435,3.785499461290796,4.5364246
2018-12-29 10:15:00,4.03,3.17,55.91,3.6,16.889044522747817,3.7348724382376584,4.5231934
2018-12-29 10:30:00,4.03,3.2,62.42,3.6,18.02287915404591,3.7215178991169364,3.7094576
2018-12-29 10:45:00,4.03,3.31,59.72,3.6,17.055691211509977,3.719574482021703,3.9520059
2018-12-29 11:00:00,6.19,4.03,62.71,3.6,18.005347277791266,3.6458055029089573,3.8928022
2018-12-29 11:15:00,26.17,4.03,57.82,3.6,15.988820525762558,3.598675813120304,4.167669
2018-12-29 11:30:00,9.36,4.03,64.94,3.6,16.009526930088953,3.631836499823948,4.009797
2018-12-29 11:45:00,3.64,4.03,58.97,3.6,14.60302254107981,3.722813248912795,4.773993
2018-12-29 12:00:00,4.14,6.19,47.05,3.6,10.882317985332104,3.7370180756859166,5.8208656
2018-12-29 12:15:00,3.78,26.17,10.01,3.71,5.801413873452443,15.863513062078114,6.9101043
2018-12-29 12:30:00,3.46,9.36,7.81,4.39,-1.638606388042259,8.253621948816605,5.348108
2018-12-29 12:45:00,3.42,3.64,7.27,4.1,-4.399780369973261,4.4516893495336785,4.101328
2018-12-29 13:00:00,3.42,4.14,7.31,3.71,-2.3087737694800587,4.398210171636222,4.287526
2018-12-29 13:15:00,4.1,3.78,42.55,4.28,6.516869207246867,10.00184134496053,9.053966
2018-12-29 13:30:00,4.14,3.46,56.12,4.25,10.444662698885676,15.13464260939473,12.718961
2018-12-29 13:45:00,4.07,3.42,45.0,4.25,6.3770921162011085,3.6154817295825388,4.305178
2018-12-29 14:00:00,4.03,3.42,45.22,4.21,7.269483893269605,3.6635897625430727,4.423798
2018-12-29 14:15:00,3.92,4.1,42.62,3.67,7.290289852793595,3.652406233668565,5.004734
2018-12-29 14:30:00,3.31,4.14,34.2,3.46,6.647591347394883,3.652072001283828,3.8474221
2018-12-29 14:45:00,3.35,4.07,42.8,3.49,4.035840538920315,3.6685785120167793,3.6821792
2018-12-29 15:00:00,3.31,4.03,48.02,3.53,6.7375044603080205,3.735346721495826,4.494212
2018-12-29 15:15:00,3.31,3.92,44.6,3.56,5.258171889860083,3.7266931213264267,5.097916
2018-12-29 15:30:00,3.31,3.31,35.78,3.53,2.2954912821042406,3.6518435721988194,3.8675396
2018-12-29 15:45:00,3.35,3.35,32.62,3.56,1.9316404118254233,3.8901141095370844,3.9536731
2018-12-29 16:00:00,3.49,3.31,31.39,3.56,3.37980889658704,4.100591537805358,3.5172806
2018-12-29 16:15:00,4.1,3.31,30.06,3.49,3.6260938496156676,3.7415701044697016,3.5514607
2018-12-29 16:30:00,3.71,3.31,30.13,3.53,5.92198152999428,3.534090590745852,3.5333877
2018-12-29 16:45:00,3.67,3.35,23.58,3.56,0.3076698306466774,3.299201641441692,3.579698
2018-12-29 17:00:00,4.1,3.49,8.57,4.68,-0.5978607543390559,3.2838143854894413,3.323235
2018-12-29 17:15:00,4.07,4.1,9.58,5.44,-0.0644118515926344,3.423960019896506,3.4780831
2018-12-29 17:30:00,4.07,3.71,9.14,4.46,-6.192224193129643,3.4495151374077415,3.7370553
2018-12-29 17:45:00,4.1,3.67,5.47,4.28,-10.539451783843067,3.4742217128122297,3.3579638
2018-12-29 18:00:00,3.56,4.1,5.08,4.07,-9.709444786611495,3.492225035674833,3.5272806
2018-12-29 18:15:00,3.31,4.07,5.08,3.6,-7.230665230944442,3.748814121897974,3.6792777
2018-12-29 18:30:00,3.24,4.07,5.11,3.67,-6.719105178419628,3.66874446637065,3.5485218
2018-12-29 18:45:00,3.35,4.1,5.15,3.67,-6.991132301091437,3.8591444267047526,3.9156632
2018-12-29 19:00:00,3.31,3.56,5.15,3.71,-5.886826461877238,3.6607407469327047,3.5830402
2018-12-29 19:15:00,3.35,3.31,5.15,3.74,-6.2966781652691814,3.3692704420599577,3.4669595
2018-12-29 19:30:00,3.35,3.24,5.18,3.71,-6.811350752129609,3.3311920015442595,3.3377495
2018-12-29 19:45:00,3.31,3.35,5.22,3.74,-6.771075724194841,3.197384350289147,3.34206
2018-12-29 20:00:00,3.71,3.31,5.15,3.67,-5.447283805651278,3.281609772332147,3.451126
2018-12-29 20:15:00,4.36,3.35,5.15,3.67,-5.504962606348702,3.2804278884795224,3.4574451
2018-12-29 20:30:00,4.28,3.35,5.18,3.67,-6.776179558508236,3.298582217951079,3.4576025
2018-12-29 20:45:00,4.14,3.31,5.26,3.67,-10.365067802012998,3.297701991613551,3.458583
2018-12-29 21:00:00,4.1,3.71,5.18,4.18,-9.574259983619232,3.225128619434607,3.2969043
2018-12-29 21:15:00,4.07,4.36,5.15,4.61,-9.439200838533136,3.3863481966101587,3.36159
2018-12-29 21:30:00,3.85,4.28,5.26,5.51,-9.175095332704966,3.4238643959400807,3.4807227
2018-12-29 21:45:00,3.46,4.14,5.26,4.43,-9.515915695885955,3.6227250723846693,3.4993198
2018-12-29 22:00:00,3.31,4.1,5.22,4.1,-8.216269582848714,3.777685662094247,3.6516309
2018-12-29 22:15:00,3.13,4.07,4.97,3.46,-8.359427305857974,3.8098050736369737,3.6597893
2018-12-29 22:30:00,3.13,3.85,4.97,3.38,-8.283199723437907,3.720122489421714,3.4814713
2018-12-29 22:45:00,3.13,3.46,4.93,3.42,-8.325819738084572,3.3697493383469923,3.2493348
2018-12-29 23:00:00,3.17,3.31,5.04,3.38,-6.931050877956377,3.2860711938590508,3.162
2018-12-29 23:15:00,3.06,3.13,4.86,3.35,-6.941304983526269,3.1625256319693995,3.0241146
2018-12-29 23:30:00,2.99,3.13,4.86,3.31,-6.9198641280081965,3.1458165547549073,3.002534
2018-12-29 23:45:00,3.42,3.13,4.86,3.31,-6.865715775517405,3.1740164147615917,3.1122699
2018-12-30 00:00:00,3.1,3.17,4.28,3.78,-6.461546166667734,3.3309869916174404,3.0016093
2018-12-30 00:15:00,3.92,3.06,4.9,3.31,-6.4315190890189875,3.1908993155549816,3.1282864
2018-12-30 00:30:00,3.82,2.99,4.82,3.35,-6.365507100552922,3.1738701208975337,3.1275103
2018-12-30 00:45:00,3.74,3.42,3.85,3.42,-6.304366887660468,3.1374372902658245,3.0262363
2018-12-30 01:00:00,3.78,3.1,3.74,4.93,-4.682197663206967,3.1763863244677344,3.0945764
2018-12-30 01:15:00,3.42,3.92,3.82,4.93,-4.20707373844974,3.240235428540453,3.408971
2018-12-30 01:30:00,3.17,3.82,3.78,4.14,-4.53714422504132,3.3560905419333227,3.1369338
2018-12-30 01:45:00,3.02,3.74,3.67,4.07,-4.579353867970664,3.4207825910247864,3.3236082
2018-12-30 02:00:00,3.1,3.78,3.74,3.49,-3.5280991478128207,3.4828223169520918,3.393428
2018-12-30 02:15:00,3.06,3.42,3.71,3.46,-3.4807525325554245,3.3552973598009936,3.340861
2018-12-30 02:30:00,3.1,3.17,3.82,3.49,-3.608682656078411,3.2328483190461537,3.1014729
2018-12-30 02:45:00,3.13,3.02,3.78,3.42,-3.625767749690308,3.157254080042103,3.06744
2018-12-30 03:00:00,3.1,3.1,3.71,3.42,-2.527653509257643,3.1439738715666845,3.0792198
2018-12-30 03:15:00,3.13,3.06,3.74,3.46,-2.766678737594315,3.1885429408572534,3.1182406
2018-12-30 03:30:00,3.6,3.1,3.78,3.42,-2.9268510791510742,3.1882097477975586,3.1527176
2018-12-30 03:45:00,4.86,3.13,3.78,3.53,-3.10941526687024,3.178597171269185,3.1892943
2018-12-30 04:00:00,3.85,3.1,3.74,3.46,-2.0135366652183215,3.1755945688156295,3.164061
2018-12-30 04:15:00,3.82,3.13,3.02,3.42,-2.3072664654696347,3.177696216881913,3.1627944
2018-12-30 04:30:00,3.82,3.6,3.74,3.6,-2.0971634097565435,3.161115825103318,3.0508716
2018-12-30 04:45:00,3.46,4.86,3.6,4.14,-1.6736798124049876,3.463161552197389,4.003076
2018-12-30 05:00:00,3.17,3.85,3.06,5.18,-0.9024406475504598,3.395719010990675,3.8005593
2018-12-30 05:15:00,3.13,3.82,3.02,4.64,-1.4977635527427147,3.467475487095334,4.069897
2018-12-30 05:30:00,3.1,3.82,3.02,4.1,-2.0451560839129392,3.5284041168421085,4.015859
2018-12-30 05:45:00,3.1,3.46,2.99,3.49,-2.7228265762160255,3.295564465700717,3.9510336
2018-12-30 06:00:00,3.1,3.17,3.06,3.38,-1.79555599599529,3.2195827329576763,3.7690492
2018-12-30 06:15:00,3.13,3.13,3.06,3.35,-2.24367401942661,3.1393334307269973,3.740993
2018-12-30 06:30:00,3.13,3.1,3.67,3.46,-2.689736608051472,3.1507837005308024,3.0578191
2018-12-30 06:45:00,3.1,3.1,3.74,3.38,-3.3251352177637763,3.196450455711546,3.1357152
2018-12-30 07:00:00,3.82,3.1,3.71,3.38,-2.657131012975146,3.1792690605471865,3.1534417
2018-12-30 07:15:00,4.36,3.13,3.67,3.38,-3.2210865658733674,3.184267130865062,3.2276597
2018-12-30 07:30:00,4.97,3.13,3.38,3.38,-3.639683442851119,3.300979824707051,3.2650187
2018-12-30 07:45:00,3.96,3.1,3.02,3.42,-3.938533383910329,3.2041464834741826,3.039861
2018-12-30 08:00:00,3.46,3.82,2.92,3.49,-2.7226928799600607,5.063259181879534,3.4970531
2018-12-30 08:15:00,3.06,4.36,2.95,4.07,5.244997498642864,7.971079288295071,8.204136
2018-12-30 08:30:00,3.06,4.97,3.13,4.97,12.443162153177104,10.713804020676315,14.762846
2018-12-30 08:45:00,3.17,3.96,3.78,4.82,16.139675806855735,7.997934651574584,12.993439
2018-12-30 09:00:00,3.28,3.46,3.24,4.28,14.407421327225343,8.038535994449592,8.804541
2018-12-30 09:15:00,3.35,3.06,3.17,3.92,15.001727783057346,3.890421086164254,4.09949
2018-12-30 09:30:00,3.38,3.06,3.2,3.71,12.605365807413866,3.576681429173925,5.1108418
2018-12-30 09:45:00,3.35,3.17,3.31,3.64,11.37245734402239,3.565246530613086,5.120363
2018-12-30 10:00:00,3.46,3.28,4.03,3.64,11.94123246873183,3.557105166791914,4.5985518
2018-12-30 10:15:00,3.38,3.35,4.03,3.67,8.601903379180197,3.5072727223905025,4.5659714
2018-12-30 10:30:00,4.0,3.38,4.03,3.71,8.984808791001715,3.5005624197974936,5.084548
2018-12-30 10:45:00,4.1,3.35,4.03,3.71,8.60054643586368,3.504174081627376,5.179687
2018-12-30 11:00:00,4.1,3.46,6.19,3.74,9.45588479593059,3.519633545403422,5.1513743
2018-12-30 11:15:00,4.28,3.38,26.17,3.78,9.440173855240108,3.5282396124373245,4.9580507
2018-12-30 11:30:00,4.61,4.0,9.36,3.71,7.5886223363762575,3.5060113201305505,4.259361
2018-12-30 11:45:00,3.56,4.1,3.64,3.74,6.958118138575866,3.475061207472026,3.656653
2018-12-30 12:00:00,3.42,4.1,4.14,3.96,3.7696679096315897,3.497820128933908,3.3036227
2018-12-30 12:15:00,3.46,4.28,3.78,4.86,-7.9662029409953625,3.5586121218231073,3.767223
2018-12-30 12:30:00,3.46,4.61,3.46,5.54,-9.153271859881013,3.548014152933964,4.098058
2018-12-30 12:45:00,3.31,3.56,3.42,4.54,-10.357583864461969,3.4994081990313224,4.003798
2018-12-30 13:00:00,3.28,3.42,3.42,4.36,-8.411161135127376,3.477784346608129,3.8806148
2018-12-30 13:15:00,3.2,3.46,4.1,3.67,-1.263878298799316,3.502398372717366,3.8453913
2018-12-30 13:30:00,3.24,3.46,4.14,3.67,3.0634731484252136,3.552143345799297,4.372599
2018-12-30 13:45:00,3.24,3.31,4.07,3.67,0.6362792203017058,3.525916081051546,5.060761
2018-12-30 14:00:00,4.03,3.28,4.03,3.67,1.6698836680969897,3.5149061739287837,4.891097
2018-12-30 14:15:00,4.0,3.2,3.92,3.71,1.902758671970485,3.5213284125328164,5.0199976
2018-12-30 14:30:00,4.03,3.24,3.31,3.67,2.2627314306131474,3.525358802422707,4.800765
2018-12-30 14:45:00,4.82,3.24,3.35,3.67,-1.4003822119914524,3.534080771191695,4.78789
2018-12-30 15:00:00,4.1,4.03,3.31,3.67,1.3346586873068595,3.4902236815080974,4.498202
2018-12-30 15:15:00,3.31,4.0,3.31,3.64,0.15485168217116652,3.501226099273136,3.9844668
2018-12-30 15:30:00,3.24,4.03,3.31,3.67,-1.657589129264128,3.5040641653702287,3.555854
2018-12-30 15:45:00,3.24,4.82,3.35,3.74,-0.9152985205697242,3.696123128951488,4.00791
2018-12-30 16:00:00,3.35,4.1,3.49,4.36,0.7452856237500676,7.430817077769719,4.1706157
2018-12-30 16:15:00,3.31,3.31,4.1,4.36,0.9847134162257767,4.645220438215019,5.3147464
2018-12-30 16:30:00,3.35,3.24,3.71,5.0,3.517751381746333,3.4263378588274334,3.312076
2018-12-30 16:45:00,3.24,3.24,3.67,5.33,-1.6505668601188326,3.3521500615005233,3.2046776
2018-12-30 17:00:00,3.24,3.35,4.1,3.6,-1.3729730539271365,3.385185405342802,3.471015
2018-12-30 17:15:00,3.42,3.31,4.07,3.56,-1.0610149081861842,3.3831869136880974,3.4826322
2018-12-30 17:30:00,4.0,3.35,4.07,3.6,-7.204122102510215,3.3801465034798532,3.720555
2018-12-30 17:45:00,4.75,3.24,4.1,3.67,-11.106331264996545,3.3807995602315595,3.2994084
2018-12-30 18:00:00,4.68,3.24,3.56,3.49,-10.415925459742606,3.371927687996441,3.365423
2018-12-30 18:15:00,3.89,3.42,3.31,3.49,-7.409477402143121,3.36845381664285,3.389778
2018-12-30 18:30:00,3.53,4.0,3.24,3.49,-6.454795422292801,3.333471810520034,3.230711
2018-12-30 18:45:00,3.2,4.75,3.35,3.64,-6.249968096710273,3.470871012590394,4.392605
2018-12-30 19:00:00,3.28,4.68,3.31,3.64,-5.197075584491767,3.793298785132156,3.8058364
2018-12-30 19:15:00,3.24,3.89,3.35,4.03,-5.911223722620786,3.6881228839159688,3.4337401
2018-12-30 19:30:00,3.24,3.53,3.35,4.25,-6.44714513094269,3.6435654464134926,3.4993765
2018-12-30 19:45:00,3.2,3.2,3.31,4.28,-6.346209085118442,3.329833883808155,3.1689432
2018-12-30 20:00:00,3.24,3.28,3.71,4.25,-4.963356258356857,3.3287173223274986,3.230426
2018-12-30 20:15:00,3.31,3.24,4.36,4.0,-5.119909297403719,3.321715903022327,3.1806445
2018-12-30 20:30:00,3.24,3.24,4.28,3.49,-6.725914064456237,3.4195345351014224,3.3214893
2018-12-30 20:45:00,3.78,3.2,4.14,4.21,-10.808198514785982,3.4621045128074193,3.3527462
2018-12-30 21:00:00,4.32,3.24,4.1,4.14,-10.420074652496805,3.4662491468373977,3.3668983
2018-12-30 21:15:00,4.07,3.31,4.07,3.49,-10.850782454411114,3.398970882260983,3.401994
2018-12-30 21:30:00,4.07,3.24,3.85,3.42,-10.838835375909309,3.395183675697739,3.293554
2018-12-30 21:45:00,4.03,3.78,3.46,3.46,-10.52388225836729,3.2824482009702396,3.194193
2018-12-30 22:00:00,4.0,4.32,3.31,3.53,-8.829232163427786,3.36294676812165,3.4447114
2018-12-30 22:15:00,3.2,4.07,3.13,3.2,-9.050637903850802,3.3489770150462848,3.1723723
2018-12-30 22:30:00,2.99,4.07,3.13,3.2,-9.032850584660867,3.525730480171985,3.2105434
2018-12-30 22:45:00,3.1,4.03,3.13,3.2,-9.048911118901596,3.734859293050736,3.3681684
2018-12-30 23:00:00,3.02,4.0,3.17,3.96,-7.539761167860444,3.7667778965840504,3.5077589
2018-12-30 23:15:00,2.95,3.2,3.06,4.0,-7.536791374032614,3.316630055407301,3.047753
2018-12-30 23:30:00,2.99,2.99,2.99,4.0,-7.442816602335977,3.30225249727252,2.9867408
2018-12-30 23:45:00,2.92,3.1,3.42,4.0,-7.308135365381776,3.2400760152793207,2.9826946
2018-12-31 00:00:00,3.67,3.02,3.1,3.78,4.416814397853873,3.3716442247142004,3.5811548
2018-12-31 00:15:00,3.64,2.95,3.92,3.35,4.340236831268047,3.1804864495585603,3.1395502
2018-12-31 00:30:00,3.31,2.99,3.82,3.38,4.40546443337038,3.183827176348623,3.1587405
2018-12-31 00:45:00,3.49,2.92,3.74,3.38,4.322178379597862,3.1533259060801218,3.1794028
2018-12-31 01:00:00,3.71,3.67,3.78,3.96,6.174936767294486,3.1404605776968877,3.0726774
2018-12-31 01:15:00,3.78,3.64,3.42,3.89,6.253883744578825,3.142145335633967,3.0265427
2018-12-31 01:30:00,3.71,3.31,3.17,3.38,5.928081434885623,3.123188212787937,3.0115986
2018-12-31 01:45:00,3.67,3.49,3.02,3.35,5.889540869005035,3.2859365870208666,3.0873513
2018-12-31 02:00:00,3.02,3.71,3.1,3.49,7.354784584176667,3.487421315461191,3.315067
2018-12-31 02:15:00,2.99,3.78,3.06,3.38,7.430512198449353,3.464041541414336,3.3242412
2018-12-31 02:30:00,3.06,3.71,3.1,3.42,7.242199279540987,3.4624558281647855,3.4008303
2018-12-31 02:45:00,3.02,3.67,3.13,4.0,7.312039031568592,3.5440391638807616,3.5942302
2018-12-31 03:00:00,3.06,3.02,3.1,4.07,8.424103810965935,3.3141197481789324,3.0904787
2018-12-31 03:15:00,3.02,2.99,3.13,4.14,8.294049740463958,3.188640665010515,3.073737
2018-12-31 03:30:00,3.46,3.06,3.6,4.1,8.170240243951785,3.1736048581785563,3.066897
2018-12-31 03:45:00,3.74,3.02,4.86,3.96,8.060327497706286,3.21370927875207,3.2110507
2018-12-31 04:00:00,3.06,3.06,3.85,3.35,8.852749234413675,3.1753172691801823,3.1801224
2018-12-31 04:15:00,3.74,3.02,3.82,3.38,8.643120222434352,3.1608078679887552,3.187432
2018-12-31 04:30:00,3.74,3.46,3.82,3.64,8.756819104727047,3.1507138017009018,3.0819101
2018-12-31 04:45:00,3.78,3.74,3.46,4.07,8.555622327639878,3.1604097954810446,3.1028953
2018-12-31 05:00:00,3.78,3.06,3.17,3.42,9.07293211619795,3.117450352753678,3.0129213
2018-12-31 05:15:00,3.56,3.74,3.13,3.31,8.908374446236717,3.2793878632071425,3.0570862
2018-12-31 05:30:00,2.99,3.74,3.1,3.35,8.530039373169839,3.353687101396582,3.1442175
2018-12-31 05:45:00,3.02,3.78,3.1,3.35,8.226744668088454,3.5950112017749714,3.2042034
2018-12-31 06:00:00,2.95,3.78,3.1,3.35,9.063557504283192,3.5913630279102686,3.574719
2018-12-31 06:15:00,3.02,3.56,3.13,3.38,8.642141422502572,3.6758607497266826,3.4355693
2018-12-31 06:30:00,2.99,2.99,3.13,3.6,8.162129418127865,3.2973841623071185,3.064921
2018-12-31 06:45:00,3.02,3.02,3.1,4.03,7.708871006739624,3.1787206186339896,3.11672
2018-12-31 07:00:00,3.74,2.95,3.82,4.0,8.432807919701016,3.143382693670357,3.1639152
2018-12-31 07:15:00,3.17,3.02,4.36,3.96,7.884667654670384,3.176160549021727,3.3168936
2018-12-31 07:30:00,2.95,2.99,4.97,4.54,7.656829654147604,3.518617773813262,3.7878742
2018-12-31 07:45:00,3.56,3.02,3.96,5.36,7.365413043998668,4.668352923651211,4.348516
2018-12-31 08:00:00,3.64,3.74,3.46,6.52,8.707726281180616,5.531273023449518,4.3826914
2018-12-31 08:15:00,3.6,3.17,3.06,21.89,19.131743136655015,28.03973390856018,14.627259
2018-12-31 08:30:00,3.74,2.95,3.06,59.62,32.235447435707464,41.84019035032015,40.923935
2018-12-31 08:45:00,3.74,3.56,3.17,64.58,37.31308106886704,53.767390498378,51.009953
2018-12-31 09:00:00,3.06,3.64,3.28,67.18,36.37734447067418,52.318729801740034,44.72074
2018-12-31 09:15:00,3.17,3.6,3.35,69.44,37.27551108377186,3.6740793894984405,23.051622
2018-12-31 09:30:00,3.13,3.74,3.38,65.38,34.150267234742444,3.799719062872414,20.514872
2018-12-31 09:45:00,3.17,3.74,3.35,67.0,33.39146075569298,3.787575158753222,21.14403
2018-12-31 10:00:00,3.24,3.06,3.46,56.27,32.012173735678914,3.683476169165581,17.193693
2018-12-31 10:15:00,3.2,3.17,3.38,54.18,28.36454489112815,3.809831958375715,15.328462
2018-12-31 10:30:00,4.03,3.13,4.0,58.39,29.564161226016466,3.6694162495181355,13.395966
2018-12-31 10:45:00,3.67,3.17,4.1,54.86,28.506084754231402,3.713741360017384,14.6552305
2018-12-31 11:00:00,3.35,3.24,4.1,54.18,28.984808791489463,3.743963409359748,13.763411
2018-12-31 11:15:00,3.35,3.2,4.28,55.55,26.668293124272545,3.747670159150104,14.700886
2018-12-31 11:30:00,3.82,4.03,4.61,53.21,26.785887100953214,3.9563358132245607,16.71145
2018-12-31 11:45:00,4.0,3.67,3.56,53.03,26.455055314811176,3.763572031228082,15.007436
2018-12-31 12:00:00,4.07,3.35,3.42,40.64,20.884743444193663,3.762432104709777,11.736937
2018-12-31 12:15:00,4.03,3.35,3.46,6.91,2.742387413222847,3.7855370784171547,9.284102
2018-12-31 12:30:00,4.1,3.82,3.46,6.91,1.2973549076903161,3.8114989749484107,8.961031
2018-12-31 12:45:00,3.35,4.0,3.31,6.48,0.4868567701979778,3.789728774408311,9.276058
2018-12-31 13:00:00,3.35,4.07,3.28,6.12,2.344746780841799,3.7940858048150052,10.031716
2018-12-31 13:15:00,3.35,4.03,3.2,34.49,14.540886303182065,4.14061947191408,12.265098
2018-12-31 13:30:00,3.31,4.1,3.24,46.98,21.320939297554368,4.31893637959017,17.297634
2018-12-31 13:45:00,3.31,3.35,3.24,38.2,17.321403222364907,4.051529062595528,13.560951
2018-12-31 14:00:00,3.35,3.35,4.03,37.84,18.398582285489173,3.9820922495718962,14.279551
2018-12-31 14:15:00,3.35,3.35,4.0,43.45,19.464415085111526,3.8485455870757157,14.223822
2018-12-31 14:30:00,3.56,3.31,4.03,63.9,22.77749242154849,3.88569980453951,15.2221155
2018-12-31 14:45:00,4.07,3.31,4.82,38.48,15.337106014206505,3.977829461863221,12.555561
2018-12-31 15:00:00,3.53,3.35,4.1,38.12,17.68231014114859,3.981900499656678,13.848915
2018-12-31 15:15:00,3.42,3.35,3.31,45.25,17.505159449645603,3.975087400124907,14.05929
2018-12-31 15:30:00,4.07,3.56,3.24,51.12,16.5445736078183,3.8809531855529267,13.39241
2018-12-31 15:45:00,4.07,4.07,3.24,45.72,16.377587099278006,3.794151394228664,14.59496
2018-12-31 16:00:00,4.03,3.53,3.35,51.7,18.86177350961885,3.7963102579421206,13.627105
2018-12-31 16:15:00,4.07,3.42,3.31,47.2,18.39300948582523,3.779589214756009,5.6998463
2018-12-31 16:30:00,3.92,4.07,3.35,69.55,24.58530346420544,3.774835120878603,5.6847277
2018-12-31 16:45:00,3.31,4.07,3.24,44.82,15.483257223379875,3.851485989436601,6.115874
2018-12-31 17:00:00,3.31,4.03,3.24,40.86,15.086653694977977,3.9986165952462875,5.3805227
2018-12-31 17:15:00,3.35,4.07,3.42,33.66,14.238905407078018,3.9278349660752556,5.5100083
2018-12-31 17:30:00,3.31,3.92,4.0,9.86,4.419112083291321,3.9041914293272764,5.117581
2018-12-31 17:45:00,3.46,3.31,4.75,6.73,-0.002872534838811447,3.399167977700152,3.3694816
2018-12-31 18:00:00,3.42,3.31,4.68,5.29,0.5716515428409856,3.38739221489278,3.3955626
2018-12-31 18:15:00,3.35,3.35,3.89,5.22,3.4196757358205367,3.3525898211352723,3.2813816
2018-12-31 18:30:00,3.82,3.31,3.53,5.18,3.8873376829216717,3.345170928425772,3.5416808
2018-12-31 18:45:00,4.14,3.46,3.2,5.33,3.708166153348113,3.3108430979094337,3.6791484
2018-12-31 19:00:00,3.49,3.42,3.28,5.04,4.78537483553556,3.309410864369787,3.671827
2018-12-31 19:15:00,3.96,3.35,3.24,4.14,4.16897752558614,3.3075174925499415,3.7192662
2018-12-31 19:30:00,4.14,3.82,3.24,4.18,3.8176907012859367,3.3853725619479738,3.2995424
2018-12-31 19:45:00,4.21,4.14,3.2,4.1,4.1069418495125625,3.409720446274637,3.7153296
2018-12-31 20:00:00,4.14,3.49,3.24,4.18,5.35216265762406,3.4185567420414964,3.5075378
2018-12-31 20:15:00,4.18,3.96,3.31,4.1,5.38142310919331,3.4340657066573073,3.4931214
2018-12-31 20:30:00,3.38,4.14,3.24,4.14,4.039149003189582,3.639807752661375,3.6376526
2018-12-31 20:45:00,3.42,4.21,3.78,4.21,0.010214453036194726,3.682020950293682,3.8629308
2018-12-31 21:00:00,3.42,4.14,4.32,4.18,0.2859477339606791,3.735328719323174,3.6217234
2018-12-31 21:15:00,3.42,4.18,4.07,4.18,-0.09885626975899342,3.888663863653287,3.7802093
2018-12-31 21:30:00,3.49,3.38,4.07,4.14,-0.11043066383828304,3.412987942943639,4.900612
2018-12-31 21:45:00,3.42,3.42,4.03,4.18,0.03866399888760341,3.4197140590033714,3.4267528
2018-12-31 22:00:00,3.42,3.42,4.0,5.4,1.6446286212763788,3.4114073936346854,3.4373307
2018-12-31 22:15:00,3.24,3.42,3.2,4.5,1.217823581061399,3.326523531960159,3.2788794
2018-12-31 22:30:00,3.67,3.49,2.99,3.92,1.240481103894151,3.3029355980887725,3.2207282
2018-12-31 22:45:00,3.82,3.42,3.1,3.89,1.2268703630371327,3.294999746572192,3.2093086
2018-12-31 23:00:00,3.85,3.42,3.02,3.85,2.6182422347168988,3.296484666418695,3.2070398
2018-12-31 23:15:00,3.74,3.24,2.95,3.85,2.6791904518498164,3.20941842408668,3.1121674
2018-12-31 23:30:00,3.78,3.67,2.99,3.82,2.9412414923391488,3.206497611174295,3.1799097
2018-12-31 23:45:00,3.78,3.82,2.92,3.85,3.097010034395449,3.3628666071202624,3.23001
