date,actual,P10,P50,P90,P10_hiệu_chỉnh,P90_hiệu_chỉnh
2018-12-01 00:00:00,3.35,3.3687854,3.3723657,18.607988,2.7951458,19.181627
2018-12-01 00:15:00,3.89,3.4663494,3.5098522,18.787159,2.8927097,19.360798
2018-12-01 00:30:00,3.85,3.4623544,3.513266,18.968,2.8887148,19.54164
2018-12-01 00:45:00,3.89,3.4653394,3.552788,19.273153,2.8916998,19.846792
2018-12-01 01:00:00,3.89,3.4590065,3.5522864,19.246632,2.885367,19.82027
2018-12-01 01:15:00,4.03,3.4680784,3.5185046,21.50051,2.8944387,22.074148
2018-12-01 01:30:00,3.89,3.427914,3.4802814,19.678286,2.8542743,20.251925
2018-12-01 01:45:00,3.92,3.5572114,3.7604158,18.24358,2.9835718,18.817219
2018-12-01 02:00:00,3.92,3.6038117,3.7620485,12.496496,3.030172,13.070136
2018-12-01 02:15:00,3.96,3.5975187,3.7501528,13.232941,3.023879,13.806581
2018-12-01 02:30:00,4.03,3.5119975,3.606612,12.539902,2.9383578,13.113542
2018-12-01 02:45:00,4.14,3.6223767,4.7062745,12.457329,3.048737,13.030969
2018-12-01 03:00:00,5.08,3.5039198,3.5775657,9.298766,2.9302802,9.872406
2018-12-01 03:15:00,4.72,3.3884926,3.433904,9.34252,2.814853,9.91616
2018-12-01 03:30:00,3.96,3.351693,3.4787538,9.370664,2.7780533,9.9443035
2018-12-01 03:45:00,3.92,3.1723802,3.3741863,7.4227266,2.5987406,7.996366
2018-12-01 04:00:00,3.35,3.1909215,3.3456979,9.499219,2.617282,10.072859
2018-12-01 04:15:00,3.28,3.2140849,3.3908975,8.949557,2.6404452,9.523197
2018-12-01 04:30:00,3.35,3.1843674,3.4037273,8.003481,2.6107278,8.577121
2018-12-01 04:45:00,3.24,3.2150629,3.3970037,7.128897,2.6414232,7.7025366
2018-12-01 05:00:00,3.31,3.415101,3.5601747,6.1679487,2.8414614,6.741588
2018-12-01 05:15:00,3.31,3.4043138,3.4425209,6.896601,2.8306742,7.4702406
2018-12-01 05:30:00,3.28,3.1806295,3.4507837,11.943427,2.6069899,12.517067
2018-12-01 05:45:00,3.28,3.4895074,3.7914135,13.379434,2.9158678,13.9530735
2018-12-01 06:00:00,3.2,3.4284403,3.7677596,13.614358,2.8548007,14.187998
2018-12-01 06:15:00,3.46,3.4392219,4.051266,7.377088,2.8655822,7.9507275
2018-12-01 06:30:00,4.03,3.35706,3.9439046,8.577151,2.7834203,9.150791
2018-12-01 06:45:00,3.89,3.3440092,3.9406822,9.880214,2.7703695,10.453854
2018-12-01 07:00:00,3.89,3.3750646,3.5657108,8.656617,2.801425,9.230257
2018-12-01 07:15:00,4.46,3.1497858,3.3313863,7.8685975,2.5761461,8.442237
2018-12-01 07:30:00,3.67,3.451275,3.860883,9.643935,2.8776355,10.217575
2018-12-01 07:45:00,3.46,3.5900896,4.3544297,11.780949,3.01645,12.3545885
2018-12-01 08:00:00,3.46,3.5696135,4.467075,13.196505,2.9959738,13.770144
2018-12-01 08:15:00,3.71,4.8061852,21.237965,43.1949,4.232546,43.76854
2018-12-01 08:30:00,4.72,5.640623,38.150097,56.04023,5.0669837,56.61387
2018-12-01 08:45:00,4.46,5.7297764,47.274467,57.01825,5.156137,57.59189
2018-12-01 09:00:00,5.22,7.640542,50.92924,54.198017,7.0669026,54.771656
2018-12-01 09:15:00,28.58,5.8091345,47.487972,51.042812,5.235495,51.61645
2018-12-01 09:30:00,30.56,7.3361297,51.486107,51.833374,6.7624903,52.407013
2018-12-01 09:45:00,28.08,6.596434,48.374664,56.64776,6.0227947,57.221397
2018-12-01 10:00:00,28.58,6.600924,47.959934,48.24738,6.0272846,48.82102
2018-12-01 10:15:00,28.73,6.021915,47.56334,48.910458,5.4482756,49.484097
2018-12-01 10:30:00,29.56,6.1853185,43.83702,53.64424,5.611679,54.21788
2018-12-01 10:45:00,30.06,6.928268,37.165302,45.459328,6.3546286,46.032967
2018-12-01 11:00:00,29.2,6.0729675,42.638306,47.758003,5.499328,48.331642
2018-12-01 11:15:00,27.94,6.724756,39.13318,43.044888,6.1511164,43.618526
2018-12-01 11:30:00,27.94,5.4318714,42.348152,47.092945,4.858232,47.666584
2018-12-01 11:45:00,25.63,6.2781615,38.167126,39.602158,5.704522,40.175797
2018-12-01 12:00:00,3.64,5.2627907,37.696507,41.95261,4.6891513,42.52625
2018-12-01 12:15:00,3.85,4.1399918,5.6100492,9.857058,3.5663521,10.430697
2018-12-01 12:30:00,3.71,3.7107825,7.512249,7.8584642,3.137143,8.432104
2018-12-01 12:45:00,3.74,3.890035,7.3154626,7.66201,3.3163953,8.23565
2018-12-01 13:00:00,3.71,3.7182798,7.694981,8.183809,3.1446402,8.757449
2018-12-01 13:15:00,11.3,4.9939494,24.114513,38.08926,4.42031,38.6629
2018-12-01 13:30:00,27.29,6.4198966,38.160328,43.540333,5.846257,44.11397
2018-12-01 13:45:00,26.86,6.8685207,36.399628,42.215206,6.2948813,42.788845
2018-12-01 14:00:00,25.31,5.934444,37.724155,40.951885,5.3608046,41.525524
2018-12-01 14:15:00,26.21,5.3111653,39.247902,43.38416,4.737526,43.957798
2018-12-01 14:30:00,26.28,4.990965,39.48746,43.84446,4.4173255,44.4181
2018-12-01 14:45:00,18.68,5.0298247,39.153214,42.953903,4.4561853,43.527542
2018-12-01 15:00:00,5.18,4.8320217,33.68337,43.704678,4.2583823,44.278316
2018-12-01 15:15:00,5.08,4.8122826,39.829536,46.3227,4.238643,46.89634
2018-12-01 15:30:00,4.75,4.958697,33.939114,44.598347,4.3850574,45.171986
2018-12-01 15:45:00,4.75,4.899868,29.54713,44.914795,4.3262286,45.488434
2018-12-01 16:00:00,4.72,4.6400805,28.511213,43.589104,4.066441,44.162743
2018-12-01 16:15:00,4.64,4.6565905,38.705235,45.73161,4.082951,46.30525
2018-12-01 16:30:00,4.72,4.6725197,31.32558,45.31612,4.0988803,45.88976
2018-12-01 16:45:00,4.68,4.9649973,32.59381,44.010246,4.391358,44.583885
2018-12-01 17:00:00,4.64,4.523743,15.830159,27.070919,3.9501035,27.644558
2018-12-01 17:15:00,4.79,4.4634,10.160679,22.826597,3.8897603,23.400236
2018-12-01 17:30:00,4.75,4.3342037,8.890413,20.943546,3.760564,21.517185
2018-12-01 17:45:00,4.72,4.25305,5.0442386,10.831918,3.6794102,11.405558
2018-12-01 18:00:00,4.68,3.8675852,4.144507,10.2518215,3.2939456,10.825461
2018-12-01 18:15:00,5.76,3.9962575,5.79027,13.533365,3.422618,14.107005
2018-12-01 18:30:00,5.4,4.144926,5.89692,16.816145,3.5712864,17.389784
2018-12-01 18:45:00,4.79,3.9610279,7.1278496,17.651686,3.3873882,18.225325
2018-12-01 19:00:00,4.79,4.041102,8.040663,17.910206,3.4674623,18.483845
2018-12-01 19:15:00,4.79,4.0803804,5.7514825,17.612045,3.5067408,18.185684
2018-12-01 19:30:00,4.79,4.073966,6.4560533,19.358488,3.5003264,19.932127
2018-12-01 19:45:00,4.9,4.2012157,6.8458333,20.499098,3.627576,21.072737
2018-12-01 20:00:00,4.75,4.0732317,4.3313,15.440343,3.499592,16.013983
2018-12-01 20:15:00,4.79,3.9783225,5.650851,20.259985,3.4046829,20.833624
2018-12-01 20:30:00,4.75,4.0707984,7.03154,22.706602,3.4971588,23.280241
2018-12-01 20:45:00,4.82,3.8744853,3.9039342,17.687162,3.3008456,18.260801
2018-12-01 21:00:00,4.82,2.2512784,3.6227415,8.963405,1.6776388,9.537045
2018-12-01 21:15:00,4.75,2.8798227,3.5357232,6.697026,2.306183,7.270665
2018-12-01 21:30:00,4.79,2.5668547,3.5196264,9.356931,1.9932151,9.930571
2018-12-01 21:45:00,4.79,2.488117,3.4531896,9.018041,1.9144773,9.591681
2018-12-01 22:00:00,4.9,2.545232,3.4268074,7.870138,1.9715924,8.443778
2018-12-01 22:15:00,5.76,2.864042,3.3858824,6.5407457,2.2904024,7.114385
2018-12-01 22:30:00,4.61,2.4238288,3.3245044,5.880701,1.8501892,6.4543405
2018-12-01 22:45:00,3.42,2.4178522,3.3313432,7.461248,1.8442125,8.034887
2018-12-01 23:00:00,3.42,3.2435534,3.2529097,8.997949,2.6699138,9.5715885
2018-12-01 23:15:00,3.28,3.2117598,3.2174563,8.881175,2.6381202,9.454815
2018-12-01 23:30:00,3.38,3.1020432,3.1786573,9.395256,2.5284035,9.968896
2018-12-01 23:45:00,3.31,2.9810653,3.1286893,9.201006,2.4074256,9.774646
2018-12-02 00:00:00,4.36,2.9083672,3.1009796,21.181604,2.3347275,21.755243
2018-12-02 00:15:00,3.35,2.9311697,3.2574399,20.082224,2.35753,20.655863
2018-12-02 00:30:00,3.35,2.951671,3.2562783,19.699894,2.3780313,20.273533
2018-12-02 00:45:00,3.38,2.9523501,3.1856754,20.607569,2.3787105,21.181208
2018-12-02 01:00:00,3.89,3.016549,3.2477124,20.173925,2.4429095,20.747564
2018-12-02 01:15:00,4.46,3.1086721,3.2453482,19.027885,2.5350325,19.601524
2018-12-02 01:30:00,4.43,2.9749858,3.3190043,17.078156,2.4013462,17.651794
2018-12-02 01:45:00,4.14,3.0883954,3.351348,19.922312,2.5147557,20.49595
2018-12-02 02:00:00,3.46,3.114363,3.361609,10.859322,2.5407233,11.432961
2018-12-02 02:15:00,3.38,3.1490028,3.372202,11.713751,2.5753632,12.287391
2018-12-02 02:30:00,3.38,3.1059794,3.267049,13.759834,2.5323398,14.333474
2018-12-02 02:45:00,3.38,3.1048918,3.33551,13.205991,2.5312521,13.779631
2018-12-02 03:00:00,4.32,3.2964358,3.4645915,14.310282,2.7227962,14.883922
2018-12-02 03:15:00,4.64,3.2379346,3.3135478,14.5542555,2.664295,15.127895
2018-12-02 03:30:00,3.82,3.0486822,3.2609231,10.949263,2.4750426,11.5229025
2018-12-02 03:45:00,3.46,3.0120168,3.285964,9.142983,2.4383771,9.716623
2018-12-02 04:00:00,3.42,2.8414755,3.223562,8.344693,2.2678359,8.918333
2018-12-02 04:15:00,3.46,2.7087064,3.1232312,7.1115975,2.1350667,7.685237
2018-12-02 04:30:00,4.32,2.6996298,3.1020706,7.056473,2.1259902,7.630112
2018-12-02 04:45:00,4.5,2.7855392,3.114651,7.050302,2.2118995,7.6239414
2018-12-02 05:00:00,4.54,2.7173486,3.1113284,7.0673585,2.143709,7.640998
2018-12-02 05:15:00,4.39,2.6896448,3.1053188,7.0500903,2.1160052,7.6237297
2018-12-02 05:30:00,3.35,3.1473286,3.262552,9.619575,2.573689,10.193214
2018-12-02 05:45:00,3.46,3.2179444,3.2584155,8.791519,2.6443048,9.365159
2018-12-02 06:00:00,3.35,3.1061556,3.1505096,7.5180964,2.532516,8.091736
2018-12-02 06:15:00,3.42,2.4966238,3.112673,6.4056563,1.9229841,6.9792957
2018-12-02 06:30:00,3.42,2.7697496,2.944765,8.464347,2.19611,9.037987
2018-12-02 06:45:00,3.38,2.6887598,2.997708,8.938581,2.1151202,9.512221
2018-12-02 07:00:00,3.46,2.787776,3.0517135,7.39418,2.2141364,7.967819
2018-12-02 07:15:00,3.38,3.0966449,3.1276689,12.088955,2.5230052,12.662595
2018-12-02 07:30:00,3.46,2.7512932,3.1048696,10.605348,2.1776536,11.1789875
2018-12-02 07:45:00,3.46,2.8682008,3.0899303,6.165187,2.2945611,6.7388263
2018-12-02 08:00:00,3.49,2.8090806,3.094883,6.2870307,2.235441,6.86067
2018-12-02 08:15:00,4.57,0.7977638,3.0915627,3.2274036,0.22412425,3.8010433
2018-12-02 08:30:00,4.54,3.375929,9.266169,11.536329,2.8022895,12.109969
2018-12-02 08:45:00,5.54,3.5978017,11.553777,12.402871,3.024162,12.976511
2018-12-02 09:00:00,4.75,5.6759276,7.8045106,9.899806,5.1022882,10.473446
2018-12-02 09:15:00,3.74,3.862128,15.858696,27.70619,3.2884884,28.279829
2018-12-02 09:30:00,3.71,4.1671753,13.944243,25.66933,3.5935357,26.24297
2018-12-02 09:45:00,3.6,2.569093,14.906583,25.322916,1.9954534,25.896555
2018-12-02 10:00:00,3.56,3.6486874,17.97706,28.418148,3.0750477,28.991787
2018-12-02 10:15:00,3.6,3.5603251,16.272469,26.642962,2.9866855,27.2166
2018-12-02 10:30:00,3.64,3.5858314,15.853251,24.017328,3.0121918,24.590967
2018-12-02 10:45:00,3.64,3.4825106,16.718706,26.825144,2.908871,27.398783
2018-12-02 11:00:00,3.64,2.9648323,19.40428,30.19632,2.3911927,30.769958
2018-12-02 11:15:00,3.64,3.34965,16.169647,31.86128,2.7760103,32.43492
2018-12-02 11:30:00,3.56,3.3069108,17.569319,31.164076,2.7332711,31.737715
2018-12-02 11:45:00,3.64,4.8516364,11.363067,31.791111,4.277997,32.36475
2018-12-02 12:00:00,4.03,2.7455764,9.085802,12.679603,2.1719368,13.2532425
2018-12-02 12:15:00,4.86,2.984576,4.1247897,9.146629,2.4109364,9.720269
2018-12-02 12:30:00,4.75,2.9006224,4.0319953,9.266187,2.3269827,9.839827
2018-12-02 12:45:00,5.36,2.9571238,3.37274,6.5106754,2.3834841,7.084315
2018-12-02 13:00:00,4.9,2.9285011,3.3673313,7.1926775,2.3548615,7.766317
2018-12-02 13:15:00,3.78,3.4876788,5.9181633,19.742737,2.9140391,20.316376
2018-12-02 13:30:00,3.64,3.837708,14.036701,28.014795,3.2640684,28.588434
2018-12-02 13:45:00,3.6,3.8664722,14.770672,26.358156,3.2928326,26.931795
2018-12-02 14:00:00,3.6,5.398131,9.581837,28.2397,4.8244915,28.81334
2018-12-02 14:15:00,3.6,4.2333856,16.485502,30.739935,3.659746,31.313574
2018-12-02 14:30:00,3.56,4.071815,16.604832,28.189041,3.4981754,28.76268
2018-12-02 14:45:00,3.56,4.06109,10.730874,24.90964,3.4874504,25.483278
2018-12-02 15:00:00,3.64,3.7929742,9.657114,17.503576,3.2193346,18.077215
2018-12-02 15:15:00,3.6,3.9660888,10.209103,16.393847,3.3924491,16.967485
2018-12-02 15:30:00,3.56,4.1843395,8.230822,16.44633,3.6107,17.019968
2018-12-02 15:45:00,3.85,4.0200486,5.902605,12.426979,3.446409,13.000619
2018-12-02 16:00:00,4.68,3.990385,10.048335,12.125977,3.4167454,12.699616
2018-12-02 16:15:00,4.72,3.668802,9.39625,12.155391,3.0951624,12.729031
2018-12-02 16:30:00,4.72,4.030482,10.015813,10.466324,3.4568422,11.039964
2018-12-02 16:45:00,3.89,3.865533,8.743377,10.638317,3.2918935,11.211957
2018-12-02 17:00:00,3.53,3.5561044,6.680126,7.1090884,2.9824648,7.682728
2018-12-02 17:15:00,3.6,3.857303,8.723523,11.718522,3.2836633,12.292162
2018-12-02 17:30:00,3.6,3.4454918,8.321596,8.393932,2.8718522,8.967572
2018-12-02 17:45:00,3.74,3.3439865,6.666792,10.474676,2.7703469,11.048316
2018-12-02 18:00:00,4.72,3.4251578,6.6354322,7.805726,2.8515182,8.379366
2018-12-02 18:15:00,3.89,3.3018017,6.6576633,8.457448,2.728162,9.031088
2018-12-02 18:30:00,3.53,3.4566805,9.348089,10.869642,2.883041,11.443282
2018-12-02 18:45:00,3.53,3.4362757,7.988407,8.397265,2.862636,8.970905
2018-12-02 19:00:00,3.56,3.4439602,7.773855,8.674767,2.8703206,9.248406
2018-12-02 19:15:00,3.67,3.5565238,8.982796,10.724277,2.9828842,11.297916
2018-12-02 19:30:00,3.56,3.5973833,9.303513,11.569515,3.0237436,12.143155
2018-12-02 19:45:00,4.39,3.656495,10.871687,13.108356,3.0828555,13.681996
2018-12-02 20:00:00,4.72,3.5366235,7.5755873,13.000562,2.9629838,13.574202
2018-12-02 20:15:00,4.68,3.5031888,8.961044,15.445775,2.9295492,16.019415
2018-12-02 20:30:00,4.75,3.4374301,8.9943905,14.233802,2.8637905,14.807442
2018-12-02 20:45:00,3.71,3.1786308,7.1838303,20.326155,2.6049912,20.899794
2018-12-02 21:00:00,3.53,3.1412275,7.70356,21.348246,2.5675879,21.921885
2018-12-02 21:15:00,3.6,3.1177616,7.7340937,19.769619,2.544122,20.343258
2018-12-02 21:30:00,3.6,3.1175854,8.073892,20.940418,2.5439458,21.514057
2018-12-02 21:45:00,3.6,3.1239138,8.07891,20.469498,2.5502741,21.043137
2018-12-02 22:00:00,3.56,3.1778476,7.6229086,18.814375,2.604208,19.388014
2018-12-02 22:15:00,4.07,3.2784579,6.3609514,20.573616,2.7048182,21.147255
2018-12-02 22:30:00,4.32,3.1468585,6.816284,18.330105,2.5732188,18.903744
2018-12-02 22:45:00,3.35,3.1027718,7.9814863,18.457846,2.5291321,19.031485
2018-12-02 23:00:00,3.31,3.1242337,8.648789,18.867172,2.550594,19.440811
2018-12-02 23:15:00,3.31,2.9689274,4.875245,10.822533,2.3952878,11.396173
2018-12-02 23:30:00,3.28,2.8068578,3.8633652,10.403867,2.2332182,10.977507
2018-12-02 23:45:00,3.35,2.800604,3.829657,10.739161,2.2269645,11.3128
2018-12-03 00:00:00,4.57,3.1597788,7.169284,44.020973,2.5861392,44.594612
2018-12-03 00:15:00,4.43,3.166075,4.1308613,38.25744,2.5924354,38.831078
2018-12-03 00:30:00,4.36,3.1689208,4.1403627,38.443317,2.5952811,39.016956
2018-12-03 00:45:00,4.21,3.1432784,4.4113483,38.477562,2.5696387,39.0512
2018-12-03 01:00:00,3.35,3.1091447,4.4011602,40.011818,2.535505,40.585457
2018-12-03 01:15:00,3.38,2.9905915,4.5694647,39.85521,2.416952,40.42885
2018-12-03 01:30:00,3.35,3.0258818,4.593732,38.178406,2.4522421,38.752045
2018-12-03 01:45:00,3.42,3.1384974,4.4639482,38.465866,2.5648577,39.039505
2018-12-03 02:00:00,3.49,3.1457589,4.5206127,30.221,2.5721192,30.79464
2018-12-03 02:15:00,3.42,3.123309,4.4825325,31.610426,2.5496693,32.184067
2018-12-03 02:30:00,3.38,2.910197,4.4552107,31.42826,2.3365574,32.0019
2018-12-03 02:45:00,4.36,2.8426688,4.6403666,30.871393,2.2690291,31.445032
2018-12-03 03:00:00,4.14,2.9337795,4.7035666,28.25935,2.3601398,28.832989
2018-12-03 03:15:00,3.42,3.0913243,4.4306507,28.697233,2.5176847,29.270872
2018-12-03 03:30:00,3.38,3.1302805,5.3281946,29.893997,2.5566409,30.467636
2018-12-03 03:45:00,3.35,3.3823297,4.146096,25.914913,2.80869,26.488552
2018-12-03 04:00:00,3.35,3.3492608,5.1787777,25.32461,2.7756212,25.898249
2018-12-03 04:15:00,4.1,3.1906404,4.347515,25.142319,2.6170008,25.715958
2018-12-03 04:30:00,4.43,3.1114893,4.174651,25.0462,2.5378497,25.619839
2018-12-03 04:45:00,4.5,3.1274369,5.259122,23.974386,2.5537972,24.548025
2018-12-03 05:00:00,3.78,3.236528,4.41074,24.137436,2.6628883,24.711075
2018-12-03 05:15:00,3.31,3.12368,4.888961,24.165733,2.5500405,24.739372
2018-12-03 05:30:00,3.38,3.241528,4.261669,24.79467,2.6678884,25.368309
2018-12-03 05:45:00,3.31,3.1484544,4.350091,24.939907,2.5748148,25.513546
2018-12-03 06:00:00,3.31,3.3029318,3.6237085,23.771975,2.7292922,24.345613
2018-12-03 06:15:00,3.35,3.1493628,3.3748596,23.858133,2.5757232,24.431772
2018-12-03 06:30:00,3.31,3.034965,3.7805839,22.327274,2.4613254,22.900913
2018-12-03 06:45:00,3.24,2.949714,4.008999,24.075294,2.3760743,24.648933
2018-12-03 07:00:00,3.24,3.0039418,4.0241365,25.57628,2.4303021,26.14992
2018-12-03 07:15:00,4.21,3.0379863,4.174617,25.05108,2.4643466,25.62472
2018-12-03 07:30:00,5.76,3.2150247,4.049716,27.680439,2.641385,28.254078
2018-12-03 07:45:00,5.98,3.2637355,4.2135525,23.783403,2.690096,24.357042
2018-12-03 08:00:00,5.58,3.3219128,7.0261145,25.246801,2.7482731,25.82044
2018-12-03 08:15:00,34.99,16.795662,48.003075,64.27243,16.222023,64.84607
2018-12-03 08:30:00,56.84,41.427967,68.19937,103.06977,40.85433,103.64341
2018-12-03 08:45:00,61.06,42.625183,71.34424,108.95142,42.051544,109.52506
2018-12-03 09:00:00,57.89,53.75357,80.85205,116.970116,53.17993,117.543755
2018-12-03 09:15:00,70.49,43.61672,72.86197,115.5708,43.04308,116.14444
2018-12-03 09:30:00,50.11,51.163914,78.43396,120.00584,50.590275,120.579475
2018-12-03 09:45:00,66.38,52.961945,88.523056,128.26582,52.388306,128.83946
2018-12-03 10:00:00,56.88,51.635384,79.43445,110.78285,51.061745,111.35649
2018-12-03 10:15:00,47.09,47.005375,76.67969,113.96084,46.431736,114.53448
2018-12-03 10:30:00,55.8,50.007393,84.64993,115.89764,49.433754,116.471275
2018-12-03 10:45:00,66.89,53.509453,84.63411,118.021065,52.935814,118.5947
2018-12-03 11:00:00,62.89,52.833492,83.82284,117.37436,52.259853,117.948
2018-12-03 11:15:00,63.79,47.381145,76.38986,108.91286,46.807507,109.486496
2018-12-03 11:30:00,58.1,48.90225,78.662254,113.27125,48.32861,113.84489
2018-12-03 11:45:00,54.5,48.12716,75.615005,110.732574,47.55352,111.30621
2018-12-03 12:00:00,35.35,38.384083,70.963135,109.48286,37.810444,110.056496
2018-12-03 12:15:00,6.34,5.1540737,6.5904922,17.481428,4.5804343,18.055067
2018-12-03 12:30:00,5.76,3.7406454,6.906188,11.413816,3.1670058,11.987456
2018-12-03 12:45:00,6.3,3.7652671,6.9518833,12.7409525,3.1916275,13.314592
2018-12-03 13:00:00,6.19,3.6521566,6.9818163,11.482943,3.078517,12.056582
2018-12-03 13:15:00,35.35,33.321815,66.68785,101.403206,32.748177,101.976845
2018-12-03 13:30:00,51.95,54.334404,86.25839,125.03602,53.760765,125.60966
2018-12-03 13:45:00,48.46,55.25367,88.17345,122.93011,54.68003,123.503746
2018-12-03 14:00:00,65.02,49.252506,79.748764,113.209656,48.678867,113.783295
2018-12-03 14:15:00,69.91,42.539547,75.96825,107.52121,41.965908,108.09485
2018-12-03 14:30:00,55.12,38.848793,72.15222,103.72963,38.275154,104.30327
2018-12-03 14:45:00,56.84,40.655716,72.05327,105.323044,40.082077,105.89668
2018-12-03 15:00:00,54.22,41.454075,71.58473,104.56085,40.880436,105.13449
2018-12-03 15:15:00,49.97,41.33172,72.92459,102.50281,40.75808,103.07645
2018-12-03 15:30:00,48.17,38.89572,70.99655,101.075775,38.322083,101.649414
2018-12-03 15:45:00,49.86,34.493046,68.223816,98.14978,33.919407,98.72342
2018-12-03 16:00:00,58.75,30.461674,69.707016,100.05932,29.888035,100.63296
2018-12-03 16:15:00,65.7,33.77054,71.75647,105.67759,33.1969,106.25123
2018-12-03 16:30:00,51.88,33.497963,71.529724,107.8067,32.924324,108.38034
2018-12-03 16:45:00,57.2,30.45388,69.072754,105.86249,29.880241,106.43613
2018-12-03 17:00:00,76.03,31.841354,71.35542,109.18364,31.267715,109.75728
2018-12-03 17:15:00,72.18,32.412594,70.64975,101.276505,31.838955,101.85014
2018-12-03 17:30:00,61.42,24.089453,66.23207,91.99748,23.515814,92.57112
2018-12-03 17:45:00,36.61,15.06694,31.65507,51.089752,14.4933,51.66339
2018-12-03 18:00:00,29.56,18.62335,27.479696,49.904144,18.049711,50.477783
2018-12-03 18:15:00,34.13,15.701857,44.758102,54.955364,15.128217,55.529003
2018-12-03 18:30:00,42.26,18.505487,57.403248,83.66312,17.931849,84.236755
2018-12-03 18:45:00,56.81,18.412357,58.286175,85.5999,17.838718,86.17354
2018-12-03 19:00:00,43.02,19.236399,60.506,83.897354,18.66276,84.47099
2018-12-03 19:15:00,47.74,18.232084,56.07558,77.87361,17.658445,78.44725
2018-12-03 19:30:00,39.17,19.491129,59.54636,81.594154,18.91749,82.16779
2018-12-03 19:45:00,43.67,18.871716,59.065063,84.827805,18.298077,85.40144
2018-12-03 20:00:00,50.44,20.786184,56.307278,81.23784,20.212545,81.81148
2018-12-03 20:15:00,46.22,19.125399,56.22391,84.484604,18.55176,85.05824
2018-12-03 20:30:00,45.36,18.437696,55.693207,74.93735,17.864058,75.51099
2018-12-03 20:45:00,50.11,12.449608,49.169537,66.57156,11.875968,67.1452
2018-12-03 21:00:00,25.45,9.545603,26.361578,61.56928,8.971963,62.142918
2018-12-03 21:15:00,8.6,4.518782,7.9095497,35.152233,3.9451425,35.725872
2018-12-03 21:30:00,6.19,3.45619,7.8259096,33.996506,2.8825505,34.570145
2018-12-03 21:45:00,5.62,3.8655474,7.8421164,33.595154,3.2919078,34.168793
2018-12-03 22:00:00,4.93,3.6809893,7.825509,36.919807,3.1073496,37.493446
2018-12-03 22:15:00,4.72,3.8255942,7.8834133,32.87389,3.2519546,33.44753
2018-12-03 22:30:00,4.75,4.000211,7.6804066,33.032623,3.4265711,33.606262
2018-12-03 22:45:00,4.68,3.9462044,7.4484634,36.32299,3.3725648,36.89663
2018-12-03 23:00:00,4.68,3.5876536,7.5717297,37.117985,3.014014,37.691624
2018-12-03 23:15:00,4.61,3.6888978,7.61386,39.768852,3.1152582,40.34249
2018-12-03 23:30:00,4.57,3.390232,7.7190657,39.043922,2.8165925,39.61756
2018-12-03 23:45:00,4.61,3.40842,7.714793,38.049244,2.8347805,38.622883
2018-12-04 00:00:00,3.89,2.967813,6.1040335,44.207806,2.3941734,44.781445
2018-12-04 00:15:00,4.61,3.7591414,4.4043465,48.574818,3.1855018,49.148457
2018-12-04 00:30:00,4.57,3.7940078,4.3705444,48.001247,3.2203681,48.574886
2018-12-04 00:45:00,4.61,3.7974193,4.2055645,46.829567,3.2237797,47.403206
2018-12-04 01:00:00,4.64,3.5323393,5.8484583,44.262962,2.9586997,44.8366
2018-12-04 01:15:00,5.04,3.7828689,5.7811155,41.17918,3.2092292,41.75282
2018-12-04 01:30:00,5.8,3.0742066,5.8596973,39.7526,2.500567,40.32624
2018-12-04 01:45:00,4.68,3.4476593,5.780401,41.942036,2.8740196,42.515675
2018-12-04 02:00:00,3.6,3.2675836,4.1897764,34.682186,2.693944,35.255825
2018-12-04 02:15:00,3.56,3.4080706,4.201928,34.077957,2.834431,34.651596
2018-12-04 02:30:00,3.64,3.410133,4.2274857,34.047775,2.8364933,34.621414
2018-12-04 02:45:00,3.67,3.5785415,4.4576187,35.18784,3.004902,35.76148
2018-12-04 03:00:00,3.64,3.6936953,5.975377,27.47672,3.1200557,28.05036
2018-12-04 03:15:00,3.64,3.6168299,5.894084,30.870285,3.0431902,31.443924
2018-12-04 03:30:00,3.71,3.4273918,5.7877846,32.115692,2.8537521,32.68933
2018-12-04 03:45:00,3.67,3.303943,4.236435,26.835152,2.7303033,27.40879
2018-12-04 04:00:00,3.71,3.3543992,4.63223,23.718122,2.7807596,24.291761
2018-12-04 04:15:00,3.67,3.3993483,4.21809,28.618555,2.8257086,29.192194
2018-12-04 04:30:00,3.6,3.399464,5.9244776,27.489218,2.8258243,28.062857
2018-12-04 04:45:00,4.36,3.4177735,5.8915634,24.333405,2.8441339,24.907043
2018-12-04 05:00:00,4.64,3.4797394,5.8824415,24.13792,2.9060998,24.71156
2018-12-04 05:15:00,4.72,3.500189,6.3148317,22.147303,2.9265494,22.720942
2018-12-04 05:30:00,5.44,3.5422885,4.301463,23.295692,2.968649,23.869331
2018-12-04 05:45:00,4.43,3.4551287,4.336463,23.90399,2.881489,24.477629
2018-12-04 06:00:00,3.64,2.9564168,4.7005405,24.46937,2.3827772,25.043009
2018-12-04 06:15:00,3.56,3.6153262,4.4901514,24.772034,3.0416865,25.345673
2018-12-04 06:30:00,3.67,3.4039538,4.650733,25.229599,2.8303142,25.803238
2018-12-04 06:45:00,3.64,3.3155465,4.262869,25.270279,2.741907,25.843918
2018-12-04 07:00:00,3.56,3.3188589,4.243168,25.255287,2.7452192,25.828926
2018-12-04 07:15:00,3.56,3.460375,4.372175,27.593643,2.8867354,28.167282
2018-12-04 07:30:00,3.82,3.6922927,4.103142,29.216122,3.118653,29.78976
2018-12-04 07:45:00,4.54,4.233933,4.3876085,27.493267,3.6602933,28.066906
2018-12-04 08:00:00,5.94,3.6771414,4.8538513,24.403471,3.1035018,24.97711
2018-12-04 08:15:00,28.4,29.384697,47.361965,70.68103,28.811058,71.25467
2018-12-04 08:30:00,55.04,44.058376,68.79932,108.18541,43.484737,108.75905
2018-12-04 08:45:00,61.13,43.268593,74.987,111.20692,42.694954,111.780556
2018-12-04 09:00:00,82.33,46.733795,76.48953,110.89253,46.160156,111.46617
2018-12-04 09:15:00,82.37,43.672306,77.88109,125.05813,43.098667,125.63177
2018-12-04 09:30:00,64.08,43.621277,75.05144,122.49087,43.047638,123.06451
2018-12-04 09:45:00,59.36,50.167564,79.08919,124.078064,49.593925,124.6517
2018-12-04 10:00:00,52.16,48.239807,78.62381,125.21459,47.66617,125.78823
2018-12-04 10:15:00,56.95,49.602882,76.40213,116.208145,49.029243,116.781784
2018-12-04 10:30:00,53.42,51.232006,81.33119,122.68561,50.658367,123.25925
2018-12-04 10:45:00,58.86,50.91374,81.236015,120.8797,50.3401,121.45334
2018-12-04 11:00:00,59.98,49.45704,85.70111,123.44744,48.8834,124.02108
2018-12-04 11:15:00,61.24,44.679096,80.60393,123.21354,44.105457,123.78718
2018-12-04 11:30:00,84.1,47.41691,86.27824,122.62477,46.84327,123.19841
2018-12-04 11:45:00,63.86,43.80345,80.97237,124.02086,43.229813,124.5945
2018-12-04 12:00:00,49.86,30.708372,76.66932,114.28045,30.134733,114.85409
2018-12-04 12:15:00,6.91,3.7967954,9.245664,20.550222,3.2231557,21.123861
2018-12-04 12:30:00,7.38,4.301523,8.966913,9.771259,3.7278836,10.344899
2018-12-04 12:45:00,6.62,4.6422505,7.388642,13.527071,4.068611,14.100711
2018-12-04 13:00:00,6.55,3.592371,6.766883,13.085698,3.0187314,13.659338
2018-12-04 13:15:00,32.51,29.80019,68.55768,103.060196,29.226551,103.633835
2018-12-04 13:30:00,57.28,43.086514,78.92103,121.65712,42.512875,122.23076
2018-12-04 13:45:00,55.51,47.404224,77.19927,116.80022,46.830585,117.373856
2018-12-04 14:00:00,56.12,44.11931,78.80682,119.07906,43.54567,119.6527
2018-12-04 14:15:00,58.82,41.6136,80.14595,123.728264,41.039963,124.3019
2018-12-04 14:30:00,52.88,43.226433,80.601395,121.55817,42.652794,122.131805
2018-12-04 14:45:00,53.46,43.26757,81.98967,124.070526,42.69393,124.644165
2018-12-04 15:00:00,62.96,40.528954,79.35501,121.93513,39.955315,122.508766
2018-12-04 15:15:00,64.62,39.52261,80.0569,118.15236,38.94897,118.726
2018-12-04 15:30:00,60.01,40.219887,78.82359,113.814156,39.646248,114.387794
2018-12-04 15:45:00,55.66,37.88331,76.1068,116.37093,37.30967,116.94457
2018-12-04 16:00:00,53.82,33.2581,77.57475,114.72398,32.68446,115.29762
2018-12-04 16:15:00,71.86,33.79574,79.48973,117.02958,33.2221,117.60322
2018-12-04 16:30:00,60.73,35.163773,76.38667,115.386734,34.590134,115.96037
2018-12-04 16:45:00,68.22,33.69696,80.45117,119.93645,33.12332,120.510086
2018-12-04 17:00:00,80.46,40.496147,83.91744,124.24382,39.92251,124.81746
2018-12-04 17:15:00,61.52,38.938103,86.71233,122.4138,38.364464,122.98744
2018-12-04 17:30:00,71.1,37.021595,82.67603,115.74375,36.447956,116.31739
2018-12-04 17:45:00,35.21,24.200285,45.974163,69.59791,23.626646,70.17155
2018-12-04 18:00:00,30.31,20.629732,36.3153,45.798756,20.056093,46.372395
2018-12-04 18:15:00,43.56,16.133863,39.878418,67.53548,15.560224,68.109116
2018-12-04 18:30:00,40.97,21.942533,66.43118,93.1034,21.368895,93.67704
2018-12-04 18:45:00,38.56,25.267267,66.87793,100.93047,24.693628,101.50411
2018-12-04 19:00:00,41.65,23.81463,68.760025,100.82748,23.240992,101.401115
2018-12-04 19:15:00,49.07,23.002596,62.44017,84.67686,22.428957,85.250496
2018-12-04 19:30:00,40.46,24.325823,70.04949,90.34965,23.752184,90.92329
2018-12-04 19:45:00,48.64,25.565207,66.99625,94.378334,24.991568,94.95197
2018-12-04 20:00:00,49.75,25.25344,61.4664,84.74773,24.679802,85.321365
2018-12-04 20:15:00,48.89,25.211617,64.15517,88.494026,24.637978,89.067665
2018-12-04 20:30:00,37.84,23.361637,61.781654,90.545425,22.787998,91.119064
2018-12-04 20:45:00,30.67,21.061737,50.1757,87.787025,20.488098,88.360664
2018-12-04 21:00:00,5.08,7.3719425,23.139532,45.350906,6.798303,45.924545
2018-12-04 21:15:00,5.69,4.297213,12.273431,36.81287,3.7235734,37.38651
2018-12-04 21:30:00,5.44,4.2318783,8.451098,31.649998,3.6582386,32.223637
2018-12-04 21:45:00,5.4,3.6145377,8.391137,28.10151,3.040898,28.675148
2018-12-04 22:00:00,5.44,3.550831,8.421493,26.947659,2.9771914,27.521297
2018-12-04 22:15:00,5.26,3.448282,7.874818,25.213182,2.8746424,25.786821
2018-12-04 22:30:00,4.64,3.3492658,7.7848663,24.842077,2.7756262,25.415716
2018-12-04 22:45:00,3.92,3.2407072,8.715827,28.23937,2.6670675,28.81301
2018-12-04 23:00:00,3.96,3.2969334,9.015708,31.344776,2.7232938,31.918415
2018-12-04 23:15:00,3.92,3.291668,8.927476,31.950596,2.7180283,32.524235
2018-12-04 23:30:00,3.85,3.2521498,9.943774,33.26085,2.6785102,33.834488
2018-12-04 23:45:00,3.89,3.1908057,9.060201,31.43297,2.617166,32.00661
2018-12-05 00:00:00,3.96,3.2209823,4.35361,7.5249968,2.6473427,8.098637
2018-12-05 00:15:00,3.89,2.8284664,6.458092,35.69597,2.2548268,36.269608
2018-12-05 00:30:00,3.92,2.8225234,6.4159575,35.816242,2.2488837,36.38988
2018-12-05 00:45:00,3.89,2.8308475,6.3437657,38.087128,2.2572079,38.660767
2018-12-05 01:00:00,3.96,2.7145722,6.705043,41.611916,2.1409326,42.185555
2018-12-05 01:15:00,3.78,2.7066298,6.6795435,41.514324,2.1329901,42.087963
2018-12-05 01:30:00,3.85,2.8411891,7.1090727,37.668407,2.2675495,38.242046
2018-12-05 01:45:00,3.82,2.734364,6.5834985,33.63934,2.1607244,34.21298
2018-12-05 02:00:00,3.82,2.585259,5.7519083,27.222664,2.0116193,27.796303
2018-12-05 02:15:00,3.85,2.2653537,5.762868,28.095135,1.691714,28.668774
2018-12-05 02:30:00,4.64,2.2767828,5.769744,29.566587,1.7031431,30.140226
2018-12-05 02:45:00,4.86,2.4383621,5.5578814,22.18587,1.8647225,22.759508
2018-12-05 03:00:00,3.82,2.3993268,5.7074924,22.981724,1.8256872,23.555363
2018-12-05 03:15:00,3.49,2.2872305,3.3160632,26.484993,1.7135909,27.058632
2018-12-05 03:30:00,3.13,2.5811608,3.2968376,26.202057,2.0075212,26.775696
2018-12-05 03:45:00,3.2,2.6967292,2.9495437,22.491627,2.1230896,23.065266
2018-12-05 04:00:00,3.13,2.7883182,3.4392903,19.894487,2.2146785,20.468126
2018-12-05 04:15:00,3.1,2.7168899,3.0242689,18.958006,2.1432502,19.531645
2018-12-05 04:30:00,3.17,2.6447983,3.0292733,18.625568,2.0711586,19.199207
2018-12-05 04:45:00,3.06,2.791793,3.232262,19.660704,2.2181535,20.234343
2018-12-05 05:00:00,3.17,2.9441886,3.4317157,23.204199,2.370549,23.777838
2018-12-05 05:15:00,3.06,2.9989533,3.7388513,20.755175,2.4253137,21.328814
2018-12-05 05:30:00,3.1,2.866805,3.546284,20.67454,2.2931654,21.248178
2018-12-05 05:45:00,3.02,3.0473197,3.0948408,21.730257,2.47368,22.303896
2018-12-05 06:00:00,3.1,2.9759865,5.4723883,22.139387,2.4023468,22.713026
2018-12-05 06:15:00,3.02,2.7976766,5.5929365,22.952145,2.224037,23.525784
2018-12-05 06:30:00,4.61,2.825929,5.893388,21.56115,2.2522893,22.134789
2018-12-05 06:45:00,4.9,2.6628828,3.3480408,21.106852,2.0892432,21.68049
2018-12-05 07:00:00,3.85,2.681896,3.6111066,21.144835,2.1082563,21.718473
2018-12-05 07:15:00,3.49,2.4050193,2.9038484,19.338522,1.8313797,19.91216
2018-12-05 07:30:00,3.2,2.0480921,3.4542224,20.286127,1.4744525,20.859766
2018-12-05 07:45:00,4.32,2.236268,4.777859,21.935211,1.6626284,22.50885
2018-12-05 08:00:00,4.72,2.4988046,4.433291,20.238775,1.9251649,20.812414
2018-12-05 08:15:00,27.65,20.947447,39.563694,64.94256,20.373808,65.5162
2018-12-05 08:30:00,61.56,31.826664,65.636444,119.3954,31.253025,119.96904
2018-12-05 08:45:00,57.71,34.61349,72.4512,123.314964,34.039852,123.8886
2018-12-05 09:00:00,57.82,37.485413,76.67577,122.547005,36.911774,123.12064
2018-12-05 09:15:00,68.08,37.36977,75.038826,121.867874,36.79613,122.44151
2018-12-05 09:30:00,64.08,36.71142,75.85305,120.08233,36.13778,120.65597
2018-12-05 09:45:00,64.76,38.906094,76.88143,121.49772,38.332455,122.07136
2018-12-05 10:00:00,62.68,35.84123,75.66517,117.523445,35.26759,118.097084
2018-12-05 10:15:00,49.28,35.404247,76.200905,117.72364,34.83061,118.29728
2018-12-05 10:30:00,56.52,37.64393,74.242256,119.62768,37.07029,120.20132
2018-12-05 10:45:00,59.04,38.351734,74.58819,118.86804,37.778095,119.44168
2018-12-05 11:00:00,66.85,35.75061,74.98356,113.33554,35.17697,113.90918
2018-12-05 11:15:00,68.83,36.18303,77.78777,117.75507,35.60939,118.32871
2018-12-05 11:30:00,60.3,36.55634,78.9813,118.180695,35.9827,118.75433
2018-12-05 11:45:00,53.21,36.24293,76.81898,119.44719,35.669292,120.02083
2018-12-05 12:00:00,40.97,31.197126,67.782326,101.998,30.623487,102.57164
2018-12-05 12:15:00,10.69,3.1262987,7.8220515,18.466375,2.552659,19.040014
2018-12-05 12:30:00,9.43,2.939146,8.138797,12.301618,2.3655064,12.8752575
2018-12-05 12:45:00,10.33,3.2573657,5.5033827,13.237672,2.683726,13.811312
2018-12-05 13:00:00,26.68,3.0254295,5.357105,14.554736,2.4517899,15.128376
2018-12-05 13:15:00,43.34,17.952208,48.70057,85.2545,17.378569,85.82814
2018-12-05 13:30:00,46.51,33.9984,76.21126,118.382324,33.424763,118.95596
2018-12-05 13:45:00,50.44,34.800262,71.92966,114.44533,34.226624,115.01897
2018-12-05 14:00:00,63.4,34.182137,77.22854,113.438286,33.608498,114.011925
2018-12-05 14:15:00,54.36,35.256405,73.89054,119.44426,34.682766,120.0179
2018-12-05 14:30:00,61.52,33.72399,66.98791,110.58416,33.150352,111.1578
2018-12-05 14:45:00,58.93,35.268234,72.90638,115.97973,34.694595,116.55337
2018-12-05 15:00:00,85.46,35.75712,71.76063,118.1523,35.18348,118.72594
2018-12-05 15:15:00,109.3,35.54922,73.2942,120.32777,34.975582,120.901405
2018-12-05 15:30:00,87.16,32.47782,72.72518,118.76641,31.904182,119.34005
2018-12-05 15:45:00,96.01,34.782135,77.01905,119.91178,34.208496,120.48542
2018-12-05 16:00:00,105.91,30.005611,75.79894,114.48109,29.431973,115.054726
2018-12-05 16:15:00,68.18,30.977367,78.11027,121.61599,30.403728,122.18963
2018-12-05 16:30:00,64.91,29.825703,76.25677,121.254326,29.252064,121.827965
2018-12-05 16:45:00,56.05,29.835566,77.19436,121.434044,29.261927,122.00768
2018-12-05 17:00:00,62.96,32.41302,74.22991,122.40259,31.839382,122.97623
2018-12-05 17:15:00,47.12,29.150229,74.49653,117.45934,28.57659,118.03298
2018-12-05 17:30:00,44.57,27.435415,74.55106,112.10607,26.861776,112.67971
2018-12-05 17:45:00,44.24,16.832516,46.46692,61.60001,16.258877,62.17365
2018-12-05 18:00:00,27.32,13.385937,33.52606,45.23591,12.812297,45.809547
2018-12-05 18:15:00,5.87,10.68085,42.557434,60.31245,10.10721,60.88609
2018-12-05 18:30:00,5.36,11.464637,52.80711,79.72771,10.890997,80.301346
2018-12-05 18:45:00,5.47,11.893041,54.177628,83.792305,11.319401,84.365944
2018-12-05 19:00:00,5.58,11.199738,55.325424,91.34896,10.626098,91.9226
2018-12-05 19:15:00,5.58,8.252138,50.945854,73.77679,7.6784987,74.350426
2018-12-05 19:30:00,5.47,11.138515,55.404503,86.718124,10.564876,87.29176
2018-12-05 19:45:00,5.44,10.239192,55.073185,84.25378,9.665552,84.827415
2018-12-05 20:00:00,5.44,8.136254,49.627636,71.638405,7.562615,72.21204
2018-12-05 20:15:00,5.44,8.901573,56.032154,75.740456,8.327933,76.314095
2018-12-05 20:30:00,5.51,5.768415,49.79564,63.78772,5.1947756,64.36136
2018-12-05 20:45:00,5.44,4.4906783,30.48374,50.56296,3.9170387,51.1366
2018-12-05 21:00:00,4.82,3.5883348,8.225309,32.92476,3.0146952,33.498398
2018-12-05 21:15:00,4.28,2.3746426,2.6366398,20.49683,1.801003,21.070469
2018-12-05 21:30:00,4.25,1.8403062,2.5700803,13.44272,1.2666667,14.01636
2018-12-05 21:45:00,4.28,1.8052558,2.5580547,12.804915,1.2316163,13.378555
2018-12-05 22:00:00,4.36,3.0860963,3.2203538,8.97302,2.5124567,9.546659
2018-12-05 22:15:00,4.03,3.0137825,3.4679868,9.05788,2.4401429,9.63152
2018-12-05 22:30:00,4.0,2.969738,6.225939,11.369966,2.3960984,11.943605
2018-12-05 22:45:00,4.03,2.9967713,4.5801754,6.8027973,2.4231317,7.3764367
2018-12-05 23:00:00,4.0,2.9491587,4.204015,6.0655336,2.375519,6.639173
2018-12-05 23:15:00,4.0,3.1915345,4.0145273,5.185652,2.617895,5.759291
2018-12-05 23:30:00,3.92,3.1699455,3.9486425,6.3248696,2.5963058,6.898509
2018-12-05 23:45:00,4.0,3.1725633,3.8973129,5.6067,2.5989237,6.1803393
2018-12-06 00:00:00,4.0,3.3268716,4.2609143,8.439732,2.753232,9.013371
2018-12-06 00:15:00,3.96,3.3432298,4.206787,7.010178,2.7695901,7.5838175
2018-12-06 00:30:00,4.79,3.350121,4.2345376,7.3497634,2.7764814,7.923403
2018-12-06 00:45:00,5.18,3.377123,4.2425947,7.342816,2.8034835,7.9164553
2018-12-06 01:00:00,4.03,3.3798566,4.2475758,7.093267,2.806217,7.6669064
2018-12-06 01:15:00,3.92,3.5507991,4.400788,5.6138425,2.9771595,6.187482
2018-12-06 01:30:00,4.0,3.4852958,4.7819934,6.1988544,2.9116561,6.772494
2018-12-06 01:45:00,3.92,3.3814507,4.2163315,6.9813795,2.807811,7.555019
2018-12-06 02:00:00,4.07,3.407315,3.8013356,8.058088,2.8336754,8.631728
2018-12-06 02:15:00,3.46,3.3893106,3.7791727,6.7188997,2.815671,7.292539
2018-12-06 02:30:00,3.28,3.3959997,4.239452,6.8452353,2.82236,7.4188747
2018-12-06 02:45:00,3.38,3.3864195,4.5414367,7.1114645,2.81278,7.685104
2018-12-06 03:00:00,3.31,3.4052806,4.367,6.740719,2.831641,7.314358
2018-12-06 03:15:00,3.35,3.366984,4.3891816,5.262506,2.7933443,5.8361454
2018-12-06 03:30:00,3.35,2.7129047,2.9948418,4.7266774,2.139265,5.300317
2018-12-06 03:45:00,3.38,2.625179,2.8237672,3.8802888,2.0515394,4.4539285
2018-12-06 04:00:00,3.42,2.5554593,2.7700176,3.7822723,1.9818196,4.3559117
2018-12-06 04:15:00,3.31,3.066014,3.5409482,3.7790656,2.4923744,4.352705
2018-12-06 04:30:00,4.61,3.090552,3.4804385,4.997014,2.5169125,5.5706534
2018-12-06 04:45:00,5.04,3.1155405,3.651901,5.05131,2.5419009,5.6249495
2018-12-06 05:00:00,4.07,3.0975606,3.662563,5.000337,2.523921,5.5739765
2018-12-06 05:15:00,3.71,3.053831,3.6540058,5.016574,2.4801915,5.5902133
2018-12-06 05:30:00,3.31,3.0232654,4.0759063,5.57314,2.4496257,6.1467795
2018-12-06 05:45:00,3.31,3.0138462,3.540634,5.329904,2.4402065,5.9035435
2018-12-06 06:00:00,3.38,3.0266747,3.35266,4.09781,2.453035,4.671449
2018-12-06 06:15:00,3.31,2.941828,3.3059833,4.0194736,2.3681884,4.593113
2018-12-06 06:30:00,3.28,3.0586898,3.7499816,5.2594337,2.4850502,5.833073
2018-12-06 06:45:00,3.31,3.2604213,3.971256,5.500188,2.6867816,6.0738273
2018-12-06 07:00:00,3.24,3.514571,3.7690723,5.0780616,2.9409313,5.651701
2018-12-06 07:15:00,3.28,3.3607895,3.6502607,5.0646534,2.78715,5.638293
2018-12-06 07:30:00,3.46,3.256583,4.3605156,6.4358187,2.6829433,7.009458
2018-12-06 07:45:00,4.21,3.3691165,4.74478,7.9552207,2.795477,8.52886
2018-12-06 08:00:00,6.44,3.722066,5.190264,8.750913,3.1484263,9.324553
2018-12-06 08:15:00,32.29,16.76723,39.10779,50.764236,16.19359,51.337875
2018-12-06 08:30:00,64.98,39.212574,67.15007,109.1382,38.638935,109.71184
2018-12-06 08:45:00,60.84,41.05474,70.61673,111.51458,40.481102,112.08822
2018-12-06 09:00:00,59.87,42.401966,72.16161,112.626625,41.828327,113.200264
2018-12-06 09:15:00,67.0,44.510845,64.88856,111.161705,43.937206,111.735344
2018-12-06 09:30:00,71.17,43.872673,65.38984,112.64158,43.299034,113.21522
2018-12-06 09:45:00,76.86,47.283226,67.84344,108.1737,46.709587,108.74734
2018-12-06 10:00:00,66.67,44.03922,67.679115,114.43034,43.46558,115.00398
2018-12-06 10:15:00,63.18,41.657703,64.689156,104.96683,41.084064,105.54047
2018-12-06 10:30:00,68.87,44.80026,67.08277,110.28373,44.22662,110.85737
2018-12-06 10:45:00,71.06,44.06764,67.179436,107.089554,43.494,107.66319
2018-12-06 11:00:00,62.78,43.20124,73.35046,105.29074,42.6276,105.86438
2018-12-06 11:15:00,60.88,43.74313,73.006584,107.10485,43.16949,107.67849
2018-12-06 11:30:00,74.45,43.17436,66.73817,105.609024,42.60072,106.18266
2018-12-06 11:45:00,67.82,41.398872,62.073265,106.74174,40.825233,107.31538
2018-12-06 12:00:00,69.26,34.43625,55.000412,80.89343,33.86261,81.46707
2018-12-06 12:15:00,9.94,4.350994,10.391153,19.009233,3.7773545,19.582872
2018-12-06 12:30:00,6.88,4.0113363,10.36071,16.589163,3.4376967,17.162802
2018-12-06 12:45:00,7.02,4.1953006,10.101843,14.36703,3.621661,14.94067
2018-12-06 13:00:00,6.95,5.97318,11.847883,31.279926,5.3995404,31.853565
2018-12-06 13:15:00,35.78,27.571863,43.562527,59.26448,26.998224,59.83812
2018-12-06 13:30:00,61.78,38.781124,58.917706,96.00316,38.207485,96.5768
2018-12-06 13:45:00,60.8,39.21349,60.883286,96.81898,38.63985,97.39262
2018-12-06 14:00:00,71.78,40.872013,62.524773,103.09057,40.298374,103.66421
2018-12-06 14:15:00,72.11,42.060944,63.16405,102.40991,41.487305,102.98355
2018-12-06 14:30:00,68.22,41.37629,60.151394,96.991554,40.80265,97.56519
2018-12-06 14:45:00,73.44,41.149952,59.286835,102.72207,40.576313,103.29571
2018-12-06 15:00:00,56.88,42.04636,69.7969,107.985016,41.47272,108.558655
2018-12-06 15:15:00,50.29,41.971554,65.91801,109.46594,41.397915,110.03958
2018-12-06 15:30:00,48.78,39.503265,63.229923,108.53975,38.929626,109.11339
2018-12-06 15:45:00,48.96,43.81494,60.598392,108.689156,43.241302,109.262794
2018-12-06 16:00:00,49.97,40.374573,61.488583,107.65631,39.800934,108.22995
2018-12-06 16:15:00,62.28,41.59108,63.246223,104.130356,41.01744,104.703995
2018-12-06 16:30:00,47.95,36.42445,58.375824,107.98717,35.85081,108.56081
2018-12-06 16:45:00,57.35,35.69449,59.02231,106.87012,35.12085,107.443756
2018-12-06 17:00:00,47.77,38.462143,63.101063,108.58095,37.888504,109.15459
2018-12-06 17:15:00,48.6,33.648327,56.755856,91.58254,33.074688,92.15618
2018-12-06 17:30:00,57.46,34.47493,57.932312,90.478584,33.90129,91.05222
2018-12-06 17:45:00,31.86,28.307798,37.41296,58.137047,27.73416,58.710686
2018-12-06 18:00:00,31.61,19.390512,30.086868,46.726833,18.816874,47.300472
2018-12-06 18:15:00,36.61,12.009505,27.57407,43.551697,11.435865,44.125336
2018-12-06 18:30:00,40.07,12.160999,37.147587,50.591034,11.587359,51.164673
2018-12-06 18:45:00,37.87,11.648252,36.20296,60.119648,11.074612,60.693287
2018-12-06 19:00:00,47.23,11.729408,39.314484,60.288982,11.155768,60.86262
2018-12-06 19:15:00,53.03,11.136442,36.42533,49.04247,10.562802,49.616108
2018-12-06 19:30:00,38.63,11.259279,39.857307,61.699394,10.685639,62.273033
2018-12-06 19:45:00,37.51,9.44971,38.37547,63.187237,8.87607,63.760876
2018-12-06 20:00:00,38.3,10.959767,36.56133,47.909733,10.386127,48.48337
2018-12-06 20:15:00,54.36,7.502754,42.738308,51.80967,6.929115,52.38331
2018-12-06 20:30:00,38.84,6.6103373,37.77585,50.174805,6.036698,50.748444
2018-12-06 20:45:00,27.72,6.8671503,27.863813,46.193584,6.293511,46.767223
2018-12-06 21:00:00,8.86,4.4930954,10.809142,31.29746,3.9194558,31.8711
2018-12-06 21:15:00,5.51,4.1042566,5.7389917,12.129052,3.530617,12.702692
2018-12-06 21:30:00,5.58,4.0887694,5.7124634,11.207767,3.5151298,11.781406
2018-12-06 21:45:00,5.62,4.0112295,5.715627,12.564059,3.43759,13.137699
2018-12-06 22:00:00,5.54,4.040793,5.376106,10.303641,3.4671533,10.877281
2018-12-06 22:15:00,5.26,3.9913607,5.430048,7.853866,3.417721,8.4275055
2018-12-06 22:30:00,5.22,3.6055033,5.3284807,8.158139,3.0318637,8.731779
2018-12-06 22:45:00,5.26,3.6220274,4.1516786,5.463796,3.0483878,6.0374355
2018-12-06 23:00:00,4.18,3.580319,3.9607413,6.8791404,3.0066793,7.45278
2018-12-06 23:15:00,3.96,3.5830564,3.7012947,6.3463855,3.0094168,6.920025
2018-12-06 23:30:00,4.0,3.5634623,3.7224686,5.1883907,2.9898226,5.76203
2018-12-06 23:45:00,4.0,3.5654933,3.7128093,5.666097,2.9918537,6.2397366
2018-12-07 00:00:00,4.03,3.2946467,3.9583328,6.9973183,2.721007,7.5709577
2018-12-07 00:15:00,3.96,3.3086257,3.9405148,7.246684,2.734986,7.8203235
2018-12-07 00:30:00,4.03,3.2492301,4.525059,6.138916,2.6755905,6.7125554
2018-12-07 00:45:00,4.03,3.2331963,4.535721,6.247673,2.6595566,6.8213124
2018-12-07 01:00:00,4.0,3.3012085,3.9176662,6.3026123,2.7275689,6.8762517
2018-12-07 01:15:00,4.03,3.30406,4.0849595,5.5347214,2.7304204,6.108361
2018-12-07 01:30:00,4.03,3.3032103,4.092416,6.1581693,2.7295706,6.7318087
2018-12-07 01:45:00,4.03,3.3106377,3.8182285,5.935716,2.736998,6.5093555
2018-12-07 02:00:00,4.1,3.3257868,3.7388742,6.9180717,2.7521472,7.491711
2018-12-07 02:15:00,4.0,3.2175696,3.6738951,4.20717,2.64393,4.7808094
2018-12-07 02:30:00,4.72,3.2049572,3.6030867,4.174501,2.6313176,4.7481403
2018-12-07 02:45:00,4.79,3.1160975,3.791221,4.962636,2.5424578,5.5362754
2018-12-07 03:00:00,4.14,3.1087325,3.719269,5.0737815,2.5350928,5.647421
2018-12-07 03:15:00,4.07,3.1603756,3.425278,4.1977363,2.586736,4.7713757
2018-12-07 03:30:00,4.03,3.0843465,3.4347947,4.010024,2.510707,4.5836635
2018-12-07 03:45:00,4.0,3.0358,3.3619,3.9985676,2.4621603,4.572207
2018-12-07 04:00:00,3.42,3.057142,3.2976902,3.8958635,2.4835024,4.469503
2018-12-07 04:15:00,3.49,3.042903,3.3549511,4.0194097,2.4692633,4.593049
2018-12-07 04:30:00,3.46,3.1577697,3.8024604,4.5078087,2.58413,5.081448
2018-12-07 04:45:00,3.38,3.245749,4.108342,5.505627,2.6721094,6.0792665
2018-12-07 05:00:00,3.42,3.3290825,3.5457566,4.7125025,2.7554429,5.286142
2018-12-07 05:15:00,3.42,3.296439,3.434933,4.262566,2.7227993,4.8362055
2018-12-07 05:30:00,3.74,3.1768553,4.2387004,4.6004257,2.6032157,5.174065
2018-12-07 05:45:00,4.07,3.0898836,3.4969819,4.2383537,2.516244,4.811993
2018-12-07 06:00:00,3.49,3.0915353,3.3717787,3.9575992,2.5178957,4.5312386
2018-12-07 06:15:00,3.42,3.1378312,3.271763,3.7871318,2.5641916,4.360771
2018-12-07 06:30:00,3.64,3.2445307,3.3945491,3.9362233,2.670891,4.509863
2018-12-07 06:45:00,4.1,3.231235,3.456494,4.0078382,2.6575954,4.5814776
2018-12-07 07:00:00,4.0,3.2286994,3.3327672,3.899731,2.6550598,4.4733706
2018-12-07 07:15:00,4.0,3.2377527,3.369613,4.0154433,2.664113,4.5890827
2018-12-07 07:30:00,3.82,3.3301558,3.984525,4.7016616,2.7565162,5.275301
2018-12-07 07:45:00,4.54,3.4907951,4.0773506,6.647701,2.9171555,7.22134
2018-12-07 08:00:00,4.79,4.017263,6.0836287,7.7817674,3.4436233,8.355407
2018-12-07 08:15:00,47.66,18.26622,34.189545,49.9686,17.692581,50.54224
2018-12-07 08:30:00,60.19,38.130093,70.422165,120.32799,37.556454,120.90163
2018-12-07 08:45:00,60.19,39.452446,71.48044,119.734886,38.878807,120.308525
2018-12-07 09:00:00,53.32,42.17875,75.87078,124.088905,41.60511,124.662544
2018-12-07 09:15:00,58.86,43.786186,77.97501,123.26792,43.212547,123.84156
2018-12-07 09:30:00,49.5,41.800774,78.06721,122.12238,41.227135,122.69602
2018-12-07 09:45:00,48.42,42.414764,77.53541,122.484665,41.841125,123.058304
2018-12-07 10:00:00,62.78,42.04405,78.33726,122.87877,41.47041,123.45241
2018-12-07 10:15:00,48.02,39.805077,71.69953,119.5885,39.231438,120.16214
2018-12-07 10:30:00,46.22,42.090115,77.659966,122.62615,41.516476,123.19979
2018-12-07 10:45:00,57.46,42.609615,78.83404,122.40181,42.035976,122.97545
2018-12-07 11:00:00,48.78,41.87857,78.72636,121.22752,41.30493,121.80116
2018-12-07 11:15:00,47.02,42.157635,78.53748,124.058525,41.583996,124.632164
2018-12-07 11:30:00,58.0,42.180805,80.35061,119.872406,41.607166,120.446045
2018-12-07 11:45:00,51.48,40.249214,76.16651,119.4353,39.675575,120.00894
2018-12-07 12:00:00,44.28,37.072403,67.824196,111.5984,36.498764,112.172035
2018-12-07 12:15:00,26.6,5.264464,9.077257,18.707748,4.6908245,19.281387
2018-12-07 12:30:00,12.49,4.5352387,9.277748,13.137213,3.961599,13.710853
2018-12-07 12:45:00,9.79,4.8110704,8.709166,12.222569,4.237431,12.796209
2018-12-07 13:00:00,10.76,4.4163055,10.201641,23.730856,3.842666,24.304495
2018-12-07 13:15:00,44.06,21.786142,44.09058,56.168457,21.212503,56.742096
2018-12-07 13:30:00,49.82,37.43509,72.63425,115.70593,36.86145,116.27957
2018-12-07 13:45:00,54.36,38.122486,70.73947,109.349594,37.548847,109.92323
2018-12-07 14:00:00,55.98,42.4815,78.14829,115.81526,41.90786,116.3889
2018-12-07 14:15:00,56.48,42.108055,79.57873,118.8421,41.534416,119.41574
2018-12-07 14:30:00,47.41,40.65164,76.76502,121.09688,40.078003,121.67052
2018-12-07 14:45:00,47.95,40.85032,77.503426,121.78135,40.27668,122.35499
2018-12-07 15:00:00,58.86,40.764923,78.20046,118.753456,40.191284,119.327095
2018-12-07 15:15:00,50.08,40.754772,78.859276,115.847916,40.181133,116.421555
2018-12-07 15:30:00,51.88,37.268723,71.830025,107.75638,36.695084,108.33002
2018-12-07 15:45:00,53.82,37.803074,73.58915,111.201065,37.229435,111.774704
2018-12-07 16:00:00,49.9,34.91358,79.73261,110.484924,34.339943,111.05856
2018-12-07 16:15:00,57.1,35.977036,83.03199,117.89712,35.403397,118.47076
2018-12-07 16:30:00,50.33,32.680973,75.77294,108.31025,32.107334,108.88389
2018-12-07 16:45:00,68.54,34.651775,78.18339,116.538,34.078136,117.11164
2018-12-07 17:00:00,60.12,35.66897,81.34463,114.73338,35.09533,115.30702
2018-12-07 17:15:00,72.11,31.346205,75.92057,108.18732,30.772566,108.760956
2018-12-07 17:30:00,46.33,33.05915,74.38471,109.108665,32.48551,109.682304
2018-12-07 17:45:00,34.16,19.803278,35.406776,45.28177,19.22964,45.855408
2018-12-07 18:00:00,30.35,16.537699,33.228798,44.76095,15.964059,45.334587
2018-12-07 18:15:00,42.48,15.769493,42.22138,50.166348,15.195853,50.739986
2018-12-07 18:30:00,52.85,14.996701,55.085373,63.88154,14.423061,64.45518
2018-12-07 18:45:00,58.97,13.677078,54.53122,65.37892,13.103438,65.95256
2018-12-07 19:00:00,57.17,13.849875,61.37263,84.2636,13.276236,84.83724
2018-12-07 19:15:00,44.39,14.938947,60.882786,73.2753,14.365307,73.84894
2018-12-07 19:30:00,47.84,12.665875,57.611,81.52895,12.092236,82.10259
2018-12-07 19:45:00,54.07,12.5189295,51.88788,64.77845,11.94529,65.35209
2018-12-07 20:00:00,43.38,14.189972,46.19612,59.5842,13.616332,60.15784
2018-12-07 20:15:00,57.64,14.666725,63.37606,79.36053,14.093085,79.934166
2018-12-07 20:30:00,41.72,12.792824,55.758175,62.49093,12.219184,63.064568
2018-12-07 20:45:00,31.9,8.204024,36.45919,56.757687,7.630385,57.331326
2018-12-07 21:00:00,19.69,5.052326,11.069671,33.70815,4.478687,34.281788
2018-12-07 21:15:00,5.62,4.6713657,5.9177504,13.370932,4.0977263,13.9445715
2018-12-07 21:30:00,5.62,4.1351657,5.9681163,10.655053,3.561526,11.228693
2018-12-07 21:45:00,5.15,4.092364,6.018507,9.704639,3.5187242,10.278279
2018-12-07 22:00:00,4.28,4.0338173,5.5108547,7.9074526,3.4601777,8.481092
2018-12-07 22:15:00,4.0,3.9869688,5.3499784,8.122178,3.4133291,8.695818
2018-12-07 22:30:00,4.07,3.6656485,5.999655,9.161958,3.0920088,9.735598
2018-12-07 22:45:00,4.03,3.7991056,5.919316,5.948062,3.225466,6.5217013
2018-12-07 23:00:00,4.0,3.5654104,4.3789706,6.698741,2.9917707,7.2723804
2018-12-07 23:15:00,3.96,3.560147,4.2049317,6.4460034,2.9865074,7.019643
2018-12-07 23:30:00,4.03,3.5245242,4.1821394,6.43059,2.9508846,7.0042295
2018-12-07 23:45:00,4.0,3.5316107,4.070145,6.572532,2.957971,7.1461716
2018-12-08 00:00:00,3.78,3.3114982,3.7866223,8.5957575,2.7378585,9.169397
2018-12-08 00:15:00,4.0,3.435951,3.6817977,6.6722994,2.8623114,7.245939
2018-12-08 00:30:00,3.96,3.3888347,3.8499105,6.013442,2.815195,6.5870814
2018-12-08 00:45:00,4.0,3.3983054,4.1627827,6.865252,2.8246658,7.4388914
2018-12-08 01:00:00,4.0,3.4751437,3.6970298,6.346168,2.901504,6.9198074
2018-12-08 01:15:00,5.15,3.4577932,3.7895515,5.133457,2.8841536,5.7070966
2018-12-08 01:30:00,4.79,3.4666834,3.6828763,5.188827,2.8930438,5.7624664
2018-12-08 01:45:00,3.96,3.4771855,3.6106212,6.1848907,2.9035459,6.75853
2018-12-08 02:00:00,3.96,3.4871957,3.7296393,6.1320453,2.913556,6.7056847
2018-12-08 02:15:00,4.1,3.352145,3.602854,4.339304,2.7785053,4.9129434
2018-12-08 02:30:00,4.0,3.3273568,3.4200642,6.2644706,2.7537172,6.83811
2018-12-08 02:45:00,4.0,3.403837,3.9397113,7.7230377,2.8301973,8.296678
2018-12-08 03:00:00,4.0,3.4683607,3.9475582,6.4993715,2.894721,7.073011
2018-12-08 03:15:00,3.96,3.3918493,3.5532062,4.820688,2.8182096,5.394327
2018-12-08 03:30:00,3.64,3.3427236,3.665323,4.485125,2.769084,5.0587645
2018-12-08 03:45:00,3.38,3.310115,3.6111867,3.690354,2.7364755,4.2639937
2018-12-08 04:00:00,3.31,3.204578,3.4299448,3.6334765,2.6309383,4.207116
2018-12-08 04:15:00,3.35,3.1812525,3.3814995,3.5609825,2.6076128,4.134622
2018-12-08 04:30:00,3.35,3.267341,3.5961845,4.248377,2.6937013,4.8220162
2018-12-08 04:45:00,3.42,3.292543,3.594805,5.078173,2.7189033,5.6518126
2018-12-08 05:00:00,3.49,3.2819946,3.447511,4.6369724,2.708355,5.210612
2018-12-08 05:15:00,4.0,3.2013822,3.3272393,4.155465,2.6277425,4.7291045
2018-12-08 05:30:00,3.53,3.1945374,3.2306476,4.414004,2.6208978,4.9876432
2018-12-08 05:45:00,3.35,3.2270977,3.2944338,3.6182308,2.653458,4.19187
2018-12-08 06:00:00,3.38,3.168099,3.1807492,3.5182037,2.5944593,4.091843
2018-12-08 06:15:00,4.03,3.1479974,3.2050736,3.5924857,2.5743577,4.1661253
2018-12-08 06:30:00,4.03,3.2356398,3.2795756,4.378787,2.6620002,4.9524264
2018-12-08 06:45:00,4.0,3.2367668,3.4594696,4.423652,2.6631272,4.9972916
2018-12-08 07:00:00,3.78,3.2629285,3.439965,4.3466277,2.6892889,4.920267
2018-12-08 07:15:00,3.35,3.3719969,3.3900554,4.3687277,2.7983572,4.942367
2018-12-08 07:30:00,3.31,3.1623528,3.3745177,4.8236465,2.5887132,5.397286
2018-12-08 07:45:00,3.53,3.4455378,3.8799956,6.2440844,2.8718982,6.8177238
2018-12-08 08:00:00,3.67,3.369192,4.105473,7.9926157,2.7955523,8.566256
2018-12-08 08:15:00,29.23,4.4532013,25.776081,42.182564,3.8795617,42.756203
2018-12-08 08:30:00,38.16,5.250895,30.80033,45.721714,4.6772556,46.295353
2018-12-08 08:45:00,33.08,5.4307647,32.284992,46.298634,4.8571253,46.872272
2018-12-08 09:00:00,51.52,6.0050416,34.527916,43.98971,5.431402,44.56335
2018-12-08 09:15:00,47.77,6.0961127,36.032364,42.541855,5.5224733,43.115494
2018-12-08 09:30:00,42.05,5.809315,34.753464,43.873814,5.235676,44.447453
2018-12-08 09:45:00,32.4,5.531466,39.792892,45.15674,4.9578266,45.730377
2018-12-08 10:00:00,31.43,5.4926696,40.046486,48.34282,4.91903,48.91646
2018-12-08 10:15:00,31.57,5.4478025,34.927734,46.321976,4.874163,46.895615
2018-12-08 10:30:00,31.43,5.465633,33.598217,45.474308,4.8919935,46.047947
2018-12-08 10:45:00,47.66,5.6026726,32.556545,46.3395,5.029033,46.91314
2018-12-08 11:00:00,49.28,4.7259083,34.38369,44.017036,4.152269,44.590675
2018-12-08 11:15:00,38.16,4.7075567,31.74025,43.269386,4.1339173,43.843025
2018-12-08 11:30:00,44.14,4.9256816,33.912228,43.537086,4.352042,44.110725
2018-12-08 11:45:00,38.27,4.3033705,32.53707,42.76935,3.7297308,43.342987
2018-12-08 12:00:00,22.46,4.0393696,21.810955,45.23173,3.46573,45.80537
2018-12-08 12:15:00,3.92,3.4489472,10.776752,27.213015,2.8753076,27.786654
2018-12-08 12:30:00,4.57,3.3620682,7.2796087,11.9215145,2.7884285,12.495154
2018-12-08 12:45:00,5.36,3.681705,6.87762,9.870608,3.1080654,10.444248
2018-12-08 13:00:00,6.08,3.4754808,6.930985,19.918741,2.9018412,20.49238
2018-12-08 13:15:00,34.09,3.482366,19.011612,41.44797,2.9087265,42.02161
2018-12-08 13:30:00,55.69,4.3777547,28.287382,42.14853,3.804115,42.722168
2018-12-08 13:45:00,40.61,4.3937445,28.669636,42.853287,3.8201048,43.426926
2018-12-08 14:00:00,50.51,4.31851,30.306322,43.112698,3.7448704,43.686337
2018-12-08 14:15:00,37.98,5.1024446,30.821121,42.737774,4.5288053,43.311413
2018-12-08 14:30:00,48.89,5.4111876,29.073946,43.211117,4.8375483,43.784756
2018-12-08 14:45:00,37.73,5.4261537,31.131472,42.19871,4.8525143,42.77235
2018-12-08 15:00:00,40.03,5.671142,36.509583,42.769608,5.0975027,43.343246
2018-12-08 15:15:00,43.67,4.984038,37.42542,42.61734,4.4103985,43.19098
2018-12-08 15:30:00,46.15,5.482252,35.768826,43.694725,4.9086127,44.268364
2018-12-08 15:45:00,49.68,5.424317,35.37022,41.793896,4.8506775,42.367535
2018-12-08 16:00:00,49.32,5.305282,36.72592,42.56254,4.7316427,43.136177
2018-12-08 16:15:00,49.46,5.5043707,37.81028,43.077454,4.9307313,43.651093
2018-12-08 16:30:00,49.54,5.3228045,36.273853,42.545982,4.749165,43.11962
2018-12-08 16:45:00,34.63,4.2736135,32.81932,43.27056,3.6999738,43.8442
2018-12-08 17:00:00,27.0,3.8119314,13.2458935,27.920517,3.2382917,28.494156
2018-12-08 17:15:00,9.9,2.2580147,9.382893,24.255005,1.684375,24.828644
2018-12-08 17:30:00,5.22,2.1471705,7.4104443,21.24604,1.5735309,21.81968
2018-12-08 17:45:00,5.29,2.1702015,4.1292033,13.745447,1.5965619,14.319087
2018-12-08 18:00:00,5.22,2.3349433,3.5704548,16.3088,1.7613037,16.882439
2018-12-08 18:15:00,5.18,1.0203749,2.163932,14.437474,0.44673532,15.011114
2018-12-08 18:30:00,5.15,1.0540446,1.937916,17.607687,0.48040503,18.181326
2018-12-08 18:45:00,5.33,2.0915995,3.0790322,19.08828,1.5179598,19.661919
2018-12-08 19:00:00,5.15,2.295518,4.3358836,21.040352,1.7218783,21.61399
2018-12-08 19:15:00,4.1,2.3643775,4.6486106,20.58931,1.7907379,21.162949
2018-12-08 19:30:00,4.14,1.8240745,2.3121922,20.066252,1.2504349,20.63989
2018-12-08 19:45:00,4.1,2.511163,2.9709227,21.894302,1.9375234,22.467941
2018-12-08 20:00:00,4.14,2.479788,2.6982124,20.27793,1.9061484,20.851568
2018-12-08 20:15:00,4.1,2.1486773,3.9447458,21.760761,1.5750377,22.3344
2018-12-08 20:30:00,4.03,2.2819972,2.30882,20.927408,1.7083576,21.501047
2018-12-08 20:45:00,4.14,2.5377414,4.0283303,20.606688,1.9641018,21.180326
2018-12-08 21:00:00,4.1,2.4838643,3.145115,21.199831,1.9102247,21.77347
2018-12-08 21:15:00,4.14,2.5051363,3.2527862,9.18196,1.9314966,9.7556
2018-12-08 21:30:00,4.1,2.4147794,3.3312094,10.749085,1.8411398,11.322725
2018-12-08 21:45:00,4.14,2.3380406,3.2837694,9.726576,1.764401,10.300216
2018-12-08 22:00:00,4.1,2.2849562,3.7913277,8.953934,1.7113166,9.527574
2018-12-08 22:15:00,3.82,2.2286959,3.7488449,8.062913,1.6550562,8.636553
2018-12-08 22:30:00,3.89,3.1826432,3.256015,10.424966,2.6090035,10.998606
2018-12-08 22:45:00,5.0,3.118519,3.6430266,6.3280983,2.5448794,6.9017377
2018-12-08 23:00:00,4.75,3.0938733,3.4269164,4.6910396,2.5202336,5.264679
2018-12-08 23:15:00,3.82,3.0759902,3.3534362,4.8196635,2.5023506,5.393303
2018-12-08 23:30:00,3.71,3.0620584,3.2615764,4.4447966,2.4884188,5.018436
2018-12-08 23:45:00,3.82,3.0480976,3.4494936,5.1205378,2.474458,5.694177
2018-12-09 00:00:00,3.17,3.10504,3.3785145,7.437336,2.5314004,8.010976
2018-12-09 00:15:00,3.74,3.1313672,3.4662025,5.6865735,2.5577276,6.260213
2018-12-09 00:30:00,3.74,3.117627,3.3889844,5.142665,2.5439873,5.7163043
2018-12-09 00:45:00,3.82,3.151571,3.3916805,4.664607,2.5779314,5.2382464
2018-12-09 01:00:00,3.85,3.2273269,3.5044405,5.4198437,2.6536872,5.993483
2018-12-09 01:15:00,3.78,3.2231967,3.645744,5.8885264,2.649557,6.462166
2018-12-09 01:30:00,3.82,3.1836731,3.7028959,5.5241923,2.6100335,6.0978317
2018-12-09 01:45:00,3.78,3.2370768,3.3287766,6.418542,2.6634371,6.9921813
2018-12-09 02:00:00,3.78,3.2367163,3.2758,5.67167,2.6630766,6.2453094
2018-12-09 02:15:00,3.17,3.1045682,3.2341535,3.9586604,2.5309286,4.5323
2018-12-09 02:30:00,3.13,3.114924,3.1947691,3.3287458,2.5412843,3.9023855
2018-12-09 02:45:00,3.35,3.196392,3.5589058,4.3573627,2.6227524,4.931002
2018-12-09 03:00:00,3.67,3.252979,3.5589745,5.2467427,2.6793394,5.820382
2018-12-09 03:15:00,3.02,3.192992,3.2521079,3.4453073,2.6193523,4.0189466
2018-12-09 03:30:00,3.13,3.0431488,3.1499994,3.4370048,2.4695091,4.0106444
2018-12-09 03:45:00,3.06,3.0145843,3.069298,3.286454,2.4409447,3.8600936
2018-12-09 04:00:00,3.06,2.9907591,3.026779,3.3267534,2.4171195,3.900393
2018-12-09 04:15:00,3.06,2.9406831,3.1318946,3.3435924,2.3670435,3.917232
2018-12-09 04:30:00,3.2,3.1992342,3.2134628,3.3804302,2.6255946,3.9540699
2018-12-09 04:45:00,3.78,3.249315,3.3766553,4.5602517,2.6756754,5.133891
2018-12-09 05:00:00,3.78,3.0504205,3.2501535,4.16457,2.476781,4.7382092
2018-12-09 05:15:00,3.74,2.9920173,3.1488082,4.123313,2.4183776,4.6969523
2018-12-09 05:30:00,3.74,2.7994592,3.0190265,3.5969086,2.2258196,4.170548
2018-12-09 05:45:00,3.13,3.0111995,3.0590246,3.333487,2.4375598,3.9071267
2018-12-09 06:00:00,3.74,2.848902,3.01053,3.361869,2.2752624,3.9355087
2018-12-09 06:15:00,3.56,2.9243698,2.999091,3.3567882,2.3507302,3.9304278
2018-12-09 06:30:00,3.1,2.926285,2.9527385,4.0115805,2.3526454,4.58522
2018-12-09 06:45:00,2.95,2.9914742,3.2295787,3.9906151,2.4178345,4.5642548
2018-12-09 07:00:00,3.06,3.113092,3.1162512,3.3981016,2.5394523,3.9717412
2018-12-09 07:15:00,3.02,3.079844,3.0945218,3.360689,2.5062044,3.9343286
2018-12-09 07:30:00,2.95,3.038277,3.1353953,3.7101018,2.4646373,4.2837415
2018-12-09 07:45:00,3.02,3.0827243,3.1657374,5.2599607,2.5090847,5.8336
2018-12-09 08:00:00,2.99,3.0902102,3.224219,5.569112,2.5165706,6.142751
2018-12-09 08:15:00,3.13,3.3902845,11.671072,28.803703,2.816645,29.377342
2018-12-09 08:30:00,3.74,4.105127,15.039111,31.725266,3.5314872,32.298904
2018-12-09 08:45:00,3.82,4.176776,15.685997,30.185316,3.6031363,30.758955
2018-12-09 09:00:00,3.96,3.5708213,21.73374,35.30711,2.9971817,35.88075
2018-12-09 09:15:00,4.03,2.720215,17.512491,32.894924,2.1465755,33.468563
2018-12-09 09:30:00,3.35,3.7226324,16.907944,34.18543,3.1489928,34.759068
2018-12-09 09:45:00,3.31,4.052788,16.139593,27.900404,3.4791481,28.474043
2018-12-09 10:00:00,3.89,4.020097,15.989325,28.046343,3.4464571,28.619982
2018-12-09 10:15:00,4.03,3.717439,13.659342,28.529871,3.1437993,29.10351
2018-12-09 10:30:00,3.31,3.8299246,14.696697,26.114523,3.256285,26.688162
2018-12-09 10:45:00,3.35,3.8525143,18.006763,32.12176,3.2788746,32.6954
2018-12-09 11:00:00,3.42,4.1036453,20.047657,31.430275,3.5300057,32.003914
2018-12-09 11:15:00,3.35,3.5756576,16.329489,30.086134,3.002018,30.659773
2018-12-09 11:30:00,3.31,3.9073584,19.215456,31.472467,3.3337188,32.04611
2018-12-09 11:45:00,3.38,3.7797992,18.384619,30.741337,3.2061596,31.314976
2018-12-09 12:00:00,3.89,3.3193774,7.3762255,24.455427,2.7457378,25.029066
2018-12-09 12:15:00,4.18,2.6340032,3.6004875,7.3342166,2.0603635,7.907856
2018-12-09 12:30:00,4.1,3.6481185,4.595081,6.823331,3.0744789,7.3969703
2018-12-09 12:45:00,4.1,3.4637702,4.5347047,9.851936,2.8901305,10.425576
2018-12-09 13:00:00,3.6,3.3755906,5.234178,12.4119425,2.801951,12.985582
2018-12-09 13:15:00,3.42,3.594258,11.805763,35.086338,3.0206184,35.659977
2018-12-09 13:30:00,3.42,3.897737,20.209532,32.577568,3.3240974,33.151207
2018-12-09 13:45:00,3.35,3.9742148,17.067131,31.933525,3.4005752,32.507164
2018-12-09 14:00:00,3.92,3.8616085,24.56879,31.178581,3.2879689,31.75222
2018-12-09 14:15:00,3.78,3.9272573,21.776712,29.464893,3.3536177,30.038532
2018-12-09 14:30:00,3.42,3.9921834,23.731144,30.924927,3.4185438,31.498566
2018-12-09 14:45:00,3.38,4.050658,20.062185,29.846992,3.4770186,30.420631
2018-12-09 15:00:00,3.46,3.1127503,19.170158,28.492716,2.5391107,29.066355
2018-12-09 15:15:00,3.42,2.879988,20.995409,31.137705,2.3063483,31.711344
2018-12-09 15:30:00,3.53,2.91767,20.976059,31.779484,2.3440304,32.353123
2018-12-09 15:45:00,4.07,2.873297,23.016392,31.480778,2.2996573,32.054417
2018-12-09 16:00:00,4.03,2.7740502,22.97504,32.82774,2.2004106,33.40138
2018-12-09 16:15:00,4.14,2.5711265,22.119524,32.35434,1.9974868,32.92798
2018-12-09 16:30:00,4.0,2.8175137,23.314926,30.851793,2.243874,31.425432
2018-12-09 16:45:00,3.31,2.4312408,14.702507,27.67552,1.8576012,28.249159
2018-12-09 17:00:00,3.35,2.5123782,9.82913,11.27289,1.9387386,11.84653
2018-12-09 17:15:00,3.49,3.9513466,5.045572,11.0412445,3.377707,11.614884
2018-12-09 17:30:00,4.1,3.8673754,7.0774317,7.580739,3.2937357,8.154379
2018-12-09 17:45:00,3.64,3.7120495,4.654263,8.888172,3.1384099,9.461812
2018-12-09 18:00:00,3.24,3.68661,5.7059636,7.926114,3.1129704,8.499754
2018-12-09 18:15:00,3.28,3.6894786,4.1273794,8.116308,3.115839,8.689948
2018-12-09 18:30:00,3.31,3.757131,5.377437,7.8870316,3.1834915,8.460671
2018-12-09 18:45:00,3.42,3.6659818,5.8841853,10.9742365,3.0923421,11.547876
2018-12-09 19:00:00,3.64,3.7266958,6.118294,9.656042,3.1530561,10.229682
2018-12-09 19:15:00,4.07,3.7753263,7.190453,10.3841505,3.2016866,10.95779
2018-12-09 19:30:00,4.03,3.6504095,7.3347974,10.685721,3.0767698,11.259361
2018-12-09 19:45:00,4.03,3.6936169,7.337793,10.971878,3.1199772,11.545518
2018-12-09 20:00:00,4.0,3.677459,6.4723835,11.162132,3.1038194,11.735772
2018-12-09 20:15:00,3.31,3.4869714,7.4280963,8.14125,2.9133317,8.71489
2018-12-09 20:30:00,3.31,3.7078693,4.0507555,8.921821,3.1342297,9.4954605
2018-12-09 20:45:00,3.35,3.7059667,4.718625,10.348534,3.132327,10.9221735
2018-12-09 21:00:00,3.35,3.7158942,5.0268345,14.082136,3.1422546,14.655776
2018-12-09 21:15:00,3.67,3.6591556,4.5488353,10.856452,3.085516,11.430092
2018-12-09 21:30:00,4.14,3.6677673,4.9746,10.438191,3.0941277,11.011831
2018-12-09 21:45:00,3.38,3.6643634,5.71642,12.981162,3.0907238,13.554802
2018-12-09 22:00:00,3.28,3.6632571,4.789486,6.975094,3.0896175,7.548733
2018-12-09 22:15:00,3.13,3.4670923,3.5891414,5.45762,2.8934526,6.0312595
2018-12-09 22:30:00,3.17,3.4879482,3.7596323,5.492004,2.9143085,6.0656433
2018-12-09 22:45:00,3.78,3.5033176,4.5607533,5.304346,2.929678,5.8779855
2018-12-09 23:00:00,3.78,3.43495,5.0811934,5.850315,2.8613105,6.4239545
2018-12-09 23:15:00,3.74,3.4347064,4.843033,5.2606654,2.8610668,5.834305
2018-12-09 23:30:00,3.74,3.4082797,4.485946,5.1293955,2.83464,5.703035
2018-12-09 23:45:00,3.46,3.4152832,3.984042,5.174992,2.8416436,5.7486315
2018-12-10 00:00:00,5.36,3.4196436,4.250933,7.123855,2.846004,7.6974945
2018-12-10 00:15:00,3.06,3.4378495,4.3257647,6.150817,2.86421,6.7244563
2018-12-10 00:30:00,3.02,3.42,4.346342,5.680766,2.8463604,6.2544055
2018-12-10 00:45:00,3.31,3.4113657,4.31759,5.6091948,2.837726,6.182834
2018-12-10 01:00:00,3.85,3.5052307,4.1637,5.465584,2.931591,6.039223
2018-12-10 01:15:00,3.42,3.3381262,4.3203583,6.4194746,2.7644866,6.993114
2018-12-10 01:30:00,3.1,3.3838143,4.3293076,4.74787,2.8101747,5.3215094
2018-12-10 01:45:00,3.1,3.3966014,3.6680753,4.725231,2.8229618,5.2988706
2018-12-10 02:00:00,3.17,3.4261007,3.6956837,4.7366414,2.852461,5.310281
2018-12-10 02:15:00,3.31,3.2835388,3.3573897,3.5755727,2.7098992,4.1492124
2018-12-10 02:30:00,3.82,2.6269038,3.0653152,3.4392397,2.0532641,4.0128794
2018-12-10 02:45:00,3.78,2.8237507,2.945131,4.509929,2.250111,5.0835686
2018-12-10 03:00:00,3.82,2.6775515,2.9932475,5.138182,2.1039119,5.7118216
2018-12-10 03:15:00,3.74,3.0550234,3.5049858,3.659208,2.4813838,4.2328477
2018-12-10 03:30:00,3.1,2.952787,3.503381,3.730357,2.3791473,4.3039966
2018-12-10 03:45:00,3.2,2.955248,3.5405118,3.6821425,2.3816085,4.255782
2018-12-10 04:00:00,3.1,2.963964,3.5016496,3.5860193,2.3903244,4.159659
2018-12-10 04:15:00,3.13,2.9612503,3.5409894,3.8276727,2.3876107,4.4013124
2018-12-10 04:30:00,3.17,3.064429,3.7371056,3.9186895,2.4907894,4.492329
2018-12-10 04:45:00,3.49,3.0441587,3.96262,4.2359614,2.470519,4.809601
2018-12-10 05:00:00,3.74,3.169159,3.8398569,4.7567277,2.5955193,5.330367
2018-12-10 05:15:00,3.13,3.1257756,3.468621,3.6033409,2.552136,4.1769805
2018-12-10 05:30:00,3.1,3.2221766,3.7721865,3.830259,2.648537,4.4038987
2018-12-10 05:45:00,3.82,3.0541267,3.3836691,3.6040409,2.480487,4.1776805
2018-12-10 06:00:00,3.82,3.0388436,3.5002894,3.6179512,2.465204,4.191591
2018-12-10 06:15:00,3.85,3.0736516,3.4491305,3.5033867,2.500012,4.0770264
2018-12-10 06:30:00,3.82,3.0363212,3.5326788,3.621212,2.4626815,4.1948514
2018-12-10 06:45:00,3.46,2.98857,3.1448886,3.4948044,2.4149303,4.068444
2018-12-10 07:00:00,3.06,2.9240391,3.057214,3.5675588,2.3503995,4.141198
2018-12-10 07:15:00,3.13,3.0068653,3.4300292,3.5973957,2.4332256,4.1710353
2018-12-10 07:30:00,3.56,3.2034516,3.5266054,4.257795,2.629812,4.8314342
2018-12-10 07:45:00,5.87,2.7336497,3.7670267,6.7336802,2.16001,7.3073196
2018-12-10 08:00:00,6.8,3.1510644,6.2010503,6.685759,2.5774248,7.2593985
2018-12-10 08:15:00,33.48,10.980472,32.563107,42.65767,10.406832,43.231308
2018-12-10 08:30:00,61.06,38.29976,59.700512,92.89423,37.72612,93.46787
2018-12-10 08:45:00,58.36,38.56679,58.679382,92.36296,37.993153,92.9366
2018-12-10 09:00:00,68.62,41.57435,60.251366,94.975105,41.00071,95.548744
2018-12-10 09:15:00,69.23,45.4104,59.933273,92.962555,44.83676,93.536194
2018-12-10 09:30:00,70.78,38.388073,59.43712,92.69208,37.814434,93.26572
2018-12-10 09:45:00,61.74,37.81929,60.542953,93.149765,37.24565,93.723404
2018-12-10 10:00:00,72.0,37.620743,59.80243,94.53545,37.047104,95.10909
2018-12-10 10:15:00,56.2,28.303677,56.00074,91.14006,27.730038,91.7137
2018-12-10 10:30:00,56.02,34.677227,59.91902,93.83931,34.10359,94.41295
2018-12-10 10:45:00,63.9,39.40013,60.458683,93.94886,38.826492,94.5225
2018-12-10 11:00:00,68.47,39.772034,60.742214,92.23752,39.198395,92.81116
2018-12-10 11:15:00,61.56,40.84469,61.145073,90.28211,40.27105,90.85575
2018-12-10 11:30:00,70.31,43.63704,59.455963,91.82007,43.0634,92.39371
2018-12-10 11:45:00,62.42,38.691944,58.856976,91.45276,38.118305,92.0264
2018-12-10 12:00:00,44.75,26.173828,49.64559,78.46032,25.60019,79.03396
2018-12-10 12:15:00,9.11,5.0165615,6.10034,27.55066,4.442922,28.124298
2018-12-10 12:30:00,10.33,4.4573236,6.0662203,15.304666,3.883684,15.878305
2018-12-10 12:45:00,11.45,4.182364,6.157696,12.8168955,3.6087244,13.390535
2018-12-10 13:00:00,11.09,4.084025,6.3432684,26.711727,3.5103853,27.285366
2018-12-10 13:15:00,42.66,16.329412,39.721157,59.754227,15.755773,60.327866
2018-12-10 13:30:00,72.9,37.515587,58.204823,90.08261,36.941948,90.65625
2018-12-10 13:45:00,71.03,33.979935,57.810356,91.16006,33.406296,91.733696
2018-12-10 14:00:00,67.32,41.441334,63.24561,93.6001,40.867695,94.17374
2018-12-10 14:15:00,64.22,37.51327,63.695095,93.39514,36.939632,93.96878
2018-12-10 14:30:00,69.91,37.985065,61.30501,93.89913,37.411427,94.47277
2018-12-10 14:45:00,51.23,37.737,60.86785,94.58504,37.16336,95.158676
2018-12-10 15:00:00,58.39,40.427624,61.999306,95.32152,39.853985,95.89516
2018-12-10 15:15:00,69.62,41.210434,60.65041,97.572914,40.636795,98.14655
2018-12-10 15:30:00,66.71,38.663204,60.726204,93.28819,38.089565,93.86183
2018-12-10 15:45:00,65.99,39.174347,60.06265,94.05594,38.600708,94.62958
2018-12-10 16:00:00,64.98,35.624115,60.225548,95.261505,35.050476,95.835144
2018-12-10 16:15:00,64.55,36.863785,64.65703,95.231026,36.290146,95.804665
2018-12-10 16:30:00,63.72,33.155773,60.88027,94.75165,32.582134,95.32529
2018-12-10 16:45:00,66.53,32.618855,60.814606,97.72839,32.045216,98.30203
2018-12-10 17:00:00,62.57,33.296097,61.904778,95.40352,32.722458,95.97716
2018-12-10 17:15:00,63.72,24.829,60.2116,87.528915,24.255362,88.102554
2018-12-10 17:30:00,58.64,23.662905,58.18588,87.990005,23.089266,88.563644
2018-12-10 17:45:00,60.12,13.7672,34.689903,60.94051,13.193561,61.51415
2018-12-10 18:00:00,24.73,13.788301,30.404865,33.94518,13.214662,34.518818
2018-12-10 18:15:00,5.47,13.137246,31.73275,50.186172,12.563606,50.75981
2018-12-10 18:30:00,4.5,11.71703,46.262707,58.294636,11.14339,58.868275
2018-12-10 18:45:00,4.46,16.67117,48.875923,68.28913,16.09753,68.86277
2018-12-10 19:00:00,4.46,11.685394,48.258343,61.007008,11.111754,61.580647
2018-12-10 19:15:00,4.75,14.282027,48.097343,66.437706,13.708387,67.011345
2018-12-10 19:30:00,5.69,12.993138,36.929405,60.864174,12.419498,61.437813
2018-12-10 19:45:00,5.62,13.327246,47.391987,64.486725,12.753606,65.06036
2018-12-10 20:00:00,4.46,17.263739,49.788074,70.93945,16.6901,71.51309
2018-12-10 20:15:00,4.46,12.0343895,49.516365,70.69044,11.46075,71.26408
2018-12-10 20:30:00,4.5,11.057046,47.101315,66.4763,10.483406,67.04994
2018-12-10 20:45:00,4.43,15.349118,44.074566,66.02987,14.775478,66.60351
2018-12-10 21:00:00,4.46,4.1338587,9.492832,35.65152,3.560219,36.22516
2018-12-10 21:15:00,4.5,3.2218478,6.340152,9.91605,2.6482081,10.48969
2018-12-10 21:30:00,4.57,3.2375526,6.431329,8.480868,2.663913,9.054508
2018-12-10 21:45:00,4.54,3.7628148,6.336932,6.7501554,3.1891751,7.323795
2018-12-10 22:00:00,4.46,3.5058212,6.3659925,11.70525,2.9321816,12.27889
2018-12-10 22:15:00,4.28,3.3904865,3.5727088,15.350642,2.8168468,15.924282
2018-12-10 22:30:00,4.25,3.4222534,3.608863,5.505664,2.8486137,6.0793033
2018-12-10 22:45:00,4.32,3.4196103,4.285104,5.4568486,2.8459706,6.030488
2018-12-10 23:00:00,4.18,3.3120348,4.0242186,6.427183,2.7383952,7.0008225
2018-12-10 23:15:00,4.18,3.3332567,3.399027,7.3200746,2.759617,7.893714
2018-12-10 23:30:00,4.21,3.2715771,3.4543114,6.1874413,2.6979375,6.7610807
2018-12-10 23:45:00,4.28,3.1308987,3.4485931,6.7049556,2.557259,7.278595
2018-12-11 00:00:00,4.18,3.051153,3.4241173,7.8895097,2.4775133,8.463149
2018-12-11 00:15:00,4.86,3.0990846,3.5081933,6.5661845,2.525445,7.139824
2018-12-11 00:30:00,4.21,3.0582392,3.527344,5.676559,2.4845996,6.2501984
2018-12-11 00:45:00,4.18,3.1036704,5.612543,6.131991,2.5300307,6.7056303
2018-12-11 01:00:00,4.21,2.974149,5.619008,7.5476093,2.4005094,8.121249
2018-12-11 01:15:00,4.32,3.116375,5.3961544,5.661021,2.5427353,6.2346606
2018-12-11 01:30:00,4.25,3.1409032,5.584222,5.813362,2.5672636,6.3870015
2018-12-11 01:45:00,4.18,3.1239014,5.2194853,5.8054714,2.5502617,6.379111
2018-12-11 02:00:00,4.21,2.956819,5.3244543,5.7700806,2.3831794,6.34372
2018-12-11 02:15:00,4.28,2.9490054,3.7392795,3.8441136,2.3753657,4.417753
2018-12-11 02:30:00,4.25,3.0008752,3.81414,7.3039517,2.4272356,7.877591
2018-12-11 02:45:00,4.21,3.0970118,3.766197,6.0237074,2.5233722,6.597347
2018-12-11 03:00:00,3.56,3.1496315,3.555484,5.8557687,2.5759919,6.429408
2018-12-11 03:15:00,3.56,3.1822286,3.5185182,3.8490567,2.608589,4.422696
2018-12-11 03:30:00,3.53,2.9487658,3.4374745,3.6257849,2.3751261,4.1994243
2018-12-11 03:45:00,3.53,2.945754,3.400141,3.5674922,2.3721144,4.141132
2018-12-11 04:00:00,3.85,2.885983,3.2924404,3.565722,2.3123434,4.1393614
2018-12-11 04:15:00,4.18,2.873031,3.3013065,3.5194588,2.2993913,4.093098
2018-12-11 04:30:00,3.49,2.910346,3.5350177,3.6008816,2.3367064,4.174521
2018-12-11 04:45:00,3.56,3.0184686,3.8798375,5.241706,2.444829,5.8153453
2018-12-11 05:00:00,3.56,3.0384116,4.4874887,5.284216,2.464772,5.8578553
2018-12-11 05:15:00,3.74,3.074611,3.3632557,3.915896,2.5009713,4.4895353
2018-12-11 05:30:00,4.18,3.168262,3.4200199,3.9607782,2.5946224,4.5344176
2018-12-11 05:45:00,4.25,3.0621433,3.5399396,3.6756933,2.4885037,4.249333
2018-12-11 06:00:00,4.28,3.0265024,3.2406752,3.450393,2.4528627,4.0240326
2018-12-11 06:15:00,3.56,3.106094,3.358966,3.4316986,2.5324543,4.005338
2018-12-11 06:30:00,3.53,3.103824,3.4440897,3.6800103,2.5301843,4.2536497
2018-12-11 06:45:00,3.6,3.1047435,3.4624765,3.9850662,2.5311038,4.558706
2018-12-11 07:00:00,3.49,2.9515383,3.3748658,3.76058,2.3778987,4.3342195
2018-12-11 07:15:00,4.1,2.8936934,3.4093463,3.6477015,2.3200538,4.221341
2018-12-11 07:30:00,4.07,3.0788171,3.4709918,3.926034,2.5051775,4.4996734
2018-12-11 07:45:00,4.86,3.3148093,3.6139348,6.634149,2.7411697,7.2077885
2018-12-11 08:00:00,14.83,3.2735784,6.294526,8.931488,2.6999388,9.505128
2018-12-11 08:15:00,44.21,15.973467,35.408882,50.407337,15.399827,50.980976
2018-12-11 08:30:00,54.04,38.735943,58.701027,98.5619,38.162304,99.13554
2018-12-11 08:45:00,61.74,41.818863,62.74447,94.76133,41.245224,95.33497
2018-12-11 09:00:00,69.48,42.834965,65.17779,107.811035,42.261326,108.384674
2018-12-11 09:15:00,75.38,40.28168,64.8928,111.788506,39.708042,112.362144
2018-12-11 09:30:00,71.82,42.674328,64.489006,107.07268,42.10069,107.64632
2018-12-11 09:45:00,71.24,42.782497,66.37153,109.038315,42.20886,109.61195
2018-12-11 10:00:00,54.86,41.25888,66.4459,108.19688,40.68524,108.770515
2018-12-11 10:15:00,66.13,38.962345,64.033005,109.44104,38.388706,110.01468
2018-12-11 10:30:00,73.08,43.161663,65.096436,110.49217,42.588024,111.06581
2018-12-11 10:45:00,77.51,43.19709,64.46924,110.808235,42.62345,111.381874
2018-12-11 11:00:00,72.54,43.570534,65.880775,109.85807,42.996895,110.43171
2018-12-11 11:15:00,63.83,42.736164,67.46773,110.077705,42.162525,110.651344
2018-12-11 11:30:00,67.07,45.2805,65.4467,109.62512,44.70686,110.19876
2018-12-11 11:45:00,84.24,42.641037,68.0683,109.69091,42.067398,110.26455
2018-12-11 12:00:00,72.79,38.129272,65.593124,105.52491,37.555634,106.09855
2018-12-11 12:15:00,7.96,4.555476,12.716387,29.514591,3.9818366,30.08823
2018-12-11 12:30:00,5.8,4.348401,10.846991,19.515207,3.7747614,20.088846
2018-12-11 12:45:00,6.98,4.8228006,8.788908,16.14629,4.2491612,16.719929
2018-12-11 13:00:00,6.95,4.6393185,7.4396853,32.04143,4.065679,32.61507
2018-12-11 13:15:00,38.45,26.373339,45.344254,80.64542,25.7997,81.219055
2018-12-11 13:30:00,59.36,39.073677,66.25698,106.01038,38.50004,106.58402
2018-12-11 13:45:00,66.02,42.428593,67.02353,107.01305,41.854954,107.586685
2018-12-11 14:00:00,80.28,42.377407,66.14108,107.486206,41.80377,108.059845
2018-12-11 14:15:00,75.53,40.362244,68.272354,108.86099,39.788605,109.43463
2018-12-11 14:30:00,72.0,42.907757,70.44884,110.89411,42.334118,111.46775
2018-12-11 14:45:00,72.61,43.380756,68.37482,107.00907,42.807117,107.58271
2018-12-11 15:00:00,78.55,42.49635,67.41356,108.66551,41.92271,109.23915
2018-12-11 15:15:00,73.98,44.334076,67.303024,108.095955,43.760437,108.66959
2018-12-11 15:30:00,76.79,42.98535,69.47577,109.16054,42.411713,109.73418
2018-12-11 15:45:00,80.46,43.34258,68.86505,108.01003,42.76894,108.58367
2018-12-11 16:00:00,68.11,37.139175,71.97836,110.71903,36.565536,111.29267
2018-12-11 16:15:00,71.68,37.813477,70.59951,110.40443,37.239838,110.978065
2018-12-11 16:30:00,69.8,35.8977,71.98951,110.69872,35.324062,111.27236
2018-12-11 16:45:00,75.46,38.515602,76.99047,112.65298,37.941963,113.226616
2018-12-11 17:00:00,70.27,40.237083,74.58187,112.94652,39.663445,113.52016
2018-12-11 17:15:00,78.48,37.98076,78.13941,107.861244,37.40712,108.43488
2018-12-11 17:30:00,66.78,37.24831,76.310036,103.495705,36.67467,104.06934
2018-12-11 17:45:00,32.11,32.95076,60.958076,90.38361,32.37712,90.95725
2018-12-11 18:00:00,31.25,17.821602,36.461056,44.145153,17.247963,44.718792
2018-12-11 18:15:00,36.4,11.952433,36.80782,60.622517,11.378793,61.196156
2018-12-11 18:30:00,39.56,10.17363,38.316513,63.57657,9.59999,64.15021
2018-12-11 18:45:00,51.44,9.301026,35.087646,71.893814,8.727386,72.46745
2018-12-11 19:00:00,51.52,10.285558,39.488895,63.010937,9.711918,63.584576
2018-12-11 19:15:00,53.57,11.747755,42.53888,64.58641,11.174115,65.16005
2018-12-11 19:30:00,52.81,10.634094,24.21365,57.411434,10.060454,57.985073
2018-12-11 19:45:00,52.38,11.784468,42.83752,63.476482,11.210828,64.050125
2018-12-11 20:00:00,53.21,11.814623,41.786217,65.79989,11.240983,66.37353
2018-12-11 20:15:00,51.91,9.947826,44.211796,73.34844,9.3741865,73.92208
2018-12-11 20:30:00,53.46,8.4682665,24.214523,59.958004,7.894627,60.531643
2018-12-11 20:45:00,32.36,6.0570307,17.151491,35.627686,5.4833913,36.201324
2018-12-11 21:00:00,28.37,3.9104412,9.029355,24.70631,3.3368015,25.27995
2018-12-11 21:15:00,6.77,3.6347156,6.217454,13.167309,3.061076,13.740949
2018-12-11 21:30:00,5.69,3.641769,5.8494935,12.549808,3.0681293,13.123447
2018-12-11 21:45:00,5.8,3.6210458,5.4436336,14.624376,3.0474062,15.198016
2018-12-11 22:00:00,5.69,3.6123857,5.4172316,11.995915,3.038746,12.569555
2018-12-11 22:15:00,5.47,3.5905213,4.3059716,10.355821,3.0168817,10.929461
2018-12-11 22:30:00,5.44,3.4586227,4.170124,9.018399,2.884983,9.592039
2018-12-11 22:45:00,4.97,3.496991,4.3080497,6.471703,2.9233513,7.0453424
2018-12-11 23:00:00,4.36,3.4657466,5.656178,7.0856886,2.892107,7.659328
2018-12-11 23:15:00,4.25,3.4805298,3.7679174,5.365435,2.9068902,5.9390745
2018-12-11 23:30:00,4.21,3.4790483,3.7077076,4.8600407,2.9054086,5.43368
2018-12-11 23:45:00,4.14,3.2861607,3.4669282,5.8446665,2.712521,6.418306
2018-12-12 00:00:00,4.21,2.3683567,3.3862798,8.085201,1.7947171,8.658841
2018-12-12 00:15:00,4.21,2.93212,4.9901824,7.85252,2.3584805,8.42616
2018-12-12 00:30:00,4.14,2.9410763,4.0329328,7.5170417,2.3674366,8.090681
2018-12-12 00:45:00,4.14,2.9561188,4.304823,7.8129754,2.3824792,8.386615
2018-12-12 01:00:00,4.14,2.9869936,4.1670713,8.454644,2.413354,9.028284
2018-12-12 01:15:00,4.21,2.960784,4.2255454,5.7438855,2.3871443,6.317525
2018-12-12 01:30:00,4.18,2.9561148,4.033821,7.8252015,2.3824751,8.398841
2018-12-12 01:45:00,4.75,2.999524,3.8498495,7.577132,2.4258845,8.150772
2018-12-12 02:00:00,5.33,2.7206044,3.9559047,9.412684,2.1469648,9.986324
2018-12-12 02:15:00,4.25,2.976457,3.3619316,7.2267118,2.4028175,7.800351
2018-12-12 02:30:00,4.25,2.7196681,3.4958208,6.3094406,2.1460285,6.88308
2018-12-12 02:45:00,4.18,2.7099795,3.545418,5.7956038,2.13634,6.369243
2018-12-12 03:00:00,4.21,2.9454215,3.7578666,6.1993465,2.3717818,6.772986
2018-12-12 03:15:00,4.18,2.9212866,3.641402,4.059782,2.347647,4.6334214
2018-12-12 03:30:00,4.18,2.76383,3.4948108,3.5433326,2.1901903,4.116972
2018-12-12 03:45:00,4.25,2.7352874,3.433829,3.4765213,2.1616478,4.050161
2018-12-12 04:00:00,4.18,2.7602472,3.4169996,3.4208307,2.1866076,3.9944704
2018-12-12 04:15:00,4.03,2.7651627,3.4513085,5.1986957,2.191523,5.772335
2018-12-12 04:30:00,3.46,2.7790074,3.51322,3.582325,2.2053678,4.1559644
2018-12-12 04:45:00,3.46,2.8691535,3.494964,4.2388916,2.2955139,4.812531
2018-12-12 05:00:00,3.53,2.8997426,3.5566437,4.337808,2.326103,4.9114475
2018-12-12 05:15:00,3.46,2.8028207,3.4439285,3.5458634,2.229181,4.119503
2018-12-12 05:30:00,3.49,2.803191,3.4430397,5.259073,2.2295513,5.832712
2018-12-12 05:45:00,4.0,2.807232,3.445297,3.895409,2.2335923,4.4690485
2018-12-12 06:00:00,4.25,3.1768303,4.411274,6.091468,2.6031907,6.6651073
2018-12-12 06:15:00,3.85,2.966617,3.4882782,3.488335,2.3929775,4.0619745
2018-12-12 06:30:00,3.42,2.8437166,3.5607955,4.2684364,2.270077,4.842076
2018-12-12 06:45:00,3.42,2.9382253,3.6837122,4.3700953,2.3645856,4.9437346
2018-12-12 07:00:00,3.96,2.6535387,2.7045777,3.3721166,2.079899,3.9457562
2018-12-12 07:15:00,4.1,2.9099839,3.3685765,3.634446,2.3363442,4.2080855
2018-12-12 07:30:00,4.32,3.0278628,3.630626,3.7135122,2.4542232,4.287152
2018-12-12 07:45:00,5.83,2.7624454,5.0398226,7.882185,2.1888058,8.455825
2018-12-12 08:00:00,5.8,2.9874568,8.149828,15.809944,2.4138172,16.383583
2018-12-12 08:15:00,36.86,14.794365,40.283825,62.765953,14.220725,63.339592
2018-12-12 08:30:00,60.37,33.566254,69.33794,116.88452,32.992615,117.45816
2018-12-12 08:45:00,66.46,34.62702,70.624146,109.74149,34.053383,110.31513
2018-12-12 09:00:00,69.05,36.523994,76.07098,117.90483,35.950356,118.47847
2018-12-12 09:15:00,63.86,38.294765,72.03568,122.46532,37.721127,123.038956
2018-12-12 09:30:00,65.59,37.529,74.194176,121.33169,36.95536,121.90533
2018-12-12 09:45:00,60.98,36.59683,75.568855,121.781876,36.02319,122.355515
2018-12-12 10:00:00,65.74,35.769,75.268654,119.562805,35.195362,120.136444
2018-12-12 10:15:00,57.17,34.535828,72.71552,119.90059,33.96219,120.47423
2018-12-12 10:30:00,64.55,35.69981,77.07717,120.8861,35.12617,121.45974
2018-12-12 10:45:00,53.42,37.125057,77.94213,121.224754,36.55142,121.79839
2018-12-12 11:00:00,65.88,37.47691,78.209816,120.482605,36.90327,121.056244
2018-12-12 11:15:00,57.71,36.201477,78.24003,122.94604,35.62784,123.51968
2018-12-12 11:30:00,59.76,37.394493,77.25913,121.59305,36.820854,122.16669
2018-12-12 11:45:00,79.85,36.002953,80.30375,120.70571,35.429314,121.27935
2018-12-12 12:00:00,49.64,31.551817,75.727,110.489,30.978178,111.06264
2018-12-12 12:15:00,27.97,4.0847774,8.946682,32.617695,3.5111377,33.191334
2018-12-12 12:30:00,29.74,3.0659149,4.219786,16.8659,2.4922752,17.439539
2018-12-12 12:45:00,29.56,4.437706,6.0768332,16.580717,3.8640664,17.154356
2018-12-12 13:00:00,29.3,4.027844,7.30989,28.440014,3.4542043,29.013653
2018-12-12 13:15:00,58.86,15.172281,55.960155,63.15506,14.598641,63.7287
2018-12-12 13:30:00,61.78,33.43073,78.644485,118.20237,32.85709,118.77601
2018-12-12 13:45:00,77.0,34.19053,80.552765,118.03698,33.61689,118.61062
2018-12-12 14:00:00,65.56,37.684784,82.47883,121.0082,37.111145,121.58184
2018-12-12 14:15:00,86.51,35.332302,84.346306,119.146255,34.758663,119.719894
2018-12-12 14:30:00,60.44,36.612553,81.51571,120.312485,36.038914,120.88612
2018-12-12 14:45:00,64.8,34.972668,83.1706,121.775826,34.39903,122.349464
2018-12-12 15:00:00,72.18,36.662914,79.120415,124.43601,36.089275,125.00965
2018-12-12 15:15:00,69.08,38.26354,75.71104,127.96633,37.6899,128.53998
2018-12-12 15:30:00,66.17,36.865486,79.389915,125.67207,36.291847,126.24571
2018-12-12 15:45:00,61.67,38.33983,76.44224,125.69058,37.76619,126.26422
2018-12-12 16:00:00,70.6,31.774458,77.642525,123.553055,31.200819,124.12669
2018-12-12 16:15:00,68.36,32.09555,81.61887,121.28085,31.521912,121.85449
2018-12-12 16:30:00,75.1,30.53399,81.66033,120.929924,29.960352,121.50356
2018-12-12 16:45:00,66.13,30.831987,82.68661,122.65885,30.258348,123.23249
2018-12-12 17:00:00,70.7,29.740421,84.02665,122.74702,29.166782,123.320656
2018-12-12 17:15:00,60.7,29.202785,81.946785,119.12787,28.629147,119.70151
2018-12-12 17:30:00,57.92,25.787802,77.95788,114.15572,25.214163,114.72936
2018-12-12 17:45:00,32.9,15.922841,45.09067,75.79746,15.349201,76.3711
2018-12-12 18:00:00,30.53,13.068631,34.512383,46.87491,12.494991,47.448547
2018-12-12 18:15:00,49.9,10.926664,36.137653,55.99288,10.3530245,56.56652
2018-12-12 18:30:00,67.25,15.728154,44.248116,66.90903,15.154514,67.482666
2018-12-12 18:45:00,69.37,16.15304,45.50249,77.77844,15.5794,78.35208
2018-12-12 19:00:00,65.99,14.130397,46.73566,68.71481,13.556757,69.28845
2018-12-12 19:15:00,66.02,13.419684,47.82882,69.939705,12.846045,70.51334
2018-12-12 19:30:00,60.19,9.466961,46.904343,73.90804,8.893321,74.48168
2018-12-12 19:45:00,58.54,9.446835,47.01283,75.36365,8.873195,75.93729
2018-12-12 20:00:00,61.85,12.96357,46.898228,75.85683,12.38993,76.430466
2018-12-12 20:15:00,67.07,12.580395,47.17426,78.481995,12.006755,79.05563
2018-12-12 20:30:00,58.82,12.496345,46.5543,75.762276,11.922705,76.335915
2018-12-12 20:45:00,53.35,6.067705,30.613678,45.358406,5.4940658,45.932045
2018-12-12 21:00:00,30.35,3.9843304,14.053021,39.21773,3.4106908,39.79137
2018-12-12 21:15:00,12.2,3.2849255,6.131143,21.814034,2.7112858,22.387672
2018-12-12 21:30:00,5.8,3.1556013,4.3044167,16.88348,2.5819616,17.457119
2018-12-12 21:45:00,5.76,3.1828454,4.27029,13.862524,2.6092057,14.436164
2018-12-12 22:00:00,5.65,2.9926353,4.408827,10.728847,2.4189956,11.302486
2018-12-12 22:15:00,5.04,3.3073757,4.871625,10.107039,2.733736,10.680679
2018-12-12 22:30:00,4.25,3.2158298,5.4904776,9.347659,2.6421902,9.921299
2018-12-12 22:45:00,4.25,2.9848027,6.359011,9.0336685,2.411163,9.607308
2018-12-12 23:00:00,4.21,2.8810794,5.758833,8.810163,2.3074398,9.383802
2018-12-12 23:15:00,4.14,2.9253929,5.382894,11.259444,2.3517532,11.833084
2018-12-12 23:30:00,4.1,2.9103987,4.9269013,11.214301,2.336759,11.787941
2018-12-12 23:45:00,4.1,2.9275515,4.9193454,13.165033,2.3539119,13.738673
2018-12-13 00:00:00,5.26,3.3148499,3.7347267,7.2666574,2.7412102,7.8402967
2018-12-13 00:15:00,4.1,2.4167306,3.6511023,5.8938327,1.843091,6.467472
2018-12-13 00:30:00,4.18,2.2589672,3.707461,6.101848,1.6853275,6.6754875
2018-12-13 00:45:00,4.21,2.279913,3.8730037,6.5120845,1.7062733,7.085724
2018-12-13 01:00:00,4.14,2.2929986,3.611284,10.37014,1.7193589,10.94378
2018-12-13 01:15:00,4.28,2.2561774,3.8008378,6.3711605,1.6825378,6.9448
2018-12-13 01:30:00,4.18,2.2648935,3.6700213,6.759713,1.6912539,7.3333526
2018-12-13 01:45:00,4.25,3.3792431,4.9378724,6.831962,2.8056035,7.4056015
2018-12-13 02:00:00,5.36,3.4507563,4.96837,6.827123,2.8771167,7.4007626
2018-12-13 02:15:00,4.79,3.4657276,3.905146,6.7744703,2.892088,7.3481097
2018-12-13 02:30:00,4.25,3.4521732,4.030187,6.081329,2.8785336,6.6549683
2018-12-13 02:45:00,4.18,3.401436,4.045057,6.8047476,2.8277965,7.378387
2018-12-13 03:00:00,4.21,3.1758168,3.4132655,7.029002,2.6021771,7.6026416
2018-12-13 03:15:00,4.18,3.1146524,3.3492212,5.190707,2.5410128,5.7643466
2018-12-13 03:30:00,4.21,3.1060336,3.3331587,4.1125083,2.532394,4.6861477
2018-12-13 03:45:00,4.21,3.0894954,3.256473,4.1867495,2.5158558,4.760389
2018-12-13 04:00:00,4.21,3.1864913,3.2107284,4.1934085,2.6128516,4.767048
2018-12-13 04:15:00,4.18,3.2846413,3.6717608,3.792418,2.7110016,4.3660574
2018-12-13 04:30:00,4.21,3.2631116,3.743461,3.8897796,2.689472,4.463419
2018-12-13 04:45:00,4.21,3.2386715,3.7309635,4.8833065,2.665032,5.456946
2018-12-13 05:00:00,4.18,3.0112526,3.5610573,4.575865,2.437613,5.149504
2018-12-13 05:15:00,3.67,2.978469,3.481332,4.801868,2.4048293,5.3755074
2018-12-13 05:30:00,3.42,2.9886608,3.5124362,3.83297,2.4150212,4.4066095
2018-12-13 05:45:00,3.89,3.031891,3.4955828,6.2632384,2.4582515,6.836878
2018-12-13 06:00:00,4.32,3.0806024,4.5563045,5.4654627,2.5069628,6.039102
2018-12-13 06:15:00,3.46,3.0354471,3.579252,4.725093,2.4618075,5.2987323
2018-12-13 06:30:00,3.38,3.0922537,3.4988534,3.873141,2.518614,4.4467807
2018-12-13 06:45:00,3.38,3.0953429,3.545357,3.8642073,2.5217032,4.4378467
2018-12-13 07:00:00,3.42,3.0951514,3.431885,3.7842016,2.5215118,4.357841
2018-12-13 07:15:00,3.42,3.1416864,3.7484624,3.8825693,2.5680468,4.4562087
2018-12-13 07:30:00,3.71,3.1606784,3.8592565,5.157336,2.5870388,5.7309756
2018-12-13 07:45:00,5.69,3.7194614,5.1827283,8.254476,3.1458218,8.828115
2018-12-13 08:00:00,6.23,2.8009672,6.4082017,10.564529,2.2273276,11.138169
2018-12-13 08:15:00,35.57,18.611713,44.630806,50.23932,18.038074,50.812958
2018-12-13 08:30:00,72.86,37.446316,78.16829,118.33652,36.872677,118.91016
2018-12-13 08:45:00,61.74,38.66953,80.06688,119.205185,38.09589,119.778824
2018-12-13 09:00:00,76.36,41.782677,81.12606,121.450584,41.209038,122.02422
2018-12-13 09:15:00,63.11,41.838497,80.59951,123.36096,41.26486,123.9346
2018-12-13 09:30:00,65.66,43.115086,80.10194,122.95245,42.541447,123.52609
2018-12-13 09:45:00,72.07,41.832508,77.91032,123.29332,41.25887,123.86696
2018-12-13 10:00:00,56.84,41.63595,84.41825,121.52978,41.06231,122.10342
2018-12-13 10:15:00,69.3,42.31169,81.97979,122.2631,41.738052,122.83674
2018-12-13 10:30:00,65.66,43.084667,83.46461,123.41532,42.51103,123.98896
2018-12-13 10:45:00,85.43,44.450665,83.73962,120.169365,43.877026,120.743004
2018-12-13 11:00:00,53.17,44.532307,83.68691,120.75741,43.958668,121.33105
2018-12-13 11:15:00,55.4,43.1474,81.84095,121.37023,42.57376,121.94387
2018-12-13 11:30:00,60.08,43.80725,82.91512,121.68881,43.233612,122.26245
2018-12-13 11:45:00,58.0,43.91498,81.57848,120.66965,43.341343,121.243286
2018-12-13 12:00:00,51.3,38.44348,73.96696,113.177986,37.869843,113.751625
2018-12-13 12:15:00,11.38,9.272755,12.837715,37.925674,8.699115,38.499313
2018-12-13 12:30:00,10.91,7.3548026,21.634546,32.62312,6.781163,33.19676
2018-12-13 12:45:00,30.1,7.740595,14.504204,31.744213,7.1669555,32.317852
2018-12-13 13:00:00,36.4,7.5214863,15.184017,33.44388,6.947847,34.017517
2018-12-13 13:15:00,41.69,34.40883,56.3005,84.856804,33.83519,85.43044
2018-12-13 13:30:00,56.92,41.45364,80.12488,114.33452,40.88,114.90816
2018-12-13 13:45:00,46.66,43.187134,82.0799,115.01742,42.613495,115.59106
2018-12-13 14:00:00,52.52,43.455917,82.17135,120.32202,42.88228,120.89566
2018-12-13 14:15:00,58.25,44.49215,85.869774,124.28822,43.91851,124.86186
2018-12-13 14:30:00,72.61,42.44249,84.11039,122.96428,41.86885,123.53792
2018-12-13 14:45:00,66.24,40.661503,82.989815,121.675606,40.087864,122.249245
2018-12-13 15:00:00,73.08,43.265583,87.71012,120.45823,42.691944,121.03187
2018-12-13 15:15:00,60.52,42.685116,85.10757,120.46915,42.111477,121.042786
2018-12-13 15:30:00,59.87,42.497242,82.95019,122.62119,41.923603,123.19483
2018-12-13 15:45:00,63.5,42.565628,83.001686,121.0088,41.99199,121.582436
2018-12-13 16:00:00,60.52,39.080097,84.90043,120.99977,38.50646,121.57341
2018-12-13 16:15:00,88.92,39.163223,83.806145,122.140434,38.589584,122.71407
2018-12-13 16:30:00,105.37,39.52543,83.537865,119.381035,38.95179,119.95467
2018-12-13 16:45:00,102.89,39.562733,83.33848,121.026726,38.989094,121.600365
2018-12-13 17:00:00,77.83,38.45386,83.35464,121.22838,37.880222,121.80202
2018-12-13 17:15:00,67.18,39.438324,82.731804,117.06605,38.864685,117.63969
2018-12-13 17:30:00,70.13,35.982716,77.95669,111.09642,35.409077,111.67006
2018-12-13 17:45:00,31.72,24.492811,39.507126,57.137104,23.919172,57.710743
2018-12-13 18:00:00,31.5,21.184069,34.947243,45.922157,20.61043,46.495796
2018-12-13 18:15:00,54.79,23.833834,48.12629,60.454617,23.260195,61.028255
2018-12-13 18:30:00,77.04,20.296331,59.657757,86.63203,19.722692,87.205666
2018-12-13 18:45:00,79.63,21.996414,62.27138,90.928505,21.422775,91.502144
2018-12-13 19:00:00,80.46,19.940512,69.999855,103.889244,19.366873,104.46288
2018-12-13 19:15:00,71.89,22.045082,70.34499,106.287445,21.471443,106.861084
2018-12-13 19:30:00,78.52,19.82943,61.60543,93.42162,19.25579,93.99526
2018-12-13 19:45:00,52.31,18.697412,58.561615,90.306335,18.123774,90.879974
2018-12-13 20:00:00,61.16,19.754833,61.408554,92.99217,19.181194,93.56581
2018-12-13 20:15:00,61.6,18.004837,70.82308,106.5148,17.431198,107.08844
2018-12-13 20:30:00,49.68,14.406518,60.351105,88.63507,13.832878,89.20871
2018-12-13 20:45:00,41.54,11.728799,40.57006,76.35998,11.155159,76.93362
2018-12-13 21:00:00,20.16,6.815081,26.20872,47.16434,6.2414417,47.73798
2018-12-13 21:15:00,6.16,3.341608,8.451662,25.533815,2.7679684,26.107454
2018-12-13 21:30:00,5.69,3.5498805,5.848443,15.123671,2.9762409,15.69731
2018-12-13 21:45:00,5.69,3.3089697,5.5319047,11.8868065,2.73533,12.460446
2018-12-13 22:00:00,5.65,3.2540143,5.3415685,11.591201,2.6803746,12.164841
2018-12-13 22:15:00,5.47,3.4846435,5.7138953,10.436518,2.9110038,11.010158
2018-12-13 22:30:00,5.4,3.2865427,5.2656765,9.556338,2.712903,10.129978
2018-12-13 22:45:00,5.36,3.215635,4.7835007,10.000002,2.6419954,10.573642
2018-12-13 23:00:00,5.36,3.1501753,4.6011043,8.258786,2.5765357,8.832426
2018-12-13 23:15:00,5.26,3.5944562,3.8737252,10.324917,3.0208166,10.898557
2018-12-13 23:30:00,5.22,3.5600908,4.370611,9.999104,2.9864511,10.572743
2018-12-13 23:45:00,5.18,3.5720043,3.8623602,9.119789,2.9983647,9.693429
2018-12-14 00:00:00,4.1,3.3602843,4.7011213,8.549634,2.7866447,9.123274
2018-12-14 00:15:00,5.33,3.435083,3.9567163,5.7351937,2.8614433,6.308833
2018-12-14 00:30:00,5.29,3.459966,4.0651703,6.5229473,2.8863263,7.0965867
2018-12-14 00:45:00,5.26,3.485811,4.087008,7.1762977,2.9121714,7.749937
2018-12-14 01:00:00,5.29,3.4679215,3.4999251,13.503341,2.8942819,14.076981
2018-12-14 01:15:00,5.26,3.4587586,4.3155103,6.0498695,2.885119,6.623509
2018-12-14 01:30:00,5.36,3.4763565,4.092335,6.5049524,2.9027169,7.078592
2018-12-14 01:45:00,5.33,3.6682177,4.0816617,6.314857,3.094578,6.8884964
2018-12-14 02:00:00,4.79,3.692149,4.95297,6.9927125,3.1185093,7.566352
2018-12-14 02:15:00,4.14,3.4550571,4.527615,5.82509,2.8814175,6.3987293
2018-12-14 02:30:00,4.18,3.557228,4.2115874,7.292793,2.9835885,7.866432
2018-12-14 02:45:00,4.21,3.5531192,4.1926646,7.9951134,2.9794796,8.568753
2018-12-14 03:00:00,4.18,3.5135968,4.082358,6.4574685,2.9399571,7.031108
2018-12-14 03:15:00,4.25,3.3258479,3.4977615,6.376903,2.7522082,6.9505424
2018-12-14 03:30:00,4.18,3.222686,3.4098034,4.6328945,2.6490464,5.206534
2018-12-14 03:45:00,4.14,3.2402232,3.408136,4.556754,2.6665835,5.1303935
2018-12-14 04:00:00,4.28,3.1906593,3.3957047,3.9457211,2.6170197,4.5193605
2018-12-14 04:15:00,4.18,3.1678126,3.3961942,4.683634,2.594173,5.257273
2018-12-14 04:30:00,4.18,2.973934,3.280947,4.0106506,2.4002943,4.58429
2018-12-14 04:45:00,4.1,3.0801017,3.3842258,4.714613,2.506462,5.2882524
2018-12-14 05:00:00,4.46,3.075762,3.2367642,4.751557,2.5021224,5.3251963
2018-12-14 05:15:00,5.4,3.178684,3.5001976,3.876486,2.6050444,4.4501257
2018-12-14 05:30:00,4.5,3.0714827,3.3717225,4.628743,2.497843,5.2023826
2018-12-14 05:45:00,4.18,3.2022355,3.5669549,6.3313007,2.6285958,6.90494
2018-12-14 06:00:00,4.14,3.181233,4.557791,7.26568,2.6075933,7.839319
2018-12-14 06:15:00,4.14,3.0741942,3.5171435,4.667984,2.5005546,5.2416234
2018-12-14 06:30:00,3.49,3.0609384,3.3119671,3.8536785,2.4872987,4.427318
2018-12-14 06:45:00,3.42,3.0279148,3.4335325,4.0621495,2.4542751,4.635789
2018-12-14 07:00:00,3.35,3.013466,3.5878742,3.72388,2.4398263,4.2975197
2018-12-14 07:15:00,3.35,2.9386847,3.581814,3.721352,2.365045,4.2949915
2018-12-14 07:30:00,4.25,3.057924,3.597367,4.5682926,2.4842844,5.141932
2018-12-14 07:45:00,6.52,3.6053264,4.763707,8.866641,3.0316868,9.440281
2018-12-14 08:00:00,7.38,3.6723392,6.047114,12.963142,3.0986996,13.536782
2018-12-14 08:15:00,36.22,20.74111,49.38254,61.0519,20.16747,61.625538
2018-12-14 08:30:00,94.18,37.54289,76.472015,115.402794,36.96925,115.97643
2018-12-14 08:45:00,97.88,37.812748,77.896835,117.28231,37.23911,117.85595
2018-12-14 09:00:00,134.5,42.105732,80.47408,120.06466,41.532093,120.6383
2018-12-14 09:15:00,93.67,40.48546,81.23405,119.78702,39.91182,120.36066
2018-12-14 09:30:00,109.26,42.490803,80.97967,118.33181,41.917164,118.90545
2018-12-14 09:45:00,128.34,41.343887,81.72317,117.23805,40.77025,117.81169
2018-12-14 10:00:00,81.47,38.194103,81.53489,117.8196,37.620464,118.39324
2018-12-14 10:15:00,109.69,41.660656,81.82633,119.678444,41.087017,120.25208
2018-12-14 10:30:00,120.67,42.443275,82.115974,120.74458,41.869637,121.31822
2018-12-14 10:45:00,92.81,42.16012,85.42396,120.01855,41.58648,120.592186
2018-12-14 11:00:00,91.58,42.153236,80.50089,116.68942,41.579597,117.26306
2018-12-14 11:15:00,104.9,42.374756,76.19648,116.81846,41.801117,117.3921
2018-12-14 11:30:00,124.2,40.85158,81.13857,119.36504,40.277943,119.93868
2018-12-14 11:45:00,88.85,42.37996,80.376854,118.06051,41.80632,118.63415
2018-12-14 12:00:00,132.01,38.02692,70.62066,111.01326,37.45328,111.5869
2018-12-14 12:15:00,13.61,4.724976,12.590689,30.665344,4.1513367,31.238983
2018-12-14 12:30:00,9.86,3.7572222,10.186804,25.725546,3.1835825,26.299185
2018-12-14 12:45:00,9.61,8.82858,26.273,35.89261,8.25494,36.466248
2018-12-14 13:00:00,9.43,15.818243,32.49855,49.544003,15.244603,50.11764
2018-12-14 13:15:00,86.98,33.808277,65.095184,87.325905,33.23464,87.89954
2018-12-14 13:30:00,74.66,41.203312,80.55571,112.609085,40.629673,113.182724
2018-12-14 13:45:00,116.42,39.278206,81.688705,111.7996,38.704567,112.37324
2018-12-14 14:00:00,107.57,40.32373,82.26818,114.58819,39.75009,115.16183
2018-12-14 14:15:00,103.82,42.02869,85.1554,117.748405,41.45505,118.322044
2018-12-14 14:30:00,114.73,42.28615,83.38384,117.39735,41.712513,117.970985
2018-12-14 14:45:00,84.74,40.646675,83.39954,119.03455,40.073036,119.60819
2018-12-14 15:00:00,109.4,42.83276,83.62118,119.46921,42.25912,120.04285
2018-12-14 15:15:00,125.21,42.726562,85.38401,118.62049,42.152924,119.19413
2018-12-14 15:30:00,89.35,42.37072,83.79595,119.25516,41.79708,119.8288
2018-12-14 15:45:00,122.26,42.08324,83.740685,120.5018,41.5096,121.07544
2018-12-14 16:00:00,114.66,37.959274,83.11799,119.28719,37.385635,119.86083
2018-12-14 16:15:00,96.8,38.97712,84.69451,118.8757,38.40348,119.44934
2018-12-14 16:30:00,118.12,41.78864,76.3545,117.7661,41.215,118.33974
2018-12-14 16:45:00,133.2,42.95918,77.70139,119.692276,42.38554,120.265915
2018-12-14 17:00:00,102.64,42.703194,73.7127,118.123215,42.129555,118.69685
2018-12-14 17:15:00,63.94,39.06407,74.53242,114.83359,38.490433,115.40723
2018-12-14 17:30:00,62.64,33.131107,69.44193,109.43937,32.55747,110.01301
2018-12-14 17:45:00,37.94,20.03484,33.826088,64.42812,19.4612,65.00176
2018-12-14 18:00:00,32.62,15.751984,30.215101,41.56296,15.178344,42.1366
2018-12-14 18:15:00,29.63,20.249168,41.717224,60.3666,19.67553,60.94024
2018-12-14 18:30:00,26.57,18.607925,54.484066,89.455605,18.034286,90.02924
2018-12-14 18:45:00,26.35,19.698,59.65122,106.72741,19.124361,107.30105
2018-12-14 19:00:00,26.32,17.928743,61.371506,105.43373,17.355104,106.00737
2018-12-14 19:15:00,26.39,18.766628,59.211113,105.383446,18.19299,105.957085
2018-12-14 19:30:00,26.64,19.301142,60.521885,105.76169,18.727503,106.33533
2018-12-14 19:45:00,28.44,16.64937,55.205173,92.95553,16.075731,93.52917
2018-12-14 20:00:00,30.46,16.746946,54.44573,91.03084,16.173307,91.60448
2018-12-14 20:15:00,29.88,15.196306,59.99895,104.79767,14.622666,105.37131
2018-12-14 20:30:00,30.06,13.21902,51.48463,79.1682,12.64538,79.74184
2018-12-14 20:45:00,31.93,11.984815,37.087948,64.639404,11.411175,65.21304
2018-12-14 21:00:00,28.66,3.9180708,11.696378,35.668396,3.3444312,36.242035
2018-12-14 21:15:00,5.76,3.6074522,5.4492903,15.71455,3.0338125,16.288189
2018-12-14 21:30:00,5.8,3.4128523,5.5588183,9.675729,2.8392127,10.249369
2018-12-14 21:45:00,5.72,3.1946244,5.5184445,9.248622,2.6209848,9.822262
2018-12-14 22:00:00,5.69,3.9022722,5.000095,11.114065,3.3286326,11.687705
2018-12-14 22:15:00,5.4,4.216593,5.249162,10.239634,3.6429532,10.813273
2018-12-14 22:30:00,5.33,3.927843,5.1152606,8.788602,3.3542035,9.362242
2018-12-14 22:45:00,5.33,3.5839741,4.994229,5.5030303,3.0103345,6.0766697
2018-12-14 23:00:00,5.33,3.5805743,4.9489164,5.3973956,3.0069346,5.971035
2018-12-14 23:15:00,4.86,3.5582376,4.856961,6.211014,2.984598,6.784653
2018-12-14 23:30:00,4.03,3.5319548,4.790598,6.1003942,2.9583151,6.6740336
2018-12-14 23:45:00,4.03,3.4238575,4.776399,5.8555713,2.8502178,6.4292107
2018-12-15 00:00:00,3.28,3.3158784,3.5921538,6.16284,2.7422388,6.7364793
2018-12-15 00:15:00,4.14,3.4308841,3.6112964,5.765279,2.8572445,6.338918
2018-12-15 00:30:00,4.1,3.440861,4.249871,5.712664,2.8672214,6.2863035
2018-12-15 00:45:00,4.07,3.3612752,3.7511432,5.7291822,2.7876356,6.3028216
2018-12-15 01:00:00,4.14,3.5065253,3.7718356,6.138306,2.9328856,6.7119455
2018-12-15 01:15:00,4.14,3.574048,3.9053676,5.6371655,3.0004084,6.210805
2018-12-15 01:30:00,4.14,3.5676508,3.859635,5.7082887,2.9940112,6.281928
2018-12-15 01:45:00,4.14,3.384381,3.7995055,5.354988,2.8107414,5.9286275
2018-12-15 02:00:00,4.1,3.4907968,3.9410021,5.4810925,2.9171572,6.054732
2018-12-15 02:15:00,4.1,3.4778311,3.7170799,5.2857046,2.9041915,5.859344
2018-12-15 02:30:00,4.21,3.5226111,3.789047,6.194565,2.9489715,6.768204
2018-12-15 02:45:00,4.1,3.3988187,3.811412,6.181103,2.825179,6.7547426
2018-12-15 03:00:00,4.18,3.3460228,3.5208926,5.5586553,2.7723832,6.1322947
2018-12-15 03:15:00,4.82,3.1405003,3.471385,5.451503,2.5668607,6.025142
2018-12-15 03:30:00,5.26,3.0093663,3.3859143,3.843054,2.4357266,4.4166937
2018-12-15 03:45:00,4.18,3.0048673,3.2491734,3.858726,2.4312277,4.4323654
2018-12-15 04:00:00,4.14,3.4292042,3.4442494,4.5899467,2.8555646,5.163586
2018-12-15 04:15:00,4.14,3.4830756,3.5576513,4.7254343,2.909436,5.2990737
2018-12-15 04:30:00,3.82,3.353827,3.4396842,3.6898985,2.7801874,4.263538
2018-12-15 04:45:00,3.46,3.2946403,3.4225185,3.707779,2.7210007,4.2814183
2018-12-15 05:00:00,3.49,3.2940276,3.323105,4.0802894,2.720388,4.6539288
2018-12-15 05:15:00,3.42,3.188364,3.5027297,4.8627887,2.6147244,5.436428
2018-12-15 05:30:00,3.42,3.1676514,3.1842935,3.9507444,2.5940118,4.524384
2018-12-15 05:45:00,3.42,3.198277,3.4824126,5.784299,2.6246374,6.3579383
2018-12-15 06:00:00,3.38,3.316243,3.6978323,6.413945,2.7426033,6.9875846
2018-12-15 06:15:00,3.46,3.2958863,3.3269508,5.5372906,2.7222466,6.11093
2018-12-15 06:30:00,3.42,3.1231694,3.2334611,3.6818433,2.5495298,4.2554827
2018-12-15 06:45:00,3.49,3.0506096,3.1534574,3.6246958,2.47697,4.198335
2018-12-15 07:00:00,4.57,3.051498,3.1657302,3.6784277,2.4778583,4.252067
2018-12-15 07:15:00,4.43,2.918559,3.0593936,3.5003374,2.3449194,4.073977
2018-12-15 07:30:00,4.1,3.1453931,3.180658,4.3745694,2.5717535,4.948209
2018-12-15 07:45:00,4.07,3.357176,5.492264,6.48511,2.7835364,7.058749
2018-12-15 08:00:00,3.64,3.3827,5.1852655,10.615422,2.8090603,11.189062
2018-12-15 08:15:00,3.35,3.8326783,17.08158,37.164673,3.2590387,37.73831
2018-12-15 08:30:00,3.35,5.0496507,36.56307,59.936146,4.4760113,60.509785
2018-12-15 08:45:00,3.38,5.7269015,38.783085,54.29698,5.153262,54.87062
2018-12-15 09:00:00,3.49,12.048756,50.957363,58.535084,11.475116,59.108723
2018-12-15 09:15:00,3.56,13.245535,44.768917,57.40149,12.671895,57.97513
2018-12-15 09:30:00,3.38,13.526827,46.713394,52.238842,12.953187,52.81248
2018-12-15 09:45:00,3.42,14.743731,46.694775,59.61062,14.170091,60.184258
2018-12-15 10:00:00,3.35,10.521718,41.452526,60.172546,9.948078,60.746185
2018-12-15 10:15:00,3.35,12.772809,43.5874,58.646294,12.199169,59.219933
2018-12-15 10:30:00,3.35,12.702466,43.501865,59.395786,12.128826,59.969425
2018-12-15 10:45:00,4.97,13.733966,52.59315,59.494453,13.160326,60.068092
2018-12-15 11:00:00,5.36,14.132018,48.428024,65.267365,13.558378,65.841
2018-12-15 11:15:00,4.28,11.786668,42.3595,64.30866,11.213028,64.8823
2018-12-15 11:30:00,4.18,13.590894,52.72685,65.080635,13.017254,65.654274
2018-12-15 11:45:00,3.35,11.515408,45.287643,68.60074,10.941768,69.17438
2018-12-15 12:00:00,3.38,12.046477,47.053253,68.3506,11.472837,68.92424
2018-12-15 12:15:00,3.42,4.857671,6.9850836,22.499609,4.2840314,23.073248
2018-12-15 12:30:00,3.42,4.1723523,4.5392346,21.597519,3.5987127,22.171158
2018-12-15 12:45:00,3.42,4.3447556,6.595077,21.733187,3.771116,22.306826
2018-12-15 13:00:00,3.38,3.8773336,10.5514555,24.01476,3.303694,24.588398
2018-12-15 13:15:00,3.31,7.5121446,30.878744,66.72833,6.938505,67.30197
2018-12-15 13:30:00,3.35,9.330474,43.16604,66.097275,8.756834,66.67091
2018-12-15 13:45:00,3.38,8.739915,44.240364,70.36295,8.166275,70.93659
2018-12-15 14:00:00,3.31,15.972186,50.772144,67.96059,15.398546,68.534225
2018-12-15 14:15:00,3.82,12.351113,43.932285,69.105606,11.777473,69.679245
2018-12-15 14:30:00,4.1,16.407475,50.46112,63.22732,15.833835,63.80096
2018-12-15 14:45:00,4.07,11.184691,42.021687,69.12955,10.611052,69.703186
2018-12-15 15:00:00,4.21,11.477263,46.263683,66.781136,10.903624,67.354774
2018-12-15 15:15:00,3.74,13.735729,50.361115,65.25823,13.162089,65.83187
2018-12-15 15:30:00,3.74,14.426235,48.81571,67.55261,13.852595,68.12625
2018-12-15 15:45:00,3.96,14.184818,48.41493,63.7844,13.611178,64.35804
2018-12-15 16:00:00,3.28,14.484465,48.864697,63.02385,13.910825,63.59749
2018-12-15 16:15:00,3.35,13.689716,48.64844,63.5724,13.116076,64.14604
2018-12-15 16:30:00,3.28,12.578909,45.612595,61.06178,12.005269,61.635418
2018-12-15 16:45:00,3.24,12.375063,40.37006,59.131508,11.801423,59.705147
2018-12-15 17:00:00,3.28,8.291834,17.263477,45.095287,7.7181945,45.668926
2018-12-15 17:15:00,3.28,4.073622,14.91857,41.14583,3.4999826,41.719467
2018-12-15 17:30:00,3.35,3.3892732,9.280738,44.642544,2.8156335,45.216183
2018-12-15 17:45:00,4.18,1.0762877,10.272118,38.189144,0.5026482,38.762783
2018-12-15 18:00:00,4.1,2.2192667,8.673782,29.69759,1.645627,30.271229
2018-12-15 18:15:00,4.1,-0.33430466,7.711632,24.525826,0.0,25.099464
2018-12-15 18:30:00,4.1,-0.41173184,7.467184,24.882414,0.0,25.456053
2018-12-15 18:45:00,4.03,-0.20142809,9.223777,24.423466,0.0,24.997105
2018-12-15 19:00:00,4.28,3.2411144,9.309506,24.937006,2.6674747,25.510645
2018-12-15 19:15:00,3.49,1.8887566,5.610538,25.593603,1.3151171,26.167242
2018-12-15 19:30:00,3.38,1.880413,8.307399,24.66308,1.3067734,25.23672
2018-12-15 19:45:00,3.35,2.0927088,8.449483,29.051357,1.5190692,29.624996
2018-12-15 20:00:00,3.38,3.2551632,8.202355,29.114489,2.6815236,29.688128
2018-12-15 20:15:00,3.46,1.8747216,7.988004,24.947094,1.3010821,25.520733
2018-12-15 20:30:00,3.42,2.185272,7.526412,28.978159,1.6116323,29.551798
2018-12-15 20:45:00,3.35,2.4538927,3.1120486,33.659092,1.8802531,34.23273
2018-12-15 21:00:00,3.38,2.9228199,3.4700034,18.881725,2.3491802,19.455364
2018-12-15 21:15:00,3.96,2.1992867,2.2319267,4.2797146,1.6256471,4.853354
2018-12-15 21:30:00,4.28,2.2037375,4.3163753,11.931315,1.6300979,12.504955
2018-12-15 21:45:00,4.25,2.1025536,4.525102,9.566573,1.528914,10.140213
2018-12-15 22:00:00,4.18,3.4234216,4.3123713,10.956081,2.849782,11.529721
2018-12-15 22:15:00,3.74,2.153709,3.8674796,10.979924,1.5800693,11.553564
2018-12-15 22:30:00,3.31,2.1550674,3.5903256,6.134395,1.5814278,6.7080345
2018-12-15 22:45:00,4.07,2.2147722,3.510854,6.613767,1.6411326,7.1874065
2018-12-15 23:00:00,3.56,3.3044932,3.6560123,6.80831,2.7308536,7.3819494
2018-12-15 23:15:00,3.17,2.0414207,3.5864294,6.118393,1.4677811,6.6920323
2018-12-15 23:30:00,3.24,2.1128998,4.0815225,6.883384,1.5392601,7.4570236
2018-12-15 23:45:00,3.2,2.0703151,4.07072,6.2869244,1.4966755,6.8605638
2018-12-16 00:00:00,4.21,3.348562,3.8075383,6.4744744,2.7749224,7.048114
2018-12-16 00:15:00,3.24,3.360977,3.5031004,5.8856034,2.7873373,6.459243
2018-12-16 00:30:00,3.28,3.3293786,3.537313,5.8904796,2.755739,6.464119
2018-12-16 00:45:00,3.28,3.3149471,3.4802222,5.9040995,2.7413075,6.477739
2018-12-16 01:00:00,3.85,3.4091115,4.2353177,6.4516215,2.8354719,7.025261
2018-12-16 01:15:00,4.18,3.4158072,4.2298017,5.694225,2.8421676,6.267864
2018-12-16 01:30:00,4.07,3.6226237,4.9565587,5.78163,3.048984,6.3552694
2018-12-16 01:45:00,4.07,3.669765,4.993426,5.690058,3.0961254,6.2636976
2018-12-16 02:00:00,3.92,3.7528436,5.008009,5.3064637,3.179204,5.880103
2018-12-16 02:15:00,3.28,3.7679102,4.4360223,5.193352,3.1942706,5.7669916
2018-12-16 02:30:00,3.42,3.7635643,4.061935,8.471422,3.1899247,9.045062
2018-12-16 02:45:00,3.53,3.7603457,4.5699,8.082343,3.186706,8.655983
2018-12-16 03:00:00,4.14,3.772131,4.5132027,7.0524874,3.1984913,7.626127
2018-12-16 03:15:00,3.56,3.698235,5.078786,5.4826813,3.1245954,6.0563207
2018-12-16 03:30:00,3.35,3.6884818,5.495657,5.6562443,3.1148422,6.2298837
2018-12-16 03:45:00,3.38,3.7463849,4.5042014,6.1799135,3.1727452,6.753553
2018-12-16 04:00:00,3.42,3.6912894,4.4786696,5.349346,3.1176498,5.9229856
2018-12-16 04:15:00,3.42,3.6836264,4.4783597,6.148627,3.1099868,6.722266
2018-12-16 04:30:00,3.42,3.5417154,4.089981,4.2183614,2.9680758,4.792001
2018-12-16 04:45:00,3.38,3.4821584,4.237754,4.2528048,2.9085188,4.826444
2018-12-16 05:00:00,4.07,3.5096123,4.199732,4.6402617,2.9359727,5.213901
2018-12-16 05:15:00,4.14,3.432384,4.1187735,4.666709,2.8587444,5.2403483
2018-12-16 05:30:00,4.07,3.4714568,3.9924383,4.094262,2.8978171,4.6679015
2018-12-16 05:45:00,4.07,3.526545,4.261337,5.7143116,2.9529054,6.287951
2018-12-16 06:00:00,3.53,3.5377169,4.47541,6.433919,2.9640772,7.0075583
2018-12-16 06:15:00,3.31,3.4621506,4.1663933,4.206832,2.888511,4.7804713
2018-12-16 06:30:00,3.35,3.4320986,3.9710162,4.1601405,2.858459,4.73378
2018-12-16 06:45:00,3.64,3.3813913,3.9785938,4.119903,2.8077517,4.6935425
2018-12-16 07:00:00,4.07,3.4084847,4.125582,4.2116127,2.834845,4.785252
2018-12-16 07:15:00,3.38,3.4665155,4.1738653,4.4554453,2.892876,5.0290847
2018-12-16 07:30:00,3.28,3.5775948,3.7387881,6.9582458,3.0039551,7.531885
2018-12-16 07:45:00,3.89,3.6184306,3.9185572,7.255283,3.044791,7.8289223
2018-12-16 08:00:00,3.96,3.460715,3.5786395,3.932968,2.8870754,4.5066075
2018-12-16 08:15:00,39.35,2.713292,3.624875,5.655195,2.1396523,6.2288346
2018-12-16 08:30:00,63.54,4.1576195,8.888525,13.865442,3.5839798,14.439082
2018-12-16 08:45:00,65.02,4.1329856,9.237598,14.667941,3.559346,15.241581
2018-12-16 09:00:00,63.79,6.1996183,9.657126,13.907442,5.625979,14.481082
2018-12-16 09:15:00,61.7,4.531018,11.072227,13.845648,3.9573781,14.419288
2018-12-16 09:30:00,64.8,4.804278,13.299167,14.786385,4.2306385,15.360024
2018-12-16 09:45:00,51.16,4.542033,11.223081,15.52499,3.9683936,16.098629
2018-12-16 10:00:00,55.01,2.1772425,4.7389636,11.660158,1.6036029,12.233798
2018-12-16 10:15:00,61.81,4.7395215,5.493635,11.5431795,4.165882,12.116819
2018-12-16 10:30:00,72.18,5.5125227,11.584548,13.557324,4.9388833,14.130964
2018-12-16 10:45:00,54.86,5.149751,12.593381,18.594517,4.576112,19.168156
2018-12-16 11:00:00,66.78,5.025899,12.271534,17.545748,4.4522595,18.119387
2018-12-16 11:15:00,69.95,4.4640975,13.780491,19.962547,3.8904579,20.536186
2018-12-16 11:30:00,53.35,5.1154804,15.158566,21.31747,4.541841,21.89111
2018-12-16 11:45:00,55.51,4.1260724,11.588524,14.215282,3.5524328,14.788922
2018-12-16 12:00:00,11.81,4.005858,6.97122,14.910015,3.4322183,15.483655
2018-12-16 12:15:00,5.65,3.2912087,4.7742596,6.166832,2.717569,6.7404714
2018-12-16 12:30:00,5.54,2.0704975,3.4641392,5.8828034,1.4968579,6.456443
2018-12-16 12:45:00,5.44,1.9690869,3.5302742,6.0939646,1.3954473,6.667604
2018-12-16 13:00:00,5.33,3.2497778,3.651089,4.8075066,2.6761382,5.381146
2018-12-16 13:15:00,36.47,2.8515656,3.8826067,13.03886,2.277926,13.6125
2018-12-16 13:30:00,63.72,3.9879289,5.7428985,10.281791,3.4142892,10.855431
2018-12-16 13:45:00,64.8,4.3151517,8.211963,9.913369,3.741512,10.487009
2018-12-16 14:00:00,61.85,4.208698,6.778866,8.811448,3.6350582,9.385088
2018-12-16 14:15:00,57.89,3.5312662,4.9608784,8.713736,2.9576266,9.287375
2018-12-16 14:30:00,54.36,3.4367745,9.266399,12.290412,2.8631349,12.864052
2018-12-16 14:45:00,47.38,3.2915642,8.510491,11.838685,2.7179246,12.412325
2018-12-16 15:00:00,43.49,3.5442107,10.435717,14.021228,2.970571,14.594868
2018-12-16 15:15:00,45.4,5.571,7.19697,10.506008,4.9973607,11.079648
2018-12-16 15:30:00,60.55,3.1749985,3.1775396,10.396657,2.601359,10.970297
2018-12-16 15:45:00,48.42,5.6860027,6.0303593,10.047788,5.1123633,10.621428
2018-12-16 16:00:00,63.22,1.9923298,5.537306,8.581733,1.4186902,9.155373
2018-12-16 16:15:00,62.64,1.9720007,5.4123483,10.788335,1.3983612,11.361975
2018-12-16 16:30:00,66.02,3.8929098,9.229245,10.92558,3.3192701,11.49922
2018-12-16 16:45:00,35.42,4.3757143,7.936604,8.546149,3.8020747,9.119789
2018-12-16 17:00:00,9.11,3.466177,6.4955583,6.703477,2.8925374,7.2771163
2018-12-16 17:15:00,8.06,2.761887,4.885113,8.76354,2.1882474,9.33718
2018-12-16 17:30:00,7.74,2.991344,5.877657,6.8266077,2.4177043,7.400247
2018-12-16 17:45:00,7.85,2.873751,6.743967,15.064916,2.3001113,15.638556
2018-12-16 18:00:00,6.73,3.1945076,4.024928,14.673803,2.620868,15.247443
2018-12-16 18:15:00,5.22,2.9040513,3.883816,12.848036,2.3304117,13.421676
2018-12-16 18:30:00,5.69,2.3937786,8.479774,15.094594,1.8201389,15.668234
2018-12-16 18:45:00,5.72,2.442321,7.33444,12.274264,1.8686814,12.847904
2018-12-16 19:00:00,5.69,2.4315214,11.370821,14.117916,1.8578818,14.691556
2018-12-16 19:15:00,5.72,2.452473,4.622774,5.3755274,1.8788333,5.949167
2018-12-16 19:30:00,5.44,2.4060144,4.648629,5.4492164,1.8323748,6.0228558
2018-12-16 19:45:00,4.46,2.792844,5.323124,7.9770856,2.2192044,8.550725
2018-12-16 20:00:00,4.5,2.676925,5.2083693,6.4364505,2.1032853,7.01009
2018-12-16 20:15:00,4.46,2.7198935,4.6132517,5.656736,2.1462538,6.2303753
2018-12-16 20:30:00,4.5,2.7721305,4.931094,8.620564,2.1984909,9.194204
2018-12-16 20:45:00,4.54,2.8645222,3.3740113,6.832146,2.2908826,7.4057856
2018-12-16 21:00:00,4.46,3.1940324,3.6996095,5.741321,2.6203928,6.3149605
2018-12-16 21:15:00,4.5,3.301119,3.6963665,7.5332994,2.7274795,8.106939
2018-12-16 21:30:00,4.5,3.345822,5.525735,12.953599,2.7721825,13.527239
2018-12-16 21:45:00,4.57,3.373709,5.7043333,13.957072,2.8000693,14.530712
2018-12-16 22:00:00,4.57,3.3266077,8.92183,13.179141,2.752968,13.752781
2018-12-16 22:15:00,4.25,3.4138649,5.624316,12.650802,2.8402252,13.224442
2018-12-16 22:30:00,4.25,3.2033622,3.36877,6.1238976,2.6297226,6.697537
2018-12-16 22:45:00,4.18,3.1401846,3.3775177,7.4145575,2.566545,7.988197
2018-12-16 23:00:00,5.44,2.9033267,3.002796,5.852102,2.329687,6.425741
2018-12-16 23:15:00,4.82,2.9203823,2.9615777,4.7306285,2.3467426,5.304268
2018-12-16 23:30:00,4.14,3.0131419,3.1643665,4.8126917,2.4395022,5.386331
2018-12-16 23:45:00,4.18,3.1459258,3.2736065,4.8101487,2.5722861,5.383788
2018-12-17 00:00:00,4.57,3.3563976,3.8505852,9.139283,2.782758,9.712923
2018-12-17 00:15:00,4.25,3.3484855,3.3852894,5.097202,2.7748458,5.670841
2018-12-17 00:30:00,4.18,3.3096676,3.5062616,5.3744683,2.736028,5.9481077
2018-12-17 00:45:00,4.21,3.3673892,3.541807,5.376084,2.7937496,5.9497232
2018-12-17 01:00:00,4.21,3.275958,3.4072611,5.547059,2.7023184,6.1206985
2018-12-17 01:15:00,4.21,3.2301812,3.4744809,5.5516315,2.6565416,6.125271
2018-12-17 01:30:00,4.36,3.2898655,3.477948,5.5896077,2.7162259,6.163247
2018-12-17 01:45:00,4.28,3.3501534,3.5018132,4.84493,2.7765138,5.4185696
2018-12-17 02:00:00,4.28,3.3252373,3.5465386,4.454594,2.7515976,5.0282335
2018-12-17 02:15:00,4.28,3.2822359,3.4997456,4.8756638,2.7085962,5.449303
2018-12-17 02:30:00,3.71,3.3364203,3.474499,9.104031,2.7627807,9.6776705
2018-12-17 02:45:00,4.32,3.2846045,3.4772656,9.250882,2.710965,9.824522
2018-12-17 03:00:00,3.82,3.2860985,3.493427,8.999776,2.7124588,9.573416
2018-12-17 03:15:00,3.53,3.26385,3.4654405,5.6686344,2.6902103,6.242274
2018-12-17 03:30:00,3.53,3.204897,3.484082,5.7694325,2.6312573,6.343072
2018-12-17 03:45:00,3.53,3.241691,3.3520515,5.338193,2.6680515,5.9118323
2018-12-17 04:00:00,3.6,3.1931446,3.3521845,4.705979,2.619505,5.2796183
2018-12-17 04:15:00,3.53,3.1948721,3.380441,4.6888366,2.6212325,5.262476
2018-12-17 04:30:00,3.53,3.1711657,3.1899245,3.3792026,2.597526,3.9528422
2018-12-17 04:45:00,4.1,3.1611314,3.430824,3.4710371,2.5874918,4.044677
2018-12-17 05:00:00,4.25,3.2244856,3.5131938,3.8126204,2.650846,4.38626
2018-12-17 05:15:00,4.28,3.2718756,3.6228476,3.7307203,2.698236,4.30436
2018-12-17 05:30:00,4.25,3.2549915,3.2644198,3.4239259,2.681352,3.9975655
2018-12-17 05:45:00,3.64,3.4473522,3.6444337,5.0142293,2.8737125,5.5878687
2018-12-17 06:00:00,3.49,3.3029594,4.4845505,5.559152,2.7293198,6.1327915
2018-12-17 06:15:00,3.46,3.2853303,3.36293,3.4931824,2.7116907,4.066822
2018-12-17 06:30:00,4.32,3.089791,3.2615201,3.3982992,2.5161514,3.9719388
2018-12-17 06:45:00,3.6,3.1058762,3.1281557,3.4907975,2.5322366,4.064437
2018-12-17 07:00:00,3.42,3.1985023,3.351781,3.389673,2.6248627,3.9633126
2018-12-17 07:15:00,3.49,3.1705306,3.2345119,3.4384663,2.596891,4.012106
2018-12-17 07:30:00,4.36,3.3636096,3.4689887,5.293837,2.78997,5.8674765
2018-12-17 07:45:00,6.19,3.7466002,3.7676408,6.0333643,3.1729605,6.6070037
2018-12-17 08:00:00,6.3,3.2289786,6.7662134,13.562548,2.655339,14.136188
2018-12-17 08:15:00,6.48,26.459427,38.4625,66.65165,25.885788,67.22529
2018-12-17 08:30:00,53.35,50.981537,69.8678,118.22719,50.407898,118.80083
2018-12-17 08:45:00,46.94,48.924255,71.63406,116.382965,48.350616,116.956604
2018-12-17 09:00:00,52.06,56.24584,74.57237,117.68352,55.6722,118.25716
2018-12-17 09:15:00,54.83,52.95923,76.432846,120.635765,52.38559,121.209404
2018-12-17 09:30:00,56.12,53.26163,73.684494,117.920166,52.687992,118.493805
2018-12-17 09:45:00,58.0,54.74291,73.460266,114.926094,54.16927,115.49973
2018-12-17 10:00:00,50.08,49.957077,73.63858,113.15789,49.38344,113.73153
2018-12-17 10:15:00,46.04,54.881535,77.03085,115.949936,54.307896,116.523575
2018-12-17 10:30:00,49.54,56.894176,75.60017,121.29748,56.320538,121.87112
2018-12-17 10:45:00,54.14,56.717484,74.71198,116.28029,56.143845,116.85393
2018-12-17 11:00:00,53.78,53.447975,73.7631,119.91251,52.874336,120.48615
2018-12-17 11:15:00,52.67,54.609104,76.04641,120.029076,54.035465,120.602715
2018-12-17 11:30:00,55.84,56.553997,76.940895,122.071014,55.98036,122.64465
2018-12-17 11:45:00,49.64,56.496506,77.951,120.36925,55.922867,120.94289
2018-12-17 12:00:00,54.5,31.322876,72.49492,117.26234,30.749237,117.835976
2018-12-17 12:15:00,11.12,4.965331,13.022339,32.40988,4.3916917,32.98352
2018-12-17 12:30:00,7.06,5.8439116,11.725515,30.511965,5.2702723,31.085604
2018-12-17 12:45:00,7.13,7.7285886,17.253752,33.896362,7.154949,34.47
2018-12-17 13:00:00,8.21,9.571986,16.763552,38.6536,8.998346,39.227238
2018-12-17 13:15:00,33.26,35.993015,68.33313,96.05797,35.419376,96.63161
2018-12-17 13:30:00,56.99,50.156967,75.10287,116.73856,49.58333,117.3122
2018-12-17 13:45:00,56.59,56.619545,78.30093,117.68444,56.045906,118.25808
2018-12-17 14:00:00,55.08,57.446075,81.224945,116.49442,56.872437,117.06806
2018-12-17 14:15:00,51.05,54.63866,79.20863,115.39894,54.06502,115.97258
2018-12-17 14:30:00,47.95,55.928814,77.303894,115.58169,55.355175,116.15533
2018-12-17 14:45:00,57.82,50.446354,74.87192,108.35669,49.872715,108.93033
2018-12-17 15:00:00,59.11,54.46754,76.32684,106.86428,53.8939,107.43792
2018-12-17 15:15:00,60.62,51.637054,76.95775,113.70652,51.063416,114.28016
2018-12-17 15:30:00,53.6,49.553795,72.46738,112.32705,48.980156,112.90069
2018-12-17 15:45:00,60.44,51.926285,74.90523,112.43658,51.352646,113.010216
2018-12-17 16:00:00,67.5,51.063248,81.0833,114.11648,50.48961,114.69012
2018-12-17 16:15:00,85.86,52.069077,76.984955,115.49701,51.495438,116.07065
2018-12-17 16:30:00,82.33,52.037636,80.18034,110.61567,51.463997,111.18931
2018-12-17 16:45:00,59.8,46.130013,75.256256,109.5107,45.556374,110.084335
2018-12-17 17:00:00,60.37,30.009481,74.10535,112.01596,29.435843,112.5896
2018-12-17 17:15:00,56.38,27.540792,75.203674,106.202286,26.967154,106.775925
2018-12-17 17:30:00,52.99,24.455263,72.21075,96.515114,23.881624,97.08875
2018-12-17 17:45:00,35.35,20.64597,50.17242,77.002556,20.07233,77.576195
2018-12-17 18:00:00,31.32,15.12717,26.70879,37.746937,14.55353,38.320576
2018-12-17 18:15:00,16.09,13.421141,29.892155,51.20663,12.847501,51.78027
2018-12-17 18:30:00,6.37,12.85443,39.94766,71.99516,12.28079,72.5688
2018-12-17 18:45:00,5.8,13.971552,40.51143,72.05937,13.397912,72.63301
2018-12-17 19:00:00,5.54,13.779256,41.7266,72.86913,13.205616,73.44277
2018-12-17 19:15:00,5.54,12.555268,43.21792,75.24631,11.981628,75.81995
2018-12-17 19:30:00,5.62,12.834253,41.50883,73.81923,12.260613,74.39287
2018-12-17 19:45:00,5.54,11.86022,39.481598,68.6636,11.28658,69.237236
2018-12-17 20:00:00,5.62,11.849625,39.65639,71.07246,11.275985,71.646095
2018-12-17 20:15:00,5.54,9.852155,41.936375,74.833115,9.278515,75.40675
2018-12-17 20:30:00,4.75,8.425472,39.426666,69.56617,7.851833,70.13981
2018-12-17 20:45:00,4.46,8.366437,30.437939,58.92502,7.7927976,59.498657
2018-12-17 21:00:00,4.46,5.3326025,17.06349,44.266197,4.758963,44.839836
2018-12-17 21:15:00,4.43,3.8222167,8.130268,23.178951,3.248577,23.75259
2018-12-17 21:30:00,4.43,3.8208525,8.046419,13.72553,3.247213,14.29917
2018-12-17 21:45:00,4.46,3.8192978,8.644438,13.537263,3.2456582,14.110903
2018-12-17 22:00:00,4.46,3.8196678,8.658281,11.795312,3.2460282,12.368952
2018-12-17 22:15:00,4.14,3.5708356,7.108484,12.815963,2.997196,13.389603
2018-12-17 22:30:00,4.18,3.5609496,7.131137,10.223623,2.98731,10.797263
2018-12-17 22:45:00,4.21,3.5835617,7.0460134,7.542801,3.009922,8.116441
2018-12-17 23:00:00,4.18,3.4159393,6.8667088,8.342863,2.8422997,8.916503
2018-12-17 23:15:00,4.14,3.5181005,5.7828617,7.480375,2.9444609,8.054014
2018-12-17 23:30:00,4.07,3.553506,4.367653,7.439599,2.9798663,8.013239
2018-12-17 23:45:00,4.07,3.502295,4.407394,8.187341,2.9286554,8.760981
2018-12-18 00:00:00,4.14,3.5326967,6.3845425,7.0317683,2.959057,7.6054077
2018-12-18 00:15:00,5.22,3.5915077,4.3359413,8.229157,3.017868,8.802797
2018-12-18 00:30:00,4.68,3.5597236,4.273917,7.908412,2.986084,8.482052
2018-12-18 00:45:00,4.14,3.581997,4.3305187,7.8521795,3.0083573,8.425819
2018-12-18 01:00:00,4.1,3.5977921,5.409208,7.16197,3.0241525,7.7356095
2018-12-18 01:15:00,4.18,3.6265144,5.409204,7.406641,3.0528748,7.9802804
2018-12-18 01:30:00,4.07,3.5973663,6.008669,7.1711373,3.0237267,7.7447767
2018-12-18 01:45:00,4.18,3.6083264,6.0150394,7.1666274,3.0346868,7.740267
2018-12-18 02:00:00,4.1,3.589249,6.018186,6.327873,3.0156093,6.9015126
2018-12-18 02:15:00,4.18,3.5785108,3.9168308,8.41572,3.0048711,8.98936
2018-12-18 02:30:00,4.14,3.6210005,4.092825,10.908177,3.047361,11.481817
2018-12-18 02:45:00,4.21,3.5833209,4.3908854,11.769062,3.0096812,12.342702
2018-12-18 03:00:00,4.18,3.635497,5.6681666,10.036112,3.0618575,10.609752
2018-12-18 03:15:00,3.6,3.5244062,3.9154942,5.570202,2.9507666,6.1438413
2018-12-18 03:30:00,3.42,3.531437,4.1249804,5.3997703,2.9577973,5.9734097
2018-12-18 03:45:00,3.42,3.478137,3.8509114,5.634347,2.9044974,6.2079864
2018-12-18 04:00:00,3.38,3.4876082,3.9647677,6.256397,2.9139686,6.830036
2018-12-18 04:15:00,3.42,3.4863017,3.9213603,6.3329396,2.912662,6.906579
2018-12-18 04:30:00,3.71,3.4665828,3.5329015,3.6593385,2.8929431,4.232978
2018-12-18 04:45:00,4.18,3.414882,3.594723,3.6026766,2.8412423,4.1763163
2018-12-18 05:00:00,3.53,3.6050968,5.4718084,5.477213,3.0314572,6.0508523
2018-12-18 05:15:00,3.46,3.4965546,4.393414,5.674306,2.922915,6.2479453
2018-12-18 05:30:00,3.38,3.5522945,5.9059486,6.335002,2.9786549,6.9086413
2018-12-18 05:45:00,4.03,3.7073376,5.296351,6.7322664,3.133698,7.305906
2018-12-18 06:00:00,4.14,3.508152,4.6050324,6.8128123,2.9345124,7.3864517
2018-12-18 06:15:00,3.6,3.3374727,3.375334,3.7394776,2.763833,4.313117
2018-12-18 06:30:00,3.38,3.3500767,3.521769,4.393952,2.776437,4.9675913
2018-12-18 06:45:00,3.35,3.3688219,3.3740697,3.4914887,2.7951822,4.0651283
2018-12-18 07:00:00,3.31,3.4194944,3.6267464,5.125452,2.8458548,5.6990914
2018-12-18 07:15:00,3.28,3.40362,3.6138628,3.9997482,2.8299804,4.5733876
2018-12-18 07:30:00,3.42,3.3789966,3.9819224,7.5171795,2.805357,8.090819
2018-12-18 07:45:00,5.58,3.6918538,6.0717087,8.707655,3.1182141,9.281295
2018-12-18 08:00:00,7.27,3.577129,6.1934056,15.852518,3.0034893,16.426157
2018-12-18 08:15:00,38.38,11.148798,41.9594,61.33902,10.575158,61.91266
2018-12-18 08:30:00,72.86,39.96547,72.31779,113.25144,39.39183,113.82508
2018-12-18 08:45:00,66.42,40.625267,73.63972,112.236824,40.05163,112.81046
2018-12-18 09:00:00,81.4,46.503517,74.2147,117.23633,45.92988,117.80997
2018-12-18 09:15:00,66.28,45.249332,74.57457,113.83108,44.675694,114.40472
2018-12-18 09:30:00,78.3,47.401035,76.0441,114.77666,46.827396,115.350296
2018-12-18 09:45:00,77.72,47.421955,77.20308,116.484215,46.848316,117.05785
2018-12-18 10:00:00,74.59,41.229015,77.23691,112.41148,40.655376,112.98512
2018-12-18 10:15:00,63.04,44.109806,76.12696,110.41918,43.536167,110.99282
2018-12-18 10:30:00,58.68,46.31924,76.712395,117.37091,45.7456,117.94455
2018-12-18 10:45:00,62.96,43.627007,72.74096,114.146034,43.053368,114.71967
2018-12-18 11:00:00,68.36,42.40308,75.85833,113.10748,41.82944,113.68112
2018-12-18 11:15:00,60.05,40.220085,73.447365,100.553085,39.646446,101.126724
2018-12-18 11:30:00,58.82,45.408253,76.4157,108.05794,44.834614,108.63158
2018-12-18 11:45:00,64.73,44.795853,72.48206,100.91592,44.222214,101.489555
2018-12-18 12:00:00,67.54,39.676052,68.88278,105.26725,39.102413,105.84089
2018-12-18 12:15:00,8.14,4.7509255,11.419522,28.503206,4.177286,29.076845
2018-12-18 12:30:00,8.64,5.2008495,8.583906,23.34973,4.62721,23.923368
2018-12-18 12:45:00,8.78,4.9084325,9.799824,27.587353,4.334793,28.160992
2018-12-18 13:00:00,9.4,6.1447062,17.971338,36.212162,5.571067,36.7858
2018-12-18 13:15:00,52.45,25.238008,57.558903,87.8269,24.66437,88.400536
2018-12-18 13:30:00,67.46,38.55482,74.84801,103.663574,37.981182,104.23721
2018-12-18 13:45:00,62.53,46.02818,75.763,106.70271,45.45454,107.27635
2018-12-18 14:00:00,62.46,46.036427,74.00091,104.22957,45.462788,104.80321
2018-12-18 14:15:00,67.18,47.96968,77.626915,103.795006,47.39604,104.368645
2018-12-18 14:30:00,113.51,44.425476,77.014946,104.222275,43.851837,104.79591
2018-12-18 14:45:00,99.5,38.75753,75.29478,103.078156,38.18389,103.651794
2018-12-18 15:00:00,68.0,45.4299,74.6798,107.17215,44.856262,107.74579
2018-12-18 15:15:00,120.82,45.33385,80.397835,107.912155,44.760212,108.485794
2018-12-18 15:30:00,79.45,41.930767,72.505775,102.09384,41.35713,102.66748
2018-12-18 15:45:00,117.68,45.41441,75.45045,108.23702,44.84077,108.81066
2018-12-18 16:00:00,114.08,39.095535,79.4293,119.43205,38.521896,120.00569
2018-12-18 16:15:00,106.27,39.47933,80.577385,116.963455,38.90569,117.537094
2018-12-18 16:30:00,93.28,41.51116,78.92809,113.28811,40.937523,113.86175
2018-12-18 16:45:00,127.58,40.044846,76.46462,114.179474,39.471207,114.75311
2018-12-18 17:00:00,94.61,35.22826,74.499794,118.972786,34.65462,119.546425
2018-12-18 17:15:00,101.02,35.203842,75.78675,112.096596,34.630203,112.670235
2018-12-18 17:30:00,112.14,33.038204,74.2434,106.18389,32.464565,106.75753
2018-12-18 17:45:00,68.08,20.956026,36.73655,56.16353,20.382387,56.737167
2018-12-18 18:00:00,15.95,18.355484,34.587658,46.68855,17.781845,47.262188
2018-12-18 18:15:00,7.16,11.589557,39.496376,63.494843,11.015917,64.06848
2018-12-18 18:30:00,5.58,10.997993,44.42948,76.66366,10.424354,77.2373
2018-12-18 18:45:00,5.65,12.049929,51.437454,78.68586,11.476289,79.2595
2018-12-18 19:00:00,5.0,11.65487,52.077724,79.18586,11.08123,79.7595
2018-12-18 19:15:00,4.5,12.192447,52.10227,77.575,11.618807,78.148636
2018-12-18 19:30:00,4.39,11.379443,51.882725,78.11497,10.805803,78.68861
2018-12-18 19:45:00,4.43,11.905632,50.121773,75.13927,11.331992,75.712906
2018-12-18 20:00:00,4.39,11.9894495,50.38241,75.46428,11.41581,76.03792
2018-12-18 20:15:00,4.43,10.472782,52.546356,79.47059,9.899142,80.04423
2018-12-18 20:30:00,4.36,10.604395,48.0535,76.35345,10.030755,76.927086
2018-12-18 20:45:00,4.39,9.189503,26.032434,47.57114,8.615863,48.14478
2018-12-18 21:00:00,4.43,4.2933292,14.12243,34.903976,3.7196896,35.477615
2018-12-18 21:15:00,4.39,3.4059086,5.023956,19.015722,2.832269,19.589361
2018-12-18 21:30:00,4.46,3.844264,4.4549985,10.583428,3.2706244,11.157068
2018-12-18 21:45:00,4.39,3.8415005,4.4781666,9.64491,3.267861,10.21855
2018-12-18 22:00:00,4.39,3.8274472,4.4506474,8.86424,3.2538075,9.43788
2018-12-18 22:15:00,4.25,3.7834516,4.6107802,8.916775,3.209812,9.490415
2018-12-18 22:30:00,5.18,3.6544313,4.514562,6.566003,3.0807917,7.1396422
2018-12-18 22:45:00,5.15,3.6418724,4.4438066,7.189329,3.0682328,7.7629685
2018-12-18 23:00:00,4.14,3.4364865,5.9557843,6.604157,2.8628469,7.1777964
2018-12-18 23:15:00,4.14,3.4579797,5.3952556,5.499183,2.88434,6.0728226
2018-12-18 23:30:00,4.14,3.4559207,5.33595,5.79132,2.882281,6.3649592
2018-12-18 23:45:00,4.1,3.4719014,5.6624775,5.8053756,2.8982618,6.379015
2018-12-19 00:00:00,3.92,3.501617,5.3875294,6.5912623,2.9279773,7.1649017
2018-12-19 00:15:00,4.14,3.504144,5.7299,6.4164824,2.9305043,6.990122
2018-12-19 00:30:00,4.14,3.528004,5.837782,6.3905993,2.9543643,6.9642386
2018-12-19 00:45:00,4.14,3.597605,5.440258,6.4128127,3.0239654,6.986452
2018-12-19 01:00:00,4.21,3.5361059,5.434761,7.320951,2.9624662,7.8945904
2018-12-19 01:15:00,4.14,3.5463555,5.3807726,8.562397,2.9727159,9.136037
2018-12-19 01:30:00,4.14,3.5450401,4.9251113,6.5159473,2.9714005,7.0895867
2018-12-19 01:45:00,4.18,3.611314,5.5507445,9.030194,3.0376744,9.603834
2018-12-19 02:00:00,4.18,3.338048,4.000317,6.041416,2.7644083,6.6150556
2018-12-19 02:15:00,4.93,3.2809532,5.4036164,7.7711234,2.7073135,8.344763
2018-12-19 02:30:00,5.26,3.2744598,4.7627964,13.762744,2.7008202,14.336384
2018-12-19 02:45:00,4.14,3.2970524,4.879256,13.400126,2.7234128,13.973766
2018-12-19 03:00:00,4.14,3.2952132,4.8662558,12.046292,2.7215736,12.619932
2018-12-19 03:15:00,4.1,3.0741398,4.2954273,5.7506742,2.5005002,6.3243136
2018-12-19 03:30:00,4.25,3.0511088,4.448696,6.028489,2.4774692,6.6021285
2018-12-19 03:45:00,3.82,2.9868684,3.953839,5.9712076,2.4132288,6.544847
2018-12-19 04:00:00,3.49,3.2649913,4.041833,5.3475423,2.6913517,5.9211817
2018-12-19 04:15:00,3.42,3.1783237,3.9164078,5.6299095,2.604684,6.203549
2018-12-19 04:30:00,3.42,3.3389997,3.7092154,4.0928187,2.76536,4.666458
2018-12-19 04:45:00,3.49,3.4321125,4.8192525,7.9215927,2.8584728,8.495233
2018-12-19 05:00:00,3.38,3.311234,4.876972,5.5338416,2.7375944,6.107481
2018-12-19 05:15:00,3.42,3.2913697,4.4661474,5.125535,2.71773,5.6991744
2018-12-19 05:30:00,3.38,3.287433,3.785816,4.4362803,2.7137933,5.0099196
2018-12-19 05:45:00,3.42,3.3855305,3.9046314,5.808442,2.8118908,6.3820815
2018-12-19 06:00:00,3.42,3.4213183,4.770684,8.161489,2.8476787,8.735128
2018-12-19 06:15:00,4.07,3.3055315,3.5967648,3.8492043,2.7318919,4.422844
2018-12-19 06:30:00,4.18,3.2531276,3.926657,5.3184404,2.679488,5.89208
2018-12-19 06:45:00,3.96,3.1641238,3.5482047,4.0417247,2.5904841,4.615364
2018-12-19 07:00:00,4.1,3.2546136,3.727145,3.730564,2.680974,4.3042035
2018-12-19 07:15:00,4.1,3.19855,3.7528126,3.8030019,2.6249104,4.3766413
2018-12-19 07:30:00,4.07,3.2532344,4.947302,6.075201,2.6795948,6.6488404
2018-12-19 07:45:00,5.76,2.6754396,2.9780667,7.7801905,2.1018,8.35383
2018-12-19 08:00:00,6.23,3.4436781,5.1817327,15.390089,2.8700385,15.963729
2018-12-19 08:15:00,36.14,18.995836,38.93065,56.26505,18.422197,56.838688
2018-12-19 08:30:00,70.81,40.44015,74.62335,119.97276,39.866512,120.5464
2018-12-19 08:45:00,59.54,36.860996,74.67762,121.30216,36.287357,121.8758
2018-12-19 09:00:00,63.86,44.79544,80.16178,122.04541,44.2218,122.61905
2018-12-19 09:15:00,77.4,38.980076,80.92736,123.42083,38.406437,123.99447
2018-12-19 09:30:00,65.23,45.171173,83.81341,123.72106,44.597534,124.2947
2018-12-19 09:45:00,69.3,45.36358,94.26954,123.901566,44.78994,124.475204
2018-12-19 10:00:00,61.13,37.027103,89.189064,127.054344,36.453465,127.62798
2018-12-19 10:15:00,61.16,41.052845,91.531425,124.001656,40.479206,124.575294
2018-12-19 10:30:00,70.42,45.235428,93.13752,124.85914,44.66179,125.43278
2018-12-19 10:45:00,63.68,38.939453,90.086784,122.99069,38.365814,123.56433
2018-12-19 11:00:00,83.09,38.82482,88.755714,122.57066,38.251183,123.1443
2018-12-19 11:15:00,140.8,39.08703,89.36617,122.265114,38.51339,122.83875
2018-12-19 11:30:00,110.88,42.21755,89.25353,124.257385,41.64391,124.831024
2018-12-19 11:45:00,115.13,38.857918,84.7358,124.14055,38.28428,124.71419
2018-12-19 12:00:00,101.99,37.20618,86.82101,123.71806,36.63254,124.2917
2018-12-19 12:15:00,12.13,4.863266,9.566862,32.211933,4.2896266,32.785572
2018-12-19 12:30:00,6.66,5.079003,9.509222,28.079876,4.5053635,28.653515
2018-12-19 12:45:00,6.8,5.709795,12.6665535,31.059998,5.1361556,31.633636
2018-12-19 13:00:00,6.98,5.981832,17.961588,38.01963,5.4081926,38.59327
2018-12-19 13:15:00,62.42,29.178894,70.45367,110.294136,28.605255,110.867775
2018-12-19 13:30:00,116.46,35.56319,82.673325,118.05916,34.98955,118.6328
2018-12-19 13:45:00,89.86,43.945778,84.41485,123.14868,43.37214,123.72232
2018-12-19 14:00:00,98.03,38.474293,85.26824,123.182274,37.900654,123.75591
2018-12-19 14:15:00,149.18,44.508793,83.71462,127.79777,43.935154,128.37141
2018-12-19 14:30:00,116.64,40.680466,80.08288,119.5845,40.106827,120.15814
2018-12-19 14:45:00,105.48,42.48667,75.65246,118.14847,41.913033,118.72211
2018-12-19 15:00:00,145.22,43.173534,74.18716,120.72643,42.599895,121.30007
2018-12-19 15:15:00,101.38,42.291855,75.71162,120.57016,41.718216,121.1438
2018-12-19 15:30:00,130.46,41.51385,68.94935,119.10144,40.940212,119.67508
2018-12-19 15:45:00,115.24,41.0638,75.403114,116.803635,40.49016,117.37727
2018-12-19 16:00:00,125.21,40.55143,72.44187,117.95516,39.97779,118.5288
2018-12-19 16:15:00,133.56,41.213207,71.939316,114.19766,40.63957,114.7713
2018-12-19 16:30:00,81.65,40.554993,71.41783,115.52762,39.981354,116.10126
2018-12-19 16:45:00,62.68,41.785885,68.782326,115.18248,41.212246,115.75612
2018-12-19 17:00:00,125.5,37.021713,69.23127,115.91761,36.448074,116.49125
2018-12-19 17:15:00,68.0,30.804853,68.80429,109.78242,30.231215,110.35606
2018-12-19 17:30:00,40.5,30.529402,68.23786,103.480316,29.955763,104.053955
2018-12-19 17:45:00,31.68,24.279652,41.851475,78.49798,23.706013,79.07162
2018-12-19 18:00:00,26.82,9.823118,26.84369,32.564693,9.249478,33.138332
2018-12-19 18:15:00,5.98,6.806239,28.330284,54.785,6.2325997,55.35864
2018-12-19 18:30:00,5.47,7.4566555,24.101263,67.21471,6.883016,67.788345
2018-12-19 18:45:00,5.54,6.2321916,22.678846,66.47528,5.658552,67.04892
2018-12-19 19:00:00,5.44,6.138162,22.175072,66.59104,5.5645227,67.16468
2018-12-19 19:15:00,5.47,6.0233397,20.96814,65.82951,5.4497004,66.40315
2018-12-19 19:30:00,5.47,6.6423593,21.956522,67.49026,6.06872,68.063896
2018-12-19 19:45:00,5.4,5.724999,21.250399,57.482906,5.1513596,58.056545
2018-12-19 20:00:00,5.33,5.6223783,19.18866,56.650803,5.048739,57.22444
2018-12-19 20:15:00,5.36,4.4517574,20.966305,62.258762,3.8781178,62.8324
2018-12-19 20:30:00,5.33,6.832637,23.115105,57.574055,6.2589974,58.147694
2018-12-19 20:45:00,5.44,7.688264,18.111557,47.804028,7.1146245,48.377666
2018-12-19 21:00:00,5.4,4.7934856,6.3376417,25.890833,4.2198462,26.464472
2018-12-19 21:15:00,5.4,2.158436,3.677254,13.06843,1.5847964,13.64207
2018-12-19 21:30:00,5.04,2.7644517,4.11801,11.780015,2.190812,12.353655
2018-12-19 21:45:00,4.25,2.7082894,4.1156898,10.787097,2.1346498,11.360737
2018-12-19 22:00:00,4.39,2.4991019,4.102821,8.558679,1.9254622,9.1323185
2018-12-19 22:15:00,4.03,4.059738,4.570191,7.743398,3.4860985,8.317038
2018-12-19 22:30:00,4.03,3.817809,4.4577622,6.849352,3.2441695,7.4229913
2018-12-19 22:45:00,3.96,3.8609762,4.184569,7.319918,3.2873366,7.8935575
2018-12-19 23:00:00,4.07,3.8334143,4.019191,6.149853,3.2597747,6.7234926
2018-12-19 23:15:00,4.03,3.8243682,4.112535,5.8828917,3.2507286,6.456531
2018-12-19 23:30:00,3.92,3.7176383,4.0058904,5.8359733,3.1439986,6.4096127
2018-12-19 23:45:00,3.96,3.5080154,3.7404366,5.860732,2.9343758,6.4343715
2018-12-20 00:00:00,3.89,3.5622706,4.0022783,6.733183,2.988631,7.3068223
2018-12-20 00:15:00,4.03,3.3878024,3.5798864,7.068562,2.8141627,7.6422014
2018-12-20 00:30:00,4.03,3.6048865,4.1183267,6.259716,3.031247,6.8333554
2018-12-20 00:45:00,4.0,3.6099224,4.0822105,5.6419168,3.0362828,6.215556
2018-12-20 01:00:00,4.0,3.6298747,3.6586154,7.464379,3.056235,8.038018
2018-12-20 01:15:00,4.0,3.6562784,3.661637,6.845581,3.0826387,7.4192204
2018-12-20 01:30:00,4.1,3.5935638,3.6459978,7.4762073,3.0199242,8.049847
2018-12-20 01:45:00,4.0,3.6574965,3.6821077,6.8639975,3.0838568,7.437637
2018-12-20 02:00:00,4.07,3.7265375,3.7762506,6.5781145,3.1528978,7.151754
2018-12-20 02:15:00,4.43,3.6874714,4.7097635,6.159014,3.1138318,6.7326536
2018-12-20 02:30:00,5.18,3.7008939,4.689184,6.524582,3.1272542,7.0982213
2018-12-20 02:45:00,4.1,3.7634578,4.160859,11.796386,3.1898181,12.370026
2018-12-20 03:00:00,4.0,3.7853458,4.2124267,12.86685,3.2117062,13.44049
2018-12-20 03:15:00,4.1,3.6602275,4.1312523,7.125552,3.086588,7.6991916
2018-12-20 03:30:00,4.03,3.6334896,4.2418165,5.8778405,3.05985,6.45148
2018-12-20 03:45:00,4.1,3.6043415,3.6960776,6.3195863,3.0307019,6.8932257
2018-12-20 04:00:00,3.31,3.5047188,3.7089055,4.366385,2.9310791,4.9400244
2018-12-20 04:15:00,3.35,3.467196,3.700804,4.698622,2.8935564,5.2722616
2018-12-20 04:30:00,3.46,3.387238,3.6020477,4.3049335,2.8135984,4.878573
2018-12-20 04:45:00,3.38,3.4633498,3.9689395,6.299168,2.8897102,6.8728075
2018-12-20 05:00:00,3.35,3.3680654,3.9277575,6.4260087,2.7944257,6.999648
2018-12-20 05:15:00,3.35,3.3118548,3.9810731,4.5346727,2.7382152,5.108312
2018-12-20 05:30:00,3.38,3.3281534,3.484115,4.3410835,2.7545137,4.914723
2018-12-20 05:45:00,3.38,3.3424554,3.5575097,6.733661,2.7688158,7.3073006
2018-12-20 06:00:00,3.92,3.3443525,3.560355,4.214877,2.7707129,4.7885165
2018-12-20 06:15:00,3.67,3.3932786,3.6003745,4.4332523,2.819639,5.0068917
2018-12-20 06:30:00,3.35,3.4210682,3.6710002,4.673563,2.8474286,5.2472024
2018-12-20 06:45:00,4.0,3.3976529,3.6190784,4.219572,2.8240132,4.7932115
2018-12-20 07:00:00,4.03,3.6273727,3.6401207,4.3209,3.053733,4.8945394
2018-12-20 07:15:00,3.96,3.4594097,3.5955408,4.3383317,2.88577,4.911971
2018-12-20 07:30:00,4.18,3.6624746,4.5936522,6.614312,3.088835,7.1879516
2018-12-20 07:45:00,4.79,3.7197547,5.6443825,7.9426017,3.146115,8.516241
2018-12-20 08:00:00,5.87,4.118921,5.675169,13.507968,3.5452812,14.081608
2018-12-20 08:15:00,39.49,20.75377,39.003265,49.43087,20.180132,50.00451
2018-12-20 08:30:00,79.85,46.966637,70.83945,117.592125,46.392998,118.165764
2018-12-20 08:45:00,66.96,42.22442,71.24985,115.33055,41.65078,115.90419
2018-12-20 09:00:00,63.14,47.8816,69.1784,118.255356,47.30796,118.828995
2018-12-20 09:15:00,64.12,46.922523,73.7696,116.741585,46.348885,117.31522
2018-12-20 09:30:00,64.37,49.27928,73.63239,119.22978,48.705643,119.80342
2018-12-20 09:45:00,83.16,49.499126,74.27697,119.19531,48.925488,119.76895
2018-12-20 10:00:00,71.14,43.910835,75.53831,117.946365,43.337196,118.520004
2018-12-20 10:15:00,58.72,47.78259,74.17849,117.29212,47.20895,117.86576
2018-12-20 10:30:00,68.72,49.732853,75.47962,117.64817,49.159214,118.22181
2018-12-20 10:45:00,75.53,46.78704,71.24798,114.37637,46.2134,114.95001
2018-12-20 11:00:00,77.51,47.144783,75.66091,114.10087,46.571144,114.67451
2018-12-20 11:15:00,64.4,52.381344,82.032104,115.59158,51.807705,116.16522
2018-12-20 11:30:00,63.0,52.62836,78.78527,116.05331,52.05472,116.626945
2018-12-20 11:45:00,71.46,54.333534,80.3707,115.380615,53.759895,115.954254
2018-12-20 12:00:00,71.06,52.828213,78.50558,115.18207,52.254574,115.75571
2018-12-20 12:15:00,16.96,6.5172443,9.807578,19.250868,5.943605,19.824507
2018-12-20 12:30:00,7.67,3.0759752,6.4716306,15.281438,2.5023355,15.855078
2018-12-20 12:45:00,7.49,4.2810826,5.4970016,18.078249,3.707443,18.651888
2018-12-20 13:00:00,6.66,5.42008,11.576881,40.01,4.846441,40.583637
2018-12-20 13:15:00,42.7,36.970642,64.078545,98.088905,36.397003,98.662544
2018-12-20 13:30:00,63.07,51.047646,78.74246,111.97399,50.474007,112.54763
2018-12-20 13:45:00,71.5,51.39421,78.781624,114.18753,50.82057,114.76117
2018-12-20 14:00:00,76.9,55.145004,79.82749,112.624245,54.571365,113.19788
2018-12-20 14:15:00,63.5,52.79484,85.54098,107.02356,52.221203,107.5972
2018-12-20 14:30:00,78.41,53.59283,81.242134,116.75976,53.01919,117.3334
2018-12-20 14:45:00,73.4,53.667133,81.82963,113.039696,53.093494,113.613335
2018-12-20 15:00:00,64.44,50.52803,88.221825,112.56449,49.95439,113.13813
2018-12-20 15:15:00,60.26,52.810356,80.15506,112.122765,52.236717,112.6964
2018-12-20 15:30:00,58.9,49.345413,81.526596,110.986206,48.771774,111.559845
2018-12-20 15:45:00,60.59,51.432373,78.12947,113.952835,50.858734,114.526474
2018-12-20 16:00:00,56.92,51.209553,79.81111,110.71327,50.635914,111.28691
2018-12-20 16:15:00,60.08,47.624844,78.082886,113.937454,47.051205,114.51109
2018-12-20 16:30:00,58.68,45.596443,77.31677,116.54936,45.022804,117.123
2018-12-20 16:45:00,57.56,43.97126,77.999695,113.12304,43.39762,113.69668
2018-12-20 17:00:00,46.51,43.240055,76.85661,113.751175,42.666416,114.324814
2018-12-20 17:15:00,58.07,32.495533,78.5997,111.11073,31.921894,111.68437
2018-12-20 17:30:00,41.22,29.114084,71.86125,104.02297,28.540445,104.59661
2018-12-20 17:45:00,41.51,20.505976,51.16831,60.91475,19.932337,61.488388
2018-12-20 18:00:00,24.8,15.5098295,33.022762,48.32015,14.93619,48.893787
2018-12-20 18:15:00,5.44,9.264081,29.12495,45.891144,8.690441,46.464783
2018-12-20 18:30:00,5.18,9.027873,31.939476,64.03168,8.454233,64.605316
2018-12-20 18:45:00,5.29,10.156718,32.956978,64.31784,9.583078,64.89148
2018-12-20 19:00:00,5.29,12.586404,33.885273,62.0726,12.012764,62.64624
2018-12-20 19:15:00,5.29,10.155461,34.080173,64.466805,9.581821,65.04044
2018-12-20 19:30:00,4.18,11.487325,33.925503,66.66375,10.913685,67.23739
2018-12-20 19:45:00,4.07,9.496638,28.829546,49.40091,8.922998,49.97455
2018-12-20 20:00:00,4.1,12.174199,30.808392,59.6863,11.600559,60.259937
2018-12-20 20:15:00,4.07,6.715946,30.683102,57.87222,6.142307,58.445858
2018-12-20 20:30:00,4.18,4.8450804,26.58945,53.50385,4.271441,54.077488
2018-12-20 20:45:00,4.1,4.709461,14.347156,38.437492,4.135822,39.01113
2018-12-20 21:00:00,4.1,4.8845687,7.9017606,23.03264,4.3109293,23.60628
2018-12-20 21:15:00,4.14,3.2292786,5.9706306,9.260105,2.655639,9.833745
2018-12-20 21:30:00,4.14,3.2156177,5.773367,9.030468,2.641978,9.604108
2018-12-20 21:45:00,4.21,3.2478356,5.696199,8.946494,2.674196,9.520134
2018-12-20 22:00:00,4.18,4.395348,5.8613906,8.849012,3.8217084,9.422652
2018-12-20 22:15:00,3.85,3.129221,5.003338,7.3836117,2.5555813,7.957251
2018-12-20 22:30:00,3.85,3.0221503,4.95104,5.7573915,2.4485106,6.331031
2018-12-20 22:45:00,4.64,3.0235143,4.920809,6.288445,2.4498746,6.8620844
2018-12-20 23:00:00,5.04,4.058248,4.897028,5.3527093,3.4846084,5.9263487
2018-12-20 23:15:00,4.07,2.8374157,4.8032374,4.975758,2.263776,5.5493975
2018-12-20 23:30:00,3.82,2.860297,4.635212,4.979596,2.2866573,5.5532355
2018-12-20 23:45:00,3.85,2.8813548,4.665262,5.605771,2.3077152,6.1794105
2018-12-21 00:00:00,3.92,2.7253287,6.117425,10.778114,2.151689,11.351754
2018-12-21 00:15:00,3.89,1.5728755,4.5642796,5.520705,0.9992359,6.0943446
2018-12-21 00:30:00,3.85,1.539925,4.5009327,5.388106,0.9662854,5.9617453
2018-12-21 00:45:00,3.89,1.5432847,4.4380474,5.384401,0.9696451,5.95804
2018-12-21 01:00:00,3.89,2.8428319,4.7448072,6.2923193,2.2691922,6.8659587
2018-12-21 01:15:00,3.96,1.5684011,4.8495617,6.929372,0.9947615,7.503011
2018-12-21 01:30:00,3.89,1.5795156,4.7083893,6.2621565,1.0058761,6.835796
2018-12-21 01:45:00,3.89,1.5900682,4.675499,6.9502735,1.0164287,7.523913
2018-12-21 02:00:00,3.89,2.850832,4.934431,6.6662593,2.2771924,7.2398987
2018-12-21 02:15:00,3.92,1.5336926,5.815676,6.4092827,0.960053,6.982922
2018-12-21 02:30:00,3.92,1.5778208,6.4836164,6.615852,1.0041811,7.1894913
2018-12-21 02:45:00,3.92,1.5773302,6.2889423,11.873162,1.0036907,12.446802
2018-12-21 03:00:00,3.96,2.837322,6.380547,12.348966,2.2636824,12.9226055
2018-12-21 03:15:00,4.79,1.5921824,6.1691427,6.252305,1.0185428,6.8259444
2018-12-21 03:30:00,4.5,1.5687717,5.685658,5.951371,0.99513215,6.5250106
2018-12-21 03:45:00,3.24,1.5161685,6.0189376,6.0627294,0.9425289,6.6363688
2018-12-21 04:00:00,3.28,3.6212745,4.45477,6.01713,3.0476348,6.5907693
2018-12-21 04:15:00,3.24,3.5523922,4.475617,5.985321,2.9787526,6.5589604
2018-12-21 04:30:00,3.24,3.5664616,4.507843,5.9235587,2.992822,6.497198
2018-12-21 04:45:00,3.28,3.5590096,3.9901078,5.896465,2.98537,6.470104
2018-12-21 05:00:00,3.28,3.5811899,4.0297866,5.9052124,3.0075502,6.478852
2018-12-21 05:15:00,3.28,3.5137057,4.118143,4.410274,2.940066,4.9839134
2018-12-21 05:30:00,3.2,3.565106,4.2343025,5.8780885,2.9914663,6.451728
2018-12-21 05:45:00,3.24,3.5313494,3.882294,5.8664904,2.9577098,6.4401298
2018-12-21 06:00:00,3.2,3.5565019,4.1396003,5.915607,2.9828622,6.4892464
2018-12-21 06:15:00,3.67,3.5256228,4.0820246,5.908284,2.9519832,6.4819236
2018-12-21 06:30:00,3.96,3.5435376,4.3374324,5.8705425,2.969898,6.444182
2018-12-21 06:45:00,3.92,3.5755486,4.5424914,5.9818444,3.001909,6.555484
2018-12-21 07:00:00,3.89,3.6651406,6.100019,6.490322,3.091501,7.0639615
2018-12-21 07:15:00,3.67,3.6554601,4.500908,6.0351663,3.0818205,6.6088057
2018-12-21 07:30:00,3.17,3.8378203,6.1704903,6.30613,3.2641807,6.8797693
2018-12-21 07:45:00,5.44,3.8841765,4.325123,6.8845105,3.3105369,7.45815
2018-12-21 08:00:00,6.77,4.0426984,4.5260572,12.26159,3.4690588,12.83523
2018-12-21 08:15:00,28.8,23.961851,43.895103,53.037853,23.388212,53.611492
2018-12-21 08:30:00,54.22,49.959534,77.69161,110.37049,49.385895,110.94413
2018-12-21 08:45:00,56.41,44.57877,74.17465,111.03735,44.00513,111.61099
2018-12-21 09:00:00,56.74,49.039215,80.132416,113.22412,48.465576,113.79776
2018-12-21 09:15:00,43.78,45.77666,76.341,114.183876,45.203022,114.757515
2018-12-21 09:30:00,47.52,49.950634,86.759056,114.710266,49.376995,115.283905
2018-12-21 09:45:00,56.2,49.818623,80.57602,112.378105,49.244984,112.951744
2018-12-21 10:00:00,51.59,44.163258,78.13133,114.67842,43.58962,115.25206
2018-12-21 10:15:00,66.64,43.577377,83.83638,113.54779,43.00374,114.12143
2018-12-21 10:30:00,53.14,52.13722,87.42113,115.27847,51.56358,115.85211
2018-12-21 10:45:00,58.54,45.67687,79.60895,112.79596,45.10323,113.3696
2018-12-21 11:00:00,73.12,51.61906,80.19943,114.6604,51.04542,115.23404
2018-12-21 11:15:00,67.79,54.512745,82.24049,112.770905,53.939106,113.34454
2018-12-21 11:30:00,65.59,51.638855,83.78437,115.91878,51.065216,116.49242
2018-12-21 11:45:00,57.85,53.889946,81.88935,116.24716,53.316307,116.8208
2018-12-21 12:00:00,58.9,54.767418,83.75768,113.22008,54.19378,113.79372
2018-12-21 12:15:00,7.42,6.907477,9.560459,19.907524,6.3338375,20.481163
2018-12-21 12:30:00,8.35,4.771942,6.0788636,15.603629,4.1983027,16.177269
2018-12-21 12:45:00,7.67,4.5664496,6.4149914,13.597635,3.99281,14.171275
2018-12-21 13:00:00,7.2,5.288589,5.45547,14.738759,4.7149496,15.312399
2018-12-21 13:15:00,39.74,34.405293,68.32844,96.81869,33.831654,97.39233
2018-12-21 13:30:00,58.03,51.1059,80.21701,115.01916,50.53226,115.5928
2018-12-21 13:45:00,63.97,52.66512,83.75147,115.65909,52.09148,116.23273
2018-12-21 14:00:00,56.34,51.733776,84.41445,116.935905,51.160137,117.509544
2018-12-21 14:15:00,69.62,51.991085,83.98807,114.11204,51.417446,114.68568
2018-12-21 14:30:00,60.34,52.665394,83.311356,120.439285,52.091755,121.012924
2018-12-21 14:45:00,57.74,50.816193,85.88242,118.97431,50.242554,119.54795
2018-12-21 15:00:00,68.04,48.213085,77.459305,111.40618,47.639446,111.97982
2018-12-21 15:15:00,67.68,49.517506,77.43302,113.51575,48.943867,114.089386
2018-12-21 15:30:00,58.32,46.880424,75.964745,118.97315,46.306786,119.54679
2018-12-21 15:45:00,65.48,48.303303,78.063156,116.536476,47.729664,117.110115
2018-12-21 16:00:00,63.0,43.11273,73.90108,117.12127,42.53909,117.69491
2018-12-21 16:15:00,69.73,44.188843,74.20111,116.92731,43.615204,117.500946
2018-12-21 16:30:00,59.69,44.571293,78.29742,119.91586,43.997654,120.4895
2018-12-21 16:45:00,63.32,41.385338,73.45548,114.501976,40.8117,115.075615
2018-12-21 17:00:00,62.32,45.61404,83.143196,119.30977,45.0404,119.88341
2018-12-21 17:15:00,52.78,35.27712,86.85236,115.99955,34.70348,116.57319
2018-12-21 17:30:00,45.86,28.094986,78.65034,99.33238,27.521347,99.90602
2018-12-21 17:45:00,30.78,27.35226,55.093376,76.56301,26.778622,77.13665
2018-12-21 18:00:00,8.21,13.608535,29.220688,54.090206,13.034895,54.663845
2018-12-21 18:15:00,5.51,7.446575,13.9676,27.581987,6.872936,28.155626
2018-12-21 18:30:00,5.4,7.0489793,11.900863,30.430458,6.47534,31.004097
2018-12-21 18:45:00,5.62,6.5004973,10.7606325,29.319597,5.926858,29.893236
2018-12-21 19:00:00,5.54,5.938762,10.889869,25.96881,5.365123,26.542448
2018-12-21 19:15:00,5.54,5.9016156,11.179137,26.243351,5.327976,26.81699
2018-12-21 19:30:00,5.51,5.8020186,11.217227,28.773611,5.2283792,29.34725
2018-12-21 19:45:00,5.47,5.765197,11.168019,28.176245,5.1915574,28.749884
2018-12-21 20:00:00,5.54,5.643915,10.6726885,26.11528,5.070276,26.68892
2018-12-21 20:15:00,5.47,3.942298,10.808249,23.661955,3.3686583,24.235594
2018-12-21 20:30:00,5.44,3.7528806,10.494269,24.750711,3.179241,25.32435
2018-12-21 20:45:00,5.47,5.283481,10.147271,23.922014,4.7098417,24.495653
2018-12-21 21:00:00,5.44,3.8639805,9.536101,23.655092,3.290341,24.228731
2018-12-21 21:15:00,5.54,3.9143803,5.6440578,11.247971,3.3407407,11.82161
2018-12-21 21:30:00,5.4,3.7922003,5.5241528,9.671803,3.2185607,10.245443
2018-12-21 21:45:00,5.44,3.5740361,5.0301886,9.298025,3.0003965,9.871665
2018-12-21 22:00:00,5.44,3.5596964,5.021789,7.865814,2.9860568,8.439454
2018-12-21 22:15:00,5.18,3.5304296,4.4344525,6.7647624,2.95679,7.338402
2018-12-21 22:30:00,5.26,3.597775,4.3582153,7.595907,3.0241354,8.169547
2018-12-21 22:45:00,5.15,3.4573016,5.8263583,8.608705,2.883662,9.182344
2018-12-21 23:00:00,5.15,3.5127146,5.8179355,8.791237,2.939075,9.364877
2018-12-21 23:15:00,5.11,3.374996,4.466171,6.5242586,2.8013563,7.097898
2018-12-21 23:30:00,4.57,3.3748715,4.1866984,6.4258924,2.8012319,6.9995317
2018-12-21 23:45:00,4.0,3.3832972,4.1890774,6.755048,2.8096576,7.328687
2018-12-22 00:00:00,3.31,3.0640676,3.217234,7.147844,2.490428,7.721483
2018-12-22 00:15:00,4.0,3.2968497,3.404764,5.4509864,2.72321,6.024626
2018-12-22 00:30:00,4.0,3.3207848,3.6453207,6.4525366,2.7471452,7.026176
2018-12-22 00:45:00,4.0,3.3739698,3.5854833,7.9617968,2.8003302,8.535437
2018-12-22 01:00:00,4.1,3.386909,3.7637193,11.50853,2.8132694,12.08217
2018-12-22 01:15:00,3.96,3.3752134,3.5515535,11.445606,2.8015738,12.019246
2018-12-22 01:30:00,4.03,3.3754818,3.4539511,11.519515,2.8018422,12.093155
2018-12-22 01:45:00,4.03,3.3834038,3.5798943,11.542858,2.8097641,12.116498
2018-12-22 02:00:00,3.96,3.3878696,3.7762115,11.492283,2.81423,12.065923
2018-12-22 02:15:00,4.07,3.3722143,3.4712408,5.851963,2.7985747,6.4256024
2018-12-22 02:30:00,4.07,3.322178,3.4512427,5.7584987,2.7485383,6.332138
2018-12-22 02:45:00,3.67,3.3801095,3.7974288,11.48255,2.80647,12.05619
2018-12-22 03:00:00,3.31,3.3865764,3.780863,10.028158,2.8129368,10.601798
2018-12-22 03:15:00,3.82,3.378963,3.7865388,6.468539,2.8053234,7.0421786
2018-12-22 03:30:00,4.07,3.3919063,3.7167394,6.9415693,2.8182666,7.5152087
2018-12-22 03:45:00,3.42,3.2366197,3.9030936,4.6552415,2.66298,5.228881
2018-12-22 04:00:00,3.38,3.1569066,3.308613,3.9962778,2.583267,4.569917
2018-12-22 04:15:00,3.31,3.128101,3.2764938,3.9744759,2.5544615,4.5481153
2018-12-22 04:30:00,3.38,3.1405551,3.147803,3.5478797,2.5669155,4.121519
2018-12-22 04:45:00,3.35,3.1355426,3.1704943,4.154495,2.561903,4.728134
2018-12-22 05:00:00,3.38,3.1347892,3.1581933,4.2059774,2.5611496,4.779617
2018-12-22 05:15:00,3.42,3.138472,3.144327,4.1555333,2.5648324,4.7291727
2018-12-22 05:30:00,3.96,3.063045,3.1001709,3.4452276,2.4894054,4.018867
2018-12-22 05:45:00,4.07,3.057139,3.0853007,4.2309,2.4834993,4.804539
2018-12-22 06:00:00,4.07,3.0619736,3.0637696,3.444049,2.488334,4.0176883
2018-12-22 06:15:00,4.0,3.073875,3.0976288,4.2562785,2.5002353,4.829918
2018-12-22 06:30:00,3.38,3.0914629,4.017708,4.253336,2.5178232,4.8269753
2018-12-22 06:45:00,3.35,3.1143727,3.1308143,4.456379,2.540733,5.0300183
2018-12-22 07:00:00,3.35,3.2799335,3.3462389,7.0817165,2.7062938,7.655356
2018-12-22 07:15:00,3.31,3.141481,3.154425,4.323728,2.5678413,4.8973675
2018-12-22 07:30:00,3.85,3.1088965,3.848719,6.5811434,2.5352569,7.154783
2018-12-22 07:45:00,4.03,3.2180753,6.1752434,7.3016596,2.6444356,7.875299
2018-12-22 08:00:00,3.35,3.3499944,6.889869,9.012019,2.7763548,9.585659
2018-12-22 08:15:00,3.31,4.693329,19.318026,33.593018,4.1196895,34.166656
2018-12-22 08:30:00,3.24,5.5257497,40.36624,48.59642,4.9521103,49.17006
2018-12-22 08:45:00,3.38,4.8516364,41.45269,48.752773,4.277997,49.326412
2018-12-22 09:00:00,3.82,4.7598214,40.91509,47.4184,4.186182,47.99204
2018-12-22 09:15:00,4.28,5.286896,34.5026,45.629242,4.713257,46.20288
2018-12-22 09:30:00,4.28,4.780563,37.424976,45.24605,4.2069235,45.81969
2018-12-22 09:45:00,4.32,5.574176,41.217064,47.696537,5.0005364,48.270176
2018-12-22 10:00:00,4.21,4.777627,38.194847,47.019848,4.2039876,47.593487
2018-12-22 10:15:00,3.6,5.472766,38.46363,45.916008,4.8991265,46.489647
2018-12-22 10:30:00,3.6,5.3843875,38.1567,46.05372,4.810748,46.627357
2018-12-22 10:45:00,3.6,5.426856,34.432747,44.515915,4.8532166,45.089554
2018-12-22 11:00:00,3.6,7.4912977,38.63562,50.344093,6.9176583,50.917732
2018-12-22 11:15:00,3.6,6.8250914,35.89274,42.26126,6.251452,42.8349
2018-12-22 11:30:00,3.6,6.3298893,41.04195,46.171417,5.75625,46.745056
2018-12-22 11:45:00,3.6,6.2783704,41.002514,45.01888,5.704731,45.592518
2018-12-22 12:00:00,3.6,5.3769464,38.643993,45.530636,4.803307,46.104275
2018-12-22 12:15:00,3.71,3.7826877,7.5464425,16.009735,3.209048,16.583374
2018-12-22 12:30:00,4.39,3.6956675,7.7777634,13.255981,3.1220279,13.829621
2018-12-22 12:45:00,4.1,3.7325952,7.4035473,12.581425,3.1589556,13.155065
2018-12-22 13:00:00,3.71,3.2185557,7.354454,11.86483,2.644916,12.43847
2018-12-22 13:15:00,4.28,4.1723237,23.992197,39.183674,3.598684,39.757313
2018-12-22 13:30:00,4.25,6.4508824,38.691376,44.658676,5.877243,45.232315
2018-12-22 13:45:00,4.25,5.5134735,38.620598,47.730644,4.939834,48.304283
2018-12-22 14:00:00,4.21,5.759634,36.546837,43.915066,5.1859946,44.488705
2018-12-22 14:15:00,3.67,6.592848,33.864166,42.653957,6.0192084,43.227596
2018-12-22 14:30:00,3.46,5.691771,30.64151,43.756634,5.1181316,44.330273
2018-12-22 14:45:00,3.49,6.4679775,35.268612,42.807297,5.894338,43.380936
2018-12-22 15:00:00,3.53,6.6787877,31.609818,41.580425,6.1051483,42.154064
2018-12-22 15:15:00,3.56,6.173714,33.89948,43.35648,5.600075,43.93012
2018-12-22 15:30:00,3.53,6.3959794,34.899517,39.11524,5.82234,39.688877
2018-12-22 15:45:00,3.56,6.070656,32.515854,42.67916,5.4970164,43.2528
2018-12-22 16:00:00,3.56,7.8013406,33.57957,38.98552,7.227701,39.55916
2018-12-22 16:15:00,3.49,8.133276,34.20591,40.167953,7.5596366,40.741592
2018-12-22 16:30:00,3.53,6.738448,37.592842,42.908794,6.1648088,43.482433
2018-12-22 16:45:00,3.56,5.441669,37.39421,43.40275,4.8680296,43.976387
2018-12-22 17:00:00,4.68,4.4984536,14.307265,23.010607,3.924814,23.584246
2018-12-22 17:15:00,5.44,3.8649886,14.249699,18.869846,3.291349,19.443485
2018-12-22 17:30:00,4.46,3.6967824,8.440987,16.99699,3.1231427,17.57063
2018-12-22 17:45:00,4.28,3.8921423,5.930599,8.378507,3.3185027,8.952147
2018-12-22 18:00:00,4.07,3.3574324,4.988407,8.188717,2.7837927,8.762357
2018-12-22 18:15:00,3.6,3.2461636,5.036572,5.223327,2.672524,5.7969666
2018-12-22 18:30:00,3.67,3.1215258,5.053791,12.498981,2.5478861,13.072621
2018-12-22 18:45:00,3.67,3.0687313,5.131035,12.577832,2.4950917,13.151472
2018-12-22 19:00:00,3.71,3.0257843,6.443879,13.253665,2.4521446,13.827305
2018-12-22 19:15:00,3.74,3.0393007,6.413694,14.824126,2.465661,15.397766
2018-12-22 19:30:00,3.71,3.0891643,6.6013665,10.573997,2.5155246,11.147636
2018-12-22 19:45:00,3.74,3.0894852,6.589775,10.539335,2.5158455,11.112975
2018-12-22 20:00:00,3.67,3.0995212,6.460707,10.58147,2.5258815,11.155109
2018-12-22 20:15:00,3.67,3.4725564,6.415679,13.245251,2.8989167,13.818891
2018-12-22 20:30:00,3.67,3.4417026,5.9041247,10.528348,2.868063,11.101988
2018-12-22 20:45:00,3.67,3.438957,5.903929,9.046463,2.8653173,9.620103
2018-12-22 21:00:00,4.18,3.4255085,5.90662,9.476338,2.8518689,10.049978
2018-12-22 21:15:00,4.61,3.3865037,5.83038,9.206338,2.812864,9.779978
2018-12-22 21:30:00,5.51,3.3830047,5.7438846,10.77944,2.809365,11.35308
2018-12-22 21:45:00,4.43,3.3783565,5.7126203,10.630889,2.8047168,11.204529
2018-12-22 22:00:00,4.1,3.3594952,5.7488146,9.104005,2.7858555,9.677645
2018-12-22 22:15:00,3.46,3.3112755,5.6299753,6.6829996,2.7376359,7.256639
2018-12-22 22:30:00,3.38,3.2119262,5.1881638,5.6385193,2.6382866,6.2121587
2018-12-22 22:45:00,3.42,3.229917,5.5546203,5.9598436,2.6562774,6.533483
2018-12-22 23:00:00,3.38,3.1652157,5.5162673,5.544502,2.591576,6.118141
2018-12-22 23:15:00,3.35,3.176387,4.5561333,5.566272,2.6027474,6.139911
2018-12-22 23:30:00,3.31,3.2072215,5.6367803,5.754871,2.6335819,6.3285103
2018-12-22 23:45:00,3.31,3.2322235,5.196093,5.263585,2.6585839,5.8372245
2018-12-23 00:00:00,3.78,3.174124,3.8066952,6.7987375,2.6004844,7.372377
2018-12-23 00:15:00,3.31,3.2063866,4.5076165,4.900995,2.632747,5.474634
2018-12-23 00:30:00,3.35,3.1669526,4.6094136,5.808382,2.593313,6.3820214
2018-12-23 00:45:00,3.42,3.1870801,4.4754467,5.1279626,2.6134405,5.701602
2018-12-23 01:00:00,4.93,3.2628772,4.7787266,10.929083,2.6892376,11.502723
2018-12-23 01:15:00,4.93,3.2563925,4.5535436,10.875846,2.6827528,11.449486
2018-12-23 01:30:00,4.14,3.2597656,4.5180182,10.917007,2.686126,11.490647
2018-12-23 01:45:00,4.07,3.2647443,4.6451783,10.918487,2.6911047,11.492126
2018-12-23 02:00:00,3.49,3.2709339,4.4961605,10.913723,2.6972942,11.487363
2018-12-23 02:15:00,3.46,3.2435484,5.269325,5.3997145,2.6699088,5.973354
2018-12-23 02:30:00,3.49,3.2469935,4.2615767,4.857422,2.673354,5.4310613
2018-12-23 02:45:00,3.42,3.1905951,4.1446443,7.355731,2.6169555,7.9293704
2018-12-23 03:00:00,3.42,3.197086,4.0903482,5.304476,2.6234465,5.878115
2018-12-23 03:15:00,3.46,3.076486,3.8981993,5.18118,2.5028465,5.7548194
2018-12-23 03:30:00,3.42,3.1017704,4.073168,5.147298,2.5281308,5.7209373
2018-12-23 03:45:00,3.53,3.0761502,3.2825282,3.9205573,2.5025105,4.494197
2018-12-23 04:00:00,3.46,3.0502758,3.306848,3.7058785,2.4766362,4.279518
2018-12-23 04:15:00,3.42,3.042984,3.3102221,3.7386763,2.4693444,4.312316
2018-12-23 04:30:00,3.6,3.0635457,3.430048,3.9140394,2.489906,4.487679
2018-12-23 04:45:00,4.14,3.0854428,3.3182645,3.959512,2.5118032,4.5331516
2018-12-23 05:00:00,5.18,3.079532,3.4198687,3.9797695,2.5058923,4.553409
2018-12-23 05:15:00,4.64,3.0758977,3.3944159,3.9150126,2.502258,4.488652
2018-12-23 05:30:00,4.1,3.0378006,3.4632874,3.8761375,2.464161,4.449777
2018-12-23 05:45:00,3.49,3.010442,3.545029,3.8565838,2.4368024,4.4302235
2018-12-23 06:00:00,3.38,3.0962465,3.5135076,3.8468115,2.5226068,4.420451
2018-12-23 06:15:00,3.35,3.089562,3.5408292,3.9153092,2.5159223,4.488949
2018-12-23 06:30:00,3.46,3.0837035,3.4623215,4.645731,2.510064,5.2193704
2018-12-23 06:45:00,3.38,3.0503583,3.6341922,3.7858927,2.4767187,4.3595324
2018-12-23 07:00:00,3.38,3.1131663,3.8403547,5.228954,2.5395267,5.802593
2018-12-23 07:15:00,3.38,3.0829306,3.4162643,3.88815,2.509291,4.4617896
2018-12-23 07:30:00,3.38,3.2458677,3.857889,5.221478,2.672228,5.7951174
2018-12-23 07:45:00,3.42,3.213321,4.505787,6.9918823,2.6396813,7.5655217
2018-12-23 08:00:00,3.49,3.290393,4.32628,8.093729,2.7167535,8.667369
2018-12-23 08:15:00,4.07,2.6357026,5.440124,8.0376005,2.062063,8.61124
2018-12-23 08:30:00,4.97,4.7067313,10.881297,12.936745,4.133092,13.510385
2018-12-23 08:45:00,4.82,3.6109214,10.001169,13.565348,3.0372818,14.138988
2018-12-23 09:00:00,4.28,4.8143387,10.255503,12.430832,4.2406993,13.004472
2018-12-23 09:15:00,3.92,5.5997024,13.679449,17.618788,5.026063,18.192427
2018-12-23 09:30:00,3.71,5.515729,13.096361,17.042532,4.9420896,17.61617
2018-12-23 09:45:00,3.64,4.206454,14.730307,16.500134,3.6328142,17.073772
2018-12-23 10:00:00,3.64,3.229379,14.87184,17.869518,2.6557393,18.443157
2018-12-23 10:15:00,3.67,4.925192,10.514499,14.901511,4.3515525,15.475151
2018-12-23 10:30:00,3.71,5.2138247,13.430816,13.498026,4.6401854,14.071666
2018-12-23 10:45:00,3.71,4.0579066,11.904723,15.432073,3.484267,16.005713
2018-12-23 11:00:00,3.74,4.4940476,10.591192,16.06814,3.920408,16.641779
2018-12-23 11:15:00,3.78,4.6935005,14.004602,23.523869,4.119861,24.097507
2018-12-23 11:30:00,3.71,4.318817,12.805819,19.926023,3.7451775,20.499662
2018-12-23 11:45:00,3.74,4.0928955,12.732117,19.628242,3.5192559,20.201881
2018-12-23 12:00:00,3.96,3.152228,4.143114,8.308259,2.5785885,8.881899
2018-12-23 12:15:00,4.86,0.16098881,2.8340752,3.6924937,0.0,4.2661333
2018-12-23 12:30:00,5.54,2.9436626,5.003404,9.243177,2.370023,9.816817
2018-12-23 12:45:00,4.54,2.9712036,4.0005,9.200253,2.397564,9.773892
2018-12-23 13:00:00,4.36,3.0596411,3.8933604,8.413742,2.4860015,8.987382
2018-12-23 13:15:00,3.67,3.541211,4.4158273,17.08595,2.9675713,17.65959
2018-12-23 13:30:00,3.67,6.1882133,16.001417,18.41947,5.614574,18.993109
2018-12-23 13:45:00,3.67,6.084858,16.586342,18.3771,5.5112185,18.950739
2018-12-23 14:00:00,3.67,5.0355167,14.681148,20.306519,4.4618773,20.880157
2018-12-23 14:15:00,3.71,3.4032369,14.567559,19.350256,2.8295972,19.923895
2018-12-23 14:30:00,3.67,4.2056866,11.582804,19.525478,3.632047,20.099117
2018-12-23 14:45:00,3.67,5.466584,13.91655,18.024569,4.892945,18.598207
2018-12-23 15:00:00,3.67,4.569027,11.75532,19.092863,3.9953873,19.666502
2018-12-23 15:15:00,3.64,4.3209386,12.412823,15.94497,3.747299,16.51861
2018-12-23 15:30:00,3.67,4.6064816,11.4637575,18.497814,4.032842,19.071453
2018-12-23 15:45:00,3.74,3.2178988,12.041132,14.996343,2.6442592,15.569983
2018-12-23 16:00:00,4.36,2.934441,11.3265505,17.47876,2.3608015,18.052399
2018-12-23 16:15:00,4.36,2.3572352,12.153407,14.80717,1.7835956,15.38081
2018-12-23 16:30:00,5.0,10.753848,11.033301,17.459047,10.180208,18.032686
2018-12-23 16:45:00,5.33,5.6518893,7.8250556,15.593668,5.07825,16.167307
2018-12-23 17:00:00,3.6,5.475032,7.8203583,11.857125,4.9013925,12.430765
2018-12-23 17:15:00,3.56,4.0275455,8.369073,12.394543,3.4539058,12.968183
2018-12-23 17:30:00,3.6,3.1289074,9.709978,14.537155,2.5552678,15.110795
2018-12-23 17:45:00,3.67,2.9629338,9.156256,14.288239,2.3892941,14.861878
2018-12-23 18:00:00,3.49,2.8539934,8.162991,21.516964,2.2803538,22.090603
2018-12-23 18:15:00,3.49,3.270683,6.2845955,12.3891,2.6970434,12.96274
2018-12-23 18:30:00,3.49,3.046558,3.7869127,11.710688,2.4729183,12.2843275
2018-12-23 18:45:00,3.64,3.1621466,3.581464,13.3990755,2.588507,13.972715
2018-12-23 19:00:00,3.64,3.054763,3.673631,13.540391,2.4811234,14.114031
2018-12-23 19:15:00,4.03,3.0954928,3.5995495,13.441243,2.5218532,14.014883
2018-12-23 19:30:00,4.25,3.080291,3.779856,16.125793,2.5066514,16.699432
2018-12-23 19:45:00,4.28,3.1063678,3.5964386,12.787274,2.5327282,13.360914
2018-12-23 20:00:00,4.25,3.0829465,3.5507634,12.47713,2.509307,13.05077
2018-12-23 20:15:00,4.0,3.3892503,3.5028422,12.757923,2.8156106,13.331563
2018-12-23 20:30:00,3.49,3.300248,3.3690364,12.81318,2.7266083,13.38682
2018-12-23 20:45:00,4.21,3.3590956,3.3870442,12.858732,2.785456,13.432372
2018-12-23 21:00:00,4.14,3.3877819,5.399658,13.51173,2.8141422,14.08537
2018-12-23 21:15:00,3.49,3.4224572,4.7643976,13.724343,2.8488176,14.297983
2018-12-23 21:30:00,3.42,3.3902462,6.1589127,13.067768,2.8166065,13.641408
2018-12-23 21:45:00,3.46,3.421671,6.8358135,16.584875,2.8480313,17.158514
2018-12-23 22:00:00,3.53,3.3992043,7.238652,13.832652,2.8255646,14.406292
2018-12-23 22:15:00,3.2,3.4201708,6.0575705,9.070606,2.8465312,9.644246
2018-12-23 22:30:00,3.2,2.9935234,3.0465791,6.807513,2.4198837,7.3811526
2018-12-23 22:45:00,3.2,2.8919113,2.996058,5.7058477,2.3182716,6.279487
2018-12-23 23:00:00,3.96,3.0245616,3.2440088,6.2472486,2.450922,6.820888
2018-12-23 23:15:00,4.0,3.0263422,3.2298458,4.2282705,2.4527025,4.80191
2018-12-23 23:30:00,4.0,3.202512,3.215447,4.870567,2.6288724,5.444206
2018-12-23 23:45:00,4.0,3.2418075,3.364269,6.734514,2.6681678,7.3081536
2018-12-24 00:00:00,3.78,3.4240358,3.6947849,10.091082,2.8503962,10.6647215
2018-12-24 00:15:00,3.35,3.3561797,3.5360181,4.954255,2.78254,5.5278945
2018-12-24 00:30:00,3.38,3.4232392,3.447603,5.780892,2.8495996,6.3545313
2018-12-24 00:45:00,3.38,3.4537728,3.4899728,5.258148,2.8801332,5.8317876
2018-12-24 01:00:00,3.96,3.470475,3.5389833,6.9039135,2.8968353,7.477553
2018-12-24 01:15:00,3.89,3.4181128,3.435096,7.1000376,2.8444731,7.673677
2018-12-24 01:30:00,3.38,3.430682,3.5024276,10.677897,2.8570423,11.251537
2018-12-24 01:45:00,3.35,3.499526,3.5935028,9.745409,2.9258864,10.319049
2018-12-24 02:00:00,3.49,3.4570346,3.5322845,6.296682,2.883395,6.8703213
2018-12-24 02:15:00,3.38,3.4840114,3.5677602,5.819038,2.9103718,6.3926773
2018-12-24 02:30:00,3.42,3.363221,3.6343582,4.8083696,2.7895813,5.382009
2018-12-24 02:45:00,4.0,3.363565,3.7043865,4.969098,2.7899253,5.5427375
2018-12-24 03:00:00,4.07,3.3698616,3.689235,5.0522556,2.796222,5.625895
2018-12-24 03:15:00,4.14,3.3564036,3.4125693,4.9213796,2.782764,5.495019
2018-12-24 03:30:00,4.1,3.310214,3.4462254,4.753398,2.7365744,5.3270373
2018-12-24 03:45:00,3.96,3.3166218,3.4543707,3.465276,2.7429821,4.0389156
2018-12-24 04:00:00,3.35,3.217295,3.2383149,3.5120738,2.6436553,4.0857134
2018-12-24 04:15:00,3.38,3.1941411,3.2124746,3.4159698,2.6205015,3.9896095
2018-12-24 04:30:00,3.64,3.220179,3.3602688,3.5174623,2.6465394,4.0911016
2018-12-24 04:45:00,4.07,3.2517946,3.2821677,3.6523793,2.678155,4.226019
2018-12-24 05:00:00,3.42,3.298625,3.8492815,5.1960998,2.7249854,5.769739
2018-12-24 05:15:00,3.31,3.3453872,3.528968,3.6668599,2.7717476,4.2404995
2018-12-24 05:30:00,3.35,3.2306387,3.3528354,3.7527635,2.656999,4.326403
2018-12-24 05:45:00,3.35,3.4209924,3.9365413,4.4800053,2.8473527,5.0536447
2018-12-24 06:00:00,3.35,3.2857888,3.3260665,3.930339,2.7121491,4.5039787
2018-12-24 06:15:00,3.38,3.1631134,3.2482772,3.747686,2.5894737,4.3213253
2018-12-24 06:30:00,3.6,3.285378,3.4372537,4.349557,2.7117383,4.9231963
2018-12-24 06:45:00,4.03,3.217389,3.494209,3.5272496,2.6437495,4.100889
2018-12-24 07:00:00,4.0,3.2352104,3.5176113,3.5186696,2.6615708,4.092309
2018-12-24 07:15:00,3.96,3.1176848,3.5481393,3.5639417,2.5440452,4.1375813
2018-12-24 07:30:00,4.54,3.3465395,3.572642,5.949868,2.7728999,6.5235076
2018-12-24 07:45:00,5.36,3.1312103,3.811568,6.1323586,2.5575707,6.705998
2018-12-24 08:00:00,6.52,2.926957,7.0024605,11.278026,2.3533173,11.8516655
2018-12-24 08:15:00,21.89,11.835898,29.42761,38.17496,11.262259,38.7486
2018-12-24 08:30:00,59.62,40.545437,66.802765,106.5293,39.971798,107.102936
2018-12-24 08:45:00,64.58,33.7184,66.41365,109.50739,33.14476,110.08103
2018-12-24 09:00:00,67.18,41.949326,65.53607,110.70744,41.375687,111.28108
2018-12-24 09:15:00,69.44,38.982307,64.695465,106.89116,38.40867,107.4648
2018-12-24 09:30:00,65.38,39.052597,65.27251,106.021675,38.47896,106.595314
2018-12-24 09:45:00,67.0,41.71742,68.775345,107.47151,41.14378,108.04515
2018-12-24 10:00:00,56.27,37.086964,66.13127,100.90313,36.513325,101.47677
2018-12-24 10:15:00,54.18,32.73318,66.71016,104.85723,32.159542,105.43087
2018-12-24 10:30:00,58.39,35.33572,68.337875,105.989365,34.76208,106.563
2018-12-24 10:45:00,54.86,38.77308,69.219025,104.10965,38.19944,104.68329
2018-12-24 11:00:00,54.18,43.602974,73.370346,109.47846,43.029335,110.0521
2018-12-24 11:15:00,55.55,45.423836,81.27689,114.03909,44.850197,114.61273
2018-12-24 11:30:00,53.21,41.330006,73.61435,108.38375,40.756367,108.95739
2018-12-24 11:45:00,53.03,40.229626,73.776535,113.474945,39.655987,114.048584
2018-12-24 12:00:00,40.64,41.195847,76.21054,108.26017,40.622208,108.83381
2018-12-24 12:15:00,6.91,6.0924897,9.320687,17.882156,5.5188503,18.455795
2018-12-24 12:30:00,6.91,5.1604624,6.1996613,16.177732,4.586823,16.751371
2018-12-24 12:45:00,6.48,5.352354,6.593727,16.496698,4.7787147,17.070337
2018-12-24 13:00:00,6.12,5.4624124,6.733165,16.271206,4.888773,16.844845
2018-12-24 13:15:00,34.49,24.792711,50.17122,79.11906,24.219072,79.692696
2018-12-24 13:30:00,46.98,43.284035,73.53427,113.8206,42.710396,114.39424
2018-12-24 13:45:00,38.2,42.01936,73.036835,104.80502,41.44572,105.37866
2018-12-24 14:00:00,37.84,38.9636,74.28789,110.654106,38.38996,111.227745
2018-12-24 14:15:00,43.45,48.671257,75.081764,115.32454,48.09762,115.89818
2018-12-24 14:30:00,63.9,50.645626,76.739395,115.082085,50.071987,115.65572
2018-12-24 14:45:00,38.48,44.67903,72.34715,109.4044,44.105392,109.97804
2018-12-24 15:00:00,38.12,49.00602,75.83367,114.930244,48.43238,115.50388
2018-12-24 15:15:00,45.25,48.797363,76.86209,115.85874,48.223724,116.43238
2018-12-24 15:30:00,51.12,41.33762,75.09621,114.65803,40.76398,115.23167
2018-12-24 15:45:00,45.72,51.95079,76.54559,113.97519,51.37715,114.54883
2018-12-24 16:00:00,51.7,46.914158,74.79915,115.18888,46.34052,115.76252
2018-12-24 16:15:00,47.2,46.171406,78.51715,120.204796,45.597767,120.778435
2018-12-24 16:30:00,69.55,35.474735,70.807495,109.102844,34.901096,109.67648
2018-12-24 16:45:00,44.82,35.04807,75.41165,111.53822,34.47443,112.11186
2018-12-24 17:00:00,40.86,37.109463,75.96742,116.94929,36.535824,117.52293
2018-12-24 17:15:00,33.66,31.85191,72.74571,106.2419,31.27827,106.81554
2018-12-24 17:30:00,9.86,26.62137,66.762314,97.19344,26.047731,97.76708
2018-12-24 17:45:00,6.73,15.54666,45.22089,74.02461,14.973021,74.59825
2018-12-24 18:00:00,5.29,15.274136,25.089558,42.113827,14.700496,42.687466
2018-12-24 18:15:00,5.22,11.540936,13.645127,24.578903,10.967297,25.152542
2018-12-24 18:30:00,5.18,9.70448,11.909305,14.032088,9.13084,14.605728
2018-12-24 18:45:00,5.33,10.16761,11.987033,17.382301,9.59397,17.95594
2018-12-24 19:00:00,5.04,11.037192,11.176148,18.186563,10.463552,18.760202
2018-12-24 19:15:00,4.14,11.051829,11.288431,15.650016,10.478189,16.223656
2018-12-24 19:30:00,4.18,11.040168,11.114824,16.911388,10.466528,17.485027
2018-12-24 19:45:00,4.1,11.034743,11.187072,17.252972,10.461103,17.82661
2018-12-24 20:00:00,4.18,10.963171,11.72083,17.793966,10.389531,18.367605
2018-12-24 20:15:00,4.1,8.570198,11.726918,19.095612,7.9965587,19.66925
2018-12-24 20:30:00,4.14,7.3266773,8.403022,14.80245,6.753038,15.37609
2018-12-24 20:45:00,4.21,6.822434,10.524255,15.965829,6.2487946,16.539469
2018-12-24 21:00:00,4.18,4.9258294,9.522082,16.08036,4.35219,16.654
2018-12-24 21:15:00,4.18,3.7787309,6.466813,13.735162,3.2050912,14.308802
2018-12-24 21:30:00,4.14,3.8874571,6.969861,14.544057,3.3138175,15.117697
2018-12-24 21:45:00,4.18,3.9478776,4.0787935,10.466785,3.374238,11.040425
2018-12-24 22:00:00,5.4,3.9082263,4.0325613,9.95694,3.3345866,10.53058
2018-12-24 22:15:00,4.5,3.727914,4.1386137,10.777489,3.1542745,11.351129
2018-12-24 22:30:00,3.92,3.6187747,4.2133017,11.272182,3.045135,11.845822
2018-12-24 22:45:00,3.89,3.5429256,3.8830693,4.9145947,2.969286,5.488234
2018-12-24 23:00:00,3.85,3.45192,3.8392355,6.5057397,2.8782804,7.079379
2018-12-24 23:15:00,3.85,3.5914276,3.7833416,7.0067887,3.017788,7.580428
2018-12-24 23:30:00,3.82,3.7797616,3.7955878,7.1269956,3.206122,7.700635
2018-12-24 23:45:00,3.85,3.7958508,3.8634417,6.287722,3.2222111,6.8613615
2018-12-25 00:00:00,3.13,3.4603298,5.272917,6.2484117,2.8866901,6.822051
2018-12-25 00:15:00,3.85,3.651684,4.1957474,7.3408284,3.0780444,7.914468
2018-12-25 00:30:00,3.92,3.5337312,4.0489063,7.441161,2.9600916,8.014801
2018-12-25 00:45:00,3.89,3.3453238,3.8672297,5.365493,2.7716842,5.939132
2018-12-25 01:00:00,3.85,3.3821495,5.7250223,5.7915826,2.8085098,6.365222
2018-12-25 01:15:00,3.56,3.113602,5.65923,5.862069,2.5399623,6.4357085
2018-12-25 01:30:00,3.2,3.3757522,5.533909,5.9146028,2.8021126,6.488242
2018-12-25 01:45:00,3.92,3.3828077,5.595457,5.9244137,2.809168,6.498053
2018-12-25 02:00:00,3.64,3.3791142,3.9764144,4.674763,2.8054745,5.2484026
2018-12-25 02:15:00,3.17,3.272781,3.9985912,4.339809,2.6991413,4.9134483
2018-12-25 02:30:00,3.17,3.275157,4.088619,4.7510076,2.7015173,5.324647
2018-12-25 02:45:00,3.2,3.3631327,3.8989398,5.752607,2.789493,6.3262463
2018-12-25 03:00:00,3.24,3.4328907,3.8518345,5.414622,2.859251,5.988261
2018-12-25 03:15:00,3.2,3.4131072,3.9568412,5.7464967,2.8394675,6.320136
2018-12-25 03:30:00,3.2,3.482173,3.9302518,5.616709,2.9085333,6.1903486
2018-12-25 03:45:00,3.28,3.4373333,3.6015894,3.627567,2.8636937,4.2012067
2018-12-25 04:00:00,3.96,3.2806647,3.3459313,3.409265,2.707025,3.9829047
2018-12-25 04:15:00,3.96,3.3028123,3.325752,3.3263361,2.7291727,3.8999758
2018-12-25 04:30:00,3.92,3.2470527,3.431543,3.52374,2.673413,4.0973797
2018-12-25 04:45:00,3.89,3.2829974,3.3636465,5.205944,2.7093577,5.7795835
2018-12-25 05:00:00,3.35,3.0392408,4.099023,5.3078527,2.4656012,5.881492
2018-12-25 05:15:00,3.24,3.2446754,3.324756,5.1102,2.6710358,5.6838393
2018-12-25 05:30:00,3.35,3.2771256,3.2904496,4.945759,2.703486,5.519398
2018-12-25 05:45:00,3.96,3.2620373,3.4544942,3.5480473,2.6883976,4.121687
2018-12-25 06:00:00,3.71,3.2746055,3.5687118,3.584512,2.700966,4.1581516
2018-12-25 06:15:00,3.17,3.217485,3.4986184,3.5148487,2.6438453,4.088488
2018-12-25 06:30:00,3.2,3.2801201,3.4076211,3.7058268,2.7064805,4.279466
2018-12-25 06:45:00,3.2,3.3069293,3.7264311,5.542333,2.7332897,6.1159725
2018-12-25 07:00:00,3.17,3.4093473,3.7001865,5.547171,2.8357077,6.1208105
2018-12-25 07:15:00,3.24,3.3044317,3.5601661,3.5701835,2.730792,4.143823
2018-12-25 07:30:00,3.85,3.52712,3.6472828,5.3782234,2.9534805,5.951863
2018-12-25 07:45:00,3.92,3.6783864,4.5225554,5.8146653,3.1047468,6.3883047
2018-12-25 08:00:00,3.89,3.5845835,5.3116665,13.805814,3.010944,14.379454
2018-12-25 08:15:00,3.89,10.448193,33.088524,57.762554,9.874553,58.336193
2018-12-25 08:30:00,3.49,42.36113,67.98992,112.870964,41.78749,113.4446
2018-12-25 08:45:00,3.24,41.719128,72.03761,107.96473,41.14549,108.53837
2018-12-25 09:00:00,3.38,45.630074,77.303116,118.912895,45.056435,119.486534
2018-12-25 09:15:00,3.49,41.22454,81.6031,125.631874,40.6509,126.20551
2018-12-25 09:30:00,3.46,42.225887,78.43756,128.02072,41.65225,128.59436
2018-12-25 09:45:00,3.82,41.780437,76.98071,127.144714,41.2068,127.71835
2018-12-25 10:00:00,3.96,42.696964,79.25932,126.66058,42.123325,127.23422
2018-12-25 10:15:00,3.42,41.545506,78.223595,126.44734,40.971867,127.02098
2018-12-25 10:30:00,3.53,41.758003,78.649,127.465225,41.184364,128.03886
2018-12-25 10:45:00,3.46,42.360626,75.82999,123.25536,41.786987,123.829
2018-12-25 11:00:00,3.46,41.30829,75.689804,123.462425,40.73465,124.036064
2018-12-25 11:15:00,3.78,42.363125,82.54842,124.89092,41.789486,125.46456
2018-12-25 11:30:00,4.18,40.686794,78.53221,123.35708,40.113155,123.93072
2018-12-25 11:45:00,4.28,41.739346,77.571625,124.95767,41.165707,125.53131
2018-12-25 12:00:00,4.18,39.15323,78.915886,118.483894,38.57959,119.05753
2018-12-25 12:15:00,4.07,4.659769,13.170949,20.333637,4.0861297,20.907276
2018-12-25 12:30:00,3.56,4.8896213,11.815292,16.212143,4.315982,16.785782
2018-12-25 12:45:00,3.53,3.8131058,8.035166,15.208933,3.2394662,15.782573
2018-12-25 13:00:00,3.53,3.101552,7.338933,14.330069,2.5279124,14.903708
2018-12-25 13:15:00,5.04,26.286253,63.14996,98.25562,25.712614,98.82926
2018-12-25 13:30:00,4.07,40.17693,77.00949,121.33361,39.60329,121.90725
2018-12-25 13:45:00,3.42,35.647076,74.28826,116.68844,35.073437,117.26208
2018-12-25 14:00:00,3.42,35.37797,75.53481,117.54991,34.804333,118.12355
2018-12-25 14:15:00,3.49,40.66625,76.21278,121.37674,40.09261,121.95038
2018-12-25 14:30:00,3.46,47.652683,78.96382,125.50668,47.079044,126.08032
2018-12-25 14:45:00,3.53,40.490425,77.90173,117.469574,39.916786,118.04321
2018-12-25 15:00:00,4.14,36.51102,78.29577,120.78987,35.93738,121.36351
2018-12-25 15:15:00,4.14,41.28383,79.918594,118.15131,40.71019,118.72495
2018-12-25 15:30:00,4.14,42.741623,75.62205,120.141365,42.167984,120.715004
2018-12-25 15:45:00,4.1,44.627964,75.28928,116.178535,44.054325,116.752174
2018-12-25 16:00:00,3.67,40.131447,75.16069,120.72395,39.557808,121.29759
2018-12-25 16:15:00,3.46,42.652,78.16658,118.07896,42.07836,118.652596
2018-12-25 16:30:00,3.42,35.995033,74.74808,121.20421,35.421394,121.77785
2018-12-25 16:45:00,3.46,33.110508,75.21095,112.84552,32.53687,113.41916
2018-12-25 17:00:00,3.42,36.088215,73.04303,115.62017,35.514576,116.19381
2018-12-25 17:15:00,3.46,27.28294,73.91041,113.63992,26.709301,114.21356
2018-12-25 17:30:00,4.0,14.1454,66.791,96.39939,13.57176,96.97303
2018-12-25 17:45:00,4.0,13.298665,51.460026,86.375275,12.725025,86.94891
2018-12-25 18:00:00,3.38,9.927648,18.929546,37.43774,9.354008,38.01138
2018-12-25 18:15:00,3.38,7.9471493,12.746969,18.767044,7.37351,19.340683
2018-12-25 18:30:00,3.74,7.947585,10.799685,12.2779255,7.3739457,12.851565
2018-12-25 18:45:00,4.1,7.952797,10.99123,12.642293,7.3791575,13.215933
2018-12-25 19:00:00,4.18,8.99716,10.8916855,16.572544,8.42352,17.146183
2018-12-25 19:15:00,4.1,8.989847,9.911219,13.2691145,8.416207,13.842754
2018-12-25 19:30:00,4.18,8.939251,9.881672,13.051902,8.365611,13.625542
2018-12-25 19:45:00,3.64,8.859666,9.927839,11.420649,8.286026,11.994288
2018-12-25 20:00:00,3.46,8.871156,9.020237,13.205971,8.297516,13.779611
2018-12-25 20:15:00,3.46,6.9023976,8.973648,11.295359,6.3287582,11.868999
2018-12-25 20:30:00,3.38,6.118506,8.386435,10.988612,5.5448666,11.562252
2018-12-25 20:45:00,3.42,6.0958314,7.7700577,11.160989,5.522192,11.734629
2018-12-25 21:00:00,3.42,4.181855,7.169257,12.491471,3.6082156,13.065111
2018-12-25 21:15:00,3.42,3.8543048,5.0129404,10.535141,3.2806652,11.108781
2018-12-25 21:30:00,4.03,3.8990004,4.314155,9.381538,3.3253608,9.955178
2018-12-25 21:45:00,4.14,3.8471925,4.2901974,7.7995114,3.273553,8.373151
2018-12-25 22:00:00,3.49,3.7926548,5.3723383,7.681581,3.2190151,8.25522
2018-12-25 22:15:00,3.2,3.862982,5.060893,9.527227,3.2893424,10.100867
2018-12-25 22:30:00,3.85,3.7911453,5.147379,10.4050255,3.2175057,10.978665
2018-12-25 22:45:00,3.89,3.8156874,5.21312,7.558577,3.2420478,8.132216
2018-12-25 23:00:00,3.89,3.69642,5.0646386,6.132792,3.1227803,6.7064314
2018-12-25 23:15:00,3.85,3.6510212,4.6303544,6.032985,3.0773816,6.6066246
2018-12-25 23:30:00,3.64,3.6453545,4.886954,5.727872,3.0717149,6.3015113
2018-12-25 23:45:00,3.31,3.6841922,5.7663302,5.976879,3.1105525,6.5505185
2018-12-26 00:00:00,3.67,2.9702678,4.073922,5.8643255,2.3966281,6.437965
2018-12-26 00:15:00,3.24,2.990709,3.258845,5.295204,2.4170694,5.8688436
2018-12-26 00:30:00,3.24,3.0184438,3.2455904,5.3589,2.4448042,5.9325395
2018-12-26 00:45:00,3.2,3.0133815,3.2426608,5.3712106,2.4397418,5.94485
2018-12-26 01:00:00,3.31,3.0911245,4.540078,6.052958,2.517485,6.6265974
2018-12-26 01:15:00,3.24,3.063642,4.3578944,5.7488914,2.4900024,6.3225307
2018-12-26 01:30:00,3.28,2.942359,3.3455064,7.14747,2.3687193,7.7211094
2018-12-26 01:45:00,3.24,3.0070207,3.5121872,7.3141894,2.433381,7.887829
2018-12-26 02:00:00,3.24,2.9980576,3.221656,5.3106794,2.424418,5.884319
2018-12-26 02:15:00,3.78,2.9374816,3.3848417,6.2994485,2.363842,6.873088
2018-12-26 02:30:00,3.96,2.9386506,3.6802719,5.3295264,2.365011,5.903166
2018-12-26 02:45:00,4.97,2.879239,4.049467,5.3111987,2.3055995,5.884838
2018-12-26 03:00:00,4.36,2.6217248,4.1335683,5.4792466,2.0480852,6.052886
2018-12-26 03:15:00,3.71,2.607431,4.294566,5.07353,2.0337913,5.6471696
2018-12-26 03:30:00,3.28,2.618711,4.2715483,5.4054294,2.0450714,5.9790688
2018-12-26 03:45:00,3.31,2.885705,3.6421206,4.000679,2.3120654,4.5743184
2018-12-26 04:00:00,3.28,2.8116086,3.0383818,3.4477725,2.237969,4.021412
2018-12-26 04:15:00,3.28,2.8747613,3.035043,3.4406207,2.3011217,4.0142603
2018-12-26 04:30:00,3.2,2.9887016,3.018206,3.3288603,2.415062,3.9025
2018-12-26 04:45:00,3.24,3.1983423,3.4369762,3.9419386,2.6247027,4.5155783
2018-12-26 05:00:00,3.28,3.06587,3.2738345,3.5339544,2.4922304,4.107594
2018-12-26 05:15:00,3.2,2.9908597,3.3110874,3.8592217,2.41722,4.4328613
2018-12-26 05:30:00,3.24,2.980382,3.3331764,3.7855003,2.4067423,4.35914
2018-12-26 05:45:00,3.2,3.0958867,3.3199112,3.910486,2.522247,4.4841256
2018-12-26 06:00:00,4.79,3.1031456,3.3674324,3.8366377,2.529506,4.4102774
2018-12-26 06:15:00,4.86,2.9843276,3.4628956,3.9351532,2.410688,4.508793
2018-12-26 06:30:00,3.92,3.0052762,3.3650126,3.9682858,2.4316366,4.5419254
2018-12-26 06:45:00,3.82,2.9561903,5.098395,5.360886,2.3825507,5.9345255
2018-12-26 07:00:00,3.35,2.9826465,4.270377,5.9182777,2.4090068,6.491917
2018-12-26 07:15:00,3.17,2.975541,3.5789473,4.059206,2.4019015,4.6328454
2018-12-26 07:30:00,3.42,3.1045954,4.1928844,5.4045544,2.5309558,5.9781938
2018-12-26 07:45:00,4.82,2.6932313,3.8498132,7.234261,2.1195917,7.8079004
2018-12-26 08:00:00,5.0,2.2713974,2.527417,9.539723,1.6977577,10.113363
2018-12-26 08:15:00,34.52,4.793623,15.107035,41.51359,4.2199836,42.08723
2018-12-26 08:30:00,48.06,14.949636,40.04786,99.66043,14.375997,100.23407
2018-12-26 08:45:00,78.23,14.283885,39.266994,91.843895,13.710245,92.417534
2018-12-26 09:00:00,51.08,14.760571,38.835876,91.44083,14.186931,92.014465
2018-12-26 09:15:00,70.99,13.393636,36.6474,87.727844,12.819996,88.30148
2018-12-26 09:30:00,65.74,12.791827,39.091873,86.196465,12.218187,86.7701
2018-12-26 09:45:00,52.96,14.405544,43.481167,105.132706,13.831904,105.706345
2018-12-26 10:00:00,55.44,16.106485,40.604774,91.43405,15.5328455,92.00769
2018-12-26 10:15:00,52.06,14.712124,40.47371,90.738,14.138484,91.31164
2018-12-26 10:30:00,57.64,16.148378,40.044838,95.400475,15.5747385,95.97411
2018-12-26 10:45:00,62.21,14.593074,40.115368,92.56935,14.019434,93.14299
2018-12-26 11:00:00,45.58,13.916763,42.723587,100.747116,13.343123,101.320755
2018-12-26 11:15:00,54.58,19.814802,49.97268,114.81579,19.241163,115.38943
2018-12-26 11:30:00,55.15,14.606178,44.23786,104.59668,14.032538,105.17032
2018-12-26 11:45:00,58.64,14.4012165,43.750774,110.43259,13.827577,111.006226
2018-12-26 12:00:00,31.28,12.4988985,38.975582,99.60862,11.925259,100.18226
2018-12-26 12:15:00,6.77,2.3795245,3.7086387,15.309434,1.8058848,15.883074
2018-12-26 12:30:00,7.09,2.3007674,2.3850176,12.721284,1.7271278,13.294924
2018-12-26 12:45:00,6.95,2.1763299,2.35836,12.252365,1.6026902,12.826005
2018-12-26 13:00:00,6.41,1.9462544,2.129486,9.438886,1.3726149,10.012526
2018-12-26 13:15:00,20.66,10.244597,25.637918,77.15544,9.670958,77.72908
2018-12-26 13:30:00,59.9,12.942088,41.630177,105.16864,12.368448,105.74228
2018-12-26 13:45:00,55.3,12.020765,40.026886,99.16119,11.447125,99.734825
2018-12-26 14:00:00,51.41,11.567029,38.88229,99.70811,10.993389,100.281746
2018-12-26 14:15:00,57.02,12.643068,50.10832,105.444984,12.069428,106.01862
2018-12-26 14:30:00,43.06,14.6207075,54.926952,107.93623,14.047068,108.50987
2018-12-26 14:45:00,41.4,9.974784,37.811295,95.27098,9.401144,95.84462
2018-12-26 15:00:00,52.92,14.386418,50.273754,106.9056,13.812778,107.47924
2018-12-26 15:15:00,53.42,11.361907,43.019535,102.03357,10.788267,102.60721
2018-12-26 15:30:00,40.68,14.887577,47.440296,109.82902,14.313937,110.40266
2018-12-26 15:45:00,40.64,10.53459,41.94197,101.11803,9.96095,101.691666
2018-12-26 16:00:00,41.47,10.808841,48.993393,108.20665,10.235201,108.78029
2018-12-26 16:15:00,56.2,10.450744,52.43364,104.01404,9.877104,104.58768
2018-12-26 16:30:00,59.04,10.396683,44.343876,99.01374,9.823043,99.58738
2018-12-26 16:45:00,54.68,7.6634917,41.691772,78.34245,7.0898523,78.91609
2018-12-26 17:00:00,57.67,8.388979,35.9859,97.48457,7.8153396,98.05821
2018-12-26 17:15:00,54.79,6.40118,28.503233,76.21249,5.8275404,76.786125
2018-12-26 17:30:00,34.42,5.8244896,21.787693,51.97647,5.25085,52.55011
2018-12-26 17:45:00,9.5,6.6122785,14.854801,41.731304,6.038639,42.304943
2018-12-26 18:00:00,5.22,5.5655084,8.113515,31.598646,4.991869,32.172287
2018-12-26 18:15:00,5.04,3.669628,6.0174875,10.173835,3.0959883,10.747475
2018-12-26 18:30:00,5.04,3.56936,5.35695,8.335246,2.9957204,8.908886
2018-12-26 18:45:00,5.08,3.929157,5.19672,13.444465,3.3555174,14.018105
2018-12-26 19:00:00,5.08,4.314424,6.7519608,14.881019,3.7407844,15.4546585
2018-12-26 19:15:00,4.68,4.536464,6.3619995,11.556968,3.9628246,12.130608
2018-12-26 19:30:00,3.92,4.810057,6.60748,13.590258,4.236418,14.1638975
2018-12-26 19:45:00,3.89,4.7056623,5.8988104,13.984498,4.132023,14.558138
2018-12-26 20:00:00,3.85,4.495857,5.9821606,17.508755,3.9222171,18.082394
2018-12-26 20:15:00,3.89,4.455758,5.875166,16.737442,3.8821185,17.31108
2018-12-26 20:30:00,3.89,3.9741688,5.2328634,13.3977995,3.4005291,13.971439
2018-12-26 20:45:00,3.96,3.9640636,5.395587,14.819363,3.390424,15.3930025
2018-12-26 21:00:00,3.89,3.6057947,4.606594,13.678059,3.032155,14.2516985
2018-12-26 21:15:00,3.96,2.6819108,3.3399227,12.014442,2.1082711,12.588082
2018-12-26 21:30:00,4.0,2.6127431,3.8419044,11.075963,2.0391035,11.649603
2018-12-26 21:45:00,3.96,2.6325128,3.650437,11.933478,2.0588732,12.507118
2018-12-26 22:00:00,4.07,2.0343564,4.3404093,17.17789,1.4607167,17.75153
2018-12-26 22:15:00,4.0,3.0200994,3.7054832,5.155274,2.4464598,5.7289133
2018-12-26 22:30:00,4.9,2.9245572,3.6205704,4.592098,2.3509176,5.1657376
2018-12-26 22:45:00,4.1,2.9509299,3.507655,4.512038,2.3772902,5.0856776
2018-12-26 23:00:00,3.71,2.7307377,3.4543264,5.037046,2.157098,5.6106853
2018-12-26 23:15:00,3.74,2.7866879,3.3886173,4.491554,2.2130482,5.065193
2018-12-26 23:30:00,3.64,3.0948584,3.2044165,4.987795,2.5212188,5.5614343
2018-12-26 23:45:00,3.67,3.027663,3.0734692,5.3897247,2.4540234,5.963364
2018-12-27 00:00:00,3.74,3.2144253,3.2962942,6.493871,2.6407857,7.0675106
2018-12-27 00:15:00,3.64,3.1287055,3.2396312,5.5706067,2.5550659,6.144246
2018-12-27 00:30:00,3.74,3.0518909,3.2358427,5.5547915,2.4782512,6.128431
2018-12-27 00:45:00,3.71,3.0695944,3.424087,5.683653,2.4959548,6.2572923
2018-12-27 01:00:00,3.71,3.0967054,3.494863,5.426424,2.5230658,6.0000634
2018-12-27 01:15:00,3.67,3.082798,3.518169,4.581493,2.5091584,5.1551323
2018-12-27 01:30:00,3.67,3.1007235,3.517665,5.171003,2.5270839,5.7446423
2018-12-27 01:45:00,3.78,3.1298852,3.284669,5.558687,2.5562456,6.1323266
2018-12-27 02:00:00,4.18,3.138372,3.284974,3.826785,2.5647323,4.4004245
2018-12-27 02:15:00,4.86,3.1516368,3.315135,5.242151,2.5779972,5.81579
2018-12-27 02:30:00,4.21,3.3910756,3.7155366,6.6586523,2.817436,7.2322917
2018-12-27 02:45:00,3.71,3.2869925,3.584791,6.3647037,2.713353,6.938343
2018-12-27 03:00:00,3.78,3.2924545,3.3312829,5.884549,2.7188148,6.4581885
2018-12-27 03:15:00,3.67,3.3471577,3.4283702,4.4202127,2.773518,4.993852
2018-12-27 03:30:00,3.71,3.3192623,3.737713,5.4786654,2.7456226,6.0523047
2018-12-27 03:45:00,3.24,3.1383147,3.3033178,3.4555829,2.564675,4.0292225
2018-12-27 04:00:00,3.02,2.9892206,3.0564451,3.6802616,2.415581,4.253901
2018-12-27 04:15:00,2.99,3.0171962,3.0710576,3.542857,2.4435565,4.1164966
2018-12-27 04:30:00,2.99,2.9604874,3.0551562,3.689183,2.3868477,4.2628226
2018-12-27 04:45:00,2.95,3.0887818,3.142938,3.8164546,2.5151422,4.3900943
2018-12-27 05:00:00,2.95,3.091325,3.1204505,3.8336606,2.5176854,4.4073
2018-12-27 05:15:00,2.95,2.991044,3.021096,3.5897806,2.4174044,4.16342
2018-12-27 05:30:00,2.95,2.9877844,3.0507584,3.5988715,2.4141448,4.172511
2018-12-27 05:45:00,2.95,2.9809217,3.0684617,3.596355,2.407282,4.1699944
2018-12-27 06:00:00,3.42,3.207179,3.4128506,4.133212,2.6335394,4.7068515
2018-12-27 06:15:00,3.74,3.3439162,3.433933,4.090758,2.7702765,4.6643972
2018-12-27 06:30:00,4.86,3.3916554,3.7008705,4.1058865,2.8180158,4.679526
2018-12-27 06:45:00,4.21,3.1631186,3.3710988,5.601832,2.589479,6.1754713
2018-12-27 07:00:00,3.6,3.2166498,3.3658938,3.656251,2.6430101,4.2298903
2018-12-27 07:15:00,2.88,3.114781,3.1356573,3.5352683,2.5411413,4.1089077
2018-12-27 07:30:00,3.2,3.2551417,3.2827325,5.4042478,2.681502,5.977887
2018-12-27 07:45:00,4.9,3.5490232,4.699459,6.0238643,2.9753835,6.5975037
2018-12-27 08:00:00,5.65,3.5436502,4.8341804,7.1103244,2.9700105,7.683964
2018-12-27 08:15:00,32.0,17.452614,31.709728,52.819687,16.878975,53.393326
2018-12-27 08:30:00,52.63,38.05042,59.63726,102.57491,37.47678,103.14855
2018-12-27 08:45:00,73.66,44.381985,68.6494,124.038734,43.808346,124.61237
2018-12-27 09:00:00,63.47,41.236683,68.83203,117.481094,40.663044,118.05473
2018-12-27 09:15:00,56.77,40.64416,74.331024,124.501816,40.070522,125.075455
2018-12-27 09:30:00,53.93,40.392174,72.309204,122.89903,39.818535,123.47267
2018-12-27 09:45:00,59.4,40.456806,68.795654,124.98011,39.883167,125.55375
2018-12-27 10:00:00,76.03,39.69943,73.04593,125.89813,39.12579,126.47177
2018-12-27 10:15:00,47.81,40.744656,71.20233,118.09875,40.171017,118.672386
2018-12-27 10:30:00,45.83,40.669895,74.4827,124.32311,40.096256,124.89675
2018-12-27 10:45:00,52.63,41.644573,74.79028,122.52115,41.070934,123.09479
2018-12-27 11:00:00,68.69,39.10341,72.511116,109.30377,38.52977,109.87741
2018-12-27 11:15:00,51.16,40.49509,74.18618,119.45487,39.92145,120.02851
2018-12-27 11:30:00,51.52,40.4021,71.624016,116.1499,39.82846,116.72354
2018-12-27 11:45:00,54.83,40.532555,73.328354,116.04968,39.958916,116.62332
2018-12-27 12:00:00,59.62,25.190851,57.52603,102.04596,24.617212,102.6196
2018-12-27 12:15:00,13.54,3.8912773,11.824724,20.27462,3.3176377,20.848259
2018-12-27 12:30:00,6.62,5.5119333,12.581447,17.04304,4.938294,17.616678
2018-12-27 12:45:00,6.59,4.197627,10.102704,14.257282,3.6239874,14.830922
2018-12-27 13:00:00,17.82,4.032287,6.967337,8.962427,3.4586475,9.536067
2018-12-27 13:15:00,40.57,12.613681,39.87365,59.556267,12.040041,60.129906
2018-12-27 13:30:00,43.7,33.620564,69.084274,108.79521,33.046925,109.36885
2018-12-27 13:45:00,46.84,33.346348,71.0817,111.49621,32.77271,112.06985
2018-12-27 14:00:00,53.32,34.962643,73.962585,105.231705,34.389004,105.80534
2018-12-27 14:15:00,55.01,37.060833,77.645294,116.30131,36.487194,116.87495
2018-12-27 14:30:00,61.74,37.096165,72.58975,103.11633,36.522526,103.68997
2018-12-27 14:45:00,54.14,29.726528,71.95712,100.47674,29.15289,101.05038
2018-12-27 15:00:00,53.5,29.845463,68.96446,102.907585,29.271824,103.481224
2018-12-27 15:15:00,44.75,30.79281,70.50986,103.16912,30.219172,103.74276
2018-12-27 15:30:00,42.95,27.664055,65.68851,85.29328,27.090416,85.86692
2018-12-27 15:45:00,60.84,28.248838,67.24188,96.82832,27.6752,97.40196
2018-12-27 16:00:00,63.04,25.836275,70.057014,99.70634,25.262636,100.279976
2018-12-27 16:15:00,59.58,30.601439,73.97341,110.57702,30.0278,111.15066
2018-12-27 16:30:00,63.22,31.422466,79.62656,116.21272,30.848827,116.78636
2018-12-27 16:45:00,45.79,30.715271,73.958115,109.42891,30.141632,110.00255
2018-12-27 17:00:00,41.58,33.557854,74.79013,105.93942,32.984215,106.51306
2018-12-27 17:15:00,54.58,32.269417,66.32895,96.35925,31.695778,96.93289
2018-12-27 17:30:00,36.72,16.609255,43.13995,60.048462,16.035616,60.6221
2018-12-27 17:45:00,29.38,8.205386,27.04495,52.771732,7.631747,53.34537
2018-12-27 18:00:00,28.48,7.7824283,16.842535,38.459778,7.208789,39.033417
2018-12-27 18:15:00,48.56,7.9768395,12.842207,14.444542,7.4032,15.018182
2018-12-27 18:30:00,53.82,7.5617166,10.9922695,14.302617,6.988077,14.876257
2018-12-27 18:45:00,53.5,8.345068,10.539358,12.83464,7.7714286,13.408279
2018-12-27 19:00:00,53.14,8.223244,10.733223,14.242269,7.6496043,14.815908
2018-12-27 19:15:00,51.01,8.806043,10.469379,13.909691,8.232403,14.483331
2018-12-27 19:30:00,47.99,8.775594,8.794872,11.526192,8.201954,12.099832
2018-12-27 19:45:00,49.18,8.742636,9.144396,10.983173,8.168996,11.556813
2018-12-27 20:00:00,50.33,8.602381,8.714262,11.8654375,8.028741,12.439077
2018-12-27 20:15:00,50.04,5.1787987,8.478926,10.647956,4.6051593,11.221596
2018-12-27 20:30:00,40.93,4.3943367,8.209787,9.737913,3.820697,10.311553
2018-12-27 20:45:00,14.51,4.318826,7.5240617,9.6357765,3.7451866,10.209416
2018-12-27 21:00:00,8.35,3.9329178,7.2087584,10.799809,3.3592782,11.373449
2018-12-27 21:15:00,5.26,3.6194353,5.213214,9.219201,3.0457957,9.792841
2018-12-27 21:30:00,5.26,3.638893,4.4988036,7.875536,3.0652533,8.449176
2018-12-27 21:45:00,5.26,3.6332715,4.4694066,7.179498,3.0596318,7.7531376
2018-12-27 22:00:00,4.5,3.6865797,4.443724,13.055866,3.11294,13.629506
2018-12-27 22:15:00,3.89,3.7153823,4.2838264,7.1822505,3.1417427,7.75589
2018-12-27 22:30:00,3.85,3.60763,5.166287,5.577996,3.0339904,6.151635
2018-12-27 22:45:00,3.82,3.6092417,5.0185127,5.845626,3.035602,6.4192653
2018-12-27 23:00:00,3.82,3.569501,4.3684907,5.304849,2.9958613,5.8784885
2018-12-27 23:15:00,3.82,3.5774517,3.8260338,4.4830008,3.003812,5.05664
2018-12-27 23:30:00,3.78,3.5272372,3.613352,5.5800333,2.9535975,6.1536727
2018-12-27 23:45:00,3.74,3.4744587,3.7055662,5.8309093,2.900819,6.4045486
2018-12-28 00:00:00,4.82,3.0529578,3.5578125,5.0638604,2.4793181,5.6375
2018-12-28 00:15:00,3.74,3.0717695,3.6044977,3.7772398,2.4981298,4.350879
2018-12-28 00:30:00,3.78,3.0458858,3.6128333,4.075257,2.4722462,4.648896
2018-12-28 00:45:00,3.85,3.0363321,3.5793965,3.7053776,2.4626925,4.279017
2018-12-28 01:00:00,4.14,3.0460885,3.6947525,6.9512444,2.4724488,7.5248837
2018-12-28 01:15:00,4.9,3.0465307,3.7226589,6.07261,2.472891,6.6462493
2018-12-28 01:30:00,4.14,3.0469496,3.6054804,3.6146147,2.47331,4.1882544
2018-12-28 01:45:00,3.82,3.0732996,3.6730626,5.223271,2.49966,5.7969103
2018-12-28 02:00:00,3.85,3.1087089,3.6752894,3.9668112,2.5350692,4.5404506
2018-12-28 02:15:00,3.82,3.118445,4.1091733,4.5539575,2.5448053,5.127597
2018-12-28 02:30:00,3.82,3.168667,3.6947262,5.6187115,2.5950274,6.192351
2018-12-28 02:45:00,3.82,3.1452723,3.4871926,3.702016,2.5716326,4.2756557
2018-12-28 03:00:00,3.82,3.1735797,3.6015298,5.00062,2.59994,5.5742593
2018-12-28 03:15:00,3.89,3.121331,3.562362,3.5860476,2.5476913,4.159687
2018-12-28 03:30:00,3.89,3.0698822,3.5379894,3.5929654,2.4962425,4.166605
2018-12-28 03:45:00,3.85,2.9146729,3.3078668,3.570719,2.3410332,4.1443586
2018-12-28 04:00:00,3.82,3.0156753,3.3040006,3.988111,2.4420357,4.5617504
2018-12-28 04:15:00,4.07,2.9978344,3.3066127,3.6361492,2.4241948,4.209789
2018-12-28 04:30:00,5.04,3.0047057,3.319671,3.721375,2.431066,4.2950144
2018-12-28 04:45:00,4.1,2.9942389,3.3683965,3.7490277,2.4205992,4.322667
2018-12-28 05:00:00,3.82,2.9347517,3.4119818,3.7076173,2.361112,4.2812567
2018-12-28 05:15:00,3.89,2.8941436,3.2105787,3.6801264,2.320504,4.253766
2018-12-28 05:30:00,3.38,2.8841796,3.1751802,3.4294794,2.31054,4.003119
2018-12-28 05:45:00,3.17,2.8823776,3.2481978,3.547878,2.308738,4.1215177
2018-12-28 06:00:00,3.06,2.988199,3.2589605,3.6487246,2.4145594,4.222364
2018-12-28 06:15:00,3.06,3.0540543,3.3114913,3.6445184,2.4804146,4.218158
2018-12-28 06:30:00,3.1,3.02538,3.247103,4.025232,2.4517403,4.598871
2018-12-28 06:45:00,3.06,3.2022238,3.4348028,5.589,2.6285841,6.1626396
2018-12-28 07:00:00,3.1,3.0880487,3.417547,3.6507833,2.514409,4.224423
2018-12-28 07:15:00,3.38,2.7539666,3.9286058,4.383946,2.180327,4.9575853
2018-12-28 07:30:00,4.97,3.1118493,3.2976496,3.766057,2.5382097,4.3396964
2018-12-28 07:45:00,6.7,3.4416814,4.2408485,5.607003,2.8680418,6.1806426
2018-12-28 08:00:00,6.16,3.587101,4.1859403,7.007032,3.0134614,7.5806713
2018-12-28 08:15:00,35.75,14.534474,27.260271,35.93523,13.9608345,36.50887
2018-12-28 08:30:00,57.78,33.02978,48.85619,70.73871,32.456142,71.31235
2018-12-28 08:45:00,57.74,36.390266,52.075577,93.717865,35.816628,94.291504
2018-12-28 09:00:00,66.46,36.71746,50.81959,85.798615,36.14382,86.37225
2018-12-28 09:15:00,66.82,36.00965,48.582592,88.40759,35.436012,88.98123
2018-12-28 09:30:00,59.9,31.001368,50.216675,86.720055,30.427729,87.29369
2018-12-28 09:45:00,63.32,37.008617,50.520386,86.615715,36.43498,87.189354
2018-12-28 10:00:00,57.17,37.81028,51.44011,87.28598,37.23664,87.85962
2018-12-28 10:15:00,55.91,33.902225,49.767635,79.99794,33.328587,80.57158
2018-12-28 10:30:00,62.42,34.770695,48.446285,68.20612,34.197056,68.77976
2018-12-28 10:45:00,59.72,33.433456,47.864193,74.728424,32.859818,75.30206
2018-12-28 11:00:00,62.71,35.138916,50.0266,80.83771,34.565277,81.41135
2018-12-28 11:15:00,57.82,35.579594,50.18915,80.00911,35.005955,80.58275
2018-12-28 11:30:00,64.94,36.540367,49.781055,79.346,35.96673,79.91964
2018-12-28 11:45:00,58.97,36.501987,48.992916,76.92134,35.92835,77.49498
2018-12-28 12:00:00,47.05,34.527206,41.75719,75.49783,33.953568,76.07147
2018-12-28 12:15:00,10.01,3.5129373,6.0989227,14.286719,2.9392977,14.860359
2018-12-28 12:30:00,7.81,3.8958268,4.0465465,9.664027,3.3221872,10.237667
2018-12-28 12:45:00,7.27,3.949106,4.019622,9.775881,3.3754663,10.349521
2018-12-28 13:00:00,7.31,3.7076547,6.457143,14.588346,3.134015,15.161985
2018-12-28 13:15:00,42.55,27.803038,34.297897,50.168625,27.229399,50.742264
2018-12-28 13:30:00,56.12,31.530073,47.289032,67.626274,30.956434,68.19991
2018-12-28 13:45:00,45.0,30.514164,46.44599,73.6066,29.940525,74.18024
2018-12-28 14:00:00,45.22,28.886656,47.360878,60.023895,28.313017,60.597534
2018-12-28 14:15:00,42.62,29.052353,49.87349,81.41309,28.478714,81.98673
2018-12-28 14:30:00,34.2,34.067497,48.338646,80.56074,33.49386,81.13438
2018-12-28 14:45:00,42.8,31.572502,47.3438,68.976074,30.998863,69.54971
2018-12-28 15:00:00,48.02,32.919056,48.99972,81.41376,32.345417,81.9874
2018-12-28 15:15:00,44.6,32.483105,51.4544,74.55664,31.909466,75.13028
2018-12-28 15:30:00,35.78,30.457947,49.014294,64.07289,29.884308,64.64653
2018-12-28 15:45:00,32.62,31.303013,49.928207,81.64864,30.729374,82.22228
2018-12-28 16:00:00,31.39,26.67215,50.86887,80.35505,26.09851,80.92869
2018-12-28 16:15:00,30.06,28.444576,52.593285,86.45836,27.870937,87.032
2018-12-28 16:30:00,30.13,33.125153,56.41319,91.4252,32.551514,91.99884
2018-12-28 16:45:00,23.58,26.922367,52.227467,76.78676,26.348728,77.3604
2018-12-28 17:00:00,8.57,25.734911,48.717884,69.38853,25.161272,69.962166
2018-12-28 17:15:00,9.58,25.06608,43.700306,58.999477,24.492441,59.573116
2018-12-28 17:30:00,9.14,19.003193,36.30695,51.772125,18.429554,52.345764
2018-12-28 17:45:00,5.47,11.977154,19.744133,28.016273,11.403514,28.589912
2018-12-28 18:00:00,5.08,8.69018,17.21487,27.166384,8.11654,27.740023
2018-12-28 18:15:00,5.08,19.183964,43.41801,49.253353,18.610325,49.826992
2018-12-28 18:30:00,5.11,14.07234,43.22856,57.617226,13.4987,58.190865
2018-12-28 18:45:00,5.15,14.190416,44.53508,57.853752,13.616776,58.42739
2018-12-28 19:00:00,5.15,14.448573,45.18511,61.31932,13.874933,61.89296
2018-12-28 19:15:00,5.15,14.694033,45.44605,56.37084,14.120393,56.944477
2018-12-28 19:30:00,5.18,14.851794,45.37994,56.55365,14.278154,57.12729
2018-12-28 19:45:00,5.22,13.807536,44.66885,56.72773,13.233896,57.30137
2018-12-28 20:00:00,5.15,13.796344,44.84814,57.09327,13.222704,57.66691
2018-12-28 20:15:00,5.15,11.622013,45.966198,57.00602,11.048373,57.57966
2018-12-28 20:30:00,5.18,10.326291,41.74415,53.06192,9.752651,53.63556
2018-12-28 20:45:00,5.26,3.6102114,10.307436,19.249582,3.0365717,19.823221
2018-12-28 21:00:00,5.18,3.814636,9.0710335,9.607167,3.2409964,10.180807
2018-12-28 21:15:00,5.15,3.5590186,5.2951565,19.449602,2.985379,20.023241
2018-12-28 21:30:00,5.26,3.6354191,5.151781,6.7965026,3.0617795,7.370142
2018-12-28 21:45:00,5.26,3.5084903,5.23441,7.4900813,2.9348507,8.063721
2018-12-28 22:00:00,5.22,3.3749163,4.6394777,14.013047,2.8012767,14.586687
2018-12-28 22:15:00,4.97,3.3061357,4.1790233,4.792233,2.732496,5.3658724
2018-12-28 22:30:00,4.97,3.452747,4.1529374,5.173189,2.8791075,5.7468286
2018-12-28 22:45:00,4.93,3.2422762,4.099539,5.346924,2.6686366,5.920563
2018-12-28 23:00:00,5.04,3.1793568,3.9244192,5.472527,2.6057172,6.0461664
2018-12-28 23:15:00,4.86,3.1875825,3.7502096,5.140565,2.6139429,5.7142043
2018-12-28 23:30:00,4.86,3.1318035,3.6938775,6.437083,2.558164,7.010722
2018-12-28 23:45:00,4.86,3.1357987,3.636317,5.033117,2.562159,5.606756
2018-12-29 00:00:00,4.28,2.8495667,2.8498297,4.189792,2.275927,4.7634315
2018-12-29 00:15:00,4.9,2.9081674,3.295668,3.5021706,2.3345277,4.07581
2018-12-29 00:30:00,4.82,2.9183903,3.2725832,4.412765,2.3447506,4.9864044
2018-12-29 00:45:00,3.85,2.9196851,3.306855,4.296985,2.3460455,4.8706245
2018-12-29 01:00:00,3.74,2.8938646,3.217087,5.690032,2.320225,6.2636714
2018-12-29 01:15:00,3.82,2.9177716,3.1854112,4.964255,2.344132,5.5378942
2018-12-29 01:30:00,3.78,2.9126809,3.2874382,4.186724,2.3390412,4.7603636
2018-12-29 01:45:00,3.67,2.9781842,3.2479403,5.778841,2.4045446,6.3524804
2018-12-29 02:00:00,3.74,2.9540246,3.2846239,3.5525317,2.380385,4.126171
2018-12-29 02:15:00,3.71,2.8855875,3.235493,4.586154,2.3119478,5.1597934
2018-12-29 02:30:00,3.82,2.9494889,3.1754954,5.4755697,2.3758492,6.049209
2018-12-29 02:45:00,3.78,2.914787,3.0918849,4.142029,2.3411474,4.715668
2018-12-29 03:00:00,3.71,2.9110615,3.055775,5.096455,2.337422,5.6700945
2018-12-29 03:15:00,3.74,2.9009018,3.1907456,4.3144646,2.3272622,4.888104
2018-12-29 03:30:00,3.78,2.8726447,3.2330306,4.2305284,2.299005,4.8041677
2018-12-29 03:45:00,3.78,2.8415465,3.1174114,3.4152577,2.267907,3.9888973
2018-12-29 04:00:00,3.74,2.784851,3.017339,3.516943,2.2112114,4.0905824
2018-12-29 04:15:00,3.02,2.7683527,2.9971983,3.5133123,2.194713,4.0869517
2018-12-29 04:30:00,3.74,2.7977571,2.953749,3.7014756,2.2241175,4.275115
2018-12-29 04:45:00,3.6,2.8733106,3.501531,6.007155,2.299671,6.5807943
2018-12-29 05:00:00,3.06,2.85633,3.1750739,3.7159429,2.2826903,4.2895823
2018-12-29 05:15:00,3.02,2.828239,3.0279949,3.5834603,2.2545993,4.1570997
2018-12-29 05:30:00,3.02,2.776269,3.0688665,3.6546893,2.2026293,4.2283287
2018-12-29 05:45:00,2.99,2.7624223,3.082144,3.6750216,2.1887827,4.248661
2018-12-29 06:00:00,3.06,2.7944717,3.1698844,3.5623095,2.220832,4.135949
2018-12-29 06:15:00,3.06,2.7977176,3.0451725,3.489027,2.224078,4.0626664
2018-12-29 06:30:00,3.67,2.8025954,3.0294263,3.5020473,2.2289557,4.075687
2018-12-29 06:45:00,3.74,2.8429627,3.0334952,3.4531455,2.269323,4.026785
2018-12-29 07:00:00,3.71,2.792812,2.9615104,3.4354532,2.2191725,4.009093
2018-12-29 07:15:00,3.67,2.9530005,2.982294,3.5819106,2.379361,4.15555
2018-12-29 07:30:00,3.38,3.0121114,3.1154954,5.80456,2.4384718,6.3781996
2018-12-29 07:45:00,3.02,3.3094864,5.1955557,6.880577,2.7358468,7.4542165
2018-12-29 08:00:00,2.92,3.2977867,5.0055404,8.530372,2.724147,9.104012
2018-12-29 08:15:00,2.95,3.678133,17.432165,40.59062,3.1044934,41.164257
2018-12-29 08:30:00,3.13,3.6988745,27.302937,45.219772,3.1252348,45.79341
2018-12-29 08:45:00,3.78,4.1275916,28.869368,48.090157,3.553952,48.663795
2018-12-29 09:00:00,3.24,4.6731343,26.928822,46.64477,4.099495,47.21841
2018-12-29 09:15:00,3.17,4.536767,28.204576,48.046417,3.9631274,48.620056
2018-12-29 09:30:00,3.2,4.7932653,28.273298,45.828403,4.219626,46.402042
2018-12-29 09:45:00,3.31,4.7647285,27.612688,45.64779,4.191089,46.221428
2018-12-29 10:00:00,4.03,4.370648,25.552156,43.75946,3.7970083,44.3331
2018-12-29 10:15:00,4.03,3.904172,29.229477,48.506992,3.3305323,49.08063
2018-12-29 10:30:00,4.03,4.1238,29.832077,44.93388,3.5501602,45.50752
2018-12-29 10:45:00,4.03,4.3842483,28.992966,44.77943,3.8106086,45.35307
2018-12-29 11:00:00,6.19,4.441829,30.17373,50.157135,3.8681896,50.730774
2018-12-29 11:15:00,26.17,4.209605,30.772766,51.529858,3.6359656,52.103497
2018-12-29 11:30:00,9.36,4.43196,31.768618,48.104763,3.8583205,48.678402
2018-12-29 11:45:00,3.64,4.102002,31.114777,49.723915,3.5283625,50.297554
2018-12-29 12:00:00,4.14,4.199239,22.402552,47.227295,3.6255991,47.800934
2018-12-29 12:15:00,3.78,3.5023494,4.61232,18.790958,2.9287097,19.364597
2018-12-29 12:30:00,3.46,3.4302785,4.629808,14.46433,2.856639,15.03797
2018-12-29 12:45:00,3.42,3.4822862,4.609921,12.16899,2.9086466,12.74263
2018-12-29 13:00:00,3.42,3.3715713,5.2094097,17.115978,2.7979317,17.689617
2018-12-29 13:15:00,4.1,3.5788412,22.620235,45.35154,3.0052016,45.92518
2018-12-29 13:30:00,4.14,3.7256672,31.038534,45.900845,3.1520276,46.474483
2018-12-29 13:45:00,4.07,3.7274654,24.50339,48.90519,3.1538258,49.47883
2018-12-29 14:00:00,4.03,4.0012956,25.413437,49.196465,3.427656,49.770103
2018-12-29 14:15:00,3.92,3.9543717,25.768171,47.820312,3.380732,48.39395
2018-12-29 14:30:00,3.31,3.974234,20.401411,43.43582,3.4005945,44.00946
2018-12-29 14:45:00,3.35,3.8798337,25.932873,46.71832,3.306194,47.291958
2018-12-29 15:00:00,3.31,3.824182,29.3487,46.10434,3.2505424,46.67798
2018-12-29 15:15:00,3.31,3.6573489,25.990864,45.849045,3.0837092,46.422684
2018-12-29 15:30:00,3.31,3.7125754,20.885681,44.953968,3.1389358,45.527607
2018-12-29 15:45:00,3.35,4.0309486,16.159924,39.462914,3.457309,40.036552
2018-12-29 16:00:00,3.49,3.7757146,16.35356,36.868504,3.202075,37.442142
2018-12-29 16:15:00,4.1,3.8257854,16.294754,37.119377,3.2521458,37.693016
2018-12-29 16:30:00,3.71,3.8097694,18.00036,34.690678,3.2361298,35.264317
2018-12-29 16:45:00,3.67,3.5485606,11.692734,33.365555,2.974921,33.939194
2018-12-29 17:00:00,4.1,3.4826617,5.075221,9.124081,2.909022,9.697721
2018-12-29 17:15:00,4.07,3.3215256,4.7731624,8.664776,2.747886,9.238416
2018-12-29 17:30:00,4.07,3.4286225,4.1347585,9.114388,2.8549829,9.688028
2018-12-29 17:45:00,4.1,3.369392,4.1909866,6.542637,2.7957523,7.1162763
2018-12-29 18:00:00,3.56,3.3690073,3.7654417,6.3975782,2.7953677,6.9712176
2018-12-29 18:15:00,3.31,3.1977236,4.210763,5.93134,2.624084,6.5049796
2018-12-29 18:30:00,3.24,3.0657725,3.3752825,5.753462,2.492133,6.327101
2018-12-29 18:45:00,3.35,3.2421293,3.5687096,5.095476,2.6684897,5.6691155
2018-12-29 19:00:00,3.31,3.3455331,3.5851495,5.0870175,2.7718935,5.660657
2018-12-29 19:15:00,3.35,3.3524942,5.293956,6.915326,2.7788546,7.4889655
2018-12-29 19:30:00,3.35,3.4116485,3.759384,6.2291446,2.8380089,6.802784
2018-12-29 19:45:00,3.31,3.3558178,3.7220252,6.8553863,2.7821782,7.4290257
2018-12-29 20:00:00,3.71,3.3663747,3.4885209,7.0564504,2.792735,7.6300898
2018-12-29 20:15:00,4.36,3.476444,5.1266074,7.0411053,2.9028044,7.6147447
2018-12-29 20:30:00,4.28,3.1758616,3.3835135,5.5511336,2.602222,6.124773
2018-12-29 20:45:00,4.14,3.1557624,3.3443892,5.455653,2.5821228,6.0292926
2018-12-29 21:00:00,4.1,3.1406038,3.3536465,9.488074,2.5669641,10.061714
2018-12-29 21:15:00,4.07,3.3103235,3.3470895,10.868974,2.7366838,11.442614
2018-12-29 21:30:00,3.85,3.2149055,3.3430095,12.686004,2.6412659,13.259644
2018-12-29 21:45:00,3.46,3.178785,3.3164103,9.9681835,2.6051455,10.541823
2018-12-29 22:00:00,3.31,3.1109135,3.352445,6.908675,2.537274,7.4823146
2018-12-29 22:15:00,3.13,2.8874986,3.298752,4.8193555,2.313859,5.392995
2018-12-29 22:30:00,3.13,2.8646185,3.2007132,4.010376,2.290979,4.5840154
2018-12-29 22:45:00,3.13,2.8903196,3.21406,4.018709,2.31668,4.5923486
2018-12-29 23:00:00,3.17,2.8202317,3.1925695,4.7834916,2.246592,5.357131
2018-12-29 23:15:00,3.06,2.8109548,3.1793222,4.7387943,2.2373152,5.3124337
2018-12-29 23:30:00,2.99,2.8259246,3.1674092,4.8180013,2.252285,5.3916407
2018-12-29 23:45:00,3.42,2.8859231,3.157672,4.0225143,2.3122835,4.5961537
2018-12-30 00:00:00,3.1,2.862491,3.066463,4.3317943,2.2888513,4.9054337
2018-12-30 00:15:00,3.92,2.8300264,3.0670621,3.3224134,2.2563868,3.896053
2018-12-30 00:30:00,3.82,2.8263724,3.1296606,3.5691178,2.2527328,4.1427574
2018-12-30 00:45:00,3.74,3.0545757,3.161996,3.4000788,2.480936,3.9737184
2018-12-30 01:00:00,3.78,2.9587023,3.1781182,5.211691,2.3850627,5.7853303
2018-12-30 01:15:00,3.42,3.0515969,3.180795,4.5335,2.4779572,5.1071396
2018-12-30 01:30:00,3.17,3.0832427,3.0966485,3.2231257,2.509603,3.7967653
2018-12-30 01:45:00,3.02,3.075361,3.0983868,4.568494,2.5017214,5.142133
2018-12-30 02:00:00,3.1,3.0431988,3.0847077,3.3511765,2.4695592,3.9248161
2018-12-30 02:15:00,3.06,2.9848802,3.080919,3.2893207,2.4112406,3.8629603
2018-12-30 02:30:00,3.1,3.0145442,3.1052184,4.7495675,2.4409046,5.323207
2018-12-30 02:45:00,3.13,2.9701178,3.1126125,3.7055125,2.3964782,4.279152
2018-12-30 03:00:00,3.1,2.9490707,3.1279225,4.568179,2.375431,5.1418185
2018-12-30 03:15:00,3.13,2.9521701,3.0688457,3.379137,2.3785305,3.9527767
2018-12-30 03:30:00,3.6,2.9919379,3.0696673,3.3046522,2.4182982,3.8782918
2018-12-30 03:45:00,4.86,2.9728544,3.069694,3.234064,2.3992147,3.8077037
2018-12-30 04:00:00,3.85,2.9300454,3.0606806,3.1976328,2.3564057,3.7712724
2018-12-30 04:15:00,3.82,2.9038684,2.9941626,3.1629062,2.3302288,3.7365458
2018-12-30 04:30:00,3.82,2.909898,3.0494027,3.2640433,2.3362584,3.837683
2018-12-30 04:45:00,3.46,3.0286224,3.4281142,4.897016,2.4549828,5.4706554
2018-12-30 05:00:00,3.17,2.9687364,2.9854376,3.3528652,2.3950968,3.9265049
2018-12-30 05:15:00,3.13,2.9525347,2.9751346,3.4455998,2.378895,4.0192394
2018-12-30 05:30:00,3.1,2.9253793,2.9529538,3.2910144,2.3517396,3.864654
2018-12-30 05:45:00,3.1,2.8620582,2.9025884,3.1526122,2.2884185,3.7262518
2018-12-30 06:00:00,3.1,2.9005456,2.9919856,3.542574,2.326906,4.1162133
2018-12-30 06:15:00,3.13,2.8939662,2.932391,3.3620143,2.3203266,3.935654
2018-12-30 06:30:00,3.13,2.9354494,2.9688556,3.463886,2.3618097,4.0375257
2018-12-30 06:45:00,3.1,2.954271,2.9779112,4.1409683,2.3806314,4.7146077
2018-12-30 07:00:00,3.82,2.8794968,2.957511,3.2707238,2.3058572,3.8443635
2018-12-30 07:15:00,4.36,2.9085999,2.9286263,3.2324822,2.3349602,3.8061218
2018-12-30 07:30:00,4.97,2.9651973,3.0507567,3.6477356,2.3915577,4.221375
2018-12-30 07:45:00,3.96,2.8253858,3.576294,6.1238756,2.2517462,6.697515
2018-12-30 08:00:00,3.46,2.75325,2.9048083,6.399947,2.1796103,6.9735866
2018-12-30 08:15:00,3.06,2.9063663,3.4929993,5.4150805,2.3327267,5.98872
2018-12-30 08:30:00,3.06,2.7358265,3.4164302,7.15193,2.1621869,7.7255692
2018-12-30 08:45:00,3.17,2.5963776,4.1622615,8.525981,2.022738,9.099621
2018-12-30 09:00:00,3.28,2.856662,4.4223485,7.923529,2.2830224,8.497169
2018-12-30 09:15:00,3.35,2.6467814,3.8824265,7.213797,2.0731418,7.7874365
2018-12-30 09:30:00,3.38,2.8900828,3.7584076,6.6612864,2.3164432,7.2349257
2018-12-30 09:45:00,3.35,2.8664203,3.7936792,6.4101896,2.2927806,6.983829
2018-12-30 10:00:00,3.46,2.81436,3.861544,9.0933,2.2407203,9.66694
2018-12-30 10:15:00,3.38,2.8493865,4.135829,6.9006386,2.2757468,7.474278
2018-12-30 10:30:00,4.0,2.9166083,4.246606,9.639741,2.3429687,10.213381
2018-12-30 10:45:00,4.1,2.6407478,7.409712,10.773579,2.0671082,11.3472185
2018-12-30 11:00:00,4.1,2.9255328,6.058504,15.661128,2.3518932,16.234768
2018-12-30 11:15:00,4.28,2.1223812,11.804305,32.681892,1.5487416,33.25553
2018-12-30 11:30:00,4.61,3.16901,6.965024,28.623932,2.5953703,29.19757
2018-12-30 11:45:00,3.56,2.4181027,5.634595,16.316963,1.8444631,16.890602
2018-12-30 12:00:00,3.42,2.5192478,6.863697,19.820263,1.9456081,20.393902
2018-12-30 12:15:00,3.46,3.0628679,4.351637,5.9207044,2.4892282,6.4943438
2018-12-30 12:30:00,3.46,3.0545418,3.3447502,8.67088,2.4809022,9.24452
2018-12-30 12:45:00,3.31,3.0602682,3.3667948,7.984415,2.4866285,8.558055
2018-12-30 13:00:00,3.28,2.888168,3.0798454,3.134967,2.3145285,3.7086067
2018-12-30 13:15:00,3.2,3.120901,3.8247135,8.0934725,2.5472615,8.667112
2018-12-30 13:30:00,3.24,2.8745978,4.2035303,13.405722,2.3009582,13.979362
2018-12-30 13:45:00,3.24,2.9929101,4.6457596,10.945077,2.4192705,11.518717
2018-12-30 14:00:00,4.03,2.9652462,4.614608,5.9335575,2.3916066,6.507197
2018-12-30 14:15:00,4.0,2.986824,4.6677675,5.4030313,2.4131844,5.9766707
2018-12-30 14:30:00,4.03,2.7241573,4.294648,6.7415857,2.1505177,7.315225
2018-12-30 14:45:00,4.82,2.897671,4.0931177,7.7334237,2.3240314,8.307063
2018-12-30 15:00:00,4.1,2.7762809,4.0661364,6.725545,2.2026412,7.2991843
2018-12-30 15:15:00,3.31,3.1026068,4.7661114,7.4643703,2.5289671,8.03801
2018-12-30 15:30:00,3.24,2.783723,3.0873144,6.182863,2.2100835,6.7565026
2018-12-30 15:45:00,3.24,2.7496977,3.137398,7.4184685,2.176058,7.992108
2018-12-30 16:00:00,3.35,2.6123908,2.8836043,6.1972723,2.0387511,6.7709117
2018-12-30 16:15:00,3.31,2.679108,3.960305,13.442966,2.1054683,14.016606
2018-12-30 16:30:00,3.35,2.7179625,3.453749,5.6107183,2.1443229,6.1843576
2018-12-30 16:45:00,3.24,2.392168,3.4106839,5.9085064,1.8185284,6.482146
2018-12-30 17:00:00,3.24,2.3586352,3.435581,11.064495,1.7849956,11.638135
2018-12-30 17:15:00,3.42,2.3510041,3.469844,13.394449,1.7773645,13.968089
2018-12-30 17:30:00,4.0,2.483838,3.3794806,15.505388,1.9101985,16.079027
2018-12-30 17:45:00,4.75,2.54156,7.2551947,20.366682,1.9679203,20.940321
2018-12-30 18:00:00,4.68,2.353951,3.4929593,7.4428673,1.7803113,8.016507
2018-12-30 18:15:00,3.89,2.2527397,3.158818,5.871487,1.6791,6.4451265
2018-12-30 18:30:00,3.53,2.1846557,3.1348903,3.9200342,1.611016,4.493674
2018-12-30 18:45:00,3.2,2.2604458,3.1556642,6.0840025,1.6868062,6.657642
2018-12-30 19:00:00,3.28,1.992983,3.1849873,6.073522,1.4193435,6.6471615
2018-12-30 19:15:00,3.24,2.03179,3.183173,7.930238,1.4581504,8.503878
2018-12-30 19:30:00,3.24,2.049994,3.18345,8.1655245,1.4763544,8.739164
2018-12-30 19:45:00,3.2,2.0471842,3.1945298,8.129634,1.4735446,8.703274
2018-12-30 20:00:00,3.24,2.0227926,3.18417,8.5774,1.449153,9.15104
2018-12-30 20:15:00,3.31,2.5057666,4.486635,10.268368,1.932127,10.842008
2018-12-30 20:30:00,3.24,2.4739583,4.44495,8.531315,1.9003186,9.104955
2018-12-30 20:45:00,3.78,2.559622,6.3673544,16.041258,1.9859824,16.614897
2018-12-30 21:00:00,4.32,2.5627253,6.9897356,7.1387377,1.9890857,7.712377
2018-12-30 21:15:00,4.07,2.6132069,6.0283356,6.7885623,2.0395672,7.3622017
2018-12-30 21:30:00,4.07,2.6078427,5.4627895,5.949355,2.034203,6.5229945
2018-12-30 21:45:00,4.03,2.551533,3.1691802,5.8549747,1.9778934,6.428614
2018-12-30 22:00:00,4.0,2.5437438,3.1453087,12.431589,1.9701042,13.005229
2018-12-30 22:15:00,3.2,2.5413103,2.9297373,3.2054298,1.9676707,3.7790694
2018-12-30 22:30:00,2.99,2.449659,2.991074,3.1572907,1.8760195,3.7309303
2018-12-30 22:45:00,3.1,2.4575174,3.1555383,3.1680038,1.8838778,3.7416434
2018-12-30 23:00:00,3.02,2.4254408,3.1294303,3.236067,1.8518012,3.8097067
2018-12-30 23:15:00,2.95,2.401321,3.20138,3.2770395,1.8276813,3.8506792
2018-12-30 23:30:00,2.99,2.4249933,2.9905818,3.5690079,1.8513536,4.1426473
2018-12-30 23:45:00,2.92,2.424191,2.9210608,3.1869876,1.8505514,3.7606273
2018-12-31 00:00:00,3.67,1.8982772,3.1194456,3.8484788,1.3246377,4.422118
2018-12-31 00:15:00,3.64,1.8916389,3.0649822,3.7766807,1.3179994,4.3503203
2018-12-31 00:30:00,3.31,1.9725996,3.1190255,4.6226463,1.3989601,5.1962857
2018-12-31 00:45:00,3.49,1.9228759,3.1470258,4.1874495,1.3492362,4.761089
2018-12-31 01:00:00,3.71,2.0603619,3.3952234,4.746823,1.4867222,5.320462
2018-12-31 01:15:00,3.78,1.983475,3.190695,3.627139,1.4098353,4.2007785
2018-12-31 01:30:00,3.71,1.8513429,3.0637004,3.4975753,1.2777033,4.0712147
2018-12-31 01:45:00,3.67,1.735248,3.2516086,3.614193,1.1616085,4.1878324
2018-12-31 02:00:00,3.02,1.8544129,3.2509887,3.6073186,1.2807734,4.1809583
2018-12-31 02:15:00,2.99,1.8030435,3.2284153,3.50665,1.229404,4.0802894
2018-12-31 02:30:00,3.06,1.8219279,3.066954,5.0662913,1.2482884,5.6399307
2018-12-31 02:45:00,3.02,1.9597079,3.1129496,4.0019264,1.3860683,4.575566
2018-12-31 03:00:00,3.06,1.8936938,2.9903638,4.732388,1.3200543,5.3060274
2018-12-31 03:15:00,3.02,1.9662284,3.1202433,3.478418,1.3925889,4.0520577
2018-12-31 03:30:00,3.46,1.9582475,3.215843,3.6462479,1.384608,4.2198873
2018-12-31 03:45:00,3.74,1.9277099,2.5853865,5.210359,1.3540704,5.7839985
2018-12-31 04:00:00,3.06,1.9129604,3.175378,5.118107,1.3393209,5.691746
2018-12-31 04:15:00,3.74,1.966201,3.2374046,3.5696433,1.3925614,4.143283
2018-12-31 04:30:00,3.74,2.133727,3.2225683,4.107266,1.5600874,4.6809053
2018-12-31 04:45:00,3.78,2.0172555,3.313203,3.464977,1.4436159,4.0386167
2018-12-31 05:00:00,3.78,1.7611102,2.9769554,3.4825778,1.1874707,4.056217
2018-12-31 05:15:00,3.56,1.7294914,2.8915372,3.4383278,1.1558518,4.011967
2018-12-31 05:30:00,2.99,1.726429,2.9295642,3.5185165,1.1527894,4.092156
2018-12-31 05:45:00,3.02,1.7144994,2.9717026,3.4283173,1.1408598,4.001957
2018-12-31 06:00:00,2.95,1.7059144,3.1939385,3.480301,1.1322749,4.0539403
2018-12-31 06:15:00,3.02,1.7616144,3.1968281,3.3962042,1.1879749,3.9698439
2018-12-31 06:30:00,2.99,1.918924,3.1641848,3.5356312,1.3452845,4.1092706
2018-12-31 06:45:00,3.02,1.9081603,3.2690456,3.9140928,1.3345208,4.4877324
2018-12-31 07:00:00,3.74,1.9224898,3.3272579,3.5834265,1.3488503,4.157066
2018-12-31 07:15:00,3.17,2.1365962,3.2968724,3.3368473,1.5629566,3.910487
2018-12-31 07:30:00,2.95,2.6953864,3.158425,6.8297925,2.1217468,7.403432
2018-12-31 07:45:00,3.56,2.92432,3.8185036,6.458478,2.3506804,7.0321174
2018-12-31 08:00:00,3.64,2.9088926,6.2925653,7.3319774,2.335253,7.9056168
2018-12-31 08:15:00,3.6,8.673711,19.134388,38.707844,8.100071,39.281483
2018-12-31 08:30:00,3.74,24.410324,54.11601,84.51442,23.836685,85.08806
2018-12-31 08:45:00,3.74,36.73226,61.123955,95.51099,36.158623,96.084625
2018-12-31 09:00:00,3.06,37.082684,59.225662,91.44396,36.509045,92.0176
2018-12-31 09:15:00,3.17,37.443584,62.82611,95.58858,36.869946,96.16222
2018-12-31 09:30:00,3.13,36.838924,59.399105,90.72209,36.265285,91.29573
2018-12-31 09:45:00,3.17,35.866302,57.77761,88.64686,35.292664,89.2205
2018-12-31 10:00:00,3.24,36.11025,56.861755,92.80149,35.53661,93.37513
2018-12-31 10:15:00,3.2,24.969303,52.173637,68.23398,24.395664,68.80762
2018-12-31 10:30:00,4.03,27.109943,51.89781,83.19035,26.536304,83.76399
2018-12-31 10:45:00,3.67,31.394722,51.27682,85.40886,30.821083,85.9825
2018-12-31 11:00:00,3.35,30.408888,54.061985,83.46191,29.835249,84.035545
2018-12-31 11:15:00,3.35,34.304276,54.32774,77.15091,33.730637,77.72455
2018-12-31 11:30:00,3.82,34.360825,52.318157,83.50402,33.787186,84.07766
2018-12-31 11:45:00,4.0,30.979753,53.844395,86.234276,30.406115,86.807915
2018-12-31 12:00:00,4.07,22.351213,42.90464,74.454605,21.777575,75.028244
2018-12-31 12:15:00,4.03,3.9204679,6.1645136,16.826937,3.3468282,17.400576
2018-12-31 12:30:00,4.1,3.9202876,6.832244,9.297407,3.346648,9.871047
2018-12-31 12:45:00,3.35,3.7650535,6.9151716,7.7870555,3.1914139,8.360695
2018-12-31 13:00:00,3.35,3.575319,7.0621014,16.32913,3.0016794,16.90277
2018-12-31 13:15:00,3.35,17.90375,31.639883,54.903416,17.33011,55.477055
2018-12-31 13:30:00,3.31,21.891739,53.725544,80.931175,21.3181,81.504814
2018-12-31 13:45:00,3.31,19.295637,46.163692,64.164474,18.721998,64.73811
2018-12-31 14:00:00,3.35,19.61761,44.53099,63.90363,19.043972,64.47727
2018-12-31 14:15:00,3.35,18.918451,51.637367,64.27485,18.344812,64.84849
2018-12-31 14:30:00,3.56,28.131247,52.974983,84.87279,27.557608,85.44643
2018-12-31 14:45:00,4.07,21.802128,46.50029,67.042404,21.228489,67.61604
2018-12-31 15:00:00,3.53,22.653503,50.79793,66.330376,22.079865,66.904015
2018-12-31 15:15:00,3.42,23.909117,58.281673,72.55609,23.335478,73.12973
2018-12-31 15:30:00,4.07,27.350033,54.54116,71.3817,26.776394,71.95534
2018-12-31 15:45:00,4.07,24.300081,56.111248,82.8121,23.726442,83.38574
2018-12-31 16:00:00,4.03,21.31482,57.0882,84.17938,20.74118,84.75302
2018-12-31 16:15:00,4.07,18.585756,53.342358,79.369484,18.012117,79.94312
2018-12-31 16:30:00,3.92,24.638514,52.747665,85.24724,24.064875,85.82088
2018-12-31 16:45:00,3.31,16.505163,54.01553,72.40302,15.931523,72.97666
2018-12-31 17:00:00,3.31,15.146791,43.67239,66.286674,14.573152,66.86031
2018-12-31 17:15:00,3.35,15.074606,43.20696,57.549507,14.500966,58.123146
2018-12-31 17:30:00,3.31,10.574919,19.738949,52.2501,10.001279,52.82374
2018-12-31 17:45:00,3.46,11.619632,13.280112,33.143818,11.045992,33.717457
2018-12-31 18:00:00,3.42,12.315675,13.932151,40.52059,11.742035,41.09423
2018-12-31 18:15:00,3.35,11.919673,21.786203,46.909737,11.346033,47.483376
2018-12-31 18:30:00,3.82,10.035796,21.332262,51.318237,9.462156,51.891876
2018-12-31 18:45:00,4.14,10.026762,21.701645,53.849003,9.453122,54.42264
2018-12-31 19:00:00,3.49,10.464607,21.73479,51.91062,9.890967,52.48426
2018-12-31 19:15:00,3.96,10.463793,21.008934,56.003593,9.890153,56.577232
2018-12-31 19:30:00,4.14,10.48823,20.989458,55.836857,9.91459,56.410496
2018-12-31 19:45:00,4.21,10.529011,24.540766,55.22839,9.955371,55.80203
2018-12-31 20:00:00,4.14,10.138103,24.831877,57.67463,9.564463,58.24827
2018-12-31 20:15:00,4.18,8.365111,20.200396,55.342648,7.791472,55.916286
2018-12-31 20:30:00,3.38,7.0534506,11.595838,46.79115,6.479811,47.364788
2018-12-31 20:45:00,3.42,6.5006304,11.080752,30.33027,5.926991,30.90391
2018-12-31 21:00:00,3.42,4.655671,9.603173,23.285824,4.0820317,23.859463
2018-12-31 21:15:00,3.42,3.697982,3.7369134,16.586626,3.1243424,17.160265
2018-12-31 21:30:00,3.49,3.7200725,3.7420142,15.59678,3.1464329,16.17042
2018-12-31 21:45:00,3.42,3.631286,4.3822594,15.09977,3.0576463,15.673409
2018-12-31 22:00:00,3.42,3.7205915,3.950722,25.148998,3.146952,25.722637
2018-12-31 22:15:00,3.24,3.5292606,3.8527815,7.813857,2.955621,8.387497
2018-12-31 22:30:00,3.67,3.4462178,3.7136815,6.2031054,2.8725781,6.776745
2018-12-31 22:45:00,3.82,3.3448973,3.731087,5.904495,2.7712576,6.478134
2018-12-31 23:00:00,3.85,3.2693949,3.7462242,5.253251,2.6957552,5.8268905
2018-12-31 23:15:00,3.74,3.2138665,3.820144,5.096055,2.6402268,5.6696944
2018-12-31 23:30:00,3.78,3.188465,3.6971257,3.7689238,2.6148255,4.342563
2018-12-31 23:45:00,3.78,2.2250614,3.722819,4.411636,1.6514218,4.9852753
