date,actual,P10,P50,P90,P10_hiệu_chỉnh,P90_hiệu_chỉnh
2018-12-01 00:00:00,3.35,2.9520278,3.8182876,11.555682,2.7147105,11.792999
2018-12-01 00:15:00,3.89,3.2630565,3.5467317,3.951173,3.0257392,4.1884904
2018-12-01 00:30:00,3.85,3.2796044,3.5717041,3.9322398,3.042287,4.169557
2018-12-01 00:45:00,3.89,3.2743845,3.8342848,4.1998005,3.0370672,4.4371176
2018-12-01 01:00:00,3.89,3.1326377,3.5408347,3.900911,2.8953204,4.1382284
2018-12-01 01:15:00,4.03,3.1738396,3.6693945,4.0289397,2.9365222,4.266257
2018-12-01 01:30:00,3.89,3.1826751,3.6602626,4.0076385,2.9453578,4.2449555
2018-12-01 01:45:00,3.92,3.1798725,3.6585016,3.661647,2.9425552,3.8989644
2018-12-01 02:00:00,3.92,3.2530212,3.7791224,4.100202,3.015704,4.337519
2018-12-01 02:15:00,3.96,3.294931,3.8223095,4.156997,3.0576136,4.3943143
2018-12-01 02:30:00,4.03,3.2736294,3.8401458,4.1832786,3.036312,4.4205956
2018-12-01 02:45:00,4.14,3.2836626,4.0126476,4.171975,3.0463452,4.409292
2018-12-01 03:00:00,5.08,3.2622454,3.6898477,3.8243268,3.024928,4.061644
2018-12-01 03:15:00,4.72,3.3065329,3.6562119,3.7994838,3.0692155,4.036801
2018-12-01 03:30:00,3.96,3.3543518,3.6845307,3.877257,3.1170344,4.1145744
2018-12-01 03:45:00,3.92,3.4083626,3.907461,4.17521,3.1710453,4.412527
2018-12-01 04:00:00,3.35,3.2127278,3.638052,4.7149467,2.9754105,4.952264
2018-12-01 04:15:00,3.28,3.2240438,3.7081478,4.2829328,2.9867265,4.52025
2018-12-01 04:30:00,3.35,3.0421886,3.391049,3.6024299,2.8048713,3.8397472
2018-12-01 04:45:00,3.24,3.41026,3.5427263,3.603314,3.1729426,3.8406312
2018-12-01 05:00:00,3.31,3.2775116,3.287917,3.5554085,3.0401943,3.7927258
2018-12-01 05:15:00,3.31,3.214012,3.3338223,3.4874156,2.9766946,3.7247329
2018-12-01 05:30:00,3.28,3.1595204,3.6294563,3.7659225,2.922203,4.0032396
2018-12-01 05:45:00,3.28,3.144059,3.6709728,3.9364753,2.9067416,4.1737924
2018-12-01 06:00:00,3.2,3.1168573,3.837804,4.008459,2.87954,4.245776
2018-12-01 06:15:00,3.46,3.1598253,3.6635733,3.844283,2.922508,4.0816
2018-12-01 06:30:00,4.03,3.1504858,3.7237515,3.851964,2.9131684,4.089281
2018-12-01 06:45:00,3.89,3.1544027,3.7153652,3.7931368,2.9170854,4.030454
2018-12-01 07:00:00,3.89,3.1287909,3.5502944,3.8262882,2.8914735,4.0636053
2018-12-01 07:15:00,4.46,3.1652794,3.6117778,3.819181,2.927962,4.056498
2018-12-01 07:30:00,3.67,3.18368,3.8728845,4.070191,2.9463627,4.307508
2018-12-01 07:45:00,3.46,3.2471247,3.9780083,5.3969235,3.0098073,5.6342406
2018-12-01 08:00:00,3.46,3.313242,4.5951285,7.9603395,3.0759246,8.197657
2018-12-01 08:15:00,3.71,3.7089043,15.046471,26.354979,3.471587,26.592297
2018-12-01 08:30:00,4.72,6.183223,22.22684,42.493164,5.9459057,42.73048
2018-12-01 08:45:00,4.46,6.2047744,22.656595,45.558678,5.9674573,45.795994
2018-12-01 09:00:00,5.22,7.7760386,22.90363,47.270485,7.5387216,47.5078
2018-12-01 09:15:00,28.58,5.3449483,12.702544,19.106956,5.107631,19.344275
2018-12-01 09:30:00,30.56,2.9409487,10.294674,18.101236,2.7036314,18.338554
2018-12-01 09:45:00,28.08,2.7084022,10.04046,16.730082,2.4710848,16.9674
2018-12-01 10:00:00,28.58,2.6883886,8.800197,16.08018,2.4510713,16.317497
2018-12-01 10:15:00,28.73,7.8166947,26.491442,52.193962,7.5793777,52.43128
2018-12-01 10:30:00,29.56,28.648136,38.692684,53.260273,28.410818,53.49759
2018-12-01 10:45:00,30.06,9.3482895,23.479359,46.759415,9.110972,46.99673
2018-12-01 11:00:00,29.2,7.068001,23.629906,36.328403,6.8306837,36.56572
2018-12-01 11:15:00,27.94,20.872583,32.367657,37.851124,20.635265,38.08844
2018-12-01 11:30:00,27.94,20.760712,33.84872,39.866093,20.523394,40.10341
2018-12-01 11:45:00,25.63,23.216352,31.913092,39.50406,22.979034,39.741375
2018-12-01 12:00:00,3.64,11.197757,27.75619,36.177437,10.96044,36.414753
2018-12-01 12:15:00,3.85,3.8687766,6.1178184,9.690285,3.6314592,9.927602
2018-12-01 12:30:00,3.71,3.80979,5.643832,5.8716006,3.5724726,6.1089177
2018-12-01 12:45:00,3.74,3.8290608,5.8151445,6.108604,3.5917435,6.345921
2018-12-01 13:00:00,3.71,3.668773,6.115505,13.049382,3.4314556,13.286699
2018-12-01 13:15:00,11.3,8.920814,16.937246,35.388317,8.683496,35.625633
2018-12-01 13:30:00,27.29,10.270282,25.456999,35.13746,10.032965,35.374775
2018-12-01 13:45:00,26.86,6.619597,24.43813,36.434883,6.38228,36.6722
2018-12-01 14:00:00,25.31,3.0300126,6.7001514,15.455912,2.7926953,15.693229
2018-12-01 14:15:00,26.21,7.804146,22.450747,39.18033,7.5668287,39.417645
2018-12-01 14:30:00,26.28,7.884245,26.624067,39.160282,7.646928,39.3976
2018-12-01 14:45:00,18.68,7.670947,25.849916,44.52948,7.43363,44.766796
2018-12-01 15:00:00,5.18,7.0077024,26.3104,37.728405,6.7703853,37.96572
2018-12-01 15:15:00,5.08,7.0549693,22.899092,31.66096,6.817652,31.898277
2018-12-01 15:30:00,4.75,6.6292434,20.832323,30.217457,6.3919263,30.454775
2018-12-01 15:45:00,4.75,4.698194,17.74508,32.358307,4.460877,32.595623
2018-12-01 16:00:00,4.72,3.0378942,12.210404,20.643738,2.800577,20.881056
2018-12-01 16:15:00,4.64,2.803087,11.026769,20.489634,2.5657697,20.726952
2018-12-01 16:30:00,4.72,2.8115292,7.463846,18.95715,2.5742118,19.194468
2018-12-01 16:45:00,4.68,3.399904,5.1910195,10.171804,3.1625867,10.4091215
2018-12-01 17:00:00,4.64,3.4357076,5.555357,6.442611,3.1983902,6.6799283
2018-12-01 17:15:00,4.79,3.497736,6.3992143,6.6770635,3.2604187,6.9143806
2018-12-01 17:30:00,4.75,3.3489215,5.055778,7.707592,3.1116042,7.944909
2018-12-01 17:45:00,4.72,2.4165754,3.3260264,5.2721934,2.179258,5.5095105
2018-12-01 18:00:00,4.68,3.237391,3.6238356,5.2351675,3.0000737,5.4724846
2018-12-01 18:15:00,5.76,2.9358447,4.570137,6.7110577,2.6985273,6.9483747
2018-12-01 18:30:00,5.4,3.5311782,4.5618324,6.9164863,3.293861,7.1538033
2018-12-01 18:45:00,4.79,3.5714738,4.5076003,7.0652456,3.3341565,7.3025627
2018-12-01 19:00:00,4.79,3.449398,4.6469803,5.3774977,3.2120807,5.6148148
2018-12-01 19:15:00,4.79,3.5058563,3.691189,6.718891,3.268539,6.956208
2018-12-01 19:30:00,4.79,3.4618979,3.4743865,6.6306963,3.2245805,6.8680134
2018-12-01 19:45:00,4.9,3.6033776,3.7963963,8.684272,3.3660603,8.921589
2018-12-01 20:00:00,4.75,3.5625656,4.326083,6.692795,3.3252482,6.930112
2018-12-01 20:15:00,4.79,3.5736582,4.0482388,8.578396,3.336341,8.815713
2018-12-01 20:30:00,4.75,3.5560164,4.507582,10.184082,3.3186991,10.421399
2018-12-01 20:45:00,4.82,3.5457215,4.1782455,4.2516303,3.3084042,4.4889474
2018-12-01 21:00:00,4.82,3.4974825,3.5088682,4.166285,3.2601652,4.403602
2018-12-01 21:15:00,4.75,3.5055153,3.766537,4.3580008,3.268198,4.595318
2018-12-01 21:30:00,4.79,3.521478,3.7418852,4.301998,3.2841606,4.539315
2018-12-01 21:45:00,4.79,3.5090737,3.8115997,4.3358264,3.2717564,4.5731435
2018-12-01 22:00:00,4.9,3.5242088,3.6910207,4.2992077,3.2868915,4.536525
2018-12-01 22:15:00,5.76,3.5332465,3.6787446,4.2018204,3.2959292,4.4391375
2018-12-01 22:30:00,4.61,3.4647255,3.563233,4.137327,3.2274082,4.3746443
2018-12-01 22:45:00,3.42,3.4523356,3.9366734,4.1600795,3.2150183,4.3973966
2018-12-01 23:00:00,3.42,3.3518949,3.518113,3.878347,3.1145775,4.115664
2018-12-01 23:15:00,3.28,3.317883,3.6321845,3.7064812,3.0805657,3.9437985
2018-12-01 23:30:00,3.38,3.0814104,3.316463,3.451186,2.844093,3.6885033
2018-12-01 23:45:00,3.31,2.8683035,3.0806298,3.56903,2.6309862,3.8063474
2018-12-02 00:00:00,4.36,3.0596693,3.172422,10.905364,2.822352,11.142681
2018-12-02 00:15:00,3.35,3.1399033,3.2335448,3.3581493,2.902586,3.5954666
2018-12-02 00:30:00,3.35,3.1571555,3.2164946,3.5163102,2.9198382,3.7536275
2018-12-02 00:45:00,3.38,3.021313,3.1883605,3.5754738,2.7839956,3.812791
2018-12-02 01:00:00,3.89,3.023296,3.167086,3.2872667,2.7859788,3.524584
2018-12-02 01:15:00,4.46,2.9481158,3.1316724,3.6138403,2.7107985,3.8511577
2018-12-02 01:30:00,4.43,3.0757713,3.2165852,3.3178794,2.838454,3.5551968
2018-12-02 01:45:00,4.14,3.1492782,3.1788118,3.3275898,2.9119608,3.564907
2018-12-02 02:00:00,3.46,3.2226539,3.345254,3.8338265,2.9853365,4.0711436
2018-12-02 02:15:00,3.38,2.8022037,3.208146,3.51788,2.5648863,3.7551973
2018-12-02 02:30:00,3.38,3.1316824,3.4730873,3.815681,2.894365,4.052998
2018-12-02 02:45:00,3.38,3.2123587,3.2391732,3.5038822,2.9750414,3.7411995
2018-12-02 03:00:00,4.32,2.8676531,3.069161,3.1985803,2.6303358,3.4358976
2018-12-02 03:15:00,4.64,2.8654726,3.114132,3.2080226,2.6281552,3.44534
2018-12-02 03:30:00,3.82,3.076209,3.0867028,3.195337,2.8388917,3.4326544
2018-12-02 03:45:00,3.46,3.1184895,3.2477317,3.3865447,2.8811722,3.623862
2018-12-02 04:00:00,3.42,3.032747,3.2580712,3.3792307,2.7954297,3.616548
2018-12-02 04:15:00,3.46,2.9173176,3.3077226,3.8834608,2.6800003,4.120778
2018-12-02 04:30:00,4.32,3.1381006,3.3406994,3.3714669,2.9007833,3.6087842
2018-12-02 04:45:00,4.5,3.1068192,3.2165399,3.4355936,2.8695018,3.672911
2018-12-02 05:00:00,4.54,3.1266463,3.1552224,3.423877,2.889329,3.6611943
2018-12-02 05:15:00,4.39,3.1387434,3.2529738,3.406813,2.901426,3.6441302
2018-12-02 05:30:00,3.35,3.3830764,3.4031951,3.8171904,3.145759,4.0545077
2018-12-02 05:45:00,3.46,3.4333758,3.6385226,3.9781704,3.1960585,4.2154875
2018-12-02 06:00:00,3.35,3.1605542,3.4868968,4.469015,2.9232368,4.706332
2018-12-02 06:15:00,3.42,3.5650723,3.6490574,4.5412135,3.327755,4.7785306
2018-12-02 06:30:00,3.42,2.878484,3.091385,3.8012192,2.6411667,4.0385365
2018-12-02 06:45:00,3.38,2.8814354,3.1150913,3.7473578,2.644118,3.9846752
2018-12-02 07:00:00,3.46,3.0270395,3.1019824,3.768432,2.7897222,4.005749
2018-12-02 07:15:00,3.38,3.1289458,3.624783,3.8976529,2.8916285,4.13497
2018-12-02 07:30:00,3.46,3.0798538,3.8634217,4.11888,2.8425364,4.356197
2018-12-02 07:45:00,3.46,3.0705616,3.9569523,4.5817156,2.8332443,4.8190327
2018-12-02 08:00:00,3.49,3.1457536,3.5996814,6.2636228,2.9084363,6.50094
2018-12-02 08:15:00,4.57,3.0190508,4.330437,21.259544,2.7817335,21.496862
2018-12-02 08:30:00,4.54,3.2596638,5.7525635,27.442413,3.0223465,27.679731
2018-12-02 08:45:00,5.54,3.2646823,6.2206216,25.458626,3.027365,25.695944
2018-12-02 09:00:00,4.75,3.8196084,5.5664015,25.854473,3.5822911,26.091791
2018-12-02 09:15:00,3.74,3.8914802,6.956309,9.759214,3.654163,9.9965315
2018-12-02 09:30:00,3.71,3.7626095,5.627621,7.7724047,3.5252922,8.009722
2018-12-02 09:45:00,3.6,3.543062,7.265086,13.636143,3.3057446,13.87346
2018-12-02 10:00:00,3.56,3.6544635,5.6753144,8.188434,3.4171462,8.425751
2018-12-02 10:15:00,3.6,3.441765,4.9586105,6.4204006,3.2044477,6.6577177
2018-12-02 10:30:00,3.64,3.427779,4.342209,5.761596,3.1904616,5.9989133
2018-12-02 10:45:00,3.64,3.1822014,5.9264355,9.363281,2.944884,9.600598
2018-12-02 11:00:00,3.64,3.2012389,6.5678997,7.8997607,2.9639215,8.137078
2018-12-02 11:15:00,3.64,2.886617,4.837827,5.155564,2.6492996,5.392881
2018-12-02 11:30:00,3.56,3.2118301,6.027053,8.015669,2.9745128,8.252986
2018-12-02 11:45:00,3.64,2.9124792,5.343816,7.239338,2.6751618,7.476655
2018-12-02 12:00:00,4.03,2.596799,3.8641274,5.7916317,2.3594816,6.028949
2018-12-02 12:15:00,4.86,3.141872,4.080244,5.047593,2.9045546,5.28491
2018-12-02 12:30:00,4.75,3.1450763,3.5285766,3.998304,2.907759,4.235621
2018-12-02 12:45:00,5.36,3.188616,4.0438714,4.76692,2.9512987,5.004237
2018-12-02 13:00:00,4.9,3.181844,3.8301637,4.1936545,2.9445267,4.4309716
2018-12-02 13:15:00,3.78,3.5146189,4.886439,6.5499253,3.2773015,6.7872424
2018-12-02 13:30:00,3.64,3.8782582,6.449409,7.3528767,3.640941,7.5901937
2018-12-02 13:45:00,3.6,3.5161486,8.619921,8.855753,3.2788312,9.09307
2018-12-02 14:00:00,3.6,4.673159,9.336668,9.71968,4.435842,9.956997
2018-12-02 14:15:00,3.6,4.394421,10.672465,11.350302,4.157104,11.587619
2018-12-02 14:30:00,3.56,3.538144,5.7921705,9.559405,3.3008268,9.796722
2018-12-02 14:45:00,3.56,3.4562545,5.243366,11.242667,3.2189372,11.479984
2018-12-02 15:00:00,3.64,3.2894182,5.8856993,10.593795,3.052101,10.831112
2018-12-02 15:15:00,3.6,3.3293307,4.4893017,4.805959,3.0920134,5.0432763
2018-12-02 15:30:00,3.56,3.277046,4.3557715,4.9350023,3.0397286,5.1723194
2018-12-02 15:45:00,3.85,3.3135116,3.8957698,4.2298613,3.0761943,4.4671783
2018-12-02 16:00:00,4.68,3.245226,3.7377276,4.850492,3.0079086,5.087809
2018-12-02 16:15:00,4.72,3.3501034,3.9145064,4.0178676,3.112786,4.2551847
2018-12-02 16:30:00,4.72,3.295535,3.9012887,4.462104,3.0582178,4.699421
2018-12-02 16:45:00,3.89,3.333818,4.125607,5.317849,3.0965006,5.5551662
2018-12-02 17:00:00,3.53,3.482774,3.6052568,5.2447543,3.2454567,5.4820714
2018-12-02 17:15:00,3.6,3.331007,4.0092154,5.05448,3.0936897,5.291797
2018-12-02 17:30:00,3.6,3.4313803,4.076101,4.6440063,3.194063,4.8813233
2018-12-02 17:45:00,3.74,3.2486274,3.6440573,4.1008496,3.01131,4.3381667
2018-12-02 18:00:00,4.72,3.4155626,4.0532684,5.9962144,3.1782453,6.2335315
2018-12-02 18:15:00,3.89,3.168186,3.8257759,4.877625,2.9308686,5.114942
2018-12-02 18:30:00,3.53,3.2845044,3.8229685,4.717025,3.047187,4.954342
2018-12-02 18:45:00,3.53,3.231439,3.7849512,6.022247,2.9941218,6.259564
2018-12-02 19:00:00,3.56,3.3345788,4.150266,5.290076,3.0972614,5.527393
2018-12-02 19:15:00,3.67,3.2969253,3.5486045,4.251013,3.059608,4.48833
2018-12-02 19:30:00,3.56,3.267082,3.3213248,5.1246805,3.0297647,5.3619976
2018-12-02 19:45:00,4.39,3.3168912,3.3372097,6.0994763,3.0795739,6.3367934
2018-12-02 20:00:00,4.72,3.3351846,3.6155508,5.1568036,3.0978673,5.3941207
2018-12-02 20:15:00,4.68,3.3498337,3.7282848,5.7263117,3.1125164,5.963629
2018-12-02 20:30:00,4.75,3.2849832,3.6971426,5.5818253,3.0476658,5.8191423
2018-12-02 20:45:00,3.71,3.345504,3.9083567,5.050678,3.1081867,5.287995
2018-12-02 21:00:00,3.53,3.2841973,3.4686143,4.4324236,3.04688,4.6697407
2018-12-02 21:15:00,3.6,3.3279607,3.350486,3.9050846,3.0906434,4.1424017
2018-12-02 21:30:00,3.6,3.4293008,3.9143372,3.9710484,3.1919835,4.2083654
2018-12-02 21:45:00,3.6,3.2931378,3.5460083,3.6355824,3.0558205,3.8728998
2018-12-02 22:00:00,3.56,3.3464315,3.4769301,3.620829,3.1091142,3.8581464
2018-12-02 22:15:00,4.07,3.2070916,3.3329632,3.4008923,2.9697742,3.6382096
2018-12-02 22:30:00,4.32,3.1492867,3.3236718,3.7216008,2.9119694,3.958918
2018-12-02 22:45:00,3.35,2.9888477,3.2486207,3.6312606,2.7515304,3.868578
2018-12-02 23:00:00,3.31,3.050538,3.1991723,3.637973,2.8132207,3.8752904
2018-12-02 23:15:00,3.31,3.1259832,3.2061808,3.4650996,2.888666,3.702417
2018-12-02 23:30:00,3.28,3.1334665,3.3871992,3.400489,2.8961492,3.6378064
2018-12-02 23:45:00,3.35,3.053673,3.0700452,3.1908839,2.8163557,3.4282012
2018-12-03 00:00:00,4.57,3.332032,3.3517716,23.280312,3.0947146,23.51763
2018-12-03 00:15:00,4.43,3.2566018,3.3971992,3.4198177,3.0192845,3.657135
2018-12-03 00:30:00,4.36,3.283208,3.3894334,3.8550284,3.0458906,4.0923457
2018-12-03 00:45:00,4.21,3.2674565,3.3447473,3.6893,3.0301392,3.9266174
2018-12-03 01:00:00,3.35,3.5148864,3.5770133,3.598547,3.277569,3.8358643
2018-12-03 01:15:00,3.38,3.4277773,3.4323845,3.474927,3.19046,3.7122443
2018-12-03 01:30:00,3.35,3.475656,3.5054102,4.1132994,3.2383387,4.3506165
2018-12-03 01:45:00,3.42,3.656692,3.7423646,4.46692,3.4193747,4.704237
2018-12-03 02:00:00,3.49,3.3258796,3.527815,3.6184955,3.0885623,3.8558128
2018-12-03 02:15:00,3.42,3.2563138,3.4652534,3.5761104,3.0189965,3.8134277
2018-12-03 02:30:00,3.38,3.2383118,3.386638,3.605654,3.0009944,3.8429713
2018-12-03 02:45:00,4.36,3.3575265,3.4073777,3.7711606,3.1202092,4.0084777
2018-12-03 03:00:00,4.14,3.27587,3.3762803,3.5083764,3.0385528,3.7456937
2018-12-03 03:15:00,3.42,3.340406,3.3667464,3.489347,3.1030886,3.7266643
2018-12-03 03:30:00,3.38,3.3286934,3.3927863,3.8605118,3.091376,4.097829
2018-12-03 03:45:00,3.35,3.5110896,3.7119126,3.8784478,3.2737722,4.115765
2018-12-03 04:00:00,3.35,3.6902373,3.709902,3.7396827,3.45292,3.977
2018-12-03 04:15:00,4.1,3.2106812,3.5112967,3.6933532,2.9733639,3.9306705
2018-12-03 04:30:00,4.43,2.7977674,3.2804139,3.4414353,2.56045,3.6787527
2018-12-03 04:45:00,4.5,2.823973,3.3525336,3.7263732,2.5866556,3.9636905
2018-12-03 05:00:00,3.78,3.4032815,3.4630697,3.720342,3.1659641,3.9576592
2018-12-03 05:15:00,3.31,3.4566104,3.4692655,3.5888426,3.219293,3.82616
2018-12-03 05:30:00,3.38,3.6062825,3.673415,4.148047,3.3689651,4.385364
2018-12-03 05:45:00,3.31,3.6635914,4.303501,4.41612,3.426274,4.653437
2018-12-03 06:00:00,3.31,3.536844,4.2478023,4.325091,3.2995267,4.562408
2018-12-03 06:15:00,3.35,3.5475261,3.6459005,3.8966029,3.3102088,4.13392
2018-12-03 06:30:00,3.31,3.4577549,3.5230858,3.7397332,3.2204375,3.9770505
2018-12-03 06:45:00,3.24,3.3307412,3.6114004,3.648521,3.0934238,3.8858383
2018-12-03 07:00:00,3.24,3.3440678,3.7488327,3.7551043,3.1067505,3.9924216
2018-12-03 07:15:00,4.21,3.332469,3.7066653,3.8611805,3.0951517,4.098498
2018-12-03 07:30:00,5.76,3.486316,3.9650805,4.001281,3.2489986,4.238598
2018-12-03 07:45:00,5.98,3.6541786,3.9925005,5.23825,3.4168613,5.475567
2018-12-03 08:00:00,5.58,3.8689709,4.232657,7.2579913,3.6316535,7.4953084
2018-12-03 08:15:00,34.99,15.806477,37.561897,58.646606,15.5691595,58.883923
2018-12-03 08:30:00,56.84,27.269386,65.04454,94.832565,27.032068,95.069885
2018-12-03 08:45:00,61.06,29.729174,66.75501,95.37336,29.491856,95.61068
2018-12-03 09:00:00,57.89,28.495201,75.01322,100.10791,28.257883,100.34523
2018-12-03 09:15:00,70.49,47.446873,61.12067,94.737495,47.209557,94.974815
2018-12-03 09:30:00,50.11,54.159924,63.99101,78.8613,53.922607,79.09862
2018-12-03 09:45:00,66.38,58.019127,67.43371,86.936104,57.78181,87.17342
2018-12-03 10:00:00,56.88,50.514206,61.500717,77.08718,50.27689,77.3245
2018-12-03 10:15:00,47.09,53.574448,69.72497,97.52859,53.33713,97.76591
2018-12-03 10:30:00,55.8,51.056774,65.76321,85.424545,50.819458,85.661865
2018-12-03 10:45:00,66.89,55.114433,68.54983,95.07917,54.877117,95.31649
2018-12-03 11:00:00,62.89,55.021343,67.65354,85.04645,54.784027,85.28377
2018-12-03 11:15:00,63.79,49.845863,59.84694,83.33561,49.608547,83.57293
2018-12-03 11:30:00,58.1,53.024605,65.282196,82.37921,52.78729,82.61653
2018-12-03 11:45:00,54.5,54.535896,63.215164,89.32631,54.29858,89.56363
2018-12-03 12:00:00,35.35,49.459133,62.945194,94.294304,49.221817,94.531624
2018-12-03 12:15:00,6.34,5.868523,7.6782117,11.900455,5.631206,12.137773
2018-12-03 12:30:00,5.76,4.228937,6.5180326,12.149486,3.9916198,12.386803
2018-12-03 12:45:00,6.3,4.4863334,6.4181576,13.277099,4.2490163,13.514416
2018-12-03 13:00:00,6.19,6.13585,6.1803074,16.136497,5.898533,16.373816
2018-12-03 13:15:00,35.35,37.05188,50.13999,62.910175,36.814564,63.14749
2018-12-03 13:30:00,51.95,45.24995,62.565224,80.06905,45.012634,80.30637
2018-12-03 13:45:00,48.46,46.453796,66.7931,87.6855,46.21648,87.92282
2018-12-03 14:00:00,65.02,26.816004,55.23313,62.464024,26.578686,62.70134
2018-12-03 14:15:00,69.91,46.695183,57.89502,79.201866,46.457867,79.439186
2018-12-03 14:30:00,55.12,47.323147,56.07777,79.15111,47.08583,79.38843
2018-12-03 14:45:00,56.84,46.96531,56.646053,78.67513,46.727993,78.91245
2018-12-03 15:00:00,54.22,49.269516,60.98818,82.742546,49.0322,82.979866
2018-12-03 15:15:00,49.97,52.233063,67.8238,87.917496,51.995747,88.154816
2018-12-03 15:30:00,48.17,48.03852,64.602745,80.85372,47.801205,81.09104
2018-12-03 15:45:00,49.86,49.867313,62.96845,77.91751,49.629997,78.15483
2018-12-03 16:00:00,58.75,46.728676,62.969353,75.379425,46.49136,75.616745
2018-12-03 16:15:00,65.7,46.47026,59.82421,78.29736,46.232944,78.53468
2018-12-03 16:30:00,51.88,44.997112,56.326534,70.50213,44.759796,70.73945
2018-12-03 16:45:00,57.2,44.630894,55.883183,69.40231,44.393578,69.63963
2018-12-03 17:00:00,76.03,46.206314,59.325413,71.88093,45.968998,72.11825
2018-12-03 17:15:00,72.18,45.34894,63.395145,76.89285,45.111626,77.13017
2018-12-03 17:30:00,61.42,42.579575,52.757034,71.742004,42.34226,71.979324
2018-12-03 17:45:00,36.61,28.999096,31.443905,42.484676,28.761778,42.721992
2018-12-03 18:00:00,29.56,29.397615,33.760475,46.059147,29.160297,46.296463
2018-12-03 18:15:00,34.13,22.63769,37.406303,63.147255,22.400372,63.38457
2018-12-03 18:30:00,42.26,32.00604,52.109867,73.18071,31.76872,73.41803
2018-12-03 18:45:00,56.81,29.230116,53.43977,66.90854,28.992798,67.14586
2018-12-03 19:00:00,43.02,26.55714,50.47296,85.04041,26.319822,85.27773
2018-12-03 19:15:00,47.74,31.035461,45.86232,73.96285,30.798143,74.20017
2018-12-03 19:30:00,39.17,34.015198,47.204765,61.992767,33.77788,62.230083
2018-12-03 19:45:00,43.67,41.991203,55.102444,70.89089,41.753887,71.12821
2018-12-03 20:00:00,50.44,36.774868,46.58016,62.611897,36.53755,62.849213
2018-12-03 20:15:00,46.22,37.30564,48.262413,64.75712,37.068325,64.99444
2018-12-03 20:30:00,45.36,33.735435,42.16521,61.50539,33.49812,61.742706
2018-12-03 20:45:00,50.11,23.581034,33.862938,52.728035,23.343716,52.96535
2018-12-03 21:00:00,25.45,11.383802,21.714527,43.12225,11.146485,43.359566
2018-12-03 21:15:00,8.6,4.427383,6.3821363,25.433647,4.190066,25.670965
2018-12-03 21:30:00,6.19,4.2744813,6.1022167,22.763844,4.037164,23.001162
2018-12-03 21:45:00,5.62,4.1004295,6.1529036,22.384455,3.8631122,22.621773
2018-12-03 22:00:00,4.93,3.9507613,6.3934946,18.852772,3.713444,19.09009
2018-12-03 22:15:00,4.72,4.244471,5.9585743,17.042841,4.007154,17.280159
2018-12-03 22:30:00,4.75,4.148001,4.197822,8.761911,3.9106839,8.9992285
2018-12-03 22:45:00,4.68,4.0881195,4.5418997,6.3812685,3.8508022,6.6185856
2018-12-03 23:00:00,4.68,3.9597402,4.602572,7.398965,3.7224228,7.636282
2018-12-03 23:15:00,4.61,3.9726613,4.434619,5.0671735,3.735344,5.3044906
2018-12-03 23:30:00,4.57,3.9692593,4.6010413,4.88356,3.731942,5.1208773
2018-12-03 23:45:00,4.61,3.9799051,4.707242,5.13166,3.7425878,5.368977
2018-12-04 00:00:00,3.89,3.6873367,3.9300761,18.222038,3.4500194,18.459356
2018-12-04 00:15:00,4.61,4.0053244,4.1326118,4.484564,3.768007,4.721881
2018-12-04 00:30:00,4.57,4.007966,4.158777,4.5241394,3.7706487,4.7614565
2018-12-04 00:45:00,4.61,4.0077224,4.159965,4.526671,3.770405,4.763988
2018-12-04 01:00:00,4.64,3.6611853,4.0099626,4.086942,3.423868,4.3242593
2018-12-04 01:15:00,5.04,3.9847066,4.0450864,4.158583,3.7473893,4.3959002
2018-12-04 01:30:00,5.8,3.9827762,4.0480247,4.0503993,3.7454588,4.2877164
2018-12-04 01:45:00,4.68,3.9810061,3.9980135,4.104425,3.7436888,4.341742
2018-12-04 02:00:00,3.6,3.9739497,4.16617,4.501464,3.7366323,4.738781
2018-12-04 02:15:00,3.56,4.030059,4.0486317,4.555797,3.7927415,4.793114
2018-12-04 02:30:00,3.64,4.007411,4.23196,4.7857223,3.7700937,5.0230393
2018-12-04 02:45:00,3.67,4.004541,4.210151,4.46722,3.7672236,4.704537
2018-12-04 03:00:00,3.64,3.4230566,3.5803196,4.041896,3.1857393,4.279213
2018-12-04 03:15:00,3.64,3.305099,3.59884,5.9151344,3.0677817,6.1524515
2018-12-04 03:30:00,3.71,3.5316107,3.667922,3.8112986,3.2942934,4.048616
2018-12-04 03:45:00,3.67,3.5420794,3.8615363,4.114441,3.3047621,4.351758
2018-12-04 04:00:00,3.71,3.498805,3.827267,3.8739107,3.2614877,4.111228
2018-12-04 04:15:00,3.67,3.484884,3.9254122,4.2198544,3.2475667,4.4571714
2018-12-04 04:30:00,3.6,3.5009449,3.5073617,4.2242517,3.2636275,4.461569
2018-12-04 04:45:00,4.36,3.4506977,3.5039914,4.16765,3.2133803,4.4049673
2018-12-04 05:00:00,4.64,3.510351,3.5166266,3.9829636,3.2730336,4.2202806
2018-12-04 05:15:00,4.72,3.3977854,3.5001223,3.9341514,3.160468,4.1714687
2018-12-04 05:30:00,5.44,3.530879,3.751188,3.9709659,3.2935617,4.208283
2018-12-04 05:45:00,4.43,3.9665968,3.9873044,4.73526,3.7292795,4.972577
2018-12-04 06:00:00,3.64,4.017612,4.909409,4.9576674,3.7802947,5.1949844
2018-12-04 06:15:00,3.56,4.222884,4.589731,4.8498564,3.9855669,5.0871735
2018-12-04 06:30:00,3.67,4.3370066,5.2118964,5.754072,4.0996895,5.9913893
2018-12-04 06:45:00,3.64,3.740057,4.3172393,4.317651,3.5027397,4.554968
2018-12-04 07:00:00,3.56,3.74273,3.9064634,4.9429803,3.5054126,5.1802974
2018-12-04 07:15:00,3.56,3.5367906,3.9278803,5.2147784,3.2994733,5.4520955
2018-12-04 07:30:00,3.82,3.893117,4.1003923,4.502963,3.6557996,4.74028
2018-12-04 07:45:00,4.54,3.7830663,5.20328,5.914219,3.545749,6.151536
2018-12-04 08:00:00,5.94,4.039928,5.2203674,8.525099,3.8026106,8.762416
2018-12-04 08:15:00,28.4,20.07105,48.528755,60.394802,19.833733,60.63212
2018-12-04 08:30:00,55.04,24.53448,57.488094,74.98192,24.297161,75.21924
2018-12-04 08:45:00,61.13,27.461967,61.334545,77.49751,27.22465,77.73483
2018-12-04 09:00:00,82.33,35.961857,66.04224,81.831924,35.72454,82.069244
2018-12-04 09:15:00,82.37,32.299286,52.99677,81.572685,32.06197,81.810005
2018-12-04 09:30:00,64.08,49.588448,63.844322,76.26155,49.35113,76.49887
2018-12-04 09:45:00,59.36,56.710888,64.78722,75.38071,56.47357,75.61803
2018-12-04 10:00:00,52.16,52.40732,79.0785,100.559746,52.170002,100.797066
2018-12-04 10:15:00,56.95,54.63765,82.86919,93.75896,54.400333,93.99628
2018-12-04 10:30:00,53.42,54.769775,70.404594,84.89693,54.53246,85.13425
2018-12-04 10:45:00,58.86,54.35035,66.43501,83.96952,54.113033,84.20684
2018-12-04 11:00:00,59.98,51.85522,66.73958,89.4954,51.617905,89.73272
2018-12-04 11:15:00,61.24,54.13001,65.50794,86.44911,53.892693,86.68643
2018-12-04 11:30:00,84.1,49.98348,62.133877,77.04477,49.746162,77.28209
2018-12-04 11:45:00,63.86,52.558674,60.94881,75.52981,52.321358,75.76713
2018-12-04 12:00:00,49.86,48.496845,56.499733,77.22812,48.25953,77.46544
2018-12-04 12:15:00,6.91,4.4252048,6.995606,11.062244,4.1878877,11.2995615
2018-12-04 12:30:00,7.38,4.7863173,7.9322953,9.234931,4.5490003,9.472248
2018-12-04 12:45:00,6.62,4.4012203,7.155613,7.8198504,4.163903,8.057168
2018-12-04 13:00:00,6.55,4.216494,7.1496077,17.078365,3.9791768,17.315683
2018-12-04 13:15:00,32.51,36.846195,52.03782,68.749535,36.60888,68.986855
2018-12-04 13:30:00,57.28,48.838013,72.3895,105.0213,48.600697,105.25862
2018-12-04 13:45:00,55.51,46.87108,64.379814,77.371704,46.633762,77.609024
2018-12-04 14:00:00,56.12,30.808771,55.121605,71.94521,30.571453,72.18253
2018-12-04 14:15:00,58.82,42.03874,56.04121,79.74686,41.801422,79.98418
2018-12-04 14:30:00,52.88,49.791424,60.67756,81.491936,49.554108,81.729256
2018-12-04 14:45:00,53.46,50.509415,60.775562,80.69295,50.2721,80.93027
2018-12-04 15:00:00,62.96,49.345745,60.198544,79.534096,49.10843,79.771416
2018-12-04 15:15:00,64.62,47.118687,57.636845,77.663246,46.88137,77.900566
2018-12-04 15:30:00,60.01,47.11761,58.655724,78.59574,46.880295,78.83306
2018-12-04 15:45:00,55.66,45.28152,60.190094,72.23059,45.044205,72.46791
2018-12-04 16:00:00,53.82,50.216045,63.736073,80.129654,49.97873,80.366974
2018-12-04 16:15:00,71.86,51.334286,65.56917,81.681854,51.09697,81.919174
2018-12-04 16:30:00,60.73,50.980995,63.40359,76.69912,50.74368,76.93644
2018-12-04 16:45:00,68.22,49.21524,63.168793,73.49573,48.977924,73.73305
2018-12-04 17:00:00,80.46,45.12325,61.1377,76.91462,44.885933,77.15194
2018-12-04 17:15:00,61.52,46.20248,69.06643,89.7177,45.965164,89.95502
2018-12-04 17:30:00,71.1,45.08934,59.270576,78.33678,44.852024,78.5741
2018-12-04 17:45:00,35.21,29.895245,35.35171,50.35786,29.657927,50.595177
2018-12-04 18:00:00,30.31,28.336578,34.93598,45.80369,28.09926,46.041008
2018-12-04 18:15:00,43.56,25.109354,35.15142,49.31245,24.872036,49.549767
2018-12-04 18:30:00,40.97,32.55599,58.991547,88.07764,32.318672,88.31496
2018-12-04 18:45:00,38.56,26.717321,50.18461,72.08124,26.480003,72.31856
2018-12-04 19:00:00,41.65,28.69857,50.151726,86.300575,28.461252,86.537895
2018-12-04 19:15:00,49.07,31.857122,47.194748,71.787636,31.619804,72.024956
2018-12-04 19:30:00,40.46,36.93355,45.91266,50.678577,36.696236,50.915894
2018-12-04 19:45:00,48.64,35.400406,42.599228,51.037766,35.16309,51.27508
2018-12-04 20:00:00,49.75,32.973095,43.573605,50.68192,32.73578,50.919235
2018-12-04 20:15:00,48.89,38.336002,46.83639,57.199425,38.098686,57.43674
2018-12-04 20:30:00,37.84,34.76578,41.912197,52.116978,34.528465,52.354294
2018-12-04 20:45:00,30.67,29.377636,42.813198,55.570114,29.140318,55.80743
2018-12-04 21:00:00,5.08,10.401874,17.35661,34.39485,10.1645565,34.632168
2018-12-04 21:15:00,5.69,4.641663,8.129169,25.48927,4.404346,25.726587
2018-12-04 21:30:00,5.44,3.7807405,7.2911253,25.420277,3.5434232,25.657595
2018-12-04 21:45:00,5.4,3.8575532,7.467745,25.0586,3.620236,25.295918
2018-12-04 22:00:00,5.44,4.2367125,4.7083955,8.9363165,3.9993951,9.173634
2018-12-04 22:15:00,5.26,4.219564,5.0071526,10.173898,3.9822466,10.411215
2018-12-04 22:30:00,4.64,3.9002385,3.9586484,9.864948,3.6629212,10.102265
2018-12-04 22:45:00,3.92,3.971114,5.1842284,5.7455444,3.7337966,5.9828615
2018-12-04 23:00:00,3.96,3.9531784,4.3485236,5.155276,3.715861,5.392593
2018-12-04 23:15:00,3.92,3.9225366,4.2787924,5.095446,3.6852193,5.332763
2018-12-04 23:30:00,3.85,3.9024787,4.6437244,5.1347647,3.6651614,5.3720818
2018-12-04 23:45:00,3.89,3.524335,4.291585,4.757393,3.2870176,4.99471
2018-12-05 00:00:00,3.96,3.4582078,3.994901,5.1170735,3.2208905,5.3543906
2018-12-05 00:15:00,3.89,3.450421,3.712795,5.0901775,3.2131038,5.3274946
2018-12-05 00:30:00,3.92,3.4587405,3.7606862,5.2213597,3.2214231,5.458677
2018-12-05 00:45:00,3.89,3.4295793,3.7535527,5.1738296,3.192262,5.4111466
2018-12-05 01:00:00,3.96,3.4071383,4.5526648,4.7461205,3.169821,4.9834375
2018-12-05 01:15:00,3.78,3.4112294,4.5360003,4.6482153,3.173912,4.8855324
2018-12-05 01:30:00,3.85,3.3964155,4.422505,4.649353,3.1590981,4.88667
2018-12-05 01:45:00,3.82,3.4175382,4.5588703,4.71508,3.1802208,4.952397
2018-12-05 02:00:00,3.82,3.4135604,4.523666,4.650236,3.176243,4.887553
2018-12-05 02:15:00,3.85,3.4370444,4.452094,4.6412115,3.199727,4.8785286
2018-12-05 02:30:00,4.64,3.4365425,4.4667826,4.6427984,3.1992252,4.8801155
2018-12-05 02:45:00,4.86,3.4452598,3.6481621,4.791638,3.2079425,5.028955
2018-12-05 03:00:00,3.82,3.3902433,3.6299746,5.4442716,3.152926,5.6815886
2018-12-05 03:15:00,3.49,3.5086944,4.707284,5.4018993,3.271377,5.6392164
2018-12-05 03:30:00,3.13,3.8723779,4.9596624,5.2713156,3.6350605,5.5086327
2018-12-05 03:45:00,3.2,4.517851,4.798583,5.1737747,4.280534,5.411092
2018-12-05 04:00:00,3.13,4.0015182,4.6267405,4.818448,3.764201,5.055765
2018-12-05 04:15:00,3.1,3.9705133,3.978537,5.035282,3.733196,5.272599
2018-12-05 04:30:00,3.17,3.256629,3.3491511,6.611253,3.0193117,6.84857
2018-12-05 04:45:00,3.06,3.2495615,3.265193,4.958372,3.0122442,5.195689
2018-12-05 05:00:00,3.17,3.2816772,3.373758,4.0521064,3.04436,4.2894235
2018-12-05 05:15:00,3.06,3.3938136,3.839717,5.72437,3.1564963,5.961687
2018-12-05 05:30:00,3.1,3.4291635,3.8505244,4.7472935,3.1918461,4.9846106
2018-12-05 05:45:00,3.02,3.4596472,3.819225,4.576759,3.2223299,4.814076
2018-12-05 06:00:00,3.1,3.1550932,3.8378804,4.4130893,2.9177759,4.6504064
2018-12-05 06:15:00,3.02,3.1297116,3.8183758,4.352322,2.8923943,4.589639
2018-12-05 06:30:00,4.61,3.158527,3.8482757,4.391724,2.9212096,4.629041
2018-12-05 06:45:00,4.9,3.305985,3.836022,4.3486986,3.0686677,4.5860157
2018-12-05 07:00:00,3.85,3.3054595,3.9053576,4.1869392,3.0681422,4.4242563
2018-12-05 07:15:00,3.49,3.3207684,3.3396962,4.345891,3.083451,4.583208
2018-12-05 07:30:00,3.2,3.2068522,3.7662683,6.989803,2.9695349,7.22712
2018-12-05 07:45:00,4.32,4.1540074,6.4783335,9.104324,3.91669,9.341641
2018-12-05 08:00:00,4.72,4.1194286,10.11364,13.282722,3.8821113,13.52004
2018-12-05 08:15:00,27.65,16.637255,49.34633,63.214,16.399937,63.451317
2018-12-05 08:30:00,61.56,22.517927,56.88728,88.818054,22.28061,89.055374
2018-12-05 08:45:00,57.71,22.871233,59.35229,86.25914,22.633915,86.49646
2018-12-05 09:00:00,57.82,26.015272,63.171474,84.98349,25.777954,85.22081
2018-12-05 09:15:00,68.08,29.43229,50.97289,80.2686,29.194971,80.50592
2018-12-05 09:30:00,64.08,49.476612,60.61516,74.40673,49.239296,74.64405
2018-12-05 09:45:00,64.76,51.418335,58.541435,77.01862,51.18102,77.25594
2018-12-05 10:00:00,62.68,47.38188,55.92183,74.67078,47.144566,74.9081
2018-12-05 10:15:00,49.28,47.495018,60.80748,82.17034,47.2577,82.40766
2018-12-05 10:30:00,56.52,48.89323,60.21286,81.48575,48.655914,81.72307
2018-12-05 10:45:00,59.04,49.209312,60.61119,81.14923,48.971996,81.38655
2018-12-05 11:00:00,66.85,47.536663,59.883762,77.08783,47.299347,77.32515
2018-12-05 11:15:00,68.83,46.36374,58.383137,73.19789,46.126423,73.43521
2018-12-05 11:30:00,60.3,48.830017,59.36663,74.26408,48.5927,74.501396
2018-12-05 11:45:00,53.21,48.01028,58.56696,76.175095,47.772964,76.412415
2018-12-05 12:00:00,40.97,43.682053,57.01375,77.11191,43.444736,77.34923
2018-12-05 12:15:00,10.69,4.1316247,7.6093764,10.92499,3.8943074,11.162307
2018-12-05 12:30:00,9.43,4.242026,7.0892606,8.932231,4.004709,9.169548
2018-12-05 12:45:00,10.33,4.1417212,6.978114,9.860585,3.904404,10.097902
2018-12-05 13:00:00,26.68,4.4174213,6.391902,14.632778,4.1801043,14.870095
2018-12-05 13:15:00,43.34,31.317513,45.415253,59.817173,31.080194,60.05449
2018-12-05 13:30:00,46.51,40.736095,56.584957,72.13361,40.49878,72.37093
2018-12-05 13:45:00,50.44,40.414436,59.469357,74.162056,40.17712,74.399376
2018-12-05 14:00:00,63.4,35.209126,48.32633,70.89214,34.97181,71.12946
2018-12-05 14:15:00,54.36,46.26873,59.77317,75.75632,46.031414,75.99364
2018-12-05 14:30:00,61.52,45.157894,55.49206,73.14521,44.920578,73.38253
2018-12-05 14:45:00,58.93,44.746212,53.516598,75.49304,44.508896,75.73036
2018-12-05 15:00:00,85.46,47.4969,57.982647,81.598434,47.259583,81.835754
2018-12-05 15:15:00,109.3,45.504715,56.37924,73.308365,45.2674,73.545685
2018-12-05 15:30:00,87.16,48.826473,58.13068,78.90699,48.589157,79.14431
2018-12-05 15:45:00,96.01,48.238968,57.98795,76.73486,48.00165,76.97218
2018-12-05 16:00:00,105.91,50.88133,81.00015,99.72071,50.644012,99.95803
2018-12-05 16:15:00,68.18,52.04772,87.65981,105.66405,51.810406,105.90137
2018-12-05 16:30:00,64.91,51.331722,83.62671,107.42706,51.094406,107.66438
2018-12-05 16:45:00,56.05,51.82951,89.122375,107.19922,51.592194,107.43654
2018-12-05 17:00:00,62.96,50.34547,86.2885,109.43147,50.108154,109.66879
2018-12-05 17:15:00,47.12,43.54052,69.20706,103.19866,43.303204,103.43598
2018-12-05 17:30:00,44.57,41.10012,63.33425,96.02657,40.862804,96.26389
2018-12-05 17:45:00,44.24,19.568708,32.945858,59.47759,19.33139,59.714905
2018-12-05 18:00:00,27.32,21.63351,30.150269,49.638798,21.396193,49.876114
2018-12-05 18:15:00,5.87,11.839187,33.423565,46.29649,11.60187,46.533806
2018-12-05 18:30:00,5.36,20.939285,40.761864,57.132355,20.701967,57.36967
2018-12-05 18:45:00,5.47,17.747808,43.183334,64.608765,17.51049,64.846085
2018-12-05 19:00:00,5.58,9.059386,38.414608,54.774582,8.822069,55.011898
2018-12-05 19:15:00,5.58,1.9482388,10.994568,29.58958,1.7109215,29.826899
2018-12-05 19:30:00,5.47,2.9615169,9.778944,30.388866,2.7241995,30.626184
2018-12-05 19:45:00,5.44,4.432286,8.948807,23.204195,4.1949687,23.441513
2018-12-05 20:00:00,5.44,4.0857263,8.550461,13.465268,3.848409,13.702585
2018-12-05 20:15:00,5.44,2.3764226,6.2709146,7.5689163,2.1391053,7.8062334
2018-12-05 20:30:00,5.51,3.1035192,5.7604823,5.840463,2.8662019,6.0777802
2018-12-05 20:45:00,5.44,3.717717,6.615705,7.188913,3.4803996,7.42623
2018-12-05 21:00:00,4.82,2.9347558,3.746037,5.08674,2.6974385,5.324057
2018-12-05 21:15:00,4.28,3.8308816,4.2018833,4.64784,3.5935643,4.885157
2018-12-05 21:30:00,4.25,3.8079195,4.2034,5.224073,3.5706022,5.46139
2018-12-05 21:45:00,4.28,3.8083591,4.6377516,4.759336,3.5710418,4.996653
2018-12-05 22:00:00,4.36,3.6519055,4.6947904,4.91813,3.4145882,5.155447
2018-12-05 22:15:00,4.03,3.6016665,3.636122,3.768337,3.3643491,4.0056543
2018-12-05 22:30:00,4.0,3.5822334,4.407358,4.47191,3.344916,4.709227
2018-12-05 22:45:00,4.03,3.49762,3.6909359,3.9312875,3.2603028,4.168605
2018-12-05 23:00:00,4.0,3.5034869,3.920076,4.2407694,3.2661695,4.4780865
2018-12-05 23:15:00,4.0,3.3949142,3.72935,4.0717244,3.1575968,4.3090415
2018-12-05 23:30:00,3.92,3.3405375,3.6461549,3.968303,3.1032202,4.2056203
2018-12-05 23:45:00,4.0,3.3486242,3.7097232,4.00955,3.111307,4.246867
2018-12-06 00:00:00,4.0,3.2514796,3.7995594,4.256935,3.0141623,4.494252
2018-12-06 00:15:00,3.96,3.3011158,3.7870138,4.1563015,3.0637984,4.3936186
2018-12-06 00:30:00,4.79,3.2855709,3.8307254,4.113274,3.0482535,4.350591
2018-12-06 00:45:00,5.18,3.28878,3.8419385,4.132809,3.0514627,4.3701262
2018-12-06 01:00:00,4.03,3.2823598,3.7972572,4.1977077,3.0450425,4.4350247
2018-12-06 01:15:00,3.92,3.2654145,3.7647026,4.671173,3.0280972,4.90849
2018-12-06 01:30:00,4.0,3.3861911,3.8234901,4.2788377,3.1488738,4.516155
2018-12-06 01:45:00,3.92,3.558858,4.0223947,5.0789247,3.3215406,5.3162417
2018-12-06 02:00:00,4.07,3.4959886,3.6547043,3.8751783,3.2586713,4.1124954
2018-12-06 02:15:00,3.46,3.3548355,3.6010773,3.8584495,3.1175182,4.0957665
2018-12-06 02:30:00,3.28,3.3573122,3.66447,3.890325,3.1199949,4.127642
2018-12-06 02:45:00,3.38,3.323792,3.7178073,4.454942,3.0864747,4.6922593
2018-12-06 03:00:00,3.31,3.1758826,3.7702672,4.217309,2.9385653,4.454626
2018-12-06 03:15:00,3.35,2.9836857,3.3958216,3.8095818,2.7463684,4.046899
2018-12-06 03:30:00,3.35,3.1646729,3.3627658,3.6567185,2.9273555,3.8940358
2018-12-06 03:45:00,3.38,3.1433425,3.2981718,3.707339,2.9060252,3.9446564
2018-12-06 04:00:00,3.42,3.1008735,3.2728415,3.6464837,2.8635561,3.883801
2018-12-06 04:15:00,3.31,3.107877,3.243464,3.7076766,2.8705597,3.944994
2018-12-06 04:30:00,4.61,3.108674,3.239912,3.6951349,2.8713567,3.9324522
2018-12-06 04:45:00,5.04,3.128171,3.2654972,3.6614757,2.8908536,3.898793
2018-12-06 05:00:00,4.07,3.1118672,3.2846806,3.6640613,2.8745499,3.9013786
2018-12-06 05:15:00,3.71,3.0342288,3.250068,3.5802991,2.7969115,3.8176165
2018-12-06 05:30:00,3.31,3.3044524,3.5572484,3.9431367,3.067135,4.180454
2018-12-06 05:45:00,3.31,3.498125,4.105085,4.434288,3.2608078,4.671605
2018-12-06 06:00:00,3.38,3.3541028,3.5703728,3.6045055,3.1167855,3.8418229
2018-12-06 06:15:00,3.31,3.3047867,3.528323,3.6810648,3.0674694,3.9183822
2018-12-06 06:30:00,3.28,3.2597609,3.4327805,3.9111667,3.0224435,4.1484838
2018-12-06 06:45:00,3.31,3.1735294,3.4379337,3.914105,2.936212,4.151422
2018-12-06 07:00:00,3.24,3.1784174,3.3103442,3.680078,2.9411001,3.9173954
2018-12-06 07:15:00,3.28,3.2333148,3.2918653,3.8579268,2.9959974,4.095244
2018-12-06 07:30:00,3.46,3.099282,3.4726453,4.3292503,2.8619647,4.5665674
2018-12-06 07:45:00,4.21,3.166765,4.183859,6.007541,2.9294477,6.2448583
2018-12-06 08:00:00,6.44,3.2428577,4.670839,8.927631,3.0055404,9.164948
2018-12-06 08:15:00,32.29,11.423372,36.470474,41.416306,11.186055,41.65362
2018-12-06 08:30:00,64.98,22.411808,56.287445,76.72348,22.17449,76.9608
2018-12-06 08:45:00,60.84,24.740078,61.753323,85.55906,24.50276,85.79638
2018-12-06 09:00:00,59.87,32.437984,69.98311,90.80794,32.20067,91.04526
2018-12-06 09:15:00,67.0,47.512962,61.49185,85.24775,47.275646,85.48507
2018-12-06 09:30:00,71.17,50.478176,67.95557,85.005486,50.24086,85.242805
2018-12-06 09:45:00,76.86,54.472237,63.51092,78.468765,54.23492,78.706085
2018-12-06 10:00:00,66.67,48.796368,59.64686,78.94911,48.55905,79.18643
2018-12-06 10:15:00,63.18,47.147648,59.970764,87.886475,46.91033,88.123795
2018-12-06 10:30:00,68.87,50.46377,68.60287,94.59754,50.226456,94.83486
2018-12-06 10:45:00,71.06,49.25729,71.479965,96.51837,49.019974,96.75569
2018-12-06 11:00:00,62.78,48.989082,66.29006,83.70085,48.751766,83.93817
2018-12-06 11:15:00,60.88,49.53503,67.73934,84.94749,49.297714,85.18481
2018-12-06 11:30:00,74.45,50.432568,68.59646,89.51251,50.19525,89.74983
2018-12-06 11:45:00,67.82,49.71176,68.878845,92.96671,49.474445,93.20403
2018-12-06 12:00:00,69.26,43.32144,58.190308,84.19168,43.084126,84.429
2018-12-06 12:15:00,9.94,4.4526443,7.1641345,12.8629675,4.2153273,13.100285
2018-12-06 12:30:00,6.88,4.5910726,8.052232,8.319408,4.3537555,8.5567255
2018-12-06 12:45:00,7.02,4.4612107,7.7343655,7.9254174,4.2238936,8.162735
2018-12-06 13:00:00,6.95,4.710745,7.584501,23.376139,4.473428,23.613457
2018-12-06 13:15:00,35.78,31.48493,33.366116,60.25207,31.247612,60.489388
2018-12-06 13:30:00,61.78,42.28587,69.6589,89.875694,42.048553,90.113014
2018-12-06 13:45:00,60.8,42.640484,64.225555,85.744736,42.403168,85.982056
2018-12-06 14:00:00,71.78,36.832253,65.72894,84.839745,36.594936,85.077065
2018-12-06 14:15:00,72.11,46.456684,58.664738,79.94132,46.219368,80.17864
2018-12-06 14:30:00,68.22,48.751587,59.685524,83.962944,48.51427,84.200264
2018-12-06 14:45:00,73.44,47.77615,60.81855,84.78187,47.538834,85.01919
2018-12-06 15:00:00,56.88,51.338726,70.852715,95.533676,51.10141,95.770996
2018-12-06 15:15:00,50.29,48.65178,72.00917,87.24337,48.414463,87.48069
2018-12-06 15:30:00,48.78,50.065132,68.62042,88.56697,49.827816,88.80429
2018-12-06 15:45:00,48.96,47.970905,74.16728,90.53759,47.73359,90.77491
2018-12-06 16:00:00,49.97,51.540398,63.88577,77.64126,51.30308,77.87858
2018-12-06 16:15:00,62.28,48.230553,61.77694,79.383644,47.993237,79.620964
2018-12-06 16:30:00,47.95,46.85725,56.747272,75.280205,46.619934,75.517525
2018-12-06 16:45:00,57.35,45.41954,55.636246,76.8681,45.182224,77.10542
2018-12-06 17:00:00,47.77,41.011093,51.29546,63.260147,40.773777,63.497463
2018-12-06 17:15:00,48.6,43.217472,55.457813,69.15446,42.980156,69.39178
2018-12-06 17:30:00,57.46,40.377075,48.739075,61.36129,40.13976,61.598606
2018-12-06 17:45:00,31.86,27.733648,33.702347,45.879257,27.49633,46.116573
2018-12-06 18:00:00,31.61,24.51361,30.681387,39.548557,24.276293,39.785873
2018-12-06 18:15:00,36.61,21.132088,31.076807,38.03897,20.89477,38.276287
2018-12-06 18:30:00,40.07,17.794044,42.012894,56.62565,17.556726,56.862965
2018-12-06 18:45:00,37.87,22.03882,42.84755,53.536526,21.801502,53.77384
2018-12-06 19:00:00,47.23,25.0659,44.768364,54.15187,24.828583,54.389187
2018-12-06 19:15:00,53.03,29.703478,42.35768,52.445206,29.46616,52.68252
2018-12-06 19:30:00,38.63,30.15948,42.249928,42.63873,29.922161,42.876045
2018-12-06 19:45:00,37.51,29.220592,40.10521,47.9851,28.983274,48.222416
2018-12-06 20:00:00,38.3,34.267803,42.790565,44.40083,34.030487,44.638145
2018-12-06 20:15:00,54.36,35.27579,46.6148,46.775986,35.038475,47.0133
2018-12-06 20:30:00,38.84,31.153124,39.297447,49.32656,30.915806,49.563877
2018-12-06 20:45:00,27.72,19.969322,35.50815,42.594048,19.732004,42.831364
2018-12-06 21:00:00,8.86,7.796751,14.99619,26.43769,7.559434,26.675009
2018-12-06 21:15:00,5.51,4.4544744,6.9362755,19.65764,4.2171574,19.894958
2018-12-06 21:30:00,5.58,4.3308253,6.3965483,18.472813,4.0935082,18.71013
2018-12-06 21:45:00,5.62,3.780929,4.915366,9.635199,3.5436118,9.872516
2018-12-06 22:00:00,5.54,4.032596,4.784692,8.721142,3.7952788,8.958459
2018-12-06 22:15:00,5.26,4.085958,4.5631504,5.8920093,3.8486407,6.1293263
2018-12-06 22:30:00,5.22,3.8764398,4.372124,5.0850058,3.6391225,5.322323
2018-12-06 22:45:00,5.26,3.7903094,4.2763233,4.686711,3.552992,4.924028
2018-12-06 23:00:00,4.18,3.83815,4.2917886,4.702703,3.6008327,4.94002
2018-12-06 23:15:00,3.96,3.8136683,4.2178254,4.6404157,3.576351,4.8777328
2018-12-06 23:30:00,4.0,3.8150256,4.08975,4.6038117,3.5777082,4.841129
2018-12-06 23:45:00,4.0,3.8230515,4.3434067,4.7393103,3.5857341,4.9766273
2018-12-07 00:00:00,4.03,3.4965038,3.894304,4.017043,3.2591865,4.25436
2018-12-07 00:15:00,3.96,3.5334177,3.7646363,3.9215362,3.2961004,4.1588535
2018-12-07 00:30:00,4.03,3.5300581,3.6263006,3.979815,3.2927408,4.217132
2018-12-07 00:45:00,4.03,3.443482,3.726215,4.2274013,3.2061646,4.4647183
2018-12-07 01:00:00,4.0,3.5280962,3.8419316,4.249831,3.2907789,4.4871483
2018-12-07 01:15:00,4.03,3.419924,3.7941968,4.233642,3.1826067,4.470959
2018-12-07 01:30:00,4.03,3.4652667,3.8602154,4.2828894,3.2279494,4.5202065
2018-12-07 01:45:00,4.03,3.5177352,3.7817416,4.2714167,3.280418,4.5087337
2018-12-07 02:00:00,4.1,3.4661222,3.7203696,4.2577,3.2288048,4.495017
2018-12-07 02:15:00,4.0,3.4907236,3.594398,4.1889625,3.2534063,4.4262795
2018-12-07 02:30:00,4.72,3.4647884,3.6040583,4.1954165,3.227471,4.4327335
2018-12-07 02:45:00,4.79,3.4846644,3.7373347,4.242075,3.247347,4.479392
2018-12-07 03:00:00,4.14,3.4931722,3.7588193,4.1990027,3.2558548,4.43632
2018-12-07 03:15:00,4.07,3.4398165,3.5630834,4.1432443,3.2024992,4.3805614
2018-12-07 03:30:00,4.03,3.6202524,3.7262077,4.412042,3.382935,4.649359
2018-12-07 03:45:00,4.0,3.421833,3.5252416,4.314149,3.1845157,4.551466
2018-12-07 04:00:00,3.42,3.34208,3.538339,3.8842378,3.1047628,4.121555
2018-12-07 04:15:00,3.49,3.4593637,3.5716407,3.8730571,3.2220464,4.1103745
2018-12-07 04:30:00,3.46,3.603994,3.614855,4.3023696,3.3666766,4.5396867
2018-12-07 04:45:00,3.38,3.491269,3.7393138,4.673802,3.2539518,4.911119
2018-12-07 05:00:00,3.42,3.4031963,3.4394755,4.063223,3.165879,4.30054
2018-12-07 05:15:00,3.42,3.3236015,3.3708475,3.8738306,3.0862842,4.111148
2018-12-07 05:30:00,3.74,3.2544892,3.3706546,3.8132858,3.0171719,4.050603
2018-12-07 05:45:00,4.07,3.2484708,3.2922957,3.8862169,3.0111535,4.123534
2018-12-07 06:00:00,3.49,3.218456,3.3637443,3.7725103,2.9811387,4.0098276
2018-12-07 06:15:00,3.42,3.1446242,3.317843,3.812464,2.907307,4.0497813
2018-12-07 06:30:00,3.64,3.2561615,3.39415,3.8914235,3.0188441,4.128741
2018-12-07 06:45:00,4.1,3.2874084,3.3493705,4.7359495,3.050091,4.9732666
2018-12-07 07:00:00,4.0,3.2055995,3.392184,3.7704432,2.9682822,4.0077605
2018-12-07 07:15:00,4.0,3.2254987,3.4285724,3.7370417,2.9881814,3.974359
2018-12-07 07:30:00,3.82,3.3878672,3.7492142,4.5425797,3.15055,4.7798967
2018-12-07 07:45:00,4.54,3.6442575,4.314557,6.5943174,3.4069402,6.8316345
2018-12-07 08:00:00,4.79,3.9391072,4.273974,11.479164,3.7017899,11.716481
2018-12-07 08:15:00,47.66,11.099005,34.207806,38.968918,10.861688,39.206234
2018-12-07 08:30:00,60.19,24.388506,57.36866,79.136024,24.151188,79.373344
2018-12-07 08:45:00,60.19,25.405664,60.97666,73.01364,25.168346,73.25096
2018-12-07 09:00:00,53.32,26.114157,60.369705,74.97401,25.876839,75.21133
2018-12-07 09:15:00,58.86,52.886642,67.5726,82.461914,52.649326,82.699234
2018-12-07 09:30:00,49.5,48.70557,65.25919,72.99888,48.468254,73.2362
2018-12-07 09:45:00,48.42,50.779095,61.654987,74.68101,50.54178,74.91833
2018-12-07 10:00:00,62.78,44.257076,56.972893,69.69067,44.01976,69.927986
2018-12-07 10:15:00,48.02,46.04434,55.50321,71.48686,45.807022,71.72418
2018-12-07 10:30:00,46.22,45.52318,56.704475,65.08438,45.285862,65.3217
2018-12-07 10:45:00,57.46,46.012222,55.135334,67.915596,45.774906,68.152916
2018-12-07 11:00:00,48.78,47.593567,61.815754,78.64734,47.35625,78.88466
2018-12-07 11:15:00,47.02,45.4095,56.87426,69.2607,45.172184,69.49802
2018-12-07 11:30:00,58.0,45.108185,55.450752,63.799335,44.87087,64.03665
2018-12-07 11:45:00,51.48,47.523678,58.413616,69.200424,47.28636,69.437744
2018-12-07 12:00:00,44.28,41.463516,50.669422,65.46175,41.2262,65.699066
2018-12-07 12:15:00,26.6,5.008654,7.074807,12.639296,4.771337,12.876613
2018-12-07 12:30:00,12.49,3.8108552,6.0175996,6.2449965,3.5735378,6.4823136
2018-12-07 12:45:00,9.79,5.4136224,6.3402596,9.337472,5.1763053,9.574789
2018-12-07 13:00:00,10.76,5.9769897,6.454082,22.041561,5.7396727,22.27888
2018-12-07 13:15:00,44.06,27.202097,28.640009,47.83232,26.964779,48.069637
2018-12-07 13:30:00,49.82,37.47565,55.714108,61.121582,37.238335,61.3589
2018-12-07 13:45:00,54.36,39.380245,55.051315,60.9308,39.14293,61.168118
2018-12-07 14:00:00,55.98,37.808346,56.392017,61.87979,37.57103,62.117107
2018-12-07 14:15:00,56.48,47.54683,56.582333,72.12953,47.309513,72.36685
2018-12-07 14:30:00,47.41,44.628696,55.537437,63.807137,44.39138,64.04446
2018-12-07 14:45:00,47.95,46.001717,57.065746,67.47757,45.7644,67.71489
2018-12-07 15:00:00,58.86,45.963783,55.159164,61.786995,45.726467,62.02431
2018-12-07 15:15:00,50.08,45.113598,57.017174,62.6421,44.87628,62.879417
2018-12-07 15:30:00,51.88,43.889893,52.561188,57.830654,43.652576,58.06797
2018-12-07 15:45:00,53.82,42.912067,55.62102,58.685947,42.67475,58.923264
2018-12-07 16:00:00,49.9,45.700027,60.24636,69.15797,45.46271,69.39529
2018-12-07 16:15:00,57.1,43.48317,58.39678,66.86241,43.245853,67.09973
2018-12-07 16:30:00,50.33,42.271835,56.23453,61.587452,42.03452,61.824768
2018-12-07 16:45:00,68.54,43.769356,59.965553,64.86475,43.53204,65.10207
2018-12-07 17:00:00,60.12,41.7777,54.60556,60.377117,41.540382,60.614433
2018-12-07 17:15:00,72.11,42.86018,56.89593,58.50205,42.622864,58.739365
2018-12-07 17:30:00,46.33,40.156364,52.819496,64.15465,39.91905,64.39197
2018-12-07 17:45:00,34.16,21.578327,32.570858,44.75996,21.34101,44.997276
2018-12-07 18:00:00,30.35,22.643436,29.67015,35.575027,22.406118,35.812344
2018-12-07 18:15:00,42.48,22.177744,36.10916,51.236374,21.940426,51.47369
2018-12-07 18:30:00,52.85,18.423368,43.97747,58.62638,18.18605,58.863697
2018-12-07 18:45:00,58.97,20.193192,44.70826,55.884438,19.955873,56.121754
2018-12-07 19:00:00,57.17,24.847847,45.16563,58.1819,24.610529,58.419216
2018-12-07 19:15:00,44.39,31.780579,45.139896,63.95629,31.54326,64.19361
2018-12-07 19:30:00,47.84,36.70106,49.492767,61.22702,36.463745,61.464336
2018-12-07 19:45:00,54.07,35.163887,45.396736,63.439102,34.92657,63.67642
2018-12-07 20:00:00,43.38,34.999672,45.320072,47.526966,34.762356,47.764282
2018-12-07 20:15:00,57.64,31.70044,47.79839,59.856777,31.463121,60.094093
2018-12-07 20:30:00,41.72,33.491962,43.62485,56.098564,33.254646,56.33588
2018-12-07 20:45:00,31.9,22.60021,41.22631,45.87261,22.362892,46.109924
2018-12-07 21:00:00,19.69,6.7416472,15.200413,25.266659,6.50433,25.503977
2018-12-07 21:15:00,5.62,4.175589,5.9075255,20.617933,3.9382718,20.855251
2018-12-07 21:30:00,5.62,4.1710873,5.821682,18.131016,3.93377,18.368334
2018-12-07 21:45:00,5.15,4.039351,4.746028,12.442113,3.8020337,12.67943
2018-12-07 22:00:00,4.28,3.689261,4.7329893,10.084202,3.4519436,10.321519
2018-12-07 22:15:00,4.0,3.9221737,4.239097,5.799041,3.6848564,6.036358
2018-12-07 22:30:00,4.07,3.7274597,4.332131,5.591545,3.4901423,5.828862
2018-12-07 22:45:00,4.03,3.5569394,4.004359,4.983631,3.319622,5.220948
2018-12-07 23:00:00,4.0,3.5394652,3.6261673,3.7623742,3.3021479,3.9996915
2018-12-07 23:15:00,3.96,3.3684402,3.5545595,3.7203906,3.1311228,3.957708
2018-12-07 23:30:00,4.03,3.5117917,3.5707018,3.778902,3.2744744,4.016219
2018-12-07 23:45:00,4.0,3.3770669,3.5629704,4.110767,3.1397495,4.348084
2018-12-08 00:00:00,3.78,2.844109,3.359835,4.2167883,2.6067917,4.4541054
2018-12-08 00:15:00,4.0,3.1422212,3.533002,4.1322193,2.904904,4.3695364
2018-12-08 00:30:00,3.96,3.2078922,3.6354008,4.1639166,2.9705749,4.4012337
2018-12-08 00:45:00,4.0,3.0603392,3.6333025,4.2655816,2.823022,4.5028987
2018-12-08 01:00:00,4.0,3.1539917,3.612145,4.092926,2.9166744,4.330243
2018-12-08 01:15:00,5.15,3.1040688,3.5911999,4.1436906,2.8667514,4.3810077
2018-12-08 01:30:00,4.79,3.0903244,3.585641,4.1454797,2.853007,4.382797
2018-12-08 01:45:00,3.96,3.157893,3.60792,4.1774898,2.9205756,4.414807
2018-12-08 02:00:00,3.96,3.0997407,3.5891175,4.2100563,2.8624234,4.4473734
2018-12-08 02:15:00,4.1,3.1652777,3.2291107,4.224714,2.9279604,4.462031
2018-12-08 02:30:00,4.0,3.3677845,3.4777822,4.142497,3.1304672,4.379814
2018-12-08 02:45:00,4.0,3.1927867,3.4730322,4.0570354,2.9554694,4.2943525
2018-12-08 03:00:00,4.0,3.1841476,3.4894633,4.072593,2.9468303,4.3099103
2018-12-08 03:15:00,3.96,3.3509614,3.4178717,4.12105,3.1136441,4.358367
2018-12-08 03:30:00,3.64,3.1567261,3.4803655,4.350459,2.9194088,4.587776
2018-12-08 03:45:00,3.38,3.129833,3.4624462,4.3625636,2.8925157,4.5998807
2018-12-08 04:00:00,3.31,3.0382698,3.4274368,4.1398854,2.8009524,4.3772025
2018-12-08 04:15:00,3.35,3.0404832,3.4870534,4.0525374,2.803166,4.2898545
2018-12-08 04:30:00,3.35,3.1581016,3.2499318,3.9489067,2.9207842,4.186224
2018-12-08 04:45:00,3.42,3.0867245,3.304626,4.3467035,2.8494072,4.5840206
2018-12-08 05:00:00,3.49,3.239546,3.243786,3.7295904,3.0022287,3.9669077
2018-12-08 05:15:00,4.0,3.1508515,3.177875,3.6983418,2.9135342,3.9356592
2018-12-08 05:30:00,3.53,3.054465,3.4917212,3.8266902,2.8171477,4.0640073
2018-12-08 05:45:00,3.35,3.101615,3.537698,3.89094,2.8642976,4.1282573
2018-12-08 06:00:00,3.38,3.0461862,3.7340188,3.7877235,2.808869,4.0250406
2018-12-08 06:15:00,4.03,2.884556,3.6827621,4.005954,2.6472387,4.243271
2018-12-08 06:30:00,4.03,2.9879966,3.715521,3.835059,2.7506793,4.0723763
2018-12-08 06:45:00,4.0,3.0935817,3.666204,3.921973,2.8562644,4.1592903
2018-12-08 07:00:00,3.78,3.094842,3.7687933,3.9233575,2.8575246,4.1606746
2018-12-08 07:15:00,3.35,3.181749,3.8396504,4.1624336,2.9444318,4.3997507
2018-12-08 07:30:00,3.31,3.0539358,3.8751862,4.4339633,2.8166184,4.6712804
2018-12-08 07:45:00,3.53,3.1959453,4.207973,5.528613,2.958628,5.76593
2018-12-08 08:00:00,3.67,3.238313,4.6965857,8.189249,3.0009956,8.426566
2018-12-08 08:15:00,29.23,5.0847063,18.985151,36.388714,4.847389,36.62603
2018-12-08 08:30:00,38.16,7.3854656,22.652872,43.569103,7.1481485,43.80642
2018-12-08 08:45:00,33.08,7.1515393,22.159918,41.871788,6.9142222,42.109104
2018-12-08 09:00:00,51.52,6.2609415,22.923742,41.448673,6.0236244,41.68599
2018-12-08 09:15:00,47.77,23.718586,38.845978,51.94783,23.481268,52.185146
2018-12-08 09:30:00,42.05,28.931183,40.257576,52.54598,28.693865,52.783295
2018-12-08 09:45:00,32.4,28.673023,36.74839,54.02402,28.435705,54.261337
2018-12-08 10:00:00,31.43,33.123627,43.58805,54.55937,32.88631,54.796684
2018-12-08 10:15:00,31.57,32.15086,41.444,53.057484,31.913542,53.2948
2018-12-08 10:30:00,31.43,29.341936,40.22979,48.258457,29.104618,48.495773
2018-12-08 10:45:00,47.66,27.477129,36.26726,46.82893,27.23981,47.066246
2018-12-08 11:00:00,49.28,29.34859,35.55725,47.101635,29.111273,47.33895
2018-12-08 11:15:00,38.16,26.388784,33.21344,42.659824,26.151466,42.89714
2018-12-08 11:30:00,44.14,22.694393,33.638584,36.97271,22.457075,37.210026
2018-12-08 11:45:00,38.27,28.962849,40.01636,50.888424,28.72553,51.12574
2018-12-08 12:00:00,22.46,21.28541,35.72373,52.777115,21.048092,53.01443
2018-12-08 12:15:00,3.92,2.6215372,5.1974773,27.988148,2.38422,28.225466
2018-12-08 12:30:00,4.57,4.1605325,5.3505325,14.861215,3.9232152,15.098532
2018-12-08 12:45:00,5.36,3.0479877,4.980098,10.336699,2.8106704,10.574016
2018-12-08 13:00:00,6.08,4.0508037,4.764119,17.457767,3.8134863,17.695086
2018-12-08 13:15:00,34.09,15.645502,20.923967,32.091072,15.408185,32.32839
2018-12-08 13:30:00,55.69,19.288593,26.150026,40.78698,19.051275,41.024296
2018-12-08 13:45:00,40.61,15.528555,26.854307,41.18881,15.291238,41.426125
2018-12-08 14:00:00,50.51,11.18893,16.99769,36.440952,10.951612,36.67827
2018-12-08 14:15:00,37.98,30.424307,41.813023,55.544617,30.186989,55.781933
2018-12-08 14:30:00,48.89,33.96927,48.38324,61.92086,33.731953,62.158176
2018-12-08 14:45:00,37.73,29.335371,39.244698,61.676067,29.098053,61.913383
2018-12-08 15:00:00,40.03,33.04063,43.019714,54.537376,32.803314,54.774693
2018-12-08 15:15:00,43.67,29.315475,37.243473,49.068626,29.078157,49.305943
2018-12-08 15:30:00,46.15,33.68919,41.778545,55.601646,33.451874,55.838963
2018-12-08 15:45:00,49.68,29.243519,36.89483,50.039326,29.0062,50.27664
2018-12-08 16:00:00,49.32,31.207241,38.673485,48.783592,30.969923,49.02091
2018-12-08 16:15:00,49.46,29.920021,40.03074,53.767,29.682703,54.004314
2018-12-08 16:30:00,49.54,33.414936,40.933598,50.32015,33.17762,50.557465
2018-12-08 16:45:00,34.63,31.722809,42.61806,49.353756,31.48549,49.591072
2018-12-08 17:00:00,27.0,6.1856694,23.748219,48.038864,5.9483523,48.27618
2018-12-08 17:15:00,9.9,3.5519834,14.514896,42.428127,3.314666,42.665443
2018-12-08 17:30:00,5.22,4.618687,15.549712,41.032734,4.38137,41.27005
2018-12-08 17:45:00,5.29,2.9747703,5.092608,30.58327,2.737453,30.820587
2018-12-08 18:00:00,5.22,3.2767828,7.498783,20.595848,3.0394654,20.833166
2018-12-08 18:15:00,5.18,3.0069637,3.9170043,22.899681,2.7696464,23.137
2018-12-08 18:30:00,5.15,3.6431448,3.6520765,15.881996,3.4058275,16.119314
2018-12-08 18:45:00,5.33,2.847793,3.5090363,16.913275,2.6104758,17.150593
2018-12-08 19:00:00,5.15,3.2957525,4.8101006,15.51229,3.0584352,15.749607
2018-12-08 19:15:00,4.1,3.4580615,5.0307894,9.088259,3.2207441,9.325576
2018-12-08 19:30:00,4.14,3.6529145,5.7137413,8.252886,3.4155972,8.490203
2018-12-08 19:45:00,4.1,3.6208165,4.562613,10.329183,3.3834991,10.5665
2018-12-08 20:00:00,4.14,3.6439557,5.872139,6.653035,3.4066384,6.8903522
2018-12-08 20:15:00,4.1,3.598847,4.261828,8.79538,3.3615296,9.032697
2018-12-08 20:30:00,4.03,3.5764089,3.844908,6.776219,3.3390915,7.013536
2018-12-08 20:45:00,4.14,3.5297759,3.7702506,3.9888918,3.2924585,4.226209
2018-12-08 21:00:00,4.1,3.4578583,4.4660473,4.478311,3.220541,4.715628
2018-12-08 21:15:00,4.14,3.4508703,3.9349205,4.1857505,3.213553,4.4230676
2018-12-08 21:30:00,4.1,3.4113257,4.115131,4.237976,3.1740084,4.475293
2018-12-08 21:45:00,4.14,3.4484894,4.1552935,4.261507,3.211172,4.498824
2018-12-08 22:00:00,4.1,3.440131,4.0880876,4.3084445,3.2028136,4.5457616
2018-12-08 22:15:00,3.82,3.4109414,3.9316468,4.314798,3.173624,4.552115
2018-12-08 22:30:00,3.89,3.3406172,3.8990355,4.201947,3.1032999,4.4392643
2018-12-08 22:45:00,5.0,3.2857234,3.86905,4.275695,3.0484061,4.513012
2018-12-08 23:00:00,4.75,3.343304,3.7749624,4.281716,3.1059866,4.519033
2018-12-08 23:15:00,3.82,3.2585955,3.641109,4.032094,3.0212781,4.269411
2018-12-08 23:30:00,3.71,3.241918,3.6618958,4.028944,3.0046008,4.266261
2018-12-08 23:45:00,3.82,3.3718317,3.6924,5.014998,3.1345143,5.252315
2018-12-09 00:00:00,3.17,3.364025,3.8110466,4.0236745,3.1267078,4.2609916
2018-12-09 00:15:00,3.74,3.3067002,3.6940057,3.8008263,3.069383,4.0381436
2018-12-09 00:30:00,3.74,3.2783854,3.7216222,3.8096519,3.041068,4.046969
2018-12-09 00:45:00,3.82,3.2642431,3.6949553,3.8943949,3.0269258,4.131712
2018-12-09 01:00:00,3.85,3.1174552,3.5149245,3.9874196,2.880138,4.2247367
2018-12-09 01:15:00,3.78,3.1572268,3.4815388,3.939495,2.9199095,4.176812
2018-12-09 01:30:00,3.82,3.15272,3.4813066,3.933371,2.9154027,4.170688
2018-12-09 01:45:00,3.78,3.1496959,3.5210946,4.022423,2.9123785,4.25974
2018-12-09 02:00:00,3.78,3.205821,3.4985974,4.0512633,2.9685037,4.2885804
2018-12-09 02:15:00,3.17,3.212876,3.5925221,4.030853,2.9755588,4.26817
2018-12-09 02:30:00,3.13,3.2179646,3.5914035,4.048511,2.9806473,4.285828
2018-12-09 02:45:00,3.35,3.2448173,3.6876922,4.0037217,3.0075,4.241039
2018-12-09 03:00:00,3.67,3.2309403,3.71632,4.0234647,2.993623,4.260782
2018-12-09 03:15:00,3.02,3.1223936,3.3454468,3.71067,2.8850763,3.9479873
2018-12-09 03:30:00,3.13,3.096868,3.2660005,3.4864957,2.8595507,3.723813
2018-12-09 03:45:00,3.06,3.0275605,3.1565711,3.4755864,2.7902431,3.7129037
2018-12-09 04:00:00,3.06,3.0643947,3.2453241,3.488838,2.8270774,3.7261553
2018-12-09 04:15:00,3.06,2.9650805,3.0884142,3.4314623,2.7277632,3.6687796
2018-12-09 04:30:00,3.2,3.0067208,3.1001656,3.5116098,2.7694035,3.748927
2018-12-09 04:45:00,3.78,3.0148618,3.122238,3.5991755,2.7775445,3.8364928
2018-12-09 05:00:00,3.78,2.9385529,3.200409,3.6023386,2.7012355,3.8396559
2018-12-09 05:15:00,3.74,2.9409425,3.1885383,3.5162945,2.7036252,3.7536118
2018-12-09 05:30:00,3.74,2.9665728,3.418312,3.6503754,2.7292554,3.8876927
2018-12-09 05:45:00,3.13,3.044047,3.4111688,3.437803,2.8067298,3.6751204
2018-12-09 06:00:00,3.74,2.9770904,3.5054615,3.6424847,2.739773,3.879802
2018-12-09 06:15:00,3.56,2.9900239,3.6380093,3.747806,2.7527065,3.9851234
2018-12-09 06:30:00,3.1,3.1642547,3.9130135,4.0008965,2.9269373,4.2382135
2018-12-09 06:45:00,2.95,3.0783272,3.6443417,3.7557294,2.8410099,3.9930468
2018-12-09 07:00:00,3.06,3.1173234,3.8080792,3.830092,2.880006,4.067409
2018-12-09 07:15:00,3.02,3.0805874,3.723526,3.7274895,2.84327,3.9648068
2018-12-09 07:30:00,2.95,3.0451603,3.6430383,4.1683517,2.807843,4.4056687
2018-12-09 07:45:00,3.02,3.0281324,3.6040092,4.9779305,2.790815,5.2152476
2018-12-09 08:00:00,2.99,3.046752,3.5094712,7.7074537,2.8094347,7.944771
2018-12-09 08:15:00,3.13,2.9497762,6.66497,22.920496,2.7124588,23.157814
2018-12-09 08:30:00,3.74,2.758664,7.0053453,28.48685,2.5213466,28.724169
2018-12-09 08:45:00,3.82,2.850854,7.814321,28.304161,2.6135366,28.54148
2018-12-09 09:00:00,3.96,2.7361352,6.889435,31.19721,2.498818,31.434528
2018-12-09 09:15:00,4.03,3.0164802,4.2549796,13.050255,2.779163,13.287572
2018-12-09 09:30:00,3.35,3.2007482,4.141239,10.70931,2.963431,10.946627
2018-12-09 09:45:00,3.31,3.0878394,4.227401,6.249243,2.850522,6.48656
2018-12-09 10:00:00,3.89,3.002412,4.645662,5.999865,2.7650948,6.237182
2018-12-09 10:15:00,4.03,3.3168168,4.353382,6.7402105,3.0794995,6.9775276
2018-12-09 10:30:00,3.31,2.6754737,3.943127,4.7663994,2.4381564,5.0037165
2018-12-09 10:45:00,3.35,2.2444863,5.2509594,9.7811365,2.007169,10.018454
2018-12-09 11:00:00,3.42,2.865708,5.3287663,11.104681,2.6283908,11.341998
2018-12-09 11:15:00,3.35,3.0018697,5.0450807,5.759354,2.7645524,5.996671
2018-12-09 11:30:00,3.31,2.907614,4.0537014,8.12395,2.6702967,8.361267
2018-12-09 11:45:00,3.38,2.9237714,2.966688,3.8010335,2.686454,4.0383506
2018-12-09 12:00:00,3.89,2.0381997,3.6728356,4.1878858,1.8008823,4.425203
2018-12-09 12:15:00,4.18,2.981858,3.4526558,3.842458,2.7445407,4.0797753
2018-12-09 12:30:00,4.1,2.984028,3.7180192,3.84285,2.7467108,4.0801673
2018-12-09 12:45:00,4.1,2.9823363,3.7016854,3.8418784,2.745019,4.0791955
2018-12-09 13:00:00,3.6,2.9353752,3.771838,4.332534,2.698058,4.569851
2018-12-09 13:15:00,3.42,3.2014127,3.9286697,4.2704387,2.9640954,4.5077558
2018-12-09 13:30:00,3.42,3.4023836,6.2391853,12.978438,3.1650662,13.215755
2018-12-09 13:45:00,3.35,3.899698,9.480658,11.598997,3.6623807,11.836314
2018-12-09 14:00:00,3.92,3.5843205,10.732166,11.5397215,3.3470032,11.777039
2018-12-09 14:15:00,3.78,3.606188,5.192617,8.820205,3.3688707,9.057522
2018-12-09 14:30:00,3.42,3.1615129,5.4678154,11.4608755,2.9241955,11.698193
2018-12-09 14:45:00,3.38,3.1029909,4.082033,4.722737,2.8656735,4.960054
2018-12-09 15:00:00,3.46,3.1978085,3.8983052,8.949592,2.9604912,9.186909
2018-12-09 15:15:00,3.42,3.1618235,3.65493,5.279448,2.9245062,5.516765
2018-12-09 15:30:00,3.53,2.8462014,3.150483,3.7634087,2.608884,4.0007257
2018-12-09 15:45:00,4.07,3.1287034,3.688645,5.593746,2.891386,5.8310633
2018-12-09 16:00:00,4.03,3.137091,4.926696,6.429251,2.8997736,6.6665683
2018-12-09 16:15:00,4.14,3.0715523,3.9551895,6.3332925,2.834235,6.5706096
2018-12-09 16:30:00,4.0,3.0454626,3.7366574,7.036175,2.8081453,7.273492
2018-12-09 16:45:00,3.31,3.1200836,3.9653735,4.478787,2.8827662,4.716104
2018-12-09 17:00:00,3.35,3.1873806,4.013989,4.4794846,2.9500632,4.7168016
2018-12-09 17:15:00,3.49,3.2307165,4.357523,4.4327183,2.9933991,4.6700354
2018-12-09 17:30:00,4.1,3.2135422,4.5413885,5.2610765,2.976225,5.4983935
2018-12-09 17:45:00,3.64,3.118478,3.648523,3.9056747,2.8811607,4.142992
2018-12-09 18:00:00,3.24,3.0825129,3.7775965,5.7301745,2.8451955,5.9674916
2018-12-09 18:15:00,3.28,2.2075853,3.0553157,3.8481388,1.970268,4.085456
2018-12-09 18:30:00,3.31,2.8824582,3.0450106,4.243178,2.645141,4.480495
2018-12-09 18:45:00,3.42,3.02987,3.0801861,3.4823601,2.7925527,3.7196774
2018-12-09 19:00:00,3.64,2.846878,3.0682807,3.4001641,2.6095607,3.6374815
2018-12-09 19:15:00,4.07,2.9317033,3.0631626,3.3706,2.694386,3.6079173
2018-12-09 19:30:00,4.03,3.0228782,3.1410258,3.300042,2.7855608,3.5373592
2018-12-09 19:45:00,4.03,3.0885673,3.3286033,3.4251356,2.85125,3.662453
2018-12-09 20:00:00,4.0,3.0309935,3.2621765,3.2870166,2.7936761,3.524334
2018-12-09 20:15:00,3.31,3.1205795,3.7067356,3.8249075,2.8832622,4.062225
2018-12-09 20:30:00,3.31,3.1847062,3.4098516,3.4684215,2.947389,3.7057388
2018-12-09 20:45:00,3.35,3.2369554,3.5579953,4.181804,2.999638,4.4191213
2018-12-09 21:00:00,3.35,3.2408347,3.709981,4.179366,3.0035174,4.416683
2018-12-09 21:15:00,3.67,3.166789,3.5127473,3.6803815,2.9294717,3.9176989
2018-12-09 21:30:00,4.14,3.0896451,3.4236097,3.7350233,2.8523278,3.9723406
2018-12-09 21:45:00,3.38,3.0846083,3.3214295,3.7061245,2.847291,3.9434419
2018-12-09 22:00:00,3.28,3.1046813,3.3271465,3.7435865,2.867364,3.9809039
2018-12-09 22:15:00,3.13,3.070991,3.117326,3.745755,2.8336737,3.9830723
2018-12-09 22:30:00,3.17,2.9853601,3.2415817,3.7358074,2.7480428,3.9731247
2018-12-09 22:45:00,3.78,3.020505,3.0823438,3.526097,2.7831876,3.7634144
2018-12-09 23:00:00,3.78,2.9876795,3.0781553,3.5163898,2.7503622,3.7537072
2018-12-09 23:15:00,3.74,2.920519,2.975447,3.329915,2.6832018,3.5672324
2018-12-09 23:30:00,3.74,2.975971,2.983248,3.548457,2.7386537,3.7857742
2018-12-09 23:45:00,3.46,2.979199,3.0137374,3.4265063,2.7418816,3.6638236
2018-12-10 00:00:00,5.36,3.0632463,3.264436,3.888735,2.825929,4.1260524
2018-12-10 00:15:00,3.06,3.1125035,3.2547657,3.93233,2.8751862,4.169647
2018-12-10 00:30:00,3.02,3.0117097,3.4461634,4.040874,2.7743924,4.278191
2018-12-10 00:45:00,3.31,3.1075783,3.4003022,3.937055,2.870261,4.174372
2018-12-10 01:00:00,3.85,3.1606684,3.2207212,4.1559367,2.923351,4.393254
2018-12-10 01:15:00,3.42,3.1077797,3.2926059,3.4814656,2.8704624,3.718783
2018-12-10 01:30:00,3.1,3.082726,3.284071,3.4531252,2.8454087,3.6904426
2018-12-10 01:45:00,3.1,3.0734637,3.2698836,3.4816566,2.8361464,3.7189739
2018-12-10 02:00:00,3.17,3.0115123,3.1484418,3.5961156,2.774195,3.833433
2018-12-10 02:15:00,3.31,3.0068297,3.0459783,3.3516636,2.7695124,3.588981
2018-12-10 02:30:00,3.82,3.0126038,3.0779707,3.509782,2.7752864,3.7470994
2018-12-10 02:45:00,3.78,3.0605664,3.1279633,3.5429263,2.823249,3.7802436
2018-12-10 03:00:00,3.82,3.0306168,3.1840675,3.6179564,2.7932994,3.8552737
2018-12-10 03:15:00,3.74,3.0265918,3.1498125,3.5894186,2.7892745,3.826736
2018-12-10 03:30:00,3.1,2.9930987,3.102937,3.5055864,2.7557814,3.7429037
2018-12-10 03:45:00,3.2,2.9819849,3.1882956,3.7791512,2.7446675,4.0164685
2018-12-10 04:00:00,3.1,2.9857047,3.240094,3.8323762,2.7483873,4.0696936
2018-12-10 04:15:00,3.13,3.0348308,3.4482656,3.9671848,2.7975135,4.204502
2018-12-10 04:30:00,3.17,3.0803092,3.2571626,3.7910032,2.8429918,4.0283203
2018-12-10 04:45:00,3.49,3.0544064,3.307906,3.5965233,2.817089,3.8338406
2018-12-10 05:00:00,3.74,3.0028093,3.0684931,3.404826,2.765492,3.6421432
2018-12-10 05:15:00,3.13,3.0365927,3.1203172,3.576003,2.7992754,3.8133204
2018-12-10 05:30:00,3.1,3.0349987,3.4222748,3.678263,2.7976813,3.9155803
2018-12-10 05:45:00,3.82,2.9803522,3.3129056,3.4045527,2.7430348,3.64187
2018-12-10 06:00:00,3.82,2.9805405,3.3412826,3.4647987,2.7432232,3.702116
2018-12-10 06:15:00,3.85,2.9626443,3.3825111,3.424421,2.725327,3.6617384
2018-12-10 06:30:00,3.82,2.9958549,3.3293746,3.414694,2.7585375,3.6520114
2018-12-10 06:45:00,3.46,3.013147,3.3523443,3.5589488,2.7758298,3.796266
2018-12-10 07:00:00,3.06,3.0413766,3.4254467,3.559538,2.8040593,3.7968552
2018-12-10 07:15:00,3.13,3.168574,3.5360017,3.8308647,2.9312568,4.068182
2018-12-10 07:30:00,3.56,3.514274,4.0184064,4.9111094,3.2769566,5.1484265
2018-12-10 07:45:00,5.87,3.385269,4.0882416,5.5695205,3.1479516,5.8068376
2018-12-10 08:00:00,6.8,3.5491674,4.362904,9.178071,3.31185,9.415388
2018-12-10 08:15:00,33.48,6.225954,25.712137,48.134655,5.988637,48.37197
2018-12-10 08:30:00,61.06,16.938738,54.392815,81.73113,16.70142,81.96845
2018-12-10 08:45:00,58.36,20.159664,62.981,91.638535,19.922346,91.875854
2018-12-10 09:00:00,68.62,26.90085,66.147156,108.83871,26.663532,109.07603
2018-12-10 09:15:00,69.23,46.39999,60.340904,96.06406,46.162674,96.30138
2018-12-10 09:30:00,70.78,50.68333,59.150715,76.584656,50.446014,76.821976
2018-12-10 09:45:00,61.74,52.33687,57.87608,76.291565,52.099552,76.528885
2018-12-10 10:00:00,72.0,49.85774,58.380886,83.895134,49.620422,84.132454
2018-12-10 10:15:00,56.2,47.183872,60.295284,85.32136,46.946556,85.55868
2018-12-10 10:30:00,56.02,50.75871,65.71529,90.92298,50.521393,91.1603
2018-12-10 10:45:00,63.9,51.172924,62.261562,80.80913,50.935608,81.04645
2018-12-10 11:00:00,68.47,52.25379,68.4679,92.66194,52.016476,92.89926
2018-12-10 11:15:00,61.56,50.864033,63.39469,81.90707,50.626717,82.14439
2018-12-10 11:30:00,70.31,50.727108,62.4711,82.91794,50.48979,83.15526
2018-12-10 11:45:00,62.42,50.460133,61.082012,84.858406,50.222816,85.095726
2018-12-10 12:00:00,44.75,44.387478,61.081223,74.06972,44.15016,74.30704
2018-12-10 12:15:00,9.11,5.924255,6.76386,24.457514,5.686938,24.694832
2018-12-10 12:30:00,10.33,6.1697273,8.499543,15.609714,5.9324102,15.847031
2018-12-10 12:45:00,11.45,6.0470796,6.9464355,7.9893994,5.8097625,8.226717
2018-12-10 13:00:00,11.09,5.406602,6.349847,25.573578,5.169285,25.810896
2018-12-10 13:15:00,42.66,17.478693,27.523386,55.383076,17.241375,55.62039
2018-12-10 13:30:00,72.9,40.250835,57.625557,81.41224,40.01352,81.64956
2018-12-10 13:45:00,71.03,39.210606,57.62045,73.90819,38.97329,74.14551
2018-12-10 14:00:00,67.32,31.712624,57.87299,76.043945,31.475306,76.281265
2018-12-10 14:15:00,64.22,47.15267,59.60151,81.571754,46.915356,81.809074
2018-12-10 14:30:00,69.91,50.286266,70.46861,95.044716,50.04895,95.282036
2018-12-10 14:45:00,51.23,51.210625,68.641335,91.88152,50.97331,92.11884
2018-12-10 15:00:00,58.39,50.58099,64.16291,85.98127,50.343674,86.21859
2018-12-10 15:15:00,69.62,48.801823,63.05297,84.42138,48.564507,84.6587
2018-12-10 15:30:00,66.71,48.078106,66.04083,88.97521,47.84079,89.21253
2018-12-10 15:45:00,65.99,47.179337,60.68999,79.84371,46.94202,80.08103
2018-12-10 16:00:00,64.98,49.556446,59.949062,74.53515,49.31913,74.77247
2018-12-10 16:15:00,64.55,50.043594,65.41329,86.01483,49.80628,86.25215
2018-12-10 16:30:00,63.72,48.762615,64.656334,80.9452,48.5253,81.18252
2018-12-10 16:45:00,66.53,48.998386,66.06137,81.931854,48.76107,82.169174
2018-12-10 17:00:00,62.57,47.872406,59.917095,79.21437,47.63509,79.45169
2018-12-10 17:15:00,63.72,44.35567,58.30001,77.41841,44.118355,77.65573
2018-12-10 17:30:00,58.64,43.453354,55.695156,76.252815,43.216038,76.490135
2018-12-10 17:45:00,60.12,26.789461,35.464928,52.003544,26.552143,52.24086
2018-12-10 18:00:00,24.73,23.639158,29.440823,36.36073,23.40184,36.598045
2018-12-10 18:15:00,5.47,21.767393,34.021946,53.85076,21.530075,54.088078
2018-12-10 18:30:00,4.5,18.282787,44.113216,56.385643,18.04547,56.62296
2018-12-10 18:45:00,4.46,21.080702,48.61802,67.469215,20.843384,67.706535
2018-12-10 19:00:00,4.46,9.428238,25.659903,56.55565,9.190921,56.792965
2018-12-10 19:15:00,4.75,6.3507867,14.559253,32.18463,6.1134696,32.421947
2018-12-10 19:30:00,5.69,3.9193351,8.127883,34.41669,3.6820178,34.654007
2018-12-10 19:45:00,5.62,4.463096,7.167251,30.947523,4.225779,31.184841
2018-12-10 20:00:00,4.46,5.042694,6.847341,28.442627,4.805377,28.679945
2018-12-10 20:15:00,4.46,4.3900156,7.0658355,16.643951,4.1526985,16.88127
2018-12-10 20:30:00,4.5,3.4999595,8.636272,23.325016,3.2626421,23.562334
2018-12-10 20:45:00,4.43,3.659033,6.3824735,21.046976,3.4217157,21.284294
2018-12-10 21:00:00,4.46,3.8121665,5.8129587,6.861098,3.5748491,7.098415
2018-12-10 21:15:00,4.5,3.8488426,4.2335663,5.362749,3.6115253,5.600066
2018-12-10 21:30:00,4.57,3.6721287,3.7476494,5.310232,3.4348114,5.5475492
2018-12-10 21:45:00,4.54,3.692684,4.318972,5.43715,3.4553666,5.674467
2018-12-10 22:00:00,4.46,3.7201216,4.4191017,5.4334345,3.4828043,5.6707516
2018-12-10 22:15:00,4.28,3.6940832,3.7762437,4.3779826,3.456766,4.6152997
2018-12-10 22:30:00,4.25,3.6557844,4.3267508,5.3637714,3.418467,5.6010885
2018-12-10 22:45:00,4.32,3.6158717,4.8027587,5.2608347,3.3785543,5.498152
2018-12-10 23:00:00,4.18,3.6238537,4.947034,5.282536,3.3865364,5.519853
2018-12-10 23:15:00,4.18,3.3767588,3.4777217,4.092489,3.1394415,4.329806
2018-12-10 23:30:00,4.21,3.3641531,3.4149568,4.10166,3.1268358,4.338977
2018-12-10 23:45:00,4.28,3.5655277,3.632882,4.224427,3.3282104,4.4617443
2018-12-11 00:00:00,4.18,3.3330674,3.4317899,4.106965,3.09575,4.344282
2018-12-11 00:15:00,4.86,3.2995782,3.5006747,4.0790005,3.0622609,4.3163176
2018-12-11 00:30:00,4.21,3.3400784,3.5213733,4.0975842,3.102761,4.3349013
2018-12-11 00:45:00,4.18,3.4961123,3.508927,4.1672316,3.258795,4.4045486
2018-12-11 01:00:00,4.21,3.3433833,3.5328703,4.2197104,3.106066,4.4570274
2018-12-11 01:15:00,4.32,3.4868622,3.5944018,4.3886642,3.2495449,4.6259813
2018-12-11 01:30:00,4.25,3.413333,3.516812,4.0995617,3.1760156,4.336879
2018-12-11 01:45:00,4.18,3.3539705,3.5589962,4.036868,3.1166532,4.274185
2018-12-11 02:00:00,4.21,3.2666447,3.5437686,3.9704275,3.0293274,4.2077446
2018-12-11 02:15:00,4.28,3.310772,3.5384681,4.129948,3.0734546,4.367265
2018-12-11 02:30:00,4.25,3.3147666,3.3927348,4.1373973,3.0774493,4.3747144
2018-12-11 02:45:00,4.21,3.3523965,3.5150263,4.077758,3.1150792,4.315075
2018-12-11 03:00:00,3.56,3.3019712,3.4971628,4.1564007,3.0646539,4.393718
2018-12-11 03:15:00,3.56,3.3176255,3.5351412,4.0262437,3.0803082,4.263561
2018-12-11 03:30:00,3.53,3.3536198,3.3913019,4.0418673,3.1163025,4.2791843
2018-12-11 03:45:00,3.53,3.3398035,3.3625474,4.0434,3.1024861,4.280717
2018-12-11 04:00:00,3.85,3.0287492,3.1199362,3.686538,2.791432,3.9238553
2018-12-11 04:15:00,4.18,2.9862382,3.0796192,3.6115282,2.748921,3.8488455
2018-12-11 04:30:00,3.49,3.0121794,3.1619372,3.6223378,2.774862,3.8596551
2018-12-11 04:45:00,3.56,3.1393263,3.1924577,3.946943,2.902009,4.1842604
2018-12-11 05:00:00,3.56,3.1848907,3.2247708,3.933751,2.9475734,4.171068
2018-12-11 05:15:00,3.74,3.1079056,3.3176,3.8398087,2.8705883,4.077126
2018-12-11 05:30:00,4.18,3.0286996,3.1590025,3.9425461,2.7913823,4.1798635
2018-12-11 05:45:00,4.25,3.044101,3.2141623,3.8643656,2.8067837,4.1016827
2018-12-11 06:00:00,4.28,3.1410668,3.1656752,3.6719007,2.9037495,3.909218
2018-12-11 06:15:00,3.56,3.1898756,3.2167308,3.8327117,2.9525583,4.070029
2018-12-11 06:30:00,3.53,3.1259806,3.334284,3.8484411,2.8886633,4.085758
2018-12-11 06:45:00,3.6,3.1397862,3.4967546,3.7825449,2.902469,4.019862
2018-12-11 07:00:00,3.49,3.2132516,3.4685829,3.8423321,2.9759343,4.0796494
2018-12-11 07:15:00,4.1,3.0368443,3.0549278,3.6955793,2.799527,3.9328966
2018-12-11 07:30:00,4.07,3.240486,3.3115466,3.7249823,3.0031686,3.9622996
2018-12-11 07:45:00,4.86,3.1567638,3.845346,5.8617516,2.9194465,6.0990686
2018-12-11 08:00:00,14.83,3.4140043,5.433112,7.712399,3.176687,7.949716
2018-12-11 08:15:00,44.21,9.02866,35.737854,37.125523,8.791343,37.36284
2018-12-11 08:30:00,54.04,22.750902,56.302525,70.08844,22.513584,70.32576
2018-12-11 08:45:00,61.74,21.447834,56.506325,73.1965,21.210516,73.43382
2018-12-11 09:00:00,69.48,35.57164,63.155506,79.8615,35.334324,80.09882
2018-12-11 09:15:00,75.38,51.928497,61.887512,87.99094,51.69118,88.22826
2018-12-11 09:30:00,71.82,48.939117,61.306053,78.23459,48.7018,78.47191
2018-12-11 09:45:00,71.24,51.943672,61.188114,81.65987,51.706356,81.89719
2018-12-11 10:00:00,54.86,50.18774,62.08688,85.409454,49.950424,85.646774
2018-12-11 10:15:00,66.13,48.286427,67.66333,86.07385,48.04911,86.31117
2018-12-11 10:30:00,73.08,51.543774,68.85513,93.02386,51.306458,93.26118
2018-12-11 10:45:00,77.51,49.710304,64.85811,91.76001,49.47299,91.99733
2018-12-11 11:00:00,72.54,47.892384,63.83482,77.586815,47.655067,77.824135
2018-12-11 11:15:00,63.83,51.405247,66.93438,87.99744,51.16793,88.23476
2018-12-11 11:30:00,67.07,53.11506,69.69489,93.44237,52.877743,93.67969
2018-12-11 11:45:00,84.24,50.7387,72.08588,98.30309,50.501385,98.54041
2018-12-11 12:00:00,72.79,46.791363,72.13852,91.54738,46.554047,91.7847
2018-12-11 12:15:00,7.96,5.964596,11.713201,26.287533,5.7272787,26.52485
2018-12-11 12:30:00,5.8,5.8468347,9.969894,19.354088,5.6095176,19.591406
2018-12-11 12:45:00,6.98,6.155257,10.646887,15.502351,5.91794,15.739668
2018-12-11 13:00:00,6.95,5.9874864,10.242978,28.218586,5.7501693,28.455904
2018-12-11 13:15:00,38.45,19.753279,32.998615,59.25945,19.51596,59.496765
2018-12-11 13:30:00,59.36,41.740513,75.4515,84.35944,41.503197,84.59676
2018-12-11 13:45:00,66.02,45.604767,74.210434,96.2322,45.36745,96.46952
2018-12-11 14:00:00,80.28,34.30746,70.979225,82.23342,34.070145,82.47074
2018-12-11 14:15:00,75.53,47.28708,57.344322,73.514046,47.049763,73.751366
2018-12-11 14:30:00,72.0,50.436558,60.89704,80.90797,50.19924,81.14529
2018-12-11 14:45:00,72.61,50.770287,62.57557,90.74821,50.53297,90.98553
2018-12-11 15:00:00,78.55,52.38966,76.787025,98.76243,52.152344,98.99975
2018-12-11 15:15:00,73.98,50.603264,75.08622,93.43744,50.365948,93.67476
2018-12-11 15:30:00,76.79,50.95582,74.75421,94.99474,50.718502,95.23206
2018-12-11 15:45:00,80.46,51.547413,76.63962,90.206696,51.310097,90.444016
2018-12-11 16:00:00,68.11,50.607338,80.20915,89.679146,50.37002,89.916466
2018-12-11 16:15:00,71.68,50.48032,76.33444,93.22848,50.243004,93.4658
2018-12-11 16:30:00,69.8,48.759033,77.43102,92.38107,48.521717,92.61839
2018-12-11 16:45:00,75.46,51.50085,81.81582,99.8778,51.263535,100.11512
2018-12-11 17:00:00,70.27,48.50982,69.90516,91.87521,48.272503,92.11253
2018-12-11 17:15:00,78.48,45.39596,74.29658,90.56632,45.158646,90.80364
2018-12-11 17:30:00,66.78,43.81346,68.48164,82.22887,43.576145,82.46619
2018-12-11 17:45:00,32.11,31.144974,50.67442,79.88409,30.907656,80.12141
2018-12-11 18:00:00,31.25,26.756828,37.503166,45.04393,26.51951,45.281246
2018-12-11 18:15:00,36.4,28.65146,49.174732,63.608196,28.414143,63.845512
2018-12-11 18:30:00,39.56,27.62638,52.544342,71.571785,27.389063,71.809105
2018-12-11 18:45:00,51.44,21.114159,51.35255,76.40256,20.87684,76.63988
2018-12-11 19:00:00,51.52,21.54089,49.686558,73.455666,21.303572,73.692986
2018-12-11 19:15:00,53.57,24.78697,46.039555,74.018616,24.549652,74.255936
2018-12-11 19:30:00,52.81,25.089544,42.593426,45.03668,24.852226,45.273994
2018-12-11 19:45:00,52.38,28.568937,47.026222,63.547756,28.33162,63.785072
2018-12-11 20:00:00,53.21,30.161297,47.625267,64.667145,29.923979,64.904465
2018-12-11 20:15:00,51.91,29.908241,50.365913,71.83388,29.670923,72.0712
2018-12-11 20:30:00,53.46,28.549803,34.256065,53.051792,28.312485,53.28911
2018-12-11 20:45:00,32.36,18.870314,25.20833,39.272915,18.632996,39.51023
2018-12-11 21:00:00,28.37,9.534188,17.930365,29.211102,9.296871,29.44842
2018-12-11 21:15:00,6.77,4.422284,8.481103,23.89638,4.184967,24.133698
2018-12-11 21:30:00,5.69,4.1691604,7.824089,29.887714,3.931843,30.125032
2018-12-11 21:45:00,5.8,4.1822324,8.2550955,21.76923,3.944915,22.006548
2018-12-11 22:00:00,5.69,4.1784883,8.336126,19.531597,3.941171,19.768915
2018-12-11 22:15:00,5.47,4.1859555,7.621003,11.58783,3.9486382,11.825147
2018-12-11 22:30:00,5.44,3.9201987,7.3880124,10.016964,3.6828814,10.254281
2018-12-11 22:45:00,4.97,3.787283,7.522147,7.6285276,3.5499656,7.8658447
2018-12-11 23:00:00,4.36,3.8085196,6.451874,7.610296,3.5712023,7.847613
2018-12-11 23:15:00,4.25,3.8642368,5.214418,7.1361985,3.6269195,7.3735156
2018-12-11 23:30:00,4.21,3.8009114,5.211398,7.1822276,3.563594,7.4195447
2018-12-11 23:45:00,4.14,3.7853837,4.6779556,7.366158,3.5480664,7.603475
2018-12-12 00:00:00,4.21,3.3529515,4.0166287,4.1600122,3.1156342,4.3973293
2018-12-12 00:15:00,4.21,3.7189052,3.8204393,3.880047,3.481588,4.1173644
2018-12-12 00:30:00,4.14,3.7730935,3.8420813,4.014542,3.5357761,4.251859
2018-12-12 00:45:00,4.14,3.5930128,3.9949195,4.197762,3.3556955,4.435079
2018-12-12 01:00:00,4.14,3.6939502,4.232133,4.471241,3.4566329,4.708558
2018-12-12 01:15:00,4.21,3.6374018,3.962145,4.188832,3.4000845,4.426149
2018-12-12 01:30:00,4.18,3.6601453,4.0052357,4.178475,3.422828,4.415792
2018-12-12 01:45:00,4.75,3.6467454,3.95869,4.2091403,3.4094281,4.4464574
2018-12-12 02:00:00,5.33,3.6502452,3.9210513,4.1843057,3.4129279,4.4216228
2018-12-12 02:15:00,4.25,3.6735947,3.8780282,4.2231736,3.4362774,4.4604907
2018-12-12 02:30:00,4.25,3.7368994,3.820049,4.24279,3.499582,4.4801073
2018-12-12 02:45:00,4.18,3.6866162,3.9558806,4.5811386,3.4492989,4.8184557
2018-12-12 03:00:00,4.21,3.8736784,4.108754,4.7113433,3.6363611,4.9486604
2018-12-12 03:15:00,4.18,3.7341115,3.9063993,3.933524,3.4967942,4.170841
2018-12-12 03:30:00,4.18,3.4584723,3.8258085,4.003351,3.221155,4.2406683
2018-12-12 03:45:00,4.25,3.3461647,3.9173584,3.9588058,3.1088474,4.196123
2018-12-12 04:00:00,4.18,3.3561885,3.8588006,4.092151,3.1188712,4.3294683
2018-12-12 04:15:00,4.03,3.3707342,3.8818543,4.2724876,3.133417,4.5098047
2018-12-12 04:30:00,3.46,3.4913468,3.8960183,4.0769563,3.2540295,4.3142734
2018-12-12 04:45:00,3.46,3.5498333,3.81416,4.078615,3.312516,4.3159323
2018-12-12 05:00:00,3.53,3.6810231,3.8619769,4.0689015,3.4437058,4.3062186
2018-12-12 05:15:00,3.46,3.5196342,3.93974,3.9607494,3.282317,4.1980667
2018-12-12 05:30:00,3.49,3.321386,3.7668765,3.803276,3.0840688,4.040593
2018-12-12 05:45:00,4.0,3.26623,3.746948,3.8168242,3.0289128,4.0541415
2018-12-12 06:00:00,4.25,3.244794,3.7111285,3.8963811,3.0074766,4.1336985
2018-12-12 06:15:00,3.85,3.2327769,3.683359,3.7721615,2.9954596,4.0094786
2018-12-12 06:30:00,3.42,3.3355484,3.593717,3.9532216,3.098231,4.190539
2018-12-12 06:45:00,3.42,3.330157,3.6424122,4.1288357,3.0928397,4.366153
2018-12-12 07:00:00,3.96,3.3193872,3.8058438,3.9187334,3.0820699,4.1560507
2018-12-12 07:15:00,4.1,3.397068,4.025487,4.087511,3.1597507,4.324828
2018-12-12 07:30:00,4.32,3.2846875,3.9951046,4.1886945,3.0473702,4.4260116
2018-12-12 07:45:00,5.83,3.5064707,4.925592,6.907256,3.2691534,7.144573
2018-12-12 08:00:00,5.8,3.9338014,5.780806,13.438713,3.696484,13.67603
2018-12-12 08:15:00,36.86,11.862,39.97187,45.43913,11.624683,45.676445
2018-12-12 08:30:00,60.37,25.827122,62.758316,95.14542,25.589804,95.38274
2018-12-12 08:45:00,66.46,29.823366,62.18613,91.85069,29.586048,92.08801
2018-12-12 09:00:00,69.05,30.799665,65.57723,98.43763,30.562347,98.67495
2018-12-12 09:15:00,63.86,49.885082,61.46478,98.359146,49.647766,98.596466
2018-12-12 09:30:00,65.59,50.62261,65.21286,90.35755,50.385292,90.59487
2018-12-12 09:45:00,60.98,51.765663,66.14212,92.951065,51.528347,93.188385
2018-12-12 10:00:00,65.74,49.741856,66.53223,94.3958,49.50454,94.63312
2018-12-12 10:15:00,57.17,46.93476,60.13802,85.85605,46.697445,86.09337
2018-12-12 10:30:00,64.55,48.339718,62.8722,88.70373,48.1024,88.94105
2018-12-12 10:45:00,53.42,48.68524,61.851906,82.60233,48.447926,82.83965
2018-12-12 11:00:00,65.88,48.591225,65.69853,89.65551,48.35391,89.89283
2018-12-12 11:15:00,57.71,48.376762,62.62457,84.56847,48.139446,84.805786
2018-12-12 11:30:00,59.76,49.379894,63.931786,84.57387,49.14258,84.81119
2018-12-12 11:45:00,79.85,46.042637,61.152626,75.330536,45.80532,75.567856
2018-12-12 12:00:00,49.64,45.087475,61.619705,75.209984,44.85016,75.4473
2018-12-12 12:15:00,27.97,5.733335,6.9036593,25.42302,5.496018,25.660337
2018-12-12 12:30:00,29.74,5.6222944,6.509276,17.987661,5.3849773,18.22498
2018-12-12 12:45:00,29.56,5.8672056,9.752013,11.306512,5.6298885,11.543829
2018-12-12 13:00:00,29.3,5.5030556,5.577593,32.65162,5.2657385,32.888935
2018-12-12 13:15:00,58.86,26.968277,30.388811,52.435223,26.730959,52.67254
2018-12-12 13:30:00,61.78,50.394997,50.72972,71.41166,50.15768,71.64898
2018-12-12 13:45:00,77.0,47.1538,56.094482,81.93226,46.916485,82.16958
2018-12-12 14:00:00,65.56,42.011955,50.683167,70.86654,41.77464,71.10386
2018-12-12 14:15:00,86.51,53.728024,62.164074,85.71284,53.490707,85.95016
2018-12-12 14:30:00,60.44,50.059128,61.910385,83.11466,49.82181,83.35198
2018-12-12 14:45:00,64.8,48.980537,71.3775,92.64725,48.74322,92.88457
2018-12-12 15:00:00,72.18,48.682484,64.18615,88.06899,48.445168,88.30631
2018-12-12 15:15:00,69.08,51.147438,83.75983,97.9179,50.910122,98.15522
2018-12-12 15:30:00,66.17,49.844437,70.31627,84.856285,49.60712,85.093605
2018-12-12 15:45:00,61.67,50.48644,69.340866,89.95122,50.249123,90.18854
2018-12-12 16:00:00,70.6,51.06395,78.14211,93.359344,50.826633,93.596664
2018-12-12 16:15:00,68.36,49.719738,68.12507,87.36713,49.48242,87.60445
2018-12-12 16:30:00,75.1,48.68826,64.780174,81.90582,48.450943,82.14314
2018-12-12 16:45:00,66.13,49.854557,64.739746,77.59828,49.61724,77.8356
2018-12-12 17:00:00,70.7,44.10371,65.816315,86.78383,43.866394,87.02115
2018-12-12 17:15:00,60.7,42.352493,60.917034,78.05575,42.115177,78.29307
2018-12-12 17:30:00,57.92,40.307175,67.552055,83.82439,40.06986,84.06171
2018-12-12 17:45:00,32.9,21.385668,36.90989,53.716007,21.14835,53.953323
2018-12-12 18:00:00,30.53,20.289331,31.90591,45.789555,20.052013,46.02687
2018-12-12 18:15:00,49.9,18.009857,29.967033,43.25175,17.77254,43.489067
2018-12-12 18:30:00,67.25,15.447863,41.22826,55.343674,15.210546,55.58099
2018-12-12 18:45:00,69.37,13.735227,46.286934,68.06071,13.49791,68.29803
2018-12-12 19:00:00,65.99,13.269974,44.378643,71.93712,13.032657,72.17444
2018-12-12 19:15:00,66.02,22.589224,47.15749,70.98846,22.351906,71.22578
2018-12-12 19:30:00,60.19,27.490858,47.87458,77.694824,27.25354,77.932144
2018-12-12 19:45:00,58.54,27.997429,58.32231,86.19845,27.76011,86.43577
2018-12-12 20:00:00,61.85,27.006874,52.96718,79.70795,26.769556,79.94527
2018-12-12 20:15:00,67.07,25.981583,57.17689,73.55154,25.744265,73.78886
2018-12-12 20:30:00,58.82,25.62911,49.160366,67.13189,25.391792,67.36921
2018-12-12 20:45:00,53.35,18.90221,24.787743,46.984215,18.664892,47.22153
2018-12-12 21:00:00,30.35,11.270783,15.218506,40.892685,11.033466,41.13
2018-12-12 21:15:00,12.2,4.3813133,6.7969775,40.261665,4.1439962,40.49898
2018-12-12 21:30:00,5.8,3.9945557,5.0849643,35.24153,3.7572384,35.478848
2018-12-12 21:45:00,5.76,3.900509,5.69522,26.851,3.6631918,27.088318
2018-12-12 22:00:00,5.65,4.0952315,5.376854,26.572552,3.8579142,26.80987
2018-12-12 22:15:00,5.04,3.836667,4.423849,11.208949,3.5993497,11.446266
2018-12-12 22:30:00,4.25,3.7737923,4.055779,6.3296742,3.536475,6.5669913
2018-12-12 22:45:00,4.25,3.790848,4.2975316,9.594148,3.5535307,9.831465
2018-12-12 23:00:00,4.21,3.8065429,4.3803353,5.7656107,3.5692255,6.002928
2018-12-12 23:15:00,4.14,3.8082287,4.9222226,5.2078547,3.5709114,5.445172
2018-12-12 23:30:00,4.1,3.7734976,3.8352742,4.138545,3.5361803,4.375862
2018-12-12 23:45:00,4.1,3.790148,3.8585734,4.1122613,3.5528307,4.3495784
2018-12-13 00:00:00,5.26,3.404998,4.0100274,4.2334886,3.1676807,4.4708056
2018-12-13 00:15:00,4.1,3.5866272,3.8133814,4.2364793,3.34931,4.4737964
2018-12-13 00:30:00,4.18,3.6693146,3.708307,4.1736684,3.4319973,4.4109855
2018-12-13 00:45:00,4.21,3.609055,3.7713928,4.3404517,3.3717377,4.577769
2018-12-13 01:00:00,4.14,3.7302475,4.377137,4.663187,3.4929302,4.900504
2018-12-13 01:15:00,4.28,3.6111732,3.7653887,4.5572224,3.3738558,4.7945395
2018-12-13 01:30:00,4.18,3.7755759,3.783913,4.5219913,3.5382586,4.7593083
2018-12-13 01:45:00,4.25,3.7804995,3.8788586,4.513381,3.5431821,4.750698
2018-12-13 02:00:00,5.36,3.6085632,4.004269,4.2169347,3.3712459,4.454252
2018-12-13 02:15:00,4.79,3.63867,3.889844,4.273993,3.4013526,4.51131
2018-12-13 02:30:00,4.25,3.6707323,3.8927603,4.2641463,3.433415,4.5014634
2018-12-13 02:45:00,4.18,3.6684582,3.8910077,4.424919,3.431141,4.662236
2018-12-13 03:00:00,4.21,3.8374918,4.0632815,4.6534595,3.6001744,4.8907766
2018-12-13 03:15:00,4.18,3.8383465,3.9370997,4.339629,3.6010292,4.5769463
2018-12-13 03:30:00,4.21,3.7175786,3.8012397,4.023147,3.4802613,4.260464
2018-12-13 03:45:00,4.21,3.7276452,3.8163662,4.0462985,3.4903278,4.2836156
2018-12-13 04:00:00,4.21,3.4674542,3.774367,4.244252,3.2301369,4.4815693
2018-12-13 04:15:00,4.18,3.6098177,3.8244264,4.4003897,3.3725004,4.6377068
2018-12-13 04:30:00,4.21,3.639391,3.67894,4.2108088,3.4020736,4.448126
2018-12-13 04:45:00,4.21,3.6040928,3.6174548,4.2125974,3.3667755,4.4499145
2018-12-13 05:00:00,4.18,3.6857615,3.7763271,4.1654425,3.4484441,4.4027596
2018-12-13 05:15:00,3.67,3.6828525,3.7700486,4.143231,3.4455352,4.380548
2018-12-13 05:30:00,3.42,3.6664364,3.8308375,4.7452292,3.429119,4.9825463
2018-12-13 05:45:00,3.89,3.6499155,3.7950962,4.4606175,3.4125981,4.6979346
2018-12-13 06:00:00,4.32,3.6428514,3.7984655,4.9576244,3.405534,5.1949415
2018-12-13 06:15:00,3.46,3.5604696,3.6218374,3.8886778,3.3231523,4.125995
2018-12-13 06:30:00,3.38,3.3429933,3.5425746,3.77552,3.105676,4.0128374
2018-12-13 06:45:00,3.38,3.3352377,3.713737,4.0520377,3.0979204,4.289355
2018-12-13 07:00:00,3.42,3.6745162,3.7336938,4.156327,3.4371989,4.393644
2018-12-13 07:15:00,3.42,3.2439444,3.6442215,3.8704581,3.006627,4.107775
2018-12-13 07:30:00,3.71,3.3417475,3.8092153,4.1976166,3.1044302,4.4349337
2018-12-13 07:45:00,5.69,3.5541825,4.5185966,6.6358943,3.3168652,6.8732114
2018-12-13 08:00:00,6.23,3.7011325,4.5573936,8.486966,3.4638152,8.724283
2018-12-13 08:15:00,35.57,11.842034,36.01891,39.08525,11.604717,39.322567
2018-12-13 08:30:00,72.86,25.492308,59.851112,80.97427,25.25499,81.21159
2018-12-13 08:45:00,61.74,30.81529,64.58088,88.93525,30.577972,89.17257
2018-12-13 09:00:00,76.36,34.28874,65.47415,88.306656,34.051422,88.543976
2018-12-13 09:15:00,63.11,49.753754,60.884045,87.95825,49.516438,88.19557
2018-12-13 09:30:00,65.66,53.360992,74.493126,99.83462,53.123676,100.07194
2018-12-13 09:45:00,72.07,53.49208,65.40312,80.81112,53.254765,81.04844
2018-12-13 10:00:00,56.84,50.962082,70.72563,95.116936,50.724766,95.354256
2018-12-13 10:15:00,69.3,48.771942,66.597755,82.09458,48.534626,82.3319
2018-12-13 10:30:00,65.66,50.58822,66.95616,83.421486,50.350903,83.658806
2018-12-13 10:45:00,85.43,49.79776,73.26036,90.27706,49.560444,90.51438
2018-12-13 11:00:00,53.17,50.625175,65.60565,79.57536,50.38786,79.81268
2018-12-13 11:15:00,55.4,49.114998,68.42855,88.432915,48.87768,88.670235
2018-12-13 11:30:00,60.08,49.73968,66.96053,83.05162,49.502365,83.28894
2018-12-13 11:45:00,58.0,52.344902,82.60219,97.145744,52.107586,97.383064
2018-12-13 12:00:00,51.3,42.821297,63.676952,79.19751,42.58398,79.43483
2018-12-13 12:15:00,11.38,6.7024617,9.193168,41.068184,6.4651446,41.3055
2018-12-13 12:30:00,10.91,7.8374147,7.956591,32.768364,7.6000977,33.00568
2018-12-13 12:45:00,30.1,6.7227383,6.9512973,29.916548,6.485421,30.153866
2018-12-13 13:00:00,36.4,6.616255,7.0042725,26.538897,6.3789377,26.776215
2018-12-13 13:15:00,41.69,23.719658,44.568306,58.110195,23.48234,58.34751
2018-12-13 13:30:00,56.92,42.182983,58.14082,71.52984,41.945667,71.76716
2018-12-13 13:45:00,46.66,52.99238,53.306293,75.48373,52.755062,75.72105
2018-12-13 14:00:00,52.52,50.143803,57.92665,75.58954,49.906487,75.82686
2018-12-13 14:15:00,58.25,44.835487,58.13355,75.50907,44.59817,75.74639
2018-12-13 14:30:00,72.61,47.662727,59.308533,78.28213,47.42541,78.51945
2018-12-13 14:45:00,66.24,44.949593,52.002182,72.56733,44.712276,72.80465
2018-12-13 15:00:00,73.08,45.243557,54.812695,74.996765,45.00624,75.234085
2018-12-13 15:15:00,60.52,47.920307,57.781384,76.92572,47.68299,77.16304
2018-12-13 15:30:00,59.87,50.659016,70.34965,90.68332,50.4217,90.92064
2018-12-13 15:45:00,63.5,49.806557,66.274216,86.74196,49.56924,86.97928
2018-12-13 16:00:00,60.52,49.84607,75.13617,89.17892,49.608753,89.41624
2018-12-13 16:15:00,88.92,50.0528,65.819984,77.34842,49.815483,77.58574
2018-12-13 16:30:00,105.37,49.875683,63.603336,83.06479,49.638367,83.30211
2018-12-13 16:45:00,102.89,50.93626,66.70701,81.976204,50.698944,82.213524
2018-12-13 17:00:00,77.83,46.11265,60.080875,81.57753,45.875336,81.81485
2018-12-13 17:15:00,67.18,46.56427,78.311935,94.932556,46.326954,95.169876
2018-12-13 17:30:00,70.13,45.18334,82.61923,102.348885,44.946022,102.586205
2018-12-13 17:45:00,31.72,29.009584,39.906364,69.72002,28.772266,69.95734
2018-12-13 18:00:00,31.5,26.017862,34.695843,41.333073,25.780544,41.57039
2018-12-13 18:15:00,54.79,27.69416,46.621304,66.347885,27.456842,66.585205
2018-12-13 18:30:00,77.04,34.66585,66.67178,93.89292,34.428535,94.13024
2018-12-13 18:45:00,79.63,28.929943,55.822308,84.30828,28.692625,84.5456
2018-12-13 19:00:00,80.46,29.158655,50.818085,80.7657,28.921337,81.00302
2018-12-13 19:15:00,71.89,40.23007,58.526505,79.19581,39.992752,79.43313
2018-12-13 19:30:00,78.52,39.75394,65.08636,99.657104,39.516624,99.894424
2018-12-13 19:45:00,52.31,40.21205,68.948105,100.60446,39.974735,100.84178
2018-12-13 20:00:00,61.16,43.617363,70.13802,99.43972,43.380047,99.67704
2018-12-13 20:15:00,61.6,45.36975,72.14174,92.74414,45.132435,92.98146
2018-12-13 20:30:00,49.68,41.996037,69.967026,97.20612,41.75872,97.44344
2018-12-13 20:45:00,41.54,26.482496,52.96016,68.08335,26.245178,68.32067
2018-12-13 21:00:00,20.16,12.94749,19.581665,54.047993,12.710173,54.28531
2018-12-13 21:15:00,6.16,4.698695,7.9713054,31.309408,4.461378,31.546726
2018-12-13 21:30:00,5.69,4.285195,5.761714,28.079638,4.047878,28.316956
2018-12-13 21:45:00,5.69,4.1224866,4.671997,18.675438,3.8851693,18.912756
2018-12-13 22:00:00,5.65,3.779092,4.691021,11.603773,3.5417747,11.84109
2018-12-13 22:15:00,5.47,4.090387,4.196025,4.6341133,3.8530695,4.8714304
2018-12-13 22:30:00,5.4,3.8855972,5.773565,6.1024184,3.64828,6.3397355
2018-12-13 22:45:00,5.36,3.6739638,4.4556146,5.8342547,3.4366465,6.071572
2018-12-13 23:00:00,5.36,3.789429,5.2200046,5.589988,3.5521116,5.8273053
2018-12-13 23:15:00,5.26,3.7810774,5.5699124,5.8380504,3.54376,6.0753675
2018-12-13 23:30:00,5.22,3.7555878,5.640735,5.971192,3.5182705,6.208509
2018-12-13 23:45:00,5.18,3.764963,5.2303567,5.474777,3.5276456,5.7120943
2018-12-14 00:00:00,4.1,3.362652,4.464036,5.057236,3.1253347,5.2945533
2018-12-14 00:15:00,5.33,3.6729615,4.355914,5.283965,3.4356441,5.521282
2018-12-14 00:30:00,5.29,3.7333696,4.048111,5.2701983,3.4960523,5.5075154
2018-12-14 00:45:00,5.26,3.7612417,5.0069623,5.2812676,3.5239244,5.5185847
2018-12-14 01:00:00,5.29,3.6521304,3.774092,4.2743807,3.414813,4.511698
2018-12-14 01:15:00,5.26,3.6965709,4.296521,5.570323,3.4592535,5.80764
2018-12-14 01:30:00,5.36,3.7578611,4.315501,5.5127378,3.5205438,5.750055
2018-12-14 01:45:00,5.33,3.7569237,4.337707,5.5152097,3.5196064,5.7525268
2018-12-14 02:00:00,4.79,3.716085,4.400872,4.9305124,3.4787676,5.1678295
2018-12-14 02:15:00,4.14,3.7441847,4.4627466,5.4025226,3.5068674,5.6398396
2018-12-14 02:30:00,4.18,3.7477565,4.506336,5.434526,3.5104392,5.671843
2018-12-14 02:45:00,4.21,3.7588413,4.7649035,5.4412236,3.521524,5.6785407
2018-12-14 03:00:00,4.18,3.870633,4.9876986,4.996676,3.6333156,5.233993
2018-12-14 03:15:00,4.25,3.6844606,3.946627,4.904941,3.4471433,5.142258
2018-12-14 03:30:00,4.18,3.7087555,3.9351697,4.907286,3.4714382,5.1446033
2018-12-14 03:45:00,4.14,3.7027204,3.8930557,4.497645,3.465403,4.734962
2018-12-14 04:00:00,4.28,3.6802135,3.8591378,4.6450253,3.4428961,4.8823423
2018-12-14 04:15:00,4.18,3.6687186,3.844607,4.580971,3.4314013,4.818288
2018-12-14 04:30:00,4.18,3.5110073,3.8596222,4.337285,3.27369,4.574602
2018-12-14 04:45:00,4.1,3.6255374,3.8414493,4.357295,3.38822,4.594612
2018-12-14 05:00:00,4.46,3.6709902,3.8103087,4.3513575,3.433673,4.5886745
2018-12-14 05:15:00,5.4,3.6957707,3.83407,4.101624,3.4584534,4.338941
2018-12-14 05:30:00,4.5,3.6907752,3.8425312,4.114855,3.4534578,4.352172
2018-12-14 05:45:00,4.18,3.7049494,3.9306884,4.663534,3.467632,4.9008512
2018-12-14 06:00:00,4.14,3.7878969,4.042267,4.7033734,3.5505795,4.9406905
2018-12-14 06:15:00,4.14,4.0280843,4.7729535,5.8142743,3.790767,6.0515914
2018-12-14 06:30:00,3.49,3.949652,3.9729288,4.0300846,3.7123346,4.2674017
2018-12-14 06:45:00,3.42,3.844583,3.9301603,3.9712942,3.6072657,4.2086115
2018-12-14 07:00:00,3.35,3.8679984,3.9529414,4.166791,3.630681,4.404108
2018-12-14 07:15:00,3.35,3.7676423,3.899456,4.4484973,3.530325,4.6858144
2018-12-14 07:30:00,4.25,3.4977245,4.04283,4.487378,3.2604072,4.724695
2018-12-14 07:45:00,6.52,3.5924535,5.177946,5.967029,3.3551362,6.204346
2018-12-14 08:00:00,7.38,3.7316802,4.9070296,11.029161,3.4943628,11.266479
2018-12-14 08:15:00,36.22,19.376963,47.399467,64.9925,19.139645,65.22982
2018-12-14 08:30:00,94.18,27.52248,64.58929,86.003876,27.285162,86.241196
2018-12-14 08:45:00,97.88,33.629517,70.40094,91.48322,33.3922,91.72054
2018-12-14 09:00:00,134.5,37.62861,70.40568,89.355896,37.391293,89.593216
2018-12-14 09:15:00,93.67,48.427475,64.86859,89.29388,48.19016,89.5312
2018-12-14 09:30:00,109.26,55.56622,94.41685,104.872314,55.328903,105.109634
2018-12-14 09:45:00,128.34,58.026405,93.064316,103.48664,57.78909,103.72396
2018-12-14 10:00:00,81.47,52.95643,90.13634,123.64906,52.719112,123.88638
2018-12-14 10:15:00,109.69,50.883553,94.31462,118.27906,50.646236,118.51638
2018-12-14 10:30:00,120.67,51.867428,94.82701,115.01907,51.63011,115.25639
2018-12-14 10:45:00,92.81,50.67058,87.12633,113.2836,50.433266,113.52092
2018-12-14 11:00:00,91.58,53.424618,88.96731,116.79185,53.1873,117.02917
2018-12-14 11:15:00,104.9,51.08644,94.3381,112.55668,50.849125,112.794
2018-12-14 11:30:00,124.2,51.296444,90.09933,117.82008,51.059128,118.0574
2018-12-14 11:45:00,88.85,54.38256,91.56787,115.37001,54.145245,115.60733
2018-12-14 12:00:00,132.01,48.475548,89.1013,108.85497,48.23823,109.09229
2018-12-14 12:15:00,13.61,5.354769,6.6624904,30.646904,5.117452,30.884222
2018-12-14 12:30:00,9.86,3.3415442,6.36316,23.661467,3.1042268,23.898785
2018-12-14 12:45:00,9.61,4.8849463,10.887401,30.048985,4.6476293,30.286303
2018-12-14 13:00:00,9.43,4.1224666,20.539005,53.807983,3.8851492,54.0453
2018-12-14 13:15:00,86.98,45.127895,60.71467,82.516685,44.89058,82.754005
2018-12-14 13:30:00,74.66,54.771557,92.572395,110.01121,54.53424,110.24853
2018-12-14 13:45:00,116.42,55.033043,93.6565,115.48306,54.795727,115.72038
2018-12-14 14:00:00,107.57,41.25359,86.55144,117.94439,41.016273,118.18171
2018-12-14 14:15:00,103.82,58.203045,91.77965,121.701294,57.96573,121.938614
2018-12-14 14:30:00,114.73,55.10213,79.74595,113.386055,54.864815,113.623375
2018-12-14 14:45:00,84.74,55.54038,96.59261,117.368866,55.303062,117.606186
2018-12-14 15:00:00,109.4,55.80638,95.01758,119.44684,55.569065,119.68416
2018-12-14 15:15:00,125.21,56.002567,95.08766,116.87859,55.76525,117.11591
2018-12-14 15:30:00,89.35,51.660385,91.96098,114.757454,51.42307,114.994774
2018-12-14 15:45:00,122.26,54.987118,94.61481,117.89822,54.7498,118.13554
2018-12-14 16:00:00,114.66,58.719654,94.661705,117.13261,58.482338,117.36993
2018-12-14 16:15:00,96.8,55.37913,89.46754,113.002655,55.141815,113.239975
2018-12-14 16:30:00,118.12,57.587616,89.08699,112.55963,57.3503,112.79695
2018-12-14 16:45:00,133.2,56.73733,88.01896,113.66062,56.500015,113.89794
2018-12-14 17:00:00,102.64,50.773796,92.71255,116.90776,50.53648,117.14508
2018-12-14 17:15:00,63.94,47.995564,90.886986,119.95788,47.758247,120.1952
2018-12-14 17:30:00,62.64,49.042027,87.00206,111.63422,48.80471,111.87154
2018-12-14 17:45:00,37.94,26.426853,39.6993,89.872604,26.189535,90.109924
2018-12-14 18:00:00,32.62,23.025536,29.528286,37.614174,22.788218,37.85149
2018-12-14 18:15:00,29.63,30.007193,47.03531,77.42051,29.769875,77.65783
2018-12-14 18:30:00,26.57,40.818535,63.566116,109.107185,40.58122,109.344505
2018-12-14 18:45:00,26.35,35.444122,64.17481,103.71183,35.206806,103.94915
2018-12-14 19:00:00,26.32,34.060333,55.496433,98.15038,33.823017,98.3877
2018-12-14 19:15:00,26.39,33.65476,48.582474,79.53441,33.417442,79.77173
2018-12-14 19:30:00,26.64,12.344673,35.39238,62.910934,12.107356,63.14825
2018-12-14 19:45:00,28.44,6.6217046,32.776497,58.06879,6.3843875,58.306107
2018-12-14 20:00:00,30.46,8.431494,31.065086,65.99101,8.194177,66.22833
2018-12-14 20:15:00,29.88,7.5515313,29.708126,47.99611,7.314214,48.233425
2018-12-14 20:30:00,30.06,7.6744065,30.957085,53.265636,7.4370894,53.502953
2018-12-14 20:45:00,31.93,8.026747,31.193031,56.72432,7.7894297,56.961636
2018-12-14 21:00:00,28.66,6.298424,16.506077,33.27486,6.0611067,33.512177
2018-12-14 21:15:00,5.76,3.93543,6.2845964,20.3141,3.6981127,20.551418
2018-12-14 21:30:00,5.8,3.5535488,6.2640758,17.557232,3.3162315,17.79455
2018-12-14 21:45:00,5.72,4.554328,4.562826,13.993929,4.317011,14.231246
2018-12-14 22:00:00,5.69,4.1071625,4.2449036,11.548831,3.8698452,11.786148
2018-12-14 22:15:00,5.4,3.7854805,4.3016725,6.6672783,3.5481632,6.9045954
2018-12-14 22:30:00,5.33,3.9650164,6.0505214,6.923722,3.727699,7.161039
2018-12-14 22:45:00,5.33,3.7751756,4.2767806,4.2895865,3.5378582,4.5269036
2018-12-14 23:00:00,5.33,3.782944,4.365924,4.842057,3.5456266,5.0793743
2018-12-14 23:15:00,4.86,3.7186704,4.4018803,4.618671,3.481353,4.855988
2018-12-14 23:30:00,4.03,3.7202299,4.399259,4.5642657,3.4829125,4.801583
2018-12-14 23:45:00,4.03,3.7249007,4.490254,4.604193,3.4875834,4.8415103
2018-12-15 00:00:00,3.28,2.9563823,4.1582055,4.5469303,2.719065,4.7842474
2018-12-15 00:15:00,4.14,3.581357,4.068807,4.1445847,3.3440397,4.3819017
2018-12-15 00:30:00,4.1,3.5175447,3.576784,3.61452,3.2802274,3.8518374
2018-12-15 00:45:00,4.07,3.5162992,3.552295,3.7831833,3.278982,4.0205007
2018-12-15 01:00:00,4.14,3.2648504,3.4257317,3.5554287,3.027533,3.792746
2018-12-15 01:15:00,4.14,3.4200635,3.6264372,3.9310567,3.1827462,4.168374
2018-12-15 01:30:00,4.14,3.4151664,3.587234,3.7586806,3.177849,3.995998
2018-12-15 01:45:00,4.14,3.4237723,3.6155446,3.8090115,3.186455,4.0463285
2018-12-15 02:00:00,4.1,3.398207,3.7634463,4.1417994,3.1608896,4.3791165
2018-12-15 02:15:00,4.1,3.558229,3.7361932,4.140951,3.3209116,4.3782682
2018-12-15 02:30:00,4.21,3.5978906,3.7454891,4.149006,3.3605733,4.386323
2018-12-15 02:45:00,4.1,3.8153858,4.3515844,4.6454926,3.5780685,4.8828096
2018-12-15 03:00:00,4.18,3.5825927,3.7417593,4.2792587,3.3452754,4.516576
2018-12-15 03:15:00,4.82,3.5462732,3.6044698,4.282431,3.308956,4.519748
2018-12-15 03:30:00,5.26,3.5536182,3.6111457,4.221161,3.3163009,4.458478
2018-12-15 03:45:00,4.18,3.52949,3.5938983,4.236195,3.2921727,4.473512
2018-12-15 04:00:00,4.14,3.5249908,3.6375146,4.2768497,3.2876735,4.514167
2018-12-15 04:15:00,4.14,3.7006142,3.8241034,4.1055603,3.463297,4.3428774
2018-12-15 04:30:00,3.82,3.7330449,4.644499,4.9144325,3.4957275,5.1517496
2018-12-15 04:45:00,3.46,3.5028176,3.608546,3.81871,3.2655003,4.0560274
2018-12-15 05:00:00,3.49,3.52554,3.605855,4.3727055,3.2882228,4.6100225
2018-12-15 05:15:00,3.42,3.5379603,3.604787,4.7500687,3.300643,4.9873857
2018-12-15 05:30:00,3.42,3.3709404,3.5159037,4.1387815,3.1336231,4.3760986
2018-12-15 05:45:00,3.42,3.3097832,3.3098805,3.8868365,3.072466,4.1241536
2018-12-15 06:00:00,3.38,3.4434247,3.509045,3.964731,3.2061074,4.2020483
2018-12-15 06:15:00,3.46,3.2237043,3.2773447,3.9011774,2.986387,4.1384945
2018-12-15 06:30:00,3.42,3.0885372,3.2499382,3.7346942,2.85122,3.9720116
2018-12-15 06:45:00,3.49,3.01697,3.2418008,3.701396,2.7796526,3.9387133
2018-12-15 07:00:00,4.57,3.0303853,3.22774,3.6155558,2.793068,3.852873
2018-12-15 07:15:00,4.43,3.0124617,3.238094,3.6588244,2.7751443,3.8961418
2018-12-15 07:30:00,4.1,3.106386,3.4359548,4.18222,2.8690686,4.419537
2018-12-15 07:45:00,4.07,3.479853,3.6548026,6.9124837,3.2425356,7.149801
2018-12-15 08:00:00,3.64,3.7556326,7.7139544,11.369809,3.5183153,11.607126
2018-12-15 08:15:00,3.35,7.8532023,31.785477,46.566444,7.6158853,46.80376
2018-12-15 08:30:00,3.35,15.361652,51.514793,98.88873,15.124335,99.12605
2018-12-15 08:45:00,3.38,12.304968,47.0342,97.99993,12.067651,98.23725
2018-12-15 09:00:00,3.49,18.93066,55.147785,98.68921,18.693342,98.92653
2018-12-15 09:15:00,3.56,9.44019,27.525778,70.31622,9.202873,70.55354
2018-12-15 09:30:00,3.38,6.794326,23.133516,52.584774,6.5570087,52.82209
2018-12-15 09:45:00,3.42,5.814423,22.000898,65.35285,5.577106,65.59017
2018-12-15 10:00:00,3.35,5.1716576,21.215479,50.36879,4.9343405,50.606106
2018-12-15 10:15:00,3.35,3.9743485,20.617071,56.44565,3.7370312,56.682964
2018-12-15 10:30:00,3.35,4.493977,21.282013,53.070118,4.25666,53.307434
2018-12-15 10:45:00,4.97,5.16988,19.25595,29.347244,4.932563,29.584562
2018-12-15 11:00:00,5.36,4.8392606,19.9072,28.575445,4.6019435,28.812763
2018-12-15 11:15:00,4.28,3.0552664,19.308954,36.589493,2.817949,36.82681
2018-12-15 11:30:00,4.18,3.775366,22.101526,34.28624,3.5380487,34.523556
2018-12-15 11:45:00,3.35,3.6553767,9.062134,37.352627,3.4180593,37.589943
2018-12-15 12:00:00,3.38,2.7721338,8.665632,47.15496,2.5348165,47.392277
2018-12-15 12:15:00,3.42,3.8613353,9.914327,12.269357,3.624018,12.506674
2018-12-15 12:30:00,3.42,3.947841,9.611129,11.618541,3.7105236,11.855858
2018-12-15 12:45:00,3.42,3.7518406,7.2982297,15.270109,3.5145233,15.507426
2018-12-15 13:00:00,3.38,4.048128,10.815629,11.376951,3.8108108,11.614268
2018-12-15 13:15:00,3.31,3.6518133,14.8176985,31.937897,3.414496,32.175213
2018-12-15 13:30:00,3.35,4.623168,21.639147,28.93011,4.385851,29.167429
2018-12-15 13:45:00,3.38,3.4658246,18.733263,31.765526,3.2285073,32.002842
2018-12-15 14:00:00,3.31,3.6051242,22.198187,28.047247,3.367807,28.284565
2018-12-15 14:15:00,3.82,1.9917048,16.276077,35.999462,1.7543875,36.23678
2018-12-15 14:30:00,4.1,3.0192242,19.459879,25.152452,2.7819068,25.38977
2018-12-15 14:45:00,4.07,2.463903,15.056321,31.12142,2.2265856,31.358738
2018-12-15 15:00:00,4.21,3.3979611,16.426739,26.692762,3.1606438,26.93008
2018-12-15 15:15:00,3.74,3.5277042,7.4828835,25.055397,3.290387,25.292715
2018-12-15 15:30:00,3.74,4.524288,5.2455306,29.99127,4.286971,30.228588
2018-12-15 15:45:00,3.96,3.1348183,3.4490252,21.409771,2.897501,21.647089
2018-12-15 16:00:00,3.28,2.4417188,5.6954165,17.315111,2.2044015,17.55243
2018-12-15 16:15:00,3.35,2.7467504,5.2087765,8.207377,2.509433,8.4446945
2018-12-15 16:30:00,3.28,2.6100051,5.7089696,6.994286,2.3726878,7.231603
2018-12-15 16:45:00,3.24,2.5209053,7.488896,16.52869,2.283588,16.766008
2018-12-15 17:00:00,3.28,3.2358341,5.3219633,12.103023,2.9985168,12.34034
2018-12-15 17:15:00,3.28,3.4170823,3.6802318,15.517029,3.179765,15.754346
2018-12-15 17:30:00,3.35,3.3575382,5.267679,16.407299,3.120221,16.644617
2018-12-15 17:45:00,4.18,3.085806,3.407782,3.9533312,2.8484886,4.1906486
2018-12-15 18:00:00,4.1,3.155617,4.0496855,5.0094075,2.9182997,5.2467246
2018-12-15 18:15:00,4.1,3.0831473,3.6408947,3.8110695,2.84583,4.0483866
2018-12-15 18:30:00,4.1,3.0693717,3.6036859,3.6482918,2.8320544,3.8856091
2018-12-15 18:45:00,4.03,3.2122645,3.772008,4.9499927,2.9749472,5.1873097
2018-12-15 19:00:00,4.28,3.2695675,3.9541328,5.077341,3.0322502,5.314658
2018-12-15 19:15:00,3.49,3.4091897,3.9730365,4.7620974,3.1718724,4.9994144
2018-12-15 19:30:00,3.38,3.4681308,4.1905923,5.4689274,3.2308135,5.7062445
2018-12-15 19:45:00,3.35,3.5159492,4.4343967,4.626063,3.278632,4.86338
2018-12-15 20:00:00,3.38,3.5939927,4.4955134,4.4970694,3.3566754,4.7343864
2018-12-15 20:15:00,3.46,3.3690956,3.41421,3.5781744,3.1317782,3.8154917
2018-12-15 20:30:00,3.42,3.3022115,3.3424942,3.4324398,3.0648942,3.6697571
2018-12-15 20:45:00,3.35,3.0471475,3.2338424,3.3804033,2.8098302,3.6177206
2018-12-15 21:00:00,3.38,3.2212405,3.4319284,4.264553,2.9839232,4.50187
2018-12-15 21:15:00,3.96,3.172769,3.4484224,3.6294057,2.9354517,3.866723
2018-12-15 21:30:00,4.28,3.1556175,3.4386983,3.799309,2.9183002,4.0366263
2018-12-15 21:45:00,4.25,3.1601713,3.441244,3.8452888,2.922854,4.082606
2018-12-15 22:00:00,4.18,3.1739066,3.4321713,3.739035,2.9365892,3.9763522
2018-12-15 22:15:00,3.74,3.1520078,3.3022158,3.7626894,2.9146905,4.0000067
2018-12-15 22:30:00,3.31,3.106221,3.294863,3.6047976,2.8689036,3.842115
2018-12-15 22:45:00,4.07,3.1683047,3.3585482,3.83505,2.9309874,4.072367
2018-12-15 23:00:00,3.56,3.2699413,3.5430803,4.062895,3.032624,4.300212
2018-12-15 23:15:00,3.17,3.2166083,3.4812565,3.8704357,2.979291,4.107753
2018-12-15 23:30:00,3.24,3.145461,3.1743484,4.163068,2.9081438,4.400385
2018-12-15 23:45:00,3.2,3.1860063,3.46026,3.7348473,2.948689,3.9721646
2018-12-16 00:00:00,4.21,3.0673535,3.346415,3.9068658,2.8300362,4.144183
2018-12-16 00:15:00,3.24,3.087007,3.2153032,3.7268546,2.8496897,3.964172
2018-12-16 00:30:00,3.28,3.042183,3.1567848,3.688568,2.8048656,3.9258854
2018-12-16 00:45:00,3.28,2.965703,3.093265,3.6715941,2.7283857,3.9089115
2018-12-16 01:00:00,3.85,2.981412,3.2245429,3.5859585,2.7440946,3.8232758
2018-12-16 01:15:00,4.18,3.0151324,3.1520445,3.5169024,2.777815,3.7542198
2018-12-16 01:30:00,4.07,3.006259,3.1449106,3.5140176,2.7689416,3.751335
2018-12-16 01:45:00,4.07,3.0426486,3.1305714,3.5932903,2.8053312,3.8306077
2018-12-16 02:00:00,3.92,3.008135,3.2405503,3.754985,2.7708178,3.9923024
2018-12-16 02:15:00,3.28,3.12903,3.3102484,3.607742,2.8917127,3.8450594
2018-12-16 02:30:00,3.42,3.1812894,3.4016118,4.0553317,2.943972,4.292649
2018-12-16 02:45:00,3.53,3.2698948,3.5338123,5.025308,3.0325775,5.262625
2018-12-16 03:00:00,4.14,3.2225952,3.544999,3.8303328,2.985278,4.06765
2018-12-16 03:15:00,3.56,2.9750557,3.3668501,3.3833323,2.7377384,3.6206496
2018-12-16 03:30:00,3.35,2.9235632,3.3846211,3.4298763,2.686246,3.6671937
2018-12-16 03:45:00,3.38,3.04617,3.3241313,3.4845998,2.8088527,3.7219172
2018-12-16 04:00:00,3.42,3.0354083,3.4548779,3.4619594,2.798091,3.6992767
2018-12-16 04:15:00,3.42,3.0863645,3.314219,3.4658775,2.8490472,3.7031949
2018-12-16 04:30:00,3.42,3.1296349,3.2505376,3.5675735,2.8923175,3.8048909
2018-12-16 04:45:00,3.38,3.0962772,3.2157166,3.6824906,2.85896,3.919808
2018-12-16 05:00:00,4.07,3.0790565,3.2556834,4.3340154,2.8417392,4.5713325
2018-12-16 05:15:00,4.14,3.0796335,3.1947517,3.8593621,2.8423162,4.096679
2018-12-16 05:30:00,4.07,3.091362,3.465829,3.7343643,2.8540447,3.9716816
2018-12-16 05:45:00,4.07,3.0989842,3.4882686,3.7506797,2.861667,3.987997
2018-12-16 06:00:00,3.53,3.1027029,3.712291,3.8672636,2.8653855,4.104581
2018-12-16 06:15:00,3.31,3.1530805,3.6031563,3.7354076,2.9157631,3.972725
2018-12-16 06:30:00,3.35,3.1251078,3.4844973,3.6796513,2.8877904,3.9169686
2018-12-16 06:45:00,3.64,3.0920014,3.6014137,3.8829637,2.854684,4.1202807
2018-12-16 07:00:00,4.07,3.0022595,3.445377,3.5844476,2.7649422,3.821765
2018-12-16 07:15:00,3.38,3.0950882,3.2868,3.5102823,2.857771,3.7475996
2018-12-16 07:30:00,3.28,3.098514,3.5505147,3.5822792,2.8611968,3.8195965
2018-12-16 07:45:00,3.89,3.0987399,3.6788752,4.5545144,2.8614225,4.7918315
2018-12-16 08:00:00,3.96,3.1355376,3.3517928,7.684277,2.8982203,7.921594
2018-12-16 08:15:00,39.35,3.188735,3.510586,21.86609,2.9514177,22.103409
2018-12-16 08:30:00,63.54,3.223297,4.7192087,28.465378,2.9859798,28.702696
2018-12-16 08:45:00,65.02,3.217988,6.676189,26.153587,2.9806707,26.390905
2018-12-16 09:00:00,63.79,3.0618806,12.360119,24.106712,2.8245633,24.34403
2018-12-16 09:15:00,61.7,29.722183,42.366226,51.294933,29.484865,51.53225
2018-12-16 09:30:00,64.8,37.66009,54.516453,65.417114,37.422775,65.654434
2018-12-16 09:45:00,51.16,36.15203,54.546383,72.04323,35.914715,72.28055
2018-12-16 10:00:00,55.01,33.94284,53.365643,70.50613,33.705524,70.74345
2018-12-16 10:15:00,61.81,32.10875,52.49793,53.265816,31.871431,53.50313
2018-12-16 10:30:00,72.18,30.83521,57.38737,70.46435,30.597893,70.70167
2018-12-16 10:45:00,54.86,32.473602,47.079742,53.40013,32.236286,53.637447
2018-12-16 11:00:00,66.78,32.94803,50.27219,52.569714,32.710712,52.80703
2018-12-16 11:15:00,69.95,35.15081,53.280983,54.488148,34.913494,54.725464
2018-12-16 11:30:00,53.35,32.73068,59.853073,92.77864,32.493362,93.01596
2018-12-16 11:45:00,55.51,31.97085,52.33353,53.401306,31.733532,53.638622
2018-12-16 12:00:00,11.81,28.78694,54.286182,78.497406,28.549622,78.734726
2018-12-16 12:15:00,5.65,6.054626,6.589887,23.591093,5.817309,23.828411
2018-12-16 12:30:00,5.54,3.7861378,6.541711,24.05078,3.5488205,24.288097
2018-12-16 12:45:00,5.44,4.414582,6.0520754,28.650148,4.1772647,28.887466
2018-12-16 13:00:00,5.33,4.1435413,7.0407686,31.683102,3.906224,31.92042
2018-12-16 13:15:00,36.47,15.7837,22.761766,34.0642,15.546383,34.301517
2018-12-16 13:30:00,63.72,22.27401,26.148943,32.53318,22.036692,32.770496
2018-12-16 13:45:00,64.8,16.640812,25.738306,30.861822,16.403494,31.09914
2018-12-16 14:00:00,61.85,7.5428004,14.97319,16.969515,7.3054833,17.206833
2018-12-16 14:15:00,57.89,28.622562,42.38974,49.177307,28.385244,49.414623
2018-12-16 14:30:00,54.36,35.072987,51.800014,67.08064,34.83567,67.31796
2018-12-16 14:45:00,47.38,37.07556,53.311543,71.92588,36.838245,72.1632
2018-12-16 15:00:00,43.49,34.146877,51.347305,56.052586,33.90956,56.2899
2018-12-16 15:15:00,45.4,27.518303,45.949787,49.478935,27.280985,49.71625
2018-12-16 15:30:00,60.55,32.314407,49.655422,50.65926,32.07709,50.896576
2018-12-16 15:45:00,48.42,28.710318,43.25891,45.84368,28.473,46.080997
2018-12-16 16:00:00,63.22,26.631716,41.971363,46.61058,26.394398,46.847897
2018-12-16 16:15:00,62.64,28.80873,42.795696,46.368416,28.571411,46.605732
2018-12-16 16:30:00,66.02,30.706234,47.64572,49.826794,30.468916,50.06411
2018-12-16 16:45:00,35.42,26.884886,42.52684,43.8128,26.647568,44.050117
2018-12-16 17:00:00,9.11,9.949668,33.93332,57.444744,9.712351,57.68206
2018-12-16 17:15:00,8.06,6.763571,24.583294,50.73453,6.5262537,50.971848
2018-12-16 17:30:00,7.74,7.287166,25.55904,61.283073,7.049849,61.52039
2018-12-16 17:45:00,7.85,5.098394,6.298037,33.592194,4.861077,33.82951
2018-12-16 18:00:00,6.73,4.2235336,6.055784,16.054884,3.9862163,16.292202
2018-12-16 18:15:00,5.22,4.9749823,5.9303455,18.120893,4.737665,18.358212
2018-12-16 18:30:00,5.69,3.8638158,6.6868405,21.762178,3.6264985,21.999496
2018-12-16 18:45:00,5.72,4.5502977,5.9490366,15.331281,4.3129807,15.568598
2018-12-16 19:00:00,5.69,4.735793,6.6512494,15.18834,4.498476,15.425657
2018-12-16 19:15:00,5.72,2.9817822,6.708587,8.070503,2.7444649,8.30782
2018-12-16 19:30:00,5.44,2.9861526,6.676213,7.088896,2.7488353,7.326213
2018-12-16 19:45:00,4.46,3.2645407,4.74205,6.2720985,3.0272233,6.5094156
2018-12-16 20:00:00,4.5,3.3231347,3.5249307,6.5609727,3.0858173,6.79829
2018-12-16 20:15:00,4.46,3.1585357,3.8470154,6.477428,2.9212184,6.714745
2018-12-16 20:30:00,4.5,3.3062673,3.7331762,6.186192,3.06895,6.423509
2018-12-16 20:45:00,4.54,3.2513928,4.128949,4.1960692,3.0140755,4.4333863
2018-12-16 21:00:00,4.46,3.5432692,3.6353683,4.078839,3.3059518,4.316156
2018-12-16 21:15:00,4.5,3.5495484,4.0187874,4.0788803,3.312231,4.3161974
2018-12-16 21:30:00,4.5,3.5930254,4.2923,4.513762,3.3557081,4.751079
2018-12-16 21:45:00,4.57,3.5906594,4.2801976,4.4981875,3.353342,4.7355046
2018-12-16 22:00:00,4.57,3.599233,4.278966,4.4456534,3.3619156,4.6829705
2018-12-16 22:15:00,4.25,3.5349574,4.141612,4.317036,3.29764,4.554353
2018-12-16 22:30:00,4.25,3.5679767,4.0603733,4.260107,3.3306594,4.497424
2018-12-16 22:45:00,4.18,3.5474517,4.3391147,4.4110627,3.3101344,4.64838
2018-12-16 23:00:00,5.44,3.5497015,4.1303434,4.3782196,3.3123841,4.6155367
2018-12-16 23:15:00,4.82,3.6036212,3.7368553,4.071604,3.366304,4.308921
2018-12-16 23:30:00,4.14,3.5680823,3.7293117,4.0239654,3.330765,4.2612824
2018-12-16 23:45:00,4.18,3.5143905,3.7531624,4.0964437,3.2770731,4.3337607
2018-12-17 00:00:00,4.57,3.4242961,4.3420463,4.596734,3.1869788,4.834051
2018-12-17 00:15:00,4.25,3.5294552,3.861831,3.8816123,3.2921379,4.1189294
2018-12-17 00:30:00,4.18,3.5196235,3.5992577,3.6568825,3.2823062,3.8941998
2018-12-17 00:45:00,4.21,3.6270776,3.6512802,3.840628,3.3897603,4.077945
2018-12-17 01:00:00,4.21,3.6404088,4.127299,4.3980794,3.4030914,4.6353965
2018-12-17 01:15:00,4.21,3.5851412,3.8497994,4.192659,3.3478239,4.429976
2018-12-17 01:30:00,4.36,3.57334,3.8043387,4.0452538,3.3360226,4.282571
2018-12-17 01:45:00,4.28,3.578736,3.8136775,4.0673122,3.3414187,4.3046293
2018-12-17 02:00:00,4.28,3.602891,3.9593332,4.2340794,3.3655736,4.4713964
2018-12-17 02:15:00,4.28,3.6180866,3.8248193,4.2196383,3.3807693,4.4569554
2018-12-17 02:30:00,3.71,3.6505263,3.8847923,4.8522267,3.413209,5.089544
2018-12-17 02:45:00,4.32,3.699546,3.8034678,4.1878133,3.4622288,4.4251304
2018-12-17 03:00:00,3.82,3.662264,3.8726478,4.4034057,3.4249468,4.6407228
2018-12-17 03:15:00,3.53,3.6741252,3.797882,4.230964,3.4368079,4.4682813
2018-12-17 03:30:00,3.53,3.392062,3.6293108,4.0786047,3.1547446,4.315922
2018-12-17 03:45:00,3.53,3.7229526,3.7759507,4.1637936,3.4856353,4.4011106
2018-12-17 04:00:00,3.6,3.430026,3.665048,4.0056396,3.1927087,4.2429566
2018-12-17 04:15:00,3.53,3.345268,3.4985216,3.7792861,3.1079507,4.0166035
2018-12-17 04:30:00,3.53,3.273121,3.4021,3.7205086,3.0358038,3.957826
2018-12-17 04:45:00,4.1,3.2982936,3.4768853,3.969175,3.0609763,4.2064924
2018-12-17 05:00:00,4.25,3.2480145,3.5264785,4.1353197,3.0106971,4.372637
2018-12-17 05:15:00,4.28,3.1497269,3.4701648,4.1738405,2.9124095,4.4111576
2018-12-17 05:30:00,4.25,3.1829693,3.6967196,4.118333,2.945652,4.35565
2018-12-17 05:45:00,3.64,3.329795,3.8876677,4.237207,3.0924776,4.474524
2018-12-17 06:00:00,3.49,3.4799771,3.9836051,4.093602,3.2426598,4.3309193
2018-12-17 06:15:00,3.46,3.5825908,4.01434,4.025778,3.3452735,4.263095
2018-12-17 06:30:00,4.32,3.4867852,4.038016,4.246472,3.2494678,4.483789
2018-12-17 06:45:00,3.6,3.3587887,3.9917834,4.007944,3.1214714,4.245261
2018-12-17 07:00:00,3.42,3.2483745,3.8819375,3.9019399,3.0110571,4.139257
2018-12-17 07:15:00,3.49,3.2370064,3.6231482,3.8711963,2.999689,4.1085134
2018-12-17 07:30:00,4.36,3.581424,4.325729,4.3561945,3.3441067,4.5935116
2018-12-17 07:45:00,6.19,3.5008452,6.106056,6.3308825,3.2635279,6.5681996
2018-12-17 08:00:00,6.3,3.9065638,4.744827,11.6070175,3.6692464,11.844335
2018-12-17 08:15:00,6.48,9.363119,25.593107,46.037373,9.125802,46.27469
2018-12-17 08:30:00,53.35,28.084042,63.460323,81.41439,27.846724,81.65171
2018-12-17 08:45:00,46.94,32.49727,65.899925,83.538536,32.259953,83.775856
2018-12-17 09:00:00,52.06,36.818428,66.95418,88.81351,36.581112,89.05083
2018-12-17 09:15:00,54.83,25.529135,60.516094,82.52098,25.291817,82.7583
2018-12-17 09:30:00,56.12,49.92854,63.448208,86.7614,49.691223,86.99872
2018-12-17 09:45:00,58.0,50.17953,56.924694,76.84374,49.942215,77.08106
2018-12-17 10:00:00,50.08,47.14193,57.47382,78.84675,46.904613,79.08407
2018-12-17 10:15:00,46.04,44.556835,56.878136,70.78611,44.31952,71.02343
2018-12-17 10:30:00,49.54,49.246273,60.88304,76.68739,49.008957,76.92471
2018-12-17 10:45:00,54.14,47.94196,57.19,71.55941,47.704643,71.79673
2018-12-17 11:00:00,53.78,46.493973,58.444817,73.70105,46.256657,73.93837
2018-12-17 11:15:00,52.67,46.31524,57.901493,72.12461,46.077923,72.36193
2018-12-17 11:30:00,55.84,46.418983,57.61253,71.579414,46.181667,71.816734
2018-12-17 11:45:00,49.64,45.310238,57.620037,79.342995,45.07292,79.580315
2018-12-17 12:00:00,54.5,42.222652,52.510635,64.348366,41.985336,64.585686
2018-12-17 12:15:00,11.12,5.724214,7.937071,20.746077,5.486897,20.983395
2018-12-17 12:30:00,7.06,5.678666,7.7313123,23.648401,5.441349,23.88572
2018-12-17 12:45:00,7.13,5.571898,10.928029,27.1256,5.334581,27.362919
2018-12-17 13:00:00,8.21,6.1869016,16.458296,37.25079,5.9495845,37.488106
2018-12-17 13:15:00,33.26,35.032406,49.60102,63.809113,34.79509,64.04643
2018-12-17 13:30:00,56.99,44.57997,57.34109,72.370895,44.342655,72.608215
2018-12-17 13:45:00,56.59,45.021873,61.082146,75.75047,44.784557,75.98779
2018-12-17 14:00:00,55.08,37.994633,63.032574,75.69891,37.757317,75.93623
2018-12-17 14:15:00,51.05,42.738,56.858578,73.687965,42.500683,73.925285
2018-12-17 14:30:00,47.95,50.317673,60.193527,76.199486,50.080357,76.436806
2018-12-17 14:45:00,57.82,49.432194,59.892395,74.83791,49.194878,75.07523
2018-12-17 15:00:00,59.11,44.845257,56.94251,76.90692,44.60794,77.14424
2018-12-17 15:15:00,60.62,45.52685,54.67928,69.48663,45.289536,69.72395
2018-12-17 15:30:00,53.6,46.658524,56.25065,72.942825,46.421207,73.180145
2018-12-17 15:45:00,60.44,49.132244,61.558453,74.406525,48.894928,74.643845
2018-12-17 16:00:00,67.5,50.366863,62.504818,77.13354,50.129547,77.37086
2018-12-17 16:15:00,85.86,51.046185,64.26136,79.97592,50.80887,80.21324
2018-12-17 16:30:00,82.33,48.140667,62.00464,81.28192,47.90335,81.51924
2018-12-17 16:45:00,59.8,51.423428,62.632427,79.11993,51.18611,79.35725
2018-12-17 17:00:00,60.37,47.930283,64.2559,85.667435,47.692966,85.904755
2018-12-17 17:15:00,56.38,45.376198,75.9517,100.07875,45.13888,100.31607
2018-12-17 17:30:00,52.99,44.793335,75.33432,95.08148,44.55602,95.3188
2018-12-17 17:45:00,35.35,30.886168,42.189808,66.18274,30.64885,66.42006
2018-12-17 18:00:00,31.32,25.438908,32.05453,37.71255,25.20159,37.949867
2018-12-17 18:15:00,16.09,21.767546,34.61772,48.05763,21.530228,48.294945
2018-12-17 18:30:00,6.37,23.750803,46.577023,60.335518,23.513485,60.572834
2018-12-17 18:45:00,5.8,17.98259,45.66718,46.384865,17.745272,46.62218
2018-12-17 19:00:00,5.54,19.391928,44.903805,54.779957,19.15461,55.017273
2018-12-17 19:15:00,5.54,6.7841177,16.699121,36.867435,6.5468006,37.10475
2018-12-17 19:30:00,5.62,4.7979507,12.055382,18.47661,4.5606337,18.713928
2018-12-17 19:45:00,5.54,4.4554577,9.707775,16.473597,4.2181406,16.710915
2018-12-17 20:00:00,5.62,5.5629416,8.423877,16.398464,5.3256245,16.635782
2018-12-17 20:15:00,5.54,4.693788,6.856871,7.6612005,4.456471,7.8985176
2018-12-17 20:30:00,4.75,4.4995956,7.132996,7.26303,4.2622786,7.500347
2018-12-17 20:45:00,4.46,4.4636474,6.6963644,7.175501,4.2263303,7.412818
2018-12-17 21:00:00,4.46,3.9957452,4.6659107,5.5999665,3.7584279,5.8372836
2018-12-17 21:15:00,4.43,4.052791,4.7314487,5.214422,3.8154738,5.4517393
2018-12-17 21:30:00,4.43,3.9130425,4.3577585,4.589283,3.6757252,4.8266
2018-12-17 21:45:00,4.46,3.9115648,4.1171002,4.463407,3.6742475,4.700724
2018-12-17 22:00:00,4.46,3.9386468,4.2929163,4.293203,3.7013295,4.53052
2018-12-17 22:15:00,4.14,3.7950222,4.128408,4.3732257,3.557705,4.610543
2018-12-17 22:30:00,4.18,3.793567,4.0621767,4.3216257,3.5562496,4.558943
2018-12-17 22:45:00,4.21,3.8130715,4.048577,4.4082317,3.5757542,4.645549
2018-12-17 23:00:00,4.18,3.7920496,4.082914,4.233761,3.5547323,4.471078
2018-12-17 23:15:00,4.14,3.720922,3.8997245,4.161997,3.4836047,4.399314
2018-12-17 23:30:00,4.07,3.7522557,3.9138703,4.178342,3.5149384,4.415659
2018-12-17 23:45:00,4.07,3.6757524,3.9472406,4.211081,3.438435,4.448398
2018-12-18 00:00:00,4.14,3.4914424,3.9142733,4.404126,3.254125,4.6414433
2018-12-18 00:15:00,5.22,3.4899957,3.885974,4.2112784,3.2526784,4.4485955
2018-12-18 00:30:00,4.68,3.5036633,3.8932953,4.1979914,3.266346,4.4353085
2018-12-18 00:45:00,4.14,3.4569685,3.9046082,4.234842,3.2196512,4.472159
2018-12-18 01:00:00,4.1,3.4506881,3.9427204,4.311054,3.2133708,4.5483713
2018-12-18 01:15:00,4.18,3.5672076,3.913443,5.674312,3.3298903,5.911629
2018-12-18 01:30:00,4.07,3.6046848,3.9687238,4.265516,3.3673675,4.502833
2018-12-18 01:45:00,4.18,3.5910416,3.8320398,3.9916768,3.3537242,4.228994
2018-12-18 02:00:00,4.1,3.5974636,3.7794228,4.00435,3.3601463,4.2416673
2018-12-18 02:15:00,4.18,3.6103714,3.8495693,4.2213974,3.373054,4.4587145
2018-12-18 02:30:00,4.14,3.5932984,3.866159,3.9192624,3.355981,4.1565795
2018-12-18 02:45:00,4.21,3.641587,3.9386005,4.487753,3.4042697,4.72507
2018-12-18 03:00:00,4.18,3.59669,3.8690526,4.2133274,3.3593726,4.4506445
2018-12-18 03:15:00,3.6,3.6431515,3.8062818,4.1786547,3.4058342,4.4159718
2018-12-18 03:30:00,3.42,3.5388339,3.863479,4.233626,3.3015165,4.470943
2018-12-18 03:45:00,3.42,3.5991228,3.7862895,4.2188134,3.3618054,4.4561305
2018-12-18 04:00:00,3.38,3.6730268,3.8623972,4.213848,3.4357095,4.451165
2018-12-18 04:15:00,3.42,3.41552,3.629601,4.014909,3.1782026,4.252226
2018-12-18 04:30:00,3.71,3.3255875,3.4147305,3.7401452,3.0882702,3.9774625
2018-12-18 04:45:00,4.18,3.2350068,3.4691763,3.9152749,2.9976895,4.152592
2018-12-18 05:00:00,3.53,3.22304,3.6537306,3.9976172,2.9857228,4.2349343
2018-12-18 05:15:00,3.46,3.1480567,3.4677727,3.9692054,2.9107394,4.2065225
2018-12-18 05:30:00,3.38,3.2808397,3.9876313,4.1115723,3.0435224,4.3488894
2018-12-18 05:45:00,4.03,3.4076946,3.9454856,4.075705,3.1703773,4.313022
2018-12-18 06:00:00,4.14,3.2813947,3.8634844,4.0602455,3.0440774,4.2975626
2018-12-18 06:15:00,3.6,3.1948078,3.7311711,3.9475646,2.9574904,4.1848817
2018-12-18 06:30:00,3.38,3.1838145,3.943632,3.9738688,2.9464972,4.211186
2018-12-18 06:45:00,3.35,3.2664473,3.956293,5.301429,3.02913,5.538746
2018-12-18 07:00:00,3.31,3.303302,4.0221786,4.052578,3.0659847,4.289895
2018-12-18 07:15:00,3.28,3.2765539,3.9947011,3.9992871,3.0392365,4.236604
2018-12-18 07:30:00,3.42,3.352916,4.259652,4.5749707,3.1155987,4.812288
2018-12-18 07:45:00,5.58,3.455477,4.9999256,6.0759263,3.2181597,6.3132434
2018-12-18 08:00:00,7.27,3.677611,6.1003036,12.5382395,3.4402938,12.775557
2018-12-18 08:15:00,38.38,14.202128,36.15774,49.066547,13.964811,49.303864
2018-12-18 08:30:00,72.86,23.44512,52.330135,84.71994,23.207802,84.95726
2018-12-18 08:45:00,66.42,27.62295,66.08529,92.9405,27.385632,93.17782
2018-12-18 09:00:00,81.4,34.347885,66.7258,92.48471,34.11057,92.72203
2018-12-18 09:15:00,66.28,49.899788,59.8952,85.46686,49.66247,85.70418
2018-12-18 09:30:00,78.3,54.9102,72.10283,95.665085,54.672882,95.902405
2018-12-18 09:45:00,77.72,54.748264,65.04239,90.91343,54.51095,91.15075
2018-12-18 10:00:00,74.59,50.818665,75.82248,92.20149,50.58135,92.43881
2018-12-18 10:15:00,63.04,48.543224,69.39627,86.34946,48.30591,86.58678
2018-12-18 10:30:00,58.68,51.94842,72.86544,93.90376,51.711105,94.14108
2018-12-18 10:45:00,62.96,50.744675,72.76915,93.38538,50.50736,93.6227
2018-12-18 11:00:00,68.36,50.046234,73.3682,91.23045,49.808918,91.46777
2018-12-18 11:15:00,60.05,49.87934,70.34992,82.22943,49.642025,82.46675
2018-12-18 11:30:00,58.82,50.12206,66.02324,82.48768,49.884743,82.725
2018-12-18 11:45:00,64.73,51.374176,65.31623,85.13169,51.13686,85.36901
2018-12-18 12:00:00,67.54,47.410416,61.126896,83.093834,47.1731,83.331154
2018-12-18 12:15:00,8.14,5.907321,8.957346,26.292284,5.670004,26.529602
2018-12-18 12:30:00,8.64,5.6751704,6.188049,21.890968,5.4378533,22.128286
2018-12-18 12:45:00,8.78,5.7170672,7.428123,22.585873,5.47975,22.82319
2018-12-18 13:00:00,9.4,6.1647773,15.62407,37.318104,5.92746,37.55542
2018-12-18 13:15:00,52.45,36.33487,48.450905,56.434048,36.097553,56.671364
2018-12-18 13:30:00,67.46,43.5572,58.65758,75.2577,43.319885,75.49502
2018-12-18 13:45:00,62.53,47.553272,66.73642,79.89447,47.315956,80.13179
2018-12-18 14:00:00,62.46,29.060877,59.90658,73.32197,28.823559,73.55929
2018-12-18 14:15:00,67.18,50.51325,63.435772,85.53444,50.275932,85.77176
2018-12-18 14:30:00,113.51,51.59558,66.98864,90.85113,51.358265,91.08845
2018-12-18 14:45:00,99.5,50.714355,59.239834,81.49639,50.47704,81.73371
2018-12-18 15:00:00,68.0,49.811615,60.91313,78.49164,49.5743,78.72896
2018-12-18 15:15:00,120.82,49.3054,63.570503,81.77821,49.068085,82.01553
2018-12-18 15:30:00,79.45,53.73629,87.904076,110.54855,53.498974,110.78587
2018-12-18 15:45:00,117.68,55.466366,91.5376,111.97874,55.22905,112.21606
2018-12-18 16:00:00,114.08,52.69206,73.69816,103.91714,52.454742,104.15446
2018-12-18 16:15:00,106.27,58.387947,93.1674,111.359535,58.15063,111.596855
2018-12-18 16:30:00,93.28,56.97504,84.20468,110.6702,56.737724,110.90752
2018-12-18 16:45:00,127.58,58.96483,93.63696,115.8553,58.727512,116.09262
2018-12-18 17:00:00,94.61,51.039562,88.68081,116.87851,50.802246,117.11583
2018-12-18 17:15:00,101.02,48.13385,91.935844,113.87401,47.896534,114.11133
2018-12-18 17:30:00,112.14,44.345173,91.949326,110.975136,44.107857,111.212456
2018-12-18 17:45:00,68.08,25.965393,35.287205,62.936527,25.728075,63.173843
2018-12-18 18:00:00,15.95,26.438566,31.710848,40.97686,26.201248,41.214176
2018-12-18 18:15:00,7.16,26.510277,46.09185,72.42095,26.272959,72.65827
2018-12-18 18:30:00,5.58,27.776503,72.42745,100.939545,27.539185,101.176865
2018-12-18 18:45:00,5.65,27.946022,67.364365,103.67224,27.708704,103.90956
2018-12-18 19:00:00,5.0,9.110609,29.676838,92.68786,8.873292,92.92518
2018-12-18 19:15:00,4.5,7.2861876,19.177765,63.963882,7.0488706,64.2012
2018-12-18 19:30:00,4.39,3.2395318,13.276955,35.649914,3.0022144,35.88723
2018-12-18 19:45:00,4.43,3.7993832,8.867938,35.263508,3.5620658,35.500824
2018-12-18 20:00:00,4.39,3.0583787,6.2652473,28.233767,2.8210614,28.471085
2018-12-18 20:15:00,4.43,2.9370487,3.3147392,23.19868,2.6997313,23.435999
2018-12-18 20:30:00,4.36,2.9623215,3.3786798,20.429995,2.7250042,20.667313
2018-12-18 20:45:00,4.39,3.9066088,4.5404024,5.635977,3.6692915,5.873294
2018-12-18 21:00:00,4.43,3.4510741,4.009107,6.517124,3.2137568,6.7544413
2018-12-18 21:15:00,4.39,4.0595727,4.099943,4.1699142,3.8222554,4.4072313
2018-12-18 21:30:00,4.46,3.8510942,4.022504,4.4190865,3.613777,4.6564035
2018-12-18 21:45:00,4.39,3.8504071,4.415224,4.5178576,3.6130898,4.7551746
2018-12-18 22:00:00,4.39,3.8736382,4.5174417,4.5402937,3.6363208,4.777611
2018-12-18 22:15:00,4.25,3.6921577,4.2982626,4.39746,3.4548404,4.634777
2018-12-18 22:30:00,5.18,3.750204,4.1502924,4.196903,3.5128868,4.4342203
2018-12-18 22:45:00,5.15,3.7621417,4.084794,4.2756267,3.5248244,4.5129437
2018-12-18 23:00:00,4.14,3.6027153,4.115986,4.263703,3.365398,4.50102
2018-12-18 23:15:00,4.14,3.6573653,3.8950002,4.116979,3.420048,4.354296
2018-12-18 23:30:00,4.14,3.6999195,4.214767,5.239244,3.4626021,5.476561
2018-12-18 23:45:00,4.1,3.6937807,4.2216754,5.009498,3.4564633,5.246815
2018-12-19 00:00:00,3.92,3.4227285,3.6835432,3.8615096,3.1854112,4.098827
2018-12-19 00:15:00,4.14,3.658311,3.686887,3.7339687,3.4209936,3.971286
2018-12-19 00:30:00,4.14,3.6042433,3.7756119,3.7964978,3.366926,4.033815
2018-12-19 00:45:00,4.14,3.564947,3.9526334,4.1901975,3.3276296,4.4275146
2018-12-19 01:00:00,4.21,3.4014852,3.982462,4.125232,3.164168,4.3625493
2018-12-19 01:15:00,4.14,3.5066738,3.9802346,4.1156535,3.2693565,4.3529706
2018-12-19 01:30:00,4.14,3.507745,3.9864821,4.146082,3.2704277,4.383399
2018-12-19 01:45:00,4.18,3.5300634,3.9980893,4.1467147,3.292746,4.384032
2018-12-19 02:00:00,4.18,3.6072924,4.0009775,4.305369,3.369975,4.542686
2018-12-19 02:15:00,4.93,3.6242404,3.9110417,4.181251,3.386923,4.418568
2018-12-19 02:30:00,5.26,3.6159072,3.7746801,4.1809425,3.3785899,4.4182596
2018-12-19 02:45:00,4.14,3.7266214,4.380167,4.6547413,3.489304,4.8920584
2018-12-19 03:00:00,4.14,3.7220788,3.744453,4.3535066,3.4847615,4.5908237
2018-12-19 03:15:00,4.1,3.9166856,4.2589335,4.461011,3.6793683,4.698328
2018-12-19 03:30:00,4.25,3.9328291,4.438688,4.5156407,3.6955118,4.752958
2018-12-19 03:45:00,3.82,3.6840744,3.7262988,3.8315175,3.446757,4.068835
2018-12-19 04:00:00,3.49,3.7055707,3.719249,3.8250935,3.4682534,4.062411
2018-12-19 04:15:00,3.42,3.6842499,3.7181375,3.8459985,3.4469326,4.083316
2018-12-19 04:30:00,3.42,3.6114774,3.617848,4.104555,3.37416,4.341872
2018-12-19 04:45:00,3.49,3.462471,3.7071955,4.1527557,3.2251537,4.390073
2018-12-19 05:00:00,3.38,3.359165,3.4974945,3.7093503,3.1218476,3.9466677
2018-12-19 05:15:00,3.42,3.2740622,3.301832,3.5729907,3.0367448,3.810308
2018-12-19 05:30:00,3.38,3.2743082,3.309403,3.7210543,3.036991,3.9583716
2018-12-19 05:45:00,3.42,3.29458,3.4284444,4.073281,3.0572627,4.310598
2018-12-19 06:00:00,3.42,3.2473526,3.4411147,4.01557,3.0100353,4.2528872
2018-12-19 06:15:00,4.07,3.2091315,3.288438,3.7121677,2.9718142,3.949485
2018-12-19 06:30:00,4.18,3.1526928,3.3056054,3.6868262,2.9153755,3.9241436
2018-12-19 06:45:00,3.96,3.104649,3.474956,3.6929724,2.8673317,3.9302897
2018-12-19 07:00:00,4.1,3.2032645,3.3394368,3.7405226,2.9659472,3.97784
2018-12-19 07:15:00,4.1,3.3208241,3.4094875,4.087394,3.0835068,4.3247113
2018-12-19 07:30:00,4.07,3.6159267,3.66335,4.570021,3.3786094,4.807338
2018-12-19 07:45:00,5.76,3.817158,5.5282283,7.6417384,3.5798407,7.8790555
2018-12-19 08:00:00,6.23,4.514639,7.234283,14.990719,4.277322,15.228036
2018-12-19 08:15:00,36.14,14.498117,40.4941,53.817398,14.2608,54.054714
2018-12-19 08:30:00,70.81,27.658968,59.500526,102.99395,27.42165,103.23127
2018-12-19 08:45:00,59.54,34.408184,67.10782,104.58111,34.170868,104.81843
2018-12-19 09:00:00,63.86,37.344753,66.191826,99.9069,37.107437,100.14422
2018-12-19 09:15:00,77.4,50.303772,62.7799,111.53289,50.066456,111.77021
2018-12-19 09:30:00,65.23,54.496605,70.23999,109.98735,54.25929,110.22467
2018-12-19 09:45:00,69.3,53.409267,62.514908,96.893814,53.17195,97.131134
2018-12-19 10:00:00,61.13,50.746216,63.066322,104.990746,50.5089,105.228065
2018-12-19 10:15:00,61.16,48.290783,73.06543,106.56083,48.053467,106.79815
2018-12-19 10:30:00,70.42,50.82798,65.73889,101.89938,50.590664,102.1367
2018-12-19 10:45:00,63.68,49.487537,69.01261,100.14027,49.25022,100.37759
2018-12-19 11:00:00,83.09,50.639343,65.104805,96.111404,50.402027,96.348724
2018-12-19 11:15:00,140.8,49.646927,63.24948,96.33024,49.40961,96.56756
2018-12-19 11:30:00,110.88,50.667168,69.92642,102.15059,50.42985,102.38791
2018-12-19 11:45:00,115.13,50.01203,66.19364,101.25585,49.774715,101.49317
2018-12-19 12:00:00,101.99,48.99435,80.91038,110.188324,48.757034,110.425644
2018-12-19 12:15:00,12.13,5.55612,10.766209,40.264156,5.318803,40.501472
2018-12-19 12:30:00,6.66,7.5708127,11.540729,24.926384,7.3334956,25.163702
2018-12-19 12:45:00,6.8,6.597378,6.6257057,27.948288,6.3600607,28.185606
2018-12-19 13:00:00,6.98,6.5449214,16.095602,48.849075,6.3076043,49.08639
2018-12-19 13:15:00,62.42,43.00665,68.18487,89.19035,42.769333,89.42767
2018-12-19 13:30:00,116.46,57.543633,91.16503,116.32941,57.306316,116.56673
2018-12-19 13:45:00,89.86,52.503624,94.584854,122.54241,52.266308,122.77973
2018-12-19 14:00:00,98.03,41.525215,87.6951,117.08263,41.2879,117.31995
2018-12-19 14:15:00,149.18,55.399193,79.68975,106.275055,55.161877,106.512375
2018-12-19 14:30:00,116.64,61.786236,85.77558,112.58006,61.54892,112.81738
2018-12-19 14:45:00,105.48,61.69288,89.44903,114.14623,61.455563,114.38355
2018-12-19 15:00:00,145.22,59.20897,95.93283,120.20548,58.971653,120.4428
2018-12-19 15:15:00,101.38,55.014023,76.23121,111.646675,54.776707,111.883995
2018-12-19 15:30:00,130.46,55.72534,89.58679,115.58049,55.488026,115.81781
2018-12-19 15:45:00,115.24,56.643333,79.96375,116.25742,56.406017,116.49474
2018-12-19 16:00:00,125.21,56.724556,80.62537,114.13001,56.48724,114.36733
2018-12-19 16:15:00,133.56,60.77829,91.515045,113.967354,60.540974,114.20467
2018-12-19 16:30:00,81.65,60.154053,95.649086,118.76046,59.916737,118.99778
2018-12-19 16:45:00,62.68,60.702526,84.69592,111.47905,60.46521,111.71637
2018-12-19 17:00:00,125.5,51.853672,91.70588,118.16469,51.616356,118.40201
2018-12-19 17:15:00,68.0,47.891045,85.01026,111.342896,47.65373,111.580215
2018-12-19 17:30:00,40.5,42.814396,79.10788,119.11643,42.57708,119.35375
2018-12-19 17:45:00,31.68,26.955801,41.707493,77.758415,26.718483,77.995735
2018-12-19 18:00:00,26.82,21.722885,38.276917,48.215607,21.485567,48.452923
2018-12-19 18:15:00,5.98,18.139065,50.15784,73.111404,17.901747,73.348724
2018-12-19 18:30:00,5.47,17.162066,55.48875,90.049095,16.924747,90.286415
2018-12-19 18:45:00,5.54,14.653707,69.97205,89.43945,14.416389,89.67677
2018-12-19 19:00:00,5.44,10.277432,46.37325,84.754684,10.040115,84.992004
2018-12-19 19:15:00,5.47,5.7001247,17.753521,39.405037,5.4628077,39.642353
2018-12-19 19:30:00,5.47,4.1283584,13.642311,37.21286,3.891041,37.450176
2018-12-19 19:45:00,5.4,4.321685,11.463231,37.14939,4.0843678,37.386707
2018-12-19 20:00:00,5.33,5.9783254,9.728003,26.23711,5.7410083,26.474428
2018-12-19 20:15:00,5.36,4.8517365,6.6846657,19.103178,4.6144195,19.340496
2018-12-19 20:30:00,5.33,6.442513,7.259566,18.917353,6.205196,19.15467
2018-12-19 20:45:00,5.44,5.7460933,6.4933796,19.822102,5.508776,20.05942
2018-12-19 21:00:00,5.4,3.046243,4.9249587,6.0530357,2.8089256,6.290353
2018-12-19 21:15:00,5.4,4.441448,5.96061,7.0771084,4.204131,7.3144255
2018-12-19 21:30:00,5.04,3.677089,4.264927,6.1782994,3.4397717,6.4156165
2018-12-19 21:45:00,4.25,4.108275,4.467006,6.141928,3.8709576,6.3792453
2018-12-19 22:00:00,4.39,4.10779,5.2876697,6.168858,3.8704727,6.406175
2018-12-19 22:15:00,4.03,4.0899143,4.932183,6.053439,3.852597,6.290756
2018-12-19 22:30:00,4.03,4.0174794,4.084007,5.7344546,3.780162,5.9717717
2018-12-19 22:45:00,3.96,3.441786,3.9795868,5.1119876,3.2044687,5.3493047
2018-12-19 23:00:00,4.07,3.8460662,4.4281063,5.289718,3.608749,5.527035
2018-12-19 23:15:00,4.03,3.8139355,4.5235643,5.101835,3.5766182,5.339152
2018-12-19 23:30:00,3.92,3.8218248,3.9346757,4.747935,3.5845075,4.985252
2018-12-19 23:45:00,3.96,3.6818774,3.8656492,4.7030363,3.44456,4.9403534
2018-12-20 00:00:00,3.89,3.6315532,4.847973,4.9823866,3.3942358,5.2197037
2018-12-20 00:15:00,4.03,3.7529304,4.654323,4.7557945,3.515613,4.9931116
2018-12-20 00:30:00,4.03,3.760301,3.927705,4.701364,3.5229838,4.938681
2018-12-20 00:45:00,4.0,3.706415,3.9919205,4.6505213,3.4690976,4.8878384
2018-12-20 01:00:00,4.0,3.682622,4.784951,4.885293,3.4453046,5.12261
2018-12-20 01:15:00,4.0,3.720358,4.766076,4.816894,3.4830406,5.054211
2018-12-20 01:30:00,4.1,3.699244,4.0623894,4.729732,3.4619267,4.967049
2018-12-20 01:45:00,4.0,3.688919,4.0793214,4.62788,3.4516017,4.865197
2018-12-20 02:00:00,4.07,3.6661243,5.089888,5.1974688,3.428807,5.434786
2018-12-20 02:15:00,4.43,3.7213974,5.018068,5.028666,3.48408,5.265983
2018-12-20 02:30:00,5.18,3.8214624,4.2490273,4.7037063,3.584145,4.9410233
2018-12-20 02:45:00,4.1,3.9464571,4.307051,4.6267242,3.7091398,4.8640413
2018-12-20 03:00:00,4.0,4.5119853,4.671303,5.049049,4.274668,5.286366
2018-12-20 03:15:00,4.1,4.315906,4.7110653,4.9112782,4.078589,5.1485953
2018-12-20 03:30:00,4.03,4.2594633,4.85393,5.3792496,4.022146,5.6165667
2018-12-20 03:45:00,4.1,3.649328,3.9228852,4.4946346,3.4120107,4.7319517
2018-12-20 04:00:00,3.31,3.7442696,4.5180345,4.5760636,3.5069523,4.8133807
2018-12-20 04:15:00,3.35,3.8698118,4.45923,4.566335,3.6324944,4.8036523
2018-12-20 04:30:00,3.46,3.7106078,3.9840603,4.520831,3.4732904,4.758148
2018-12-20 04:45:00,3.38,3.8632588,3.9875681,4.630058,3.6259415,4.867375
2018-12-20 05:00:00,3.35,3.6067548,4.4457836,4.474499,3.3694375,4.7118163
2018-12-20 05:15:00,3.35,3.7500901,4.155102,4.2127676,3.5127728,4.4500847
2018-12-20 05:30:00,3.38,3.4734757,3.5030892,4.341889,3.2361584,4.579206
2018-12-20 05:45:00,3.38,3.5318952,3.7756145,4.2367086,3.2945778,4.4740257
2018-12-20 06:00:00,3.92,3.389402,4.274794,4.5472293,3.1520846,4.7845464
2018-12-20 06:15:00,3.67,3.2667224,4.3378143,4.5527973,3.029405,4.7901144
2018-12-20 06:30:00,3.35,3.2473254,3.8550322,4.0916767,3.010008,4.328994
2018-12-20 06:45:00,4.0,3.2393773,3.8656096,4.004573,3.00206,4.24189
2018-12-20 07:00:00,4.03,3.2842417,4.3512955,4.844549,3.0469244,5.0818663
2018-12-20 07:15:00,3.96,3.3057568,4.237714,4.642424,3.0684395,4.879741
2018-12-20 07:30:00,4.18,3.3852837,3.9629958,4.397632,3.1479664,4.634949
2018-12-20 07:45:00,4.79,4.06251,5.480333,6.8778024,3.8251927,7.1151195
2018-12-20 08:00:00,5.87,4.3626485,6.7792506,13.871711,4.1253314,14.109028
2018-12-20 08:15:00,39.49,13.880666,42.772724,55.77598,13.643349,56.013298
2018-12-20 08:30:00,79.85,32.99748,65.39009,112.31648,32.760162,112.5538
2018-12-20 08:45:00,66.96,30.827358,69.06179,112.50699,30.59004,112.74431
2018-12-20 09:00:00,63.14,36.492947,71.94147,112.28371,36.25563,112.52103
2018-12-20 09:15:00,64.12,53.482338,67.90826,109.78158,53.24502,110.0189
2018-12-20 09:30:00,64.37,56.93326,75.69943,116.78697,56.695946,117.02429
2018-12-20 09:45:00,83.16,58.541122,63.96937,112.45914,58.303806,112.69646
2018-12-20 10:00:00,71.14,52.49252,66.582436,105.389885,52.255203,105.627205
2018-12-20 10:15:00,58.72,50.67308,68.37522,105.40869,50.435764,105.64601
2018-12-20 10:30:00,68.72,50.451138,66.28858,98.70697,50.21382,98.94429
2018-12-20 10:45:00,75.53,53.302338,84.8233,115.59572,53.06502,115.83304
2018-12-20 11:00:00,77.51,52.90093,78.34513,102.13814,52.663612,102.37546
2018-12-20 11:15:00,64.4,52.690937,67.43255,91.342995,52.45362,91.580315
2018-12-20 11:30:00,63.0,53.595463,70.438354,95.32613,53.358147,95.56345
2018-12-20 11:45:00,71.46,52.12009,78.030594,100.09726,51.882774,100.33458
2018-12-20 12:00:00,71.06,53.509727,77.14808,104.66474,53.27241,104.90206
2018-12-20 12:15:00,16.96,6.3871264,8.106328,18.244612,6.1498094,18.48193
2018-12-20 12:30:00,7.67,6.356413,7.940671,9.539902,6.119096,9.777219
2018-12-20 12:45:00,7.49,6.757181,9.8671665,21.517828,6.519864,21.755146
2018-12-20 13:00:00,6.66,11.082334,15.913239,41.795868,10.8450165,42.033184
2018-12-20 13:15:00,42.7,38.7768,53.610115,80.18136,38.539482,80.41868
2018-12-20 13:30:00,63.07,48.679615,67.55506,84.96221,48.4423,85.19953
2018-12-20 13:45:00,71.5,50.091698,73.29841,96.908585,49.85438,97.145905
2018-12-20 14:00:00,76.9,41.73677,71.00146,96.461685,41.499454,96.699005
2018-12-20 14:15:00,63.5,51.9757,60.97321,88.34075,51.738384,88.57807
2018-12-20 14:30:00,78.41,54.63533,62.23979,91.43536,54.398014,91.67268
2018-12-20 14:45:00,73.4,55.10567,70.77599,101.59399,54.868355,101.83131
2018-12-20 15:00:00,64.44,56.659615,72.05076,103.635765,56.4223,103.873085
2018-12-20 15:15:00,60.26,53.73419,63.61704,90.51508,53.496876,90.7524
2018-12-20 15:30:00,58.9,52.00836,73.032814,96.866425,51.771046,97.103745
2018-12-20 15:45:00,60.59,56.67947,72.404305,89.4206,56.442154,89.65792
2018-12-20 16:00:00,56.92,53.414124,63.883823,85.52392,53.176807,85.76124
2018-12-20 16:15:00,60.08,50.598618,60.9565,82.0328,50.3613,82.27012
2018-12-20 16:30:00,58.68,51.247932,63.299717,93.06458,51.010616,93.3019
2018-12-20 16:45:00,57.56,52.317707,65.125015,91.90599,52.08039,92.14331
2018-12-20 17:00:00,46.51,46.037743,58.65399,76.97074,45.800426,77.20806
2018-12-20 17:15:00,58.07,44.593857,61.952778,90.63096,44.35654,90.86828
2018-12-20 17:30:00,41.22,42.855057,57.960793,86.01576,42.61774,86.25308
2018-12-20 17:45:00,41.51,26.48541,36.850216,43.663002,26.248093,43.90032
2018-12-20 18:00:00,24.8,21.12984,30.093283,34.693203,20.892523,34.93052
2018-12-20 18:15:00,5.44,19.007828,38.414783,56.42322,18.77051,56.660538
2018-12-20 18:30:00,5.18,20.562765,42.787193,53.432793,20.325447,53.67011
2018-12-20 18:45:00,5.29,19.372955,42.73827,54.552456,19.135637,54.789772
2018-12-20 19:00:00,5.29,7.287049,27.395426,52.590458,7.0497317,52.827774
2018-12-20 19:15:00,5.29,2.5143287,12.976635,29.684105,2.2770114,29.921423
2018-12-20 19:30:00,4.18,2.6381738,10.157444,31.097914,2.4008565,31.335232
2018-12-20 19:45:00,4.07,3.3026564,9.61502,32.607296,3.065339,32.844612
2018-12-20 20:00:00,4.1,4.321584,4.7879214,15.073028,4.084267,15.310345
2018-12-20 20:15:00,4.07,3.4256666,4.346128,9.836729,3.1883492,10.074046
2018-12-20 20:30:00,4.18,3.355756,4.8436923,20.13115,3.1184387,20.368467
2018-12-20 20:45:00,4.1,3.832851,4.1191874,6.673258,3.5955336,6.910575
2018-12-20 21:00:00,4.1,3.7695267,3.8256996,4.559384,3.5322094,4.796701
2018-12-20 21:15:00,4.14,3.6324832,3.8009636,4.07858,3.395166,4.315897
2018-12-20 21:30:00,4.14,3.6789162,3.7281053,4.3322654,3.441599,4.5695825
2018-12-20 21:45:00,4.21,3.6238163,3.7379918,4.3477817,3.386499,4.5850987
2018-12-20 22:00:00,4.18,3.6429615,3.6961615,4.299016,3.4056442,4.536333
2018-12-20 22:15:00,3.85,3.6041017,3.6463625,4.289424,3.3667843,4.526741
2018-12-20 22:30:00,3.85,3.5247703,3.5387924,4.192454,3.287453,4.429771
2018-12-20 22:45:00,4.64,3.5114877,3.6286123,4.206889,3.2741704,4.444206
2018-12-20 23:00:00,5.04,3.5414946,3.6426675,4.1799145,3.3041773,4.4172316
2018-12-20 23:15:00,4.07,3.4129298,3.4513535,4.1252084,3.1756124,4.3625255
2018-12-20 23:30:00,3.82,3.4426448,3.4475858,4.1242366,3.2053275,4.3615537
2018-12-20 23:45:00,3.85,3.5789893,3.7867486,4.2989235,3.341672,4.5362406
2018-12-21 00:00:00,3.92,3.4729009,4.0718756,4.3364305,3.2355835,4.5737476
2018-12-21 00:15:00,3.89,3.317772,3.5399294,3.8338816,3.0804546,4.071199
2018-12-21 00:30:00,3.85,3.3845425,3.4146352,3.900758,3.1472251,4.1380754
2018-12-21 00:45:00,3.89,3.375038,3.4324813,4.0016384,3.1377206,4.2389555
2018-12-21 01:00:00,3.89,3.3647306,3.5506454,4.323259,3.1274133,4.560576
2018-12-21 01:15:00,3.96,3.3701265,3.4787574,4.2384453,3.1328092,4.4757624
2018-12-21 01:30:00,3.89,3.348281,3.463264,4.241221,3.1109636,4.478538
2018-12-21 01:45:00,3.89,3.344073,3.5053709,4.3022118,3.1067557,4.539529
2018-12-21 02:00:00,3.89,3.4052339,3.477705,4.2142572,3.1679165,4.4515743
2018-12-21 02:15:00,3.92,3.354059,3.6041708,4.693845,3.1167417,4.931162
2018-12-21 02:30:00,3.92,3.3675952,3.6443396,4.238148,3.1302779,4.4754653
2018-12-21 02:45:00,3.92,3.4219978,3.6565454,4.4323473,3.1846805,4.6696644
2018-12-21 03:00:00,3.96,3.1921527,4.104454,4.395519,2.9548354,4.632836
2018-12-21 03:15:00,4.79,3.2035224,3.6200423,4.3723655,2.9662051,4.6096826
2018-12-21 03:30:00,4.5,3.1368036,3.5637875,4.331011,2.8994863,4.568328
2018-12-21 03:45:00,3.24,3.3980112,3.542061,4.4076552,3.160694,4.6449723
2018-12-21 04:00:00,3.28,3.4068365,3.494425,4.070403,3.1695192,4.30772
2018-12-21 04:15:00,3.24,3.471453,3.6859493,4.3099575,3.2341356,4.5472746
2018-12-21 04:30:00,3.24,3.6642416,3.7539666,4.0796237,3.4269242,4.316941
2018-12-21 04:45:00,3.28,3.129087,3.3783686,3.6756997,2.8917696,3.913017
2018-12-21 05:00:00,3.28,2.9648602,3.3746889,3.6722188,2.7275429,3.9095361
2018-12-21 05:15:00,3.28,2.8477094,3.0129094,3.6943636,2.610392,3.931681
2018-12-21 05:30:00,3.2,2.8963788,3.285058,4.0911417,2.6590614,4.328459
2018-12-21 05:45:00,3.24,3.070991,3.2674437,3.8916428,2.8336737,4.12896
2018-12-21 06:00:00,3.2,3.0740187,3.245766,4.0358467,2.8367014,4.273164
2018-12-21 06:15:00,3.67,3.072056,3.2595758,3.8594775,2.8347387,4.0967946
2018-12-21 06:30:00,3.96,3.0471277,3.1541717,3.7790473,2.8098104,4.0163646
2018-12-21 06:45:00,3.92,3.1415055,3.156089,3.9952629,2.9041882,4.23258
2018-12-21 07:00:00,3.89,2.9394646,3.2399814,4.0310793,2.7021472,4.2683964
2018-12-21 07:15:00,3.67,3.0536132,3.1734376,3.8270047,2.8162959,4.064322
2018-12-21 07:30:00,3.17,3.1056979,3.4658966,4.592622,2.8683805,4.829939
2018-12-21 07:45:00,5.44,3.2212644,3.63086,6.454675,2.983947,6.6919923
2018-12-21 08:00:00,6.77,3.5298247,3.9328866,12.198591,3.2925074,12.435908
2018-12-21 08:15:00,28.8,7.457857,34.612904,43.576538,7.22054,43.813854
2018-12-21 08:30:00,54.22,20.592129,53.010544,93.77506,20.35481,94.01238
2018-12-21 08:45:00,56.41,28.393997,64.73813,86.1061,28.15668,86.34342
2018-12-21 09:00:00,56.74,30.801598,65.840775,88.290306,30.56428,88.527626
2018-12-21 09:15:00,43.78,37.89104,56.112457,85.26575,37.653725,85.50307
2018-12-21 09:30:00,47.52,45.988014,61.93933,79.29072,45.750698,79.52804
2018-12-21 09:45:00,56.2,47.868484,58.17723,75.48897,47.63117,75.72629
2018-12-21 10:00:00,51.59,45.00602,56.017113,73.57956,44.768703,73.81688
2018-12-21 10:15:00,66.64,40.04797,52.867767,70.75752,39.810654,70.99484
2018-12-21 10:30:00,53.14,44.56089,56.11866,67.67488,44.323574,67.9122
2018-12-21 10:45:00,58.54,45.684357,57.105156,68.49679,45.44704,68.73411
2018-12-21 11:00:00,73.12,44.461113,54.341827,65.25705,44.223797,65.49437
2018-12-21 11:15:00,67.79,44.2349,59.108105,77.14784,43.997585,77.38516
2018-12-21 11:30:00,65.59,45.496807,59.52162,68.75499,45.25949,68.99231
2018-12-21 11:45:00,57.85,47.20057,60.565693,74.75242,46.963253,74.98974
2018-12-21 12:00:00,58.9,50.306664,66.16761,86.97607,50.069347,87.21339
2018-12-21 12:15:00,7.42,5.535075,9.402475,17.947477,5.297758,18.184795
2018-12-21 12:30:00,8.35,5.6372824,7.812717,8.1888485,5.3999653,8.426166
2018-12-21 12:45:00,7.67,5.597652,7.0819974,10.6702175,5.360335,10.907535
2018-12-21 13:00:00,7.2,5.621977,6.4738812,7.7735047,5.38466,8.010822
2018-12-21 13:15:00,39.74,33.245415,49.238857,63.62131,33.0081,63.858627
2018-12-21 13:30:00,58.03,41.77153,62.513138,70.35287,41.534214,70.59019
2018-12-21 13:45:00,63.97,43.62095,61.21957,71.81149,43.383633,72.04881
2018-12-21 14:00:00,56.34,25.122332,57.854366,64.9226,24.885014,65.15992
2018-12-21 14:15:00,69.62,44.201855,55.236954,69.42143,43.96454,69.65875
2018-12-21 14:30:00,60.34,50.58026,59.663605,78.09612,50.342945,78.33344
2018-12-21 14:45:00,57.74,50.21918,62.25666,77.55052,49.981865,77.78784
2018-12-21 15:00:00,68.04,45.007553,59.50369,68.2345,44.770237,68.47182
2018-12-21 15:15:00,67.68,49.27475,68.42906,79.22974,49.037434,79.46706
2018-12-21 15:30:00,58.32,44.863876,61.926563,72.87948,44.62656,73.1168
2018-12-21 15:45:00,65.48,48.20419,62.654354,70.401505,47.966873,70.638824
2018-12-21 16:00:00,63.0,47.14869,66.33049,82.865295,46.911373,83.102615
2018-12-21 16:15:00,69.73,46.302742,65.91212,85.44312,46.065426,85.68044
2018-12-21 16:30:00,59.69,49.37726,64.26899,77.89874,49.139942,78.13606
2018-12-21 16:45:00,63.32,49.61485,66.6894,75.70539,49.377533,75.94271
2018-12-21 17:00:00,62.32,47.84182,60.880535,74.20952,47.604504,74.44684
2018-12-21 17:15:00,52.78,44.24511,65.350204,81.23332,44.007793,81.47064
2018-12-21 17:30:00,45.86,43.024323,55.734673,65.52888,42.787006,65.7662
2018-12-21 17:45:00,30.78,32.790794,35.232197,57.009872,32.55348,57.24719
2018-12-21 18:00:00,8.21,25.065025,31.446419,43.792137,24.827707,44.029453
2018-12-21 18:15:00,5.51,17.374186,20.74814,29.387037,17.136868,29.624355
2018-12-21 18:30:00,5.4,18.328138,19.106726,29.190914,18.09082,29.428232
2018-12-21 18:45:00,5.62,15.377595,20.279032,35.550877,15.140278,35.788193
2018-12-21 19:00:00,5.54,6.5987687,10.618177,19.770767,6.3614516,20.008085
2018-12-21 19:15:00,5.54,5.311348,6.6397734,8.308461,5.074031,8.545778
2018-12-21 19:30:00,5.51,5.1809173,6.943462,8.185465,4.9436,8.422782
2018-12-21 19:45:00,5.47,2.8998702,4.001065,7.089815,2.6625528,7.327132
2018-12-21 20:00:00,5.54,0.84874463,4.2930694,7.0007052,0.6114273,7.2380223
2018-12-21 20:15:00,5.47,0.7210674,3.952828,7.005841,0.48375013,7.243158
2018-12-21 20:30:00,5.44,0.75858516,3.9873867,6.86702,0.5212679,7.104337
2018-12-21 20:45:00,5.47,-0.31644297,4.0769258,6.7605796,0.0,6.9978967
2018-12-21 21:00:00,5.44,3.8715162,4.0000124,5.0266194,3.634199,5.2639365
2018-12-21 21:15:00,5.54,3.6914577,4.8175282,5.0002093,3.4541404,5.2375264
2018-12-21 21:30:00,5.4,3.6867213,4.6888833,5.4225287,3.449404,5.659846
2018-12-21 21:45:00,5.44,3.6984527,4.904618,4.967326,3.4611354,5.2046432
2018-12-21 22:00:00,5.44,3.7149365,4.935436,5.1036897,3.4776192,5.3410068
2018-12-21 22:15:00,5.18,3.6676679,4.4580865,4.863153,3.4303505,5.10047
2018-12-21 22:30:00,5.26,3.6607194,4.364762,4.7317653,3.423402,4.9690824
2018-12-21 22:45:00,5.15,3.627825,4.3949547,4.7599854,3.3905077,4.9973025
2018-12-21 23:00:00,5.15,3.5937254,4.407719,4.769068,3.356408,5.006385
2018-12-21 23:15:00,5.11,3.583528,4.369143,4.714532,3.3462107,4.951849
2018-12-21 23:30:00,4.57,3.6421232,4.055368,4.683769,3.404806,4.9210863
2018-12-21 23:45:00,4.0,3.6464925,4.153797,4.6275043,3.4091752,4.8648214
2018-12-22 00:00:00,3.31,2.9699512,3.9311168,4.6103845,2.7326338,4.8477015
2018-12-22 00:15:00,4.0,3.4584005,4.4388313,4.643898,3.2210832,4.881215
2018-12-22 00:30:00,4.0,3.4325962,4.1516495,4.315715,3.195279,4.553032
2018-12-22 00:45:00,4.0,3.2314186,3.7317717,3.9071107,2.9941013,4.144428
2018-12-22 01:00:00,4.1,3.1082761,3.6044421,3.80779,2.8709588,4.0451074
2018-12-22 01:15:00,3.96,3.1183274,3.9115376,5.726366,2.88101,5.963683
2018-12-22 01:30:00,4.03,3.1617537,3.5580287,4.0616617,2.9244363,4.298979
2018-12-22 01:45:00,4.03,3.147493,4.016506,4.201264,2.9101756,4.438581
2018-12-22 02:00:00,3.96,3.30021,4.168644,4.2934875,3.0628927,4.5308046
2018-12-22 02:15:00,4.07,3.2471962,3.7538524,4.2765613,3.0098789,4.5138783
2018-12-22 02:30:00,4.07,3.2866066,3.7953095,4.305854,3.0492892,4.543171
2018-12-22 02:45:00,3.67,3.2869194,3.8116047,4.4327765,3.049602,4.6700935
2018-12-22 03:00:00,3.31,3.2324905,4.211588,4.4115577,2.9951732,4.6488748
2018-12-22 03:15:00,3.82,3.3737638,3.756413,4.456017,3.1364465,4.693334
2018-12-22 03:30:00,4.07,3.3919327,3.7477322,4.5160723,3.1546154,4.7533894
2018-12-22 03:45:00,3.42,3.2190022,3.4063706,3.9539287,2.981685,4.191246
2018-12-22 04:00:00,3.38,3.1106365,3.3520472,3.6747875,2.8733191,3.9121048
2018-12-22 04:15:00,3.31,3.1541243,3.4434426,3.8524752,2.916807,4.0897923
2018-12-22 04:30:00,3.38,3.1901102,3.4168599,3.8331976,2.952793,4.0705147
2018-12-22 04:45:00,3.35,3.0855424,3.3102934,3.6620648,2.848225,3.899382
2018-12-22 05:00:00,3.38,3.1056874,3.3245277,3.642347,2.86837,3.8796644
2018-12-22 05:15:00,3.42,3.1056392,3.2590241,3.6098676,2.868322,3.847185
2018-12-22 05:30:00,3.96,3.0883956,3.537466,3.6988595,2.8510783,3.9361768
2018-12-22 05:45:00,4.07,3.0419407,3.522457,3.7031136,2.8046234,3.9404309
2018-12-22 06:00:00,4.07,3.055015,3.6804895,3.7944217,2.8176978,4.0317388
2018-12-22 06:15:00,4.0,3.0536878,3.6786537,3.7571774,2.8163705,3.9944947
2018-12-22 06:30:00,3.38,3.1041365,3.7821927,4.033938,2.8668191,4.271255
2018-12-22 06:45:00,3.35,3.1634758,3.8359983,3.9792488,2.9261584,4.216566
2018-12-22 07:00:00,3.35,3.31263,4.096327,4.1373725,3.0753126,4.3746896
2018-12-22 07:15:00,3.31,3.2338345,4.1107965,4.222609,2.9965172,4.459926
2018-12-22 07:30:00,3.85,3.2266412,3.9373715,3.9989944,2.9893239,4.2363114
2018-12-22 07:45:00,4.03,3.1762416,4.2131777,5.629593,2.9389243,5.86691
2018-12-22 08:00:00,3.35,3.1812599,5.732496,8.524115,2.9439425,8.761432
2018-12-22 08:15:00,3.31,3.25082,17.789797,24.86356,3.0135026,25.100878
2018-12-22 08:30:00,3.24,5.999493,24.435564,45.246326,5.762176,45.483643
2018-12-22 08:45:00,3.38,6.0606513,25.78676,41.5663,5.823334,41.803616
2018-12-22 09:00:00,3.82,5.676528,23.600325,41.887093,5.439211,42.12441
2018-12-22 09:15:00,4.28,3.8508525,12.372207,15.65176,3.6135352,15.889077
2018-12-22 09:30:00,4.28,2.8040628,11.962781,15.191829,2.5667455,15.429146
2018-12-22 09:45:00,4.32,2.418625,12.1031475,18.122055,2.1813078,18.359373
2018-12-22 10:00:00,4.21,2.6199048,6.367275,15.35422,2.3825874,15.591537
2018-12-22 10:15:00,3.6,2.3620777,4.3602214,14.646053,2.1247604,14.88337
2018-12-22 10:30:00,3.6,2.7866807,4.7164564,18.199888,2.5493634,18.437206
2018-12-22 10:45:00,3.6,1.9912586,4.3768153,13.072984,1.7539413,13.310301
2018-12-22 11:00:00,3.6,2.7178595,4.9476337,10.577367,2.4805422,10.814684
2018-12-22 11:15:00,3.6,2.1638463,6.2053537,13.586393,1.9265289,13.82371
2018-12-22 11:30:00,3.6,2.3350172,4.480748,10.878163,2.0976999,11.11548
2018-12-22 11:45:00,3.6,2.60181,4.196749,12.834231,2.3644927,13.071548
2018-12-22 12:00:00,3.6,3.2175946,4.055101,12.190567,2.9802773,12.427884
2018-12-22 12:15:00,3.71,3.260911,3.9100196,4.317197,3.0235937,4.554514
2018-12-22 12:30:00,4.39,3.2415843,4.217812,4.363742,3.004267,4.601059
2018-12-22 12:45:00,4.1,3.2484503,3.916594,4.328404,3.011133,4.565721
2018-12-22 13:00:00,3.71,3.2448568,4.1044436,4.3031654,3.0075395,4.5404825
2018-12-22 13:15:00,4.28,3.2574093,3.8835542,7.5090213,3.020092,7.7463384
2018-12-22 13:30:00,4.25,4.0194526,5.546292,16.840189,3.7821352,17.077507
2018-12-22 13:45:00,4.25,3.779608,7.968367,14.590755,3.5422907,14.828073
2018-12-22 14:00:00,4.21,4.2569704,9.151692,16.327183,4.0196533,16.5645
2018-12-22 14:15:00,3.67,3.3646863,8.863852,18.802607,3.127369,19.039925
2018-12-22 14:30:00,3.46,3.5869179,5.4627986,17.057272,3.3496006,17.29459
2018-12-22 14:45:00,3.49,3.6807454,5.3019867,14.069453,3.443428,14.30677
2018-12-22 15:00:00,3.53,3.3963535,4.701851,12.336408,3.1590362,12.573725
2018-12-22 15:15:00,3.56,3.1624274,5.5003157,7.0336294,2.92511,7.2709465
2018-12-22 15:30:00,3.53,3.2424736,4.073266,7.8556366,3.0051563,8.092954
2018-12-22 15:45:00,3.56,3.1274946,3.7033606,4.34649,2.8901772,4.583807
2018-12-22 16:00:00,3.56,3.3384385,4.4714456,5.033635,3.1011212,5.270952
2018-12-22 16:15:00,3.49,3.1692967,4.880241,4.997797,2.9319794,5.235114
2018-12-22 16:30:00,3.53,3.1418555,3.8543227,6.6208005,2.9045382,6.8581176
2018-12-22 16:45:00,3.56,2.5932815,4.131657,5.195875,2.3559642,5.4331923
2018-12-22 17:00:00,4.68,2.443113,4.762414,6.6379795,2.2057958,6.8752966
2018-12-22 17:15:00,5.44,3.1665988,4.2731366,5.8069077,2.9292815,6.0442247
2018-12-22 17:30:00,4.46,3.1329186,3.1594937,3.9449139,2.8956013,4.182231
2018-12-22 17:45:00,4.28,2.3480604,3.1325405,3.9571984,2.110743,4.1945157
2018-12-22 18:00:00,4.07,3.0434732,3.1876988,4.3791633,2.806156,4.6164804
2018-12-22 18:15:00,3.6,2.7870493,3.414641,4.428567,2.549732,4.665884
2018-12-22 18:30:00,3.67,2.9059095,4.5525174,6.164794,2.6685922,6.402111
2018-12-22 18:45:00,3.67,2.9509542,4.148193,4.840405,2.7136369,5.077722
2018-12-22 19:00:00,3.71,3.192708,4.3793464,6.4519105,2.9553907,6.6892276
2018-12-22 19:15:00,3.74,2.8495216,4.17995,5.771121,2.6122043,6.008438
2018-12-22 19:30:00,3.71,2.9289696,4.0640388,4.439245,2.6916523,4.6765623
2018-12-22 19:45:00,3.74,2.909274,3.8498218,4.4287677,2.6719568,4.666085
2018-12-22 20:00:00,3.67,3.3657103,4.044438,4.551867,3.128393,4.789184
2018-12-22 20:15:00,3.67,3.2967389,4.0025992,4.4899173,3.0594215,4.7272344
2018-12-22 20:30:00,3.67,3.2865057,3.7629437,4.476014,3.0491884,4.713331
2018-12-22 20:45:00,3.67,3.2683282,3.7418354,4.5133605,3.0310109,4.7506776
2018-12-22 21:00:00,4.18,3.2708569,3.6787853,3.9735515,3.0335395,4.210869
2018-12-22 21:15:00,4.61,3.2894208,3.6962795,3.980978,3.0521035,4.218295
2018-12-22 21:30:00,5.51,3.2835288,3.7033186,3.9960473,3.0462115,4.2333646
2018-12-22 21:45:00,4.43,3.273263,3.7046888,4.107362,3.0359457,4.344679
2018-12-22 22:00:00,4.1,3.286947,3.5994248,3.84909,3.0496297,4.086407
2018-12-22 22:15:00,3.46,3.2340002,3.78467,3.955448,2.996683,4.192765
2018-12-22 22:30:00,3.38,3.3216047,3.9043932,4.8877325,3.0842874,5.1250496
2018-12-22 22:45:00,3.42,3.3672101,3.6137466,4.1710405,3.1298928,4.4083576
2018-12-22 23:00:00,3.38,3.4342377,3.551377,4.0799365,3.1969204,4.3172536
2018-12-22 23:15:00,3.35,3.211662,3.2280757,3.4241319,2.9743447,3.6614492
2018-12-22 23:30:00,3.31,3.2007205,3.2602212,3.4649687,2.9634032,3.702286
2018-12-22 23:45:00,3.31,3.1621835,3.3294919,3.690966,2.9248662,3.9282832
2018-12-23 00:00:00,3.78,3.1143694,3.246153,3.983365,2.877052,4.220682
2018-12-23 00:15:00,3.31,2.9967422,3.2288876,3.77227,2.759425,4.0095873
2018-12-23 00:30:00,3.35,3.050997,3.2624521,3.8114915,2.8136797,4.0488086
2018-12-23 00:45:00,3.42,3.0620496,3.3115227,3.842481,2.8247323,4.079798
2018-12-23 01:00:00,4.93,3.1115904,3.1297948,3.757184,2.874273,3.9945014
2018-12-23 01:15:00,4.93,2.9919674,3.0314827,3.7985265,2.75465,4.035844
2018-12-23 01:30:00,4.14,3.0859606,3.0880475,3.7656686,2.8486433,4.002986
2018-12-23 01:45:00,4.07,3.1217704,3.1474154,3.8176503,2.884453,4.0549674
2018-12-23 02:00:00,3.49,3.2334812,3.8697584,3.917947,2.9961638,4.1552644
2018-12-23 02:15:00,3.46,3.2382069,3.2514336,4.7137203,3.0008895,4.9510374
2018-12-23 02:30:00,3.49,3.3410096,3.3812923,4.4903255,3.1036923,4.7276425
2018-12-23 02:45:00,3.42,3.4591422,3.476961,3.796616,3.221825,4.033933
2018-12-23 03:00:00,3.42,3.2518709,3.3813484,3.8148193,3.0145535,4.0521364
2018-12-23 03:15:00,3.46,3.1827822,3.2923007,4.150345,2.9454648,4.387662
2018-12-23 03:30:00,3.42,3.1929665,3.3946953,3.542523,2.9556491,3.7798402
2018-12-23 03:45:00,3.53,3.1877224,3.317192,3.8734424,2.9504051,4.1107597
2018-12-23 04:00:00,3.46,3.0912478,3.2935922,3.778516,2.8539305,4.0158334
2018-12-23 04:15:00,3.42,3.0928648,3.2907631,3.7648292,2.8555474,4.0021462
2018-12-23 04:30:00,3.6,3.0556967,3.205304,3.777195,2.8183794,4.014512
2018-12-23 04:45:00,4.14,3.1371334,3.2014513,3.8438406,2.899816,4.0811577
2018-12-23 05:00:00,5.18,3.1654184,3.3369608,3.851837,2.928101,4.0891542
2018-12-23 05:15:00,4.64,3.1299522,3.2210078,3.794721,2.8926349,4.032038
2018-12-23 05:30:00,4.1,3.1503386,3.5479064,3.5890949,2.9130213,3.8264122
2018-12-23 05:45:00,3.49,3.1520543,3.6221874,4.4030337,2.914737,4.640351
2018-12-23 06:00:00,3.38,3.398916,3.8438647,5.9585743,3.1615987,6.1958914
2018-12-23 06:15:00,3.35,3.4778826,3.8389184,4.814587,3.2405653,5.051904
2018-12-23 06:30:00,3.46,3.4210372,3.6233542,4.634352,3.1837199,4.8716693
2018-12-23 06:45:00,3.38,3.2438602,3.4791088,3.6953995,3.006543,3.9327168
2018-12-23 07:00:00,3.38,3.2078083,3.492698,3.7360582,2.970491,3.9733756
2018-12-23 07:15:00,3.38,3.1591668,3.4952328,3.7227044,2.9218495,3.9600217
2018-12-23 07:30:00,3.38,3.0842752,3.4662476,4.1129646,2.846958,4.3502817
2018-12-23 07:45:00,3.42,3.108969,3.6339202,4.6170597,2.8716516,4.854377
2018-12-23 08:00:00,3.49,3.1626563,3.4394014,7.133586,2.925339,7.370903
2018-12-23 08:15:00,4.07,3.4527454,6.8706203,25.645245,3.215428,25.882563
2018-12-23 08:30:00,4.97,5.5328026,10.2315445,60.993603,5.2954855,61.23092
2018-12-23 08:45:00,4.82,5.7729125,7.310783,55.07359,5.5355954,55.310905
2018-12-23 09:00:00,4.28,6.315969,12.211382,55.283867,6.078652,55.521183
2018-12-23 09:15:00,3.92,3.7188122,9.263768,35.126095,3.481495,35.36341
2018-12-23 09:30:00,3.71,5.0523534,11.049572,29.874008,4.8150363,30.111326
2018-12-23 09:45:00,3.64,4.9372344,11.008447,29.072264,4.6999173,29.309582
2018-12-23 10:00:00,3.64,4.1601853,5.55286,23.254477,3.922868,23.491795
2018-12-23 10:15:00,3.67,4.0347667,5.0878644,26.123388,3.7974494,26.360706
2018-12-23 10:30:00,3.71,3.8180532,4.7798266,30.054676,3.580736,30.291994
2018-12-23 10:45:00,3.71,4.058401,4.111845,19.989655,3.8210838,20.226973
2018-12-23 11:00:00,3.74,3.7295613,6.6576695,15.492131,3.492244,15.729448
2018-12-23 11:15:00,3.78,3.8764853,7.832342,15.913558,3.639168,16.150875
2018-12-23 11:30:00,3.71,3.834224,5.1105275,14.028003,3.5969067,14.26532
2018-12-23 11:45:00,3.74,3.7455354,4.7585793,14.455465,3.508218,14.692782
2018-12-23 12:00:00,3.96,2.28165,2.9279401,5.3830557,2.0443327,5.620373
2018-12-23 12:15:00,4.86,3.2431166,3.806792,4.9130473,3.0057993,5.1503644
2018-12-23 12:30:00,5.54,3.2202559,3.8376005,4.8676395,2.9829385,5.1049566
2018-12-23 12:45:00,4.54,3.2437017,3.913805,4.8967366,3.0063844,5.1340537
2018-12-23 13:00:00,4.36,3.2011485,3.757126,4.67143,2.9638312,4.908747
2018-12-23 13:15:00,3.67,4.0946107,4.3054543,9.641053,3.8572934,9.87837
2018-12-23 13:30:00,3.67,5.240408,9.724408,32.20998,5.003091,32.447296
2018-12-23 13:45:00,3.67,5.6308517,8.134231,30.138142,5.3935347,30.37546
2018-12-23 14:00:00,3.67,4.996316,8.822933,30.002111,4.758999,30.23943
2018-12-23 14:15:00,3.71,5.934363,11.398728,30.196812,5.697046,30.43413
2018-12-23 14:30:00,3.67,4.3148723,11.791147,32.111885,4.077555,32.3492
2018-12-23 14:45:00,3.67,4.538034,9.961692,16.42427,4.300717,16.661589
2018-12-23 15:00:00,3.67,4.361794,6.300118,7.8286033,4.124477,8.065921
2018-12-23 15:15:00,3.64,4.4045777,7.180674,12.677688,4.1672606,12.915005
2018-12-23 15:30:00,3.67,3.4556293,9.125308,13.966104,3.218312,14.203421
2018-12-23 15:45:00,3.74,4.4696336,6.19462,11.429754,4.2323165,11.667071
2018-12-23 16:00:00,4.36,4.4995794,7.0474916,14.657369,4.2622623,14.894686
2018-12-23 16:15:00,4.36,4.018362,13.035254,15.088146,3.7810447,15.325463
2018-12-23 16:30:00,5.0,4.225385,9.813194,12.761886,3.9880679,12.999203
2018-12-23 16:45:00,5.33,2.71497,4.543863,7.430841,2.4776528,7.668158
2018-12-23 17:00:00,3.6,3.0084548,4.3165374,5.4170213,2.7711375,5.6543384
2018-12-23 17:15:00,3.56,3.4407034,4.2423835,4.5378017,3.203386,4.775119
2018-12-23 17:30:00,3.6,3.1581457,3.425863,3.7020943,2.9208283,3.9394116
2018-12-23 17:45:00,3.67,2.2527473,3.289382,3.4271622,2.01543,3.6644795
2018-12-23 18:00:00,3.49,2.7676136,4.3572125,4.5210342,2.5302963,4.7583513
2018-12-23 18:15:00,3.49,2.7978864,4.3777194,6.2396584,2.560569,6.4769754
2018-12-23 18:30:00,3.49,2.8274193,4.229131,6.1740394,2.590102,6.4113564
2018-12-23 18:45:00,3.64,2.812856,4.2399955,4.528235,2.5755386,4.765552
2018-12-23 19:00:00,3.64,2.7907116,4.2822986,4.4513173,2.5533943,4.6886344
2018-12-23 19:15:00,4.03,2.7788844,4.224385,4.415825,2.541567,4.653142
2018-12-23 19:30:00,4.25,2.7918758,4.11509,4.4067206,2.5545585,4.6440377
2018-12-23 19:45:00,4.28,2.8207104,3.963723,4.3167543,2.583393,4.5540714
2018-12-23 20:00:00,4.25,3.2797632,4.0021796,4.27573,3.042446,4.513047
2018-12-23 20:15:00,4.0,3.280908,3.8279262,4.57818,3.0435908,4.815497
2018-12-23 20:30:00,3.49,3.3884182,4.2656083,4.6431875,3.1511009,4.8805046
2018-12-23 20:45:00,4.21,3.4158382,4.3190804,4.6487203,3.178521,4.8860373
2018-12-23 21:00:00,4.14,3.464559,4.1389365,4.1627245,3.2272418,4.4000416
2018-12-23 21:15:00,3.49,3.4430199,3.9633918,4.231749,3.2057025,4.469066
2018-12-23 21:30:00,3.42,3.3731802,3.6968231,3.8664975,3.1358628,4.1038146
2018-12-23 21:45:00,3.46,3.4579618,3.9229767,4.0312,3.2206445,4.268517
2018-12-23 22:00:00,3.53,3.449348,3.891942,4.1521163,3.2120306,4.3894334
2018-12-23 22:15:00,3.2,3.2833257,3.3775032,3.784456,3.0460083,4.0217733
2018-12-23 22:30:00,3.2,3.1828833,3.2772324,3.6304421,2.945566,3.8677595
2018-12-23 22:45:00,3.2,3.1782205,3.3474584,3.6552153,2.9409032,3.8925326
2018-12-23 23:00:00,3.96,3.1495583,3.4442306,3.918619,2.912241,4.1559362
2018-12-23 23:15:00,4.0,2.9905984,3.0981631,3.7068324,2.753281,3.9441497
2018-12-23 23:30:00,4.0,3.010783,3.1453686,4.2037797,2.7734656,4.441097
2018-12-23 23:45:00,4.0,3.0059566,3.2108636,3.715507,2.7686393,3.9528244
2018-12-24 00:00:00,3.78,3.0583467,3.4759457,3.983061,2.8210294,4.2203784
2018-12-24 00:15:00,3.35,3.2092962,3.2355955,3.7666528,2.971979,4.00397
2018-12-24 00:30:00,3.38,3.244903,3.3050697,3.85848,3.0075858,4.095797
2018-12-24 00:45:00,3.38,3.2872007,3.4778044,4.166368,3.0498834,4.403685
2018-12-24 01:00:00,3.96,3.3758717,3.7173831,4.1330695,3.1385543,4.3703866
2018-12-24 01:15:00,3.89,3.2587466,3.3302224,3.9232702,3.0214293,4.1605873
2018-12-24 01:30:00,3.38,3.2199152,3.2249372,3.9716344,2.9825978,4.2089515
2018-12-24 01:45:00,3.35,3.1952555,3.216142,3.9109461,2.9579382,4.1482635
2018-12-24 02:00:00,3.49,3.2251208,3.4009726,4.0100327,2.9878035,4.2473497
2018-12-24 02:15:00,3.38,3.2323194,3.3515317,4.0575495,2.995002,4.2948666
2018-12-24 02:30:00,3.42,3.200896,3.3208835,3.8267732,2.9635787,4.0640903
2018-12-24 02:45:00,4.0,3.2259037,3.386737,3.914036,2.9885864,4.1513534
2018-12-24 03:00:00,4.07,3.226484,3.3296006,3.9016082,2.9891667,4.1389256
2018-12-24 03:15:00,4.14,3.0985603,3.2675877,3.8493788,2.861243,4.086696
2018-12-24 03:30:00,4.1,3.1137407,3.3312426,3.8551736,2.8764234,4.0924907
2018-12-24 03:45:00,3.96,3.1479442,3.2157233,3.8886254,2.910627,4.1259427
2018-12-24 04:00:00,3.35,3.06106,3.207465,3.7694628,2.8237426,4.00678
2018-12-24 04:15:00,3.38,3.1288497,3.2398212,3.8782573,2.8915324,4.1155744
2018-12-24 04:30:00,3.64,3.2368677,3.4182441,4.056153,2.9995503,4.29347
2018-12-24 04:45:00,4.07,3.382852,3.5387297,3.9516118,3.1455348,4.188929
2018-12-24 05:00:00,3.42,3.2773921,3.3700166,3.5346537,3.0400748,3.771971
2018-12-24 05:15:00,3.31,3.2121382,3.3284922,3.457093,2.9748209,3.6944103
2018-12-24 05:30:00,3.35,3.1982749,3.5627873,3.6331477,2.9609575,3.870465
2018-12-24 05:45:00,3.35,3.2476006,3.721257,3.896399,3.0102832,4.133716
2018-12-24 06:00:00,3.35,3.1305141,3.5248697,3.7059467,2.8931968,3.943264
2018-12-24 06:15:00,3.38,3.1269948,3.5447724,3.7386026,2.8896775,3.97592
2018-12-24 06:30:00,3.6,3.1862228,3.5364356,3.8523278,2.9489055,4.089645
2018-12-24 06:45:00,4.03,3.0524375,3.5135849,3.8010375,2.8151202,4.038355
2018-12-24 07:00:00,4.0,3.0414295,3.5303571,3.7830393,2.8041122,4.0203567
2018-12-24 07:15:00,3.96,3.0783033,3.5629199,3.8078895,2.840986,4.0452065
2018-12-24 07:30:00,4.54,3.2344081,3.7826474,4.352093,2.9970908,4.5894103
2018-12-24 07:45:00,5.36,3.6490421,5.4155884,5.792502,3.4117248,6.029819
2018-12-24 08:00:00,6.52,4.0530996,5.574222,10.342407,3.8157823,10.579724
2018-12-24 08:15:00,21.89,5.4622345,16.734034,34.557365,5.2249174,34.79468
2018-12-24 08:30:00,59.62,15.943093,63.13176,84.522705,15.705776,84.760025
2018-12-24 08:45:00,64.58,15.59249,60.97003,77.98526,15.355173,78.22258
2018-12-24 09:00:00,67.18,23.405888,67.43321,91.74805,23.16857,91.98537
2018-12-24 09:15:00,69.44,25.567242,61.074593,87.226135,25.329924,87.463455
2018-12-24 09:30:00,65.38,49.508747,64.366165,81.76912,49.27143,82.00644
2018-12-24 09:45:00,67.0,53.39562,65.18103,85.20888,53.158302,85.4462
2018-12-24 10:00:00,56.27,48.47542,61.387554,83.87655,48.238106,84.11387
2018-12-24 10:15:00,54.18,48.982403,62.521465,97.654854,48.745087,97.89217
2018-12-24 10:30:00,58.39,50.209736,61.919323,93.45224,49.97242,93.68956
2018-12-24 10:45:00,54.86,49.168438,63.15541,94.50545,48.93112,94.74277
2018-12-24 11:00:00,54.18,52.09942,63.722565,90.99485,51.862103,91.23217
2018-12-24 11:15:00,55.55,49.361427,68.31688,88.8089,49.12411,89.04622
2018-12-24 11:30:00,53.21,51.706596,62.797436,87.655304,51.46928,87.892624
2018-12-24 11:45:00,53.03,46.899014,60.09082,86.79787,46.661697,87.03519
2018-12-24 12:00:00,40.64,43.15521,56.15279,83.29191,42.917892,83.52923
2018-12-24 12:15:00,6.91,5.375439,7.7628307,21.662334,5.138122,21.899652
2018-12-24 12:30:00,6.91,5.7017145,6.779129,10.664204,5.4643974,10.901521
2018-12-24 12:45:00,6.48,5.688105,7.435007,9.738704,5.450788,9.976021
2018-12-24 13:00:00,6.12,5.927785,6.981434,12.495686,5.690468,12.733003
2018-12-24 13:15:00,34.49,24.364319,48.687893,53.0497,24.127,53.287018
2018-12-24 13:30:00,46.98,42.76682,60.633476,78.57808,42.529503,78.8154
2018-12-24 13:45:00,38.2,42.38157,61.683857,77.35245,42.144253,77.58977
2018-12-24 14:00:00,37.84,26.228483,56.642265,68.45416,25.991165,68.69148
2018-12-24 14:15:00,43.45,45.448624,61.336887,86.44347,45.211308,86.680786
2018-12-24 14:30:00,63.9,48.011795,59.207417,81.967735,47.77448,82.205055
2018-12-24 14:45:00,38.48,40.66086,53.88766,76.95772,40.423542,77.19504
2018-12-24 15:00:00,38.12,41.133305,52.31899,74.35983,40.89599,74.59715
2018-12-24 15:15:00,45.25,42.9544,53.817783,77.24881,42.717083,77.48613
2018-12-24 15:30:00,51.12,48.593132,63.29491,91.02266,48.355816,91.25998
2018-12-24 15:45:00,45.72,42.723217,51.992622,77.14971,42.4859,77.38703
2018-12-24 16:00:00,51.7,40.033558,51.9131,77.530464,39.79624,77.767784
2018-12-24 16:15:00,47.2,43.888332,56.883434,82.57099,43.651016,82.80831
2018-12-24 16:30:00,69.55,46.225636,54.804382,76.147835,45.98832,76.385155
2018-12-24 16:45:00,44.82,42.976433,54.45417,71.95143,42.739117,72.18875
2018-12-24 17:00:00,40.86,44.37698,54.680546,69.76033,44.139664,69.99765
2018-12-24 17:15:00,33.66,41.116188,50.593887,64.41417,40.878872,64.65149
2018-12-24 17:30:00,9.86,45.328808,61.601044,80.24948,45.09149,80.4868
2018-12-24 17:45:00,6.73,25.801342,37.39128,40.480507,25.564024,40.717823
2018-12-24 18:00:00,5.29,18.465576,25.409132,37.19253,18.228258,37.429848
2018-12-24 18:15:00,5.22,17.837152,19.866571,28.569342,17.599834,28.80666
2018-12-24 18:30:00,5.18,6.18138,11.899327,14.379232,5.9440627,14.6165495
2018-12-24 18:45:00,5.33,5.585324,12.081501,13.501161,5.3480067,13.738478
2018-12-24 19:00:00,5.04,5.0111585,8.814497,10.04648,4.7738414,10.283797
2018-12-24 19:15:00,4.14,4.8569474,8.072259,8.189397,4.6196303,8.426714
2018-12-24 19:30:00,4.18,4.096625,4.9381423,7.4742785,3.8593075,7.7115955
2018-12-24 19:45:00,4.1,4.126738,5.5274334,7.598693,3.8894207,7.83601
2018-12-24 20:00:00,4.18,4.076788,5.493724,7.596761,3.8394706,7.8340783
2018-12-24 20:15:00,4.1,3.810155,4.297182,5.290207,3.5728376,5.527524
2018-12-24 20:30:00,4.14,3.8589873,4.2309923,5.089694,3.62167,5.327011
2018-12-24 20:45:00,4.21,3.718358,4.3431277,4.9035487,3.4810407,5.140866
2018-12-24 21:00:00,4.18,3.7082596,4.239454,4.38609,3.4709423,4.623407
2018-12-24 21:15:00,4.18,3.6535056,3.9971082,4.1622,3.4161882,4.399517
2018-12-24 21:30:00,4.14,3.6208155,3.9505584,4.1611304,3.3834982,4.3984475
2018-12-24 21:45:00,4.18,3.6676817,3.9607756,4.176476,3.4303644,4.413793
2018-12-24 22:00:00,5.4,3.7033515,3.953396,4.2062063,3.4660342,4.4435234
2018-12-24 22:15:00,4.5,3.6382318,3.7496629,4.18348,3.4009144,4.420797
2018-12-24 22:30:00,3.92,3.5427384,3.77767,4.076069,3.305421,4.313386
2018-12-24 22:45:00,3.89,3.594476,3.751593,4.0277824,3.3571587,4.2650995
2018-12-24 23:00:00,3.85,3.6943386,4.010947,5.112455,3.4570212,5.349772
2018-12-24 23:15:00,3.85,3.6950138,3.8166192,3.9481654,3.4576964,4.1854825
2018-12-24 23:30:00,3.82,3.4761307,3.7248933,3.8266175,3.2388134,4.063935
2018-12-24 23:45:00,3.85,3.5734816,3.8273425,3.872695,3.3361642,4.110012
2018-12-25 00:00:00,3.13,3.3438923,3.9653606,4.173845,3.106575,4.411162
2018-12-25 00:15:00,3.85,3.340557,3.7078013,4.2358713,3.1032398,4.4731884
2018-12-25 00:30:00,3.92,3.3571315,3.717577,4.10682,3.1198142,4.344137
2018-12-25 00:45:00,3.89,3.3479908,3.7331696,4.091214,3.1106734,4.3285313
2018-12-25 01:00:00,3.85,3.1402924,3.4114408,4.820133,2.902975,5.0574503
2018-12-25 01:15:00,3.56,3.1777122,3.5273123,4.9620214,2.9403949,5.1993384
2018-12-25 01:30:00,3.2,3.1846964,3.5674644,3.8801508,2.947379,4.117468
2018-12-25 01:45:00,3.92,3.189973,3.5903106,3.9218788,2.9526558,4.159196
2018-12-25 02:00:00,3.64,3.2448187,3.504973,4.061109,3.0075014,4.298426
2018-12-25 02:15:00,3.17,3.205207,3.5241966,3.9604478,2.9678898,4.197765
2018-12-25 02:30:00,3.17,3.1776476,3.3156867,3.8159902,2.9403303,4.0533075
2018-12-25 02:45:00,3.2,3.1809518,3.5495033,4.145959,2.9436345,4.383276
2018-12-25 03:00:00,3.24,3.1707702,3.5369515,4.062998,2.9334528,4.300315
2018-12-25 03:15:00,3.2,3.1215856,3.3976214,3.7434893,2.8842683,3.9808066
2018-12-25 03:30:00,3.2,3.1423216,3.3901455,3.7538936,2.9050043,3.991211
2018-12-25 03:45:00,3.28,3.0822904,3.1819005,3.7029982,2.844973,3.9403155
2018-12-25 04:00:00,3.96,3.073833,3.313126,3.6589975,2.8365157,3.8963149
2018-12-25 04:15:00,3.96,3.0883021,3.2674794,3.6936662,2.8509848,3.9309835
2018-12-25 04:30:00,3.92,3.0877066,3.1960661,3.6791115,2.8503892,3.9164288
2018-12-25 04:45:00,3.89,3.1391459,3.2770536,3.9974415,2.9018285,4.234759
2018-12-25 05:00:00,3.35,3.1163256,3.21531,3.4915175,2.8790083,3.7288349
2018-12-25 05:15:00,3.24,3.1576436,3.2628546,4.0194287,2.9203262,4.256746
2018-12-25 05:30:00,3.35,3.1939294,3.7464876,3.74941,2.956612,3.9867272
2018-12-25 05:45:00,3.96,3.2729957,3.8278444,4.017636,3.0356784,4.254953
2018-12-25 06:00:00,3.71,3.2312474,3.7127795,3.7993534,2.99393,4.0366707
2018-12-25 06:15:00,3.17,3.1388643,3.6841397,3.7518487,2.901547,3.989166
2018-12-25 06:30:00,3.2,3.0972915,3.5712652,3.6940937,2.8599741,3.931411
2018-12-25 06:45:00,3.2,3.1392562,3.8799164,4.0027876,2.901939,4.2401047
2018-12-25 07:00:00,3.17,3.1711712,3.9179742,4.016032,2.9338539,4.2533493
2018-12-25 07:15:00,3.24,3.1387792,3.8318386,3.8629987,2.9014618,4.100316
2018-12-25 07:30:00,3.85,3.19265,4.0692115,4.2826724,2.9553328,4.5199895
2018-12-25 07:45:00,3.92,3.3136272,4.0835524,5.838656,3.07631,6.075973
2018-12-25 08:00:00,3.89,3.5989816,4.2115464,7.3290977,3.3616643,7.566415
2018-12-25 08:15:00,3.89,11.567963,13.520688,37.587044,11.330646,37.82436
2018-12-25 08:30:00,3.49,19.776567,26.301348,69.61805,19.53925,69.85537
2018-12-25 08:45:00,3.24,18.877525,27.676558,67.29268,18.640207,67.53
2018-12-25 09:00:00,3.38,19.811895,27.528645,66.721344,19.574577,66.958664
2018-12-25 09:15:00,3.49,10.670399,12.754791,38.449642,10.433082,38.68696
2018-12-25 09:30:00,3.46,7.865344,11.348215,18.580816,7.628027,18.818134
2018-12-25 09:45:00,3.82,7.30658,10.232649,18.753708,7.069263,18.991026
2018-12-25 10:00:00,3.96,5.313479,8.961741,17.859324,5.076162,18.096642
2018-12-25 10:15:00,3.42,5.1971846,8.909234,17.12246,4.9598675,17.359777
2018-12-25 10:30:00,3.53,5.2005734,6.877888,15.50615,4.9632564,15.743467
2018-12-25 10:45:00,3.46,4.8282332,5.8496957,17.99743,4.590916,18.234749
2018-12-25 11:00:00,3.46,3.543355,5.8903823,20.779799,3.3060377,21.017117
2018-12-25 11:15:00,3.78,4.327727,6.0727468,16.383892,4.0904098,16.62121
2018-12-25 11:30:00,4.18,3.7398229,5.5673256,16.355291,3.5025055,16.59261
2018-12-25 11:45:00,4.28,3.5740256,6.601137,15.671163,3.3367083,15.90848
2018-12-25 12:00:00,4.18,3.535983,5.3560376,14.725479,3.2986658,14.962796
2018-12-25 12:15:00,4.07,3.240721,4.1297007,8.097653,3.0034037,8.33497
2018-12-25 12:30:00,3.56,3.4267929,4.2224836,8.207664,3.1894755,8.444981
2018-12-25 12:45:00,3.53,3.6339033,4.2915964,8.227082,3.396586,8.464399
2018-12-25 13:00:00,3.53,3.7141073,4.1696653,9.443209,3.47679,9.680526
2018-12-25 13:15:00,5.04,5.652653,6.0118403,19.41522,5.415336,19.652538
2018-12-25 13:30:00,4.07,6.5484166,8.076367,24.366228,6.3110995,24.603546
2018-12-25 13:45:00,3.42,7.42063,9.438334,27.335958,7.183313,27.573277
2018-12-25 14:00:00,3.42,6.140426,8.587654,24.290272,5.903109,24.52759
2018-12-25 14:15:00,3.49,8.097046,40.236805,53.328117,7.859729,53.565434
2018-12-25 14:30:00,3.46,8.225834,8.539504,30.36637,7.988517,30.603687
2018-12-25 14:45:00,3.53,5.899924,6.829146,32.38932,5.6626067,32.626637
2018-12-25 15:00:00,4.14,5.966439,8.041905,31.960066,5.7291217,32.197384
2018-12-25 15:15:00,4.14,6.544079,7.461586,17.465315,6.3067617,17.702633
2018-12-25 15:30:00,4.14,4.2900715,7.967717,9.3502865,4.0527544,9.587604
2018-12-25 15:45:00,4.1,6.336174,7.180305,7.635678,6.098857,7.872995
2018-12-25 16:00:00,3.67,5.035262,8.763018,14.981336,4.797945,15.218653
2018-12-25 16:15:00,3.46,5.0393806,7.312887,15.196691,4.8020635,15.434008
2018-12-25 16:30:00,3.42,4.9983463,6.586766,10.56286,4.7610292,10.800177
2018-12-25 16:45:00,3.46,6.4781127,6.657497,7.6056733,6.2407956,7.8429904
2018-12-25 17:00:00,3.42,4.333298,7.97855,10.778952,4.095981,11.016269
2018-12-25 17:15:00,3.46,4.4468126,6.261466,13.756036,4.2094955,13.993353
2018-12-25 17:30:00,4.0,4.0899143,6.661313,10.993983,3.852597,11.2313
2018-12-25 17:45:00,4.0,3.8856876,4.8950615,6.0806413,3.6483703,6.3179584
2018-12-25 18:00:00,3.38,2.6386447,3.4991007,4.5002403,2.4013274,4.7375574
2018-12-25 18:15:00,3.38,3.229461,3.3224287,3.808371,2.9921436,4.045688
2018-12-25 18:30:00,3.74,3.2918413,3.9953704,4.434606,3.054524,4.671923
2018-12-25 18:45:00,4.1,3.3010504,3.8761559,4.270282,3.063733,4.507599
2018-12-25 19:00:00,4.18,3.1090374,3.6657712,3.9072685,2.87172,4.1445856
2018-12-25 19:15:00,4.1,3.2605627,3.6692464,3.878995,3.0232453,4.116312
2018-12-25 19:30:00,4.18,3.3333704,3.8589094,3.9331927,3.0960531,4.17051
2018-12-25 19:45:00,3.64,3.2985876,3.8469949,4.5722337,3.0612702,4.809551
2018-12-25 20:00:00,3.46,3.3290563,3.6504657,4.378426,3.091739,4.615743
2018-12-25 20:15:00,3.46,3.3633115,3.7599928,4.861097,3.1259942,5.098414
2018-12-25 20:30:00,3.38,3.5455165,3.8332813,4.8930845,3.3081992,5.1304016
2018-12-25 20:45:00,3.42,3.4053059,3.8056128,4.024367,3.1679885,4.261684
2018-12-25 21:00:00,3.42,3.3160934,3.5765295,3.8724759,3.0787761,4.109793
2018-12-25 21:15:00,3.42,3.2540329,3.486114,3.8036082,3.0167155,4.0409255
2018-12-25 21:30:00,4.03,3.22629,3.5627303,3.8306022,2.9889727,4.0679193
2018-12-25 21:45:00,4.14,3.1109033,3.4487996,3.929918,2.873586,4.1672354
2018-12-25 22:00:00,3.49,3.0037355,3.454842,3.7459905,2.7664182,3.9833078
2018-12-25 22:15:00,3.2,2.9593735,3.313345,3.7878244,2.7220562,4.0251417
2018-12-25 22:30:00,3.85,3.1285896,3.258214,3.891753,2.8912723,4.1290703
2018-12-25 22:45:00,3.89,3.175673,3.2640796,3.6797945,2.9383557,3.9171119
2018-12-25 23:00:00,3.89,3.1393466,3.2308793,3.671026,2.9020293,3.9083433
2018-12-25 23:15:00,3.85,3.1161475,3.1227746,3.4865878,2.8788302,3.723905
2018-12-25 23:30:00,3.64,3.170582,3.3379774,3.7196727,2.9332647,3.95699
2018-12-25 23:45:00,3.31,3.1515944,3.3176658,3.828705,2.914277,4.0660224
2018-12-26 00:00:00,3.67,3.0843918,4.0052876,5.4946637,2.8470745,5.731981
2018-12-26 00:15:00,3.24,3.1574469,3.4407203,4.0026636,2.9201295,4.2399807
2018-12-26 00:30:00,3.24,3.1526406,3.4611022,3.960448,2.9153233,4.1977654
2018-12-26 00:45:00,3.2,3.1216197,3.2882707,3.8630042,2.8843024,4.1003213
2018-12-26 01:00:00,3.31,3.163258,3.4801366,3.9182124,2.9259408,4.1555295
2018-12-26 01:15:00,3.24,3.114049,3.3151877,3.7267916,2.8767316,3.964109
2018-12-26 01:30:00,3.28,3.078656,3.2651103,3.7115936,2.8413386,3.948911
2018-12-26 01:45:00,3.24,3.089596,3.2625597,3.7318265,2.8522787,3.9691439
2018-12-26 02:00:00,3.24,3.1139812,3.3197095,3.892692,2.876664,4.130009
2018-12-26 02:15:00,3.78,3.1049035,3.245509,3.8499355,2.8675861,4.0872526
2018-12-26 02:30:00,3.96,3.118106,3.282871,3.8550656,2.8807886,4.092383
2018-12-26 02:45:00,4.97,3.1353838,3.2469976,3.876535,2.8980665,4.113852
2018-12-26 03:00:00,4.36,3.1481593,3.278457,3.820488,2.910842,4.057805
2018-12-26 03:15:00,3.71,3.1177623,3.2609189,3.700883,2.880445,3.9382002
2018-12-26 03:30:00,3.28,3.1607604,3.3338273,3.8705933,2.923443,4.1079106
2018-12-26 03:45:00,3.31,3.3418472,3.607984,4.177132,3.1045299,4.414449
2018-12-26 04:00:00,3.28,3.1901808,3.3830926,4.0080647,2.9528635,4.245382
2018-12-26 04:15:00,3.28,3.1548305,3.32826,3.378073,2.9175131,3.6153903
2018-12-26 04:30:00,3.2,3.1326437,3.2052114,3.2632177,2.8953264,3.500535
2018-12-26 04:45:00,3.24,3.1275415,3.204078,3.2077134,2.8902242,3.4450307
2018-12-26 05:00:00,3.28,3.0983918,3.172767,3.6453435,2.8610744,3.8826609
2018-12-26 05:15:00,3.2,3.080533,3.2170956,3.6399615,2.8432157,3.8772788
2018-12-26 05:30:00,3.24,3.08038,3.5120957,3.655854,2.8430626,3.8931713
2018-12-26 05:45:00,3.2,3.0880654,3.4000065,3.5054533,2.850748,3.7427707
2018-12-26 06:00:00,4.79,3.0886123,3.522701,3.6515248,2.851295,3.888842
2018-12-26 06:15:00,4.86,3.143182,3.4787698,3.7152317,2.9058647,3.952549
2018-12-26 06:30:00,3.92,3.1494932,3.475813,3.747033,2.912176,3.9843504
2018-12-26 06:45:00,3.82,3.167314,3.508187,3.8288429,2.9299967,4.06616
2018-12-26 07:00:00,3.35,3.294149,3.9444082,4.1207547,3.0568316,4.358072
2018-12-26 07:15:00,3.17,3.6431828,3.98839,4.171043,3.4058654,4.40836
2018-12-26 07:30:00,3.42,3.5120046,3.8706686,4.633163,3.2746873,4.87048
2018-12-26 07:45:00,4.82,3.6491423,4.102499,4.9589133,3.411825,5.1962304
2018-12-26 08:00:00,5.0,3.634619,4.0718517,9.1739645,3.3973017,9.411282
2018-12-26 08:15:00,34.52,4.162954,7.9652715,36.154285,3.9256365,36.3916
2018-12-26 08:30:00,48.06,12.880117,13.369686,76.59153,12.6428,76.82885
2018-12-26 08:45:00,78.23,14.819478,57.190228,77.97839,14.582161,78.21571
2018-12-26 09:00:00,51.08,19.210293,63.541573,80.964134,18.972975,81.201454
2018-12-26 09:15:00,70.99,41.31597,56.987907,87.19422,41.078655,87.43154
2018-12-26 09:30:00,65.74,45.391212,56.56126,76.94124,45.153896,77.17856
2018-12-26 09:45:00,52.96,53.812027,70.68631,100.768974,53.57471,101.006294
2018-12-26 10:00:00,55.44,45.67748,56.70187,68.589226,45.440163,68.826546
2018-12-26 10:15:00,52.06,50.643444,66.757484,97.931496,50.406128,98.168816
2018-12-26 10:30:00,57.64,49.540096,64.525734,93.92516,49.30278,94.16248
2018-12-26 10:45:00,62.21,47.48098,61.24424,84.94263,47.243664,85.17995
2018-12-26 11:00:00,45.58,46.90123,61.459343,76.09179,46.663914,76.32911
2018-12-26 11:15:00,54.58,45.86094,63.365475,87.311134,45.623623,87.548454
2018-12-26 11:30:00,55.15,47.641167,59.12595,83.382454,47.40385,83.619774
2018-12-26 11:45:00,58.64,48.669975,62.566887,88.324715,48.43266,88.562035
2018-12-26 12:00:00,31.28,38.493168,51.641407,71.72022,38.25585,71.95754
2018-12-26 12:15:00,6.77,5.245347,6.998397,21.021711,5.00803,21.25903
2018-12-26 12:30:00,7.09,5.349706,6.32812,12.249529,5.112389,12.486846
2018-12-26 12:45:00,6.95,5.5182896,6.065085,9.436021,5.2809725,9.673338
2018-12-26 13:00:00,6.41,5.253955,6.113858,14.942982,5.016638,15.180299
2018-12-26 13:15:00,20.66,30.576126,49.77153,56.38399,30.338808,56.621307
2018-12-26 13:30:00,59.9,39.67967,59.251842,77.4685,39.442352,77.70582
2018-12-26 13:45:00,55.3,32.494003,60.537178,70.38524,32.256687,70.62256
2018-12-26 14:00:00,51.41,16.693083,50.313396,52.760582,16.455765,52.9979
2018-12-26 14:15:00,57.02,22.793901,60.69406,75.029945,22.556583,75.267265
2018-12-26 14:30:00,43.06,50.77821,66.37882,89.45793,50.540894,89.69525
2018-12-26 14:45:00,41.4,44.487732,58.91661,75.07791,44.250416,75.31523
2018-12-26 15:00:00,52.92,42.104187,59.688904,75.48098,41.86687,75.7183
2018-12-26 15:15:00,53.42,47.267044,55.39984,77.238846,47.029728,77.476166
2018-12-26 15:30:00,40.68,40.678272,53.65363,72.52374,40.440956,72.76106
2018-12-26 15:45:00,40.64,40.558727,53.399494,69.81095,40.32141,70.04827
2018-12-26 16:00:00,41.47,44.27073,59.060528,72.950836,44.033413,73.188156
2018-12-26 16:15:00,56.2,42.116474,58.075684,73.791405,41.879158,74.028725
2018-12-26 16:30:00,59.04,40.549053,48.888565,65.572365,40.311737,65.809685
2018-12-26 16:45:00,54.68,37.205406,49.0098,60.595757,36.96809,60.833073
2018-12-26 17:00:00,57.67,36.125854,52.429443,58.953377,35.88854,59.190693
2018-12-26 17:15:00,54.79,23.018097,51.23378,61.548786,22.780779,61.786102
2018-12-26 17:30:00,34.42,21.09813,42.960854,52.203785,20.860811,52.4411
2018-12-26 17:45:00,9.5,16.443,29.960184,40.55931,16.205683,40.796627
2018-12-26 18:00:00,5.22,16.283678,18.903149,29.502996,16.04636,29.740314
2018-12-26 18:15:00,5.04,15.125195,17.73976,25.511694,14.887877,25.749012
2018-12-26 18:30:00,5.04,12.54565,16.429354,22.843565,12.308332,23.080883
2018-12-26 18:45:00,5.08,5.233148,9.419622,16.112463,4.995831,16.349781
2018-12-26 19:00:00,5.08,4.1291366,7.279493,11.233015,3.8918192,11.470332
2018-12-26 19:15:00,4.68,4.1681857,7.5542226,9.732967,3.9308684,9.970284
2018-12-26 19:30:00,3.92,4.1430225,6.364213,7.1734924,3.9057052,7.4108095
2018-12-26 19:45:00,3.89,4.065834,5.473253,7.305232,3.8285167,7.542549
2018-12-26 20:00:00,3.85,4.064363,5.6868353,7.4969664,3.8270457,7.7342834
2018-12-26 20:15:00,3.89,3.823239,4.1907935,7.2271743,3.5859218,7.4644914
2018-12-26 20:30:00,3.89,3.5643902,3.6044028,4.351007,3.3270729,4.588324
2018-12-26 20:45:00,3.96,3.5354776,3.5977328,4.103184,3.2981603,4.3405013
2018-12-26 21:00:00,3.89,3.458647,3.7162182,4.002805,3.2213297,4.2401223
2018-12-26 21:15:00,3.96,3.4368882,3.855971,4.19968,3.199571,4.436997
2018-12-26 21:30:00,4.0,3.4024377,3.8674219,4.146177,3.1651204,4.383494
2018-12-26 21:45:00,3.96,3.369161,3.911764,4.1566043,3.1318436,4.3939214
2018-12-26 22:00:00,4.07,3.438417,3.7257106,4.1300683,3.2010996,4.3673854
2018-12-26 22:15:00,4.0,3.3883364,3.596593,3.9825664,3.151019,4.2198834
2018-12-26 22:30:00,4.9,3.3134246,3.5879269,3.965263,3.0761073,4.20258
2018-12-26 22:45:00,4.1,3.324393,3.6252675,4.0088053,3.0870757,4.2461224
2018-12-26 23:00:00,3.71,3.4623606,3.7929585,4.113544,3.2250433,4.350861
2018-12-26 23:15:00,3.74,3.3697977,3.679097,4.08767,3.1324804,4.324987
2018-12-26 23:30:00,3.64,3.4826229,3.5087457,4.052051,3.2453055,4.289368
2018-12-26 23:45:00,3.67,3.5032837,3.565627,3.8802917,3.2659664,4.117609
2018-12-27 00:00:00,3.74,3.3007174,3.671928,3.8618772,3.0634,4.0991945
2018-12-27 00:15:00,3.64,3.3461542,3.5635242,3.8569252,3.108837,4.0942426
2018-12-27 00:30:00,3.74,3.2466755,3.4882016,4.0121803,3.0093582,4.2494974
2018-12-27 00:45:00,3.71,3.289443,3.5437114,4.030605,3.0521257,4.267922
2018-12-27 01:00:00,3.71,3.2593048,3.629263,4.0403857,3.0219874,4.277703
2018-12-27 01:15:00,3.67,3.2195036,3.535491,3.9983582,2.9821863,4.2356753
2018-12-27 01:30:00,3.67,3.264806,3.6002622,4.087526,3.0274887,4.324843
2018-12-27 01:45:00,3.78,3.2805057,3.644623,4.1282754,3.0431883,4.3655925
2018-12-27 02:00:00,4.18,3.2781098,3.6336458,4.0628705,3.0407925,4.3001876
2018-12-27 02:15:00,4.86,3.272661,3.5579858,4.131308,3.0353436,4.368625
2018-12-27 02:30:00,4.21,3.2708309,3.5372448,4.152912,3.0335135,4.390229
2018-12-27 02:45:00,3.71,3.2993832,3.6350272,4.268746,3.0620658,4.506063
2018-12-27 03:00:00,3.78,3.4768422,3.5541816,4.14266,3.2395248,4.379977
2018-12-27 03:15:00,3.67,3.585925,3.6185613,4.292609,3.3486078,4.5299263
2018-12-27 03:30:00,3.71,3.5326946,3.6293254,3.8286002,3.2953773,4.0659175
2018-12-27 03:45:00,3.24,3.3699574,3.5442305,3.8143744,3.1326401,4.0516915
2018-12-27 04:00:00,3.02,3.2958977,3.5289116,3.7445958,3.0585804,3.981913
2018-12-27 04:15:00,2.99,3.259654,3.395968,3.8317256,3.0223367,4.0690427
2018-12-27 04:30:00,2.99,3.182121,3.5975723,3.9598827,2.9448037,4.1972
2018-12-27 04:45:00,2.95,3.2395492,3.307943,3.776134,3.0022318,4.013451
2018-12-27 05:00:00,2.95,3.0643277,3.1223655,3.3586292,2.8270104,3.5959466
2018-12-27 05:15:00,2.95,3.0014265,3.0703034,3.3105211,2.7641091,3.5478384
2018-12-27 05:30:00,2.95,3.0253386,3.3609285,3.5019817,2.7880213,3.739299
2018-12-27 05:45:00,2.95,2.9751937,3.3660543,3.4696543,2.7378764,3.7069716
2018-12-27 06:00:00,3.42,3.0420628,3.588343,3.777982,2.8047454,4.0152993
2018-12-27 06:15:00,3.74,2.9550233,3.5873306,3.7768698,2.717706,4.014187
2018-12-27 06:30:00,4.86,2.960611,3.6328988,3.7244632,2.7232938,3.9617805
2018-12-27 06:45:00,4.21,3.0440235,3.630102,3.6479292,2.8067062,3.8852465
2018-12-27 07:00:00,3.6,3.0740862,3.3942504,3.5311387,2.8367689,3.768456
2018-12-27 07:15:00,2.88,3.1156116,3.3980582,3.534609,2.8782942,3.7719264
2018-12-27 07:30:00,3.2,3.6170444,3.831337,4.5247245,3.3797271,4.7620416
2018-12-27 07:45:00,4.9,3.8453696,4.3133254,6.06619,3.6080523,6.303507
2018-12-27 08:00:00,5.65,3.4321291,4.439678,9.608321,3.1948118,9.845638
2018-12-27 08:15:00,32.0,13.888928,14.02598,43.179066,13.651611,43.41638
2018-12-27 08:30:00,52.63,17.843231,24.980753,70.34499,17.605913,70.58231
2018-12-27 08:45:00,73.66,22.89611,59.553192,72.41268,22.658792,72.65
2018-12-27 09:00:00,63.47,24.586535,64.51891,73.839806,24.349216,74.077126
2018-12-27 09:15:00,56.77,42.542904,55.891006,74.95696,42.305588,75.19428
2018-12-27 09:30:00,53.93,45.452576,58.63488,73.49039,45.21526,73.72771
2018-12-27 09:45:00,59.4,51.095303,67.70699,87.514244,50.857986,87.751564
2018-12-27 10:00:00,76.03,47.69679,57.60927,80.43053,47.459473,80.66785
2018-12-27 10:15:00,47.81,45.484505,55.40856,74.1328,45.24719,74.37012
2018-12-27 10:30:00,45.83,45.324535,58.08984,75.045265,45.08722,75.282585
2018-12-27 10:45:00,52.63,49.37886,57.863705,80.912445,49.141544,81.149765
2018-12-27 11:00:00,68.69,50.214886,65.87336,95.11646,49.97757,95.35378
2018-12-27 11:15:00,51.16,44.631023,57.375168,71.1141,44.393707,71.35142
2018-12-27 11:30:00,51.52,41.003048,54.70146,69.35099,40.76573,69.58831
2018-12-27 11:45:00,54.83,43.65687,55.84278,71.653755,43.419556,71.891075
2018-12-27 12:00:00,59.62,29.932688,53.180595,78.223816,29.69537,78.461136
2018-12-27 12:15:00,13.54,5.0723505,7.004904,17.888752,4.8350334,18.12607
2018-12-27 12:30:00,6.62,5.1888556,7.0991297,10.344094,4.9515386,10.581411
2018-12-27 12:45:00,6.59,5.3243027,6.6694736,10.304317,5.0869856,10.541635
2018-12-27 13:00:00,17.82,3.8899918,6.3488765,10.378264,3.6526744,10.6155815
2018-12-27 13:15:00,40.57,25.309431,28.449923,46.83913,25.072113,47.076447
2018-12-27 13:30:00,43.7,29.895369,58.225784,62.433247,29.65805,62.670563
2018-12-27 13:45:00,46.84,35.955666,59.29414,66.15793,35.71835,66.39525
2018-12-27 14:00:00,53.32,30.415691,60.337933,61.997425,30.178373,62.23474
2018-12-27 14:15:00,55.01,43.36776,57.36279,67.828094,43.130444,68.065414
2018-12-27 14:30:00,61.74,42.64863,53.49324,67.92633,42.411312,68.16365
2018-12-27 14:45:00,54.14,39.771877,52.085293,62.86751,39.53456,63.104828
2018-12-27 15:00:00,53.5,39.35145,51.607224,66.670815,39.114136,66.908134
2018-12-27 15:15:00,44.75,40.249573,53.599735,66.5771,40.012257,66.81442
2018-12-27 15:30:00,42.95,41.689465,55.43349,67.132614,41.45215,67.369934
2018-12-27 15:45:00,60.84,41.521503,56.457928,66.02044,41.284187,66.25776
2018-12-27 16:00:00,63.04,42.315586,58.67795,67.43164,42.07827,67.66896
2018-12-27 16:15:00,59.58,39.70106,54.628788,67.49811,39.463745,67.73543
2018-12-27 16:30:00,63.22,40.892445,51.368732,72.16753,40.65513,72.40485
2018-12-27 16:45:00,45.79,43.442936,58.25381,75.13662,43.20562,75.37394
2018-12-27 17:00:00,41.58,42.518295,55.22956,78.8863,42.28098,79.12362
2018-12-27 17:15:00,54.58,31.899027,50.93779,70.106636,31.661709,70.343956
2018-12-27 17:30:00,36.72,33.14227,46.34352,60.933887,32.904953,61.171204
2018-12-27 17:45:00,29.38,26.192522,28.89754,42.14714,25.955204,42.384457
2018-12-27 18:00:00,28.48,19.24294,19.482794,24.009933,19.005623,24.247252
2018-12-27 18:15:00,48.56,17.721031,17.924114,18.7823,17.483713,19.019619
2018-12-27 18:30:00,53.82,16.668316,17.088682,17.27501,16.430998,17.512327
2018-12-27 18:45:00,53.5,11.995183,15.924105,18.993437,11.757866,19.230755
2018-12-27 19:00:00,53.14,7.301225,13.9156275,15.807746,7.063908,16.045063
2018-12-27 19:15:00,51.01,13.065376,18.443445,19.23584,12.828059,19.473158
2018-12-27 19:30:00,47.99,18.506336,20.531845,24.015963,18.269018,24.25328
2018-12-27 19:45:00,49.18,18.82483,20.650593,23.7276,18.587511,23.964918
2018-12-27 20:00:00,50.33,15.945764,19.580004,20.395805,15.7084465,20.633123
2018-12-27 20:15:00,50.04,14.347436,18.71124,19.42037,14.110119,19.657688
2018-12-27 20:30:00,40.93,13.620504,17.123411,20.071486,13.383187,20.308804
2018-12-27 20:45:00,14.51,13.838877,16.60154,18.11112,13.60156,18.348438
2018-12-27 21:00:00,8.35,8.539467,12.053323,12.733485,8.30215,12.970802
2018-12-27 21:15:00,5.26,3.9220889,5.099781,9.43353,3.6847715,9.670847
2018-12-27 21:30:00,5.26,3.8043616,4.5626154,8.51013,3.5670443,8.747447
2018-12-27 21:45:00,5.26,3.6477396,4.190339,4.394904,3.4104223,4.632221
2018-12-27 22:00:00,4.5,3.7912428,4.0513396,4.2334576,3.5539255,4.4707747
2018-12-27 22:15:00,3.89,3.7486765,4.0026774,5.3705783,3.5113592,5.6078954
2018-12-27 22:30:00,3.85,3.5330474,3.8784385,4.144007,3.29573,4.3813243
2018-12-27 22:45:00,3.82,3.52724,4.1544585,4.800487,3.2899227,5.037804
2018-12-27 23:00:00,3.82,3.5015013,3.853995,4.234627,3.264184,4.471944
2018-12-27 23:15:00,3.82,3.2807753,3.5659993,3.812992,3.043458,4.050309
2018-12-27 23:30:00,3.78,3.2731082,3.6333125,3.836924,3.035791,4.074241
2018-12-27 23:45:00,3.74,3.2190619,3.7334788,3.9938328,2.9817445,4.23115
2018-12-28 00:00:00,4.82,3.1229324,3.6421096,4.175615,2.885615,4.412932
2018-12-28 00:15:00,3.74,3.1769512,3.679784,3.9474654,2.9396338,4.1847825
2018-12-28 00:30:00,3.78,3.1343284,3.6795146,3.8667896,2.897011,4.104107
2018-12-28 00:45:00,3.85,3.1318483,3.69209,3.9113877,2.894531,4.148705
2018-12-28 01:00:00,4.14,3.300704,3.6037965,4.1050134,3.0633867,4.3423305
2018-12-28 01:15:00,4.9,3.2141967,3.6204462,3.7875938,2.9768794,4.024911
2018-12-28 01:30:00,4.14,3.213051,3.646969,3.740593,2.9757338,3.9779103
2018-12-28 01:45:00,3.82,3.1918423,3.631985,3.8594842,2.954525,4.0968013
2018-12-28 02:00:00,3.85,3.286164,3.5919697,4.0319414,3.0488467,4.2692585
2018-12-28 02:15:00,3.82,3.3464315,3.438363,4.063556,3.1091142,4.3008733
2018-12-28 02:30:00,3.82,3.3545089,3.6009889,3.8293464,3.1171916,4.0666637
2018-12-28 02:45:00,3.82,3.298899,3.5962029,4.2373266,3.0615816,4.4746437
2018-12-28 03:00:00,3.82,3.2884524,3.5750961,4.373254,3.051135,4.610571
2018-12-28 03:15:00,3.89,3.214481,3.5766566,4.0548882,2.9771638,4.2922053
2018-12-28 03:30:00,3.89,3.2349946,3.6506875,4.025873,2.9976773,4.2631903
2018-12-28 03:45:00,3.85,3.0728939,3.5832517,3.9373255,2.8355765,4.1746426
2018-12-28 04:00:00,3.82,3.0265126,3.5883622,3.9530885,2.7891953,4.190406
2018-12-28 04:15:00,4.07,3.0643473,3.587203,3.9403567,2.82703,4.177674
2018-12-28 04:30:00,5.04,3.0779052,3.6068273,3.9474828,2.8405879,4.1848
2018-12-28 04:45:00,4.1,3.2315102,3.6307118,3.964966,2.9941928,4.2022834
2018-12-28 05:00:00,3.82,3.2250416,3.607955,4.031698,2.9877243,4.2690153
2018-12-28 05:15:00,3.89,3.1849496,3.5388951,3.8957622,2.9476323,4.1330795
2018-12-28 05:30:00,3.38,3.3840992,3.9083633,4.0726056,3.146782,4.3099227
2018-12-28 05:45:00,3.17,3.236539,3.6573884,3.797723,2.9992216,4.0350404
2018-12-28 06:00:00,3.06,3.2564619,3.6669123,3.890524,3.0191445,4.127841
2018-12-28 06:15:00,3.06,3.3954303,3.72343,3.9472191,3.158113,4.1845365
2018-12-28 06:30:00,3.1,3.18001,3.898239,3.9720695,2.9426928,4.209387
2018-12-28 06:45:00,3.06,3.1424007,3.8439724,3.9394531,2.9050834,4.17677
2018-12-28 07:00:00,3.1,3.0639043,3.392998,3.6365263,2.826587,3.8738437
2018-12-28 07:15:00,3.38,2.9509768,3.4115713,3.6296856,2.7136595,3.867003
2018-12-28 07:30:00,4.97,3.0926425,3.7131212,3.7581296,2.8553252,3.995447
2018-12-28 07:45:00,6.7,3.308433,4.2093635,5.4930687,3.0711157,5.730386
2018-12-28 08:00:00,6.16,3.3921454,4.4674683,7.93626,3.154828,8.173577
2018-12-28 08:15:00,35.75,5.647986,27.176834,32.081825,5.410669,32.31914
2018-12-28 08:30:00,57.78,22.67199,61.099983,62.594776,22.434671,62.832092
2018-12-28 08:45:00,57.74,29.440233,63.821533,75.567085,29.202915,75.804405
2018-12-28 09:00:00,66.46,28.350008,64.283066,66.69649,28.11269,66.93381
2018-12-28 09:15:00,66.82,44.605526,54.497997,66.66707,44.36821,66.90439
2018-12-28 09:30:00,59.9,43.6321,56.550045,68.22816,43.394783,68.46548
2018-12-28 09:45:00,63.32,47.94385,54.494892,70.686295,47.706535,70.923615
2018-12-28 10:00:00,57.17,47.23068,58.301826,78.31381,46.993362,78.55113
2018-12-28 10:15:00,55.91,44.02364,59.29231,79.7767,43.786324,80.01402
2018-12-28 10:30:00,62.42,42.572826,54.07157,70.6657,42.33551,70.90302
2018-12-28 10:45:00,59.72,45.19588,57.39139,77.3164,44.958565,77.55372
2018-12-28 11:00:00,62.71,48.057327,55.520584,69.00342,47.82001,69.24074
2018-12-28 11:15:00,57.82,44.769608,55.798252,66.17827,44.53229,66.41559
2018-12-28 11:30:00,64.94,45.674633,56.33387,71.92547,45.437317,72.16279
2018-12-28 11:45:00,58.97,42.189445,53.274643,69.85392,41.95213,70.09124
2018-12-28 12:00:00,47.05,26.278507,52.130054,72.695854,26.04119,72.933174
2018-12-28 12:15:00,10.01,5.4040318,7.7960057,19.616806,5.1667147,19.854124
2018-12-28 12:30:00,7.81,5.628284,6.243716,7.3711514,5.390967,7.6084685
2018-12-28 12:45:00,7.27,5.5208645,5.976896,9.53489,5.2835474,9.772207
2018-12-28 13:00:00,7.31,3.8961895,6.581273,15.416457,3.6588721,15.653774
2018-12-28 13:15:00,42.55,24.818525,26.778246,48.987926,24.581207,49.225243
2018-12-28 13:30:00,56.12,34.797832,54.43612,57.932323,34.560516,58.16964
2018-12-28 13:45:00,45.0,37.104576,58.511993,60.880787,36.86726,61.118103
2018-12-28 14:00:00,45.22,27.413902,55.24525,56.6882,27.176584,56.925518
2018-12-28 14:15:00,42.62,44.043785,58.98642,74.021996,43.80647,74.259315
2018-12-28 14:30:00,34.2,42.41467,55.553436,66.5407,42.177353,66.77802
2018-12-28 14:45:00,42.8,39.04954,50.842,63.88832,38.812225,64.12564
2018-12-28 15:00:00,48.02,37.050938,49.490448,61.27011,36.81362,61.507427
2018-12-28 15:15:00,44.6,37.838486,50.641056,58.66487,37.60117,58.902187
2018-12-28 15:30:00,35.78,32.581257,46.854057,52.91726,32.34394,53.154575
2018-12-28 15:45:00,32.62,37.25003,50.1676,56.835403,37.012714,57.07272
2018-12-28 16:00:00,31.39,38.568176,50.603848,56.328682,38.33086,56.565998
2018-12-28 16:15:00,30.06,38.733753,49.336567,61.43593,38.496437,61.673244
2018-12-28 16:30:00,30.13,38.01815,46.312553,54.828907,37.780834,55.066223
2018-12-28 16:45:00,23.58,32.85265,46.12038,51.00199,32.615334,51.239307
2018-12-28 17:00:00,8.57,18.280336,41.856915,49.963318,18.043018,50.200634
2018-12-28 17:15:00,9.58,11.43045,41.550903,47.062206,11.193133,47.299522
2018-12-28 17:30:00,9.14,14.443913,39.36017,46.232864,14.206596,46.47018
2018-12-28 17:45:00,5.47,4.9417825,11.622336,19.41469,4.7044654,19.652008
2018-12-28 18:00:00,5.08,5.0478315,11.639668,12.083831,4.8105145,12.321148
2018-12-28 18:15:00,5.08,5.806952,11.90249,32.85189,5.569635,33.089207
2018-12-28 18:30:00,5.11,5.788518,11.39478,41.671284,5.551201,41.9086
2018-12-28 18:45:00,5.15,4.310052,8.97909,20.719486,4.072735,20.956804
2018-12-28 19:00:00,5.15,5.7692537,8.994742,21.512676,5.5319366,21.749994
2018-12-28 19:15:00,5.15,4.3042974,11.355682,17.709036,4.0669804,17.946354
2018-12-28 19:30:00,5.18,4.46775,7.326045,15.118052,4.230433,15.355369
2018-12-28 19:45:00,5.22,4.469082,7.0914626,15.232065,4.231765,15.469382
2018-12-28 20:00:00,5.15,4.4429293,7.061552,14.113591,4.205612,14.350908
2018-12-28 20:15:00,5.15,3.8202739,7.0606318,13.667445,3.5829566,13.904762
2018-12-28 20:30:00,5.18,3.9373245,8.33125,9.246063,3.7000072,9.48338
2018-12-28 20:45:00,5.26,2.6429965,3.7881813,8.547427,2.4056792,8.784744
2018-12-28 21:00:00,5.18,3.6239538,4.262799,6.1098375,3.3866365,6.3471546
2018-12-28 21:15:00,5.15,3.6333032,4.750167,4.9016232,3.3959858,5.1389403
2018-12-28 21:30:00,5.26,3.6314747,4.636628,4.9970245,3.3941574,5.2343416
2018-12-28 21:45:00,5.26,3.6254387,4.5635476,4.868271,3.3881214,5.105588
2018-12-28 22:00:00,5.22,3.6378767,4.5360527,4.9885793,3.4005594,5.2258964
2018-12-28 22:15:00,4.97,3.6173763,4.1295843,4.7176766,3.380059,4.9549937
2018-12-28 22:30:00,4.97,3.5859547,4.1914244,4.721667,3.3486373,4.958984
2018-12-28 22:45:00,4.93,3.5544417,3.9477496,4.7727475,3.3171244,5.0100646
2018-12-28 23:00:00,5.04,3.5043318,4.1644373,4.851774,3.2670145,5.0890913
2018-12-28 23:15:00,4.86,3.496006,4.166584,4.5869927,3.2586887,4.82431
2018-12-28 23:30:00,4.86,3.5345743,3.9062178,5.5533285,3.297257,5.7906456
2018-12-28 23:45:00,4.86,3.5443463,3.8025064,5.3736734,3.307029,5.6109905
2018-12-29 00:00:00,4.28,2.9845946,3.8904996,4.374021,2.7472773,4.611338
2018-12-29 00:15:00,4.9,3.379452,3.5545614,4.2156873,3.1421347,4.4530044
2018-12-29 00:30:00,4.82,3.3761537,3.6225035,4.2034,3.1388364,4.440717
2018-12-29 00:45:00,3.85,3.374717,3.6045265,4.2126117,3.1373997,4.4499288
2018-12-29 01:00:00,3.74,3.3829296,3.7244143,4.1388655,3.1456122,4.3761826
2018-12-29 01:15:00,3.82,3.375015,4.1008205,4.291453,3.1376977,4.52877
2018-12-29 01:30:00,3.78,3.3626127,3.7307231,4.232993,3.1252954,4.47031
2018-12-29 01:45:00,3.67,3.202737,3.6159513,3.928692,2.9654198,4.1660094
2018-12-29 02:00:00,3.74,3.195723,3.5887883,4.3766494,2.9584057,4.6139665
2018-12-29 02:15:00,3.71,3.157361,3.5446715,3.7852635,2.9200437,4.0225806
2018-12-29 02:30:00,3.82,3.1539583,3.6379018,4.68748,2.916641,4.924797
2018-12-29 02:45:00,3.78,3.1295304,3.5254998,3.9055152,2.892213,4.1428323
2018-12-29 03:00:00,3.71,3.1252973,3.5505397,3.9565737,2.88798,4.193891
2018-12-29 03:15:00,3.74,3.098789,3.5568125,4.136166,2.8614717,4.373483
2018-12-29 03:30:00,3.78,3.1036804,3.5618017,4.2027197,2.866363,4.440037
2018-12-29 03:45:00,3.78,3.0827155,3.4705298,3.9047213,2.8453982,4.1420383
2018-12-29 04:00:00,3.74,3.0004501,3.540331,3.915211,2.7631328,4.1525283
2018-12-29 04:15:00,3.02,2.997326,3.5093975,4.06806,2.7600086,4.305377
2018-12-29 04:30:00,3.74,3.1384425,3.537005,4.255996,2.9011252,4.4933133
2018-12-29 04:45:00,3.6,3.126139,3.5266633,4.199425,2.8888216,4.4367423
2018-12-29 05:00:00,3.06,3.1306856,3.5504627,3.985379,2.8933682,4.2226963
2018-12-29 05:15:00,3.02,3.0091581,3.1948714,3.630648,2.7718408,3.8679652
2018-12-29 05:30:00,3.02,2.9523165,3.5952466,3.6252127,2.7149992,3.86253
2018-12-29 05:45:00,2.99,2.9257925,3.5332503,3.600574,2.6884751,3.8378913
2018-12-29 06:00:00,3.06,2.9237876,3.3691683,3.541762,2.6864703,3.7790794
2018-12-29 06:15:00,3.06,2.9360335,3.3287303,3.5027015,2.6987162,3.7400188
2018-12-29 06:30:00,3.67,2.9649913,3.374491,3.4971595,2.727674,3.7344768
2018-12-29 06:45:00,3.74,2.9646637,3.5067594,3.546191,2.7273464,3.7835083
2018-12-29 07:00:00,3.71,2.9283392,3.4775417,3.5721931,2.691022,3.8095105
2018-12-29 07:15:00,3.67,2.9404447,3.4719477,3.5618405,2.7031274,3.7991579
2018-12-29 07:30:00,3.38,3.0352988,3.614355,4.000478,2.7979815,4.237795
2018-12-29 07:45:00,3.02,3.067555,3.6804736,5.5445485,2.8302376,5.7818656
2018-12-29 08:00:00,2.92,3.1541283,4.2668247,7.967273,2.916811,8.204591
2018-12-29 08:15:00,2.95,3.5860636,8.876248,24.603104,3.3487463,24.840422
2018-12-29 08:30:00,3.13,6.2177,11.6253605,40.168747,5.980383,40.406063
2018-12-29 08:45:00,3.78,6.016997,10.97191,40.282425,5.77968,40.51974
2018-12-29 09:00:00,3.24,4.478919,11.06232,33.80167,4.241602,34.038986
2018-12-29 09:15:00,3.17,3.0772839,4.242324,11.5473995,2.8399665,11.784717
2018-12-29 09:30:00,3.2,2.7894213,4.1075945,11.721079,2.552104,11.958396
2018-12-29 09:45:00,3.31,2.6931412,4.003412,11.474532,2.455824,11.711849
2018-12-29 10:00:00,4.03,2.77245,3.9641244,12.181234,2.5351326,12.418551
2018-12-29 10:15:00,4.03,2.8362002,3.4406495,13.072866,2.598883,13.310184
2018-12-29 10:30:00,4.03,2.2070053,3.145298,11.515071,1.9696879,11.752388
2018-12-29 10:45:00,4.03,2.568985,3.3386254,10.510514,2.3316677,10.747831
2018-12-29 11:00:00,6.19,2.4448853,4.3755445,9.686151,2.207568,9.923468
2018-12-29 11:15:00,26.17,2.7074435,4.0472713,12.615302,2.4701262,12.852619
2018-12-29 11:30:00,9.36,2.817559,3.9300494,9.391327,2.5802417,9.628644
2018-12-29 11:45:00,3.64,3.0561392,3.9735036,12.674152,2.818822,12.911469
2018-12-29 12:00:00,4.14,2.289473,4.1004295,10.165036,2.0521557,10.402353
2018-12-29 12:15:00,3.78,3.1503806,5.690373,11.170348,2.9130633,11.407665
2018-12-29 12:30:00,3.46,3.378824,6.5884805,7.091496,3.1415067,7.328813
2018-12-29 12:45:00,3.42,3.1027024,4.4192758,4.6290946,2.865385,4.8664117
2018-12-29 13:00:00,3.42,3.1428158,5.058613,5.7066774,2.9054985,5.9439945
2018-12-29 13:15:00,4.1,6.1746187,15.801636,25.77214,5.9373016,26.009459
2018-12-29 13:30:00,4.14,5.191273,14.542776,21.420307,4.953956,21.657625
2018-12-29 13:45:00,4.07,3.3859293,5.8543415,8.349812,3.148612,8.587129
2018-12-29 14:00:00,4.03,3.2522194,6.8397465,8.643215,3.014902,8.880532
2018-12-29 14:15:00,3.92,3.4539135,8.570384,11.743625,3.2165961,11.980942
2018-12-29 14:30:00,3.31,3.2512984,5.358906,5.678227,3.013981,5.915544
2018-12-29 14:45:00,3.35,3.3271036,4.949305,11.939124,3.0897863,12.176441
2018-12-29 15:00:00,3.31,3.3048718,4.8630457,13.148235,3.0675545,13.385552
2018-12-29 15:15:00,3.31,2.9359782,4.68061,5.4398284,2.6986609,5.6771455
2018-12-29 15:30:00,3.31,3.239279,4.020474,4.2294497,3.0019617,4.466767
2018-12-29 15:45:00,3.35,2.3526132,2.9629679,3.8865168,2.115296,4.123834
2018-12-29 16:00:00,3.49,2.5789523,3.1355193,3.8337107,2.341635,4.0710278
2018-12-29 16:15:00,4.1,2.348721,3.1401546,3.9583626,2.1114037,4.1956797
2018-12-29 16:30:00,3.71,3.0833938,3.6490912,3.843514,2.8460765,4.080831
2018-12-29 16:45:00,3.67,3.0476322,3.841253,4.598868,2.810315,4.836185
2018-12-29 17:00:00,4.1,3.0564406,3.8151681,3.8265097,2.8191233,4.063827
2018-12-29 17:15:00,4.07,2.7811415,3.0397806,4.411069,2.5438242,4.648386
2018-12-29 17:30:00,4.07,3.0462897,4.1054363,5.1740265,2.8089724,5.4113436
2018-12-29 17:45:00,4.1,3.034235,4.0023518,4.40559,2.7969177,4.642907
2018-12-29 18:00:00,3.56,3.2049959,4.851185,5.368983,2.9676785,5.6063
2018-12-29 18:15:00,3.31,3.3317957,4.1195087,4.686659,3.0944784,4.923976
2018-12-29 18:30:00,3.24,3.2181401,4.0101037,4.467769,2.9808228,4.705086
2018-12-29 18:45:00,3.35,3.261837,3.8711085,3.9945674,3.0245197,4.2318845
2018-12-29 19:00:00,3.31,3.2525725,3.751836,4.194402,3.0152552,4.4317193
2018-12-29 19:15:00,3.35,3.1339846,3.668679,3.9895387,2.8966672,4.2268558
2018-12-29 19:30:00,3.35,3.132157,3.5038877,3.7663672,2.8948398,4.0036845
2018-12-29 19:45:00,3.31,3.1162956,3.3091676,3.8694625,2.8789783,4.1067796
2018-12-29 20:00:00,3.71,3.1206148,3.3449755,4.0937266,2.8832974,4.3310437
2018-12-29 20:15:00,4.36,3.1062534,3.338522,4.0330625,2.868936,4.2703795
2018-12-29 20:30:00,4.28,2.7463555,3.0734205,3.3237827,2.5090382,3.5611
2018-12-29 20:45:00,4.14,3.0586367,3.3168926,3.38931,2.8213193,3.6266272
2018-12-29 21:00:00,4.1,3.0721047,3.259704,3.7831488,2.8347874,4.020466
2018-12-29 21:15:00,4.07,3.0487378,3.5069838,3.6654515,2.8114204,3.9027689
2018-12-29 21:30:00,3.85,3.1309602,3.4301267,3.8672879,2.893643,4.104605
2018-12-29 21:45:00,3.46,3.2771025,3.608843,4.0211596,3.0397851,4.2584767
2018-12-29 22:00:00,3.31,3.3057353,3.7697277,4.1164913,3.068418,4.3538084
2018-12-29 22:15:00,3.13,3.324241,3.6583228,4.073166,3.0869236,4.310483
2018-12-29 22:30:00,3.13,3.111678,3.4772449,3.94747,2.8743606,4.1847873
2018-12-29 22:45:00,3.13,3.0526774,3.228943,3.6357458,2.81536,3.873063
2018-12-29 23:00:00,3.17,2.9654343,3.0891006,3.5864592,2.728117,3.8237765
2018-12-29 23:15:00,3.06,2.8917983,2.909575,3.4784641,2.654481,3.7157815
2018-12-29 23:30:00,2.99,2.8978567,2.988157,3.3629894,2.6605394,3.6003067
2018-12-29 23:45:00,3.42,2.8996513,3.101121,3.4251611,2.662334,3.6624784
2018-12-30 00:00:00,3.1,2.8998766,3.0805333,3.6634202,2.6625593,3.9007375
2018-12-30 00:15:00,3.92,2.9516754,3.0376484,3.4831553,2.714358,3.7204726
2018-12-30 00:30:00,3.82,2.9495196,2.989792,3.4535627,2.7122023,3.69088
2018-12-30 00:45:00,3.74,2.9433403,2.9815202,3.369387,2.706023,3.6067042
2018-12-30 01:00:00,3.78,2.9591475,3.044668,3.5432587,2.7218301,3.780576
2018-12-30 01:15:00,3.42,2.858791,3.0592773,3.516663,2.6214738,3.7539804
2018-12-30 01:30:00,3.17,3.0485454,3.258851,3.6967747,2.811228,3.934092
2018-12-30 01:45:00,3.02,3.0502472,3.2682424,3.7930136,2.8129299,4.0303307
2018-12-30 02:00:00,3.1,3.1194623,3.4028556,3.8937523,2.882145,4.1310697
2018-12-30 02:15:00,3.06,3.0538266,3.3569138,3.7633529,2.8165092,4.00067
2018-12-30 02:30:00,3.1,3.046581,3.208159,3.7822201,2.8092637,4.0195374
2018-12-30 02:45:00,3.13,2.986871,3.0573041,3.3559718,2.7495537,3.5932891
2018-12-30 03:00:00,3.1,2.9914298,3.0877547,3.4785395,2.7541125,3.7158568
2018-12-30 03:15:00,3.13,2.988795,3.1159918,3.5413954,2.7514777,3.7787127
2018-12-30 03:30:00,3.6,3.0014763,3.1222064,3.4818702,2.764159,3.7191875
2018-12-30 03:45:00,4.86,2.9972494,3.1114106,3.500678,2.759932,3.7379954
2018-12-30 04:00:00,3.85,2.9838517,3.0983746,3.4680083,2.7465343,3.7053256
2018-12-30 04:15:00,3.82,2.9640427,3.0948231,3.447738,2.7267253,3.6850553
2018-12-30 04:30:00,3.82,2.9846306,3.0414917,3.911594,2.7473133,4.148911
2018-12-30 04:45:00,3.46,3.1720052,3.1944752,3.7617524,2.9346879,3.9990697
2018-12-30 05:00:00,3.17,3.098263,3.268025,3.7235813,2.8609457,3.9608986
2018-12-30 05:15:00,3.13,3.0274637,3.3994837,3.5982306,2.7901464,3.835548
2018-12-30 05:30:00,3.1,3.0008547,3.6251082,3.6397448,2.7635374,3.877062
2018-12-30 05:45:00,3.1,2.9628067,3.5721736,3.7391646,2.7254894,3.976482
2018-12-30 06:00:00,3.1,3.0237768,3.4428265,3.6220381,2.7864594,3.8593554
2018-12-30 06:15:00,3.13,2.9405138,3.2871113,3.3070815,2.7031965,3.5443988
2018-12-30 06:30:00,3.13,2.9736145,3.3696487,3.4448638,2.7362971,3.6821811
2018-12-30 06:45:00,3.1,2.9920983,3.3929644,3.5626903,2.754781,3.8000076
2018-12-30 07:00:00,3.82,2.9569578,3.369383,3.475469,2.7196405,3.7127864
2018-12-30 07:15:00,4.36,2.9542754,3.380932,3.4645295,2.716958,3.7018468
2018-12-30 07:30:00,4.97,3.0365117,3.4095867,4.4631486,2.7991943,4.7004657
2018-12-30 07:45:00,3.96,3.0689836,3.4118903,4.4252586,2.8316662,4.6625757
2018-12-30 08:00:00,3.46,2.9469934,3.274249,7.154301,2.709676,7.3916183
2018-12-30 08:15:00,3.06,3.2101796,3.3631768,20.155231,2.9728622,20.39255
2018-12-30 08:30:00,3.06,3.7312224,13.559197,24.958033,3.493905,25.19535
2018-12-30 08:45:00,3.17,3.4173865,7.275297,24.980143,3.1800692,25.21746
2018-12-30 09:00:00,3.28,3.4728472,5.274296,26.27639,3.23553,26.513708
2018-12-30 09:15:00,3.35,3.5307312,3.836661,8.798627,3.2934139,9.035944
2018-12-30 09:30:00,3.38,3.2427027,3.3179111,9.730324,3.0053854,9.967641
2018-12-30 09:45:00,3.35,2.8292682,3.7472708,5.4407144,2.591951,5.6780314
2018-12-30 10:00:00,3.46,3.0907626,3.853791,4.564131,2.8534453,4.801448
2018-12-30 10:15:00,3.38,3.0842307,3.5648344,3.76155,2.8469133,3.9988673
2018-12-30 10:30:00,4.0,3.1288137,3.4901657,3.5536468,2.8914964,3.7909641
2018-12-30 10:45:00,4.1,3.1674638,3.2451766,3.4862845,2.9301465,3.7236018
2018-12-30 11:00:00,4.1,2.9829805,3.2899137,3.9488778,2.7456632,4.186195
2018-12-30 11:15:00,4.28,2.9732292,3.6855588,5.3336368,2.7359118,5.570954
2018-12-30 11:30:00,4.61,3.0563478,3.6134627,4.5217423,2.8190305,4.7590594
2018-12-30 11:45:00,3.56,3.1239374,3.6553679,4.172469,2.88662,4.409786
2018-12-30 12:00:00,3.42,2.5362053,3.734338,3.893252,2.298888,4.130569
2018-12-30 12:15:00,3.46,3.1926484,3.667434,5.4650226,2.955331,5.7023396
2018-12-30 12:30:00,3.46,3.167759,3.8972416,4.103877,2.9304416,4.341194
2018-12-30 12:45:00,3.31,3.06112,3.6261454,3.6890483,2.8238027,3.9263656
2018-12-30 13:00:00,3.28,3.0244665,3.3886893,3.6020935,2.7871492,3.8394108
2018-12-30 13:15:00,3.2,3.0931468,3.1325474,3.4708693,2.8558295,3.7081866
2018-12-30 13:30:00,3.24,3.2575982,4.011739,4.505687,3.0202808,4.7430043
2018-12-30 13:45:00,3.24,3.3874004,3.6923375,5.2149787,3.150083,5.452296
2018-12-30 14:00:00,4.03,3.4374008,3.9493244,4.725383,3.2000835,4.9627
2018-12-30 14:15:00,4.0,3.3024626,4.101908,5.020082,3.0651453,5.257399
2018-12-30 14:30:00,4.03,3.1942236,3.2644756,3.6894767,2.9569063,3.926794
2018-12-30 14:45:00,4.82,3.1432068,3.1583726,3.8699553,2.9058895,4.1072726
2018-12-30 15:00:00,4.1,3.1487231,3.6257796,4.852368,2.9114058,5.089685
2018-12-30 15:15:00,3.31,3.2349308,3.8473823,4.72996,2.9976134,4.967277
2018-12-30 15:30:00,3.24,3.3235137,3.8138096,5.384121,3.0861964,5.621438
2018-12-30 15:45:00,3.24,2.8939652,4.0098763,4.235292,2.656648,4.472609
2018-12-30 16:00:00,3.35,3.4024138,3.798988,4.706952,3.1650965,4.944269
2018-12-30 16:15:00,3.31,3.2922022,3.473563,3.7682655,3.054885,4.005583
2018-12-30 16:30:00,3.35,3.0119326,3.2052705,4.8580656,2.7746153,5.0953827
2018-12-30 16:45:00,3.24,3.1196766,3.654136,4.2857943,2.8823593,4.5231113
2018-12-30 17:00:00,3.24,3.1064744,3.7252347,4.5942044,2.869157,4.8315215
2018-12-30 17:15:00,3.42,3.084877,3.682706,4.2308316,2.8475597,4.4681487
2018-12-30 17:30:00,4.0,3.0927281,3.7674015,5.3646,2.8554108,5.6019173
2018-12-30 17:45:00,4.75,2.999337,3.30757,3.6980653,2.7620196,3.9353826
2018-12-30 18:00:00,4.68,3.0978622,3.579841,3.9832034,2.860545,4.2205205
2018-12-30 18:15:00,3.89,3.0778415,3.704225,3.7335932,2.8405242,3.9709105
2018-12-30 18:30:00,3.53,3.0559552,3.5979671,4.0699353,2.8186378,4.3072524
2018-12-30 18:45:00,3.2,2.0785346,3.1849484,3.3361921,1.8412173,3.5735095
2018-12-30 19:00:00,3.28,3.0483603,3.2568119,3.9556344,2.811043,4.1929517
2018-12-30 19:15:00,3.24,3.2874937,3.9009047,3.9300494,3.0501764,4.1673665
2018-12-30 19:30:00,3.24,3.2456276,3.7012548,4.1594915,3.0083103,4.3968086
2018-12-30 19:45:00,3.2,3.217656,3.484484,3.902541,2.9803386,4.1398582
2018-12-30 20:00:00,3.24,3.1559424,3.5894766,3.9237335,2.918625,4.161051
2018-12-30 20:15:00,3.31,3.1410868,3.4834943,3.7958171,2.9037695,4.0331345
2018-12-30 20:30:00,3.24,2.4789574,3.1338303,3.3645828,2.24164,3.6019
2018-12-30 20:45:00,3.78,3.1170752,3.2862723,3.3652327,2.879758,3.60255
2018-12-30 21:00:00,4.32,3.1280231,3.3980923,3.6746361,2.8907058,3.9119534
2018-12-30 21:15:00,4.07,3.090267,3.33559,3.6780407,2.8529496,3.915358
2018-12-30 21:30:00,4.07,3.0868523,3.3510585,3.6538901,2.849535,3.8912075
2018-12-30 21:45:00,4.03,3.0998452,3.1227825,3.5826697,2.8625278,3.819987
2018-12-30 22:00:00,4.0,3.0421503,3.320691,3.6541085,2.804833,3.8914258
2018-12-30 22:15:00,3.2,3.1533017,3.2037325,3.8772368,2.9159844,4.114554
2018-12-30 22:30:00,2.99,3.1587133,3.2487612,4.780145,2.921396,5.0174623
2018-12-30 22:45:00,3.1,3.2011387,3.3483212,4.252272,2.9638214,4.489589
2018-12-30 23:00:00,3.02,3.089877,3.4287047,4.5467334,2.8525596,4.7840505
2018-12-30 23:15:00,2.95,3.0527916,3.0699205,3.5517442,2.8154743,3.7890615
2018-12-30 23:30:00,2.99,2.975544,3.0123408,3.4500926,2.7382267,3.6874099
2018-12-30 23:45:00,2.92,2.9444458,2.954557,3.2416484,2.7071285,3.4789658
2018-12-31 00:00:00,3.67,3.02626,3.3087215,3.7494621,2.7889426,3.9867795
2018-12-31 00:15:00,3.64,2.9602785,3.0534317,3.436951,2.7229612,3.6742682
2018-12-31 00:30:00,3.31,2.9925935,3.0757604,3.4842958,2.7552762,3.7216132
2018-12-31 00:45:00,3.49,2.9197135,3.0097358,3.5578742,2.6823962,3.7951915
2018-12-31 01:00:00,3.71,3.0012443,3.0210516,3.3952765,2.763927,3.6325939
2018-12-31 01:15:00,3.78,2.959452,3.0129824,3.37997,2.7221346,3.6172874
2018-12-31 01:30:00,3.71,2.9331396,3.050123,3.3461127,2.6958222,3.58343
2018-12-31 01:45:00,3.67,3.0359614,3.20984,3.8560946,2.798644,4.093412
2018-12-31 02:00:00,3.02,3.098849,3.3761656,3.9266636,2.8615317,4.163981
2018-12-31 02:15:00,2.99,3.0954726,3.2831528,3.8454738,2.8581553,4.082791
2018-12-31 02:30:00,3.06,2.9555278,3.3871717,3.9733279,2.7182105,4.210645
2018-12-31 02:45:00,3.02,2.972248,3.4148362,3.9729187,2.7349308,4.210236
2018-12-31 03:00:00,3.06,3.0466344,3.2443721,3.70486,2.809317,3.9421773
2018-12-31 03:15:00,3.02,2.9872887,3.1037917,3.3716435,2.7499714,3.6089609
2018-12-31 03:30:00,3.46,3.0022578,3.0949583,3.3889668,2.7649405,3.6262841
2018-12-31 03:45:00,3.74,3.0544634,3.184367,4.5199966,2.817146,4.7573137
2018-12-31 04:00:00,3.06,3.0042248,3.0970128,3.4785044,2.7669075,3.7158217
2018-12-31 04:15:00,3.74,2.973124,3.1201742,3.4390938,2.7358067,3.6764112
2018-12-31 04:30:00,3.74,3.0127943,3.0896614,3.3992236,2.775477,3.636541
2018-12-31 04:45:00,3.78,3.0197384,3.0698195,3.4858105,2.782421,3.7231278
2018-12-31 05:00:00,3.78,2.9114053,3.0567286,3.3043597,2.674088,3.541677
2018-12-31 05:15:00,3.56,2.938561,3.1256797,3.6380844,2.7012436,3.8754017
2018-12-31 05:30:00,2.99,2.9274282,3.318453,3.6600575,2.690111,3.8973749
2018-12-31 05:45:00,3.02,2.9382398,3.431658,3.696163,2.7009225,3.9334803
2018-12-31 06:00:00,2.95,2.816826,3.7766788,3.8109136,2.5795088,4.0482306
2018-12-31 06:15:00,3.02,2.794509,3.5746348,3.7477882,2.5571916,3.9851055
2018-12-31 06:30:00,2.99,3.0347352,3.4647324,3.6204865,2.7974179,3.8578038
2018-12-31 06:45:00,3.02,3.0393264,3.3373084,3.3678973,2.802009,3.6052146
2018-12-31 07:00:00,3.74,3.035384,3.377709,3.4213982,2.7980666,3.6587155
2018-12-31 07:15:00,3.17,3.08886,3.4809132,4.415781,2.8515427,4.653098
2018-12-31 07:30:00,2.95,3.0851362,3.8029382,5.082011,2.8478189,5.3193283
2018-12-31 07:45:00,3.56,3.3010416,3.8431952,6.332656,3.0637243,6.569973
2018-12-31 08:00:00,3.64,3.4955816,5.3015532,9.381669,3.2582643,9.618986
2018-12-31 08:15:00,3.6,4.152494,14.750745,36.607536,3.9151766,36.844852
2018-12-31 08:30:00,3.74,17.588125,31.644724,72.52295,17.350807,72.76027
2018-12-31 08:45:00,3.74,20.369823,45.788082,83.05602,20.132505,83.29334
2018-12-31 09:00:00,3.06,18.33755,43.338726,81.69774,18.100231,81.93506
2018-12-31 09:15:00,3.17,8.947176,36.80646,56.31029,8.709859,56.547607
2018-12-31 09:30:00,3.13,6.5823584,32.95234,33.970634,6.3450413,34.20795
2018-12-31 09:45:00,3.17,6.1563377,32.034054,34.233025,5.9190207,34.47034
2018-12-31 10:00:00,3.24,6.321654,29.845186,32.6201,6.0843368,32.857414
2018-12-31 10:15:00,3.2,5.5589304,23.781103,32.1982,5.3216133,32.435516
2018-12-31 10:30:00,4.03,5.2751193,23.627275,26.412575,5.037802,26.649893
2018-12-31 10:45:00,3.67,5.165232,22.508804,26.183966,4.927915,26.421284
2018-12-31 11:00:00,3.35,4.7292075,21.907171,25.85575,4.4918904,26.093067
2018-12-31 11:15:00,3.35,5.424292,26.437574,26.522772,5.186975,26.76009
2018-12-31 11:30:00,3.82,6.026691,29.240614,38.472702,5.789374,38.71002
2018-12-31 11:45:00,4.0,6.1284323,26.510717,37.43903,5.891115,37.676346
2018-12-31 12:00:00,4.07,5.1813297,19.676588,26.45473,4.9440126,26.692047
2018-12-31 12:15:00,4.03,3.0312066,8.542845,17.571774,2.7938893,17.809092
2018-12-31 12:30:00,4.1,3.066433,9.702159,18.69549,2.8291156,18.932808
2018-12-31 12:45:00,3.35,3.2541716,9.622812,18.681889,3.0168543,18.919207
2018-12-31 13:00:00,3.35,3.3113465,9.7059965,19.722574,3.0740292,19.959892
2018-12-31 13:15:00,3.35,3.997923,16.078844,25.7503,3.7606056,25.987617
2018-12-31 13:30:00,3.31,6.1554217,27.246962,27.370558,5.9181046,27.607876
2018-12-31 13:45:00,3.31,4.9468913,24.004175,28.788513,4.709574,29.025831
2018-12-31 14:00:00,3.35,4.84819,24.367514,28.398022,4.6108727,28.63534
2018-12-31 14:15:00,3.35,6.07757,24.36719,26.45059,5.840253,26.687908
2018-12-31 14:30:00,3.56,5.8172693,23.238012,24.533241,5.5799522,24.77056
2018-12-31 14:45:00,4.07,5.364092,18.539808,23.633867,5.126775,23.871185
2018-12-31 15:00:00,3.53,3.9274745,20.603415,25.40408,3.6901572,25.641397
2018-12-31 15:15:00,3.42,5.122301,20.62081,22.118324,4.884984,22.355642
2018-12-31 15:30:00,4.07,5.6924877,19.228292,25.373793,5.4551706,25.61111
2018-12-31 15:45:00,4.07,5.798967,21.075743,27.375061,5.56165,27.61238
2018-12-31 16:00:00,4.03,4.8669715,18.494038,21.210623,4.6296544,21.44794
2018-12-31 16:15:00,4.07,4.394804,7.380179,12.45553,4.157487,12.692847
2018-12-31 16:30:00,3.92,4.2111526,5.540196,19.101664,3.9738352,19.338982
2018-12-31 16:45:00,3.31,4.816403,5.969356,18.555092,4.579086,18.79241
2018-12-31 17:00:00,3.31,4.9877753,6.927116,11.780386,4.7504582,12.017703
2018-12-31 17:15:00,3.35,4.276986,7.01827,11.691256,4.039669,11.928573
2018-12-31 17:30:00,3.31,3.8581626,6.2635527,7.1372175,3.6208453,7.3745346
2018-12-31 17:45:00,3.46,3.3554983,3.9209075,4.680157,3.118181,4.9174743
2018-12-31 18:00:00,3.42,3.4025853,4.009494,5.361502,3.165268,5.5988193
2018-12-31 18:15:00,3.35,2.819855,3.8250349,5.061109,2.5825377,5.298426
2018-12-31 18:30:00,3.82,2.722312,3.7943408,4.716234,2.4849946,4.9535513
2018-12-31 18:45:00,4.14,2.7174392,3.7808638,4.560777,2.4801219,4.7980943
2018-12-31 19:00:00,3.49,2.718685,3.8108735,4.661594,2.4813676,4.898911
2018-12-31 19:15:00,3.96,2.7444644,3.9210691,4.8854337,2.507147,5.1227508
2018-12-31 19:30:00,4.14,2.7741868,4.1621614,4.8666716,2.5368695,5.1039886
2018-12-31 19:45:00,4.21,2.8921187,4.6200585,4.931224,2.6548014,5.168541
2018-12-31 20:00:00,4.14,3.458266,3.9683952,4.529817,3.2209487,4.767134
2018-12-31 20:15:00,4.18,3.5009615,3.8069658,4.8655825,3.2636442,5.1028996
2018-12-31 20:30:00,3.38,3.1859188,3.5574665,4.337264,2.9486015,4.574581
2018-12-31 20:45:00,3.42,3.5833316,3.892541,4.4323153,3.3460143,4.6696324
2018-12-31 21:00:00,3.42,3.2126498,3.952972,4.1969137,2.9753325,4.434231
2018-12-31 21:15:00,3.42,3.2959623,3.862864,4.2926126,3.058645,4.5299296
2018-12-31 21:30:00,3.49,3.1412218,3.5172443,3.8275073,2.9039044,4.0648246
2018-12-31 21:45:00,3.42,3.1438036,3.426918,3.7192752,2.9064863,3.9565926
2018-12-31 22:00:00,3.42,3.1277962,3.3649673,3.8413725,2.8904788,4.0786896
2018-12-31 22:15:00,3.24,3.0812669,3.22608,3.7294664,2.8439496,3.9667838
2018-12-31 22:30:00,3.67,3.011278,3.0815816,3.6823983,2.7739606,3.9197156
2018-12-31 22:45:00,3.82,3.008786,3.0628443,3.6071594,2.7714686,3.8444767
2018-12-31 23:00:00,3.85,2.9713762,3.0679772,3.6284728,2.7340589,3.8657901
2018-12-31 23:15:00,3.74,2.9733071,3.0211318,3.5212665,2.7359898,3.7585838
2018-12-31 23:30:00,3.78,3.0135047,3.1103997,3.5596907,2.7761874,3.797008
2018-12-31 23:45:00,3.78,3.0637887,3.181623,3.6665716,2.8264713,3.903889
