date,actual,P10,P50,P90,P10_hiệu_chỉnh,P90_hiệu_chỉnh
2018-12-01 00:00:00,3.35,2.334789,3.6928794,18.986048,2.2388911,19.081945
2018-12-01 00:15:00,3.89,3.1401522,3.4812078,3.6749742,3.0442543,3.770872
2018-12-01 00:30:00,3.85,3.3516426,3.7240837,3.9934359,3.2557447,4.0893335
2018-12-01 00:45:00,3.89,3.3785064,3.652168,4.052992,3.2826085,4.1488895
2018-12-01 01:00:00,3.89,3.3782864,3.7373822,3.884092,3.2823884,3.97999
2018-12-01 01:15:00,4.03,3.5858493,3.8002985,4.0599747,3.4899514,4.1558723
2018-12-01 01:30:00,3.89,3.5627546,3.9775536,4.2714057,3.4668567,4.3673034
2018-12-01 01:45:00,3.92,3.5387166,3.736444,4.1030207,3.4428186,4.1989183
2018-12-01 02:00:00,3.92,3.515753,3.7799735,4.3886056,3.419855,4.4845033
2018-12-01 02:15:00,3.96,3.613624,3.8585982,4.133857,3.5177262,4.2297544
2018-12-01 02:30:00,4.03,3.6237009,3.7909298,4.0996222,3.527803,4.19552
2018-12-01 02:45:00,4.14,3.6380239,3.8831306,4.286218,3.542126,4.382116
2018-12-01 03:00:00,5.08,3.7586176,4.0613675,4.3833246,3.6627197,4.4792223
2018-12-01 03:15:00,4.72,3.9257011,4.520191,4.659495,3.8298032,4.7553926
2018-12-01 03:30:00,3.96,3.758228,4.6237707,4.754163,3.6623302,4.8500605
2018-12-01 03:45:00,3.92,3.5365086,4.0436544,4.180594,3.4406106,4.2764916
2018-12-01 04:00:00,3.35,3.6021247,3.8640122,3.8962624,3.5062268,3.9921603
2018-12-01 04:15:00,3.28,3.2118814,3.5585947,3.954016,3.1159835,4.049914
2018-12-01 04:30:00,3.35,3.123872,3.5521953,3.9026768,3.0279741,3.9985747
2018-12-01 04:45:00,3.24,3.0150144,3.678722,3.8201838,2.9191165,3.9160817
2018-12-01 05:00:00,3.31,3.146074,3.228546,3.7484648,3.0501761,3.8443627
2018-12-01 05:15:00,3.31,3.2881176,3.6440353,3.773106,3.1922197,3.869004
2018-12-01 05:30:00,3.28,3.2724278,3.6103415,3.716045,3.17653,3.8119428
2018-12-01 05:45:00,3.28,3.13078,3.1484888,3.71987,3.034882,3.815768
2018-12-01 06:00:00,3.2,3.241319,3.6695461,4.052181,3.145421,4.1480784
2018-12-01 06:15:00,3.46,3.1141934,3.2022595,3.7533395,3.0182955,3.8492374
2018-12-01 06:30:00,4.03,3.1237094,3.4210205,3.8535507,3.0278115,3.9494486
2018-12-01 06:45:00,3.89,3.1663473,3.5976176,4.349908,3.0704494,4.4458055
2018-12-01 07:00:00,3.89,3.2878015,3.5097353,4.142626,3.1919036,4.2385235
2018-12-01 07:15:00,4.46,3.3390048,3.647791,3.93227,3.2431068,4.0281677
2018-12-01 07:30:00,3.67,3.7007852,4.2457604,4.857001,3.6048872,4.9528985
2018-12-01 07:45:00,3.46,3.4749303,3.8091416,5.1117077,3.3790324,5.2076054
2018-12-01 08:00:00,3.46,3.3245213,3.5399911,7.847606,3.2286234,7.943504
2018-12-01 08:15:00,3.71,3.479309,21.703857,23.828938,3.3834112,23.924835
2018-12-01 08:30:00,4.72,3.678513,6.4623055,7.714059,3.5826151,7.8099566
2018-12-01 08:45:00,4.46,3.839521,6.3117137,7.070335,3.743623,7.1662326
2018-12-01 09:00:00,5.22,3.7431295,5.6174793,6.33141,3.6472316,6.4273076
2018-12-01 09:15:00,28.58,3.46228,4.0653443,7.088082,3.3663821,7.1839795
2018-12-01 09:30:00,30.56,26.70233,37.762035,39.242367,26.606432,39.338264
2018-12-01 09:45:00,28.08,29.964405,32.301186,47.49796,29.868507,47.593857
2018-12-01 10:00:00,28.58,22.251493,27.400448,35.77941,22.155596,35.87531
2018-12-01 10:15:00,28.73,19.541346,26.245625,32.936996,19.445448,33.032894
2018-12-01 10:30:00,29.56,26.465824,30.9412,32.51352,26.369926,32.609417
2018-12-01 10:45:00,30.06,27.20334,28.198101,32.063934,27.107443,32.159832
2018-12-01 11:00:00,29.2,29.168882,31.202282,32.22652,29.072985,32.32242
2018-12-01 11:15:00,27.94,27.563725,28.23556,31.666336,27.467827,31.762234
2018-12-01 11:30:00,27.94,20.626337,27.640528,32.07084,20.53044,32.166737
2018-12-01 11:45:00,25.63,16.248207,26.37585,31.590294,16.15231,31.686192
2018-12-01 12:00:00,3.64,8.267191,20.286541,31.669691,8.171293,31.765589
2018-12-01 12:15:00,3.85,3.1010685,3.4210796,10.257582,3.0051706,10.353479
2018-12-01 12:30:00,3.71,3.714285,4.806676,5.960161,3.618387,6.056059
2018-12-01 12:45:00,3.74,3.601646,4.6838946,7.3348627,3.505748,7.4307604
2018-12-01 13:00:00,3.71,3.558325,4.262431,4.4134164,3.4624271,4.509314
2018-12-01 13:15:00,11.3,3.618662,4.7391796,8.757033,3.5227642,8.852931
2018-12-01 13:30:00,27.29,10.488906,20.551659,29.66921,10.393008,29.765108
2018-12-01 13:45:00,26.86,17.25666,29.639584,37.700367,17.160763,37.796265
2018-12-01 14:00:00,25.31,14.585864,26.05672,36.75098,14.489966,36.846878
2018-12-01 14:15:00,26.21,10.127123,25.770718,36.244083,10.031225,36.33998
2018-12-01 14:30:00,26.28,15.248956,25.203154,27.664501,15.153058,27.760399
2018-12-01 14:45:00,18.68,15.274887,24.392248,24.72247,15.178989,24.818367
2018-12-01 15:00:00,5.18,5.460392,11.720008,29.305176,5.3644943,29.401073
2018-12-01 15:15:00,5.08,5.131296,5.966831,15.643111,5.0353985,15.739009
2018-12-01 15:30:00,4.75,4.5955563,6.7173204,14.281612,4.4996586,14.37751
2018-12-01 15:45:00,4.75,4.3822427,5.138928,19.177551,4.286345,19.273449
2018-12-01 16:00:00,4.72,3.8146663,4.2094564,4.6269436,3.7187684,4.7228413
2018-12-01 16:15:00,4.64,3.8811111,4.7309504,5.130372,3.7852132,5.2262697
2018-12-01 16:30:00,4.72,3.8559787,4.6928086,5.5227337,3.7600808,5.6186314
2018-12-01 16:45:00,4.68,3.7710977,4.8724537,6.047417,3.6751997,6.143315
2018-12-01 17:00:00,4.64,3.7999554,4.790574,5.034538,3.7040575,5.1304355
2018-12-01 17:15:00,4.79,3.9689639,5.337527,6.6483245,3.873066,6.744222
2018-12-01 17:30:00,4.75,3.9958377,5.2945766,6.057856,3.8999398,6.1537538
2018-12-01 17:45:00,4.72,4.225361,4.950541,5.425691,4.129463,5.521589
2018-12-01 18:00:00,4.68,4.366557,4.8872633,5.4987745,4.2706594,5.594672
2018-12-01 18:15:00,5.76,4.1905117,5.3112483,6.570803,4.094614,6.666701
2018-12-01 18:30:00,5.4,4.208281,5.317845,7.4973774,4.1123834,7.593275
2018-12-01 18:45:00,4.79,3.9958868,5.227094,7.6733704,3.899989,7.769268
2018-12-01 19:00:00,4.79,3.7090228,5.1349955,5.7513757,3.6131248,5.8472733
2018-12-01 19:15:00,4.79,3.8528764,5.282747,5.989866,3.7569785,6.0857635
2018-12-01 19:30:00,4.79,3.8636098,5.0389857,6.1858277,3.7677119,6.2817254
2018-12-01 19:45:00,4.9,4.1657805,5.269103,6.2961574,4.069883,6.392055
2018-12-01 20:00:00,4.75,3.9140124,5.337459,6.1312747,3.8181145,6.2271724
2018-12-01 20:15:00,4.79,3.992929,4.769457,5.181016,3.897031,5.2769136
2018-12-01 20:30:00,4.75,3.9884057,4.671322,4.9575405,3.8925078,5.053438
2018-12-01 20:45:00,4.82,3.9735167,4.3672943,5.2999067,3.8776188,5.3958044
2018-12-01 21:00:00,4.82,4.0856028,4.2391853,4.4236903,3.9897048,4.519588
2018-12-01 21:15:00,4.75,4.024818,4.5392623,4.563066,3.92892,4.6589637
2018-12-01 21:30:00,4.79,4.0260167,4.3851833,4.421528,3.9301188,4.5174255
2018-12-01 21:45:00,4.79,4.0770745,4.331109,4.559665,3.9811766,4.655563
2018-12-01 22:00:00,4.9,4.066873,4.433981,4.4576564,3.9709752,4.553554
2018-12-01 22:15:00,5.76,4.0210156,4.5246377,5.5380306,3.9251177,5.6339283
2018-12-01 22:30:00,4.61,3.8594935,5.0635805,6.5671754,3.7635956,6.663073
2018-12-01 22:45:00,3.42,3.7291746,5.2180443,6.3069043,3.6332767,6.402802
2018-12-01 23:00:00,3.42,3.1854737,3.51404,7.8757024,3.0895758,7.9716
2018-12-01 23:15:00,3.28,3.294236,3.3513935,4.647804,3.198338,4.7437015
2018-12-01 23:30:00,3.38,3.0398002,3.1849039,3.4421773,2.9439023,3.5380752
2018-12-01 23:45:00,3.31,3.1203587,3.158287,3.5998151,3.0244608,3.695713
2018-12-02 00:00:00,4.36,2.893545,3.3043578,17.649847,2.797647,17.745745
2018-12-02 00:15:00,3.35,3.3599558,3.8195436,4.3976355,3.2640579,4.493533
2018-12-02 00:30:00,3.35,3.054772,3.161261,3.6573281,2.958874,3.753226
2018-12-02 00:45:00,3.38,3.0442648,3.1544726,3.62821,2.9483669,3.724108
2018-12-02 01:00:00,3.89,3.0653725,3.2782488,3.6469066,2.9694746,3.7428045
2018-12-02 01:15:00,4.46,3.1797242,3.3977842,4.0239205,3.0838263,4.119818
2018-12-02 01:30:00,4.43,3.4560003,3.9136915,4.407213,3.3601024,4.503111
2018-12-02 01:45:00,4.14,3.4662862,4.334515,4.684584,3.3703883,4.780482
2018-12-02 02:00:00,3.46,3.7733576,4.250156,4.839687,3.6774597,4.9355845
2018-12-02 02:15:00,3.38,3.1912107,3.442281,3.6754794,3.0953128,3.7713773
2018-12-02 02:30:00,3.38,3.1411552,3.3747766,3.6587906,3.0452573,3.7546885
2018-12-02 02:45:00,3.38,3.1067686,3.274873,3.6433864,3.0108707,3.7392843
2018-12-02 03:00:00,4.32,3.1756036,3.361847,3.685578,3.0797057,3.781476
2018-12-02 03:15:00,4.64,3.4609995,3.8706048,4.3390017,3.3651016,4.4348993
2018-12-02 03:30:00,3.82,3.448119,4.1502852,5.1644044,3.352221,5.260302
2018-12-02 03:45:00,3.46,3.3853402,3.8056548,4.8720684,3.2894423,4.967966
2018-12-02 04:00:00,3.42,3.2639265,3.5486648,4.0652595,3.1680286,4.161157
2018-12-02 04:15:00,3.46,3.1621578,3.6490004,3.903385,3.0662599,3.9992828
2018-12-02 04:30:00,4.32,3.0509887,3.7729716,3.918977,2.9550908,4.014875
2018-12-02 04:45:00,4.5,3.3227346,3.8821344,4.608669,3.2268367,4.7045665
2018-12-02 05:00:00,4.54,3.4335907,4.5601387,4.7847157,3.3376927,4.8806133
2018-12-02 05:15:00,4.39,3.680108,4.631647,4.9030743,3.5842102,4.998972
2018-12-02 05:30:00,3.35,3.9300504,4.533324,6.5457253,3.8341525,6.641623
2018-12-02 05:45:00,3.46,3.2620184,3.9617596,6.1728196,3.1661205,6.2687173
2018-12-02 06:00:00,3.35,3.2248158,4.000204,4.0786376,3.128918,4.1745353
2018-12-02 06:15:00,3.42,3.1604,3.816735,3.8837297,3.064502,3.9796276
2018-12-02 06:30:00,3.42,3.8280015,3.8774886,3.9070966,3.7321036,4.0029945
2018-12-02 06:45:00,3.38,3.7172942,3.7927358,3.9358304,3.6213963,4.0317283
2018-12-02 07:00:00,3.46,3.676834,3.7932212,3.848207,3.5809362,3.944105
2018-12-02 07:15:00,3.38,3.7511237,3.8510118,3.9961028,3.6552258,4.0920005
2018-12-02 07:30:00,3.46,3.7204185,4.0347967,4.4853544,3.6245205,4.581252
2018-12-02 07:45:00,3.46,3.4685616,3.7716672,5.382167,3.3726637,5.4780645
2018-12-02 08:00:00,3.49,3.4474468,3.7669964,7.573185,3.351549,7.6690826
2018-12-02 08:15:00,4.57,3.8134305,16.231688,16.980268,3.7175326,17.076166
2018-12-02 08:30:00,4.54,3.8411403,7.9885783,10.393998,3.7452424,10.489896
2018-12-02 08:45:00,5.54,3.678754,5.3855786,7.982528,3.5828562,8.078426
2018-12-02 09:00:00,4.75,4.189051,7.1025486,8.531774,4.0931535,8.627671
2018-12-02 09:15:00,3.74,3.902287,5.103754,5.8583765,3.806389,5.954274
2018-12-02 09:30:00,3.71,3.3562195,4.9769673,5.295204,3.2603216,5.391102
2018-12-02 09:45:00,3.6,3.5031998,3.6458976,5.984433,3.407302,6.080331
2018-12-02 10:00:00,3.56,3.347092,3.8781536,4.221911,3.251194,4.3178086
2018-12-02 10:15:00,3.6,3.8317986,4.062203,4.138296,3.7359006,4.234194
2018-12-02 10:30:00,3.64,3.4884684,3.746283,4.66406,3.3925705,4.759958
2018-12-02 10:45:00,3.64,3.8132942,3.9821868,4.3705463,3.7173963,4.466444
2018-12-02 11:00:00,3.64,3.999747,4.236383,4.9607778,3.9038491,5.0566754
2018-12-02 11:15:00,3.64,3.872203,3.9251864,4.3914742,3.7763052,4.487372
2018-12-02 11:30:00,3.56,3.8227613,3.9198513,5.7143507,3.7268634,5.8102484
2018-12-02 11:45:00,3.64,3.484436,3.883868,4.3357506,3.3885381,4.4316483
2018-12-02 12:00:00,4.03,3.4790895,3.7882812,4.111195,3.3831916,4.207093
2018-12-02 12:15:00,4.86,3.382946,3.7185624,6.5341125,3.287048,6.63001
2018-12-02 12:30:00,4.75,4.152601,5.07964,7.952067,4.056703,8.047965
2018-12-02 12:45:00,5.36,3.7997346,4.4251785,5.281524,3.7038367,5.377422
2018-12-02 13:00:00,4.9,4.3326073,5.3080697,6.0648494,4.2367096,6.160747
2018-12-02 13:15:00,3.78,3.9314482,4.4572024,14.922859,3.8355503,15.018757
2018-12-02 13:30:00,3.64,3.7415853,4.9700813,5.2891665,3.6456873,5.385064
2018-12-02 13:45:00,3.6,3.397923,3.4791708,5.9022036,3.302025,5.998101
2018-12-02 14:00:00,3.6,3.414237,3.6019292,4.106336,3.318339,4.202234
2018-12-02 14:15:00,3.6,3.5271723,3.6904857,4.399097,3.4312744,4.4949946
2018-12-02 14:30:00,3.56,3.6494474,4.0429378,4.517566,3.5535495,4.613464
2018-12-02 14:45:00,3.56,3.5107918,3.5990448,4.3799615,3.4148939,4.475859
2018-12-02 15:00:00,3.64,3.5889127,3.9683125,4.9173107,3.4930148,5.0132084
2018-12-02 15:15:00,3.6,3.6369114,4.0055146,4.150153,3.5410135,4.246051
2018-12-02 15:30:00,3.56,3.6443317,3.931392,4.400642,3.5484338,4.4965396
2018-12-02 15:45:00,3.85,3.5988162,3.9188507,4.268568,3.5029182,4.3644657
2018-12-02 16:00:00,4.68,3.3021026,3.8018832,3.980844,3.2062047,4.0767417
2018-12-02 16:15:00,4.72,3.4963589,4.2019153,4.5348196,3.400461,4.6307173
2018-12-02 16:30:00,4.72,3.552861,3.8715959,4.2228456,3.456963,4.318743
2018-12-02 16:45:00,3.89,3.6680827,3.8359842,4.3422847,3.5721848,4.4381824
2018-12-02 17:00:00,3.53,3.4241898,3.9138348,4.1995025,3.328292,4.2954
2018-12-02 17:15:00,3.6,3.679933,3.7238088,3.8957853,3.5840352,3.9916832
2018-12-02 17:30:00,3.6,3.7077775,3.7526429,3.785335,3.6118796,3.881233
2018-12-02 17:45:00,3.74,3.6716905,3.7038214,3.9470282,3.5757926,4.042926
2018-12-02 18:00:00,4.72,3.6809437,3.8126662,3.8680942,3.5850458,3.963992
2018-12-02 18:15:00,3.89,3.6014657,4.2055683,4.255824,3.5055678,4.351722
2018-12-02 18:30:00,3.53,3.7564378,3.774288,4.006551,3.6605399,4.1024485
2018-12-02 18:45:00,3.53,3.514705,3.5688162,3.8566453,3.418807,3.9525433
2018-12-02 19:00:00,3.56,3.6515744,3.7069557,3.758973,3.5556765,3.8548708
2018-12-02 19:15:00,3.67,3.6315448,3.8773246,4.0466866,3.535647,4.1425843
2018-12-02 19:30:00,3.56,3.724017,3.9201264,4.14436,3.628119,4.2402577
2018-12-02 19:45:00,4.39,3.6437683,3.851826,3.900996,3.5478704,3.996894
2018-12-02 20:00:00,4.72,3.5924292,4.0872755,4.5631886,3.4965312,4.659086
2018-12-02 20:15:00,4.68,3.5011375,3.8310304,4.0002193,3.4052396,4.096117
2018-12-02 20:30:00,4.75,3.6576989,3.8840446,4.115982,3.561801,4.2118797
2018-12-02 20:45:00,3.71,3.855568,4.1275334,4.704613,3.75967,4.800511
2018-12-02 21:00:00,3.53,3.496625,3.688986,4.0031605,3.400727,4.099058
2018-12-02 21:15:00,3.6,3.5505044,3.8323743,3.8791835,3.4546065,3.9750814
2018-12-02 21:30:00,3.6,3.68589,3.8662763,4.08783,3.589992,4.1837277
2018-12-02 21:45:00,3.6,3.6103585,3.9602911,4.0274644,3.5144606,4.123362
2018-12-02 22:00:00,3.56,3.5293934,3.702284,3.8539104,3.4334955,3.9498084
2018-12-02 22:15:00,4.07,3.4903667,3.5042334,3.7982564,3.3944688,3.8941543
2018-12-02 22:30:00,4.32,3.7126963,3.9180071,4.255932,3.6167984,4.3518295
2018-12-02 22:45:00,3.35,3.7156653,3.852967,4.6587634,3.6197674,4.754661
2018-12-02 23:00:00,3.31,3.552868,3.828609,4.6479526,3.45697,4.74385
2018-12-02 23:15:00,3.31,3.2743583,3.672781,3.8450193,3.1784604,3.9409173
2018-12-02 23:30:00,3.28,3.2626462,3.557752,3.862493,3.1667483,3.958391
2018-12-02 23:45:00,3.35,3.2521589,3.6762743,4.2052937,3.156261,4.3011913
2018-12-03 00:00:00,4.57,2.7297027,3.924543,30.38182,2.6338048,30.477718
2018-12-03 00:15:00,4.43,3.342768,3.7998874,4.4616175,3.24687,4.557515
2018-12-03 00:30:00,4.36,3.3305664,3.8066177,4.281744,3.2346685,4.3776417
2018-12-03 00:45:00,4.21,3.638925,4.5799236,5.3085256,3.5430272,5.404423
2018-12-03 01:00:00,3.35,3.7986634,4.069438,4.726645,3.7027655,4.8225427
2018-12-03 01:15:00,3.38,3.3282175,3.6740048,3.9730484,3.2323196,4.0689464
2018-12-03 01:30:00,3.35,3.3423386,3.6605263,3.9199321,3.2464406,4.01583
2018-12-03 01:45:00,3.42,3.0729132,3.3067844,3.878183,2.9770153,3.9740808
2018-12-03 02:00:00,3.49,3.3156087,3.4370432,3.7703633,3.2197108,3.8662612
2018-12-03 02:15:00,3.42,3.315151,3.3900204,3.7806714,3.219253,3.8765693
2018-12-03 02:30:00,3.38,3.3401735,3.7730255,3.8373246,3.2442756,3.9332225
2018-12-03 02:45:00,4.36,3.320791,3.7544754,3.7654076,3.224893,3.8613055
2018-12-03 03:00:00,4.14,3.8221815,4.0063996,5.086691,3.7262836,5.1825886
2018-12-03 03:15:00,3.42,3.725027,3.9725273,4.5449295,3.6291292,4.640827
2018-12-03 03:30:00,3.38,3.2866797,3.7641885,3.9195607,3.1907818,4.0154586
2018-12-03 03:45:00,3.35,3.2221608,3.67224,3.9156232,3.126263,4.011521
2018-12-03 04:00:00,3.35,3.153589,3.7568302,3.958377,3.057691,4.0542746
2018-12-03 04:15:00,4.1,3.2384531,3.9345362,4.041071,3.1425552,4.1369686
2018-12-03 04:30:00,4.43,3.425909,3.8537598,4.476004,3.3300111,4.571902
2018-12-03 04:45:00,4.5,3.8112137,4.072878,4.514962,3.7153158,4.61086
2018-12-03 05:00:00,3.78,4.0233245,4.206557,4.6016965,3.9274266,4.697594
2018-12-03 05:15:00,3.31,3.7596014,4.0664077,4.1542954,3.6637034,4.250193
2018-12-03 05:30:00,3.38,3.8166735,3.8704684,3.9765003,3.7207756,4.072398
2018-12-03 05:45:00,3.31,3.7328677,3.8434346,3.9630005,3.6369698,4.0588984
2018-12-03 06:00:00,3.31,3.0957386,3.8095186,3.896287,2.9998407,3.9921849
2018-12-03 06:15:00,3.35,3.2376175,3.3315892,3.8141294,3.1417196,3.9100273
2018-12-03 06:30:00,3.31,3.2717202,3.7906775,3.8186097,3.1758223,3.9145076
2018-12-03 06:45:00,3.24,3.2613816,3.7116766,3.774294,3.1654837,3.8701918
2018-12-03 07:00:00,3.24,3.2222648,3.6752539,3.7513208,3.1263669,3.8472188
2018-12-03 07:15:00,4.21,3.221132,3.3071158,4.0160956,3.1252341,4.1119933
2018-12-03 07:30:00,5.76,3.5358677,4.34726,5.3692265,3.4399698,5.465124
2018-12-03 07:45:00,5.98,4.768701,7.6816173,10.429024,4.6728034,10.524921
2018-12-03 08:00:00,5.58,5.747928,8.158649,12.359699,5.6520305,12.455597
2018-12-03 08:15:00,34.99,5.776869,25.949524,48.261032,5.680971,48.35693
2018-12-03 08:30:00,56.84,42.4823,59.351387,81.70157,42.386402,81.79747
2018-12-03 08:45:00,61.06,48.860638,61.164062,71.00845,48.76474,71.104355
2018-12-03 09:00:00,57.89,52.50735,60.33967,75.923325,52.411453,76.019226
2018-12-03 09:15:00,70.49,50.305992,58.766644,68.15611,50.210094,68.252014
2018-12-03 09:30:00,50.11,56.519897,60.053604,76.235886,56.424,76.33179
2018-12-03 09:45:00,66.38,48.906284,56.49844,68.115875,48.810387,68.21178
2018-12-03 10:00:00,56.88,53.52169,60.971428,74.56965,53.425793,74.66555
2018-12-03 10:15:00,47.09,49.779938,59.89041,73.70625,49.68404,73.802155
2018-12-03 10:30:00,55.8,45.55831,53.47537,63.585052,45.462414,63.68095
2018-12-03 10:45:00,66.89,49.493416,60.128914,73.512405,49.39752,73.60831
2018-12-03 11:00:00,62.89,54.693546,62.314735,77.87935,54.59765,77.97525
2018-12-03 11:15:00,63.79,53.88371,60.520832,71.79802,53.78781,71.89392
2018-12-03 11:30:00,58.1,54.715492,66.096115,76.8592,54.619595,76.9551
2018-12-03 11:45:00,54.5,53.304085,59.472973,71.53473,53.208187,71.63063
2018-12-03 12:00:00,35.35,47.95794,54.720108,69.42794,47.86204,69.52384
2018-12-03 12:15:00,6.34,4.944185,6.6575007,18.189323,4.848287,18.285221
2018-12-03 12:30:00,5.76,4.9934754,5.6976953,6.3721023,4.897578,6.468
2018-12-03 12:45:00,6.3,4.976483,6.1452484,7.429086,4.880585,7.524984
2018-12-03 13:00:00,6.19,5.62144,7.3503957,10.225376,5.5255423,10.321274
2018-12-03 13:15:00,35.35,8.867959,31.42099,37.215942,8.772061,37.31184
2018-12-03 13:30:00,51.95,42.536457,60.379036,65.0751,42.44056,65.171005
2018-12-03 13:45:00,48.46,48.644005,59.444775,73.3224,48.548107,73.418304
2018-12-03 14:00:00,65.02,46.55223,52.455276,63.797375,46.456333,63.893272
2018-12-03 14:15:00,69.91,51.714954,57.46973,76.403625,51.619057,76.49953
2018-12-03 14:30:00,55.12,54.9415,59.81033,75.734375,54.845604,75.83028
2018-12-03 14:45:00,56.84,50.321724,59.68516,69.66461,50.225826,69.76051
2018-12-03 15:00:00,54.22,48.87881,57.595123,73.24253,48.782913,73.33843
2018-12-03 15:15:00,49.97,49.05167,56.7348,71.34618,48.955772,71.442085
2018-12-03 15:30:00,48.17,46.98506,53.08296,67.02869,46.889164,67.12459
2018-12-03 15:45:00,49.86,45.216614,52.47025,66.684685,45.120716,66.78059
2018-12-03 16:00:00,58.75,45.94833,51.851063,68.132065,45.852432,68.22797
2018-12-03 16:15:00,65.7,48.45378,56.923454,69.955376,48.357883,70.05128
2018-12-03 16:30:00,51.88,52.139645,58.792206,72.94459,52.043747,73.04049
2018-12-03 16:45:00,57.2,48.69249,55.62991,67.21917,48.596592,67.31507
2018-12-03 17:00:00,76.03,46.55152,55.964573,67.03579,46.455624,67.13169
2018-12-03 17:15:00,72.18,55.490814,65.7353,82.73318,55.394917,82.82908
2018-12-03 17:30:00,61.42,54.11319,67.725655,79.79754,54.017292,79.89344
2018-12-03 17:45:00,36.61,30.265703,39.52823,59.675133,30.169806,59.77103
2018-12-03 18:00:00,29.56,30.174109,32.882744,43.62236,30.07821,43.718258
2018-12-03 18:15:00,34.13,26.190233,34.764988,52.041252,26.094336,52.13715
2018-12-03 18:30:00,42.26,33.155704,44.75928,61.756363,33.059807,61.85226
2018-12-03 18:45:00,56.81,36.687073,41.832394,53.3253,36.591175,53.421196
2018-12-03 19:00:00,43.02,44.05078,56.099667,66.778694,43.954884,66.874596
2018-12-03 19:15:00,47.74,39.122734,44.062927,56.34151,39.026836,56.43741
2018-12-03 19:30:00,39.17,41.994698,50.208164,63.934956,41.8988,64.03085
2018-12-03 19:45:00,43.67,36.62258,42.59915,55.358383,36.526684,55.45428
2018-12-03 20:00:00,50.44,38.008564,43.657482,52.00201,37.912666,52.097908
2018-12-03 20:15:00,46.22,42.001568,50.052902,60.839695,41.90567,60.935593
2018-12-03 20:30:00,45.36,38.583252,47.309414,54.929222,38.487354,55.02512
2018-12-03 20:45:00,50.11,31.69384,36.94947,50.15976,31.597942,50.255657
2018-12-03 21:00:00,25.45,18.216717,25.53646,50.47052,18.12082,50.566418
2018-12-03 21:15:00,8.6,5.007261,7.2347374,23.902386,4.911363,23.998283
2018-12-03 21:30:00,6.19,3.5987222,5.143439,12.202951,3.5028243,12.298849
2018-12-03 21:45:00,5.62,4.036168,5.1744995,5.30267,3.9402702,5.3985677
2018-12-03 22:00:00,4.93,3.9620564,5.2227755,8.027318,3.8661585,8.123216
2018-12-03 22:15:00,4.72,4.329545,4.604334,5.6496387,4.2336473,5.7455363
2018-12-03 22:30:00,4.75,4.1818423,5.1087046,5.6313143,4.0859447,5.727212
2018-12-03 22:45:00,4.68,4.282318,6.661685,6.9031076,4.1864204,6.9990053
2018-12-03 23:00:00,4.68,4.254311,5.7717714,6.7737417,4.1584134,6.8696394
2018-12-03 23:15:00,4.61,4.136565,4.5456285,4.6815443,4.0406675,4.777442
2018-12-03 23:30:00,4.57,4.081887,4.473894,4.576131,3.9859889,4.6720285
2018-12-03 23:45:00,4.61,4.0667586,4.4858074,4.5893807,3.9708607,4.6852784
2018-12-04 00:00:00,3.89,3.2033386,4.844679,36.839756,3.1074407,36.935654
2018-12-04 00:15:00,4.61,3.619039,3.9183743,4.1224623,3.5231411,4.21836
2018-12-04 00:30:00,4.57,3.8824148,4.3349266,4.5843043,3.786517,4.680202
2018-12-04 00:45:00,4.61,3.8309913,4.342015,4.5442367,3.7350934,4.6401343
2018-12-04 01:00:00,4.64,3.794645,4.3355713,4.51954,3.6987472,4.6154375
2018-12-04 01:15:00,5.04,4.0822034,4.512756,4.609832,3.9863055,4.7057295
2018-12-04 01:30:00,5.8,3.9765737,4.6841583,4.8110795,3.8806758,4.906977
2018-12-04 01:45:00,4.68,4.1154346,5.367937,5.788424,4.019537,5.8843217
2018-12-04 02:00:00,3.6,3.814262,4.4427757,4.5299234,3.718364,4.625821
2018-12-04 02:15:00,3.56,3.5398111,3.780425,3.9854846,3.4439132,4.0813823
2018-12-04 02:30:00,3.64,3.5981636,3.6863298,4.918036,3.5022657,5.0139337
2018-12-04 02:45:00,3.67,3.432528,3.751443,3.8420494,3.33663,3.9379473
2018-12-04 03:00:00,3.64,3.600181,3.6729307,3.9135647,3.5042832,4.0094624
2018-12-04 03:15:00,3.64,3.5815592,3.7196832,4.013738,3.4856613,4.109636
2018-12-04 03:30:00,3.71,3.5623856,3.7066295,3.8540263,3.4664876,3.9499242
2018-12-04 03:45:00,3.67,3.5808823,3.760385,3.913204,3.4849844,4.009102
2018-12-04 04:00:00,3.71,3.4884093,3.7602534,4.155184,3.3925114,4.2510815
2018-12-04 04:15:00,3.67,3.515644,3.734998,4.0568614,3.4197462,4.152759
2018-12-04 04:30:00,3.6,3.5307865,3.7454157,4.0324845,3.4348886,4.128382
2018-12-04 04:45:00,4.36,3.5012949,3.7335358,3.9888964,3.405397,4.084794
2018-12-04 05:00:00,4.64,3.5853055,4.0601335,4.7074294,3.4894075,4.803327
2018-12-04 05:15:00,4.72,3.6085432,4.111648,4.842711,3.5126452,4.9386086
2018-12-04 05:30:00,5.44,3.8032444,4.2320166,4.7213407,3.7073464,4.8172383
2018-12-04 05:45:00,4.43,4.3074675,4.982332,6.340786,4.21157,6.4366837
2018-12-04 06:00:00,3.64,3.827677,4.428052,4.797258,3.731779,4.8931556
2018-12-04 06:15:00,3.56,3.548958,3.7953234,3.9029822,3.4530602,3.9988801
2018-12-04 06:30:00,3.67,3.6069462,3.721772,4.0607786,3.5110483,4.1566763
2018-12-04 06:45:00,3.64,3.4565382,3.7796926,3.8670382,3.3606403,3.9629362
2018-12-04 07:00:00,3.56,3.5891428,3.7563596,3.9054356,3.493245,4.001333
2018-12-04 07:15:00,3.56,3.5650325,3.599851,3.9441743,3.4691346,4.040072
2018-12-04 07:30:00,3.82,3.7336104,3.8971267,4.521585,3.6377125,4.6174827
2018-12-04 07:45:00,4.54,3.8994021,4.18291,5.330285,3.8035042,5.4261827
2018-12-04 08:00:00,5.94,3.938673,4.3948755,9.853776,3.842775,9.949674
2018-12-04 08:15:00,28.4,6.681957,31.908106,48.637108,6.586059,48.733006
2018-12-04 08:30:00,55.04,33.204155,49.47377,68.07321,33.108257,68.16911
2018-12-04 08:45:00,61.13,47.892994,64.71196,72.61593,47.797096,72.71183
2018-12-04 09:00:00,82.33,53.531822,61.625835,75.31355,53.435925,75.409454
2018-12-04 09:15:00,82.37,59.835735,78.2552,96.17347,59.739838,96.26937
2018-12-04 09:30:00,64.08,61.7428,82.49552,100.4824,61.646904,100.5783
2018-12-04 09:45:00,59.36,54.19024,67.034225,78.18139,54.09434,78.27729
2018-12-04 10:00:00,52.16,51.815884,62.759026,79.19582,51.719986,79.291725
2018-12-04 10:15:00,56.95,47.47148,57.22493,72.37708,47.375584,72.472984
2018-12-04 10:30:00,53.42,50.125053,57.35785,69.164696,50.029156,69.2606
2018-12-04 10:45:00,58.86,49.763367,54.53858,66.54555,49.66747,66.64145
2018-12-04 11:00:00,59.98,50.034744,59.10179,69.34956,49.938847,69.445465
2018-12-04 11:15:00,61.24,51.792664,59.558105,69.12871,51.696766,69.22461
2018-12-04 11:30:00,84.1,52.963055,60.06106,70.90449,52.867157,71.00039
2018-12-04 11:45:00,63.86,61.540604,81.996864,95.612816,61.444706,95.70872
2018-12-04 12:00:00,49.86,49.84302,63.29408,81.30457,49.747124,81.400475
2018-12-04 12:15:00,6.91,5.704044,7.0384164,27.125881,5.608146,27.221779
2018-12-04 12:30:00,7.38,5.2907243,5.702532,8.53611,5.1948266,8.632008
2018-12-04 12:45:00,6.62,6.1293054,8.988741,10.503533,6.0334077,10.599431
2018-12-04 13:00:00,6.55,5.5194135,6.8563223,9.282084,5.423516,9.377982
2018-12-04 13:15:00,32.51,9.341294,28.928028,40.523056,9.245397,40.618954
2018-12-04 13:30:00,57.28,40.94501,61.19615,77.16995,40.849113,77.265854
2018-12-04 13:45:00,55.51,48.270348,64.93689,71.37152,48.17445,71.46742
2018-12-04 14:00:00,56.12,49.716114,57.661964,68.72961,49.620216,68.82551
2018-12-04 14:15:00,58.82,48.09756,57.391712,69.18362,48.001663,69.27952
2018-12-04 14:30:00,52.88,49.847862,56.96707,66.61005,49.751965,66.70595
2018-12-04 14:45:00,53.46,48.719173,55.2503,67.533226,48.623276,67.62913
2018-12-04 15:00:00,62.96,47.44605,54.948753,68.631226,47.35015,68.72713
2018-12-04 15:15:00,64.62,50.134796,60.348633,72.59083,50.0389,72.68673
2018-12-04 15:30:00,60.01,51.893852,61.442207,72.66884,51.797955,72.76474
2018-12-04 15:45:00,55.66,49.958385,60.72451,70.8644,49.862488,70.960304
2018-12-04 16:00:00,53.82,49.68141,59.45446,70.377365,49.585514,70.47327
2018-12-04 16:15:00,71.86,49.26869,55.979774,68.68887,49.17279,68.784775
2018-12-04 16:30:00,60.73,55.857853,64.72487,80.6578,55.761955,80.7537
2018-12-04 16:45:00,68.22,52.109035,61.693462,72.78565,52.013138,72.88155
2018-12-04 17:00:00,80.46,52.932297,63.59279,75.49585,52.8364,75.59175
2018-12-04 17:15:00,61.52,58.193523,76.2418,93.16139,58.097626,93.25729
2018-12-04 17:30:00,71.1,48.417107,62.23008,75.759636,48.32121,75.85554
2018-12-04 17:45:00,35.21,30.854013,45.945797,70.6016,30.758116,70.6975
2018-12-04 18:00:00,30.31,30.292082,32.18129,41.83258,30.196184,41.92848
2018-12-04 18:15:00,43.56,29.271967,37.76885,48.795254,29.17607,48.89115
2018-12-04 18:30:00,40.97,39.5125,52.94655,72.60934,39.416603,72.70524
2018-12-04 18:45:00,38.56,37.230892,42.310577,56.345795,37.134995,56.441692
2018-12-04 19:00:00,41.65,34.95445,40.93366,53.831955,34.85855,53.927853
2018-12-04 19:15:00,49.07,38.93458,44.357025,49.071583,38.838684,49.16748
2018-12-04 19:30:00,40.46,43.427757,50.697254,62.11482,43.33186,62.210716
2018-12-04 19:45:00,48.64,36.48937,43.032722,51.010174,36.39347,51.10607
2018-12-04 20:00:00,49.75,39.976078,47.882393,57.673126,39.88018,57.769024
2018-12-04 20:15:00,48.89,40.976894,50.225323,63.111946,40.880997,63.207844
2018-12-04 20:30:00,37.84,39.990192,49.67029,60.67705,39.894295,60.77295
2018-12-04 20:45:00,30.67,32.552788,38.874718,45.689552,32.45689,45.78545
2018-12-04 21:00:00,5.08,10.990835,15.437106,33.30058,10.8949375,33.396477
2018-12-04 21:15:00,5.69,3.7966394,4.8561783,6.3851624,3.7007415,6.48106
2018-12-04 21:30:00,5.44,4.063127,4.858528,5.12824,3.9672291,5.224138
2018-12-04 21:45:00,5.4,3.9567084,4.5945473,5.964933,3.8608105,6.0608306
2018-12-04 22:00:00,5.44,4.0244617,4.7637515,9.119321,3.9285638,9.215219
2018-12-04 22:15:00,5.26,4.2326255,4.7984624,10.712007,4.136728,10.807904
2018-12-04 22:30:00,4.64,4.3509927,4.6495957,11.232074,4.255095,11.327971
2018-12-04 22:45:00,3.92,4.1440225,6.8553324,10.093512,4.048125,10.189409
2018-12-04 23:00:00,3.96,3.9067106,4.06282,7.6136556,3.8108127,7.7095532
2018-12-04 23:15:00,3.92,3.679324,3.969491,5.744119,3.583426,5.840017
2018-12-04 23:30:00,3.85,3.5392451,4.2687774,6.268296,3.4433472,6.3641934
2018-12-04 23:45:00,3.89,3.6960654,3.8800159,6.1935616,3.6001675,6.289459
2018-12-05 00:00:00,3.96,2.961671,4.180862,6.684452,2.8657732,6.7803497
2018-12-05 00:15:00,3.89,3.6801999,3.9814525,8.547515,3.584302,8.643413
2018-12-05 00:30:00,3.92,3.6677427,3.9122353,8.294089,3.5718448,8.389987
2018-12-05 00:45:00,3.89,3.642817,3.9408097,8.415575,3.546919,8.511473
2018-12-05 01:00:00,3.96,3.6514816,3.9252567,7.6405897,3.5555837,7.7364874
2018-12-05 01:15:00,3.78,3.6262345,3.9754457,7.6739535,3.5303366,7.769851
2018-12-05 01:30:00,3.85,3.5728433,3.8973298,7.4833827,3.4769454,7.5792804
2018-12-05 01:45:00,3.82,3.6429348,3.9513607,7.6833744,3.547037,7.779272
2018-12-05 02:00:00,3.82,3.5831602,3.8616214,7.6111603,3.4872622,7.707058
2018-12-05 02:15:00,3.85,3.6009738,3.8353076,7.593487,3.505076,7.6893845
2018-12-05 02:30:00,4.64,3.6326964,3.8675861,7.590569,3.5367985,7.6864667
2018-12-05 02:45:00,4.86,3.686105,4.18513,9.093605,3.590207,9.189503
2018-12-05 03:00:00,3.82,3.7693162,4.2845364,9.4879875,3.6734183,9.583885
2018-12-05 03:15:00,3.49,3.5080833,3.8199205,7.833224,3.4121854,7.9291215
2018-12-05 03:30:00,3.13,3.412094,4.127044,10.963057,3.3161962,11.058954
2018-12-05 03:45:00,3.2,3.1164043,3.7475438,17.178555,3.0205064,17.274452
2018-12-05 04:00:00,3.13,3.0662951,4.041653,13.982183,2.9703972,14.078081
2018-12-05 04:15:00,3.1,3.0336947,3.198369,13.716393,2.9377968,13.812291
2018-12-05 04:30:00,3.17,3.0736587,3.1939635,13.525076,2.9777608,13.620974
2018-12-05 04:45:00,3.06,3.076882,4.410762,13.835597,2.980984,13.931495
2018-12-05 05:00:00,3.17,2.9587905,4.2196937,13.6273155,2.8628926,13.723213
2018-12-05 05:15:00,3.06,3.058278,4.5170813,14.172308,2.9623802,14.268206
2018-12-05 05:30:00,3.1,2.957413,4.4091973,13.994401,2.861515,14.090299
2018-12-05 05:45:00,3.02,3.000593,4.4349647,13.966259,2.904695,14.062157
2018-12-05 06:00:00,3.1,2.9669147,3.2606387,12.062397,2.8710167,12.158295
2018-12-05 06:15:00,3.02,2.9883192,3.323627,12.175653,2.8924212,12.271551
2018-12-05 06:30:00,4.61,2.9578412,3.2889004,12.2395315,2.8619432,12.335429
2018-12-05 06:45:00,4.9,3.3042638,4.4396515,16.456211,3.208366,16.552109
2018-12-05 07:00:00,3.85,3.574746,7.904894,19.06581,3.478848,19.161707
2018-12-05 07:15:00,3.49,3.3727634,5.8438044,17.527176,3.2768655,17.623074
2018-12-05 07:30:00,3.2,3.581743,3.9178147,17.015417,3.485845,17.111315
2018-12-05 07:45:00,4.32,3.3433285,4.7700586,17.49248,3.2474306,17.588377
2018-12-05 08:00:00,4.72,3.7601914,5.5955973,26.142332,3.6642935,26.23823
2018-12-05 08:15:00,27.65,4.8873744,28.717937,44.729794,4.7914767,44.82569
2018-12-05 08:30:00,61.56,27.336939,46.446815,68.013695,27.241041,68.1096
2018-12-05 08:45:00,57.71,48.66879,66.277466,76.282265,48.57289,76.37817
2018-12-05 09:00:00,57.82,49.82155,58.987595,75.16728,49.72565,75.26318
2018-12-05 09:15:00,68.08,48.609562,56.819168,76.567764,48.513664,76.663666
2018-12-05 09:30:00,64.08,52.22868,62.074512,77.3403,52.132782,77.4362
2018-12-05 09:45:00,64.76,51.460865,61.850655,73.27203,51.364967,73.367935
2018-12-05 10:00:00,62.68,51.15013,60.95054,73.16555,51.054234,73.26145
2018-12-05 10:15:00,49.28,50.149956,61.389835,68.49719,50.054058,68.593094
2018-12-05 10:30:00,56.52,48.775204,53.286438,65.231125,48.679306,65.32703
2018-12-05 10:45:00,59.04,48.02101,55.76155,69.374626,47.925114,69.47053
2018-12-05 11:00:00,66.85,49.340675,58.020374,72.01639,49.244778,72.11229
2018-12-05 11:15:00,68.83,52.97544,62.48569,76.154945,52.879543,76.25085
2018-12-05 11:30:00,60.3,54.345444,64.82976,78.335304,54.249546,78.431206
2018-12-05 11:45:00,53.21,49.694534,59.45431,70.03886,49.598637,70.13476
2018-12-05 12:00:00,40.97,44.116234,53.05162,63.643883,44.020336,63.73978
2018-12-05 12:15:00,10.69,5.307399,7.1282887,23.403778,5.211501,23.499676
2018-12-05 12:30:00,9.43,4.8273797,6.6210027,9.74037,4.731482,9.836267
2018-12-05 12:45:00,10.33,5.8545732,8.363935,10.3972025,5.7586756,10.4931
2018-12-05 13:00:00,26.68,7.5772624,10.382026,16.688711,7.4813647,16.784609
2018-12-05 13:15:00,43.34,22.396484,49.239403,69.577415,22.300587,69.67332
2018-12-05 13:30:00,46.51,42.161243,54.807228,62.768867,42.065346,62.864765
2018-12-05 13:45:00,50.44,41.839554,51.257988,62.042873,41.743656,62.13877
2018-12-05 14:00:00,63.4,45.33677,52.046207,61.72845,45.24087,61.82435
2018-12-05 14:15:00,54.36,48.865147,58.094448,70.53336,48.76925,70.629265
2018-12-05 14:30:00,61.52,46.95871,55.26755,67.5608,46.862812,67.6567
2018-12-05 14:45:00,58.93,48.54174,57.982098,68.72567,48.445843,68.82157
2018-12-05 15:00:00,85.46,50.311302,57.454823,69.31976,50.215405,69.415665
2018-12-05 15:15:00,109.3,59.742012,82.09287,101.52548,59.646114,101.62138
2018-12-05 15:30:00,87.16,68.2557,88.92456,107.62439,68.1598,107.72029
2018-12-05 15:45:00,96.01,56.41861,96.301254,108.58005,56.322712,108.67595
2018-12-05 16:00:00,105.91,68.197334,92.87139,107.97017,68.10143,108.06607
2018-12-05 16:15:00,68.18,69.21939,88.4488,110.304405,69.12349,110.40031
2018-12-05 16:30:00,64.91,55.798107,84.32752,106.97016,55.70221,107.06606
2018-12-05 16:45:00,56.05,52.003555,68.5205,94.72042,51.907658,94.81632
2018-12-05 17:00:00,62.96,44.68335,59.499107,82.05306,44.587452,82.148964
2018-12-05 17:15:00,47.12,49.441875,60.8067,72.59157,49.345978,72.68747
2018-12-05 17:30:00,44.57,43.357708,49.863415,64.68975,43.26181,64.78565
2018-12-05 17:45:00,44.24,25.509277,34.609768,47.248417,25.41338,47.344315
2018-12-05 18:00:00,27.32,28.692974,34.466984,41.698772,28.597076,41.79467
2018-12-05 18:15:00,5.87,12.667057,22.713127,37.55772,12.571159,37.653618
2018-12-05 18:30:00,5.36,5.2677803,9.78464,22.536285,5.1718826,22.632183
2018-12-05 18:45:00,5.47,5.014962,5.561714,19.603739,4.9190645,19.699636
2018-12-05 19:00:00,5.58,5.150779,7.4354067,18.270077,5.054881,18.365974
2018-12-05 19:15:00,5.58,4.833341,7.018273,9.429527,4.7374434,9.525425
2018-12-05 19:30:00,5.47,4.944854,7.0401134,11.008733,4.848956,11.10463
2018-12-05 19:45:00,5.44,4.7731333,5.343315,9.080807,4.6772356,9.176704
2018-12-05 20:00:00,5.44,4.683498,5.2797422,10.121996,4.5876,10.217894
2018-12-05 20:15:00,5.44,4.5682945,4.995598,6.761865,4.472397,6.857763
2018-12-05 20:30:00,5.51,4.7299,5.142505,7.502918,4.634002,7.5988154
2018-12-05 20:45:00,5.44,3.9104848,5.00272,8.609082,3.8145869,8.70498
2018-12-05 21:00:00,4.82,3.918947,4.51301,5.628976,3.823049,5.7248735
2018-12-05 21:15:00,4.28,3.6623383,4.510578,5.124159,3.5664403,5.2200565
2018-12-05 21:30:00,4.25,3.6750693,3.9649477,4.0562806,3.5791714,4.1521783
2018-12-05 21:45:00,4.28,3.6861205,4.0236025,4.0436215,3.5902226,4.139519
2018-12-05 22:00:00,4.36,3.6620193,4.126056,4.241463,3.5661213,4.337361
2018-12-05 22:15:00,4.03,3.8970983,4.8468766,5.350336,3.8012004,5.4462337
2018-12-05 22:30:00,4.0,3.5505278,4.8033013,5.223179,3.45463,5.3190765
2018-12-05 22:45:00,4.03,3.4267406,4.6113224,6.9874377,3.3308427,7.0833354
2018-12-05 23:00:00,4.0,3.4839127,4.514318,7.0054126,3.3880148,7.1013103
2018-12-05 23:15:00,4.0,3.5619361,3.915832,4.1091504,3.4660382,4.205048
2018-12-05 23:30:00,3.92,3.58903,3.9453835,4.049065,3.493132,4.144963
2018-12-05 23:45:00,4.0,3.603951,3.8749352,3.886228,3.508053,3.982126
2018-12-06 00:00:00,4.0,3.5095124,3.939609,6.6087465,3.4136145,6.704644
2018-12-06 00:15:00,3.96,3.5742896,3.9514399,4.1150756,3.4783916,4.2109733
2018-12-06 00:30:00,4.79,3.573168,3.8783073,3.976218,3.4772701,4.072116
2018-12-06 00:45:00,5.18,3.729482,4.186471,4.6004486,3.633584,4.6963463
2018-12-06 01:00:00,4.03,3.7700267,4.3466787,5.7463427,3.6741288,5.8422403
2018-12-06 01:15:00,3.92,3.3947666,3.757934,4.1214995,3.2988687,4.217397
2018-12-06 01:30:00,4.0,3.4390733,3.8776526,3.8878217,3.3431754,3.9837196
2018-12-06 01:45:00,3.92,3.5041194,3.988519,4.1442223,3.4082215,4.24012
2018-12-06 02:00:00,4.07,3.5805073,3.903703,3.9908926,3.4846094,4.0867906
2018-12-06 02:15:00,3.46,3.68139,4.0002427,4.2825875,3.5854921,4.378485
2018-12-06 02:30:00,3.28,3.1019514,3.5178168,3.5837944,3.0060534,3.6796923
2018-12-06 02:45:00,3.38,3.0474827,3.3320715,3.5110853,2.9515848,3.6069832
2018-12-06 03:00:00,3.31,3.0191982,3.4155478,3.6143014,2.9233003,3.7101994
2018-12-06 03:15:00,3.35,3.0769665,3.319409,3.7077527,2.9810686,3.8036506
2018-12-06 03:30:00,3.35,3.118173,3.356325,3.5817559,3.022275,3.6776538
2018-12-06 03:45:00,3.38,3.1334977,3.3651733,3.5825624,3.0375998,3.6784604
2018-12-06 04:00:00,3.42,3.113388,3.387453,3.5792053,3.0174901,3.6751032
2018-12-06 04:15:00,3.31,3.1064425,3.393793,3.6612666,3.0105445,3.7571645
2018-12-06 04:30:00,4.61,3.0794818,3.3117647,3.6547475,2.983584,3.7506454
2018-12-06 04:45:00,5.04,3.4051397,3.876846,4.454003,3.3092418,4.5499005
2018-12-06 05:00:00,4.07,3.682449,4.381973,4.84126,3.5865512,4.9371576
2018-12-06 05:15:00,3.71,3.5363715,3.9159403,5.2442565,3.4404736,5.340154
2018-12-06 05:30:00,3.31,3.3644772,3.6983564,3.881903,3.2685792,3.9778008
2018-12-06 05:45:00,3.31,3.1199644,3.2716472,3.4958613,3.0240664,3.5917592
2018-12-06 06:00:00,3.38,3.0397058,3.283583,3.5068884,2.9438078,3.6027863
2018-12-06 06:15:00,3.31,2.9703865,3.3953981,3.641833,2.8744886,3.737731
2018-12-06 06:30:00,3.28,3.160588,3.3752642,3.6736538,3.06469,3.7695518
2018-12-06 06:45:00,3.31,3.176262,3.4340189,3.7807677,3.080364,3.8766656
2018-12-06 07:00:00,3.24,3.1705112,3.4033363,3.7438352,3.0746133,3.8397331
2018-12-06 07:15:00,3.28,3.13936,3.321637,3.7454436,3.043462,3.8413415
2018-12-06 07:30:00,3.46,3.22812,3.6677659,4.3536997,3.1322222,4.4495974
2018-12-06 07:45:00,4.21,3.3859956,4.114453,4.8814425,3.2900977,4.97734
2018-12-06 08:00:00,6.44,3.6160388,4.4534254,8.595446,3.520141,8.691343
2018-12-06 08:15:00,32.29,6.9404397,35.101818,47.884644,6.844542,47.98054
2018-12-06 08:30:00,64.98,41.378147,54.767075,77.62483,41.28225,77.72073
2018-12-06 08:45:00,60.84,52.908394,69.44285,83.295845,52.812496,83.39175
2018-12-06 09:00:00,59.87,53.12637,62.775818,77.21955,53.03047,77.31545
2018-12-06 09:15:00,67.0,51.18163,60.871807,76.69358,51.08573,76.78948
2018-12-06 09:30:00,71.17,54.4835,64.875755,77.14921,54.387604,77.24511
2018-12-06 09:45:00,76.86,55.21041,66.014694,79.6533,55.114513,79.7492
2018-12-06 10:00:00,66.67,57.688087,71.601456,92.79133,57.59219,92.88723
2018-12-06 10:15:00,63.18,53.882343,67.32212,81.49034,53.786446,81.58624
2018-12-06 10:30:00,68.87,53.982006,63.241158,74.450806,53.88611,74.54671
2018-12-06 10:45:00,71.06,55.665627,65.780426,83.02089,55.56973,83.11679
2018-12-06 11:00:00,62.78,53.760803,68.64822,86.5052,53.664906,86.601105
2018-12-06 11:15:00,60.88,53.352825,65.44724,77.08691,53.256927,77.18281
2018-12-06 11:30:00,74.45,51.6759,62.050793,72.46905,51.58,72.56495
2018-12-06 11:45:00,67.82,53.704388,69.93438,89.41512,53.60849,89.511024
2018-12-06 12:00:00,69.26,48.112446,63.35168,77.60229,48.01655,77.69819
2018-12-06 12:15:00,9.94,7.287748,9.88443,47.378513,7.19185,47.47441
2018-12-06 12:30:00,6.88,5.50467,6.3359346,9.969853,5.4087725,10.065751
2018-12-06 12:45:00,7.02,6.378745,8.237318,9.263603,6.2828474,9.359501
2018-12-06 13:00:00,6.95,6.319945,8.235016,12.297686,6.224047,12.393583
2018-12-06 13:15:00,35.78,9.817988,37.65973,40.030148,9.722091,40.126045
2018-12-06 13:30:00,61.78,41.891052,62.22814,76.42178,41.795155,76.517685
2018-12-06 13:45:00,60.8,47.836178,63.25354,77.98849,47.74028,78.08439
2018-12-06 14:00:00,71.78,50.423885,60.479977,77.990295,50.327988,78.0862
2018-12-06 14:15:00,72.11,55.171352,65.74724,88.92919,55.075455,89.02509
2018-12-06 14:30:00,68.22,54.389774,65.147865,87.300026,54.293877,87.39593
2018-12-06 14:45:00,73.44,52.701984,65.88927,84.94195,52.606087,85.03785
2018-12-06 15:00:00,56.88,59.640335,71.40007,89.06119,59.544437,89.15709
2018-12-06 15:15:00,50.29,48.324806,60.214153,75.18725,48.22891,75.28315
2018-12-06 15:30:00,48.78,46.93588,55.755344,65.46356,46.83998,65.55946
2018-12-06 15:45:00,48.96,44.942665,53.274494,67.14247,44.846767,67.23837
2018-12-06 16:00:00,49.97,45.522984,52.06636,65.682915,45.427086,65.77882
2018-12-06 16:15:00,62.28,45.039978,51.57045,62.791794,44.94408,62.88769
2018-12-06 16:30:00,47.95,49.590183,61.13098,72.11475,49.494286,72.210655
2018-12-06 16:45:00,57.35,44.824783,52.498272,69.49453,44.728886,69.59043
2018-12-06 17:00:00,47.77,44.91398,55.586514,68.32185,44.81808,68.417755
2018-12-06 17:15:00,48.6,40.729736,49.667336,65.35828,40.63384,65.45418
2018-12-06 17:30:00,57.46,39.96009,48.113903,63.521263,39.864193,63.61716
2018-12-06 17:45:00,31.86,28.451883,36.013027,56.02079,28.355986,56.116688
2018-12-06 18:00:00,31.61,28.968323,30.917635,34.361294,28.872425,34.45719
2018-12-06 18:15:00,36.61,29.38149,36.176746,48.724937,29.285593,48.820835
2018-12-06 18:30:00,40.07,34.089966,46.220177,56.63422,33.99407,56.730118
2018-12-06 18:45:00,37.87,33.73776,40.815662,50.2882,33.64186,50.384098
2018-12-06 19:00:00,47.23,33.598946,38.876102,45.538944,33.503048,45.634842
2018-12-06 19:15:00,53.03,38.759914,47.201893,55.310707,38.664017,55.406605
2018-12-06 19:30:00,38.63,43.807144,51.83425,63.428776,43.711246,63.524673
2018-12-06 19:45:00,37.51,35.87958,40.56328,49.46863,35.783684,49.56453
2018-12-06 20:00:00,38.3,34.593006,41.32079,47.98733,34.49711,48.08323
2018-12-06 20:15:00,54.36,34.55411,40.33283,49.658142,34.458214,49.75404
2018-12-06 20:30:00,38.84,41.367985,52.2649,63.36126,41.272087,63.457157
2018-12-06 20:45:00,27.72,32.426296,40.115475,46.264183,32.3304,46.36008
2018-12-06 21:00:00,8.86,5.8464847,11.959444,25.631348,5.750587,25.727245
2018-12-06 21:15:00,5.51,3.5317607,5.425029,12.347651,3.4358628,12.443548
2018-12-06 21:30:00,5.58,3.7645223,4.5213113,5.3091283,3.6686244,5.405026
2018-12-06 21:45:00,5.62,4.083215,5.0551486,8.29435,3.9873173,8.390247
2018-12-06 22:00:00,5.54,4.0801454,5.053746,5.4931855,3.9842474,5.589083
2018-12-06 22:15:00,5.26,4.306992,4.843275,9.281626,4.2110944,9.377523
2018-12-06 22:30:00,5.22,4.2750645,4.7711334,8.715826,4.179167,8.811724
2018-12-06 22:45:00,5.26,4.235217,4.9485736,8.810292,4.1393194,8.90619
2018-12-06 23:00:00,4.18,4.3029428,4.809829,9.030116,4.207045,9.126014
2018-12-06 23:15:00,3.96,3.7696042,4.071592,4.115757,3.6737063,4.2116547
2018-12-06 23:30:00,4.0,3.622611,3.8771412,3.8834634,3.5267131,3.9793613
2018-12-06 23:45:00,4.0,3.6375945,3.9777226,4.068829,3.5416965,4.1647267
2018-12-07 00:00:00,4.03,2.8601167,3.9430437,7.1169014,2.7642188,7.212799
2018-12-07 00:15:00,3.96,3.753252,4.0115247,4.2303166,3.657354,4.3262143
2018-12-07 00:30:00,4.03,3.7407324,3.8992271,4.038571,3.6448345,4.1344686
2018-12-07 00:45:00,4.03,3.7601264,3.9740534,4.2838926,3.6642284,4.3797903
2018-12-07 01:00:00,4.0,3.7217016,4.0160313,4.1977096,3.6258037,4.293607
2018-12-07 01:15:00,4.03,3.7149518,3.9636984,4.202984,3.6190538,4.2988815
2018-12-07 01:30:00,4.03,3.7205899,4.0130773,4.2747226,3.624692,4.3706203
2018-12-07 01:45:00,4.03,3.713602,4.0233626,4.2616334,3.6177042,4.357531
2018-12-07 02:00:00,4.1,3.6752782,4.012131,4.226277,3.5793803,4.3221745
2018-12-07 02:15:00,4.0,3.790948,4.0916786,4.3934402,3.69505,4.489338
2018-12-07 02:30:00,4.72,3.6704054,4.0096226,4.285421,3.5745075,4.3813186
2018-12-07 02:45:00,4.79,3.8431444,4.294844,4.7469063,3.7472465,4.842804
2018-12-07 03:00:00,4.14,3.7718098,4.3844056,4.674286,3.675912,4.7701836
2018-12-07 03:15:00,4.07,3.721877,4.069394,4.2899337,3.6259792,4.3858314
2018-12-07 03:30:00,4.03,3.7599397,4.2538996,4.4553905,3.6640418,4.551288
2018-12-07 03:45:00,4.0,3.4831326,4.246823,4.4274063,3.3872347,4.523304
2018-12-07 04:00:00,3.42,3.5213883,3.9662437,4.3088923,3.4254904,4.40479
2018-12-07 04:15:00,3.49,3.193094,3.4317842,3.6341743,3.097196,3.7300723
2018-12-07 04:30:00,3.46,3.2455218,3.513105,3.6471725,3.1496239,3.7430704
2018-12-07 04:45:00,3.38,3.2734745,3.5528898,3.7335339,3.1775765,3.8294318
2018-12-07 05:00:00,3.42,3.2177656,3.4415019,3.6827607,3.1218677,3.7786586
2018-12-07 05:15:00,3.42,3.2353685,3.4454224,3.727672,3.1394706,3.82357
2018-12-07 05:30:00,3.74,3.2511013,3.4402025,3.7402456,3.1552033,3.8361435
2018-12-07 05:45:00,4.07,3.2890654,3.6841443,4.0897636,3.1931674,4.1856613
2018-12-07 06:00:00,3.49,3.4092126,3.8512857,4.2165513,3.3133147,4.312449
2018-12-07 06:15:00,3.42,3.0922742,3.4354038,3.6144683,2.9963763,3.7103662
2018-12-07 06:30:00,3.64,3.1802974,3.409676,3.9652438,3.0843995,4.0611415
2018-12-07 06:45:00,4.1,3.2808223,3.5919514,4.25062,3.1849244,4.3465176
2018-12-07 07:00:00,4.0,3.339883,3.9229198,4.709985,3.2439852,4.8058825
2018-12-07 07:15:00,4.0,3.3426163,3.8393207,4.4899044,3.2467184,4.585802
2018-12-07 07:30:00,3.82,3.600675,4.0937896,4.8188415,3.5047772,4.914739
2018-12-07 07:45:00,4.54,3.786314,4.0580387,5.255285,3.690416,5.3511825
2018-12-07 08:00:00,4.79,3.9425719,4.3654313,8.245836,3.846674,8.341734
2018-12-07 08:15:00,47.66,5.211952,19.832283,35.438095,5.1160545,35.533993
2018-12-07 08:30:00,60.19,51.335873,69.215416,92.730286,51.239975,92.82619
2018-12-07 08:45:00,60.19,49.655285,61.038788,77.42381,49.559387,77.519714
2018-12-07 09:00:00,53.32,52.237118,61.819225,75.59453,52.14122,75.69043
2018-12-07 09:15:00,58.86,47.950573,55.585148,69.10673,47.854675,69.20263
2018-12-07 09:30:00,49.5,49.948116,58.28428,71.26112,49.85222,71.357025
2018-12-07 09:45:00,48.42,46.640793,53.047245,66.37192,46.544895,66.46782
2018-12-07 10:00:00,62.78,43.884995,52.604107,66.60121,43.789097,66.69711
2018-12-07 10:15:00,48.02,48.559242,59.40129,72.34709,48.463345,72.44299
2018-12-07 10:30:00,46.22,45.309883,52.336197,66.22511,45.213985,66.321014
2018-12-07 10:45:00,57.46,41.6345,49.746998,62.34865,41.5386,62.44455
2018-12-07 11:00:00,48.78,46.69813,58.72711,71.803856,46.602234,71.89976
2018-12-07 11:15:00,47.02,44.70924,52.299706,65.986336,44.613342,66.08224
2018-12-07 11:30:00,58.0,42.740368,51.45402,60.856583,42.64447,60.95248
2018-12-07 11:45:00,51.48,44.816883,56.107967,66.136604,44.720985,66.232506
2018-12-07 12:00:00,44.28,41.947826,49.884163,61.063717,41.85193,61.159615
2018-12-07 12:15:00,26.6,5.1300907,7.277807,21.563026,5.034193,21.658924
2018-12-07 12:30:00,12.49,7.170373,9.221053,16.367699,7.0744753,16.463596
2018-12-07 12:45:00,9.79,5.5989943,7.073921,12.003357,5.5030966,12.099255
2018-12-07 13:00:00,10.76,6.2803135,8.600844,11.388391,6.184416,11.484288
2018-12-07 13:15:00,44.06,8.854958,31.048538,35.16484,8.75906,35.26074
2018-12-07 13:30:00,49.82,43.02375,58.16465,64.459946,42.927853,64.55585
2018-12-07 13:45:00,54.36,42.73308,52.999954,64.44756,42.637184,64.543465
2018-12-07 14:00:00,55.98,47.75928,57.754337,68.41199,47.663383,68.50789
2018-12-07 14:15:00,56.48,46.08866,55.407722,65.56963,45.992764,65.665535
2018-12-07 14:30:00,47.41,45.958965,55.875057,65.61836,45.863068,65.714264
2018-12-07 14:45:00,47.95,43.99773,51.85142,63.706024,43.901833,63.80192
2018-12-07 15:00:00,58.86,44.5712,50.823715,61.517754,44.475304,61.61365
2018-12-07 15:15:00,50.08,45.815514,56.27774,67.02937,45.719616,67.125275
2018-12-07 15:30:00,51.88,44.577198,51.18166,60.37434,44.4813,60.470238
2018-12-07 15:45:00,53.82,45.98352,54.86905,63.766796,45.887623,63.862694
2018-12-07 16:00:00,49.9,45.77925,55.554646,65.47827,45.683353,65.57417
2018-12-07 16:15:00,57.1,45.299835,51.800316,60.063442,45.203938,60.15934
2018-12-07 16:30:00,50.33,44.747196,56.733074,64.87885,44.6513,64.974754
2018-12-07 16:45:00,68.54,45.439335,52.639484,61.859974,45.343437,61.95587
2018-12-07 17:00:00,60.12,49.431816,58.32601,72.68243,49.33592,72.77833
2018-12-07 17:15:00,72.11,46.316704,57.97629,68.007416,46.220806,68.10332
2018-12-07 17:30:00,46.33,49.980618,57.76438,74.68383,49.88472,74.77973
2018-12-07 17:45:00,34.16,28.197384,36.031918,46.701973,28.101486,46.79787
2018-12-07 18:00:00,30.35,27.46797,32.565117,36.373272,27.372072,36.46917
2018-12-07 18:15:00,42.48,28.954762,36.607662,49.43587,28.858864,49.53177
2018-12-07 18:30:00,52.85,37.114983,47.743046,55.41337,37.019085,55.509266
2018-12-07 18:45:00,58.97,40.45872,51.348774,60.164574,40.362823,60.26047
2018-12-07 19:00:00,57.17,43.850983,55.255825,69.21501,43.755085,69.31091
2018-12-07 19:15:00,44.39,42.997555,56.13131,66.060936,42.901657,66.15684
2018-12-07 19:30:00,47.84,38.31603,44.36892,56.66613,38.22013,56.762028
2018-12-07 19:45:00,54.07,40.93035,47.927887,59.200573,40.834454,59.29647
2018-12-07 20:00:00,43.38,41.64552,49.466312,61.025795,41.54962,61.121693
2018-12-07 20:15:00,57.64,37.47417,43.629723,54.898056,37.378273,54.993954
2018-12-07 20:30:00,41.72,40.866997,49.264896,65.94114,40.7711,66.03704
2018-12-07 20:45:00,31.9,33.830517,41.078907,51.022106,33.73462,51.118004
2018-12-07 21:00:00,19.69,7.469814,13.717564,30.93281,7.373916,31.028708
2018-12-07 21:15:00,5.62,4.2201467,5.2322617,14.698233,4.124249,14.79413
2018-12-07 21:30:00,5.62,3.7186534,4.69532,5.1111073,3.6227555,5.207005
2018-12-07 21:45:00,5.15,4.04319,5.0223856,7.1275578,3.947292,7.2234554
2018-12-07 22:00:00,4.28,3.9840858,4.523098,9.552824,3.888188,9.648722
2018-12-07 22:15:00,4.0,4.1304317,5.080566,7.0931506,4.034534,7.1890483
2018-12-07 22:30:00,4.07,3.8752048,4.806771,6.313995,3.779307,6.4098926
2018-12-07 22:45:00,4.03,4.0151596,5.1084003,7.7658253,3.9192617,7.861723
2018-12-07 23:00:00,4.0,3.737261,5.2775455,5.388578,3.6413631,5.4844756
2018-12-07 23:15:00,3.96,3.683962,3.8793488,4.1471443,3.5880642,4.243042
2018-12-07 23:30:00,4.03,3.7078836,3.8730073,4.0033126,3.6119857,4.0992103
2018-12-07 23:45:00,4.0,3.714561,3.9494677,4.16615,3.618663,4.262048
2018-12-08 00:00:00,3.78,2.4686816,3.815027,6.8052144,2.3727837,6.901112
2018-12-08 00:15:00,4.0,3.5358255,3.799211,3.9457705,3.4399276,4.0416684
2018-12-08 00:30:00,3.96,3.5863028,3.9982488,4.298764,3.4904048,4.394662
2018-12-08 00:45:00,4.0,3.5702465,3.7965539,4.137526,3.4743485,4.2334237
2018-12-08 01:00:00,4.0,3.5791318,3.953451,4.168398,3.483234,4.2642956
2018-12-08 01:15:00,5.15,3.6783705,3.9294631,4.185159,3.5824726,4.281057
2018-12-08 01:30:00,4.79,3.9180884,4.4623537,4.4701734,3.8221905,4.566071
2018-12-08 01:45:00,3.96,3.679225,4.0057034,4.4961576,3.583327,4.5920553
2018-12-08 02:00:00,3.96,3.4915745,3.807056,3.915933,3.3956766,4.011831
2018-12-08 02:15:00,4.1,3.5702424,3.8823917,3.9991145,3.4743445,4.095012
2018-12-08 02:30:00,4.0,3.753666,4.0772495,4.313539,3.657768,4.4094367
2018-12-08 02:45:00,4.0,3.6459756,3.8998659,4.2599196,3.5500777,4.3558173
2018-12-08 03:00:00,4.0,3.688735,3.933646,4.280404,3.592837,4.376302
2018-12-08 03:15:00,3.96,3.711446,3.9249218,4.289704,3.6155481,4.3856015
2018-12-08 03:30:00,3.64,3.708298,3.7992895,4.068106,3.6124,4.164004
2018-12-08 03:45:00,3.38,3.382364,3.6500769,3.9713414,3.2864661,4.0672393
2018-12-08 04:00:00,3.31,3.1185596,3.3638992,3.579226,3.0226617,3.675124
2018-12-08 04:15:00,3.35,3.0377617,3.2794557,3.5579705,2.9418638,3.6538684
2018-12-08 04:30:00,3.35,3.145751,3.3795838,3.6956396,3.049853,3.7915375
2018-12-08 04:45:00,3.42,3.2115908,3.2163522,3.7131417,3.1156929,3.8090396
2018-12-08 05:00:00,3.49,3.2167606,3.4166932,3.636585,3.1208627,3.732483
2018-12-08 05:15:00,4.0,3.2077699,3.4411345,3.6905055,3.111872,3.7864034
2018-12-08 05:30:00,3.53,3.2890253,3.7679431,4.1686254,3.1931274,4.264523
2018-12-08 05:45:00,3.35,3.1420302,3.337626,3.6294942,3.0461323,3.725392
2018-12-08 06:00:00,3.38,2.996774,3.2785428,3.507271,2.900876,3.603169
2018-12-08 06:15:00,4.03,3.0389354,3.376497,3.5472407,2.9430375,3.6431386
2018-12-08 06:30:00,4.03,3.282298,3.7642653,4.1835175,3.1864002,4.279415
2018-12-08 06:45:00,4.0,3.3021379,3.7293332,4.1395903,3.20624,4.235488
2018-12-08 07:00:00,3.78,3.3177142,3.8040962,4.0994673,3.2218163,4.195365
2018-12-08 07:15:00,3.35,3.580258,3.7625232,4.0226793,3.48436,4.118577
2018-12-08 07:30:00,3.31,3.2329178,3.4317725,4.2059135,3.1370199,4.301811
2018-12-08 07:45:00,3.53,3.2109487,3.4317217,4.7233953,3.1150508,4.819293
2018-12-08 08:00:00,3.67,3.2431114,3.6475706,7.2375207,3.1472135,7.3334184
2018-12-08 08:15:00,29.23,3.5176897,23.015232,23.438059,3.4217918,23.533957
2018-12-08 08:30:00,38.16,34.823475,46.360195,52.01478,34.727577,52.110676
2018-12-08 08:45:00,33.08,32.44435,39.199787,51.483658,32.348454,51.579556
2018-12-08 09:00:00,51.52,29.54374,34.86844,45.015663,29.447842,45.11156
2018-12-08 09:15:00,47.77,36.19422,48.54449,62.360626,36.098324,62.456524
2018-12-08 09:30:00,42.05,34.224945,46.091457,59.846085,34.129047,59.941982
2018-12-08 09:45:00,32.4,33.718185,40.131153,49.253418,33.622288,49.349316
2018-12-08 10:00:00,31.43,27.908531,33.4928,43.043995,27.812634,43.139893
2018-12-08 10:15:00,31.57,29.429066,32.854458,43.670055,29.333168,43.765953
2018-12-08 10:30:00,31.43,30.162973,32.83357,42.198,30.067076,42.2939
2018-12-08 10:45:00,47.66,29.424444,32.861595,34.918556,29.328547,35.014454
2018-12-08 11:00:00,49.28,35.640217,45.282562,60.731884,35.54432,60.82778
2018-12-08 11:15:00,38.16,34.998272,45.138832,58.983906,34.902374,59.079803
2018-12-08 11:30:00,44.14,30.346285,36.910107,48.931973,30.250387,49.02787
2018-12-08 11:45:00,38.27,32.604435,39.457615,49.41266,32.508537,49.508556
2018-12-08 12:00:00,22.46,18.519072,30.118395,43.845135,18.423174,43.941032
2018-12-08 12:15:00,3.92,3.8930116,5.139085,18.382849,3.7971137,18.478746
2018-12-08 12:30:00,4.57,3.6670022,4.9100027,5.007378,3.5711043,5.103276
2018-12-08 12:45:00,5.36,4.008563,5.14762,5.820218,3.9126651,5.9161158
2018-12-08 13:00:00,6.08,4.5849977,7.828027,11.09063,4.4891,11.186527
2018-12-08 13:15:00,34.09,5.094482,11.8812275,19.150877,4.9985843,19.246775
2018-12-08 13:30:00,55.69,33.484863,44.002724,53.215996,33.388966,53.311893
2018-12-08 13:45:00,40.61,35.35993,49.463943,67.04583,35.26403,67.14173
2018-12-08 14:00:00,50.51,32.195396,39.616016,53.84795,32.0995,53.943848
2018-12-08 14:15:00,37.98,34.563526,45.92888,58.074566,34.46763,58.170464
2018-12-08 14:30:00,48.89,31.718786,37.2746,49.652588,31.622889,49.748486
2018-12-08 14:45:00,37.73,34.43548,45.32401,57.908817,34.33958,58.004715
2018-12-08 15:00:00,40.03,31.285269,36.769848,48.581528,31.189371,48.677425
2018-12-08 15:15:00,43.67,32.144596,38.55389,50.24094,32.0487,50.336838
2018-12-08 15:30:00,46.15,34.083447,40.536324,51.952446,33.98755,52.048344
2018-12-08 15:45:00,49.68,34.28336,44.47596,51.752106,34.18746,51.848003
2018-12-08 16:00:00,49.32,34.11239,46.001743,58.72398,34.01649,58.819878
2018-12-08 16:15:00,49.46,34.87391,45.97112,60.53345,34.77801,60.62935
2018-12-08 16:30:00,49.54,34.69967,45.666096,54.555244,34.60377,54.651142
2018-12-08 16:45:00,34.63,34.48338,45.63051,52.38594,34.38748,52.48184
2018-12-08 17:00:00,27.0,12.218825,30.43076,46.71867,12.122928,46.814568
2018-12-08 17:15:00,9.9,7.75426,21.17524,35.394623,7.6583624,35.49052
2018-12-08 17:30:00,5.22,3.7850747,7.508903,26.370968,3.6891768,26.466866
2018-12-08 17:45:00,5.29,4.181863,6.710664,12.799808,4.085965,12.895705
2018-12-08 18:00:00,5.22,4.7495246,8.388609,8.81546,4.653627,8.911358
2018-12-08 18:15:00,5.18,4.170794,9.936391,11.412689,4.0748963,11.508587
2018-12-08 18:30:00,5.15,4.284015,6.5025735,8.498094,4.1881175,8.593991
2018-12-08 18:45:00,5.33,4.1880407,5.203515,6.3088064,4.092143,6.404704
2018-12-08 19:00:00,5.15,4.4211493,5.0005336,8.1953745,4.3252516,8.291272
2018-12-08 19:15:00,4.1,4.261144,5.3515043,6.4997897,4.1652465,6.5956874
2018-12-08 19:30:00,4.14,3.8632455,4.8279448,6.002708,3.7673476,6.0986056
2018-12-08 19:45:00,4.1,3.953636,5.062106,7.1437373,3.857738,7.239635
2018-12-08 20:00:00,4.14,3.9008555,4.96724,6.210144,3.8049576,6.3060417
2018-12-08 20:15:00,4.1,3.8182528,4.3354063,4.619844,3.722355,4.7157416
2018-12-08 20:30:00,4.03,3.8472457,4.3072057,6.330824,3.7513478,6.4267216
2018-12-08 20:45:00,4.14,3.7624893,3.9843628,4.111273,3.6665914,4.2071705
2018-12-08 21:00:00,4.1,3.8849294,4.1686964,4.5243106,3.7890315,4.6202083
2018-12-08 21:15:00,4.14,3.8207512,4.102533,4.3109465,3.7248533,4.406844
2018-12-08 21:30:00,4.1,3.8121588,4.105741,4.3534837,3.716261,4.4493814
2018-12-08 21:45:00,4.14,3.8198235,4.0938582,4.3157244,3.7239256,4.411622
2018-12-08 22:00:00,4.1,3.815976,4.1183186,4.278573,3.720078,4.3744707
2018-12-08 22:15:00,3.82,3.8572617,4.2148204,7.131698,3.7613637,7.227596
2018-12-08 22:30:00,3.89,3.5878973,3.8571408,8.712549,3.4919994,8.808447
2018-12-08 22:45:00,5.0,3.7201152,3.934318,6.8912926,3.6242173,6.9871902
2018-12-08 23:00:00,4.75,4.191353,5.554238,7.0526295,4.095455,7.148527
2018-12-08 23:15:00,3.82,3.7375488,3.7952514,4.3371377,3.641651,4.4330354
2018-12-08 23:30:00,3.71,3.4618516,3.5969772,3.8678694,3.3659537,3.9637673
2018-12-08 23:45:00,3.82,3.5221639,3.5671694,3.772343,3.426266,3.8682408
2018-12-09 00:00:00,3.17,2.6499622,3.7584088,6.8272963,2.5540643,6.923194
2018-12-09 00:15:00,3.74,3.1176233,3.3212552,3.6581743,3.0217254,3.7540722
2018-12-09 00:30:00,3.74,3.2841446,3.6538453,3.8266861,3.1882467,3.922584
2018-12-09 00:45:00,3.82,3.332265,3.641768,3.851928,3.236367,3.947826
2018-12-09 01:00:00,3.85,3.3574402,3.6230094,3.8863788,3.2615423,3.9822767
2018-12-09 01:15:00,3.78,3.637258,3.760596,4.1276083,3.5413601,4.223506
2018-12-09 01:30:00,3.82,3.5540736,3.7389483,3.9057312,3.4581757,4.001629
2018-12-09 01:45:00,3.78,3.6082952,3.8090367,3.9772666,3.5123973,4.0731645
2018-12-09 02:00:00,3.78,3.5375636,3.7090757,3.8772318,3.4416656,3.9731297
2018-12-09 02:15:00,3.17,3.6175795,3.7665381,3.8746538,3.5216815,3.9705517
2018-12-09 02:30:00,3.13,3.152653,3.1577573,3.5058331,3.056755,3.601731
2018-12-09 02:45:00,3.35,3.0961797,3.142018,3.3419628,3.0002818,3.4378607
2018-12-09 03:00:00,3.67,3.1289864,3.3081927,3.4862845,3.0330884,3.5821824
2018-12-09 03:15:00,3.02,3.2426631,3.5193892,3.6989307,3.1467652,3.7948287
2018-12-09 03:30:00,3.13,3.0089247,3.0375066,3.1913965,2.9130268,3.2872944
2018-12-09 03:45:00,3.06,2.9880207,3.107292,3.2703538,2.8921227,3.3662517
2018-12-09 04:00:00,3.06,3.0003726,3.017729,3.1468248,2.9044747,3.2427227
2018-12-09 04:15:00,3.06,2.9969242,3.0456357,3.3940601,2.9010262,3.489958
2018-12-09 04:30:00,3.2,3.0316272,3.0492725,3.4368217,2.9357293,3.5327196
2018-12-09 04:45:00,3.78,3.0782342,3.3209,3.7532532,2.9823363,3.8491511
2018-12-09 05:00:00,3.78,3.1584923,3.4556983,3.7127953,3.0625944,3.8086932
2018-12-09 05:15:00,3.74,3.1861286,3.4511244,3.6835594,3.0902307,3.7794573
2018-12-09 05:30:00,3.74,3.2105968,3.5309267,3.755778,3.114699,3.851676
2018-12-09 05:45:00,3.13,3.438849,3.648297,3.9096735,3.342951,4.0055714
2018-12-09 06:00:00,3.74,3.0227108,3.0785494,3.2676077,2.926813,3.3635056
2018-12-09 06:15:00,3.56,3.225757,3.4789684,3.7546105,3.129859,3.8505085
2018-12-09 06:30:00,3.1,3.1944184,3.4015996,3.5938914,3.0985205,3.6897893
2018-12-09 06:45:00,2.95,3.015557,3.0206416,3.1669888,2.9196591,3.2628868
2018-12-09 07:00:00,3.06,2.9489372,2.9717972,3.0929558,2.8530393,3.1888537
2018-12-09 07:15:00,3.02,2.9729996,3.0370333,3.2372174,2.8771017,3.3331153
2018-12-09 07:30:00,2.95,2.9957829,3.0581543,3.911004,2.899885,4.0069017
2018-12-09 07:45:00,3.02,2.920462,3.0361204,4.3365126,2.824564,4.4324102
2018-12-09 08:00:00,2.99,2.985166,3.0602517,6.2469234,2.8892682,6.342821
2018-12-09 08:15:00,3.13,2.9996016,4.0865088,18.20421,2.9037037,18.300108
2018-12-09 08:30:00,3.74,3.0859842,3.6454616,7.3262525,2.9900863,7.42215
2018-12-09 08:45:00,3.82,3.2107751,4.7082133,5.0382276,3.1148772,5.134125
2018-12-09 09:00:00,3.96,3.204871,4.255289,4.697241,3.108973,4.7931385
2018-12-09 09:15:00,4.03,3.3753624,3.598306,4.6837635,3.2794645,4.779661
2018-12-09 09:30:00,3.35,3.5912998,3.9282448,8.382834,3.4954019,8.478732
2018-12-09 09:45:00,3.31,3.05662,3.1522784,3.1812923,2.960722,3.2771902
2018-12-09 10:00:00,3.89,3.2010639,3.422906,3.5937512,3.105166,3.689649
2018-12-09 10:15:00,4.03,3.403947,3.4725347,3.5464456,3.3080492,3.6423435
2018-12-09 10:30:00,3.31,3.394323,3.475013,3.6458972,3.2984252,3.741795
2018-12-09 10:45:00,3.35,3.1138356,3.1602547,4.860619,3.0179377,4.9565167
2018-12-09 11:00:00,3.42,3.153177,3.2005172,4.69049,3.057279,4.7863874
2018-12-09 11:15:00,3.35,2.976623,3.2804277,4.5222235,2.8807251,4.618121
2018-12-09 11:30:00,3.31,3.0744858,3.255269,4.6133823,2.9785879,4.70928
2018-12-09 11:45:00,3.38,3.1424015,3.3072963,4.4287663,3.0465035,4.524664
2018-12-09 12:00:00,3.89,2.8989882,3.0452478,3.7948272,2.8030903,3.8907251
2018-12-09 12:15:00,4.18,3.210575,3.3072531,3.6481664,3.1146772,3.7440643
2018-12-09 12:30:00,4.1,3.2861037,3.8656793,3.8837228,3.1902058,3.9796207
2018-12-09 12:45:00,4.1,3.3910139,3.8540795,3.9762146,3.295116,4.0721126
2018-12-09 13:00:00,3.6,3.6946635,4.057671,4.1144557,3.5987656,4.2103534
2018-12-09 13:15:00,3.42,3.381798,3.8386123,5.503277,3.2859,5.5991745
2018-12-09 13:30:00,3.42,3.154833,3.3436863,4.6365366,3.0589352,4.7324343
2018-12-09 13:45:00,3.35,3.118652,3.2078516,4.486404,3.0227542,4.5823016
2018-12-09 14:00:00,3.92,3.1949043,3.2867086,4.0573473,3.0990064,4.153245
2018-12-09 14:15:00,3.78,3.3406541,3.503402,4.5276504,3.2447562,4.623548
2018-12-09 14:30:00,3.42,3.26305,3.401676,4.679723,3.1671522,4.7756205
2018-12-09 14:45:00,3.38,3.1145685,3.2093713,4.1404343,3.0186706,4.236332
2018-12-09 15:00:00,3.46,3.124808,3.2285302,4.1608853,3.0289102,4.256783
2018-12-09 15:15:00,3.42,3.1172645,3.403396,4.589115,3.0213666,4.685013
2018-12-09 15:30:00,3.53,3.172362,3.4501708,4.36446,3.0764642,4.4603577
2018-12-09 15:45:00,4.07,3.2277572,3.5243475,4.619159,3.1318593,4.715057
2018-12-09 16:00:00,4.03,3.3684137,3.6608481,3.9460146,3.2725158,4.0419126
2018-12-09 16:15:00,4.14,3.3311918,3.6497276,4.939716,3.2352939,5.0356135
2018-12-09 16:30:00,4.0,3.266164,3.9799116,5.2082543,3.1702662,5.304152
2018-12-09 16:45:00,3.31,3.4599664,3.9769511,5.2024975,3.3640685,5.298395
2018-12-09 17:00:00,3.35,3.1136785,3.3594937,3.7403257,3.0177805,3.8362236
2018-12-09 17:15:00,3.49,3.0010488,3.1196675,3.372944,2.905151,3.468842
2018-12-09 17:30:00,4.1,3.083637,3.4250572,3.5588627,2.987739,3.6547606
2018-12-09 17:45:00,3.64,3.3092527,3.7420375,3.9942942,3.2133548,4.090192
2018-12-09 18:00:00,3.24,3.3828135,3.5241094,3.611345,3.2869155,3.707243
2018-12-09 18:15:00,3.28,3.0588262,3.3471496,3.3729231,2.9629283,3.468821
2018-12-09 18:30:00,3.31,3.0543642,3.366823,3.4664407,2.9584663,3.5623386
2018-12-09 18:45:00,3.42,3.0665257,3.400262,3.5199864,2.9706278,3.6158843
2018-12-09 19:00:00,3.64,3.1639452,3.4571817,3.6380975,3.0680473,3.7339954
2018-12-09 19:15:00,4.07,3.1740577,3.6177979,3.8843668,3.0781598,3.9802647
2018-12-09 19:30:00,4.03,3.3422127,3.8447464,4.1552157,3.2463148,4.2511134
2018-12-09 19:45:00,4.03,3.2987103,3.7873492,4.209078,3.2028124,4.3049755
2018-12-09 20:00:00,4.0,3.306233,3.8858254,4.3987,3.210335,4.494598
2018-12-09 20:15:00,3.31,3.5181808,3.938459,4.4311824,3.422283,4.52708
2018-12-09 20:30:00,3.31,3.0942388,3.3524983,3.602085,2.9983408,3.697983
2018-12-09 20:45:00,3.35,3.112406,3.2878897,3.5353413,3.016508,3.6312392
2018-12-09 21:00:00,3.35,3.0811331,3.2583468,3.49616,2.9852352,3.592058
2018-12-09 21:15:00,3.67,3.1980987,3.2562547,3.6492653,3.1022007,3.7451632
2018-12-09 21:30:00,4.14,3.2431552,3.4831345,3.842788,3.1472573,3.938686
2018-12-09 21:45:00,3.38,3.3440688,3.763182,4.19841,3.2481709,4.2943077
2018-12-09 22:00:00,3.28,3.0474162,3.2967024,3.4419045,2.9515183,3.5378025
2018-12-09 22:15:00,3.13,3.0602522,3.2068098,3.492624,2.9643543,3.588522
2018-12-09 22:30:00,3.17,2.9777386,2.9911027,3.2612257,2.8818407,3.3571236
2018-12-09 22:45:00,3.78,3.0803819,3.1520476,3.4696405,2.984484,3.5655384
2018-12-09 23:00:00,3.78,3.1550512,3.344519,3.6192973,3.0591533,3.7151952
2018-12-09 23:15:00,3.74,3.151405,3.3631084,3.5919778,3.0555072,3.6878757
2018-12-09 23:30:00,3.74,3.185847,3.4980178,3.6418707,3.0899491,3.7377687
2018-12-09 23:45:00,3.46,3.39444,3.5687177,3.8017468,3.298542,3.8976448
2018-12-10 00:00:00,5.36,3.1231322,3.7133706,6.2977514,3.0272343,6.393649
2018-12-10 00:15:00,3.06,3.3116682,4.157375,7.800935,3.2157702,7.8968325
2018-12-10 00:30:00,3.02,2.9082808,2.9192111,4.478588,2.812383,4.574486
2018-12-10 00:45:00,3.31,2.9940767,3.0659478,5.273966,2.8981788,5.3698635
2018-12-10 01:00:00,3.85,3.0370064,3.1300879,5.6207895,2.9411085,5.716687
2018-12-10 01:15:00,3.42,3.194196,3.3256626,3.892288,3.098298,3.988186
2018-12-10 01:30:00,3.1,2.9920382,3.1798396,3.5005221,2.8961403,3.59642
2018-12-10 01:45:00,3.1,2.9888551,3.0890288,3.2628913,2.8929572,3.3587892
2018-12-10 02:00:00,3.17,3.0372016,3.0814037,3.2653081,2.9413037,3.361206
2018-12-10 02:15:00,3.31,3.0452464,3.2114906,3.5518203,2.9493484,3.6477182
2018-12-10 02:30:00,3.82,3.1066537,3.3041341,3.7130358,3.0107558,3.8089337
2018-12-10 02:45:00,3.78,3.1545029,3.3430216,3.8661003,3.058605,3.9619982
2018-12-10 03:00:00,3.82,3.210378,3.5258236,3.7307463,3.11448,3.8266442
2018-12-10 03:15:00,3.74,3.2360165,3.5579934,3.9722402,3.1401186,4.068138
2018-12-10 03:30:00,3.1,3.3597994,3.629785,3.8716924,3.2639015,3.9675903
2018-12-10 03:45:00,3.2,3.0363183,3.097482,3.3102713,2.9404204,3.4061692
2018-12-10 04:00:00,3.1,3.0117698,3.2101736,3.4496727,2.9158719,3.5455706
2018-12-10 04:15:00,3.13,2.9906955,3.0798314,3.2916298,2.8947976,3.3875277
2018-12-10 04:30:00,3.17,3.0759473,3.1340108,3.428523,2.9800494,3.524421
2018-12-10 04:45:00,3.49,3.1166773,3.186037,3.5200756,3.0207794,3.6159735
2018-12-10 05:00:00,3.74,3.0906262,3.3984957,3.604813,2.9947283,3.700711
2018-12-10 05:15:00,3.13,3.1400218,3.38408,3.6687653,3.044124,3.7646632
2018-12-10 05:30:00,3.1,2.9951816,3.0738516,3.2577174,2.8992836,3.3536153
2018-12-10 05:45:00,3.82,3.006649,3.0777416,3.2729657,2.910751,3.3688636
2018-12-10 06:00:00,3.82,3.162929,3.3822708,3.8059404,3.0670311,3.9018383
2018-12-10 06:15:00,3.85,3.1243727,3.3312905,3.7574077,3.0284748,3.8533056
2018-12-10 06:30:00,3.82,3.259787,3.3645608,3.8572996,3.1638892,3.9531975
2018-12-10 06:45:00,3.46,3.4603996,3.6312668,4.108029,3.3645017,4.2039266
2018-12-10 07:00:00,3.06,3.1814175,3.4640636,3.665241,3.0855196,3.761139
2018-12-10 07:15:00,3.13,3.0496943,3.106188,3.3084493,2.9537964,3.4043472
2018-12-10 07:30:00,3.56,3.116825,3.3896403,3.7794259,3.0209272,3.8753238
2018-12-10 07:45:00,5.87,3.3363461,3.9095058,4.3663044,3.2404482,4.462202
2018-12-10 08:00:00,6.8,4.6145244,7.227388,16.561058,4.5186267,16.656956
2018-12-10 08:15:00,33.48,8.070381,35.06873,49.574432,7.9744835,49.67033
2018-12-10 08:30:00,61.06,41.29864,54.93017,78.3208,41.202744,78.4167
2018-12-10 08:45:00,58.36,47.527805,59.41511,75.826935,47.431908,75.92284
2018-12-10 09:00:00,68.62,50.00699,58.888714,71.24016,49.91109,71.33606
2018-12-10 09:15:00,69.23,53.55516,60.49549,77.88943,53.459263,77.98533
2018-12-10 09:30:00,70.78,53.29206,63.896015,76.45442,53.196163,76.55032
2018-12-10 09:45:00,61.74,54.366993,64.863945,77.12126,54.271095,77.21716
2018-12-10 10:00:00,72.0,51.71426,61.822582,74.17659,51.618362,74.27249
2018-12-10 10:15:00,56.2,52.173733,62.310387,80.136055,52.077835,80.23196
2018-12-10 10:30:00,56.02,50.633865,59.34166,71.58297,50.537968,71.67887
2018-12-10 10:45:00,63.9,50.23819,58.41816,70.83399,50.142292,70.92989
2018-12-10 11:00:00,68.47,52.62507,60.667862,74.85565,52.52917,74.95155
2018-12-10 11:15:00,61.56,54.260525,61.37956,79.55934,54.164627,79.65524
2018-12-10 11:30:00,70.31,53.439594,62.94195,70.54813,53.343697,70.64403
2018-12-10 11:45:00,62.42,52.693115,60.216183,76.91457,52.597218,77.010475
2018-12-10 12:00:00,44.75,47.75402,57.976406,64.80535,47.658123,64.90125
2018-12-10 12:15:00,9.11,4.932927,6.4320755,24.34641,4.8370295,24.442308
2018-12-10 12:30:00,10.33,4.7714124,6.209731,9.167919,4.6755147,9.263817
2018-12-10 12:45:00,11.45,6.999643,8.878993,10.86171,6.903745,10.957607
2018-12-10 13:00:00,11.09,6.9099326,8.8546505,13.808643,6.814035,13.904541
2018-12-10 13:15:00,42.66,11.269319,36.281746,42.539318,11.173421,42.635216
2018-12-10 13:30:00,72.9,44.126015,58.39041,70.72639,44.030117,70.82229
2018-12-10 13:45:00,71.03,52.16143,61.384205,85.66679,52.065533,85.76269
2018-12-10 14:00:00,67.32,54.035633,64.39194,82.55566,53.939735,82.65156
2018-12-10 14:15:00,64.22,54.01671,64.92549,82.29011,53.92081,82.38601
2018-12-10 14:30:00,69.91,52.4495,61.84076,77.03451,52.353603,77.13041
2018-12-10 14:45:00,51.23,54.950047,62.899593,79.93259,54.85415,80.02849
2018-12-10 15:00:00,58.39,49.833942,57.391487,72.10812,49.738045,72.204025
2018-12-10 15:15:00,69.62,48.556107,57.02988,70.32911,48.46021,70.42501
2018-12-10 15:30:00,66.71,52.995125,60.361897,76.59383,52.899227,76.68973
2018-12-10 15:45:00,65.99,53.03313,63.107647,73.69835,52.937233,73.79425
2018-12-10 16:00:00,64.98,52.704758,61.686592,74.254326,52.60886,74.35023
2018-12-10 16:15:00,64.55,53.0294,61.428642,74.32213,52.933502,74.41803
2018-12-10 16:30:00,63.72,52.24025,60.96521,70.41694,52.144352,70.51284
2018-12-10 16:45:00,66.53,52.802498,61.36416,70.92646,52.7066,71.02236
2018-12-10 17:00:00,62.57,52.540386,59.848087,71.50912,52.44449,71.60502
2018-12-10 17:15:00,63.72,48.6498,59.344677,66.09067,48.5539,66.18657
2018-12-10 17:30:00,58.64,48.407734,57.711735,67.724396,48.311836,67.8203
2018-12-10 17:45:00,60.12,29.973112,36.108887,54.275887,29.877214,54.371784
2018-12-10 18:00:00,24.73,29.216791,39.519066,53.1259,29.120893,53.221798
2018-12-10 18:15:00,5.47,8.131804,24.762665,35.834553,8.035907,35.93045
2018-12-10 18:30:00,4.5,3.35618,7.578707,23.182081,3.260282,23.277979
2018-12-10 18:45:00,4.46,4.057679,7.719177,21.706375,3.9617813,21.802273
2018-12-10 19:00:00,4.46,4.0885205,9.238511,17.53299,3.9926226,17.628887
2018-12-10 19:15:00,4.75,4.1908164,9.1113825,15.741512,4.0949187,15.83741
2018-12-10 19:30:00,5.69,4.221104,6.9356904,13.056016,4.1252065,13.151914
2018-12-10 19:45:00,5.62,4.6604977,7.450904,15.824913,4.5646,15.920811
2018-12-10 20:00:00,4.46,4.583019,5.6263313,12.704845,4.487121,12.800743
2018-12-10 20:15:00,4.46,3.6600118,4.2260084,7.08976,3.5641139,7.1856575
2018-12-10 20:30:00,4.5,3.9200032,4.1789603,8.306989,3.8241053,8.402886
2018-12-10 20:45:00,4.43,3.8017375,4.034169,8.177384,3.7058396,8.273282
2018-12-10 21:00:00,4.46,3.9182112,4.3664374,8.697095,3.8223133,8.792993
2018-12-10 21:15:00,4.5,3.8867466,4.3898563,4.7239575,3.7908487,4.819855
2018-12-10 21:30:00,4.57,3.874107,4.4189672,4.5133677,3.778209,4.6092653
2018-12-10 21:45:00,4.54,3.9355853,4.3441906,4.6124563,3.8396873,4.708354
2018-12-10 22:00:00,4.46,3.9331646,4.3309913,4.4291377,3.8372667,4.5250354
2018-12-10 22:15:00,4.28,4.017627,4.425556,9.4583435,3.9217288,9.554241
2018-12-10 22:30:00,4.25,3.894951,4.4927197,9.431265,3.7990532,9.527163
2018-12-10 22:45:00,4.32,3.8065102,5.717561,7.215643,3.7106123,7.3115406
2018-12-10 23:00:00,4.18,3.9427335,5.4831777,7.1738844,3.8468356,7.269782
2018-12-10 23:15:00,4.18,3.858871,4.1751328,4.1947627,3.762973,4.2906604
2018-12-10 23:30:00,4.21,3.8536184,4.174878,4.196077,3.7577205,4.2919745
2018-12-10 23:45:00,4.28,3.8700838,4.1991973,4.2494726,3.774186,4.3453703
2018-12-11 00:00:00,4.18,3.4830012,4.1328707,6.8340187,3.3871033,6.9299164
2018-12-11 00:15:00,4.86,3.8356807,4.2176886,4.2649884,3.7397828,4.360886
2018-12-11 00:30:00,4.21,3.7095685,4.3734994,4.5728455,3.6136706,4.668743
2018-12-11 00:45:00,4.18,3.6521323,4.1192613,4.257755,3.5562344,4.3536525
2018-12-11 01:00:00,4.21,3.6535013,4.149432,4.2470098,3.5576034,4.3429074
2018-12-11 01:15:00,4.32,3.6717565,4.149556,4.2808046,3.5758586,4.3767023
2018-12-11 01:30:00,4.25,3.849465,4.2269654,4.4581804,3.753567,4.554078
2018-12-11 01:45:00,4.18,3.835603,4.270969,4.4768624,3.739705,4.57276
2018-12-11 02:00:00,4.21,3.8092122,4.1622314,4.2756476,3.7133143,4.3715453
2018-12-11 02:15:00,4.28,3.859886,4.175119,4.353962,3.763988,4.4498596
2018-12-11 02:30:00,4.25,3.8580694,4.2196765,4.4317446,3.7621715,4.5276423
2018-12-11 02:45:00,4.21,3.8389645,4.261355,4.4411025,3.7430665,4.537
2018-12-11 03:00:00,3.56,3.8419914,4.202845,4.293872,3.7460935,4.3897696
2018-12-11 03:15:00,3.56,3.2652586,3.5741558,3.6749058,3.1693606,3.7708037
2018-12-11 03:30:00,3.53,3.2514129,3.5450373,3.667757,3.155515,3.763655
2018-12-11 03:45:00,3.53,3.1411824,3.4903316,3.6095,3.0452845,3.7053978
2018-12-11 04:00:00,3.85,3.2075953,3.5089972,3.6971765,3.1116974,3.7930744
2018-12-11 04:15:00,4.18,3.2583182,3.7003195,4.000194,3.1624203,4.0960917
2018-12-11 04:30:00,3.49,3.3403225,3.972617,4.373805,3.2444246,4.4697027
2018-12-11 04:45:00,3.56,3.096873,3.4586554,3.5569715,3.0009751,3.6528695
2018-12-11 05:00:00,3.56,3.2503831,3.5429666,3.670365,3.1544852,3.766263
2018-12-11 05:15:00,3.74,3.21106,3.5133724,3.6845648,3.1151621,3.7804627
2018-12-11 05:30:00,4.18,3.3239248,3.7046666,4.026924,3.2280269,4.122822
2018-12-11 05:45:00,4.25,3.3850513,3.998498,4.4050255,3.2891533,4.500923
2018-12-11 06:00:00,4.28,3.2583637,3.9288359,4.4329042,3.1624658,4.528802
2018-12-11 06:15:00,3.56,3.4501178,4.168115,4.6052623,3.35422,4.70116
2018-12-11 06:30:00,3.53,3.2800014,3.5176156,3.689778,3.1841035,3.785676
2018-12-11 06:45:00,3.6,3.1831226,3.55176,3.713618,3.0872247,3.809516
2018-12-11 07:00:00,3.49,3.2824578,3.6040463,3.7163363,3.18656,3.8122342
2018-12-11 07:15:00,4.1,3.2678943,3.5265906,3.7194607,3.1719964,3.8153586
2018-12-11 07:30:00,4.07,3.4897945,4.3479133,5.051525,3.3938966,5.147423
2018-12-11 07:45:00,4.86,3.7351422,4.285632,5.18274,3.6392443,5.278638
2018-12-11 08:00:00,14.83,4.121265,6.4450555,8.173348,4.0253673,8.269246
2018-12-11 08:15:00,44.21,11.689583,37.099594,47.767544,11.593685,47.86344
2018-12-11 08:30:00,54.04,44.831074,56.907322,81.692986,44.735176,81.78889
2018-12-11 08:45:00,61.74,46.793606,58.42273,70.59602,46.69771,70.691925
2018-12-11 09:00:00,69.48,50.963207,62.24207,73.70079,50.86731,73.79669
2018-12-11 09:15:00,75.38,55.217827,61.30854,74.724724,55.12193,74.820625
2018-12-11 09:30:00,71.82,58.861904,67.25277,82.820335,58.766006,82.91624
2018-12-11 09:45:00,71.24,57.316273,67.77187,81.25476,57.220375,81.35066
2018-12-11 10:00:00,54.86,56.363956,65.37146,85.88437,56.26806,85.98027
2018-12-11 10:15:00,66.13,47.317028,58.56932,75.94459,47.22113,76.04049
2018-12-11 10:30:00,73.08,52.341595,61.9209,78.73497,52.245697,78.83087
2018-12-11 10:45:00,77.51,57.338917,65.513275,82.428,57.24302,82.5239
2018-12-11 11:00:00,72.54,57.25951,75.13909,93.20254,57.163612,93.29844
2018-12-11 11:15:00,63.83,56.601994,71.809326,90.328476,56.506096,90.42438
2018-12-11 11:30:00,67.07,54.21012,65.95655,80.238815,54.114223,80.33472
2018-12-11 11:45:00,84.24,52.664112,65.49866,78.09351,52.568214,78.189415
2018-12-11 12:00:00,72.79,54.99623,80.13026,94.29066,54.900333,94.38656
2018-12-11 12:15:00,7.96,7.7810316,12.707483,52.821064,7.685134,52.91696
2018-12-11 12:30:00,5.8,5.710564,6.2786584,10.073539,5.6146665,10.169436
2018-12-11 12:45:00,6.98,5.703444,6.6183167,7.16613,5.6075463,7.2620277
2018-12-11 13:00:00,6.95,6.67182,8.230897,10.03472,6.5759225,10.130618
2018-12-11 13:15:00,38.45,10.41775,34.449337,36.88518,10.321853,36.98108
2018-12-11 13:30:00,59.36,43.988384,58.61568,73.29688,43.892487,73.392784
2018-12-11 13:45:00,66.02,48.342026,62.54067,77.28691,48.246128,77.38281
2018-12-11 14:00:00,80.28,53.318848,64.975174,82.4148,53.22295,82.510704
2018-12-11 14:15:00,75.53,59.474106,79.03241,98.04889,59.37821,98.14479
2018-12-11 14:30:00,72.0,58.37265,70.553665,93.558,58.276752,93.6539
2018-12-11 14:45:00,72.61,55.790512,67.38107,91.8013,55.694614,91.8972
2018-12-11 15:00:00,78.55,57.927547,70.17234,93.403244,57.83165,93.499146
2018-12-11 15:15:00,73.98,60.353348,76.92028,95.14291,60.25745,95.23881
2018-12-11 15:30:00,76.79,58.094376,71.58805,92.89571,57.998478,92.991615
2018-12-11 15:45:00,80.46,58.95128,71.89303,92.78087,58.85538,92.87677
2018-12-11 16:00:00,68.11,59.63945,77.8049,96.39429,59.543552,96.49019
2018-12-11 16:15:00,71.68,55.428356,67.9499,92.81756,55.33246,92.91346
2018-12-11 16:30:00,69.8,53.46067,67.89141,94.14282,53.364773,94.23872
2018-12-11 16:45:00,75.46,54.45753,67.19422,90.429214,54.361633,90.525116
2018-12-11 17:00:00,70.27,56.485386,69.19949,89.07246,56.38949,89.16836
2018-12-11 17:15:00,78.48,51.980457,66.68072,87.90764,51.88456,88.00354
2018-12-11 17:30:00,66.78,55.26596,76.27245,95.12591,55.170063,95.22181
2018-12-11 17:45:00,32.11,34.24837,47.555237,75.27336,34.152473,75.36926
2018-12-11 18:00:00,31.25,28.831236,32.97985,36.516884,28.735338,36.61278
2018-12-11 18:15:00,36.4,30.379953,45.1605,55.711117,30.284056,55.807014
2018-12-11 18:30:00,39.56,34.66446,48.47107,62.13746,34.56856,62.233356
2018-12-11 18:45:00,51.44,33.32632,40.77884,50.37803,33.230423,50.473927
2018-12-11 19:00:00,51.52,40.7296,51.200714,61.03015,40.6337,61.12605
2018-12-11 19:15:00,53.57,41.14776,52.02557,62.843964,41.05186,62.93986
2018-12-11 19:30:00,52.81,39.673985,48.259304,58.118385,39.578087,58.214283
2018-12-11 19:45:00,52.38,40.094055,52.532806,61.406994,39.998158,61.50289
2018-12-11 20:00:00,53.21,38.876663,49.871853,59.919323,38.780766,60.01522
2018-12-11 20:15:00,51.91,42.06714,52.225574,64.36685,41.97124,64.46275
2018-12-11 20:30:00,53.46,32.7893,41.254982,59.129383,32.6934,59.22528
2018-12-11 20:45:00,32.36,25.341,36.330627,56.986572,25.245102,57.08247
2018-12-11 21:00:00,28.37,10.343745,15.740211,29.570843,10.247848,29.66674
2018-12-11 21:15:00,6.77,9.020507,11.068526,25.315903,8.924609,25.4118
2018-12-11 21:30:00,5.69,3.8301024,6.8577046,11.055051,3.7342045,11.150949
2018-12-11 21:45:00,5.8,4.0173793,4.7861056,6.8440514,3.9214814,6.939949
2018-12-11 22:00:00,5.69,4.155069,7.1537333,8.102764,4.059171,8.198662
2018-12-11 22:15:00,5.47,4.340912,6.5899897,6.9162807,4.245014,7.0121784
2018-12-11 22:30:00,5.44,4.2844577,6.6691537,6.8967175,4.18856,6.992615
2018-12-11 22:45:00,4.97,4.1154413,6.463617,7.00984,4.0195436,7.1057377
2018-12-11 23:00:00,4.36,4.201577,5.5153723,6.5035005,4.1056795,6.599398
2018-12-11 23:15:00,4.25,3.7900386,4.125709,5.993468,3.6941407,6.0893655
2018-12-11 23:30:00,4.21,3.7847862,4.1330533,6.0401826,3.6888883,6.1360803
2018-12-11 23:45:00,4.14,3.8279204,4.093254,6.1017675,3.7320225,6.197665
2018-12-12 00:00:00,4.21,2.968543,6.3310056,6.9152923,2.8726451,7.01119
2018-12-12 00:15:00,4.21,4.0285783,4.2661643,6.0296545,3.9326804,6.125552
2018-12-12 00:30:00,4.14,4.0215693,4.309528,6.0699506,3.9256713,6.1658483
2018-12-12 00:45:00,4.14,4.033121,4.304325,6.0297556,3.9372232,6.1256533
2018-12-12 01:00:00,4.14,4.0250325,4.255428,6.0292745,3.9291346,6.125172
2018-12-12 01:15:00,4.21,3.832346,4.237511,5.995385,3.736448,6.091283
2018-12-12 01:30:00,4.18,3.8373148,4.2394085,6.061132,3.741417,6.1570296
2018-12-12 01:45:00,4.75,3.7972813,4.308323,5.994014,3.7013834,6.0899115
2018-12-12 02:00:00,5.33,3.8371243,4.4636292,6.1944337,3.7412264,6.2903314
2018-12-12 02:15:00,4.25,3.8510308,5.817442,6.4155016,3.755133,6.5113993
2018-12-12 02:30:00,4.25,3.705143,4.4134493,5.809068,3.609245,5.904966
2018-12-12 02:45:00,4.18,3.8329158,4.4561005,6.0651693,3.7370179,6.161067
2018-12-12 03:00:00,4.21,3.7619076,4.3397055,6.0025554,3.6660097,6.098453
2018-12-12 03:15:00,4.18,3.990574,4.4451013,6.1099486,3.894676,6.2058463
2018-12-12 03:30:00,4.18,3.8730254,4.400507,5.9740415,3.7771275,6.069939
2018-12-12 03:45:00,4.25,3.9069571,4.4215727,5.952011,3.8110592,6.047909
2018-12-12 04:00:00,4.18,3.8422153,4.5265756,6.0156584,3.7463174,6.111556
2018-12-12 04:15:00,4.03,3.8471107,4.356629,5.9628453,3.7512128,6.058743
2018-12-12 04:30:00,3.46,3.581236,4.3714137,5.858181,3.485338,5.9540787
2018-12-12 04:45:00,3.46,3.2508664,3.6864586,5.355449,3.1549685,5.451347
2018-12-12 05:00:00,3.53,3.240647,3.6398203,5.348315,3.1447492,5.4442124
2018-12-12 05:15:00,3.46,3.2240136,3.667238,5.369868,3.1281157,5.4657655
2018-12-12 05:30:00,3.49,3.302651,3.703734,5.349907,3.206753,5.4458046
2018-12-12 05:45:00,4.0,3.7507553,3.8318594,5.3307066,3.6548574,5.4266043
2018-12-12 06:00:00,4.25,3.4006627,4.3303714,5.693622,3.3047647,5.78952
2018-12-12 06:15:00,3.85,4.0235915,4.4486966,5.793079,3.9276936,5.8889766
2018-12-12 06:30:00,3.42,3.3763483,4.135411,5.5407763,3.2804503,5.636674
2018-12-12 06:45:00,3.42,3.1981828,3.789035,5.3873115,3.102285,5.483209
2018-12-12 07:00:00,3.96,3.1500673,3.6849813,5.3725214,3.0541694,5.468419
2018-12-12 07:15:00,4.1,3.2941897,4.086003,5.6605077,3.1982918,5.7564054
2018-12-12 07:30:00,4.32,3.4293246,5.054328,6.1582026,3.3334267,6.2541003
2018-12-12 07:45:00,5.83,3.7369058,5.7445674,6.4948235,3.641008,6.590721
2018-12-12 08:00:00,5.8,4.792866,7.083993,11.75588,4.6969686,11.851778
2018-12-12 08:15:00,36.86,4.984944,31.57508,42.2797,4.889046,42.3756
2018-12-12 08:30:00,60.37,45.089153,63.089397,78.812,44.993256,78.9079
2018-12-12 08:45:00,66.46,49.20417,62.691624,79.09026,49.108273,79.186165
2018-12-12 09:00:00,69.05,55.930637,69.73888,82.47561,55.83474,82.57151
2018-12-12 09:15:00,63.86,56.66965,69.221016,89.06627,56.573753,89.16217
2018-12-12 09:30:00,65.59,54.470604,66.921005,76.405556,54.374706,76.50146
2018-12-12 09:45:00,60.98,54.48768,65.82553,75.92731,54.39178,76.02321
2018-12-12 10:00:00,65.74,52.18419,62.92398,74.16946,52.08829,74.26536
2018-12-12 10:15:00,57.17,53.607243,67.09492,74.17453,53.511345,74.27043
2018-12-12 10:30:00,64.55,51.22316,62.636955,70.74379,51.127262,70.83969
2018-12-12 10:45:00,53.42,54.229553,65.910904,78.99386,54.133656,79.08976
2018-12-12 11:00:00,65.88,50.652622,58.83243,70.547264,50.556725,70.643166
2018-12-12 11:15:00,57.71,52.439724,66.64429,77.544495,52.343826,77.640396
2018-12-12 11:30:00,59.76,51.254543,61.625793,71.05979,51.158646,71.15569
2018-12-12 11:45:00,79.85,51.433563,61.889423,68.7727,51.337666,68.8686
2018-12-12 12:00:00,49.64,55.737003,75.92163,88.78043,55.641106,88.876335
2018-12-12 12:15:00,27.97,5.941147,8.058609,31.215641,5.845249,31.311539
2018-12-12 12:30:00,29.74,9.427471,10.578041,14.290104,9.3315735,14.386002
2018-12-12 12:45:00,29.56,15.537445,17.189152,24.902163,15.441547,24.99806
2018-12-12 13:00:00,29.3,16.060896,17.610851,38.58981,15.964998,38.685707
2018-12-12 13:15:00,58.86,25.123642,39.585304,44.165916,25.027744,44.261814
2018-12-12 13:30:00,61.78,50.829227,66.570724,75.56643,50.73333,75.66233
2018-12-12 13:45:00,77.0,51.013435,63.521896,77.0961,50.917538,77.192
2018-12-12 14:00:00,65.56,57.20044,71.78319,94.033424,57.10454,94.129326
2018-12-12 14:15:00,86.51,53.644608,67.15232,77.26933,53.54871,77.365234
2018-12-12 14:30:00,60.44,61.410164,83.485954,102.497536,61.314266,102.59344
2018-12-12 14:45:00,64.8,52.016743,66.18275,86.78674,51.920845,86.882645
2018-12-12 15:00:00,72.18,53.633038,67.13032,81.60571,53.53714,81.701614
2018-12-12 15:15:00,69.08,57.505733,73.21269,88.624306,57.409836,88.72021
2018-12-12 15:30:00,66.17,56.09158,68.54735,83.592384,55.99568,83.688286
2018-12-12 15:45:00,61.67,55.95278,67.605064,80.05917,55.856884,80.155075
2018-12-12 16:00:00,70.6,51.527084,65.00035,74.20352,51.431187,74.29942
2018-12-12 16:15:00,68.36,55.884716,69.67092,83.19035,55.78882,83.286255
2018-12-12 16:30:00,75.1,55.30849,67.796974,81.2041,55.212593,81.3
2018-12-12 16:45:00,66.13,58.014412,71.50635,90.37841,57.918514,90.47431
2018-12-12 17:00:00,70.7,53.541004,65.96563,77.74288,53.445107,77.83878
2018-12-12 17:15:00,60.7,52.633533,68.106926,81.68816,52.537636,81.784065
2018-12-12 17:30:00,57.92,48.286003,60.168594,73.14896,48.190105,73.24486
2018-12-12 17:45:00,32.9,34.239582,39.81756,60.729855,34.143684,60.825752
2018-12-12 18:00:00,30.53,27.538805,33.129475,35.81211,27.442907,35.90801
2018-12-12 18:15:00,49.9,24.405201,37.903767,44.157864,24.309303,44.25376
2018-12-12 18:30:00,67.25,39.45607,56.907112,71.19698,39.360172,71.292885
2018-12-12 18:45:00,69.37,45.457157,63.783554,83.41706,45.36126,83.51296
2018-12-12 19:00:00,65.99,45.70858,65.36521,84.826996,45.612682,84.9229
2018-12-12 19:15:00,66.02,44.804646,63.716908,72.91482,44.708748,73.01072
2018-12-12 19:30:00,60.19,45.144558,61.303394,70.144775,45.04866,70.24068
2018-12-12 19:45:00,58.54,44.45913,61.023163,70.613884,44.36323,70.709785
2018-12-12 20:00:00,61.85,41.735466,58.710278,67.388725,41.63957,67.48463
2018-12-12 20:15:00,67.07,44.983902,61.006268,67.36945,44.888004,67.465355
2018-12-12 20:30:00,58.82,44.737465,62.61773,71.90054,44.641567,71.996445
2018-12-12 20:45:00,53.35,22.407501,37.502033,58.425945,22.311604,58.521843
2018-12-12 21:00:00,30.35,8.683566,23.926208,54.790478,8.587668,54.886375
2018-12-12 21:15:00,12.2,5.493872,10.198356,26.43509,5.3979745,26.530987
2018-12-12 21:30:00,5.8,4.3596654,7.0407467,12.1711,4.2637677,12.266997
2018-12-12 21:45:00,5.76,3.8495572,5.2083173,6.753206,3.7536592,6.8491035
2018-12-12 22:00:00,5.65,4.0680866,6.828137,8.848004,3.9721887,8.943902
2018-12-12 22:15:00,5.04,4.546162,7.029373,11.042732,4.4502645,11.13863
2018-12-12 22:30:00,4.25,4.2957735,5.34631,6.482088,4.199876,6.577986
2018-12-12 22:45:00,4.25,4.1786246,5.221051,10.621496,4.082727,10.717394
2018-12-12 23:00:00,4.21,4.1083302,4.9744563,11.543601,4.0124326,11.639499
2018-12-12 23:15:00,4.14,3.813428,4.0973225,6.0629663,3.71753,6.158864
2018-12-12 23:30:00,4.1,4.040477,4.1853647,6.0514317,3.944579,6.1473293
2018-12-12 23:45:00,4.1,4.038891,4.163667,5.9871564,3.942993,6.083054
2018-12-13 00:00:00,5.26,2.9788384,6.299074,7.1813016,2.8829405,7.2771993
2018-12-13 00:15:00,4.1,3.8149154,6.1157856,6.3627124,3.7190175,6.45861
2018-12-13 00:30:00,4.18,3.7026775,4.178042,5.7806478,3.6067796,5.8765454
2018-12-13 00:45:00,4.21,3.8090339,4.213905,6.0635257,3.713136,6.1594234
2018-12-13 01:00:00,4.14,3.7903104,4.2341647,6.037929,3.6944125,6.1338267
2018-12-13 01:15:00,4.28,3.8091264,4.2487936,6.013616,3.7132285,6.1095138
2018-12-13 01:30:00,4.18,3.9789648,4.575303,6.112904,3.883067,6.2088017
2018-12-13 01:45:00,4.25,3.9698975,4.342972,6.042201,3.8739996,6.1380987
2018-12-13 02:00:00,5.36,4.0016527,4.4594116,6.2008348,3.9057548,6.2967324
2018-12-13 02:15:00,4.79,3.8352432,6.0140495,6.2653766,3.7393453,6.3612742
2018-12-13 02:30:00,4.25,3.814486,4.529017,5.97467,3.718588,6.0705676
2018-12-13 02:45:00,4.18,3.8423574,4.3949223,6.016428,3.7464595,6.1123257
2018-12-13 03:00:00,4.21,3.863935,4.277873,6.011383,3.768037,6.1072807
2018-12-13 03:15:00,4.18,3.8024158,4.4011474,6.0462837,3.706518,6.1421814
2018-12-13 03:30:00,4.21,3.9973028,4.3915424,6.003904,3.9014049,6.0998015
2018-12-13 03:45:00,4.21,4.013899,4.385241,6.0391555,3.918001,6.135053
2018-12-13 04:00:00,4.21,3.9266238,4.3660927,6.0260916,3.830726,6.1219893
2018-12-13 04:15:00,4.18,3.9755974,4.380968,5.997697,3.8796995,6.0935946
2018-12-13 04:30:00,4.21,4.017055,4.4270062,6.0017533,3.9211571,6.097651
2018-12-13 04:45:00,4.21,3.992509,4.453688,6.072749,3.896611,6.168647
2018-12-13 05:00:00,4.18,3.9912817,4.435712,6.110077,3.8953838,6.2059746
2018-12-13 05:15:00,3.67,3.9860232,4.390722,5.9928656,3.8901253,6.088763
2018-12-13 05:30:00,3.42,3.3935995,3.8506684,5.5546136,3.2977016,5.6505113
2018-12-13 05:45:00,3.89,3.2426734,3.675398,5.3283877,3.1467755,5.4242854
2018-12-13 06:00:00,4.32,3.4730804,3.9822872,5.617914,3.3771825,5.713812
2018-12-13 06:15:00,3.46,3.5187094,4.575955,5.886385,3.4228115,5.9822826
2018-12-13 06:30:00,3.38,3.1955807,3.898023,5.3210826,3.0996828,5.4169803
2018-12-13 06:45:00,3.38,3.230197,3.9389503,5.326097,3.134299,5.4219947
2018-12-13 07:00:00,3.42,3.1875865,3.9384916,5.2906036,3.0916886,5.3865013
2018-12-13 07:15:00,3.42,3.2003934,3.7973971,5.336689,3.1044955,5.4325867
2018-12-13 07:30:00,3.71,3.3239229,4.3676066,5.749851,3.228025,5.845749
2018-12-13 07:45:00,5.69,3.599357,5.1371417,6.1894484,3.503459,6.285346
2018-12-13 08:00:00,6.23,4.84389,9.478979,12.90659,4.7479925,13.002488
2018-12-13 08:15:00,35.57,7.188497,37.090263,44.786728,7.0925994,44.882626
2018-12-13 08:30:00,72.86,43.287266,61.42376,78.98307,43.19137,79.07897
2018-12-13 08:45:00,61.74,54.613663,77.66966,94.915085,54.517765,95.01099
2018-12-13 09:00:00,76.36,52.57298,66.427795,81.76547,52.47708,81.861374
2018-12-13 09:15:00,63.11,58.969753,75.632935,92.85503,58.873856,92.95093
2018-12-13 09:30:00,65.66,53.26938,68.19718,78.34063,53.17348,78.43653
2018-12-13 09:45:00,72.07,53.37111,65.81099,77.747826,53.27521,77.84373
2018-12-13 10:00:00,56.84,56.84613,69.74728,86.75374,56.750233,86.84964
2018-12-13 10:15:00,69.3,49.864754,60.9571,71.9667,49.768856,72.0626
2018-12-13 10:30:00,65.66,55.281788,68.47394,82.29745,55.18589,82.39335
2018-12-13 10:45:00,85.43,54.06495,66.710304,77.191986,53.96905,77.28789
2018-12-13 11:00:00,53.17,61.680733,83.997536,104.62969,61.584835,104.72559
2018-12-13 11:15:00,55.4,49.44872,61.087154,80.45601,49.35282,80.55191
2018-12-13 11:30:00,60.08,49.288193,61.31002,77.50918,49.192295,77.60508
2018-12-13 11:45:00,58.0,51.27693,63.123207,81.044624,51.181034,81.140526
2018-12-13 12:00:00,51.3,46.033775,56.91517,64.170135,45.937878,64.26604
2018-12-13 12:15:00,11.38,6.072132,13.095472,35.219494,5.9762344,35.31539
2018-12-13 12:30:00,10.91,5.3270717,8.556876,10.163991,5.231174,10.259889
2018-12-13 12:45:00,30.1,6.5634203,10.757554,11.436786,6.4675226,11.532683
2018-12-13 13:00:00,36.4,20.062668,27.05841,33.864483,19.96677,33.96038
2018-12-13 13:15:00,41.69,37.43952,53.009357,53.56411,37.343624,53.660007
2018-12-13 13:30:00,56.92,41.583237,51.757816,60.949352,41.48734,61.04525
2018-12-13 13:45:00,46.66,47.177647,59.54546,69.0377,47.08175,69.1336
2018-12-13 14:00:00,52.52,43.875484,52.68351,58.24076,43.779587,58.33666
2018-12-13 14:15:00,58.25,46.965202,55.937874,68.66167,46.869305,68.75757
2018-12-13 14:30:00,72.61,48.693707,60.398983,70.791016,48.59781,70.88692
2018-12-13 14:45:00,66.24,55.838005,69.57926,84.8641,55.742107,84.96
2018-12-13 15:00:00,73.08,54.927048,68.23452,76.96657,54.83115,77.06247
2018-12-13 15:15:00,60.52,56.900764,71.31395,85.816956,56.804867,85.91286
2018-12-13 15:30:00,59.87,52.696957,63.63042,75.766205,52.60106,75.86211
2018-12-13 15:45:00,63.5,51.94434,63.24436,72.54209,51.848442,72.63799
2018-12-13 16:00:00,60.52,52.665813,65.23009,74.71137,52.569916,74.807274
2018-12-13 16:15:00,88.92,52.072407,63.01516,68.826294,51.97651,68.922195
2018-12-13 16:30:00,105.37,62.97461,87.45963,104.213104,62.87871,104.309006
2018-12-13 16:45:00,102.89,69.75441,87.19726,107.2268,69.65851,107.3227
2018-12-13 17:00:00,77.83,69.35502,95.517456,108.86875,69.25912,108.96465
2018-12-13 17:15:00,67.18,58.791466,91.0764,104.462975,58.695568,104.558876
2018-12-13 17:30:00,70.13,51.085945,72.9568,95.27499,50.990047,95.37089
2018-12-13 17:45:00,31.72,33.68477,43.067654,86.4336,33.58887,86.5295
2018-12-13 18:00:00,31.5,30.302677,31.834389,36.187275,30.20678,36.283173
2018-12-13 18:15:00,54.79,32.930748,47.176083,59.967728,32.83485,60.063625
2018-12-13 18:30:00,77.04,45.21876,66.26706,90.94386,45.122864,91.039764
2018-12-13 18:45:00,79.63,52.921257,72.15846,96.61721,52.82536,96.71311
2018-12-13 19:00:00,80.46,53.955498,82.143745,100.73976,53.8596,100.83566
2018-12-13 19:15:00,71.89,56.50697,82.67914,104.07778,56.41107,104.17368
2018-12-13 19:30:00,78.52,52.8056,73.05433,94.49706,52.7097,94.592964
2018-12-13 19:45:00,52.31,54.76025,81.86543,97.85829,54.664352,97.95419
2018-12-13 20:00:00,61.16,46.216633,60.5695,79.6725,46.120735,79.7684
2018-12-13 20:15:00,61.6,49.684574,61.303627,77.149605,49.588676,77.24551
2018-12-13 20:30:00,49.68,48.200615,61.760292,70.618675,48.104717,70.71458
2018-12-13 20:45:00,41.54,36.531326,47.24711,59.245712,36.43543,59.34161
2018-12-13 21:00:00,20.16,10.699967,17.03943,39.22531,10.60407,39.32121
2018-12-13 21:15:00,6.16,4.615875,5.4235964,9.71535,4.519977,9.811248
2018-12-13 21:30:00,5.69,3.9674234,4.595517,4.7690086,3.8715255,4.8649063
2018-12-13 21:45:00,5.69,3.9566205,4.9924073,6.097592,3.8607225,6.1934896
2018-12-13 22:00:00,5.65,4.0827875,4.919776,11.644222,3.9868896,11.74012
2018-12-13 22:15:00,5.47,4.418154,5.045798,7.5391226,4.322256,7.6350203
2018-12-13 22:30:00,5.4,4.2808075,4.8201137,6.9663944,4.18491,7.062292
2018-12-13 22:45:00,5.36,4.2597938,5.1213026,6.7945127,4.163896,6.8904104
2018-12-13 23:00:00,5.36,4.1913137,4.86439,6.8282747,4.095416,6.9241724
2018-12-13 23:15:00,5.26,4.0176086,4.877312,5.861031,3.9217107,5.9569287
2018-12-13 23:30:00,5.22,4.2251706,4.786939,5.88074,4.129273,5.976638
2018-12-13 23:45:00,5.18,4.1091113,4.7698784,5.873533,4.0132136,5.9694304
2018-12-14 00:00:00,4.1,3.1589878,4.7766213,8.846875,3.0630898,8.942773
2018-12-14 00:15:00,5.33,3.7635062,4.3462424,9.939829,3.6676083,10.035727
2018-12-14 00:30:00,5.29,3.8075542,4.6653895,6.033848,3.7116563,6.1297455
2018-12-14 00:45:00,5.26,3.797754,4.8654184,5.868694,3.7018561,5.9645915
2018-12-14 01:00:00,5.29,3.9217634,4.4038873,5.7901597,3.8258655,5.8860574
2018-12-14 01:15:00,5.26,4.194651,5.03089,5.95587,4.0987535,6.051768
2018-12-14 01:30:00,5.36,4.3137803,4.9237666,5.9268312,4.2178826,6.022729
2018-12-14 01:45:00,5.33,4.1711583,4.982816,5.986389,4.0752606,6.082287
2018-12-14 02:00:00,4.79,4.167073,5.0161448,5.9821963,4.071175,6.078094
2018-12-14 02:15:00,4.14,3.8673263,4.534901,4.6576114,3.7714283,4.753509
2018-12-14 02:30:00,4.18,3.805137,4.112663,4.2503633,3.709239,4.346261
2018-12-14 02:45:00,4.21,3.8956628,4.212181,4.289263,3.7997649,4.3851604
2018-12-14 03:00:00,4.18,3.8184993,4.228568,4.3309107,3.7226014,4.4268084
2018-12-14 03:15:00,4.25,4.0132003,4.1351423,4.3447175,3.9173024,4.440615
2018-12-14 03:30:00,4.18,4.0044894,4.194544,4.4758487,3.9085915,4.5717463
2018-12-14 03:45:00,4.14,4.0090327,4.1140428,4.3882065,3.9131348,4.484104
2018-12-14 04:00:00,4.28,4.004717,4.085833,4.344028,3.908819,4.4399257
2018-12-14 04:15:00,4.18,3.947384,4.2050357,4.611858,3.8514862,4.7077556
2018-12-14 04:30:00,4.18,3.9014354,4.1273584,4.463189,3.8055375,4.559087
2018-12-14 04:45:00,4.1,3.996936,4.1087255,4.4644504,3.9010382,4.560348
2018-12-14 05:00:00,4.46,3.9469297,4.094487,4.40465,3.8510318,4.500548
2018-12-14 05:15:00,5.4,3.9193325,4.457719,4.625934,3.8234346,4.721832
2018-12-14 05:30:00,4.5,4.2442384,4.649857,5.813528,4.1483407,5.9094257
2018-12-14 05:45:00,4.18,3.8918035,4.035853,4.4630857,3.7959056,4.5589833
2018-12-14 06:00:00,4.14,3.8500202,4.118185,4.2452393,3.7541223,4.341137
2018-12-14 06:15:00,4.14,3.788463,4.0478916,4.231482,3.6925652,4.3273797
2018-12-14 06:30:00,3.49,3.881113,4.1790085,4.480783,3.7852151,4.5766807
2018-12-14 06:45:00,3.42,3.2569735,3.5651526,3.7349122,3.1610756,3.83081
2018-12-14 07:00:00,3.35,3.2830713,3.5294592,3.6844351,3.1871734,3.780333
2018-12-14 07:15:00,3.35,3.2172868,3.398546,3.680228,3.121389,3.776126
2018-12-14 07:30:00,4.25,3.3514931,3.6996827,4.322578,3.2555952,4.4184756
2018-12-14 07:45:00,6.52,3.7742794,4.438533,6.0963173,3.6783814,6.192215
2018-12-14 08:00:00,7.38,5.689466,9.429579,12.926934,5.5935683,13.022832
2018-12-14 08:15:00,36.22,8.157549,39.673428,54.482475,8.061651,54.578373
2018-12-14 08:30:00,94.18,42.619617,60.96455,79.493,42.52372,79.5889
2018-12-14 08:45:00,97.88,64.733444,94.16156,109.14395,64.63754,109.23985
2018-12-14 09:00:00,134.5,68.272,92.90306,111.523964,68.1761,111.619865
2018-12-14 09:15:00,93.67,77.82797,100.24646,113.54154,77.73207,113.63744
2018-12-14 09:30:00,109.26,72.58892,108.2525,121.96677,72.49302,122.06267
2018-12-14 09:45:00,128.34,73.98949,95.67684,115.4847,73.893585,115.580605
2018-12-14 10:00:00,81.47,76.682144,99.088005,114.50673,76.58624,114.60263
2018-12-14 10:15:00,109.69,62.289284,103.114815,121.21187,62.193386,121.30777
2018-12-14 10:30:00,120.67,71.24152,96.103294,112.30314,71.14562,112.39904
2018-12-14 10:45:00,92.81,71.69862,95.89941,116.707924,71.60272,116.803825
2018-12-14 11:00:00,91.58,68.63348,106.96545,122.02922,68.537575,122.12512
2018-12-14 11:15:00,104.9,66.827835,93.497765,110.46255,66.73193,110.55845
2018-12-14 11:30:00,124.2,70.40873,95.9958,112.61818,70.31283,112.71408
2018-12-14 11:45:00,88.85,76.884346,101.73279,120.9018,76.788445,120.9977
2018-12-14 12:00:00,132.01,67.70843,103.57883,115.49816,67.612526,115.59406
2018-12-14 12:15:00,13.61,8.60989,18.124239,39.525562,8.513992,39.62146
2018-12-14 12:30:00,9.86,0.07545472,3.2105844,11.252913,0.0,11.348811
2018-12-14 12:45:00,9.61,7.649589,8.785658,11.685887,7.5536914,11.781785
2018-12-14 13:00:00,9.43,8.455849,8.982955,19.35856,8.359951,19.454458
2018-12-14 13:15:00,86.98,10.821443,57.72003,73.2848,10.725545,73.3807
2018-12-14 13:30:00,74.66,65.02321,106.61735,124.4451,64.92731,124.541
2018-12-14 13:45:00,116.42,57.24835,78.67719,110.94107,57.15245,111.03697
2018-12-14 14:00:00,107.57,73.73194,99.64167,122.90761,73.63604,123.00351
2018-12-14 14:15:00,103.82,73.137344,103.6447,121.40326,73.04144,121.49916
2018-12-14 14:30:00,114.73,71.71478,101.388916,119.57798,71.61888,119.67388
2018-12-14 14:45:00,84.74,72.40086,91.00745,113.431526,72.30496,113.52743
2018-12-14 15:00:00,109.4,62.651546,101.79619,119.7565,62.55565,119.8524
2018-12-14 15:15:00,125.21,71.45011,97.57187,114.67158,71.35421,114.76748
2018-12-14 15:30:00,89.35,74.657104,96.238434,112.39921,74.5612,112.49511
2018-12-14 15:45:00,122.26,67.452896,104.61508,120.36064,67.356995,120.45654
2018-12-14 16:00:00,114.66,73.65168,94.594864,111.78388,73.55578,111.87978
2018-12-14 16:15:00,96.8,71.25609,101.737206,116.10671,71.16019,116.202614
2018-12-14 16:30:00,118.12,71.495705,103.61719,118.407364,71.3998,118.503265
2018-12-14 16:45:00,133.2,71.70952,95.9664,115.34613,71.61362,115.44203
2018-12-14 17:00:00,102.64,74.553955,96.56701,111.05154,74.45805,111.14744
2018-12-14 17:15:00,63.94,68.80543,99.50361,121.89651,68.709526,121.99241
2018-12-14 17:30:00,62.64,48.352047,72.625496,104.13516,48.25615,104.231064
2018-12-14 17:45:00,37.94,35.073074,46.838753,93.93575,34.977177,94.031654
2018-12-14 18:00:00,32.62,29.301224,33.747356,40.88775,29.205326,40.983646
2018-12-14 18:15:00,29.63,31.875622,41.508923,69.966866,31.779724,70.06277
2018-12-14 18:30:00,26.57,30.291523,39.475456,65.82725,30.195625,65.92315
2018-12-14 18:45:00,26.35,17.816975,28.951298,52.926876,17.721077,53.022774
2018-12-14 19:00:00,26.32,16.23083,26.211243,48.395325,16.134932,48.491222
2018-12-14 19:15:00,26.39,17.899792,28.093239,39.36564,17.803894,39.461536
2018-12-14 19:30:00,26.64,16.211525,27.703571,35.983673,16.115627,36.07957
2018-12-14 19:45:00,28.44,16.952578,28.7719,33.791172,16.85668,33.88707
2018-12-14 20:00:00,30.46,21.375933,30.086178,34.99126,21.280035,35.08716
2018-12-14 20:15:00,29.88,30.116594,34.934223,40.297688,30.020697,40.393585
2018-12-14 20:30:00,30.06,31.613491,37.17052,38.65094,31.517593,38.746838
2018-12-14 20:45:00,31.93,28.693783,36.76329,37.482006,28.597885,37.577904
2018-12-14 21:00:00,28.66,9.216506,18.085299,34.26648,9.120608,34.362377
2018-12-14 21:15:00,5.76,5.7424192,8.089889,19.434822,5.6465216,19.53072
2018-12-14 21:30:00,5.8,3.525438,4.3342485,7.8935304,3.4295402,7.989428
2018-12-14 21:45:00,5.72,4.1038017,4.491964,5.909918,4.007904,6.0058155
2018-12-14 22:00:00,5.69,4.068661,4.5438995,9.19049,3.9727633,9.286387
2018-12-14 22:15:00,5.4,4.3969398,4.5890694,6.8065815,4.301042,6.902479
2018-12-14 22:30:00,5.33,4.1718683,4.2832336,6.504473,4.0759706,6.600371
2018-12-14 22:45:00,5.33,4.196096,4.5271935,6.71244,4.1001983,6.8083377
2018-12-14 23:00:00,5.33,4.218969,4.4325776,6.903695,4.123071,6.999593
2018-12-14 23:15:00,4.86,4.18794,4.4566298,5.8629856,4.0920424,5.9588833
2018-12-14 23:30:00,4.03,3.9627826,4.084119,4.7029905,3.8668847,4.798888
2018-12-14 23:45:00,4.03,3.685204,4.070168,12.245054,3.589306,12.340952
2018-12-15 00:00:00,3.28,2.512587,3.3761864,6.879178,2.4166892,6.9750757
2018-12-15 00:15:00,4.14,3.2456183,3.321064,3.6602905,3.1497204,3.7561884
2018-12-15 00:30:00,4.1,3.6175215,3.705193,4.2326097,3.5216236,4.3285074
2018-12-15 00:45:00,4.07,3.587515,3.6385946,4.2403536,3.4916172,4.3362513
2018-12-15 01:00:00,4.14,3.4463873,3.515514,4.1714234,3.3504894,4.267321
2018-12-15 01:15:00,4.14,3.6997714,3.9328022,4.2335896,3.6038735,4.3294873
2018-12-15 01:30:00,4.14,3.7035613,3.8842807,4.223769,3.6076634,4.319667
2018-12-15 01:45:00,4.14,3.7446423,3.8816774,4.2452264,3.6487443,4.341124
2018-12-15 02:00:00,4.1,3.714057,3.7897713,4.376883,3.618159,4.4727807
2018-12-15 02:15:00,4.1,3.688064,3.8854587,4.275336,3.5921662,4.3712335
2018-12-15 02:30:00,4.21,3.712901,3.8943083,4.2413683,3.6170032,4.337266
2018-12-15 02:45:00,4.1,3.7638621,3.887271,4.3257933,3.6679642,4.421691
2018-12-15 03:00:00,4.18,3.6938972,3.8702765,4.2580304,3.5979993,4.353928
2018-12-15 03:15:00,4.82,3.7046356,3.878271,4.3393183,3.6087377,4.435216
2018-12-15 03:30:00,5.26,3.9080303,4.3251395,4.6207485,3.8121324,4.716646
2018-12-15 03:45:00,4.18,4.0727444,5.3823066,5.804357,3.9768465,5.9002547
2018-12-15 04:00:00,4.14,3.3356729,3.844877,4.179008,3.239775,4.2749057
2018-12-15 04:15:00,4.14,3.6194625,3.9288952,4.1787047,3.5235646,4.2746024
2018-12-15 04:30:00,3.82,3.5702534,3.8996384,4.1759014,3.4743555,4.271799
2018-12-15 04:45:00,3.46,3.3475165,3.5730002,4.0581584,3.2516186,4.154056
2018-12-15 05:00:00,3.49,3.1063805,3.347159,3.5831804,3.0104825,3.6790783
2018-12-15 05:15:00,3.42,3.072771,3.3354726,3.6869314,2.9768732,3.7828293
2018-12-15 05:30:00,3.42,3.0667639,3.2839653,3.6536891,2.970866,3.749587
2018-12-15 05:45:00,3.42,2.9954643,3.3555236,3.6763532,2.8995664,3.7722511
2018-12-15 06:00:00,3.38,2.9960756,3.3326607,3.6290224,2.9001777,3.7249203
2018-12-15 06:15:00,3.46,2.9368052,3.2725334,3.643984,2.8409073,3.739882
2018-12-15 06:30:00,3.42,3.0176206,3.361376,3.6858563,2.9217227,3.7817543
2018-12-15 06:45:00,3.49,2.9775906,3.2586865,3.7006295,2.8816926,3.7965274
2018-12-15 07:00:00,4.57,3.0306816,3.2838593,3.7244766,2.9347837,3.8203745
2018-12-15 07:15:00,4.43,3.4691858,3.6975832,4.3087006,3.373288,4.404598
2018-12-15 07:30:00,4.1,2.9510198,3.6555257,4.571777,2.8551219,4.6676745
2018-12-15 07:45:00,4.07,3.1134896,3.8075573,5.7214746,3.0175917,5.8173723
2018-12-15 08:00:00,3.64,3.6848502,4.0230217,8.583982,3.5889523,8.67988
2018-12-15 08:15:00,3.35,3.7889364,31.318367,49.023235,3.6930385,49.119133
2018-12-15 08:30:00,3.35,4.3046255,8.532992,31.877197,4.208728,31.973095
2018-12-15 08:45:00,3.38,3.1668918,4.6897683,16.585651,3.070994,16.68155
2018-12-15 09:00:00,3.49,2.905842,4.023429,12.159903,2.8099442,12.2558
2018-12-15 09:15:00,3.56,3.1400309,4.8269405,12.87173,3.044133,12.967628
2018-12-15 09:30:00,3.38,3.1836987,4.19934,12.606731,3.0878007,12.702629
2018-12-15 09:45:00,3.42,2.8909297,5.357361,11.616946,2.7950318,11.712844
2018-12-15 10:00:00,3.35,3.3621974,5.6374993,12.5655365,3.2662995,12.661434
2018-12-15 10:15:00,3.35,3.279118,4.8570313,12.859098,3.1832201,12.954996
2018-12-15 10:30:00,3.35,3.2712505,4.7518797,12.340818,3.1753526,12.436716
2018-12-15 10:45:00,4.97,3.1077335,3.947564,13.487892,3.0118356,13.58379
2018-12-15 11:00:00,5.36,4.7427907,10.431285,21.804148,4.646893,21.900045
2018-12-15 11:15:00,4.28,4.326828,11.490618,25.738209,4.2309303,25.834106
2018-12-15 11:30:00,4.18,4.1590433,5.5054793,18.436907,4.0631456,18.532804
2018-12-15 11:45:00,3.35,4.1342177,4.228897,13.394715,4.03832,13.490613
2018-12-15 12:00:00,3.38,2.1472812,2.3149953,17.34607,2.0513833,17.441967
2018-12-15 12:15:00,3.42,3.1848004,3.3620205,6.90117,3.0889025,6.9970675
2018-12-15 12:30:00,3.42,3.157325,3.510233,7.4855876,3.061427,7.5814853
2018-12-15 12:45:00,3.42,3.3718698,3.5597582,7.8785396,3.275972,7.974437
2018-12-15 13:00:00,3.38,3.4101202,5.123946,7.850983,3.3142223,7.946881
2018-12-15 13:15:00,3.31,3.146064,7.848715,10.150581,3.0501661,10.246479
2018-12-15 13:30:00,3.35,2.9326677,3.5254538,7.304681,2.8367698,7.4005785
2018-12-15 13:45:00,3.38,2.8216896,2.9359298,3.8044846,2.7257917,3.9003825
2018-12-15 14:00:00,3.31,2.8360155,3.9274926,7.2374387,2.7401175,7.3333364
2018-12-15 14:15:00,3.82,2.8543031,4.22885,6.5181074,2.7584052,6.614005
2018-12-15 14:30:00,4.1,2.8485234,4.4774117,5.7783685,2.7526255,5.874266
2018-12-15 14:45:00,4.07,3.186983,5.3510365,7.920546,3.0910852,8.016444
2018-12-15 15:00:00,4.21,4.1475577,5.191306,7.6938796,4.05166,7.7897773
2018-12-15 15:15:00,3.74,3.9232674,4.292961,5.9600325,3.8273695,6.05593
2018-12-15 15:30:00,3.74,4.0655637,4.272375,8.33689,3.9696658,8.432788
2018-12-15 15:45:00,3.96,3.53649,4.264079,5.0337243,3.440592,5.129622
2018-12-15 16:00:00,3.28,3.8016703,4.997393,5.563476,3.7057724,5.6593738
2018-12-15 16:15:00,3.35,2.9083974,5.0667453,6.199646,2.8124995,6.2955437
2018-12-15 16:30:00,3.28,2.8766122,4.273788,5.418199,2.7807143,5.5140967
2018-12-15 16:45:00,3.24,2.8245032,3.0135512,3.3148148,2.7286053,3.4107127
2018-12-15 17:00:00,3.28,1.915511,3.7562966,4.1578665,1.8196132,4.253764
2018-12-15 17:15:00,3.28,3.2120752,3.6957226,6.0345592,3.1161773,6.130457
2018-12-15 17:30:00,3.35,3.257877,3.710887,4.3093147,3.1619792,4.4052124
2018-12-15 17:45:00,4.18,3.2907505,3.4365683,4.360215,3.1948526,4.456113
2018-12-15 18:00:00,4.1,3.550307,3.7760046,4.1356244,3.4544091,4.231522
2018-12-15 18:15:00,4.1,3.3372443,3.673984,4.157797,3.2413464,4.2536945
2018-12-15 18:30:00,4.1,3.466326,3.9246562,4.467815,3.370428,4.5637126
2018-12-15 18:45:00,4.03,2.8668606,4.3737006,5.1393795,2.7709627,5.235277
2018-12-15 19:00:00,4.28,2.7348042,4.021879,5.0449142,2.6389062,5.140812
2018-12-15 19:15:00,3.49,3.585476,4.199497,5.2168703,3.489578,5.312768
2018-12-15 19:30:00,3.38,3.2359629,3.567844,4.0638423,3.140065,4.15974
2018-12-15 19:45:00,3.35,3.308623,3.512708,3.6220348,3.2127252,3.7179327
2018-12-15 20:00:00,3.38,3.2019434,3.5089986,3.569977,3.1060455,3.665875
2018-12-15 20:15:00,3.46,3.296285,3.5174506,4.055506,3.200387,4.151404
2018-12-15 20:30:00,3.42,3.3521755,3.5509546,4.068198,3.2562776,4.164096
2018-12-15 20:45:00,3.35,3.2854052,3.396271,3.776796,3.1895072,3.872694
2018-12-15 21:00:00,3.38,3.3039865,3.4190118,3.939001,3.2080886,4.0348988
2018-12-15 21:15:00,3.96,3.2648172,3.4306655,3.964438,3.1689193,4.0603356
2018-12-15 21:30:00,4.28,3.346115,3.65927,4.1297073,3.2502172,4.225605
2018-12-15 21:45:00,4.25,3.3885758,3.5789034,4.2665277,3.2926779,4.3624253
2018-12-15 22:00:00,4.18,3.4219413,3.7208486,4.169552,3.3260434,4.2654495
2018-12-15 22:15:00,3.74,3.5334666,3.811532,4.306336,3.4375687,4.4022336
2018-12-15 22:30:00,3.31,3.2907782,3.584013,3.9470139,3.1948802,4.0429115
2018-12-15 22:45:00,4.07,3.1571422,3.1971874,3.736476,3.0612442,3.8323739
2018-12-15 23:00:00,3.56,3.4670448,3.6550622,4.358966,3.371147,4.4548635
2018-12-15 23:15:00,3.17,3.2517104,3.2827408,3.7141855,3.1558125,3.8100834
2018-12-15 23:30:00,3.24,3.0402102,3.0568755,3.4256592,2.9443123,3.521557
2018-12-15 23:45:00,3.2,3.0458589,3.2066875,3.594327,2.949961,3.690225
2018-12-16 00:00:00,4.21,2.9777765,3.286536,7.9147344,2.8818786,8.0106325
2018-12-16 00:15:00,3.24,3.289659,3.5076976,4.312257,3.193761,4.4081545
2018-12-16 00:30:00,3.28,2.9764228,3.1489756,3.660397,2.8805249,3.756295
2018-12-16 00:45:00,3.28,3.063556,3.217343,3.6869714,2.967658,3.7828693
2018-12-16 01:00:00,3.85,3.0730844,3.2227674,3.663491,2.9771864,3.759389
2018-12-16 01:15:00,4.18,3.2795956,3.4046812,3.9921505,3.1836977,4.0880485
2018-12-16 01:30:00,4.07,3.3556876,3.641615,4.220102,3.2597897,4.3159995
2018-12-16 01:45:00,4.07,3.370955,3.6384797,4.253548,3.275057,4.349446
2018-12-16 02:00:00,3.92,3.712454,3.8749182,4.335597,3.6165562,4.4314947
2018-12-16 02:15:00,3.28,3.5352526,3.6518753,4.1704764,3.4393547,4.266374
2018-12-16 02:30:00,3.42,3.1482797,3.192992,3.5783472,3.0523818,3.674245
2018-12-16 02:45:00,3.53,3.1640599,3.3408148,3.6507967,3.068162,3.7466946
2018-12-16 03:00:00,4.14,3.2009063,3.4196055,3.6380012,3.1050084,3.733899
2018-12-16 03:15:00,3.56,3.4125519,3.76029,4.2288017,3.316654,4.3246994
2018-12-16 03:30:00,3.35,3.248507,3.303909,3.6407244,3.152609,3.7366223
2018-12-16 03:45:00,3.38,3.1366787,3.228315,3.5249312,3.0407808,3.620829
2018-12-16 04:00:00,3.42,3.170173,3.3067725,3.512088,3.074275,3.607986
2018-12-16 04:15:00,3.42,3.1713512,3.3337321,3.7451575,3.0754533,3.8410554
2018-12-16 04:30:00,3.42,3.2275817,3.3207557,3.6702485,3.1316838,3.7661464
2018-12-16 04:45:00,3.38,3.2477093,3.4178548,3.7094176,3.1518114,3.8053155
2018-12-16 05:00:00,4.07,3.261302,3.3827739,3.6265109,3.165404,3.7224088
2018-12-16 05:15:00,4.14,3.3322892,3.779427,4.600764,3.2363913,4.6966615
2018-12-16 05:30:00,4.07,3.387598,3.764781,4.183315,3.2917001,4.2792125
2018-12-16 05:45:00,4.07,3.3844547,3.685493,4.183685,3.2885568,4.2795825
2018-12-16 06:00:00,3.53,3.7271662,3.84408,4.5871325,3.6312683,4.68303
2018-12-16 06:15:00,3.31,3.1884618,3.4628327,3.720059,3.0925639,3.8159568
2018-12-16 06:30:00,3.35,3.1151543,3.2472003,3.5004072,3.0192564,3.5963051
2018-12-16 06:45:00,3.64,3.0492008,3.2179363,3.5247982,2.9533029,3.620696
2018-12-16 07:00:00,4.07,3.2854843,3.5786982,3.8524866,3.1895864,3.9483845
2018-12-16 07:15:00,3.38,3.3322375,3.7234657,4.172845,3.2363396,4.2687426
2018-12-16 07:30:00,3.28,3.1166313,3.3163168,4.4225664,3.0207334,4.518464
2018-12-16 07:45:00,3.89,3.1974478,3.2855525,5.589254,3.1015499,5.6851516
2018-12-16 08:00:00,3.96,3.4449844,3.4786131,7.9018807,3.3490865,7.9977784
2018-12-16 08:15:00,39.35,3.4745603,13.2408085,17.350992,3.3786623,17.44689
2018-12-16 08:30:00,63.54,39.99351,51.017475,75.80866,39.897614,75.904564
2018-12-16 08:45:00,65.02,43.157207,57.750317,80.33337,43.06131,80.42927
2018-12-16 09:00:00,63.79,44.183834,62.32398,82.936455,44.087936,83.03236
2018-12-16 09:15:00,61.7,44.326782,55.903805,74.206345,44.230885,74.302246
2018-12-16 09:30:00,64.8,42.27381,58.543804,66.91678,42.177914,67.01268
2018-12-16 09:45:00,51.16,43.936718,60.104694,75.64301,43.84082,75.738914
2018-12-16 10:00:00,55.01,39.37928,51.68741,67.52532,39.283382,67.62122
2018-12-16 10:15:00,61.81,38.91037,50.727825,68.13268,38.814472,68.228584
2018-12-16 10:30:00,72.18,42.518417,55.335705,72.46813,42.42252,72.56403
2018-12-16 10:45:00,54.86,49.314186,57.59291,78.23807,49.21829,78.33397
2018-12-16 11:00:00,66.78,40.319393,55.185925,69.9521,40.223495,70.048004
2018-12-16 11:15:00,69.95,45.407417,56.60825,78.25249,45.31152,78.34839
2018-12-16 11:30:00,53.35,44.69614,60.854397,80.343025,44.600243,80.43893
2018-12-16 11:45:00,55.51,40.366642,53.88181,66.939545,40.270744,67.035446
2018-12-16 12:00:00,11.81,32.43039,51.571697,66.15252,32.33449,66.24842
2018-12-16 12:15:00,5.65,3.5997746,3.9691918,8.511846,3.5038767,8.607743
2018-12-16 12:30:00,5.54,4.016205,4.9334006,5.268057,3.920307,5.3639545
2018-12-16 12:45:00,5.44,4.4897947,5.1362386,5.621292,4.393897,5.71719
2018-12-16 13:00:00,5.33,5.527925,10.561811,14.38633,5.4320273,14.482227
2018-12-16 13:15:00,36.47,5.6112385,18.575634,27.342396,5.515341,27.438293
2018-12-16 13:30:00,63.72,38.277008,52.90686,55.75452,38.18111,55.850418
2018-12-16 13:45:00,64.8,44.193176,56.70118,80.35089,44.09728,80.44679
2018-12-16 14:00:00,61.85,44.092243,58.06257,78.89855,43.996346,78.99445
2018-12-16 14:15:00,57.89,42.270027,56.749657,72.08166,42.17413,72.17756
2018-12-16 14:30:00,54.36,41.34338,54.78567,70.13959,41.247482,70.23549
2018-12-16 14:45:00,47.38,40.018597,53.321365,68.1924,39.9227,68.2883
2018-12-16 15:00:00,43.49,35.80145,46.16498,63.588905,35.70555,63.684803
2018-12-16 15:15:00,45.4,32.80279,38.58617,55.689117,32.706894,55.785015
2018-12-16 15:30:00,60.55,35.893192,45.070446,55.41687,35.797295,55.512768
2018-12-16 15:45:00,48.42,41.01366,51.219265,72.223976,40.917763,72.31988
2018-12-16 16:00:00,63.22,36.574455,45.517487,62.055847,36.478558,62.151745
2018-12-16 16:15:00,62.64,41.85293,54.878464,70.3322,41.75703,70.4281
2018-12-16 16:30:00,66.02,43.381927,57.61675,69.1752,43.28603,69.2711
2018-12-16 16:45:00,35.42,44.030975,57.356514,72.1134,43.935078,72.209305
2018-12-16 17:00:00,9.11,17.904371,34.600285,49.109173,17.808474,49.20507
2018-12-16 17:15:00,8.06,4.753692,8.473069,23.629108,4.6577945,23.725006
2018-12-16 17:30:00,7.74,5.322789,5.443919,23.88281,5.2268915,23.978708
2018-12-16 17:45:00,7.85,4.9071426,6.7655787,22.565382,4.811245,22.66128
2018-12-16 18:00:00,6.73,5.8982005,9.16239,16.740196,5.802303,16.836094
2018-12-16 18:15:00,5.22,4.6106305,7.8486295,14.797727,4.514733,14.893624
2018-12-16 18:30:00,5.69,3.970283,7.086034,12.21171,3.874385,12.307608
2018-12-16 18:45:00,5.72,4.4540625,5.7826257,7.201555,4.358165,7.2974524
2018-12-16 19:00:00,5.69,4.355135,4.5597577,6.0734296,4.2592373,6.1693273
2018-12-16 19:15:00,5.72,4.3286934,4.8429446,7.7294583,4.2327957,7.825356
2018-12-16 19:30:00,5.44,4.3042097,5.0785074,7.5922847,4.208312,7.6881824
2018-12-16 19:45:00,4.46,4.3178015,4.8118014,7.8004003,4.221904,7.896298
2018-12-16 20:00:00,4.5,3.766515,4.298177,5.839892,3.670617,5.9357896
2018-12-16 20:15:00,4.46,3.69271,4.26649,4.800767,3.596812,4.8966646
2018-12-16 20:30:00,4.5,3.7324443,4.0220385,4.2447877,3.6365464,4.3406854
2018-12-16 20:45:00,4.54,3.9563818,4.400762,4.4268503,3.860484,4.522748
2018-12-16 21:00:00,4.46,3.9638302,4.3720546,4.462274,3.8679323,4.5581717
2018-12-16 21:15:00,4.5,3.9618676,4.429039,4.467466,3.8659697,4.5633636
2018-12-16 21:30:00,4.5,3.90335,4.2905345,4.3779206,3.8074522,4.4738183
2018-12-16 21:45:00,4.57,3.99218,4.3039074,4.363853,3.8962822,4.4597507
2018-12-16 22:00:00,4.57,3.9697182,4.278961,4.335989,3.8738203,4.4318867
2018-12-16 22:15:00,4.25,4.035186,4.3769784,7.1470075,3.939288,7.242905
2018-12-16 22:30:00,4.25,3.7738767,4.4141717,6.4487348,3.6779788,6.5446324
2018-12-16 22:45:00,4.18,3.751808,5.5993576,7.2167006,3.65591,7.312598
2018-12-16 23:00:00,5.44,3.7681317,5.4293585,6.374976,3.6722338,6.470874
2018-12-16 23:15:00,4.82,3.7992635,4.463632,5.7652698,3.7033656,5.8611674
2018-12-16 23:30:00,4.14,3.7203763,3.9600563,4.297528,3.6244783,4.3934255
2018-12-16 23:45:00,4.18,3.6685972,3.860011,12.704093,3.5726993,12.799991
2018-12-17 00:00:00,4.57,2.925358,4.718751,7.317516,2.8294601,7.4134135
2018-12-17 00:15:00,4.25,3.745367,4.2452583,4.4665,3.6494691,4.5623975
2018-12-17 00:30:00,4.18,3.6435132,4.243428,4.4134173,3.5476153,4.509315
2018-12-17 00:45:00,4.21,3.7743623,4.2463427,4.3005533,3.6784644,4.396451
2018-12-17 01:00:00,4.21,3.8518958,4.2405305,4.368895,3.755998,4.4647927
2018-12-17 01:15:00,4.21,3.9676275,4.174325,4.2642574,3.8717296,4.360155
2018-12-17 01:30:00,4.36,3.8522077,4.0785484,4.246509,3.7563097,4.3424067
2018-12-17 01:45:00,4.28,3.869781,4.2245545,4.464537,3.773883,4.560435
2018-12-17 02:00:00,4.28,3.922616,4.2508817,4.442368,3.826718,4.5382657
2018-12-17 02:15:00,4.28,3.910304,4.250955,4.4817977,3.8144062,4.5776954
2018-12-17 02:30:00,3.71,3.936311,4.222564,4.4723287,3.840413,4.5682263
2018-12-17 02:45:00,4.32,3.3621128,3.7741368,3.8943732,3.2662148,3.990271
2018-12-17 03:00:00,3.82,3.6743646,4.1460867,4.6039314,3.5784667,4.699829
2018-12-17 03:15:00,3.53,3.390694,3.7713964,4.1166673,3.294796,4.212565
2018-12-17 03:30:00,3.53,3.2504125,3.4456098,3.848832,3.1545146,3.9447298
2018-12-17 03:45:00,3.53,3.2709818,3.4982507,3.7172081,3.1750839,3.813106
2018-12-17 04:00:00,3.6,3.2989845,3.4832375,3.8241782,3.2030866,3.9200761
2018-12-17 04:15:00,3.53,3.3781612,3.5826101,3.836997,3.2822633,3.932895
2018-12-17 04:30:00,3.53,3.2449114,3.4754508,3.7840774,3.1490135,3.8799753
2018-12-17 04:45:00,4.1,3.359063,3.4898183,3.8008018,3.263165,3.8966997
2018-12-17 05:00:00,4.25,3.4239779,4.0036545,4.3951554,3.32808,4.491053
2018-12-17 05:15:00,4.28,3.4035468,3.9377708,4.46881,3.307649,4.5647078
2018-12-17 05:30:00,4.25,3.4828913,3.917891,4.507065,3.3869934,4.6029625
2018-12-17 05:45:00,3.64,3.8683789,4.2565527,4.6739163,3.772481,4.769814
2018-12-17 06:00:00,3.49,3.3217192,3.6777887,3.8688188,3.2258213,3.9647167
2018-12-17 06:15:00,3.46,3.2272527,3.5221865,3.7047534,3.1313548,3.8006513
2018-12-17 06:30:00,4.32,3.1485937,3.4823081,3.7027934,3.0526958,3.7986913
2018-12-17 06:45:00,3.6,3.306134,3.9904656,4.608382,3.210236,4.70428
2018-12-17 07:00:00,3.42,3.2693496,3.481546,4.048881,3.1734517,4.1447787
2018-12-17 07:15:00,3.49,3.1691105,3.3780246,3.9314845,3.0732126,4.0273824
2018-12-17 07:30:00,4.36,3.3604782,3.8297007,4.470815,3.2645802,4.566713
2018-12-17 07:45:00,6.19,3.734324,4.4255247,6.11073,3.638426,6.206628
2018-12-17 08:00:00,6.3,5.6588984,12.7223425,14.520824,5.5630007,14.616722
2018-12-17 08:15:00,6.48,6.969089,31.374075,43.957504,6.8731914,44.053402
2018-12-17 08:30:00,53.35,9.123255,25.500843,37.96052,9.027357,38.05642
2018-12-17 08:45:00,46.94,54.86027,64.54024,88.8656,54.764374,88.9615
2018-12-17 09:00:00,52.06,44.98027,56.568542,60.98326,44.884373,61.07916
2018-12-17 09:15:00,54.83,49.162514,57.473076,68.25753,49.066616,68.35343
2018-12-17 09:30:00,56.12,48.159946,56.927887,67.240654,48.06405,67.336555
2018-12-17 09:45:00,58.0,47.84041,57.151165,67.11891,47.74451,67.21481
2018-12-17 10:00:00,50.08,48.925846,58.12373,66.85039,48.82995,66.94629
2018-12-17 10:15:00,46.04,47.306244,52.75476,63.77941,47.210346,63.87531
2018-12-17 10:30:00,49.54,43.493984,50.945763,59.67268,43.398087,59.768578
2018-12-17 10:45:00,54.14,46.364807,51.6419,63.57821,46.26891,63.674107
2018-12-17 11:00:00,53.78,47.20812,56.291107,66.280045,47.11222,66.375946
2018-12-17 11:15:00,52.67,47.3477,55.347046,66.878586,47.2518,66.97449
2018-12-17 11:30:00,55.84,47.715153,55.970013,64.42062,47.619255,64.516525
2018-12-17 11:45:00,49.64,47.649567,56.69238,63.982716,47.55367,64.07861
2018-12-17 12:00:00,54.5,43.190697,49.818855,60.663933,43.0948,60.75983
2018-12-17 12:15:00,11.12,5.878488,7.4515285,35.81974,5.7825904,35.915638
2018-12-17 12:30:00,7.06,5.2433453,6.832581,9.391257,5.1474476,9.487155
2018-12-17 12:45:00,7.13,5.9202876,8.227022,12.739253,5.82439,12.835151
2018-12-17 13:00:00,8.21,6.291747,9.665742,12.572503,6.1958494,12.668401
2018-12-17 13:15:00,33.26,11.00708,37.667942,46.278355,10.911182,46.374252
2018-12-17 13:30:00,56.99,39.631527,58.104343,61.793404,39.53563,61.8893
2018-12-17 13:45:00,56.59,47.522503,63.226013,69.49524,47.426605,69.59114
2018-12-17 14:00:00,55.08,48.929195,59.427063,67.385345,48.833298,67.48125
2018-12-17 14:15:00,51.05,48.000645,56.944435,65.72077,47.904747,65.81667
2018-12-17 14:30:00,47.95,46.782127,52.559875,64.9588,46.68623,65.0547
2018-12-17 14:45:00,57.82,45.00207,52.017372,63.72645,44.906174,63.82235
2018-12-17 15:00:00,59.11,47.326702,57.42378,70.261475,47.230804,70.357376
2018-12-17 15:15:00,60.62,49.125957,57.703175,69.27726,49.03006,69.37316
2018-12-17 15:30:00,53.6,49.57967,58.977276,68.843506,49.483772,68.93941
2018-12-17 15:45:00,60.44,49.696198,56.19578,67.5803,49.6003,67.6762
2018-12-17 16:00:00,67.5,49.978832,58.56525,69.97705,49.882935,70.07295
2018-12-17 16:15:00,85.86,53.852062,60.840332,75.88455,53.756165,75.98045
2018-12-17 16:30:00,82.33,64.02521,84.77029,101.21353,63.92931,101.30943
2018-12-17 16:45:00,59.8,61.80331,84.86368,101.81481,61.707413,101.91071
2018-12-17 17:00:00,60.37,50.208344,63.562958,80.97761,50.112446,81.07351
2018-12-17 17:15:00,56.38,48.807716,61.040516,80.77026,48.71182,80.866165
2018-12-17 17:30:00,52.99,46.19868,58.224808,74.24727,46.102783,74.34317
2018-12-17 17:45:00,35.35,33.97735,37.159348,58.91285,33.88145,59.008747
2018-12-17 18:00:00,31.32,27.694311,32.926678,37.03444,27.598413,37.130337
2018-12-17 18:15:00,16.09,27.908907,39.43729,43.59581,27.81301,43.691708
2018-12-17 18:30:00,6.37,6.0153046,12.343627,35.23938,5.919407,35.335278
2018-12-17 18:45:00,5.8,4.8337746,5.1490064,17.615814,4.737877,17.711712
2018-12-17 19:00:00,5.54,5.7098427,6.514701,16.586582,5.613945,16.68248
2018-12-17 19:15:00,5.54,4.7302303,8.252373,13.605999,4.6343327,13.701897
2018-12-17 19:30:00,5.62,4.5574985,6.849061,6.864238,4.461601,6.9601355
2018-12-17 19:45:00,5.54,4.5740213,5.9451575,6.4845324,4.4781237,6.58043
2018-12-17 20:00:00,5.62,4.3583984,5.283597,6.576478,4.262501,6.6723757
2018-12-17 20:15:00,5.54,4.445885,5.6190524,5.773306,4.3499875,5.8692036
2018-12-17 20:30:00,4.75,4.3686547,5.033787,5.5095778,4.272757,5.6054754
2018-12-17 20:45:00,4.46,3.7937217,4.001323,4.2112966,3.6978238,4.307194
2018-12-17 21:00:00,4.46,3.7252913,3.8438401,3.9954362,3.6293933,4.091334
2018-12-17 21:15:00,4.43,3.7971172,4.097807,4.157142,3.7012193,4.25304
2018-12-17 21:30:00,4.43,3.8816297,4.3467135,4.4481096,3.7857318,4.5440073
2018-12-17 21:45:00,4.46,3.9627314,4.3699355,4.3996577,3.8668334,4.4955554
2018-12-17 22:00:00,4.46,4.009692,4.324362,4.529336,3.9137943,4.6252337
2018-12-17 22:15:00,4.14,4.096725,4.556903,5.383902,4.0008273,5.4797997
2018-12-17 22:30:00,4.18,3.9465299,4.7910438,5.25229,3.850632,5.3481874
2018-12-17 22:45:00,4.21,3.9285886,5.2837214,7.040743,3.8326907,7.1366405
2018-12-17 23:00:00,4.18,3.9910781,5.285577,5.9583488,3.8951802,6.0542464
2018-12-17 23:15:00,4.14,3.95227,4.100517,4.1940675,3.856372,4.289965
2018-12-17 23:30:00,4.07,3.980163,4.1173453,4.1659408,3.8842652,4.2618384
2018-12-17 23:45:00,4.07,3.8061056,4.0616236,4.1519055,3.7102077,4.247803
2018-12-18 00:00:00,4.14,2.9243844,4.3484755,7.015405,2.8284864,7.111303
2018-12-18 00:15:00,5.22,3.7598493,4.1455,4.262948,3.6639514,4.3588457
2018-12-18 00:30:00,4.68,3.8425865,4.430358,5.997526,3.7466886,6.093424
2018-12-18 00:45:00,4.14,3.698798,3.9175482,4.379936,3.6029,4.475834
2018-12-18 01:00:00,4.1,3.702037,4.0261335,4.195326,3.6061392,4.2912235
2018-12-18 01:15:00,4.18,3.7457013,4.085068,4.2439976,3.6498034,4.3398952
2018-12-18 01:30:00,4.07,3.7339594,4.201081,4.2703876,3.6380615,4.3662853
2018-12-18 01:45:00,4.18,3.7612708,4.0903864,4.2643394,3.6653728,4.360237
2018-12-18 02:00:00,4.1,3.758502,4.1648455,4.344297,3.662604,4.4401946
2018-12-18 02:15:00,4.18,3.7995827,4.158744,4.306375,3.7036848,4.4022727
2018-12-18 02:30:00,4.14,3.8064184,4.1669416,4.3903055,3.7105205,4.486203
2018-12-18 02:45:00,4.21,3.798814,4.1705785,4.271321,3.7029161,4.3672185
2018-12-18 03:00:00,4.18,3.773819,4.1791196,4.3530245,3.677921,4.448922
2018-12-18 03:15:00,3.6,3.9312296,4.170879,4.3665285,3.8353317,4.462426
2018-12-18 03:30:00,3.42,3.341904,3.7509265,3.8724651,3.246006,3.968363
2018-12-18 03:45:00,3.42,3.2242577,3.492354,3.7022123,3.1283598,3.7981102
2018-12-18 04:00:00,3.38,3.1123686,3.5053425,3.6346505,3.0164707,3.7305484
2018-12-18 04:15:00,3.42,3.2041686,3.4875414,3.770438,3.1082706,3.8663359
2018-12-18 04:30:00,3.71,3.1997383,3.5072057,3.685967,3.1038404,3.781865
2018-12-18 04:45:00,4.18,3.31501,3.7068512,3.907175,3.2191122,4.0030727
2018-12-18 05:00:00,3.53,3.4647415,4.026158,4.3945866,3.3688436,4.490484
2018-12-18 05:15:00,3.46,3.1410336,3.483287,3.7253687,3.0451357,3.8212667
2018-12-18 05:30:00,3.38,3.1888092,3.4411669,3.6694064,3.0929112,3.7653043
2018-12-18 05:45:00,4.03,3.11447,3.4554172,3.6654391,3.018572,3.761337
2018-12-18 06:00:00,4.14,3.3316162,3.856763,4.3392487,3.2357183,4.4351463
2018-12-18 06:15:00,3.6,3.3932126,3.9170556,4.1885066,3.2973146,4.2844043
2018-12-18 06:30:00,3.38,3.2508109,3.6269674,3.7936738,3.154913,3.8895717
2018-12-18 06:45:00,3.35,3.2225106,3.475725,3.6968176,3.1266127,3.7927155
2018-12-18 07:00:00,3.31,3.1434443,3.4143665,3.6657972,3.0475464,3.7616951
2018-12-18 07:15:00,3.28,3.095691,3.4212546,3.8882005,2.999793,3.9840984
2018-12-18 07:30:00,3.42,3.2427397,3.7132764,4.2125387,3.1468418,4.3084364
2018-12-18 07:45:00,5.58,3.3318849,4.014416,5.251715,3.235987,5.347613
2018-12-18 08:00:00,7.27,4.6997895,13.005307,24.943628,4.603892,25.039526
2018-12-18 08:15:00,38.38,8.424674,33.466682,50.79099,8.328776,50.886887
2018-12-18 08:30:00,72.86,43.883827,57.760777,79.2625,43.78793,79.3584
2018-12-18 08:45:00,66.42,56.45292,73.49471,93.33331,56.35702,93.429214
2018-12-18 09:00:00,81.4,56.372803,68.88579,85.30075,56.276905,85.39665
2018-12-18 09:15:00,66.28,59.795486,79.107544,97.990074,59.69959,98.085976
2018-12-18 09:30:00,78.3,54.541477,66.84078,84.28745,54.44558,84.383354
2018-12-18 09:45:00,77.72,60.903088,76.656494,90.16523,60.80719,90.26113
2018-12-18 10:00:00,74.59,59.326775,76.39047,91.15328,59.230877,91.24918
2018-12-18 10:15:00,63.04,59.11825,71.91305,89.4524,59.022354,89.5483
2018-12-18 10:30:00,58.68,53.992477,64.632225,82.827866,53.89658,82.92377
2018-12-18 10:45:00,62.96,51.94647,59.586037,75.394325,51.85057,75.49023
2018-12-18 11:00:00,68.36,52.731728,63.855587,74.885956,52.63583,74.98186
2018-12-18 11:15:00,60.05,56.33958,65.56881,79.357765,56.243683,79.45367
2018-12-18 11:30:00,58.82,52.91146,61.60655,73.16575,52.815563,73.26165
2018-12-18 11:45:00,64.73,51.840134,60.18698,70.59477,51.744236,70.690674
2018-12-18 12:00:00,67.54,51.7106,61.160595,73.513756,51.614704,73.60966
2018-12-18 12:15:00,8.14,7.8885736,9.527197,48.10052,7.792676,48.19642
2018-12-18 12:30:00,8.64,5.4426994,6.199539,8.416122,5.3468018,8.51202
2018-12-18 12:45:00,8.78,7.4214935,9.160147,10.307874,7.325596,10.403771
2018-12-18 13:00:00,9.4,7.252815,10.250642,12.873752,7.156917,12.969649
2018-12-18 13:15:00,52.45,11.480039,39.515686,43.327194,11.384141,43.42309
2018-12-18 13:30:00,67.46,52.463646,66.72241,84.19409,52.36775,84.28999
2018-12-18 13:45:00,62.53,54.471317,66.13445,86.1851,54.37542,86.281
2018-12-18 14:00:00,62.46,52.448906,64.5546,78.90585,52.35301,79.001755
2018-12-18 14:15:00,67.18,52.452923,62.211876,71.13013,52.357025,71.22603
2018-12-18 14:30:00,113.51,55.95829,65.39117,75.9002,55.862392,75.9961
2018-12-18 14:45:00,99.5,69.56416,88.40659,108.72893,69.46826,108.82483
2018-12-18 15:00:00,68.0,69.00323,101.16606,116.34086,68.907326,116.43676
2018-12-18 15:15:00,120.82,56.052963,82.26158,109.36239,55.957066,109.45829
2018-12-18 15:30:00,79.45,71.043594,93.00058,115.71539,70.94769,115.811295
2018-12-18 15:45:00,117.68,61.61709,98.90287,118.71619,61.52119,118.81209
2018-12-18 16:00:00,114.08,73.91476,92.32604,118.69351,73.818855,118.78941
2018-12-18 16:15:00,106.27,72.36994,103.93153,115.000336,72.27404,115.09624
2018-12-18 16:30:00,93.28,76.086266,103.17811,116.2197,75.990364,116.315605
2018-12-18 16:45:00,127.58,71.90888,103.05404,115.105225,71.81298,115.201126
2018-12-18 17:00:00,94.61,74.03555,95.23863,113.508575,73.93965,113.60448
2018-12-18 17:15:00,101.02,66.91624,105.49118,124.057144,66.820335,124.153046
2018-12-18 17:30:00,112.14,68.632545,97.362724,113.41946,68.536644,113.51536
2018-12-18 17:45:00,68.08,35.198883,52.253685,78.2181,35.102985,78.314
2018-12-18 18:00:00,15.95,29.806225,47.19558,68.19794,29.710327,68.29384
2018-12-18 18:15:00,7.16,5.5186253,16.279789,38.846703,5.4227276,38.9426
2018-12-18 18:30:00,5.58,5.8925743,9.379416,46.815384,5.7966766,46.91128
2018-12-18 18:45:00,5.65,5.910577,8.352628,30.33861,5.814679,30.434507
2018-12-18 19:00:00,5.0,5.5071692,8.717511,28.950338,5.4112716,29.046236
2018-12-18 19:15:00,4.5,4.517104,6.519917,24.2302,4.4212065,24.326097
2018-12-18 19:30:00,4.39,3.9165509,7.981484,23.784405,3.820653,23.880302
2018-12-18 19:45:00,4.43,3.951657,8.811269,18.34593,3.8557591,18.441828
2018-12-18 20:00:00,4.39,4.164877,4.706787,13.106818,4.0689793,13.202716
2018-12-18 20:15:00,4.43,4.167126,4.226957,9.449439,4.0712285,9.545337
2018-12-18 20:30:00,4.36,4.244125,4.3619533,9.490547,4.148227,9.586445
2018-12-18 20:45:00,4.39,4.509946,4.8678346,8.668145,4.414048,8.764043
2018-12-18 21:00:00,4.43,4.0632033,4.276537,9.487592,3.9673054,9.583489
2018-12-18 21:15:00,4.39,4.0957384,4.3652935,5.0990376,3.9998405,5.1949353
2018-12-18 21:30:00,4.46,4.0494504,4.340521,4.5283475,3.9535525,4.624245
2018-12-18 21:45:00,4.39,4.1340885,4.4355464,4.5015535,4.038191,4.597451
2018-12-18 22:00:00,4.39,4.0830703,4.317661,4.4634595,3.9871724,4.559357
2018-12-18 22:15:00,4.25,4.1907134,4.4349275,5.4475064,4.0948157,5.543404
2018-12-18 22:30:00,5.18,4.163672,4.9798837,5.4498377,4.0677743,5.5457354
2018-12-18 22:45:00,5.15,4.3126116,6.0795035,7.017228,4.216714,7.113126
2018-12-18 23:00:00,4.14,4.3101826,5.4101343,6.0025764,4.214285,6.098474
2018-12-18 23:15:00,4.14,3.837463,3.959622,4.071783,3.741565,4.1676807
2018-12-18 23:30:00,4.14,3.8774424,4.0228567,4.1187315,3.7815444,4.214629
2018-12-18 23:45:00,4.1,3.8725631,4.0606318,4.14985,3.7766652,4.2457476
2018-12-19 00:00:00,3.92,3.1400676,4.0076694,6.8354373,3.0441697,6.931335
2018-12-19 00:15:00,4.14,3.7383542,3.9696035,4.059826,3.6424563,4.1557236
2018-12-19 00:30:00,4.14,3.9000535,4.181947,4.290728,3.8041556,4.386626
2018-12-19 00:45:00,4.14,3.8731952,4.127134,4.286772,3.7772973,4.3826694
2018-12-19 01:00:00,4.21,3.815467,4.1119766,4.2228136,3.719569,4.3187113
2018-12-19 01:15:00,4.14,3.8637934,4.1881385,4.2494054,3.7678955,4.345303
2018-12-19 01:30:00,4.14,3.8530388,4.118956,4.235237,3.7571409,4.331135
2018-12-19 01:45:00,4.18,3.868881,4.141177,4.2618523,3.772983,4.35775
2018-12-19 02:00:00,4.18,3.8748076,4.130932,4.315979,3.7789097,4.4118767
2018-12-19 02:15:00,4.93,3.8619077,4.1512456,4.282338,3.7660098,4.378236
2018-12-19 02:30:00,5.26,3.9865904,4.4419904,4.7114987,3.8906925,4.8073964
2018-12-19 02:45:00,4.14,3.9849992,4.5950775,5.840492,3.8891013,5.9363894
2018-12-19 03:00:00,4.14,3.80717,3.9436567,4.170275,3.711272,4.266173
2018-12-19 03:15:00,4.1,3.9498277,4.1701565,4.2565813,3.8539298,4.352479
2018-12-19 03:30:00,4.25,3.8397539,4.297505,4.542039,3.743856,4.6379366
2018-12-19 03:45:00,3.82,3.871022,4.2466245,4.5525365,3.775124,4.648434
2018-12-19 04:00:00,3.49,3.537466,3.8430173,4.095415,3.4415681,4.191313
2018-12-19 04:15:00,3.42,3.3476474,3.558963,3.6655033,3.2517495,3.7614012
2018-12-19 04:30:00,3.42,3.3277204,3.470752,3.6122837,3.2318225,3.7081816
2018-12-19 04:45:00,3.49,3.2043211,3.4743545,3.6912937,3.1084232,3.7871916
2018-12-19 05:00:00,3.38,3.3613925,3.4686217,3.6643348,3.2654946,3.7602327
2018-12-19 05:15:00,3.42,3.3097968,3.388321,3.7132764,3.213899,3.8091743
2018-12-19 05:30:00,3.38,3.3365507,3.426393,3.6870902,3.2406528,3.782988
2018-12-19 05:45:00,3.42,3.2961748,3.3881612,3.7272499,3.2002769,3.8231478
2018-12-19 06:00:00,3.42,3.2836142,3.3881354,3.7485154,3.1877162,3.8444133
2018-12-19 06:15:00,4.07,3.2610826,3.422642,3.756362,3.1651847,3.8522599
2018-12-19 06:30:00,4.18,3.4272983,3.9211006,4.5796227,3.3314004,4.6755204
2018-12-19 06:45:00,3.96,3.3625724,3.9390292,4.5318227,3.2666745,4.6277204
2018-12-19 07:00:00,4.1,3.4216585,3.7572083,4.037076,3.3257606,4.1329737
2018-12-19 07:15:00,4.1,3.762839,4.193993,4.664119,3.6669412,4.7600164
2018-12-19 07:30:00,4.07,3.858464,4.4314427,5.0832734,3.762566,5.179171
2018-12-19 07:45:00,5.76,3.9319189,4.3185973,5.749471,3.836021,5.845369
2018-12-19 08:00:00,6.23,4.7500377,5.961318,10.715142,4.65414,10.81104
2018-12-19 08:15:00,36.14,7.155219,29.502363,59.324703,7.0593214,59.4206
2018-12-19 08:30:00,70.81,44.02678,60.546497,83.97269,43.93088,84.06859
2018-12-19 08:45:00,59.54,54.692234,70.22652,95.36052,54.596336,95.45642
2018-12-19 09:00:00,63.86,52.97792,63.895363,79.259766,52.882023,79.35567
2018-12-19 09:15:00,77.4,53.762157,64.02899,84.30697,53.66626,84.40287
2018-12-19 09:30:00,65.23,61.0353,76.48541,99.292725,60.939404,99.388626
2018-12-19 09:45:00,69.3,54.456146,66.37024,81.635574,54.36025,81.731476
2018-12-19 10:00:00,61.13,55.024834,67.08643,84.752594,54.928936,84.848495
2018-12-19 10:15:00,61.16,52.352287,61.78337,76.58414,52.25639,76.68004
2018-12-19 10:30:00,70.42,53.337887,60.897896,74.30241,53.24199,74.39831
2018-12-19 10:45:00,63.68,55.94462,67.99227,85.72521,55.84872,85.82111
2018-12-19 11:00:00,83.09,54.51412,65.60262,79.31297,54.41822,79.408875
2018-12-19 11:15:00,140.8,60.88237,83.612656,105.516975,60.786472,105.61288
2018-12-19 11:30:00,110.88,78.009834,98.10051,119.27283,77.91393,119.36873
2018-12-19 11:45:00,115.13,68.6293,101.69191,120.61993,68.5334,120.71583
2018-12-19 12:00:00,101.99,74.10796,102.94759,121.98009,74.01206,122.07599
2018-12-19 12:15:00,12.13,8.022454,16.990694,29.635244,7.9265566,29.731142
2018-12-19 12:30:00,6.66,4.3761134,4.892597,20.145008,4.2802157,20.240906
2018-12-19 12:45:00,6.8,5.771903,6.057025,17.166395,5.6760054,17.262293
2018-12-19 13:00:00,6.98,6.353902,9.263836,20.352179,6.258004,20.448076
2018-12-19 13:15:00,62.42,17.847002,64.722374,65.61525,17.751104,65.71115
2018-12-19 13:30:00,116.46,58.281876,95.27625,106.41776,58.185978,106.513664
2018-12-19 13:45:00,89.86,73.045135,100.70482,122.76225,72.949234,122.858154
2018-12-19 14:00:00,98.03,67.44781,104.04009,121.49211,67.351906,121.58801
2018-12-19 14:15:00,149.18,70.34378,96.800766,120.941444,70.24788,121.037346
2018-12-19 14:30:00,116.64,75.746056,89.67,119.49101,75.650154,119.586914
2018-12-19 14:45:00,105.48,73.97398,100.489395,128.33041,73.87808,128.42632
2018-12-19 15:00:00,145.22,76.72399,106.05506,126.06044,76.62809,126.15634
2018-12-19 15:15:00,101.38,80.41432,98.80082,113.85813,80.31842,113.95403
2018-12-19 15:30:00,130.46,71.54541,103.87786,123.83914,71.44951,123.93504
2018-12-19 15:45:00,115.24,85.02006,100.08721,116.79056,84.92416,116.88646
2018-12-19 16:00:00,125.21,78.65384,110.19784,125.83086,78.55794,125.92676
2018-12-19 16:15:00,133.56,85.93452,107.08358,123.68379,85.838615,123.77969
2018-12-19 16:30:00,81.65,89.7872,110.65385,124.33783,89.6913,124.43373
2018-12-19 16:45:00,62.68,62.03244,97.980736,124.70784,61.936543,124.80374
2018-12-19 17:00:00,125.5,54.058964,76.38747,100.929535,53.963066,101.02544
2018-12-19 17:15:00,68.0,72.81846,99.956116,113.8889,72.72256,113.9848
2018-12-19 17:30:00,40.5,54.05474,74.47694,117.71801,53.958843,117.81391
2018-12-19 17:45:00,31.68,31.84238,35.770687,70.25121,31.746483,70.347115
2018-12-19 18:00:00,26.82,30.746567,40.22861,42.43208,30.65067,42.527977
2018-12-19 18:15:00,5.98,20.391323,37.40745,50.24817,20.295425,50.344067
2018-12-19 18:30:00,5.47,6.339728,9.037152,24.981426,6.24383,25.077324
2018-12-19 18:45:00,5.54,4.6324387,5.5906253,19.044733,4.536541,19.14063
2018-12-19 19:00:00,5.44,5.123231,5.9716144,27.8923,5.0273333,27.988197
2018-12-19 19:15:00,5.47,4.1239963,4.1523976,19.160543,4.0280986,19.256441
2018-12-19 19:30:00,5.47,4.224914,4.487387,10.689574,4.1290164,10.785472
2018-12-19 19:45:00,5.4,4.463734,4.50607,10.928074,4.3678365,11.023972
2018-12-19 20:00:00,5.33,4.2758226,4.543372,10.84279,4.179925,10.938687
2018-12-19 20:15:00,5.36,4.3771195,4.5268836,8.748331,4.281222,8.844229
2018-12-19 20:30:00,5.33,3.7948623,5.261845,8.600282,3.6989644,8.696179
2018-12-19 20:45:00,5.44,3.4407258,4.2078853,8.743458,3.344828,8.839355
2018-12-19 21:00:00,5.4,4.0567336,4.2730007,8.099179,3.9608357,8.195077
2018-12-19 21:15:00,5.4,4.1449184,4.3029194,6.792045,4.049021,6.887943
2018-12-19 21:30:00,5.04,4.2645073,4.2806034,6.1298327,4.1686096,6.2257304
2018-12-19 21:45:00,4.25,4.1501555,4.289347,4.7693515,4.054258,4.865249
2018-12-19 22:00:00,4.39,3.67595,4.1166034,4.3006153,3.5800521,4.396513
2018-12-19 22:15:00,4.03,4.3243227,4.36776,5.0686474,4.228425,5.164545
2018-12-19 22:30:00,4.03,4.0588017,4.3063974,5.1685095,3.9629037,5.264407
2018-12-19 22:45:00,3.96,4.0618887,4.400658,5.3188524,3.9659908,5.41475
2018-12-19 23:00:00,4.07,3.923436,3.9875093,5.149809,3.827538,5.2457066
2018-12-19 23:15:00,4.03,3.5268326,4.137678,4.2294335,3.4309347,4.325331
2018-12-19 23:30:00,3.92,3.5571399,4.0090456,4.2396593,3.461242,4.335557
2018-12-19 23:45:00,3.96,3.4409814,3.9825072,4.0962787,3.3450835,4.1921763
2018-12-20 00:00:00,3.89,3.30691,3.4583712,6.73598,3.2110121,6.8318777
2018-12-20 00:15:00,4.03,3.3937016,3.9200823,4.195676,3.2978036,4.2915735
2018-12-20 00:30:00,4.03,3.5817933,3.939466,4.438903,3.4858954,4.5348005
2018-12-20 00:45:00,4.0,3.5627027,3.9826753,4.299495,3.4668047,4.395393
2018-12-20 01:00:00,4.0,3.5526876,3.9564679,4.275047,3.4567897,4.3709445
2018-12-20 01:15:00,4.0,3.531321,3.9923668,4.31203,3.4354231,4.4079275
2018-12-20 01:30:00,4.1,3.5372844,4.0127087,4.326798,3.4413865,4.4226956
2018-12-20 01:45:00,4.0,3.6981077,4.1378794,4.4230065,3.6022098,4.518904
2018-12-20 02:00:00,4.07,3.5100427,4.0287166,4.337955,3.4141448,4.4338527
2018-12-20 02:15:00,4.43,3.5809412,4.1400876,4.4049964,3.4850433,4.500894
2018-12-20 02:30:00,5.18,3.870297,3.911565,4.659887,3.774399,4.7557845
2018-12-20 02:45:00,4.1,4.0196395,4.1915293,5.8774676,3.9237416,5.9733653
2018-12-20 03:00:00,4.0,3.516097,3.9021177,4.2935867,3.4201992,4.3894844
2018-12-20 03:15:00,4.1,3.599011,3.9107244,4.2401276,3.503113,4.336025
2018-12-20 03:30:00,4.03,4.081975,4.132916,4.3453536,3.986077,4.4412513
2018-12-20 03:45:00,4.1,3.5218883,3.9446685,4.401627,3.4259903,4.4975247
2018-12-20 04:00:00,3.31,3.666728,4.0609922,4.550502,3.57083,4.6463995
2018-12-20 04:15:00,3.35,2.937519,3.4335122,3.7747214,2.8416212,3.8706193
2018-12-20 04:30:00,3.46,3.003502,3.4351034,3.7199223,2.907604,3.8158202
2018-12-20 04:45:00,3.38,3.05338,3.3910024,3.7524867,2.957482,3.8483846
2018-12-20 05:00:00,3.35,2.9456425,3.450251,3.801477,2.8497446,3.8973749
2018-12-20 05:15:00,3.35,2.8946285,3.441931,3.845606,2.7987306,3.941504
2018-12-20 05:30:00,3.38,2.888195,3.5703025,3.809402,2.7922971,3.9053
2018-12-20 05:45:00,3.38,2.9260702,3.5524213,3.7967987,2.8301723,3.8926966
2018-12-20 06:00:00,3.92,2.9160109,3.5107827,3.916687,2.820113,4.0125847
2018-12-20 06:15:00,3.67,3.2566857,3.632878,4.084767,3.1607878,4.1806645
2018-12-20 06:30:00,3.35,3.133411,3.6158373,4.1665473,3.037513,4.262445
2018-12-20 06:45:00,4.0,2.9295235,3.4872494,4.0477114,2.8336256,4.143609
2018-12-20 07:00:00,4.03,3.4643893,3.762465,4.7599835,3.3684914,4.855881
2018-12-20 07:15:00,3.96,3.372901,3.7849262,4.7583094,3.277003,4.854207
2018-12-20 07:30:00,4.18,3.5349197,3.9144297,4.615864,3.4390218,4.7117615
2018-12-20 07:45:00,4.79,4.0029087,4.3264794,6.059945,3.9070108,6.155843
2018-12-20 08:00:00,5.87,4.6670117,6.990411,8.982077,4.571114,9.077974
2018-12-20 08:15:00,39.49,6.738847,27.815865,58.445473,6.642949,58.54137
2018-12-20 08:30:00,79.85,46.503162,61.611107,90.76816,46.407265,90.86406
2018-12-20 08:45:00,66.96,59.746502,89.28798,112.97597,59.650604,113.07187
2018-12-20 09:00:00,63.14,58.781544,73.739494,99.87529,58.685646,99.97119
2018-12-20 09:15:00,64.12,55.18025,65.24377,87.443504,55.08435,87.539406
2018-12-20 09:30:00,64.37,55.800797,62.04762,81.351326,55.7049,81.44723
2018-12-20 09:45:00,83.16,55.7283,63.613983,78.64891,55.6324,78.74481
2018-12-20 10:00:00,71.14,61.505985,83.52773,105.5035,61.410088,105.5994
2018-12-20 10:15:00,58.72,56.780052,70.43024,92.64597,56.684155,92.741875
2018-12-20 10:30:00,68.72,53.590794,62.321705,80.12002,53.494896,80.21592
2018-12-20 10:45:00,75.53,56.40806,68.32242,88.59626,56.31216,88.69216
2018-12-20 11:00:00,77.51,59.254475,69.56651,93.56796,59.158577,93.663864
2018-12-20 11:15:00,64.4,63.57629,81.39459,96.76334,63.480392,96.859245
2018-12-20 11:30:00,63.0,56.668343,66.05568,81.5968,56.572445,81.6927
2018-12-20 11:45:00,71.46,54.512142,65.46928,74.53696,54.416245,74.63286
2018-12-20 12:00:00,71.06,57.752937,65.40982,86.09645,57.65704,86.19235
2018-12-20 12:15:00,16.96,8.359131,11.1851225,45.192173,8.263233,45.28807
2018-12-20 12:30:00,7.67,5.802279,6.119429,12.319062,5.7063813,12.41496
2018-12-20 12:45:00,7.49,6.829334,7.996614,20.56136,6.733436,20.657257
2018-12-20 13:00:00,6.66,7.9578066,8.434081,25.404211,7.861909,25.500109
2018-12-20 13:15:00,42.7,10.691202,45.40718,51.871803,10.5953045,51.9677
2018-12-20 13:30:00,63.07,47.582417,65.40651,74.22812,47.48652,74.32402
2018-12-20 13:45:00,71.5,52.34285,66.43875,83.84085,52.246952,83.93675
2018-12-20 14:00:00,76.9,57.880722,69.16373,96.721466,57.784824,96.81737
2018-12-20 14:15:00,63.5,60.84523,74.04464,92.14562,60.749332,92.24152
2018-12-20 14:30:00,78.41,54.683914,64.05598,75.82536,54.588017,75.921265
2018-12-20 14:45:00,73.4,60.50859,76.34557,100.46303,60.412693,100.55893
2018-12-20 15:00:00,64.44,58.85644,70.7266,85.08926,58.760544,85.18516
2018-12-20 15:15:00,60.26,54.49819,63.876255,78.8803,54.402294,78.976204
2018-12-20 15:30:00,58.9,51.85798,62.32684,70.302734,51.76208,70.398636
2018-12-20 15:45:00,60.59,51.78593,60.0189,69.5922,51.690033,69.6881
2018-12-20 16:00:00,56.92,51.804302,60.426872,65.22447,51.708405,65.32037
2018-12-20 16:15:00,60.08,48.90563,56.830135,63.44357,48.80973,63.539467
2018-12-20 16:30:00,58.68,52.566044,60.572887,67.43461,52.470146,67.53051
2018-12-20 16:45:00,57.56,50.850086,56.44104,66.699844,50.75419,66.795746
2018-12-20 17:00:00,46.51,46.859997,54.984486,59.22265,46.7641,59.318546
2018-12-20 17:15:00,58.07,40.964756,47.638474,61.543255,40.86886,61.639153
2018-12-20 17:30:00,41.22,44.746376,54.947163,69.31786,44.65048,69.413765
2018-12-20 17:45:00,41.51,30.103437,32.015514,49.269127,30.00754,49.365025
2018-12-20 18:00:00,24.8,29.246336,36.03628,43.169407,29.150438,43.265305
2018-12-20 18:15:00,5.44,8.907596,26.260191,39.506855,8.811698,39.602753
2018-12-20 18:30:00,5.18,2.7197278,7.5635624,19.668531,2.6238298,19.76443
2018-12-20 18:45:00,5.29,3.0476284,5.155614,18.255491,2.9517305,18.351389
2018-12-20 19:00:00,5.29,3.5683596,4.8511257,13.042414,3.4724617,13.138311
2018-12-20 19:15:00,5.29,2.969098,4.8133936,12.982499,2.8732002,13.078397
2018-12-20 19:30:00,4.18,3.4216843,4.7436385,11.340193,3.3257864,11.43609
2018-12-20 19:45:00,4.07,3.068396,7.399894,9.074277,2.9724982,9.170175
2018-12-20 20:00:00,4.1,2.996333,5.215267,9.770217,2.900435,9.866115
2018-12-20 20:15:00,4.07,2.8016586,4.141819,6.449261,2.7057607,6.545159
2018-12-20 20:30:00,4.18,3.060473,4.2183037,6.2634163,2.964575,6.359314
2018-12-20 20:45:00,4.1,3.0568306,4.2262135,6.5311055,2.9609327,6.627003
2018-12-20 21:00:00,4.1,3.8343027,4.158963,6.787942,3.7384048,6.8838396
2018-12-20 21:15:00,4.14,3.8052704,4.180645,4.282125,3.7093725,4.3780227
2018-12-20 21:30:00,4.14,3.793147,4.184205,4.2880797,3.6972492,4.3839774
2018-12-20 21:45:00,4.21,3.7644544,4.1863794,4.299887,3.6685565,4.395785
2018-12-20 22:00:00,4.18,3.753003,4.17064,4.2764387,3.657105,4.3723364
2018-12-20 22:15:00,3.85,3.8168955,4.622892,6.9574485,3.7209976,7.053346
2018-12-20 22:30:00,3.85,3.5800018,3.8787637,6.7613173,3.484104,6.857215
2018-12-20 22:45:00,4.64,3.5690653,4.029584,6.8123817,3.4731674,6.9082794
2018-12-20 23:00:00,5.04,3.8380213,7.0085955,7.1212153,3.7421234,7.217113
2018-12-20 23:15:00,4.07,3.8403692,4.2248807,4.377988,3.7444713,4.4738855
2018-12-20 23:30:00,3.82,3.6586483,3.8958986,4.079449,3.5627503,4.175347
2018-12-20 23:45:00,3.85,3.5136425,3.806934,3.99701,3.4177446,4.092908
2018-12-21 00:00:00,3.92,2.6441653,3.7485096,7.0415435,2.5482674,7.137441
2018-12-21 00:15:00,3.89,3.5936997,3.8943841,4.146978,3.4978018,4.2428756
2018-12-21 00:30:00,3.85,3.6113584,3.8218153,4.11605,3.5154605,4.2119474
2018-12-21 00:45:00,3.89,3.6672852,3.8375862,4.1576195,3.5713873,4.253517
2018-12-21 01:00:00,3.89,3.6618063,3.8638184,4.1666274,3.5659084,4.262525
2018-12-21 01:15:00,3.96,3.6156814,3.824682,4.091302,3.5197835,4.1871996
2018-12-21 01:30:00,3.89,3.6173446,3.8630126,4.149695,3.5214467,4.2455926
2018-12-21 01:45:00,3.89,3.6258612,3.853613,4.1384377,3.5299633,4.2343354
2018-12-21 02:00:00,3.89,3.63957,3.8487241,4.069019,3.543672,4.1649165
2018-12-21 02:15:00,3.92,3.628018,3.9486196,4.129695,3.53212,4.2255926
2018-12-21 02:30:00,3.92,3.6321099,3.9774191,4.1835003,3.536212,4.279398
2018-12-21 02:45:00,3.92,3.651333,3.913946,4.108854,3.5554352,4.2047515
2018-12-21 03:00:00,3.96,3.6011171,3.8986738,4.097782,3.5052192,4.19368
2018-12-21 03:15:00,4.79,3.629872,3.8827126,4.1352425,3.5339742,4.23114
2018-12-21 03:30:00,4.5,3.6899369,4.6868453,4.7109046,3.594039,4.8068023
2018-12-21 03:45:00,3.24,3.7323332,4.489101,4.507031,3.6364353,4.6029286
2018-12-21 04:00:00,3.28,3.1197693,3.2958202,3.476366,3.0238714,3.572264
2018-12-21 04:15:00,3.24,3.1547565,3.3711665,3.887788,3.0588586,3.983686
2018-12-21 04:30:00,3.24,3.0716455,3.316584,3.5536087,2.9757476,3.6495066
2018-12-21 04:45:00,3.28,3.1735332,3.3115394,3.7225823,3.0776353,3.8184803
2018-12-21 05:00:00,3.28,3.1832354,3.3452003,3.7124298,3.0873375,3.8083277
2018-12-21 05:15:00,3.28,3.2048213,3.361031,3.7973323,3.1089234,3.8932302
2018-12-21 05:30:00,3.2,3.2014012,3.3479164,3.727802,3.1055033,3.8237
2018-12-21 05:45:00,3.24,3.136629,3.34403,3.7275312,3.0407312,3.823429
2018-12-21 06:00:00,3.2,3.143359,3.2745855,3.7845025,3.047461,3.8804004
2018-12-21 06:15:00,3.67,3.1330233,3.3245249,3.7337024,3.0371253,3.8296003
2018-12-21 06:30:00,3.96,3.1592698,3.5280828,3.8191128,3.063372,3.9150107
2018-12-21 06:45:00,3.92,3.3224435,3.6607206,4.267233,3.2265456,4.3631306
2018-12-21 07:00:00,3.89,3.2801733,3.648326,4.2523026,3.1842754,4.3482003
2018-12-21 07:15:00,3.67,3.4368122,3.7132535,4.4711003,3.3409142,4.566998
2018-12-21 07:30:00,3.17,3.4717836,3.810287,4.6121325,3.3758857,4.70803
2018-12-21 07:45:00,5.44,3.2296844,3.4628742,6.5295763,3.1337864,6.625474
2018-12-21 08:00:00,6.77,4.3511457,10.936759,15.6411295,4.255248,15.737027
2018-12-21 08:15:00,28.8,7.886241,29.303549,45.129967,7.7903433,45.225864
2018-12-21 08:30:00,54.22,37.34717,53.41291,72.21943,37.251274,72.31533
2018-12-21 08:45:00,56.41,48.444416,63.611885,72.44001,48.34852,72.53591
2018-12-21 09:00:00,56.74,49.46962,58.1695,67.91847,49.373722,68.01437
2018-12-21 09:15:00,43.78,48.2418,58.010674,71.633675,48.1459,71.729576
2018-12-21 09:30:00,47.52,39.831787,46.545315,57.6087,39.73589,57.704597
2018-12-21 09:45:00,56.2,43.260376,50.276363,60.290504,43.16448,60.386402
2018-12-21 10:00:00,51.59,46.17045,55.99848,66.8347,46.07455,66.9306
2018-12-21 10:15:00,66.64,46.462788,52.91719,65.65352,46.36689,65.74942
2018-12-21 10:30:00,53.14,53.105247,61.724968,73.64782,53.00935,73.74372
2018-12-21 10:45:00,58.54,48.5664,56.311085,68.53458,48.4705,68.63048
2018-12-21 11:00:00,73.12,48.343952,58.233215,68.97395,48.248055,69.069855
2018-12-21 11:15:00,67.79,57.60896,66.231476,79.03598,57.51306,79.13188
2018-12-21 11:30:00,65.59,55.50039,66.447975,74.86787,55.40449,74.96377
2018-12-21 11:45:00,57.85,54.28191,64.75356,77.04426,54.186012,77.14016
2018-12-21 12:00:00,58.9,48.5421,59.211777,71.7916,48.4462,71.887505
2018-12-21 12:15:00,7.42,6.4259043,8.836763,31.613491,6.3300066,31.709389
2018-12-21 12:30:00,8.35,4.4470935,5.83899,8.196814,4.351196,8.292711
2018-12-21 12:45:00,7.67,6.039872,8.701241,10.036646,5.9439745,10.132544
2018-12-21 13:00:00,7.2,5.8206973,8.764831,10.004045,5.7247996,10.099942
2018-12-21 13:15:00,39.74,10.197814,41.317017,53.985073,10.101916,54.08097
2018-12-21 13:30:00,58.03,43.378056,58.837738,69.61278,43.282158,69.70868
2018-12-21 13:45:00,63.97,48.637688,59.510193,70.07354,48.54179,70.16944
2018-12-21 14:00:00,56.34,52.60473,63.807636,76.4901,52.50883,76.586
2018-12-21 14:15:00,69.62,48.32105,56.90588,64.78116,48.22515,64.87706
2018-12-21 14:30:00,60.34,53.97916,63.564133,74.949234,53.883263,75.045135
2018-12-21 14:45:00,57.74,52.073547,61.24701,71.223755,51.97765,71.31966
2018-12-21 15:00:00,68.04,49.640945,58.726246,70.70688,49.545048,70.80278
2018-12-21 15:15:00,67.68,53.767635,60.9628,73.18814,53.671738,73.28404
2018-12-21 15:30:00,58.32,55.90053,63.400803,76.561676,55.804634,76.65758
2018-12-21 15:45:00,65.48,51.385902,59.956646,70.06011,51.290005,70.15601
2018-12-21 16:00:00,63.0,52.96374,59.34278,74.89554,52.867844,74.99144
2018-12-21 16:15:00,69.73,53.55432,60.731117,73.14189,53.458424,73.23779
2018-12-21 16:30:00,59.69,54.965664,62.625668,75.16856,54.869766,75.26446
2018-12-21 16:45:00,63.32,50.664932,61.428783,71.69592,50.569035,71.791824
2018-12-21 17:00:00,62.32,49.336666,59.512375,71.186874,49.24077,71.282776
2018-12-21 17:15:00,52.78,50.787334,60.53681,70.38248,50.691437,70.47838
2018-12-21 17:30:00,45.86,44.666515,52.913586,65.15657,44.570618,65.25247
2018-12-21 17:45:00,30.78,31.311983,33.064133,56.912685,31.216085,57.008583
2018-12-21 18:00:00,8.21,28.919983,32.01737,36.28208,28.824085,36.37798
2018-12-21 18:15:00,5.51,4.6650767,8.409055,19.76941,4.569179,19.865307
2018-12-21 18:30:00,5.4,4.2469873,6.1571703,12.35829,4.1510897,12.454187
2018-12-21 18:45:00,5.62,4.3985543,6.131048,11.594121,4.3026567,11.690019
2018-12-21 19:00:00,5.54,4.682633,5.4471903,11.100393,4.5867352,11.196291
2018-12-21 19:15:00,5.54,4.4829154,5.047151,12.552389,4.3870177,12.648287
2018-12-21 19:30:00,5.51,4.4568496,4.9883485,11.294393,4.360952,11.39029
2018-12-21 19:45:00,5.47,4.4219236,5.1960964,12.847062,4.326026,12.94296
2018-12-21 20:00:00,5.54,4.4686327,4.989149,12.669932,4.372735,12.76583
2018-12-21 20:15:00,5.47,4.326678,5.0278525,7.925657,4.23078,8.021555
2018-12-21 20:30:00,5.44,4.3602033,4.7979136,7.8802605,4.2643056,7.976158
2018-12-21 20:45:00,5.47,3.757943,4.834432,8.168145,3.662045,8.264043
2018-12-21 21:00:00,5.44,3.9788413,4.7815247,8.339572,3.8829434,8.43547
2018-12-21 21:15:00,5.54,3.9469564,4.8909254,6.031853,3.8510585,6.127751
2018-12-21 21:30:00,5.4,3.9307601,4.7816925,6.0104036,3.8348622,6.1063013
2018-12-21 21:45:00,5.44,3.9985776,4.862559,5.8702226,3.9026797,5.9661202
2018-12-21 22:00:00,5.44,4.0379834,4.862395,5.7910547,3.9420855,5.8869524
2018-12-21 22:15:00,5.18,4.1488066,4.860267,8.708333,4.052909,8.804231
2018-12-21 22:30:00,5.26,4.218389,4.7356515,8.81547,4.1224914,8.911367
2018-12-21 22:45:00,5.15,4.230502,4.987507,7.0082383,4.1346045,7.104136
2018-12-21 23:00:00,5.15,4.21909,4.8995905,5.6543794,4.1231923,5.750277
2018-12-21 23:15:00,5.11,4.1750026,4.697134,4.7589593,4.079105,4.854857
2018-12-21 23:30:00,4.57,4.108228,4.6681414,4.69174,4.0123305,4.7876377
2018-12-21 23:45:00,4.0,3.744365,4.2597256,4.418999,3.648467,4.514897
2018-12-22 00:00:00,3.31,3.0840986,3.763598,6.725477,2.9882007,6.821375
2018-12-22 00:15:00,4.0,3.1832078,3.5223978,3.5709558,3.0873098,3.6668537
2018-12-22 00:30:00,4.0,3.4340699,3.8859432,4.1000104,3.338172,4.195908
2018-12-22 00:45:00,4.0,3.3800175,3.8026505,4.1862345,3.2841196,4.282132
2018-12-22 01:00:00,4.1,3.3535805,3.7941859,4.1610928,3.2576826,4.2569904
2018-12-22 01:15:00,3.96,3.7580462,4.083983,4.2545185,3.6621482,4.350416
2018-12-22 01:30:00,4.03,3.6449344,3.8673952,4.1599455,3.5490365,4.255843
2018-12-22 01:45:00,4.03,3.635342,3.8935084,4.258193,3.539444,4.3540907
2018-12-22 02:00:00,3.96,3.5554168,3.9080744,4.302304,3.459519,4.3982015
2018-12-22 02:15:00,4.07,3.6196344,3.815164,4.0275226,3.5237365,4.1234202
2018-12-22 02:30:00,4.07,3.7599761,3.9915977,4.3730936,3.6640782,4.4689913
2018-12-22 02:45:00,3.67,3.7712386,3.9427786,4.2853303,3.6753407,4.381228
2018-12-22 03:00:00,3.31,3.2917783,3.742926,3.8813815,3.1958804,3.9772794
2018-12-22 03:15:00,3.82,3.1407042,3.3204067,3.6077201,3.0448062,3.703618
2018-12-22 03:30:00,4.07,3.300322,3.626587,4.03182,3.2044241,4.1277175
2018-12-22 03:45:00,3.42,3.3633327,4.1741447,4.216044,3.2674348,4.3119416
2018-12-22 04:00:00,3.38,3.0643892,3.3843243,3.4991314,2.9684913,3.5950294
2018-12-22 04:15:00,3.31,3.0982754,3.3636422,3.5515895,3.0023775,3.6474874
2018-12-22 04:30:00,3.38,3.0401888,3.3039622,3.5416293,2.9442909,3.6375272
2018-12-22 04:45:00,3.35,3.1489615,3.3203263,3.6475258,3.0530636,3.7434237
2018-12-22 05:00:00,3.38,3.149015,3.2916844,3.6737158,3.053117,3.7696137
2018-12-22 05:15:00,3.42,3.1729524,3.3382714,3.6108596,3.0770545,3.7067575
2018-12-22 05:30:00,3.96,3.1884782,3.3317902,3.6083498,3.0925803,3.7042477
2018-12-22 05:45:00,4.07,3.2358508,3.57115,3.913934,3.139953,4.009832
2018-12-22 06:00:00,4.07,3.2996845,3.779517,4.0483623,3.2037866,4.14426
2018-12-22 06:15:00,4.0,3.334298,3.7702112,4.168342,3.2384,4.26424
2018-12-22 06:30:00,3.38,3.574956,3.8894877,4.377305,3.479058,4.4732027
2018-12-22 06:45:00,3.35,3.1368668,3.268042,3.6034336,3.040969,3.6993315
2018-12-22 07:00:00,3.35,3.0962248,3.3321745,3.5282378,3.0003269,3.6241357
2018-12-22 07:15:00,3.31,3.036217,3.3056026,3.5488544,2.940319,3.6447523
2018-12-22 07:30:00,3.85,3.1778672,3.3392634,4.235141,3.0819693,4.3310385
2018-12-22 07:45:00,4.03,3.4016485,3.8774562,5.5209064,3.3057506,5.616804
2018-12-22 08:00:00,3.35,3.4409392,3.9927971,7.7076125,3.3450413,7.80351
2018-12-22 08:15:00,3.31,3.3372948,18.235237,19.197857,3.241397,19.293755
2018-12-22 08:30:00,3.24,3.4642963,5.394941,7.819502,3.3683984,7.9153996
2018-12-22 08:45:00,3.38,3.0789,4.002096,5.986152,2.9830022,6.08205
2018-12-22 09:00:00,3.82,3.188856,3.2115362,4.5347996,3.092958,4.6306973
2018-12-22 09:15:00,4.28,3.2786636,3.5929236,5.1774015,3.1827657,5.273299
2018-12-22 09:30:00,4.28,3.4485867,3.8318577,5.197472,3.3526888,5.29337
2018-12-22 09:45:00,4.32,3.4220803,3.883606,5.189416,3.3261824,5.2853136
2018-12-22 10:00:00,4.21,3.6991317,3.8694174,5.535111,3.6032338,5.6310086
2018-12-22 10:15:00,3.6,3.8644722,3.967993,5.9740806,3.7685742,6.069978
2018-12-22 10:30:00,3.6,3.388105,3.4625905,5.4017625,3.292207,5.49766
2018-12-22 10:45:00,3.6,3.2995882,3.309105,5.4409485,3.2036903,5.536846
2018-12-22 11:00:00,3.6,3.3496418,3.3791993,5.1678066,3.253744,5.2637043
2018-12-22 11:15:00,3.6,3.407733,3.6696038,5.3422766,3.311835,5.4381742
2018-12-22 11:30:00,3.6,3.4116664,3.9505773,5.4452925,3.3157685,5.54119
2018-12-22 11:45:00,3.6,3.2998614,3.3867538,5.177189,3.2039635,5.2730865
2018-12-22 12:00:00,3.6,2.5582223,3.0899332,6.468626,2.4623244,6.5645237
2018-12-22 12:15:00,3.71,3.3995152,3.5180159,4.5782027,3.3036172,4.6741004
2018-12-22 12:30:00,4.39,3.4414353,3.641518,4.4877405,3.3455374,4.583638
2018-12-22 12:45:00,4.1,3.481912,4.1656046,4.2721443,3.386014,4.368042
2018-12-22 13:00:00,3.71,3.4426003,3.851068,4.2001314,3.3467023,4.296029
2018-12-22 13:15:00,4.28,3.5606012,4.2222533,5.483593,3.4647033,5.5794907
2018-12-22 13:30:00,4.25,3.4229488,3.9068725,5.249957,3.327051,5.3458548
2018-12-22 13:45:00,4.25,3.5564394,4.177585,5.3831306,3.4605415,5.479028
2018-12-22 14:00:00,4.21,3.498817,3.6633375,4.902527,3.402919,4.9984245
2018-12-22 14:15:00,3.67,3.4093897,3.9436495,4.83885,3.3134918,4.9347477
2018-12-22 14:30:00,3.46,3.265913,3.3908172,4.5287724,3.170015,4.62467
2018-12-22 14:45:00,3.49,3.2088985,3.2824647,4.5849066,3.1130006,4.6808043
2018-12-22 15:00:00,3.53,3.012679,3.4153037,4.7671547,2.9167812,4.8630524
2018-12-22 15:15:00,3.56,3.326564,3.3395972,4.2751956,3.2306662,4.3710933
2018-12-22 15:30:00,3.53,3.4033706,3.555067,4.466124,3.3074727,4.5620217
2018-12-22 15:45:00,3.56,3.3900378,3.8712199,5.0338035,3.2941399,5.129701
2018-12-22 16:00:00,3.56,2.9665098,3.405129,3.807671,2.870612,3.903569
2018-12-22 16:15:00,3.49,3.145432,3.8567233,6.0637145,3.049534,6.159612
2018-12-22 16:30:00,3.53,3.155682,3.8172727,4.7282915,3.0597842,4.824189
2018-12-22 16:45:00,3.56,3.2872844,3.86375,4.7163525,3.1913865,4.81225
2018-12-22 17:00:00,4.68,3.3350732,3.845116,4.1396995,3.2391753,4.235597
2018-12-22 17:15:00,5.44,3.5215874,4.5748568,4.7926097,3.4256895,4.8885074
2018-12-22 17:30:00,4.46,3.915586,4.309638,8.386916,3.819688,8.482814
2018-12-22 17:45:00,4.28,3.4663973,3.7964094,4.5205774,3.3704994,4.616475
2018-12-22 18:00:00,4.07,3.697835,3.966661,4.2499304,3.601937,4.345828
2018-12-22 18:15:00,3.6,3.693961,4.323619,4.33583,3.598063,4.431728
2018-12-22 18:30:00,3.67,3.3557115,4.0525665,4.127282,3.2598135,4.22318
2018-12-22 18:45:00,3.67,3.3629284,4.058295,4.0779953,3.2670305,4.173893
2018-12-22 19:00:00,3.71,3.4586756,4.018239,4.038669,3.3627777,4.134567
2018-12-22 19:15:00,3.74,3.5775998,3.9453104,4.045369,3.4817019,4.141267
2018-12-22 19:30:00,3.71,3.598214,3.9501848,4.022194,3.502316,4.1180916
2018-12-22 19:45:00,3.74,3.5867198,3.8957372,4.0389304,3.4908218,4.134828
2018-12-22 20:00:00,3.67,3.573947,3.9779458,3.9811642,3.478049,4.077062
2018-12-22 20:15:00,3.67,3.517998,3.9342654,4.0341163,3.4221,4.130014
2018-12-22 20:30:00,3.67,3.5158496,3.7868793,3.9300628,3.4199517,4.0259604
2018-12-22 20:45:00,3.67,3.5102785,3.6276186,3.9524379,3.4143806,4.0483356
2018-12-22 21:00:00,4.18,3.505913,3.7151809,3.9610946,3.410015,4.0569925
2018-12-22 21:15:00,4.61,3.5312176,3.9461725,4.437704,3.4353197,4.5336018
2018-12-22 21:30:00,5.51,3.4966278,3.9456763,4.1894064,3.40073,4.285304
2018-12-22 21:45:00,4.43,3.6720226,4.372614,5.3912807,3.5761247,5.4871783
2018-12-22 22:00:00,4.1,3.570772,3.6702366,4.13173,3.474874,4.2276278
2018-12-22 22:15:00,3.46,3.680514,3.7800937,3.972324,3.5846162,4.0682216
2018-12-22 22:30:00,3.38,3.264955,3.4156857,3.6141007,3.1690571,3.7099986
2018-12-22 22:45:00,3.42,3.160783,3.3172317,3.7012832,3.0648851,3.7971811
2018-12-22 23:00:00,3.38,3.1740527,3.376219,3.5926867,3.0781548,3.6885846
2018-12-22 23:15:00,3.35,3.2527635,3.3185706,3.607849,3.1568656,3.7037468
2018-12-22 23:30:00,3.31,3.2610621,3.2764993,3.5725417,3.1651642,3.6684396
2018-12-22 23:45:00,3.31,3.0962558,3.2614787,3.669068,3.0003579,3.764966
2018-12-23 00:00:00,3.78,2.376908,3.329675,7.8967676,2.2810102,7.9926653
2018-12-23 00:15:00,3.31,3.2231965,3.4089525,3.907924,3.1272986,4.003822
2018-12-23 00:30:00,3.35,3.0291142,3.1759539,3.6033604,2.9332163,3.6992583
2018-12-23 00:45:00,3.42,3.070487,3.2614665,3.611925,2.974589,3.7078228
2018-12-23 01:00:00,4.93,3.0940976,3.3184872,3.6388686,2.9981997,3.7347665
2018-12-23 01:15:00,4.93,3.556443,3.9216185,4.6892385,3.460545,4.785136
2018-12-23 01:30:00,4.14,3.5774226,3.8111577,4.4340396,3.4815247,4.5299373
2018-12-23 01:45:00,4.07,3.5703878,3.6421368,4.125513,3.47449,4.2214108
2018-12-23 02:00:00,3.49,3.752174,3.8214452,4.3677206,3.656276,4.4636183
2018-12-23 02:15:00,3.46,3.1712675,3.313588,3.7911003,3.0753696,3.8869982
2018-12-23 02:30:00,3.49,3.234595,3.3504755,3.7089372,3.1386971,3.804835
2018-12-23 02:45:00,3.42,3.2032042,3.343631,3.6917114,3.1073062,3.7876093
2018-12-23 03:00:00,3.42,3.3391368,3.400212,3.6965227,3.243239,3.7924206
2018-12-23 03:15:00,3.46,3.3398573,3.3509092,3.7023551,3.2439594,3.798253
2018-12-23 03:30:00,3.42,3.3228128,3.3361673,3.695471,3.226915,3.791369
2018-12-23 03:45:00,3.53,3.2759304,3.3424346,3.6577713,3.1800325,3.7536693
2018-12-23 04:00:00,3.46,3.291978,3.3643572,3.8594494,3.19608,3.9553473
2018-12-23 04:15:00,3.42,3.2526174,3.323272,3.789975,3.1567194,3.8858728
2018-12-23 04:30:00,3.6,3.2322865,3.361818,3.7850475,3.1363885,3.8809454
2018-12-23 04:45:00,4.14,3.350147,3.5122192,3.976884,3.254249,4.0727816
2018-12-23 05:00:00,5.18,3.4282017,3.7331653,4.347507,3.3323038,4.4434047
2018-12-23 05:15:00,4.64,3.8237364,4.5982394,6.315567,3.7278385,6.4114647
2018-12-23 05:30:00,4.1,3.6133952,3.6572886,4.2925677,3.5174973,4.3884654
2018-12-23 05:45:00,3.49,3.700961,3.7439806,4.275327,3.6050632,4.371225
2018-12-23 06:00:00,3.38,3.3391335,3.5513852,3.706506,3.2432356,3.802404
2018-12-23 06:15:00,3.35,3.1668098,3.2748263,3.644353,3.070912,3.7402508
2018-12-23 06:30:00,3.46,3.1143456,3.2161725,3.6084344,3.0184476,3.7043324
2018-12-23 06:45:00,3.38,3.2878895,3.3300428,3.8114522,3.1919916,3.90735
2018-12-23 07:00:00,3.38,3.2978697,3.3012612,3.7567377,3.2019718,3.8526356
2018-12-23 07:15:00,3.38,3.2733054,3.3042898,3.7563894,3.1774075,3.8522873
2018-12-23 07:30:00,3.38,3.2643414,3.4167118,4.097506,3.1684434,4.1934037
2018-12-23 07:45:00,3.42,3.2466342,3.5600448,5.348916,3.1507363,5.4448137
2018-12-23 08:00:00,3.49,3.2461681,3.5148973,6.85412,3.1502702,6.9500175
2018-12-23 08:15:00,4.07,3.1310701,21.638668,28.511423,3.0351722,28.60732
2018-12-23 08:30:00,4.97,3.569706,10.113481,21.43699,3.473808,21.532888
2018-12-23 08:45:00,4.82,4.782568,8.241403,17.082315,4.6866703,17.178213
2018-12-23 09:00:00,4.28,4.669196,8.543832,15.702271,4.5732985,15.798169
2018-12-23 09:15:00,3.92,4.587434,5.7277718,11.405697,4.491536,11.501595
2018-12-23 09:30:00,3.71,4.470809,4.7013593,10.381841,4.3749113,10.477738
2018-12-23 09:45:00,3.64,4.0335755,4.3008394,10.066582,3.9376776,10.162479
2018-12-23 10:00:00,3.64,3.610956,4.2429447,7.420881,3.515058,7.5167785
2018-12-23 10:15:00,3.67,3.1692755,3.8758278,6.716424,3.0733776,6.8123217
2018-12-23 10:30:00,3.71,3.2898626,5.0912905,5.7938757,3.1939647,5.8897734
2018-12-23 10:45:00,3.71,3.290205,5.041742,5.9206448,3.194307,6.0165424
2018-12-23 11:00:00,3.74,3.2220566,5.404487,7.2058997,3.1261587,7.3017974
2018-12-23 11:15:00,3.78,3.1711175,5.164424,7.1483464,3.0752196,7.244244
2018-12-23 11:30:00,3.71,3.1867025,5.556673,5.970744,3.0908046,6.066642
2018-12-23 11:45:00,3.74,3.1335223,5.0194316,6.027115,3.0376244,6.1230125
2018-12-23 12:00:00,3.96,3.0994313,3.3199525,3.4295056,3.0035334,3.5254035
2018-12-23 12:15:00,4.86,3.5738819,3.789566,6.844499,3.477984,6.940397
2018-12-23 12:30:00,5.54,3.6150534,4.41222,5.82289,3.5191555,5.9187875
2018-12-23 12:45:00,4.54,4.0446854,4.266448,7.17907,3.9487875,7.2749677
2018-12-23 13:00:00,4.36,3.872167,3.884736,4.51642,3.7762692,4.6123176
2018-12-23 13:15:00,3.67,4.8710957,8.152654,9.156563,4.775198,9.2524605
2018-12-23 13:30:00,3.67,3.1321201,4.0950165,10.622755,3.0362222,10.718653
2018-12-23 13:45:00,3.67,3.4890435,4.220098,8.887164,3.3931456,8.983062
2018-12-23 14:00:00,3.67,3.8038278,4.22236,7.7242103,3.7079298,7.820108
2018-12-23 14:15:00,3.71,3.2693932,4.932188,7.655046,3.1734953,7.7509437
2018-12-23 14:30:00,3.67,3.3111327,5.4787126,6.462786,3.2152348,6.558684
2018-12-23 14:45:00,3.67,3.2292912,5.286433,6.327568,3.1333933,6.4234657
2018-12-23 15:00:00,3.67,3.257977,5.527965,7.4565983,3.162079,7.552496
2018-12-23 15:15:00,3.64,3.22983,5.3451233,7.0547476,3.133932,7.1506453
2018-12-23 15:30:00,3.67,3.1895566,5.4544315,6.7752986,3.0936587,6.8711963
2018-12-23 15:45:00,3.74,3.2761095,5.425205,7.0619845,3.1802115,7.157882
2018-12-23 16:00:00,4.36,3.3106177,5.602857,5.882133,3.2147198,5.9780307
2018-12-23 16:15:00,4.36,3.5725887,5.735669,10.420402,3.4766908,10.516299
2018-12-23 16:30:00,5.0,3.8474262,6.9092374,11.111127,3.7515283,11.207025
2018-12-23 16:45:00,5.33,3.4309733,4.5328593,5.942107,3.3350754,6.038005
2018-12-23 17:00:00,3.6,3.9305432,3.9799442,5.215231,3.8346453,5.3111286
2018-12-23 17:15:00,3.56,3.1921291,3.579178,4.7725773,3.0962312,4.868475
2018-12-23 17:30:00,3.6,3.5065563,4.00447,4.5983667,3.4106584,4.6942644
2018-12-23 17:45:00,3.67,3.4413905,3.902776,4.650925,3.3454926,4.746823
2018-12-23 18:00:00,3.49,3.6231256,3.7444353,4.526748,3.5272276,4.622646
2018-12-23 18:15:00,3.49,3.4220786,3.8520691,3.997658,3.3261807,4.093556
2018-12-23 18:30:00,3.49,3.4184673,3.9260495,4.0108976,3.3225694,4.1067953
2018-12-23 18:45:00,3.64,3.4213376,3.9754808,4.0073614,3.3254397,4.103259
2018-12-23 19:00:00,3.64,3.4293706,3.850134,4.198784,3.3334727,4.2946815
2018-12-23 19:15:00,4.03,3.433194,3.8373466,4.177846,3.337296,4.2737436
2018-12-23 19:30:00,4.25,3.433626,4.1216707,4.684597,3.337728,4.7804947
2018-12-23 19:45:00,4.28,3.4475157,4.169937,4.6524816,3.3516178,4.748379
2018-12-23 20:00:00,4.25,3.53097,4.121182,4.5351243,3.4350722,4.631022
2018-12-23 20:15:00,4.0,3.8237183,4.2795987,4.679412,3.7278204,4.7753096
2018-12-23 20:30:00,3.49,3.6286404,4.0618663,4.5153017,3.5327425,4.6111994
2018-12-23 20:45:00,4.21,3.2725236,3.5636938,3.8261204,3.1766257,3.9220183
2018-12-23 21:00:00,4.14,3.6504142,4.0795317,4.459301,3.5545163,4.5551987
2018-12-23 21:15:00,3.49,3.5906959,4.03271,4.2936406,3.494798,4.3895383
2018-12-23 21:30:00,3.42,3.2499402,3.5527236,3.7537656,3.1540422,3.8496635
2018-12-23 21:45:00,3.46,3.2962258,3.570489,3.7404053,3.2003279,3.8363032
2018-12-23 22:00:00,3.53,3.2702918,3.5292718,3.677542,3.174394,3.77344
2018-12-23 22:15:00,3.2,3.3447256,3.3490949,3.8095622,3.2488277,3.9054601
2018-12-23 22:30:00,3.2,3.0670254,3.196529,3.6065178,2.9711275,3.7024157
2018-12-23 22:45:00,3.2,3.0664983,3.1919835,3.589424,2.9706004,3.6853218
2018-12-23 23:00:00,3.96,3.0644965,3.189666,3.6849344,2.9685986,3.7808323
2018-12-23 23:15:00,4.0,3.2782028,3.477765,3.99668,3.1823049,4.092578
2018-12-23 23:30:00,4.0,3.2989926,3.6014137,3.915871,3.2030947,4.011769
2018-12-23 23:45:00,4.0,3.3719738,3.7067335,4.1079445,3.2760758,4.203842
2018-12-24 00:00:00,3.78,3.5143123,4.2772017,6.785944,3.4184144,6.8818417
2018-12-24 00:15:00,3.35,3.5094192,3.7761707,3.9911773,3.4135213,4.087075
2018-12-24 00:30:00,3.38,3.2048132,3.4774811,3.6095476,3.1089153,3.7054455
2018-12-24 00:45:00,3.38,3.1627698,3.430137,3.6049495,3.066872,3.7008474
2018-12-24 01:00:00,3.96,3.119369,3.4749477,3.6171076,3.023471,3.7130055
2018-12-24 01:15:00,3.89,3.3367512,3.7077997,3.9872293,3.2408533,4.083127
2018-12-24 01:30:00,3.38,3.3969402,3.5399444,3.8861692,3.3010423,3.982067
2018-12-24 01:45:00,3.35,3.1842256,3.3400972,3.5846035,3.0883276,3.6805015
2018-12-24 02:00:00,3.49,3.1897576,3.3383899,3.5991883,3.0938597,3.6950862
2018-12-24 02:15:00,3.38,3.1581762,3.4197328,3.6916761,3.0622783,3.787574
2018-12-24 02:30:00,3.42,3.2144408,3.3914769,3.807172,3.118543,3.90307
2018-12-24 02:45:00,4.0,3.2323136,3.44008,3.7810907,3.1364157,3.8769886
2018-12-24 03:00:00,4.07,3.3583903,3.7283037,4.235213,3.2624924,4.3311105
2018-12-24 03:15:00,4.14,3.4054413,3.7684624,4.2023377,3.3095434,4.2982354
2018-12-24 03:30:00,4.1,3.461848,4.2838235,4.315922,3.36595,4.4118195
2018-12-24 03:45:00,3.96,3.7601705,3.9587212,4.494433,3.6642725,4.5903306
2018-12-24 04:00:00,3.35,3.4977489,3.8536747,4.1825957,3.401851,4.2784934
2018-12-24 04:15:00,3.38,3.138661,3.441676,3.6182978,3.042763,3.7141957
2018-12-24 04:30:00,3.64,3.128281,3.407841,3.5776017,3.0323832,3.6734996
2018-12-24 04:45:00,4.07,3.342859,3.5721183,3.7983844,3.246961,3.8942823
2018-12-24 05:00:00,3.42,3.4836175,3.7654517,4.3262463,3.3877196,4.422144
2018-12-24 05:15:00,3.31,3.1573539,3.3644297,3.5656817,3.061456,3.6615796
2018-12-24 05:30:00,3.35,3.1711233,3.2749057,3.5317168,3.0752254,3.6276147
2018-12-24 05:45:00,3.35,3.1324751,3.33435,3.5679498,3.0365772,3.6638477
2018-12-24 06:00:00,3.35,3.2135253,3.3561592,3.7320623,3.1176274,3.8279603
2018-12-24 06:15:00,3.38,3.2223089,3.32798,3.7412136,3.126411,3.8371115
2018-12-24 06:30:00,3.6,3.228675,3.3841019,3.79151,3.132777,3.887408
2018-12-24 06:45:00,4.03,3.3514283,3.5468376,3.9137166,3.2555304,4.0096145
2018-12-24 07:00:00,4.0,3.3968189,3.712993,4.6316147,3.300921,4.7275124
2018-12-24 07:15:00,3.96,3.3986616,3.6913347,4.2207365,3.3027637,4.316634
2018-12-24 07:30:00,4.54,3.5747566,3.8461695,5.2279506,3.4788587,5.3238482
2018-12-24 07:45:00,5.36,3.925567,4.4654646,6.2830873,3.829669,6.378985
2018-12-24 08:00:00,6.52,4.552164,8.646561,10.916023,4.4562664,11.011921
2018-12-24 08:15:00,21.89,5.9743953,24.241644,26.633812,5.8784976,26.72971
2018-12-24 08:30:00,59.62,16.9494,43.0986,67.2222,16.853502,67.3181
2018-12-24 08:45:00,64.58,49.497463,62.631092,77.77288,49.401566,77.86878
2018-12-24 09:00:00,67.18,52.467827,63.952206,82.02295,52.37193,82.11885
2018-12-24 09:15:00,69.44,55.577526,64.9753,81.44838,55.48163,81.54428
2018-12-24 09:30:00,65.38,57.236015,62.78213,75.4585,57.140118,75.554405
2018-12-24 09:45:00,67.0,55.272938,66.09425,75.0838,55.17704,75.1797
2018-12-24 10:00:00,56.27,55.622433,63.114708,77.68616,55.526535,77.78206
2018-12-24 10:15:00,54.18,50.200653,58.900623,71.421776,50.104755,71.51768
2018-12-24 10:30:00,58.39,50.14047,58.25022,70.09904,50.04457,70.19494
2018-12-24 10:45:00,54.86,51.690517,58.102024,71.59919,51.59462,71.69509
2018-12-24 11:00:00,54.18,50.564735,58.18525,71.43078,50.468838,71.52668
2018-12-24 11:15:00,55.55,49.587387,61.04942,72.708885,49.49149,72.80479
2018-12-24 11:30:00,53.21,49.203808,57.15321,66.31675,49.10791,66.41265
2018-12-24 11:45:00,53.03,49.455765,56.06522,65.08628,49.359867,65.18218
2018-12-24 12:00:00,40.64,45.712944,53.085632,64.725655,45.617046,64.821556
2018-12-24 12:15:00,6.91,4.5123644,7.5284433,24.052849,4.4164667,24.148746
2018-12-24 12:30:00,6.91,4.9934087,6.2472787,9.868521,4.897511,9.964418
2018-12-24 12:45:00,6.48,5.986362,8.968861,8.982907,5.8904643,9.078805
2018-12-24 13:00:00,6.12,5.223148,5.3847203,9.284159,5.12725,9.380056
2018-12-24 13:15:00,34.49,9.122623,22.664785,35.411507,9.026726,35.507404
2018-12-24 13:30:00,46.98,41.20923,56.12497,65.38921,41.11333,65.485115
2018-12-24 13:45:00,38.2,44.577003,54.64199,62.623264,44.481106,62.719162
2018-12-24 14:00:00,37.84,36.83052,43.185642,49.96931,36.734623,50.06521
2018-12-24 14:15:00,43.45,36.87486,44.060123,52.442177,36.77896,52.538074
2018-12-24 14:30:00,63.9,40.32723,44.353485,57.991722,40.23133,58.08762
2018-12-24 14:45:00,38.48,51.82694,57.957085,79.27635,51.73104,79.37225
2018-12-24 15:00:00,38.12,38.636127,45.72663,56.151524,38.54023,56.24742
2018-12-24 15:15:00,45.25,37.48201,42.06364,58.21913,37.386112,58.31503
2018-12-24 15:30:00,51.12,43.14254,50.777206,67.471756,43.046642,67.56766
2018-12-24 15:45:00,45.72,47.563343,53.279224,66.59418,47.467445,66.69008
2018-12-24 16:00:00,51.7,41.187504,48.71018,57.430305,41.091606,57.526203
2018-12-24 16:15:00,47.2,46.74496,55.243507,70.82337,46.649063,70.91927
2018-12-24 16:30:00,69.55,43.659565,52.030304,65.46672,43.563667,65.56262
2018-12-24 16:45:00,44.82,52.474945,58.076195,78.98563,52.379047,79.08153
2018-12-24 17:00:00,40.86,39.29213,47.63391,58.826828,39.19623,58.922726
2018-12-24 17:15:00,33.66,34.151405,41.99296,56.09004,34.055508,56.185936
2018-12-24 17:30:00,9.86,31.798967,37.70306,53.90114,31.70307,53.997036
2018-12-24 17:45:00,6.73,6.474343,10.371252,25.884552,6.378445,25.98045
2018-12-24 18:00:00,5.29,5.717502,7.039209,19.141623,5.6216044,19.23752
2018-12-24 18:15:00,5.22,4.37963,7.3611903,10.110503,4.2837324,10.206401
2018-12-24 18:30:00,5.18,4.2136006,6.2830167,7.698107,4.117703,7.7940044
2018-12-24 18:45:00,5.33,4.0715537,5.437358,6.941682,3.9756558,7.0375795
2018-12-24 19:00:00,5.04,4.3912916,5.0518327,7.9827147,4.295394,8.078612
2018-12-24 19:15:00,4.14,4.1827145,5.0025835,7.479062,4.086817,7.5749598
2018-12-24 19:30:00,4.18,3.881035,4.5740976,5.0461326,3.7851372,5.1420302
2018-12-24 19:45:00,4.1,3.8823113,4.893871,4.9338717,3.7864134,5.0297694
2018-12-24 20:00:00,4.18,3.7774854,4.843323,5.180232,3.6815875,5.2761297
2018-12-24 20:15:00,4.1,3.774172,4.3318877,4.3426404,3.6782742,4.438538
2018-12-24 20:30:00,4.14,3.7675035,4.1837454,4.2324085,3.6716056,4.328306
2018-12-24 20:45:00,4.21,3.778486,4.074296,4.116867,3.682588,4.2127647
2018-12-24 21:00:00,4.18,3.764512,4.148675,4.183495,3.6686141,4.2793927
2018-12-24 21:15:00,4.18,3.7262473,4.1669188,4.2300453,3.6303494,4.325943
2018-12-24 21:30:00,4.14,3.904347,4.1362658,4.287154,3.808449,4.383052
2018-12-24 21:45:00,4.18,3.9093215,4.1333833,4.2019753,3.8134236,4.297873
2018-12-24 22:00:00,5.4,3.7350135,4.087694,4.1784477,3.6391156,4.2743454
2018-12-24 22:15:00,4.5,3.9165952,5.7912726,11.407814,3.8206973,11.503712
2018-12-24 22:30:00,3.92,3.809155,4.683604,9.665292,3.713257,9.761189
2018-12-24 22:45:00,3.89,3.654831,4.2276874,9.400801,3.558933,9.496698
2018-12-24 23:00:00,3.85,3.811711,3.9606712,7.226135,3.7158132,7.3220325
2018-12-24 23:15:00,3.85,3.495971,3.780895,3.9378538,3.400073,4.0337515
2018-12-24 23:30:00,3.82,3.6115093,3.787419,3.9601054,3.5156114,4.056003
2018-12-24 23:45:00,3.85,3.6037552,3.7195423,3.9692507,3.5078573,4.0651484
2018-12-25 00:00:00,3.13,2.9066715,4.125625,6.7273126,2.8107736,6.8232102
2018-12-25 00:15:00,3.85,3.0709376,3.4218805,3.5912428,2.9750397,3.6871407
2018-12-25 00:30:00,3.92,3.3110995,3.70152,3.8969483,3.2152016,3.9928463
2018-12-25 00:45:00,3.89,3.3413954,3.8412104,3.8708797,3.2454975,3.9667776
2018-12-25 01:00:00,3.85,3.3070672,3.6390824,3.835363,3.2111692,3.9312608
2018-12-25 01:15:00,3.56,3.5877194,3.781709,3.969858,3.4918215,4.065756
2018-12-25 01:30:00,3.2,3.3473132,3.6287103,3.7244532,3.2514153,3.8203511
2018-12-25 01:45:00,3.92,3.1057134,3.3133774,3.5176227,3.0098155,3.6135206
2018-12-25 02:00:00,3.64,3.3070207,3.683146,3.9448888,3.2111228,4.0407867
2018-12-25 02:15:00,3.17,3.1927884,3.5496376,3.7436793,3.0968904,3.8395772
2018-12-25 02:30:00,3.17,3.032092,3.1430118,3.365967,2.9361942,3.461865
2018-12-25 02:45:00,3.2,3.038296,3.171748,3.4049995,2.942398,3.5008974
2018-12-25 03:00:00,3.24,3.0089962,3.287021,3.4685774,2.9130983,3.5644753
2018-12-25 03:15:00,3.2,3.1129322,3.1889799,3.6444638,3.0170343,3.7403617
2018-12-25 03:30:00,3.2,3.111943,3.2159107,3.6110425,3.016045,3.7069404
2018-12-25 03:45:00,3.28,3.11266,3.24562,3.531574,3.016762,3.627472
2018-12-25 04:00:00,3.96,3.115012,3.2875745,3.6541154,3.019114,3.7500134
2018-12-25 04:15:00,3.96,3.130839,3.5157213,3.9294438,3.0349412,4.0253415
2018-12-25 04:30:00,3.92,3.1912408,3.5728278,3.8330925,3.0953429,3.9289904
2018-12-25 04:45:00,3.89,3.3594608,3.6413264,3.880822,3.263563,3.9767199
2018-12-25 05:00:00,3.35,3.5079799,3.688889,4.0896807,3.412082,4.1855783
2018-12-25 05:15:00,3.24,3.14102,3.3333771,3.5405679,3.0451221,3.6364658
2018-12-25 05:30:00,3.35,3.0787761,3.2415226,3.4935875,2.9828782,3.5894854
2018-12-25 05:45:00,3.96,3.046886,3.31414,3.49893,2.950988,3.594828
2018-12-25 06:00:00,3.71,3.2690418,3.6418922,3.8533504,3.1731439,3.9492483
2018-12-25 06:15:00,3.17,3.2034242,3.516503,3.6426473,3.1075263,3.7385452
2018-12-25 06:30:00,3.2,3.0337932,3.1528137,3.387063,2.9378953,3.482961
2018-12-25 06:45:00,3.2,3.059112,3.2701228,3.5202277,2.9632142,3.6161256
2018-12-25 07:00:00,3.17,3.029492,3.217278,3.4304907,2.933594,3.5263886
2018-12-25 07:15:00,3.24,3.101575,3.1397197,3.5800972,3.005677,3.675995
2018-12-25 07:30:00,3.85,3.146457,3.5496135,4.180177,3.050559,4.276075
2018-12-25 07:45:00,3.92,3.4990318,4.1540275,5.2465196,3.4031339,5.3424172
2018-12-25 08:00:00,3.89,3.5267923,3.9252462,9.383231,3.4308944,9.479129
2018-12-25 08:15:00,3.89,3.6713595,29.294807,32.959423,3.5754616,33.05532
2018-12-25 08:30:00,3.49,4.8383546,9.034873,19.36313,4.742457,19.459028
2018-12-25 08:45:00,3.24,4.2727222,4.6984744,7.9526157,4.1768246,8.048513
2018-12-25 09:00:00,3.38,3.1443217,3.8100839,7.276353,3.0484238,7.3722506
2018-12-25 09:15:00,3.49,3.0370467,4.1361837,7.4014373,2.9411488,7.497335
2018-12-25 09:30:00,3.46,3.0273356,4.8015165,6.1680956,2.9314377,6.2639933
2018-12-25 09:45:00,3.82,3.1690543,4.413835,5.5362554,3.0731564,5.632153
2018-12-25 10:00:00,3.96,3.2440135,4.0647736,7.9094024,3.1481156,8.0053005
2018-12-25 10:15:00,3.42,3.4561803,4.949762,7.9913077,3.3602824,8.087206
2018-12-25 10:30:00,3.53,3.123832,3.5826528,6.932852,3.027934,7.0287495
2018-12-25 10:45:00,3.46,3.2453954,5.1501217,6.2584505,3.1494975,6.354348
2018-12-25 11:00:00,3.46,3.1724982,4.1314535,6.3891654,3.0766003,6.485063
2018-12-25 11:15:00,3.78,2.8698082,4.830859,5.720259,2.7739103,5.816157
2018-12-25 11:30:00,4.18,3.2062783,3.913584,6.720779,3.1103804,6.8166766
2018-12-25 11:45:00,4.28,3.3454413,4.010601,10.795798,3.2495434,10.891696
2018-12-25 12:00:00,4.18,4.15528,7.529376,11.39414,4.0593824,11.490038
2018-12-25 12:15:00,4.07,3.603812,4.1515036,6.8365755,3.507914,6.932473
2018-12-25 12:30:00,3.56,3.612909,3.9871716,5.4987435,3.5170112,5.594641
2018-12-25 12:45:00,3.53,3.531173,3.5814807,3.7156792,3.435275,3.811577
2018-12-25 13:00:00,3.53,3.4812748,3.6964755,3.7002602,3.385377,3.796158
2018-12-25 13:15:00,5.04,3.3666575,4.086194,8.177567,3.2707596,8.273464
2018-12-25 13:30:00,4.07,5.144792,15.040482,15.151964,5.0488944,15.247862
2018-12-25 13:45:00,3.42,4.343549,5.013555,12.7661705,4.247651,12.862068
2018-12-25 14:00:00,3.42,3.8382714,4.0957694,10.214723,3.7423735,10.31062
2018-12-25 14:15:00,3.49,4.1386504,4.9839706,11.459366,4.0427527,11.5552635
2018-12-25 14:30:00,3.46,3.1808984,3.5922434,4.958786,3.0850005,5.0546837
2018-12-25 14:45:00,3.53,3.1401117,3.997342,4.9089155,3.0442138,5.004813
2018-12-25 15:00:00,4.14,3.1522744,4.6726203,6.770576,3.0563765,6.8664737
2018-12-25 15:15:00,4.14,3.553588,5.21538,7.443284,3.45769,7.5391817
2018-12-25 15:30:00,4.14,4.2802715,4.839227,9.186242,4.184374,9.28214
2018-12-25 15:45:00,4.1,4.180046,4.5428286,8.269606,4.0841484,8.365503
2018-12-25 16:00:00,3.67,4.301885,4.460989,6.7086177,4.2059875,6.8045154
2018-12-25 16:15:00,3.46,4.0288954,4.1320877,6.3592114,3.9329975,6.455109
2018-12-25 16:30:00,3.42,3.5820405,3.8432949,6.382195,3.4861426,6.4780927
2018-12-25 16:45:00,3.46,3.023113,3.6647115,3.7023473,2.927215,3.7982452
2018-12-25 17:00:00,3.42,3.2873328,5.0367627,5.1017656,3.1914349,5.1976633
2018-12-25 17:15:00,3.46,3.2166803,3.5403912,4.4618087,3.1207824,4.5577064
2018-12-25 17:30:00,4.0,2.9900768,3.3448987,4.459299,2.8941789,4.555197
2018-12-25 17:45:00,4.0,3.1652067,3.912202,5.7402854,3.0693088,5.836183
2018-12-25 18:00:00,3.38,3.4494777,4.0446587,5.9217205,3.3535798,6.017618
2018-12-25 18:15:00,3.38,3.0799358,3.8588166,4.6921,2.9840379,4.7879977
2018-12-25 18:30:00,3.74,3.0405223,3.7272227,4.019668,2.9446244,4.115566
2018-12-25 18:45:00,4.1,3.2902203,3.9961307,4.0362616,3.1943223,4.132159
2018-12-25 19:00:00,4.18,3.386923,4.0455775,4.450208,3.2910252,4.546106
2018-12-25 19:15:00,4.1,3.3503034,4.0215235,4.193091,3.2544055,4.2889886
2018-12-25 19:30:00,4.18,3.5293052,4.1880946,4.2820807,3.4334073,4.3779783
2018-12-25 19:45:00,3.64,3.8006105,4.263056,4.443733,3.7047126,4.539631
2018-12-25 20:00:00,3.46,3.309899,3.832611,3.9332232,3.2140012,4.029121
2018-12-25 20:15:00,3.46,3.2188716,3.6774733,3.7522726,3.1229737,3.8481705
2018-12-25 20:30:00,3.38,3.1795223,3.4785566,3.5965586,3.0836244,3.6924565
2018-12-25 20:45:00,3.42,3.2676067,3.3955965,3.6518834,3.1717088,3.7477813
2018-12-25 21:00:00,3.42,3.2933908,3.3874302,3.6050987,3.1974928,3.7009966
2018-12-25 21:15:00,3.42,3.2874775,3.4061165,3.6013348,3.1915796,3.6972327
2018-12-25 21:30:00,4.03,3.2914052,3.4152577,3.6154208,3.1955073,3.7113187
2018-12-25 21:45:00,4.14,3.3555532,3.7399588,4.2695394,3.2596552,4.365437
2018-12-25 22:00:00,3.49,3.377558,3.8000472,4.0669546,3.28166,4.1628523
2018-12-25 22:15:00,3.2,3.1497617,3.3281221,3.5597785,3.0538638,3.6556764
2018-12-25 22:30:00,3.85,3.0772805,3.1912363,3.5691056,2.9813826,3.6650035
2018-12-25 22:45:00,3.89,3.3566177,3.4429421,3.9875622,3.2607198,4.08346
2018-12-25 23:00:00,3.89,3.333617,3.4684246,3.8569262,3.237719,3.952824
2018-12-25 23:15:00,3.85,3.3310406,3.4221988,3.8739474,3.2351427,3.9698453
2018-12-25 23:30:00,3.64,3.6384835,3.7022953,3.9686632,3.5425856,4.064561
2018-12-25 23:45:00,3.31,3.5401587,3.6616762,3.8011951,3.4442608,3.897093
2018-12-26 00:00:00,3.67,3.0209525,3.5894282,7.6538444,2.9250546,7.749742
2018-12-26 00:15:00,3.24,3.2801366,3.5691676,3.8632913,3.1842387,3.9591892
2018-12-26 00:30:00,3.24,3.053996,3.2655456,3.5882797,2.9580982,3.6841776
2018-12-26 00:45:00,3.2,3.079072,3.2596147,3.5959826,2.983174,3.6918805
2018-12-26 01:00:00,3.31,3.0819967,3.2435992,3.5274286,2.9860988,3.6233265
2018-12-26 01:15:00,3.24,3.2527542,3.3220983,3.6482632,3.1568563,3.7441611
2018-12-26 01:30:00,3.28,3.2301698,3.2805798,3.6851566,3.1342719,3.7810545
2018-12-26 01:45:00,3.24,3.2256455,3.3026764,3.7458208,3.1297476,3.8417187
2018-12-26 02:00:00,3.24,3.214191,3.2824702,3.6925602,3.118293,3.788458
2018-12-26 02:15:00,3.78,3.202632,3.3008256,3.7884002,3.106734,3.884298
2018-12-26 02:30:00,3.96,3.2532861,3.487521,3.8876784,3.1573882,3.9835763
2018-12-26 02:45:00,4.97,3.2900906,3.5659637,3.9738479,3.1941926,4.0697455
2018-12-26 03:00:00,4.36,3.7866669,4.165346,4.497903,3.690769,4.5938005
2018-12-26 03:15:00,3.71,3.616497,4.430693,5.19711,3.5205991,5.293008
2018-12-26 03:30:00,3.28,3.405142,3.5747035,3.7789354,3.3092442,3.8748333
2018-12-26 03:45:00,3.31,3.2223153,3.3470638,3.6583765,3.1264174,3.7542744
2018-12-26 04:00:00,3.28,3.13444,3.2521172,3.573438,3.038542,3.6693358
2018-12-26 04:15:00,3.28,3.1017854,3.253838,3.5357454,3.0058875,3.6316433
2018-12-26 04:30:00,3.2,3.2534294,3.30561,3.6567423,3.1575315,3.7526402
2018-12-26 04:45:00,3.24,3.2366693,3.2889056,3.606131,3.1407714,3.702029
2018-12-26 05:00:00,3.28,3.2266803,3.2883186,3.6609993,3.1307824,3.7568972
2018-12-26 05:15:00,3.2,3.2041373,3.345022,3.6837518,3.1082394,3.7796497
2018-12-26 05:30:00,3.24,3.1959581,3.293872,3.7024508,3.1000602,3.7983487
2018-12-26 05:45:00,3.2,3.210059,3.2518928,3.7641745,3.114161,3.8600724
2018-12-26 06:00:00,4.79,3.1907303,3.2826576,3.6954834,3.0948324,3.7913814
2018-12-26 06:15:00,4.86,3.6565125,4.0012293,5.365485,3.5606146,5.461383
2018-12-26 06:30:00,3.92,3.7463374,4.1009293,4.9244986,3.6504395,5.020396
2018-12-26 06:45:00,3.82,3.4733973,3.5197134,4.0812273,3.3774993,4.177125
2018-12-26 07:00:00,3.35,3.5152836,3.6052175,4.186411,3.4193857,4.2823086
2018-12-26 07:15:00,3.17,3.23769,3.299805,3.7182167,3.141792,3.8141146
2018-12-26 07:30:00,3.42,3.1816597,3.3543665,4.345804,3.0857618,4.441702
2018-12-26 07:45:00,4.82,3.27357,3.7594671,5.799773,3.1776721,5.895671
2018-12-26 08:00:00,5.0,3.8937128,9.109997,11.085824,3.7978148,11.181722
2018-12-26 08:15:00,34.52,5.2498226,28.238937,37.47646,5.153925,37.572357
2018-12-26 08:30:00,48.06,42.012,57.97936,78.77788,41.916103,78.87378
2018-12-26 08:45:00,78.23,46.28743,57.93493,67.02616,46.191532,67.12206
2018-12-26 09:00:00,51.08,56.983917,79.06641,94.33281,56.88802,94.42871
2018-12-26 09:15:00,70.99,47.194805,55.124603,69.51493,47.098907,69.61083
2018-12-26 09:30:00,65.74,52.179653,65.331764,83.56349,52.083755,83.65939
2018-12-26 09:45:00,52.96,55.48533,67.48029,83.0642,55.38943,83.1601
2018-12-26 10:00:00,55.44,49.088078,56.45492,68.120026,48.99218,68.21593
2018-12-26 10:15:00,52.06,48.878082,57.351715,70.76556,48.782185,70.86146
2018-12-26 10:30:00,57.64,49.299034,55.252045,68.97746,49.203136,69.073364
2018-12-26 10:45:00,62.21,49.26794,58.007275,68.38093,49.172043,68.47683
2018-12-26 11:00:00,45.58,52.459496,60.766308,70.1156,52.363598,70.2115
2018-12-26 11:15:00,54.58,43.604046,52.001404,63.306164,43.50815,63.40206
2018-12-26 11:30:00,55.15,47.030174,56.65165,70.03686,46.934277,70.13276
2018-12-26 11:45:00,58.64,47.46063,55.67663,70.93916,47.36473,71.035065
2018-12-26 12:00:00,31.28,44.654873,53.4773,63.10675,44.558975,63.20265
2018-12-26 12:15:00,6.77,5.0196505,6.5804152,16.470345,4.923753,16.566242
2018-12-26 12:30:00,7.09,4.927051,6.123259,9.029851,4.8311534,9.125749
2018-12-26 12:45:00,6.95,5.8457003,8.761349,9.539736,5.7498026,9.635633
2018-12-26 13:00:00,6.41,5.915595,10.530483,12.5350895,5.8196974,12.630987
2018-12-26 13:15:00,20.66,8.446615,24.631384,35.431786,8.350718,35.527683
2018-12-26 13:30:00,59.9,16.220882,42.049046,56.089252,16.124985,56.18515
2018-12-26 13:45:00,55.3,49.83526,61.60251,78.45695,49.73936,78.55285
2018-12-26 14:00:00,51.41,47.735664,56.803104,72.062935,47.639767,72.15884
2018-12-26 14:15:00,57.02,46.5196,58.88762,73.98354,46.423702,74.079445
2018-12-26 14:30:00,43.06,48.286022,58.381298,71.738556,48.190125,71.83446
2018-12-26 14:45:00,41.4,39.873657,43.95193,57.125774,39.77776,57.221672
2018-12-26 15:00:00,52.92,37.486397,43.64261,54.660778,37.3905,54.756676
2018-12-26 15:15:00,53.42,45.15398,53.0669,67.583244,45.058083,67.679146
2018-12-26 15:30:00,40.68,45.261906,54.26103,65.1726,45.166008,65.2685
2018-12-26 15:45:00,40.64,37.404274,44.185356,55.701485,37.308376,55.797382
2018-12-26 16:00:00,41.47,35.842888,43.35373,53.038918,35.74699,53.134815
2018-12-26 16:15:00,56.2,37.40972,45.25579,52.40435,37.313824,52.500248
2018-12-26 16:30:00,59.04,47.176838,55.366062,67.123405,47.08094,67.21931
2018-12-26 16:45:00,54.68,47.49759,57.211502,67.08266,47.40169,67.17856
2018-12-26 17:00:00,57.67,44.356308,54.009823,63.75974,44.26041,63.855637
2018-12-26 17:15:00,54.79,44.043472,53.386673,63.670326,43.947575,63.766224
2018-12-26 17:30:00,34.42,38.943966,47.222713,58.906693,38.84807,59.00259
2018-12-26 17:45:00,9.5,23.271263,28.95788,41.241272,23.175365,41.33717
2018-12-26 18:00:00,5.22,6.1344304,6.249949,21.67565,6.0385327,21.771547
2018-12-26 18:15:00,5.04,3.843671,9.7856865,13.575376,3.7477732,13.671273
2018-12-26 18:30:00,5.04,4.15851,5.0716324,9.953558,4.0626125,10.049456
2018-12-26 18:45:00,5.08,4.1347847,5.9470387,5.9996743,4.038887,6.095572
2018-12-26 19:00:00,5.08,4.2962832,5.386489,5.596209,4.2003856,5.6921067
2018-12-26 19:15:00,4.68,4.32269,5.3788085,7.555175,4.2267923,7.6510725
2018-12-26 19:30:00,3.92,3.8774567,4.800486,5.5228586,3.7815588,5.6187563
2018-12-26 19:45:00,3.89,3.6848655,4.4872394,6.058723,3.5889676,6.1546206
2018-12-26 20:00:00,3.85,3.6099482,4.3345413,6.047161,3.5140502,6.143059
2018-12-26 20:15:00,3.89,3.4070413,4.048905,4.0818443,3.3111434,4.177742
2018-12-26 20:30:00,3.89,3.608523,4.053727,4.057001,3.512625,4.152899
2018-12-26 20:45:00,3.96,3.610518,3.920114,4.0488496,3.51462,4.1447473
2018-12-26 21:00:00,3.89,3.606115,3.967133,4.0691657,3.5102172,4.1650634
2018-12-26 21:15:00,3.96,3.5851727,3.9232807,4.0472116,3.4892747,4.1431093
2018-12-26 21:30:00,4.0,3.5788429,3.950083,4.1112165,3.482945,4.207114
2018-12-26 21:45:00,3.96,3.5844798,4.061001,4.113808,3.488582,4.209706
2018-12-26 22:00:00,4.07,3.559626,3.9278347,4.0168223,3.4637282,4.11272
2018-12-26 22:15:00,4.0,3.816593,4.269125,9.177279,3.720695,9.273177
2018-12-26 22:30:00,4.9,3.6646302,4.1209116,6.7551327,3.5687323,6.8510303
2018-12-26 22:45:00,4.1,3.945502,6.864464,7.078235,3.8496041,7.174133
2018-12-26 23:00:00,3.71,3.7810683,5.288548,6.611509,3.6851704,6.7074065
2018-12-26 23:15:00,3.74,3.42624,3.6631298,3.7134175,3.330342,3.8093154
2018-12-26 23:30:00,3.64,3.3355725,3.6814654,3.685102,3.2396746,3.781
2018-12-26 23:45:00,3.67,3.3380513,3.771454,3.7991786,3.2421534,3.8950765
2018-12-27 00:00:00,3.74,3.378157,4.049727,6.650651,3.282259,6.7465487
2018-12-27 00:15:00,3.64,3.4630516,3.7691941,3.8622255,3.3671536,3.9581234
2018-12-27 00:30:00,3.74,3.4596395,3.7533507,3.826145,3.3637416,3.9220428
2018-12-27 00:45:00,3.71,3.4617975,3.8168883,3.8546355,3.3658996,3.9505334
2018-12-27 01:00:00,3.71,3.4224672,3.7572565,3.8413222,3.3265693,3.93722
2018-12-27 01:15:00,3.67,3.4267285,3.7013311,3.8411586,3.3308306,3.9370565
2018-12-27 01:30:00,3.67,3.4216406,3.706335,3.8473434,3.3257427,3.9432414
2018-12-27 01:45:00,3.78,3.4286776,3.7101884,3.8779204,3.3327796,3.9738183
2018-12-27 02:00:00,4.18,3.5073018,3.752724,3.883949,3.411404,3.979847
2018-12-27 02:15:00,4.86,3.408732,4.044242,4.486994,3.312834,4.5828915
2018-12-27 02:30:00,4.21,3.5451894,4.129738,4.502752,3.4492915,4.5986495
2018-12-27 02:45:00,3.71,3.5646417,3.91351,4.2394013,3.4687438,4.335299
2018-12-27 03:00:00,3.78,3.3944201,3.7372885,3.8067815,3.2985222,3.9026794
2018-12-27 03:15:00,3.67,3.3786802,3.7324145,3.7888808,3.2827823,3.8847787
2018-12-27 03:30:00,3.71,3.2798908,3.6988285,3.8703268,3.1839929,3.9662247
2018-12-27 03:45:00,3.24,3.459835,3.7559924,3.8946986,3.3639371,3.9905965
2018-12-27 04:00:00,3.02,3.072941,3.2521603,3.5260804,2.9770432,3.6219783
2018-12-27 04:15:00,2.99,2.9461286,3.0725155,3.2457294,2.8502307,3.3416274
2018-12-27 04:30:00,2.99,2.9108438,3.017645,3.1511214,2.814946,3.2470193
2018-12-27 04:45:00,2.95,2.907778,3.0220742,3.290012,2.81188,3.3859098
2018-12-27 05:00:00,2.95,2.941753,3.0163462,3.2454882,2.845855,3.341386
2018-12-27 05:15:00,2.95,2.932214,3.0093222,3.2918081,2.836316,3.387706
2018-12-27 05:30:00,2.95,2.9320672,3.0141969,3.2778604,2.8361692,3.3737583
2018-12-27 05:45:00,2.95,2.9269588,3.0191646,3.3831568,2.831061,3.4790547
2018-12-27 06:00:00,3.42,2.927289,3.0670164,3.4886153,2.831391,3.5845132
2018-12-27 06:15:00,3.74,2.9821339,3.4416356,3.5990784,2.886236,3.6949763
2018-12-27 06:30:00,4.86,3.108838,3.2777994,3.6296992,3.0129402,3.7255971
2018-12-27 06:45:00,4.21,3.6973255,4.517302,5.662656,3.6014276,5.7585535
2018-12-27 07:00:00,3.6,3.464168,4.1762342,5.054711,3.3682702,5.1506085
2018-12-27 07:15:00,2.88,3.335247,3.6566348,3.9972289,3.2393491,4.093127
2018-12-27 07:30:00,3.2,3.0061088,3.646862,4.8313913,2.9102108,4.927289
2018-12-27 07:45:00,4.9,3.208045,3.6641877,5.641303,3.112147,5.7372007
2018-12-27 08:00:00,5.65,3.795288,5.0018845,10.532678,3.6993902,10.628575
2018-12-27 08:15:00,32.0,5.5579996,32.490456,41.990654,5.462102,42.08655
2018-12-27 08:30:00,52.63,41.85229,53.79417,70.29601,41.756393,70.391914
2018-12-27 08:45:00,73.66,49.405243,58.99956,69.57437,49.309345,69.67027
2018-12-27 09:00:00,63.47,52.44353,67.17546,82.16986,52.347633,82.26576
2018-12-27 09:15:00,56.77,50.888954,65.840675,79.31811,50.793056,79.41401
2018-12-27 09:30:00,53.93,47.181854,57.44882,67.018776,47.085957,67.11468
2018-12-27 09:45:00,59.4,46.742283,56.677353,68.98433,46.646385,69.08023
2018-12-27 10:00:00,76.03,46.86656,56.70941,68.55751,46.770664,68.65341
2018-12-27 10:15:00,47.81,52.742462,66.42084,82.49545,52.646564,82.591354
2018-12-27 10:30:00,45.83,45.0406,54.564575,69.8527,44.944702,69.9486
2018-12-27 10:45:00,52.63,42.81502,50.736656,67.38607,42.719124,67.48197
2018-12-27 11:00:00,68.69,46.00028,55.318436,71.17754,45.90438,71.273445
2018-12-27 11:15:00,51.16,48.897556,60.28342,74.787445,48.80166,74.88335
2018-12-27 11:30:00,51.52,46.69806,54.807423,65.88389,46.60216,65.97979
2018-12-27 11:45:00,54.83,44.844337,54.42186,64.90559,44.74844,65.00149
2018-12-27 12:00:00,59.62,39.853962,50.933716,60.310017,39.758064,60.405914
2018-12-27 12:15:00,13.54,5.3628383,6.6199183,33.778545,5.2669406,33.874443
2018-12-27 12:30:00,6.62,4.3648906,5.6370773,9.244305,4.268993,9.340202
2018-12-27 12:45:00,6.59,5.335918,5.6301785,7.4887476,5.2400203,7.5846453
2018-12-27 13:00:00,17.82,5.331018,5.777945,8.132069,5.2351203,8.227966
2018-12-27 13:15:00,40.57,13.054276,38.599873,47.378338,12.958379,47.474236
2018-12-27 13:30:00,43.7,40.329067,51.973812,62.38016,40.23317,62.47606
2018-12-27 13:45:00,46.84,38.75603,47.273357,58.493538,38.660133,58.589436
2018-12-27 14:00:00,53.32,42.93977,51.564297,58.68979,42.843872,58.785686
2018-12-27 14:15:00,55.01,44.698235,52.911766,63.323116,44.602337,63.419014
2018-12-27 14:30:00,61.74,44.496296,54.279007,64.114525,44.4004,64.21043
2018-12-27 14:45:00,54.14,47.01364,57.669777,66.280876,46.917744,66.37678
2018-12-27 15:00:00,53.5,45.49535,54.518612,64.92294,45.399452,65.018845
2018-12-27 15:15:00,44.75,45.039196,53.712914,66.307274,44.9433,66.403175
2018-12-27 15:30:00,42.95,39.389446,47.04477,56.871426,39.29355,56.967323
2018-12-27 15:45:00,60.84,39.14568,44.49663,54.628197,39.04978,54.724094
2018-12-27 16:00:00,63.04,46.292923,56.167698,66.513626,46.197025,66.60953
2018-12-27 16:15:00,59.58,48.115135,59.166893,69.6349,48.019238,69.730804
2018-12-27 16:30:00,63.22,49.00321,57.75812,69.26868,48.90731,69.36458
2018-12-27 16:45:00,45.79,48.72952,60.760773,66.461426,48.63362,66.55733
2018-12-27 17:00:00,41.58,40.11518,47.949337,57.60389,40.019283,57.699787
2018-12-27 17:15:00,54.58,36.047283,42.64591,53.22737,35.951385,53.32327
2018-12-27 17:30:00,36.72,38.346283,46.67584,58.645794,38.250385,58.74169
2018-12-27 17:45:00,29.38,24.286463,27.231384,45.494358,24.190565,45.590256
2018-12-27 18:00:00,28.48,19.180403,21.104557,34.557995,19.084505,34.653893
2018-12-27 18:15:00,48.56,17.603443,24.868488,32.68215,17.507545,32.77805
2018-12-27 18:30:00,53.82,22.676186,30.373842,51.41812,22.580288,51.51402
2018-12-27 18:45:00,53.5,20.745836,24.452108,54.241653,20.649939,54.33755
2018-12-27 19:00:00,53.14,20.040062,25.361855,52.38957,19.944164,52.485466
2018-12-27 19:15:00,51.01,18.579859,25.69148,50.02083,18.483961,50.116726
2018-12-27 19:30:00,47.99,19.478777,26.217766,49.194614,19.38288,49.290512
2018-12-27 19:45:00,49.18,19.089302,25.962954,49.038677,18.993404,49.134575
2018-12-27 20:00:00,50.33,18.273115,26.619095,47.186848,18.177217,47.282745
2018-12-27 20:15:00,50.04,16.913927,21.069849,44.70912,16.81803,44.80502
2018-12-27 20:30:00,40.93,17.719128,21.312033,44.385624,17.62323,44.48152
2018-12-27 20:45:00,14.51,15.717394,19.213356,39.868477,15.621496,39.964375
2018-12-27 21:00:00,8.35,4.259506,5.118833,6.9999127,4.1636086,7.0958104
2018-12-27 21:15:00,5.26,3.7643247,4.744559,10.273005,3.6684268,10.368902
2018-12-27 21:30:00,5.26,3.8274653,4.4262238,4.9169397,3.7315674,5.0128374
2018-12-27 21:45:00,5.26,3.988347,4.5789566,8.488744,3.8924491,8.584641
2018-12-27 22:00:00,4.5,3.9773388,4.59484,5.468429,3.8814409,5.564327
2018-12-27 22:15:00,3.89,4.02641,7.402092,7.595551,3.9305122,7.6914487
2018-12-27 22:30:00,3.85,3.7146318,5.05436,5.3295527,3.618734,5.4254503
2018-12-27 22:45:00,3.82,3.671399,5.071814,6.814777,3.5755012,6.9106746
2018-12-27 23:00:00,3.82,3.5221317,4.7438664,8.85645,3.4262338,8.952348
2018-12-27 23:15:00,3.82,3.5191152,3.7348514,3.8662624,3.4232173,3.9621603
2018-12-27 23:30:00,3.78,3.5265863,3.779377,3.8634183,3.4306884,3.9593163
2018-12-27 23:45:00,3.74,3.538262,3.7871168,3.8121464,3.442364,3.9080443
2018-12-28 00:00:00,4.82,3.2177987,3.8211956,6.649191,3.1219008,6.7450886
2018-12-28 00:15:00,3.74,3.469341,3.9994302,4.5367312,3.3734431,4.632629
2018-12-28 00:30:00,3.78,3.2296941,3.6317854,3.6628273,3.1337962,3.7587252
2018-12-28 00:45:00,3.85,3.3467255,3.662314,3.718268,3.2508276,3.8141658
2018-12-28 01:00:00,4.14,3.4009852,3.7694538,3.8532076,3.3050873,3.9491055
2018-12-28 01:15:00,4.9,3.4243546,4.042761,4.2862587,3.3284566,4.3821564
2018-12-28 01:30:00,4.14,3.4363976,3.9845135,4.459114,3.3404996,4.5550117
2018-12-28 01:45:00,3.82,3.628648,3.9018183,4.0980573,3.5327501,4.193955
2018-12-28 02:00:00,3.85,3.4562743,3.8050337,3.823492,3.3603764,3.91939
2018-12-28 02:15:00,3.82,3.5155654,3.7481725,3.8880372,3.4196675,3.983935
2018-12-28 02:30:00,3.82,3.4110415,3.8130505,4.0699897,3.3151436,4.1658874
2018-12-28 02:45:00,3.82,3.5176263,3.8077886,4.069547,3.4217284,4.165445
2018-12-28 03:00:00,3.82,3.5114186,3.7899015,3.9965682,3.4155207,4.092466
2018-12-28 03:15:00,3.89,3.51284,3.7584918,4.011662,3.4169421,4.1075597
2018-12-28 03:30:00,3.89,3.5622165,3.797955,4.0213103,3.4663186,4.117208
2018-12-28 03:45:00,3.85,3.4507952,3.8099608,3.9777515,3.3548973,4.0736494
2018-12-28 04:00:00,3.82,3.4591074,3.7789135,3.9942677,3.3632095,4.0901656
2018-12-28 04:15:00,4.07,3.4245696,3.757495,3.997148,3.3286717,4.0930457
2018-12-28 04:30:00,5.04,3.5176504,3.9724064,4.4190307,3.4217525,4.5149283
2018-12-28 04:45:00,4.1,3.9063218,4.3207445,4.4555893,3.8104239,4.551487
2018-12-28 05:00:00,3.82,3.619603,3.9626832,4.1378713,3.523705,4.233769
2018-12-28 05:15:00,3.89,3.430754,3.7166948,3.7671046,3.334856,3.8630025
2018-12-28 05:30:00,3.38,3.4714952,3.7696009,3.7750459,3.3755972,3.8709438
2018-12-28 05:45:00,3.17,3.10062,3.3776946,3.449084,3.004722,3.544982
2018-12-28 06:00:00,3.06,3.0186105,3.1494615,3.3932052,2.9227126,3.489103
2018-12-28 06:15:00,3.06,3.0002809,3.0535374,3.2884562,2.904383,3.384354
2018-12-28 06:30:00,3.1,3.002375,3.1382804,3.424928,2.906477,3.5208259
2018-12-28 06:45:00,3.06,3.0328534,3.1216395,3.3813963,2.9369555,3.4772942
2018-12-28 07:00:00,3.1,3.008841,3.0859306,3.289872,2.9129431,3.3857698
2018-12-28 07:15:00,3.38,2.9979498,3.1549122,3.3451674,2.902052,3.4410653
2018-12-28 07:30:00,4.97,3.10706,3.6937668,4.0545063,3.011162,4.150404
2018-12-28 07:45:00,6.7,3.9250696,5.17731,7.569692,3.8291717,7.66559
2018-12-28 08:00:00,6.16,5.3777046,8.495663,14.565229,5.281807,14.661127
2018-12-28 08:15:00,35.75,5.626915,29.057915,37.304436,5.5310173,37.400333
2018-12-28 08:30:00,57.78,41.020966,56.80841,73.49471,40.925068,73.590614
2018-12-28 08:45:00,57.74,47.84465,59.54376,72.23948,47.748753,72.33538
2018-12-28 09:00:00,66.46,47.472466,58.864292,70.67711,47.376568,70.77301
2018-12-28 09:15:00,66.82,52.133842,60.94853,79.615,52.037945,79.7109
2018-12-28 09:30:00,59.9,51.340187,62.14654,73.01039,51.24429,73.10629
2018-12-28 09:45:00,63.32,49.970856,59.54788,68.99505,49.874958,69.09095
2018-12-28 10:00:00,57.17,50.24914,61.296417,71.15517,50.153244,71.25107
2018-12-28 10:15:00,55.91,47.17695,58.342934,66.73197,47.08105,66.82787
2018-12-28 10:30:00,62.42,46.072426,56.20547,64.73517,45.97653,64.83107
2018-12-28 10:45:00,59.72,51.04052,59.867954,69.341,50.944622,69.436905
2018-12-28 11:00:00,62.71,48.919476,57.27865,68.10412,48.823578,68.20002
2018-12-28 11:15:00,57.82,48.92899,59.036987,71.033325,48.83309,71.12923
2018-12-28 11:30:00,64.94,48.713814,58.160545,66.43006,48.617916,66.52596
2018-12-28 11:45:00,58.97,47.877132,58.6,72.66288,47.781235,72.75878
2018-12-28 12:00:00,47.05,43.14788,54.885983,61.643288,43.051983,61.739185
2018-12-28 12:15:00,10.01,4.665227,6.9689837,26.835728,4.5693293,26.931625
2018-12-28 12:30:00,7.81,4.5141253,6.4862185,9.403323,4.4182277,9.499221
2018-12-28 12:45:00,7.27,5.4221883,8.356888,10.49086,5.3262906,10.586758
2018-12-28 13:00:00,7.31,5.9494033,9.714961,14.801309,5.8535056,14.897206
2018-12-28 13:15:00,42.55,9.487679,33.468807,37.710686,9.391781,37.806583
2018-12-28 13:30:00,56.12,45.162983,58.784916,68.87776,45.067085,68.97366
2018-12-28 13:45:00,45.0,43.917583,56.051613,69.22476,43.821686,69.32066
2018-12-28 14:00:00,45.22,39.740795,47.08642,60.224632,39.644897,60.32053
2018-12-28 14:15:00,42.62,40.76712,48.291885,55.15188,40.671223,55.247776
2018-12-28 14:30:00,34.2,38.828903,44.20498,52.979744,38.733006,53.07564
2018-12-28 14:45:00,42.8,32.26038,38.02099,49.092136,32.164482,49.188034
2018-12-28 15:00:00,48.02,38.371616,43.44392,50.110798,38.27572,50.206696
2018-12-28 15:15:00,44.6,41.89995,49.943825,60.124825,41.80405,60.220722
2018-12-28 15:30:00,35.78,38.80876,45.613518,54.288406,38.712864,54.384304
2018-12-28 15:45:00,32.62,34.64625,40.280308,49.619553,34.550354,49.71545
2018-12-28 16:00:00,31.39,32.17582,37.97611,45.66191,32.07992,45.75781
2018-12-28 16:15:00,30.06,32.986668,36.062378,45.58737,32.89077,45.68327
2018-12-28 16:30:00,30.13,30.721258,35.55043,39.806774,30.62536,39.90267
2018-12-28 16:45:00,23.58,31.397518,34.984875,37.632114,31.30162,37.728012
2018-12-28 17:00:00,8.57,8.612833,16.72831,28.78824,8.516935,28.884138
2018-12-28 17:15:00,9.58,4.9318933,5.238368,21.603561,4.8359957,21.69946
2018-12-28 17:30:00,9.14,4.9203734,6.361417,20.956432,4.824476,21.05233
2018-12-28 17:45:00,5.47,4.14361,9.559157,21.471899,4.0477123,21.567797
2018-12-28 18:00:00,5.08,4.5413256,6.551342,7.497014,4.445428,7.5929117
2018-12-28 18:15:00,5.08,4.461224,5.654962,9.960864,4.3653264,10.056762
2018-12-28 18:30:00,5.11,4.473167,5.4843707,9.748541,4.3772693,9.844439
2018-12-28 18:45:00,5.15,3.9100823,5.729071,6.875252,3.8141844,6.9711494
2018-12-28 19:00:00,5.15,4.241273,5.38003,6.9871993,4.1453753,7.083097
2018-12-28 19:15:00,5.15,4.2302027,5.562563,7.0083795,4.134305,7.104277
2018-12-28 19:30:00,5.18,4.233848,5.507531,7.1985955,4.1379504,7.294493
2018-12-28 19:45:00,5.22,4.230604,5.7505574,8.882135,4.1347065,8.978033
2018-12-28 20:00:00,5.15,4.1930943,5.6243005,8.856242,4.0971966,8.95214
2018-12-28 20:15:00,5.15,4.0512915,5.281017,5.5020647,3.9553936,5.5979624
2018-12-28 20:30:00,5.18,4.1390357,5.103206,5.2655115,4.043138,5.361409
2018-12-28 20:45:00,5.26,4.022012,4.791554,5.514625,3.9261143,5.6105227
2018-12-28 21:00:00,5.18,4.1094084,4.8592825,5.8356123,4.0135107,5.93151
2018-12-28 21:15:00,5.15,4.087555,4.829308,5.9309816,3.991657,6.0268793
2018-12-28 21:30:00,5.26,4.0908375,4.7078633,4.722605,3.9949396,4.818503
2018-12-28 21:45:00,5.26,4.192118,4.777916,5.8514814,4.0962205,5.947379
2018-12-28 22:00:00,5.22,4.182118,4.784073,5.777681,4.0862203,5.8735785
2018-12-28 22:15:00,4.97,4.297024,4.7877684,8.827616,4.201126,8.923513
2018-12-28 22:30:00,4.97,4.0552373,4.6915684,7.438018,3.9593394,7.5339155
2018-12-28 22:45:00,4.93,4.087574,4.8687067,7.4136367,3.991676,7.5095344
2018-12-28 23:00:00,5.04,4.1946235,4.8440847,7.4716196,4.098726,7.5675173
2018-12-28 23:15:00,4.86,4.136719,4.6625996,4.7485857,4.0408216,4.8444834
2018-12-28 23:30:00,4.86,4.0385795,4.5063877,4.5946016,3.9426816,4.6904993
2018-12-28 23:45:00,4.86,3.9930022,4.4457374,4.677825,3.8971043,4.7737226
2018-12-29 00:00:00,4.28,3.22647,4.411938,7.123804,3.130572,7.219702
2018-12-29 00:15:00,4.9,3.737011,4.0280704,4.439431,3.641113,4.535329
2018-12-29 00:30:00,4.82,3.7943277,4.333177,4.6267905,3.6984298,4.722688
2018-12-29 00:45:00,3.85,3.7525468,4.312871,4.6395864,3.6566489,4.735484
2018-12-29 01:00:00,3.74,3.5105467,3.7281747,3.955934,3.4146488,4.0518317
2018-12-29 01:15:00,3.82,3.4657931,3.6339521,3.7098835,3.3698952,3.8057814
2018-12-29 01:30:00,3.78,3.408527,3.7495027,3.8213806,3.312629,3.9172785
2018-12-29 01:45:00,3.67,3.570646,3.7988505,3.8363376,3.4747481,3.9322355
2018-12-29 02:00:00,3.74,3.5075932,3.722849,3.8171904,3.4116952,3.9130883
2018-12-29 02:15:00,3.71,3.5212085,3.7542443,3.9843445,3.4253106,4.080242
2018-12-29 02:30:00,3.82,3.508303,3.712408,3.8795202,3.412405,3.975418
2018-12-29 02:45:00,3.78,3.4872816,3.7394922,3.9968085,3.3913836,4.092706
2018-12-29 03:00:00,3.71,3.514577,3.7388134,3.8360875,3.418679,3.9319854
2018-12-29 03:15:00,3.74,3.5025434,3.721005,3.850743,3.4066455,3.946641
2018-12-29 03:30:00,3.78,3.4942255,3.740602,3.8702438,3.3983276,3.9661417
2018-12-29 03:45:00,3.78,3.509074,3.7444909,3.8140383,3.413176,3.9099362
2018-12-29 04:00:00,3.74,3.4925647,3.7229147,3.7888787,3.3966668,3.8847766
2018-12-29 04:15:00,3.02,3.4324274,3.7017362,3.7875142,3.3365295,3.8834121
2018-12-29 04:30:00,3.74,3.0493755,3.1140995,3.2997525,2.9534776,3.3956504
2018-12-29 04:45:00,3.6,3.2203197,3.551667,3.759401,3.1244218,3.855299
2018-12-29 05:00:00,3.06,3.2012923,3.5093665,3.6294606,3.1053944,3.7253585
2018-12-29 05:15:00,3.02,3.0085645,3.0131338,3.0992002,2.9126666,3.1950982
2018-12-29 05:30:00,3.02,3.0048885,3.0372758,3.1715353,2.9089906,3.2674332
2018-12-29 05:45:00,2.99,2.866607,2.9830914,3.154696,2.770709,3.250594
2018-12-29 06:00:00,3.06,2.9589002,2.9843595,3.2515292,2.8630023,3.3474271
2018-12-29 06:15:00,3.06,3.0001,3.046544,3.3823316,2.904202,3.4782295
2018-12-29 06:30:00,3.67,3.000964,3.0518029,3.344259,2.905066,3.440157
2018-12-29 06:45:00,3.74,3.1113973,3.4028218,3.586557,3.0154994,3.6824548
2018-12-29 07:00:00,3.71,3.0855644,3.2782755,3.5662582,2.9896665,3.662156
2018-12-29 07:15:00,3.67,3.0801134,3.302636,3.5857317,2.9842155,3.6816297
2018-12-29 07:30:00,3.38,3.3832498,3.737034,4.3876104,3.2873518,4.483508
2018-12-29 07:45:00,3.02,3.2178016,3.799978,5.2472816,3.1219037,5.343179
2018-12-29 08:00:00,2.92,3.0565908,3.190853,6.5284224,2.960693,6.62432
2018-12-29 08:15:00,2.95,2.949039,6.372691,19.660995,2.853141,19.756893
2018-12-29 08:30:00,3.13,2.8038821,3.9938798,6.763957,2.7079842,6.8598547
2018-12-29 08:45:00,3.78,2.9085007,3.3455179,4.769487,2.8126028,4.8653846
2018-12-29 09:00:00,3.24,3.0650048,4.134137,5.1102233,2.969107,5.206121
2018-12-29 09:15:00,3.17,2.93378,2.9584835,4.475129,2.837882,4.571027
2018-12-29 09:30:00,3.2,2.997327,3.1807983,4.354566,2.9014292,4.450464
2018-12-29 09:45:00,3.31,2.9730372,3.1949198,4.8074865,2.8771393,4.903384
2018-12-29 10:00:00,4.03,3.122487,3.3671696,4.6607995,3.0265892,4.756697
2018-12-29 10:15:00,4.03,3.2684472,3.4217615,5.036856,3.1725492,5.132754
2018-12-29 10:30:00,4.03,3.2922513,3.3293228,5.3748875,3.1963534,5.470785
2018-12-29 10:45:00,4.03,3.3998008,3.5308862,5.26433,3.3039029,5.3602276
2018-12-29 11:00:00,6.19,3.5251102,4.2240944,5.40451,3.4292123,5.5004077
2018-12-29 11:15:00,26.17,4.815004,10.235314,13.930492,4.719106,14.02639
2018-12-29 11:30:00,9.36,21.2179,35.84023,37.1015,21.122002,37.1974
2018-12-29 11:45:00,3.64,5.050925,9.857504,27.044067,4.955027,27.139965
2018-12-29 12:00:00,4.14,4.158514,6.3337092,15.689935,4.0626163,15.785832
2018-12-29 12:15:00,3.78,3.5918777,5.7463875,6.907868,3.4959798,7.0037656
2018-12-29 12:30:00,3.46,3.4449892,4.663449,5.8490086,3.3490913,5.944906
2018-12-29 12:45:00,3.42,3.1863394,3.2117186,3.280064,3.0904415,3.375962
2018-12-29 13:00:00,3.42,3.1234243,3.2038443,3.3722916,3.0275264,3.4681895
2018-12-29 13:15:00,4.1,3.1300168,4.5595617,5.399467,3.034119,5.4953647
2018-12-29 13:30:00,4.14,3.5183702,4.117002,5.652375,3.4224722,5.748273
2018-12-29 13:45:00,4.07,3.323586,3.9807553,5.658095,3.227688,5.7539926
2018-12-29 14:00:00,4.03,3.3790257,3.9726608,5.1476893,3.2831278,5.243587
2018-12-29 14:15:00,3.92,3.5638392,4.1401258,5.289844,3.4679413,5.3857417
2018-12-29 14:30:00,3.31,3.522797,3.9157026,5.283717,3.4268992,5.379615
2018-12-29 14:45:00,3.35,3.0933874,3.2215543,4.7983685,2.9974895,4.894266
2018-12-29 15:00:00,3.31,3.064685,3.334348,4.7447357,2.9687872,4.8406334
2018-12-29 15:15:00,3.31,3.0462513,3.2183692,4.542489,2.9503534,4.6383867
2018-12-29 15:30:00,3.31,3.1381958,3.3875387,4.594902,3.0422978,4.6907997
2018-12-29 15:45:00,3.35,3.1507971,3.3721416,4.386615,3.0548992,4.4825125
2018-12-29 16:00:00,3.49,2.8847077,3.1648417,3.3799813,2.7888098,3.4758792
2018-12-29 16:15:00,4.1,3.1938906,3.4757738,4.876929,3.0979927,4.9728265
2018-12-29 16:30:00,3.71,3.2821298,3.8429656,4.465896,3.1862319,4.561794
2018-12-29 16:45:00,3.67,3.068834,3.4962296,3.978598,2.9729362,4.074496
2018-12-29 17:00:00,4.1,3.1849833,3.5059617,3.6887925,3.0890853,3.7846904
2018-12-29 17:15:00,4.07,3.4689903,3.7741191,4.037974,3.3730924,4.1338716
2018-12-29 17:30:00,4.07,3.3390033,3.8656151,4.311546,3.2431054,4.4074435
2018-12-29 17:45:00,4.1,3.421368,4.213385,4.4284782,3.32547,4.524376
2018-12-29 18:00:00,3.56,3.7290423,4.361735,4.5976896,3.6331444,4.6935873
2018-12-29 18:15:00,3.31,3.2323995,3.3385532,3.6676998,3.1365016,3.7635977
2018-12-29 18:30:00,3.24,3.1334684,3.382816,3.4690113,3.0375705,3.5649092
2018-12-29 18:45:00,3.35,3.0298119,3.3804958,3.4355326,2.933914,3.5314305
2018-12-29 19:00:00,3.31,3.1301794,3.4513426,3.638808,3.0342815,3.734706
2018-12-29 19:15:00,3.35,3.1507418,3.3978848,3.640276,3.054844,3.7361739
2018-12-29 19:30:00,3.35,3.1804237,3.4322615,3.5669096,3.0845258,3.6628075
2018-12-29 19:45:00,3.31,3.204481,3.4432561,3.5766199,3.108583,3.6725178
2018-12-29 20:00:00,3.71,3.1617084,3.4051843,3.604907,3.0658104,3.700805
2018-12-29 20:15:00,4.36,3.158069,3.5732155,3.8000968,3.062171,3.8959947
2018-12-29 20:30:00,4.28,3.394638,3.7298288,4.231182,3.2987401,4.32708
2018-12-29 20:45:00,4.14,3.2022758,3.6738806,4.0945516,3.1063778,4.190449
2018-12-29 21:00:00,4.1,3.4027717,3.8721437,4.100144,3.3068738,4.1960416
2018-12-29 21:15:00,4.07,3.7575362,4.067559,4.323546,3.6616383,4.4194436
2018-12-29 21:30:00,3.85,3.5894146,3.922282,4.4331884,3.4935167,4.529086
2018-12-29 21:45:00,3.46,3.4314046,3.7712922,4.090822,3.3355067,4.18672
2018-12-29 22:00:00,3.31,3.1255789,3.471002,3.5423944,3.029681,3.6382923
2018-12-29 22:15:00,3.13,3.0280738,3.250053,3.4196908,2.9321759,3.5155888
2018-12-29 22:30:00,3.13,2.95455,3.0556076,3.1535456,2.858652,3.2494435
2018-12-29 22:45:00,3.13,2.9818978,3.122841,3.227,2.886,3.322898
2018-12-29 23:00:00,3.17,3.020218,3.1181393,3.3303285,2.92432,3.4262264
2018-12-29 23:15:00,3.06,3.0535896,3.139209,3.3675284,2.9576917,3.4634264
2018-12-29 23:30:00,2.99,2.9821718,3.042945,3.153064,2.8862739,3.248962
2018-12-29 23:45:00,3.42,2.9162374,3.0056684,3.3590968,2.8203394,3.4549947
2018-12-30 00:00:00,3.1,2.830666,3.3439732,6.239062,2.7347682,6.3349595
2018-12-30 00:15:00,3.92,2.9033515,3.1285775,3.4385834,2.8074536,3.5344813
2018-12-30 00:30:00,3.82,3.144038,3.3579705,3.8360603,3.04814,3.9319582
2018-12-30 00:45:00,3.74,3.1351457,3.44579,3.8035622,3.0392478,3.89946
2018-12-30 01:00:00,3.78,3.132442,3.4518502,3.7062373,3.036544,3.8021352
2018-12-30 01:15:00,3.42,3.415024,3.5984633,3.9136198,3.3191261,4.0095177
2018-12-30 01:30:00,3.17,3.139168,3.460341,3.6272213,3.04327,3.7231193
2018-12-30 01:45:00,3.02,2.9768865,3.1830962,3.4469073,2.8809886,3.5428052
2018-12-30 02:00:00,3.1,2.977135,3.03552,3.2142901,2.881237,3.310188
2018-12-30 02:15:00,3.06,2.9672403,3.0969155,3.331425,2.8713424,3.4273229
2018-12-30 02:30:00,3.1,3.0001314,3.0479789,3.315406,2.9042335,3.411304
2018-12-30 02:45:00,3.13,3.014799,3.0914645,3.3177574,2.9189012,3.4136553
2018-12-30 03:00:00,3.1,3.044706,3.1117113,3.3647535,2.9488082,3.4606514
2018-12-30 03:15:00,3.13,3.0266356,3.09038,3.4183526,2.9307377,3.5142505
2018-12-30 03:30:00,3.6,3.046788,3.1280022,3.4734166,2.95089,3.5693145
2018-12-30 03:45:00,4.86,3.11476,3.4214966,3.6557598,3.018862,3.7516577
2018-12-30 04:00:00,3.85,3.5566008,3.7965727,4.7634525,3.460703,4.85935
2018-12-30 04:15:00,3.82,3.138759,3.6745262,4.1551538,3.042861,4.2510514
2018-12-30 04:30:00,3.82,3.3168468,3.5509744,4.1800647,3.220949,4.2759624
2018-12-30 04:45:00,3.46,3.3377817,3.6337898,3.9860065,3.2418838,4.0819044
2018-12-30 05:00:00,3.17,3.114782,3.5086343,3.6980536,3.0188842,3.7939515
2018-12-30 05:15:00,3.13,2.982881,3.1453936,3.3797417,2.8869832,3.4756396
2018-12-30 05:30:00,3.1,2.9717226,3.0823672,3.2826078,2.8758247,3.3785057
2018-12-30 05:45:00,3.1,2.9634128,3.0946176,3.299767,2.8675148,3.395665
2018-12-30 06:00:00,3.1,3.0291421,3.0848334,3.3251777,2.9332442,3.4210756
2018-12-30 06:15:00,3.13,3.0251002,3.0665371,3.3506517,2.9292023,3.4465497
2018-12-30 06:30:00,3.13,3.0402982,3.1118891,3.418524,2.9444003,3.514422
2018-12-30 06:45:00,3.1,3.0407593,3.1234488,3.457166,2.9448614,3.5530639
2018-12-30 07:00:00,3.82,3.0156965,3.0990162,3.4518075,2.9197986,3.5477054
2018-12-30 07:15:00,4.36,3.060851,3.3970249,3.8057132,2.9649532,3.901611
2018-12-30 07:30:00,4.97,3.3901598,3.822521,5.1411047,3.294262,5.2370024
2018-12-30 07:45:00,3.96,3.8466785,6.1957707,7.623142,3.7507806,7.7190394
2018-12-30 08:00:00,3.46,3.6135914,4.44187,8.058248,3.5176935,8.154145
2018-12-30 08:15:00,3.06,3.4655135,12.903005,15.713267,3.3696156,15.809165
2018-12-30 08:30:00,3.06,3.2034914,4.1734943,7.1740694,3.1075935,7.269967
2018-12-30 08:45:00,3.17,2.9275906,3.6534238,3.866002,2.8316927,3.9619
2018-12-30 09:00:00,3.28,3.0728393,3.1308794,3.2054696,2.9769413,3.3013675
2018-12-30 09:15:00,3.35,3.210064,3.2710016,3.9435422,3.114166,4.03944
2018-12-30 09:30:00,3.38,3.2202594,3.288207,3.7044706,3.1243615,3.8003685
2018-12-30 09:45:00,3.35,3.127393,3.3897867,3.7473645,3.031495,3.8432624
2018-12-30 10:00:00,3.46,3.1823537,3.4075298,3.414386,3.0864558,3.510284
2018-12-30 10:15:00,3.38,3.2302394,3.377539,3.3879268,3.1343415,3.4838247
2018-12-30 10:30:00,4.0,3.2030272,3.3140185,3.480534,3.1071293,3.576432
2018-12-30 10:45:00,4.1,3.3680387,3.4805512,4.0303135,3.2721407,4.126211
2018-12-30 11:00:00,4.1,3.3993366,4.066721,4.067678,3.3034387,4.1635756
2018-12-30 11:15:00,4.28,3.335169,3.7504463,4.6452255,3.2392712,4.741123
2018-12-30 11:30:00,4.61,3.5621817,3.8253696,3.8952327,3.4662838,3.9911306
2018-12-30 11:45:00,3.56,3.5752819,4.4144206,5.57174,3.479384,5.667638
2018-12-30 12:00:00,3.42,3.0264966,3.0377555,3.2128637,2.9305987,3.3087616
2018-12-30 12:15:00,3.46,3.1040595,3.2221308,3.3357432,3.0081615,3.431641
2018-12-30 12:30:00,3.46,3.1530428,3.3002238,3.4086611,3.0571449,3.504559
2018-12-30 12:45:00,3.31,3.2577758,3.29961,3.68112,3.1618779,3.7770178
2018-12-30 13:00:00,3.28,3.1473846,3.2325344,3.6811664,3.0514867,3.7770643
2018-12-30 13:15:00,3.2,3.1805203,3.3186755,3.5416803,3.0846224,3.6375782
2018-12-30 13:30:00,3.24,3.185765,3.250927,3.3520098,3.089867,3.4479077
2018-12-30 13:45:00,3.24,3.1476142,3.2287316,3.498346,3.0517163,3.594244
2018-12-30 14:00:00,4.03,3.1657722,3.2541685,3.4961882,3.0698743,3.592086
2018-12-30 14:15:00,4.0,3.314227,3.5191753,4.3164673,3.2183292,4.412365
2018-12-30 14:30:00,4.03,3.312814,3.5737627,4.316921,3.216916,4.412819
2018-12-30 14:45:00,4.82,3.3227682,3.4655578,4.3711276,3.2268703,4.4670253
2018-12-30 15:00:00,4.1,3.7361796,4.7129974,4.7309933,3.6402817,4.826891
2018-12-30 15:15:00,3.31,3.703472,3.7248402,4.569606,3.607574,4.6655035
2018-12-30 15:30:00,3.24,3.167414,3.2496529,3.3229291,3.071516,3.418827
2018-12-30 15:45:00,3.24,3.1238363,3.2619507,4.545848,3.0279384,4.6417456
2018-12-30 16:00:00,3.35,2.4797907,3.0362744,3.316297,2.3838928,3.412195
2018-12-30 16:15:00,3.31,3.1869042,3.3904777,3.9090283,3.0910063,4.004926
2018-12-30 16:30:00,3.35,3.1798332,3.342231,3.9587855,3.0839353,4.054683
2018-12-30 16:45:00,3.24,3.2131934,3.4150348,3.8149095,3.1172955,3.9108074
2018-12-30 17:00:00,3.24,3.1560686,3.3321185,3.5694032,3.0601707,3.665301
2018-12-30 17:15:00,3.42,3.1553388,3.3311138,3.638626,3.0594409,3.734524
2018-12-30 17:30:00,4.0,3.1691587,3.6846192,3.705154,3.0732608,3.8010519
2018-12-30 17:45:00,4.75,3.260095,4.032589,4.214837,3.164197,4.3107347
2018-12-30 18:00:00,4.68,3.294424,3.9547715,4.476144,3.1985261,4.5720415
2018-12-30 18:15:00,3.89,3.5431933,3.6170526,3.7498026,3.4472954,3.8457005
2018-12-30 18:30:00,3.53,3.390602,3.6110554,3.9817657,3.2947042,4.0776634
2018-12-30 18:45:00,3.2,3.2746742,3.5651817,3.6474266,3.1787763,3.7433245
2018-12-30 19:00:00,3.28,3.0838115,3.3863535,3.404372,2.9879136,3.50027
2018-12-30 19:15:00,3.24,3.092975,3.3477716,3.5722318,2.997077,3.6681297
2018-12-30 19:30:00,3.24,3.119216,3.356206,3.6891508,3.023318,3.7850487
2018-12-30 19:45:00,3.2,3.195919,3.3522341,3.6831124,3.1000211,3.7790103
2018-12-30 20:00:00,3.24,3.191069,3.34975,3.640115,3.095171,3.736013
2018-12-30 20:15:00,3.31,3.18121,3.3771918,3.6906235,3.0853121,3.7865214
2018-12-30 20:30:00,3.24,3.1896403,3.3572998,3.6972084,3.0937424,3.7931063
2018-12-30 20:45:00,3.78,3.1169214,3.2221856,3.7070014,3.0210235,3.8028994
2018-12-30 21:00:00,4.32,3.2312899,3.4310768,3.823248,3.135392,3.9191458
2018-12-30 21:15:00,4.07,3.3471415,3.6052797,4.349295,3.2512436,4.445193
2018-12-30 21:30:00,4.07,3.270203,3.5991118,4.0230637,3.1743052,4.1189613
2018-12-30 21:45:00,4.03,3.426782,3.8216472,4.3190064,3.330884,4.414904
2018-12-30 22:00:00,4.0,3.4346406,3.8419218,4.332772,3.3387427,4.4286695
2018-12-30 22:15:00,3.2,3.454267,3.6911905,4.3798966,3.358369,4.4757943
2018-12-30 22:30:00,2.99,2.9842236,3.1037319,3.4813771,2.8883257,3.577275
2018-12-30 22:45:00,3.1,2.9521415,2.961547,3.1870205,2.8562436,3.2829185
2018-12-30 23:00:00,3.02,3.0064073,3.0248187,3.2599947,2.9105093,3.3558927
2018-12-30 23:15:00,2.95,2.9699728,3.0057182,3.287125,2.874075,3.383023
2018-12-30 23:30:00,2.99,2.883579,2.9497826,3.2802458,2.787681,3.3761437
2018-12-30 23:45:00,2.92,2.9374638,2.982395,3.3979974,2.8415658,3.4938953
2018-12-31 00:00:00,3.67,2.814349,3.3071177,6.442571,2.718451,6.538469
2018-12-31 00:15:00,3.64,3.0240586,3.2287962,3.7109764,2.9281607,3.8068743
2018-12-31 00:30:00,3.31,3.0358756,3.2843635,3.676577,2.9399776,3.772475
2018-12-31 00:45:00,3.49,2.934354,3.1011374,3.4018264,2.8384562,3.4977243
2018-12-31 01:00:00,3.71,3.0466983,3.4604053,3.6430457,2.9508004,3.7389436
2018-12-31 01:15:00,3.78,3.20671,3.5225518,3.8113794,3.1108122,3.9072773
2018-12-31 01:30:00,3.71,3.2420888,3.5365455,3.7538483,3.146191,3.8497462
2018-12-31 01:45:00,3.67,3.34387,3.5945003,3.9201603,3.247972,4.016058
2018-12-31 02:00:00,3.02,3.3577979,3.6232944,3.8227894,3.2619,3.9186873
2018-12-31 02:15:00,2.99,2.9789827,3.0718865,3.2746727,2.8830848,3.3705707
2018-12-31 02:30:00,3.06,2.9620073,2.9998097,3.1698472,2.8661094,3.2657452
2018-12-31 02:45:00,3.02,2.9764442,3.0438805,3.249318,2.8805463,3.3452158
2018-12-31 03:00:00,3.06,2.9724681,3.0491164,3.3236256,2.8765702,3.4195235
2018-12-31 03:15:00,3.02,2.9909165,3.0788162,3.3135211,2.8950186,3.409419
2018-12-31 03:30:00,3.46,2.9777892,3.074543,3.3398201,2.8818913,3.435718
2018-12-31 03:45:00,3.74,3.0102293,3.4949815,3.6398988,2.9143314,3.7357967
2018-12-31 04:00:00,3.06,3.0576646,3.2575839,3.6450822,2.9617667,3.7409801
2018-12-31 04:15:00,3.74,2.9501588,3.002395,3.1558769,2.854261,3.2517748
2018-12-31 04:30:00,3.74,3.123111,3.4698756,3.8183799,3.027213,3.9142778
2018-12-31 04:45:00,3.78,3.1599267,3.4337606,3.7635376,3.0640287,3.8594356
2018-12-31 05:00:00,3.78,3.117666,3.254833,3.66309,3.021768,3.758988
2018-12-31 05:15:00,3.56,3.2708564,3.5883482,3.8985667,3.1749585,3.9944646
2018-12-31 05:30:00,2.99,3.2555947,3.4920824,3.843675,3.1596968,3.9395728
2018-12-31 05:45:00,3.02,2.9626336,3.0162098,3.1553817,2.8667357,3.2512796
2018-12-31 06:00:00,2.95,2.970219,3.0116184,3.1682904,2.874321,3.2641883
2018-12-31 06:15:00,3.02,2.9174774,2.9485607,3.0695643,2.8215795,3.1654623
2018-12-31 06:30:00,2.99,2.9572563,3.0581076,3.3272972,2.8613584,3.4231951
2018-12-31 06:45:00,3.02,2.9365685,3.0127113,3.3166947,2.8406706,3.4125926
2018-12-31 07:00:00,3.74,2.964986,3.0555165,3.3243916,2.8690882,3.4202895
2018-12-31 07:15:00,3.17,3.0951674,3.5797944,3.7353163,2.9992695,3.8312142
2018-12-31 07:30:00,2.95,3.0446858,3.337226,3.8807814,2.948788,3.9766793
2018-12-31 07:45:00,3.56,3.0147796,3.1970263,4.3778186,2.9188817,4.4737163
2018-12-31 08:00:00,3.64,3.327803,3.8066015,6.4474187,3.231905,6.5433164
2018-12-31 08:15:00,3.6,3.398679,16.245281,32.663876,3.302781,32.759773
2018-12-31 08:30:00,3.74,3.550677,8.469736,18.161287,3.4547791,18.257185
2018-12-31 08:45:00,3.74,3.3462408,6.956123,10.09242,3.2503428,10.188317
2018-12-31 09:00:00,3.06,3.4860766,5.105535,9.605028,3.3901787,9.700926
2018-12-31 09:15:00,3.17,3.146582,3.554946,9.59515,3.050684,9.691048
2018-12-31 09:30:00,3.13,3.1238015,3.5090725,7.863382,3.0279036,7.9592795
2018-12-31 09:45:00,3.17,3.0691462,3.4013648,8.134341,2.9732482,8.230239
2018-12-31 10:00:00,3.24,3.069876,3.496059,7.405211,2.973978,7.5011086
2018-12-31 10:15:00,3.2,3.1570163,3.5553195,7.798657,3.0611184,7.8945546
2018-12-31 10:30:00,4.03,3.1620097,3.4835384,7.322955,3.0661118,7.418853
2018-12-31 10:45:00,3.67,3.4745429,4.273381,13.51345,3.378645,13.609347
2018-12-31 11:00:00,3.35,3.3835168,3.759855,10.249499,3.2876189,10.345397
2018-12-31 11:15:00,3.35,3.1382284,3.3595464,9.479913,3.0423305,9.57581
2018-12-31 11:30:00,3.82,3.184459,3.2873647,9.148691,3.088561,9.244589
2018-12-31 11:45:00,4.0,3.1965005,4.171363,11.021408,3.1006026,11.117306
2018-12-31 12:00:00,4.07,3.161431,4.621008,10.824067,3.0655332,10.919965
2018-12-31 12:15:00,4.03,3.4297159,3.968687,5.264843,3.333818,5.3607407
2018-12-31 12:30:00,4.1,3.6786633,4.193478,5.1890626,3.5827653,5.2849603
2018-12-31 12:45:00,3.35,3.7406626,3.764378,4.4394374,3.6447647,4.535335
2018-12-31 13:00:00,3.35,3.354923,3.3709702,3.9421232,3.259025,4.038021
2018-12-31 13:15:00,3.35,3.4357364,3.8413475,9.2589855,3.3398385,9.354883
2018-12-31 13:30:00,3.31,3.40434,3.4487045,8.173386,3.308442,8.269283
2018-12-31 13:45:00,3.31,3.1697605,3.5754178,6.3871527,3.0738626,6.4830503
2018-12-31 14:00:00,3.35,3.173238,3.5827854,5.133516,3.0773401,5.2294135
2018-12-31 14:15:00,3.35,3.1738873,3.6420944,6.2362638,3.0779893,6.3321614
2018-12-31 14:30:00,3.56,3.1554365,3.5800385,5.2471056,3.0595386,5.3430033
2018-12-31 14:45:00,4.07,3.3103285,4.0447235,5.5166593,3.2144306,5.612557
2018-12-31 15:00:00,3.53,3.4834585,6.1874304,8.956447,3.3875606,9.052344
2018-12-31 15:15:00,3.42,3.2207575,3.9388387,7.6645713,3.1248596,7.760469
2018-12-31 15:30:00,4.07,3.1514926,4.056656,7.0887766,3.0555947,7.1846743
2018-12-31 15:45:00,4.07,4.619387,5.509257,10.275398,4.5234895,10.371296
2018-12-31 16:00:00,4.03,4.3635645,5.095706,8.778163,4.267667,8.874061
2018-12-31 16:15:00,4.07,3.8410285,4.2065744,9.167445,3.7451305,9.263343
2018-12-31 16:30:00,3.92,4.550145,5.373898,8.176627,4.4542475,8.272525
2018-12-31 16:45:00,3.31,4.0131783,4.139458,7.717555,3.9172804,7.8134527
2018-12-31 17:00:00,3.31,3.465242,3.5321982,4.9728365,3.369344,5.068734
2018-12-31 17:15:00,3.35,3.0799944,3.6571715,4.2258825,2.9840965,4.32178
2018-12-31 17:30:00,3.31,2.9563355,3.2014055,3.6488302,2.8604376,3.744728
2018-12-31 17:45:00,3.46,3.1528056,3.970072,4.2798266,3.0569077,4.3757243
2018-12-31 18:00:00,3.42,3.263574,3.6148252,3.9909,3.167676,4.0867977
2018-12-31 18:15:00,3.35,3.1823902,3.3994262,3.6464112,3.0864923,3.742309
2018-12-31 18:30:00,3.82,3.1645756,3.4574833,3.6146047,3.0686777,3.7105026
2018-12-31 18:45:00,4.14,3.1992865,3.6858113,3.8292906,3.1033885,3.9251885
2018-12-31 19:00:00,3.49,3.2929404,3.8709452,4.0972495,3.1970425,4.193147
2018-12-31 19:15:00,3.96,3.0178757,3.3175998,3.4409451,2.9219778,3.536843
2018-12-31 19:30:00,4.14,3.3366773,3.7829592,4.082202,3.2407794,4.1780996
2018-12-31 19:45:00,4.21,3.3490834,3.9899504,4.055212,3.2531855,4.1511097
2018-12-31 20:00:00,4.14,3.2810414,3.8646085,3.9463947,3.1851435,4.0422926
2018-12-31 20:15:00,4.18,3.6261961,3.985253,4.0655146,3.5302982,4.1614122
2018-12-31 20:30:00,3.38,3.693742,4.028201,4.33694,3.5978441,4.4328375
2018-12-31 20:45:00,3.42,3.1118684,3.389711,3.5943305,3.0159705,3.6902285
2018-12-31 21:00:00,3.42,3.1075907,3.404716,3.5723646,3.0116928,3.6682625
2018-12-31 21:15:00,3.42,3.0977478,3.3748355,3.5181496,3.00185,3.6140475
2018-12-31 21:30:00,3.49,3.1768935,3.390393,3.5828536,3.0809956,3.6787515
2018-12-31 21:45:00,3.42,3.2233415,3.4230533,3.5748415,3.1274436,3.6707394
2018-12-31 22:00:00,3.42,3.1859438,3.4179733,3.612748,3.090046,3.7086458
2018-12-31 22:15:00,3.24,3.1331663,3.3362513,3.5254338,3.0372684,3.6213317
2018-12-31 22:30:00,3.67,3.0406458,3.1656942,3.5429804,2.944748,3.6388783
2018-12-31 22:45:00,3.82,3.1172278,3.4121647,3.6956706,3.0213299,3.7915685
2018-12-31 23:00:00,3.85,3.1515217,3.4549363,3.8524797,3.0556238,3.9483776
2018-12-31 23:15:00,3.74,3.2503605,3.4896026,3.837807,3.1544626,3.9337049
2018-12-31 23:30:00,3.78,3.3528762,3.5668824,3.803562,3.2569783,3.8994598
2018-12-31 23:45:00,3.78,3.4327545,3.5762503,3.8116097,3.3368566,3.9075077
