date,actual,P10,P50,P90,P10_hiệu_chỉnh,P90_hiệu_chỉnh
2018-12-01 00:00:00,3.35,2.870486,3.577513,13.06502,2.7986012,13.136905
2018-12-01 00:15:00,3.89,3.2050633,3.4464014,3.9452903,3.1331785,4.017175
2018-12-01 00:30:00,3.85,3.4806702,3.7246773,4.269777,3.4087853,4.3416615
2018-12-01 00:45:00,3.89,3.4131932,3.742634,4.198669,3.3413084,4.2705536
2018-12-01 01:00:00,3.89,3.3527594,3.633406,4.1134715,3.2808745,4.185356
2018-12-01 01:15:00,4.03,3.676804,3.8321993,4.123849,3.6049192,4.1957335
2018-12-01 01:30:00,3.89,3.6197064,3.9759667,4.344951,3.5478215,4.416836
2018-12-01 01:45:00,3.92,3.623239,3.8465374,4.1369424,3.5513542,4.208827
2018-12-01 02:00:00,3.92,3.6084962,3.860481,4.1500325,3.5366113,4.221917
2018-12-01 02:15:00,3.96,3.645048,3.8908298,4.1529875,3.573163,4.224872
2018-12-01 02:30:00,4.03,3.6729503,3.913191,4.1437554,3.6010654,4.21564
2018-12-01 02:45:00,4.14,3.6746485,3.9908164,4.3399124,3.6027637,4.411797
2018-12-01 03:00:00,5.08,3.7270694,4.140636,4.4652734,3.6551845,4.537158
2018-12-01 03:15:00,4.72,4.057267,4.569346,5.3191395,3.9853823,5.391024
2018-12-01 03:30:00,3.96,3.8501537,4.230075,4.526636,3.7782688,4.5985208
2018-12-01 03:45:00,3.92,3.5670805,4.159406,4.222306,3.4951956,4.2941904
2018-12-01 04:00:00,3.35,3.6247401,3.8723361,4.3277535,3.5528553,4.399638
2018-12-01 04:15:00,3.28,3.206695,3.2799275,3.8055677,3.1348102,3.8774526
2018-12-01 04:30:00,3.35,3.1961472,3.3163254,3.788555,3.1242623,3.8604398
2018-12-01 04:45:00,3.24,3.1573346,3.2975602,3.760819,3.0854497,3.8327038
2018-12-01 05:00:00,3.31,3.2157207,3.2326555,3.6203241,3.1438358,3.692209
2018-12-01 05:15:00,3.31,3.1913254,3.2990203,3.6477685,3.1194406,3.7196534
2018-12-01 05:30:00,3.28,3.2083416,3.3135962,3.6679418,3.1364567,3.7398267
2018-12-01 05:45:00,3.28,3.2321873,3.3010616,3.6821175,3.1603024,3.7540023
2018-12-01 06:00:00,3.2,3.180378,3.3109093,3.7595296,3.108493,3.8314145
2018-12-01 06:15:00,3.46,3.1455507,3.228355,3.7021916,3.0736659,3.7740765
2018-12-01 06:30:00,4.03,3.1513643,3.3907747,3.7637713,3.0794795,3.8356562
2018-12-01 06:45:00,3.89,3.2882257,3.5889797,4.427959,3.2163408,4.4998436
2018-12-01 07:00:00,3.89,3.3154154,3.4679923,4.1551104,3.2435305,4.226995
2018-12-01 07:15:00,4.46,3.4102614,3.6341155,4.2473745,3.3383765,4.319259
2018-12-01 07:30:00,3.67,3.678571,4.3781915,5.172196,3.606686,5.2440805
2018-12-01 07:45:00,3.46,3.3838263,3.8527513,5.0371323,3.3119414,5.109017
2018-12-01 08:00:00,3.46,3.1976323,4.7637334,7.3865514,3.1257474,7.458436
2018-12-01 08:15:00,3.71,3.448678,22.229101,26.201593,3.3767931,26.273478
2018-12-01 08:30:00,4.72,3.5510683,6.5683975,9.751624,3.4791834,9.823509
2018-12-01 08:45:00,4.46,3.9306026,5.437557,5.4920964,3.8587177,5.563981
2018-12-01 09:00:00,5.22,3.6363993,3.8728883,4.144614,3.5645144,4.216499
2018-12-01 09:15:00,28.58,4.5433702,5.1502,7.719794,4.4714856,7.7916784
2018-12-01 09:30:00,30.56,27.836042,38.571632,40.7746,27.764158,40.846485
2018-12-01 09:45:00,28.08,28.223099,33.04359,47.826336,28.151215,47.89822
2018-12-01 10:00:00,28.58,20.49836,28.039825,34.246674,20.426476,34.318558
2018-12-01 10:15:00,28.73,20.800049,28.969175,30.533747,20.728165,30.60563
2018-12-01 10:30:00,29.56,28.503817,28.981031,31.45075,28.431932,31.522635
2018-12-01 10:45:00,30.06,27.233545,28.368736,31.695942,27.161661,31.767826
2018-12-01 11:00:00,29.2,29.427828,31.567333,35.41082,29.355944,35.482704
2018-12-01 11:15:00,27.94,27.949142,29.346754,30.633781,27.877258,30.705666
2018-12-01 11:30:00,27.94,20.134932,29.800545,37.141476,20.063047,37.21336
2018-12-01 11:45:00,25.63,18.307665,28.471273,30.719282,18.23578,30.791166
2018-12-01 12:00:00,3.64,6.3335876,19.374918,28.502312,6.261703,28.574196
2018-12-01 12:15:00,3.85,3.3223586,3.6869402,7.2905903,3.2504737,7.362475
2018-12-01 12:30:00,3.71,3.5860326,3.7676706,4.7095933,3.5141478,4.781478
2018-12-01 12:45:00,3.74,3.4333847,3.84515,7.4370723,3.3614998,7.508957
2018-12-01 13:00:00,3.71,3.5008678,5.7546735,6.721417,3.428983,6.7933016
2018-12-01 13:15:00,11.3,4.3614287,10.3522215,16.226814,4.289544,16.298698
2018-12-01 13:30:00,27.29,11.4824,24.289953,32.964638,11.410515,33.036522
2018-12-01 13:45:00,26.86,18.494371,28.53635,36.528755,18.422487,36.60064
2018-12-01 14:00:00,25.31,17.286545,25.676334,32.166634,17.21466,32.238518
2018-12-01 14:15:00,26.21,10.920193,24.955914,33.452858,10.848308,33.524742
2018-12-01 14:30:00,26.28,16.599573,25.63554,26.067842,16.527689,26.139727
2018-12-01 14:45:00,18.68,16.12586,24.974213,25.490515,16.053976,25.562399
2018-12-01 15:00:00,5.18,6.695868,13.206904,23.958208,6.6239834,24.030092
2018-12-01 15:15:00,5.08,4.334167,8.244203,14.398813,4.2622824,14.470698
2018-12-01 15:30:00,4.75,4.4248123,9.052615,16.73288,4.3529277,16.804764
2018-12-01 15:45:00,4.75,4.265941,10.734666,20.792242,4.1940565,20.864126
2018-12-01 16:00:00,4.72,4.041059,4.9621725,7.8711853,3.9691741,7.94307
2018-12-01 16:15:00,4.64,4.1770883,4.307516,4.4838905,4.1052036,4.555775
2018-12-01 16:30:00,4.72,4.148324,4.343252,4.6131287,4.0764394,4.6850133
2018-12-01 16:45:00,4.68,4.219525,4.3757815,4.6304207,4.14764,4.7023053
2018-12-01 17:00:00,4.64,3.7875798,4.495326,4.5770626,3.715695,4.6489472
2018-12-01 17:15:00,4.79,4.121098,4.610888,4.9921556,4.0492134,5.06404
2018-12-01 17:30:00,4.75,3.8900533,4.0460167,4.6529136,3.8181684,4.724798
2018-12-01 17:45:00,4.72,4.003825,4.123657,4.561777,3.9319403,4.6336617
2018-12-01 18:00:00,4.68,4.043058,4.15988,4.697648,3.971173,4.7695327
2018-12-01 18:15:00,5.76,4.103698,4.529027,4.5451083,4.031813,4.616993
2018-12-01 18:30:00,5.4,4.029939,4.87248,5.5934777,3.9580543,5.6653624
2018-12-01 18:45:00,4.79,3.8546252,4.6412644,6.4689536,3.7827404,6.5408382
2018-12-01 19:00:00,4.79,3.6668603,4.2392592,4.479801,3.5949755,4.551686
2018-12-01 19:15:00,4.79,4.007706,4.108052,4.4489226,3.9358213,4.5208073
2018-12-01 19:30:00,4.79,4.0289173,4.3488655,4.483011,3.9570324,4.5548954
2018-12-01 19:45:00,4.9,4.179677,4.509845,4.745373,4.1077924,4.8172574
2018-12-01 20:00:00,4.75,4.1992803,4.6442213,5.1228747,4.1273956,5.1947594
2018-12-01 20:15:00,4.79,3.9418783,4.2072687,4.616111,3.8699934,4.6879954
2018-12-01 20:30:00,4.75,4.1779065,4.3957005,4.661185,4.106022,4.7330694
2018-12-01 20:45:00,4.82,4.16145,4.5362473,5.2065024,4.0895653,5.278387
2018-12-01 21:00:00,4.82,3.9689584,4.239592,4.5507975,3.8970735,4.622682
2018-12-01 21:15:00,4.75,3.9194965,4.514364,4.5590963,3.8476117,4.630981
2018-12-01 21:30:00,4.79,3.9412909,4.4949784,4.4958973,3.869406,4.567782
2018-12-01 21:45:00,4.79,3.9552815,4.499414,4.56375,3.8833966,4.6356344
2018-12-01 22:00:00,4.9,3.9596179,4.487462,4.531932,3.887733,4.6038165
2018-12-01 22:15:00,5.76,4.000324,4.4808745,4.5222406,3.928439,4.5941253
2018-12-01 22:30:00,4.61,4.0880938,4.826103,6.598819,4.016209,6.6707034
2018-12-01 22:45:00,3.42,3.6977696,4.507789,5.0587244,3.6258848,5.130609
2018-12-01 23:00:00,3.42,3.2218819,3.4755054,4.391212,3.149997,4.4630966
2018-12-01 23:15:00,3.28,3.2230527,3.414256,5.3453307,3.1511679,5.4172153
2018-12-01 23:30:00,3.38,3.0060744,3.2735057,3.684011,2.9341896,3.7558959
2018-12-01 23:45:00,3.31,3.088947,3.2601888,3.6758907,3.0170622,3.7477756
2018-12-02 00:00:00,4.36,2.9368765,3.2427492,15.10119,2.8649917,15.173075
2018-12-02 00:15:00,3.35,3.3599625,3.4588475,4.652045,3.2880776,4.7239294
2018-12-02 00:30:00,3.35,3.0357652,3.2264993,3.7411172,2.9638803,3.813002
2018-12-02 00:45:00,3.38,2.9747822,3.254554,3.7289462,2.9028974,3.800831
2018-12-02 01:00:00,3.89,2.968897,3.2921257,3.77615,2.8970122,3.8480349
2018-12-02 01:15:00,4.46,3.2120697,3.4652467,4.120518,3.1401849,4.192403
2018-12-02 01:30:00,4.43,3.3734028,3.7293453,4.5348773,3.301518,4.606762
2018-12-02 01:45:00,4.14,3.43972,3.6708126,4.5032034,3.367835,4.575088
2018-12-02 02:00:00,3.46,3.7216647,4.0489206,4.6164155,3.6497798,4.6883
2018-12-02 02:15:00,3.38,3.1400733,3.4939187,4.5586247,3.0681884,4.6305094
2018-12-02 02:30:00,3.38,3.0634096,3.3431025,3.7664702,2.9915247,3.838355
2018-12-02 02:45:00,3.38,3.0346649,3.2831721,3.7732291,2.96278,3.845114
2018-12-02 03:00:00,4.32,3.1457224,3.3368518,3.6923172,3.0738375,3.764202
2018-12-02 03:15:00,4.64,3.4337566,3.6853406,4.4909525,3.3618717,4.562837
2018-12-02 03:30:00,3.82,3.4230294,4.134416,4.338368,3.3511446,4.4102526
2018-12-02 03:45:00,3.46,3.3335614,3.8702013,4.044543,3.2616765,4.1164274
2018-12-02 04:00:00,3.42,3.1353154,3.4510598,3.7770603,3.0634305,3.8489451
2018-12-02 04:15:00,3.46,3.0568383,3.3422918,3.754867,2.9849534,3.826752
2018-12-02 04:30:00,4.32,3.0323925,3.3376946,3.6609917,2.9605076,3.7328765
2018-12-02 04:45:00,4.5,3.339801,3.6119404,4.4851713,3.2679162,4.557056
2018-12-02 05:00:00,4.54,3.4221356,3.7284446,4.372733,3.3502507,4.4446177
2018-12-02 05:15:00,4.39,3.710219,3.8087573,4.45031,3.638334,4.522195
2018-12-02 05:30:00,3.35,3.8511374,4.129807,4.634675,3.7792525,4.7065597
2018-12-02 05:45:00,3.46,3.2039595,3.2603726,3.8857663,3.1320746,3.9576511
2018-12-02 06:00:00,3.35,3.0917714,3.3836894,3.8759947,3.0198865,3.9478796
2018-12-02 06:15:00,3.42,3.0983455,3.2333665,3.7164674,3.0264606,3.7883523
2018-12-02 06:30:00,3.42,3.1924355,3.3235903,3.7091951,3.1205506,3.78108
2018-12-02 06:45:00,3.38,3.195895,3.3466706,3.7122521,3.12401,3.784137
2018-12-02 07:00:00,3.46,3.1897569,3.3030233,3.6973314,3.117872,3.7692163
2018-12-02 07:15:00,3.38,3.2102258,3.3503118,3.7605705,3.138341,3.8324554
2018-12-02 07:30:00,3.46,3.1580548,3.3919756,3.8292856,3.08617,3.9011705
2018-12-02 07:45:00,3.46,3.1618814,3.4414945,4.403557,3.0899966,4.4754415
2018-12-02 08:00:00,3.49,3.1436863,3.4634519,5.7067165,3.0718014,5.778601
2018-12-02 08:15:00,4.57,3.175931,17.56469,17.585646,3.104046,17.65753
2018-12-02 08:30:00,4.54,3.2524014,8.561705,9.729863,3.1805165,9.801748
2018-12-02 08:45:00,5.54,3.032534,4.917761,5.8359814,2.960649,5.907866
2018-12-02 09:00:00,4.75,4.549463,4.7379174,7.295251,4.477578,7.3671355
2018-12-02 09:15:00,3.74,4.286898,5.0054383,5.0259104,4.2150135,5.097795
2018-12-02 09:30:00,3.71,2.948475,3.3299327,3.6158018,2.87659,3.6876867
2018-12-02 09:45:00,3.6,2.9353216,3.5337958,3.579984,2.8634367,3.6518688
2018-12-02 10:00:00,3.56,2.8616798,3.2531075,3.2594593,2.789795,3.3313441
2018-12-02 10:15:00,3.6,3.32291,3.445487,3.912021,3.2510252,3.9839058
2018-12-02 10:30:00,3.64,3.4514554,3.5765064,3.8040226,3.3795705,3.8759074
2018-12-02 10:45:00,3.64,3.4524848,4.0633583,4.4589286,3.3806,4.530813
2018-12-02 11:00:00,3.64,3.530506,3.5593123,6.9228554,3.458621,6.99474
2018-12-02 11:15:00,3.64,3.2212112,3.9872794,4.011788,3.1493263,4.0836725
2018-12-02 11:30:00,3.56,3.5072088,3.9158177,5.474026,3.435324,5.545911
2018-12-02 11:45:00,3.64,3.3545196,3.8458192,4.190825,3.2826347,4.2627096
2018-12-02 12:00:00,4.03,2.850342,3.4102068,4.487241,2.7784572,4.5591254
2018-12-02 12:15:00,4.86,3.3569367,3.4453838,4.5716286,3.2850518,4.643513
2018-12-02 12:30:00,4.75,3.659108,4.1362762,4.750789,3.587223,4.822674
2018-12-02 12:45:00,5.36,3.8144298,4.224185,4.6360865,3.742545,4.707971
2018-12-02 13:00:00,4.9,4.369019,4.7150455,6.3473496,4.2971344,6.4192343
2018-12-02 13:15:00,3.78,4.2024093,7.027962,10.789908,4.1305246,10.8617935
2018-12-02 13:30:00,3.64,3.8116715,3.983636,4.382687,3.7397866,4.4545717
2018-12-02 13:45:00,3.6,3.1031935,3.7592678,5.0780873,3.0313087,5.149972
2018-12-02 14:00:00,3.6,3.2595603,3.4502115,3.6649644,3.1876755,3.7368493
2018-12-02 14:15:00,3.6,3.370976,3.4828131,4.061259,3.299091,4.1331434
2018-12-02 14:30:00,3.56,3.3912485,3.5275526,4.2135844,3.3193636,4.285469
2018-12-02 14:45:00,3.56,3.4744644,4.5604267,4.811629,3.4025795,4.8835135
2018-12-02 15:00:00,3.64,3.390634,3.406269,5.40143,3.3187492,5.473315
2018-12-02 15:15:00,3.6,3.297145,3.4879084,4.9452353,3.22526,5.01712
2018-12-02 15:30:00,3.56,3.3324683,3.6867363,5.3501225,3.2605834,5.422007
2018-12-02 15:45:00,3.85,3.2165983,3.768521,5.591825,3.1447134,5.6637096
2018-12-02 16:00:00,4.68,2.9161842,3.5405676,3.775737,2.8442993,3.847622
2018-12-02 16:15:00,4.72,3.6694942,3.843721,4.460055,3.5976093,4.5319395
2018-12-02 16:30:00,4.72,3.5591412,3.8450449,4.414198,3.4872563,4.4860826
2018-12-02 16:45:00,3.89,3.9475965,4.6932573,4.7895937,3.8757117,4.8614783
2018-12-02 17:00:00,3.53,3.6500416,3.6794202,4.557517,3.5781567,4.6294017
2018-12-02 17:15:00,3.6,3.0107946,3.3920236,4.0552998,2.9389098,4.1271844
2018-12-02 17:30:00,3.6,3.247029,3.5103793,4.2778454,3.1751442,4.34973
2018-12-02 17:45:00,3.74,3.2840493,3.4305599,3.9996226,3.2121644,4.0715075
2018-12-02 18:00:00,4.72,3.5429158,3.5894344,4.1134486,3.471031,4.1853333
2018-12-02 18:15:00,3.89,3.5887203,3.9205203,4.5746913,3.5168355,4.646576
2018-12-02 18:30:00,3.53,3.4991949,3.568811,4.1790414,3.42731,4.250926
2018-12-02 18:45:00,3.53,3.285616,3.4341824,3.9920275,3.213731,4.0639124
2018-12-02 19:00:00,3.56,3.0686827,3.4191258,3.9356878,2.9967978,4.0075727
2018-12-02 19:15:00,3.67,3.2812068,3.4032273,3.998355,3.209322,4.0702395
2018-12-02 19:30:00,3.56,3.3795314,3.5916557,4.0818834,3.3076465,4.153768
2018-12-02 19:45:00,4.39,3.3657534,3.4411063,4.0522046,3.2938685,4.1240892
2018-12-02 20:00:00,4.72,3.6183605,3.8603125,4.688438,3.5464756,4.7603226
2018-12-02 20:15:00,4.68,3.5131407,3.624253,4.5015574,3.4412558,4.573442
2018-12-02 20:30:00,4.75,3.5118744,3.800585,4.5595717,3.4399896,4.6314564
2018-12-02 20:45:00,3.71,4.0340815,4.0703783,4.7979493,3.9621966,4.869834
2018-12-02 21:00:00,3.53,3.4143248,3.4372663,4.325989,3.34244,4.3978734
2018-12-02 21:15:00,3.6,3.2634604,3.3057957,4.0134964,3.1915755,4.085381
2018-12-02 21:30:00,3.6,3.2767432,3.4371083,4.0614014,3.2048583,4.133286
2018-12-02 21:45:00,3.6,3.4410572,3.5198414,3.9708185,3.3691723,4.042703
2018-12-02 22:00:00,3.56,3.502286,3.5364587,3.9660296,3.430401,4.0379143
2018-12-02 22:15:00,4.07,3.3384664,3.506881,3.9519157,3.2665815,4.0238004
2018-12-02 22:30:00,4.32,3.3792133,3.759229,4.4622273,3.3073285,4.534112
2018-12-02 22:45:00,3.35,3.3246467,3.674973,4.4764967,3.2527618,4.5483813
2018-12-02 23:00:00,3.31,2.9713202,3.1454406,3.5567546,2.8994353,3.6286395
2018-12-02 23:15:00,3.31,3.0595543,3.2985225,3.670754,2.9876695,3.7426388
2018-12-02 23:30:00,3.28,3.0282087,3.2687812,3.6437325,2.9563239,3.7156174
2018-12-02 23:45:00,3.35,3.1414528,3.2796113,3.7843535,3.069568,3.8562384
2018-12-03 00:00:00,4.57,2.9997292,5.0669994,30.14987,2.9278443,30.221754
2018-12-03 00:15:00,4.43,3.3011243,3.4030108,4.6135697,3.2292395,4.6854544
2018-12-03 00:30:00,4.36,3.3434024,3.471504,4.565317,3.2715175,4.637202
2018-12-03 00:45:00,4.21,3.5351806,3.574776,4.597986,3.4632957,4.669871
2018-12-03 01:00:00,3.35,3.7978675,3.9434164,4.6026087,3.7259827,4.6744933
2018-12-03 01:15:00,3.38,3.1322932,3.2404656,3.8328445,3.0604084,3.9047294
2018-12-03 01:30:00,3.35,3.101904,3.2600846,3.7978327,3.030019,3.8697176
2018-12-03 01:45:00,3.42,3.1298234,3.2377102,3.8006299,3.0579386,3.8725147
2018-12-03 02:00:00,3.49,3.275901,3.3452225,3.7589056,3.2040162,3.8307905
2018-12-03 02:15:00,3.42,3.3059118,3.3487372,3.7297995,3.234027,3.8016844
2018-12-03 02:30:00,3.38,3.1896658,3.3331888,3.679418,3.117781,3.751303
2018-12-03 02:45:00,4.36,3.1777554,3.3563135,3.670023,3.1058705,3.7419078
2018-12-03 03:00:00,4.14,3.3664594,3.5188596,4.5408745,3.2945745,4.612759
2018-12-03 03:15:00,3.42,3.3459578,3.568875,4.524536,3.274073,4.596421
2018-12-03 03:30:00,3.38,3.1212037,3.2700617,3.7851295,3.0493188,3.8570144
2018-12-03 03:45:00,3.35,3.1709602,3.6304753,3.8553622,3.0990753,3.927247
2018-12-03 04:00:00,3.35,3.1196673,3.2382534,3.7929587,3.0477824,3.8648436
2018-12-03 04:15:00,4.1,3.230439,3.3245716,3.7445803,3.158554,3.8164651
2018-12-03 04:30:00,4.43,3.4218273,3.7116642,4.691566,3.3499424,4.7634506
2018-12-03 04:45:00,4.5,3.316782,3.6298618,4.6050878,3.2448971,4.6769724
2018-12-03 05:00:00,3.78,3.5213869,3.8959732,4.4663095,3.449502,4.538194
2018-12-03 05:15:00,3.31,3.4721286,3.489937,4.18134,3.4002438,4.253225
2018-12-03 05:30:00,3.38,3.1578193,3.2902982,3.7357137,3.0859344,3.8075986
2018-12-03 05:45:00,3.31,3.0935848,3.2660625,4.4605956,3.0217,4.5324802
2018-12-03 06:00:00,3.31,3.067346,3.2773533,3.698232,2.9954612,3.7701168
2018-12-03 06:15:00,3.35,3.2517939,3.3226302,3.7250736,3.179909,3.7969584
2018-12-03 06:30:00,3.31,3.2002583,3.296471,3.6818285,3.1283734,3.7537134
2018-12-03 06:45:00,3.24,3.1788938,3.2818804,3.6878707,3.107009,3.7597556
2018-12-03 07:00:00,3.24,3.184897,3.259092,3.7016647,3.113012,3.7735496
2018-12-03 07:15:00,4.21,3.2331276,3.2978423,3.829443,3.1612427,3.9013278
2018-12-03 07:30:00,5.76,3.466114,4.092564,5.2255583,3.3942292,5.297443
2018-12-03 07:45:00,5.98,4.7338367,9.000686,10.88879,4.661952,10.960675
2018-12-03 08:00:00,5.58,5.830883,8.703593,12.24813,5.7589984,12.320015
2018-12-03 08:15:00,34.99,5.8753867,28.038685,45.287865,5.803502,45.35975
2018-12-03 08:30:00,56.84,42.899567,57.585323,80.49896,42.827682,80.57085
2018-12-03 08:45:00,61.06,48.653778,60.618023,73.50595,48.581894,73.577835
2018-12-03 09:00:00,57.89,50.95765,60.73624,73.40657,50.885765,73.478455
2018-12-03 09:15:00,70.49,49.874126,58.18988,68.063156,49.802242,68.13504
2018-12-03 09:30:00,50.11,54.529045,62.266407,76.59971,54.45716,76.67159
2018-12-03 09:45:00,66.38,48.80057,57.90414,68.53154,48.728687,68.603424
2018-12-03 10:00:00,56.88,51.617218,59.75835,74.908035,51.545334,74.97992
2018-12-03 10:15:00,47.09,49.023346,59.550117,73.96093,48.95146,74.032814
2018-12-03 10:30:00,55.8,44.312954,54.394596,68.86411,44.24107,68.936
2018-12-03 10:45:00,66.89,49.32537,58.792614,76.96102,49.253487,77.032906
2018-12-03 11:00:00,62.89,53.49783,61.27461,78.27359,53.425945,78.345474
2018-12-03 11:15:00,63.79,52.727356,59.884678,72.13885,52.65547,72.21073
2018-12-03 11:30:00,58.1,54.43352,66.43789,81.110664,54.361637,81.18255
2018-12-03 11:45:00,54.5,53.51099,58.769714,69.57168,53.439106,69.64356
2018-12-03 12:00:00,35.35,47.534573,54.46316,70.78399,47.46269,70.85587
2018-12-03 12:15:00,6.34,4.567831,6.8801403,17.466839,4.4959464,17.538723
2018-12-03 12:30:00,5.76,4.8685827,5.561282,8.316209,4.796698,8.388094
2018-12-03 12:45:00,6.3,4.82919,5.499835,6.85323,4.757305,6.9251146
2018-12-03 13:00:00,6.19,5.530278,6.4414997,6.717041,5.4583936,6.7889256
2018-12-03 13:15:00,35.35,8.701109,35.16466,57.14819,8.629224,57.220074
2018-12-03 13:30:00,51.95,42.324574,59.093323,68.88178,42.25269,68.95367
2018-12-03 13:45:00,48.46,48.95558,57.2628,74.18709,48.883698,74.25897
2018-12-03 14:00:00,65.02,46.6584,52.942665,63.587963,46.586517,63.659847
2018-12-03 14:15:00,69.91,50.385754,57.662918,78.908966,50.31387,78.98085
2018-12-03 14:30:00,55.12,53.280148,61.46201,76.03291,53.208263,76.1048
2018-12-03 14:45:00,56.84,49.792,58.792107,70.0,49.720116,70.071884
2018-12-03 15:00:00,54.22,49.20878,57.981426,71.7891,49.136894,71.860985
2018-12-03 15:15:00,49.97,49.60487,56.378582,70.588974,49.532986,70.66086
2018-12-03 15:30:00,48.17,46.888344,53.771088,64.35878,46.81646,64.430664
2018-12-03 15:45:00,49.86,45.705658,51.687298,63.943447,45.633774,64.015335
2018-12-03 16:00:00,58.75,46.760777,52.75592,64.819916,46.688892,64.8918
2018-12-03 16:15:00,65.7,48.890957,57.585266,69.649475,48.819073,69.72136
2018-12-03 16:30:00,51.88,51.537548,57.863968,74.68082,51.465664,74.7527
2018-12-03 16:45:00,57.2,47.958668,55.045532,67.82132,47.886784,67.8932
2018-12-03 17:00:00,76.03,46.28982,56.330635,67.37345,46.217937,67.445335
2018-12-03 17:15:00,72.18,57.238964,63.938618,82.20424,57.16708,82.27612
2018-12-03 17:30:00,61.42,53.847675,66.39355,79.80809,53.77579,79.879974
2018-12-03 17:45:00,36.61,27.84924,33.625786,59.072323,27.777355,59.144207
2018-12-03 18:00:00,29.56,29.050148,31.165056,40.379982,28.978264,40.451866
2018-12-03 18:15:00,34.13,27.628386,36.32672,42.700382,27.556501,42.772266
2018-12-03 18:30:00,42.26,31.73063,42.79131,62.41852,31.658747,62.490406
2018-12-03 18:45:00,56.81,37.732994,42.495193,52.318176,37.66111,52.39006
2018-12-03 19:00:00,43.02,45.474365,55.597294,66.24075,45.40248,66.31264
2018-12-03 19:15:00,47.74,40.059067,44.550213,56.001335,39.987183,56.07322
2018-12-03 19:30:00,39.17,42.33635,50.38421,65.81892,42.264465,65.8908
2018-12-03 19:45:00,43.67,36.31856,42.773827,55.285576,36.246677,55.35746
2018-12-03 20:00:00,50.44,38.721844,44.203465,53.67979,38.64996,53.751675
2018-12-03 20:15:00,46.22,43.47215,50.987114,61.48604,43.400265,61.557922
2018-12-03 20:30:00,45.36,40.77956,48.400394,55.342285,40.707676,55.41417
2018-12-03 20:45:00,50.11,32.685696,37.491386,52.36162,32.61381,52.433506
2018-12-03 21:00:00,25.45,17.144718,26.6705,51.82475,17.072834,51.896633
2018-12-03 21:15:00,8.6,5.198711,7.7685046,25.010658,5.1268263,25.082542
2018-12-03 21:30:00,6.19,4.322124,5.4576983,9.22862,4.2502394,9.300505
2018-12-03 21:45:00,5.62,4.49574,4.952124,7.5475698,4.4238553,7.6194544
2018-12-03 22:00:00,4.93,4.379943,5.1127706,8.382735,4.3080583,8.45462
2018-12-03 22:15:00,4.72,4.1448393,4.8418803,5.1625514,4.0729547,5.234436
2018-12-03 22:30:00,4.75,3.845897,4.1480236,4.367636,3.774012,4.439521
2018-12-03 22:45:00,4.68,3.9755049,4.865346,5.3735433,3.90362,5.445428
2018-12-03 23:00:00,4.68,4.11616,4.512181,4.5933595,4.0442753,4.665244
2018-12-03 23:15:00,4.61,4.146753,4.4603086,4.535845,4.074868,4.6077294
2018-12-03 23:30:00,4.57,4.131696,4.457428,4.520436,4.0598116,4.5923204
2018-12-03 23:45:00,4.61,4.136887,4.5117674,4.706317,4.0650024,4.7782016
2018-12-04 00:00:00,3.89,3.3961241,4.372001,28.249447,3.3242393,28.321331
2018-12-04 00:15:00,4.61,3.6333966,3.8280776,4.406258,3.5615118,4.4781427
2018-12-04 00:30:00,4.57,3.8888988,4.3676386,4.87872,3.817014,4.9506044
2018-12-04 00:45:00,4.61,3.8620167,4.3719006,4.726802,3.7901318,4.7986865
2018-12-04 01:00:00,4.64,3.863535,4.226059,4.708884,3.79165,4.7807684
2018-12-04 01:15:00,5.04,4.1795335,4.43272,4.545928,4.107649,4.6178126
2018-12-04 01:30:00,5.8,4.0728774,5.4034057,6.11699,4.000993,6.1888747
2018-12-04 01:45:00,4.68,4.6018677,4.9653254,6.536661,4.529983,6.608546
2018-12-04 02:00:00,3.6,3.8011074,4.138814,4.606537,3.7292225,4.6784215
2018-12-04 02:15:00,3.56,3.5839748,3.676934,4.4816008,3.51209,4.5534854
2018-12-04 02:30:00,3.64,3.5673378,3.6123471,5.71089,3.495453,5.7827744
2018-12-04 02:45:00,3.67,3.420906,3.657534,4.074446,3.3490212,4.146331
2018-12-04 03:00:00,3.64,3.595241,3.6588802,4.0350103,3.5233562,4.106895
2018-12-04 03:15:00,3.64,3.5907702,3.6403422,3.9588432,3.5188854,4.030728
2018-12-04 03:30:00,3.71,3.5730894,3.5876203,3.9391112,3.5012045,4.010996
2018-12-04 03:45:00,3.67,3.6038973,3.9396782,3.9841418,3.5320125,4.0560265
2018-12-04 04:00:00,3.71,3.4765065,3.6643229,3.9443839,3.4046216,4.0162687
2018-12-04 04:15:00,3.67,3.5079863,3.6807861,4.0107284,3.4361014,4.082613
2018-12-04 04:30:00,3.6,3.517188,3.6886008,3.9985564,3.4453032,4.0704412
2018-12-04 04:45:00,4.36,3.511811,3.613663,3.9591427,3.4399261,4.0310273
2018-12-04 05:00:00,4.64,3.5566728,4.0282445,4.7039127,3.484788,4.7757974
2018-12-04 05:15:00,4.72,3.7022736,4.134439,4.493043,3.6303887,4.5649276
2018-12-04 05:30:00,5.44,3.9450855,4.2239175,4.5975995,3.8732007,4.669484
2018-12-04 05:45:00,4.43,4.5574536,5.783815,6.6685014,4.485569,6.740386
2018-12-04 06:00:00,3.64,3.8054154,4.1769996,4.705263,3.7335305,4.777148
2018-12-04 06:15:00,3.56,3.5801451,3.6249971,4.076824,3.5082603,4.148709
2018-12-04 06:30:00,3.67,3.2651026,3.549789,3.8658879,3.1932178,3.9377728
2018-12-04 06:45:00,3.64,3.4656627,3.6595583,4.0625744,3.3937778,4.134459
2018-12-04 07:00:00,3.56,3.5755596,3.6401565,3.9794765,3.5036747,4.051361
2018-12-04 07:15:00,3.56,3.5743084,3.6207411,3.956243,3.5024235,4.0281277
2018-12-04 07:30:00,3.82,3.6922357,4.4093757,5.1282377,3.6203508,5.2001224
2018-12-04 07:45:00,4.54,3.8180664,4.107979,6.1263337,3.7461815,6.1982183
2018-12-04 08:00:00,5.94,4.0132914,4.555532,7.9284797,3.9414065,8.000364
2018-12-04 08:15:00,28.4,6.466707,31.513557,47.483585,6.3948226,47.55547
2018-12-04 08:30:00,55.04,31.7475,48.596474,65.17103,31.675615,65.24291
2018-12-04 08:45:00,61.13,49.99473,64.92802,73.582,49.922848,73.653885
2018-12-04 09:00:00,82.33,52.52039,61.61923,72.19429,52.448505,72.266174
2018-12-04 09:15:00,82.37,60.757706,78.07491,100.58686,60.68582,100.658745
2018-12-04 09:30:00,64.08,60.532043,81.243835,101.72828,60.46016,101.80016
2018-12-04 09:45:00,59.36,54.17531,65.83723,80.94738,54.103424,81.019264
2018-12-04 10:00:00,52.16,51.235416,61.715874,78.426506,51.163532,78.49839
2018-12-04 10:15:00,56.95,48.18535,56.772606,75.436104,48.113464,75.50799
2018-12-04 10:30:00,53.42,50.039536,59.46247,68.039665,49.96765,68.11155
2018-12-04 10:45:00,58.86,51.07084,56.42418,65.15294,50.998955,65.22482
2018-12-04 11:00:00,59.98,50.759666,59.792805,66.361465,50.687782,66.43335
2018-12-04 11:15:00,61.24,52.57924,59.189423,65.588425,52.507355,65.66031
2018-12-04 11:30:00,84.1,52.994766,60.83385,66.10028,52.922882,66.172165
2018-12-04 11:45:00,63.86,62.515995,76.70588,96.30854,62.44411,96.380424
2018-12-04 12:00:00,49.86,51.773792,61.833378,78.7627,51.70191,78.83459
2018-12-04 12:15:00,6.91,5.801565,8.0539255,35.581535,5.7296805,35.65342
2018-12-04 12:30:00,7.38,5.0587907,5.433212,8.951568,4.986906,9.023453
2018-12-04 12:45:00,6.62,5.863325,6.9447813,12.745058,5.7914405,12.816943
2018-12-04 13:00:00,6.55,5.7285833,6.112725,6.263455,5.6566987,6.3353395
2018-12-04 13:15:00,32.51,8.895071,36.235615,54.157425,8.823186,54.22931
2018-12-04 13:30:00,57.28,44.265446,58.887283,71.25492,44.19356,71.326805
2018-12-04 13:45:00,55.51,49.584732,65.68374,70.852135,49.512848,70.92402
2018-12-04 14:00:00,56.12,50.261993,57.869442,67.84784,50.19011,67.91972
2018-12-04 14:15:00,58.82,49.762306,56.309162,68.94534,49.690422,69.01723
2018-12-04 14:30:00,52.88,50.14597,58.24669,67.80435,50.074085,67.876236
2018-12-04 14:45:00,53.46,49.433926,55.5458,65.09144,49.36204,65.16332
2018-12-04 15:00:00,62.96,47.97489,55.1704,65.30173,47.903008,65.37361
2018-12-04 15:15:00,64.62,50.9841,59.852757,71.488075,50.912216,71.55996
2018-12-04 15:30:00,60.01,52.46031,60.792587,73.36788,52.388428,73.439766
2018-12-04 15:45:00,55.66,50.572697,60.546146,71.74329,50.500813,71.81518
2018-12-04 16:00:00,53.82,50.528816,58.54417,69.57383,50.456932,69.64571
2018-12-04 16:15:00,71.86,50.30428,55.70585,69.643936,50.232395,69.71582
2018-12-04 16:30:00,60.73,55.01586,63.559494,82.79521,54.943977,82.867096
2018-12-04 16:45:00,68.22,50.908333,60.149166,72.37216,50.83645,72.444046
2018-12-04 17:00:00,80.46,53.751904,62.032852,75.006134,53.68002,75.07802
2018-12-04 17:15:00,61.52,60.923107,74.47498,94.17437,60.851223,94.246254
2018-12-04 17:30:00,71.1,48.781185,61.56353,72.514824,48.7093,72.58671
2018-12-04 17:45:00,35.21,30.390995,37.78675,72.82663,30.31911,72.89851
2018-12-04 18:00:00,30.31,25.471264,32.029503,41.466537,25.39938,41.53842
2018-12-04 18:15:00,43.56,28.56976,34.041702,47.900917,28.497875,47.9728
2018-12-04 18:30:00,40.97,40.454906,51.93745,74.71071,40.383022,74.78259
2018-12-04 18:45:00,38.56,38.6121,43.29952,54.89659,38.540215,54.968475
2018-12-04 19:00:00,41.65,33.795147,42.094273,52.61407,33.723263,52.685955
2018-12-04 19:15:00,49.07,38.906654,43.82642,49.470955,38.83477,49.54284
2018-12-04 19:30:00,40.46,44.363667,51.547184,63.947475,44.291782,64.01936
2018-12-04 19:45:00,48.64,36.619633,43.069874,53.659763,36.54775,53.731647
2018-12-04 20:00:00,49.75,41.04621,47.41934,60.124165,40.974327,60.19605
2018-12-04 20:15:00,48.89,43.70231,51.373592,62.348362,43.630424,62.420246
2018-12-04 20:30:00,37.84,42.419094,49.929813,61.27839,42.34721,61.350273
2018-12-04 20:45:00,30.67,29.481312,39.969624,47.352863,29.409428,47.424747
2018-12-04 21:00:00,5.08,12.817497,19.737999,32.79699,12.745612,32.868874
2018-12-04 21:15:00,5.69,3.7663217,4.716166,6.59628,3.6944368,6.6681647
2018-12-04 21:30:00,5.44,4.2937026,4.633035,7.88714,4.221818,7.9590244
2018-12-04 21:45:00,5.4,4.4174175,4.781995,8.868804,4.345533,8.940689
2018-12-04 22:00:00,5.44,4.292239,4.886042,6.6268544,4.2203546,6.698739
2018-12-04 22:15:00,5.26,4.230525,4.9964585,5.7754283,4.1586404,5.847313
2018-12-04 22:30:00,4.64,4.194985,6.1779613,6.7521796,4.1231003,6.8240643
2018-12-04 22:45:00,3.92,3.8759968,5.072346,5.0950313,3.804112,5.166916
2018-12-04 23:00:00,3.96,3.6449208,3.8929932,5.5189867,3.573036,5.5908713
2018-12-04 23:15:00,3.92,3.7235975,3.8208869,5.940014,3.6517127,6.0118985
2018-12-04 23:30:00,3.85,3.6319904,3.8327591,4.532001,3.5601056,4.6038857
2018-12-04 23:45:00,3.89,3.7608232,3.8784173,4.1150203,3.6889384,4.186905
2018-12-05 00:00:00,3.96,3.5068705,3.8722541,4.2395325,3.4349856,4.311417
2018-12-05 00:15:00,3.89,3.8066273,3.931812,6.2570376,3.7347424,6.3289223
2018-12-05 00:30:00,3.92,3.7846096,3.9122345,6.7427096,3.7127247,6.8145943
2018-12-05 00:45:00,3.89,3.7457106,3.960683,6.7512503,3.6738257,6.823135
2018-12-05 01:00:00,3.96,3.736321,3.9483273,6.5324297,3.664436,6.6043143
2018-12-05 01:15:00,3.78,3.560594,3.958844,6.5256963,3.4887092,6.597581
2018-12-05 01:30:00,3.85,3.5155253,3.8461044,6.269345,3.4436405,6.3412294
2018-12-05 01:45:00,3.82,3.6777802,3.9190214,6.4701004,3.6058953,6.541985
2018-12-05 02:00:00,3.82,3.6388175,3.8087137,6.5591693,3.5669327,6.631054
2018-12-05 02:15:00,3.85,3.6462908,3.792967,6.461426,3.574406,6.5333104
2018-12-05 02:30:00,4.64,3.644107,3.854336,6.599224,3.5722222,6.6711087
2018-12-05 02:45:00,4.86,3.6534688,4.0984287,9.081155,3.581584,9.15304
2018-12-05 03:00:00,3.82,3.8220797,4.0268764,9.071455,3.7501948,9.14334
2018-12-05 03:15:00,3.49,3.3804417,3.682687,9.081891,3.3085568,9.153776
2018-12-05 03:30:00,3.13,3.3404448,3.7177083,9.278869,3.26856,9.350754
2018-12-05 03:45:00,3.2,3.1866891,3.337602,12.203162,3.1148043,12.275047
2018-12-05 04:00:00,3.13,2.964061,3.1085014,10.859986,2.8921762,10.931871
2018-12-05 04:15:00,3.1,2.8925672,3.0851462,9.4434,2.8206823,9.5152855
2018-12-05 04:30:00,3.17,2.8764634,3.151804,10.0099945,2.8045785,10.08188
2018-12-05 04:45:00,3.06,2.979912,3.1887836,9.877895,2.9080272,9.94978
2018-12-05 05:00:00,3.17,2.9013348,3.107377,10.143711,2.82945,10.215596
2018-12-05 05:15:00,3.06,2.9915886,3.1109388,9.94108,2.9197037,10.012965
2018-12-05 05:30:00,3.1,2.9408293,3.0944312,11.842796,2.8689444,11.914681
2018-12-05 05:45:00,3.02,2.9522352,3.0872335,11.031083,2.8803504,11.102968
2018-12-05 06:00:00,3.1,2.8347797,3.0231898,11.490604,2.7628949,11.5624895
2018-12-05 06:15:00,3.02,2.9598594,3.0669005,11.321122,2.8879745,11.393007
2018-12-05 06:30:00,4.61,2.8714585,3.0317,11.497706,2.7995737,11.5695915
2018-12-05 06:45:00,4.9,3.4364977,5.193619,12.436965,3.3646128,12.50885
2018-12-05 07:00:00,3.85,3.6494892,5.2737446,13.939606,3.5776043,14.011491
2018-12-05 07:15:00,3.49,3.3486724,3.4616408,13.411564,3.2767875,13.483449
2018-12-05 07:30:00,3.2,3.4747972,3.6756968,14.312455,3.4029124,14.38434
2018-12-05 07:45:00,4.32,3.296634,3.4781663,14.299252,3.224749,14.371137
2018-12-05 08:00:00,4.72,3.76207,8.176472,19.141752,3.690185,19.213636
2018-12-05 08:15:00,27.65,4.495244,29.69845,47.693806,4.4233594,47.76569
2018-12-05 08:30:00,61.56,28.129402,44.61887,68.20595,28.057518,68.27783
2018-12-05 08:45:00,57.71,50.166008,67.800285,78.074104,50.094124,78.14599
2018-12-05 09:00:00,57.82,50.180992,60.17933,72.71393,50.109108,72.78581
2018-12-05 09:15:00,68.08,49.503136,58.20348,76.23068,49.43125,76.30257
2018-12-05 09:30:00,64.08,52.89213,63.02589,77.023254,52.820248,77.09514
2018-12-05 09:45:00,64.76,52.435974,62.6434,74.278824,52.36409,74.35071
2018-12-05 10:00:00,62.68,51.848854,62.359173,73.43159,51.77697,73.50347
2018-12-05 10:15:00,49.28,50.896538,61.64772,68.03956,50.824654,68.11144
2018-12-05 10:30:00,56.52,48.047997,53.589848,68.376144,47.976112,68.44803
2018-12-05 10:45:00,59.04,48.45316,56.02077,70.433815,48.381275,70.5057
2018-12-05 11:00:00,66.85,49.06251,57.864017,72.414345,48.990627,72.48623
2018-12-05 11:15:00,68.83,53.521904,61.80946,77.74763,53.45002,77.81951
2018-12-05 11:30:00,60.3,53.935158,64.38445,80.82852,53.863274,80.900406
2018-12-05 11:45:00,53.21,49.864086,59.74703,70.424126,49.792202,70.49601
2018-12-05 12:00:00,40.97,43.708385,54.802696,62.77265,43.6365,62.844536
2018-12-05 12:15:00,10.69,4.9955893,6.882649,23.763914,4.9237046,23.835798
2018-12-05 12:30:00,9.43,4.731209,6.1449594,15.571842,4.659324,15.643727
2018-12-05 12:45:00,10.33,5.843765,8.927036,12.070854,5.77188,12.142739
2018-12-05 13:00:00,26.68,8.154688,9.087149,21.822704,8.082803,21.894588
2018-12-05 13:15:00,43.34,24.91201,48.431183,73.98453,24.840126,74.05641
2018-12-05 13:30:00,46.51,44.45686,53.08645,65.79379,44.384975,65.86568
2018-12-05 13:45:00,50.44,42.680676,52.41343,62.850655,42.60879,62.92254
2018-12-05 14:00:00,63.4,46.211388,51.764587,61.806458,46.139503,61.87834
2018-12-05 14:15:00,54.36,49.49351,58.445587,70.14707,49.421627,70.218956
2018-12-05 14:30:00,61.52,46.680866,55.737576,68.882576,46.608982,68.95446
2018-12-05 14:45:00,58.93,49.414974,59.17212,69.596306,49.34309,69.66819
2018-12-05 15:00:00,85.46,49.99186,58.294674,68.6331,49.919975,68.70499
2018-12-05 15:15:00,109.3,58.144295,80.865295,106.28621,58.07241,106.35809
2018-12-05 15:30:00,87.16,68.58474,89.62259,108.17637,68.512856,108.24825
2018-12-05 15:45:00,96.01,57.1239,97.93736,109.34109,57.052017,109.41297
2018-12-05 16:00:00,105.91,66.821625,91.591576,108.059265,66.74974,108.13115
2018-12-05 16:15:00,68.18,70.57661,90.23827,108.050156,70.50472,108.12204
2018-12-05 16:30:00,64.91,54.069473,83.95929,107.34767,53.99759,107.419556
2018-12-05 16:45:00,56.05,50.677715,69.60042,91.66654,50.60583,91.73843
2018-12-05 17:00:00,62.96,46.757652,57.765327,78.122025,46.68577,78.19391
2018-12-05 17:15:00,47.12,50.222576,61.324986,70.84263,50.150692,70.91451
2018-12-05 17:30:00,44.57,41.69316,49.088184,64.27798,41.621277,64.34986
2018-12-05 17:45:00,44.24,27.23503,34.280178,48.779392,27.163145,48.851276
2018-12-05 18:00:00,27.32,28.030775,32.022343,37.490562,27.95889,37.562447
2018-12-05 18:15:00,5.87,13.400733,23.830631,36.29832,13.328848,36.370205
2018-12-05 18:30:00,5.36,5.2449346,7.0103726,21.587868,5.17305,21.659752
2018-12-05 18:45:00,5.47,4.379613,4.746412,19.390059,4.3077283,19.461943
2018-12-05 19:00:00,5.58,4.352467,6.330334,20.271257,4.2805824,20.343142
2018-12-05 19:15:00,5.58,4.936455,6.5290303,7.432621,4.86457,7.5045056
2018-12-05 19:30:00,5.47,4.9655056,5.045221,8.530194,4.893621,8.602079
2018-12-05 19:45:00,5.44,4.8254094,5.0645304,6.4926987,4.753525,6.5645833
2018-12-05 20:00:00,5.44,4.7624955,5.156589,8.3145075,4.690611,8.386393
2018-12-05 20:15:00,5.44,4.836744,4.882187,8.945369,4.764859,9.017254
2018-12-05 20:30:00,5.51,4.8128366,4.872685,9.93361,4.740952,10.005495
2018-12-05 20:45:00,5.44,4.4674873,4.8771243,6.2475276,4.3956027,6.319412
2018-12-05 21:00:00,4.82,4.1404037,4.6380877,5.9764557,4.068519,6.0483403
2018-12-05 21:15:00,4.28,3.7532072,4.2910833,4.310271,3.6813223,4.3821554
2018-12-05 21:30:00,4.25,3.6929379,3.990815,4.084207,3.621053,4.1560917
2018-12-05 21:45:00,4.28,3.762517,4.0808234,4.154327,3.690632,4.2262115
2018-12-05 22:00:00,4.36,3.7635922,4.1005344,4.3879757,3.6917074,4.4598603
2018-12-05 22:15:00,4.03,3.938075,4.1196876,4.3537292,3.8661902,4.425614
2018-12-05 22:30:00,4.0,3.6950753,3.8728108,4.3510103,3.6231904,4.422895
2018-12-05 22:45:00,4.03,3.5505667,3.8988,4.315657,3.4786818,4.387542
2018-12-05 23:00:00,4.0,3.5567467,3.947379,4.3950696,3.4848619,4.466954
2018-12-05 23:15:00,4.0,3.7308662,3.9245348,4.2661247,3.6589813,4.3380094
2018-12-05 23:30:00,3.92,3.7253697,3.9558158,4.2784915,3.6534848,4.350376
2018-12-05 23:45:00,4.0,3.7434828,3.870183,4.060361,3.671598,4.1322455
2018-12-06 00:00:00,4.0,3.3715389,3.9261975,4.7087927,3.299654,4.7806773
2018-12-06 00:15:00,3.96,3.6836748,3.959251,4.2566276,3.61179,4.328512
2018-12-06 00:30:00,4.79,3.6877608,3.949411,4.082071,3.615876,4.1539555
2018-12-06 00:45:00,5.18,3.7737484,4.2157984,4.598664,3.7018635,4.6705484
2018-12-06 01:00:00,4.03,3.9043686,4.4602213,6.3045406,3.8324838,6.3764253
2018-12-06 01:15:00,3.92,3.5501337,3.7920566,4.115609,3.4782488,4.187494
2018-12-06 01:30:00,4.0,3.5714314,3.8359547,3.9699695,3.4995465,4.0418544
2018-12-06 01:45:00,3.92,3.5958097,3.9550338,4.456624,3.5239248,4.5285087
2018-12-06 02:00:00,4.07,3.6418586,3.9033878,4.0650167,3.5699737,4.1369014
2018-12-06 02:15:00,3.46,3.716949,4.0637345,4.7249675,3.645064,4.796852
2018-12-06 02:30:00,3.28,3.1726882,3.4935875,3.6013699,3.1008034,3.6732547
2018-12-06 02:45:00,3.38,3.15324,3.2956166,3.546599,3.081355,3.6184838
2018-12-06 03:00:00,3.31,3.1350725,3.3896527,3.6562111,3.0631876,3.728096
2018-12-06 03:15:00,3.35,3.1915839,3.3264935,3.6973763,3.119699,3.7692611
2018-12-06 03:30:00,3.35,3.2199395,3.3403258,3.596954,3.1480546,3.668839
2018-12-06 03:45:00,3.38,3.214883,3.3162422,3.577777,3.1429982,3.6496618
2018-12-06 04:00:00,3.42,3.2106974,3.381441,3.5751135,3.1388125,3.6469984
2018-12-06 04:15:00,3.31,3.1896079,3.3735294,3.6258762,3.117723,3.697761
2018-12-06 04:30:00,4.61,3.177882,3.308737,3.6546402,3.105997,3.726525
2018-12-06 04:45:00,5.04,3.5371788,3.756753,4.305528,3.465294,4.377413
2018-12-06 05:00:00,4.07,3.7875354,4.6386695,5.241367,3.7156506,5.3132515
2018-12-06 05:15:00,3.71,3.6706185,3.714125,4.1082263,3.5987337,4.180111
2018-12-06 05:30:00,3.31,3.4284375,3.6584823,3.8516989,3.3565526,3.9235837
2018-12-06 05:45:00,3.31,3.15403,3.309008,3.5309207,3.0821452,3.6028056
2018-12-06 06:00:00,3.38,3.10102,3.3137267,3.531817,3.0291352,3.6037018
2018-12-06 06:15:00,3.31,3.0557287,3.3839784,3.6003861,2.9838438,3.672271
2018-12-06 06:30:00,3.28,3.2397046,3.3095934,3.706832,3.1678197,3.7787168
2018-12-06 06:45:00,3.31,3.2612672,3.3213465,3.7093065,3.1893823,3.7811913
2018-12-06 07:00:00,3.24,3.2649143,3.330939,3.8375823,3.1930294,3.9094672
2018-12-06 07:15:00,3.28,3.222346,3.2723267,3.7392216,3.1504612,3.8111064
2018-12-06 07:30:00,3.46,3.329689,3.6395235,3.9350297,3.2578042,4.0069146
2018-12-06 07:45:00,4.21,3.3787098,3.8269782,4.9452534,3.306825,5.017138
2018-12-06 08:00:00,6.44,3.725565,4.3776646,8.101069,3.65368,8.172955
2018-12-06 08:15:00,32.29,6.796304,33.36262,51.17138,6.7244196,51.243263
2018-12-06 08:30:00,64.98,41.437,51.641457,69.07125,41.365116,69.143135
2018-12-06 08:45:00,60.84,51.60051,67.933556,83.061874,51.528625,83.13376
2018-12-06 09:00:00,59.87,51.857445,62.040997,74.93851,51.78556,75.01039
2018-12-06 09:15:00,67.0,50.78194,58.868656,75.89211,50.710056,75.964
2018-12-06 09:30:00,71.17,53.93789,63.87481,78.4994,53.866005,78.57128
2018-12-06 09:45:00,76.86,55.6024,66.43841,80.23517,55.530518,80.30705
2018-12-06 10:00:00,66.67,57.409985,70.20429,92.21088,57.3381,92.28276
2018-12-06 10:15:00,63.18,53.590405,65.963905,78.8026,53.51852,78.87448
2018-12-06 10:30:00,68.87,54.606148,63.92429,73.46057,54.534264,73.532455
2018-12-06 10:45:00,71.06,55.88998,65.9031,80.59026,55.818096,80.66215
2018-12-06 11:00:00,62.78,54.4587,66.907234,86.96443,54.386814,87.036316
2018-12-06 11:15:00,60.88,53.03053,63.599384,74.533,52.958645,74.60488
2018-12-06 11:30:00,74.45,52.527634,60.11671,71.57332,52.45575,71.6452
2018-12-06 11:45:00,67.82,54.172348,67.41738,89.169205,54.100464,89.24109
2018-12-06 12:00:00,69.26,46.255875,66.15931,76.94714,46.18399,77.01903
2018-12-06 12:15:00,9.94,6.565247,10.757197,47.806168,6.4933624,47.87805
2018-12-06 12:30:00,6.88,5.164436,6.030332,13.3241005,5.092551,13.395986
2018-12-06 12:45:00,7.02,6.5123944,7.617397,8.536662,6.44051,8.608547
2018-12-06 13:00:00,6.95,6.190904,7.719585,8.496106,6.1190195,8.567991
2018-12-06 13:15:00,35.78,8.623974,36.344852,60.1007,8.552089,60.172585
2018-12-06 13:30:00,61.78,42.915073,59.27752,82.11622,42.84319,82.1881
2018-12-06 13:45:00,60.8,48.62798,62.21578,79.32003,48.556095,79.391914
2018-12-06 14:00:00,71.78,50.745693,60.64101,76.77031,50.67381,76.84219
2018-12-06 14:15:00,72.11,53.64104,65.33137,89.57349,53.569157,89.64537
2018-12-06 14:30:00,68.22,52.80967,66.7468,86.791306,52.737785,86.86319
2018-12-06 14:45:00,73.44,50.676228,66.81344,82.79364,50.604343,82.865524
2018-12-06 15:00:00,56.88,56.490612,69.803734,90.268005,56.418728,90.33989
2018-12-06 15:15:00,50.29,48.03185,59.20826,74.403984,47.959965,74.47587
2018-12-06 15:30:00,48.78,47.303005,54.398624,69.75326,47.23112,69.82514
2018-12-06 15:45:00,48.96,45.786472,52.42217,70.799576,45.71459,70.87146
2018-12-06 16:00:00,49.97,46.11082,52.272118,63.492535,46.038937,63.56442
2018-12-06 16:15:00,62.28,43.852577,52.54178,61.863235,43.780693,61.93512
2018-12-06 16:30:00,47.95,50.402176,58.499466,71.00728,50.33029,71.07916
2018-12-06 16:45:00,57.35,45.26992,51.468903,65.22711,45.198036,65.298996
2018-12-06 17:00:00,47.77,45.71036,55.971115,68.22088,45.638477,68.29276
2018-12-06 17:15:00,48.6,41.56916,49.309017,64.09946,41.497276,64.17134
2018-12-06 17:30:00,57.46,40.278877,48.7228,61.17588,40.206993,61.247765
2018-12-06 17:45:00,31.86,27.728628,31.765766,61.45561,27.656744,61.527493
2018-12-06 18:00:00,31.61,26.873302,30.469318,35.834084,26.801418,35.905968
2018-12-06 18:15:00,36.61,30.577156,33.18174,45.87349,30.505272,45.945374
2018-12-06 18:30:00,40.07,34.33136,45.023407,57.676453,34.259476,57.748337
2018-12-06 18:45:00,37.87,33.23193,40.196453,51.170532,33.160046,51.242416
2018-12-06 19:00:00,47.23,32.161716,38.856255,45.97514,32.089832,46.047024
2018-12-06 19:15:00,53.03,39.10035,46.702587,55.445118,39.028465,55.517002
2018-12-06 19:30:00,38.63,43.32794,52.483418,65.35631,43.256058,65.42819
2018-12-06 19:45:00,37.51,35.209126,41.013348,51.38002,35.13724,51.451904
2018-12-06 20:00:00,38.3,33.279938,40.016834,50.4806,33.208054,50.552483
2018-12-06 20:15:00,54.36,34.72594,40.57983,51.543648,34.654057,51.615532
2018-12-06 20:30:00,38.84,43.797295,53.05465,64.58482,43.72541,64.65671
2018-12-06 20:45:00,27.72,30.041851,40.516216,47.271725,29.969967,47.34361
2018-12-06 21:00:00,8.86,7.6017456,11.479459,25.01699,7.529861,25.088875
2018-12-06 21:15:00,5.51,4.236597,5.6491327,8.721897,4.1647124,8.793782
2018-12-06 21:30:00,5.58,4.093073,4.600998,7.6913958,4.0211883,7.7632804
2018-12-06 21:45:00,5.62,4.338515,4.9740906,8.40743,4.26663,8.479315
2018-12-06 22:00:00,5.54,4.461369,5.301481,6.4195614,4.3894844,6.491446
2018-12-06 22:15:00,5.26,4.319864,4.8801436,6.42472,4.247979,6.4966044
2018-12-06 22:30:00,5.22,4.196281,4.9773026,6.347797,4.1243963,6.4196815
2018-12-06 22:45:00,5.26,4.1959853,4.9509916,6.3833776,4.1241007,6.455262
2018-12-06 23:00:00,4.18,4.1187134,4.9256086,6.392469,4.0468287,6.4643536
2018-12-06 23:15:00,3.96,3.8079238,4.010499,4.3205,3.736039,4.3923845
2018-12-06 23:30:00,4.0,3.712328,3.8450997,4.127584,3.640443,4.1994686
2018-12-06 23:45:00,4.0,3.722587,4.019733,4.3080034,3.6507022,4.379888
2018-12-07 00:00:00,4.03,3.4820495,3.8605087,4.4205003,3.4101646,4.492385
2018-12-07 00:15:00,3.96,3.843212,4.0205398,4.375582,3.771327,4.447467
2018-12-07 00:30:00,4.03,3.8402236,3.9913447,4.120823,3.7683387,4.1927075
2018-12-07 00:45:00,4.03,3.8553278,4.062258,4.3083067,3.783443,4.3801913
2018-12-07 01:00:00,4.0,3.807449,4.043739,4.310616,3.7355642,4.3825006
2018-12-07 01:15:00,4.03,3.8092802,4.014429,4.319741,3.7373953,4.3916254
2018-12-07 01:30:00,4.03,3.7832122,4.02254,4.402721,3.7113273,4.4746056
2018-12-07 01:45:00,4.03,3.7945523,4.044335,4.3240013,3.7226675,4.395886
2018-12-07 02:00:00,4.1,3.7619736,4.067791,4.3209133,3.6900887,4.392798
2018-12-07 02:15:00,4.0,3.8296556,4.115243,4.4569764,3.7577708,4.528861
2018-12-07 02:30:00,4.72,3.7765,4.0061865,4.2822022,3.704615,4.354087
2018-12-07 02:45:00,4.79,3.8056865,4.127479,4.781092,3.7338016,4.852977
2018-12-07 03:00:00,4.14,3.8203251,4.198538,4.7416053,3.7484403,4.81349
2018-12-07 03:15:00,4.07,3.7672677,4.0259867,4.509725,3.6953828,4.5816097
2018-12-07 03:30:00,4.03,3.8184102,3.940433,4.476727,3.7465253,4.5486116
2018-12-07 03:45:00,4.0,3.626737,4.4958572,4.505896,3.5548522,4.5777807
2018-12-07 04:00:00,3.42,3.6126337,3.910468,4.3035374,3.5407488,4.375422
2018-12-07 04:15:00,3.49,3.2112992,3.4965782,3.749249,3.1394143,3.8211339
2018-12-07 04:30:00,3.46,3.2963645,3.4594872,3.8604472,3.2244797,3.932332
2018-12-07 04:45:00,3.38,3.2643573,3.4497852,3.8350587,3.1924725,3.9069436
2018-12-07 05:00:00,3.42,3.2958388,3.419881,3.686506,3.223954,3.758391
2018-12-07 05:15:00,3.42,3.304227,3.4130776,3.6824164,3.2323422,3.7543013
2018-12-07 05:30:00,3.74,2.961819,3.4176042,3.67305,2.889934,3.7449348
2018-12-07 05:45:00,4.07,3.006474,3.6006606,4.0809603,2.9345891,4.152845
2018-12-07 06:00:00,3.49,3.4518087,3.6997387,4.5159173,3.3799238,4.587802
2018-12-07 06:15:00,3.42,3.1483693,3.343955,3.7993004,3.0764844,3.8711853
2018-12-07 06:30:00,3.64,2.832259,3.4174585,3.8252885,2.760374,3.8971734
2018-12-07 06:45:00,4.1,3.3221807,3.5589085,4.071249,3.2502959,4.1431336
2018-12-07 07:00:00,4.0,3.414021,3.8377452,4.590085,3.3421361,4.6619697
2018-12-07 07:15:00,4.0,3.467677,3.675378,4.481587,3.3957922,4.5534716
2018-12-07 07:30:00,3.82,3.626838,3.996472,4.9476466,3.554953,5.0195312
2018-12-07 07:45:00,4.54,3.8422186,4.168305,5.720223,3.7703338,5.7921076
2018-12-07 08:00:00,4.79,4.0518155,4.567834,7.9584656,3.9799306,8.030351
2018-12-07 08:15:00,47.66,4.696181,23.132328,33.83135,4.624296,33.903233
2018-12-07 08:30:00,60.19,53.02035,65.7214,90.80852,52.948467,90.8804
2018-12-07 08:45:00,60.19,50.056583,62.057575,76.07942,49.9847,76.151306
2018-12-07 09:00:00,53.32,51.956722,61.953083,73.0108,51.88484,73.08269
2018-12-07 09:15:00,58.86,49.269016,55.90538,69.20861,49.197132,69.280495
2018-12-07 09:30:00,49.5,50.17148,58.158936,68.41972,50.099594,68.49161
2018-12-07 09:45:00,48.42,47.213276,53.512356,66.9149,47.14139,66.986786
2018-12-07 10:00:00,62.78,43.866592,51.95156,65.039856,43.79471,65.11174
2018-12-07 10:15:00,48.02,49.055477,57.339085,69.94242,48.983593,70.014305
2018-12-07 10:30:00,46.22,45.366417,51.860416,65.492905,45.294533,65.56479
2018-12-07 10:45:00,57.46,42.754814,50.39646,61.14385,42.68293,61.215733
2018-12-07 11:00:00,48.78,47.23862,57.777122,70.46708,47.166737,70.53896
2018-12-07 11:15:00,47.02,45.212948,52.528927,64.80624,45.141064,64.87812
2018-12-07 11:30:00,58.0,43.08802,52.39097,60.701252,43.016136,60.773136
2018-12-07 11:45:00,51.48,45.417133,56.891983,66.42015,45.34525,66.492035
2018-12-07 12:00:00,44.28,43.269394,51.934402,64.2692,43.19751,64.34109
2018-12-07 12:15:00,26.6,4.6059713,6.896065,21.128138,4.5340867,21.200022
2018-12-07 12:30:00,12.49,7.1857057,9.127671,20.16466,7.113821,20.236544
2018-12-07 12:45:00,9.79,4.9955745,9.75171,15.22482,4.92369,15.296705
2018-12-07 13:00:00,10.76,6.6971607,9.611339,16.509533,6.625276,16.581417
2018-12-07 13:15:00,44.06,9.842366,32.07362,43.957787,9.770481,44.02967
2018-12-07 13:30:00,49.82,45.596394,54.797638,67.26343,45.52451,67.33531
2018-12-07 13:45:00,54.36,44.41047,54.591576,66.580956,44.338585,66.65284
2018-12-07 14:00:00,55.98,46.99179,57.234253,71.915375,46.919907,71.98726
2018-12-07 14:15:00,56.48,45.92406,55.569687,67.366234,45.852177,67.43812
2018-12-07 14:30:00,47.41,45.42524,55.37951,66.47943,45.353355,66.551315
2018-12-07 14:45:00,47.95,42.85857,51.241352,63.24462,42.786686,63.316505
2018-12-07 15:00:00,58.86,43.740814,50.685818,61.447014,43.66893,61.518898
2018-12-07 15:15:00,50.08,46.5159,56.29356,66.81838,46.444016,66.89027
2018-12-07 15:30:00,51.88,45.266533,51.858074,59.615833,45.19465,59.687717
2018-12-07 15:45:00,53.82,45.6193,54.083885,65.85046,45.547417,65.92234
2018-12-07 16:00:00,49.9,46.640594,55.534954,64.89979,46.56871,64.97167
2018-12-07 16:15:00,57.1,45.46371,52.94812,60.724243,45.391827,60.796127
2018-12-07 16:30:00,50.33,45.380943,56.559986,64.912056,45.30906,64.98394
2018-12-07 16:45:00,68.54,45.255978,51.906643,60.447243,45.184093,60.519127
2018-12-07 17:00:00,60.12,49.061466,58.12074,71.80876,48.989582,71.880646
2018-12-07 17:15:00,72.11,46.78442,55.941948,66.67453,46.712536,66.746414
2018-12-07 17:30:00,46.33,50.832916,58.76364,74.61158,50.761032,74.683464
2018-12-07 17:45:00,34.16,25.746895,31.791862,50.853863,25.67501,50.925747
2018-12-07 18:00:00,30.35,25.595055,30.395699,37.746964,25.52317,37.818848
2018-12-07 18:15:00,42.48,29.3277,34.38719,47.765213,29.255816,47.837097
2018-12-07 18:30:00,52.85,37.77204,47.08105,56.259983,37.700157,56.331867
2018-12-07 18:45:00,58.97,41.9226,50.761097,62.987946,41.850716,63.05983
2018-12-07 19:00:00,57.17,44.816486,54.59318,69.25813,44.744602,69.33002
2018-12-07 19:15:00,44.39,44.993805,55.846607,65.89158,44.92192,65.96346
2018-12-07 19:30:00,47.84,39.272415,45.668854,58.904137,39.20053,58.97602
2018-12-07 19:45:00,54.07,40.435585,47.77338,60.77064,40.3637,60.842525
2018-12-07 20:00:00,43.38,41.69986,48.109367,62.166595,41.627975,62.23848
2018-12-07 20:15:00,57.64,39.030247,44.08175,55.52218,38.958363,55.594063
2018-12-07 20:30:00,41.72,42.45764,48.62301,66.925,42.385757,66.99689
2018-12-07 20:45:00,31.9,31.876295,41.597702,51.27259,31.80441,51.344475
2018-12-07 21:00:00,19.69,8.333645,16.339888,32.449673,8.26176,32.521557
2018-12-07 21:15:00,5.62,4.746594,6.0276346,15.055564,4.6747093,15.127449
2018-12-07 21:30:00,5.62,4.0675817,4.582424,5.987634,3.9956968,6.059519
2018-12-07 21:45:00,5.15,4.363081,5.019266,9.369583,4.2911963,9.441468
2018-12-07 22:00:00,4.28,4.1239104,4.8318024,8.321973,4.052026,8.393858
2018-12-07 22:15:00,4.0,3.839436,4.1148787,4.3844757,3.7675512,4.4563603
2018-12-07 22:30:00,4.07,3.6895773,3.8508003,4.323044,3.6176925,4.3949285
2018-12-07 22:45:00,4.03,3.8233523,4.3640804,4.4341106,3.7514675,4.5059953
2018-12-07 23:00:00,4.0,3.785048,4.0014763,4.352555,3.7131631,4.4244394
2018-12-07 23:15:00,3.96,3.8196723,3.9427192,4.1996617,3.7477875,4.2715464
2018-12-07 23:30:00,4.03,3.818252,3.9215329,4.071344,3.7463672,4.1432285
2018-12-07 23:45:00,4.0,3.8270032,3.9983356,4.3117194,3.7551184,4.383604
2018-12-08 00:00:00,3.78,3.293501,3.7308214,4.3274927,3.221616,4.3993773
2018-12-08 00:15:00,4.0,3.6011946,3.8586876,4.0061316,3.5293097,4.0780163
2018-12-08 00:30:00,3.96,3.6884105,4.0702405,4.361821,3.6165257,4.433706
2018-12-08 00:45:00,4.0,3.6524487,3.9630282,4.141799,3.5805638,4.2136836
2018-12-08 01:00:00,4.0,3.6325126,3.9972827,4.226764,3.5606277,4.298649
2018-12-08 01:15:00,5.15,3.7553146,4.0192623,4.2556486,3.6834297,4.3275332
2018-12-08 01:30:00,4.79,4.0329947,4.482568,5.269625,3.9611099,5.34151
2018-12-08 01:45:00,3.96,3.7448714,4.1187015,4.5809207,3.6729865,4.6528053
2018-12-08 02:00:00,3.96,3.501966,3.8155274,4.1355553,3.4300811,4.20744
2018-12-08 02:15:00,4.1,3.6253629,3.9381552,4.178478,3.553478,4.2503624
2018-12-08 02:30:00,4.0,3.768671,4.036742,4.6010838,3.6967862,4.6729684
2018-12-08 02:45:00,4.0,3.7186508,4.0394974,4.269147,3.646766,4.3410316
2018-12-08 03:00:00,4.0,3.724201,4.0450983,4.3429146,3.652316,4.414799
2018-12-08 03:15:00,3.96,3.8050795,4.040687,4.352693,3.7331946,4.4245777
2018-12-08 03:30:00,3.64,3.803212,3.9384193,4.096037,3.731327,4.1679215
2018-12-08 03:45:00,3.38,3.354128,3.944803,4.017537,3.282243,4.0894217
2018-12-08 04:00:00,3.31,3.185628,3.474565,3.735257,3.113743,3.8071418
2018-12-08 04:15:00,3.35,3.1621099,3.329455,3.7289808,3.090225,3.8008657
2018-12-08 04:30:00,3.35,3.17762,3.3609662,3.6937041,3.105735,3.765589
2018-12-08 04:45:00,3.42,3.2577813,3.3416626,3.6685388,3.1858964,3.7404237
2018-12-08 05:00:00,3.49,3.2530634,3.3632638,3.6795204,3.1811786,3.7514052
2018-12-08 05:15:00,4.0,3.275901,3.4213455,3.7250674,3.2040162,3.7969522
2018-12-08 05:30:00,3.53,3.346737,3.6596868,4.4318433,3.274852,4.503728
2018-12-08 05:45:00,3.35,3.1737535,3.3843272,3.9244344,3.1018686,3.9963193
2018-12-08 06:00:00,3.38,3.0899727,3.2777941,3.5855033,3.0180879,3.6573882
2018-12-08 06:15:00,4.03,3.1239192,3.3793664,3.7318964,3.0520344,3.8037813
2018-12-08 06:30:00,4.03,3.4068947,3.7122576,4.623236,3.3350098,4.695121
2018-12-08 06:45:00,4.0,3.329461,3.5969255,4.500353,3.2575762,4.5722375
2018-12-08 07:00:00,3.78,3.401729,3.7454972,4.3545585,3.3298442,4.426443
2018-12-08 07:15:00,3.35,3.6307778,3.7709446,4.032313,3.558893,4.1041975
2018-12-08 07:30:00,3.31,3.2052524,3.470873,4.3547072,3.1333675,4.426592
2018-12-08 07:45:00,3.53,3.2062194,3.4518611,4.8997936,3.1343346,4.9716783
2018-12-08 08:00:00,3.67,3.2264125,3.6307561,6.7544785,3.1545277,6.826363
2018-12-08 08:15:00,29.23,3.3437998,24.14788,24.286633,3.271915,24.358517
2018-12-08 08:30:00,38.16,37.426464,44.89528,54.129417,37.35458,54.2013
2018-12-08 08:45:00,33.08,31.855232,38.02659,51.898087,31.783348,51.96997
2018-12-08 09:00:00,51.52,29.292404,34.6519,42.52777,29.22052,42.599655
2018-12-08 09:15:00,47.77,33.710533,47.10997,61.106792,33.63865,61.178677
2018-12-08 09:30:00,42.05,34.305,44.449425,60.335217,34.233116,60.4071
2018-12-08 09:45:00,32.4,31.160166,39.45253,48.69363,31.088282,48.765514
2018-12-08 10:00:00,31.43,27.62662,33.989647,46.551258,27.554735,46.623142
2018-12-08 10:15:00,31.57,30.015295,33.462116,45.528614,29.94341,45.6005
2018-12-08 10:30:00,31.43,30.72231,33.34501,44.842957,30.650425,44.91484
2018-12-08 10:45:00,47.66,29.690731,33.332718,37.62995,29.618847,37.701836
2018-12-08 11:00:00,49.28,33.995728,46.600727,60.028053,33.923843,60.099937
2018-12-08 11:15:00,38.16,33.2232,45.392788,59.808437,33.151318,59.88032
2018-12-08 11:30:00,44.14,31.225632,36.733253,48.709625,31.153748,48.78151
2018-12-08 11:45:00,38.27,28.691225,37.587616,48.839462,28.61934,48.911346
2018-12-08 12:00:00,22.46,18.793106,30.783278,42.884193,18.721222,42.956078
2018-12-08 12:15:00,3.92,3.6648443,4.401006,15.952101,3.5929594,16.023985
2018-12-08 12:30:00,4.57,3.6506698,3.9678588,4.9044485,3.578785,4.976333
2018-12-08 12:45:00,5.36,4.066174,4.1854777,4.6884,3.9942892,4.7602844
2018-12-08 13:00:00,6.08,4.646683,7.045407,10.329779,4.5747986,10.401664
2018-12-08 13:15:00,34.09,6.4784503,17.500422,22.582806,6.4065657,22.65469
2018-12-08 13:30:00,55.69,34.32552,46.166843,57.78447,34.253635,57.856354
2018-12-08 13:45:00,40.61,34.3498,47.593704,67.31784,34.277916,67.389725
2018-12-08 14:00:00,50.51,29.727554,37.944626,55.1351,29.65567,55.206985
2018-12-08 14:15:00,37.98,33.13213,44.483948,59.75862,33.060246,59.830505
2018-12-08 14:30:00,48.89,30.467213,36.88346,50.346535,30.395329,50.41842
2018-12-08 14:45:00,37.73,31.886993,43.33081,56.257996,31.81511,56.32988
2018-12-08 15:00:00,40.03,30.487469,36.67885,47.179897,30.415585,47.25178
2018-12-08 15:15:00,43.67,30.537115,37.03658,47.256752,30.46523,47.328636
2018-12-08 15:30:00,46.15,31.96873,39.86924,50.7574,31.896847,50.829285
2018-12-08 15:45:00,49.68,32.59265,43.08045,48.387207,32.520767,48.45909
2018-12-08 16:00:00,49.32,33.89412,45.703617,56.32652,33.822235,56.398403
2018-12-08 16:15:00,49.46,34.57495,45.838654,57.279243,34.503067,57.351128
2018-12-08 16:30:00,49.54,33.645676,45.51216,53.012543,33.57379,53.084427
2018-12-08 16:45:00,34.63,32.087055,45.96889,57.080677,32.01517,57.15256
2018-12-08 17:00:00,27.0,13.964097,31.218338,47.2809,13.892212,47.352783
2018-12-08 17:15:00,9.9,10.757444,20.355513,34.12589,10.685559,34.197773
2018-12-08 17:30:00,5.22,4.318837,5.7606835,19.098679,4.2469525,19.170563
2018-12-08 17:45:00,5.29,3.9371002,4.3257513,10.388631,3.8652153,10.460516
2018-12-08 18:00:00,5.22,4.42555,5.3398676,7.929619,4.3536654,8.001504
2018-12-08 18:15:00,5.18,3.9757853,6.112192,9.471867,3.9039004,9.543752
2018-12-08 18:30:00,5.15,4.14107,5.0858865,6.651897,4.0691853,6.7237816
2018-12-08 18:45:00,5.33,4.227333,4.7564263,5.222333,4.1554484,5.2942176
2018-12-08 19:00:00,5.15,4.3232646,5.109196,5.7166867,4.25138,5.7885714
2018-12-08 19:15:00,4.1,4.3714685,4.888547,5.261323,4.299584,5.3332076
2018-12-08 19:30:00,4.14,3.8371162,4.2021847,4.2787843,3.7652314,4.350669
2018-12-08 19:45:00,4.1,3.9544022,4.1124053,4.365695,3.8825173,4.4375796
2018-12-08 20:00:00,4.14,3.8246257,4.1809945,4.674411,3.7527409,4.7462955
2018-12-08 20:15:00,4.1,3.924705,4.140213,4.1884212,3.8528202,4.260306
2018-12-08 20:30:00,4.03,3.931442,4.2513914,5.8159666,3.8595572,5.887851
2018-12-08 20:45:00,4.14,3.8826044,3.9568007,4.066325,3.8107195,4.13821
2018-12-08 21:00:00,4.1,3.87283,4.224692,4.2766438,3.800945,4.3485284
2018-12-08 21:15:00,4.14,3.8245995,4.2113853,4.595977,3.7527146,4.6678615
2018-12-08 21:30:00,4.1,3.8187814,4.209802,4.589452,3.7468965,4.6613364
2018-12-08 21:45:00,4.14,3.8299463,4.234116,4.5510983,3.7580614,4.622983
2018-12-08 22:00:00,4.1,3.815226,4.169575,4.5290227,3.7433412,4.6009073
2018-12-08 22:15:00,3.82,3.7623787,4.059242,4.570806,3.6904938,4.6426907
2018-12-08 22:30:00,3.89,3.51114,3.7251327,4.170679,3.4392552,4.2425637
2018-12-08 22:45:00,5.0,3.6189706,3.813851,4.1249866,3.5470858,4.1968713
2018-12-08 23:00:00,4.75,3.9188979,4.308058,5.2876587,3.847013,5.3595433
2018-12-08 23:15:00,3.82,3.6799169,3.8422482,4.443351,3.608032,4.5152354
2018-12-08 23:30:00,3.71,3.5095813,3.6803787,4.0944657,3.4376965,4.1663504
2018-12-08 23:45:00,3.82,3.432953,3.8326066,4.0583773,3.361068,4.130262
2018-12-09 00:00:00,3.17,3.3625395,3.5909505,4.3641477,3.2906547,4.4360323
2018-12-09 00:15:00,3.74,3.0811782,3.2949507,3.684814,3.0092933,3.7566988
2018-12-09 00:30:00,3.74,3.25957,3.5966856,4.084901,3.187685,4.1567855
2018-12-09 00:45:00,3.82,3.3096743,3.6174762,4.0353913,3.2377894,4.107276
2018-12-09 01:00:00,3.85,3.3413215,3.5559762,4.114781,3.2694366,4.1866655
2018-12-09 01:15:00,3.78,3.5616014,3.7819755,4.068295,3.4897165,4.1401796
2018-12-09 01:30:00,3.82,3.5506833,3.7366583,3.9608037,3.4787984,4.0326886
2018-12-09 01:45:00,3.78,3.5994444,3.7711303,4.045587,3.5275595,4.1174717
2018-12-09 02:00:00,3.78,3.5052142,3.7378101,3.934832,3.4333293,4.0067167
2018-12-09 02:15:00,3.17,3.5703588,3.7614427,3.906476,3.498474,3.978361
2018-12-09 02:30:00,3.13,3.1038086,3.143532,3.5690944,3.0319238,3.6409793
2018-12-09 02:45:00,3.35,3.065944,3.134062,3.5084617,2.994059,3.5803466
2018-12-09 03:00:00,3.67,3.0713508,3.2660613,3.7524858,2.999466,3.8243706
2018-12-09 03:15:00,3.02,3.1945548,3.4722018,4.004636,3.12267,4.0765204
2018-12-09 03:30:00,3.13,3.0049493,3.0550404,3.211992,2.9330645,3.283877
2018-12-09 03:45:00,3.06,3.0072231,3.1187563,3.2892952,2.9353383,3.36118
2018-12-09 04:00:00,3.06,3.0096812,3.0546365,3.1750386,2.9377964,3.2469234
2018-12-09 04:15:00,3.06,3.0200472,3.0695553,3.3628838,2.9481623,3.4347687
2018-12-09 04:30:00,3.2,3.0428946,3.0790808,3.401773,2.9710097,3.4736578
2018-12-09 04:45:00,3.78,3.0919642,3.25705,3.743742,3.0200794,3.8156269
2018-12-09 05:00:00,3.78,3.2133799,3.3772793,3.8886757,3.141495,3.9605606
2018-12-09 05:15:00,3.74,3.2011485,3.4002895,3.787883,3.1292636,3.859768
2018-12-09 05:30:00,3.74,3.1745758,3.4436502,3.8411036,3.102691,3.9129884
2018-12-09 05:45:00,3.13,3.3921537,3.642699,3.9814887,3.3202689,4.0533733
2018-12-09 06:00:00,3.74,3.0192723,3.0995781,3.305106,2.9473875,3.3769908
2018-12-09 06:15:00,3.56,3.2142231,3.5179882,3.8386743,3.1423383,3.9105592
2018-12-09 06:30:00,3.1,3.1963022,3.4061315,3.642314,3.1244173,3.7141988
2018-12-09 06:45:00,2.95,3.024509,3.0956116,3.3075392,2.952624,3.379424
2018-12-09 07:00:00,3.06,2.9784162,2.983941,3.1443822,2.9065313,3.216267
2018-12-09 07:15:00,3.02,3.001617,3.034047,3.210532,2.929732,3.2824168
2018-12-09 07:30:00,2.95,3.0004137,3.0880787,3.6565976,2.9285288,3.7284825
2018-12-09 07:45:00,3.02,2.9436831,3.0604432,4.10703,2.8717983,4.1789145
2018-12-09 08:00:00,2.99,2.994368,3.0946186,5.783717,2.9224832,5.855602
2018-12-09 08:15:00,3.13,2.9029965,7.298888,17.698133,2.8311117,17.770018
2018-12-09 08:30:00,3.74,2.9091642,3.1517577,8.572155,2.8372793,8.64404
2018-12-09 08:45:00,3.82,2.9640794,3.788744,4.195026,2.8921945,4.2669106
2018-12-09 09:00:00,3.96,3.2595341,3.635485,4.9166293,3.1876493,4.988514
2018-12-09 09:15:00,4.03,3.2677078,4.5397196,5.3099394,3.195823,5.381824
2018-12-09 09:30:00,3.35,3.6140635,5.1693125,6.5497518,3.5421786,6.6216364
2018-12-09 09:45:00,3.31,2.9862518,3.2049325,3.5583963,2.914367,3.6302812
2018-12-09 10:00:00,3.89,3.0676694,3.3766522,3.463648,2.9957845,3.535533
2018-12-09 10:15:00,4.03,3.3981605,4.6326666,4.8348937,3.3262756,4.9067783
2018-12-09 10:30:00,3.31,3.3595822,4.49335,4.868731,3.2876973,4.9406157
2018-12-09 10:45:00,3.35,3.0358267,3.10779,4.5925064,2.9639418,4.664391
2018-12-09 11:00:00,3.42,3.0230088,3.2326095,3.5751703,2.951124,3.6470551
2018-12-09 11:15:00,3.35,2.9986181,3.2636201,4.424005,2.9267333,4.4958897
2018-12-09 11:30:00,3.31,3.1506112,3.347389,4.1086903,3.0787263,4.180575
2018-12-09 11:45:00,3.38,3.077243,3.233251,4.5424094,3.0053582,4.614294
2018-12-09 12:00:00,3.89,3.005959,3.2048326,3.2816849,2.9340742,3.3535697
2018-12-09 12:15:00,4.18,3.1717186,3.2430706,3.6957057,3.0998337,3.7675905
2018-12-09 12:30:00,4.1,3.3308249,3.7699046,3.8908594,3.25894,3.9627442
2018-12-09 12:45:00,4.1,3.386741,3.93506,3.9978228,3.314856,4.0697074
2018-12-09 13:00:00,3.6,3.6595726,4.205806,4.3489504,3.5876877,4.420835
2018-12-09 13:15:00,3.42,3.436072,5.1537824,6.442024,3.3641872,6.513909
2018-12-09 13:30:00,3.42,3.2340643,3.7919185,4.5076256,3.1621795,4.57951
2018-12-09 13:45:00,3.35,3.097847,3.2350285,4.669106,3.025962,4.7409906
2018-12-09 14:00:00,3.92,3.1294317,3.3757172,4.357359,3.0575469,4.4292436
2018-12-09 14:15:00,3.78,3.3667057,4.2299886,5.6477914,3.2948208,5.719676
2018-12-09 14:30:00,3.42,3.3082125,3.3667145,3.6008852,3.2363276,3.67277
2018-12-09 14:45:00,3.38,3.1222622,3.2193418,4.8389783,3.0503774,4.910863
2018-12-09 15:00:00,3.46,3.0161328,3.3073487,4.6095047,2.944248,4.6813893
2018-12-09 15:15:00,3.42,3.0963178,3.3673868,4.1914797,3.024433,4.2633643
2018-12-09 15:30:00,3.53,3.0884275,3.5858326,4.0142574,3.0165427,4.086142
2018-12-09 15:45:00,4.07,3.2039394,3.599066,4.534496,3.1320546,4.6063805
2018-12-09 16:00:00,4.03,2.503966,3.3413315,3.7095683,2.4320812,3.7814531
2018-12-09 16:15:00,4.14,3.0945182,3.435207,3.9531913,3.0226333,4.025076
2018-12-09 16:30:00,4.0,3.4196365,3.7592583,5.3668847,3.3477516,5.4387693
2018-12-09 16:45:00,3.31,3.6182337,4.312498,4.6214957,3.5463488,4.6933804
2018-12-09 17:00:00,3.35,3.1105914,3.301946,3.3314564,3.0387065,3.4033413
2018-12-09 17:15:00,3.49,3.0868473,3.310279,3.3440177,3.0149624,3.4159026
2018-12-09 17:30:00,4.1,3.1037571,3.2367272,3.6937354,3.0318723,3.7656202
2018-12-09 17:45:00,3.64,3.3622546,3.7386415,4.364923,3.2903697,4.4368076
2018-12-09 18:00:00,3.24,3.3038034,3.424085,3.8826942,3.2319186,3.954579
2018-12-09 18:15:00,3.28,3.0885694,3.185974,3.5783992,3.0166845,3.650284
2018-12-09 18:30:00,3.31,3.1420121,3.2562404,3.5279503,3.0701272,3.5998352
2018-12-09 18:45:00,3.42,3.0698721,3.2884903,3.59479,2.9979873,3.6666749
2018-12-09 19:00:00,3.64,3.142779,3.3231697,3.703989,3.0708942,3.775874
2018-12-09 19:15:00,4.07,3.190295,3.5483997,4.014893,3.11841,4.0867777
2018-12-09 19:30:00,4.03,3.338855,3.6260834,4.346163,3.2669702,4.4180474
2018-12-09 19:45:00,4.03,3.4692566,3.6416883,4.289405,3.3973718,4.3612895
2018-12-09 20:00:00,4.0,3.459313,3.75885,4.4957767,3.387428,4.5676613
2018-12-09 20:15:00,3.31,3.7170706,3.8099031,4.905087,3.6451857,4.9769716
2018-12-09 20:30:00,3.31,3.210835,3.2594965,3.7053769,3.13895,3.7772617
2018-12-09 20:45:00,3.35,3.099597,3.2548292,3.6064146,3.027712,3.6782994
2018-12-09 21:00:00,3.35,3.0586164,3.2275937,3.5278668,2.9867315,3.5997517
2018-12-09 21:15:00,3.67,3.2287185,3.3155408,3.6507666,3.1568336,3.7226515
2018-12-09 21:30:00,4.14,3.2169893,3.533955,3.9399445,3.1451044,4.0118294
2018-12-09 21:45:00,3.38,3.367458,3.640089,4.2697406,3.2955732,4.341625
2018-12-09 22:00:00,3.28,3.0616353,3.2678516,3.4686944,2.9897504,3.5405793
2018-12-09 22:15:00,3.13,3.0547132,3.1633518,3.4828227,2.9828284,3.5547075
2018-12-09 22:30:00,3.17,2.9668272,2.9822798,3.2642982,2.8949423,3.336183
2018-12-09 22:45:00,3.78,3.0851052,3.1339061,3.4269664,3.0132203,3.4988513
2018-12-09 23:00:00,3.78,3.2125018,3.342069,3.799467,3.140617,3.871352
2018-12-09 23:15:00,3.74,3.1905105,3.3048432,3.7037232,3.1186256,3.775608
2018-12-09 23:30:00,3.74,3.2046278,3.370126,3.7617588,3.132743,3.8336437
2018-12-09 23:45:00,3.46,3.3948698,3.4943044,3.9457638,3.322985,4.0176487
2018-12-10 00:00:00,5.36,2.990129,4.0206976,5.118526,2.9182441,5.1904106
2018-12-10 00:15:00,3.06,3.394579,4.5427647,7.2735744,3.322694,7.345459
2018-12-10 00:30:00,3.02,2.9433255,2.9465878,5.549205,2.8714406,5.6210895
2018-12-10 00:45:00,3.31,3.0110981,3.0558813,5.328108,2.9392133,5.3999925
2018-12-10 01:00:00,3.85,3.0358078,3.2594922,5.3493834,2.963923,5.421268
2018-12-10 01:15:00,3.42,3.238687,3.26067,3.8673756,3.1668022,3.9392605
2018-12-10 01:30:00,3.1,3.0028262,3.127402,3.4867446,2.9309413,3.5586295
2018-12-10 01:45:00,3.1,3.011373,3.1112041,3.2527606,2.9394882,3.3246455
2018-12-10 02:00:00,3.17,3.0164769,3.05148,3.2933912,2.944592,3.365276
2018-12-10 02:15:00,3.31,3.037727,3.1702409,3.4588926,2.9658422,3.5307775
2018-12-10 02:30:00,3.82,3.1118255,3.2914298,3.7005963,3.0399406,3.7724812
2018-12-10 02:45:00,3.78,3.235822,3.285703,3.9454231,3.163937,4.0173078
2018-12-10 03:00:00,3.82,3.290885,3.4132762,3.808949,3.219,3.8808339
2018-12-10 03:15:00,3.74,3.2744462,3.4070542,3.9445333,3.2025614,4.016418
2018-12-10 03:30:00,3.1,3.3980563,3.5271552,3.9402747,3.3261714,4.0121593
2018-12-10 03:45:00,3.2,3.0503485,3.0629044,3.3204448,2.9784636,3.3923297
2018-12-10 04:00:00,3.1,2.9985323,3.1178353,3.4649658,2.9266474,3.5368507
2018-12-10 04:15:00,3.13,3.0290084,3.0698192,3.262214,2.9571235,3.3340988
2018-12-10 04:30:00,3.17,3.1016,3.1586192,3.4661376,3.029715,3.5380225
2018-12-10 04:45:00,3.49,3.1395237,3.1772413,3.533116,3.0676389,3.605001
2018-12-10 05:00:00,3.74,3.070231,3.345182,3.7391562,2.998346,3.811041
2018-12-10 05:15:00,3.13,3.158208,3.2764964,3.806931,3.086323,3.878816
2018-12-10 05:30:00,3.1,2.9981842,3.0648713,3.2687685,2.9262993,3.3406534
2018-12-10 05:45:00,3.82,3.0063248,3.088221,3.2928364,2.93444,3.3647213
2018-12-10 06:00:00,3.82,3.1691296,3.2741246,3.974909,3.0972447,4.046794
2018-12-10 06:15:00,3.85,3.1629522,3.2288525,3.869559,3.0910673,3.941444
2018-12-10 06:30:00,3.82,3.263318,3.296682,3.952863,3.1914332,4.024748
2018-12-10 06:45:00,3.46,3.4726057,3.537647,4.109447,3.4007208,4.1813316
2018-12-10 07:00:00,3.06,3.0972352,3.3078055,3.67969,3.0253503,3.7515748
2018-12-10 07:15:00,3.13,3.0749257,3.0922,3.412082,3.0030408,3.4839668
2018-12-10 07:30:00,3.56,3.111644,3.2790995,3.8392498,3.0397592,3.9111347
2018-12-10 07:45:00,5.87,3.3152688,3.7244518,4.3749237,3.243384,4.4468083
2018-12-10 08:00:00,6.8,4.9204783,8.376522,13.586138,4.8485937,13.658023
2018-12-10 08:15:00,33.48,6.7220426,30.880997,45.595264,6.650158,45.66715
2018-12-10 08:30:00,61.06,39.16055,54.522327,78.8395,39.088665,78.911385
2018-12-10 08:45:00,58.36,47.743862,59.724564,78.01964,47.671978,78.09152
2018-12-10 09:00:00,68.62,50.98305,59.27244,72.23771,50.911167,72.30959
2018-12-10 09:15:00,69.23,55.36711,60.914093,82.395805,55.295227,82.46769
2018-12-10 09:30:00,70.78,53.92573,63.528225,76.17026,53.853848,76.24214
2018-12-10 09:45:00,61.74,53.86353,65.216736,77.88058,53.791645,77.95246
2018-12-10 10:00:00,72.0,51.93207,62.288097,72.70131,51.860188,72.77319
2018-12-10 10:15:00,56.2,53.71249,62.135487,78.22992,53.640606,78.3018
2018-12-10 10:30:00,56.02,49.830925,59.392437,73.154205,49.75904,73.22609
2018-12-10 10:45:00,63.9,49.86114,57.656197,71.92357,49.789257,71.99545
2018-12-10 11:00:00,68.47,52.717537,59.18577,75.91733,52.645653,75.98921
2018-12-10 11:15:00,61.56,54.262722,62.114975,77.03749,54.190838,77.109375
2018-12-10 11:30:00,70.31,53.115864,62.24403,71.30208,53.04398,71.37396
2018-12-10 11:45:00,62.42,52.99068,61.607834,75.26569,52.918797,75.33758
2018-12-10 12:00:00,44.75,47.644802,59.547142,65.17176,47.572918,65.243645
2018-12-10 12:15:00,9.11,4.87476,6.455794,27.717142,4.8028755,27.789026
2018-12-10 12:30:00,10.33,4.8303347,5.811526,12.8952,4.75845,12.967085
2018-12-10 12:45:00,11.45,7.1351957,9.182318,16.150274,7.063311,16.222158
2018-12-10 13:00:00,11.09,7.0749855,9.220379,15.980557,7.003101,16.052443
2018-12-10 13:15:00,42.66,10.441768,37.20111,50.174984,10.369883,50.24687
2018-12-10 13:30:00,72.9,47.15624,52.764713,71.58516,47.084354,71.65704
2018-12-10 13:45:00,71.03,50.806164,63.026035,86.47033,50.73428,86.54221
2018-12-10 14:00:00,67.32,53.461647,66.03071,88.1561,53.389763,88.22798
2018-12-10 14:15:00,64.22,53.428387,67.439224,83.91955,53.356503,83.99143
2018-12-10 14:30:00,69.91,52.786743,63.365433,78.04565,52.71486,78.11753
2018-12-10 14:45:00,51.23,53.734814,63.828,79.93426,53.66293,80.00614
2018-12-10 15:00:00,58.39,49.54191,56.981823,66.71413,49.470024,66.78601
2018-12-10 15:15:00,69.62,49.01506,58.074993,70.64097,48.943176,70.71285
2018-12-10 15:30:00,66.71,52.433533,60.50658,76.62062,52.36165,76.692505
2018-12-10 15:45:00,65.99,53.280357,64.41191,73.26276,53.208473,73.33464
2018-12-10 16:00:00,64.98,53.432995,60.637886,75.34744,53.36111,75.41933
2018-12-10 16:15:00,64.55,53.894676,60.789696,77.61799,53.822792,77.68987
2018-12-10 16:30:00,63.72,52.373783,61.065968,74.58745,52.3019,74.65933
2018-12-10 16:45:00,66.53,52.43578,61.409813,74.93763,52.363895,75.009514
2018-12-10 17:00:00,62.57,52.52112,60.52577,76.886314,52.449234,76.9582
2018-12-10 17:15:00,63.72,49.94038,58.82028,71.72892,49.868496,71.800804
2018-12-10 17:30:00,58.64,49.20245,57.065742,72.32647,49.130566,72.39835
2018-12-10 17:45:00,60.12,31.329319,32.584404,60.146656,31.257435,60.21854
2018-12-10 18:00:00,24.73,28.89572,35.15188,61.941505,28.823835,62.01339
2018-12-10 18:15:00,5.47,8.782485,24.472681,31.367811,8.7106,31.439695
2018-12-10 18:30:00,4.5,4.995914,5.1729946,16.659538,4.9240294,16.731422
2018-12-10 18:45:00,4.46,4.1377835,6.1521034,15.789951,4.065899,15.861836
2018-12-10 19:00:00,4.46,4.2389555,7.115869,15.838699,4.167071,15.910584
2018-12-10 19:15:00,4.75,3.6671448,7.108025,13.96123,3.59526,14.033115
2018-12-10 19:30:00,5.69,4.231776,4.651697,7.778291,4.1598916,7.850176
2018-12-10 19:45:00,5.62,4.401494,5.991715,15.99701,4.3296094,16.068895
2018-12-10 20:00:00,4.46,4.93417,5.798532,14.26857,4.862285,14.340455
2018-12-10 20:15:00,4.46,4.320874,4.5937223,11.501919,4.2489896,11.573804
2018-12-10 20:30:00,4.5,4.2235413,4.2747703,11.21587,4.1516566,11.287755
2018-12-10 20:45:00,4.43,3.9786818,4.140107,10.478638,3.906797,10.550523
2018-12-10 21:00:00,4.46,3.9979532,4.308312,6.4369984,3.9260683,6.508883
2018-12-10 21:15:00,4.5,3.991799,4.3684993,4.4894195,3.9199142,4.561304
2018-12-10 21:30:00,4.57,3.9997685,4.3757095,4.414885,3.9278836,4.4867697
2018-12-10 21:45:00,4.54,3.98483,4.3920355,4.4620414,3.912945,4.533926
2018-12-10 22:00:00,4.46,4.005757,4.3865314,4.4651947,3.933872,4.5370793
2018-12-10 22:15:00,4.28,3.9797559,4.2978253,4.520425,3.907871,4.5923095
2018-12-10 22:30:00,4.25,3.8456748,4.1452365,4.5269847,3.77379,4.5988693
2018-12-10 22:45:00,4.32,3.840915,4.126549,4.5760055,3.76903,4.64789
2018-12-10 23:00:00,4.18,3.915871,4.205446,4.5869646,3.843986,4.6588492
2018-12-10 23:15:00,4.18,3.9343905,4.1207566,4.4945474,3.8625057,4.566432
2018-12-10 23:30:00,4.21,3.923514,4.157861,4.5014653,3.851629,4.57335
2018-12-10 23:45:00,4.28,3.9525943,4.1771812,4.506645,3.8807094,4.57853
2018-12-11 00:00:00,4.18,3.438397,4.099421,4.522387,3.366512,4.5942717
2018-12-11 00:15:00,4.86,3.9250097,4.155138,4.5357585,3.8531249,4.607643
2018-12-11 00:30:00,4.21,3.8490787,4.2487006,4.630559,3.7771938,4.7024436
2018-12-11 00:45:00,4.18,3.7180936,4.1362453,4.423747,3.6462088,4.4956317
2018-12-11 01:00:00,4.21,3.7229311,4.1615825,4.4509344,3.6510463,4.522819
2018-12-11 01:15:00,4.32,3.7408159,4.1459193,4.4422526,3.668931,4.5141373
2018-12-11 01:30:00,4.25,3.928981,4.2274365,4.596312,3.8570962,4.6681967
2018-12-11 01:45:00,4.18,3.9536152,4.26351,4.589197,3.8817303,4.661082
2018-12-11 02:00:00,4.21,3.8905528,4.1606736,4.445142,3.818668,4.5170264
2018-12-11 02:15:00,4.28,3.9522274,4.1794457,4.402171,3.8803425,4.474056
2018-12-11 02:30:00,4.25,3.9561083,4.254932,4.4820385,3.8842235,4.553923
2018-12-11 02:45:00,4.21,3.9220228,4.2438035,4.4838357,3.850138,4.5557203
2018-12-11 03:00:00,3.56,3.927538,4.1455503,4.4025474,3.855653,4.474432
2018-12-11 03:15:00,3.56,3.3356416,3.5831053,3.6352124,3.2637568,3.7070973
2018-12-11 03:30:00,3.53,3.3443122,3.5413916,3.6043923,3.2724273,3.6762772
2018-12-11 03:45:00,3.53,3.2289948,3.6189454,3.7198489,3.15711,3.7917337
2018-12-11 04:00:00,3.85,3.3433695,3.4992676,3.7069876,3.2714846,3.7788725
2018-12-11 04:15:00,4.18,3.3402076,3.6672692,4.181428,3.2683227,4.2533126
2018-12-11 04:30:00,3.49,3.4235816,3.974694,4.4616446,3.3516967,4.5335293
2018-12-11 04:45:00,3.56,3.165243,3.4383416,3.5771475,3.093358,3.6490324
2018-12-11 05:00:00,3.56,3.2762249,3.49916,3.7621665,3.20434,3.8340514
2018-12-11 05:15:00,3.74,3.247158,3.4670308,3.7963355,3.1752732,3.8682203
2018-12-11 05:30:00,4.18,3.3752122,3.6320677,4.0919023,3.3033273,4.163787
2018-12-11 05:45:00,4.25,3.4626868,3.9274578,4.5498123,3.390802,4.621697
2018-12-11 06:00:00,4.28,3.331055,3.8842947,4.3400803,3.25917,4.411965
2018-12-11 06:15:00,3.56,3.5522304,4.0831914,4.4646063,3.4803455,4.536491
2018-12-11 06:30:00,3.53,3.2837696,3.5160334,3.7291021,3.2118847,3.800987
2018-12-11 06:45:00,3.6,3.2169828,3.5228493,3.6675084,3.145098,3.7393932
2018-12-11 07:00:00,3.49,3.2751803,3.5399122,3.747498,3.2032955,3.819383
2018-12-11 07:15:00,4.1,3.3228033,3.4746733,3.7673688,3.2509184,3.8392537
2018-12-11 07:30:00,4.07,3.5890453,4.299673,5.2841883,3.5171604,5.356073
2018-12-11 07:45:00,4.86,3.7045481,4.1995816,5.990548,3.6326632,6.062433
2018-12-11 08:00:00,14.83,4.3118963,5.641489,8.058365,4.2400117,8.13025
2018-12-11 08:15:00,44.21,12.655512,43.671764,46.66025,12.583627,46.732136
2018-12-11 08:30:00,54.04,46.847305,55.77968,81.03285,46.77542,81.10474
2018-12-11 08:45:00,61.74,48.34966,58.758114,76.68331,48.277775,76.755196
2018-12-11 09:00:00,69.48,51.516132,61.029976,75.19509,51.44425,75.266975
2018-12-11 09:15:00,75.38,54.686703,61.17338,76.36848,54.61482,76.44036
2018-12-11 09:30:00,71.82,56.9629,67.79011,83.95972,56.891014,84.0316
2018-12-11 09:45:00,71.24,56.704517,66.07862,81.15308,56.632633,81.22497
2018-12-11 10:00:00,54.86,54.496166,64.32429,82.15265,54.424282,82.22453
2018-12-11 10:15:00,66.13,48.127068,59.20104,72.394226,48.055183,72.46611
2018-12-11 10:30:00,73.08,53.472095,59.554592,76.99024,53.40021,77.062126
2018-12-11 10:45:00,77.51,57.376225,65.02041,79.56699,57.30434,79.63888
2018-12-11 11:00:00,72.54,57.954784,72.858604,87.87762,57.8829,87.9495
2018-12-11 11:15:00,63.83,57.751987,68.18804,84.40495,57.680103,84.47684
2018-12-11 11:30:00,67.07,54.666397,63.0313,79.13161,54.594513,79.20349
2018-12-11 11:45:00,84.24,53.895878,63.35449,75.618324,53.823994,75.69021
2018-12-11 12:00:00,72.79,54.407513,78.895485,95.65044,54.33563,95.72232
2018-12-11 12:15:00,7.96,6.7543893,13.390304,61.384037,6.6825047,61.45592
2018-12-11 12:30:00,5.8,5.1467595,6.599484,13.510197,5.074875,13.582082
2018-12-11 12:45:00,6.98,5.738172,6.025917,7.4130216,5.6662874,7.484906
2018-12-11 13:00:00,6.95,6.140893,7.6057563,10.084374,6.0690084,10.15626
2018-12-11 13:15:00,38.45,8.783,36.51411,47.403408,8.711115,47.475292
2018-12-11 13:30:00,59.36,45.054802,57.117092,74.24694,44.982918,74.318825
2018-12-11 13:45:00,66.02,48.008537,60.684944,80.03913,47.936653,80.111015
2018-12-11 14:00:00,80.28,53.577343,62.435707,85.99941,53.50546,86.0713
2018-12-11 14:15:00,75.53,59.033142,78.32426,101.24421,58.961258,101.31609
2018-12-11 14:30:00,72.0,55.848576,70.07464,93.72082,55.77669,93.7927
2018-12-11 14:45:00,72.61,55.099026,68.27335,92.26741,55.02714,92.339294
2018-12-11 15:00:00,78.55,56.949394,70.90026,91.71428,56.87751,91.78616
2018-12-11 15:15:00,73.98,58.96994,77.862045,96.304565,58.898056,96.37645
2018-12-11 15:30:00,76.79,57.221153,70.4452,92.1868,57.14927,92.25868
2018-12-11 15:45:00,80.46,57.07138,72.91064,92.406944,56.999496,92.47883
2018-12-11 16:00:00,68.11,58.97211,78.7606,97.60395,58.900227,97.675835
2018-12-11 16:15:00,71.68,55.452595,67.1612,87.55963,55.38071,87.631516
2018-12-11 16:30:00,69.8,54.23322,67.25085,91.673195,54.161335,91.74508
2018-12-11 16:45:00,75.46,54.502342,67.782936,87.26048,54.430458,87.33237
2018-12-11 17:00:00,70.27,56.440365,68.965965,92.20416,56.36848,92.27605
2018-12-11 17:15:00,78.48,53.133064,66.30389,87.19354,53.06118,87.26543
2018-12-11 17:30:00,66.78,56.521595,75.08272,97.29892,56.44971,97.370804
2018-12-11 17:45:00,32.11,35.082993,43.428204,76.111534,35.01111,76.18342
2018-12-11 18:00:00,31.25,26.82309,30.593714,33.470318,26.751205,33.542202
2018-12-11 18:15:00,36.4,31.95875,43.762836,49.561543,31.886866,49.633427
2018-12-11 18:30:00,39.56,34.50392,45.655933,60.405888,34.432037,60.47777
2018-12-11 18:45:00,51.44,34.71122,39.30219,48.626442,34.639336,48.698326
2018-12-11 19:00:00,51.52,43.89649,49.313534,61.512608,43.824604,61.58449
2018-12-11 19:15:00,53.57,44.58857,51.57072,62.667305,44.516685,62.73919
2018-12-11 19:30:00,52.81,40.131428,46.709087,62.242275,40.059544,62.31416
2018-12-11 19:45:00,52.38,44.677666,51.21573,63.471027,44.60578,63.54291
2018-12-11 20:00:00,53.21,42.03929,48.46078,64.20082,41.967407,64.272705
2018-12-11 20:15:00,51.91,44.808502,52.560234,65.49014,44.736618,65.56203
2018-12-11 20:30:00,53.46,35.77317,40.880478,62.110817,35.701286,62.1827
2018-12-11 20:45:00,32.36,25.906687,35.462822,57.99152,25.834803,58.063404
2018-12-11 21:00:00,28.37,9.770257,13.446635,31.791042,9.698372,31.862926
2018-12-11 21:15:00,6.77,9.093008,12.389628,25.596354,9.021123,25.668238
2018-12-11 21:30:00,5.69,4.119129,5.2200966,11.897206,4.0472445,11.969091
2018-12-11 21:45:00,5.8,4.330836,4.9375906,8.206501,4.258951,8.278386
2018-12-11 22:00:00,5.69,4.615578,5.0116143,8.904723,4.5436935,8.976608
2018-12-11 22:15:00,5.47,4.3434286,5.2149777,5.7988796,4.271544,5.8707643
2018-12-11 22:30:00,5.44,4.230933,5.065031,6.718583,4.1590486,6.7904677
2018-12-11 22:45:00,4.97,4.3083305,5.147171,6.2887635,4.236446,6.360648
2018-12-11 23:00:00,4.36,4.022728,4.554427,5.345488,3.950843,5.4173727
2018-12-11 23:15:00,4.25,3.8143601,4.022785,4.5387225,3.7424753,4.610607
2018-12-11 23:30:00,4.21,3.8064559,4.0631065,4.513647,3.734571,4.5855317
2018-12-11 23:45:00,4.14,3.8340082,4.155438,4.5885344,3.7621233,4.660419
2018-12-12 00:00:00,4.21,3.5052657,4.027756,4.5826344,3.4333808,4.654519
2018-12-12 00:15:00,4.21,3.996471,4.1869364,4.642888,3.924586,4.7147727
2018-12-12 00:30:00,4.14,4.003918,4.209433,4.530388,3.9320333,4.6022725
2018-12-12 00:45:00,4.14,4.021894,4.238333,4.408522,3.950009,4.4804068
2018-12-12 01:00:00,4.14,4.0292726,4.239284,4.445726,3.9573877,4.5176105
2018-12-12 01:15:00,4.21,3.884425,4.193533,4.4663835,3.81254,4.538268
2018-12-12 01:30:00,4.18,3.862779,4.237876,4.583654,3.790894,4.6555386
2018-12-12 01:45:00,4.75,3.8275912,4.194114,4.5359735,3.7557063,4.607858
2018-12-12 02:00:00,5.33,3.847775,4.2895637,4.7334495,3.77589,4.805334
2018-12-12 02:15:00,4.25,4.2484474,4.662651,6.5240736,4.176563,6.595958
2018-12-12 02:30:00,4.25,3.7215874,4.045866,4.5481253,3.6497025,4.62001
2018-12-12 02:45:00,4.18,3.7776384,4.1565456,4.6699862,3.7057536,4.741871
2018-12-12 03:00:00,4.21,3.7532187,4.099842,4.4911036,3.6813338,4.5629883
2018-12-12 03:15:00,4.18,4.014825,4.2095647,4.4366674,3.94294,4.508552
2018-12-12 03:30:00,4.18,3.8994882,4.0777607,4.510745,3.8276033,4.5826297
2018-12-12 03:45:00,4.25,3.8932054,4.3254004,4.3886237,3.8213205,4.4605083
2018-12-12 04:00:00,4.18,3.8553615,4.176814,4.573391,3.7834766,4.6452756
2018-12-12 04:15:00,4.03,3.8234591,4.0840936,4.411854,3.7515743,4.4837384
2018-12-12 04:30:00,3.46,3.677481,4.0123305,4.39388,3.605596,4.4657645
2018-12-12 04:45:00,3.46,3.232944,3.5818596,3.8167493,3.1610591,3.8886342
2018-12-12 05:00:00,3.53,3.243329,3.5703883,3.7822936,3.1714442,3.8541784
2018-12-12 05:15:00,3.46,3.2489424,3.517977,3.8332782,3.1770575,3.905163
2018-12-12 05:30:00,3.49,3.2472205,3.5236259,3.6951022,3.1753356,3.766987
2018-12-12 05:45:00,4.0,3.2817967,3.5281022,3.737333,3.2099118,3.809218
2018-12-12 06:00:00,4.25,3.456983,3.7791827,4.58561,3.3850982,4.6574945
2018-12-12 06:15:00,3.85,3.4500847,3.8514001,4.601857,3.3781998,4.673742
2018-12-12 06:30:00,3.42,3.3835628,3.627774,4.4016924,3.311678,4.473577
2018-12-12 06:45:00,3.42,3.1654365,3.5604372,3.9629376,3.0935516,4.0348225
2018-12-12 07:00:00,3.96,3.1565702,3.5145147,3.7862442,3.0846853,3.858129
2018-12-12 07:15:00,4.1,3.4027505,3.7324066,4.3658376,3.3308656,4.437722
2018-12-12 07:30:00,4.32,3.5073247,4.185498,5.1175947,3.4354398,5.1894794
2018-12-12 07:45:00,5.83,3.810887,4.345917,6.085278,3.7390022,6.1571627
2018-12-12 08:00:00,5.8,5.3808007,5.8881407,10.350269,5.308916,10.422154
2018-12-12 08:15:00,36.86,5.9657965,30.449978,38.364326,5.893912,38.43621
2018-12-12 08:30:00,60.37,46.275593,58.820614,82.40298,46.20371,82.47486
2018-12-12 08:45:00,66.46,48.707596,61.13103,81.82557,48.63571,81.89745
2018-12-12 09:00:00,69.05,55.948357,65.36353,87.38837,55.876472,87.46025
2018-12-12 09:15:00,63.86,56.39104,65.80227,86.94455,56.319157,87.01643
2018-12-12 09:30:00,65.59,55.01011,64.46558,76.5929,54.938225,76.66479
2018-12-12 09:45:00,60.98,54.18262,63.357536,75.66338,54.110737,75.73527
2018-12-12 10:00:00,65.74,52.340405,61.897552,74.189705,52.26852,74.26159
2018-12-12 10:15:00,57.17,53.852757,62.5401,77.01771,53.780872,77.08959
2018-12-12 10:30:00,64.55,51.874554,60.75157,70.65221,51.80267,70.72409
2018-12-12 10:45:00,53.42,55.076973,63.476578,77.10076,55.00509,77.172646
2018-12-12 11:00:00,65.88,51.03955,56.553024,70.21641,50.967667,70.28829
2018-12-12 11:15:00,57.71,53.41897,61.61053,78.39912,53.347084,78.471
2018-12-12 11:30:00,59.76,52.18503,59.421432,71.85221,52.113148,71.924095
2018-12-12 11:45:00,79.85,50.870422,57.769184,71.96808,50.79854,72.03996
2018-12-12 12:00:00,49.64,56.87451,71.24299,92.596115,56.802628,92.668
2018-12-12 12:15:00,27.97,5.46877,7.9794636,37.81796,5.3968854,37.889843
2018-12-12 12:30:00,29.74,7.6825314,9.912595,19.332401,7.6106467,19.404285
2018-12-12 12:45:00,29.56,17.402044,20.816395,27.5242,17.33016,27.596085
2018-12-12 13:00:00,29.3,17.774265,18.861855,36.583553,17.702381,36.655437
2018-12-12 13:15:00,58.86,29.409828,39.13722,47.490295,29.337944,47.56218
2018-12-12 13:30:00,61.78,51.499954,67.174355,77.15153,51.42807,77.22341
2018-12-12 13:45:00,77.0,51.27066,61.73779,80.62448,51.198776,80.696365
2018-12-12 14:00:00,65.56,57.145992,68.331795,94.56091,57.07411,94.6328
2018-12-12 14:15:00,86.51,53.28704,63.444458,76.36392,53.215157,76.43581
2018-12-12 14:30:00,60.44,60.777935,82.761734,104.64429,60.70605,104.71617
2018-12-12 14:45:00,64.8,51.111393,64.30683,84.157394,51.03951,84.22928
2018-12-12 15:00:00,72.18,53.419655,63.838463,80.12258,53.34777,80.194466
2018-12-12 15:15:00,69.08,57.140095,69.52039,86.450096,57.06821,86.52198
2018-12-12 15:30:00,66.17,56.032135,66.590355,78.67167,55.96025,78.74355
2018-12-12 15:45:00,61.67,56.247635,64.87655,76.18959,56.17575,76.261475
2018-12-12 16:00:00,70.6,53.10157,62.733288,72.35341,53.029686,72.42529
2018-12-12 16:15:00,68.36,55.98428,66.64173,85.33598,55.912395,85.40787
2018-12-12 16:30:00,75.1,54.54675,66.11652,79.671646,54.474865,79.74353
2018-12-12 16:45:00,66.13,58.114582,70.99023,90.14147,58.042698,90.213356
2018-12-12 17:00:00,70.7,54.237072,63.056046,76.136246,54.165188,76.20813
2018-12-12 17:15:00,60.7,53.89995,65.85566,81.27676,53.828064,81.34864
2018-12-12 17:30:00,57.92,47.796154,60.124237,71.16826,47.72427,71.24014
2018-12-12 17:45:00,32.9,34.433777,36.76601,63.85882,34.361893,63.930706
2018-12-12 18:00:00,30.53,26.030493,29.893913,34.476456,25.958609,34.54834
2018-12-12 18:15:00,49.9,28.711386,35.524303,43.31386,28.639502,43.385746
2018-12-12 18:30:00,67.25,38.672787,54.331463,68.290215,38.600903,68.3621
2018-12-12 18:45:00,69.37,43.36944,60.32175,88.27689,43.297554,88.34878
2018-12-12 19:00:00,65.99,43.27768,62.2542,89.14488,43.205795,89.21677
2018-12-12 19:15:00,66.02,44.14915,60.28359,73.142105,44.077267,73.21399
2018-12-12 19:30:00,60.19,42.948566,54.68618,74.69384,42.876682,74.765724
2018-12-12 19:45:00,58.54,43.129223,57.849285,69.27401,43.05734,69.345894
2018-12-12 20:00:00,61.85,40.674183,56.231205,69.24057,40.6023,69.312454
2018-12-12 20:15:00,67.07,42.962856,57.921024,67.72799,42.890972,67.79987
2018-12-12 20:30:00,58.82,42.48576,59.186573,77.61923,42.413876,77.69112
2018-12-12 20:45:00,53.35,25.225212,36.521923,60.22708,25.153328,60.298965
2018-12-12 21:00:00,30.35,12.191756,17.32678,55.69861,12.119871,55.770493
2018-12-12 21:15:00,12.2,8.809146,11.227094,28.029428,8.737261,28.101313
2018-12-12 21:30:00,5.8,4.7664666,5.420614,10.131611,4.694582,10.203496
2018-12-12 21:45:00,5.76,4.497274,4.895556,8.309418,4.4253893,8.381303
2018-12-12 22:00:00,5.65,4.4554267,4.958272,8.163605,4.383542,8.23549
2018-12-12 22:15:00,5.04,4.4691668,4.9082947,6.0532465,4.397282,6.125131
2018-12-12 22:30:00,4.25,4.0803084,4.5495358,4.7419553,4.008424,4.81384
2018-12-12 22:45:00,4.25,3.8888247,4.39902,4.638281,3.8169398,4.7101655
2018-12-12 23:00:00,4.21,3.852514,4.093624,4.4951353,3.7806292,4.56702
2018-12-12 23:15:00,4.14,3.8844254,4.098336,4.564855,3.8125405,4.6367397
2018-12-12 23:30:00,4.1,4.034476,4.1047134,4.4129066,3.962591,4.4847913
2018-12-12 23:45:00,4.1,4.0182047,4.1052155,4.4357305,3.9463198,4.507615
2018-12-13 00:00:00,5.26,3.536962,4.0369735,4.572189,3.4650772,4.6440735
2018-12-13 00:15:00,4.1,3.8301847,4.435802,6.915024,3.7582998,6.9869084
2018-12-13 00:30:00,4.18,3.7019055,4.08235,4.4749885,3.6300206,4.546873
2018-12-13 00:45:00,4.21,3.7852445,4.1335497,4.544078,3.7133596,4.6159625
2018-12-13 01:00:00,4.14,3.8022926,4.1248007,4.474255,3.7304077,4.5461397
2018-12-13 01:15:00,4.28,3.8436651,4.1616793,4.4318767,3.7717803,4.5037613
2018-12-13 01:30:00,4.18,3.9767177,4.2674046,4.5526037,3.9048328,4.6244884
2018-12-13 01:45:00,4.25,3.9741025,4.183441,4.455293,3.9022176,4.527178
2018-12-13 02:00:00,5.36,3.999821,4.286482,4.5250964,3.927936,4.596981
2018-12-13 02:15:00,4.79,4.257124,4.7033033,6.8164883,4.1852393,6.888373
2018-12-13 02:30:00,4.25,3.8303423,4.1630964,4.5893025,3.7584574,4.661187
2018-12-13 02:45:00,4.18,3.7743943,4.146365,4.5246367,3.7025094,4.5965214
2018-12-13 03:00:00,4.21,3.7594414,4.119485,4.457209,3.6875565,4.5290937
2018-12-13 03:15:00,4.18,3.8421116,4.134508,4.5933695,3.7702267,4.665254
2018-12-13 03:30:00,4.21,3.980829,4.0908527,4.4410076,3.9089441,4.5128922
2018-12-13 03:45:00,4.21,4.0148845,4.36101,4.439131,3.9429996,4.5110154
2018-12-13 04:00:00,4.21,3.9523988,4.1272054,4.4232917,3.880514,4.4951763
2018-12-13 04:15:00,4.18,3.9661665,4.1478696,4.4423904,3.8942816,4.514275
2018-12-13 04:30:00,4.21,4.019867,4.0930657,4.572039,3.947982,4.6439238
2018-12-13 04:45:00,4.21,3.9884992,4.1576333,4.574444,3.9166143,4.6463284
2018-12-13 05:00:00,4.18,3.9935937,4.147763,4.470562,3.9217088,4.5424466
2018-12-13 05:15:00,3.67,3.9685163,4.124947,4.459429,3.8966315,4.5313134
2018-12-13 05:30:00,3.42,3.4319067,3.7360475,4.016578,3.3600218,4.088463
2018-12-13 05:45:00,3.89,3.24969,3.5842347,3.7978945,3.1778052,3.8697793
2018-12-13 06:00:00,4.32,3.5668972,3.7655625,4.2852173,3.4950123,4.357102
2018-12-13 06:15:00,3.46,3.5252032,3.9396129,4.576631,3.4533184,4.6485157
2018-12-13 06:30:00,3.38,3.193921,3.4742913,3.7784421,3.1220362,3.850327
2018-12-13 06:45:00,3.38,3.2189548,3.5215712,3.7227197,3.14707,3.7946045
2018-12-13 07:00:00,3.42,3.1889515,3.46492,3.783265,3.1170666,3.85515
2018-12-13 07:15:00,3.42,3.2402115,3.5512202,3.805813,3.1683266,3.877698
2018-12-13 07:30:00,3.71,3.35167,3.7536478,4.312557,3.2797852,4.384442
2018-12-13 07:45:00,5.69,3.5401607,4.128606,4.959102,3.4682758,5.030987
2018-12-13 08:00:00,6.23,5.0719957,7.9918547,12.765688,5.000111,12.837573
2018-12-13 08:15:00,35.57,7.2770176,34.924946,41.64634,7.205133,41.718224
2018-12-13 08:30:00,72.86,43.323956,57.984726,79.32687,43.25207,79.39876
2018-12-13 08:45:00,61.74,54.31953,72.7694,102.420074,54.247646,102.49196
2018-12-13 09:00:00,76.36,53.101696,64.79221,77.850945,53.02981,77.92283
2018-12-13 09:15:00,63.11,58.888847,73.30508,95.4,58.816963,95.471886
2018-12-13 09:30:00,65.66,54.248493,65.57006,76.99034,54.17661,77.062225
2018-12-13 09:45:00,72.07,53.984154,64.07386,76.71406,53.91227,76.78594
2018-12-13 10:00:00,56.84,56.328835,68.52471,86.485374,56.25695,86.55726
2018-12-13 10:15:00,69.3,49.239227,59.506016,71.33422,49.167343,71.406105
2018-12-13 10:30:00,65.66,55.924507,65.317955,80.97307,55.852623,81.04495
2018-12-13 10:45:00,85.43,54.987175,64.80158,77.54757,54.91529,77.61945
2018-12-13 11:00:00,53.17,61.26533,82.48123,104.41823,61.193447,104.49011
2018-12-13 11:15:00,55.4,49.436684,59.66491,81.082954,49.3648,81.15484
2018-12-13 11:30:00,60.08,50.873,59.89223,79.39233,50.801117,79.46421
2018-12-13 11:45:00,58.0,52.486298,61.56349,79.08851,52.414413,79.16039
2018-12-13 12:00:00,51.3,46.602783,56.700054,63.289528,46.5309,63.361412
2018-12-13 12:15:00,11.38,8.367526,10.039027,34.5645,8.295641,34.636383
2018-12-13 12:30:00,10.91,4.9681973,6.440165,14.565743,4.8963127,14.637629
2018-12-13 12:45:00,30.1,6.450631,9.675691,16.204832,6.3787465,16.276716
2018-12-13 13:00:00,36.4,19.70469,23.786028,33.289154,19.632807,33.36104
2018-12-13 13:15:00,41.69,36.88741,49.167706,53.266323,36.815525,53.338207
2018-12-13 13:30:00,56.92,43.78473,48.327812,63.155437,43.712845,63.22732
2018-12-13 13:45:00,46.66,48.62083,57.153366,68.78514,48.548946,68.857025
2018-12-13 14:00:00,52.52,44.527477,50.959377,60.348824,44.455593,60.420708
2018-12-13 14:15:00,58.25,47.476006,53.366142,67.65097,47.40412,67.722855
2018-12-13 14:30:00,72.61,49.84976,58.186283,70.68408,49.777874,70.75597
2018-12-13 14:45:00,66.24,55.888947,66.23371,84.40907,55.817062,84.48096
2018-12-13 15:00:00,73.08,54.45985,64.63682,75.81234,54.387966,75.884224
2018-12-13 15:15:00,60.52,54.71248,69.58848,84.827705,54.640594,84.89959
2018-12-13 15:30:00,59.87,52.645386,61.74642,73.59602,52.5735,73.66791
2018-12-13 15:45:00,63.5,51.93781,60.44183,70.70941,51.865925,70.781296
2018-12-13 16:00:00,60.52,52.546402,62.958374,74.60385,52.474518,74.675735
2018-12-13 16:15:00,88.92,51.617367,60.19887,68.49401,51.545483,68.565895
2018-12-13 16:30:00,105.37,66.224304,85.155655,102.26342,66.15242,102.335304
2018-12-13 16:45:00,102.89,69.96132,88.081314,108.498856,69.889435,108.57074
2018-12-13 17:00:00,77.83,67.96795,98.460945,109.10499,67.896065,109.17687
2018-12-13 17:15:00,67.18,59.688595,88.551216,109.27642,59.61671,109.348305
2018-12-13 17:30:00,70.13,51.975574,72.13851,93.57308,51.90369,93.644966
2018-12-13 17:45:00,31.72,30.715065,41.43346,90.57714,30.64318,90.649025
2018-12-13 18:00:00,31.5,25.539946,29.863735,34.99438,25.468061,35.066265
2018-12-13 18:15:00,54.79,31.047064,45.13309,52.414604,30.97518,52.48649
2018-12-13 18:30:00,77.04,45.13446,69.10258,95.58104,45.062576,95.65292
2018-12-13 18:45:00,79.63,52.442974,72.191246,95.59246,52.37109,95.664345
2018-12-13 19:00:00,80.46,56.17196,82.36533,100.13865,56.100075,100.21053
2018-12-13 19:15:00,71.89,57.73041,81.644585,102.82505,57.658527,102.896935
2018-12-13 19:30:00,78.52,50.257107,69.54429,92.584854,50.185223,92.65674
2018-12-13 19:45:00,52.31,53.469036,79.93246,100.19937,53.397152,100.271255
2018-12-13 20:00:00,61.16,45.941498,58.177174,80.718185,45.869614,80.79007
2018-12-13 20:15:00,61.6,49.51705,61.00794,75.701,49.445168,75.77288
2018-12-13 20:30:00,49.68,47.17571,61.03712,71.99652,47.103825,72.068405
2018-12-13 20:45:00,41.54,33.461376,48.78578,59.130447,33.389492,59.20233
2018-12-13 21:00:00,20.16,14.422081,18.331484,41.46915,14.350196,41.541035
2018-12-13 21:15:00,6.16,4.354604,5.4927645,10.564255,4.282719,10.63614
2018-12-13 21:30:00,5.69,3.9949398,4.598879,5.2216916,3.923055,5.2935762
2018-12-13 21:45:00,5.69,3.978509,4.9111595,8.280138,3.906624,8.352023
2018-12-13 22:00:00,5.65,4.186774,4.9730716,9.442566,4.114889,9.514451
2018-12-13 22:15:00,5.47,4.157946,5.212238,5.6248407,4.0860615,5.6967254
2018-12-13 22:30:00,5.4,4.0191946,6.3095613,6.6251593,3.9473097,6.697044
2018-12-13 22:45:00,5.36,4.039966,6.4753017,6.590277,3.9680812,6.662162
2018-12-13 23:00:00,5.36,3.9325416,4.890414,6.4157624,3.8606567,6.487647
2018-12-13 23:15:00,5.26,3.9373188,4.8172283,6.363391,3.865434,6.4352756
2018-12-13 23:30:00,5.22,3.887407,4.693429,6.3706026,3.8155222,6.4424872
2018-12-13 23:45:00,5.18,3.7938418,4.710563,6.3507657,3.721957,6.4226503
2018-12-14 00:00:00,4.1,3.3459613,4.465444,6.4733496,3.2740765,6.545234
2018-12-14 00:15:00,5.33,3.4473176,4.0631137,4.64772,3.3754327,4.7196045
2018-12-14 00:30:00,5.29,4.3236256,4.7009697,6.8126397,4.251741,6.8845243
2018-12-14 00:45:00,5.26,4.2323146,4.7004423,6.517312,4.16043,6.5891967
2018-12-14 01:00:00,5.29,4.0865755,4.5575876,6.4864974,4.014691,6.558382
2018-12-14 01:15:00,5.26,4.3854394,4.944701,6.402019,4.313555,6.4739037
2018-12-14 01:30:00,5.36,4.278696,4.8172827,6.392896,4.2068114,6.464781
2018-12-14 01:45:00,5.33,4.3746924,4.9692254,6.407157,4.302808,6.4790416
2018-12-14 02:00:00,4.79,4.2610426,4.9745173,6.4392195,4.189158,6.511104
2018-12-14 02:15:00,4.14,3.935819,4.3752556,4.72327,3.863934,4.7951546
2018-12-14 02:30:00,4.18,3.8420649,4.0885563,4.5545163,3.77018,4.626401
2018-12-14 02:45:00,4.21,3.867734,4.203841,4.533852,3.795849,4.6057367
2018-12-14 03:00:00,4.18,3.8365426,4.1414576,4.602,3.7646577,4.673885
2018-12-14 03:15:00,4.25,4.047339,4.143709,4.411634,3.975454,4.4835186
2018-12-14 03:30:00,4.18,4.0564704,4.1712112,4.5468564,3.9845855,4.618741
2018-12-14 03:45:00,4.14,4.0566983,4.3284135,4.45571,3.9848135,4.5275946
2018-12-14 04:00:00,4.28,4.0283237,4.1116223,4.461849,3.9564388,4.533734
2018-12-14 04:15:00,4.18,3.9701092,4.2020936,4.5805726,3.8982244,4.652457
2018-12-14 04:30:00,4.18,3.9347615,4.0565324,4.455469,3.8628767,4.527354
2018-12-14 04:45:00,4.1,4.0159335,4.107503,4.4516716,3.9440486,4.523556
2018-12-14 05:00:00,4.46,3.947242,4.125644,4.4725666,3.8753572,4.544451
2018-12-14 05:15:00,5.4,3.968608,4.2614083,4.59535,3.896723,4.6672344
2018-12-14 05:30:00,4.5,4.4349465,4.6609654,6.7465153,4.363062,6.8184
2018-12-14 05:45:00,4.18,3.9473631,4.162333,4.4074416,3.8754783,4.4793262
2018-12-14 06:00:00,4.14,3.9091487,4.111625,4.430817,3.8372638,4.5027018
2018-12-14 06:15:00,4.14,3.9094536,4.0880356,4.489898,3.8375688,4.561783
2018-12-14 06:30:00,3.49,3.842595,4.1035676,4.566839,3.7707102,4.638724
2018-12-14 06:45:00,3.42,3.3466003,3.616408,3.8614347,3.2747154,3.9333196
2018-12-14 07:00:00,3.35,3.2625618,3.5767167,3.8215258,3.190677,3.8934107
2018-12-14 07:15:00,3.35,3.255499,3.4434247,3.8126655,3.183614,3.8845503
2018-12-14 07:30:00,4.25,3.3863175,3.6516042,3.9163039,3.3144326,3.9881887
2018-12-14 07:45:00,6.52,3.8388705,4.19801,6.0449133,3.7669857,6.116798
2018-12-14 08:00:00,7.38,6.07901,7.3967385,12.285586,6.0071254,12.357471
2018-12-14 08:15:00,36.22,8.301333,38.089756,56.98411,8.229448,57.055996
2018-12-14 08:30:00,94.18,42.670616,56.92407,78.12773,42.598732,78.199615
2018-12-14 08:45:00,97.88,66.21212,89.55542,109.43341,66.140236,109.505295
2018-12-14 09:00:00,134.5,68.49741,92.12916,108.20105,68.42553,108.272934
2018-12-14 09:15:00,93.67,76.58444,100.23788,114.866615,76.51256,114.9385
2018-12-14 09:30:00,109.26,67.82006,110.65808,120.5014,67.74818,120.57329
2018-12-14 09:45:00,128.34,72.239876,97.84031,113.53459,72.16799,113.606476
2018-12-14 10:00:00,81.47,75.27989,98.51165,117.00057,75.20801,117.07246
2018-12-14 10:15:00,109.69,58.972885,100.82545,119.40115,58.901,119.47304
2018-12-14 10:30:00,120.67,69.21703,96.13551,111.72176,69.14515,111.79365
2018-12-14 10:45:00,92.81,70.469185,94.99411,115.34298,70.3973,115.41486
2018-12-14 11:00:00,91.58,66.832245,102.70062,119.75745,66.76036,119.82933
2018-12-14 11:15:00,104.9,65.53892,95.03955,112.74087,65.46703,112.81275
2018-12-14 11:30:00,124.2,67.50721,93.36156,113.29689,67.435326,113.368774
2018-12-14 11:45:00,88.85,73.07489,99.96962,115.60264,73.003006,115.67452
2018-12-14 12:00:00,132.01,62.090565,103.97062,114.79016,62.01868,114.862045
2018-12-14 12:15:00,13.61,10.33855,15.88689,47.63491,10.2666645,47.706795
2018-12-14 12:30:00,9.86,2.1744537,3.324476,6.5108957,2.1025689,6.5827804
2018-12-14 12:45:00,9.61,7.136773,11.001555,14.079681,7.0648885,14.1515665
2018-12-14 13:00:00,9.43,6.982826,10.288486,22.477592,6.9109416,22.549477
2018-12-14 13:15:00,86.98,10.072337,55.683056,79.044106,10.000452,79.11599
2018-12-14 13:30:00,74.66,63.814568,103.50163,120.852684,63.742683,120.92457
2018-12-14 13:45:00,116.42,55.901657,79.9943,111.341835,55.829773,111.41372
2018-12-14 14:00:00,107.57,69.89481,100.275764,118.87654,69.82293,118.948425
2018-12-14 14:15:00,103.82,70.21103,101.07617,119.43785,70.139145,119.509735
2018-12-14 14:30:00,114.73,68.64005,99.9224,117.498825,68.56817,117.57071
2018-12-14 14:45:00,84.74,69.05,93.30707,111.78854,68.97812,111.86043
2018-12-14 15:00:00,109.4,61.24638,99.985245,118.845825,61.174496,118.91771
2018-12-14 15:15:00,125.21,70.88713,92.96097,114.63747,70.81525,114.70935
2018-12-14 15:30:00,89.35,74.58674,94.54584,111.98056,74.514854,112.052444
2018-12-14 15:45:00,122.26,66.83607,106.08855,116.80288,66.76418,116.87476
2018-12-14 16:00:00,114.66,72.671196,94.90076,113.152794,72.59931,113.22468
2018-12-14 16:15:00,96.8,74.175186,99.22218,117.08686,74.1033,117.158745
2018-12-14 16:30:00,118.12,71.0353,102.93627,113.28837,70.96342,113.36025
2018-12-14 16:45:00,133.2,75.414635,94.376656,115.30243,75.34275,115.37431
2018-12-14 17:00:00,102.64,73.4703,95.753624,112.44187,73.398415,112.513756
2018-12-14 17:15:00,63.94,66.15762,103.2968,114.652115,66.08574,114.724
2018-12-14 17:30:00,62.64,49.945667,71.42849,104.623604,49.873783,104.69549
2018-12-14 17:45:00,37.94,31.947412,45.077843,95.50263,31.875528,95.57452
2018-12-14 18:00:00,32.62,25.95885,31.263994,36.575745,25.886967,36.64763
2018-12-14 18:15:00,29.63,29.644775,39.93638,66.58576,29.572891,66.657646
2018-12-14 18:30:00,26.57,29.04391,37.049305,59.611397,28.972025,59.68328
2018-12-14 18:45:00,26.35,15.536694,25.691784,50.73377,15.464808,50.805653
2018-12-14 19:00:00,26.32,15.532911,26.334436,45.620735,15.461026,45.69262
2018-12-14 19:15:00,26.39,16.573399,28.675634,41.52295,16.501514,41.594833
2018-12-14 19:30:00,26.64,17.217691,28.532759,38.335663,17.145807,38.407547
2018-12-14 19:45:00,28.44,17.137907,29.611526,36.051167,17.066023,36.12305
2018-12-14 20:00:00,30.46,19.488413,33.950363,39.00612,19.416529,39.078003
2018-12-14 20:15:00,29.88,30.416912,36.790783,45.89915,30.345028,45.971035
2018-12-14 20:30:00,30.06,30.275162,35.380325,45.400593,30.203278,45.472477
2018-12-14 20:45:00,31.93,26.464363,35.69854,41.922436,26.392479,41.99432
2018-12-14 21:00:00,28.66,13.080553,17.229893,41.771442,13.008668,41.843327
2018-12-14 21:15:00,5.76,8.193526,9.098593,23.805864,8.121641,23.877748
2018-12-14 21:30:00,5.8,3.8932385,4.673117,8.031462,3.8213537,8.103347
2018-12-14 21:45:00,5.72,4.6461596,4.6856956,6.222829,4.574275,6.2947135
2018-12-14 22:00:00,5.69,4.482337,4.6748815,8.848615,4.4104524,8.9205
2018-12-14 22:15:00,5.4,4.422402,4.972262,6.266059,4.3505173,6.3379436
2018-12-14 22:30:00,5.33,4.3722854,5.128991,6.373908,4.3004007,6.4457927
2018-12-14 22:45:00,5.33,4.4288936,5.1477404,6.4361296,4.357009,6.508014
2018-12-14 23:00:00,5.33,4.3765745,5.1772604,6.4579334,4.30469,6.529818
2018-12-14 23:15:00,4.86,4.3142443,4.923087,6.4008827,4.2423596,6.4727674
2018-12-14 23:30:00,4.03,3.9950948,4.533745,4.7250166,3.92321,4.796901
2018-12-14 23:45:00,4.03,3.7670543,4.4628887,6.747765,3.6951694,6.8196497
2018-12-15 00:00:00,3.28,2.523464,3.825827,4.5653667,2.451579,4.6372514
2018-12-15 00:15:00,4.14,3.251278,3.6811826,4.103872,3.179393,4.1757565
2018-12-15 00:30:00,4.1,3.66499,4.020459,4.7318244,3.593105,4.803709
2018-12-15 00:45:00,4.07,3.5983691,4.055294,4.482793,3.5264843,4.5546775
2018-12-15 01:00:00,4.14,3.513409,3.8793328,4.3357034,3.441524,4.407588
2018-12-15 01:15:00,4.14,3.9369323,4.179327,4.4615645,3.8650475,4.533449
2018-12-15 01:30:00,4.14,3.8811638,4.1711893,4.479738,3.809279,4.551623
2018-12-15 01:45:00,4.14,3.883118,4.1705236,4.423906,3.811233,4.4957905
2018-12-15 02:00:00,4.1,3.812628,4.030939,4.4320307,3.7407432,4.5039153
2018-12-15 02:15:00,4.1,3.8808842,4.165484,4.4559655,3.8089993,4.52785
2018-12-15 02:30:00,4.21,3.8730047,4.1585855,4.418969,3.8011198,4.490854
2018-12-15 02:45:00,4.1,3.8660526,4.1639204,4.4312463,3.7941678,4.503131
2018-12-15 03:00:00,4.18,3.8379273,4.162923,4.415838,3.7660425,4.4877224
2018-12-15 03:15:00,4.82,3.8600333,4.168316,4.4274573,3.7881484,4.499342
2018-12-15 03:30:00,5.26,4.0147552,4.299547,4.7605305,3.9428704,4.832415
2018-12-15 03:45:00,4.18,4.277504,5.09574,6.5891986,4.2056193,6.661083
2018-12-15 04:00:00,4.14,3.878219,4.030541,4.364037,3.806334,4.4359217
2018-12-15 04:15:00,4.14,3.9398465,4.078221,4.4429774,3.8679616,4.514862
2018-12-15 04:30:00,3.82,3.8663888,4.049188,4.421619,3.794504,4.4935036
2018-12-15 04:45:00,3.46,3.606531,3.8071165,4.1123223,3.534646,4.184207
2018-12-15 05:00:00,3.49,3.2880206,3.5013876,3.8270447,3.2161357,3.8989296
2018-12-15 05:15:00,3.42,3.3573446,3.4374278,3.885139,3.2854598,3.9570239
2018-12-15 05:30:00,3.42,3.2696505,3.4778106,3.6887767,3.1977656,3.7606616
2018-12-15 05:45:00,3.42,3.3301876,3.4240518,3.7041872,3.2583027,3.776072
2018-12-15 06:00:00,3.38,3.3239586,3.4307044,3.7381263,3.2520738,3.8100111
2018-12-15 06:15:00,3.46,3.339095,3.415271,3.6903439,3.2672102,3.7622287
2018-12-15 06:30:00,3.42,3.3076303,3.4515727,3.6959383,3.2357454,3.7678232
2018-12-15 06:45:00,3.49,3.2604277,3.4301069,3.6639144,3.1885428,3.7357993
2018-12-15 07:00:00,4.57,3.23071,3.4508164,3.690527,3.1588252,3.7624118
2018-12-15 07:15:00,4.43,3.625767,3.879902,4.6620765,3.5538821,4.733961
2018-12-15 07:30:00,4.1,3.6121743,4.062744,4.939644,3.5402894,5.0115285
2018-12-15 07:45:00,4.07,3.7296305,5.9979653,6.546539,3.6577456,6.6184235
2018-12-15 08:00:00,3.64,3.9237852,4.288069,7.7117605,3.8519003,7.783645
2018-12-15 08:15:00,3.35,3.7884917,31.733469,47.11521,3.7166069,47.187096
2018-12-15 08:30:00,3.35,3.4324753,6.177557,31.038424,3.3605905,31.110308
2018-12-15 08:45:00,3.38,3.2300472,5.0487366,18.56534,3.1581624,18.637224
2018-12-15 09:00:00,3.49,2.572815,3.7102835,15.767818,2.50093,15.839704
2018-12-15 09:15:00,3.56,3.166106,4.4856877,13.395264,3.094221,13.467149
2018-12-15 09:30:00,3.38,3.3578253,3.5302765,13.218592,3.2859404,13.290477
2018-12-15 09:45:00,3.42,3.1857321,4.117703,14.606962,3.1138473,14.678847
2018-12-15 10:00:00,3.35,3.2486584,4.3730764,14.915183,3.1767735,14.987068
2018-12-15 10:15:00,3.35,3.334503,4.7720103,16.319574,3.262618,16.391459
2018-12-15 10:30:00,3.35,2.9536467,3.0476036,16.459352,2.8817618,16.531237
2018-12-15 10:45:00,4.97,3.3590164,3.3832638,13.545952,3.2871315,13.617837
2018-12-15 11:00:00,5.36,3.9738429,7.336462,24.18482,3.901958,24.256704
2018-12-15 11:15:00,4.28,4.0547814,4.8438187,24.419922,3.9828966,24.491806
2018-12-15 11:30:00,4.18,3.1011014,7.7869296,18.73005,3.0292165,18.801933
2018-12-15 11:45:00,3.35,3.8230681,12.840454,15.88643,3.7511833,15.958315
2018-12-15 12:00:00,3.38,1.2260022,2.7431364,15.308245,1.1541173,15.38013
2018-12-15 12:15:00,3.42,3.0925884,4.1129966,7.4534745,3.0207036,7.525359
2018-12-15 12:30:00,3.42,3.113632,3.4194832,7.103835,3.041747,7.1757197
2018-12-15 12:45:00,3.42,3.3006952,3.481055,9.176908,3.2288103,9.248793
2018-12-15 13:00:00,3.38,3.3427424,3.6020877,10.660523,3.2708576,10.732409
2018-12-15 13:15:00,3.31,3.3838904,8.230124,16.960314,3.3120055,17.032198
2018-12-15 13:30:00,3.35,3.2856817,4.178361,11.81869,3.2137969,11.890575
2018-12-15 13:45:00,3.38,2.5026512,3.0677829,10.766869,2.4307663,10.838754
2018-12-15 14:00:00,3.31,2.8854456,3.3067274,9.127733,2.8135607,9.199618
2018-12-15 14:15:00,3.82,2.910217,3.6063604,10.122482,2.8383322,10.194367
2018-12-15 14:30:00,4.1,2.9872391,3.4851642,6.6922965,2.9153543,6.764181
2018-12-15 14:45:00,4.07,3.438942,10.151488,11.755822,3.367057,11.827707
2018-12-15 15:00:00,4.21,2.9927187,6.0312,11.318615,2.9208338,11.3905
2018-12-15 15:15:00,3.74,3.318135,7.8863726,8.983078,3.2462502,9.054963
2018-12-15 15:30:00,3.74,3.289567,4.12983,7.615542,3.2176821,7.6874266
2018-12-15 15:45:00,3.96,3.0270405,3.311263,5.452472,2.9551556,5.524357
2018-12-15 16:00:00,3.28,2.2560782,3.0065126,3.076628,2.1841934,3.1485128
2018-12-15 16:15:00,3.35,2.8915765,3.0712137,3.6566346,2.8196917,3.7285194
2018-12-15 16:30:00,3.28,1.1096636,2.696114,3.303923,1.0377789,3.3758078
2018-12-15 16:45:00,3.24,2.7043145,4.656062,5.9030514,2.6324296,5.974936
2018-12-15 17:00:00,3.28,2.67723,3.6232874,4.645206,2.605345,4.7170906
2018-12-15 17:15:00,3.28,2.73363,3.3824918,4.1815124,2.661745,4.253397
2018-12-15 17:30:00,3.35,3.2192347,3.4112585,4.254175,3.1473498,4.32606
2018-12-15 17:45:00,4.18,3.191969,3.2361586,4.595493,3.120084,4.6673775
2018-12-15 18:00:00,4.1,3.5031407,3.6878362,4.343238,3.4312558,4.4151225
2018-12-15 18:15:00,4.1,3.2877972,3.809322,4.0009255,3.2159123,4.07281
2018-12-15 18:30:00,4.1,3.3127863,3.8732762,4.0558343,3.2409015,4.127719
2018-12-15 18:45:00,4.03,3.8164632,4.1238627,4.169356,3.7445784,4.2412405
2018-12-15 19:00:00,4.28,3.7440743,3.9783404,4.031349,3.6721895,4.103234
2018-12-15 19:15:00,3.49,3.7337244,4.135233,4.2061152,3.6618395,4.278
2018-12-15 19:30:00,3.38,3.3038957,3.4398615,3.8175457,3.2320108,3.8894305
2018-12-15 19:45:00,3.35,3.3481514,3.4460883,3.696573,3.2762666,3.768458
2018-12-15 20:00:00,3.38,3.1606398,3.3042223,3.7548745,3.088755,3.8267593
2018-12-15 20:15:00,3.46,3.2765825,3.3468847,3.582131,3.2046976,3.6540158
2018-12-15 20:30:00,3.42,3.3196535,3.359937,3.6532414,3.2477686,3.7251263
2018-12-15 20:45:00,3.35,3.297174,3.3944619,3.5838585,3.225289,3.6557434
2018-12-15 21:00:00,3.38,3.3294177,3.3357766,3.6871183,3.2575328,3.7590032
2018-12-15 21:15:00,3.96,3.2922504,3.3688056,3.7398236,3.2203655,3.8117085
2018-12-15 21:30:00,4.28,3.4146993,3.584337,4.2785125,3.3428144,4.350397
2018-12-15 21:45:00,4.25,3.357584,3.5555055,4.5993824,3.2856991,4.671267
2018-12-15 22:00:00,4.18,3.5032713,3.6950266,4.4606643,3.4313865,4.532549
2018-12-15 22:15:00,3.74,3.571182,3.8291996,4.5078673,3.4992971,4.579752
2018-12-15 22:30:00,3.31,3.2591264,3.4895465,4.1630893,3.1872416,4.234974
2018-12-15 22:45:00,4.07,3.1320875,3.2629998,3.8307328,3.0602026,3.9026177
2018-12-15 23:00:00,3.56,3.4214158,3.6093185,4.6267133,3.349531,4.698598
2018-12-15 23:15:00,3.17,3.2012904,3.2538311,3.9342685,3.1294055,4.006153
2018-12-15 23:30:00,3.24,3.0598419,3.0918167,3.421252,2.987957,3.493137
2018-12-15 23:45:00,3.2,3.0460901,3.2314975,3.7244315,2.9742053,3.7963164
2018-12-16 00:00:00,4.21,2.9939623,3.1028862,3.8089619,2.9220774,3.8808467
2018-12-16 00:15:00,3.24,3.257486,3.2791476,4.520966,3.1856012,4.5928507
2018-12-16 00:30:00,3.28,2.936132,3.099141,3.6989915,2.864247,3.7708764
2018-12-16 00:45:00,3.28,3.0323663,3.2044983,3.763769,2.9604814,3.8356538
2018-12-16 01:00:00,3.85,3.0024695,3.1903236,3.7814014,2.9305847,3.8532863
2018-12-16 01:15:00,4.18,3.2417326,3.4057412,4.1992497,3.1698477,4.2711344
2018-12-16 01:30:00,4.07,3.2802372,3.3909454,4.525605,3.2083523,4.59749
2018-12-16 01:45:00,4.07,3.3098338,3.5973382,4.4642878,3.237949,4.5361724
2018-12-16 02:00:00,3.92,3.6890528,3.8618677,4.3977146,3.617168,4.4695992
2018-12-16 02:15:00,3.28,3.580696,3.6448557,4.1620073,3.5088112,4.233892
2018-12-16 02:30:00,3.42,3.1024132,3.216089,3.7269104,3.0305283,3.7987952
2018-12-16 02:45:00,3.53,3.0950127,3.2129707,3.8308482,3.0231278,3.902733
2018-12-16 03:00:00,4.14,3.1735973,3.3055239,3.8698664,3.1017125,3.9417512
2018-12-16 03:15:00,3.56,3.3681753,3.5468178,4.4682508,3.2962904,4.5401354
2018-12-16 03:30:00,3.35,3.1971993,3.2065618,3.8213103,3.1253145,3.8931952
2018-12-16 03:45:00,3.38,3.1071196,3.2118626,3.7316942,3.0352347,3.803579
2018-12-16 04:00:00,3.42,3.1081467,3.2398174,3.7760656,3.0362618,3.8479505
2018-12-16 04:15:00,3.42,3.1236167,3.322554,3.7458003,3.0517318,3.8176851
2018-12-16 04:30:00,3.42,3.1913621,3.3127432,3.6923947,3.1194773,3.7642796
2018-12-16 04:45:00,3.38,3.201542,3.3562045,3.7232807,3.129657,3.7951655
2018-12-16 05:00:00,4.07,3.2299447,3.3611112,3.6777751,3.1580598,3.74966
2018-12-16 05:15:00,4.14,3.3413696,3.5633223,4.5576468,3.2694848,4.6295314
2018-12-16 05:30:00,4.07,3.359217,3.5559838,4.4816065,3.287332,4.553491
2018-12-16 05:45:00,4.07,3.3725615,3.5936944,4.390667,3.3006766,4.4625516
2018-12-16 06:00:00,3.53,3.6872263,3.9175286,4.4655066,3.6153414,4.537391
2018-12-16 06:15:00,3.31,3.1730325,3.3280995,3.9183638,3.1011477,3.9902487
2018-12-16 06:30:00,3.35,3.1304986,3.2149036,3.6608896,3.0586138,3.7327745
2018-12-16 06:45:00,3.64,3.0499434,3.1684632,3.6987383,2.9780586,3.7706232
2018-12-16 07:00:00,4.07,3.2289138,3.463824,3.847476,3.157029,3.9193609
2018-12-16 07:15:00,3.38,3.3409724,3.5541947,4.4696765,3.2690876,4.541561
2018-12-16 07:30:00,3.28,3.0795865,3.3140929,4.4802065,3.0077016,4.552091
2018-12-16 07:45:00,3.89,3.138364,3.3085358,4.802178,3.0664792,4.8740625
2018-12-16 08:00:00,3.96,3.3941803,3.5722685,7.0274076,3.3222954,7.0992923
2018-12-16 08:15:00,39.35,3.405095,19.267042,21.30634,3.3332102,21.378223
2018-12-16 08:30:00,63.54,45.093136,50.10845,74.507515,45.02125,74.5794
2018-12-16 08:45:00,65.02,45.446655,56.086967,79.9569,45.37477,80.028786
2018-12-16 09:00:00,63.79,42.46661,59.022675,82.89373,42.394726,82.965614
2018-12-16 09:15:00,61.7,43.017914,53.861618,74.16082,42.94603,74.232704
2018-12-16 09:30:00,64.8,42.709373,55.88658,67.69652,42.63749,67.7684
2018-12-16 09:45:00,51.16,44.111187,58.41857,74.986916,44.039303,75.0588
2018-12-16 10:00:00,55.01,40.107178,51.54343,62.69185,40.035294,62.763733
2018-12-16 10:15:00,61.81,38.47835,51.9259,63.770218,38.406467,63.842102
2018-12-16 10:30:00,72.18,41.098976,58.072517,71.1005,41.027092,71.172386
2018-12-16 10:45:00,54.86,49.48736,56.179386,77.320915,49.415474,77.3928
2018-12-16 11:00:00,66.78,41.229637,53.078102,69.63189,41.157753,69.70377
2018-12-16 11:15:00,69.95,44.73857,56.2051,73.68921,44.666687,73.76109
2018-12-16 11:30:00,53.35,47.31822,62.10688,81.588104,47.246334,81.65999
2018-12-16 11:45:00,55.51,41.056965,50.946346,67.23156,40.98508,67.303444
2018-12-16 12:00:00,11.81,34.57022,55.883038,70.377815,34.498337,70.4497
2018-12-16 12:15:00,5.65,3.6034212,3.8985279,12.120883,3.5315363,12.192768
2018-12-16 12:30:00,5.54,4.118734,5.317319,6.3457785,4.0468493,6.417663
2018-12-16 12:45:00,5.44,4.436572,6.3415,6.8508687,4.3646874,6.9227533
2018-12-16 13:00:00,5.33,5.44209,9.443557,12.333959,5.3702054,12.405844
2018-12-16 13:15:00,36.47,7.717558,21.578194,35.690567,7.6456733,35.76245
2018-12-16 13:30:00,63.72,41.597622,50.953655,61.055855,41.525738,61.12774
2018-12-16 13:45:00,64.8,43.653038,57.656597,80.52991,43.581154,80.60179
2018-12-16 14:00:00,61.85,43.524044,55.143288,79.75656,43.45216,79.828445
2018-12-16 14:15:00,57.89,41.2266,54.226498,73.46177,41.154716,73.53365
2018-12-16 14:30:00,54.36,41.52693,57.78577,72.88402,41.455048,72.9559
2018-12-16 14:45:00,47.38,40.727238,52.688183,65.73033,40.655354,65.802216
2018-12-16 15:00:00,43.49,35.17215,47.60525,62.91969,35.100266,62.991573
2018-12-16 15:15:00,45.4,32.342636,39.75719,53.352787,32.270752,53.42467
2018-12-16 15:30:00,60.55,34.961662,44.64482,54.815895,34.88978,54.88778
2018-12-16 15:45:00,48.42,38.243156,53.63433,68.39777,38.171272,68.46966
2018-12-16 16:00:00,63.22,35.55602,47.64885,63.618042,35.484135,63.689926
2018-12-16 16:15:00,62.64,40.16895,52.91721,69.781654,40.097065,69.85354
2018-12-16 16:30:00,66.02,42.14679,55.284966,71.82597,42.074905,71.89786
2018-12-16 16:45:00,35.42,44.035606,54.956844,73.249405,43.963722,73.32129
2018-12-16 17:00:00,9.11,21.138933,36.277237,52.747093,21.067049,52.818977
2018-12-16 17:15:00,8.06,4.404989,6.865596,14.737922,4.333104,14.809807
2018-12-16 17:30:00,7.74,4.0475125,5.3707786,17.800386,3.9756277,17.87227
2018-12-16 17:45:00,7.85,4.719143,5.6920223,18.854465,4.6472583,18.92635
2018-12-16 18:00:00,6.73,5.936507,6.356762,15.077641,5.8646226,15.149526
2018-12-16 18:15:00,5.22,5.2795286,7.1759834,14.297824,5.207644,14.369709
2018-12-16 18:30:00,5.69,3.840088,4.54048,12.547106,3.768203,12.618991
2018-12-16 18:45:00,5.72,4.3108253,4.6866803,7.2343903,4.2389407,7.306275
2018-12-16 19:00:00,5.69,4.3080726,4.6305585,5.3581543,4.236188,5.430039
2018-12-16 19:15:00,5.72,4.3986025,5.0473404,6.8263354,4.326718,6.89822
2018-12-16 19:30:00,5.44,4.5810313,4.915422,6.1351504,4.5091467,6.207035
2018-12-16 19:45:00,4.46,3.74301,5.244903,5.9978843,3.6711252,6.069769
2018-12-16 20:00:00,4.5,3.96453,4.0642447,4.2023706,3.8926451,4.2742553
2018-12-16 20:15:00,4.46,3.9760878,4.0532775,4.2291126,3.904203,4.3009973
2018-12-16 20:30:00,4.5,3.9944015,4.1808095,4.243438,3.9225166,4.3153224
2018-12-16 20:45:00,4.54,4.2691717,4.3103495,4.3326836,4.197287,4.404568
2018-12-16 21:00:00,4.46,3.2674477,4.356986,4.3776145,3.1955628,4.449499
2018-12-16 21:15:00,4.5,4.006456,4.348065,4.389692,3.934571,4.4615765
2018-12-16 21:30:00,4.5,4.0049396,4.3307986,4.4051633,3.9330547,4.477048
2018-12-16 21:45:00,4.57,4.027296,4.4081073,4.467312,3.9554112,4.5391965
2018-12-16 22:00:00,4.57,3.9912105,4.3946834,4.4268928,3.9193256,4.4987774
2018-12-16 22:15:00,4.25,3.9321632,4.356601,4.384873,3.8602784,4.4567575
2018-12-16 22:30:00,4.25,3.829111,4.1349187,4.418989,3.7572262,4.490874
2018-12-16 22:45:00,4.18,3.7886307,4.1290107,4.4981837,3.7167459,4.5700684
2018-12-16 23:00:00,5.44,3.7713137,4.1255574,4.42043,3.6994288,4.492315
2018-12-16 23:15:00,4.82,4.0229836,4.5453916,6.6538343,3.9510987,6.725719
2018-12-16 23:30:00,4.14,3.6580875,4.000621,4.5389137,3.5862026,4.6107984
2018-12-16 23:45:00,4.18,3.7219634,4.485935,6.585406,3.6500785,6.6572905
2018-12-17 00:00:00,4.57,3.2175684,5.9615316,6.2809353,3.1456835,6.35282
2018-12-17 00:15:00,4.25,3.6348069,4.3186536,4.703164,3.562922,4.7750487
2018-12-17 00:30:00,4.18,3.7623315,4.233343,4.504604,3.6904466,4.5764885
2018-12-17 00:45:00,4.21,3.7741685,4.197274,4.454248,3.7022836,4.5261326
2018-12-17 01:00:00,4.21,3.8363762,4.182333,4.465268,3.7644913,4.537153
2018-12-17 01:15:00,4.21,4.026715,4.208453,4.4239807,3.95483,4.4958653
2018-12-17 01:30:00,4.36,3.9238582,4.1781425,4.414,3.8519733,4.4858847
2018-12-17 01:45:00,4.28,3.906917,4.2284184,4.4978023,3.8350322,4.569687
2018-12-17 02:00:00,4.28,3.982994,4.245514,4.4883127,3.9111092,4.5601974
2018-12-17 02:15:00,4.28,3.990108,4.2305164,4.513926,3.9182231,4.5858107
2018-12-17 02:30:00,3.71,3.9989853,4.274086,4.4915757,3.9271004,4.5634604
2018-12-17 02:45:00,4.32,3.4208412,3.7156525,4.183736,3.3489563,4.2556205
2018-12-17 03:00:00,3.82,3.6604328,4.229803,4.835264,3.588548,4.907149
2018-12-17 03:15:00,3.53,3.5160613,3.7532728,4.253112,3.4441764,4.3249965
2018-12-17 03:30:00,3.53,3.2900097,3.4651802,3.8589187,3.2181249,3.9308035
2018-12-17 03:45:00,3.53,3.3320134,3.8738341,4.1203294,3.2601285,4.192214
2018-12-17 04:00:00,3.6,3.3555615,3.5225627,3.773304,3.2836766,3.8451889
2018-12-17 04:15:00,3.53,3.4883325,3.593934,3.8621693,3.4164476,3.9340541
2018-12-17 04:30:00,3.53,3.3569593,3.5271096,3.7318773,3.2850745,3.8037622
2018-12-17 04:45:00,4.1,3.4435399,3.5285616,3.758651,3.371655,3.830536
2018-12-17 05:00:00,4.25,3.4918349,3.9861667,4.677438,3.41995,4.7493224
2018-12-17 05:15:00,4.28,3.4186156,3.9163399,4.666073,3.3467307,4.7379575
2018-12-17 05:30:00,4.25,3.5333483,3.969771,4.6544714,3.4614635,4.726356
2018-12-17 05:45:00,3.64,3.8769782,4.1863966,4.52406,3.8050933,4.5959444
2018-12-17 06:00:00,3.49,3.3318791,3.633765,4.076608,3.2599943,4.148493
2018-12-17 06:15:00,3.46,3.2345655,3.513018,3.829551,3.1626806,3.9014359
2018-12-17 06:30:00,4.32,3.1606114,3.4473338,3.839406,3.0887265,3.911291
2018-12-17 06:45:00,3.6,3.4495642,3.9250886,4.723337,3.3776793,4.795222
2018-12-17 07:00:00,3.42,3.2678587,3.4329944,3.8650308,3.1959739,3.9369156
2018-12-17 07:15:00,3.49,3.1636715,3.4323244,3.8423588,3.0917866,3.9142437
2018-12-17 07:30:00,4.36,3.3836803,3.723032,4.393338,3.3117955,4.465223
2018-12-17 07:45:00,6.19,3.785967,4.875291,6.209307,3.7140822,6.281192
2018-12-17 08:00:00,6.3,5.8853006,10.122609,12.312946,5.813416,12.384831
2018-12-17 08:15:00,6.48,6.634768,31.50722,38.817875,6.5628834,38.88976
2018-12-17 08:30:00,53.35,7.6942782,25.951366,40.516914,7.6223936,40.5888
2018-12-17 08:45:00,46.94,52.47555,64.40145,94.449875,52.403667,94.52176
2018-12-17 09:00:00,52.06,44.79043,53.647633,62.664738,44.718544,62.73662
2018-12-17 09:15:00,54.83,49.640015,56.596462,71.69316,49.56813,71.765045
2018-12-17 09:30:00,56.12,48.345818,57.199905,68.89663,48.273933,68.96851
2018-12-17 09:45:00,58.0,48.139343,56.427063,69.27423,48.06746,69.346115
2018-12-17 10:00:00,50.08,49.864937,57.671375,66.80324,49.793053,66.87512
2018-12-17 10:15:00,46.04,47.165962,52.960884,62.19373,47.094078,62.265614
2018-12-17 10:30:00,49.54,42.795124,51.057518,60.43546,42.72324,60.507343
2018-12-17 10:45:00,54.14,46.32583,52.568768,63.286907,46.253944,63.35879
2018-12-17 11:00:00,53.78,47.262085,57.305088,66.71626,47.1902,66.78815
2018-12-17 11:15:00,52.67,47.20633,55.77,67.25931,47.134445,67.33119
2018-12-17 11:30:00,55.84,47.647762,54.832882,64.78152,47.57588,64.8534
2018-12-17 11:45:00,49.64,48.44187,56.1227,65.388824,48.369987,65.46071
2018-12-17 12:00:00,54.5,42.837864,51.765335,58.03663,42.76598,58.108513
2018-12-17 12:15:00,11.12,4.752242,7.1969533,37.122963,4.6803575,37.194847
2018-12-17 12:30:00,7.06,5.100423,5.62533,17.030264,5.028538,17.102148
2018-12-17 12:45:00,7.13,5.6325974,8.246669,12.674854,5.560713,12.746739
2018-12-17 13:00:00,8.21,6.148076,8.576303,14.492531,6.0761914,14.564416
2018-12-17 13:15:00,33.26,9.361269,40.06259,55.453716,9.289384,55.5256
2018-12-17 13:30:00,56.99,40.0523,54.215996,62.6011,39.980415,62.672985
2018-12-17 13:45:00,56.59,48.895844,60.78267,71.68583,48.82396,71.75771
2018-12-17 14:00:00,55.08,49.63886,57.430218,70.43053,49.566975,70.50241
2018-12-17 14:15:00,51.05,48.49557,55.536144,66.67032,48.423687,66.7422
2018-12-17 14:30:00,47.95,46.690662,53.061134,63.38335,46.61878,63.455235
2018-12-17 14:45:00,57.82,44.730003,51.597797,62.344776,44.65812,62.41666
2018-12-17 15:00:00,59.11,47.303913,57.41645,71.5818,47.23203,71.65369
2018-12-17 15:15:00,60.62,48.979137,57.197105,70.77168,48.907253,70.84357
2018-12-17 15:30:00,53.6,50.094086,58.423393,69.67176,50.0222,69.743645
2018-12-17 15:45:00,60.44,49.731873,56.08099,66.23534,49.65999,66.30722
2018-12-17 16:00:00,67.5,49.40031,57.68086,67.90871,49.328426,67.98059
2018-12-17 16:15:00,85.86,54.149933,61.105644,75.58707,54.07805,75.65895
2018-12-17 16:30:00,82.33,60.496162,81.907486,101.95725,60.42428,102.02914
2018-12-17 16:45:00,59.8,61.01379,82.7342,100.75671,60.941906,100.82859
2018-12-17 17:00:00,60.37,49.67165,61.62954,80.125595,49.599766,80.19748
2018-12-17 17:15:00,56.38,49.43495,59.93741,79.490776,49.363068,79.56266
2018-12-17 17:30:00,52.99,46.49698,56.250523,74.01322,46.425095,74.085106
2018-12-17 17:45:00,35.35,33.701885,34.51811,61.25995,33.63,61.331833
2018-12-17 18:00:00,31.32,25.797422,31.334538,35.462643,25.725538,35.534527
2018-12-17 18:15:00,16.09,28.231361,38.16692,43.407642,28.159477,43.479527
2018-12-17 18:30:00,6.37,6.020396,7.1073284,29.333761,5.9485116,29.405645
2018-12-17 18:45:00,5.8,4.914472,4.9791174,16.652868,4.8425875,16.724752
2018-12-17 19:00:00,5.54,4.7369013,5.8144827,17.528967,4.6650167,17.600851
2018-12-17 19:15:00,5.54,4.4671564,7.0074587,11.817056,4.395272,11.888941
2018-12-17 19:30:00,5.62,4.4356613,6.245688,6.725432,4.3637767,6.7973166
2018-12-17 19:45:00,5.54,4.493278,6.087321,6.2061677,4.4213934,6.2780523
2018-12-17 20:00:00,5.62,4.537646,5.9605436,6.2732863,4.465761,6.345171
2018-12-17 20:15:00,5.54,4.581531,6.0562725,6.2416778,4.5096464,6.3135624
2018-12-17 20:30:00,4.75,4.579312,5.884685,6.2758894,4.507427,6.347774
2018-12-17 20:45:00,4.46,4.0768785,4.340076,4.3459578,4.004994,4.4178424
2018-12-17 21:00:00,4.46,3.7422292,4.1650515,4.3176665,3.6703444,4.389551
2018-12-17 21:15:00,4.43,3.766318,4.2205677,4.3226514,3.6944332,4.394536
2018-12-17 21:30:00,4.43,3.9038227,4.2825403,4.4832897,3.8319378,4.5551744
2018-12-17 21:45:00,4.46,4.0985227,4.315014,4.387804,4.026638,4.4596887
2018-12-17 22:00:00,4.46,4.0756044,4.341223,4.4022636,4.00372,4.4741483
2018-12-17 22:15:00,4.14,4.040443,4.339985,4.360688,3.968558,4.432573
2018-12-17 22:30:00,4.18,3.8665476,4.07227,4.4057007,3.7946627,4.4775853
2018-12-17 22:45:00,4.21,3.8551981,4.1109676,4.4653044,3.7833133,4.537189
2018-12-17 23:00:00,4.18,3.917393,4.152886,4.457222,3.845508,4.5291066
2018-12-17 23:15:00,4.14,4.030096,4.1005907,4.4106627,3.9582112,4.4825473
2018-12-17 23:30:00,4.07,4.0308237,4.102953,4.4268126,3.9589388,4.4986973
2018-12-17 23:45:00,4.07,3.8546472,4.034712,4.4094324,3.7827623,4.481317
2018-12-18 00:00:00,4.14,3.4793594,3.958811,4.4852185,3.4074745,4.557103
2018-12-18 00:15:00,5.22,3.8384423,4.146842,4.568849,3.7665575,4.6407337
2018-12-18 00:30:00,4.68,4.0439,4.4577,6.789739,3.9720151,6.861624
2018-12-18 00:45:00,4.14,3.6828692,4.0972633,4.5025263,3.6109843,4.574411
2018-12-18 01:00:00,4.1,3.697217,4.0501204,4.4673295,3.625332,4.539214
2018-12-18 01:15:00,4.18,3.7641234,4.1047444,4.482019,3.6922386,4.5539036
2018-12-18 01:30:00,4.07,3.7664897,4.176343,4.61097,3.6946049,4.6828547
2018-12-18 01:45:00,4.18,3.8267362,4.1184797,4.391614,3.7548513,4.4634986
2018-12-18 02:00:00,4.1,3.813697,4.174901,4.4939833,3.7418122,4.565868
2018-12-18 02:15:00,4.18,3.859171,4.169832,4.406006,3.787286,4.4778905
2018-12-18 02:30:00,4.14,3.856379,4.2039394,4.4615893,3.7844942,4.533474
2018-12-18 02:45:00,4.21,3.8183906,4.176028,4.418793,3.7465057,4.490678
2018-12-18 03:00:00,4.18,3.7954202,4.1956615,4.461677,3.7235353,4.5335617
2018-12-18 03:15:00,3.6,3.973351,4.1746387,4.437586,3.9014661,4.5094705
2018-12-18 03:30:00,3.42,3.3926196,3.7342107,4.0141673,3.3207347,4.086052
2018-12-18 03:45:00,3.42,3.2520428,3.777906,4.1580873,3.180158,4.229972
2018-12-18 04:00:00,3.38,3.201355,3.5135798,3.8015163,3.12947,3.8734012
2018-12-18 04:15:00,3.42,3.2783065,3.5230653,3.6725929,3.2064216,3.7444777
2018-12-18 04:30:00,3.71,3.2819638,3.5518825,3.6458144,3.210079,3.7176993
2018-12-18 04:45:00,4.18,3.3699162,3.6961555,3.9494255,3.2980313,4.0213103
2018-12-18 05:00:00,3.53,3.4868305,3.9006984,4.450127,3.4149456,4.5220118
2018-12-18 05:15:00,3.46,3.1856208,3.447326,3.9606504,3.113736,4.032535
2018-12-18 05:30:00,3.38,3.183395,3.5052361,3.8711264,3.11151,3.9430113
2018-12-18 05:45:00,4.03,3.1717346,3.4797142,3.8696132,3.0998497,3.941498
2018-12-18 06:00:00,4.14,3.4196446,3.7584107,4.503309,3.3477597,4.5751934
2018-12-18 06:15:00,3.6,3.3975115,3.7881784,4.578782,3.3256266,4.6506667
2018-12-18 06:30:00,3.38,3.274791,3.5263224,4.011795,3.2029061,4.0836797
2018-12-18 06:45:00,3.35,3.2386675,3.6183481,3.8022947,3.1667826,3.8741796
2018-12-18 07:00:00,3.31,3.1502633,3.4349833,3.8258636,3.0783784,3.8977485
2018-12-18 07:15:00,3.28,3.2061186,3.370045,3.7646298,3.1342337,3.8365147
2018-12-18 07:30:00,3.42,3.3856752,3.5995939,4.7514515,3.3137903,4.823336
2018-12-18 07:45:00,5.58,3.4327252,3.7398455,5.5048895,3.3608403,5.576774
2018-12-18 08:00:00,7.27,4.8777013,10.503127,20.012346,4.8058167,20.08423
2018-12-18 08:15:00,38.38,8.347221,33.39397,54.35753,8.275336,54.429413
2018-12-18 08:30:00,72.86,44.611168,57.16599,77.78835,44.539284,77.86024
2018-12-18 08:45:00,66.42,54.87197,72.04467,99.33139,54.800087,99.403275
2018-12-18 09:00:00,81.4,56.102028,66.64391,84.733864,56.030144,84.80575
2018-12-18 09:15:00,66.28,60.802853,78.52061,100.32075,60.73097,100.39263
2018-12-18 09:30:00,78.3,55.179497,65.56582,81.9982,55.107613,82.07008
2018-12-18 09:45:00,77.72,60.516666,74.10938,92.99795,60.444782,93.06983
2018-12-18 10:00:00,74.59,58.268013,77.674446,92.99055,58.19613,93.06243
2018-12-18 10:15:00,63.04,58.44058,70.78025,91.207565,58.368694,91.27945
2018-12-18 10:30:00,58.68,53.66406,65.27628,79.7102,53.592175,79.78208
2018-12-18 10:45:00,62.96,52.18764,59.84611,72.23408,52.115757,72.30596
2018-12-18 11:00:00,68.36,53.58162,62.478947,73.31327,53.509735,73.385155
2018-12-18 11:15:00,60.05,55.732185,64.63787,77.69041,55.6603,77.76229
2018-12-18 11:30:00,58.82,53.577644,61.09684,71.35954,53.50576,71.43143
2018-12-18 11:45:00,64.73,52.207573,59.031162,69.62281,52.13569,69.694695
2018-12-18 12:00:00,67.54,53.430984,61.143826,75.75651,53.3591,75.82839
2018-12-18 12:15:00,8.14,6.5120993,9.976335,50.677074,6.4402146,50.74896
2018-12-18 12:30:00,8.64,5.1462636,6.1997356,11.699414,5.074379,11.771299
2018-12-18 12:45:00,8.78,7.0151353,10.901742,13.554974,6.9432507,13.626859
2018-12-18 13:00:00,9.4,7.1794333,11.225261,16.143154,7.1075487,16.215038
2018-12-18 13:15:00,52.45,11.107608,38.34997,57.024,11.035723,57.095882
2018-12-18 13:30:00,67.46,53.795815,65.327736,84.36442,53.72393,84.4363
2018-12-18 13:45:00,62.53,54.518665,65.8025,86.69627,54.44678,86.76816
2018-12-18 14:00:00,62.46,53.037086,63.616554,76.701515,52.965202,76.7734
2018-12-18 14:15:00,67.18,52.61981,60.933693,70.0355,52.547924,70.10738
2018-12-18 14:30:00,113.51,55.56467,64.9735,78.433365,55.492786,78.50525
2018-12-18 14:45:00,99.5,69.17368,88.93383,107.60154,69.1018,107.67342
2018-12-18 15:00:00,68.0,67.75798,101.18717,117.37546,67.6861,117.44734
2018-12-18 15:15:00,120.82,56.326405,80.163734,108.793274,56.25452,108.86516
2018-12-18 15:30:00,79.45,72.35642,90.930626,113.02008,72.28454,113.091965
2018-12-18 15:45:00,117.68,60.727295,101.27794,118.50834,60.65541,118.58022
2018-12-18 16:00:00,114.08,72.28254,91.41887,120.17903,72.210655,120.250916
2018-12-18 16:15:00,106.27,71.53873,102.04123,117.12054,71.46684,117.19242
2018-12-18 16:30:00,93.28,75.21775,103.060036,116.324776,75.14587,116.39666
2018-12-18 16:45:00,127.58,72.6361,104.805595,115.3104,72.56422,115.382286
2018-12-18 17:00:00,94.61,75.98463,95.35652,113.04611,75.91274,113.118
2018-12-18 17:15:00,101.02,67.29732,104.14124,116.7687,67.22543,116.84058
2018-12-18 17:30:00,112.14,67.08161,98.18515,114.88507,67.00973,114.956955
2018-12-18 17:45:00,68.08,34.849113,40.553856,74.66852,34.77723,74.7404
2018-12-18 18:00:00,15.95,29.44519,42.369263,64.50747,29.373306,64.57935
2018-12-18 18:15:00,7.16,7.021679,10.994317,26.700783,6.9497943,26.772667
2018-12-18 18:30:00,5.58,5.5616355,7.3524876,32.610306,5.489751,32.68219
2018-12-18 18:45:00,5.65,3.885223,4.8173213,32.689827,3.813338,32.76171
2018-12-18 19:00:00,5.0,4.585373,6.6521134,31.370493,4.5134883,31.442377
2018-12-18 19:15:00,4.5,4.1812468,7.0597105,30.438429,4.109362,30.510313
2018-12-18 19:30:00,4.39,4.6006165,6.4144907,29.323433,4.528732,29.395317
2018-12-18 19:45:00,4.43,4.0449076,5.1345787,12.587091,3.9730227,12.658977
2018-12-18 20:00:00,4.39,3.936718,4.154532,7.8956537,3.864833,7.9675384
2018-12-18 20:15:00,4.43,4.0938945,4.1284466,7.5194607,4.02201,7.5913453
2018-12-18 20:30:00,4.36,4.1312094,4.2195687,7.76521,4.0593247,7.837095
2018-12-18 20:45:00,4.39,4.1536736,4.2060127,6.5564723,4.081789,6.628357
2018-12-18 21:00:00,4.43,4.072787,4.2759995,5.922866,4.000902,5.9947505
2018-12-18 21:15:00,4.39,4.1002254,4.3762097,4.585267,4.028341,4.6571517
2018-12-18 21:30:00,4.46,4.0706434,4.3654437,4.698393,3.9987586,4.7702775
2018-12-18 21:45:00,4.39,4.100936,4.4996495,4.7120657,4.0290513,4.7839503
2018-12-18 22:00:00,4.39,4.092564,4.352836,4.6420283,4.0206795,4.713913
2018-12-18 22:15:00,4.25,4.055432,4.3058157,4.610935,3.983547,4.68282
2018-12-18 22:30:00,5.18,4.003298,4.1777296,4.5779157,3.931413,4.6498003
2018-12-18 22:45:00,5.15,4.1191835,4.6152124,5.353231,4.047299,5.4251156
2018-12-18 23:00:00,4.14,4.036819,4.5981803,5.2474523,3.964934,5.319337
2018-12-18 23:15:00,4.14,3.79697,3.9789999,4.3456187,3.725085,4.4175034
2018-12-18 23:30:00,4.14,3.8183484,4.1098404,4.412166,3.7464635,4.4840508
2018-12-18 23:45:00,4.1,3.8192525,4.103578,4.5220623,3.7473676,4.593947
2018-12-19 00:00:00,3.92,3.3956494,3.8814166,4.512569,3.3237646,4.5844536
2018-12-19 00:15:00,4.14,3.7890341,3.9096587,4.1621046,3.7171493,4.2339892
2018-12-19 00:30:00,4.14,3.857362,4.2186403,4.8534546,3.7854772,4.925339
2018-12-19 00:45:00,4.14,3.8602118,4.2124987,4.4462686,3.788327,4.518153
2018-12-19 01:00:00,4.21,3.7928019,4.1859016,4.4692807,3.720917,4.5411654
2018-12-19 01:15:00,4.14,3.8663528,4.2115126,4.4402575,3.794468,4.512142
2018-12-19 01:30:00,4.14,3.849089,4.1753225,4.394782,3.777204,4.4666667
2018-12-19 01:45:00,4.18,3.8616705,4.191599,4.5390573,3.7897856,4.610942
2018-12-19 02:00:00,4.18,3.8180015,4.1858063,4.549533,3.7461166,4.6214175
2018-12-19 02:15:00,4.93,3.8518026,4.19407,4.412451,3.7799177,4.4843354
2018-12-19 02:30:00,5.26,4.017934,4.560443,5.3943954,3.946049,5.46628
2018-12-19 02:45:00,4.14,4.052368,4.657755,6.5639915,3.9804833,6.635876
2018-12-19 03:00:00,4.14,3.7452927,4.1116295,4.4017935,3.6734078,4.473678
2018-12-19 03:15:00,4.1,3.8975847,4.1417685,4.5214243,3.8256998,4.593309
2018-12-19 03:30:00,4.25,3.818523,4.4426475,4.5160437,3.746638,4.5879283
2018-12-19 03:45:00,3.82,3.8272076,4.49008,4.521752,3.7553227,4.5936365
2018-12-19 04:00:00,3.49,3.5463736,3.784611,4.1342325,3.4744887,4.206117
2018-12-19 04:15:00,3.42,3.303522,3.5092874,3.812195,3.2316372,3.88408
2018-12-19 04:30:00,3.42,3.2470078,3.434404,3.7297387,3.175123,3.8016236
2018-12-19 04:45:00,3.49,3.2347388,3.4719622,3.6914332,3.162854,3.763318
2018-12-19 05:00:00,3.38,3.3359396,3.4354026,3.705838,3.2640548,3.7777228
2018-12-19 05:15:00,3.42,3.2919939,3.4040883,3.6760817,3.220109,3.7479665
2018-12-19 05:30:00,3.38,3.3052275,3.425246,3.6912293,3.2333426,3.7631142
2018-12-19 05:45:00,3.42,3.3054094,3.400145,3.7277348,3.2335246,3.7996197
2018-12-19 06:00:00,3.42,3.2749877,3.3798401,3.7556956,3.2031028,3.8275805
2018-12-19 06:15:00,4.07,3.2726672,3.4199562,3.7560833,3.2007823,3.8279681
2018-12-19 06:30:00,4.18,3.442568,3.7770073,4.677321,3.3706832,4.7492056
2018-12-19 06:45:00,3.96,3.3929505,3.8271754,4.591588,3.3210657,4.6634727
2018-12-19 07:00:00,4.1,3.4478679,3.6893437,4.170389,3.375983,4.242274
2018-12-19 07:15:00,4.1,3.7313647,4.23683,4.6574,3.6594799,4.729285
2018-12-19 07:30:00,4.07,3.853702,4.461906,5.192498,3.7818172,5.264383
2018-12-19 07:45:00,5.76,3.9122193,6.1099124,6.5485873,3.8403344,6.620472
2018-12-19 08:00:00,6.23,5.0388746,8.612027,8.949281,4.96699,9.021166
2018-12-19 08:15:00,36.14,6.7746005,28.575224,51.13254,6.702716,51.204426
2018-12-19 08:30:00,70.81,42.94211,56.249634,81.503235,42.870224,81.57512
2018-12-19 08:45:00,59.54,54.352325,69.22855,99.09521,54.28044,99.16709
2018-12-19 09:00:00,63.86,52.945522,62.748447,77.6175,52.87364,77.689384
2018-12-19 09:15:00,77.4,54.07907,62.975685,83.938995,54.007187,84.01088
2018-12-19 09:30:00,65.23,60.44466,75.68081,98.64038,60.372776,98.712265
2018-12-19 09:45:00,69.3,53.84289,65.80657,76.8264,53.771008,76.898285
2018-12-19 10:00:00,61.13,54.8495,66.916145,83.14032,54.777615,83.212204
2018-12-19 10:15:00,61.16,51.310432,61.068016,74.54063,51.23855,74.61251
2018-12-19 10:30:00,70.42,52.817245,60.59018,73.14931,52.74536,73.22119
2018-12-19 10:45:00,63.68,56.00857,66.89152,87.323944,55.936687,87.39583
2018-12-19 11:00:00,83.09,55.067623,64.12159,77.79383,54.99574,77.865715
2018-12-19 11:15:00,140.8,60.424263,81.240204,102.786575,60.35238,102.85846
2018-12-19 11:30:00,110.88,80.02933,96.61404,121.66921,79.95744,121.7411
2018-12-19 11:45:00,115.13,66.69561,97.518456,122.74223,66.623726,122.81412
2018-12-19 12:00:00,101.99,74.39589,102.10099,118.6104,74.324005,118.68228
2018-12-19 12:15:00,12.13,6.862963,15.064266,26.699837,6.7910786,26.77172
2018-12-19 12:30:00,6.66,4.346773,4.782119,19.246817,4.2748885,19.3187
2018-12-19 12:45:00,6.8,5.4081326,6.578469,13.849148,5.336248,13.921033
2018-12-19 13:00:00,6.98,6.38838,7.553808,20.536432,6.3164954,20.608316
2018-12-19 13:15:00,62.42,10.980726,53.89452,87.09391,10.908841,87.165794
2018-12-19 13:30:00,116.46,57.76485,88.44039,113.66364,57.692966,113.73553
2018-12-19 13:45:00,89.86,72.660965,98.35416,126.68705,72.58908,126.758934
2018-12-19 14:00:00,98.03,66.577675,106.04531,123.83208,66.50579,123.90396
2018-12-19 14:15:00,149.18,69.658226,96.38347,121.0609,69.58634,121.13278
2018-12-19 14:30:00,116.64,78.86011,92.44264,120.34329,78.78822,120.41518
2018-12-19 14:45:00,105.48,74.51688,98.24384,124.36238,74.44499,124.434265
2018-12-19 15:00:00,145.22,75.35127,105.82062,128.83328,75.27939,128.90517
2018-12-19 15:15:00,101.38,78.48547,98.32703,118.38136,78.41359,118.45325
2018-12-19 15:30:00,130.46,70.14032,104.425476,119.99604,70.068436,120.067924
2018-12-19 15:45:00,115.24,85.43509,97.79248,121.31399,85.363205,121.38587
2018-12-19 16:00:00,125.21,75.56186,108.101814,127.22344,75.489975,127.29533
2018-12-19 16:15:00,133.56,79.58395,100.95975,123.45673,79.51206,123.52862
2018-12-19 16:30:00,81.65,87.00871,107.7201,130.38446,86.93683,130.45634
2018-12-19 16:45:00,62.68,60.784866,100.37848,119.82885,60.712982,119.900734
2018-12-19 17:00:00,125.5,53.138786,70.68191,96.83733,53.066902,96.90922
2018-12-19 17:15:00,68.0,70.90727,99.446724,117.927795,70.83539,117.99968
2018-12-19 17:30:00,40.5,48.45206,74.941216,114.17362,48.380177,114.24551
2018-12-19 17:45:00,31.68,32.43365,38.82531,74.59386,32.361767,74.66574
2018-12-19 18:00:00,26.82,22.447302,36.382782,38.598618,22.375418,38.6705
2018-12-19 18:15:00,5.98,18.79441,29.719522,45.952766,18.722527,46.02465
2018-12-19 18:30:00,5.47,6.656496,8.147353,19.884611,6.5846114,19.956495
2018-12-19 18:45:00,5.54,4.1424065,5.8823524,21.746643,4.070522,21.818527
2018-12-19 19:00:00,5.44,5.774438,6.4777226,35.779415,5.7025533,35.8513
2018-12-19 19:15:00,5.47,5.88714,6.526838,15.096009,5.815255,15.167894
2018-12-19 19:30:00,5.47,5.5721745,5.8717046,11.203404,5.50029,11.27529
2018-12-19 19:45:00,5.4,5.6417937,6.1218724,10.419014,5.569909,10.490899
2018-12-19 20:00:00,5.33,5.470749,5.6384044,10.92048,5.3988643,10.992365
2018-12-19 20:15:00,5.36,5.427972,5.6552377,10.47501,5.356087,10.546895
2018-12-19 20:30:00,5.33,4.8803124,5.509413,11.326452,4.808428,11.398337
2018-12-19 20:45:00,5.44,4.418248,5.2411485,11.35019,4.3463635,11.422075
2018-12-19 21:00:00,5.4,4.6124587,4.719427,8.296324,4.540574,8.368209
2018-12-19 21:15:00,5.4,4.5483937,4.723301,6.215616,4.476509,6.287501
2018-12-19 21:30:00,5.04,4.4891896,4.7245007,7.178677,4.417305,7.2505617
2018-12-19 21:45:00,4.25,4.307316,4.916483,5.838443,4.235431,5.9103274
2018-12-19 22:00:00,4.39,3.9634545,4.110448,4.7917495,3.8915696,4.863634
2018-12-19 22:15:00,4.03,3.9212048,4.1129036,4.4001827,3.84932,4.4720674
2018-12-19 22:30:00,4.03,3.7898679,3.8936355,4.4997373,3.717983,4.571622
2018-12-19 22:45:00,3.96,3.8837373,3.9315107,4.4187455,3.8118525,4.49063
2018-12-19 23:00:00,4.07,3.7253788,3.906316,4.249678,3.653494,4.321563
2018-12-19 23:15:00,4.03,3.9721959,4.0409527,4.411785,3.900311,4.4836698
2018-12-19 23:30:00,3.92,3.9418225,4.0174456,4.39809,3.8699377,4.4699745
2018-12-19 23:45:00,3.96,3.909788,3.9503028,4.2681594,3.837903,4.340044
2018-12-20 00:00:00,3.89,3.5874295,3.738972,5.430639,3.5155447,5.5025234
2018-12-20 00:15:00,4.03,3.7859046,3.9260046,4.1055665,3.7140198,4.177451
2018-12-20 00:30:00,4.03,3.801366,4.090297,4.666877,3.7294812,4.7387614
2018-12-20 00:45:00,4.0,3.8546784,4.0782223,4.275244,3.7827935,4.347129
2018-12-20 01:00:00,4.0,3.8342013,4.059,4.179436,3.7623165,4.251321
2018-12-20 01:15:00,4.0,3.840927,4.102953,4.207963,3.769042,4.2798476
2018-12-20 01:30:00,4.1,3.8200262,4.111615,4.207367,3.7481413,4.2792516
2018-12-20 01:45:00,4.0,3.9311042,4.2639904,4.350035,3.8592193,4.42192
2018-12-20 02:00:00,4.07,3.8899393,4.063278,4.0956993,3.8180544,4.167584
2018-12-20 02:15:00,4.43,3.9726362,4.134224,4.403162,3.9007514,4.4750466
2018-12-20 02:30:00,5.18,3.7116072,4.33193,4.543305,3.6397223,4.6151896
2018-12-20 02:45:00,4.1,4.1444983,4.5562143,5.2445817,4.0726137,5.3164663
2018-12-20 03:00:00,4.0,3.7741938,4.0953484,4.404825,3.702309,4.47671
2018-12-20 03:15:00,4.1,3.7530468,3.9906476,4.44794,3.6811619,4.5198245
2018-12-20 03:30:00,4.03,3.9057114,4.4545665,4.574927,3.8338265,4.6468115
2018-12-20 03:45:00,4.1,3.853838,4.290795,4.4299116,3.781953,4.5017962
2018-12-20 04:00:00,3.31,3.9124005,4.2021484,4.478628,3.8405156,4.550513
2018-12-20 04:15:00,3.35,3.2496333,3.3903475,3.7673104,3.1777484,3.8391953
2018-12-20 04:30:00,3.46,3.2933228,3.3359728,3.8566456,3.221438,3.9285305
2018-12-20 04:45:00,3.38,3.3018782,3.424509,3.9071994,3.2299933,3.9790843
2018-12-20 05:00:00,3.35,3.340827,3.3647304,4.1309085,3.268942,4.202793
2018-12-20 05:15:00,3.35,3.3355565,3.3558521,4.027119,3.2636716,4.099004
2018-12-20 05:30:00,3.38,3.3022823,3.3456817,4.0459523,3.2303975,4.117837
2018-12-20 05:45:00,3.38,3.299614,3.3745468,4.2121973,3.227729,4.284082
2018-12-20 06:00:00,3.92,3.2643719,3.3333201,4.2376547,3.192487,4.3095393
2018-12-20 06:15:00,3.67,3.3909333,3.574362,4.2301846,3.3190484,4.302069
2018-12-20 06:30:00,3.35,3.3318825,3.5234818,3.9669394,3.2599976,4.038824
2018-12-20 06:45:00,4.0,3.2223656,3.2944639,3.7887268,3.1504807,3.8606117
2018-12-20 07:00:00,4.03,3.547045,3.8194678,5.0257616,3.4751601,5.097646
2018-12-20 07:15:00,3.96,3.55037,3.8098526,4.71681,3.478485,4.788695
2018-12-20 07:30:00,4.18,3.6386476,3.8301067,4.9425797,3.5667627,5.0144644
2018-12-20 07:45:00,4.79,4.10955,6.154308,6.6911693,4.0376654,6.763054
2018-12-20 08:00:00,5.87,4.4370265,5.1838756,9.302496,4.365142,9.374381
2018-12-20 08:15:00,39.49,6.524658,28.799944,45.594765,6.4527736,45.66665
2018-12-20 08:30:00,79.85,49.729202,60.033413,88.83751,49.65732,88.90939
2018-12-20 08:45:00,66.96,61.04774,85.52815,118.190735,60.975857,118.26262
2018-12-20 09:00:00,63.14,59.355194,72.030525,98.964066,59.28331,99.03595
2018-12-20 09:15:00,64.12,55.53684,66.92338,84.66162,55.464954,84.733505
2018-12-20 09:30:00,64.37,55.98295,64.28689,80.93416,55.911064,81.00604
2018-12-20 09:45:00,83.16,57.26756,65.53736,78.07434,57.195675,78.146225
2018-12-20 10:00:00,71.14,60.071293,83.81642,107.646996,59.99941,107.71888
2018-12-20 10:15:00,58.72,57.054657,70.17397,94.027916,56.982773,94.0998
2018-12-20 10:30:00,68.72,54.027046,62.113182,78.54587,53.955162,78.61775
2018-12-20 10:45:00,75.53,58.150574,66.35102,86.81039,58.07869,86.88227
2018-12-20 11:00:00,77.51,59.77664,70.45638,97.25841,59.704758,97.33029
2018-12-20 11:15:00,64.4,61.680153,78.76806,95.24284,61.60827,95.31473
2018-12-20 11:30:00,63.0,56.792744,65.9602,77.895386,56.72086,77.96727
2018-12-20 11:45:00,71.46,55.075645,65.18142,75.72134,55.00376,75.79322
2018-12-20 12:00:00,71.06,59.612488,66.64991,82.67981,59.540604,82.75169
2018-12-20 12:15:00,16.96,7.6424904,13.407432,51.118587,7.5706058,51.19047
2018-12-20 12:30:00,7.67,5.5296955,5.799666,18.466116,5.457811,18.538
2018-12-20 12:45:00,7.49,7.261004,7.8977356,22.855516,7.1891193,22.9274
2018-12-20 13:00:00,6.66,8.838416,9.054521,27.047718,8.766531,27.119602
2018-12-20 13:15:00,42.7,10.797022,41.108746,64.06586,10.725137,64.13774
2018-12-20 13:30:00,63.07,48.522778,62.746147,80.042336,48.450893,80.11422
2018-12-20 13:45:00,71.5,53.018345,66.34533,82.04665,52.94646,82.11854
2018-12-20 14:00:00,76.9,57.736977,68.55932,95.214294,57.665092,95.28618
2018-12-20 14:15:00,63.5,58.715435,75.30068,93.53279,58.64355,93.604675
2018-12-20 14:30:00,78.41,53.43659,63.70421,74.250015,53.364704,74.3219
2018-12-20 14:45:00,73.4,60.154133,74.77476,100.35768,60.08225,100.429565
2018-12-20 15:00:00,64.44,57.56293,71.12878,84.62121,57.491047,84.69309
2018-12-20 15:15:00,60.26,53.6733,62.806675,76.57773,53.601418,76.64961
2018-12-20 15:30:00,58.9,51.316177,59.14943,70.32186,51.244293,70.393745
2018-12-20 15:45:00,60.59,51.19101,58.45518,69.78392,51.119125,69.855804
2018-12-20 16:00:00,56.92,50.967407,57.052868,69.7954,50.895523,69.86729
2018-12-20 16:15:00,60.08,49.36589,56.083366,65.074005,49.294006,65.14589
2018-12-20 16:30:00,58.68,50.952587,58.405167,66.98621,50.880703,67.0581
2018-12-20 16:45:00,57.56,50.523624,56.545715,64.64599,50.45174,64.71787
2018-12-20 17:00:00,46.51,46.1018,52.750626,61.09887,46.029915,61.170753
2018-12-20 17:15:00,58.07,41.233875,48.166943,64.30753,41.16199,64.37942
2018-12-20 17:30:00,41.22,45.49212,56.122868,70.87835,45.420235,70.95023
2018-12-20 17:45:00,41.51,29.601437,33.624435,52.03633,29.529552,52.108215
2018-12-20 18:00:00,24.8,29.190325,33.870434,42.29274,29.11844,42.364624
2018-12-20 18:15:00,5.44,10.478535,24.446222,36.747826,10.40665,36.81971
2018-12-20 18:30:00,5.18,4.5296826,5.5537434,20.30287,4.457798,20.374754
2018-12-20 18:45:00,5.29,4.426374,4.4363284,19.33814,4.3544893,19.410025
2018-12-20 19:00:00,5.29,4.547478,5.511332,14.942723,4.4755936,15.014608
2018-12-20 19:15:00,5.29,5.0687876,6.032426,11.166166,4.996903,11.238051
2018-12-20 19:30:00,4.18,4.8017507,4.82265,9.289954,4.729866,9.361839
2018-12-20 19:45:00,4.07,3.8154407,4.1622405,8.334615,3.7435558,8.4065
2018-12-20 20:00:00,4.1,3.7170079,4.060066,9.3239565,3.645123,9.395842
2018-12-20 20:15:00,4.07,3.676936,4.164028,8.835508,3.605051,8.907393
2018-12-20 20:30:00,4.18,3.8467095,3.9727488,5.8908515,3.7748246,5.962736
2018-12-20 20:45:00,4.1,3.8770814,4.099995,6.463492,3.8051965,6.5353765
2018-12-20 21:00:00,4.1,3.8496003,4.1222982,4.7501745,3.7777154,4.822059
2018-12-20 21:15:00,4.14,3.8909488,4.164524,4.4270525,3.819064,4.498937
2018-12-20 21:30:00,4.14,3.83846,4.1712217,4.5842204,3.766575,4.656105
2018-12-20 21:45:00,4.21,3.8589234,4.204505,4.5754905,3.7870386,4.647375
2018-12-20 22:00:00,4.18,3.8430207,4.1468306,4.5327783,3.7711358,4.604663
2018-12-20 22:15:00,3.85,3.805818,4.0592194,4.5034714,3.7339332,4.575356
2018-12-20 22:30:00,3.85,3.5267746,3.7400706,4.231881,3.4548898,4.303766
2018-12-20 22:45:00,4.64,3.540021,3.7974942,4.225473,3.468136,4.2973576
2018-12-20 23:00:00,5.04,3.5821931,4.227726,4.821456,3.5103083,4.8933406
2018-12-20 23:15:00,4.07,3.8425674,5.178805,5.8719387,3.7706826,5.9438233
2018-12-20 23:30:00,3.82,3.6823797,3.8848307,4.3455625,3.6104949,4.417447
2018-12-20 23:45:00,3.85,3.616152,3.7813056,4.2803416,3.5442672,4.3522263
2018-12-21 00:00:00,3.92,3.2978828,3.814916,4.2702546,3.225998,4.3421392
2018-12-21 00:15:00,3.89,3.662231,3.8787487,4.248235,3.590346,4.32012
2018-12-21 00:30:00,3.85,3.69157,3.84822,4.1861086,3.6196852,4.257993
2018-12-21 00:45:00,3.89,3.716667,3.8652017,4.1640973,3.644782,4.235982
2018-12-21 01:00:00,3.89,3.762467,3.8568394,4.177783,3.690582,4.2496676
2018-12-21 01:15:00,3.96,3.7411296,3.8481996,4.1802154,3.6692448,4.2521
2018-12-21 01:30:00,3.89,3.6646743,3.9132707,4.17426,3.5927894,4.246145
2018-12-21 01:45:00,3.89,3.6975687,3.8501022,4.213988,3.6256838,4.2858725
2018-12-21 02:00:00,3.89,3.6907694,3.8522177,4.195331,3.6188846,4.2672157
2018-12-21 02:15:00,3.92,3.7026336,3.8470275,4.149456,3.6307487,4.2213407
2018-12-21 02:30:00,3.92,3.7158995,3.904024,4.152006,3.6440146,4.223891
2018-12-21 02:45:00,3.92,3.6913009,3.9033737,4.1130166,3.619416,4.184901
2018-12-21 03:00:00,3.96,3.6789951,3.8919659,4.11055,3.6071103,4.1824346
2018-12-21 03:15:00,4.79,3.7176294,3.9261672,4.1406436,3.6457446,4.212528
2018-12-21 03:30:00,4.5,3.773659,4.275279,4.774923,3.7017741,4.8468075
2018-12-21 03:45:00,3.24,3.7597845,4.5927978,4.609771,3.6878996,4.6816554
2018-12-21 04:00:00,3.28,3.1127124,3.2167954,3.7588558,3.0408275,3.8307407
2018-12-21 04:15:00,3.24,3.1903102,3.3325171,3.7863114,3.1184254,3.8581963
2018-12-21 04:30:00,3.24,3.148522,3.207829,3.77294,3.076637,3.8448248
2018-12-21 04:45:00,3.28,3.2563171,3.2673607,3.6866052,3.1844323,3.75849
2018-12-21 05:00:00,3.28,3.2564535,3.3307812,3.6547234,3.1845686,3.7266083
2018-12-21 05:15:00,3.28,3.2488728,3.3450673,3.7970238,3.176988,3.8689086
2018-12-21 05:30:00,3.2,3.2438471,3.3453624,3.690545,3.1719623,3.76243
2018-12-21 05:45:00,3.24,3.2091093,3.258923,3.738759,3.1372244,3.810644
2018-12-21 06:00:00,3.2,3.2229285,3.2649174,3.8182285,3.1510437,3.8901134
2018-12-21 06:15:00,3.67,3.2095027,3.2520504,3.777057,3.1376178,3.8489418
2018-12-21 06:30:00,3.96,3.1999817,3.4771545,4.0127087,3.1280968,4.0845933
2018-12-21 06:45:00,3.92,3.3028088,3.5656152,4.1490245,3.230924,4.220909
2018-12-21 07:00:00,3.89,3.3165724,3.5361717,4.2462997,3.2446876,4.3181844
2018-12-21 07:15:00,3.67,3.5283558,3.732095,4.146634,3.456471,4.2185187
2018-12-21 07:30:00,3.17,3.5400286,3.8747628,4.327742,3.4681437,4.3996267
2018-12-21 07:45:00,5.44,3.2577221,3.3979688,5.3105288,3.1858373,5.3824134
2018-12-21 08:00:00,6.77,4.8686037,10.213887,13.433042,4.796719,13.504927
2018-12-21 08:15:00,28.8,8.062377,29.966228,43.71496,7.9904923,43.786842
2018-12-21 08:30:00,54.22,38.286404,49.716908,73.1773,38.21452,73.24918
2018-12-21 08:45:00,56.41,47.500854,63.40776,72.895004,47.42897,72.96689
2018-12-21 09:00:00,56.74,50.697205,58.907734,70.22824,50.62532,70.300125
2018-12-21 09:15:00,43.78,49.28971,56.35692,73.00907,49.217827,73.080956
2018-12-21 09:30:00,47.52,40.746162,47.096256,59.009174,40.67428,59.08106
2018-12-21 09:45:00,56.2,43.425064,51.326256,60.664772,43.35318,60.736656
2018-12-21 10:00:00,51.59,45.941696,55.69552,67.44401,45.869812,67.51589
2018-12-21 10:15:00,66.64,46.530834,53.065216,64.35637,46.45895,64.42825
2018-12-21 10:30:00,53.14,53.054417,60.76869,74.79937,52.982533,74.871254
2018-12-21 10:45:00,58.54,48.273514,56.610188,71.715385,48.20163,71.78727
2018-12-21 11:00:00,73.12,47.743164,57.899567,69.90041,47.67128,69.9723
2018-12-21 11:15:00,67.79,55.32999,64.02924,79.45239,55.258106,79.52428
2018-12-21 11:30:00,65.59,55.450752,62.178093,72.022804,55.37887,72.09469
2018-12-21 11:45:00,57.85,52.87173,63.491184,77.557465,52.799847,77.62935
2018-12-21 12:00:00,58.9,48.015812,60.870434,67.22417,47.943928,67.29605
2018-12-21 12:15:00,7.42,5.5350413,8.82879,34.78593,5.4631567,34.857815
2018-12-21 12:30:00,8.35,4.7159677,6.3223376,12.500467,4.644083,12.572352
2018-12-21 12:45:00,7.67,5.718696,8.44283,12.727094,5.6468115,12.798979
2018-12-21 13:00:00,7.2,6.6044025,7.7695074,12.357158,6.532518,12.429043
2018-12-21 13:15:00,39.74,9.706375,35.222767,62.269257,9.63449,62.34114
2018-12-21 13:30:00,58.03,44.795753,56.53354,67.884445,44.72387,67.95633
2018-12-21 13:45:00,63.97,48.08738,60.04574,71.926765,48.015495,71.99865
2018-12-21 14:00:00,56.34,51.649086,62.83603,76.86877,51.5772,76.94065
2018-12-21 14:15:00,69.62,46.879974,55.94674,67.55223,46.80809,67.624115
2018-12-21 14:30:00,60.34,53.950153,62.04164,73.723694,53.87827,73.79558
2018-12-21 14:45:00,57.74,49.981697,60.23282,73.18817,49.909813,73.260056
2018-12-21 15:00:00,68.04,47.45841,58.53923,69.6072,47.386524,69.679085
2018-12-21 15:15:00,67.68,54.02416,61.249317,74.578094,53.952274,74.64998
2018-12-21 15:30:00,58.32,54.133366,62.88808,74.44679,54.06148,74.51868
2018-12-21 15:45:00,65.48,50.697865,61.46776,69.786575,50.62598,69.85846
2018-12-21 16:00:00,63.0,51.243492,59.2196,78.642296,51.171608,78.71418
2018-12-21 16:15:00,69.73,52.240578,60.473976,73.598366,52.168694,73.67025
2018-12-21 16:30:00,59.69,54.981117,62.32663,74.24795,54.909233,74.31983
2018-12-21 16:45:00,63.32,50.996983,60.53586,70.50371,50.9251,70.57559
2018-12-21 17:00:00,62.32,47.50544,58.275753,69.76108,47.433556,69.83296
2018-12-21 17:15:00,52.78,48.833996,59.782066,70.40803,48.76211,70.47991
2018-12-21 17:30:00,45.86,43.761436,52.14385,66.83163,43.689552,66.90351
2018-12-21 17:45:00,30.78,31.388533,34.84469,59.014114,31.316648,59.086
2018-12-21 18:00:00,8.21,26.33913,31.497648,31.661875,26.267246,31.733759
2018-12-21 18:15:00,5.51,5.669719,7.3971696,12.3085985,5.5978346,12.380484
2018-12-21 18:30:00,5.4,4.193273,5.992417,8.579818,4.1213884,8.651703
2018-12-21 18:45:00,5.62,4.394414,5.5528207,9.38986,4.3225293,9.461745
2018-12-21 19:00:00,5.54,4.4987397,5.8551536,7.694027,4.426855,7.7659116
2018-12-21 19:15:00,5.54,4.531553,5.597895,7.773162,4.459668,7.8450465
2018-12-21 19:30:00,5.51,4.472575,5.5562005,7.121425,4.4006906,7.19331
2018-12-21 19:45:00,5.47,4.5824738,5.575418,7.0177937,4.510589,7.0896783
2018-12-21 20:00:00,5.54,4.482781,5.051973,7.3942695,4.4108963,7.466154
2018-12-21 20:15:00,5.47,4.491609,5.047732,7.3462353,4.4197245,7.41812
2018-12-21 20:30:00,5.44,4.490766,4.7837024,7.3247237,4.4188814,7.3966084
2018-12-21 20:45:00,5.47,4.414578,4.71174,7.3683414,4.3426933,7.440226
2018-12-21 21:00:00,5.44,4.177619,4.7412705,7.283415,4.1057343,7.3552995
2018-12-21 21:15:00,5.54,4.139295,4.8142743,6.2979145,4.0674105,6.369799
2018-12-21 21:30:00,5.4,4.127339,4.7158875,6.298475,4.0554543,6.3703594
2018-12-21 21:45:00,5.44,4.1741247,4.90335,6.2777467,4.10224,6.3496313
2018-12-21 22:00:00,5.44,4.19506,4.9593506,6.257088,4.123175,6.328973
2018-12-21 22:15:00,5.18,4.190447,4.889573,6.234809,4.118562,6.3066936
2018-12-21 22:30:00,5.26,4.01745,6.150573,6.388809,3.945565,6.460694
2018-12-21 22:45:00,5.15,4.0288134,6.186269,6.428334,3.9569285,6.500219
2018-12-21 23:00:00,5.15,4.010342,5.192129,6.2021904,3.9384573,6.274075
2018-12-21 23:15:00,5.11,4.136883,4.658742,5.121533,4.064998,5.1934175
2018-12-21 23:30:00,4.57,4.0505157,4.604205,5.0751457,3.9786308,5.1470304
2018-12-21 23:45:00,4.0,3.7553809,4.136867,4.590162,3.683496,4.6620464
2018-12-22 00:00:00,3.31,2.3526192,3.7565095,4.5349126,2.2807343,4.606797
2018-12-22 00:15:00,4.0,3.1925507,3.5640533,4.1322384,3.1206658,4.204123
2018-12-22 00:30:00,4.0,3.5399072,3.8555562,4.3411717,3.4680223,4.4130564
2018-12-22 00:45:00,4.0,3.4541733,3.8757486,4.366953,3.3822885,4.4388375
2018-12-22 01:00:00,4.1,3.346676,3.81287,4.311399,3.2747912,4.3832836
2018-12-22 01:15:00,3.96,3.8314614,4.2650447,4.337669,3.7595766,4.4095535
2018-12-22 01:30:00,4.03,3.7038438,3.9553595,4.0705695,3.631959,4.142454
2018-12-22 01:45:00,4.03,3.676268,4.0305743,4.294356,3.6043832,4.3662405
2018-12-22 02:00:00,3.96,3.6005633,3.9970493,4.301536,3.5286784,4.3734207
2018-12-22 02:15:00,4.07,3.7108448,3.9139664,4.107398,3.63896,4.1792827
2018-12-22 02:30:00,4.07,3.7764761,4.092548,4.3588557,3.7045913,4.4307404
2018-12-22 02:45:00,3.67,3.748717,4.0824966,4.3102555,3.6768322,4.38214
2018-12-22 03:00:00,3.31,3.3136532,3.7439008,3.9206321,3.2417684,3.992517
2018-12-22 03:15:00,3.82,3.167471,3.3237708,3.9068482,3.095586,3.978733
2018-12-22 03:30:00,4.07,3.402817,3.6526234,4.3512874,3.3309321,4.423172
2018-12-22 03:45:00,3.42,3.4350066,4.0740333,4.494256,3.3631217,4.5661407
2018-12-22 04:00:00,3.38,3.0566885,3.322478,3.6906292,2.9848037,3.762514
2018-12-22 04:15:00,3.31,3.1467705,3.3958783,3.6999907,3.0748856,3.7718756
2018-12-22 04:30:00,3.38,3.0985367,3.3276238,3.6982915,3.0266519,3.7701764
2018-12-22 04:45:00,3.35,3.1996622,3.3743234,3.6220539,3.1277773,3.6939387
2018-12-22 05:00:00,3.38,3.184397,3.3266397,3.6263833,3.112512,3.6982682
2018-12-22 05:15:00,3.42,3.2089763,3.3676226,3.5906534,3.1370914,3.6625383
2018-12-22 05:30:00,3.96,3.2337763,3.370859,3.597734,3.1618915,3.6696188
2018-12-22 05:45:00,4.07,3.3165154,3.5555272,4.0882583,3.2446306,4.160143
2018-12-22 06:00:00,4.07,3.3145514,3.6815085,4.3751626,3.2426665,4.447047
2018-12-22 06:15:00,4.0,3.3769834,3.8122544,4.442688,3.3050985,4.5145726
2018-12-22 06:30:00,3.38,3.6313117,3.9285746,4.2702694,3.5594268,4.342154
2018-12-22 06:45:00,3.35,3.1064467,3.4141872,3.8172195,3.0345619,3.8891044
2018-12-22 07:00:00,3.35,3.115286,3.341989,3.9499426,3.0434012,4.021827
2018-12-22 07:15:00,3.31,3.1030593,3.3307896,3.7397256,3.0311744,3.8116105
2018-12-22 07:30:00,3.85,3.257897,3.4430666,4.1269507,3.186012,4.1988354
2018-12-22 07:45:00,4.03,3.447773,3.8430884,5.5852294,3.375888,5.657114
2018-12-22 08:00:00,3.35,3.4533699,3.8795092,6.973396,3.381485,7.0452805
2018-12-22 08:15:00,3.31,3.2160666,20.097357,21.579103,3.1441817,21.650988
2018-12-22 08:30:00,3.24,3.2111454,4.200487,10.0780735,3.1392605,10.149959
2018-12-22 08:45:00,3.38,2.92249,3.683024,4.651647,2.850605,4.7235317
2018-12-22 09:00:00,3.82,3.2205005,3.5244572,5.116653,3.1486156,5.1885376
2018-12-22 09:15:00,4.28,3.379992,3.6682234,6.4669604,3.3081071,6.538845
2018-12-22 09:30:00,4.28,3.498745,5.9679747,7.18196,3.42686,7.2538447
2018-12-22 09:45:00,4.32,3.446237,5.238849,6.668201,3.3743522,6.7400856
2018-12-22 10:00:00,4.21,3.9271736,6.0655475,6.5026846,3.8552887,6.574569
2018-12-22 10:15:00,3.6,3.9978356,6.572226,6.6528263,3.9259508,6.724711
2018-12-22 10:30:00,3.6,3.4869401,3.5827706,4.8191295,3.4150553,4.891014
2018-12-22 10:45:00,3.6,3.4564962,3.554322,4.0272593,3.3846114,4.099144
2018-12-22 11:00:00,3.6,3.5088677,3.668815,4.7474217,3.4369829,4.8193064
2018-12-22 11:15:00,3.6,3.1001823,3.8276312,4.024118,3.0282974,4.0960026
2018-12-22 11:30:00,3.6,3.3381,3.4905677,3.5999653,3.266215,3.6718502
2018-12-22 11:45:00,3.6,3.3787086,3.6775715,3.8696103,3.3068237,3.9414952
2018-12-22 12:00:00,3.6,2.915731,3.4758003,4.31386,2.843846,4.3857446
2018-12-22 12:15:00,3.71,3.4082606,3.43894,4.05014,3.3363757,4.1220245
2018-12-22 12:30:00,4.39,3.3249483,3.4590077,3.5802372,3.2530634,3.652122
2018-12-22 12:45:00,4.1,3.4946408,3.967817,3.9735382,3.422756,4.045423
2018-12-22 13:00:00,3.71,3.451016,3.993304,4.0282373,3.379131,4.100122
2018-12-22 13:15:00,4.28,3.5386026,5.2296104,6.955718,3.4667177,7.0276027
2018-12-22 13:30:00,4.25,3.73722,5.0811496,6.6228423,3.6653352,6.694727
2018-12-22 13:45:00,4.25,3.524365,4.3295,7.2863483,3.45248,7.358233
2018-12-22 14:00:00,4.21,3.6089242,4.428405,4.5193963,3.5370393,4.591281
2018-12-22 14:15:00,3.67,3.817804,3.9154263,5.6961756,3.7459192,5.76806
2018-12-22 14:30:00,3.46,3.3407838,3.4364333,3.510786,3.268899,3.582671
2018-12-22 14:45:00,3.49,3.3091407,3.3269484,3.4397185,3.2372558,3.5116034
2018-12-22 15:00:00,3.53,3.0684383,3.093163,3.495968,2.9965534,3.567853
2018-12-22 15:15:00,3.56,2.7585309,3.3396437,3.3784902,2.686646,3.450375
2018-12-22 15:30:00,3.53,3.4480505,3.484752,3.5566664,3.3761656,3.6285512
2018-12-22 15:45:00,3.56,3.3235903,3.6946964,4.2099695,3.2517054,4.281854
2018-12-22 16:00:00,3.56,2.198184,3.3087442,3.3596482,2.1262991,3.431533
2018-12-22 16:15:00,3.49,3.3731441,3.6254387,4.264607,3.3012593,4.3364916
2018-12-22 16:30:00,3.53,3.2554064,3.5437675,4.1953616,3.1835215,4.2672462
2018-12-22 16:45:00,3.56,3.3703785,3.5497904,3.8524308,3.2984936,3.9243157
2018-12-22 17:00:00,4.68,3.0063214,3.607502,3.8128629,2.9344366,3.8847477
2018-12-22 17:15:00,5.44,3.535465,3.5475864,3.7547717,3.4635801,3.8266566
2018-12-22 17:30:00,4.46,3.7591476,3.8347073,7.219365,3.6872628,7.2912498
2018-12-22 17:45:00,4.28,3.6442294,3.7439227,3.7475345,3.5723445,3.8194194
2018-12-22 18:00:00,4.07,3.5194283,4.158626,4.2619405,3.4475434,4.333825
2018-12-22 18:15:00,3.6,3.724775,4.366219,4.628048,3.6528902,4.6999326
2018-12-22 18:30:00,3.67,3.3678389,4.03552,4.421565,3.295954,4.4934497
2018-12-22 18:45:00,3.67,3.3597813,4.150129,4.34596,3.2878964,4.417845
2018-12-22 19:00:00,3.71,3.4126346,3.9809496,4.4114194,3.3407497,4.483304
2018-12-22 19:15:00,3.74,3.5485902,3.9650078,4.1850257,3.4767053,4.2569103
2018-12-22 19:30:00,3.71,3.5570624,3.9629366,4.3386984,3.4851775,4.410583
2018-12-22 19:45:00,3.74,3.5465539,3.9530654,4.3318014,3.474669,4.403686
2018-12-22 20:00:00,3.67,3.5132196,3.7795622,4.415039,3.4413347,4.4869237
2018-12-22 20:15:00,3.67,3.460596,3.752917,4.236154,3.3887112,4.3080387
2018-12-22 20:30:00,3.67,3.4804156,3.735901,4.2126503,3.4085307,4.284535
2018-12-22 20:45:00,3.67,3.4643,3.5806696,4.148813,3.392415,4.2206974
2018-12-22 21:00:00,4.18,3.4740174,3.6143906,4.0669837,3.4021325,4.1388683
2018-12-22 21:15:00,4.61,3.5206168,3.936994,4.6740828,3.448732,4.7459674
2018-12-22 21:30:00,5.51,3.492927,3.7504368,4.4500465,3.4210422,4.521931
2018-12-22 21:45:00,4.43,3.943761,4.067696,6.735157,3.8718762,6.8070416
2018-12-22 22:00:00,4.1,3.6334765,3.6439269,4.499033,3.5615916,4.5709176
2018-12-22 22:15:00,3.46,3.6084235,3.8244984,4.503926,3.5365386,4.5758104
2018-12-22 22:30:00,3.38,3.2055001,3.2810433,3.3926294,3.1336153,3.4645143
2018-12-22 22:45:00,3.42,3.1560285,3.2838972,3.7511353,3.0841436,3.8230202
2018-12-22 23:00:00,3.38,3.1719227,3.291876,3.7880878,3.1000378,3.8599727
2018-12-22 23:15:00,3.35,3.251844,3.2955196,3.6244035,3.179959,3.6962883
2018-12-22 23:30:00,3.31,3.238857,3.244844,3.6102252,3.1669722,3.68211
2018-12-22 23:45:00,3.31,3.2476425,3.2505174,3.6570842,3.1757576,3.728969
2018-12-23 00:00:00,3.78,3.0748458,3.29121,3.945071,3.002961,4.016956
2018-12-23 00:15:00,3.31,3.2644315,3.3619514,4.1258583,3.1925466,4.197743
2018-12-23 00:30:00,3.35,3.052968,3.2470992,3.7379463,2.9810832,3.8098311
2018-12-23 00:45:00,3.42,3.0545866,3.2921078,3.7909896,2.9827018,3.8628745
2018-12-23 01:00:00,4.93,3.0594096,3.3363185,3.877683,2.9875247,3.9495678
2018-12-23 01:15:00,4.93,3.5921624,3.6136847,5.7756963,3.5202775,5.847581
2018-12-23 01:30:00,4.14,3.4766042,3.5504196,6.8054886,3.4047194,6.877373
2018-12-23 01:45:00,4.07,3.5542066,3.6289504,4.5700374,3.4823217,4.641922
2018-12-23 02:00:00,3.49,3.7010372,3.903397,4.699173,3.6291523,4.7710576
2018-12-23 02:15:00,3.46,3.1746514,3.2429864,4.651687,3.1027665,4.723572
2018-12-23 02:30:00,3.49,3.1770442,3.246092,3.9053385,3.1051593,3.9772234
2018-12-23 02:45:00,3.42,3.1615865,3.2649918,3.9132953,3.0897017,3.9851801
2018-12-23 03:00:00,3.42,3.3008306,3.354933,3.718149,3.2289457,3.7900338
2018-12-23 03:15:00,3.46,3.270484,3.3208709,3.7290897,3.198599,3.8009746
2018-12-23 03:30:00,3.42,3.273457,3.301272,3.7666602,3.2015722,3.838545
2018-12-23 03:45:00,3.53,3.2633748,3.3304336,3.6854594,3.19149,3.7573442
2018-12-23 04:00:00,3.46,3.2813246,3.4185345,3.7677143,3.2094398,3.8395991
2018-12-23 04:15:00,3.42,3.211931,3.3900573,3.7358792,3.1400461,3.807764
2018-12-23 04:30:00,3.6,3.2192938,3.4102848,3.702178,3.147409,3.7740629
2018-12-23 04:45:00,4.14,3.3458672,3.4586744,3.885306,3.2739823,3.9571908
2018-12-23 05:00:00,5.18,3.4224243,3.7510893,4.566801,3.3505394,4.6386857
2018-12-23 05:15:00,4.64,3.9542832,4.8636374,6.776431,3.8823984,6.8483157
2018-12-23 05:30:00,4.1,3.593135,3.7309492,4.3925285,3.5212502,4.464413
2018-12-23 05:45:00,3.49,3.7408419,3.7983608,4.5809865,3.668957,4.652871
2018-12-23 06:00:00,3.38,3.055578,3.2421873,3.8930972,2.9836931,3.964982
2018-12-23 06:15:00,3.35,2.8899205,3.2662075,3.8344932,2.8180356,3.906378
2018-12-23 06:30:00,3.46,3.1273828,3.2081337,3.823771,3.055498,3.8956559
2018-12-23 06:45:00,3.38,3.2546449,3.3387518,3.8027463,3.18276,3.8746312
2018-12-23 07:00:00,3.38,3.2912652,3.420909,3.7206168,3.2193804,3.7925017
2018-12-23 07:15:00,3.38,3.2750592,3.3109398,3.7014885,3.2031744,3.7733734
2018-12-23 07:30:00,3.38,3.270086,3.3889399,4.1740804,3.1982012,4.245965
2018-12-23 07:45:00,3.42,3.238048,3.4724493,4.6951265,3.1661632,4.767011
2018-12-23 08:00:00,3.49,3.2389536,3.432059,5.6470857,3.1670687,5.7189703
2018-12-23 08:15:00,4.07,3.2673616,19.782337,29.81646,3.1954768,29.888344
2018-12-23 08:30:00,4.97,3.4719045,11.11412,24.881903,3.4000196,24.953787
2018-12-23 08:45:00,4.82,4.1670947,7.2982283,21.588554,4.09521,21.660439
2018-12-23 09:00:00,4.28,4.1951118,6.00819,17.925518,4.123227,17.997402
2018-12-23 09:15:00,3.92,3.863281,14.2477865,16.093708,3.7913961,16.165592
2018-12-23 09:30:00,3.71,3.8773074,3.9991453,14.738056,3.8054225,14.809941
2018-12-23 09:45:00,3.64,3.3943117,3.6249743,11.279931,3.3224268,11.351816
2018-12-23 10:00:00,3.64,3.223335,3.4094732,6.9615326,3.1514502,7.033417
2018-12-23 10:15:00,3.67,3.3464527,3.4248714,6.693218,3.2745678,6.765103
2018-12-23 10:30:00,3.71,3.434566,3.5624254,6.2625494,3.3626812,6.334434
2018-12-23 10:45:00,3.71,3.3761365,3.5263972,7.3091874,3.3042517,7.381072
2018-12-23 11:00:00,3.74,3.3283892,3.42425,7.2534666,3.2565043,7.325351
2018-12-23 11:15:00,3.78,3.4670675,4.2009997,8.339357,3.3951826,8.4112425
2018-12-23 11:30:00,3.71,3.3010604,3.4822326,7.4178567,3.2291756,7.4897413
2018-12-23 11:45:00,3.74,3.3937976,3.4816954,8.146579,3.3219128,8.218464
2018-12-23 12:00:00,3.96,2.9608343,3.4739997,3.8089395,2.8889494,3.8808243
2018-12-23 12:15:00,4.86,3.458343,3.5729625,4.729721,3.3864582,4.8016057
2018-12-23 12:30:00,5.54,3.7382858,4.1170077,4.960642,3.666401,5.0325265
2018-12-23 12:45:00,4.54,4.2969766,4.4005065,6.739969,4.225092,6.8118534
2018-12-23 13:00:00,4.36,3.8773327,4.2418637,4.600882,3.8054478,4.6727667
2018-12-23 13:15:00,3.67,3.944466,13.187359,20.899328,3.8725812,20.971212
2018-12-23 13:30:00,3.67,3.326382,3.6996398,11.215786,3.254497,11.287671
2018-12-23 13:45:00,3.67,3.250992,3.5413954,8.7109585,3.1791072,8.782844
2018-12-23 14:00:00,3.67,3.1859586,3.4310124,5.7815022,3.1140738,5.853387
2018-12-23 14:15:00,3.71,3.3039649,3.5808015,7.453014,3.23208,7.5248985
2018-12-23 14:30:00,3.67,3.5087626,4.575309,7.404357,3.4368777,7.4762416
2018-12-23 14:45:00,3.67,3.5999262,3.6022615,6.4216185,3.5280414,6.493503
2018-12-23 15:00:00,3.67,3.430846,4.977337,7.071135,3.358961,7.1430197
2018-12-23 15:15:00,3.64,3.3610194,3.577717,6.207329,3.2891345,6.2792134
2018-12-23 15:30:00,3.67,3.5814936,4.0031657,6.3857527,3.5096087,6.4576373
2018-12-23 15:45:00,3.74,3.4175868,3.7001123,7.5328884,3.345702,7.604773
2018-12-23 16:00:00,4.36,3.1359699,3.490538,5.7616463,3.064085,5.833531
2018-12-23 16:15:00,4.36,3.7459998,7.461852,9.466792,3.674115,9.538677
2018-12-23 16:30:00,5.0,3.5322533,7.0313487,11.091155,3.4603684,11.16304
2018-12-23 16:45:00,5.33,4.0020666,5.8379855,7.531082,3.9301817,7.602967
2018-12-23 17:00:00,3.6,3.7867002,3.8678205,5.862957,3.7148154,5.9348416
2018-12-23 17:15:00,3.56,3.3314288,3.539941,4.1800466,3.259544,4.251931
2018-12-23 17:30:00,3.6,3.4687526,3.5280373,4.2254786,3.3968678,4.2973633
2018-12-23 17:45:00,3.67,3.3952034,3.40838,3.5259135,3.3233185,3.5977983
2018-12-23 18:00:00,3.49,3.3422556,3.5272424,3.8650224,3.2703707,3.9369073
2018-12-23 18:15:00,3.49,3.3959732,3.9394786,4.1400766,3.3240883,4.2119613
2018-12-23 18:30:00,3.49,3.417203,3.8689706,4.1301975,3.345318,4.202082
2018-12-23 18:45:00,3.64,3.4246852,3.844551,4.166134,3.3528004,4.2380185
2018-12-23 19:00:00,3.64,3.4202702,4.1218944,4.147986,3.3483853,4.2198706
2018-12-23 19:15:00,4.03,3.4359634,4.0885954,4.1491733,3.3640785,4.221058
2018-12-23 19:30:00,4.25,3.4078739,4.288669,4.923155,3.335989,4.9950395
2018-12-23 19:45:00,4.28,3.4161434,4.396695,4.811121,3.3442585,4.8830056
2018-12-23 20:00:00,4.25,3.4937663,4.189541,4.776285,3.4218814,4.84817
2018-12-23 20:15:00,4.0,3.8395636,4.335834,4.697287,3.7676787,4.7691717
2018-12-23 20:30:00,3.49,3.695558,3.9597385,4.5153933,3.6236732,4.587278
2018-12-23 20:45:00,4.21,3.2265534,3.426789,4.0157886,3.1546686,4.087673
2018-12-23 21:00:00,4.14,3.600038,4.005153,4.6636252,3.5281532,4.73551
2018-12-23 21:15:00,3.49,3.5687003,3.971153,4.5823393,3.4968154,4.654224
2018-12-23 21:30:00,3.42,3.234535,3.415316,3.918014,3.16265,3.989899
2018-12-23 21:45:00,3.46,3.2290964,3.3900726,3.9042811,3.1572115,3.976166
2018-12-23 22:00:00,3.53,3.2308736,3.3237364,3.974026,3.1589887,4.045911
2018-12-23 22:15:00,3.2,3.2790747,3.3277164,3.7891302,3.2071898,3.861015
2018-12-23 22:30:00,3.2,3.0784667,3.1772065,3.6145916,3.0065818,3.6864765
2018-12-23 22:45:00,3.2,3.0611832,3.1558752,3.5978467,2.9892983,3.6697316
2018-12-23 23:00:00,3.96,3.0724418,3.1727095,3.7718008,3.000557,3.8436856
2018-12-23 23:15:00,4.0,3.202243,3.3464441,4.2779746,3.1303582,4.349859
2018-12-23 23:30:00,4.0,3.2141287,3.4395711,4.304392,3.1422439,4.3762765
2018-12-23 23:45:00,4.0,3.25581,3.6237693,4.4341817,3.1839252,4.5060663
2018-12-24 00:00:00,3.78,3.3002117,4.5984716,5.555298,3.2283268,5.6271825
2018-12-24 00:15:00,3.35,3.490328,3.6342018,4.1140385,3.4184432,4.185923
2018-12-24 00:30:00,3.38,3.1137273,3.299885,3.8304083,3.0418425,3.9022932
2018-12-24 00:45:00,3.38,3.085577,3.3149338,3.8678727,3.0136921,3.9397576
2018-12-24 01:00:00,3.96,3.0950038,3.2837853,3.6633582,3.023119,3.735243
2018-12-24 01:15:00,3.89,3.2970924,3.6066928,4.21589,3.2252076,4.2877746
2018-12-24 01:30:00,3.38,3.3526862,3.5369732,4.2395396,3.2808013,4.3114243
2018-12-24 01:45:00,3.35,3.0979197,3.3511693,3.806324,3.0260348,3.8782089
2018-12-24 02:00:00,3.49,3.0877252,3.2530437,3.8387902,3.0158403,3.910675
2018-12-24 02:15:00,3.38,3.1415153,3.3940217,3.8597815,3.0696304,3.9316664
2018-12-24 02:30:00,3.42,3.1786642,3.4621334,3.7634714,3.1067793,3.8353562
2018-12-24 02:45:00,4.0,3.200428,3.4907262,3.7677672,3.1285431,3.839652
2018-12-24 03:00:00,4.07,3.3913155,3.7123606,4.5266376,3.3194306,4.598522
2018-12-24 03:15:00,4.14,3.3364034,3.6212707,4.533102,3.2645185,4.6049867
2018-12-24 03:30:00,4.1,3.384219,3.8190937,4.6212654,3.312334,4.69315
2018-12-24 03:45:00,3.96,3.6862543,3.8831153,4.6228285,3.6143694,4.694713
2018-12-24 04:00:00,3.35,3.5305789,3.7335215,4.203929,3.458694,4.2758136
2018-12-24 04:15:00,3.38,3.1005547,3.3759212,3.7861214,3.0286698,3.8580062
2018-12-24 04:30:00,3.64,3.1068404,3.27808,3.7740467,3.0349555,3.8459315
2018-12-24 04:45:00,4.07,3.2869508,3.4512086,4.039534,3.215066,4.1114187
2018-12-24 05:00:00,3.42,3.3649442,3.6571014,4.613575,3.2930593,4.6854596
2018-12-24 05:15:00,3.31,3.0924733,3.404394,3.8366773,3.0205884,3.9085622
2018-12-24 05:30:00,3.35,3.1148934,3.403086,3.8325164,3.0430086,3.9044013
2018-12-24 05:45:00,3.35,3.1334622,3.357474,3.7959416,3.0615773,3.8678265
2018-12-24 06:00:00,3.35,3.1782491,3.310183,3.783393,3.1063643,3.8552778
2018-12-24 06:15:00,3.38,3.2091632,3.3208418,3.7384262,3.1372783,3.810311
2018-12-24 06:30:00,3.6,3.2221174,3.4365804,3.721345,3.1502326,3.7932298
2018-12-24 06:45:00,4.03,3.325272,3.421928,3.8916533,3.2533872,3.9635382
2018-12-24 07:00:00,4.0,3.314675,3.5000026,4.582264,3.2427902,4.6541486
2018-12-24 07:15:00,3.96,3.3662257,3.5308223,4.5337877,3.2943408,4.6056724
2018-12-24 07:30:00,4.54,3.5098143,3.9031973,4.880813,3.4379294,4.9526978
2018-12-24 07:45:00,5.36,3.9727592,4.277016,6.2788663,3.9008744,6.350751
2018-12-24 08:00:00,6.52,4.8224225,9.184226,10.304311,4.750538,10.376196
2018-12-24 08:15:00,21.89,6.583815,24.398125,25.461454,6.5119305,25.533339
2018-12-24 08:30:00,59.62,17.379349,35.965473,69.561874,17.307465,69.63376
2018-12-24 08:45:00,64.58,50.491512,61.340504,77.50871,50.41963,77.5806
2018-12-24 09:00:00,67.18,52.673153,62.542667,79.49856,52.60127,79.57044
2018-12-24 09:15:00,69.44,55.003616,63.9059,82.648186,54.931732,82.72007
2018-12-24 09:30:00,65.38,55.90568,64.16967,76.80327,55.833797,76.87515
2018-12-24 09:45:00,67.0,54.775204,63.920162,75.84552,54.70332,75.917404
2018-12-24 10:00:00,56.27,54.80869,63.09522,76.24241,54.736805,76.31429
2018-12-24 10:15:00,54.18,50.60257,59.289253,71.428154,50.530685,71.50004
2018-12-24 10:30:00,58.39,50.327187,58.19728,71.24499,50.255302,71.31687
2018-12-24 10:45:00,54.86,51.762836,58.525574,71.812386,51.690952,71.88427
2018-12-24 11:00:00,54.18,50.97899,57.773823,70.26117,50.907104,70.33305
2018-12-24 11:15:00,55.55,50.439743,59.093395,73.53927,50.36786,73.61115
2018-12-24 11:30:00,53.21,50.678055,57.283733,69.12026,50.60617,69.19215
2018-12-24 11:45:00,53.03,49.533195,54.793385,66.87663,49.46131,66.94852
2018-12-24 12:00:00,40.64,45.72349,53.45926,65.35679,45.651608,65.42867
2018-12-24 12:15:00,6.91,4.5165553,7.3612022,21.933016,4.4446707,22.0049
2018-12-24 12:30:00,6.91,4.9788194,5.6464458,10.988687,4.9069347,11.060572
2018-12-24 12:45:00,6.48,5.7076497,6.9284163,11.426421,5.635765,11.498306
2018-12-24 13:00:00,6.12,5.4163713,6.122736,7.8322606,5.3444867,7.9041452
2018-12-24 13:15:00,34.49,6.747368,34.259037,35.867825,6.675483,35.93971
2018-12-24 13:30:00,46.98,39.44195,56.65718,69.61642,39.370068,69.6883
2018-12-24 13:45:00,38.2,44.824818,54.476273,62.386505,44.752934,62.45839
2018-12-24 14:00:00,37.84,35.50118,44.27664,53.91415,35.429295,53.986034
2018-12-24 14:15:00,43.45,36.03226,41.767605,55.908455,35.960377,55.98034
2018-12-24 14:30:00,63.9,40.022404,44.75851,58.103283,39.95052,58.175167
2018-12-24 14:45:00,38.48,50.36541,57.534576,77.748375,50.293526,77.82026
2018-12-24 15:00:00,38.12,37.180264,43.79931,54.718563,37.10838,54.790447
2018-12-24 15:15:00,45.25,36.43079,43.43551,56.548157,36.358906,56.62004
2018-12-24 15:30:00,51.12,42.72655,49.89306,64.9733,42.654667,65.04518
2018-12-24 15:45:00,45.72,47.243675,53.624863,62.689716,47.17179,62.7616
2018-12-24 16:00:00,51.7,41.571697,49.214085,56.694557,41.499813,56.76644
2018-12-24 16:15:00,47.2,46.81579,53.09017,70.564896,46.743904,70.63678
2018-12-24 16:30:00,69.55,42.13624,51.424488,64.80162,42.064354,64.873505
2018-12-24 16:45:00,44.82,51.126217,60.065746,78.16264,51.054333,78.23453
2018-12-24 17:00:00,40.86,39.81435,50.04871,57.30425,39.742466,57.376133
2018-12-24 17:15:00,33.66,34.89224,42.423023,60.61656,34.820354,60.688446
2018-12-24 17:30:00,9.86,29.11042,38.18032,56.99217,29.038536,57.064053
2018-12-24 17:45:00,6.73,5.87001,6.7052817,22.47085,5.7981253,22.542734
2018-12-24 18:00:00,5.29,4.784263,7.2519894,14.071993,4.7123785,14.143878
2018-12-24 18:15:00,5.22,4.155838,7.8435555,8.674673,4.0839534,8.746558
2018-12-24 18:30:00,5.18,4.0385075,5.9456053,6.883055,3.9666226,6.95494
2018-12-24 18:45:00,5.33,3.904722,5.996394,6.4738903,3.832837,6.545775
2018-12-24 19:00:00,5.04,4.2714486,6.465589,6.6413717,4.199564,6.7132564
2018-12-24 19:15:00,4.14,4.141885,5.236173,5.570613,4.07,5.6424975
2018-12-24 19:30:00,4.18,3.8178318,4.4625936,5.0370646,3.745947,5.108949
2018-12-24 19:45:00,4.1,3.832851,4.4606795,4.6657734,3.760966,4.737658
2018-12-24 20:00:00,4.18,3.7143753,4.565319,4.622668,3.6424904,4.6945524
2018-12-24 20:15:00,4.1,3.8456402,4.603919,4.6265593,3.7737553,4.698444
2018-12-24 20:30:00,4.14,3.8391385,4.3199625,4.5289755,3.7672536,4.60086
2018-12-24 20:45:00,4.21,3.8462176,4.1347923,4.385221,3.7743328,4.4571056
2018-12-24 21:00:00,4.18,3.8378928,4.1430244,4.3674912,3.766008,4.439376
2018-12-24 21:15:00,4.18,3.7947736,4.1692724,4.433808,3.7228887,4.5056925
2018-12-24 21:30:00,4.14,3.9653869,4.1751437,4.43421,3.893502,4.5060945
2018-12-24 21:45:00,4.18,3.9784796,4.1689177,4.402366,3.9065948,4.474251
2018-12-24 22:00:00,5.4,3.8030386,4.143358,4.4191494,3.7311537,4.491034
2018-12-24 22:15:00,4.5,3.9420435,4.5583534,6.5852695,3.8701587,6.657154
2018-12-24 22:30:00,3.92,3.6338766,3.8483722,4.369068,3.5619917,4.440953
2018-12-24 22:45:00,3.89,3.6068451,3.7498238,4.130471,3.5349603,4.202356
2018-12-24 23:00:00,3.85,3.6317904,3.7930224,4.1802177,3.5599055,4.2521024
2018-12-24 23:15:00,3.85,3.5210123,3.764116,4.2300706,3.4491274,4.301955
2018-12-24 23:30:00,3.82,3.6904671,3.8214877,4.0893764,3.6185822,4.161261
2018-12-24 23:45:00,3.85,3.6880114,3.7485733,4.101949,3.6161265,4.173834
2018-12-25 00:00:00,3.13,3.3729548,3.7397656,4.200055,3.30107,4.2719398
2018-12-25 00:15:00,3.85,3.1001284,3.2935283,3.7980063,3.0282435,3.8698912
2018-12-25 00:30:00,3.92,3.3682215,3.6740448,4.327546,3.2963367,4.3994308
2018-12-25 00:45:00,3.89,3.3946903,3.7113137,4.1250906,3.3228054,4.196975
2018-12-25 01:00:00,3.85,3.2899265,3.5678003,4.1339083,3.2180417,4.205793
2018-12-25 01:15:00,3.56,3.5982494,3.8337042,4.0469956,3.5263646,4.1188803
2018-12-25 01:30:00,3.2,3.318683,3.5554342,3.7892017,3.246798,3.8610866
2018-12-25 01:45:00,3.92,3.128728,3.2418509,3.746452,3.056843,3.818337
2018-12-25 02:00:00,3.64,3.3464947,3.6231222,4.229518,3.2746098,4.3014026
2018-12-25 02:15:00,3.17,3.2278748,3.531148,3.941089,3.15599,4.012974
2018-12-25 02:30:00,3.17,3.055197,3.1214924,3.4909992,2.9833121,3.562884
2018-12-25 02:45:00,3.2,3.0808783,3.1633902,3.540777,3.0089934,3.6126618
2018-12-25 03:00:00,3.24,3.056143,3.230841,3.7174478,2.9842582,3.7893326
2018-12-25 03:15:00,3.2,3.1638165,3.2601871,3.683942,3.0919316,3.755827
2018-12-25 03:30:00,3.2,3.1729844,3.2421327,3.6591527,3.1010995,3.7310376
2018-12-25 03:45:00,3.28,3.1915112,3.2401178,3.61983,3.1196263,3.6917148
2018-12-25 04:00:00,3.96,3.1526937,3.3986228,3.64849,3.0808089,3.7203748
2018-12-25 04:15:00,3.96,3.1581137,3.472026,4.1387053,3.0862288,4.21059
2018-12-25 04:30:00,3.92,3.2158918,3.5059788,4.0858073,3.144007,4.157692
2018-12-25 04:45:00,3.89,3.3403096,3.5978048,4.168682,3.2684247,4.2405667
2018-12-25 05:00:00,3.35,3.5724888,3.7873287,4.093124,3.500604,4.1650085
2018-12-25 05:15:00,3.24,3.1317358,3.3359656,3.7949924,3.059851,3.8668773
2018-12-25 05:30:00,3.35,3.112829,3.2475865,3.7493894,3.040944,3.8212743
2018-12-25 05:45:00,3.96,3.0685065,3.284753,3.7210197,2.9966216,3.7929046
2018-12-25 06:00:00,3.71,3.3035402,3.5366366,4.153818,3.2316554,4.225703
2018-12-25 06:15:00,3.17,3.2132814,3.4910498,3.9676812,3.1413965,4.039566
2018-12-25 06:30:00,3.2,3.094898,3.1346416,3.5073345,3.023013,3.5792193
2018-12-25 06:45:00,3.2,3.0780797,3.2622354,3.6992354,3.0061948,3.7711203
2018-12-25 07:00:00,3.17,3.0521705,3.2029083,3.697709,2.9802856,3.769594
2018-12-25 07:15:00,3.24,3.1599708,3.2074847,3.5311897,3.088086,3.6030746
2018-12-25 07:30:00,3.85,3.2651188,3.5399203,4.625838,3.193234,4.6977224
2018-12-25 07:45:00,3.92,3.4533577,3.9108875,5.482698,3.3814728,5.5545826
2018-12-25 08:00:00,3.89,3.4920516,4.2830667,7.7683635,3.4201667,7.840248
2018-12-25 08:15:00,3.89,3.7485943,29.471338,35.92538,3.6767094,35.997265
2018-12-25 08:30:00,3.49,4.144906,12.063125,25.67706,4.0730214,25.748943
2018-12-25 08:45:00,3.24,3.4074538,6.597045,7.4290147,3.335569,7.5008993
2018-12-25 09:00:00,3.38,3.272104,4.8418574,5.0287457,3.2002192,5.1006303
2018-12-25 09:15:00,3.49,3.2166626,4.130981,5.284919,3.1447778,5.3568034
2018-12-25 09:30:00,3.46,3.3890488,4.7196283,5.7643747,3.317164,5.8362594
2018-12-25 09:45:00,3.82,3.39951,4.228886,5.5034537,3.327625,5.5753384
2018-12-25 10:00:00,3.96,3.400101,5.723817,9.764516,3.328216,9.836401
2018-12-25 10:15:00,3.42,3.516315,8.699487,10.278396,3.44443,10.350281
2018-12-25 10:30:00,3.53,3.0826187,3.1522398,4.831675,3.0107338,4.9035597
2018-12-25 10:45:00,3.46,3.2358267,4.521903,5.2170224,3.1639419,5.288907
2018-12-25 11:00:00,3.46,3.1341763,4.6246376,5.8856254,3.0622914,5.95751
2018-12-25 11:15:00,3.78,2.825263,3.4894764,7.6483016,2.7533782,7.720186
2018-12-25 11:30:00,4.18,3.4247632,4.8828516,5.9899683,3.3528783,6.061853
2018-12-25 11:45:00,4.28,3.3704677,8.670741,9.634827,3.2985828,9.706712
2018-12-25 12:00:00,4.18,2.7315688,10.028749,12.706163,2.659684,12.7780485
2018-12-25 12:15:00,4.07,3.523434,4.9097657,5.2430115,3.451549,5.314896
2018-12-25 12:30:00,3.56,3.9520984,4.6240444,4.8966303,3.8802135,4.968515
2018-12-25 12:45:00,3.53,3.4101772,4.0342126,4.189302,3.3382924,4.2611866
2018-12-25 13:00:00,3.53,3.3508234,3.9901042,4.015728,3.2789385,4.0876126
2018-12-25 13:15:00,5.04,3.391212,6.3785806,7.8978367,3.319327,7.9697213
2018-12-25 13:30:00,4.07,4.1965046,14.968743,18.462114,4.12462,18.533998
2018-12-25 13:45:00,3.42,3.625407,11.602853,15.794141,3.553522,15.866026
2018-12-25 14:00:00,3.42,3.1274984,3.3327339,9.325223,3.0556135,9.397108
2018-12-25 14:15:00,3.49,2.7848423,3.4929018,11.622336,2.7129574,11.6942215
2018-12-25 14:30:00,3.46,2.3808823,3.0915473,3.272233,2.3089974,3.3441179
2018-12-25 14:45:00,3.53,3.049471,3.165225,4.029783,2.977586,4.1016674
2018-12-25 15:00:00,4.14,2.4019017,2.643369,7.2724276,2.3300169,7.344312
2018-12-25 15:15:00,4.14,3.6255012,7.7364073,11.911555,3.5536163,11.98344
2018-12-25 15:30:00,4.14,3.5984423,7.427957,9.754737,3.5265574,9.826622
2018-12-25 15:45:00,4.1,3.9273448,7.8211317,9.055001,3.85546,9.126886
2018-12-25 16:00:00,3.67,3.9104483,6.234788,10.50469,3.8385634,10.576575
2018-12-25 16:15:00,3.46,3.1922462,3.7311409,3.835395,3.1203613,3.90728
2018-12-25 16:30:00,3.42,2.9707437,3.1571229,3.1684465,2.8988588,3.2403314
2018-12-25 16:45:00,3.46,2.7762697,2.7763615,2.9962308,2.7043848,3.0681157
2018-12-25 17:00:00,3.42,3.074643,3.4766195,3.5032938,3.002758,3.5751786
2018-12-25 17:15:00,3.46,3.1300998,3.39161,4.486348,3.058215,4.558233
2018-12-25 17:30:00,4.0,2.5885386,3.5514498,4.587116,2.5166538,4.6590004
2018-12-25 17:45:00,4.0,3.3980584,3.8575659,5.014576,3.3261735,5.0864606
2018-12-25 18:00:00,3.38,3.237161,4.1166654,4.8371477,3.165276,4.9090323
2018-12-25 18:15:00,3.38,3.0673995,3.8999655,4.139502,2.9955146,4.2113867
2018-12-25 18:30:00,3.74,3.152675,3.8566864,4.0556836,3.08079,4.1275682
2018-12-25 18:45:00,4.1,3.2925851,4.242534,4.3270254,3.2207003,4.39891
2018-12-25 19:00:00,4.18,3.3947544,4.3710527,4.852091,3.3228695,4.9239755
2018-12-25 19:15:00,4.1,3.3376088,4.488588,4.710239,3.265724,4.7821236
2018-12-25 19:30:00,4.18,3.543118,4.447235,4.573518,3.4712331,4.6454024
2018-12-25 19:45:00,3.64,3.7557275,4.5021935,4.7034307,3.6838427,4.7753153
2018-12-25 20:00:00,3.46,3.301102,3.9270704,4.28519,3.229217,4.3570747
2018-12-25 20:15:00,3.46,3.1662328,3.8537648,4.0416164,3.094348,4.113501
2018-12-25 20:30:00,3.38,3.1570375,3.5979917,4.005806,3.0851526,4.0776906
2018-12-25 20:45:00,3.42,3.252569,3.374845,3.7382789,3.180684,3.8101637
2018-12-25 21:00:00,3.42,3.2664244,3.4897342,3.688687,3.1945395,3.760572
2018-12-25 21:15:00,3.42,3.271711,3.4871063,3.6521642,3.1998262,3.724049
2018-12-25 21:30:00,4.03,3.270685,3.5060492,3.651188,3.1988,3.7230728
2018-12-25 21:45:00,4.14,3.3821206,3.7785501,4.4531727,3.3102357,4.5250573
2018-12-25 22:00:00,3.49,3.376217,3.868834,4.4489374,3.304332,4.520822
2018-12-25 22:15:00,3.2,3.0945911,3.363278,3.776431,3.0227063,3.848316
2018-12-25 22:30:00,3.85,3.0422142,3.1150243,3.716365,2.9703293,3.78825
2018-12-25 22:45:00,3.89,3.3320866,3.466582,4.2899795,3.2602017,4.361864
2018-12-25 23:00:00,3.89,3.2918663,3.431658,4.1605854,3.2199814,4.23247
2018-12-25 23:15:00,3.85,3.2311342,3.4289978,4.1444635,3.1592493,4.216348
2018-12-25 23:30:00,3.64,3.5967996,3.6697886,4.0471125,3.5249147,4.118997
2018-12-25 23:45:00,3.31,3.485038,3.5976944,3.91196,3.4131532,3.9838448
2018-12-26 00:00:00,3.67,2.9275877,3.2873516,3.970169,2.8557029,4.0420537
2018-12-26 00:15:00,3.24,3.2186816,3.4249673,4.022719,3.1467967,4.0946035
2018-12-26 00:30:00,3.24,3.0503018,3.2568684,3.7399945,2.978417,3.8118794
2018-12-26 00:45:00,3.2,3.052301,3.2528203,3.6510832,2.980416,3.722968
2018-12-26 01:00:00,3.31,3.0788834,3.2223918,3.7532043,3.0069985,3.8250892
2018-12-26 01:15:00,3.24,3.208344,3.3394608,3.6879623,3.136459,3.7598472
2018-12-26 01:30:00,3.28,3.1871424,3.2598689,3.6761143,3.1152575,3.7479992
2018-12-26 01:45:00,3.24,3.2053454,3.3215473,3.7460961,3.1334605,3.817981
2018-12-26 02:00:00,3.24,3.1897438,3.2476542,3.7078176,3.117859,3.7797024
2018-12-26 02:15:00,3.78,3.1879787,3.2672114,3.7861378,3.1160939,3.8580227
2018-12-26 02:30:00,3.96,3.2549293,3.4209223,4.115446,3.1830444,4.1873307
2018-12-26 02:45:00,4.97,3.2873075,3.4292812,4.1488557,3.2154226,4.2207403
2018-12-26 03:00:00,4.36,3.661208,3.7629027,5.547903,3.589323,5.6197877
2018-12-26 03:15:00,3.71,3.529664,3.5863965,4.4983315,3.4577792,4.570216
2018-12-26 03:30:00,3.28,3.359678,3.7254207,4.0134015,3.2877932,4.085286
2018-12-26 03:45:00,3.31,3.170075,3.8100762,3.8715236,3.09819,3.9434085
2018-12-26 04:00:00,3.28,3.0679185,3.2979836,3.7793422,2.9960337,3.851227
2018-12-26 04:15:00,3.28,3.0580287,3.2575574,3.727175,2.9861438,3.7990599
2018-12-26 04:30:00,3.2,3.2044742,3.3362172,3.670919,3.1325893,3.7428038
2018-12-26 04:45:00,3.24,3.1608634,3.25068,3.7251153,3.0889785,3.7970002
2018-12-26 05:00:00,3.28,3.1647995,3.251547,3.6743665,3.0929146,3.7462513
2018-12-26 05:15:00,3.2,3.168787,3.316775,3.68417,3.0969021,3.7560549
2018-12-26 05:30:00,3.24,3.1688976,3.248221,3.6558862,3.0970128,3.727771
2018-12-26 05:45:00,3.2,3.161776,3.281107,3.7433107,3.0898912,3.8151956
2018-12-26 06:00:00,4.79,3.1710544,3.2390823,3.704555,3.0991695,3.77644
2018-12-26 06:15:00,4.86,3.6174314,4.019074,4.928403,3.5455465,5.0002875
2018-12-26 06:30:00,3.92,3.573597,3.908991,5.793117,3.501712,5.8650017
2018-12-26 06:45:00,3.82,3.3667543,3.4264188,4.159997,3.2948694,4.2318816
2018-12-26 07:00:00,3.35,3.5158863,3.7298346,4.333657,3.4440014,4.4055414
2018-12-26 07:15:00,3.17,3.1528742,3.4400914,4.0052376,3.0809894,4.077122
2018-12-26 07:30:00,3.42,3.205111,3.3315146,4.5509434,3.1332262,4.622828
2018-12-26 07:45:00,4.82,3.2108734,3.4864533,5.2477474,3.1389885,5.319632
2018-12-26 08:00:00,5.0,4.096172,5.2393093,8.548205,4.024287,8.6200905
2018-12-26 08:15:00,34.52,4.42965,26.220333,35.05139,4.357765,35.123276
2018-12-26 08:30:00,48.06,41.16034,57.300728,78.82107,41.088455,78.89295
2018-12-26 08:45:00,78.23,46.71468,55.227997,69.25402,46.642796,69.325905
2018-12-26 09:00:00,51.08,60.14007,74.610146,94.546906,60.068188,94.61879
2018-12-26 09:15:00,70.99,48.54995,56.186134,70.17061,48.478065,70.24249
2018-12-26 09:30:00,65.74,52.60461,64.805305,84.33006,52.532726,84.40195
2018-12-26 09:45:00,52.96,55.772522,66.16079,81.13289,55.700638,81.20477
2018-12-26 10:00:00,55.44,47.921886,56.877743,69.570015,47.850002,69.6419
2018-12-26 10:15:00,52.06,49.199326,57.895344,72.02365,49.12744,72.095535
2018-12-26 10:30:00,57.64,48.833637,54.07332,69.78273,48.761753,69.854614
2018-12-26 10:45:00,62.21,49.918636,59.09326,67.20268,49.846752,67.27457
2018-12-26 11:00:00,45.58,51.487686,60.836296,70.06056,51.415802,70.13245
2018-12-26 11:15:00,54.58,44.1453,54.666767,65.24925,44.073418,65.32114
2018-12-26 11:30:00,55.15,47.632816,56.617867,70.11629,47.560932,70.18817
2018-12-26 11:45:00,58.64,47.664856,56.614716,70.82241,47.59297,70.894295
2018-12-26 12:00:00,31.28,44.46722,55.964092,65.79965,44.395336,65.87154
2018-12-26 12:15:00,6.77,4.552094,7.030186,15.816112,4.4802094,15.887997
2018-12-26 12:30:00,7.09,4.5675106,5.597872,9.705724,4.495626,9.777609
2018-12-26 12:45:00,6.95,5.600098,6.797959,7.7026052,5.5282135,7.77449
2018-12-26 13:00:00,6.41,6.0423203,7.2685223,13.142061,5.9704356,13.213946
2018-12-26 13:15:00,20.66,6.755613,33.066082,44.399384,6.683728,44.471268
2018-12-26 13:30:00,59.9,15.756635,37.796204,62.891903,15.68475,62.963787
2018-12-26 13:45:00,55.3,50.00463,66.75031,80.20312,49.932747,80.275
2018-12-26 14:00:00,51.41,47.834717,57.970886,70.28367,47.762833,70.35555
2018-12-26 14:15:00,57.02,47.804512,60.51443,79.8387,47.732628,79.91058
2018-12-26 14:30:00,43.06,48.752014,58.980194,71.08338,48.68013,71.155266
2018-12-26 14:45:00,41.4,40.34751,45.159954,57.897003,40.275627,57.968887
2018-12-26 15:00:00,52.92,39.829243,43.630154,60.59436,39.75736,60.666245
2018-12-26 15:15:00,53.42,45.698437,53.921032,69.38988,45.626553,69.46176
2018-12-26 15:30:00,40.68,45.94913,53.222572,65.64651,45.877247,65.71839
2018-12-26 15:45:00,40.64,37.20155,43.24032,53.65589,37.129665,53.727776
2018-12-26 16:00:00,41.47,35.480717,43.546158,51.852894,35.408833,51.924778
2018-12-26 16:15:00,56.2,39.41997,43.97818,53.122925,39.348087,53.19481
2018-12-26 16:30:00,59.04,46.96765,55.606888,69.62493,46.895767,69.696815
2018-12-26 16:45:00,54.68,47.544506,56.49249,68.38757,47.472622,68.45946
2018-12-26 17:00:00,57.67,44.62264,54.217598,65.75027,44.550755,65.82215
2018-12-26 17:15:00,54.79,44.306694,54.720142,66.03735,44.23481,66.10924
2018-12-26 17:30:00,34.42,38.48505,44.48363,57.190506,38.413166,57.26239
2018-12-26 17:45:00,9.5,19.184956,31.547342,41.197605,19.113071,41.26949
2018-12-26 18:00:00,5.22,5.166821,8.263204,17.451063,5.0949364,17.522947
2018-12-26 18:15:00,5.04,3.9180257,7.799278,9.22246,3.8461409,9.294345
2018-12-26 18:30:00,5.04,3.7979662,5.452976,6.614115,3.7260814,6.686
2018-12-26 18:45:00,5.08,3.7640164,5.781555,6.0103197,3.6921315,6.0822043
2018-12-26 19:00:00,5.08,4.1949472,5.4866247,5.4949393,4.1230626,5.566824
2018-12-26 19:15:00,4.68,4.2469397,5.2750826,5.577795,4.175055,5.6496797
2018-12-26 19:30:00,3.92,3.9270945,4.49247,5.551448,3.8552096,5.6233325
2018-12-26 19:45:00,3.89,3.6753867,4.219539,4.541665,3.6035018,4.6135497
2018-12-26 20:00:00,3.85,3.5923748,4.214468,4.269974,3.52049,4.341859
2018-12-26 20:15:00,3.89,3.4910705,4.220169,4.326203,3.4191856,4.3980875
2018-12-26 20:30:00,3.89,3.7374895,4.011156,4.2566714,3.6656046,4.328556
2018-12-26 20:45:00,3.96,3.731519,3.8615673,4.1924314,3.659634,4.264316
2018-12-26 21:00:00,3.89,3.7071388,3.890835,4.0937395,3.635254,4.165624
2018-12-26 21:15:00,3.96,3.7208688,3.8783634,4.165231,3.648984,4.237116
2018-12-26 21:30:00,4.0,3.6751585,3.9384463,4.2169013,3.6032736,4.288786
2018-12-26 21:45:00,3.96,3.6629035,4.0105276,4.2606626,3.5910187,4.332547
2018-12-26 22:00:00,4.07,3.6607463,3.8795831,4.110371,3.5888615,4.1822557
2018-12-26 22:15:00,4.0,3.7555845,3.9401238,4.3325496,3.6836996,4.404434
2018-12-26 22:30:00,4.9,3.6629694,3.8550065,4.2013106,3.5910845,4.2731953
2018-12-26 22:45:00,4.1,3.715722,4.7274785,5.190135,3.6438372,5.2620196
2018-12-26 23:00:00,3.71,3.6318717,3.9408581,4.5193214,3.5599868,4.591206
2018-12-26 23:15:00,3.74,3.4118893,3.605591,4.0121064,3.3400044,4.083991
2018-12-26 23:30:00,3.64,3.348416,3.668414,3.9690633,3.2765312,4.040948
2018-12-26 23:45:00,3.67,3.3550503,3.6714368,3.8612294,3.2831655,3.9331143
2018-12-27 00:00:00,3.74,3.3213472,3.6050673,3.978081,3.2494624,4.049966
2018-12-27 00:15:00,3.64,3.496152,3.6784382,3.9261482,3.424267,3.998033
2018-12-27 00:30:00,3.74,3.5172138,3.6458468,3.8662503,3.445329,3.9381351
2018-12-27 00:45:00,3.71,3.5049665,3.7097802,3.9114022,3.4330816,3.983287
2018-12-27 01:00:00,3.71,3.434089,3.6964672,3.94455,3.362204,4.0164347
2018-12-27 01:15:00,3.67,3.4390867,3.6710289,3.9259503,3.3672018,3.9978352
2018-12-27 01:30:00,3.67,3.4339828,3.6894672,3.8681784,3.362098,3.9400632
2018-12-27 01:45:00,3.78,3.458035,3.6850276,3.8901696,3.3861501,3.9620545
2018-12-27 02:00:00,4.18,3.5562334,3.7359905,3.9490514,3.4843485,4.020936
2018-12-27 02:15:00,4.86,3.4497116,4.01814,4.6329966,3.3778267,4.704881
2018-12-27 02:30:00,4.21,3.5659516,4.037935,4.796819,3.4940667,4.868704
2018-12-27 02:45:00,3.71,3.571774,3.8276188,4.4756494,3.4998891,4.547534
2018-12-27 03:00:00,3.78,3.3575826,3.701308,4.044899,3.2856977,4.1167836
2018-12-27 03:15:00,3.67,3.3827538,3.705714,4.040817,3.310869,4.1127014
2018-12-27 03:30:00,3.71,3.30453,3.6422908,4.028381,3.232645,4.1002655
2018-12-27 03:45:00,3.24,3.472312,3.9091232,3.9472876,3.400427,4.019172
2018-12-27 04:00:00,3.02,3.1067944,3.20508,3.7114818,3.0349095,3.7833667
2018-12-27 04:15:00,2.99,3.0349462,3.0627017,3.2047725,2.9630613,3.2766573
2018-12-27 04:30:00,2.99,3.0015652,3.0142636,3.1479664,2.9296803,3.2198513
2018-12-27 04:45:00,2.95,2.9793007,2.995921,3.2423637,2.9074159,3.3142486
2018-12-27 05:00:00,2.95,2.953431,2.9895592,3.189305,2.881546,3.26119
2018-12-27 05:15:00,2.95,2.9329169,2.9877424,3.2371743,2.861032,3.3090591
2018-12-27 05:30:00,2.95,2.9375343,2.9707544,3.1953652,2.8656495,3.26725
2018-12-27 05:45:00,2.95,2.9368474,2.9730046,3.279536,2.8649626,3.3514209
2018-12-27 06:00:00,3.42,2.922156,2.9526083,3.397185,2.8502712,3.46907
2018-12-27 06:15:00,3.74,2.9906216,3.3002005,3.5910459,2.9187367,3.6629307
2018-12-27 06:30:00,4.86,3.142703,3.332927,3.756156,3.0708182,3.8280408
2018-12-27 06:45:00,4.21,3.6584013,4.6692395,4.8552885,3.5865164,4.927173
2018-12-27 07:00:00,3.6,3.388213,4.212932,5.38724,3.316328,5.4591246
2018-12-27 07:15:00,2.88,3.2143335,3.7522655,5.3053317,3.1424487,5.3772163
2018-12-27 07:30:00,3.2,2.9392998,3.095094,4.948377,2.867415,5.020262
2018-12-27 07:45:00,4.9,3.1136026,3.5641823,5.0055647,3.0417178,5.0774493
2018-12-27 08:00:00,5.65,4.1428633,5.9129004,8.234746,4.0709786,8.306631
2018-12-27 08:15:00,32.0,4.6680455,25.89955,43.331802,4.596161,43.403687
2018-12-27 08:30:00,52.63,43.218098,52.154465,67.565254,43.146214,67.63714
2018-12-27 08:45:00,73.66,48.422928,57.020706,70.96059,48.351044,71.03247
2018-12-27 09:00:00,63.47,54.431667,63.798244,86.14904,54.359783,86.220924
2018-12-27 09:15:00,56.77,52.362,61.95646,81.82305,52.290115,81.894936
2018-12-27 09:30:00,53.93,47.752647,56.3571,68.95562,47.680763,69.027504
2018-12-27 09:45:00,59.4,46.739838,57.342457,69.978226,46.667953,70.05011
2018-12-27 10:00:00,76.03,47.340466,56.22625,69.08624,47.26858,69.15813
2018-12-27 10:15:00,47.81,53.467968,64.386955,82.57271,53.396084,82.64459
2018-12-27 10:30:00,45.83,47.33842,53.324482,70.0055,47.266537,70.077385
2018-12-27 10:45:00,52.63,42.56258,50.869835,72.0693,42.490696,72.14118
2018-12-27 11:00:00,68.69,46.019577,55.25266,74.781815,45.947693,74.8537
2018-12-27 11:15:00,51.16,50.01142,59.217243,76.04092,49.939537,76.1128
2018-12-27 11:30:00,51.52,46.043175,54.616043,66.79545,45.97129,66.86733
2018-12-27 11:45:00,54.83,45.315468,52.481712,68.97569,45.243584,69.04758
2018-12-27 12:00:00,59.62,41.30679,53.37519,61.973274,41.234905,62.04516
2018-12-27 12:15:00,13.54,4.3192196,7.021688,33.55708,4.247335,33.628963
2018-12-27 12:30:00,6.62,4.654115,5.8895454,13.715769,4.5822306,13.787654
2018-12-27 12:45:00,6.59,4.5622187,6.539427,6.9441223,4.490334,7.016007
2018-12-27 13:00:00,17.82,5.2271576,6.1788793,6.997603,5.155273,7.0694876
2018-12-27 13:15:00,40.57,14.509816,39.051003,57.03576,14.437931,57.107643
2018-12-27 13:30:00,43.7,41.778793,50.282246,64.44875,41.70691,64.52064
2018-12-27 13:45:00,46.84,39.92207,47.977352,62.463036,39.850185,62.53492
2018-12-27 14:00:00,53.32,42.850178,50.929462,62.193024,42.778294,62.264908
2018-12-27 14:15:00,55.01,45.50542,52.81755,66.53331,45.433537,66.605194
2018-12-27 14:30:00,61.74,44.99755,54.21859,68.02065,44.925667,68.09254
2018-12-27 14:45:00,54.14,47.111153,57.02865,69.66403,47.03927,69.735916
2018-12-27 15:00:00,53.5,46.19384,54.7108,65.65388,46.121956,65.72576
2018-12-27 15:15:00,44.75,45.48817,53.87775,66.66965,45.416286,66.74153
2018-12-27 15:30:00,42.95,41.30656,47.798294,57.464264,41.234676,57.536148
2018-12-27 15:45:00,60.84,40.19698,45.03192,56.472713,40.125095,56.544598
2018-12-27 16:00:00,63.04,46.170326,56.510223,68.60584,46.098442,68.67773
2018-12-27 16:15:00,59.58,48.916847,57.032356,69.47517,48.844963,69.54705
2018-12-27 16:30:00,63.22,48.920456,56.79542,69.892456,48.84857,69.96434
2018-12-27 16:45:00,45.79,49.25597,59.034245,67.87138,49.184086,67.94327
2018-12-27 17:00:00,41.58,39.725513,47.67121,58.18574,39.65363,58.257626
2018-12-27 17:15:00,54.58,37.31333,42.17204,54.005196,37.241447,54.07708
2018-12-27 17:30:00,36.72,37.65387,46.14267,59.813446,37.581985,59.88533
2018-12-27 17:45:00,29.38,24.856983,31.105888,46.244694,24.785099,46.316578
2018-12-27 18:00:00,28.48,19.15432,22.466837,30.039764,19.082436,30.111649
2018-12-27 18:15:00,48.56,17.368738,20.505373,26.8532,17.296854,26.925085
2018-12-27 18:30:00,53.82,21.969095,27.004477,48.71336,21.897211,48.785244
2018-12-27 18:45:00,53.5,17.818058,20.974781,53.001694,17.746174,53.073578
2018-12-27 19:00:00,53.14,20.340506,20.714926,53.797573,20.268621,53.869457
2018-12-27 19:15:00,51.01,20.5834,20.88873,50.65543,20.511517,50.727314
2018-12-27 19:30:00,47.99,19.873827,20.084862,46.909973,19.801943,46.981857
2018-12-27 19:45:00,49.18,18.359142,20.95863,46.91483,18.287258,46.986713
2018-12-27 20:00:00,50.33,19.163029,21.802338,47.460754,19.091145,47.53264
2018-12-27 20:15:00,50.04,18.705534,19.897285,45.389904,18.63365,45.46179
2018-12-27 20:30:00,40.93,18.947945,19.786627,45.51973,18.87606,45.591614
2018-12-27 20:45:00,14.51,14.163054,18.866995,38.245235,14.091169,38.31712
2018-12-27 21:00:00,8.35,4.3105545,4.68856,10.331213,4.23867,10.403098
2018-12-27 21:15:00,5.26,3.9740086,4.789568,7.420899,3.9021237,7.4927835
2018-12-27 21:30:00,5.26,3.820158,4.2692046,6.6987076,3.7482731,6.770592
2018-12-27 21:45:00,5.26,4.0043006,4.5923476,7.24621,3.9324157,7.3180947
2018-12-27 22:00:00,4.5,4.076621,5.0294967,6.40956,4.0047364,6.481445
2018-12-27 22:15:00,3.89,3.7047408,4.1607065,4.174653,3.632856,4.2465377
2018-12-27 22:30:00,3.85,3.5384321,3.65629,3.9020991,3.4665473,3.973984
2018-12-27 22:45:00,3.82,3.552493,3.9699664,4.1699195,3.4806082,4.241804
2018-12-27 23:00:00,3.82,3.4403718,3.7253747,4.016306,3.368487,4.0881906
2018-12-27 23:15:00,3.82,3.5964928,3.721849,4.036279,3.524608,4.108164
2018-12-27 23:30:00,3.78,3.5890272,3.7572646,3.996802,3.5171423,4.068687
2018-12-27 23:45:00,3.74,3.591509,3.761361,3.871825,3.5196242,3.9437099
2018-12-28 00:00:00,4.82,3.1553848,3.6524298,4.011768,3.0835,4.0836525
2018-12-28 00:15:00,3.74,3.4188418,3.822593,4.549853,3.346957,4.6217375
2018-12-28 00:30:00,3.78,3.1519432,3.6620615,3.689601,3.0800583,3.7614858
2018-12-28 00:45:00,3.85,3.3587303,3.690266,3.7194035,3.2868454,3.7912884
2018-12-28 01:00:00,4.14,3.3523102,3.7778773,3.927334,3.2804253,3.999219
2018-12-28 01:15:00,4.9,3.3888063,4.101893,4.441389,3.3169215,4.5132737
2018-12-28 01:30:00,4.14,3.463037,3.9735188,4.4286084,3.3911521,4.500493
2018-12-28 01:45:00,3.82,3.5286803,3.9601986,4.24459,3.4567955,4.3164744
2018-12-28 02:00:00,3.85,3.4559562,3.790929,3.9772532,3.3840714,4.049138
2018-12-28 02:15:00,3.82,3.3855324,3.7304149,3.9727612,3.3136475,4.044646
2018-12-28 02:30:00,3.82,3.4035473,3.8025575,4.0885286,3.3316624,4.1604133
2018-12-28 02:45:00,3.82,3.5270143,3.7872696,4.0660753,3.4551294,4.13796
2018-12-28 03:00:00,3.82,3.545351,3.7784667,4.0244327,3.4734662,4.0963173
2018-12-28 03:15:00,3.89,3.5520728,3.7830095,4.1056175,3.480188,4.177502
2018-12-28 03:30:00,3.89,3.594692,3.800902,4.0625486,3.5228071,4.1344333
2018-12-28 03:45:00,3.85,3.451133,3.9934697,4.022575,3.3792481,4.0944595
2018-12-28 04:00:00,3.82,3.3590813,3.805392,3.973869,3.2871964,4.045754
2018-12-28 04:15:00,4.07,3.3678732,3.7674263,4.0110507,3.2959883,4.0829353
2018-12-28 04:30:00,5.04,3.46944,3.9715998,4.4466643,3.397555,4.518549
2018-12-28 04:45:00,4.1,3.8331523,4.281196,4.935,3.7612674,5.0068846
2018-12-28 05:00:00,3.82,3.5466762,3.8280709,4.109887,3.4747913,4.1817718
2018-12-28 05:15:00,3.89,3.3796482,3.6222346,3.8939998,3.3077633,3.9658847
2018-12-28 05:30:00,3.38,3.4182181,3.715212,3.873902,3.3463333,3.945787
2018-12-28 05:45:00,3.17,3.090913,3.4076436,3.5055125,3.0190282,3.5773973
2018-12-28 06:00:00,3.06,3.039797,3.1624033,3.3419356,2.9679122,3.4138205
2018-12-28 06:15:00,3.06,3.0268152,3.0644257,3.267906,2.9549303,3.3397908
2018-12-28 06:30:00,3.1,3.013215,3.0802002,3.4753513,2.9413302,3.5472362
2018-12-28 06:45:00,3.06,3.0476985,3.128887,3.4284585,2.9758136,3.5003433
2018-12-28 07:00:00,3.1,3.014744,3.0615327,3.2814817,2.9428592,3.3533666
2018-12-28 07:15:00,3.38,3.0116477,3.1080573,3.3486204,2.9397628,3.4205053
2018-12-28 07:30:00,4.97,3.1794174,3.606109,3.8992846,3.1075325,3.9711695
2018-12-28 07:45:00,6.7,4.2536817,8.239403,11.723031,4.181797,11.794916
2018-12-28 08:00:00,6.16,6.0843573,7.870058,12.050976,6.0124726,12.122861
2018-12-28 08:15:00,35.75,6.52493,27.473898,36.072643,6.4530454,36.144527
2018-12-28 08:30:00,57.78,42.033318,55.97537,74.0893,41.961433,74.16119
2018-12-28 08:45:00,57.74,47.763443,60.626217,71.93622,47.69156,72.0081
2018-12-28 09:00:00,66.46,48.846428,59.231087,72.82487,48.774544,72.89675
2018-12-28 09:15:00,66.82,52.38828,60.612057,79.9448,52.316395,80.016685
2018-12-28 09:30:00,59.9,53.165283,62.93847,72.957565,53.0934,73.02945
2018-12-28 09:45:00,63.32,49.225822,60.09246,70.28384,49.15394,70.35572
2018-12-28 10:00:00,57.17,49.751575,60.005917,71.09948,49.67969,71.171364
2018-12-28 10:15:00,55.91,47.324043,58.413948,67.837814,47.25216,67.9097
2018-12-28 10:30:00,62.42,46.476234,56.821564,65.00772,46.40435,65.079605
2018-12-28 10:45:00,59.72,49.654037,58.372833,70.22582,49.582153,70.29771
2018-12-28 11:00:00,62.71,49.496212,57.754253,65.57155,49.424328,65.64343
2018-12-28 11:15:00,57.82,49.45816,58.568058,69.838806,49.386276,69.91069
2018-12-28 11:30:00,64.94,48.25959,59.028717,66.61636,48.187706,66.68825
2018-12-28 11:45:00,58.97,47.046314,58.944206,73.1144,46.97443,73.18629
2018-12-28 12:00:00,47.05,42.310616,57.917114,63.180782,42.23873,63.252666
2018-12-28 12:15:00,10.01,5.038999,7.7322273,28.653921,4.9671144,28.725805
2018-12-28 12:30:00,7.81,4.57935,5.668613,13.218524,4.5074654,13.290409
2018-12-28 12:45:00,7.27,5.5029387,7.6774,11.013633,5.431054,11.085518
2018-12-28 13:00:00,7.31,6.097986,7.606344,13.56215,6.0261016,13.634035
2018-12-28 13:15:00,42.55,8.209693,30.094587,50.599216,8.137808,50.6711
2018-12-28 13:30:00,56.12,47.513245,58.40975,69.99703,47.44136,70.06892
2018-12-28 13:45:00,45.0,45.983353,58.18703,72.054,45.91147,72.125885
2018-12-28 14:00:00,45.22,42.423485,49.419464,61.237938,42.3516,61.309822
2018-12-28 14:15:00,42.62,41.563618,48.380135,57.921146,41.491734,57.99303
2018-12-28 14:30:00,34.2,40.318344,45.204124,55.37802,40.24646,55.449905
2018-12-28 14:45:00,42.8,32.027985,38.101517,50.172783,31.9561,50.244667
2018-12-28 15:00:00,48.02,40.628006,43.755074,52.643738,40.55612,52.715622
2018-12-28 15:15:00,44.6,43.0326,49.984863,61.86637,42.960716,61.938255
2018-12-28 15:30:00,35.78,41.03586,47.616493,54.857388,40.963974,54.92927
2018-12-28 15:45:00,32.62,34.546375,40.35234,51.212364,34.47449,51.28425
2018-12-28 16:00:00,31.39,31.853308,37.490395,47.758335,31.781424,47.83022
2018-12-28 16:15:00,30.06,32.69505,35.58453,45.988335,32.623165,46.06022
2018-12-28 16:30:00,30.13,29.515896,34.464684,37.458942,29.444012,37.530827
2018-12-28 16:45:00,23.58,29.890186,34.274933,36.651997,29.818302,36.72388
2018-12-28 17:00:00,8.57,9.510286,10.744215,29.373468,9.438401,29.445353
2018-12-28 17:15:00,9.58,5.4567657,5.989992,12.890316,5.384881,12.962201
2018-12-28 17:30:00,9.14,6.315202,6.806155,18.550453,6.2433176,18.622337
2018-12-28 17:45:00,5.47,5.036872,6.5966306,19.83648,4.9649873,19.908363
2018-12-28 18:00:00,5.08,4.542978,5.272125,6.6341476,4.471093,6.7060323
2018-12-28 18:15:00,5.08,3.9675167,5.005422,8.875679,3.8956318,8.947564
2018-12-28 18:30:00,5.11,3.7993202,5.0538507,6.741861,3.7274354,6.8137455
2018-12-28 18:45:00,5.15,3.8013237,4.840695,5.1328425,3.7294388,5.204727
2018-12-28 19:00:00,5.15,3.9258645,4.9944253,5.041444,3.8539796,5.1133285
2018-12-28 19:15:00,5.15,4.3243437,5.013622,6.290234,4.252459,6.3621187
2018-12-28 19:30:00,5.18,4.1019354,4.974763,5.787687,4.0300508,5.8595715
2018-12-28 19:45:00,5.22,4.185287,4.9590673,7.521413,4.1134024,7.5932975
2018-12-28 20:00:00,5.15,4.114241,4.9541388,7.501863,4.0423565,7.5737476
2018-12-28 20:15:00,5.15,4.17067,4.952181,6.250336,4.0987854,6.322221
2018-12-28 20:30:00,5.18,4.238974,4.7512884,7.3934803,4.1670895,7.465365
2018-12-28 20:45:00,5.26,4.1978636,4.752712,5.914627,4.125979,5.9865117
2018-12-28 21:00:00,5.18,4.0064445,4.6735034,5.9103065,3.9345596,5.982191
2018-12-28 21:15:00,5.15,3.970234,4.6895947,6.240491,3.898349,6.3123755
2018-12-28 21:30:00,5.26,3.9977212,4.597564,5.066776,3.9258363,5.1386604
2018-12-28 21:45:00,5.26,4.0008507,4.778478,6.224185,3.9289658,6.2960696
2018-12-28 22:00:00,5.22,3.9944723,4.8358464,6.278106,3.9225874,6.349991
2018-12-28 22:15:00,4.97,4.05864,4.7185845,6.2333255,3.9867551,6.30521
2018-12-28 22:30:00,4.97,3.8247502,5.1952915,6.243951,3.7528653,6.3158355
2018-12-28 22:45:00,4.93,3.93478,5.2284603,6.300058,3.862895,6.3719425
2018-12-28 23:00:00,5.04,3.8735082,5.235426,6.3752084,3.8016233,6.447093
2018-12-28 23:15:00,4.86,3.9722588,5.1413875,6.1697392,3.900374,6.241624
2018-12-28 23:30:00,4.86,3.9694474,4.422457,4.559097,3.8975625,4.6309814
2018-12-28 23:45:00,4.86,3.9688258,4.4485316,4.6135025,3.896941,4.685387
2018-12-29 00:00:00,4.28,3.056192,4.004545,4.650437,2.984307,4.7223215
2018-12-29 00:15:00,4.9,3.6030812,4.018116,4.482715,3.5311964,4.5546
2018-12-29 00:30:00,4.82,3.7627652,4.199413,4.5709476,3.6908803,4.6428323
2018-12-29 00:45:00,3.85,3.734405,4.158897,4.5853267,3.6625202,4.6572113
2018-12-29 01:00:00,3.74,3.4919033,3.7888155,4.03036,3.4200184,4.102245
2018-12-29 01:15:00,3.82,3.3603733,3.6628652,3.8558426,3.2884884,3.9277275
2018-12-29 01:30:00,3.78,3.451901,3.7552953,3.9805386,3.380016,4.0524235
2018-12-29 01:45:00,3.67,3.6178274,3.781799,3.9714005,3.5459425,4.0432854
2018-12-29 02:00:00,3.74,3.498993,3.6943262,3.9334104,3.427108,4.0052953
2018-12-29 02:15:00,3.71,3.508615,3.7048564,4.0266438,3.4367301,4.0985284
2018-12-29 02:30:00,3.82,3.5037384,3.6978323,3.9896755,3.4318535,4.06156
2018-12-29 02:45:00,3.78,3.4998724,3.7049782,4.0879307,3.4279876,4.1598153
2018-12-29 03:00:00,3.71,3.5103796,3.7708263,3.9147222,3.4384947,3.986607
2018-12-29 03:15:00,3.74,3.4441323,3.6958206,3.9384313,3.3722475,4.010316
2018-12-29 03:30:00,3.78,3.4696167,3.731589,3.9370177,3.3977318,4.0089025
2018-12-29 03:45:00,3.78,3.4633906,3.9040885,3.945997,3.3915057,4.017882
2018-12-29 04:00:00,3.74,3.4801486,3.7081635,3.8995082,3.4082637,3.971393
2018-12-29 04:15:00,3.02,3.4162989,3.692808,3.8975408,3.344414,3.9694257
2018-12-29 04:30:00,3.74,3.0648036,3.1018963,3.238619,2.9929187,3.310504
2018-12-29 04:45:00,3.6,3.2373493,3.5541093,3.8581245,3.1654644,3.9300094
2018-12-29 05:00:00,3.06,3.1970336,3.4858415,3.6525316,3.1251488,3.7244165
2018-12-29 05:15:00,3.02,2.9984856,3.0693364,3.203332,2.9266007,3.2752168
2018-12-29 05:30:00,3.02,3.0297308,3.0459797,3.2583694,2.957846,3.3302543
2018-12-29 05:45:00,2.99,2.9922411,3.0303936,3.2649684,2.9203563,3.3368533
2018-12-29 06:00:00,3.06,2.962716,2.9799685,3.2460637,2.8908312,3.3179486
2018-12-29 06:15:00,3.06,2.997367,3.0672832,3.3943973,2.925482,3.4662821
2018-12-29 06:30:00,3.67,3.0096445,3.0560122,3.3550892,2.9377596,3.426974
2018-12-29 06:45:00,3.74,3.1087742,3.3614902,3.6921349,3.0368893,3.7640197
2018-12-29 07:00:00,3.71,3.0714724,3.2745817,3.7046566,2.9995875,3.7765415
2018-12-29 07:15:00,3.67,3.1239982,3.28559,3.7609725,3.0521133,3.8328574
2018-12-29 07:30:00,3.38,3.3891644,3.6056921,4.2219377,3.3172796,4.2938223
2018-12-29 07:45:00,3.02,3.1571095,3.3777819,5.2431736,3.0852246,5.315058
2018-12-29 08:00:00,2.92,3.030436,3.130045,6.479726,2.9585512,6.5516105
2018-12-29 08:15:00,2.95,2.9499388,6.7727747,19.446457,2.878054,19.518341
2018-12-29 08:30:00,3.13,2.8895614,2.9463165,6.9644,2.8176765,7.0362844
2018-12-29 08:45:00,3.78,2.966233,3.0762885,3.1240604,2.8943481,3.1959453
2018-12-29 09:00:00,3.24,3.2532825,3.4420736,5.4527874,3.1813977,5.524672
2018-12-29 09:15:00,3.17,3.0912578,3.0919905,4.0783377,3.019373,4.1502223
2018-12-29 09:30:00,3.2,3.0635667,3.5304759,3.941976,2.9916818,4.0138607
2018-12-29 09:45:00,3.31,2.9966033,3.2353363,3.6629643,2.9247184,3.7348492
2018-12-29 10:00:00,4.03,3.0395603,3.296169,3.8322785,2.9676754,3.9041634
2018-12-29 10:15:00,4.03,3.2389534,5.8029757,5.8273916,3.1670685,5.8992763
2018-12-29 10:30:00,4.03,3.269935,5.333152,5.6269283,3.19805,5.698813
2018-12-29 10:45:00,4.03,3.4870229,5.217972,5.566294,3.415138,5.638179
2018-12-29 11:00:00,6.19,3.6828237,4.3314266,5.629841,3.6109388,5.7017255
2018-12-29 11:15:00,26.17,4.4618635,8.972422,9.613623,4.389979,9.685508
2018-12-29 11:30:00,9.36,20.763332,33.263752,36.40499,20.691448,36.476875
2018-12-29 11:45:00,3.64,5.4174385,5.676151,23.712301,5.345554,23.784185
2018-12-29 12:00:00,4.14,2.9503932,6.089348,9.801136,2.8785083,9.873021
2018-12-29 12:15:00,3.78,3.3986104,3.4612846,4.617678,3.3267255,4.689563
2018-12-29 12:30:00,3.46,3.4002385,3.7103693,6.37488,3.3283536,6.4467645
2018-12-29 12:45:00,3.42,3.0013223,3.1075451,3.291492,2.9294374,3.3633769
2018-12-29 13:00:00,3.42,3.108867,3.110888,3.4579313,3.036982,3.5298162
2018-12-29 13:15:00,4.1,3.7873013,10.25456,14.045554,3.7154164,14.117439
2018-12-29 13:30:00,4.14,3.6147804,6.883691,7.3820734,3.5428956,7.453958
2018-12-29 13:45:00,4.07,3.496793,5.43637,5.9100833,3.4249082,5.981968
2018-12-29 14:00:00,4.03,3.454913,4.8808284,5.531696,3.383028,5.6035805
2018-12-29 14:15:00,3.92,3.737903,4.7570624,5.0213537,3.6660182,5.0932384
2018-12-29 14:30:00,3.31,3.6755211,4.665727,5.639567,3.6036363,5.7114515
2018-12-29 14:45:00,3.35,3.2181258,3.2242982,4.705339,3.146241,4.7772236
2018-12-29 15:00:00,3.31,3.006552,3.2098207,4.097199,2.934667,4.1690836
2018-12-29 15:15:00,3.31,3.067697,3.2659197,4.554533,2.9958122,4.6264176
2018-12-29 15:30:00,3.31,3.0776792,3.3263998,5.1319375,3.0057943,5.203822
2018-12-29 15:45:00,3.35,3.164857,3.3278663,5.0742884,3.092972,5.146173
2018-12-29 16:00:00,3.49,2.6111677,3.168383,3.324443,2.5392828,3.396328
2018-12-29 16:15:00,4.1,3.191806,3.4942706,3.5684812,3.1199212,3.640366
2018-12-29 16:30:00,3.71,3.3102593,4.7181373,5.236253,3.2383745,5.3081374
2018-12-29 16:45:00,3.67,3.1256185,3.4602485,3.945923,3.0537336,4.017808
2018-12-29 17:00:00,4.1,2.9689634,3.4875336,3.6993852,2.8970785,3.77127
2018-12-29 17:15:00,4.07,3.464527,4.026279,4.2272468,3.392642,4.2991314
2018-12-29 17:30:00,4.07,3.3721356,4.1785417,4.183953,3.3002508,4.2558374
2018-12-29 17:45:00,4.1,2.7797132,4.3497696,4.448556,2.7078283,4.5204406
2018-12-29 18:00:00,3.56,3.0281236,4.5634737,4.584326,2.9562387,4.6562104
2018-12-29 18:15:00,3.31,0.87989223,3.2474043,3.3343935,0.8080074,3.4062784
2018-12-29 18:30:00,3.24,0.5337135,3.1490817,3.2383766,0.4618287,3.3102615
2018-12-29 18:45:00,3.35,0.53294873,3.085908,3.2218904,0.46106392,3.2937753
2018-12-29 19:00:00,3.31,0.68804693,3.1198823,3.3349597,0.6161621,3.4068446
2018-12-29 19:15:00,3.35,0.64426714,3.1824698,3.3796623,0.57238233,3.4515471
2018-12-29 19:30:00,3.35,0.6746658,3.2086759,3.260015,0.602781,3.3319
2018-12-29 19:45:00,3.31,0.65991175,3.212779,3.3302183,0.58802694,3.4021032
2018-12-29 20:00:00,3.71,0.7727582,3.1503587,3.3239655,0.7008734,3.3958504
2018-12-29 20:15:00,4.36,1.0421007,3.1426616,3.5954924,0.97021586,3.6673772
2018-12-29 20:30:00,4.28,3.332374,3.538909,4.3216133,3.2604892,4.393498
2018-12-29 20:45:00,4.14,3.2719462,3.6056702,4.2251244,3.2000613,4.297009
2018-12-29 21:00:00,4.1,3.4441953,3.891447,4.3984175,3.3723104,4.470302
2018-12-29 21:15:00,4.07,3.7762747,4.0017653,4.57752,3.7043898,4.6494045
2018-12-29 21:30:00,3.85,3.6233428,3.88932,4.5138044,3.551458,4.585689
2018-12-29 21:45:00,3.46,3.4634974,3.7627802,4.155022,3.3916125,4.226907
2018-12-29 22:00:00,3.31,3.0756772,3.4088268,3.6028411,3.0037923,3.674726
2018-12-29 22:15:00,3.13,3.0599773,3.163753,3.4872293,2.9880924,3.5591142
2018-12-29 22:30:00,3.13,2.984774,3.0310025,3.201016,2.9128892,3.2729008
2018-12-29 22:45:00,3.13,2.9956338,3.1082742,3.3861601,2.923749,3.458045
2018-12-29 23:00:00,3.17,3.0511005,3.0985124,3.4121578,2.9792156,3.4840426
2018-12-29 23:15:00,3.06,3.0650353,3.124171,3.369901,2.9931505,3.4417858
2018-12-29 23:30:00,2.99,3.011628,3.0302274,3.26273,2.939743,3.3346148
2018-12-29 23:45:00,3.42,2.9209867,3.0286763,3.4101918,2.8491018,3.4820766
2018-12-30 00:00:00,3.1,2.8536134,3.1410205,3.8216493,2.7817285,3.8935342
2018-12-30 00:15:00,3.92,2.9561772,3.093608,3.48964,2.8842924,3.5615249
2018-12-30 00:30:00,3.82,3.1595323,3.3574588,3.9169717,3.0876474,3.9888566
2018-12-30 00:45:00,3.74,3.2170944,3.460502,3.9117546,3.1452096,3.9836395
2018-12-30 01:00:00,3.78,3.068059,3.418332,3.9238403,2.996174,3.9957252
2018-12-30 01:15:00,3.42,3.4602747,3.6446452,4.0638814,3.3883898,4.135766
2018-12-30 01:30:00,3.17,3.0446734,3.704842,4.334007,2.9727886,4.4058914
2018-12-30 01:45:00,3.02,3.0431592,3.1407645,3.3375096,2.9712744,3.4093945
2018-12-30 02:00:00,3.1,2.9866168,3.0122297,3.2370615,2.914732,3.3089464
2018-12-30 02:15:00,3.06,2.9763925,3.1152818,3.3984785,2.9045076,3.4703634
2018-12-30 02:30:00,3.1,3.0230765,3.087565,3.335196,2.9511917,3.407081
2018-12-30 02:45:00,3.13,3.0306818,3.10489,3.436822,2.958797,3.5087068
2018-12-30 03:00:00,3.1,3.052699,3.1357903,3.4218493,2.9808142,3.4937341
2018-12-30 03:15:00,3.13,3.0372903,3.1092453,3.423353,2.9654055,3.4952378
2018-12-30 03:30:00,3.6,3.0806906,3.1409798,3.455102,3.0088058,3.5269868
2018-12-30 03:45:00,4.86,3.1030548,3.5995574,3.726443,3.03117,3.798328
2018-12-30 04:00:00,3.85,3.497557,4.048923,4.5432963,3.425672,4.615181
2018-12-30 04:15:00,3.82,3.1625595,3.3798187,3.8059447,3.0906746,3.8778296
2018-12-30 04:30:00,3.82,3.3069694,3.5481331,3.9046934,3.2350845,3.9765782
2018-12-30 04:45:00,3.46,3.335865,3.6948578,4.1200204,3.2639802,4.191905
2018-12-30 05:00:00,3.17,3.0476863,3.3938959,3.7805238,2.9758015,3.8524086
2018-12-30 05:15:00,3.13,3.0570357,3.1108239,3.482767,2.9851508,3.554652
2018-12-30 05:30:00,3.1,2.9979784,3.0647092,3.285898,2.9260936,3.3577828
2018-12-30 05:45:00,3.1,2.9650683,3.1103885,3.3403986,2.8931835,3.4122834
2018-12-30 06:00:00,3.1,3.0543303,3.0970964,3.4187026,2.9824455,3.4905875
2018-12-30 06:15:00,3.13,3.032647,3.1083221,3.390369,2.960762,3.4622538
2018-12-30 06:30:00,3.13,3.0617912,3.1379313,3.4530423,2.9899063,3.5249271
2018-12-30 06:45:00,3.1,3.0660474,3.1434283,3.4418206,2.9941626,3.5137055
2018-12-30 07:00:00,3.82,3.0531607,3.1226752,3.411565,2.9812758,3.48345
2018-12-30 07:15:00,4.36,3.0836427,3.3069096,3.8859918,3.0117579,3.9578767
2018-12-30 07:30:00,4.97,3.2941194,3.5713956,4.6362267,3.2222345,4.7081113
2018-12-30 07:45:00,3.96,3.9263146,4.9559135,6.6270943,3.8544297,6.698979
2018-12-30 08:00:00,3.46,3.5079076,4.0145516,7.0794597,3.4360228,7.1513443
2018-12-30 08:15:00,3.06,3.287232,13.411549,16.821905,3.215347,16.89379
2018-12-30 08:30:00,3.06,3.30075,4.804582,6.667218,3.2288651,6.739103
2018-12-30 08:45:00,3.17,2.923116,3.0226092,3.359096,2.851231,3.430981
2018-12-30 09:00:00,3.28,3.0915802,3.2351162,3.6987958,3.0196953,3.7706807
2018-12-30 09:15:00,3.35,3.2099853,3.2519097,3.4077666,3.1381004,3.4796515
2018-12-30 09:30:00,3.38,2.8712187,3.3570518,3.4116204,2.7993338,3.4835052
2018-12-30 09:45:00,3.35,3.206518,3.330341,3.3912723,3.134633,3.4631572
2018-12-30 10:00:00,3.46,3.2189877,3.2201028,3.331837,3.1471028,3.4037218
2018-12-30 10:15:00,3.38,3.1814256,3.3803332,3.56797,3.1095407,3.639855
2018-12-30 10:30:00,4.0,3.1721175,3.3238013,3.34784,3.1002326,3.419725
2018-12-30 10:45:00,4.1,3.364253,4.0256796,5.053941,3.2923682,5.1258254
2018-12-30 11:00:00,4.1,3.3375742,3.5988736,5.3518696,3.2656894,5.423754
2018-12-30 11:15:00,4.28,3.5035512,3.6778061,5.8351045,3.4316664,5.906989
2018-12-30 11:30:00,4.61,3.7734914,4.0370607,5.757255,3.7016065,5.8291397
2018-12-30 11:45:00,3.56,3.7331944,4.331084,4.7041483,3.6613095,4.776033
2018-12-30 12:00:00,3.42,2.917981,3.1212554,3.5112958,2.846096,3.5831807
2018-12-30 12:15:00,3.46,3.1081817,3.1489618,3.363595,3.0362968,3.4354799
2018-12-30 12:30:00,3.46,3.1403384,3.2719939,3.3665147,3.0684536,3.4383996
2018-12-30 12:45:00,3.31,3.210228,3.3656058,3.523599,3.138343,3.5954838
2018-12-30 13:00:00,3.28,3.1771083,3.3406944,3.3869033,3.1052234,3.4587882
2018-12-30 13:15:00,3.2,3.0858479,4.274933,5.384384,3.013963,5.456269
2018-12-30 13:30:00,3.24,3.1673627,3.283468,4.013255,3.0954778,4.0851398
2018-12-30 13:45:00,3.24,3.1529548,3.312088,3.997382,3.08107,4.069267
2018-12-30 14:00:00,4.03,3.1693542,3.3016448,3.9955275,3.0974693,4.0674124
2018-12-30 14:15:00,4.0,3.3110664,4.3182893,5.9044237,3.2391815,5.9763083
2018-12-30 14:30:00,4.03,3.3141942,4.0683727,6.451142,3.2423093,6.5230265
2018-12-30 14:45:00,4.82,3.4450955,3.577145,5.805937,3.3732107,5.8778214
2018-12-30 15:00:00,4.1,4.0208282,5.5824814,6.426766,3.9489434,6.4986506
2018-12-30 15:15:00,3.31,3.7776341,5.27098,5.5191793,3.7057493,5.591064
2018-12-30 15:30:00,3.24,3.2428486,3.2474782,3.9473927,3.1709638,4.0192776
2018-12-30 15:45:00,3.24,3.2454426,4.0693946,4.5705037,3.1735578,4.6423883
2018-12-30 16:00:00,3.35,2.6351326,3.0784066,3.153193,2.5632477,3.2250779
2018-12-30 16:15:00,3.31,3.1895134,3.3805437,3.652692,3.1176286,3.724577
2018-12-30 16:30:00,3.35,3.149635,3.377676,3.9158888,3.0777502,3.9877737
2018-12-30 16:45:00,3.24,3.2030149,3.357652,3.8212004,3.13113,3.8930852
2018-12-30 17:00:00,3.24,3.1718783,3.2414286,3.6698592,3.0999935,3.741744
2018-12-30 17:15:00,3.42,3.1642158,3.2572243,3.678518,3.092331,3.750403
2018-12-30 17:30:00,4.0,3.155892,3.4715807,3.6972196,3.084007,3.7691045
2018-12-30 17:45:00,4.75,3.252662,4.050718,4.1888633,3.180777,4.260748
2018-12-30 18:00:00,4.68,3.4111745,4.2479134,4.412147,3.3392897,4.4840317
2018-12-30 18:15:00,3.89,3.4432414,3.634641,4.149063,3.3713565,4.2209477
2018-12-30 18:30:00,3.53,3.4453068,3.5027618,4.069154,3.373422,4.1410384
2018-12-30 18:45:00,3.2,3.340436,3.3586142,3.7950456,3.268551,3.8669305
2018-12-30 19:00:00,3.28,3.1056516,3.246108,3.575875,3.0337667,3.64776
2018-12-30 19:15:00,3.24,3.0791967,3.272049,3.5499544,3.0073118,3.6218393
2018-12-30 19:30:00,3.24,3.12064,3.2851043,3.6490896,3.0487552,3.7209744
2018-12-30 19:45:00,3.2,3.1565018,3.2487712,3.6450646,3.084617,3.7169495
2018-12-30 20:00:00,3.24,3.149818,3.2617707,3.7337673,3.077933,3.8056521
2018-12-30 20:15:00,3.31,3.1992564,3.2808986,3.733699,3.1273715,3.805584
2018-12-30 20:30:00,3.24,3.1647255,3.3137755,3.736171,3.0928407,3.8080559
2018-12-30 20:45:00,3.78,3.1815119,3.2731063,3.7060204,3.109627,3.7779052
2018-12-30 21:00:00,4.32,3.2696986,3.3935745,3.8900948,3.1978137,3.9619796
2018-12-30 21:15:00,4.07,3.3111727,3.3600938,4.255644,3.2392879,4.3275285
2018-12-30 21:30:00,4.07,3.2758203,3.404178,4.1087008,3.2039354,4.1805854
2018-12-30 21:45:00,4.03,3.484326,3.7532406,4.2210293,3.412441,4.292914
2018-12-30 22:00:00,4.0,3.5151825,3.7192059,4.307421,3.4432976,4.379306
2018-12-30 22:15:00,3.2,3.5444932,3.6359534,4.203183,3.4726083,4.275068
2018-12-30 22:30:00,2.99,3.037298,3.061483,3.4011254,2.965413,3.4730103
2018-12-30 22:45:00,3.1,2.9674993,2.9964902,3.0982802,2.8956144,3.170165
2018-12-30 23:00:00,3.02,2.9663706,2.9977193,3.2427082,2.8944857,3.314593
2018-12-30 23:15:00,2.95,2.9465985,2.982621,3.230183,2.8747137,3.3020678
2018-12-30 23:30:00,2.99,2.8929925,2.9335477,3.1712449,2.8211076,3.2431297
2018-12-30 23:45:00,2.92,2.9425998,2.9651392,3.3631346,2.870715,3.4350195
2018-12-31 00:00:00,3.67,2.8098488,3.196049,3.7624755,2.737964,3.8343604
2018-12-31 00:15:00,3.64,3.0745265,3.0831802,3.7861116,3.0026417,3.8579965
2018-12-31 00:30:00,3.31,3.0737305,3.1618466,3.6406748,3.0018456,3.7125597
2018-12-31 00:45:00,3.49,2.9343996,3.1397626,3.4578671,2.8625147,3.529752
2018-12-31 01:00:00,3.71,3.088855,3.3768039,3.7005355,3.0169702,3.7724204
2018-12-31 01:15:00,3.78,3.1575167,3.5006776,3.9754963,3.0856318,4.047381
2018-12-31 01:30:00,3.71,3.2092395,3.443996,3.8873649,3.1373546,3.9592497
2018-12-31 01:45:00,3.67,3.273178,3.4118361,3.9810722,3.2012932,4.052957
2018-12-31 02:00:00,3.02,3.352326,3.5051272,3.945527,3.280441,4.0174117
2018-12-31 02:15:00,2.99,3.0410357,3.0449991,3.2994585,2.9691508,3.3713434
2018-12-31 02:30:00,3.06,2.9468994,2.9763052,3.1271267,2.8750145,3.1990116
2018-12-31 02:45:00,3.02,2.9863105,3.0471218,3.376469,2.9144256,3.4483538
2018-12-31 03:00:00,3.06,2.979774,3.060292,3.306365,2.9078891,3.37825
2018-12-31 03:15:00,3.02,3.0035124,3.057622,3.339888,2.9316275,3.411773
2018-12-31 03:30:00,3.46,2.9841373,3.063415,3.3271186,2.9122524,3.3990035
2018-12-31 03:45:00,3.74,2.9644542,3.3087966,3.694013,2.8925693,3.765898
2018-12-31 04:00:00,3.06,3.0822935,3.2217999,3.8076348,3.0104086,3.8795197
2018-12-31 04:15:00,3.74,2.9775314,3.026817,3.1839352,2.9056466,3.25582
2018-12-31 04:30:00,3.74,3.1320007,3.4075139,3.8969774,3.0601158,3.9688623
2018-12-31 04:45:00,3.78,3.1783564,3.3831294,3.868371,3.1064715,3.9402559
2018-12-31 05:00:00,3.78,3.091727,3.2009156,3.8026357,3.0198421,3.8745205
2018-12-31 05:15:00,3.56,3.3512833,3.4652343,3.9970198,3.2793984,4.0689044
2018-12-31 05:30:00,2.99,3.2675595,3.3488848,3.7939668,3.1956747,3.8658516
2018-12-31 05:45:00,3.02,3.0048528,3.005943,3.115067,2.932968,3.1869519
2018-12-31 06:00:00,2.95,2.9750144,2.9869418,3.1611552,2.9031296,3.23304
2018-12-31 06:15:00,3.02,2.9278767,2.9868531,3.1147332,2.8559918,3.186618
2018-12-31 06:30:00,2.99,2.969727,3.0690756,3.3461595,2.8978422,3.4180443
2018-12-31 06:45:00,3.02,2.9500315,3.0033488,3.2612603,2.8781466,3.3331451
2018-12-31 07:00:00,3.74,2.96271,3.0793755,3.33452,2.890825,3.406405
2018-12-31 07:15:00,3.17,3.1172602,3.414774,3.8852026,3.0453753,3.9570875
2018-12-31 07:30:00,2.95,3.0794435,3.2759955,4.0599933,3.0075586,4.131878
2018-12-31 07:45:00,3.56,2.978674,3.1837618,4.001705,2.906789,4.07359
2018-12-31 08:00:00,3.64,3.2820344,3.699677,5.999244,3.2101495,6.071129
2018-12-31 08:15:00,3.6,3.5161114,17.031338,29.254307,3.4442265,29.32619
2018-12-31 08:30:00,3.74,3.3273032,7.539767,25.502417,3.2554183,25.5743
2018-12-31 08:45:00,3.74,3.7259,6.8603745,14.371751,3.654015,14.443636
2018-12-31 09:00:00,3.06,3.5668547,5.268011,11.868296,3.4949698,11.940181
2018-12-31 09:15:00,3.17,3.3635883,3.6693373,9.127051,3.2917035,9.198936
2018-12-31 09:30:00,3.13,3.1916583,4.2783694,9.023482,3.1197734,9.095367
2018-12-31 09:45:00,3.17,3.192273,3.7926502,8.711107,3.120388,8.782992
2018-12-31 10:00:00,3.24,3.2267084,3.3100262,9.267438,3.1548235,9.339323
2018-12-31 10:15:00,3.2,3.2348561,3.4659655,9.536912,3.1629713,9.608797
2018-12-31 10:30:00,4.03,3.1567554,3.3555925,9.7375,3.0848706,9.809385
2018-12-31 10:45:00,3.67,3.392962,11.308472,19.812885,3.321077,19.88477
2018-12-31 11:00:00,3.35,3.1613405,4.1922655,12.164699,3.0894556,12.236584
2018-12-31 11:15:00,3.35,3.1034565,4.116462,10.074651,3.0315716,10.146536
2018-12-31 11:30:00,3.82,3.1286633,4.901135,9.399761,3.0567784,9.471646
2018-12-31 11:45:00,4.0,3.2871478,5.1031494,13.506163,3.215263,13.578048
2018-12-31 12:00:00,4.07,3.09669,8.7645645,11.270928,3.024805,11.3428135
2018-12-31 12:15:00,4.03,3.2890263,3.542192,5.4466424,3.2171414,5.518527
2018-12-31 12:30:00,4.1,3.624763,4.458767,5.767366,3.5528781,5.8392506
2018-12-31 12:45:00,3.35,3.816341,5.225072,6.0634036,3.744456,6.1352882
2018-12-31 13:00:00,3.35,3.205719,4.556534,4.8217382,3.1338341,4.893623
2018-12-31 13:15:00,3.35,3.2122695,5.415511,12.449716,3.1403847,12.521601
2018-12-31 13:30:00,3.31,3.2335162,3.9137712,9.551813,3.1616313,9.623698
2018-12-31 13:45:00,3.31,3.263366,3.477883,10.60058,3.191481,10.672465
2018-12-31 14:00:00,3.35,3.2710204,3.4429483,7.9511995,3.1991355,8.023085
2018-12-31 14:15:00,3.35,3.27936,3.4106293,7.811846,3.2074752,7.8837304
2018-12-31 14:30:00,3.56,3.2904034,3.405361,7.341387,3.2185185,7.4132714
2018-12-31 14:45:00,4.07,3.3645234,3.4850059,8.002146,3.2926385,8.074031
2018-12-31 15:00:00,3.53,3.3863513,10.920328,11.904298,3.3144665,11.976183
2018-12-31 15:15:00,3.42,3.211644,3.4463346,8.688237,3.139759,8.760122
2018-12-31 15:30:00,4.07,3.1854043,3.6700578,7.5388455,3.1135194,7.61073
2018-12-31 15:45:00,4.07,3.821734,12.505516,12.920878,3.749849,12.9927635
2018-12-31 16:00:00,4.03,3.5382655,9.218222,11.149155,3.4663806,11.22104
2018-12-31 16:15:00,4.07,3.5300336,9.375735,9.382149,3.4581487,9.454034
2018-12-31 16:30:00,3.92,3.7587311,8.40596,9.721275,3.6868463,9.79316
2018-12-31 16:45:00,3.31,3.717861,3.9743598,7.412216,3.645976,7.484101
2018-12-31 17:00:00,3.31,3.2050724,3.4157734,4.628864,3.1331875,4.7007484
2018-12-31 17:15:00,3.35,3.1257105,3.2849162,6.1411223,3.0538256,6.213007
2018-12-31 17:30:00,3.31,3.1144726,3.3951807,3.534645,3.0425878,3.60653
2018-12-31 17:45:00,3.46,3.2117283,3.4347637,4.209125,3.1398435,4.2810097
2018-12-31 18:00:00,3.42,3.2498205,3.7872033,4.234423,3.1779356,4.306308
2018-12-31 18:15:00,3.35,3.1978633,3.2685049,3.7172253,3.1259785,3.7891102
2018-12-31 18:30:00,3.82,3.1840312,3.2048857,3.6871006,3.1121464,3.7589855
2018-12-31 18:45:00,4.14,3.2868624,3.5450838,4.2030644,3.2149775,4.274949
2018-12-31 19:00:00,3.49,3.3002434,3.7898319,4.4800005,3.2283585,4.551885
2018-12-31 19:15:00,3.96,3.0635247,3.437011,3.5701036,2.9916399,3.6419885
2018-12-31 19:30:00,4.14,3.399581,3.68622,4.0638456,3.327696,4.1357303
2018-12-31 19:45:00,4.21,3.376701,4.0547633,4.4480267,3.3048162,4.5199113
2018-12-31 20:00:00,4.14,3.3351371,3.954893,4.393482,3.2632523,4.465367
2018-12-31 20:15:00,4.18,3.627776,3.9553554,4.453677,3.555891,4.525562
2018-12-31 20:30:00,3.38,3.6989207,4.009515,4.523629,3.6270359,4.595514
2018-12-31 20:45:00,3.42,3.1858227,3.3490667,3.5451462,3.1139379,3.617031
2018-12-31 21:00:00,3.42,3.0993943,3.3247418,3.5668473,3.0275095,3.6387322
2018-12-31 21:15:00,3.42,3.1235292,3.267189,3.5470638,3.0516443,3.6189487
2018-12-31 21:30:00,3.49,3.209447,3.382429,3.6399028,3.137562,3.7117877
2018-12-31 21:45:00,3.42,3.2727458,3.3820288,3.7184596,3.200861,3.7903445
2018-12-31 22:00:00,3.42,3.2035117,3.3771784,3.7468917,3.1316268,3.8187766
2018-12-31 22:15:00,3.24,3.173447,3.3001049,3.5663009,3.101562,3.6381857
2018-12-31 22:30:00,3.67,3.0863101,3.1712687,3.5851579,3.0144253,3.6570427
2018-12-31 22:45:00,3.82,3.1160407,3.5443256,3.8233492,3.0441558,3.895234
2018-12-31 23:00:00,3.85,3.2174366,3.4100862,3.8693821,3.1455517,3.941267
2018-12-31 23:15:00,3.74,3.1924157,3.4474878,3.889015,3.1205308,3.9608998
2018-12-31 23:30:00,3.78,3.3230534,3.6004052,3.91239,3.2511685,3.9842749
2018-12-31 23:45:00,3.78,3.4838362,3.5740042,3.938604,3.4119513,4.010489
