date,actual,P10,P50,P90,P10_hiệu_chỉnh,P90_hiệu_chỉnh
2018-12-01 00:00:00,3.35,3.1232824,6.826554,18.947433,2.6813872,19.389328
2018-12-01 00:15:00,3.89,3.2490087,5.1632185,16.960852,2.8071134,17.402746
2018-12-01 00:30:00,3.85,3.2577872,5.1814194,16.796856,2.815892,17.23875
2018-12-01 00:45:00,3.89,3.2660823,5.1739902,16.797768,2.824187,17.239662
2018-12-01 01:00:00,3.89,3.2525353,5.1707954,16.807108,2.81064,17.249002
2018-12-01 01:15:00,4.03,3.2269912,6.2825603,17.06705,2.785096,17.508945
2018-12-01 01:30:00,3.89,3.1196249,6.2703595,17.492743,2.6777296,17.934637
2018-12-01 01:45:00,3.92,3.1290023,5.1705623,16.601515,2.687107,17.04341
2018-12-01 02:00:00,3.92,3.2826874,6.177074,13.642852,2.8407922,14.084747
2018-12-01 02:15:00,3.96,3.2554326,5.1645584,13.619524,2.8135374,14.0614195
2018-12-01 02:30:00,4.03,3.3112783,5.2019796,13.490655,2.869383,13.93255
2018-12-01 02:45:00,4.14,3.322873,5.2336664,13.205672,2.8809779,13.647568
2018-12-01 03:00:00,5.08,3.2691507,3.8611007,14.642571,2.8272555,15.084467
2018-12-01 03:15:00,4.72,3.2375543,4.0186176,15.117499,2.795659,15.559395
2018-12-01 03:30:00,3.96,3.20528,3.9461808,14.104135,2.7633848,14.54603
2018-12-01 03:45:00,3.92,3.1976912,3.7777157,11.599741,2.755796,12.041636
2018-12-01 04:00:00,3.35,3.1410105,3.5487065,11.309904,2.6991153,11.7518
2018-12-01 04:15:00,3.28,3.1831334,3.551351,11.723853,2.741238,12.165749
2018-12-01 04:30:00,3.35,3.2085135,3.6129718,11.844551,2.7666183,12.286447
2018-12-01 04:45:00,3.24,3.194297,3.5825284,12.561272,2.7524018,13.003167
2018-12-01 05:00:00,3.31,3.1747901,3.6058733,12.640707,2.732895,13.0826025
2018-12-01 05:15:00,3.31,3.173714,3.294919,13.238565,2.7318187,13.680461
2018-12-01 05:30:00,3.28,3.1755717,3.6618109,12.399904,2.7336764,12.8418
2018-12-01 05:45:00,3.28,3.2022579,4.644046,12.676689,2.7603626,13.118585
2018-12-01 06:00:00,3.2,3.161176,5.6917796,12.06799,2.7192807,12.509886
2018-12-01 06:15:00,3.46,3.193879,3.8837345,12.760816,2.7519836,13.202711
2018-12-01 06:30:00,4.03,3.1200764,4.106372,12.710095,2.6781812,13.151991
2018-12-01 06:45:00,3.89,3.1945827,4.0494766,14.724378,2.7526875,15.166273
2018-12-01 07:00:00,3.89,3.1604984,3.6641796,13.776517,2.7186031,14.218412
2018-12-01 07:15:00,4.46,3.1753566,3.4843369,12.2946005,2.7334614,12.736496
2018-12-01 07:30:00,3.67,3.2250006,3.7482147,12.247792,2.7831054,12.689688
2018-12-01 07:45:00,3.46,3.3170626,6.6343966,12.936302,2.8751674,13.378198
2018-12-01 08:00:00,3.46,3.3949077,6.4304395,12.752651,2.9530125,13.194547
2018-12-01 08:15:00,3.71,4.667603,23.948982,38.774994,4.225708,39.21689
2018-12-01 08:30:00,4.72,5.1288657,42.206276,49.41098,4.6869707,49.852875
2018-12-01 08:45:00,4.46,4.8681574,41.807686,51.11309,4.4262624,51.554985
2018-12-01 09:00:00,5.22,4.032982,39.057922,52.07628,3.5910866,52.518173
2018-12-01 09:15:00,28.58,18.368975,32.007523,52.80326,17.92708,53.245155
2018-12-01 09:30:00,30.56,15.961789,32.545753,52.917225,15.519894,53.35912
2018-12-01 09:45:00,28.08,19.211409,41.452282,59.406578,18.769514,59.848473
2018-12-01 10:00:00,28.58,15.187444,31.499378,43.522053,14.745548,43.963947
2018-12-01 10:15:00,28.73,11.130034,39.14943,48.85844,10.688139,49.300335
2018-12-01 10:30:00,29.56,10.1216955,38.144638,58.347363,9.6798,58.789257
2018-12-01 10:45:00,30.06,11.651335,38.252716,54.324745,11.209439,54.76664
2018-12-01 11:00:00,29.2,12.49582,37.158127,56.450134,12.053925,56.89203
2018-12-01 11:15:00,27.94,11.563647,32.00418,55.056934,11.121752,55.49883
2018-12-01 11:30:00,27.94,8.861767,36.394367,52.925766,8.419871,53.36766
2018-12-01 11:45:00,25.63,10.136264,34.11193,45.037296,9.694368,45.47919
2018-12-01 12:00:00,3.64,9.437763,29.800148,49.487087,8.995868,49.92898
2018-12-01 12:15:00,3.85,3.6857224,4.2068624,12.348761,3.243827,12.790656
2018-12-01 12:30:00,3.71,3.5821521,4.2621665,7.4881554,3.140257,7.9300504
2018-12-01 12:45:00,3.74,3.634771,6.1790276,8.040689,3.1928759,8.482585
2018-12-01 13:00:00,3.71,3.1013532,4.9840326,8.115496,2.659458,8.557391
2018-12-01 13:15:00,11.3,5.2955027,21.010365,34.90632,4.8536077,35.348213
2018-12-01 13:30:00,27.29,15.696588,30.05813,37.7115,15.254692,38.153393
2018-12-01 13:45:00,26.86,14.170063,30.855457,40.399414,13.728168,40.84131
2018-12-01 14:00:00,25.31,13.842824,27.123356,38.598408,13.4009285,39.040302
2018-12-01 14:15:00,26.21,13.616174,24.191511,38.204395,13.174278,38.64629
2018-12-01 14:30:00,26.28,12.924562,24.67666,40.524944,12.482667,40.96684
2018-12-01 14:45:00,18.68,13.668566,24.022131,39.994698,13.22667,40.436592
2018-12-01 15:00:00,5.18,14.545557,24.832758,39.21965,14.103662,39.661545
2018-12-01 15:15:00,5.08,13.946185,23.942888,41.683144,13.50429,42.12504
2018-12-01 15:30:00,4.75,13.9830065,25.51415,39.019814,13.541111,39.461708
2018-12-01 15:45:00,4.75,11.1282015,26.40933,40.419655,10.686306,40.86155
2018-12-01 16:00:00,4.72,10.517331,23.746576,39.23437,10.075436,39.676266
2018-12-01 16:15:00,4.64,12.583477,26.436813,40.25455,12.141582,40.696445
2018-12-01 16:30:00,4.72,10.485622,25.959387,36.841503,10.043727,37.283398
2018-12-01 16:45:00,4.68,7.5384774,26.411417,33.825417,7.0965824,34.26731
2018-12-01 17:00:00,4.64,4.76768,14.064829,28.463737,4.325785,28.905632
2018-12-01 17:15:00,4.79,6.6922,17.007551,29.360287,6.250305,29.802181
2018-12-01 17:30:00,4.75,6.9724026,14.575851,29.53238,6.5305076,29.974274
2018-12-01 17:45:00,4.72,4.9822607,12.247226,26.120073,4.5403657,26.561968
2018-12-01 18:00:00,4.68,4.139283,12.145685,24.300472,3.697388,24.742367
2018-12-01 18:15:00,5.76,5.1412916,12.635743,28.075514,4.6993966,28.517408
2018-12-01 18:30:00,5.4,5.411048,12.734932,32.15077,4.969153,32.592663
2018-12-01 18:45:00,4.79,5.2202086,13.4202385,29.989283,4.7783136,30.431177
2018-12-01 19:00:00,4.79,5.3751507,13.365694,33.332844,4.9332557,33.77474
2018-12-01 19:15:00,4.79,5.643717,13.015531,28.84734,5.201822,29.289234
2018-12-01 19:30:00,4.79,6.8843946,13.81032,33.312733,6.4424996,33.754627
2018-12-01 19:45:00,4.9,5.891862,14.285637,30.239824,5.449967,30.681719
2018-12-01 20:00:00,4.75,6.016442,13.049542,26.794214,5.574547,27.236109
2018-12-01 20:15:00,4.79,3.606974,6.5027556,23.668732,3.1650786,24.110626
2018-12-01 20:30:00,4.75,3.71306,5.188603,22.693645,3.2711647,23.13554
2018-12-01 20:45:00,4.82,3.4003506,5.288177,20.31481,2.9584553,20.756704
2018-12-01 21:00:00,4.82,3.4630919,4.6245823,9.974248,3.0211966,10.416143
2018-12-01 21:15:00,4.75,3.0623178,3.2944071,8.177288,2.6204226,8.619184
2018-12-01 21:30:00,4.79,2.9182968,3.3516223,8.063772,2.4764016,8.505668
2018-12-01 21:45:00,4.79,2.9761596,3.33617,8.23052,2.5342643,8.672416
2018-12-01 22:00:00,4.9,3.1821818,3.3067114,8.78622,2.7402866,9.228115
2018-12-01 22:15:00,5.76,2.9876602,4.9158382,14.278111,2.545765,14.720007
2018-12-01 22:30:00,4.61,2.9607284,4.8268166,13.73114,2.5188332,14.173036
2018-12-01 22:45:00,3.42,2.9496288,4.383747,16.851944,2.5077336,17.293839
2018-12-01 23:00:00,3.42,3.9263406,6.4576983,19.853699,3.4844453,20.295593
2018-12-01 23:15:00,3.28,3.0803428,6.2949224,19.472195,2.6384475,19.91409
2018-12-01 23:30:00,3.38,3.0529535,6.68506,25.646858,2.6110582,26.088753
2018-12-01 23:45:00,3.31,3.0600724,6.7100368,26.064587,2.6181772,26.506481
2018-12-02 00:00:00,4.36,3.0401814,6.203939,18.493258,2.5982862,18.935152
2018-12-02 00:15:00,3.35,3.182028,4.6257467,15.295731,2.7401328,15.737626
2018-12-02 00:30:00,3.35,3.184313,6.2968054,15.19047,2.7424178,15.632365
2018-12-02 00:45:00,3.38,3.0851686,6.2853007,15.109139,2.6432734,15.551035
2018-12-02 01:00:00,3.89,3.1522243,6.3816004,15.749249,2.710329,16.191145
2018-12-02 01:15:00,4.46,3.1395643,4.374245,15.093665,2.697669,15.535561
2018-12-02 01:30:00,4.43,3.2825537,4.3820343,15.394514,2.8406584,15.83641
2018-12-02 01:45:00,4.14,3.3171272,4.880006,14.580427,2.875232,15.022323
2018-12-02 02:00:00,3.46,3.3110223,4.8204746,11.571943,2.869127,12.013839
2018-12-02 02:15:00,3.38,3.3179727,4.937697,11.834203,2.8760774,12.276098
2018-12-02 02:30:00,3.38,3.203774,4.877373,11.673316,2.7618787,12.1152115
2018-12-02 02:45:00,3.38,3.2061322,4.7756,11.63482,2.764237,12.076715
2018-12-02 03:00:00,4.32,3.141528,3.985047,12.464695,2.6996326,12.90659
2018-12-02 03:15:00,4.64,3.19995,4.1388135,12.972584,2.7580547,13.414479
2018-12-02 03:30:00,3.82,3.132099,3.6454055,11.455949,2.6902037,11.897844
2018-12-02 03:45:00,3.46,3.1729243,3.5007808,10.863546,2.731029,11.305442
2018-12-02 04:00:00,3.42,3.1421785,3.2510211,13.085873,2.7002833,13.527768
2018-12-02 04:15:00,3.46,2.8397944,3.0930154,13.204953,2.3978992,13.646849
2018-12-02 04:30:00,4.32,2.810687,3.0932376,11.113305,2.3687918,11.555201
2018-12-02 04:45:00,4.5,2.8224301,3.1134708,10.870737,2.380535,11.312633
2018-12-02 05:00:00,4.54,2.8139596,3.1130865,10.854445,2.3720644,11.296341
2018-12-02 05:15:00,4.39,2.8082604,3.1013205,10.790805,2.3663652,11.2327
2018-12-02 05:30:00,3.35,2.9084892,3.15467,10.650139,2.466594,11.092034
2018-12-02 05:45:00,3.46,2.925523,3.171953,10.746462,2.4836278,11.188357
2018-12-02 06:00:00,3.35,2.8569887,3.095472,10.103409,2.4150934,10.545304
2018-12-02 06:15:00,3.42,2.7804673,3.0729902,10.612277,2.338572,11.0541725
2018-12-02 06:30:00,3.42,2.9118085,3.0373814,11.044671,2.4699132,11.486567
2018-12-02 06:45:00,3.38,2.7712214,3.0617998,10.004629,2.3293262,10.446525
2018-12-02 07:00:00,3.46,2.9380085,3.0507214,10.213092,2.4961133,10.654987
2018-12-02 07:15:00,3.38,3.0991764,3.4295053,11.530606,2.6572812,11.972502
2018-12-02 07:30:00,3.46,3.0305772,3.17436,11.417727,2.588682,11.859623
2018-12-02 07:45:00,3.46,3.0040805,3.0281308,10.750737,2.5621853,11.192633
2018-12-02 08:00:00,3.49,2.7600358,3.1391375,10.493602,2.3181405,10.935497
2018-12-02 08:15:00,4.57,2.6323519,4.0141654,13.520461,2.1904566,13.962357
2018-12-02 08:30:00,4.54,2.8739607,9.598656,27.099287,2.4320655,27.541182
2018-12-02 08:45:00,5.54,2.7908735,8.057021,26.886461,2.3489783,27.328356
2018-12-02 09:00:00,4.75,2.7479424,6.32874,26.641525,2.3060472,27.08342
2018-12-02 09:15:00,3.74,2.9107757,6.5860806,12.332276,2.4688804,12.774172
2018-12-02 09:30:00,3.71,2.8234096,6.8863206,13.63062,2.3815143,14.0725155
2018-12-02 09:45:00,3.6,1.3852735,8.267221,10.491266,0.94337827,10.933162
2018-12-02 10:00:00,3.56,2.8353398,8.811,10.561479,2.3934445,11.003374
2018-12-02 10:15:00,3.6,2.888999,4.512551,7.7624383,2.4471037,8.204333
2018-12-02 10:30:00,3.64,2.780612,6.043297,8.870229,2.3387167,9.312124
2018-12-02 10:45:00,3.64,2.7683892,10.437592,12.334153,2.326494,12.776049
2018-12-02 11:00:00,3.64,2.7026246,8.1215,9.222237,2.2607293,9.664132
2018-12-02 11:15:00,3.64,2.1812968,6.1080084,7.0290327,1.7394016,7.4709277
2018-12-02 11:30:00,3.56,3.7320843,6.2172613,6.9226484,3.290189,7.3645434
2018-12-02 11:45:00,3.64,2.222906,5.869548,8.812664,1.7810109,9.2545595
2018-12-02 12:00:00,4.03,2.201751,3.8603857,6.304682,1.7598557,6.746577
2018-12-02 12:15:00,4.86,3.0459025,4.808085,5.8696632,2.6040072,6.3115582
2018-12-02 12:30:00,4.75,3.0590398,4.35167,6.310088,2.6171446,6.751983
2018-12-02 12:45:00,5.36,3.008248,4.384903,6.562247,2.5663528,7.004142
2018-12-02 13:00:00,4.9,3.0401428,3.4389,6.536071,2.5982475,6.977966
2018-12-02 13:15:00,3.78,-0.010278722,3.1184404,3.585876,0.0,4.027771
2018-12-02 13:30:00,3.64,0.51258856,4.9249253,6.5080857,0.07069337,6.9499807
2018-12-02 13:45:00,3.6,0.34961823,6.197694,7.278144,0.0,7.720039
2018-12-02 14:00:00,3.6,0.6047724,3.845554,6.3660984,0.1628772,6.8079934
2018-12-02 14:15:00,3.6,-0.59285825,4.570949,7.369603,0.0,7.811498
2018-12-02 14:30:00,3.56,0.61615396,6.070719,6.4050064,0.17425877,6.8469014
2018-12-02 14:45:00,3.56,0.4285247,3.0021117,7.3371773,0.0,7.7790723
2018-12-02 15:00:00,3.64,1.0559862,4.3059072,5.8176484,0.614091,6.2595434
2018-12-02 15:15:00,3.6,0.88268507,5.433628,6.807455,0.44078988,7.24935
2018-12-02 15:30:00,3.56,0.74351835,4.253585,4.7356887,0.30162317,5.1775837
2018-12-02 15:45:00,3.85,1.7484413,4.8644733,5.124691,1.3065462,5.566586
2018-12-02 16:00:00,4.68,1.7637999,6.036595,6.2482977,1.3219047,6.6901927
2018-12-02 16:15:00,4.72,2.7490668,3.1137393,5.4952536,2.3071716,5.9371486
2018-12-02 16:30:00,4.72,2.837027,3.645642,3.9194884,2.3951318,4.3613834
2018-12-02 16:45:00,3.89,2.7898564,4.025427,4.901782,2.3479612,5.343677
2018-12-02 17:00:00,3.53,2.6773562,3.6724842,5.007389,2.235461,5.449284
2018-12-02 17:15:00,3.6,2.776208,4.2614574,5.556888,2.3343127,5.998783
2018-12-02 17:30:00,3.6,2.6297247,4.0016613,4.371548,2.1878295,4.813443
2018-12-02 17:45:00,3.74,2.619267,3.9969635,5.2352457,2.1773717,5.6771407
2018-12-02 18:00:00,4.72,2.6477263,4.083325,4.7210846,2.205831,5.1629796
2018-12-02 18:15:00,3.89,2.6825645,4.029222,7.909926,2.2406693,8.351821
2018-12-02 18:30:00,3.53,2.6982906,3.585981,5.3955927,2.2563953,5.8374877
2018-12-02 18:45:00,3.53,2.7609122,3.6012182,4.0397367,2.319017,4.4816318
2018-12-02 19:00:00,3.56,2.7812908,3.8490846,4.684961,2.3393955,5.126856
2018-12-02 19:15:00,3.67,1.935251,3.5582118,3.7715273,1.4933558,4.2134223
2018-12-02 19:30:00,3.56,3.0877986,5.786858,7.243998,2.6459033,7.685893
2018-12-02 19:45:00,4.39,2.859975,3.7383442,5.320042,2.4180799,5.761937
2018-12-02 20:00:00,4.72,2.9121313,4.164164,5.441442,2.470236,5.883337
2018-12-02 20:15:00,4.68,2.8576515,4.75153,7.7755556,2.4157562,8.217451
2018-12-02 20:30:00,4.75,2.7226593,5.742006,10.31922,2.280764,10.761115
2018-12-02 20:45:00,3.71,2.8005674,4.502391,7.1037493,2.3586721,7.5456443
2018-12-02 21:00:00,3.53,2.9329915,4.4560556,7.390227,2.4910963,7.832122
2018-12-02 21:15:00,3.6,2.8646786,4.4765334,7.479499,2.4227834,7.921394
2018-12-02 21:30:00,3.6,3.1328604,4.399353,8.021616,2.6909652,8.463511
2018-12-02 21:45:00,3.6,3.1259234,4.407512,8.080002,2.6840281,8.521897
2018-12-02 22:00:00,3.56,3.1383898,4.4104953,8.952426,2.6964946,9.394321
2018-12-02 22:15:00,4.07,3.0482981,4.0528855,5.915005,2.6064029,6.3569
2018-12-02 22:30:00,4.32,3.036525,5.320281,6.9775343,2.5946298,7.4194293
2018-12-02 22:45:00,3.35,2.9682586,4.5233665,7.2256217,2.5263634,7.6675167
2018-12-02 23:00:00,3.31,2.932978,7.007716,7.1467495,2.4910827,7.5886445
2018-12-02 23:15:00,3.31,2.8848274,7.1750364,20.0353,2.4429321,20.477194
2018-12-02 23:30:00,3.28,2.8618057,6.5515413,24.63773,2.4199104,25.079624
2018-12-02 23:45:00,3.35,2.8653424,6.5445347,24.679594,2.4234471,25.121489
2018-12-03 00:00:00,4.57,2.8099048,5.434004,26.84379,2.3680096,27.285685
2018-12-03 00:15:00,4.43,3.1048787,4.758723,27.627398,2.6629834,28.069292
2018-12-03 00:30:00,4.36,3.116979,5.414519,27.673473,2.6750836,28.115368
2018-12-03 00:45:00,4.21,3.1205852,5.414209,26.168457,2.67869,26.610352
2018-12-03 01:00:00,3.35,3.18589,5.3903003,26.458956,2.7439947,26.90085
2018-12-03 01:15:00,3.38,3.1616385,5.1896677,25.86643,2.7197433,26.308325
2018-12-03 01:30:00,3.35,3.2270646,5.6483316,26.019249,2.7851694,26.461143
2018-12-03 01:45:00,3.42,3.3366652,5.694493,23.901386,2.89477,24.34328
2018-12-03 02:00:00,3.49,3.2986403,5.7739406,20.734852,2.856745,21.176746
2018-12-03 02:15:00,3.42,3.221751,4.9903226,20.295494,2.7798557,20.737389
2018-12-03 02:30:00,3.38,3.1523592,4.813958,19.465881,2.710464,19.907776
2018-12-03 02:45:00,4.36,3.1729505,5.6412373,19.55786,2.7310553,19.999754
2018-12-03 03:00:00,4.14,3.2087462,4.2194424,19.84512,2.766851,20.287014
2018-12-03 03:15:00,3.42,3.3278966,3.7286763,21.57929,2.8860013,22.021185
2018-12-03 03:30:00,3.38,3.3518734,3.5185652,21.40475,2.9099782,21.846645
2018-12-03 03:45:00,3.35,3.3576202,4.1276355,19.865778,2.915725,20.307673
2018-12-03 04:00:00,3.35,3.200802,3.6226153,20.10095,2.7589068,20.542845
2018-12-03 04:15:00,4.1,3.1301816,4.1365514,18.996328,2.6882863,19.438223
2018-12-03 04:30:00,4.43,3.2245934,3.75711,18.027128,2.7826982,18.469023
2018-12-03 04:45:00,4.5,3.455367,3.9672208,19.818964,3.0134718,20.260859
2018-12-03 05:00:00,3.78,3.5376375,5.0115266,19.896748,3.0957422,20.338642
2018-12-03 05:15:00,3.31,3.4738438,4.975166,19.615873,3.0319486,20.057768
2018-12-03 05:30:00,3.38,2.985184,4.0083694,21.994337,2.5432887,22.436232
2018-12-03 05:45:00,3.31,3.0054755,3.9755225,20.135628,2.5635803,20.577522
2018-12-03 06:00:00,3.31,3.0898898,4.8925805,20.442995,2.6479945,20.88489
2018-12-03 06:15:00,3.35,3.178404,4.4908175,18.660435,2.7365088,19.10233
2018-12-03 06:30:00,3.31,3.10418,4.165066,19.050243,2.6622849,19.492138
2018-12-03 06:45:00,3.24,3.1830027,4.228844,18.107199,2.7411075,18.549093
2018-12-03 07:00:00,3.24,3.2720754,4.2675066,18.709118,2.8301802,19.151012
2018-12-03 07:15:00,4.21,3.3063152,4.5555577,18.901363,2.86442,19.343258
2018-12-03 07:30:00,5.76,3.5122187,4.202127,19.431993,3.0703235,19.873888
2018-12-03 07:45:00,5.98,3.313588,5.6080856,15.288259,2.8716927,15.730154
2018-12-03 08:00:00,5.58,3.788954,5.699398,16.299953,3.3470588,16.741848
2018-12-03 08:15:00,34.99,11.299111,26.409204,47.538364,10.857216,47.98026
2018-12-03 08:30:00,56.84,25.628714,53.221413,93.73459,25.18682,94.17648
2018-12-03 08:45:00,61.06,28.4048,52.787987,96.28546,27.962906,96.727356
2018-12-03 09:00:00,57.89,28.95822,60.80437,113.38795,28.516325,113.82984
2018-12-03 09:15:00,70.49,37.534313,69.03096,114.19166,37.09242,114.63355
2018-12-03 09:30:00,50.11,39.99536,71.06172,116.75627,39.553467,117.198166
2018-12-03 09:45:00,66.38,42.66092,83.733246,128.43695,42.219025,128.87885
2018-12-03 10:00:00,56.88,36.98603,72.67572,113.53884,36.544136,113.980736
2018-12-03 10:15:00,47.09,32.342693,69.85853,121.96527,31.900799,122.407166
2018-12-03 10:30:00,55.8,33.778378,75.696236,122.31866,33.336483,122.76055
2018-12-03 10:45:00,66.89,35.213776,74.7074,125.02114,34.77188,125.463036
2018-12-03 11:00:00,62.89,37.180733,76.15738,121.30747,36.73884,121.74937
2018-12-03 11:15:00,63.79,31.199394,67.851105,123.948814,30.7575,124.39071
2018-12-03 11:30:00,58.1,32.3396,68.52133,123.862526,31.897705,124.30442
2018-12-03 11:45:00,54.5,32.98586,72.0474,118.67359,32.543964,119.115486
2018-12-03 12:00:00,35.35,25.935038,65.18707,112.485085,25.493143,112.92698
2018-12-03 12:15:00,6.34,4.0602016,8.988349,15.573399,3.6183064,16.015293
2018-12-03 12:30:00,5.76,3.6333687,4.288866,10.028327,3.1914735,10.470222
2018-12-03 12:45:00,6.3,3.6556287,4.150995,11.50141,3.2137334,11.943305
2018-12-03 13:00:00,6.19,3.606314,4.150658,10.996477,3.1644187,11.438373
2018-12-03 13:15:00,35.35,18.445726,56.543076,103.78804,18.003832,104.229935
2018-12-03 13:30:00,51.95,32.316772,75.04236,120.43949,31.874878,120.881386
2018-12-03 13:45:00,48.46,32.696465,74.99605,123.79256,32.25457,124.23445
2018-12-03 14:00:00,65.02,30.237244,68.490105,118.883224,29.79535,119.32512
2018-12-03 14:15:00,69.91,28.750505,66.69264,109.99479,28.30861,110.43668
2018-12-03 14:30:00,55.12,26.668707,65.06287,109.68073,26.226812,110.12263
2018-12-03 14:45:00,56.84,28.858139,63.803154,109.69777,28.416245,110.13966
2018-12-03 15:00:00,54.22,30.516247,65.337036,111.086006,30.074352,111.5279
2018-12-03 15:15:00,49.97,30.376657,64.88618,109.59759,29.934763,110.03948
2018-12-03 15:30:00,48.17,30.57387,65.290726,108.74197,30.131975,109.18386
2018-12-03 15:45:00,49.86,28.259357,62.348194,107.76531,27.817463,108.20721
2018-12-03 16:00:00,58.75,27.560045,61.779903,106.031364,27.11815,106.47326
2018-12-03 16:15:00,65.7,30.51548,62.978752,109.34908,30.073586,109.79098
2018-12-03 16:30:00,51.88,27.796356,61.328224,108.25631,27.354462,108.698204
2018-12-03 16:45:00,57.2,24.461525,62.159046,107.93799,24.01963,108.37988
2018-12-03 17:00:00,76.03,24.577448,62.134563,114.52279,24.135553,114.96468
2018-12-03 17:15:00,72.18,27.455252,59.732094,106.55116,27.013357,106.99306
2018-12-03 17:30:00,61.42,26.327757,59.954174,100.213936,25.885862,100.65583
2018-12-03 17:45:00,36.61,21.094427,32.85145,76.473946,20.652533,76.91584
2018-12-03 18:00:00,29.56,20.140146,35.462357,71.626274,19.698252,72.06817
2018-12-03 18:15:00,34.13,20.300875,41.621357,87.26795,19.85898,87.70985
2018-12-03 18:30:00,42.26,18.96868,49.40266,93.872696,18.526785,94.31459
2018-12-03 18:45:00,56.81,19.5998,49.979652,93.56067,19.157906,94.00256
2018-12-03 19:00:00,43.02,19.103962,51.39347,92.81818,18.662067,93.26007
2018-12-03 19:15:00,47.74,16.672901,47.498016,89.0794,16.231007,89.52129
2018-12-03 19:30:00,39.17,18.591192,51.496944,90.514946,18.149298,90.95684
2018-12-03 19:45:00,43.67,20.09369,49.17446,91.393005,19.651796,91.8349
2018-12-03 20:00:00,50.44,19.203703,47.89154,86.16827,18.761808,86.61016
2018-12-03 20:15:00,46.22,13.168642,44.36323,79.05922,12.726747,79.501114
2018-12-03 20:30:00,45.36,13.191678,39.210045,75.2125,12.749783,75.654396
2018-12-03 20:45:00,50.11,13.191574,38.62251,70.9381,12.749679,71.38
2018-12-03 21:00:00,25.45,9.805499,28.450504,62.8171,9.363604,63.258995
2018-12-03 21:15:00,8.6,4.49716,7.783117,34.07883,4.055265,34.520725
2018-12-03 21:30:00,6.19,4.3186994,6.496765,32.158775,3.876804,32.60067
2018-12-03 21:45:00,5.62,3.9821916,4.209247,32.201366,3.5402963,32.64326
2018-12-03 22:00:00,4.93,3.993879,5.604975,32.563557,3.5519838,33.00545
2018-12-03 22:15:00,4.72,4.9150043,9.156677,38.789806,4.4731092,39.2317
2018-12-03 22:30:00,4.75,6.318687,7.991932,33.99894,5.876792,34.440834
2018-12-03 22:45:00,4.68,6.4763045,7.5967865,46.371258,6.0344095,46.813152
2018-12-03 23:00:00,4.68,6.528321,7.8881783,48.513676,6.086426,48.95557
2018-12-03 23:15:00,4.61,3.2894413,12.752454,29.89643,2.847546,30.338324
2018-12-03 23:30:00,4.57,3.2617505,11.913202,29.3118,2.8198552,29.753695
2018-12-03 23:45:00,4.61,3.2728412,10.336031,29.042973,2.830946,29.484867
2018-12-04 00:00:00,3.89,3.3488579,7.582237,33.189735,2.9069626,33.63163
2018-12-04 00:15:00,4.61,3.5615451,5.5462804,30.348686,3.11965,30.79058
2018-12-04 00:30:00,4.57,3.2310565,5.417502,30.729189,2.7891612,31.171083
2018-12-04 00:45:00,4.61,3.5276887,5.4710526,31.565138,3.0857935,32.007034
2018-12-04 01:00:00,4.64,3.3828118,5.787028,32.144444,2.9409165,32.586338
2018-12-04 01:15:00,5.04,3.4217982,5.6292424,30.353456,2.979903,30.795351
2018-12-04 01:30:00,5.8,3.455338,5.463427,28.781744,3.0134428,29.223639
2018-12-04 01:45:00,4.68,3.411582,4.9487534,23.564966,2.9696867,24.00686
2018-12-04 02:00:00,3.6,3.4081707,5.2697797,20.145687,2.9662755,20.587582
2018-12-04 02:15:00,3.56,3.4180903,5.251738,20.173973,2.976195,20.615868
2018-12-04 02:30:00,3.64,3.4638715,5.256865,20.036362,3.0219762,20.478256
2018-12-04 02:45:00,3.67,3.5164924,4.7154393,20.804718,3.0745971,21.246613
2018-12-04 03:00:00,3.64,3.6396375,4.175037,18.525728,3.1977422,18.967623
2018-12-04 03:15:00,3.64,3.5151525,4.2935834,21.98231,3.0732572,22.424204
2018-12-04 03:30:00,3.71,3.6048856,3.7699132,22.154598,3.1629903,22.596493
2018-12-04 03:45:00,3.67,3.5344667,3.6256146,21.230774,3.0925715,21.672668
2018-12-04 04:00:00,3.71,3.2215471,3.4070158,20.110641,2.7796519,20.552536
2018-12-04 04:15:00,3.67,3.531807,3.53365,20.25254,3.0899117,20.694435
2018-12-04 04:30:00,3.6,3.3454723,3.5999584,20.407335,2.903577,20.84923
2018-12-04 04:45:00,4.36,3.616064,4.081696,19.600935,3.1741688,20.04283
2018-12-04 05:00:00,4.64,3.5793314,4.315536,19.647789,3.1374362,20.089684
2018-12-04 05:15:00,4.72,3.4931116,4.257452,21.969189,3.0512164,22.411083
2018-12-04 05:30:00,5.44,3.462164,4.120736,19.112438,3.0202687,19.554333
2018-12-04 05:45:00,4.43,3.4099832,4.051401,18.947102,2.968088,19.388996
2018-12-04 06:00:00,3.64,3.0913024,4.782778,17.854067,2.6494071,18.295961
2018-12-04 06:15:00,3.56,3.1140447,4.2488303,17.800724,2.6721494,18.242619
2018-12-04 06:30:00,3.67,3.345787,4.2668157,18.470486,2.9038918,18.91238
2018-12-04 06:45:00,3.64,3.433144,3.9533558,18.285181,2.9912488,18.727076
2018-12-04 07:00:00,3.56,3.449111,3.9625716,18.96793,3.0072157,19.409824
2018-12-04 07:15:00,3.56,3.4894476,3.782987,20.791529,3.0475523,21.233423
2018-12-04 07:30:00,3.82,3.734029,4.362657,22.395952,3.2921338,22.837847
2018-12-04 07:45:00,4.54,3.5743396,5.9214807,19.229422,3.1324444,19.671316
2018-12-04 08:00:00,5.94,4.175695,5.911143,18.45224,3.7337997,18.894135
2018-12-04 08:15:00,28.4,14.663199,43.205536,67.777,14.221304,68.218895
2018-12-04 08:30:00,55.04,36.073307,63.933228,108.58282,35.631413,109.02471
2018-12-04 08:45:00,61.13,36.716583,68.70349,111.13578,36.27469,111.577675
2018-12-04 09:00:00,82.33,37.669884,72.20638,103.610535,37.22799,104.05243
2018-12-04 09:15:00,82.37,38.562927,73.55507,121.463776,38.121033,121.90567
2018-12-04 09:30:00,64.08,37.89004,76.31248,120.302574,37.448147,120.74447
2018-12-04 09:45:00,59.36,39.53398,84.526726,123.318794,39.092087,123.76069
2018-12-04 10:00:00,52.16,37.57707,77.73785,123.656136,37.135174,124.09803
2018-12-04 10:15:00,56.95,31.967339,78.80078,117.25,31.525444,117.691895
2018-12-04 10:30:00,53.42,35.631516,81.57491,120.05555,35.18962,120.497444
2018-12-04 10:45:00,58.86,33.732563,74.69642,120.3545,33.29067,120.796394
2018-12-04 11:00:00,59.98,36.82122,80.24416,120.428474,36.379326,120.87037
2018-12-04 11:15:00,61.24,30.42302,76.99734,122.974815,29.981125,123.41671
2018-12-04 11:30:00,84.1,31.190619,78.884926,125.04748,30.748724,125.48937
2018-12-04 11:45:00,63.86,30.347672,77.12844,123.71366,29.905777,124.155556
2018-12-04 12:00:00,49.86,22.299702,69.57192,107.16553,21.857807,107.60742
2018-12-04 12:15:00,6.91,2.831879,5.6100407,16.275562,2.3899837,16.717457
2018-12-04 12:30:00,7.38,2.608349,4.635455,10.09553,2.1664538,10.537425
2018-12-04 12:45:00,6.62,2.564039,3.7280273,12.372097,2.1221437,12.8139925
2018-12-04 13:00:00,6.55,2.4540038,4.4684668,11.652084,2.0121086,12.09398
2018-12-04 13:15:00,32.51,13.884148,62.54352,102.147415,13.442252,102.58931
2018-12-04 13:30:00,57.28,28.73492,75.24366,120.88154,28.293026,121.32343
2018-12-04 13:45:00,55.51,26.094313,75.000435,117.16931,25.652418,117.611206
2018-12-04 14:00:00,56.12,28.383379,77.6153,118.22743,27.941484,118.66933
2018-12-04 14:15:00,58.82,29.121906,75.805786,118.38883,28.680012,118.83073
2018-12-04 14:30:00,52.88,22.506792,76.235085,118.67468,22.064898,119.11658
2018-12-04 14:45:00,53.46,24.565735,74.375435,121.23194,24.12384,121.673836
2018-12-04 15:00:00,62.96,25.459768,77.56465,118.50361,25.017874,118.9455
2018-12-04 15:15:00,64.62,26.052608,72.39891,115.310974,25.610714,115.75287
2018-12-04 15:30:00,60.01,24.120731,69.615585,108.284874,23.678837,108.72677
2018-12-04 15:45:00,55.66,22.627777,67.56504,109.73166,22.185883,110.17355
2018-12-04 16:00:00,53.82,25.047058,64.1339,109.75517,24.605164,110.19707
2018-12-04 16:15:00,71.86,25.063911,70.61748,112.086845,24.622017,112.52874
2018-12-04 16:30:00,60.73,20.524298,67.013145,110.429436,20.082403,110.87133
2018-12-04 16:45:00,68.22,21.28151,72.32796,114.96594,20.839615,115.40784
2018-12-04 17:00:00,80.46,25.725729,78.708015,120.378365,25.283834,120.82026
2018-12-04 17:15:00,61.52,29.837337,77.3658,116.67279,29.395443,117.114685
2018-12-04 17:30:00,71.1,28.95775,75.2739,114.353516,28.515856,114.79541
2018-12-04 17:45:00,35.21,22.77129,41.519417,69.90687,22.329395,70.34876
2018-12-04 18:00:00,30.31,17.479843,35.107548,54.565777,17.037949,55.00767
2018-12-04 18:15:00,43.56,19.312094,43.064182,66.64528,18.8702,67.08717
2018-12-04 18:30:00,40.97,21.392681,55.87365,88.20666,20.950787,88.64855
2018-12-04 18:45:00,38.56,21.719786,60.76316,99.5073,21.277891,99.949196
2018-12-04 19:00:00,41.65,21.508047,60.275253,97.2036,21.066153,97.64549
2018-12-04 19:15:00,49.07,22.403217,48.61149,74.5074,21.961323,74.949295
2018-12-04 19:30:00,40.46,22.742502,57.95223,90.94346,22.300608,91.38535
2018-12-04 19:45:00,48.64,22.052296,50.95175,92.44005,21.610401,92.88194
2018-12-04 20:00:00,49.75,20.45231,44.52037,74.916855,20.010416,75.35875
2018-12-04 20:15:00,48.89,16.347834,45.54012,75.64055,15.905938,76.08244
2018-12-04 20:30:00,37.84,15.861077,44.587135,76.49702,15.419182,76.93891
2018-12-04 20:45:00,30.67,14.674637,47.25867,77.18393,14.232741,77.625824
2018-12-04 21:00:00,5.08,7.043017,16.175657,44.46232,6.601122,44.904213
2018-12-04 21:15:00,5.69,4.405501,10.861848,36.344822,3.9636056,36.786716
2018-12-04 21:30:00,5.44,4.3308077,7.096784,33.88472,3.8889124,34.326614
2018-12-04 21:45:00,5.4,4.276404,5.496054,33.70173,3.8345087,34.143623
2018-12-04 22:00:00,5.44,4.800033,5.8465734,34.217857,4.358138,34.65975
2018-12-04 22:15:00,5.26,6.567236,8.259463,27.966251,6.125341,28.408146
2018-12-04 22:30:00,4.64,6.2257285,7.77262,27.616201,5.7838335,28.058096
2018-12-04 22:45:00,3.92,4.502641,8.493752,32.713936,4.060746,33.15583
2018-12-04 23:00:00,3.96,4.6098204,8.443217,36.236916,4.1679254,36.67881
2018-12-04 23:15:00,3.92,3.0153482,13.988858,27.552752,2.573453,27.994646
2018-12-04 23:30:00,3.85,3.0229366,14.783737,30.040188,2.5810413,30.482082
2018-12-04 23:45:00,3.89,3.0253289,14.538017,30.00904,2.5834336,30.450935
2018-12-05 00:00:00,3.96,3.20906,3.6952386,9.741117,2.7671647,10.183012
2018-12-05 00:15:00,3.89,3.4725077,7.7685966,28.249863,3.0306125,28.691757
2018-12-05 00:30:00,3.92,3.466571,8.341063,28.55113,3.0246758,28.993025
2018-12-05 00:45:00,3.89,3.4607627,8.350287,28.550116,3.0188675,28.99201
2018-12-05 01:00:00,3.96,3.1812441,8.809956,29.24293,2.739349,29.684824
2018-12-05 01:15:00,3.78,3.1447942,8.815589,28.124968,2.702899,28.566862
2018-12-05 01:30:00,3.85,3.1489422,8.993177,28.043562,2.707047,28.485456
2018-12-05 01:45:00,3.82,3.1709359,8.904059,25.46426,2.7290406,25.906155
2018-12-05 02:00:00,3.82,3.070577,8.547425,20.413464,2.6286817,20.855358
2018-12-05 02:15:00,3.85,3.0629609,8.074838,20.976044,2.6210656,21.417938
2018-12-05 02:30:00,4.64,3.1104133,8.018287,20.855534,2.668518,21.297428
2018-12-05 02:45:00,4.86,3.6570427,7.3671865,20.052309,3.2151475,20.494204
2018-12-05 03:00:00,3.82,3.6378314,3.9460053,20.798563,3.1959362,21.240458
2018-12-05 03:15:00,3.49,3.371444,4.5186124,22.032997,2.9295487,22.474892
2018-12-05 03:30:00,3.13,3.3632028,4.5738196,20.905088,2.9213076,21.346983
2018-12-05 03:45:00,3.2,3.3784683,4.3339057,18.175396,2.936573,18.61729
2018-12-05 04:00:00,3.13,3.6949418,4.5515065,18.91639,3.2530465,19.358284
2018-12-05 04:15:00,3.1,3.6495683,3.9170356,18.067995,3.207673,18.50989
2018-12-05 04:30:00,3.17,3.542391,3.6701856,17.563183,3.1004958,18.005077
2018-12-05 04:45:00,3.06,3.4445956,3.9488664,18.727896,3.0027003,19.16979
2018-12-05 05:00:00,3.17,3.1196837,4.4952736,18.627497,2.6777885,19.069391
2018-12-05 05:15:00,3.06,3.422885,5.0873194,18.29587,2.9809897,18.737764
2018-12-05 05:30:00,3.1,3.383175,4.2617207,18.021923,2.9412796,18.463818
2018-12-05 05:45:00,3.02,3.427166,3.77226,17.937134,2.9852707,18.379028
2018-12-05 06:00:00,3.1,2.9348629,4.3953586,17.854628,2.4929676,18.296522
2018-12-05 06:15:00,3.02,2.964348,4.3952713,17.742826,2.5224528,18.184721
2018-12-05 06:30:00,4.61,3.3879197,4.0385723,17.868832,2.9460244,18.310726
2018-12-05 06:45:00,4.9,3.1886241,3.601921,17.290817,2.746729,17.732712
2018-12-05 07:00:00,3.85,3.1017435,3.573149,17.619637,2.6598482,18.061531
2018-12-05 07:15:00,3.49,2.9621468,3.3818033,18.59893,2.5202515,19.040825
2018-12-05 07:30:00,3.2,3.1768808,3.607989,18.071058,2.7349856,18.512953
2018-12-05 07:45:00,4.32,3.5988052,3.9924397,14.611825,3.15691,15.05372
2018-12-05 08:00:00,4.72,3.9174082,4.0115824,15.00102,3.475513,15.442916
2018-12-05 08:15:00,27.65,20.126701,38.937668,51.883015,19.684807,52.32491
2018-12-05 08:30:00,61.56,25.702524,66.84365,112.73339,25.26063,113.175285
2018-12-05 08:45:00,57.71,26.115393,68.10162,118.208916,25.673498,118.65081
2018-12-05 09:00:00,57.82,33.363403,72.82678,115.0647,32.92151,115.50659
2018-12-05 09:15:00,68.08,35.90612,72.994835,116.06684,35.464226,116.508736
2018-12-05 09:30:00,64.08,34.015095,69.38018,113.52484,33.5732,113.966736
2018-12-05 09:45:00,64.76,36.166622,72.70669,115.77957,35.724728,116.221466
2018-12-05 10:00:00,62.68,31.249887,68.53231,111.36673,30.807993,111.808624
2018-12-05 10:15:00,49.28,29.44744,68.667725,111.947845,29.005545,112.38974
2018-12-05 10:30:00,56.52,29.795938,70.43039,113.114685,29.354044,113.55658
2018-12-05 10:45:00,59.04,31.620739,70.2957,114.739044,31.178844,115.18094
2018-12-05 11:00:00,66.85,32.22602,66.32414,104.52066,31.784126,104.962555
2018-12-05 11:15:00,68.83,29.896019,69.17387,111.238434,29.454124,111.68033
2018-12-05 11:30:00,60.3,29.290298,68.80362,113.002655,28.848404,113.44455
2018-12-05 11:45:00,53.21,30.177269,66.4172,112.75327,29.735374,113.19517
2018-12-05 12:00:00,40.97,24.30264,59.530796,99.371895,23.860746,99.81379
2018-12-05 12:15:00,10.69,3.6541321,7.443804,16.48585,3.212237,16.927744
2018-12-05 12:30:00,9.43,3.487365,6.8178725,12.540419,3.0454698,12.982314
2018-12-05 12:45:00,10.33,3.4486282,7.2518926,12.234354,3.006733,12.6762495
2018-12-05 13:00:00,26.68,3.4096317,6.7583866,12.055549,2.9677365,12.497444
2018-12-05 13:15:00,43.34,11.860175,52.390095,82.125435,11.41828,82.56733
2018-12-05 13:30:00,46.51,21.948706,64.48438,110.17694,21.506811,110.618835
2018-12-05 13:45:00,50.44,21.809172,62.451946,111.66948,21.367277,112.111374
2018-12-05 14:00:00,63.4,22.8363,64.38587,109.34519,22.394405,109.78709
2018-12-05 14:15:00,54.36,25.486475,69.23411,111.75191,25.04458,112.1938
2018-12-05 14:30:00,61.52,20.421785,60.017124,103.53744,19.97989,103.97933
2018-12-05 14:45:00,58.93,22.207933,64.09877,111.78462,21.766039,112.22652
2018-12-05 15:00:00,85.46,24.475075,64.48176,110.9837,24.03318,111.4256
2018-12-05 15:15:00,109.3,25.037716,65.26495,109.41751,24.595821,109.859406
2018-12-05 15:30:00,87.16,23.421072,63.276077,112.42156,22.979177,112.86346
2018-12-05 15:45:00,96.01,21.343748,61.942696,115.70736,20.901854,116.149254
2018-12-05 16:00:00,105.91,19.96389,62.203003,110.80786,19.521996,111.249756
2018-12-05 16:15:00,68.18,26.30807,68.68109,115.31952,25.866175,115.76141
2018-12-05 16:30:00,64.91,23.711843,65.77794,113.87706,23.269949,114.318954
2018-12-05 16:45:00,56.05,22.375626,65.81549,113.790955,21.933731,114.23285
2018-12-05 17:00:00,62.96,20.94706,70.5956,116.28016,20.505165,116.72205
2018-12-05 17:15:00,47.12,24.440872,64.54685,110.73455,23.998978,111.176445
2018-12-05 17:30:00,44.57,23.040783,63.03698,106.90561,22.598888,107.3475
2018-12-05 17:45:00,44.24,17.383734,35.41253,65.09852,16.94184,65.54041
2018-12-05 18:00:00,27.32,15.140947,32.96261,51.77921,14.699052,52.221104
2018-12-05 18:15:00,5.87,13.47487,33.38523,62.311516,13.032974,62.75341
2018-12-05 18:30:00,5.36,14.10698,39.234303,81.91557,13.665085,82.35747
2018-12-05 18:45:00,5.47,13.982899,40.544704,85.18868,13.541003,85.63058
2018-12-05 19:00:00,5.58,14.716692,41.03999,91.45178,14.2747965,91.89368
2018-12-05 19:15:00,5.58,13.821579,33.855167,73.94705,13.3796835,74.38895
2018-12-05 19:30:00,5.47,14.832213,43.857513,88.09002,14.390318,88.53191
2018-12-05 19:45:00,5.44,14.577039,41.512844,88.85018,14.135143,89.292076
2018-12-05 20:00:00,5.44,13.525933,36.066692,73.64104,13.084038,74.08293
2018-12-05 20:15:00,5.44,6.365046,36.302597,72.217575,5.923151,72.65947
2018-12-05 20:30:00,5.51,6.334478,35.18312,61.828037,5.892583,62.26993
2018-12-05 20:45:00,5.44,5.1289997,27.128935,50.828106,4.6871047,51.27
2018-12-05 21:00:00,4.82,4.4975433,11.974775,33.57863,4.0556483,34.020523
2018-12-05 21:15:00,4.28,3.9697807,6.377101,16.434027,3.5278854,16.875921
2018-12-05 21:30:00,4.25,3.8850043,6.4582133,15.709398,3.443109,16.151293
2018-12-05 21:45:00,4.28,3.9146016,6.023113,15.553171,3.4727063,15.995067
2018-12-05 22:00:00,4.36,3.6679327,4.8657594,14.256591,3.2260375,14.698486
2018-12-05 22:15:00,4.03,3.0752728,6.708448,14.647532,2.6333776,15.089428
2018-12-05 22:30:00,4.0,4.4595337,6.9658313,21.321032,4.0176387,21.762926
2018-12-05 22:45:00,4.03,5.6330514,6.0591607,21.158604,5.1911564,21.600498
2018-12-05 23:00:00,4.0,4.883364,4.8918123,20.642824,4.441469,21.084719
2018-12-05 23:15:00,4.0,3.1629674,5.2287717,8.830214,2.7210722,9.272109
2018-12-05 23:30:00,3.92,3.1598496,4.9320693,7.3814797,2.7179544,7.8233747
2018-12-05 23:45:00,4.0,3.0817719,4.992582,7.3171535,2.6398766,7.7590485
2018-12-06 00:00:00,4.0,3.3247044,5.7075353,11.52333,2.8828092,11.965225
2018-12-06 00:15:00,3.96,3.3312552,5.645703,9.916343,2.88936,10.358238
2018-12-06 00:30:00,4.79,3.3385394,5.909792,9.348341,2.896644,9.790236
2018-12-06 00:45:00,5.18,3.3528612,5.9243097,9.352664,2.910966,9.7945595
2018-12-06 01:00:00,4.03,3.322621,5.8921328,9.414508,2.8807259,9.856403
2018-12-06 01:15:00,3.92,3.2790978,5.918035,9.307037,2.8372025,9.748933
2018-12-06 01:30:00,4.0,3.248923,6.478892,8.652058,2.8070278,9.093953
2018-12-06 01:45:00,3.92,3.3469727,5.8212094,9.33881,2.9050775,9.780705
2018-12-06 02:00:00,4.07,3.3067424,5.730056,8.119399,2.8648472,8.561295
2018-12-06 02:15:00,3.46,3.2944076,5.7999496,8.097102,2.8525124,8.538998
2018-12-06 02:30:00,3.28,3.3456795,6.352678,9.330141,2.9037843,9.772037
2018-12-06 02:45:00,3.38,3.409392,6.0730596,8.787394,2.9674969,9.229289
2018-12-06 03:00:00,3.31,3.0931137,6.0076423,9.817777,2.6512184,10.259672
2018-12-06 03:15:00,3.35,3.0396678,5.9638677,6.976121,2.5977726,7.418016
2018-12-06 03:30:00,3.35,3.0211258,5.3303056,5.5480695,2.5792305,5.9899645
2018-12-06 03:45:00,3.38,3.0860507,4.974516,5.216908,2.6441555,5.658803
2018-12-06 04:00:00,3.42,3.06616,5.0862174,5.165972,2.6242647,5.6078672
2018-12-06 04:15:00,3.31,3.0084734,4.8965464,5.2078547,2.5665781,5.6497498
2018-12-06 04:30:00,4.61,3.0364218,5.152767,5.9175806,2.5945265,6.3594756
2018-12-06 04:45:00,5.04,3.012902,3.7159672,5.9131346,2.5710068,6.3550296
2018-12-06 05:00:00,4.07,3.0202062,3.731264,5.9204736,2.578311,6.3623686
2018-12-06 05:15:00,3.71,3.0169613,3.7366614,5.746314,2.575066,6.188209
2018-12-06 05:30:00,3.31,3.0063012,3.8781443,5.192644,2.564406,5.634539
2018-12-06 05:45:00,3.31,3.003647,3.7358994,6.3721504,2.5617518,6.8140454
2018-12-06 06:00:00,3.38,2.9940932,3.7500987,5.5531306,2.552198,5.9950256
2018-12-06 06:15:00,3.31,2.9758606,3.6800194,4.794675,2.5339653,5.23657
2018-12-06 06:30:00,3.28,3.0778852,4.0970693,5.918069,2.63599,6.359964
2018-12-06 06:45:00,3.31,3.099837,4.2893567,5.474342,2.6579418,5.916237
2018-12-06 07:00:00,3.24,3.0490813,4.184546,5.2520394,2.607186,5.6939344
2018-12-06 07:15:00,3.28,2.9835172,4.076709,5.355035,2.541622,5.79693
2018-12-06 07:30:00,3.46,3.146993,6.248567,6.476985,2.7050977,6.91888
2018-12-06 07:45:00,4.21,3.4805071,6.2610955,11.227323,3.038612,11.669218
2018-12-06 08:00:00,6.44,3.4081905,6.7025485,12.250009,2.9662952,12.691904
2018-12-06 08:15:00,32.29,10.41173,36.833,37.8578,9.969834,38.299694
2018-12-06 08:30:00,64.98,42.565968,66.1414,106.171646,42.124073,106.61354
2018-12-06 08:45:00,60.84,43.695915,68.42839,110.916306,43.25402,111.3582
2018-12-06 09:00:00,59.87,44.27395,72.9467,111.29382,43.832054,111.73572
2018-12-06 09:15:00,67.0,39.98406,70.1384,107.001076,39.542164,107.44297
2018-12-06 09:30:00,71.17,38.96801,67.637985,107.269684,38.526115,107.71158
2018-12-06 09:45:00,76.86,41.098522,69.05359,105.40735,40.656628,105.84924
2018-12-06 10:00:00,66.67,37.991863,65.749794,109.298744,37.54997,109.74064
2018-12-06 10:15:00,63.18,34.322506,63.057873,101.19699,33.88061,101.638885
2018-12-06 10:30:00,68.87,35.610107,65.45202,103.24725,35.168213,103.68915
2018-12-06 10:45:00,71.06,37.133106,63.666626,102.169426,36.69121,102.61132
2018-12-06 11:00:00,62.78,35.894547,67.29218,102.41842,35.452652,102.86031
2018-12-06 11:15:00,60.88,36.302246,67.62776,104.39521,35.86035,104.837105
2018-12-06 11:30:00,74.45,35.78623,68.35366,104.5134,35.344334,104.95529
2018-12-06 11:45:00,67.82,33.198605,64.15415,102.60827,32.75671,103.05016
2018-12-06 12:00:00,69.26,29.324146,52.295944,82.13205,28.882252,82.573944
2018-12-06 12:15:00,9.94,4.1462297,7.948267,18.31361,3.7043345,18.755505
2018-12-06 12:30:00,6.88,3.6698487,8.07953,14.48632,3.2279534,14.928215
2018-12-06 12:45:00,7.02,3.667257,7.52222,13.37681,3.2253618,13.818706
2018-12-06 13:00:00,6.95,4.5661073,7.4073253,28.64078,4.1242123,29.082674
2018-12-06 13:15:00,35.78,14.275563,35.84257,59.729263,13.833668,60.171158
2018-12-06 13:30:00,61.78,24.260221,59.350765,92.83424,23.818327,93.27614
2018-12-06 13:45:00,60.8,24.192715,59.397106,94.53866,23.75082,94.98055
2018-12-06 14:00:00,71.78,29.204262,61.25808,99.559135,28.762367,100.00103
2018-12-06 14:15:00,72.11,25.662664,60.51464,99.35191,25.22077,99.79381
2018-12-06 14:30:00,68.22,28.118567,60.643604,94.025986,27.676672,94.46788
2018-12-06 14:45:00,73.44,26.942364,61.37652,97.49755,26.50047,97.939445
2018-12-06 15:00:00,56.88,28.9256,68.290436,105.65003,28.483706,106.09193
2018-12-06 15:15:00,50.29,29.762016,65.05116,105.889534,29.320122,106.33143
2018-12-06 15:30:00,48.78,27.921953,62.224804,103.97921,27.480059,104.421104
2018-12-06 15:45:00,48.96,30.376165,62.10761,104.796974,29.93427,105.23887
2018-12-06 16:00:00,49.97,29.06403,63.265594,103.323006,28.622135,103.7649
2018-12-06 16:15:00,62.28,31.538988,63.74454,102.263115,31.097094,102.70501
2018-12-06 16:30:00,47.95,27.444735,58.462746,100.940506,27.00284,101.3824
2018-12-06 16:45:00,57.35,26.496973,60.796658,99.11903,26.055079,99.56093
2018-12-06 17:00:00,47.77,25.330183,62.16744,104.78078,24.888288,105.22267
2018-12-06 17:15:00,48.6,31.119705,55.133213,88.840256,30.67781,89.28215
2018-12-06 17:30:00,57.46,33.89633,54.084507,87.83332,33.454437,88.275215
2018-12-06 17:45:00,31.86,29.342758,30.996222,59.351707,28.900864,59.793602
2018-12-06 18:00:00,31.61,21.675253,31.429192,57.991302,21.233358,58.433197
2018-12-06 18:15:00,36.61,22.466333,37.195255,62.947094,22.024439,63.38899
2018-12-06 18:30:00,40.07,19.21522,41.6793,71.288475,18.773325,71.73037
2018-12-06 18:45:00,37.87,18.673706,46.67574,66.249146,18.231812,66.69104
2018-12-06 19:00:00,47.23,18.352085,48.370274,71.02017,17.91019,71.46207
2018-12-06 19:15:00,53.03,17.677864,39.97729,64.64706,17.23597,65.08895
2018-12-06 19:30:00,38.63,17.795856,48.286434,70.14979,17.353962,70.59168
2018-12-06 19:45:00,37.51,18.009666,47.909042,68.56576,17.567772,69.00765
2018-12-06 20:00:00,38.3,16.471497,40.18013,63.878056,16.029602,64.319954
2018-12-06 20:15:00,54.36,9.307043,44.925865,54.741737,8.865148,55.18363
2018-12-06 20:30:00,38.84,8.714759,41.494865,58.146915,8.272863,58.58881
2018-12-06 20:45:00,27.72,8.104118,36.98465,49.50225,7.6622233,49.944145
2018-12-06 21:00:00,8.86,6.727428,13.090278,30.714176,6.285533,31.15607
2018-12-06 21:15:00,5.51,4.2190166,6.691096,11.886253,3.7771213,12.328149
2018-12-06 21:30:00,5.58,4.068056,6.8114557,10.399436,3.6261609,10.8413315
2018-12-06 21:45:00,5.62,4.0551767,6.7385592,10.704114,3.6132815,11.146009
2018-12-06 22:00:00,5.54,4.0994062,4.8443155,10.426415,3.657511,10.868311
2018-12-06 22:15:00,5.26,4.664585,6.963602,18.164616,4.22269,18.60651
2018-12-06 22:30:00,5.22,3.3337018,7.030888,23.696524,2.8918066,24.138418
2018-12-06 22:45:00,5.26,3.9754534,4.8352985,18.765392,3.5335581,19.207287
2018-12-06 23:00:00,4.18,3.2703536,3.8534403,17.582035,2.8284583,18.02393
2018-12-06 23:15:00,3.96,3.2513325,4.1754165,5.7118287,2.8094373,6.1537237
2018-12-06 23:30:00,4.0,3.246401,4.252747,5.7991567,2.8045058,6.2410517
2018-12-06 23:45:00,4.0,3.2458909,4.2149806,5.7462387,2.8039956,6.1881337
2018-12-07 00:00:00,4.03,3.2051888,4.398361,8.75951,2.7632935,9.201406
2018-12-07 00:15:00,3.96,3.2349863,4.392187,8.381099,2.793091,8.822994
2018-12-07 00:30:00,4.03,3.2170987,4.775177,7.018998,2.7752035,7.460893
2018-12-07 00:45:00,4.03,3.2024312,4.9497,8.5483055,2.760536,8.990201
2018-12-07 01:00:00,4.0,3.2217174,4.5027523,7.9589624,2.779822,8.400858
2018-12-07 01:15:00,4.03,2.9138384,4.441373,7.5710907,2.4719431,8.012986
2018-12-07 01:30:00,4.03,3.2026286,4.5066185,7.535768,2.7607334,7.977663
2018-12-07 01:45:00,4.03,3.272017,4.36778,7.498234,2.8301218,7.940129
2018-12-07 02:00:00,4.1,3.2123518,4.3270583,6.3786025,2.7704566,6.8204975
2018-12-07 02:15:00,4.0,3.0665615,4.235533,5.479633,2.6246662,5.921528
2018-12-07 02:30:00,4.72,3.1222332,4.080776,5.28138,2.680338,5.723275
2018-12-07 02:45:00,4.79,3.1165907,4.1066403,7.057154,2.6746955,7.499049
2018-12-07 03:00:00,4.14,3.1157978,3.9436293,8.442103,2.6739025,8.883999
2018-12-07 03:15:00,4.07,3.0199144,3.8926392,5.383184,2.5780191,5.825079
2018-12-07 03:30:00,4.03,2.979955,3.8409858,4.205457,2.5380597,4.647352
2018-12-07 03:45:00,4.0,2.9794242,3.8350267,4.0901504,2.537529,4.5320454
2018-12-07 04:00:00,3.42,2.9832842,3.8559499,4.007711,2.541389,4.449606
2018-12-07 04:15:00,3.49,2.9734619,3.8782458,4.1101847,2.5315666,4.5520797
2018-12-07 04:30:00,3.46,3.051947,4.363268,5.29063,2.6100519,5.732525
2018-12-07 04:45:00,3.38,3.2234921,4.7220755,7.2263165,2.781597,7.6682115
2018-12-07 05:00:00,3.42,3.160094,4.2494483,6.402626,2.7181988,6.844521
2018-12-07 05:15:00,3.42,3.0693874,4.1203666,5.1953163,2.6274922,5.6372113
2018-12-07 05:30:00,3.74,3.0726078,4.588952,6.356061,2.6307125,6.797956
2018-12-07 05:45:00,4.07,2.7067509,4.0750184,5.665398,2.2648556,6.107293
2018-12-07 06:00:00,3.49,2.6679528,3.932032,4.736308,2.2260575,5.178203
2018-12-07 06:15:00,3.42,3.113105,3.794088,3.8405657,2.6712098,4.2824607
2018-12-07 06:30:00,3.64,3.1648993,3.8816175,6.244795,2.723004,6.68669
2018-12-07 06:45:00,4.1,3.1588438,3.8652253,6.292104,2.7169485,6.733999
2018-12-07 07:00:00,4.0,3.1015532,3.8536153,4.375017,2.659658,4.816912
2018-12-07 07:15:00,4.0,3.1553755,3.833508,5.9108763,2.7134802,6.3527713
2018-12-07 07:30:00,3.82,3.4630578,4.1924224,5.5316525,3.0211625,5.9735475
2018-12-07 07:45:00,4.54,3.6140106,5.0790935,7.6706533,3.1721153,8.112549
2018-12-07 08:00:00,4.79,4.039748,5.6776843,9.693941,3.597853,10.135837
2018-12-07 08:15:00,47.66,11.802295,38.66671,45.400177,11.360399,45.84207
2018-12-07 08:30:00,60.19,35.288857,69.43802,114.01697,34.846962,114.45886
2018-12-07 08:45:00,60.19,34.762997,67.92541,114.70642,34.321102,115.148315
2018-12-07 09:00:00,53.32,32.72167,73.182014,113.246735,32.279774,113.68863
2018-12-07 09:15:00,58.86,39.39661,69.800766,117.4217,38.954716,117.863594
2018-12-07 09:30:00,49.5,33.63111,70.414055,119.51932,33.189217,119.96121
2018-12-07 09:45:00,48.42,35.517765,71.54993,117.94699,35.07587,118.388885
2018-12-07 10:00:00,62.78,32.026764,71.81252,118.065636,31.58487,118.50753
2018-12-07 10:15:00,48.02,35.257217,66.50526,116.782425,34.815323,117.22432
2018-12-07 10:30:00,46.22,31.956177,71.304276,116.0366,31.514282,116.47849
2018-12-07 10:45:00,57.46,33.51358,73.44857,118.03285,33.071686,118.47475
2018-12-07 11:00:00,48.78,31.438608,70.13314,118.45064,30.996714,118.89253
2018-12-07 11:15:00,47.02,32.075676,70.03496,119.695946,31.633781,120.13784
2018-12-07 11:30:00,58.0,34.570015,73.238846,117.2575,34.12812,117.699394
2018-12-07 11:45:00,51.48,33.742332,70.9739,116.25051,33.300438,116.692406
2018-12-07 12:00:00,44.28,26.828537,63.69527,108.70756,26.386642,109.14945
2018-12-07 12:15:00,26.6,4.8386555,6.668261,16.79843,4.3967605,17.240324
2018-12-07 12:30:00,12.49,4.124234,5.0882554,11.118324,3.682339,11.56022
2018-12-07 12:45:00,9.79,4.0199018,5.8282585,11.169758,3.5780065,11.611653
2018-12-07 13:00:00,10.76,5.000292,6.83429,24.755955,4.558397,25.19785
2018-12-07 13:15:00,44.06,12.0728035,35.354538,57.468296,11.630908,57.91019
2018-12-07 13:30:00,49.82,22.496588,65.96641,112.15991,22.054693,112.60181
2018-12-07 13:45:00,54.36,25.814741,64.95858,103.88705,25.372847,104.32894
2018-12-07 14:00:00,55.98,29.742153,70.30756,113.83865,29.300259,114.28055
2018-12-07 14:15:00,56.48,27.380836,70.49812,115.195984,26.938942,115.63788
2018-12-07 14:30:00,47.41,26.65995,70.42526,117.82476,26.218056,118.266655
2018-12-07 14:45:00,47.95,27.316793,73.22904,117.44091,26.874899,117.882805
2018-12-07 15:00:00,58.86,27.018646,72.24754,115.73316,26.576752,116.17506
2018-12-07 15:15:00,50.08,26.265541,69.47086,112.55603,25.823647,112.997925
2018-12-07 15:30:00,51.88,24.30448,65.99234,104.65937,23.862585,105.101265
2018-12-07 15:45:00,53.82,25.503252,68.089836,105.46222,25.061357,105.90411
2018-12-07 16:00:00,49.9,25.27304,71.64652,112.29064,24.831146,112.73254
2018-12-07 16:15:00,57.1,24.290861,68.0727,117.59853,23.848967,118.04043
2018-12-07 16:30:00,50.33,25.43886,64.25346,104.611534,24.996965,105.05343
2018-12-07 16:45:00,68.54,25.602283,68.05127,113.01493,25.160389,113.456825
2018-12-07 17:00:00,60.12,19.99824,67.992294,107.51908,19.556345,107.960976
2018-12-07 17:15:00,72.11,27.679956,60.8002,106.15151,27.238062,106.59341
2018-12-07 17:30:00,46.33,29.34071,63.67674,109.14868,28.898815,109.590576
2018-12-07 17:45:00,34.16,19.01236,34.551792,51.930912,18.570465,52.372807
2018-12-07 18:00:00,30.35,17.05965,34.56501,46.630096,16.617756,47.07199
2018-12-07 18:15:00,42.48,19.723162,38.006584,60.3893,19.281267,60.831196
2018-12-07 18:30:00,52.85,17.479021,44.570892,71.87296,17.037127,72.31486
2018-12-07 18:45:00,58.97,16.73076,49.48458,73.26664,16.288866,73.708534
2018-12-07 19:00:00,57.17,14.705716,51.64296,85.103836,14.263821,85.54573
2018-12-07 19:15:00,44.39,18.962421,45.989376,77.10833,18.520527,77.550224
2018-12-07 19:30:00,47.84,14.810848,51.785976,85.35199,14.368953,85.793884
2018-12-07 19:45:00,54.07,15.811086,42.021194,73.17502,15.36919,73.61691
2018-12-07 20:00:00,43.38,14.9769745,43.807777,69.748924,14.535079,70.19082
2018-12-07 20:15:00,57.64,9.699632,50.041443,74.820915,9.257736,75.26281
2018-12-07 20:30:00,41.72,9.118568,47.087124,67.62627,8.676673,68.06816
2018-12-07 20:45:00,31.9,5.8831105,42.11474,59.263935,5.4412155,59.70583
2018-12-07 21:00:00,19.69,5.3787565,11.262916,34.567135,4.9368615,35.00903
2018-12-07 21:15:00,5.62,4.1981945,6.8436985,14.732461,3.7562993,15.174356
2018-12-07 21:30:00,5.62,4.1250415,6.7000527,15.6431875,3.6831462,16.085083
2018-12-07 21:45:00,5.15,4.113229,4.7509527,12.065522,3.6713336,12.507418
2018-12-07 22:00:00,4.28,3.8836582,4.8010983,10.807407,3.441763,11.249303
2018-12-07 22:15:00,4.0,4.598327,5.98445,12.419621,4.156432,12.861517
2018-12-07 22:30:00,4.07,3.195896,6.1264825,17.488169,2.7540007,17.930063
2018-12-07 22:45:00,4.03,3.9952178,4.5779185,12.303264,3.5533226,12.745159
2018-12-07 23:00:00,4.0,3.4185083,3.945984,13.496441,2.976613,13.938336
2018-12-07 23:15:00,3.96,3.4176145,4.291633,5.8172665,2.9757192,6.2591615
2018-12-07 23:30:00,4.03,3.220192,4.294269,5.8772397,2.7782967,6.3191347
2018-12-07 23:45:00,4.0,3.1302302,4.2872567,5.678899,2.688335,6.120794
2018-12-08 00:00:00,3.78,3.2324517,3.5384421,8.681328,2.7905564,9.123223
2018-12-08 00:15:00,4.0,3.2984478,3.6716266,6.50223,2.8565526,6.944125
2018-12-08 00:30:00,3.96,3.3119576,3.7404037,5.487156,2.8700624,5.929051
2018-12-08 00:45:00,4.0,3.2941096,3.6346688,6.66892,2.8522143,7.110815
2018-12-08 01:00:00,4.0,3.3193352,3.7352195,6.49786,2.87744,6.939755
2018-12-08 01:15:00,5.15,3.309037,3.7302122,6.203339,2.8671417,6.645234
2018-12-08 01:30:00,4.79,3.3783882,3.6448116,5.560522,2.936493,6.002417
2018-12-08 01:45:00,3.96,3.3990996,3.6707997,6.279392,2.9572043,6.721287
2018-12-08 02:00:00,3.96,3.3423908,3.6338544,5.218335,2.9004955,5.66023
2018-12-08 02:15:00,4.1,3.3140433,3.6402993,4.4842873,2.872148,4.9261823
2018-12-08 02:30:00,4.0,3.262829,4.0296245,4.336827,2.8209338,4.778722
2018-12-08 02:45:00,4.0,3.287748,4.1936936,6.4705462,2.8458529,6.9124413
2018-12-08 03:00:00,4.0,2.9781334,3.812976,7.3813605,2.5362382,7.8232555
2018-12-08 03:15:00,3.96,3.2953236,3.6587381,4.5322247,2.8534284,4.9741197
2018-12-08 03:30:00,3.64,3.28212,3.605414,4.4644213,2.8402247,4.9063163
2018-12-08 03:45:00,3.38,3.303024,3.5885673,3.6380236,2.8611288,4.079919
2018-12-08 04:00:00,3.31,3.1378706,3.216581,3.4424407,2.6959753,3.884336
2018-12-08 04:15:00,3.35,3.0384321,3.1896522,3.4746342,2.5965369,3.9165294
2018-12-08 04:30:00,3.35,2.9271588,3.199847,4.2738094,2.4852636,4.7157044
2018-12-08 04:45:00,3.42,3.0161748,3.2167885,5.4545693,2.5742795,5.8964643
2018-12-08 05:00:00,3.49,2.888803,3.245578,5.17016,2.4469078,5.612055
2018-12-08 05:15:00,4.0,2.8808918,3.1959288,4.498812,2.4389966,4.940707
2018-12-08 05:30:00,3.53,2.8817377,3.1807663,4.5955644,2.4398425,5.0374594
2018-12-08 05:45:00,3.35,2.9909809,3.1592205,3.7353332,2.5490856,4.1772285
2018-12-08 06:00:00,3.38,2.9223661,3.2021768,3.3335216,2.480471,3.7754169
2018-12-08 06:15:00,4.03,3.037459,3.1922982,3.4049022,2.5955637,3.8467975
2018-12-08 06:30:00,4.03,3.0770512,3.200026,4.525321,2.635156,4.967216
2018-12-08 06:45:00,4.0,3.2520719,3.2715747,4.440118,2.8101766,4.882013
2018-12-08 07:00:00,3.78,3.2034132,3.2338457,4.4478397,2.761518,4.8897347
2018-12-08 07:15:00,3.35,3.1984076,3.385786,4.3689346,2.7565124,4.8108296
2018-12-08 07:30:00,3.31,3.3018055,3.3312988,4.6748295,2.8599102,5.1167245
2018-12-08 07:45:00,3.53,3.3520966,3.6622858,6.1991673,2.9102013,6.6410623
2018-12-08 08:00:00,3.67,3.428164,4.007679,8.188631,2.9862688,8.630527
2018-12-08 08:15:00,29.23,5.244875,22.343533,38.162277,4.80298,38.60417
2018-12-08 08:30:00,38.16,5.544522,27.009026,45.211582,5.102627,45.653477
2018-12-08 08:45:00,33.08,5.6702533,27.967457,45.373253,5.2283583,45.815147
2018-12-08 09:00:00,51.52,4.1962347,27.91026,46.218822,3.7543395,46.660717
2018-12-08 09:15:00,47.77,16.854822,37.843315,47.20082,16.412928,47.642715
2018-12-08 09:30:00,42.05,13.863579,38.78018,51.182434,13.421683,51.62433
2018-12-08 09:45:00,32.4,15.042178,40.739876,49.904163,14.600283,50.346058
2018-12-08 10:00:00,31.43,15.004048,38.71843,45.08123,14.562153,45.523125
2018-12-08 10:15:00,31.57,12.152787,38.87092,49.87959,11.710892,50.321484
2018-12-08 10:30:00,31.43,10.971549,38.99012,47.956047,10.529654,48.39794
2018-12-08 10:45:00,47.66,11.826162,37.982895,49.818153,11.384267,50.260048
2018-12-08 11:00:00,49.28,11.053233,37.841866,46.660168,10.611338,47.102062
2018-12-08 11:15:00,38.16,11.137128,37.351807,45.240726,10.695232,45.68262
2018-12-08 11:30:00,44.14,13.449616,39.31991,49.90448,13.007721,50.346375
2018-12-08 11:45:00,38.27,10.238641,31.606743,47.69594,9.796745,48.137833
2018-12-08 12:00:00,22.46,6.611183,27.092436,45.951263,6.169288,46.393158
2018-12-08 12:15:00,3.92,3.2428038,5.1025534,24.232365,2.8009086,24.67426
2018-12-08 12:30:00,4.57,3.2378695,3.5002995,16.321266,2.7959743,16.76316
2018-12-08 12:45:00,5.36,3.3155801,4.129393,12.048735,2.873685,12.49063
2018-12-08 13:00:00,6.08,3.0853841,3.8250551,20.661655,2.643489,21.10355
2018-12-08 13:15:00,34.09,6.307224,20.132341,35.379578,5.865329,35.821472
2018-12-08 13:30:00,55.69,9.6129055,33.041897,39.93642,9.17101,40.378315
2018-12-08 13:45:00,40.61,10.212351,32.565998,38.976295,9.770455,39.41819
2018-12-08 14:00:00,50.51,12.182136,31.357948,39.645496,11.74024,40.08739
2018-12-08 14:15:00,37.98,12.287745,35.865044,39.317875,11.84585,39.75977
2018-12-08 14:30:00,48.89,11.212385,34.355854,38.98118,10.77049,39.423073
2018-12-08 14:45:00,37.73,12.907512,31.68728,38.59786,12.465616,39.039753
2018-12-08 15:00:00,40.03,13.653277,23.837551,38.786583,13.211382,39.228477
2018-12-08 15:15:00,43.67,13.666441,23.980606,39.360184,13.2245455,39.80208
2018-12-08 15:30:00,46.15,13.576446,22.883804,40.597504,13.13455,41.0394
2018-12-08 15:45:00,49.68,13.8391075,22.578308,38.515163,13.397212,38.957058
2018-12-08 16:00:00,49.32,11.11729,22.343212,38.789787,10.675394,39.23168
2018-12-08 16:15:00,49.46,10.577964,23.159672,36.20665,10.136068,36.648544
2018-12-08 16:30:00,49.54,9.672823,22.523193,36.953068,9.230927,37.394962
2018-12-08 16:45:00,34.63,7.3085628,24.241678,35.80879,6.8666677,36.250683
2018-12-08 17:00:00,27.0,6.746223,8.875792,27.905355,6.304328,28.34725
2018-12-08 17:15:00,9.9,7.8614078,13.356751,34.19125,7.4195127,34.633144
2018-12-08 17:30:00,5.22,8.872353,12.590557,30.270884,8.430457,30.712778
2018-12-08 17:45:00,5.29,6.8870435,11.225981,27.66811,6.4451485,28.110004
2018-12-08 18:00:00,5.22,6.4948664,10.808069,23.047693,6.0529714,23.489588
2018-12-08 18:15:00,5.18,6.4989605,12.734724,26.473219,6.0570655,26.915113
2018-12-08 18:30:00,5.15,6.283207,12.24122,31.593397,5.841312,32.035294
2018-12-08 18:45:00,5.33,6.1572504,10.851217,33.878445,5.7153554,34.32034
2018-12-08 19:00:00,5.15,6.300925,10.408895,35.002052,5.85903,35.443947
2018-12-08 19:15:00,4.1,6.5377755,12.191527,33.424736,6.0958805,33.86663
2018-12-08 19:30:00,4.14,6.8472576,12.391093,31.495924,6.4053626,31.937819
2018-12-08 19:45:00,4.1,6.9063473,12.330083,32.313774,6.4644523,32.75567
2018-12-08 20:00:00,4.14,6.053528,11.790475,30.899776,5.611633,31.341671
2018-12-08 20:15:00,4.1,3.4369564,6.1115313,23.580608,2.9950612,24.022503
2018-12-08 20:30:00,4.03,3.5720773,3.8966126,22.725386,3.130182,23.16728
2018-12-08 20:45:00,4.14,3.2539883,3.7522836,21.67172,2.812093,22.113615
2018-12-08 21:00:00,4.1,3.3683684,3.8897119,19.57092,2.9264731,20.012815
2018-12-08 21:15:00,4.14,2.7641377,3.354912,10.422751,2.3222425,10.864647
2018-12-08 21:30:00,4.1,2.8995695,3.3259194,10.429458,2.4576743,10.871353
2018-12-08 21:45:00,4.14,2.9093626,3.3881204,8.627287,2.4674673,9.069182
2018-12-08 22:00:00,4.1,3.0210378,3.3592858,7.4345584,2.5791426,7.8764534
2018-12-08 22:15:00,3.82,4.331233,5.762015,16.925238,3.8893378,17.367132
2018-12-08 22:30:00,3.89,4.299702,4.5973783,19.298727,3.857807,19.740622
2018-12-08 22:45:00,5.0,2.8392196,2.8684745,18.033941,2.3973243,18.475836
2018-12-08 23:00:00,4.75,2.7542167,2.8162968,15.397912,2.3123214,15.8398075
2018-12-08 23:15:00,3.82,3.056082,3.1028624,3.8903458,2.6141868,4.332241
2018-12-08 23:30:00,3.71,3.05042,3.1680603,3.696745,2.6085248,4.13864
2018-12-08 23:45:00,3.82,3.057402,3.128108,3.87223,2.6155066,4.314125
2018-12-09 00:00:00,3.17,3.1075692,3.6178303,7.69754,2.665674,8.139435
2018-12-09 00:15:00,3.74,3.127833,3.3846297,6.5974183,2.6859376,7.0393133
2018-12-09 00:30:00,3.74,3.151785,3.4816856,5.3152995,2.7098897,5.7571945
2018-12-09 00:45:00,3.82,3.168364,3.5356507,6.546196,2.7264688,6.988091
2018-12-09 01:00:00,3.85,3.2098439,3.6687822,6.006259,2.7679486,6.448154
2018-12-09 01:15:00,3.78,3.1112459,3.6418843,7.0473404,2.6693506,7.4892354
2018-12-09 01:30:00,3.82,3.1361048,3.6542368,5.3019443,2.6942096,5.7438393
2018-12-09 01:45:00,3.78,3.1741211,3.7084088,5.6485567,2.732226,6.0904517
2018-12-09 02:00:00,3.78,3.1694877,3.5287628,5.011145,2.7275925,5.45304
2018-12-09 02:15:00,3.17,3.133577,3.3950562,5.704807,2.6916819,6.146702
2018-12-09 02:30:00,3.13,3.1905963,3.5411444,3.9612033,2.748701,4.4030986
2018-12-09 02:45:00,3.35,3.2231252,3.5922356,5.32608,2.78123,5.767975
2018-12-09 03:00:00,3.67,3.205747,3.6697211,7.6991286,2.7638516,8.141024
2018-12-09 03:15:00,3.02,3.2250745,3.663127,4.1453757,2.7831793,4.5872707
2018-12-09 03:30:00,3.13,3.1279533,3.3571632,3.3672504,2.686058,3.8091457
2018-12-09 03:45:00,3.06,3.0865862,3.2097547,3.3889263,2.644691,3.8308215
2018-12-09 04:00:00,3.06,3.0069168,3.074691,3.3250272,2.5650215,3.7669225
2018-12-09 04:15:00,3.06,3.010336,3.0686557,3.3327072,2.5684407,3.7746024
2018-12-09 04:30:00,3.2,2.9858541,3.0635164,4.225109,2.543959,4.667004
2018-12-09 04:45:00,3.78,3.1041708,3.1634958,6.785241,2.6622756,7.227136
2018-12-09 05:00:00,3.78,2.954062,3.145035,5.7149,2.5121667,6.156795
2018-12-09 05:15:00,3.74,3.0940788,3.220199,4.211932,2.6521835,4.653827
2018-12-09 05:30:00,3.74,2.7895374,3.0954134,4.4791956,2.3476422,4.9210906
2018-12-09 05:45:00,3.13,2.8723152,3.0847924,3.60627,2.43042,4.0481653
2018-12-09 06:00:00,3.74,2.8308105,3.0592444,3.2505834,2.3889153,3.6924787
2018-12-09 06:15:00,3.56,2.9993622,3.0772564,3.3012025,2.557467,3.7430978
2018-12-09 06:30:00,3.1,3.0737839,3.1584086,4.134166,2.6318886,4.576061
2018-12-09 06:45:00,2.95,3.1627722,3.193354,4.132147,2.720877,4.574042
2018-12-09 07:00:00,3.06,3.1265793,3.1363862,3.4225352,2.684684,3.8644304
2018-12-09 07:15:00,3.02,2.9631903,3.1019895,4.190216,2.521295,4.632111
2018-12-09 07:30:00,2.95,2.9621632,3.0881083,4.437776,2.520268,4.879671
2018-12-09 07:45:00,3.02,3.1134732,3.6661134,5.7058764,2.671578,6.1477714
2018-12-09 08:00:00,2.99,3.2136428,3.66576,7.0949388,2.7717476,7.536834
2018-12-09 08:15:00,3.13,3.027678,8.075732,26.47959,2.5857828,26.921484
2018-12-09 08:30:00,3.74,3.5962486,10.329711,36.018627,3.1543534,36.46052
2018-12-09 08:45:00,3.82,3.3395193,10.914086,31.409653,2.897624,31.851547
2018-12-09 09:00:00,3.96,3.3639872,14.437509,39.067986,2.922092,39.50988
2018-12-09 09:15:00,4.03,3.4960697,6.6047916,15.769257,3.0541744,16.211151
2018-12-09 09:30:00,3.35,3.791872,5.7254934,17.595076,3.3499768,18.03697
2018-12-09 09:45:00,3.31,3.4904242,6.480098,13.983977,3.048529,14.425873
2018-12-09 10:00:00,3.89,3.4744437,7.7317157,7.8354297,3.0325484,8.277325
2018-12-09 10:15:00,4.03,3.4921925,4.796434,5.4234977,3.0502973,5.8653927
2018-12-09 10:30:00,3.31,3.4726996,4.175258,4.993811,3.0308044,5.435706
2018-12-09 10:45:00,3.35,3.472366,5.625126,7.087393,3.0304708,7.529288
2018-12-09 11:00:00,3.42,3.5802062,6.17687,6.3724236,3.138311,6.8143187
2018-12-09 11:15:00,3.35,3.594278,5.8668847,7.6875978,3.1523829,8.129493
2018-12-09 11:30:00,3.31,3.3361619,4.8813243,5.314473,2.8942666,5.756368
2018-12-09 11:45:00,3.38,3.5013454,6.116768,7.383782,3.0594501,7.825677
2018-12-09 12:00:00,3.89,3.0213754,3.9872851,5.570801,2.5794802,6.012696
2018-12-09 12:15:00,4.18,2.7441692,3.3128333,3.4395878,2.302274,3.881483
2018-12-09 12:30:00,4.1,3.2428222,3.4257329,5.6998606,2.800927,6.1417556
2018-12-09 12:45:00,4.1,3.2655644,3.3471208,6.135819,2.8236692,6.577714
2018-12-09 13:00:00,3.6,3.288877,3.3631907,4.280337,2.8469818,4.722232
2018-12-09 13:15:00,3.42,3.3562307,4.810092,12.297467,2.9143355,12.739363
2018-12-09 13:30:00,3.42,3.9043474,6.1101556,7.591306,3.4624522,8.033201
2018-12-09 13:45:00,3.35,3.7304015,6.019175,6.6581883,3.2885063,7.1000834
2018-12-09 14:00:00,3.92,3.9408545,4.3700767,6.3088956,3.4989593,6.7507906
2018-12-09 14:15:00,3.78,3.6126764,3.8079543,6.3142896,3.1707811,6.7561846
2018-12-09 14:30:00,3.42,3.8801944,4.15037,4.8517394,3.4382992,5.2936344
2018-12-09 14:45:00,3.38,3.9113536,3.9216204,4.9299464,3.4694583,5.3718414
2018-12-09 15:00:00,3.46,4.044008,5.643007,6.2517037,3.6021125,6.6935987
2018-12-09 15:15:00,3.42,3.7576482,5.09753,5.3620048,3.315753,5.8039
2018-12-09 15:30:00,3.53,3.7402363,5.417879,6.009674,3.298341,6.451569
2018-12-09 15:45:00,4.07,3.9596887,5.536351,5.555851,3.5177934,5.997746
2018-12-09 16:00:00,4.03,3.5553765,3.57212,5.126897,3.1134813,5.568792
2018-12-09 16:15:00,4.14,3.339654,4.4642434,4.789793,2.8977587,5.231688
2018-12-09 16:30:00,4.0,3.3656604,6.1661153,6.884479,2.9237652,7.326374
2018-12-09 16:45:00,3.31,3.346809,4.0533905,5.0636077,2.9049137,5.5055027
2018-12-09 17:00:00,3.35,3.0408754,5.124735,5.693574,2.5989802,6.135469
2018-12-09 17:15:00,3.49,3.0650344,3.6716537,5.34127,2.6231391,5.783165
2018-12-09 17:30:00,4.1,3.3733573,5.093326,5.468263,2.931462,5.910158
2018-12-09 17:45:00,3.64,3.1504097,5.1180177,5.1949644,2.7085145,5.6368594
2018-12-09 18:00:00,3.24,3.1120076,3.2584825,6.9016924,2.6701124,7.3435874
2018-12-09 18:15:00,3.28,3.04993,3.4063215,6.7300916,2.6080348,7.1719866
2018-12-09 18:30:00,3.31,2.2829514,4.666831,7.6550894,1.8410561,8.096985
2018-12-09 18:45:00,3.42,2.2839773,4.477517,6.0429378,1.842082,6.484833
2018-12-09 19:00:00,3.64,2.2577438,4.2061977,8.270111,1.8158486,8.712007
2018-12-09 19:15:00,4.07,2.1799374,3.3409224,9.308911,1.7380421,9.750807
2018-12-09 19:30:00,4.03,3.1273754,3.262052,9.355876,2.68548,9.797771
2018-12-09 19:45:00,4.03,3.1135972,4.588978,8.748303,2.671702,9.190199
2018-12-09 20:00:00,4.0,3.2398515,3.2836428,8.774022,2.7979562,9.215918
2018-12-09 20:15:00,3.31,3.0686023,4.5792027,8.429959,2.626707,8.871855
2018-12-09 20:30:00,3.31,3.2819455,3.433527,8.557805,2.8400502,8.999701
2018-12-09 20:45:00,3.35,3.1553535,3.2914176,9.050788,2.7134583,9.492683
2018-12-09 21:00:00,3.35,3.3468046,3.9362464,8.895377,2.9049094,9.337273
2018-12-09 21:15:00,3.67,3.351297,3.632213,10.860291,2.9094017,11.302186
2018-12-09 21:30:00,4.14,3.3198223,3.6160283,9.036106,2.877927,9.478002
2018-12-09 21:45:00,3.38,3.3276324,3.456716,9.267736,2.8857372,9.709632
2018-12-09 22:00:00,3.28,3.3015952,3.5837865,8.225311,2.8597,8.667207
2018-12-09 22:15:00,3.13,3.2201781,3.6748562,4.099916,2.7782829,4.541811
2018-12-09 22:30:00,3.17,3.1993208,3.6911154,3.7919812,2.7574255,4.233876
2018-12-09 22:45:00,3.78,3.1916642,3.4561028,4.92377,2.749769,5.365665
2018-12-09 23:00:00,3.78,3.1704054,3.3733292,3.7276936,2.7285101,4.1695886
2018-12-09 23:15:00,3.74,3.1408129,3.2430916,4.513145,2.6989176,4.95504
2018-12-09 23:30:00,3.74,3.138052,3.1855826,4.32792,2.6961567,4.769815
2018-12-09 23:45:00,3.46,3.1533484,3.2672276,4.9207754,2.7114532,5.3626704
2018-12-10 00:00:00,5.36,3.094703,3.588481,5.618556,2.6528077,6.060451
2018-12-10 00:15:00,3.06,3.1453607,3.5427003,9.631235,2.7034655,10.073131
2018-12-10 00:30:00,3.02,3.1566308,3.649376,6.7556434,2.7147355,7.1975384
2018-12-10 00:45:00,3.31,3.1623347,3.795138,6.3574524,2.7204394,6.7993474
2018-12-10 01:00:00,3.85,3.260224,3.2763495,5.637933,2.8183289,6.079828
2018-12-10 01:15:00,3.42,3.248964,3.4824576,7.022235,2.8070688,7.46413
2018-12-10 01:30:00,3.1,3.286245,3.7055092,5.4133096,2.8443499,5.8552046
2018-12-10 01:45:00,3.1,3.2732623,3.379107,5.4109225,2.831367,5.8528175
2018-12-10 02:00:00,3.17,3.2700908,3.3537197,4.74295,2.8281956,5.184845
2018-12-10 02:15:00,3.31,3.0325248,3.387189,4.4418902,2.5906296,4.8837852
2018-12-10 02:30:00,3.82,3.1183827,3.3438902,3.9019425,2.6764874,4.3438377
2018-12-10 02:45:00,3.78,3.194134,3.557341,5.083824,2.7522388,5.525719
2018-12-10 03:00:00,3.82,3.1196878,3.5289412,4.8497744,2.6777925,5.2916694
2018-12-10 03:15:00,3.74,2.9668381,3.3733473,3.4539132,2.5249429,3.8958085
2018-12-10 03:30:00,3.1,2.9720767,3.3394203,3.4227095,2.5301814,3.8646047
2018-12-10 03:45:00,3.2,2.965841,3.1499465,3.4114616,2.5239458,3.8533568
2018-12-10 04:00:00,3.1,2.9549952,3.0336466,3.3048391,2.5131,3.7467344
2018-12-10 04:15:00,3.13,2.9821959,3.3407333,3.4159367,2.5403006,3.857832
2018-12-10 04:30:00,3.17,2.9512136,3.3567677,4.672046,2.5093184,5.113941
2018-12-10 04:45:00,3.49,3.0903943,3.491335,5.532493,2.648499,5.974388
2018-12-10 05:00:00,3.74,3.0998201,3.3789182,4.8163595,2.657925,5.2582545
2018-12-10 05:15:00,3.13,3.0815141,3.2026815,4.0779886,2.6396189,4.5198836
2018-12-10 05:30:00,3.1,2.992273,3.324162,3.885437,2.5503778,4.327332
2018-12-10 05:45:00,3.82,2.8601234,3.0500128,3.335325,2.4182281,3.7772202
2018-12-10 06:00:00,3.82,2.9152138,3.0732293,3.4463432,2.4733186,3.8882384
2018-12-10 06:15:00,3.85,2.9646037,3.1090462,3.4034367,2.5227084,3.845332
2018-12-10 06:30:00,3.82,3.0705965,3.1240377,4.1748466,2.6287012,4.6167417
2018-12-10 06:45:00,3.46,3.045719,3.1151075,4.0075145,2.6038237,4.4494095
2018-12-10 07:00:00,3.06,2.9334943,3.0991771,3.3048975,2.491599,3.7467928
2018-12-10 07:15:00,3.13,2.954358,3.2894907,3.3863475,2.5124629,3.8282428
2018-12-10 07:30:00,3.56,2.9042404,3.658408,4.146233,2.4623451,4.588128
2018-12-10 07:45:00,5.87,3.1032279,3.8047676,5.536977,2.6613326,5.978872
2018-12-10 08:00:00,6.8,3.2365243,3.885889,7.8565054,2.794629,8.298401
2018-12-10 08:15:00,33.48,7.196915,24.751791,35.899334,6.75502,36.34123
2018-12-10 08:30:00,61.06,25.905008,42.33962,83.2963,25.463114,83.7382
2018-12-10 08:45:00,58.36,23.052294,42.055393,85.012215,22.6104,85.45411
2018-12-10 09:00:00,68.62,27.74249,52.238552,86.57664,27.300596,87.01853
2018-12-10 09:15:00,69.23,42.234135,61.928696,98.2536,41.79224,98.695496
2018-12-10 09:30:00,70.78,36.81085,59.315628,97.158035,36.368954,97.59993
2018-12-10 09:45:00,61.74,38.92132,62.004677,96.24496,38.479427,96.68685
2018-12-10 10:00:00,72.0,37.434788,59.639343,96.88868,36.992893,97.330574
2018-12-10 10:15:00,56.2,33.549026,59.038506,97.93314,33.107132,98.37504
2018-12-10 10:30:00,56.02,33.80266,59.82431,99.602936,33.360767,100.04483
2018-12-10 10:45:00,63.9,35.976086,61.30465,102.07466,35.53419,102.516556
2018-12-10 11:00:00,68.47,35.568043,61.97233,100.99081,35.12615,101.4327
2018-12-10 11:15:00,61.56,35.347736,60.68194,97.438194,34.90584,97.88009
2018-12-10 11:30:00,70.31,37.46946,62.102753,100.978935,37.027565,101.42083
2018-12-10 11:45:00,62.42,33.88967,58.782135,97.78343,33.447777,98.22533
2018-12-10 12:00:00,44.75,28.146803,53.121006,89.73572,27.704908,90.17761
2018-12-10 12:15:00,9.11,5.527889,5.685555,24.747736,5.085994,25.18963
2018-12-10 12:30:00,10.33,4.4137545,5.0908303,17.641073,3.9718592,18.082968
2018-12-10 12:45:00,11.45,4.4756913,5.042632,10.410492,4.0337963,10.852387
2018-12-10 13:00:00,11.09,5.1712465,5.470721,25.258371,4.7293515,25.700266
2018-12-10 13:15:00,42.66,12.399433,33.476334,61.159534,11.957538,61.60143
2018-12-10 13:30:00,72.9,29.106735,58.60788,92.48053,28.66484,92.922424
2018-12-10 13:45:00,71.03,28.811941,57.067955,93.292694,28.370047,93.73459
2018-12-10 14:00:00,67.32,33.198418,60.468887,99.574615,32.756523,100.01651
2018-12-10 14:15:00,64.22,33.091667,60.393364,98.228355,32.649773,98.67025
2018-12-10 14:30:00,69.91,30.493202,59.811802,96.88833,30.051308,97.33022
2018-12-10 14:45:00,51.23,30.242462,60.168537,96.37786,29.800568,96.819756
2018-12-10 15:00:00,58.39,34.81096,61.419712,97.670906,34.369064,98.1128
2018-12-10 15:15:00,69.62,34.613564,60.61201,99.13527,34.17167,99.57716
2018-12-10 15:30:00,66.71,32.754402,60.31585,98.3042,32.312508,98.74609
2018-12-10 15:45:00,65.99,34.779274,60.235847,95.23094,34.33738,95.67284
2018-12-10 16:00:00,64.98,34.33379,60.18692,96.93183,33.891895,97.373726
2018-12-10 16:15:00,64.55,33.481445,63.69059,97.49452,33.03955,97.93642
2018-12-10 16:30:00,63.72,29.986763,59.717102,97.011086,29.544868,97.45298
2018-12-10 16:45:00,66.53,29.93756,61.937378,97.71393,29.495665,98.15582
2018-12-10 17:00:00,62.57,28.620436,61.176235,97.16737,28.178541,97.60927
2018-12-10 17:15:00,63.72,33.06548,55.905148,93.20758,32.623585,93.649475
2018-12-10 17:30:00,58.64,32.494907,55.85517,90.02668,32.053013,90.468575
2018-12-10 17:45:00,60.12,24.780088,36.19904,77.60088,24.338194,78.04278
2018-12-10 18:00:00,24.73,20.503153,34.28825,50.62616,20.061258,51.068054
2018-12-10 18:15:00,5.47,20.757927,39.40502,75.11552,20.316032,75.55741
2018-12-10 18:30:00,4.5,19.856197,43.545807,82.03408,19.414303,82.475975
2018-12-10 18:45:00,4.46,18.390287,48.291412,81.82254,17.948393,82.264435
2018-12-10 19:00:00,4.46,18.402124,46.690662,81.93873,17.96023,82.38062
2018-12-10 19:15:00,4.75,19.988157,43.499126,86.41036,19.546263,86.85226
2018-12-10 19:30:00,5.69,18.175255,43.517376,84.57576,17.73336,85.017654
2018-12-10 19:45:00,5.62,19.500736,43.37322,84.88353,19.058842,85.325424
2018-12-10 20:00:00,4.46,20.583342,45.01815,88.72423,20.141447,89.16612
2018-12-10 20:15:00,4.46,12.141607,46.559772,72.87032,11.699712,73.31222
2018-12-10 20:30:00,4.5,12.920618,40.99723,68.525925,12.478723,68.96782
2018-12-10 20:45:00,4.43,12.668325,40.215668,66.82483,12.22643,67.26672
2018-12-10 21:00:00,4.46,5.6915536,11.521811,36.22436,5.2496586,36.666256
2018-12-10 21:15:00,4.5,4.1582785,5.600158,12.834544,3.7163832,13.27644
2018-12-10 21:30:00,4.57,4.069069,6.1308465,11.378309,3.6271737,11.820205
2018-12-10 21:45:00,4.54,3.95236,6.298988,11.586611,3.5104647,12.028506
2018-12-10 22:00:00,4.46,3.9417012,4.2256684,10.925406,3.499806,11.367302
2018-12-10 22:15:00,4.28,6.0159783,7.3913727,19.933594,5.5740833,20.375488
2018-12-10 22:30:00,4.25,5.526929,6.0199547,18.112526,5.085034,18.55442
2018-12-10 22:45:00,4.32,5.738014,5.931972,20.124836,5.296119,20.56673
2018-12-10 23:00:00,4.18,5.1485686,7.2209864,24.356995,4.7066736,24.79889
2018-12-10 23:15:00,4.18,3.2145612,6.1949134,6.996281,2.772666,7.438176
2018-12-10 23:30:00,4.21,3.260409,5.966507,8.697797,2.8185139,9.139692
2018-12-10 23:45:00,4.28,3.1879985,6.2177234,6.484999,2.7461033,6.926894
2018-12-11 00:00:00,4.18,3.1783333,3.8856392,10.528456,2.736438,10.970351
2018-12-11 00:15:00,4.86,3.123741,4.003235,8.436529,2.6818457,8.878425
2018-12-11 00:30:00,4.21,3.1076796,3.8409681,6.719289,2.6657844,7.161184
2018-12-11 00:45:00,4.18,3.1018832,4.038369,7.058175,2.659988,7.50007
2018-12-11 01:00:00,4.21,3.105744,3.1233907,14.3947115,2.6638486,14.836607
2018-12-11 01:15:00,4.32,2.7505646,3.2283034,8.258296,2.3086693,8.7001915
2018-12-11 01:30:00,4.25,3.0790105,3.4450073,8.769716,2.6371152,9.211612
2018-12-11 01:45:00,4.18,2.977326,3.0381565,7.4912057,2.5354307,7.9331007
2018-12-11 02:00:00,4.21,2.832698,3.0564942,5.9996815,2.3908029,6.4415765
2018-12-11 02:15:00,4.28,2.7615693,2.9692135,3.5619214,2.319674,4.0038166
2018-12-11 02:30:00,4.25,2.8337264,3.1288304,6.1767607,2.3918312,6.6186557
2018-12-11 02:45:00,4.21,2.8602586,3.2018237,6.252693,2.4183633,6.694588
2018-12-11 03:00:00,3.56,2.853421,3.1545987,6.1004844,2.4115257,6.5423794
2018-12-11 03:15:00,3.56,2.791539,3.177848,4.629458,2.3496437,5.071353
2018-12-11 03:30:00,3.53,2.8559499,3.0246222,3.4499073,2.4140546,3.8918025
2018-12-11 03:45:00,3.53,2.8130457,3.0129511,3.3789773,2.3711505,3.8208725
2018-12-11 04:00:00,3.85,2.687733,2.97875,3.323869,2.2458377,3.7657642
2018-12-11 04:15:00,4.18,2.5637336,2.9508233,3.310283,2.1218383,3.7521782
2018-12-11 04:30:00,3.49,2.695331,2.97352,3.369398,2.2534359,3.8112934
2018-12-11 04:45:00,3.56,2.8866386,2.9500184,4.000275,2.4447434,4.44217
2018-12-11 05:00:00,3.56,2.9569836,3.0763304,4.0595098,2.5150883,4.501405
2018-12-11 05:15:00,3.74,2.952324,3.002935,3.8748107,2.5104287,4.3167057
2018-12-11 05:30:00,4.18,2.6634588,3.2105267,3.7745848,2.2215636,4.21648
2018-12-11 05:45:00,4.25,2.9271472,2.9822714,3.513848,2.485252,3.9557433
2018-12-11 06:00:00,4.28,2.7329154,3.0204813,3.2846782,2.2910202,3.7265735
2018-12-11 06:15:00,3.56,2.7730167,3.0414584,3.382525,2.3311214,3.8244202
2018-12-11 06:30:00,3.53,2.9782417,3.2288458,4.5272255,2.5363464,4.9691205
2018-12-11 06:45:00,3.6,2.6812851,3.159056,3.639938,2.23939,4.0818334
2018-12-11 07:00:00,3.49,2.7951484,2.9994695,3.3950496,2.3532531,3.8369448
2018-12-11 07:15:00,4.1,2.7953334,2.9790041,3.452981,2.3534381,3.8948762
2018-12-11 07:30:00,4.07,3.04648,3.1392548,3.6066213,2.6045847,4.0485163
2018-12-11 07:45:00,4.86,3.40558,4.2726054,7.621722,2.9636848,8.063618
2018-12-11 08:00:00,14.83,3.6157343,4.6551385,13.348313,3.173839,13.790209
2018-12-11 08:15:00,44.21,11.739509,38.62415,52.108482,11.297613,52.550377
2018-12-11 08:30:00,54.04,40.02295,65.39648,98.96071,39.581055,99.4026
2018-12-11 08:45:00,61.74,39.404125,63.470592,92.956955,38.96223,93.39885
2018-12-11 09:00:00,69.48,39.384888,67.40233,100.37178,38.942993,100.813675
2018-12-11 09:15:00,75.38,34.99283,68.76518,104.3696,34.550934,104.81149
2018-12-11 09:30:00,71.82,34.103188,68.03165,107.16738,33.661293,107.609276
2018-12-11 09:45:00,71.24,32.68529,72.7257,107.52945,32.243397,107.971344
2018-12-11 10:00:00,54.86,37.366863,66.185486,103.01137,36.92497,103.45326
2018-12-11 10:15:00,66.13,33.59719,63.35498,107.98237,33.155296,108.42426
2018-12-11 10:30:00,73.08,33.46649,68.16569,111.81602,33.024597,112.25791
2018-12-11 10:45:00,77.51,35.08633,66.77315,110.252335,34.644436,110.69423
2018-12-11 11:00:00,72.54,35.212612,67.86069,108.44317,34.770718,108.88506
2018-12-11 11:15:00,63.83,35.5747,67.26239,108.38054,35.132805,108.82243
2018-12-11 11:30:00,67.07,37.593555,68.789276,109.18546,37.15166,109.62736
2018-12-11 11:45:00,84.24,33.0581,68.34791,109.35115,32.616207,109.793045
2018-12-11 12:00:00,72.79,25.827354,61.518364,104.6825,25.38546,105.1244
2018-12-11 12:15:00,7.96,4.5283685,6.9261045,28.997444,4.0864735,29.439339
2018-12-11 12:30:00,5.8,3.1862257,6.778673,22.402042,2.7443304,22.843937
2018-12-11 12:45:00,6.98,3.0905278,5.3203945,17.277899,2.6486325,17.719793
2018-12-11 13:00:00,6.95,4.503298,5.452833,32.665947,4.061403,33.10784
2018-12-11 13:15:00,38.45,12.939101,35.628952,88.79099,12.497206,89.23289
2018-12-11 13:30:00,59.36,27.849289,67.43089,104.29358,27.407394,104.73547
2018-12-11 13:45:00,66.02,27.11528,67.58758,105.196,26.673386,105.63789
2018-12-11 14:00:00,80.28,27.61118,65.26183,104.38875,27.169285,104.83064
2018-12-11 14:15:00,75.53,27.611952,69.56318,106.1013,27.170057,106.5432
2018-12-11 14:30:00,72.0,27.461353,71.23102,108.61465,27.019459,109.05654
2018-12-11 14:45:00,72.61,24.10125,67.63857,105.851,23.659355,106.29289
2018-12-11 15:00:00,78.55,28.903591,68.65258,107.039894,28.461697,107.48179
2018-12-11 15:15:00,73.98,27.0522,67.51389,105.78046,26.610306,106.22235
2018-12-11 15:30:00,76.79,26.364346,69.543594,107.936966,25.922451,108.37886
2018-12-11 15:45:00,80.46,27.17704,64.098,104.398315,26.735146,104.84021
2018-12-11 16:00:00,68.11,28.83298,67.89975,105.71762,28.391085,106.159515
2018-12-11 16:15:00,71.68,28.577183,66.63243,106.44389,28.135288,106.88579
2018-12-11 16:30:00,69.8,28.629583,68.2548,106.38692,28.187689,106.82881
2018-12-11 16:45:00,75.46,28.504951,72.88398,111.936066,28.063057,112.37796
2018-12-11 17:00:00,70.27,26.396908,75.142815,108.76023,25.955013,109.202126
2018-12-11 17:15:00,78.48,31.347553,70.95019,106.90957,30.905659,107.35146
2018-12-11 17:30:00,66.78,31.611208,64.54734,101.88374,31.169313,102.32564
2018-12-11 17:45:00,32.11,35.94557,52.709362,88.45488,35.503677,88.896774
2018-12-11 18:00:00,31.25,19.805445,35.511707,47.316017,19.36355,47.75791
2018-12-11 18:15:00,36.4,21.7152,40.281498,82.51049,21.273306,82.952385
2018-12-11 18:30:00,39.56,20.999884,44.02715,80.323875,20.55799,80.76577
2018-12-11 18:45:00,51.44,18.339582,48.24765,78.17191,17.897688,78.61381
2018-12-11 19:00:00,51.52,18.94528,47.20736,75.68238,18.503386,76.124275
2018-12-11 19:15:00,53.57,18.506243,38.91907,74.399185,18.064348,74.84108
2018-12-11 19:30:00,52.81,18.3229,39.227066,70.590576,17.881006,71.03247
2018-12-11 19:45:00,52.38,17.38909,39.579662,74.82451,16.947195,75.2664
2018-12-11 20:00:00,53.21,16.388601,39.715424,77.89858,15.946706,78.34048
2018-12-11 20:15:00,51.91,12.562668,47.857727,76.991585,12.120772,77.43348
2018-12-11 20:30:00,53.46,10.540591,37.663673,64.04709,10.098696,64.48898
2018-12-11 20:45:00,32.36,8.08423,20.364899,42.287342,7.6423354,42.729237
2018-12-11 21:00:00,28.37,5.444044,8.328251,33.646183,5.002149,34.088078
2018-12-11 21:15:00,6.77,3.8149855,5.565732,17.076797,3.3730903,17.518692
2018-12-11 21:30:00,5.69,4.0188055,4.0281496,15.356278,3.5769103,15.798174
2018-12-11 21:45:00,5.8,3.7195084,3.8216066,15.406065,3.2776132,15.84796
2018-12-11 22:00:00,5.69,3.7671616,3.9424849,16.235706,3.3252664,16.6776
2018-12-11 22:15:00,5.47,4.731698,5.7963047,13.656314,4.289803,14.098209
2018-12-11 22:30:00,5.44,4.289682,6.0723906,13.872083,3.8477867,14.313978
2018-12-11 22:45:00,4.97,3.1473737,3.24367,14.962948,2.7054784,15.404843
2018-12-11 23:00:00,4.36,2.9349532,3.3094785,15.1911745,2.493058,15.63307
2018-12-11 23:15:00,4.25,3.0728815,3.359189,8.128157,2.6309862,8.570052
2018-12-11 23:30:00,4.21,3.0661929,3.3463125,7.9183135,2.6242976,8.3602085
2018-12-11 23:45:00,4.14,3.071276,3.3352356,7.994817,2.6293807,8.436712
2018-12-12 00:00:00,4.21,2.9716694,3.6930656,10.111329,2.5297742,10.553225
2018-12-12 00:15:00,4.21,2.9463928,4.0536327,8.343988,2.5044975,8.785884
2018-12-12 00:30:00,4.14,2.9655015,3.708551,8.451433,2.5236063,8.893329
2018-12-12 00:45:00,4.14,2.9943764,3.9449043,9.825154,2.5524812,10.26705
2018-12-12 01:00:00,4.14,2.9887035,3.725017,11.688252,2.5468082,12.130148
2018-12-12 01:15:00,4.21,3.030461,3.6336837,8.986805,2.5885658,9.4287
2018-12-12 01:30:00,4.18,3.0451915,3.5565104,7.8702283,2.6032963,8.312123
2018-12-12 01:45:00,4.75,2.991806,3.4895763,8.328783,2.5499108,8.7706785
2018-12-12 02:00:00,5.33,2.9962294,3.5250025,8.675242,2.5543342,9.117138
2018-12-12 02:15:00,4.25,2.9864714,3.4277277,6.885839,2.5445762,7.327734
2018-12-12 02:30:00,4.25,3.1048658,3.6066394,7.907745,2.6629705,8.34964
2018-12-12 02:45:00,4.18,2.7947948,3.2933154,8.092601,2.3528996,8.534496
2018-12-12 03:00:00,4.21,2.9355538,3.2342482,8.488295,2.4936585,8.93019
2018-12-12 03:15:00,4.18,2.841699,3.112235,5.98969,2.3998036,6.431585
2018-12-12 03:30:00,4.18,2.6244936,2.9894977,4.6286974,2.1825984,5.0705924
2018-12-12 03:45:00,4.25,2.595974,2.9466946,4.058341,2.1540787,4.500236
2018-12-12 04:00:00,4.18,2.5086899,2.9405358,4.0202727,2.0667946,4.4621677
2018-12-12 04:15:00,4.03,2.7374277,2.8073585,4.6666803,2.2955325,5.1085753
2018-12-12 04:30:00,3.46,2.603038,2.8002326,4.66894,2.1611428,5.110835
2018-12-12 04:45:00,3.46,2.6042416,2.829755,5.9883323,2.1623464,6.4302273
2018-12-12 05:00:00,3.53,2.629934,2.98921,4.819838,2.1880388,5.261733
2018-12-12 05:15:00,3.46,2.603733,3.0439394,4.042653,2.1618378,4.484548
2018-12-12 05:30:00,3.49,2.705324,2.805608,4.6304603,2.2634287,5.0723553
2018-12-12 05:45:00,4.0,2.802375,2.8500144,4.787116,2.3604798,5.229011
2018-12-12 06:00:00,4.25,2.8353672,2.9100704,4.09711,2.393472,4.539005
2018-12-12 06:15:00,3.85,2.7940547,2.846408,4.6658564,2.3521595,5.1077514
2018-12-12 06:30:00,3.42,2.9660187,3.1494188,4.861656,2.5241234,5.303551
2018-12-12 06:45:00,3.42,2.6286252,2.9749184,4.5378094,2.18673,4.9797044
2018-12-12 07:00:00,3.96,2.8081489,3.0412848,4.018704,2.3662536,4.460599
2018-12-12 07:15:00,4.1,2.9554918,3.2165868,4.0396285,2.5135965,4.4815235
2018-12-12 07:30:00,4.32,2.9127839,3.1446292,4.770377,2.4708886,5.212272
2018-12-12 07:45:00,5.83,3.4679022,4.043174,9.890156,3.026007,10.332051
2018-12-12 08:00:00,5.8,4.4142647,7.5747538,16.385626,3.9723694,16.82752
2018-12-12 08:15:00,36.86,14.684234,44.303463,61.52517,14.242338,61.967064
2018-12-12 08:30:00,60.37,29.9307,68.39219,116.49768,29.488806,116.939575
2018-12-12 08:45:00,66.46,29.4734,63.689465,110.157646,29.031506,110.59954
2018-12-12 09:00:00,69.05,28.47037,67.57124,111.74044,28.028475,112.182335
2018-12-12 09:15:00,63.86,33.337128,68.0232,118.107735,32.895233,118.54963
2018-12-12 09:30:00,65.59,33.436264,67.8032,117.80294,32.99437,118.244835
2018-12-12 09:45:00,60.98,32.055195,68.55964,118.073105,31.6133,118.515
2018-12-12 10:00:00,65.74,30.413448,67.01503,115.84424,29.971554,116.28613
2018-12-12 10:15:00,57.17,29.688232,65.815506,117.44369,29.246338,117.88558
2018-12-12 10:30:00,64.55,30.978079,64.83234,116.27496,30.536184,116.71686
2018-12-12 10:45:00,53.42,31.02219,69.31563,115.96645,30.580296,116.40835
2018-12-12 11:00:00,65.88,31.474537,69.98684,114.92917,31.032642,115.37106
2018-12-12 11:15:00,57.71,30.397633,67.54893,116.563324,29.955738,117.00522
2018-12-12 11:30:00,59.76,31.415564,69.43411,116.13525,30.97367,116.57714
2018-12-12 11:45:00,79.85,30.156004,68.985016,116.02445,29.71411,116.46635
2018-12-12 12:00:00,49.64,25.411316,62.27837,108.34168,24.969421,108.78358
2018-12-12 12:15:00,27.97,4.52521,10.833837,28.478472,4.083315,28.920366
2018-12-12 12:30:00,29.74,3.3170273,7.1648397,22.367695,2.875132,22.80959
2018-12-12 12:45:00,29.56,3.3295949,8.003506,18.203411,2.8876996,18.645306
2018-12-12 13:00:00,29.3,4.189892,7.279206,28.060852,3.7479966,28.502747
2018-12-12 13:15:00,58.86,8.397932,37.085037,60.764595,7.956037,61.20649
2018-12-12 13:30:00,61.78,23.724003,69.52977,112.81341,23.282108,113.2553
2018-12-12 13:45:00,77.0,21.833519,68.5827,113.538155,21.391624,113.98005
2018-12-12 14:00:00,65.56,26.361498,69.54703,112.85198,25.919603,113.29388
2018-12-12 14:15:00,86.51,23.7285,67.70522,114.42826,23.286606,114.870155
2018-12-12 14:30:00,60.44,24.09755,68.28555,115.472145,23.655655,115.91404
2018-12-12 14:45:00,64.8,20.345974,68.15048,118.00798,19.90408,118.449875
2018-12-12 15:00:00,72.18,26.14071,71.03773,119.069855,25.698816,119.51175
2018-12-12 15:15:00,69.08,25.52604,76.400024,120.2145,25.084145,120.656395
2018-12-12 15:30:00,66.17,24.102196,72.97402,120.603836,23.660301,121.04573
2018-12-12 15:45:00,61.67,24.994932,72.49656,120.86244,24.553038,121.30434
2018-12-12 16:00:00,70.6,24.39776,71.09383,118.76026,23.955866,119.202156
2018-12-12 16:15:00,68.36,22.909021,67.17218,115.12572,22.467127,115.56761
2018-12-12 16:30:00,75.1,20.82026,66.27806,115.59148,20.378365,116.03337
2018-12-12 16:45:00,66.13,22.683111,70.544975,117.70074,22.241217,118.14263
2018-12-12 17:00:00,70.7,19.379095,69.859665,114.89283,18.9372,115.334724
2018-12-12 17:15:00,60.7,21.349194,67.41669,113.83735,20.907299,114.27924
2018-12-12 17:30:00,57.92,22.442038,61.361465,109.50003,22.000143,109.941925
2018-12-12 17:45:00,32.9,22.127197,40.60237,78.42428,21.685303,78.86617
2018-12-12 18:00:00,30.53,13.969112,35.647697,48.300987,13.527217,48.74288
2018-12-12 18:15:00,49.9,12.920382,33.550888,59.441353,12.478486,59.883247
2018-12-12 18:30:00,67.25,16.545322,39.34077,67.96637,16.103428,68.408264
2018-12-12 18:45:00,69.37,18.374235,44.23327,77.91895,17.93234,78.36085
2018-12-12 19:00:00,65.99,18.364357,39.93898,70.30638,17.922462,70.748276
2018-12-12 19:15:00,66.02,17.0634,36.52379,68.40031,16.621506,68.8422
2018-12-12 19:30:00,60.19,12.819271,38.676846,72.905945,12.377376,73.34784
2018-12-12 19:45:00,58.54,12.851534,38.28861,76.8682,12.409638,77.3101
2018-12-12 20:00:00,61.85,17.505642,40.07402,74.79648,17.063747,75.23837
2018-12-12 20:15:00,67.07,12.940551,42.34186,79.40885,12.498655,79.850746
2018-12-12 20:30:00,58.82,13.366177,38.879475,69.684265,12.924281,70.12616
2018-12-12 20:45:00,53.35,8.050645,26.045755,43.867523,7.60875,44.309418
2018-12-12 21:00:00,30.35,6.211405,10.247743,37.774605,5.76951,38.2165
2018-12-12 21:15:00,12.2,3.889612,7.32889,21.455576,3.4477167,21.89747
2018-12-12 21:30:00,5.8,3.8482153,5.0257087,17.083286,3.40632,17.52518
2018-12-12 21:45:00,5.76,3.7115908,5.486116,16.97842,3.2696955,17.420315
2018-12-12 22:00:00,5.65,3.8320763,5.28919,16.15134,3.390181,16.593235
2018-12-12 22:15:00,5.04,4.4210615,5.330084,12.549552,3.9791663,12.991447
2018-12-12 22:30:00,4.25,4.428665,4.7232866,12.662239,3.98677,13.104135
2018-12-12 22:45:00,4.25,4.2358193,6.1007576,17.42972,3.793924,17.871614
2018-12-12 23:00:00,4.21,3.3947122,4.685728,19.884176,2.952817,20.32607
2018-12-12 23:15:00,4.14,3.3048756,4.974611,10.087816,2.8629804,10.529712
2018-12-12 23:30:00,4.1,3.0359676,4.819381,9.47907,2.5940723,9.920965
2018-12-12 23:45:00,4.1,3.0815117,4.813515,9.915902,2.6396165,10.357798
2018-12-13 00:00:00,5.26,3.282985,5.9612536,9.643503,2.8410897,10.085399
2018-12-13 00:15:00,4.1,3.2625458,5.844501,8.179073,2.8206506,8.620969
2018-12-13 00:30:00,4.18,3.3449924,5.880053,8.055336,2.9030972,8.4972315
2018-12-13 00:45:00,4.21,3.34293,5.972259,9.554259,2.9010348,9.996155
2018-12-13 01:00:00,4.14,3.3154972,5.827074,10.493741,2.873602,10.9356365
2018-12-13 01:15:00,4.28,3.3247302,5.945449,9.649437,2.882835,10.091332
2018-12-13 01:30:00,4.18,3.352616,5.8581996,8.297584,2.9107208,8.739479
2018-12-13 01:45:00,4.25,3.3744867,6.139825,8.147078,2.9325914,8.588973
2018-12-13 02:00:00,5.36,3.3866036,6.28761,9.941265,2.9447083,10.383161
2018-12-13 02:15:00,4.79,3.2815864,5.703023,8.048985,2.8396912,8.49088
2018-12-13 02:30:00,4.25,3.281749,5.687566,8.482009,2.8398538,8.923904
2018-12-13 02:45:00,4.18,3.3566668,5.541095,8.334367,2.9147716,8.776262
2018-12-13 03:00:00,4.21,3.311302,5.406525,7.8746395,2.8694067,8.316535
2018-12-13 03:15:00,4.18,3.2872336,5.355972,5.359733,2.8453383,5.801628
2018-12-13 03:30:00,4.21,3.1875207,4.4528265,5.3611813,2.7456255,5.8030763
2018-12-13 03:45:00,4.21,3.1630504,4.4770856,5.359952,2.7211552,5.801847
2018-12-13 04:00:00,4.21,3.1262238,4.2174044,5.348789,2.6843286,5.790684
2018-12-13 04:15:00,4.18,3.1253936,4.1906347,5.2930326,2.6834984,5.7349277
2018-12-13 04:30:00,4.21,3.1669695,4.5633507,5.2487254,2.7250743,5.6906204
2018-12-13 04:45:00,4.21,2.8423417,3.6369035,5.5008316,2.4004464,5.9427266
2018-12-13 05:00:00,4.18,3.2889628,3.694248,4.652552,2.8470676,5.094447
2018-12-13 05:15:00,3.67,3.3052013,3.6137443,4.560626,2.863306,5.002521
2018-12-13 05:30:00,3.42,3.2101786,3.628542,4.318509,2.7682834,4.760404
2018-12-13 05:45:00,3.89,3.3357596,3.6229925,8.093116,2.8938644,8.535011
2018-12-13 06:00:00,4.32,3.1809926,3.702485,5.2426257,2.7390974,5.6845207
2018-12-13 06:15:00,3.46,3.1081228,3.8645184,4.6661253,2.6662276,5.1080203
2018-12-13 06:30:00,3.38,3.0437734,3.681867,4.5105143,2.6018782,4.9524093
2018-12-13 06:45:00,3.38,3.0451682,3.5931032,4.529315,2.603273,4.97121
2018-12-13 07:00:00,3.42,3.2320936,3.691389,4.2920055,2.7901983,4.7339005
2018-12-13 07:15:00,3.42,3.2586792,3.6386383,4.5786934,2.816784,5.0205884
2018-12-13 07:30:00,3.71,3.2476726,4.7073574,5.301117,2.8057773,5.743012
2018-12-13 07:45:00,5.69,3.5763433,6.4042897,10.690927,3.134448,11.132822
2018-12-13 08:00:00,6.23,4.109337,7.5064745,9.770192,3.6674416,10.212088
2018-12-13 08:15:00,35.57,12.958948,46.55064,47.198357,12.517053,47.64025
2018-12-13 08:30:00,72.86,37.376987,73.06223,118.553856,36.935093,118.99575
2018-12-13 08:45:00,61.74,37.810917,73.1015,117.91885,37.369022,118.36075
2018-12-13 09:00:00,76.36,35.5583,77.77102,119.22841,35.116405,119.6703
2018-12-13 09:15:00,63.11,35.58282,80.10717,121.10593,35.140926,121.54782
2018-12-13 09:30:00,65.66,36.330135,82.04067,119.2864,35.88824,119.728294
2018-12-13 09:45:00,72.07,35.946175,82.56227,118.414215,35.50428,118.85611
2018-12-13 10:00:00,56.84,35.103325,72.49747,120.03618,34.66143,120.47807
2018-12-13 10:15:00,69.3,33.615116,78.20846,116.874115,33.17322,117.31601
2018-12-13 10:30:00,65.66,34.151825,80.97054,118.99606,33.70993,119.43796
2018-12-13 10:45:00,85.43,32.02066,81.735725,117.22022,31.578766,117.66212
2018-12-13 11:00:00,53.17,34.01924,79.53856,115.87889,33.577347,116.320786
2018-12-13 11:15:00,55.4,34.05629,78.36129,117.145424,33.614395,117.58732
2018-12-13 11:30:00,60.08,34.474457,79.682816,116.62538,34.032562,117.067276
2018-12-13 11:45:00,58.0,34.825874,81.36269,118.72609,34.38398,119.167984
2018-12-13 12:00:00,51.3,27.162771,75.16225,111.72729,26.720877,112.16918
2018-12-13 12:15:00,11.38,5.677375,9.56663,31.978144,5.23548,32.42004
2018-12-13 12:30:00,10.91,5.639139,11.265631,31.231325,5.197244,31.67322
2018-12-13 12:45:00,30.1,4.8363676,10.955448,29.90276,4.3944726,30.344654
2018-12-13 13:00:00,36.4,4.781924,11.215952,31.749943,4.340029,32.191837
2018-12-13 13:15:00,41.69,18.172237,55.329098,81.49236,17.730343,81.93426
2018-12-13 13:30:00,56.92,26.10298,69.152885,111.8004,25.661085,112.242294
2018-12-13 13:45:00,46.66,26.882055,77.357025,110.68671,26.44016,111.1286
2018-12-13 14:00:00,52.52,28.311241,83.6275,115.84731,27.869347,116.28921
2018-12-13 14:15:00,58.25,27.235119,84.91841,122.00268,26.793224,122.44457
2018-12-13 14:30:00,72.61,25.319567,80.05495,118.334045,24.877672,118.77594
2018-12-13 14:45:00,66.24,23.81189,80.36885,116.02432,23.369995,116.46622
2018-12-13 15:00:00,73.08,27.414974,81.603806,116.95051,26.97308,117.3924
2018-12-13 15:15:00,60.52,26.34626,79.454765,117.56923,25.904366,118.01112
2018-12-13 15:30:00,59.87,25.752445,82.35409,119.22588,25.31055,119.66778
2018-12-13 15:45:00,63.5,27.059313,82.170944,117.91572,26.617418,118.35761
2018-12-13 16:00:00,60.52,26.21003,79.70034,117.35785,25.768135,117.79974
2018-12-13 16:15:00,88.92,26.943443,80.48989,117.11359,26.501549,117.55548
2018-12-13 16:30:00,105.37,26.00001,78.79769,117.38582,25.558115,117.82771
2018-12-13 16:45:00,102.89,27.633419,77.6428,115.91972,27.191525,116.36162
2018-12-13 17:00:00,77.83,25.25829,79.58873,115.35826,24.816395,115.800156
2018-12-13 17:15:00,67.18,31.036451,75.05989,114.50764,30.594557,114.94953
2018-12-13 17:30:00,70.13,31.08009,73.713615,108.39224,30.638195,108.83414
2018-12-13 17:45:00,31.72,26.485785,39.183456,60.7387,26.04389,61.180595
2018-12-13 18:00:00,31.5,21.342089,33.64753,47.197308,20.900194,47.639202
2018-12-13 18:15:00,54.79,25.16681,46.562553,67.422966,24.724915,67.86486
2018-12-13 18:30:00,77.04,22.258865,58.013504,89.14293,21.81697,89.58482
2018-12-13 18:45:00,79.63,22.852802,59.28939,89.940994,22.410908,90.38289
2018-12-13 19:00:00,80.46,28.06485,61.574146,98.664665,27.622955,99.10656
2018-12-13 19:15:00,71.89,25.494438,64.13603,99.45499,25.052544,99.89688
2018-12-13 19:30:00,78.52,23.036568,60.654953,92.29677,22.594673,92.73866
2018-12-13 19:45:00,52.31,22.137287,60.055054,85.01371,21.695393,85.455605
2018-12-13 20:00:00,61.16,21.353779,61.22745,92.19406,20.911884,92.635956
2018-12-13 20:15:00,61.6,19.421347,64.11963,99.423996,18.979452,99.86589
2018-12-13 20:30:00,49.68,13.828348,59.08404,81.19597,13.386453,81.63786
2018-12-13 20:45:00,41.54,12.89265,41.823406,70.018234,12.450754,70.46013
2018-12-13 21:00:00,20.16,8.536702,15.521704,40.903698,8.094807,41.345592
2018-12-13 21:15:00,6.16,5.3708134,9.163642,22.703468,4.9289184,23.145363
2018-12-13 21:30:00,5.69,3.7698843,9.542889,16.010885,3.327989,16.45278
2018-12-13 21:45:00,5.69,5.371446,8.428343,15.225209,4.929551,15.667105
2018-12-13 22:00:00,5.65,4.150333,6.354584,14.75159,3.7084377,15.193485
2018-12-13 22:15:00,5.47,5.9935074,7.198308,13.995203,5.5516124,14.4370985
2018-12-13 22:30:00,5.4,6.276461,7.5113363,13.864951,5.834566,14.306847
2018-12-13 22:45:00,5.36,4.850155,7.749219,18.543188,4.40826,18.985083
2018-12-13 23:00:00,5.36,3.347647,5.9153085,20.80134,2.9057517,21.243235
2018-12-13 23:15:00,5.26,3.1185386,5.61319,10.527948,2.6766434,10.969844
2018-12-13 23:30:00,5.22,3.1154835,5.6437955,10.482271,2.6735883,10.924167
2018-12-13 23:45:00,5.18,3.1237447,5.6333404,10.487981,2.6818495,10.929876
2018-12-14 00:00:00,4.1,3.2765868,6.466147,7.0907416,2.8346915,7.5326366
2018-12-14 00:15:00,5.33,3.2791135,5.760574,6.745741,2.8372183,7.187636
2018-12-14 00:30:00,5.29,3.211888,5.7347894,9.189937,2.7699928,9.631832
2018-12-14 00:45:00,5.26,3.2724702,5.753367,9.114425,2.830575,9.55632
2018-12-14 01:00:00,5.29,3.3365934,5.7083373,10.163867,2.8946981,10.6057625
2018-12-14 01:15:00,5.26,3.3367445,5.8118606,8.044064,2.8948493,8.485959
2018-12-14 01:30:00,5.36,3.366937,5.80584,6.7210093,2.9250417,7.1629043
2018-12-14 01:45:00,5.33,3.335098,5.758167,6.542507,2.8932028,6.984402
2018-12-14 02:00:00,4.79,3.3229506,6.4688177,6.898945,2.8810554,7.34084
2018-12-14 02:15:00,4.14,3.3796813,6.0318894,6.6461535,2.937786,7.0880485
2018-12-14 02:30:00,4.18,3.3978536,5.847776,6.731255,2.9559584,7.17315
2018-12-14 02:45:00,4.21,3.3829477,5.8429036,11.831069,2.9410524,12.2729645
2018-12-14 03:00:00,4.18,3.300872,5.7339244,9.072916,2.8589768,9.5148115
2018-12-14 03:15:00,4.25,3.3207595,5.6670666,6.4257293,2.8788643,6.8676243
2018-12-14 03:30:00,4.18,3.3032105,5.3721366,5.581048,2.8613153,6.022943
2018-12-14 03:45:00,4.14,3.2238002,4.9036784,5.5930643,2.781905,6.0349593
2018-12-14 04:00:00,4.28,3.1409247,4.101979,5.565243,2.6990294,6.007138
2018-12-14 04:15:00,4.18,3.1558564,5.0000606,5.5565243,2.7139611,5.9984193
2018-12-14 04:30:00,4.18,3.1432498,4.002526,5.5324283,2.7013545,5.9743233
2018-12-14 04:45:00,4.1,3.143029,4.1812797,4.9284444,2.7011337,5.3703394
2018-12-14 05:00:00,4.46,3.1497624,4.181709,5.3368983,2.7078671,5.7787933
2018-12-14 05:15:00,5.4,3.17779,4.06871,4.1908097,2.7358947,4.6327047
2018-12-14 05:30:00,4.5,3.086787,3.9980795,4.938982,2.6448917,5.380877
2018-12-14 05:45:00,4.18,3.2377992,4.038088,6.31131,2.795904,6.753205
2018-12-14 06:00:00,4.14,3.1865344,4.0036793,8.34676,2.7446392,8.788655
2018-12-14 06:15:00,4.14,3.073873,3.8989165,5.4740233,2.6319778,5.9159184
2018-12-14 06:30:00,3.49,3.0266187,3.8885324,4.070031,2.5847235,4.511926
2018-12-14 06:45:00,3.42,3.2064998,3.9698417,4.1355815,2.7646046,4.5774765
2018-12-14 07:00:00,3.35,3.187516,3.9197412,4.0824203,2.7456207,4.5243154
2018-12-14 07:15:00,3.35,3.170368,3.952331,4.058603,2.7284727,4.500498
2018-12-14 07:30:00,4.25,3.3840632,5.3478265,5.37842,2.942168,5.820315
2018-12-14 07:45:00,6.52,3.5183322,6.5721474,8.702705,3.076437,9.144601
2018-12-14 08:00:00,7.38,4.068417,7.5483317,9.150256,3.6265218,9.592152
2018-12-14 08:15:00,36.22,13.076449,46.94374,61.07242,12.634554,61.514313
2018-12-14 08:30:00,94.18,33.91512,71.72946,115.96201,33.473225,116.40391
2018-12-14 08:45:00,97.88,33.562897,73.4699,117.77065,33.121002,118.21255
2018-12-14 09:00:00,134.5,39.733673,76.834496,118.33456,39.29178,118.77645
2018-12-14 09:15:00,93.67,35.5859,73.524635,119.33187,35.144005,119.773766
2018-12-14 09:30:00,109.26,37.883915,72.603294,117.717735,37.44202,118.15963
2018-12-14 09:45:00,128.34,38.00007,73.03118,116.05647,37.558174,116.49837
2018-12-14 10:00:00,81.47,29.401571,72.5544,118.17736,28.959677,118.619255
2018-12-14 10:15:00,109.69,35.005417,76.54876,118.09368,34.563522,118.535576
2018-12-14 10:30:00,120.67,34.43873,75.27551,117.539085,33.996834,117.98098
2018-12-14 10:45:00,92.81,33.615837,76.816,118.449776,33.173943,118.89167
2018-12-14 11:00:00,91.58,31.014261,72.61261,116.3343,30.572367,116.77619
2018-12-14 11:15:00,104.9,31.565296,73.68954,115.81443,31.123402,116.256325
2018-12-14 11:30:00,124.2,31.394535,74.62752,119.34873,30.95264,119.79063
2018-12-14 11:45:00,88.85,33.644623,74.4949,115.48939,33.20273,115.93128
2018-12-14 12:00:00,132.01,27.825483,65.71325,106.88126,27.383589,107.32316
2018-12-14 12:15:00,13.61,5.130835,10.489611,26.054768,4.68894,26.496662
2018-12-14 12:30:00,9.86,4.3945303,9.992296,22.96122,3.952635,23.403114
2018-12-14 12:45:00,9.61,5.697756,14.367817,31.54285,5.255861,31.984745
2018-12-14 13:00:00,9.43,7.0521517,21.485428,50.16155,6.6102567,50.603443
2018-12-14 13:15:00,86.98,17.915987,57.29684,81.06204,17.474092,81.50394
2018-12-14 13:30:00,74.66,26.886002,71.36985,112.680305,26.444107,113.1222
2018-12-14 13:45:00,116.42,22.876587,70.319305,104.639626,22.434692,105.08152
2018-12-14 14:00:00,107.57,26.401566,71.609344,110.6022,25.959671,111.0441
2018-12-14 14:15:00,103.82,27.924929,74.61223,116.447655,27.483034,116.88955
2018-12-14 14:30:00,114.73,28.035505,72.375305,112.38571,27.59361,112.82761
2018-12-14 14:45:00,84.74,24.705534,73.33913,116.829285,24.26364,117.27118
2018-12-14 15:00:00,109.4,26.80432,77.334,117.50113,26.362425,117.94302
2018-12-14 15:15:00,125.21,28.123405,73.72727,117.24537,27.68151,117.68726
2018-12-14 15:30:00,89.35,27.103992,75.156784,116.71967,26.662098,117.16157
2018-12-14 15:45:00,122.26,28.062714,75.772865,116.69391,27.62082,117.1358
2018-12-14 16:00:00,114.66,26.992353,75.020164,118.991325,26.550459,119.43322
2018-12-14 16:15:00,96.8,26.92093,74.774994,116.817924,26.479036,117.25982
2018-12-14 16:30:00,118.12,29.509357,71.77017,113.335464,29.067463,113.77736
2018-12-14 16:45:00,133.2,25.628359,70.55092,117.35151,25.186464,117.7934
2018-12-14 17:00:00,102.64,19.945461,66.932175,113.22707,19.503567,113.66897
2018-12-14 17:15:00,63.94,25.259052,68.131256,112.00027,24.817158,112.44216
2018-12-14 17:30:00,62.64,30.30777,66.373146,108.56485,29.865875,109.006744
2018-12-14 17:45:00,37.94,25.75106,37.385403,68.332146,25.309166,68.77404
2018-12-14 18:00:00,32.62,17.831076,32.627174,43.934177,17.389181,44.376072
2018-12-14 18:15:00,29.63,21.634825,42.580715,62.48696,21.19293,62.928856
2018-12-14 18:30:00,26.57,19.059343,55.583084,93.81694,18.617449,94.258835
2018-12-14 18:45:00,26.35,19.036373,59.13415,101.72077,18.594479,102.16267
2018-12-14 19:00:00,26.32,19.386145,59.250732,99.54599,18.94425,99.987885
2018-12-14 19:15:00,26.39,20.427702,61.73189,99.53838,19.985807,99.98028
2018-12-14 19:30:00,26.64,23.768383,63.089268,100.82934,23.326488,101.27123
2018-12-14 19:45:00,28.44,24.388912,53.85269,85.96587,23.947018,86.40777
2018-12-14 20:00:00,30.46,18.677612,54.420025,92.670006,18.235718,93.1119
2018-12-14 20:15:00,29.88,11.691727,56.573997,98.048744,11.249831,98.49064
2018-12-14 20:30:00,30.06,11.84071,51.752567,73.91165,11.398814,74.353546
2018-12-14 20:45:00,31.93,9.763095,38.240555,61.50821,9.321199,61.950104
2018-12-14 21:00:00,28.66,7.0007877,13.09459,36.808266,6.5588927,37.25016
2018-12-14 21:15:00,5.76,5.313483,6.930558,16.377934,4.871588,16.819828
2018-12-14 21:30:00,5.8,5.2855735,6.3195114,11.31468,4.8436785,11.756576
2018-12-14 21:45:00,5.72,4.6727552,5.2011414,11.434487,4.23086,11.876383
2018-12-14 22:00:00,5.69,3.593085,4.6628385,11.569436,3.1511898,12.011332
2018-12-14 22:15:00,5.4,4.1549463,5.782746,11.189782,3.713051,11.631678
2018-12-14 22:30:00,5.33,4.2278123,5.2529974,12.397648,3.785917,12.839543
2018-12-14 22:45:00,5.33,2.840383,5.2364597,15.0746765,2.3984878,15.516572
2018-12-14 23:00:00,5.33,2.7728055,3.9083853,15.029747,2.3309102,15.4716425
2018-12-14 23:15:00,4.86,3.1453927,4.559032,7.6205425,2.7034974,8.062438
2018-12-14 23:30:00,4.03,3.135759,4.5759416,7.7639966,2.6938639,8.205892
2018-12-14 23:45:00,4.03,3.1400793,4.573446,7.708112,2.698184,8.150007
2018-12-15 00:00:00,3.28,3.0915246,3.7223933,5.964144,2.6496294,6.406039
2018-12-15 00:15:00,4.14,3.1274743,3.9155607,7.2741256,2.685579,7.7160206
2018-12-15 00:30:00,4.1,3.1585293,3.9314828,7.2554903,2.716634,7.6973853
2018-12-15 00:45:00,4.07,3.1628776,3.9298272,7.254021,2.7209823,7.695916
2018-12-15 01:00:00,4.14,3.2189074,3.944644,7.161567,2.777012,7.603462
2018-12-15 01:15:00,4.14,3.2426481,3.9376502,7.163862,2.8007529,7.605757
2018-12-15 01:30:00,4.14,3.245709,3.954949,7.226327,2.8038137,7.668222
2018-12-15 01:45:00,4.14,3.3121247,3.8663979,7.1820974,2.8702295,7.6239924
2018-12-15 02:00:00,4.1,3.209149,4.4238024,6.080325,2.7672536,6.52222
2018-12-15 02:15:00,4.1,3.1669545,3.8375788,5.8481097,2.7250593,6.2900047
2018-12-15 02:30:00,4.21,3.2024498,3.879877,11.342276,2.7605546,11.784171
2018-12-15 02:45:00,4.1,3.1991434,3.848411,11.349875,2.7572482,11.791771
2018-12-15 03:00:00,4.18,3.2294006,3.7289858,8.167597,2.7875054,8.609492
2018-12-15 03:15:00,4.82,3.2602735,3.714511,5.61535,2.8183782,6.057245
2018-12-15 03:30:00,5.26,3.228149,3.5776792,4.513309,2.7862537,4.955204
2018-12-15 03:45:00,4.18,3.2129571,3.5667567,5.013981,2.771062,5.455876
2018-12-15 04:00:00,4.14,3.1875591,3.4208512,5.558925,2.745664,6.00082
2018-12-15 04:15:00,4.14,3.1860194,3.6793513,5.683696,2.7441242,6.125591
2018-12-15 04:30:00,3.82,3.156078,3.5179157,3.6129317,2.7141829,4.0548267
2018-12-15 04:45:00,3.46,3.1917531,3.5517797,4.5134554,2.749858,4.9553504
2018-12-15 05:00:00,3.49,3.227173,3.7957077,4.9205403,2.7852778,5.3624353
2018-12-15 05:15:00,3.42,3.1925983,4.402585,6.7074695,2.750703,7.1493645
2018-12-15 05:30:00,3.42,3.2068937,3.7625263,4.7936535,2.7649984,5.2355485
2018-12-15 05:45:00,3.42,3.2146475,3.5115132,5.662864,2.7727523,6.104759
2018-12-15 06:00:00,3.38,3.2259047,3.7455263,10.708693,2.7840095,11.150588
2018-12-15 06:15:00,3.46,3.1872656,3.5900292,5.8805094,2.7453704,6.3224044
2018-12-15 06:30:00,3.42,3.097421,3.498616,3.7355502,2.6555257,4.1774454
2018-12-15 06:45:00,3.49,3.1148026,3.331994,3.6692858,2.6729074,4.111181
2018-12-15 07:00:00,4.57,3.07467,3.1980977,3.4818501,2.6327748,3.9237454
2018-12-15 07:15:00,4.43,3.0594218,3.1745496,3.5857024,2.6175265,4.0275974
2018-12-15 07:30:00,4.1,3.1483479,3.2735753,5.164344,2.7064526,5.606239
2018-12-15 07:45:00,4.07,3.323119,4.5943847,7.422186,2.8812237,7.864081
2018-12-15 08:00:00,3.64,3.4400108,4.451648,8.001943,2.9981155,8.443838
2018-12-15 08:15:00,3.35,4.460929,25.170914,33.589783,4.019034,34.031677
2018-12-15 08:30:00,3.35,7.0133247,36.79727,56.098312,6.5714297,56.540207
2018-12-15 08:45:00,3.38,6.8969007,35.126484,53.37386,6.4550056,53.815754
2018-12-15 09:00:00,3.49,6.2662296,46.95442,63.59142,5.8243346,64.03332
2018-12-15 09:15:00,3.56,6.323388,12.07531,34.17874,5.881493,34.620636
2018-12-15 09:30:00,3.38,5.682783,8.242296,34.50208,5.240888,34.943974
2018-12-15 09:45:00,3.42,4.0504456,7.5400834,40.88412,3.6085503,41.326015
2018-12-15 10:00:00,3.35,5.425548,11.072155,33.170055,4.983653,33.61195
2018-12-15 10:15:00,3.35,5.7068686,13.319071,33.198647,5.2649736,33.64054
2018-12-15 10:30:00,3.35,4.486098,8.56731,31.971088,4.044203,32.412983
2018-12-15 10:45:00,4.97,6.6838193,9.763317,20.017775,6.2419243,20.45967
2018-12-15 11:00:00,5.36,7.072253,8.390966,23.092995,6.630358,23.53489
2018-12-15 11:15:00,4.28,6.2800546,9.239103,28.82963,5.8381596,29.271524
2018-12-15 11:30:00,4.18,5.493772,10.00187,30.866016,5.051877,31.30791
2018-12-15 11:45:00,3.35,7.0983343,8.214372,32.244385,6.6564393,32.68628
2018-12-15 12:00:00,3.38,5.2476454,11.405909,36.599644,4.8057504,37.04154
2018-12-15 12:15:00,3.42,1.0382415,3.42062,6.7790837,0.5963463,7.2209787
2018-12-15 12:30:00,3.42,2.3026235,3.275457,4.100056,1.8607283,4.541951
2018-12-15 12:45:00,3.42,0.9637331,3.6334605,3.9371264,0.5218379,4.3790216
2018-12-15 13:00:00,3.38,2.8554873,3.4696906,4.929904,2.413592,5.371799
2018-12-15 13:15:00,3.31,4.9867716,9.007128,30.254274,4.5448766,30.696169
2018-12-15 13:30:00,3.35,4.5753007,8.207242,19.496674,4.1334057,19.938568
2018-12-15 13:45:00,3.38,3.4393315,8.812526,25.294346,2.9974363,25.73624
2018-12-15 14:00:00,3.31,6.1948943,9.35651,18.621368,5.7529993,19.063263
2018-12-15 14:15:00,3.82,5.975911,9.181403,24.39796,5.534016,24.839855
2018-12-15 14:30:00,4.1,4.6251836,6.322602,25.423502,4.1832886,25.865396
2018-12-15 14:45:00,4.07,6.078561,11.3481655,28.108728,5.636666,28.550623
2018-12-15 15:00:00,4.21,5.218638,11.777908,31.873453,4.776743,32.31535
2018-12-15 15:15:00,3.74,4.337607,6.941817,22.823322,3.8957117,23.265217
2018-12-15 15:30:00,3.74,5.272988,9.064898,20.687422,4.831093,21.129316
2018-12-15 15:45:00,3.96,3.0206375,6.307941,21.457212,2.5787423,21.899107
2018-12-15 16:00:00,3.28,2.2184498,6.798431,21.286491,1.7765546,21.728386
2018-12-15 16:15:00,3.35,1.8213582,10.638677,23.604273,1.379463,24.046167
2018-12-15 16:30:00,3.28,0.09540042,7.887352,26.461535,0.0,26.903429
2018-12-15 16:45:00,3.24,0.2979553,7.02043,33.682907,0.0,34.1248
2018-12-15 17:00:00,3.28,1.6995367,7.0332294,36.442688,1.2576416,36.884583
2018-12-15 17:15:00,3.28,1.0191146,9.827449,34.039635,0.5772194,34.48153
2018-12-15 17:30:00,3.35,2.3302372,16.153368,37.676945,1.8883419,38.11884
2018-12-15 17:45:00,4.18,1.4173653,8.942545,27.120111,0.9754701,27.562006
2018-12-15 18:00:00,4.1,0.9584979,2.764285,13.995636,0.5166027,14.437531
2018-12-15 18:15:00,4.1,2.0179203,7.9667897,15.5525,1.576025,15.994395
2018-12-15 18:30:00,4.1,1.5144951,11.17961,26.042732,1.0725999,26.484627
2018-12-15 18:45:00,4.03,2.4825182,9.289133,25.6839,2.040623,26.125795
2018-12-15 19:00:00,4.28,2.1409914,8.502852,26.306278,1.6990962,26.748173
2018-12-15 19:15:00,3.49,2.4462235,10.393133,27.699577,2.0043283,28.141472
2018-12-15 19:30:00,3.38,2.1791217,8.984373,26.772776,1.7372265,27.21467
2018-12-15 19:45:00,3.35,2.8915868,11.047821,21.040184,2.4496915,21.482079
2018-12-15 20:00:00,3.38,3.01817,10.288286,22.392138,2.5762749,22.834032
2018-12-15 20:15:00,3.46,3.0020998,10.646927,26.292984,2.5602045,26.734879
2018-12-15 20:30:00,3.42,2.9188886,9.2948065,19.666876,2.4769933,20.10877
2018-12-15 20:45:00,3.35,3.111535,8.004622,21.140074,2.6696398,21.581968
2018-12-15 21:00:00,3.38,3.0873263,4.9761667,12.603395,2.645431,13.045291
2018-12-15 21:15:00,3.96,3.0201633,3.8707356,5.235593,2.578268,5.677488
2018-12-15 21:30:00,4.28,3.025246,3.938204,9.094711,2.5833507,9.536607
2018-12-15 21:45:00,4.25,2.990812,3.9541645,9.515711,2.5489168,9.957606
2018-12-15 22:00:00,4.18,3.0469117,4.589848,8.92264,2.6050165,9.364535
2018-12-15 22:15:00,3.74,3.0756803,3.913096,5.2411957,2.633785,5.6830907
2018-12-15 22:30:00,3.31,3.1298037,4.0127945,4.4685354,2.6879084,4.9104304
2018-12-15 22:45:00,4.07,3.0361118,4.697158,4.9072824,2.5942166,5.3491774
2018-12-15 23:00:00,3.56,3.0110035,3.0340848,5.220487,2.5691082,5.662382
2018-12-15 23:15:00,3.17,3.0838852,3.7984257,5.0552864,2.64199,5.4971814
2018-12-15 23:30:00,3.24,2.9155781,3.8835185,4.9652367,2.4736829,5.4071317
2018-12-15 23:45:00,3.2,2.92354,3.908728,4.927737,2.4816449,5.3696322
2018-12-16 00:00:00,4.21,3.0595133,3.8474035,6.5843887,2.617618,7.0262837
2018-12-16 00:15:00,3.24,3.1705918,3.8116229,5.9501867,2.7286966,6.3920817
2018-12-16 00:30:00,3.28,3.171865,3.7764628,5.9942536,2.7299697,6.4361486
2018-12-16 00:45:00,3.28,3.181887,3.7637975,5.943675,2.7399917,6.38557
2018-12-16 01:00:00,3.85,3.2315004,3.9535732,5.8960514,2.7896051,6.3379464
2018-12-16 01:15:00,4.18,3.2416947,3.9314613,5.9113812,2.7997994,6.3532763
2018-12-16 01:30:00,4.07,3.2656796,5.0640397,6.485515,2.8237844,6.92741
2018-12-16 01:45:00,4.07,3.3281908,5.0820246,6.4622555,2.8862956,6.9041505
2018-12-16 02:00:00,3.92,3.3179007,5.1631517,5.3614616,2.8760054,5.8033566
2018-12-16 02:15:00,3.28,3.2898388,4.9805684,5.2470684,2.8479435,5.6889634
2018-12-16 02:30:00,3.42,3.2774358,4.9965405,9.516988,2.8355405,9.958883
2018-12-16 02:45:00,3.53,3.3131511,5.050571,11.010836,2.8712559,11.452731
2018-12-16 03:00:00,4.14,3.2893753,5.0600295,11.021609,2.84748,11.463505
2018-12-16 03:15:00,3.56,3.2264967,5.31223,7.2156663,2.7846014,7.6575613
2018-12-16 03:30:00,3.35,3.2267666,5.468214,7.3945465,2.7848713,7.8364415
2018-12-16 03:45:00,3.38,3.2229085,5.2477264,6.6116257,2.7810133,7.0535207
2018-12-16 04:00:00,3.42,3.222363,5.3185997,6.555228,2.7804677,6.9971232
2018-12-16 04:15:00,3.42,3.2081764,5.336883,6.5828714,2.7662811,7.0247664
2018-12-16 04:30:00,3.42,3.1871169,4.7404943,4.7768846,2.7452216,5.2187796
2018-12-16 04:45:00,3.38,3.1750476,4.730387,4.8895597,2.7331524,5.3314548
2018-12-16 05:00:00,4.07,3.1995769,4.4940886,4.54514,2.7576816,4.987035
2018-12-16 05:15:00,4.14,3.1469667,4.8109517,5.796593,2.7050714,6.238488
2018-12-16 05:30:00,4.07,3.1144,4.476425,4.501228,2.6725047,4.943123
2018-12-16 05:45:00,4.07,3.1463234,4.4982,4.595768,2.7044282,5.037663
2018-12-16 06:00:00,3.53,3.1653838,4.7187505,9.216834,2.7234886,9.65873
2018-12-16 06:15:00,3.31,3.1094003,4.4049954,4.5333037,2.667505,4.9751987
2018-12-16 06:30:00,3.35,3.0914805,3.5607822,4.5277247,2.6495852,4.9696198
2018-12-16 06:45:00,3.64,3.0801373,3.5163417,4.538145,2.638242,4.98004
2018-12-16 07:00:00,4.07,3.0832953,3.9336054,6.815284,2.6414,7.257179
2018-12-16 07:15:00,3.38,3.1100392,4.8037066,6.328809,2.668144,6.770704
2018-12-16 07:30:00,3.28,3.1239116,5.3403215,7.189181,2.6820164,7.631076
2018-12-16 07:45:00,3.89,3.1751502,6.424759,6.6274896,2.733255,7.0693846
2018-12-16 08:00:00,3.96,3.2473254,5.4120746,5.9737053,2.8054302,6.4156003
2018-12-16 08:15:00,39.35,3.3084824,10.072545,12.291828,2.8665872,12.733724
2018-12-16 08:30:00,63.54,2.3572407,14.21208,37.385075,1.9153454,37.82697
2018-12-16 08:45:00,65.02,2.3437595,14.397507,37.682056,1.9018643,38.12395
2018-12-16 09:00:00,63.79,12.079646,17.137676,39.234303,11.637751,39.676197
2018-12-16 09:15:00,61.7,4.7014117,13.298644,50.334545,4.2595167,50.77644
2018-12-16 09:30:00,64.8,4.3029237,18.560432,48.89006,3.8610284,49.331955
2018-12-16 09:45:00,51.16,6.17221,18.712393,45.158043,5.730315,45.599937
2018-12-16 10:00:00,55.01,6.6502094,13.853946,42.984795,6.2083144,43.42669
2018-12-16 10:15:00,61.81,7.1692176,13.720418,45.591724,6.7273226,46.03362
2018-12-16 10:30:00,72.18,6.280896,19.306898,44.833553,5.839001,45.275448
2018-12-16 10:45:00,54.86,6.739655,17.779581,41.453785,6.29776,41.89568
2018-12-16 11:00:00,66.78,6.963457,13.237431,41.97098,6.521562,42.412876
2018-12-16 11:15:00,69.95,6.737886,17.651669,42.285595,6.295991,42.72749
2018-12-16 11:30:00,53.35,7.3739963,17.155252,43.748653,6.9321012,44.190548
2018-12-16 11:45:00,55.51,6.491966,14.618284,45.69708,6.050071,46.138973
2018-12-16 12:00:00,11.81,3.8481982,16.85336,50.368015,3.406303,50.80991
2018-12-16 12:15:00,5.65,4.270724,5.597193,18.535246,3.8288286,18.97714
2018-12-16 12:30:00,5.54,4.6787667,5.041633,17.83553,4.2368717,18.277424
2018-12-16 12:45:00,5.44,4.7158856,4.8521705,20.371897,4.2739906,20.813791
2018-12-16 13:00:00,5.33,3.5092487,7.557835,22.431757,3.0673535,22.873652
2018-12-16 13:15:00,36.47,4.0575852,12.887561,39.238052,3.61569,39.679947
2018-12-16 13:30:00,63.72,4.0014834,14.940712,38.626816,3.5595882,39.06871
2018-12-16 13:45:00,64.8,3.940971,18.849611,36.320457,3.4990757,36.762352
2018-12-16 14:00:00,61.85,3.7314274,14.746083,38.45084,3.2895322,38.892735
2018-12-16 14:15:00,57.89,3.8100126,13.142081,42.19247,3.3681173,42.634365
2018-12-16 14:30:00,54.36,3.4304688,12.983094,40.125057,2.9885736,40.56695
2018-12-16 14:45:00,47.38,3.5972297,12.768565,39.527164,3.1553345,39.96906
2018-12-16 15:00:00,43.49,4.567812,11.638769,37.302906,4.125917,37.7448
2018-12-16 15:15:00,45.4,4.4690175,15.245696,38.03452,4.0271225,38.476414
2018-12-16 15:30:00,60.55,4.4818974,11.449417,37.634136,4.0400023,38.07603
2018-12-16 15:45:00,48.42,5.4409885,12.24765,39.09666,4.9990935,39.538555
2018-12-16 16:00:00,63.22,4.3610473,11.446621,40.500347,3.919152,40.94224
2018-12-16 16:15:00,62.64,4.074847,12.128008,37.33423,3.632952,37.776123
2018-12-16 16:30:00,66.02,4.3338284,13.134503,39.09648,3.8919332,39.538376
2018-12-16 16:45:00,35.42,4.6506333,14.87311,24.228174,4.2087383,24.670069
2018-12-16 17:00:00,9.11,1.7955323,6.496553,21.266356,1.3536372,21.70825
2018-12-16 17:15:00,8.06,3.7145677,11.279764,35.507545,3.2726724,35.94944
2018-12-16 17:30:00,7.74,4.8648167,12.969914,36.913136,4.4229217,37.35503
2018-12-16 17:45:00,7.85,3.9727228,12.62623,40.41458,3.5308275,40.856476
2018-12-16 18:00:00,6.73,4.21746,11.142124,44.809074,3.775565,45.25097
2018-12-16 18:15:00,5.22,4.012345,12.8815155,52.071518,3.5704496,52.513412
2018-12-16 18:30:00,5.69,2.5072165,13.588413,38.93324,2.0653212,39.375134
2018-12-16 18:45:00,5.72,2.8762395,14.539524,39.00915,2.4343443,39.451046
2018-12-16 19:00:00,5.69,2.853772,14.166369,35.74726,2.4118767,36.189156
2018-12-16 19:15:00,5.72,3.9443266,12.686848,39.18829,3.5024314,39.630184
2018-12-16 19:30:00,5.44,3.8903725,12.235439,38.14392,3.4484773,38.585815
2018-12-16 19:45:00,4.46,3.919224,12.724953,47.450256,3.4773288,47.89215
2018-12-16 20:00:00,4.5,3.983191,13.816272,41.50939,3.5412958,41.951286
2018-12-16 20:15:00,4.46,3.1250257,9.946649,28.831398,2.6831305,29.273293
2018-12-16 20:30:00,4.5,3.0913124,8.42471,31.268456,2.6494172,31.71035
2018-12-16 20:45:00,4.54,2.6731126,8.050023,30.483032,2.2312174,30.924927
2018-12-16 21:00:00,4.46,4.7541122,7.4966645,30.955801,4.312217,31.397696
2018-12-16 21:15:00,4.5,3.296922,7.3040643,21.166807,2.8550267,21.608702
2018-12-16 21:30:00,4.5,3.1858737,3.980158,12.134784,2.7439785,12.576679
2018-12-16 21:45:00,4.57,3.2400877,3.8348713,14.4437275,2.7981925,14.885623
2018-12-16 22:00:00,4.57,3.2032502,4.9938807,13.5752125,2.761355,14.017108
2018-12-16 22:15:00,4.25,2.7307622,6.2329926,23.254742,2.288867,23.696636
2018-12-16 22:30:00,4.25,2.8499181,7.674008,21.28115,2.4080229,21.723045
2018-12-16 22:45:00,4.18,2.8245363,4.931324,23.553408,2.382641,23.995302
2018-12-16 23:00:00,5.44,2.6589978,5.0053616,21.16131,2.2171025,21.603205
2018-12-16 23:15:00,4.82,2.9782898,4.3582287,5.570623,2.5363946,6.012518
2018-12-16 23:30:00,4.14,2.978618,3.0287094,4.873585,2.5367227,5.31548
2018-12-16 23:45:00,4.18,3.0261562,3.0520382,4.9179964,2.584261,5.3598914
2018-12-17 00:00:00,4.57,2.9063709,3.3989153,8.537709,2.4644756,8.979605
2018-12-17 00:15:00,4.25,3.0825236,3.2035842,4.936786,2.6406283,5.378681
2018-12-17 00:30:00,4.18,3.0819519,3.1396928,6.2070484,2.6400566,6.6489434
2018-12-17 00:45:00,4.21,3.1083481,3.1385045,6.141365,2.666453,6.58326
2018-12-17 01:00:00,4.21,3.1620648,3.4176598,6.207631,2.7201695,6.649526
2018-12-17 01:15:00,4.21,3.2022045,3.204444,6.2831388,2.7603092,6.7250338
2018-12-17 01:30:00,4.36,3.08388,3.2634375,7.3313503,2.6419847,7.7732453
2018-12-17 01:45:00,4.28,3.3135314,3.4509568,7.303032,2.8716362,7.744927
2018-12-17 02:00:00,4.28,3.3239589,3.4815402,6.1002593,2.8820636,6.5421543
2018-12-17 02:15:00,4.28,3.059826,3.2497098,5.8722615,2.6179307,6.3141565
2018-12-17 02:30:00,3.71,3.2134035,3.393744,6.6313205,2.7715082,7.0732155
2018-12-17 02:45:00,4.32,3.1843836,3.3629618,7.740029,2.7424884,8.181924
2018-12-17 03:00:00,3.82,3.2325966,3.2886744,7.4050584,2.7907014,7.8469534
2018-12-17 03:15:00,3.53,3.166128,3.5975273,5.492046,2.7242327,5.933941
2018-12-17 03:30:00,3.53,3.1400945,3.462539,5.918273,2.6981993,6.360168
2018-12-17 03:45:00,3.53,3.0243278,3.1285543,3.937054,2.5824325,4.378949
2018-12-17 04:00:00,3.6,2.9928398,3.105669,5.574105,2.5509446,6.016
2018-12-17 04:15:00,3.53,3.0824156,3.1073642,5.6065855,2.6405203,6.0484805
2018-12-17 04:30:00,3.53,3.0283384,3.086686,4.493072,2.5864432,4.934967
2018-12-17 04:45:00,4.1,3.042078,3.1199787,4.4723682,2.6001828,4.9142632
2018-12-17 05:00:00,4.25,3.079565,3.16683,4.3761244,2.6376698,4.8180194
2018-12-17 05:15:00,4.28,2.9177723,3.2082283,4.985869,2.475877,5.427764
2018-12-17 05:30:00,4.25,2.9882305,2.996521,4.8748765,2.5463352,5.3167715
2018-12-17 05:45:00,3.64,3.1886792,3.3395438,7.733828,2.746784,8.175723
2018-12-17 06:00:00,3.49,3.182473,3.497398,6.663951,2.7405777,7.105846
2018-12-17 06:15:00,3.46,3.1387143,3.3230708,3.8901708,2.696819,4.332066
2018-12-17 06:30:00,4.32,3.0298302,3.130011,3.174496,2.587935,3.6163912
2018-12-17 06:45:00,3.6,3.0091493,3.027135,3.1723895,2.567254,3.6142848
2018-12-17 07:00:00,3.42,3.067056,3.3137186,3.8020003,2.6251607,4.2438955
2018-12-17 07:15:00,3.49,3.0504603,3.2596972,4.0192204,2.608565,4.4611154
2018-12-17 07:30:00,4.36,3.3087225,3.3458385,6.5703554,2.8668272,7.0122504
2018-12-17 07:45:00,6.19,3.4232638,3.9427218,6.600878,2.9813685,7.042773
2018-12-17 08:00:00,6.3,3.7177289,6.9932404,8.090185,3.2758336,8.532081
2018-12-17 08:15:00,6.48,17.953192,40.019897,68.57116,17.511297,69.013054
2018-12-17 08:30:00,53.35,42.11963,67.61034,104.357956,41.677734,104.79985
2018-12-17 08:45:00,46.94,42.84175,69.767426,105.11363,42.399857,105.55553
2018-12-17 09:00:00,52.06,41.514687,69.79398,103.47962,41.072792,103.92152
2018-12-17 09:15:00,54.83,37.80222,72.411545,113.95698,37.360325,114.39887
2018-12-17 09:30:00,56.12,36.524628,71.494095,116.9341,36.082733,117.37599
2018-12-17 09:45:00,58.0,38.727306,71.95503,113.33759,38.28541,113.77949
2018-12-17 10:00:00,50.08,36.16636,68.15415,112.377625,35.724464,112.81952
2018-12-17 10:15:00,46.04,35.919525,70.84855,114.59691,35.47763,115.0388
2018-12-17 10:30:00,49.54,37.905815,70.60331,117.55608,37.46392,117.99798
2018-12-17 10:45:00,54.14,33.791775,62.220573,114.96081,33.34988,115.4027
2018-12-17 11:00:00,53.78,34.85434,63.635696,115.84055,34.412445,116.28245
2018-12-17 11:15:00,52.67,36.827007,65.15408,114.16451,36.385113,114.60641
2018-12-17 11:30:00,55.84,34.16488,64.97259,117.81285,33.722984,118.254745
2018-12-17 11:45:00,49.64,34.746464,68.699554,117.64667,34.30457,118.08856
2018-12-17 12:00:00,54.5,28.484903,68.83835,117.87692,28.043009,118.31882
2018-12-17 12:15:00,11.12,5.0742307,9.578917,29.868137,4.6323357,30.310032
2018-12-17 12:30:00,7.06,4.990728,9.954028,30.058987,4.548833,30.500881
2018-12-17 12:45:00,7.13,5.7543273,12.272534,34.021038,5.3124323,34.462933
2018-12-17 13:00:00,8.21,6.199245,17.053408,47.792767,5.75735,48.23466
2018-12-17 13:15:00,33.26,19.28906,62.25928,96.75459,18.847166,97.19649
2018-12-17 13:30:00,56.99,29.643555,69.97813,112.53819,29.20166,112.98009
2018-12-17 13:45:00,56.59,31.034803,70.614555,115.77667,30.592909,116.21857
2018-12-17 14:00:00,55.08,31.759916,71.63109,114.62815,31.318022,115.070045
2018-12-17 14:15:00,51.05,31.392395,68.89646,113.678955,30.9505,114.12085
2018-12-17 14:30:00,47.95,28.640265,64.235756,115.64582,28.19837,116.087715
2018-12-17 14:45:00,57.82,28.132256,65.0544,101.06335,27.690361,101.50524
2018-12-17 15:00:00,59.11,29.193037,66.50448,103.224365,28.751143,103.66626
2018-12-17 15:15:00,60.62,28.830929,66.67505,111.50658,28.389034,111.94847
2018-12-17 15:30:00,53.6,30.398392,65.591354,112.08551,29.956497,112.527405
2018-12-17 15:45:00,60.44,28.255873,62.932674,110.34012,27.813978,110.78201
2018-12-17 16:00:00,67.5,30.373428,69.062225,111.34098,29.931534,111.782875
2018-12-17 16:15:00,85.86,29.651693,69.22528,113.127014,29.209799,113.56891
2018-12-17 16:30:00,82.33,30.152878,72.219215,112.1788,29.710983,112.6207
2018-12-17 16:45:00,59.8,26.079145,70.98766,111.68393,25.63725,112.125824
2018-12-17 17:00:00,60.37,19.541655,70.10774,109.287766,19.09976,109.72966
2018-12-17 17:15:00,56.38,24.742569,69.51561,108.21025,24.300674,108.652145
2018-12-17 17:30:00,52.99,24.633097,66.655876,101.88305,24.191202,102.32494
2018-12-17 17:45:00,35.35,25.453733,39.294315,80.01068,25.011839,80.452576
2018-12-17 18:00:00,31.32,17.727264,25.163641,49.44973,17.28537,49.891624
2018-12-17 18:15:00,16.09,17.806606,23.974047,57.335213,17.364712,57.777107
2018-12-17 18:30:00,6.37,15.2210045,32.150185,75.49752,14.779109,75.939415
2018-12-17 18:45:00,5.8,15.184707,32.429607,75.34971,14.742811,75.7916
2018-12-17 19:00:00,5.54,14.6039295,32.051502,74.16763,14.162034,74.60953
2018-12-17 19:15:00,5.54,15.862583,36.41163,79.19781,15.420688,79.6397
2018-12-17 19:30:00,5.62,16.404285,34.852127,78.5095,15.96239,78.95139
2018-12-17 19:45:00,5.54,15.347305,38.637608,72.62579,14.90541,73.06769
2018-12-17 20:00:00,5.62,14.058053,40.614307,74.325455,13.616158,74.76735
2018-12-17 20:15:00,5.54,9.874013,39.116474,76.6765,9.432117,77.11839
2018-12-17 20:30:00,4.75,9.327759,38.378876,71.798035,8.885863,72.23993
2018-12-17 20:45:00,4.46,8.171257,27.439796,64.708435,7.729362,65.15033
2018-12-17 21:00:00,4.46,5.6638017,9.804822,49.870735,5.2219067,50.31263
2018-12-17 21:15:00,4.43,3.9396079,5.3893743,27.01029,3.4977126,27.452185
2018-12-17 21:30:00,4.43,3.8489687,4.2261233,20.86206,3.4070735,21.303955
2018-12-17 21:45:00,4.46,3.8077009,4.2387934,20.665956,3.3658056,21.107851
2018-12-17 22:00:00,4.46,3.7921212,4.2335386,21.169682,3.350226,21.611576
2018-12-17 22:15:00,4.14,4.3419724,7.8668423,17.493988,3.900077,17.935883
2018-12-17 22:30:00,4.18,4.390327,7.623754,20.960245,3.9484317,21.40214
2018-12-17 22:45:00,4.21,2.9768882,7.6294107,15.978808,2.534993,16.420704
2018-12-17 23:00:00,4.18,5.592335,5.5933685,17.681591,5.15044,18.123486
2018-12-17 23:15:00,4.14,3.042199,3.9504552,5.274292,2.6003036,5.716187
2018-12-17 23:30:00,4.07,3.0533698,3.529706,5.4471116,2.6114745,5.8890066
2018-12-17 23:45:00,4.07,3.2472045,3.526432,5.5087795,2.8053093,5.9506745
2018-12-18 00:00:00,4.14,3.3473594,3.952653,8.256538,2.9054642,8.698434
2018-12-18 00:15:00,5.22,3.1147687,3.873738,7.9155335,2.6728735,8.357429
2018-12-18 00:30:00,4.68,3.3375108,3.8726928,8.558656,2.8956156,9.000551
2018-12-18 00:45:00,4.14,3.3336313,3.8839252,8.568087,2.891736,9.009982
2018-12-18 01:00:00,4.1,3.3768346,3.7782693,8.684433,2.9349394,9.126328
2018-12-18 01:15:00,4.18,3.4327886,3.7989402,9.285688,2.9908934,9.727584
2018-12-18 01:30:00,4.07,3.3989193,3.7976956,8.6365385,2.957024,9.078434
2018-12-18 01:45:00,4.18,3.4128983,3.7840014,8.98568,2.971003,9.427575
2018-12-18 02:00:00,4.1,3.4174168,3.7835438,8.856842,2.9755216,9.298738
2018-12-18 02:15:00,4.18,3.4140522,3.7376623,7.9232464,2.972157,8.365142
2018-12-18 02:30:00,4.14,3.3508713,3.9035797,9.094887,2.908976,9.536782
2018-12-18 02:45:00,4.21,3.389099,3.6191974,8.61948,2.9472036,9.061376
2018-12-18 03:00:00,4.18,3.3853948,3.5133467,9.507469,2.9434996,9.949365
2018-12-18 03:15:00,3.6,3.1209855,3.3588226,6.529099,2.6790903,6.970994
2018-12-18 03:30:00,3.42,3.3586133,3.5478053,8.6948185,2.916718,9.136714
2018-12-18 03:45:00,3.42,2.9588275,3.440864,7.933915,2.5169322,8.375811
2018-12-18 04:00:00,3.38,3.1313071,3.494442,7.87742,2.6894119,8.319315
2018-12-18 04:15:00,3.42,3.1479516,3.441647,7.9751105,2.7060564,8.417006
2018-12-18 04:30:00,3.71,2.876345,3.3806686,3.5742548,2.4344497,4.01615
2018-12-18 04:45:00,4.18,3.0289476,3.4304833,3.534702,2.5870523,3.9765973
2018-12-18 05:00:00,3.53,3.123176,3.305715,7.844306,2.6812809,8.2862015
2018-12-18 05:15:00,3.46,3.3980403,3.66355,5.7638335,2.956145,6.2057285
2018-12-18 05:30:00,3.38,3.3188236,3.3736787,7.9621997,2.8769283,8.404095
2018-12-18 05:45:00,4.03,3.2928488,3.378203,7.9249263,2.8509536,8.366821
2018-12-18 06:00:00,4.14,3.2468433,3.3247762,7.338128,2.804948,7.780023
2018-12-18 06:15:00,3.6,2.8224523,3.3222237,3.4300284,2.380557,3.8719237
2018-12-18 06:30:00,3.38,2.919152,3.1412106,3.383544,2.4772568,3.8254392
2018-12-18 06:45:00,3.35,2.9857874,3.2675195,3.3206558,2.5438921,3.762551
2018-12-18 07:00:00,3.31,2.8255231,3.371561,3.5815995,2.383628,4.0234947
2018-12-18 07:15:00,3.28,2.9983923,3.3912926,3.6325634,2.556497,4.0744586
2018-12-18 07:30:00,3.42,3.3047323,3.6419735,8.987563,2.862837,9.429459
2018-12-18 07:45:00,5.58,3.6886837,4.2125053,8.451003,3.2467885,8.892899
2018-12-18 08:00:00,7.27,4.119702,4.60966,10.521402,3.6778066,10.963298
2018-12-18 08:15:00,38.38,5.7748866,15.283717,38.66223,5.3329916,39.104126
2018-12-18 08:30:00,72.86,30.977983,66.363205,108.78961,30.536089,109.23151
2018-12-18 08:45:00,66.42,31.12767,64.76639,100.87272,30.685776,101.31461
2018-12-18 09:00:00,81.4,32.545944,66.66531,118.84878,32.10405,119.29067
2018-12-18 09:15:00,66.28,34.47893,64.30609,113.27735,34.037037,113.719246
2018-12-18 09:30:00,78.3,37.1848,66.53609,115.18345,36.742905,115.62534
2018-12-18 09:45:00,77.72,37.51387,66.13178,115.65909,37.071976,116.10098
2018-12-18 10:00:00,74.59,30.317356,63.522453,110.06249,29.875462,110.50439
2018-12-18 10:15:00,63.04,31.723427,67.14474,110.30993,31.281532,110.75182
2018-12-18 10:30:00,58.68,28.32224,69.64058,115.87715,27.880346,116.319046
2018-12-18 10:45:00,62.96,25.113646,63.344414,114.20083,24.671751,114.64272
2018-12-18 11:00:00,68.36,28.586632,63.8582,113.141426,28.144737,113.58332
2018-12-18 11:15:00,60.05,29.319529,65.86525,108.56276,28.877634,109.004654
2018-12-18 11:30:00,58.82,31.015644,63.54097,112.21054,30.57375,112.652435
2018-12-18 11:45:00,64.73,29.919088,65.96605,107.95231,29.477194,108.3942
2018-12-18 12:00:00,67.54,26.160692,63.661987,113.7516,25.718798,114.1935
2018-12-18 12:15:00,8.14,2.3346932,8.878799,26.35201,1.892798,26.793905
2018-12-18 12:30:00,8.64,2.021829,4.8723865,22.746176,1.5799336,23.18807
2018-12-18 12:45:00,8.78,2.3691623,6.700332,26.944078,1.9272671,27.385973
2018-12-18 13:00:00,9.4,3.2001019,14.168813,39.224308,2.7582066,39.666203
2018-12-18 13:15:00,52.45,12.5659275,55.693768,88.291435,12.124032,88.73333
2018-12-18 13:30:00,67.46,22.01929,65.71072,107.439095,21.577396,107.88099
2018-12-18 13:45:00,62.53,26.721586,66.97034,110.722984,26.279692,111.16488
2018-12-18 14:00:00,62.46,27.245836,65.47648,108.86063,26.803942,109.30252
2018-12-18 14:15:00,67.18,28.05131,66.04618,107.1021,27.609415,107.54399
2018-12-18 14:30:00,113.51,27.825356,65.93926,105.87086,27.383461,106.31275
2018-12-18 14:45:00,99.5,23.789185,64.68554,107.23768,23.34729,107.67957
2018-12-18 15:00:00,68.0,26.958054,67.55276,109.154465,26.51616,109.59636
2018-12-18 15:15:00,120.82,25.977163,65.45538,109.83748,25.535269,110.27937
2018-12-18 15:30:00,79.45,24.780851,65.62146,107.74613,24.338957,108.18803
2018-12-18 15:45:00,117.68,26.41381,67.18125,111.572334,25.971916,112.01423
2018-12-18 16:00:00,114.08,25.761663,66.6592,113.35978,25.319769,113.801674
2018-12-18 16:15:00,106.27,26.47306,67.510765,113.158195,26.031166,113.60009
2018-12-18 16:30:00,93.28,25.559872,67.348785,112.6726,25.117977,113.114494
2018-12-18 16:45:00,127.58,23.806437,66.10167,114.24941,23.364542,114.69131
2018-12-18 17:00:00,94.61,20.868095,66.4592,115.583626,20.4262,116.02552
2018-12-18 17:15:00,101.02,24.812761,65.36098,110.57052,24.370867,111.01241
2018-12-18 17:30:00,112.14,26.198563,61.259018,105.17533,25.756668,105.617226
2018-12-18 17:45:00,68.08,17.706745,34.986595,54.341427,17.26485,54.78332
2018-12-18 18:00:00,15.95,16.964914,34.30168,48.772133,16.52302,49.214027
2018-12-18 18:15:00,7.16,16.78848,40.414097,76.254616,16.346586,76.69651
2018-12-18 18:30:00,5.58,15.360672,51.17783,79.01964,14.9187765,79.46153
2018-12-18 18:45:00,5.65,16.119104,51.31302,83.11203,15.677209,83.553925
2018-12-18 19:00:00,5.0,16.275106,51.773888,83.488464,15.833211,83.93036
2018-12-18 19:15:00,4.5,15.685946,51.9774,83.73381,15.244051,84.175705
2018-12-18 19:30:00,4.39,16.411268,51.52815,82.86338,15.969373,83.305275
2018-12-18 19:45:00,4.43,15.511839,48.20963,80.616394,15.069943,81.05829
2018-12-18 20:00:00,4.39,14.6342325,49.250607,79.07874,14.192337,79.52064
2018-12-18 20:15:00,4.43,11.501772,51.657413,81.63594,11.059876,82.077835
2018-12-18 20:30:00,4.36,10.998448,48.526474,74.39301,10.556553,74.83491
2018-12-18 20:45:00,4.39,8.249769,35.86081,49.127293,7.807874,49.569187
2018-12-18 21:00:00,4.43,6.184592,19.535387,37.724766,5.742697,38.16666
2018-12-18 21:15:00,4.39,4.4859753,9.562078,22.44297,4.0440803,22.884865
2018-12-18 21:30:00,4.46,4.2505755,9.700129,17.120293,3.8086803,17.562187
2018-12-18 21:45:00,4.39,4.2147026,9.698921,16.884344,3.7728074,17.326239
2018-12-18 22:00:00,4.39,3.979853,9.820833,16.025663,3.5379577,16.467558
2018-12-18 22:15:00,4.25,4.635482,7.622578,15.74104,4.193587,16.182936
2018-12-18 22:30:00,5.18,4.6240773,7.200435,16.677525,4.1821823,17.11942
2018-12-18 22:45:00,5.15,3.1116066,7.000606,17.858877,2.6697114,18.300772
2018-12-18 23:00:00,4.14,4.3135047,6.923496,19.343813,3.8716094,19.785707
2018-12-18 23:15:00,4.14,3.0781538,5.885676,10.365426,2.6362586,10.807322
2018-12-18 23:30:00,4.14,3.1141498,5.011424,10.380694,2.6722546,10.82259
2018-12-18 23:45:00,4.1,3.114323,5.013543,10.327428,2.6724277,10.769323
2018-12-19 00:00:00,3.92,3.213785,5.144303,9.001261,2.7718897,9.443156
2018-12-19 00:15:00,4.14,3.2908041,5.6645246,8.740778,2.848909,9.182673
2018-12-19 00:30:00,4.14,3.2814443,5.6478486,9.109118,2.839549,9.551014
2018-12-19 00:45:00,4.14,3.2751763,5.4234548,9.063369,2.833281,9.505264
2018-12-19 01:00:00,4.21,3.286496,5.3311477,14.299872,2.8446007,14.741768
2018-12-19 01:15:00,4.14,3.3176467,5.283309,14.570706,2.8757515,15.012602
2018-12-19 01:30:00,4.14,3.374087,5.1905437,14.243746,2.9321918,14.685641
2018-12-19 01:45:00,4.18,3.4185584,5.1998506,14.464588,2.976663,14.906484
2018-12-19 02:00:00,4.18,3.4146254,5.2235284,10.042583,2.9727302,10.484479
2018-12-19 02:15:00,4.93,3.3624756,5.128961,12.191854,2.9205804,12.633749
2018-12-19 02:30:00,5.26,3.362614,5.0619636,14.395243,2.9207187,14.837138
2018-12-19 02:45:00,4.14,3.3572972,4.7983003,15.332038,2.915402,15.773933
2018-12-19 03:00:00,4.14,3.3491495,4.948593,15.314663,2.9072542,15.756558
2018-12-19 03:15:00,4.1,3.276108,4.9569,8.038221,2.8342128,8.480117
2018-12-19 03:30:00,4.25,3.2666047,4.866977,9.290188,2.8247094,9.732083
2018-12-19 03:45:00,3.82,3.367886,4.519049,10.684152,2.9259908,11.126047
2018-12-19 04:00:00,3.49,3.3508782,4.362843,12.498364,2.908983,12.94026
2018-12-19 04:15:00,3.42,3.32654,4.230976,7.3846655,2.8846447,7.8265605
2018-12-19 04:30:00,3.42,3.3715138,4.2898383,4.554132,2.9296186,4.996027
2018-12-19 04:45:00,3.49,3.0564246,3.4323235,7.448259,2.6145294,7.890154
2018-12-19 05:00:00,3.38,2.8961263,3.3619323,9.250004,2.454231,9.691899
2018-12-19 05:15:00,3.42,3.2803636,3.4401534,5.8053384,2.8384683,6.2472334
2018-12-19 05:30:00,3.38,2.8118494,3.2821746,4.390397,2.369954,4.832292
2018-12-19 05:45:00,3.42,3.031343,3.4135137,9.3844185,2.5894477,9.826314
2018-12-19 06:00:00,3.42,3.1353407,3.2552009,12.540972,2.6934454,12.982867
2018-12-19 06:15:00,4.07,2.9334042,3.0426095,3.5901256,2.491509,4.0320206
2018-12-19 06:30:00,4.18,2.7971551,3.0043128,3.4870088,2.35526,3.928904
2018-12-19 06:45:00,3.96,2.8986468,3.1557195,3.5282612,2.4567516,3.9701564
2018-12-19 07:00:00,4.1,2.832219,3.2710543,3.8240185,2.3903236,4.2659135
2018-12-19 07:15:00,4.1,2.8876436,3.2175956,3.7364678,2.4457483,4.178363
2018-12-19 07:30:00,4.07,3.4603815,4.406116,9.598851,3.0184863,10.040747
2018-12-19 07:45:00,5.76,3.543791,7.7968063,10.555022,3.1018958,10.996918
2018-12-19 08:00:00,6.23,4.2270026,8.022866,13.776102,3.7851074,14.217998
2018-12-19 08:15:00,36.14,13.229923,43.22539,54.062008,12.788028,54.503902
2018-12-19 08:30:00,70.81,33.655907,69.94869,114.28837,33.214012,114.73026
2018-12-19 08:45:00,59.54,32.487152,71.731606,115.31083,32.045258,115.75272
2018-12-19 09:00:00,63.86,34.315887,80.50798,116.55523,33.873993,116.99712
2018-12-19 09:15:00,77.4,35.78097,70.0834,117.13944,35.339077,117.58134
2018-12-19 09:30:00,65.23,37.484333,73.39392,120.12015,37.04244,120.56204
2018-12-19 09:45:00,69.3,37.12866,76.37671,122.23201,36.686764,122.673904
2018-12-19 10:00:00,61.13,33.763374,71.87884,123.06477,33.32148,123.50667
2018-12-19 10:15:00,61.16,34.47045,74.21172,122.37503,34.028557,122.816925
2018-12-19 10:30:00,70.42,35.27008,76.13823,121.59285,34.828186,122.034744
2018-12-19 10:45:00,63.68,30.96818,68.89392,117.32075,30.526285,117.76264
2018-12-19 11:00:00,83.09,33.002907,70.71924,116.47294,32.561012,116.91483
2018-12-19 11:15:00,140.8,33.58296,71.01285,118.41241,33.141064,118.8543
2018-12-19 11:30:00,110.88,34.737827,73.5711,120.69713,34.295933,121.13902
2018-12-19 11:45:00,115.13,33.077793,69.37595,119.0228,32.6359,119.46469
2018-12-19 12:00:00,101.99,29.679575,70.93036,118.282845,29.23768,118.72474
2018-12-19 12:15:00,12.13,4.8751693,9.975893,31.677013,4.4332743,32.118908
2018-12-19 12:30:00,6.66,4.5788927,9.565193,27.979937,4.1369977,28.421831
2018-12-19 12:45:00,6.8,5.035601,12.076487,30.788445,4.593706,31.23034
2018-12-19 13:00:00,6.98,5.6600523,22.86082,39.68071,5.2181573,40.122604
2018-12-19 13:15:00,62.42,16.179169,60.200237,110.61534,15.737273,111.057236
2018-12-19 13:30:00,116.46,24.379118,72.56135,115.94966,23.937223,116.391556
2018-12-19 13:45:00,89.86,29.680868,76.28114,118.5054,29.238974,118.947296
2018-12-19 14:00:00,98.03,27.334423,71.57319,118.99096,26.892529,119.43285
2018-12-19 14:15:00,149.18,29.337843,72.97905,120.70958,28.895948,121.151474
2018-12-19 14:30:00,116.64,28.067135,67.53088,115.28253,27.62524,115.72443
2018-12-19 14:45:00,105.48,28.133026,67.84632,113.32328,27.691132,113.765175
2018-12-19 15:00:00,145.22,27.924353,66.26068,116.18684,27.482458,116.62873
2018-12-19 15:15:00,101.38,30.846653,69.784195,116.1864,30.404758,116.628296
2018-12-19 15:30:00,130.46,28.693735,68.86928,115.9594,28.25184,116.40129
2018-12-19 15:45:00,115.24,30.551085,69.03955,113.57412,30.10919,114.016014
2018-12-19 16:00:00,125.21,29.795734,70.20215,108.733345,29.35384,109.17524
2018-12-19 16:15:00,133.56,28.624018,70.55591,107.2777,28.182123,107.7196
2018-12-19 16:30:00,81.65,28.504898,73.86156,107.44523,28.063004,107.88712
2018-12-19 16:45:00,62.68,26.468328,69.73337,104.1045,26.026434,104.546394
2018-12-19 17:00:00,125.5,21.42963,67.97869,112.63999,20.987736,113.08189
2018-12-19 17:15:00,68.0,26.127193,66.60742,106.47349,25.685299,106.91538
2018-12-19 17:30:00,40.5,26.120737,65.0649,102.618385,25.678843,103.06028
2018-12-19 17:45:00,31.68,21.934296,46.690193,72.675835,21.492401,73.11773
2018-12-19 18:00:00,26.82,13.702099,34.07254,48.438473,13.260203,48.880367
2018-12-19 18:15:00,5.98,13.518015,32.746063,73.151115,13.076119,73.59301
2018-12-19 18:30:00,5.47,13.694515,35.119785,69.69579,13.25262,70.13769
2018-12-19 18:45:00,5.54,13.531053,34.21915,66.97426,13.089157,67.41615
2018-12-19 19:00:00,5.44,14.109896,35.262688,70.14952,13.668,70.591415
2018-12-19 19:15:00,5.47,13.855898,35.29292,71.12215,13.414002,71.56404
2018-12-19 19:30:00,5.47,14.353256,35.998966,70.753494,13.911361,71.19539
2018-12-19 19:45:00,5.4,13.53736,32.187035,74.31778,13.095465,74.759674
2018-12-19 20:00:00,5.33,12.878619,32.54046,69.295456,12.436724,69.73735
2018-12-19 20:15:00,5.36,8.496846,34.402733,71.78305,8.054951,72.224945
2018-12-19 20:30:00,5.33,11.448291,30.18345,66.65962,11.006395,67.10152
2018-12-19 20:45:00,5.44,11.241668,29.126114,59.777718,10.799772,60.219612
2018-12-19 21:00:00,5.4,6.76434,10.685767,29.098288,6.322445,29.540182
2018-12-19 21:15:00,5.4,4.2104707,6.558915,16.388454,3.7685754,16.830349
2018-12-19 21:30:00,5.04,3.129397,4.14433,10.979262,2.6875017,11.421158
2018-12-19 21:45:00,4.25,3.0783596,4.123911,10.924547,2.6364644,11.366443
2018-12-19 22:00:00,4.39,3.2221246,3.8668292,10.041623,2.7802293,10.483519
2018-12-19 22:15:00,4.03,4.426515,6.3381,10.592605,3.9846199,11.0345
2018-12-19 22:30:00,4.03,5.0079827,5.8138313,11.050501,4.5660877,11.492396
2018-12-19 22:45:00,3.96,4.6593266,4.7917867,13.941446,4.2174315,14.383342
2018-12-19 23:00:00,4.07,5.6413255,6.0355034,12.566703,5.1994305,13.008598
2018-12-19 23:15:00,4.03,3.6187117,4.483952,5.089403,3.1768165,5.531298
2018-12-19 23:30:00,3.92,3.5442722,3.7413735,5.1060925,3.102377,5.5479875
2018-12-19 23:45:00,3.96,3.344432,3.5550718,5.011722,2.9025369,5.453617
2018-12-20 00:00:00,3.89,3.3685384,5.553767,7.7568555,2.9266431,8.1987505
2018-12-20 00:15:00,4.03,3.43686,3.8992648,5.674611,2.9949648,6.116506
2018-12-20 00:30:00,4.03,3.4664927,3.9160748,5.831088,3.0245974,6.272983
2018-12-20 00:45:00,4.0,3.5511694,3.973495,5.7506304,3.1092741,6.1925254
2018-12-20 01:00:00,4.0,3.5431628,5.493698,10.100073,3.1012676,10.541968
2018-12-20 01:15:00,4.0,3.5929494,3.9592447,10.341916,3.1510541,10.783812
2018-12-20 01:30:00,4.1,3.6052113,3.9488778,10.0896,3.163316,10.531495
2018-12-20 01:45:00,4.0,3.5951438,3.9628172,10.131189,3.1532485,10.573085
2018-12-20 02:00:00,4.07,3.5538282,5.4886913,5.618607,3.111933,6.060502
2018-12-20 02:15:00,4.43,3.5656939,4.1297183,4.1554666,3.1237986,4.5973616
2018-12-20 02:30:00,5.18,3.6120205,4.3045936,6.270804,3.1701252,6.712699
2018-12-20 02:45:00,4.1,3.6066337,3.6378684,11.852533,3.1647384,12.294429
2018-12-20 03:00:00,4.0,3.6051364,5.400577,11.850994,3.1632411,12.29289
2018-12-20 03:15:00,4.1,3.5951705,3.7250767,4.2167177,3.1532753,4.6586127
2018-12-20 03:30:00,4.03,3.6082926,3.7613416,6.5123434,3.1663973,6.9542384
2018-12-20 03:45:00,4.1,3.5124512,3.553126,4.54464,3.070556,4.986535
2018-12-20 04:00:00,3.31,3.4261913,3.9134862,4.922884,2.984296,5.364779
2018-12-20 04:15:00,3.35,3.2707767,3.4045286,3.943466,2.8288815,4.385361
2018-12-20 04:30:00,3.46,3.2233624,3.4078264,3.8681583,2.7814672,4.3100533
2018-12-20 04:45:00,3.38,3.2762814,3.4199767,3.7599523,2.834386,4.2018476
2018-12-20 05:00:00,3.35,3.403326,4.8343983,5.4204397,2.9614308,5.8623347
2018-12-20 05:15:00,3.35,3.4271946,3.4520123,5.2922173,2.9852993,5.7341123
2018-12-20 05:30:00,3.38,3.1545591,3.3278513,4.0965314,2.712664,4.5384264
2018-12-20 05:45:00,3.38,3.2030244,3.3993754,3.742433,2.7611291,4.184328
2018-12-20 06:00:00,3.92,3.2692485,3.7265747,4.750082,2.8273532,5.191977
2018-12-20 06:15:00,3.67,3.2825959,3.3284392,3.9899673,2.8407006,4.4318624
2018-12-20 06:30:00,3.35,3.335972,3.3707585,4.2907453,2.8940768,4.7326403
2018-12-20 06:45:00,4.0,3.346636,3.4547644,3.9323099,2.9047408,4.374205
2018-12-20 07:00:00,4.03,3.4087622,4.1469445,5.0218606,2.966867,5.4637556
2018-12-20 07:15:00,3.96,3.2806923,3.4320483,4.0920343,2.838797,4.5339293
2018-12-20 07:30:00,4.18,3.5247934,3.5863051,6.717712,3.0828981,7.159607
2018-12-20 07:45:00,4.79,3.712485,4.174177,6.2859187,3.2705898,6.7278137
2018-12-20 08:00:00,5.87,4.260488,5.778947,9.124567,3.8185928,9.5664625
2018-12-20 08:15:00,39.49,11.489652,39.77267,52.522816,11.047756,52.96471
2018-12-20 08:30:00,79.85,41.630444,74.295975,116.15633,41.18855,116.59822
2018-12-20 08:45:00,66.96,40.164013,70.89382,111.77836,39.72212,112.22025
2018-12-20 09:00:00,63.14,37.456745,76.86467,112.650055,37.01485,113.09195
2018-12-20 09:15:00,64.12,38.61681,71.13862,113.5203,38.174915,113.9622
2018-12-20 09:30:00,64.37,37.988693,71.34574,116.25935,37.5468,116.70125
2018-12-20 09:45:00,83.16,37.919846,71.64641,118.09461,37.47795,118.53651
2018-12-20 10:00:00,71.14,35.372555,73.33121,117.29471,34.93066,117.7366
2018-12-20 10:15:00,58.72,35.379578,68.880806,116.75936,34.937683,117.201256
2018-12-20 10:30:00,68.72,35.879963,67.94989,115.15874,35.43807,115.60063
2018-12-20 10:45:00,75.53,35.309418,69.96999,112.95775,34.867523,113.39964
2018-12-20 11:00:00,77.51,35.436954,72.905045,110.41122,34.99506,110.85311
2018-12-20 11:15:00,64.4,42.69875,74.01459,110.165115,42.256855,110.60701
2018-12-20 11:30:00,63.0,40.459633,71.49651,114.65611,40.01774,115.09801
2018-12-20 11:45:00,71.46,40.3151,74.19625,117.323265,39.873207,117.76516
2018-12-20 12:00:00,71.06,39.943657,82.69055,115.770164,39.501762,116.21206
2018-12-20 12:15:00,16.96,7.532786,8.879944,21.487164,7.090891,21.929058
2018-12-20 12:30:00,7.67,5.4650083,5.8203506,14.659877,5.0231133,15.101772
2018-12-20 12:45:00,7.49,5.868046,6.9472814,16.915596,5.426151,17.35749
2018-12-20 13:00:00,6.66,7.2399073,19.531311,48.452732,6.7980123,48.894627
2018-12-20 13:15:00,42.7,26.20059,57.192547,97.57428,25.758696,98.016174
2018-12-20 13:30:00,63.07,34.76282,75.05883,108.87073,34.320927,109.31262
2018-12-20 13:45:00,71.5,35.971268,70.58108,111.65827,35.529373,112.10017
2018-12-20 14:00:00,76.9,35.48865,70.07851,110.46751,35.046757,110.9094
2018-12-20 14:15:00,63.5,34.715218,73.23457,103.574715,34.273323,104.01661
2018-12-20 14:30:00,78.41,34.307243,75.912735,106.433754,33.86535,106.87565
2018-12-20 14:45:00,73.4,34.250423,72.230896,109.26732,33.80853,109.70921
2018-12-20 15:00:00,64.44,35.314236,76.72908,106.00355,34.87234,106.44544
2018-12-20 15:15:00,60.26,35.70484,73.16155,109.59256,35.262947,110.034454
2018-12-20 15:30:00,58.9,33.60201,70.85396,110.339745,33.160114,110.78164
2018-12-20 15:45:00,60.59,34.144817,71.33809,107.09023,33.702923,107.53213
2018-12-20 16:00:00,56.92,34.77087,70.701805,104.85731,34.328976,105.2992
2018-12-20 16:15:00,60.08,28.817749,77.08244,107.62366,28.375854,108.06555
2018-12-20 16:30:00,58.68,30.471909,74.39886,115.15721,30.030014,115.599106
2018-12-20 16:45:00,57.56,33.306103,77.43469,113.68526,32.86421,114.12715
2018-12-20 17:00:00,46.51,27.690893,74.51747,112.25208,27.248999,112.69398
2018-12-20 17:15:00,58.07,32.020947,77.37701,107.401665,31.579052,107.84356
2018-12-20 17:30:00,41.22,30.964039,75.137924,97.17463,30.522144,97.61652
2018-12-20 17:45:00,41.51,25.574558,47.423798,58.7999,25.132664,59.241795
2018-12-20 18:00:00,24.8,16.379202,35.944893,39.75365,15.937306,40.195545
2018-12-20 18:15:00,5.44,20.677319,37.324924,70.26336,20.235424,70.70525
2018-12-20 18:30:00,5.18,19.020674,49.263332,60.85351,18.57878,61.295406
2018-12-20 18:45:00,5.29,19.876644,50.158867,61.26357,19.43475,61.705463
2018-12-20 19:00:00,5.29,20.62574,52.949097,63.394054,20.183846,63.83595
2018-12-20 19:15:00,5.29,22.434153,49.73561,63.528942,21.992258,63.970837
2018-12-20 19:30:00,4.18,23.335876,52.688503,63.01169,22.893982,63.453583
2018-12-20 19:45:00,4.07,19.018805,38.122772,70.629456,18.57691,71.07135
2018-12-20 20:00:00,4.1,19.30111,46.439125,63.733295,18.859215,64.17519
2018-12-20 20:15:00,4.07,17.772858,44.979183,64.0136,17.330963,64.4555
2018-12-20 20:30:00,4.18,16.429544,35.742073,56.599567,15.987649,57.041462
2018-12-20 20:45:00,4.1,12.390102,34.494583,46.00465,11.948207,46.446545
2018-12-20 21:00:00,4.1,7.3075814,14.864159,23.116774,6.8656864,23.558668
2018-12-20 21:15:00,4.14,5.77725,9.320855,16.937933,5.335355,17.379827
2018-12-20 21:30:00,4.14,4.1880746,9.629178,11.4258585,3.7461793,11.867754
2018-12-20 21:45:00,4.21,4.243334,9.598114,11.346493,3.8014386,11.788388
2018-12-20 22:00:00,4.18,4.2962775,9.717592,10.371609,3.8543823,10.813504
2018-12-20 22:15:00,3.85,5.834695,8.661094,14.8035555,5.3928,15.245451
2018-12-20 22:30:00,3.85,4.246293,8.925418,16.811192,3.8043978,17.253086
2018-12-20 22:45:00,4.64,3.9536545,8.741593,20.485569,3.5117593,20.927464
2018-12-20 23:00:00,5.04,4.0315337,8.758639,17.67105,3.5896385,18.112944
2018-12-20 23:15:00,4.07,3.2691832,5.975442,6.0054197,2.827288,6.4473147
2018-12-20 23:30:00,3.82,3.2802615,5.148486,6.226533,2.8383663,6.668428
2018-12-20 23:45:00,3.85,3.256265,5.1385584,6.2139697,2.8143697,6.6558647
2018-12-21 00:00:00,3.92,3.4935398,6.979873,11.178384,3.0516446,11.620279
2018-12-21 00:15:00,3.89,3.51442,5.430593,6.8973823,3.0725248,7.3392773
2018-12-21 00:30:00,3.85,3.5229595,5.4160457,6.979033,3.0810642,7.420928
2018-12-21 00:45:00,3.89,3.5282116,5.465468,6.8102784,3.0863163,7.2521734
2018-12-21 01:00:00,3.89,3.5204203,6.7999463,6.9663563,3.078525,7.4082513
2018-12-21 01:15:00,3.96,3.519101,5.421322,11.2203665,3.0772057,11.662262
2018-12-21 01:30:00,3.89,3.5593145,5.4171968,6.8713136,3.1174192,7.3132086
2018-12-21 01:45:00,3.89,3.5631423,5.4338794,11.275901,3.121247,11.717796
2018-12-21 02:00:00,3.89,3.5911133,6.9681506,10.241288,3.149218,10.683184
2018-12-21 02:15:00,3.92,3.548858,5.4131055,5.4918275,3.1069627,5.9337225
2018-12-21 02:30:00,3.92,3.4935324,5.6760497,7.4849105,3.0516372,7.9268055
2018-12-21 02:45:00,3.92,3.6113396,5.391579,11.550532,3.1694443,11.992428
2018-12-21 03:00:00,3.96,3.601991,7.2396684,11.55591,3.1600957,11.997806
2018-12-21 03:15:00,4.79,3.6094892,5.4735622,5.5569596,3.167594,5.9988546
2018-12-21 03:30:00,4.5,3.610317,5.7841115,7.087253,3.1684217,7.529148
2018-12-21 03:45:00,3.24,3.5905855,5.2736483,5.2803593,3.1486902,5.7222543
2018-12-21 04:00:00,3.28,3.4725225,5.433309,6.615882,3.0306273,7.057777
2018-12-21 04:15:00,3.24,3.4433901,4.9805837,5.630473,3.001495,6.072368
2018-12-21 04:30:00,3.24,3.4052465,4.914028,5.242959,2.9633512,5.684854
2018-12-21 04:45:00,3.28,3.390751,4.9698143,5.2210045,2.9488556,5.6628995
2018-12-21 05:00:00,3.28,3.4023736,4.8647637,6.410317,2.9604783,6.852212
2018-12-21 05:15:00,3.28,3.1026921,5.2181025,6.0039167,2.6607969,6.4458117
2018-12-21 05:30:00,3.2,3.3885496,4.931391,5.1230836,2.9466543,5.5649786
2018-12-21 05:45:00,3.24,3.4309053,4.779856,4.917538,2.98901,5.359433
2018-12-21 06:00:00,3.2,3.3908207,4.7662816,6.453067,2.9489255,6.894962
2018-12-21 06:15:00,3.67,3.386038,4.84988,5.3195667,2.9441428,5.7614617
2018-12-21 06:30:00,3.96,3.3877804,4.8908024,5.570832,2.9458852,6.012727
2018-12-21 06:45:00,3.92,3.4889617,4.8912873,4.943781,3.0470665,5.385676
2018-12-21 07:00:00,3.89,3.5722415,5.8683195,6.5330377,3.1303463,6.9749327
2018-12-21 07:15:00,3.67,3.4617689,5.0290327,6.047342,3.0198736,6.489237
2018-12-21 07:30:00,3.17,3.6909127,5.139225,7.305606,3.2490175,7.747501
2018-12-21 07:45:00,5.44,3.6786551,6.4626107,6.6261926,3.23676,7.0680876
2018-12-21 08:00:00,6.77,4.194044,7.8660936,8.997497,3.7521489,9.439392
2018-12-21 08:15:00,28.8,15.178307,43.65446,59.993156,14.736411,60.43505
2018-12-21 08:30:00,54.22,40.62396,74.50169,110.695045,40.182064,111.13694
2018-12-21 08:45:00,56.41,40.09241,73.6977,104.821976,39.650517,105.26387
2018-12-21 09:00:00,56.74,39.080845,75.96907,109.35387,38.63895,109.79576
2018-12-21 09:15:00,43.78,40.63586,78.06393,112.67397,40.193966,113.11587
2018-12-21 09:30:00,47.52,41.23352,78.933044,111.641685,40.791626,112.08358
2018-12-21 09:45:00,56.2,39.95606,80.53982,115.834915,39.514164,116.27681
2018-12-21 10:00:00,51.59,37.633858,75.218765,111.920845,37.191963,112.36274
2018-12-21 10:15:00,66.64,37.41475,76.00746,108.81347,36.972855,109.25536
2018-12-21 10:30:00,53.14,37.56503,81.71413,112.53771,37.123135,112.97961
2018-12-21 10:45:00,58.54,37.094723,77.076805,110.166214,36.65283,110.60811
2018-12-21 11:00:00,73.12,36.296185,78.122795,111.68875,35.85429,112.130646
2018-12-21 11:15:00,67.79,42.294544,79.38158,105.305626,41.85265,105.74752
2018-12-21 11:30:00,65.59,39.70902,80.74327,110.41212,39.267124,110.85401
2018-12-21 11:45:00,57.85,39.22444,78.99687,110.97923,38.782547,111.42113
2018-12-21 12:00:00,58.9,40.70742,81.074486,110.530365,40.265526,110.97226
2018-12-21 12:15:00,7.42,6.4638963,10.128207,19.306528,6.0220013,19.748423
2018-12-21 12:30:00,8.35,4.6014404,6.688918,9.650728,4.1595454,10.092624
2018-12-21 12:45:00,7.67,4.527983,6.2257266,6.669918,4.086088,7.111813
2018-12-21 13:00:00,7.2,4.0555954,7.263457,8.322173,3.6137002,8.764069
2018-12-21 13:15:00,39.74,20.023348,59.66308,89.94435,19.581453,90.386246
2018-12-21 13:30:00,58.03,34.704876,78.51817,107.77205,34.26298,108.21394
2018-12-21 13:45:00,63.97,35.104733,81.920334,107.17294,34.662838,107.61484
2018-12-21 14:00:00,56.34,34.92693,82.85238,111.25035,34.485035,111.692245
2018-12-21 14:15:00,69.62,38.378464,77.29745,108.06914,37.93657,108.51103
2018-12-21 14:30:00,60.34,36.160645,83.87386,110.80712,35.71875,111.249016
2018-12-21 14:45:00,57.74,33.024532,82.97279,114.13668,32.582638,114.578575
2018-12-21 15:00:00,68.04,32.788002,71.67291,111.7052,32.346107,112.147095
2018-12-21 15:15:00,67.68,32.657375,74.961624,114.08704,32.21548,114.52894
2018-12-21 15:30:00,58.32,28.919575,70.93316,115.813446,28.47768,116.25534
2018-12-21 15:45:00,65.48,33.099842,71.528984,120.46569,32.657948,120.907585
2018-12-21 16:00:00,63.0,30.263603,73.14889,118.131874,29.821709,118.57377
2018-12-21 16:15:00,69.73,31.20755,76.28159,117.096985,30.765656,117.53888
2018-12-21 16:30:00,59.69,30.247353,80.8265,119.34309,29.805458,119.78498
2018-12-21 16:45:00,63.32,30.010551,73.78505,117.95923,29.568657,118.40112
2018-12-21 17:00:00,62.32,27.8777,69.215454,112.201004,27.435806,112.6429
2018-12-21 17:15:00,52.78,29.082888,70.58713,113.8837,28.640993,114.32559
2018-12-21 17:30:00,45.86,23.179554,65.43445,100.44816,22.73766,100.89005
2018-12-21 17:45:00,30.78,26.499853,47.537506,78.419876,26.057959,78.86177
2018-12-21 18:00:00,8.21,15.851221,36.76886,63.512714,15.409326,63.95461
2018-12-21 18:15:00,5.51,14.708229,24.275702,37.874397,14.266334,38.31629
2018-12-21 18:30:00,5.4,11.868516,21.223392,38.0162,11.4266205,38.458096
2018-12-21 18:45:00,5.62,11.216966,21.158705,36.107597,10.77507,36.54949
2018-12-21 19:00:00,5.54,11.305948,20.91174,36.331017,10.864053,36.77291
2018-12-21 19:15:00,5.54,10.079481,21.055214,37.450687,9.637586,37.892582
2018-12-21 19:30:00,5.51,9.975458,21.728474,38.390305,9.533563,38.8322
2018-12-21 19:45:00,5.47,9.66249,21.70346,45.756023,9.220594,46.197918
2018-12-21 20:00:00,5.54,9.679369,22.200222,45.25479,9.2374735,45.696686
2018-12-21 20:15:00,5.47,5.307393,20.264992,30.864407,4.865498,31.306301
2018-12-21 20:30:00,5.44,5.1633997,20.087282,31.040213,4.7215047,31.482107
2018-12-21 20:45:00,5.47,5.510129,22.122993,31.170109,5.068234,31.612003
2018-12-21 21:00:00,5.44,5.1246967,15.605969,31.876524,4.6828017,32.31842
2018-12-21 21:15:00,5.54,4.1074233,8.189143,12.139371,3.665528,12.581266
2018-12-21 21:30:00,5.4,4.0727706,8.410248,11.095009,3.6308753,11.536904
2018-12-21 21:45:00,5.44,4.0835614,8.24591,11.382073,3.6416662,11.823969
2018-12-21 22:00:00,5.44,3.838713,8.372472,10.414856,3.3968177,10.856751
2018-12-21 22:15:00,5.18,3.2817214,7.283073,16.759142,2.839826,17.201036
2018-12-21 22:30:00,5.26,4.5909877,6.8168254,17.20038,4.1490927,17.642275
2018-12-21 22:45:00,5.15,4.5360837,7.393885,15.424499,4.0941887,15.866394
2018-12-21 23:00:00,5.15,6.1443086,7.289541,15.864772,5.7024136,16.306667
2018-12-21 23:15:00,5.11,3.4201543,5.7648396,6.452965,2.978259,6.89486
2018-12-21 23:30:00,4.57,3.3155782,5.7034974,8.851262,2.873683,9.293158
2018-12-21 23:45:00,4.0,3.326957,5.6970696,8.851056,2.8850617,9.292952
2018-12-22 00:00:00,3.31,3.1451862,4.543325,7.742678,2.703291,8.184573
2018-12-22 00:15:00,4.0,3.1888878,4.7601657,7.6678495,2.7469926,8.109745
2018-12-22 00:30:00,4.0,3.210047,4.920326,7.859278,2.7681518,8.301173
2018-12-22 00:45:00,4.0,3.2083366,5.0241957,8.804512,2.7664413,9.2464075
2018-12-22 01:00:00,4.1,3.2122395,5.037487,9.963053,2.7703443,10.404948
2018-12-22 01:15:00,3.96,3.222038,5.010177,14.011255,2.7801428,14.453151
2018-12-22 01:30:00,4.03,3.2496092,4.9906507,10.984533,2.807714,11.426429
2018-12-22 01:45:00,4.03,3.2729704,5.077805,14.11689,2.8310752,14.558785
2018-12-22 02:00:00,3.96,3.2673533,4.994344,9.971556,2.825458,10.413451
2018-12-22 02:15:00,4.07,3.308654,4.9850826,6.4585443,2.8667588,6.9004393
2018-12-22 02:30:00,4.07,3.3005016,4.8757057,7.822016,2.8586063,8.263911
2018-12-22 02:45:00,3.67,3.298083,5.02507,10.047081,2.8561878,10.4889765
2018-12-22 03:00:00,3.31,3.2867465,5.2653875,13.230207,2.8448513,13.672103
2018-12-22 03:15:00,3.82,3.2616513,5.922752,6.973326,2.819756,7.415221
2018-12-22 03:30:00,4.07,3.263066,5.4262786,8.379228,2.8211708,8.821123
2018-12-22 03:45:00,3.42,3.1502047,4.999597,5.8243494,2.7083094,6.2662444
2018-12-22 04:00:00,3.38,3.1215112,4.433965,5.1474333,2.679616,5.5893283
2018-12-22 04:15:00,3.31,3.0547173,4.4371853,5.0462933,2.612822,5.4881883
2018-12-22 04:30:00,3.38,3.1535113,4.256244,4.669211,2.711616,5.111106
2018-12-22 04:45:00,3.35,3.134323,3.295309,5.0395823,2.6924276,5.4814773
2018-12-22 05:00:00,3.38,3.127872,3.2225585,5.045349,2.6859767,5.487244
2018-12-22 05:15:00,3.42,3.1243057,3.252715,5.189209,2.6824105,5.631104
2018-12-22 05:30:00,3.96,3.0480373,3.189186,4.343741,2.606142,4.785636
2018-12-22 05:45:00,4.07,3.0438402,3.1863399,5.118569,2.601945,5.560464
2018-12-22 06:00:00,4.07,3.0244997,3.2103086,4.12442,2.5826044,4.566315
2018-12-22 06:15:00,4.0,3.0304272,3.2613854,5.077405,2.588532,5.5193
2018-12-22 06:30:00,3.38,3.0855722,3.3669527,5.2746015,2.643677,5.7164965
2018-12-22 06:45:00,3.35,3.187611,3.3621395,5.1969204,2.7457159,5.6388154
2018-12-22 07:00:00,3.35,3.1852713,3.5914054,7.4036155,2.743376,7.8455105
2018-12-22 07:15:00,3.31,3.113686,3.4457455,5.1415687,2.6717908,5.5834637
2018-12-22 07:30:00,3.85,3.06284,5.0038037,6.6583314,2.6209447,7.1002264
2018-12-22 07:45:00,4.03,3.1291125,7.3946776,8.177272,2.6872172,8.619167
2018-12-22 08:00:00,3.35,3.129048,7.548148,9.318522,2.6871529,9.760418
2018-12-22 08:15:00,3.31,3.3602,20.903109,28.448479,2.9183047,28.890373
2018-12-22 08:30:00,3.24,4.832153,37.145683,47.707684,4.390258,48.14958
2018-12-22 08:45:00,3.38,4.9027495,33.45333,50.17345,4.4608545,50.615345
2018-12-22 09:00:00,3.82,4.388261,33.29582,46.519226,3.9463656,46.96112
2018-12-22 09:15:00,4.28,3.9815402,9.602631,24.88393,3.539645,25.325825
2018-12-22 09:30:00,4.28,3.9750757,11.531963,22.1144,3.5331805,22.556295
2018-12-22 09:45:00,4.32,3.4856994,10.389143,27.937254,3.0438042,28.379148
2018-12-22 10:00:00,4.21,3.8968368,10.827934,13.497888,3.4549415,13.939783
2018-12-22 10:15:00,3.6,4.1652718,9.746525,10.551872,3.7233765,10.993768
2018-12-22 10:30:00,3.6,3.8329577,10.090849,10.762287,3.3910625,11.204183
2018-12-22 10:45:00,3.6,4.246936,8.841728,10.348292,3.8050406,10.790188
2018-12-22 11:00:00,3.6,4.4169073,10.679818,12.422657,3.975012,12.8645525
2018-12-22 11:15:00,3.6,3.9591806,5.624623,11.38828,3.5172853,11.830175
2018-12-22 11:30:00,3.6,3.8044295,6.90828,10.491721,3.3625343,10.933617
2018-12-22 11:45:00,3.6,3.3740256,9.324637,10.87604,2.9321303,11.317936
2018-12-22 12:00:00,3.6,4.575572,8.8055105,10.702564,4.133677,11.14446
2018-12-22 12:15:00,3.71,3.343507,3.730607,4.3496504,2.9016118,4.7915454
2018-12-22 12:30:00,4.39,3.293853,3.70675,7.96594,2.8519578,8.407835
2018-12-22 12:45:00,4.1,3.2548194,4.403292,8.054569,2.8129241,8.496465
2018-12-22 13:00:00,3.71,3.0585847,4.0360065,6.73406,2.6166894,7.175955
2018-12-22 13:15:00,4.28,3.5485902,5.2165194,6.126669,3.106695,6.568564
2018-12-22 13:30:00,4.25,4.523748,8.565904,9.027171,4.081853,9.469067
2018-12-22 13:45:00,4.25,3.9281464,6.7864823,7.9289207,3.486251,8.370816
2018-12-22 14:00:00,4.21,3.5293777,8.589926,9.2633,3.0874825,9.705195
2018-12-22 14:15:00,3.67,3.520935,5.0303564,10.116134,3.0790398,10.558029
2018-12-22 14:30:00,3.46,3.8568456,6.5080748,8.638061,3.4149504,9.079956
2018-12-22 14:45:00,3.49,3.9440296,5.6170883,8.620289,3.5021343,9.062184
2018-12-22 15:00:00,3.53,3.6111484,3.705447,9.66948,3.169253,10.111376
2018-12-22 15:15:00,3.56,3.859496,5.147756,12.192556,3.4176009,12.634452
2018-12-22 15:30:00,3.53,4.159024,5.446465,8.131882,3.7171285,8.573777
2018-12-22 15:45:00,3.56,3.35266,8.308245,11.322927,2.9107647,11.764823
2018-12-22 16:00:00,3.56,2.902509,4.1163406,6.352471,2.4606137,6.794366
2018-12-22 16:15:00,3.49,2.3689249,7.3230295,12.030624,1.9270296,12.47252
2018-12-22 16:30:00,3.53,3.3198776,4.3802214,7.1706905,2.8779824,7.6125855
2018-12-22 16:45:00,3.56,2.832226,3.838279,8.983812,2.3903308,9.425708
2018-12-22 17:00:00,4.68,4.0461135,4.0716944,8.078725,3.6042182,8.52062
2018-12-22 17:15:00,5.44,4.0400963,4.8920994,6.918217,3.598201,7.360112
2018-12-22 17:30:00,4.46,3.3064194,4.6961126,8.319365,2.8645241,8.76126
2018-12-22 17:45:00,4.28,2.2963347,3.0652645,5.327031,1.8544395,5.768926
2018-12-22 18:00:00,4.07,3.079447,3.322754,6.324639,2.6375518,6.766534
2018-12-22 18:15:00,3.6,3.0542164,4.427475,5.4632483,2.6123211,5.9051433
2018-12-22 18:30:00,3.67,3.0270987,4.0007625,11.491516,2.5852034,11.933412
2018-12-22 18:45:00,3.67,3.0762963,4.1372013,13.01814,2.634401,13.460035
2018-12-22 19:00:00,3.71,3.1217191,4.2743554,13.178619,2.6798239,13.620515
2018-12-22 19:15:00,3.74,3.1626122,3.7188306,12.978244,2.720717,13.420139
2018-12-22 19:30:00,3.71,3.1805217,3.7949595,14.154507,2.7386265,14.596402
2018-12-22 19:45:00,3.74,3.1769845,3.7410045,14.014912,2.7350893,14.456807
2018-12-22 20:00:00,3.67,3.1868699,3.8272781,13.92381,2.7449746,14.3657055
2018-12-22 20:15:00,3.67,3.2037718,3.881853,13.853111,2.7618766,14.295007
2018-12-22 20:30:00,3.67,3.200535,3.6899567,12.076827,2.7586398,12.518723
2018-12-22 20:45:00,3.67,3.1892316,3.381971,12.858505,2.7473364,13.300401
2018-12-22 21:00:00,4.18,3.2143161,3.4727702,12.962501,2.772421,13.404396
2018-12-22 21:15:00,4.61,3.2004936,3.4953375,11.4646845,2.7585983,11.90658
2018-12-22 21:30:00,5.51,3.1290257,3.5173836,16.229897,2.6871305,16.671791
2018-12-22 21:45:00,4.43,3.1164367,3.471836,16.692495,2.6745415,17.13439
2018-12-22 22:00:00,4.1,3.1097076,3.4186726,15.830347,2.6678123,16.272242
2018-12-22 22:15:00,3.46,3.1470478,3.4862208,3.9878206,2.7051525,4.4297156
2018-12-22 22:30:00,3.38,3.1013567,3.263074,3.5337324,2.6594615,3.9756277
2018-12-22 22:45:00,3.42,3.0256708,3.4400587,6.1000066,2.5837755,6.5419016
2018-12-22 23:00:00,3.38,3.06585,3.2987852,5.3487425,2.6239548,5.7906375
2018-12-22 23:15:00,3.35,3.03136,3.1291127,4.687214,2.5894647,5.129109
2018-12-22 23:30:00,3.31,3.0088646,3.289545,5.765904,2.5669694,6.207799
2018-12-22 23:45:00,3.31,3.0198681,3.2936392,6.4467516,2.577973,6.8886466
2018-12-23 00:00:00,3.78,2.9656057,3.7105093,5.341983,2.5237105,5.783878
2018-12-23 00:15:00,3.31,3.040383,3.5191622,6.173027,2.5984879,6.614922
2018-12-23 00:30:00,3.35,3.0483797,3.2601743,6.5286827,2.6064844,6.9705777
2018-12-23 00:45:00,3.42,3.0372322,3.3116384,7.4559555,2.595337,7.8978505
2018-12-23 01:00:00,4.93,3.1172407,3.7385144,8.642165,2.6753454,9.084061
2018-12-23 01:15:00,4.93,3.0995576,3.845715,12.857028,2.6576624,13.2989235
2018-12-23 01:30:00,4.14,3.110644,3.7371645,9.74046,2.6687489,10.182356
2018-12-23 01:45:00,4.07,3.131572,3.7360034,9.728316,2.6896768,10.170212
2018-12-23 02:00:00,3.49,3.1782143,3.7872934,8.630374,2.736319,9.072269
2018-12-23 02:15:00,3.46,3.1704447,3.520533,5.363751,2.7285495,5.805646
2018-12-23 02:30:00,3.49,3.1677601,3.667749,6.5927787,2.725865,7.0346737
2018-12-23 02:45:00,3.42,3.1150265,3.6261225,7.538747,2.6731312,7.980642
2018-12-23 03:00:00,3.42,3.0565002,3.5087109,7.5962954,2.614605,8.038191
2018-12-23 03:15:00,3.46,3.0969274,3.3267608,5.8275547,2.6550322,6.2694497
2018-12-23 03:30:00,3.42,3.0855262,3.2162275,5.1989646,2.643631,5.6408596
2018-12-23 03:45:00,3.53,2.9696934,3.2703571,3.4389393,2.5277982,3.8808346
2018-12-23 04:00:00,3.46,3.011236,3.115163,3.2152388,2.5693407,3.657134
2018-12-23 04:15:00,3.42,2.9597485,3.0383117,3.2350366,2.5178533,3.6769319
2018-12-23 04:30:00,3.6,2.9896839,3.1820903,3.2791073,2.5477886,3.7210026
2018-12-23 04:45:00,4.14,2.9712965,3.1802552,3.4817865,2.5294013,3.9236817
2018-12-23 05:00:00,5.18,2.9460118,3.2839153,4.327966,2.5041165,4.769861
2018-12-23 05:15:00,4.64,2.9465733,3.28525,4.3695273,2.504678,4.8114223
2018-12-23 05:30:00,4.1,2.9551253,3.362787,4.434867,2.51323,4.876762
2018-12-23 05:45:00,3.49,3.0213757,3.320714,4.235665,2.5794804,4.67756
2018-12-23 06:00:00,3.38,3.024344,3.3117216,4.6378527,2.5824487,5.0797477
2018-12-23 06:15:00,3.35,3.0575998,3.2322106,4.5823436,2.6157045,5.0242386
2018-12-23 06:30:00,3.46,3.000257,3.1219008,4.3176312,2.5583618,4.7595263
2018-12-23 06:45:00,3.38,3.0444274,3.2361934,4.439556,2.6025321,4.881451
2018-12-23 07:00:00,3.38,2.9511933,3.5142026,5.230632,2.509298,5.672527
2018-12-23 07:15:00,3.38,2.93627,3.2042058,4.183474,2.4943748,4.625369
2018-12-23 07:30:00,3.38,2.987019,3.1416154,5.338746,2.5451238,5.780641
2018-12-23 07:45:00,3.42,3.162907,4.1052585,6.6460805,2.7210116,7.0879755
2018-12-23 08:00:00,3.49,3.244703,3.866383,10.16021,2.8028078,10.602105
2018-12-23 08:15:00,4.07,2.8238077,3.2403483,14.427482,2.3819125,14.869377
2018-12-23 08:30:00,4.97,1.3090862,8.8170395,36.221127,0.867191,36.66302
2018-12-23 08:45:00,4.82,1.4639912,8.9571495,38.401005,1.0220959,38.8429
2018-12-23 09:00:00,4.28,1.8264291,10.857864,35.825417,1.3845339,36.26731
2018-12-23 09:15:00,3.92,2.072455,6.529171,15.329107,1.6305597,15.771003
2018-12-23 09:30:00,3.71,2.834367,5.946165,15.69053,2.3924718,16.132425
2018-12-23 09:45:00,3.64,1.5889858,8.827681,16.921219,1.1470907,17.363113
2018-12-23 10:00:00,3.64,1.8989254,7.0067544,8.11454,1.4570303,8.556436
2018-12-23 10:15:00,3.67,1.6589452,8.260713,8.342067,1.2170501,8.783962
2018-12-23 10:30:00,3.71,1.660642,8.193183,8.526999,1.2187469,8.968895
2018-12-23 10:45:00,3.71,2.0014174,5.9783106,9.322403,1.5595222,9.764298
2018-12-23 11:00:00,3.74,1.8170179,6.2512794,9.668302,1.3751228,10.110197
2018-12-23 11:15:00,3.78,2.0608459,9.779577,12.177563,1.6189506,12.619458
2018-12-23 11:30:00,3.71,1.6306037,4.2849684,11.165788,1.1887085,11.607683
2018-12-23 11:45:00,3.74,1.2610639,5.2260194,11.884677,0.81916875,12.326572
2018-12-23 12:00:00,3.96,1.4260924,2.4295812,10.033198,0.9841972,10.475094
2018-12-23 12:15:00,4.86,1.448012,3.65063,4.262567,1.0061169,4.704462
2018-12-23 12:30:00,5.54,1.4740249,4.5358653,6.660746,1.0321298,7.102641
2018-12-23 12:45:00,4.54,1.4928262,4.614265,6.3291607,1.050931,6.7710557
2018-12-23 13:00:00,4.36,1.4472818,4.453009,6.5776067,1.0053866,7.0195017
2018-12-23 13:15:00,3.67,1.2439516,1.731474,8.448561,0.8020564,8.890456
2018-12-23 13:30:00,3.67,1.2860408,4.7324104,10.475068,0.8441456,10.916964
2018-12-23 13:45:00,3.67,2.114218,7.539456,10.332554,1.6723228,10.774449
2018-12-23 14:00:00,3.67,2.2564716,2.4054637,10.495213,1.8145764,10.937108
2018-12-23 14:15:00,3.71,1.9240849,7.7685423,14.232856,1.4821897,14.674751
2018-12-23 14:30:00,3.67,2.2141356,7.3394475,12.620544,1.7722404,13.06244
2018-12-23 14:45:00,3.67,2.1892924,2.4719377,12.305808,1.7473972,12.747704
2018-12-23 15:00:00,3.67,0.030682841,3.0060375,11.228079,0.0,11.669974
2018-12-23 15:15:00,3.64,1.5645871,2.2723625,10.9604845,1.1226919,11.40238
2018-12-23 15:30:00,3.67,0.40333492,3.1939702,12.367077,0.0,12.808972
2018-12-23 15:45:00,3.74,2.388774,4.0939264,10.380801,1.9468787,10.822697
2018-12-23 16:00:00,4.36,0.30515715,5.467233,12.503671,0.0,12.945566
2018-12-23 16:15:00,4.36,1.3411793,11.134142,11.509391,0.89928406,11.951286
2018-12-23 16:30:00,5.0,3.093971,4.534806,9.160787,2.6520758,9.602682
2018-12-23 16:45:00,5.33,2.784692,4.7861743,5.0699916,2.3427968,5.5118866
2018-12-23 17:00:00,3.6,3.149059,3.8094702,6.875201,2.7071638,7.317096
2018-12-23 17:15:00,3.56,3.8566053,6.692275,7.9843717,3.41471,8.426267
2018-12-23 17:30:00,3.6,2.3703198,6.800835,8.045685,1.9284246,8.48758
2018-12-23 17:45:00,3.67,3.1706252,5.0529394,7.3906617,2.72873,7.8325567
2018-12-23 18:00:00,3.49,3.1613665,7.8086905,10.1172085,2.7194712,10.559104
2018-12-23 18:15:00,3.49,3.055865,5.3655105,7.211026,2.6139698,7.652921
2018-12-23 18:30:00,3.49,3.0856822,4.388019,12.187702,2.643787,12.629598
2018-12-23 18:45:00,3.64,2.8896286,4.0583453,10.8652935,2.4477334,11.307189
2018-12-23 19:00:00,3.64,2.8744009,3.940762,10.498867,2.4325056,10.9407625
2018-12-23 19:15:00,4.03,2.9037173,3.9401627,10.499603,2.461822,10.941499
2018-12-23 19:30:00,4.25,2.9128702,3.753777,11.461621,2.470975,11.903517
2018-12-23 19:45:00,4.28,2.905587,5.102637,11.425499,2.4636917,11.867394
2018-12-23 20:00:00,4.25,2.880668,5.1125665,10.337064,2.4387727,10.778959
2018-12-23 20:15:00,4.0,2.8610423,4.8825984,10.588409,2.419147,11.030305
2018-12-23 20:30:00,3.49,2.857011,3.453814,10.583921,2.4151158,11.025817
2018-12-23 20:45:00,4.21,2.9203613,3.6070251,11.418576,2.478466,11.860472
2018-12-23 21:00:00,4.14,3.0454404,4.812937,12.730925,2.6035452,13.17282
2018-12-23 21:15:00,3.49,3.0876777,4.9457006,12.180136,2.6457825,12.622031
2018-12-23 21:30:00,3.42,3.0639465,4.9058714,11.233588,2.6220512,11.675484
2018-12-23 21:45:00,3.46,3.0854995,3.8891323,15.7400875,2.6436043,16.181982
2018-12-23 22:00:00,3.53,3.0557525,3.9415414,12.444649,2.6138573,12.886544
2018-12-23 22:15:00,3.2,2.9991066,4.4705806,4.551201,2.5572114,4.993096
2018-12-23 22:30:00,3.2,2.9417064,3.6953588,3.9824774,2.4998112,4.4243727
2018-12-23 22:45:00,3.2,2.8862636,3.6870878,4.5314426,2.4443684,4.9733377
2018-12-23 23:00:00,3.96,3.007078,3.7210703,5.374413,2.5651827,5.816308
2018-12-23 23:15:00,4.0,3.038679,3.5758357,4.204572,2.5967836,4.646467
2018-12-23 23:30:00,4.0,3.026406,3.5938993,4.4168167,2.5845108,4.8587117
2018-12-23 23:45:00,4.0,3.013779,3.321495,5.8470273,2.5718837,6.2889223
2018-12-24 00:00:00,3.78,3.318323,3.3766375,9.981655,2.8764277,10.423551
2018-12-24 00:15:00,3.35,3.308234,3.3615313,6.2366157,2.8663387,6.6785107
2018-12-24 00:30:00,3.38,3.3202815,3.3205602,6.3365097,2.8783863,6.7784047
2018-12-24 00:45:00,3.38,3.305895,3.4524703,7.200324,2.8639998,7.642219
2018-12-24 01:00:00,3.96,2.8971543,3.3844848,6.5182376,2.455259,6.9601326
2018-12-24 01:15:00,3.89,3.1576648,3.4444776,7.3819823,2.7157695,7.8238773
2018-12-24 01:30:00,3.38,1.8962256,3.448277,8.840263,1.4543304,9.282159
2018-12-24 01:45:00,3.35,3.075851,3.4715471,9.252776,2.6339557,9.694672
2018-12-24 02:00:00,3.49,2.8493743,3.4052782,8.126087,2.407479,8.567983
2018-12-24 02:15:00,3.38,3.4080224,3.4165232,6.891337,2.9661272,7.333232
2018-12-24 02:30:00,3.42,3.3852146,3.4496117,6.532442,2.9433193,6.974337
2018-12-24 02:45:00,4.0,3.3035724,3.3894372,7.318819,2.8616772,7.760714
2018-12-24 03:00:00,4.07,3.1472769,3.321767,5.745029,2.7053816,6.186924
2018-12-24 03:15:00,4.14,3.0328274,3.331063,5.6829348,2.5909321,6.12483
2018-12-24 03:30:00,4.1,3.0286884,3.3122847,6.5127144,2.5867932,6.9546094
2018-12-24 03:45:00,3.96,3.1538672,3.1986563,3.4096317,2.711972,3.851527
2018-12-24 04:00:00,3.35,3.0433643,3.2051928,3.4015656,2.601469,3.8434608
2018-12-24 04:15:00,3.38,2.9936001,3.179155,3.3452785,2.551705,3.7871737
2018-12-24 04:30:00,3.64,3.0837054,3.2194169,3.4137878,2.6418102,3.855683
2018-12-24 04:45:00,4.07,3.1986828,3.3796508,4.2163267,2.7567875,4.6582217
2018-12-24 05:00:00,3.42,2.673475,3.3133693,6.279303,2.2315798,6.721198
2018-12-24 05:15:00,3.31,2.046479,3.2959723,5.630719,1.6045837,6.072614
2018-12-24 05:30:00,3.35,2.881666,3.1955352,5.627094,2.4397707,6.068989
2018-12-24 05:45:00,3.35,1.947384,3.2133105,5.9428515,1.5054889,6.3847466
2018-12-24 06:00:00,3.35,2.560644,3.182075,5.0782695,2.1187487,5.5201645
2018-12-24 06:15:00,3.38,3.1012387,3.2610435,4.669321,2.6593435,5.111216
2018-12-24 06:30:00,3.6,3.071074,3.1796877,4.2332726,2.6291788,4.6751676
2018-12-24 06:45:00,4.03,3.0520504,3.211185,4.2063165,2.610155,4.6482115
2018-12-24 07:00:00,4.0,3.0859935,3.1895018,4.4008536,2.6440983,4.8427486
2018-12-24 07:15:00,3.96,3.118449,3.1198962,4.225616,2.6765537,4.667511
2018-12-24 07:30:00,4.54,3.1968203,3.367045,5.30364,2.754925,5.745535
2018-12-24 07:45:00,5.36,3.6125987,4.3965907,6.6805744,3.1707034,7.1224694
2018-12-24 08:00:00,6.52,3.6175377,4.708702,8.671619,3.1756425,9.113515
2018-12-24 08:15:00,21.89,6.7521186,15.702646,32.432823,6.3102236,32.874718
2018-12-24 08:30:00,59.62,25.288464,49.844532,92.65446,24.84657,93.09635
2018-12-24 08:45:00,64.58,17.595419,46.74961,86.94577,17.153524,87.387665
2018-12-24 09:00:00,67.18,19.270027,47.903885,91.07829,18.828133,91.52019
2018-12-24 09:15:00,69.44,33.079876,62.512886,107.82169,32.63798,108.26359
2018-12-24 09:30:00,65.38,35.842274,63.324608,107.783455,35.40038,108.22535
2018-12-24 09:45:00,67.0,36.3212,67.30708,110.531815,35.879307,110.97371
2018-12-24 10:00:00,56.27,32.925648,62.640984,105.1037,32.483753,105.54559
2018-12-24 10:15:00,54.18,32.503284,70.690414,111.22544,32.06139,111.667336
2018-12-24 10:30:00,58.39,30.614475,70.15676,111.7788,30.17258,112.220695
2018-12-24 10:45:00,54.86,30.166979,68.98868,110.224686,29.725084,110.66658
2018-12-24 11:00:00,54.18,31.279285,72.50278,113.94455,30.83739,114.386444
2018-12-24 11:15:00,55.55,35.37363,77.76394,123.15317,34.931736,123.59506
2018-12-24 11:30:00,53.21,32.5903,69.90937,113.57958,32.148407,114.02148
2018-12-24 11:45:00,53.03,33.607445,68.626564,117.18049,33.16555,117.62238
2018-12-24 12:00:00,40.64,28.559057,68.001,113.47488,28.117163,113.91677
2018-12-24 12:15:00,6.91,5.2095933,9.564073,23.740753,4.7676983,24.182648
2018-12-24 12:30:00,6.91,4.0460544,9.41075,13.91493,3.604159,14.356826
2018-12-24 12:45:00,6.48,4.096777,7.0392346,13.151201,3.6548817,13.593097
2018-12-24 13:00:00,6.12,3.7342417,7.233983,14.036001,3.2923465,14.477897
2018-12-24 13:15:00,34.49,16.736456,48.805317,79.31923,16.294561,79.76112
2018-12-24 13:30:00,46.98,31.122128,64.680244,115.641106,30.680233,116.083
2018-12-24 13:45:00,38.2,29.00716,66.405106,110.47805,28.565266,110.919945
2018-12-24 14:00:00,37.84,26.120958,65.169754,110.73891,25.679064,111.1808
2018-12-24 14:15:00,43.45,34.94692,73.88967,122.26041,34.505024,122.7023
2018-12-24 14:30:00,63.9,34.188446,72.196846,120.46776,33.74655,120.90965
2018-12-24 14:45:00,38.48,29.682238,69.639366,116.49134,29.240343,116.933235
2018-12-24 15:00:00,38.12,33.21542,73.0768,123.05904,32.773525,123.50093
2018-12-24 15:15:00,45.25,28.16565,71.47383,121.145645,27.723755,121.58754
2018-12-24 15:30:00,51.12,28.935698,70.491684,121.63242,28.493803,122.07432
2018-12-24 15:45:00,45.72,34.80772,68.63458,120.13286,34.365826,120.57475
2018-12-24 16:00:00,51.7,35.892178,72.8985,124.71121,35.450283,125.15311
2018-12-24 16:15:00,47.2,34.278534,76.73653,121.6476,33.83664,122.08949
2018-12-24 16:30:00,69.55,29.59798,68.10635,113.25128,29.156086,113.69318
2018-12-24 16:45:00,44.82,28.89545,68.42376,124.43861,28.453556,124.8805
2018-12-24 17:00:00,40.86,26.674875,65.96998,122.34243,26.23298,122.784325
2018-12-24 17:15:00,33.66,28.910088,61.54974,109.54302,28.468193,109.98492
2018-12-24 17:30:00,9.86,26.481583,57.78263,106.143234,26.039688,106.58513
2018-12-24 17:45:00,6.73,24.922794,39.83099,80.91339,24.4809,81.355286
2018-12-24 18:00:00,5.29,17.836607,29.784586,60.72082,17.394712,61.162716
2018-12-24 18:15:00,5.22,16.211885,16.263458,56.318832,15.76999,56.760727
2018-12-24 18:30:00,5.18,12.789659,13.62405,42.499374,12.347763,42.94127
2018-12-24 18:45:00,5.33,12.603165,13.435453,42.441113,12.161269,42.883007
2018-12-24 19:00:00,5.04,10.360875,12.51785,41.557213,9.91898,41.999107
2018-12-24 19:15:00,4.14,12.226298,12.512407,39.105164,11.784403,39.54706
2018-12-24 19:30:00,4.18,12.50782,14.116745,32.450752,12.065925,32.892647
2018-12-24 19:45:00,4.1,12.000167,12.206202,32.77018,11.558271,33.212074
2018-12-24 20:00:00,4.18,12.179623,14.363593,33.43878,11.737727,33.880676
2018-12-24 20:15:00,4.1,9.076217,10.029532,25.002726,8.634321,25.44462
2018-12-24 20:30:00,4.14,9.183174,9.498427,25.852522,8.741279,26.294416
2018-12-24 20:45:00,4.21,7.5693045,8.873116,21.84624,7.1274095,22.288134
2018-12-24 21:00:00,4.18,5.0911846,5.2786646,21.189081,4.6492896,21.630976
2018-12-24 21:15:00,4.18,4.0763264,5.7497683,17.287985,3.6344311,17.72988
2018-12-24 21:30:00,4.14,4.0766683,4.3671346,15.164818,3.634773,15.606713
2018-12-24 21:45:00,4.18,3.9766152,4.3526335,13.159074,3.53472,13.600969
2018-12-24 22:00:00,5.4,3.5697875,3.7532794,13.300245,3.1278923,13.742141
2018-12-24 22:15:00,4.5,4.5935674,5.055126,18.42047,4.1516724,18.862364
2018-12-24 22:30:00,3.92,4.846884,5.587329,21.964836,4.404989,22.40673
2018-12-24 22:45:00,3.89,4.694196,5.6953545,19.512987,4.252301,19.954882
2018-12-24 23:00:00,3.85,4.459923,5.7221675,20.97305,4.018028,21.414944
2018-12-24 23:15:00,3.85,3.2881205,4.026242,4.915716,2.8462253,5.357611
2018-12-24 23:30:00,3.82,3.3403423,4.068005,5.9507985,2.898447,6.3926935
2018-12-24 23:45:00,3.85,3.3569663,6.555209,7.1271086,2.915071,7.5690036
2018-12-25 00:00:00,3.13,3.276554,3.3406348,8.907833,2.8346589,9.349729
2018-12-25 00:15:00,3.85,3.1158051,3.3120904,9.525107,2.67391,9.967003
2018-12-25 00:30:00,3.92,3.0486445,3.311863,6.8008604,2.6067493,7.2427554
2018-12-25 00:45:00,3.89,3.168108,3.1798224,6.1768208,2.7262127,6.618716
2018-12-25 01:00:00,3.85,2.9757617,3.2437086,7.815666,2.5338664,8.257562
2018-12-25 01:15:00,3.56,2.9888928,3.2705593,7.815017,2.5469975,8.256912
2018-12-25 01:30:00,3.2,3.2140622,3.3089886,8.208845,2.772167,8.650741
2018-12-25 01:45:00,3.92,3.1656494,3.2536416,8.287621,2.7237542,8.729516
2018-12-25 02:00:00,3.64,3.083478,3.200262,8.476175,2.6415827,8.918071
2018-12-25 02:15:00,3.17,2.8571057,3.252411,6.270962,2.4152105,6.7128572
2018-12-25 02:30:00,3.17,3.0757508,3.2594862,7.472722,2.6338556,7.914617
2018-12-25 02:45:00,3.2,2.7260303,3.2673597,8.5737705,2.284135,9.015666
2018-12-25 03:00:00,3.24,2.784748,3.3169017,6.179783,2.3428528,6.621678
2018-12-25 03:15:00,3.2,2.6144862,3.4755821,7.8981833,2.172591,8.340078
2018-12-25 03:30:00,3.2,2.7750297,3.4821665,9.024989,2.3331344,9.466885
2018-12-25 03:45:00,3.28,2.7502155,3.335235,4.7513523,2.3083203,5.1932473
2018-12-25 04:00:00,3.96,2.6917813,3.210172,4.097931,2.249886,4.539826
2018-12-25 04:15:00,3.96,2.5184062,3.1143773,3.1606367,2.076511,3.602532
2018-12-25 04:30:00,3.92,2.5177388,3.1884282,3.2497659,2.0758436,3.6916611
2018-12-25 04:45:00,3.89,2.750551,3.1458027,3.291632,2.3086557,3.7335272
2018-12-25 05:00:00,3.35,2.65836,3.1714935,4.5933833,2.2164648,5.0352783
2018-12-25 05:15:00,3.24,2.45939,3.0597517,3.1820686,2.0174947,3.6239638
2018-12-25 05:30:00,3.35,2.5547574,3.158707,3.2288544,2.112862,3.6707497
2018-12-25 05:45:00,3.96,2.557009,3.1636493,3.3597016,2.1151137,3.8015969
2018-12-25 06:00:00,3.71,2.5941913,3.1884673,3.471557,2.152296,3.9134521
2018-12-25 06:15:00,3.17,2.3780942,3.2954085,3.8979137,1.936199,4.339809
2018-12-25 06:30:00,3.2,2.4449465,3.1373646,3.3760252,2.0030513,3.8179204
2018-12-25 06:45:00,3.2,2.4741926,3.3268607,6.256248,2.0322974,6.698143
2018-12-25 07:00:00,3.17,2.4367847,3.398454,6.2769337,1.9948895,6.7188287
2018-12-25 07:15:00,3.24,2.6073184,3.41562,4.9716854,2.1654232,5.4135804
2018-12-25 07:30:00,3.85,2.6223764,3.6094291,7.402657,2.1804812,7.844552
2018-12-25 07:45:00,3.92,2.7398643,3.3990624,8.822673,2.297969,9.264568
2018-12-25 08:00:00,3.89,3.6638968,4.84486,13.252329,3.2220016,13.694224
2018-12-25 08:15:00,3.89,11.074378,32.051163,55.095844,10.632483,55.53774
2018-12-25 08:30:00,3.49,40.09336,65.47395,110.31821,39.651466,110.7601
2018-12-25 08:45:00,3.24,37.618217,70.88746,113.17658,37.176323,113.61848
2018-12-25 09:00:00,3.38,40.637123,73.15845,112.39569,40.19523,112.837585
2018-12-25 09:15:00,3.49,11.232987,31.079401,87.47191,10.791092,87.9138
2018-12-25 09:30:00,3.46,9.323936,33.407257,83.18092,8.882041,83.62282
2018-12-25 09:45:00,3.82,10.1312275,30.417498,84.276146,9.689332,84.71804
2018-12-25 10:00:00,3.96,5.554041,23.005104,70.40581,5.112146,70.8477
2018-12-25 10:15:00,3.42,4.6997895,21.792189,70.52767,4.2578945,70.96957
2018-12-25 10:30:00,3.53,7.3324165,22.793772,70.531624,6.8905215,70.97352
2018-12-25 10:45:00,3.46,5.303965,20.013788,68.22653,4.86207,68.66843
2018-12-25 11:00:00,3.46,6.7011514,16.240936,72.513885,6.2592564,72.95578
2018-12-25 11:15:00,3.78,6.5939593,18.33987,73.51735,6.1520643,73.95924
2018-12-25 11:30:00,4.18,7.076474,19.516212,66.09779,6.634579,66.53969
2018-12-25 11:45:00,4.28,7.1963177,19.144943,68.29882,6.7544227,68.740715
2018-12-25 12:00:00,4.18,5.6128783,18.702665,58.91214,5.1709833,59.354034
2018-12-25 12:15:00,4.07,2.6334026,5.7814193,7.916303,2.1915073,8.358198
2018-12-25 12:30:00,3.56,2.531483,7.6209283,8.193388,2.0895877,8.635283
2018-12-25 12:45:00,3.53,2.5048819,7.242034,8.430898,2.0629866,8.872793
2018-12-25 13:00:00,3.53,2.7709446,6.2483473,8.480696,2.3290493,8.922591
2018-12-25 13:15:00,5.04,3.724022,15.541192,50.659187,3.2821267,51.10108
2018-12-25 13:30:00,4.07,7.2861533,18.574509,67.7615,6.8442583,68.20339
2018-12-25 13:45:00,3.42,5.064944,17.443846,61.95717,4.623049,62.399063
2018-12-25 14:00:00,3.42,5.7955594,17.761196,55.214733,5.3536644,55.656628
2018-12-25 14:15:00,3.49,9.564566,18.039923,66.31691,9.12267,66.758804
2018-12-25 14:30:00,3.46,11.162954,22.56225,67.225365,10.721059,67.66726
2018-12-25 14:45:00,3.53,7.0336027,19.40136,61.421467,6.5917077,61.86336
2018-12-25 15:00:00,4.14,7.120327,16.53123,67.23445,6.678432,67.676346
2018-12-25 15:15:00,4.14,6.5026546,19.880419,62.196323,6.0607595,62.638218
2018-12-25 15:30:00,4.14,6.9152627,19.311306,66.94996,6.4733677,67.39185
2018-12-25 15:45:00,4.1,9.146,20.943344,62.154312,8.704104,62.596207
2018-12-25 16:00:00,3.67,7.7250943,20.821735,66.81372,7.2831993,67.255615
2018-12-25 16:15:00,3.46,7.31288,19.40373,65.59357,6.870985,66.03546
2018-12-25 16:30:00,3.42,6.929794,16.781103,68.49744,6.487899,68.93933
2018-12-25 16:45:00,3.46,3.2045476,18.077757,63.288322,2.7626524,63.730217
2018-12-25 17:00:00,3.42,5.108265,18.007114,60.012684,4.66637,60.45458
2018-12-25 17:15:00,3.46,1.1623614,18.144962,59.28417,0.7204662,59.726063
2018-12-25 17:30:00,4.0,1.9809673,17.54141,55.38974,1.539072,55.831635
2018-12-25 17:45:00,4.0,-0.2976015,12.401603,33.58108,0.0,34.022976
2018-12-25 18:00:00,3.38,-0.13672324,11.238305,13.586537,0.0,14.028433
2018-12-25 18:15:00,3.38,0.8312982,7.0364885,17.833773,0.389403,18.275667
2018-12-25 18:30:00,3.74,-0.22760221,3.461926,16.564865,0.0,17.00676
2018-12-25 18:45:00,4.1,-0.11108828,2.9485235,16.52719,0.0,16.969084
2018-12-25 19:00:00,4.18,-0.11878918,2.9239376,15.669268,0.0,16.111162
2018-12-25 19:15:00,4.1,0.49335217,6.67507,15.640404,0.051456988,16.082298
2018-12-25 19:30:00,4.18,0.39496252,5.37904,15.034295,0.0,15.476191
2018-12-25 19:45:00,3.64,0.38510498,5.339957,14.982307,0.0,15.424203
2018-12-25 20:00:00,3.46,0.48291925,4.8798966,15.035998,0.04102406,15.477894
2018-12-25 20:15:00,3.46,0.5021934,4.9605002,19.171324,0.060298204,19.613218
2018-12-25 20:30:00,3.38,0.14783627,4.798572,13.134374,0.0,13.576269
2018-12-25 20:45:00,3.42,0.09096811,4.726751,16.28508,0.0,16.726974
2018-12-25 21:00:00,3.42,0.42571747,2.778436,15.758864,0.0,16.20076
2018-12-25 21:15:00,3.42,0.43015784,4.108037,14.82584,0.0,15.2677355
2018-12-25 21:30:00,4.03,0.4174739,4.4165373,12.69542,0.0,13.137316
2018-12-25 21:45:00,4.14,1.3397714,4.427517,10.697458,0.8978762,11.139354
2018-12-25 22:00:00,3.49,0.25916138,3.47323,14.3359995,0.0,14.777895
2018-12-25 22:15:00,3.2,0.2687466,3.2026253,8.79574,0.0,9.237636
2018-12-25 22:30:00,3.85,-0.7198906,3.6056771,8.396523,0.0,8.838419
2018-12-25 22:45:00,3.89,-0.5754965,3.74231,5.980501,0.0,6.422396
2018-12-25 23:00:00,3.89,0.057908233,4.3052983,7.57724,0.0,8.019135
2018-12-25 23:15:00,3.85,0.091353156,3.2358615,7.143361,0.0,7.585256
2018-12-25 23:30:00,3.64,0.03457515,3.075654,6.8771176,0.0,7.3190126
2018-12-25 23:45:00,3.31,0.97649676,3.1507525,6.2883086,0.53460157,6.7302036
2018-12-26 00:00:00,3.67,0.8729773,3.22707,6.5122366,0.43108213,6.9541316
2018-12-26 00:15:00,3.24,0.1115501,3.3066115,5.7055993,0.0,6.1474943
2018-12-26 00:30:00,3.24,0.14409605,3.3363686,6.841557,0.0,7.283452
2018-12-26 00:45:00,3.2,0.14514285,3.3124275,6.833035,0.0,7.27493
2018-12-26 01:00:00,3.31,0.0768231,3.375206,9.417422,0.0,9.859318
2018-12-26 01:15:00,3.24,0.8067577,3.368682,8.76331,0.3648625,9.205206
2018-12-26 01:30:00,3.28,0.9217182,3.322228,7.1170955,0.479823,7.5589905
2018-12-26 01:45:00,3.24,0.16191438,3.3908448,9.754979,0.0,10.196875
2018-12-26 02:00:00,3.24,0.92521214,3.2941766,6.928288,0.48331696,7.370183
2018-12-26 02:15:00,3.78,-0.017863378,3.2056007,6.079392,0.0,6.521287
2018-12-26 02:30:00,3.96,0.02478818,3.5741277,6.432498,0.0,6.874393
2018-12-26 02:45:00,4.97,0.91479135,2.9745998,6.9106464,0.47289616,7.3525414
2018-12-26 03:00:00,4.36,0.8845922,2.9207492,6.4017878,0.442697,6.843683
2018-12-26 03:15:00,3.71,0.93053615,2.858701,6.231301,0.48864096,6.673196
2018-12-26 03:30:00,3.28,1.9152884,2.9228554,8.7682085,1.4733932,9.210104
2018-12-26 03:45:00,3.31,0.8186253,2.807415,3.4791574,0.37673008,3.9210527
2018-12-26 04:00:00,3.28,0.0008550434,2.8427665,3.218062,0.0,3.6599572
2018-12-26 04:15:00,3.28,0.010008852,2.8320372,3.2033439,0.0,3.645239
2018-12-26 04:30:00,3.2,-0.12610571,2.833313,3.1668859,0.0,3.608781
2018-12-26 04:45:00,3.24,-0.078992866,2.9486082,3.3882098,0.0,3.830105
2018-12-26 05:00:00,3.28,0.6647297,2.8295147,4.175307,0.22283453,4.617202
2018-12-26 05:15:00,3.2,0.829321,2.7206233,3.2012527,0.38742584,3.643148
2018-12-26 05:30:00,3.24,0.80714923,2.6924894,3.2074277,0.36525404,3.649323
2018-12-26 05:45:00,3.2,0.0064737727,2.7758505,3.3565018,0.0,3.798397
2018-12-26 06:00:00,4.79,0.017366754,2.7063549,3.3059146,0.0,3.74781
2018-12-26 06:15:00,4.86,0.89403445,2.8365927,3.5627644,0.45213926,4.0046597
2018-12-26 06:30:00,3.92,0.835871,2.8565319,3.2982435,0.3939758,3.7401388
2018-12-26 06:45:00,3.82,0.9427138,2.8894649,6.750437,0.5008186,7.192332
2018-12-26 07:00:00,3.35,1.9166186,2.7869096,6.3093476,1.4747233,6.7512426
2018-12-26 07:15:00,3.17,0.93417,2.8280182,3.536517,0.49227482,3.9784122
2018-12-26 07:30:00,3.42,0.32030612,3.093255,7.2797008,0.0,7.721596
2018-12-26 07:45:00,4.82,-0.21337858,3.6562104,8.399593,0.0,8.841489
2018-12-26 08:00:00,5.0,0.021492932,3.7100282,9.78542,0.0,10.227316
2018-12-26 08:15:00,34.52,2.0796027,7.91292,24.897028,1.6377075,25.338923
2018-12-26 08:30:00,48.06,18.057589,29.45181,84.2173,17.615694,84.659195
2018-12-26 08:45:00,78.23,17.60137,34.751774,78.549324,17.159475,78.99122
2018-12-26 09:00:00,51.08,17.7661,33.682087,79.54608,17.324205,79.987976
2018-12-26 09:15:00,70.99,22.878662,62.125267,101.26365,22.436768,101.70554
2018-12-26 09:30:00,65.74,24.065737,64.776924,93.111015,23.623842,93.55291
2018-12-26 09:45:00,52.96,30.312742,68.96467,108.605225,29.870848,109.04712
2018-12-26 10:00:00,55.44,24.476982,64.02923,95.27787,24.035088,95.719765
2018-12-26 10:15:00,52.06,24.618088,69.24347,98.48196,24.176193,98.92385
2018-12-26 10:30:00,57.64,24.663824,66.94316,102.81392,24.22193,103.25581
2018-12-26 10:45:00,62.21,24.13973,70.961075,101.00455,23.697836,101.44644
2018-12-26 11:00:00,45.58,25.559626,70.656006,108.88024,25.117731,109.322136
2018-12-26 11:15:00,54.58,26.765152,84.99092,112.947334,26.323257,113.38923
2018-12-26 11:30:00,55.15,26.848228,72.545685,113.409096,26.406334,113.85099
2018-12-26 11:45:00,58.64,26.825514,76.43441,112.41701,26.38362,112.8589
2018-12-26 12:00:00,31.28,21.8209,64.408775,107.7633,21.379005,108.20519
2018-12-26 12:15:00,6.77,2.4022362,7.2007246,19.522968,1.960341,19.964863
2018-12-26 12:30:00,7.09,2.2987278,6.212633,14.314804,1.8568325,14.7567
2018-12-26 12:45:00,6.95,2.3387868,3.7684321,13.697795,1.8968916,14.13969
2018-12-26 13:00:00,6.41,2.2432938,3.6053228,11.695849,1.8013985,12.137745
2018-12-26 13:15:00,20.66,12.565899,53.796585,84.348564,12.124003,84.79046
2018-12-26 13:30:00,59.9,20.17808,71.55001,106.7341,19.736185,107.175995
2018-12-26 13:45:00,55.3,17.246262,65.811356,105.8245,16.804367,106.266396
2018-12-26 14:00:00,51.41,19.237204,62.335075,107.28739,18.79531,107.72929
2018-12-26 14:15:00,57.02,25.22736,81.05696,108.31816,24.785465,108.760056
2018-12-26 14:30:00,43.06,22.586872,74.42181,107.7358,22.144978,108.1777
2018-12-26 14:45:00,41.4,19.519567,64.757614,103.16881,19.077673,103.6107
2018-12-26 15:00:00,52.92,21.84978,80.31615,108.11849,21.407885,108.56039
2018-12-26 15:15:00,53.42,20.431944,64.0762,109.13169,19.99005,109.573586
2018-12-26 15:30:00,40.68,22.765915,78.92467,108.913734,22.32402,109.35563
2018-12-26 15:45:00,40.64,19.697805,67.63555,107.7112,19.25591,108.15309
2018-12-26 16:00:00,41.47,18.97042,77.187325,106.70416,18.528526,107.14606
2018-12-26 16:15:00,56.2,19.085464,77.7926,108.66997,18.64357,109.11186
2018-12-26 16:30:00,59.04,22.922583,69.23336,105.74934,22.480688,106.19123
2018-12-26 16:45:00,54.68,18.245218,61.61917,91.57967,17.803324,92.02157
2018-12-26 17:00:00,57.67,15.08087,68.28165,102.08023,14.638974,102.522125
2018-12-26 17:15:00,54.79,23.523357,52.031403,91.95281,23.081463,92.39471
2018-12-26 17:30:00,34.42,22.265743,41.255363,80.89068,21.823849,81.33257
2018-12-26 17:45:00,9.5,17.735632,27.161926,59.34673,17.293737,59.788624
2018-12-26 18:00:00,5.22,15.04466,19.21962,50.74391,14.602764,51.185806
2018-12-26 18:15:00,5.04,11.572798,12.837247,31.443428,11.130902,31.885323
2018-12-26 18:30:00,5.04,11.729873,11.98786,32.21263,11.287977,32.654526
2018-12-26 18:45:00,5.08,11.177166,11.520211,32.280895,10.7352705,32.72279
2018-12-26 19:00:00,5.08,11.105766,11.728295,24.34539,10.663871,24.787285
2018-12-26 19:15:00,4.68,11.732488,12.033339,34.658073,11.290592,35.099968
2018-12-26 19:30:00,3.92,11.086173,11.471864,25.105165,10.644278,25.54706
2018-12-26 19:45:00,3.89,10.716533,12.716054,29.343119,10.274637,29.785013
2018-12-26 20:00:00,3.85,10.776803,12.748146,31.19022,10.334908,31.632114
2018-12-26 20:15:00,3.89,7.4348125,9.157782,15.14002,6.9929175,15.581916
2018-12-26 20:30:00,3.89,6.8989305,8.839039,15.531191,6.4570355,15.973086
2018-12-26 20:45:00,3.96,6.552593,8.0050335,15.451508,6.110698,15.893403
2018-12-26 21:00:00,3.89,3.666995,4.5146894,15.122606,3.2250998,15.564502
2018-12-26 21:15:00,3.96,3.7648785,3.866067,14.147726,3.3229833,14.589622
2018-12-26 21:30:00,4.0,2.9961576,3.8290966,14.265979,2.5542624,14.707874
2018-12-26 21:45:00,3.96,2.78753,3.8136766,12.514332,2.3456347,12.956227
2018-12-26 22:00:00,4.07,2.934552,3.7495863,12.220304,2.4926567,12.662199
2018-12-26 22:15:00,4.0,5.8113976,7.3054514,16.244156,5.3695025,16.68605
2018-12-26 22:30:00,4.9,4.8445473,5.746153,18.250456,4.4026523,18.69235
2018-12-26 22:45:00,4.1,4.6376734,5.6964207,20.244612,4.1957784,20.686506
2018-12-26 23:00:00,3.71,5.473671,5.8574853,20.579828,5.031776,21.021723
2018-12-26 23:15:00,3.74,3.2441247,6.1260953,8.104277,2.8022294,8.546172
2018-12-26 23:30:00,3.64,3.1647437,4.877493,7.3510427,2.7228484,7.7929378
2018-12-26 23:45:00,3.67,3.0787299,3.8799837,6.1734405,2.6368346,6.6153355
2018-12-27 00:00:00,3.74,3.0416622,3.9113667,6.978832,2.599767,7.420727
2018-12-27 00:15:00,3.64,3.0490804,3.922905,8.005136,2.6071851,8.447031
2018-12-27 00:30:00,3.74,3.018569,3.9209485,8.847455,2.5766737,9.2893505
2018-12-27 00:45:00,3.71,3.0328493,3.909116,9.183507,2.590954,9.625402
2018-12-27 01:00:00,3.71,3.113409,3.6427546,9.561892,2.6715138,10.003787
2018-12-27 01:15:00,3.67,3.0787935,3.6357055,9.250763,2.6368983,9.692658
2018-12-27 01:30:00,3.67,3.0020251,3.8121834,9.231426,2.56013,9.673322
2018-12-27 01:45:00,3.78,3.1046686,3.7940125,9.144712,2.6627734,9.586608
2018-12-27 02:00:00,4.18,3.0938473,3.7999706,5.65825,2.651952,6.100145
2018-12-27 02:15:00,4.86,3.057485,3.8789515,6.661683,2.6155899,7.103578
2018-12-27 02:30:00,4.21,2.8766918,3.9073343,8.651389,2.4347966,9.093285
2018-12-27 02:45:00,3.71,3.1943753,3.6732674,8.544815,2.75248,8.986711
2018-12-27 03:00:00,3.78,3.1128845,3.2605035,8.791065,2.6709893,9.232961
2018-12-27 03:15:00,3.67,3.1620085,3.1748528,8.45738,2.7201133,8.899276
2018-12-27 03:30:00,3.71,3.2099369,3.813394,8.553259,2.7680416,8.995154
2018-12-27 03:45:00,3.24,2.9525616,3.5801468,3.7798283,2.5106664,4.2217236
2018-12-27 04:00:00,3.02,2.9816592,3.2927153,4.0109053,2.539764,4.4528003
2018-12-27 04:15:00,2.99,3.0022933,3.3081424,3.9260128,2.560398,4.367908
2018-12-27 04:30:00,2.99,2.9870756,3.3609414,4.1165724,2.5451803,4.5584674
2018-12-27 04:45:00,2.95,2.9699337,3.36858,4.6804824,2.5280385,5.1223774
2018-12-27 05:00:00,2.95,2.9646475,3.2648842,4.553507,2.5227523,4.995402
2018-12-27 05:15:00,2.95,2.9738147,3.1958435,3.7872229,2.5319195,4.229118
2018-12-27 05:30:00,2.95,2.9550097,3.3049557,3.649727,2.5131145,4.0916224
2018-12-27 05:45:00,2.95,2.9547112,3.3247125,3.9901276,2.512816,4.4320226
2018-12-27 06:00:00,3.42,3.0017805,3.1609402,3.6509924,2.5598853,4.0928874
2018-12-27 06:15:00,3.74,3.3092053,3.4023366,5.221622,2.86731,5.663517
2018-12-27 06:30:00,4.86,3.1311038,3.2716007,5.168893,2.6892085,5.610788
2018-12-27 06:45:00,4.21,3.0918818,3.3220375,9.112166,2.6499865,9.554062
2018-12-27 07:00:00,3.6,3.1956484,3.8211372,5.222632,2.7537532,5.664527
2018-12-27 07:15:00,2.88,3.0103643,3.4758697,3.6361313,2.568469,4.0780263
2018-12-27 07:30:00,3.2,3.1956513,3.5012507,7.1387353,2.753756,7.5806303
2018-12-27 07:45:00,4.9,3.4217906,3.5573893,9.066784,2.9798954,9.508679
2018-12-27 08:00:00,5.65,3.6509597,4.4378967,11.274817,3.2090645,11.716713
2018-12-27 08:15:00,32.0,14.056678,38.87146,59.13747,13.614782,59.579365
2018-12-27 08:30:00,52.63,46.065083,70.28433,89.9457,45.623188,90.387596
2018-12-27 08:45:00,73.66,46.361034,79.23288,112.71683,45.91914,113.15872
2018-12-27 09:00:00,63.47,42.266987,73.62003,99.20402,41.825092,99.64591
2018-12-27 09:15:00,56.77,41.422604,76.24502,115.61094,40.98071,116.05283
2018-12-27 09:30:00,53.93,38.955296,80.117226,117.44018,38.5134,117.88207
2018-12-27 09:45:00,59.4,39.975113,75.177376,118.93203,39.53322,119.373924
2018-12-27 10:00:00,76.03,37.76852,70.54772,113.42856,37.326626,113.87045
2018-12-27 10:15:00,47.81,38.11356,74.85793,109.79234,37.671665,110.23424
2018-12-27 10:30:00,45.83,38.13058,73.484276,116.49674,37.688686,116.93864
2018-12-27 10:45:00,52.63,36.71345,72.277,116.83483,36.271557,117.276726
2018-12-27 11:00:00,68.69,34.29201,70.024,107.10348,33.850117,107.54537
2018-12-27 11:15:00,51.16,35.548855,71.39355,109.3594,35.10696,109.80129
2018-12-27 11:30:00,51.52,35.427906,66.98986,104.96853,34.98601,105.41042
2018-12-27 11:45:00,54.83,36.246826,66.03117,109.539185,35.80493,109.98108
2018-12-27 12:00:00,59.62,25.82763,58.324276,96.49529,25.385735,96.93719
2018-12-27 12:15:00,13.54,4.316793,9.23935,21.509317,3.8748977,21.951212
2018-12-27 12:30:00,6.62,3.9230115,10.182105,14.972298,3.4811163,15.414193
2018-12-27 12:45:00,6.59,3.8633506,7.0378747,14.363144,3.4214554,14.805039
2018-12-27 13:00:00,17.82,3.4809327,6.015967,12.171139,3.0390375,12.613034
2018-12-27 13:15:00,40.57,10.884223,36.22528,59.005062,10.4423275,59.446957
2018-12-27 13:30:00,43.7,26.164864,66.22602,107.88448,25.72297,108.32638
2018-12-27 13:45:00,46.84,25.285889,67.72727,108.86414,24.843994,109.30604
2018-12-27 14:00:00,53.32,26.988007,67.9773,102.98882,26.546112,103.43072
2018-12-27 14:15:00,55.01,27.803848,72.28398,110.25828,27.361954,110.70017
2018-12-27 14:30:00,61.74,28.149456,69.12516,104.79802,27.707561,105.239914
2018-12-27 14:45:00,54.14,24.945341,66.170784,97.9321,24.503447,98.37399
2018-12-27 15:00:00,53.5,26.873096,62.634853,100.15143,26.431202,100.59332
2018-12-27 15:15:00,44.75,26.856789,64.73843,100.37559,26.414894,100.81748
2018-12-27 15:30:00,42.95,26.86148,58.48207,81.74213,26.419586,82.18402
2018-12-27 15:45:00,60.84,26.217306,62.781483,94.17364,25.775412,94.61553
2018-12-27 16:00:00,63.04,27.735302,65.46643,99.464,27.293407,99.90589
2018-12-27 16:15:00,59.58,24.33252,69.68919,108.5989,23.890625,109.040794
2018-12-27 16:30:00,63.22,26.765554,73.6661,114.470055,26.32366,114.91195
2018-12-27 16:45:00,45.79,24.543043,68.30502,107.508736,24.101149,107.95063
2018-12-27 17:00:00,41.58,26.909632,68.93262,108.20116,26.467737,108.64305
2018-12-27 17:15:00,54.58,34.986027,62.843037,92.571465,34.544132,93.01336
2018-12-27 17:30:00,36.72,25.878096,43.89552,65.470215,25.436201,65.91211
2018-12-27 17:45:00,29.38,23.057308,31.204988,74.68755,22.615414,75.12945
2018-12-27 18:00:00,28.48,17.927368,20.472511,45.450733,17.485474,45.892628
2018-12-27 18:15:00,48.56,13.430255,16.131832,25.348108,12.988359,25.790003
2018-12-27 18:30:00,53.82,10.055437,14.506368,22.470205,9.613542,22.9121
2018-12-27 18:45:00,53.5,10.09506,14.590165,23.531008,9.653165,23.972902
2018-12-27 19:00:00,53.14,11.709124,14.5938835,23.74479,11.267228,24.186684
2018-12-27 19:15:00,51.01,10.0556345,13.651927,23.317455,9.613739,23.75935
2018-12-27 19:30:00,47.99,10.928622,11.900765,27.373753,10.486727,27.815647
2018-12-27 19:45:00,49.18,10.509819,11.901429,26.724472,10.067924,27.166367
2018-12-27 20:00:00,50.33,11.899771,11.953794,27.532953,11.457875,27.974848
2018-12-27 20:15:00,50.04,9.943015,10.969823,14.405613,9.50112,14.847508
2018-12-27 20:30:00,40.93,9.410863,10.764455,13.522647,8.968967,13.964542
2018-12-27 20:45:00,14.51,7.999474,8.685912,13.948695,7.557579,14.390591
2018-12-27 21:00:00,8.35,5.747424,6.1521273,15.214577,5.305529,15.656472
2018-12-27 21:15:00,5.26,4.1557093,5.256295,14.748983,3.713814,15.190879
2018-12-27 21:30:00,5.26,4.0189323,6.0076494,12.337574,3.577037,12.7794695
2018-12-27 21:45:00,5.26,3.9728556,5.459772,12.311171,3.5309603,12.753066
2018-12-27 22:00:00,4.5,3.9724176,5.5874443,12.162369,3.5305223,12.604264
2018-12-27 22:15:00,3.89,4.2646894,5.425885,19.043562,3.8227942,19.485456
2018-12-27 22:30:00,3.85,5.3033395,5.665203,12.768798,4.8614445,13.210693
2018-12-27 22:45:00,3.82,5.2108226,7.0891433,19.727892,4.7689276,20.169786
2018-12-27 23:00:00,3.82,5.3134913,7.058254,21.30572,4.8715963,21.747614
2018-12-27 23:15:00,3.82,3.127639,4.6169114,8.001144,2.6857438,8.44304
2018-12-27 23:30:00,3.78,3.010476,4.375676,7.383456,2.5685809,7.825351
2018-12-27 23:45:00,3.74,3.2476377,4.224094,7.5442104,2.8057425,7.9861054
2018-12-28 00:00:00,4.82,3.1297333,4.2212467,5.7912054,2.687838,6.2331004
2018-12-28 00:15:00,3.74,3.1348186,4.2549286,4.77959,2.6929233,5.221485
2018-12-28 00:30:00,3.78,3.2000215,4.279892,5.317701,2.7581263,5.759596
2018-12-28 00:45:00,3.85,3.161836,4.279644,4.7889614,2.7199407,5.2308564
2018-12-28 01:00:00,4.14,3.2332375,4.239971,5.991279,2.7913423,6.433174
2018-12-28 01:15:00,4.9,3.1960957,4.2009616,5.976085,2.7542005,6.41798
2018-12-28 01:30:00,4.14,3.1985629,4.238474,4.733471,2.7566676,5.175366
2018-12-28 01:45:00,3.82,3.2491038,4.3214607,5.949865,2.8072085,6.39176
2018-12-28 02:00:00,3.85,3.0358384,4.4009724,4.6088676,2.593943,5.0507627
2018-12-28 02:15:00,3.82,3.0566027,4.51907,5.350108,2.6147075,5.792003
2018-12-28 02:30:00,3.82,3.0355756,4.4807973,5.9848957,2.5936804,6.4267907
2018-12-28 02:45:00,3.82,3.0084932,4.506468,4.5154314,2.566598,4.9573264
2018-12-28 03:00:00,3.82,3.0210598,4.3907676,5.4767656,2.5791645,5.9186606
2018-12-28 03:15:00,3.89,2.72311,4.2640285,4.482843,2.2812147,4.924738
2018-12-28 03:30:00,3.89,3.2151725,4.095812,4.6465163,2.7732773,5.0884113
2018-12-28 03:45:00,3.85,3.0431502,3.7687867,3.8930385,2.601255,4.3349338
2018-12-28 04:00:00,3.82,2.9749255,3.8687618,4.152513,2.5330303,4.594408
2018-12-28 04:15:00,4.07,2.9821098,3.80182,3.8673475,2.5402145,4.3092427
2018-12-28 04:30:00,5.04,2.9879482,3.8386765,3.8570993,2.546053,4.2989945
2018-12-28 04:45:00,4.1,2.963243,3.7361987,4.358049,2.5213478,4.799944
2018-12-28 05:00:00,3.82,2.963318,3.7951784,4.6593046,2.5214229,5.1011996
2018-12-28 05:15:00,3.89,2.9550545,3.7464142,4.037527,2.5131593,4.479422
2018-12-28 05:30:00,3.38,2.9598782,3.6419942,3.6694875,2.517983,4.1113825
2018-12-28 05:45:00,3.17,2.9537117,3.687763,3.7379165,2.5118165,4.1798115
2018-12-28 06:00:00,3.06,3.0036032,3.7435231,5.111079,2.561708,5.552974
2018-12-28 06:15:00,3.06,3.1775463,3.8930886,5.6288066,2.735651,6.0707016
2018-12-28 06:30:00,3.1,2.9018705,4.0219955,4.874891,2.4599752,5.316786
2018-12-28 06:45:00,3.06,3.0577056,4.140422,5.966625,2.6158104,6.40852
2018-12-28 07:00:00,3.1,2.878067,3.9090102,4.0564995,2.4361718,4.4983945
2018-12-28 07:15:00,3.38,2.7773762,3.7369418,3.9860883,2.335481,4.4279833
2018-12-28 07:30:00,4.97,3.0475798,3.7678096,4.865372,2.6056845,5.307267
2018-12-28 07:45:00,6.7,3.386605,4.455308,7.3599534,2.9447098,7.8018484
2018-12-28 08:00:00,6.16,3.4647355,3.6602502,8.590845,3.0228403,9.032741
2018-12-28 08:15:00,35.75,10.397458,34.363796,40.47688,9.955563,40.918774
2018-12-28 08:30:00,57.78,31.118116,53.122208,79.9424,30.676222,80.38429
2018-12-28 08:45:00,57.74,36.49764,57.273182,100.77709,36.055744,101.21899
2018-12-28 09:00:00,66.46,32.50474,57.503323,92.20483,32.062847,92.64672
2018-12-28 09:15:00,66.82,36.687725,54.251045,94.84084,36.24583,95.28274
2018-12-28 09:30:00,59.9,35.38142,54.748756,90.31646,34.939526,90.758354
2018-12-28 09:45:00,63.32,34.889027,55.232784,88.75776,34.447132,89.19965
2018-12-28 10:00:00,57.17,38.069176,55.788826,91.51726,37.62728,91.95915
2018-12-28 10:15:00,55.91,33.578583,53.156593,85.24837,33.13669,85.69026
2018-12-28 10:30:00,62.42,35.790527,51.290966,75.27558,35.348633,75.717476
2018-12-28 10:45:00,59.72,29.290607,51.77873,81.16919,28.848713,81.611084
2018-12-28 11:00:00,62.71,35.12578,50.851078,88.04598,34.683884,88.48788
2018-12-28 11:15:00,57.82,34.469788,52.585453,81.49211,34.027893,81.934006
2018-12-28 11:30:00,64.94,33.91595,52.251675,81.64159,33.474056,82.08348
2018-12-28 11:45:00,58.97,31.758835,51.009724,75.92559,31.31694,76.367485
2018-12-28 12:00:00,47.05,31.591873,46.888577,81.37066,31.149979,81.81255
2018-12-28 12:15:00,10.01,4.4899945,7.108221,20.824366,4.0480995,21.26626
2018-12-28 12:30:00,7.81,4.3191676,5.7577124,9.371514,3.8772724,9.81341
2018-12-28 12:45:00,7.27,4.112581,4.3204994,9.049566,3.6706855,9.491462
2018-12-28 13:00:00,7.31,4.005486,6.8704405,21.83373,3.5635908,22.275625
2018-12-28 13:15:00,42.55,13.726683,27.288443,55.957966,13.284787,56.39986
2018-12-28 13:30:00,56.12,21.6132,49.368877,76.30752,21.171305,76.74941
2018-12-28 13:45:00,45.0,23.815075,49.26351,78.34052,23.37318,78.78242
2018-12-28 14:00:00,45.22,23.41243,46.78536,62.849064,22.970535,63.29096
2018-12-28 14:15:00,42.62,24.251085,48.466908,84.20231,23.80919,84.6442
2018-12-28 14:30:00,34.2,26.715115,50.752052,86.30707,26.27322,86.74896
2018-12-28 14:45:00,42.8,23.614058,49.932426,74.60336,23.172163,75.04526
2018-12-28 15:00:00,48.02,23.459784,51.413322,83.51549,23.017889,83.95738
2018-12-28 15:15:00,44.6,24.469273,52.571808,78.99054,24.027378,79.432434
2018-12-28 15:30:00,35.78,22.845388,49.3549,69.27956,22.403494,69.72145
2018-12-28 15:45:00,32.62,24.757545,51.4623,86.441635,24.31565,86.88353
2018-12-28 16:00:00,31.39,22.01779,52.12959,85.670105,21.575895,86.112
2018-12-28 16:15:00,30.06,22.659359,53.879093,90.07673,22.217464,90.51862
2018-12-28 16:30:00,30.13,26.773075,58.84109,93.98104,26.33118,94.422935
2018-12-28 16:45:00,23.58,21.435738,53.871662,80.74125,20.993843,81.18314
2018-12-28 17:00:00,8.57,17.659468,50.301,76.77201,17.217573,77.213905
2018-12-28 17:15:00,9.58,34.118366,42.53031,66.32544,33.67647,66.767334
2018-12-28 17:30:00,9.14,29.196667,39.07618,61.214813,28.754772,61.656708
2018-12-28 17:45:00,5.47,20.231213,22.015638,43.051395,19.789318,43.49329
2018-12-28 18:00:00,5.08,15.240593,21.067928,40.307148,14.798697,40.749043
2018-12-28 18:15:00,5.08,23.102444,24.499697,62.203392,22.66055,62.645287
2018-12-28 18:30:00,5.11,22.029463,28.695137,63.99519,21.587568,64.43709
2018-12-28 18:45:00,5.15,21.719477,26.341919,63.465427,21.277582,63.907322
2018-12-28 19:00:00,5.15,22.11586,28.452011,67.616905,21.673965,68.0588
2018-12-28 19:15:00,5.15,23.695904,29.7081,71.502304,23.25401,71.9442
2018-12-28 19:30:00,5.18,25.276228,28.710537,67.69445,24.834333,68.136345
2018-12-28 19:45:00,5.22,23.95043,29.632675,69.98897,23.508535,70.43086
2018-12-28 20:00:00,5.15,22.121565,30.50758,70.126495,21.67967,70.56839
2018-12-28 20:15:00,5.15,13.452764,29.985054,66.258675,13.010868,66.70057
2018-12-28 20:30:00,5.18,12.624349,24.071953,60.66875,12.182453,61.110645
2018-12-28 20:45:00,5.26,5.6942716,9.105022,29.730211,5.2523766,30.172106
2018-12-28 21:00:00,5.18,4.2470226,7.469548,17.057663,3.8051274,17.499557
2018-12-28 21:15:00,5.15,3.6320078,4.56837,14.335873,3.1901126,14.777768
2018-12-28 21:30:00,5.26,3.6361735,4.5036845,11.945858,3.1942782,12.3877535
2018-12-28 21:45:00,5.26,3.6295183,4.52101,10.051185,3.187623,10.49308
2018-12-28 22:00:00,5.22,3.5739586,4.548236,7.6867714,3.1320634,8.128667
2018-12-28 22:15:00,4.97,4.637804,10.777407,13.811331,4.195909,14.253226
2018-12-28 22:30:00,4.97,4.318262,10.838064,16.278513,3.8763669,16.720407
2018-12-28 22:45:00,4.93,4.217181,9.4485855,17.587261,3.775286,18.029156
2018-12-28 23:00:00,5.04,3.9508467,7.8493485,18.10029,3.5089514,18.542185
2018-12-28 23:15:00,4.86,2.548397,4.1512127,6.468101,2.1065018,6.909996
2018-12-28 23:30:00,4.86,2.8137345,4.0530066,5.309321,2.3718393,5.751216
2018-12-28 23:45:00,4.86,2.7860794,4.0245705,4.628156,2.3441842,5.070051
2018-12-29 00:00:00,4.28,2.6799533,3.1066031,5.3026357,2.238058,5.7445307
2018-12-29 00:15:00,4.9,2.703461,3.404806,3.529207,2.2615657,3.9711022
2018-12-29 00:30:00,4.82,2.6987922,3.4558885,4.9516892,2.256897,5.3935843
2018-12-29 00:45:00,3.85,2.6957734,3.4508388,4.308875,2.253878,4.75077
2018-12-29 01:00:00,3.74,2.7094424,3.3486962,5.8247814,2.2675471,6.2666764
2018-12-29 01:15:00,3.82,2.7351897,3.3241072,5.5886245,2.2932944,6.0305195
2018-12-29 01:30:00,3.78,2.6862843,3.4040065,5.2135663,2.244389,5.6554613
2018-12-29 01:45:00,3.67,2.7048504,3.478973,5.5490627,2.2629552,5.9909577
2018-12-29 02:00:00,3.74,2.7332866,3.436975,4.7604637,2.2913914,5.2023587
2018-12-29 02:15:00,3.71,2.6835268,3.4704022,5.5007644,2.2416315,5.9426594
2018-12-29 02:30:00,3.82,2.7365205,3.3483577,5.6217556,2.2946253,6.0636506
2018-12-29 02:45:00,3.78,2.8000228,3.1515126,4.578087,2.3581276,5.019982
2018-12-29 03:00:00,3.71,2.7817333,3.0614877,5.6003575,2.339838,6.0422525
2018-12-29 03:15:00,3.74,2.7724073,3.208117,4.7477107,2.330512,5.1896057
2018-12-29 03:30:00,3.78,2.72565,3.2734203,5.2397447,2.2837548,5.6816397
2018-12-29 03:45:00,3.78,2.754491,3.198423,3.547246,2.3125958,3.9891412
2018-12-29 04:00:00,3.74,2.7293112,3.2013702,3.4545417,2.287416,3.896437
2018-12-29 04:15:00,3.02,2.6999652,3.157034,4.0565395,2.25807,4.4984345
2018-12-29 04:30:00,3.74,2.7211337,3.737114,6.1291256,2.2792385,6.5710206
2018-12-29 04:45:00,3.6,2.7265801,3.507904,6.963302,2.284685,7.405197
2018-12-29 05:00:00,3.06,2.7081375,3.1812294,5.706106,2.2662423,6.148001
2018-12-29 05:15:00,3.02,2.7116778,3.179077,4.111282,2.2697825,4.553177
2018-12-29 05:30:00,3.02,2.6964643,3.1394737,3.9763134,2.254569,4.4182086
2018-12-29 05:45:00,2.99,2.6410449,3.0936587,3.9704056,2.1991496,4.4123006
2018-12-29 06:00:00,3.06,2.6770537,3.0707867,5.3990974,2.2351584,5.8409925
2018-12-29 06:15:00,3.06,2.7176993,3.0531769,5.007477,2.275804,5.449372
2018-12-29 06:30:00,3.67,2.9175808,2.9995074,4.9062057,2.4756856,5.3481007
2018-12-29 06:45:00,3.74,2.8648314,3.019658,4.1218686,2.4229362,4.5637636
2018-12-29 07:00:00,3.71,2.8572993,2.9467564,3.3179011,2.415404,3.7597964
2018-12-29 07:15:00,3.67,2.6741178,2.9727936,3.3540943,2.2322226,3.7959895
2018-12-29 07:30:00,3.38,2.8599737,4.0464807,6.5003185,2.4180784,6.9422135
2018-12-29 07:45:00,3.02,2.8766983,4.10817,7.0385084,2.434803,7.4804034
2018-12-29 08:00:00,2.92,2.947428,3.9578943,7.8752265,2.5055327,8.3171215
2018-12-29 08:15:00,2.95,3.9664226,18.875526,36.716637,3.5245273,37.15853
2018-12-29 08:30:00,3.13,4.818344,28.95841,42.062717,4.376449,42.504612
2018-12-29 08:45:00,3.78,4.9444847,30.891165,46.05135,4.5025897,46.493244
2018-12-29 09:00:00,3.24,4.544317,30.630108,41.922035,4.1024218,42.36393
2018-12-29 09:15:00,3.17,3.9091818,6.132683,19.24586,3.4672866,19.687754
2018-12-29 09:30:00,3.2,3.9417455,6.129746,26.037432,3.4998503,26.479326
2018-12-29 09:45:00,3.31,3.9987216,6.3958955,22.902065,3.5568264,23.34396
2018-12-29 10:00:00,4.03,2.4984472,5.19663,13.028153,2.056552,13.470049
2018-12-29 10:15:00,4.03,2.9429455,5.2340865,19.299435,2.5010502,19.74133
2018-12-29 10:30:00,4.03,3.0791261,5.2682295,10.206914,2.6372309,10.648809
2018-12-29 10:45:00,4.03,3.5020194,5.161594,11.396747,3.0601242,11.838642
2018-12-29 11:00:00,6.19,3.546119,4.344636,12.677362,3.1042237,13.119258
2018-12-29 11:15:00,26.17,2.8644009,4.2940946,16.108402,2.4225056,16.550297
2018-12-29 11:30:00,9.36,3.714702,4.2431808,11.07723,3.2728066,11.519126
2018-12-29 11:45:00,3.64,3.6350963,3.8604748,16.36314,3.193201,16.805035
2018-12-29 12:00:00,4.14,1.3196182,3.2196457,10.869969,0.87772304,11.311865
2018-12-29 12:15:00,3.78,2.7693076,3.2143238,4.46962,2.3274124,4.911515
2018-12-29 12:30:00,3.46,3.2991152,3.3887446,8.589231,2.85722,9.031126
2018-12-29 12:45:00,3.42,3.2525797,3.42345,7.832154,2.8106844,8.274049
2018-12-29 13:00:00,3.42,2.8625624,2.9388452,3.334319,2.4206672,3.7762144
2018-12-29 13:15:00,4.1,2.3657608,3.3994384,14.675033,1.9238656,15.116928
2018-12-29 13:30:00,4.14,3.8041468,4.197184,12.004173,3.3622515,12.446069
2018-12-29 13:45:00,4.07,3.0050235,4.2446876,16.054136,2.5631282,16.49603
2018-12-29 14:00:00,4.03,2.9994974,4.169171,15.899108,2.5576022,16.341003
2018-12-29 14:15:00,3.92,3.8434057,4.040489,16.623367,3.4015105,17.065262
2018-12-29 14:30:00,3.31,3.0537987,4.1133466,10.186501,2.6119034,10.628396
2018-12-29 14:45:00,3.35,3.6179779,4.4485164,15.8564205,3.1760826,16.298315
2018-12-29 15:00:00,3.31,3.6037924,4.45764,19.430895,3.1618972,19.87279
2018-12-29 15:15:00,3.31,3.4654248,4.454614,17.11066,3.0235295,17.552555
2018-12-29 15:30:00,3.31,3.416546,4.265992,16.628357,2.9746509,17.070251
2018-12-29 15:45:00,3.35,3.2764883,3.9827747,7.390037,2.834593,7.831932
2018-12-29 16:00:00,3.49,2.9416564,4.0395136,7.8228254,2.499761,8.264721
2018-12-29 16:15:00,4.1,2.9054136,3.9747844,6.3076115,2.4635184,6.7495065
2018-12-29 16:30:00,3.71,3.0064983,4.9999757,8.879624,2.564603,9.32152
2018-12-29 16:45:00,3.67,2.9000707,5.0974207,13.37804,2.4581754,13.819936
2018-12-29 17:00:00,4.1,2.8562672,3.558854,6.745275,2.414372,7.18717
2018-12-29 17:15:00,4.07,2.8361292,3.4422326,7.7018986,2.394234,8.143794
2018-12-29 17:30:00,4.07,2.8092496,3.8227496,5.2203074,2.3673544,5.6622024
2018-12-29 17:45:00,4.1,2.7080178,4.020489,4.8375115,2.2661226,5.2794065
2018-12-29 18:00:00,3.56,2.7141814,4.1235027,6.2433662,2.2722862,6.6852612
2018-12-29 18:15:00,3.31,2.7700448,3.6762671,4.4935007,2.3281496,4.9353957
2018-12-29 18:30:00,3.24,2.8531554,3.7727432,8.030993,2.4112601,8.472889
2018-12-29 18:45:00,3.35,2.9003918,3.8004084,8.422806,2.4584966,8.864701
2018-12-29 19:00:00,3.31,2.0098178,3.8326468,8.068593,1.5679226,8.5104885
2018-12-29 19:15:00,3.35,2.9387686,3.8275814,6.3374386,2.4968734,6.7793336
2018-12-29 19:30:00,3.35,3.1409876,3.5096362,6.2706766,2.6990924,6.7125716
2018-12-29 19:45:00,3.31,1.0882541,3.7900171,5.730422,0.6463589,6.172317
2018-12-29 20:00:00,3.71,1.0924183,3.7791023,5.694576,0.6505231,6.136471
2018-12-29 20:15:00,4.36,2.07327,3.836516,5.6934066,1.6313748,6.1353016
2018-12-29 20:30:00,4.28,2.0578473,3.5749316,5.247795,1.615952,5.68969
2018-12-29 20:45:00,4.14,2.0716236,3.314022,8.6236515,1.6297283,9.065547
2018-12-29 21:00:00,4.1,2.2167084,3.2962813,11.413378,1.7748132,11.855273
2018-12-29 21:15:00,4.07,1.5725628,3.347656,8.210222,1.1306677,8.652118
2018-12-29 21:30:00,3.85,1.5621115,3.3386562,10.183221,1.1202164,10.625116
2018-12-29 21:45:00,3.46,2.2010667,3.3629744,9.995905,1.7591715,10.4378
2018-12-29 22:00:00,3.31,2.1955035,3.3073504,9.181529,1.7536082,9.623425
2018-12-29 22:15:00,3.13,2.2059534,3.3128479,3.8581643,1.7640581,4.3000593
2018-12-29 22:30:00,3.13,2.1547754,3.2622755,3.3620605,1.7128801,3.8039558
2018-12-29 22:45:00,3.13,2.192229,3.2224815,3.4919374,1.7503338,3.9338326
2018-12-29 23:00:00,3.17,2.1696813,3.1186016,4.2995234,1.7277861,4.7414184
2018-12-29 23:15:00,3.06,2.1888335,2.9890623,4.4809523,1.7469382,4.9228473
2018-12-29 23:30:00,2.99,2.1856477,2.9793649,3.7197204,1.7437525,4.1616154
2018-12-29 23:45:00,3.42,2.1887496,2.9959815,3.361323,1.7468543,3.8032184
2018-12-30 00:00:00,3.1,2.168897,3.4814184,4.882536,1.7270017,5.324431
2018-12-30 00:15:00,3.92,2.1734455,3.1757455,4.1363726,1.7315502,4.5782676
2018-12-30 00:30:00,3.82,2.1766627,3.178557,4.5566473,1.7347674,4.9985423
2018-12-30 00:45:00,3.74,2.1457684,3.3699849,4.2273536,1.7038732,4.6692486
2018-12-30 01:00:00,3.78,1.4794515,3.538969,5.0284905,1.0375564,5.4703856
2018-12-30 01:15:00,3.42,1.459739,3.5716445,4.675781,1.0178437,5.117676
2018-12-30 01:30:00,3.17,2.1753943,3.3158407,4.1963377,1.733499,4.6382327
2018-12-30 01:45:00,3.02,2.1957424,3.2161136,5.0687804,1.7538471,5.5106754
2018-12-30 02:00:00,3.1,2.225886,3.1017556,4.1471786,1.7839909,4.5890737
2018-12-30 02:15:00,3.06,2.226374,3.0774047,4.0089307,1.7844787,4.4508257
2018-12-30 02:30:00,3.1,2.2295573,3.1452532,5.082655,1.787662,5.52455
2018-12-30 02:45:00,3.13,2.2315648,3.0792472,4.9720774,1.7896695,5.4139724
2018-12-30 03:00:00,3.1,2.2215168,3.1076207,4.938776,1.7796216,5.380671
2018-12-30 03:15:00,3.13,2.2147167,3.107441,4.6049023,1.7728214,5.0467973
2018-12-30 03:30:00,3.6,2.1915338,3.1297574,4.113546,1.7496386,4.555441
2018-12-30 03:45:00,4.86,2.1784868,3.1066144,3.3278613,1.7365916,3.7697566
2018-12-30 04:00:00,3.85,2.1695886,3.0904129,3.2651277,1.7276933,3.707023
2018-12-30 04:15:00,3.82,2.89892,3.190215,3.2405255,2.4570248,3.6824207
2018-12-30 04:30:00,3.82,2.1438315,3.1209047,4.69985,1.7019362,5.141745
2018-12-30 04:45:00,3.46,2.9181652,3.6380877,5.6568336,2.47627,6.0987287
2018-12-30 05:00:00,3.17,2.1823049,3.1787255,3.8254814,1.7404096,4.2673764
2018-12-30 05:15:00,3.13,2.2097063,3.2140045,3.3173008,1.7678111,3.759196
2018-12-30 05:30:00,3.1,2.848844,3.2046742,3.2779,2.4069488,3.7197952
2018-12-30 05:45:00,3.1,2.8612914,2.9519415,3.1355624,2.4193962,3.5774577
2018-12-30 06:00:00,3.1,2.8366988,2.9799557,3.4856665,2.3948035,3.9275618
2018-12-30 06:15:00,3.13,2.827093,2.9371715,3.462319,2.3851976,3.9042141
2018-12-30 06:30:00,3.13,2.0653446,3.070397,4.7602367,1.6234493,5.2021317
2018-12-30 06:45:00,3.1,2.0312817,3.1235752,4.942692,1.5893865,5.384587
2018-12-30 07:00:00,3.82,2.0467563,3.0579963,3.3074582,1.604861,3.7493534
2018-12-30 07:15:00,4.36,2.063003,3.021192,3.1926649,1.6211078,3.63456
2018-12-30 07:30:00,4.97,2.8576238,3.1271572,4.3197603,2.4157286,4.7616553
2018-12-30 07:45:00,3.96,2.852936,3.194611,6.1290784,2.4110408,6.5709734
2018-12-30 08:00:00,3.46,2.8122156,3.0395427,7.3831725,2.3703203,7.8250675
2018-12-30 08:15:00,3.06,2.8215237,3.0316095,13.30292,2.3796284,13.744816
2018-12-30 08:30:00,3.06,1.8780398,3.0236592,18.013506,1.4361446,18.4554
2018-12-30 08:45:00,3.17,3.061802,4.336576,23.257933,2.6199067,23.699827
2018-12-30 09:00:00,3.28,2.7524283,6.045133,20.903883,2.310533,21.345778
2018-12-30 09:15:00,3.35,3.116698,4.07302,4.1518764,2.6748028,4.5937715
2018-12-30 09:30:00,3.38,2.8807542,4.2680073,7.9766717,2.438859,8.418567
2018-12-30 09:45:00,3.35,3.021144,4.1346292,8.717192,2.5792487,9.159087
2018-12-30 10:00:00,3.46,2.9099329,2.9738684,5.224001,2.4680376,5.665896
2018-12-30 10:15:00,3.38,2.9759812,3.1274447,4.592236,2.534086,5.034131
2018-12-30 10:30:00,4.0,3.0324633,3.270153,3.787776,2.590568,4.229671
2018-12-30 10:45:00,4.1,2.9253914,3.6614676,4.4397407,2.4834962,4.8816357
2018-12-30 11:00:00,4.1,3.0523736,4.1442976,4.7218895,2.6104784,5.1637845
2018-12-30 11:15:00,4.28,2.5071344,2.9543397,7.814964,2.0652392,8.256859
2018-12-30 11:30:00,4.61,3.5808744,3.857843,5.5233846,3.1389792,5.9652796
2018-12-30 11:45:00,3.56,3.945939,5.5263524,5.5761704,3.5040438,6.0180655
2018-12-30 12:00:00,3.42,4.115716,5.7573853,5.9470387,3.6738207,6.3889337
2018-12-30 12:15:00,3.46,2.8763623,3.6928005,3.900741,2.434467,4.342636
2018-12-30 12:30:00,3.46,2.9753878,3.0435991,6.6539607,2.5334926,7.0958557
2018-12-30 12:45:00,3.31,3.0251873,3.1158361,6.7099485,2.583292,7.1518435
2018-12-30 13:00:00,3.28,2.9995444,3.1258287,3.4280117,2.5576491,3.869907
2018-12-30 13:15:00,3.2,2.9499183,3.5504603,3.5880919,2.508023,4.029987
2018-12-30 13:30:00,3.24,2.9369555,3.0474668,4.4036136,2.4950602,4.8455086
2018-12-30 13:45:00,3.24,3.073444,3.8382344,6.053734,2.6315486,6.495629
2018-12-30 14:00:00,4.03,2.9848473,3.7543483,7.082888,2.542952,7.524783
2018-12-30 14:15:00,4.0,2.1664462,3.9995492,7.1392927,1.724551,7.5811877
2018-12-30 14:30:00,4.03,2.8808079,3.682385,5.681419,2.4389126,6.123314
2018-12-30 14:45:00,4.82,2.7507894,3.7891874,7.2989464,2.3088942,7.7408414
2018-12-30 15:00:00,4.1,2.8820496,3.7323618,8.074295,2.4401543,8.516191
2018-12-30 15:15:00,3.31,2.5490162,6.7365847,9.266158,2.107121,9.708054
2018-12-30 15:30:00,3.24,2.7627435,3.6357994,7.261435,2.3208482,7.70333
2018-12-30 15:45:00,3.24,2.7339685,3.5893092,5.770637,2.2920732,6.212532
2018-12-30 16:00:00,3.35,2.4395492,3.61759,4.7128215,1.997654,5.1547165
2018-12-30 16:15:00,3.31,2.428215,3.3675222,5.2100015,1.9863198,5.6518965
2018-12-30 16:30:00,3.35,2.4981437,3.4702291,5.8548946,2.0562484,6.2967896
2018-12-30 16:45:00,3.24,2.446812,3.2879353,8.052626,2.0049167,8.494521
2018-12-30 17:00:00,3.24,2.6450658,3.2786794,7.595145,2.2031705,8.037041
2018-12-30 17:15:00,3.42,2.4643939,3.275713,8.371572,2.0224986,8.813467
2018-12-30 17:30:00,4.0,2.8951783,3.5542073,7.2762055,2.453283,7.7181005
2018-12-30 17:45:00,4.75,2.940654,4.4977684,9.934404,2.4987588,10.3763
2018-12-30 18:00:00,4.68,2.8462658,4.101486,9.206457,2.4043705,9.648353
2018-12-30 18:15:00,3.89,2.7868397,3.6732998,5.574898,2.3449445,6.016793
2018-12-30 18:30:00,3.53,2.6220438,3.7213602,7.9175525,2.1801486,8.3594475
2018-12-30 18:45:00,3.2,2.4516418,3.4806395,7.1642632,2.0097466,7.6061583
2018-12-30 19:00:00,3.28,2.4937804,3.4324193,6.7256947,2.0518851,7.1675897
2018-12-30 19:15:00,3.24,2.472184,3.4627175,4.685987,2.0302887,5.127882
2018-12-30 19:30:00,3.24,2.4433978,3.4598012,5.0501823,2.0015025,5.4920774
2018-12-30 19:45:00,3.2,2.323765,3.4791312,4.869608,1.8818698,5.311503
2018-12-30 20:00:00,3.24,2.3073895,3.6072578,4.666091,1.8654943,5.107986
2018-12-30 20:15:00,3.31,2.483928,3.7557688,4.5985594,2.0420327,5.0404544
2018-12-30 20:30:00,3.24,2.5837042,3.7518091,3.843962,2.141809,4.285857
2018-12-30 20:45:00,3.78,2.4085462,4.027791,7.5998425,1.966651,8.041738
2018-12-30 21:00:00,4.32,2.722048,4.00501,8.983253,2.2801528,9.425148
2018-12-30 21:15:00,4.07,2.8207595,4.046194,6.2779408,2.3788643,6.7198358
2018-12-30 21:30:00,4.07,2.781582,3.7948878,5.4741344,2.3396869,5.9160295
2018-12-30 21:45:00,4.03,2.735996,3.6110284,5.737309,2.2941008,6.179204
2018-12-30 22:00:00,4.0,2.7311656,3.5441487,4.019823,2.2892704,4.461718
2018-12-30 22:15:00,3.2,2.6995647,3.269488,3.3532262,2.2576694,3.7951214
2018-12-30 22:30:00,2.99,2.6751702,3.2189124,3.3035238,2.233275,3.745419
2018-12-30 22:45:00,3.1,2.705097,3.2232082,3.3565807,2.2632017,3.798476
2018-12-30 23:00:00,3.02,2.6470644,3.1035006,3.9906409,2.2051692,4.432536
2018-12-30 23:15:00,2.95,2.620413,3.4269102,3.4373798,2.1785178,3.879275
2018-12-30 23:30:00,2.99,2.625614,3.4272587,3.475954,2.1837187,3.9178493
2018-12-30 23:45:00,2.92,2.5954669,3.2783382,3.4852126,2.1535716,3.9271078
2018-12-31 00:00:00,3.67,2.7426107,3.3963678,7.0499754,2.3007154,7.4918704
2018-12-31 00:15:00,3.64,2.8233182,3.5709288,5.162685,2.381423,5.60458
2018-12-31 00:30:00,3.31,2.833698,3.8172476,5.3766108,2.3918028,5.818506
2018-12-31 00:45:00,3.49,2.879401,3.3237054,4.7644744,2.4375057,5.2063694
2018-12-31 01:00:00,3.71,2.9148462,3.424289,6.92521,2.472951,7.367105
2018-12-31 01:15:00,3.78,2.8025439,3.4367468,4.7469244,2.3606486,5.1888194
2018-12-31 01:30:00,3.71,2.7276933,3.287908,3.317718,2.285798,3.7596133
2018-12-31 01:45:00,3.67,2.7794602,3.109729,3.302595,2.337565,3.7444901
2018-12-31 02:00:00,3.02,2.7525795,3.2511194,4.1003127,2.3106842,4.5422077
2018-12-31 02:15:00,2.99,2.792446,3.128713,4.4217935,2.3505507,4.8636885
2018-12-31 02:30:00,3.06,2.8057392,2.8806403,4.9298024,2.363844,5.3716974
2018-12-31 02:45:00,3.02,2.8239229,3.073323,4.6977506,2.3820276,5.1396456
2018-12-31 03:00:00,3.06,2.6393936,3.0393317,4.869716,2.1974983,5.311611
2018-12-31 03:15:00,3.02,2.7977126,3.3253644,4.1139293,2.3558173,4.5558243
2018-12-31 03:30:00,3.46,2.7979972,3.472068,4.1036997,2.356102,4.5455947
2018-12-31 03:45:00,3.74,2.7197251,3.7663002,4.8857875,2.27783,5.3276825
2018-12-31 04:00:00,3.06,2.729386,3.1030324,4.8605638,2.2874908,5.302459
2018-12-31 04:15:00,3.74,2.6433718,3.4832473,4.301141,2.2014766,4.743036
2018-12-31 04:30:00,3.74,2.7969944,3.561932,6.2970066,2.3550992,6.7389016
2018-12-31 04:45:00,3.78,2.5938382,3.3909037,4.0300665,2.151943,4.4719615
2018-12-31 05:00:00,3.78,2.5506074,3.0843797,3.2794216,2.1087122,3.7213168
2018-12-31 05:15:00,3.56,2.5279825,2.9028583,3.203384,2.0860872,3.6452792
2018-12-31 05:30:00,2.99,2.4378903,2.9179418,3.3348978,1.995995,3.776793
2018-12-31 05:45:00,3.02,2.5236616,2.5430212,3.2263515,2.0817664,3.6682467
2018-12-31 06:00:00,2.95,2.5930433,2.726996,3.4034123,2.151148,3.8453076
2018-12-31 06:15:00,3.02,2.510293,2.772761,3.3093226,2.0683978,3.7512178
2018-12-31 06:30:00,2.99,2.735576,2.824826,4.1243653,2.2936807,4.5662603
2018-12-31 06:45:00,3.02,2.7507918,2.964205,3.8642397,2.3088965,4.3061347
2018-12-31 07:00:00,3.74,2.7417166,3.3147771,3.409148,2.2998214,3.8510432
2018-12-31 07:15:00,3.17,2.7190435,3.3387358,3.3646934,2.2771482,3.8065886
2018-12-31 07:30:00,2.95,2.6118717,3.6225066,6.346535,2.1699765,6.78843
2018-12-31 07:45:00,3.56,2.4260511,3.997335,8.496947,1.9841559,8.938843
2018-12-31 08:00:00,3.64,3.1122553,4.157041,10.341308,2.67036,10.783203
2018-12-31 08:15:00,3.6,6.0222898,16.60524,34.68968,5.5803947,35.131573
2018-12-31 08:30:00,3.74,19.228876,34.74219,66.38777,18.786982,66.829666
2018-12-31 08:45:00,3.74,24.647064,49.046448,83.45458,24.20517,83.89648
2018-12-31 09:00:00,3.06,24.168707,45.30028,76.6039,23.726812,77.04579
2018-12-31 09:15:00,3.17,9.77815,22.341846,63.541363,9.336254,63.983257
2018-12-31 09:30:00,3.13,8.456362,19.878752,52.992928,8.014466,53.434822
2018-12-31 09:45:00,3.17,8.35936,21.557539,49.638557,7.9174647,50.080452
2018-12-31 10:00:00,3.24,7.5884123,7.890979,47.932102,7.1465173,48.373997
2018-12-31 10:15:00,3.2,5.6270175,5.6318965,22.75703,5.1851225,23.198925
2018-12-31 10:30:00,4.03,5.233985,6.1990256,39.641575,4.79209,40.08347
2018-12-31 10:45:00,3.67,5.755675,6.3973455,42.229477,5.31378,42.67137
2018-12-31 11:00:00,3.35,6.185126,6.4482436,42.571686,5.743231,43.01358
2018-12-31 11:15:00,3.35,4.0352535,6.8586173,32.476776,3.5933583,32.91867
2018-12-31 11:30:00,3.82,3.9816256,6.41596,44.113735,3.5397303,44.55563
2018-12-31 11:45:00,4.0,6.294954,6.5059257,33.4633,5.853059,33.905193
2018-12-31 12:00:00,4.07,4.5805535,6.1783876,42.389725,4.1386585,42.83162
2018-12-31 12:15:00,4.03,2.9812434,3.392037,4.6796675,2.5393481,5.1215625
2018-12-31 12:30:00,4.1,2.9455307,3.722063,6.517215,2.5036354,6.95911
2018-12-31 12:45:00,3.35,2.928683,3.9303656,6.013835,2.4867878,6.45573
2018-12-31 13:00:00,3.35,2.9374964,3.772921,3.9644322,2.4956012,4.4063272
2018-12-31 13:15:00,3.35,3.8495455,4.400925,26.477505,3.4076502,26.9194
2018-12-31 13:30:00,3.31,5.1777716,6.5311046,38.54581,4.7358766,38.987705
2018-12-31 13:45:00,3.31,5.277518,5.4227376,24.932783,4.835623,25.374678
2018-12-31 14:00:00,3.35,5.910099,5.946142,26.12301,5.468204,26.564905
2018-12-31 14:15:00,3.35,5.7229066,5.8490796,22.814127,5.2810116,23.256021
2018-12-31 14:30:00,3.56,6.1331763,6.6852818,38.49613,5.6912813,38.938026
2018-12-31 14:45:00,4.07,6.07444,6.126686,28.692034,5.632545,29.133928
2018-12-31 15:00:00,3.53,6.0977225,6.2164965,29.252485,5.6558275,29.69438
2018-12-31 15:15:00,3.42,6.3580937,7.628422,26.9405,5.9161987,27.382395
2018-12-31 15:30:00,4.07,6.3767204,7.680926,27.364172,5.9348254,27.806067
2018-12-31 15:45:00,4.07,6.3800907,7.43041,39.499866,5.9381957,39.94176
2018-12-31 16:00:00,4.03,6.182636,6.183597,39.21304,5.740741,39.654934
2018-12-31 16:15:00,4.07,5.017408,6.503699,37.748875,4.575513,38.19077
2018-12-31 16:30:00,3.92,3.6749983,6.3313484,34.587334,3.233103,35.02923
2018-12-31 16:45:00,3.31,6.065526,6.244169,24.357323,5.623631,24.799217
2018-12-31 17:00:00,3.31,5.4547095,6.3383284,30.47245,5.0128145,30.914345
2018-12-31 17:15:00,3.35,4.8732557,5.4996204,28.100086,4.4313607,28.54198
2018-12-31 17:30:00,3.31,4.4830756,4.895301,30.445877,4.0411806,30.887772
2018-12-31 17:45:00,3.46,2.8700104,4.0247436,17.903187,2.4281151,18.345081
2018-12-31 18:00:00,3.42,3.1440997,4.394687,21.733154,2.7022045,22.175049
2018-12-31 18:15:00,3.35,5.321236,8.027765,30.274092,4.879341,30.715986
2018-12-31 18:30:00,3.82,3.5009863,7.6004786,34.350384,3.059091,34.79228
2018-12-31 18:45:00,4.14,3.4777615,8.7830515,33.787983,3.0358663,34.229877
2018-12-31 19:00:00,3.49,3.4552348,9.758009,29.6035,3.0133395,30.045395
2018-12-31 19:15:00,3.96,3.7681353,9.527167,31.470476,3.32624,31.91237
2018-12-31 19:30:00,4.14,3.7586367,9.412816,30.678802,3.3167415,31.120697
2018-12-31 19:45:00,4.21,4.126841,11.563708,33.419163,3.6849458,33.861057
2018-12-31 20:00:00,4.14,4.1620097,13.989114,33.228905,3.7201145,33.6708
2018-12-31 20:15:00,4.18,4.153331,10.610049,31.257742,3.7114356,31.699636
2018-12-31 20:30:00,3.38,3.47798,5.4038243,26.683252,3.0360847,27.125147
2018-12-31 20:45:00,3.42,3.5012095,5.6233735,19.070599,3.0593143,19.512493
2018-12-31 21:00:00,3.42,3.315797,3.412724,20.224903,2.8739018,20.666798
2018-12-31 21:15:00,3.42,3.3273046,3.4804997,13.823514,2.8854094,14.265409
2018-12-31 21:30:00,3.49,3.259102,3.554198,13.129349,2.8172069,13.571244
2018-12-31 21:45:00,3.42,3.0731885,3.2632701,13.641855,2.6312933,14.083751
2018-12-31 22:00:00,3.42,3.0061123,3.2308362,14.295155,2.564217,14.73705
2018-12-31 22:15:00,3.24,3.1169708,3.270781,5.832454,2.6750755,6.274349
2018-12-31 22:30:00,3.67,2.7724519,3.1234705,3.2710514,2.3305566,3.7129467
2018-12-31 22:45:00,3.82,3.119646,3.4512172,3.6583393,2.6777508,4.1002345
2018-12-31 23:00:00,3.85,3.1224134,3.3444736,4.4980035,2.6805182,4.9398985
2018-12-31 23:15:00,3.74,3.0895474,3.2937052,4.0703826,2.6476521,4.5122776
2018-12-31 23:30:00,3.78,3.1274345,3.2266543,4.021816,2.6855392,4.463711
2018-12-31 23:45:00,3.78,2.9038484,3.3026588,3.6883192,2.4619532,4.130214
